subject_name,stim_type,task_type,resp_category,resp_confidence,resp_correct,stim_orientation,stim_reliability,stim_category,stim_phase,block_number,stim_frequency,stim_reliability_level,r
1,audio,Task B ,2,4,1,0,0.00019,2,186.4576551,0,-1.645984609,3,8
1,audio,Task B ,2,2,1,0,0.00041,2,68.54786327,0,0.704674604,4,6
1,audio,Task B ,1,3,1,0,0.00019,1,287.8641154,0,0.436797256,3,2
1,audio,Task B ,1,2,1,0,9.00E-05,1,191.3306219,0,0.469199076,2,3
1,audio,Task B ,2,3,1,0,4.00E-05,2,28.70895001,0,-1.172650661,1,7
1,audio,Task B ,2,3,1,0,4.00E-05,2,332.660967,0,-1.643462977,1,7
2,audio,Task B ,2,1,1,0,9.00E-05,2,177.4289684,0,1.416288813,2,5
2,audio,Task B ,2,1,1,0,0.00019,2,22.60660968,0,-2.421307759,3,5
2,audio,Task B ,2,1,0,0,4.00E-05,1,210.9589701,0,0.005300781,1,5
2,audio,Task B ,1,2,0,0,0.00041,2,349.4900883,0,-0.04668471,4,3
2,audio,Task B ,2,3,1,0,0.00041,2,197.1792988,0,-3.096736193,4,7
2,audio,Task B ,1,2,1,0,0.00041,1,293.0864696,0,0.361810323,4,3
3,audio,Task B ,1,3,1,0,4.00E-05,1,149.8989634,0,-0.332030586,1,2
3,audio,Task B ,2,4,1,0,0.00041,2,302.3203777,0,1.764953773,4,8
3,audio,Task B ,1,3,0,0,9.00E-05,2,115.2665834,0,0.048304452,2,2
3,audio,Task B ,2,4,1,0,0.00019,2,201.5023284,0,1.514532987,3,8
3,audio,Task B ,1,3,1,0,0.00019,1,183.9800622,0,0.102127072,3,2
3,audio,Task B ,2,3,1,0,0.00019,2,132.5529053,0,1.762597336,3,7
4,audio,Task B ,1,1,1,0,4.00E-05,1,359.2481534,0,0.219771555,1,4
4,audio,Task B ,1,1,0,0,4.00E-05,2,241.9187751,0,1.940273128,1,4
4,audio,Task B ,1,1,0,0,9.00E-05,2,282.6576629,0,0.276678136,2,4
4,audio,Task B ,1,2,1,0,0.00019,1,97.09033291,0,0.261312801,3,3
4,audio,Task B ,1,2,1,0,9.00E-05,1,228.0188526,0,0.446080394,2,3
4,audio,Task B ,1,2,0,0,9.00E-05,2,10.52177099,0,-0.982228544,2,3
5,audio,Task B ,2,1,0,0,4.00E-05,1,35.01907986,0,-0.382011248,1,5
5,audio,Task B ,2,1,1,0,9.00E-05,2,350.4641129,0,-0.090415218,2,5
5,audio,Task B ,2,3,0,0,0.00041,1,123.3533207,0,-0.252975229,4,7
5,audio,Task B ,2,2,1,0,4.00E-05,2,288.6308394,0,-2.572962671,1,6
5,audio,Task B ,1,2,1,0,0.00019,1,292.436475,0,-0.115236203,3,3
5,audio,Task B ,1,3,1,0,0.00019,1,283.4539944,0,0.397579816,3,2
6,audio,Task B ,2,2,1,0,4.00E-05,2,192.5903026,0,-0.5778359,1,6
6,audio,Task B ,2,3,0,0,9.00E-05,1,311.1984994,0,0.238047018,2,7
6,audio,Task B ,2,3,1,0,0.00019,2,272.0224764,0,-0.393181916,3,7
6,audio,Task B ,1,3,1,0,0.00041,1,104.3439742,0,0.045474091,4,2
6,audio,Task B ,2,3,0,0,0.00041,1,240.1085067,0,0.205707906,4,7
6,audio,Task B ,1,2,1,0,9.00E-05,1,40.30697248,0,0.485898289,2,3
7,audio,Task B ,1,1,1,0,9.00E-05,1,73.68531896,0,-0.255063707,2,4
7,audio,Task B ,1,1,0,0,4.00E-05,2,206.5085663,0,1.527464564,1,4
7,audio,Task B ,1,1,0,0,0.00019,2,4.75049631,0,0.195352573,3,4
7,audio,Task B ,1,1,1,0,4.00E-05,1,92.69243938,0,0.064508277,1,4
7,audio,Task B ,1,4,1,0,0.00019,1,235.3564872,0,0.323415025,3,1
7,audio,Task B ,1,4,1,0,0.00041,1,201.7211531,0,-0.311496157,4,1
8,audio,Task B ,1,1,0,0,9.00E-05,2,332.3916131,0,-0.291045821,2,4
8,audio,Task B ,1,1,0,0,4.00E-05,2,17.7073273,0,-1.090247108,1,4
8,audio,Task B ,2,4,1,0,0.00041,2,34.8786048,0,1.321516871,4,8
8,audio,Task B ,1,1,1,0,4.00E-05,1,166.1375762,0,-0.601180473,1,4
8,audio,Task B ,1,1,1,0,4.00E-05,1,245.7287812,0,0.247562783,1,4
8,audio,Task B ,1,1,0,0,9.00E-05,2,45.79941394,0,2.731850425,2,4
9,audio,Task B ,1,1,0,0,9.00E-05,2,27.2884009,0,-1.203454795,2,4
9,audio,Task B ,1,1,1,0,9.00E-05,1,312.6419062,0,-0.266262713,2,4
9,audio,Task B ,1,2,1,0,0.00041,1,96.05646199,0,-0.124980048,4,3
9,audio,Task B ,1,1,0,0,9.00E-05,2,101.6967958,0,1.439373735,2,4
9,audio,Task B ,1,2,1,0,0.00041,1,113.0952908,0,0.281897922,4,3
9,audio,Task B ,1,1,0,0,0.00041,2,357.3779002,0,-1.150476842,4,4
10,audio,Task B ,1,1,1,0,9.00E-05,1,42.97345238,0,0.20802466,2,4
10,audio,Task B ,1,1,1,0,9.00E-05,1,164.86685,0,-0.236336723,2,4
10,audio,Task B ,1,1,0,0,0.00041,2,318.1698315,0,0.568212525,4,4
10,audio,Task B ,1,1,1,0,0.00019,1,166.3380137,0,-0.104925057,3,4
10,audio,Task B ,1,1,0,0,4.00E-05,2,129.4905362,0,-1.317866033,1,4
10,audio,Task B ,1,1,0,0,0.00041,2,186.134905,0,-0.740006014,4,4
1,audio,Task B ,2,3,1,0,4.00E-05,2,329.6592968,0,-1.824826313,1,7
1,audio,Task B ,1,2,1,0,0.00041,1,25.15300135,0,-0.132225633,4,3
1,audio,Task B ,1,2,0,0,9.00E-05,2,192.6948001,0,1.506165091,2,3
1,audio,Task B ,2,1,1,0,4.00E-05,2,38.74422703,0,-2.103816515,1,5
1,audio,Task B ,1,2,0,0,0.00019,2,291.0769307,0,0.390568069,3,3
1,audio,Task B ,1,2,0,0,0.00041,2,327.4976722,0,-0.417500793,4,3
2,audio,Task B ,2,1,0,0,0.00019,1,141.7524968,0,0.155301331,3,5
2,audio,Task B ,2,1,0,0,0.00041,1,146.5305989,0,1.029207316,4,5
2,audio,Task B ,1,3,1,0,0.00019,1,315.0447871,0,0.030253063,3,2
2,audio,Task B ,1,1,0,0,0.00019,2,3.635158692,0,-1.632758523,3,4
2,audio,Task B ,1,1,0,0,4.00E-05,2,132.6556528,0,1.134327237,1,4
2,audio,Task B ,1,2,1,0,4.00E-05,1,293.2827751,0,-0.115576709,1,3
3,audio,Task B ,1,3,1,0,0.00041,1,354.5090037,0,-0.097829984,4,2
3,audio,Task B ,1,3,1,0,4.00E-05,1,340.6289837,0,-0.301889864,1,2
3,audio,Task B ,1,3,1,0,4.00E-05,1,174.298485,0,0.019659661,1,2
3,audio,Task B ,1,3,0,0,0.00041,2,18.9669769,0,-0.163876489,4,2
3,audio,Task B ,2,4,0,0,4.00E-05,1,290.9499777,0,-0.560343138,1,8
3,audio,Task B ,1,4,1,0,0.00019,1,0.596548848,0,0.210372996,3,1
4,audio,Task B ,1,1,1,0,0.00019,1,117.5419727,0,-0.341244059,3,4
4,audio,Task B ,1,3,1,0,0.00041,1,232.5131804,0,0.456767325,4,2
4,audio,Task B ,1,1,0,0,4.00E-05,2,62.61798146,0,0.770227767,1,4
4,audio,Task B ,1,3,1,0,0.00041,1,259.9406197,0,0.667250599,4,2
4,audio,Task B ,1,1,1,0,4.00E-05,1,150.3401411,0,-0.188853356,1,4
4,audio,Task B ,1,1,1,0,9.00E-05,1,210.6991596,0,0.456514555,2,4
5,audio,Task B ,1,3,0,0,0.00041,2,333.5466919,0,-0.596205591,4,2
5,audio,Task B ,1,4,1,0,0.00019,1,63.69853342,0,-0.072978891,3,1
5,audio,Task B ,1,3,1,0,9.00E-05,1,1.687493753,0,-0.086110927,2,2
5,audio,Task B ,2,1,1,0,4.00E-05,2,14.26495824,0,0.929369374,1,5
5,audio,Task B ,1,4,1,0,0.00019,1,112.0304076,0,0.121067603,3,1
5,audio,Task B ,2,1,0,0,0.00041,1,27.77645334,0,0.085152838,4,5
6,audio,Task B ,1,3,1,0,4.00E-05,1,86.97780954,0,-0.07632306,1,2
6,audio,Task B ,1,3,1,0,0.00019,1,8.576943622,0,-0.015346632,3,2
6,audio,Task B ,2,3,1,0,9.00E-05,2,262.0703612,0,0.16477822,2,7
6,audio,Task B ,1,3,0,0,4.00E-05,2,170.0603574,0,-1.617220411,1,2
6,audio,Task B ,2,3,1,0,0.00041,2,230.4578069,0,1.357111758,4,7
6,audio,Task B ,2,3,0,0,4.00E-05,1,332.026987,0,0.456700104,1,7
7,audio,Task B ,2,4,1,0,0.00019,2,172.5214069,0,0.468892979,3,8
7,audio,Task B ,1,1,0,0,9.00E-05,2,280.7007086,0,-0.485135594,2,4
7,audio,Task B ,1,1,0,0,0.00019,2,205.8389884,0,-0.507113745,3,4
7,audio,Task B ,1,1,0,0,0.00019,2,56.63601357,0,-2.752736087,3,4
7,audio,Task B ,1,1,0,0,0.00019,2,127.5905661,0,0.897725916,3,4
7,audio,Task B ,1,1,0,0,4.00E-05,2,136.1229127,0,0.131489666,1,4
8,audio,Task B ,1,1,1,0,9.00E-05,1,132.0318619,0,0.115082191,2,4
8,audio,Task B ,2,1,1,0,0.00041,2,12.9486376,0,-0.221021083,4,5
8,audio,Task B ,1,1,0,0,0.00019,2,190.5320328,0,-1.51736159,3,4
8,audio,Task B ,1,1,1,0,0.00041,1,341.2718794,0,-0.804477127,4,4
8,audio,Task B ,1,1,0,0,4.00E-05,2,131.2618418,0,-0.918009388,1,4
8,audio,Task B ,1,1,0,0,9.00E-05,2,78.72117372,0,1.374811824,2,4
9,audio,Task B ,1,1,1,0,9.00E-05,1,79.30412576,0,-0.254503303,2,4
9,audio,Task B ,1,1,0,0,0.00019,2,307.0043212,0,-0.164483952,3,4
9,audio,Task B ,1,1,0,0,0.00019,2,25.09468002,0,-0.383524126,3,4
9,audio,Task B ,1,4,1,0,4.00E-05,1,306.6970827,0,0.378678044,1,1
9,audio,Task B ,1,1,0,0,9.00E-05,2,26.81763603,0,-0.603662239,2,4
9,audio,Task B ,1,4,1,0,0.00041,1,211.8061927,0,0.311534245,4,1
10,audio,Task B ,2,1,0,0,0.00041,1,63.32043381,0,0.488075737,4,5
10,audio,Task B ,1,1,0,0,4.00E-05,2,343.450842,0,-2.087732807,1,4
10,audio,Task B ,2,1,1,0,0.00041,2,357.5703344,0,-0.625485001,4,5
10,audio,Task B ,2,1,1,0,0.00041,2,174.0134187,0,1.227037943,4,5
10,audio,Task B ,2,2,0,0,9.00E-05,1,119.9379022,0,0.101984158,2,6
10,audio,Task B ,1,1,1,0,0.00019,1,90.24209494,0,-0.103124586,3,4
1,audio,Task B ,2,3,1,0,4.00E-05,2,86.69294941,0,-0.784876531,1,7
1,audio,Task B ,2,1,0,0,0.00019,1,351.9246018,0,0.954044108,3,5
1,audio,Task B ,1,2,1,0,0.00041,1,76.92053673,0,0.310507761,4,3
1,audio,Task B ,1,2,1,0,0.00041,1,47.28644866,0,0.095207169,4,3
1,audio,Task B ,1,3,1,0,9.00E-05,1,61.19211866,0,0.16718356,2,2
1,audio,Task B ,1,1,0,0,4.00E-05,2,280.9624571,0,-0.015784826,1,4
2,audio,Task B ,2,1,1,0,4.00E-05,2,34.80064813,0,-0.919729601,1,5
2,audio,Task B ,1,2,0,0,0.00019,2,243.1879672,0,0.268832403,3,3
2,audio,Task B ,2,1,1,0,4.00E-05,2,182.065766,0,-0.905293319,1,5
2,audio,Task B ,1,1,0,0,4.00E-05,2,76.54941883,0,-1.19967523,1,4
2,audio,Task B ,2,1,1,0,0.00019,2,284.8564546,0,-0.444363223,3,5
2,audio,Task B ,1,1,0,0,9.00E-05,2,71.44014318,0,0.35788497,2,4
3,audio,Task B ,1,2,1,0,4.00E-05,1,333.1656169,0,0.502183906,1,3
3,audio,Task B ,1,4,1,0,0.00019,1,54.35264575,0,0.179080323,3,1
3,audio,Task B ,1,2,1,0,4.00E-05,1,215.2924258,0,-0.167924066,1,3
3,audio,Task B ,1,2,1,0,9.00E-05,1,27.50916717,0,-0.421259114,2,3
3,audio,Task B ,2,1,1,0,4.00E-05,2,62.472824,0,-0.756621353,1,5
3,audio,Task B ,2,2,0,0,4.00E-05,1,165.3324967,0,0.610740717,1,6
4,audio,Task B ,1,3,1,0,0.00019,1,115.5583725,0,0.001004807,3,2
4,audio,Task B ,1,1,1,0,4.00E-05,1,245.0536817,0,0.469227864,1,4
4,audio,Task B ,1,1,1,0,4.00E-05,1,287.4802175,0,0.466297077,1,4
4,audio,Task B ,1,3,1,0,0.00041,1,228.7082412,0,0.045012136,4,2
4,audio,Task B ,1,3,0,0,0.00019,2,281.176229,0,1.115561208,3,2
4,audio,Task B ,1,1,1,0,4.00E-05,1,169.3793284,0,0.149019006,1,4
5,audio,Task B ,1,3,0,0,0.00041,2,290.7751754,0,0.789258885,4,2
5,audio,Task B ,2,4,0,0,0.00041,1,226.2519975,0,-0.275567076,4,8
5,audio,Task B ,2,2,1,0,0.00019,2,331.0368218,0,-0.706236022,3,6
5,audio,Task B ,1,3,1,0,0.00019,1,226.1676327,0,0.074603317,3,2
5,audio,Task B ,2,4,1,0,0.00041,2,7.546840467,0,-0.944387623,4,8
5,audio,Task B ,2,1,0,0,9.00E-05,1,94.28085085,0,-0.097603661,2,5
6,audio,Task B ,1,3,1,0,0.00041,1,294.495912,0,0.862095639,4,2
6,audio,Task B ,2,3,0,0,0.00041,1,193.4837747,0,0.324880404,4,7
6,audio,Task B ,2,3,1,0,9.00E-05,2,145.7467219,0,0.077641045,2,7
6,audio,Task B ,2,3,1,0,4.00E-05,2,0.558128844,0,1.280170528,1,7
6,audio,Task B ,2,3,0,0,0.00041,1,23.05939281,0,0.108650057,4,7
6,audio,Task B ,2,3,0,0,0.00019,1,42.13787101,0,-0.517530652,3,7
7,audio,Task B ,1,4,1,0,0.00041,1,70.94687154,0,-0.367300842,4,1
7,audio,Task B ,1,2,1,0,0.00041,1,289.1132477,0,-0.464616444,4,3
7,audio,Task B ,1,1,0,0,4.00E-05,2,77.28075033,0,1.605850153,1,4
7,audio,Task B ,1,4,1,0,4.00E-05,1,204.5605808,0,0.102512505,1,1
7,audio,Task B ,1,4,0,0,9.00E-05,2,149.7411052,0,1.22615435,2,1
7,audio,Task B ,1,4,1,0,0.00019,1,25.97701973,0,-0.342377203,3,1
8,audio,Task B ,1,1,0,0,0.00019,2,299.8102682,0,-0.954480743,3,4
8,audio,Task B ,1,1,1,0,9.00E-05,1,5.232355501,0,-0.242532643,2,4
8,audio,Task B ,2,1,0,0,0.00041,1,248.519687,0,0.34487981,4,5
8,audio,Task B ,2,2,1,0,0.00019,2,4.51243296,0,0.646313455,3,6
8,audio,Task B ,1,1,1,0,0.00019,1,272.7788356,0,-0.50321861,3,4
8,audio,Task B ,1,1,0,0,9.00E-05,2,96.49775593,0,0.659488361,2,4
9,audio,Task B ,1,1,0,0,4.00E-05,2,272.2149783,0,-1.129907953,1,4
9,audio,Task B ,1,1,0,0,9.00E-05,2,259.349471,0,-1.542630889,2,4
9,audio,Task B ,1,1,0,0,9.00E-05,2,132.8081141,0,1.527872485,2,4
9,audio,Task B ,1,1,1,0,9.00E-05,1,145.8400196,0,0.130360514,2,4
9,audio,Task B ,2,4,1,0,0.00041,2,262.9809179,0,2.687405907,4,8
9,audio,Task B ,1,1,0,0,0.00019,2,107.8180785,0,-1.144897309,3,4
10,audio,Task B ,1,1,1,0,9.00E-05,1,291.6198743,0,0.641409108,2,4
10,audio,Task B ,2,1,1,0,4.00E-05,2,252.2334408,0,-0.366820458,1,5
10,audio,Task B ,1,1,0,0,4.00E-05,2,13.26374474,0,1.362664611,1,4
10,audio,Task B ,1,1,1,0,9.00E-05,1,90.65339522,0,-0.101187067,2,4
10,audio,Task B ,1,1,1,0,4.00E-05,1,1.67069483,0,-0.26861936,1,4
10,audio,Task B ,2,2,1,0,0.00041,2,236.9716986,0,-0.400987869,4,6
1,audio,Task B ,2,2,1,0,9.00E-05,2,355.1625191,0,1.129695122,2,6
1,audio,Task B ,1,3,1,0,4.00E-05,1,84.23762799,0,-0.144343698,1,2
1,audio,Task B ,2,3,1,0,4.00E-05,2,235.6581794,0,-0.585696805,1,7
1,audio,Task B ,1,2,1,0,9.00E-05,1,33.2036615,0,0.408950346,2,3
1,audio,Task B ,2,4,1,0,9.00E-05,2,89.55262303,0,-1.790078778,2,8
1,audio,Task B ,1,2,1,0,4.00E-05,1,100.7286695,0,0.293039698,1,3
2,audio,Task B ,2,1,1,0,0.00019,2,241.1353301,0,-0.025790961,3,5
2,audio,Task B ,1,2,0,0,0.00019,2,336.0814969,0,1.304275999,3,3
2,audio,Task B ,1,1,1,0,4.00E-05,1,23.44009215,0,-0.239728593,1,4
2,audio,Task B ,1,2,0,0,9.00E-05,2,190.6542831,0,0.222531015,2,3
2,audio,Task B ,1,3,1,0,0.00019,1,269.9679015,0,-0.083864296,3,2
2,audio,Task B ,1,2,0,0,0.00041,2,166.9142048,0,0.010544959,4,3
3,audio,Task B ,2,4,1,0,0.00019,2,306.2741127,0,2.248031338,3,8
3,audio,Task B ,1,1,0,0,4.00E-05,2,103.3528135,0,-0.671298547,1,4
3,audio,Task B ,1,3,1,0,4.00E-05,1,175.6012921,0,0.357429383,1,2
3,audio,Task B ,2,4,1,0,0.00019,2,16.81725284,0,-1.700194108,3,8
3,audio,Task B ,2,2,0,0,9.00E-05,1,154.6767457,0,0.438870704,2,6
3,audio,Task B ,1,2,0,0,0.00019,2,140.8015165,0,0.603093019,3,3
4,audio,Task B ,2,2,1,0,0.00041,2,170.6290153,0,2.06861913,4,6
4,audio,Task B ,1,2,1,0,0.00041,1,174.8113215,0,0.213884598,4,3
4,audio,Task B ,1,1,0,0,9.00E-05,2,73.40202847,0,0.125950844,2,4
4,audio,Task B ,1,1,0,0,4.00E-05,2,276.931116,0,-0.545317767,1,4
4,audio,Task B ,1,3,1,0,0.00041,1,255.3593644,0,0.144125734,4,2
4,audio,Task B ,1,3,1,0,0.00019,1,254.971243,0,0.099085102,3,2
5,audio,Task B ,1,3,1,0,0.00041,1,178.4943046,0,0.12169492,4,2
5,audio,Task B ,1,4,1,0,0.00041,1,221.0952473,0,0.198578366,4,1
5,audio,Task B ,2,3,1,0,0.00041,2,219.4383825,0,2.32178282,4,7
5,audio,Task B ,2,2,1,0,0.00041,2,85.57632081,0,-0.940507667,4,6
5,audio,Task B ,2,4,1,0,0.00019,2,98.17751977,0,-2.960091614,3,8
5,audio,Task B ,2,4,1,0,0.00041,2,119.4479452,0,2.829512409,4,8
6,audio,Task B ,1,3,0,0,0.00019,2,337.4767851,0,-1.379247893,3,2
6,audio,Task B ,2,3,1,0,0.00041,2,10.20138703,0,-0.264865468,4,7
6,audio,Task B ,1,2,0,0,0.00019,2,156.0500426,0,-0.729832847,3,3
6,audio,Task B ,2,2,1,0,9.00E-05,2,270.3714851,0,-1.354419998,2,6
6,audio,Task B ,1,2,0,0,4.00E-05,2,12.13297716,0,1.890152905,1,3
6,audio,Task B ,2,3,1,0,0.00019,2,143.7454934,0,-0.935917051,3,7
7,audio,Task B ,1,1,1,0,4.00E-05,1,107.9103553,0,-0.353292347,1,4
7,audio,Task B ,1,1,1,0,9.00E-05,1,348.0492874,0,0.230950657,2,4
7,audio,Task B ,1,1,1,0,4.00E-05,1,191.2109972,0,-0.453080147,1,4
7,audio,Task B ,1,1,1,0,0.00041,1,133.0619592,0,3.22E-06,4,4
7,audio,Task B ,1,1,0,0,4.00E-05,2,199.8846072,0,-0.062648355,1,4
7,audio,Task B ,1,4,1,0,9.00E-05,1,80.4496936,0,0.193157974,2,1
8,audio,Task B ,1,2,0,0,0.00041,2,24.76487511,0,-1.396277671,4,3
8,audio,Task B ,1,1,1,0,9.00E-05,1,186.1808757,0,-0.207011494,2,4
8,audio,Task B ,2,1,0,0,4.00E-05,1,343.7141308,0,0.208433651,1,5
8,audio,Task B ,1,1,1,0,9.00E-05,1,321.5547442,0,0.308414532,2,4
8,audio,Task B ,1,1,0,0,0.00019,2,179.0601029,0,-1.019820465,3,4
8,audio,Task B ,1,2,1,0,0.00019,1,125.2725066,0,0.518825961,3,3
9,audio,Task B ,1,1,1,0,0.00019,1,330.6270988,0,-0.243595481,3,4
9,audio,Task B ,2,4,1,0,0.00041,2,25.30695009,0,1.126486244,4,8
9,audio,Task B ,1,1,1,0,0.00019,1,214.4553325,0,-0.186646189,3,4
9,audio,Task B ,1,1,0,0,4.00E-05,2,312.9595873,0,2.120773333,1,4
9,audio,Task B ,1,1,1,0,0.00019,1,70.33078134,0,-0.72726833,3,4
9,audio,Task B ,1,1,1,0,9.00E-05,1,150.2795712,0,-0.359386765,2,4
10,audio,Task B ,1,1,1,0,9.00E-05,1,344.9601563,0,-0.215111886,2,4
10,audio,Task B ,1,1,0,0,9.00E-05,2,126.7195017,0,0.007228949,2,4
10,audio,Task B ,2,1,0,0,0.00041,1,274.725001,0,0.206870044,4,5
10,audio,Task B ,1,1,1,0,0.00019,1,124.0374547,0,0.060377661,3,4
10,audio,Task B ,1,2,1,0,0.00019,1,138.5812668,0,-0.349542037,3,3
10,audio,Task B ,1,1,1,0,4.00E-05,1,106.1311978,0,-0.034423123,1,4
1,audio,Task B ,2,3,1,0,4.00E-05,2,53.13720407,0,-2.586986708,1,7
1,audio,Task B ,1,2,1,0,0.00019,1,36.54282888,0,-0.049102949,3,3
1,audio,Task B ,2,4,1,0,0.00041,2,109.7722742,0,-1.0843339,4,8
1,audio,Task B ,2,1,1,0,9.00E-05,2,16.34885549,0,-0.471559959,2,5
1,audio,Task B ,1,2,1,0,0.00019,1,114.5228057,0,0.251761359,3,3
1,audio,Task B ,1,2,0,0,9.00E-05,2,348.1987365,0,0.89550691,2,3
2,audio,Task B ,2,1,1,0,0.00019,2,26.49982536,0,-0.969041705,3,5
2,audio,Task B ,2,1,0,0,0.00041,1,89.98792724,0,-0.327093049,4,5
2,audio,Task B ,1,3,0,0,4.00E-05,2,290.2120527,0,0.373569496,1,2
2,audio,Task B ,1,1,0,0,4.00E-05,2,224.415097,0,-0.932018602,1,4
2,audio,Task B ,2,2,0,0,0.00041,1,126.3202374,0,-0.195716796,4,6
2,audio,Task B ,1,2,1,0,4.00E-05,1,126.2821522,0,0.7807372,1,3
3,audio,Task B ,2,4,1,0,9.00E-05,2,70.83671944,0,-1.864632551,2,8
3,audio,Task B ,2,4,1,0,0.00041,2,6.919552583,0,-0.642317153,4,8
3,audio,Task B ,1,1,1,0,9.00E-05,1,255.2848362,0,-0.499313488,2,4
3,audio,Task B ,2,2,0,0,9.00E-05,1,104.3504518,0,0.731040142,2,6
3,audio,Task B ,1,3,1,0,9.00E-05,1,127.6816569,0,0.006268615,2,2
3,audio,Task B ,2,2,1,0,0.00019,2,136.6595221,0,-1.007580285,3,6
4,audio,Task B ,1,1,0,0,4.00E-05,2,96.40913806,0,-1.60609958,1,4
4,audio,Task B ,1,3,0,0,0.00019,2,171.6245368,0,0.140573017,3,2
4,audio,Task B ,1,2,1,0,9.00E-05,1,333.5849354,0,0.216165167,2,3
4,audio,Task B ,1,1,0,0,4.00E-05,2,100.5554234,0,-0.057452628,1,4
4,audio,Task B ,1,3,1,0,0.00019,1,302.9112244,0,0.171968329,3,2
4,audio,Task B ,1,1,0,0,4.00E-05,2,327.0153007,0,1.278354294,1,4
5,audio,Task B ,2,4,0,0,9.00E-05,1,203.4557729,0,0.621891042,2,8
5,audio,Task B ,1,1,0,0,4.00E-05,2,169.0610787,0,1.420066731,1,4
5,audio,Task B ,1,3,0,0,0.00041,2,133.7326265,0,0.095793998,4,2
5,audio,Task B ,2,4,0,0,0.00041,1,49.95904952,0,-0.337045807,4,8
5,audio,Task B ,2,1,0,0,9.00E-05,1,297.4874859,0,0.089084185,2,5
5,audio,Task B ,2,4,1,0,0.00041,2,26.65206465,0,2.455125476,4,8
6,audio,Task B ,1,2,0,0,9.00E-05,2,131.1759697,0,-1.497835438,2,3
6,audio,Task B ,1,3,1,0,0.00019,1,257.317311,0,-0.841766891,3,2
6,audio,Task B ,1,3,1,0,9.00E-05,1,173.2889488,0,-0.560127495,2,2
6,audio,Task B ,1,3,1,0,0.00041,1,116.4318331,0,-0.010635406,4,2
6,audio,Task B ,1,2,0,0,9.00E-05,2,95.99765468,0,1.541764804,2,3
6,audio,Task B ,1,2,0,0,9.00E-05,2,202.2100775,0,1.868503898,2,3
7,audio,Task B ,2,4,1,0,0.00019,2,297.0875609,0,-0.926878407,3,8
7,audio,Task B ,2,4,0,0,0.00041,1,93.93429542,0,0.47349376,4,8
7,audio,Task B ,1,1,0,0,0.00019,2,359.0255189,0,-2.456710564,3,4
7,audio,Task B ,1,1,1,0,4.00E-05,1,163.1829782,0,0.038144264,1,4
7,audio,Task B ,1,4,1,0,0.00041,1,242.2199862,0,0.125911085,4,1
7,audio,Task B ,1,1,1,0,4.00E-05,1,131.0181039,0,0.059810516,1,4
8,audio,Task B ,2,4,0,0,0.00041,1,116.9293796,0,0.12047232,4,8
8,audio,Task B ,2,1,0,0,0.00019,1,298.6396309,0,-0.169613191,3,5
8,audio,Task B ,1,1,1,0,9.00E-05,1,224.7151291,0,-0.040439041,2,4
8,audio,Task B ,2,2,1,0,0.00019,2,149.0570427,0,0.617929558,3,6
8,audio,Task B ,1,1,0,0,4.00E-05,2,292.8700408,0,0.271432033,1,4
8,audio,Task B ,2,4,0,0,0.00041,1,123.6517297,0,0.23635341,4,8
9,audio,Task B ,1,1,0,0,9.00E-05,2,21.48077968,0,-1.975272865,2,4
9,audio,Task B ,2,4,1,0,0.00019,2,59.86290221,0,2.239263694,3,8
9,audio,Task B ,2,1,1,0,4.00E-05,2,160.4568098,0,0.56682557,1,5
9,audio,Task B ,1,1,1,0,4.00E-05,1,318.2646843,0,0.106253127,1,4
9,audio,Task B ,2,1,0,0,9.00E-05,1,233.4864925,0,-0.285474703,2,5
9,audio,Task B ,2,1,0,0,9.00E-05,1,232.5310988,0,0.154680576,2,5
10,audio,Task B ,1,1,1,0,0.00041,1,247.6777234,0,0.189179364,4,4
10,audio,Task B ,1,1,0,0,4.00E-05,2,41.10078089,0,-0.275092218,1,4
10,audio,Task B ,1,2,1,0,0.00041,1,333.6606637,0,0.605210849,4,3
10,audio,Task B ,1,1,1,0,9.00E-05,1,239.8663389,0,0.071645904,2,4
10,audio,Task B ,2,2,1,0,9.00E-05,2,321.1919522,0,0.535656798,2,6
10,audio,Task B ,1,1,0,0,0.00019,2,8.639782035,0,-0.003353676,3,4
1,audio,Task B ,1,2,1,0,0.00041,1,177.4301497,0,0.265973576,4,3
1,audio,Task B ,1,2,0,0,0.00041,2,310.4445806,0,0.483179521,4,3
1,audio,Task B ,2,4,1,0,9.00E-05,2,175.0716715,0,-2.407709735,2,8
1,audio,Task B ,2,2,1,0,9.00E-05,2,109.5242607,0,-0.40033412,2,6
1,audio,Task B ,2,1,0,0,4.00E-05,1,322.2083917,0,-0.365958899,1,5
1,audio,Task B ,2,4,1,0,0.00019,2,310.2851409,0,2.328859217,3,8
2,audio,Task B ,2,2,0,0,4.00E-05,1,123.3604498,0,0.127668681,1,6
2,audio,Task B ,2,2,0,0,9.00E-05,1,101.1219925,0,0.616119696,2,6
2,audio,Task B ,2,4,1,0,0.00019,2,92.26705253,0,1.210678294,3,8
2,audio,Task B ,1,2,1,0,9.00E-05,1,177.3764041,0,-0.522458959,2,3
2,audio,Task B ,1,2,0,0,0.00041,2,330.5578619,0,1.503526888,4,3
2,audio,Task B ,2,2,1,0,0.00041,2,336.1678191,0,-0.865100056,4,6
3,audio,Task B ,1,1,1,0,0.00019,1,224.4842769,0,-0.45639386,3,4
3,audio,Task B ,2,4,0,0,9.00E-05,1,145.034532,0,-0.368428022,2,8
3,audio,Task B ,2,1,1,0,4.00E-05,2,187.9958086,0,-1.930034767,1,5
3,audio,Task B ,1,1,0,0,4.00E-05,2,287.1560202,0,-0.693257779,1,4
3,audio,Task B ,2,4,1,0,0.00019,2,271.2981724,0,1.598600493,3,8
3,audio,Task B ,2,1,1,0,0.00041,2,250.2658079,0,1.281294426,4,5
4,audio,Task B ,1,4,1,0,0.00041,1,224.6587279,0,0.001061455,4,1
4,audio,Task B ,2,4,1,0,0.00019,2,312.1341107,0,1.94674764,3,8
4,audio,Task B ,1,1,0,0,4.00E-05,2,66.89482203,0,0.094938616,1,4
4,audio,Task B ,2,2,1,0,9.00E-05,2,144.2456522,0,0.717827638,2,6
4,audio,Task B ,2,2,1,0,9.00E-05,2,14.0196542,0,-0.984629736,2,6
4,audio,Task B ,1,1,1,0,0.00019,1,293.4815966,0,-0.198554999,3,4
5,audio,Task B ,2,1,0,0,9.00E-05,1,78.17504205,0,0.450845158,2,5
5,audio,Task B ,1,1,1,0,9.00E-05,1,172.6899665,0,-0.323614086,2,4
5,audio,Task B ,1,4,1,0,0.00041,1,178.1547919,0,-0.09009192,4,1
5,audio,Task B ,1,1,1,0,9.00E-05,1,180.3241555,0,0.471970365,2,4
5,audio,Task B ,1,1,0,0,9.00E-05,2,307.0057182,0,0.383478251,2,4
5,audio,Task B ,1,2,1,0,0.00019,1,13.7252932,0,0.406352488,3,3
6,audio,Task B ,2,2,0,0,9.00E-05,1,275.1983886,0,0.449907342,2,6
6,audio,Task B ,2,3,1,0,0.00041,2,69.48690039,0,-1.113694562,4,7
6,audio,Task B ,1,3,0,0,0.00019,2,249.0182249,0,-0.248264964,3,2
6,audio,Task B ,1,2,1,0,9.00E-05,1,125.1974953,0,-0.352549864,2,3
6,audio,Task B ,1,3,1,0,9.00E-05,1,213.5542172,0,0.196366849,2,2
6,audio,Task B ,1,2,0,0,0.00019,2,26.78120439,0,-0.156165989,3,3
7,audio,Task B ,1,1,1,0,4.00E-05,1,75.5080637,0,-0.411463276,1,4
7,audio,Task B ,1,4,1,0,0.00019,1,168.4850615,0,-0.312453177,3,1
7,audio,Task B ,1,1,1,0,9.00E-05,1,207.0417653,0,-0.176893831,2,4
7,audio,Task B ,1,4,0,0,4.00E-05,2,153.1407422,0,1.710196964,1,1
7,audio,Task B ,1,1,0,0,4.00E-05,2,196.1289178,0,-4.865120637,1,4
7,audio,Task B ,1,4,0,0,0.00019,2,273.4941277,0,-0.764710909,3,1
8,audio,Task B ,1,4,0,0,0.00019,2,248.2274702,0,-0.428404189,3,1
8,audio,Task B ,1,1,0,0,4.00E-05,2,198.6416198,0,0.864077606,1,4
8,audio,Task B ,1,1,0,0,0.00019,2,185.4238382,0,-1.336996795,3,4
8,audio,Task B ,2,3,1,0,0.00041,2,169.5328762,0,0.771792793,4,7
8,audio,Task B ,2,3,1,0,0.00041,2,329.1886857,0,1.429816029,4,7
8,audio,Task B ,2,1,1,0,9.00E-05,2,168.9406374,0,-0.920548998,2,5
9,audio,Task B ,2,3,0,0,0.00019,1,92.22909392,0,0.506481789,3,7
9,audio,Task B ,2,1,1,0,4.00E-05,2,318.5625121,0,0.141155692,1,5
9,audio,Task B ,1,1,1,0,0.00019,1,148.4397381,0,0.526676402,3,4
9,audio,Task B ,1,1,0,0,4.00E-05,2,40.58864116,0,-0.011602111,1,4
9,audio,Task B ,1,1,1,0,9.00E-05,1,126.1021153,0,-0.861380575,2,4
9,audio,Task B ,1,4,0,0,0.00041,2,241.9519346,0,-0.312768231,4,1
10,audio,Task B ,1,1,1,0,4.00E-05,1,301.640062,0,-0.378144807,1,4
10,audio,Task B ,1,1,0,0,9.00E-05,2,114.1920741,0,1.046723383,2,4
10,audio,Task B ,2,2,0,0,0.00041,1,188.3915274,0,0.050349021,4,6
10,audio,Task B ,2,1,1,0,0.00041,2,26.49068934,0,-0.644845765,4,5
10,audio,Task B ,2,2,1,0,0.00041,2,240.6848011,0,1.345936887,4,6
10,audio,Task B ,1,1,1,0,4.00E-05,1,87.73832881,0,-0.026280503,1,4
1,audio,Task B ,1,3,0,0,4.00E-05,2,109.6812574,0,0.326821028,1,2
1,audio,Task B ,2,4,1,0,4.00E-05,2,186.2132826,0,-1.728428634,1,8
1,audio,Task B ,2,4,1,0,0.00019,2,286.1225619,0,1.726879621,3,8
1,audio,Task B ,1,2,1,0,4.00E-05,1,347.2567448,0,0.390309437,1,3
1,audio,Task B ,1,2,1,0,9.00E-05,1,347.9937943,0,-0.069521223,2,3
1,audio,Task B ,1,1,1,0,4.00E-05,1,206.5732203,0,0.08762593,1,4
2,audio,Task B ,2,1,0,0,0.00041,1,98.8520644,0,-0.063785401,4,5
2,audio,Task B ,1,1,0,0,4.00E-05,2,95.18043888,0,-1.828703823,1,4
2,audio,Task B ,2,2,1,0,0.00041,2,347.3099389,0,-1.0829572,4,6
2,audio,Task B ,1,2,1,0,9.00E-05,1,33.89047332,0,0.546914761,2,3
2,audio,Task B ,1,2,1,0,9.00E-05,1,295.4343213,0,-0.084203063,2,3
2,audio,Task B ,1,2,1,0,0.00041,1,7.545087656,0,0.00210361,4,3
3,audio,Task B ,2,4,0,0,9.00E-05,1,178.8544211,0,0.086766079,2,8
3,audio,Task B ,1,1,0,0,4.00E-05,2,188.9425344,0,2.22331702,1,4
3,audio,Task B ,2,4,1,0,0.00019,2,126.702291,0,1.102173472,3,8
3,audio,Task B ,1,2,1,0,9.00E-05,1,119.0942993,0,0.105798259,2,3
3,audio,Task B ,2,2,0,0,0.00019,1,211.9576501,0,0.656757434,3,6
3,audio,Task B ,2,4,0,0,0.00019,1,82.00454919,0,-0.318981073,3,8
4,audio,Task B ,2,3,1,0,0.00019,2,325.3042424,0,-1.869384441,3,7
4,audio,Task B ,1,1,0,0,9.00E-05,2,285.3900922,0,-0.416666838,2,4
4,audio,Task B ,2,4,1,0,0.00041,2,28.78942502,0,2.809571751,4,8
4,audio,Task B ,1,1,1,0,4.00E-05,1,136.7827817,0,-0.26837361,1,4
4,audio,Task B ,1,3,1,0,9.00E-05,1,132.1508618,0,-0.207786983,2,2
4,audio,Task B ,2,3,1,0,0.00019,2,116.7463065,0,1.020904741,3,7
5,audio,Task B ,2,4,0,0,0.00041,1,323.141833,0,-0.808510864,4,8
5,audio,Task B ,1,1,1,0,4.00E-05,1,359.6199338,0,-0.35286418,1,4
5,audio,Task B ,2,2,0,0,9.00E-05,1,287.5550354,0,-0.314289338,2,6
5,audio,Task B ,2,2,0,0,0.00019,1,210.9324154,0,0.680843678,3,6
5,audio,Task B ,1,3,0,0,0.00019,2,85.90416668,0,-0.632534638,3,2
5,audio,Task B ,1,3,1,0,0.00041,1,274.4886281,0,-0.120694784,4,2
6,audio,Task B ,2,2,0,0,4.00E-05,1,232.5919264,0,-0.253216485,1,6
6,audio,Task B ,1,2,0,0,0.00041,2,44.25763807,0,1.196982069,4,3
6,audio,Task B ,1,3,1,0,9.00E-05,1,240.7769884,0,0.629467343,2,2
6,audio,Task B ,1,3,0,0,0.00041,2,198.8299652,0,-0.766652748,4,2
6,audio,Task B ,2,3,1,0,0.00041,2,42.73583701,0,-0.635922637,4,7
6,audio,Task B ,2,3,1,0,4.00E-05,2,75.4997988,0,0.665553902,1,7
7,audio,Task B ,1,1,0,0,0.00041,2,275.4367209,0,-1.699397715,4,4
7,audio,Task B ,1,1,1,0,4.00E-05,1,140.0654017,0,-0.453380741,1,4
7,audio,Task B ,1,1,0,0,9.00E-05,2,36.19651494,0,-0.127040337,2,4
7,audio,Task B ,1,1,1,0,4.00E-05,1,219.6124608,0,0.279786739,1,4
7,audio,Task B ,2,4,1,0,0.00041,2,119.2572696,0,-1.553675186,4,8
7,audio,Task B ,1,1,1,0,9.00E-05,1,147.5661498,0,-0.220543128,2,4
8,audio,Task B ,2,4,0,0,0.00019,1,268.6465664,0,0.30038624,3,8
8,audio,Task B ,1,2,1,0,0.00041,1,349.9422941,0,-0.118587029,4,3
8,audio,Task B ,2,1,1,0,4.00E-05,2,163.7062788,0,0.980825466,1,5
8,audio,Task B ,1,1,1,0,4.00E-05,1,144.973156,0,-0.303772135,1,4
8,audio,Task B ,1,3,1,0,0.00019,1,95.40519341,0,-0.359409375,3,2
8,audio,Task B ,2,1,0,0,9.00E-05,1,68.14177534,0,-0.118140126,2,5
9,audio,Task B ,2,3,0,0,0.00041,1,56.79298595,0,0.436930484,4,7
9,audio,Task B ,1,1,0,0,9.00E-05,2,206.7179205,0,1.392779211,2,4
9,audio,Task B ,1,4,1,0,0.00041,1,111.121421,0,-0.484116892,4,1
9,audio,Task B ,2,3,0,0,9.00E-05,1,26.80359778,0,0.287924753,2,7
9,audio,Task B ,1,1,0,0,0.00019,2,277.5272582,0,-0.347074729,3,4
9,audio,Task B ,2,3,0,0,0.00041,1,61.52457083,0,0.0990821,4,7
10,audio,Task B ,1,2,1,0,0.00041,1,176.1530192,0,0.044580029,4,3
10,audio,Task B ,2,2,1,0,0.00041,2,279.5659705,0,-0.711347313,4,6
10,audio,Task B ,1,1,0,0,9.00E-05,2,104.6092392,0,-0.167144623,2,4
10,audio,Task B ,1,1,1,0,4.00E-05,1,88.23423522,0,-0.365174704,1,4
10,audio,Task B ,1,2,1,0,0.00041,1,216.4532973,0,0.128728589,4,3
10,audio,Task B ,2,1,0,0,0.00019,1,202.6367541,0,-0.101382796,3,5
1,audio,Task B ,1,3,1,0,0.00041,1,271.4023073,0,0.172142871,4,2
1,audio,Task B ,2,3,0,0,4.00E-05,1,180.5910624,0,0.405566013,1,7
1,audio,Task B ,2,4,1,0,0.00019,2,126.1042844,0,-0.787503072,3,8
1,audio,Task B ,1,2,0,0,0.00019,2,87.95595647,0,0.411320372,3,3
1,audio,Task B ,2,2,0,0,9.00E-05,1,237.7595192,0,-0.272016915,2,6
1,audio,Task B ,1,2,0,0,0.00041,2,66.44569328,0,0.63410477,4,3
2,audio,Task B ,1,2,0,0,0.00041,2,331.7498714,0,0.388765333,4,3
2,audio,Task B ,2,1,0,0,0.00019,1,168.2771727,0,-0.002987492,3,5
2,audio,Task B ,1,3,1,0,9.00E-05,1,248.5728395,0,0.005273483,2,2
2,audio,Task B ,1,2,1,0,0.00019,1,343.5133995,0,-0.178541897,3,3
2,audio,Task B ,1,2,1,0,4.00E-05,1,330.2446024,0,0.130021164,1,3
2,audio,Task B ,2,2,1,0,0.00019,2,336.6938454,0,-1.55643377,3,6
3,audio,Task B ,1,3,1,0,0.00019,1,156.3084876,0,-0.200683465,3,2
3,audio,Task B ,1,1,0,0,0.00041,2,54.89172097,0,0.666040107,4,4
3,audio,Task B ,2,4,1,0,0.00019,2,91.09006988,0,2.277263998,3,8
3,audio,Task B ,1,2,1,0,4.00E-05,1,13.89573561,0,-0.181409136,1,3
3,audio,Task B ,2,2,0,0,0.00019,1,68.98294966,0,-0.37788658,3,6
3,audio,Task B ,2,2,1,0,9.00E-05,2,199.3673172,0,-0.913336228,2,6
4,audio,Task B ,1,1,0,0,9.00E-05,2,236.5523959,0,-2.240430588,2,4
4,audio,Task B ,2,1,1,0,0.00041,2,316.7392137,0,2.90696636,4,5
4,audio,Task B ,2,3,1,0,0.00019,2,56.15847961,0,-0.489409713,3,7
4,audio,Task B ,1,1,1,0,9.00E-05,1,151.1125283,0,0.14635821,2,4
4,audio,Task B ,1,3,1,0,9.00E-05,1,127.6650861,0,-0.337263323,2,2
4,audio,Task B ,1,3,0,0,0.00019,2,55.63215449,0,0.664005842,3,2
5,audio,Task B ,2,4,1,0,0.00041,2,32.78248592,0,1.606191265,4,8
5,audio,Task B ,1,3,1,0,0.00041,1,143.2649194,0,-0.270111087,4,2
5,audio,Task B ,2,4,1,0,0.00019,2,70.05873721,0,0.354443089,3,8
5,audio,Task B ,1,1,1,0,4.00E-05,1,225.505115,0,-0.008986855,1,4
5,audio,Task B ,2,1,0,0,4.00E-05,1,85.30178724,0,0.266071935,1,5
5,audio,Task B ,1,2,1,0,0.00019,1,304.968254,0,-0.184320824,3,3
6,audio,Task B ,2,3,1,0,0.00019,2,76.6113971,0,-0.639261362,3,7
6,audio,Task B ,2,3,1,0,0.00019,2,48.46664615,0,-0.804160191,3,7
6,audio,Task B ,2,3,0,0,9.00E-05,1,68.78721696,0,-0.169770652,2,7
6,audio,Task B ,2,3,0,0,4.00E-05,1,168.3919137,0,0.002752005,1,7
6,audio,Task B ,2,4,1,0,4.00E-05,2,352.0488045,0,0.098535301,1,8
6,audio,Task B ,1,2,0,0,4.00E-05,2,181.7752592,0,-0.786359514,1,3
7,audio,Task B ,1,1,1,0,9.00E-05,1,248.5103162,0,0.00674882,2,4
7,audio,Task B ,1,4,0,0,0.00019,2,286.1973599,0,0.488937545,3,1
7,audio,Task B ,1,4,0,0,9.00E-05,2,296.3450215,0,0.266668035,2,1
7,audio,Task B ,1,1,0,0,4.00E-05,2,72.37694459,0,-2.470756679,1,4
7,audio,Task B ,2,4,0,0,0.00019,1,297.862883,0,-0.261465091,3,8
7,audio,Task B ,1,1,0,0,9.00E-05,2,62.51403006,0,-0.936637976,2,4
8,audio,Task B ,2,1,1,0,9.00E-05,2,286.1833857,0,-1.89855932,2,5
8,audio,Task B ,2,1,1,0,4.00E-05,2,16.55280551,0,-1.688734463,1,5
8,audio,Task B ,2,3,0,0,0.00041,1,46.85220782,0,0.33740889,4,7
8,audio,Task B ,1,1,1,0,4.00E-05,1,1.215197176,0,-0.214207827,1,4
8,audio,Task B ,1,2,0,0,4.00E-05,2,143.7472189,0,0.912159125,1,3
8,audio,Task B ,2,4,1,0,0.00041,2,85.69100332,0,0.331249695,4,8
9,audio,Task B ,2,1,1,0,9.00E-05,2,285.9040913,0,-1.644968523,2,5
9,audio,Task B ,1,1,0,0,0.00019,2,266.5272089,0,-0.398455058,3,4
9,audio,Task B ,1,3,1,0,0.00041,1,238.1617367,0,-0.113521897,4,2
9,audio,Task B ,1,1,0,0,0.00019,2,328.5426739,0,1.45072356,3,4
9,audio,Task B ,1,1,1,0,0.00019,1,337.5629718,0,0.405189041,3,4
9,audio,Task B ,1,4,0,0,0.00041,2,53.45089462,0,0.188112829,4,1
10,audio,Task B ,2,1,1,0,0.00041,2,293.7160453,0,1.779793352,4,5
10,audio,Task B ,1,1,1,0,9.00E-05,1,35.3357237,0,-0.180447809,2,4
10,audio,Task B ,1,1,0,0,9.00E-05,2,123.6729943,0,-0.542490518,2,4
10,audio,Task B ,2,1,1,0,9.00E-05,2,29.98085012,0,1.604399979,2,5
10,audio,Task B ,1,1,1,0,4.00E-05,1,281.49315,0,-0.084811248,1,4
10,audio,Task B ,2,2,0,0,0.00019,1,24.22814316,0,-0.275370432,3,6
1,audio,Task B ,1,2,1,0,9.00E-05,1,118.3705344,0,0.161581341,2,3
1,audio,Task B ,2,2,1,0,4.00E-05,2,11.4356032,0,-0.939390459,1,6
1,audio,Task B ,1,1,1,0,4.00E-05,1,259.8722085,0,-0.185550248,1,4
1,audio,Task B ,1,2,1,0,0.00041,1,68.99467792,0,0.112517904,4,3
1,audio,Task B ,2,4,1,0,0.00041,2,52.50624904,0,-1.725511888,4,8
1,audio,Task B ,2,4,0,0,4.00E-05,1,114.6511334,0,-0.970394613,1,8
2,audio,Task B ,1,3,1,0,0.00041,1,139.7977813,0,0.166750427,4,2
2,audio,Task B ,2,2,0,0,0.00019,1,211.3909032,0,-0.147088437,3,6
2,audio,Task B ,1,2,0,0,0.00019,2,314.3828948,0,1.166577199,3,3
2,audio,Task B ,1,3,1,0,0.00041,1,334.1790704,0,0.054740733,4,2
2,audio,Task B ,2,2,1,0,0.00019,2,187.1888119,0,0.075232457,3,6
2,audio,Task B ,1,1,1,0,4.00E-05,1,309.5539385,0,0.237797508,1,4
3,audio,Task B ,2,3,1,0,9.00E-05,2,258.4456364,0,-0.996866728,2,7
3,audio,Task B ,2,4,1,0,0.00041,2,177.0021429,0,-1.675396019,4,8
3,audio,Task B ,1,2,1,0,0.00041,1,222.1649172,0,-0.044728464,4,3
3,audio,Task B ,2,2,1,0,0.00019,2,140.5326419,0,0.237799865,3,6
3,audio,Task B ,1,2,0,0,0.00041,2,323.0878041,0,0.316363922,4,3
3,audio,Task B ,1,2,1,0,9.00E-05,1,351.430256,0,0.193873115,2,3
4,audio,Task B ,2,4,1,0,0.00019,2,209.2297394,0,-2.781622433,3,8
4,audio,Task B ,1,1,0,0,9.00E-05,2,71.32591778,0,-0.831608959,2,4
4,audio,Task B ,1,1,1,0,4.00E-05,1,192.9235643,0,0.407214086,1,4
4,audio,Task B ,1,3,1,0,0.00041,1,183.460454,0,-0.503066667,4,2
4,audio,Task B ,2,1,1,0,4.00E-05,2,337.6854935,0,-1.456677205,1,5
4,audio,Task B ,1,3,0,0,0.00019,2,325.6039359,0,-0.551893095,3,2
5,audio,Task B ,1,1,0,0,4.00E-05,2,193.8743428,0,-1.236240552,1,4
5,audio,Task B ,1,2,1,0,4.00E-05,1,183.3916838,0,0.175624478,1,3
5,audio,Task B ,2,4,0,0,9.00E-05,1,257.3179067,0,1.142122942,2,8
5,audio,Task B ,1,1,1,0,9.00E-05,1,131.7842213,0,-0.396865197,2,4
5,audio,Task B ,1,3,1,0,0.00019,1,80.34525342,0,-0.120300488,3,2
5,audio,Task B ,2,4,0,0,0.00041,1,229.8387699,0,0.861934257,4,8
6,audio,Task B ,1,3,1,0,9.00E-05,1,266.4963743,0,0.608015456,2,2
6,audio,Task B ,2,2,0,0,9.00E-05,1,32.96557524,0,0.607598022,2,6
6,audio,Task B ,2,3,1,0,9.00E-05,2,316.2525941,0,1.490061651,2,7
6,audio,Task B ,2,3,1,0,9.00E-05,2,3.866436861,0,1.311821931,2,7
6,audio,Task B ,1,2,1,0,0.00019,1,280.6395523,0,0.574650889,3,3
6,audio,Task B ,1,2,0,0,9.00E-05,2,146.4899647,0,-0.742697499,2,3
7,audio,Task B ,1,1,1,0,4.00E-05,1,150.365677,0,0.520270122,1,4
7,audio,Task B ,1,1,0,0,0.00041,2,58.5516214,0,-0.486772861,4,4
7,audio,Task B ,1,1,1,0,9.00E-05,1,138.444796,0,-0.537306969,2,4
7,audio,Task B ,1,4,0,0,4.00E-05,2,250.8556119,0,-0.384732298,1,1
7,audio,Task B ,1,1,1,0,0.00041,1,234.8338291,0,-0.041247806,4,4
7,audio,Task B ,1,1,1,0,4.00E-05,1,239.3694868,0,0.324030931,1,4
8,audio,Task B ,2,4,1,0,0.00019,2,101.6873355,0,1.471409762,3,8
8,audio,Task B ,1,1,0,0,4.00E-05,2,86.58528617,0,-2.27435621,1,4
8,audio,Task B ,1,3,0,0,0.00041,2,302.6616492,0,0.457103176,4,2
8,audio,Task B ,1,3,0,0,0.00019,2,310.977582,0,-0.043518106,3,2
8,audio,Task B ,2,1,0,0,9.00E-05,1,61.86092747,0,0.036923151,2,5
8,audio,Task B ,2,2,1,0,0.00019,2,101.7527751,0,0.979302374,3,6
9,audio,Task B ,2,3,0,0,0.00019,1,139.6388034,0,0.674248985,3,7
9,audio,Task B ,1,4,1,0,0.00041,1,14.12007953,0,0.131911442,4,1
9,audio,Task B ,2,1,1,0,0.00019,2,325.8125758,0,3.10961075,3,5
9,audio,Task B ,1,4,0,0,9.00E-05,2,75.50975822,0,-0.575508716,2,1
9,audio,Task B ,1,1,1,0,4.00E-05,1,278.7680342,0,0.077822548,1,4
9,audio,Task B ,1,1,1,0,9.00E-05,1,186.5377761,0,-0.291040154,2,4
10,audio,Task B ,2,1,0,0,4.00E-05,1,45.27198062,0,-0.031116717,1,5
10,audio,Task B ,2,2,0,0,0.00041,1,57.84210483,0,0.464195924,4,6
10,audio,Task B ,2,2,0,0,4.00E-05,1,314.2874111,0,0.087001733,1,6
10,audio,Task B ,1,1,1,0,9.00E-05,1,111.6780297,0,-0.513736476,2,4
10,audio,Task B ,1,1,0,0,9.00E-05,2,106.4516307,0,-0.373016165,2,4
10,audio,Task B ,1,1,1,0,0.00041,1,9.39144547,0,-0.414703532,4,4
1,audio,Task B ,1,1,1,0,4.00E-05,1,241.3506243,0,-0.274997986,1,4
1,audio,Task B ,1,3,1,0,0.00041,1,297.9329561,0,0.237627167,4,2
1,audio,Task B ,2,2,1,0,0.00019,2,116.4075571,0,-0.531806947,3,6
1,audio,Task B ,2,3,1,0,0.00041,2,339.0031039,0,1.300164788,4,7
1,audio,Task B ,1,2,1,0,9.00E-05,1,183.8436659,0,0.435469652,2,3
1,audio,Task B ,2,2,1,0,0.00019,2,179.757547,0,-0.023651119,3,6
2,audio,Task B ,1,1,1,0,9.00E-05,1,114.1402164,0,-0.17556206,2,4
2,audio,Task B ,2,2,1,0,0.00041,2,266.5423991,0,1.653467111,4,6
2,audio,Task B ,2,3,1,0,0.00019,2,290.0616099,0,0.282017417,3,7
2,audio,Task B ,1,2,0,0,9.00E-05,2,65.61351616,0,0.323393103,2,3
2,audio,Task B ,1,1,0,0,9.00E-05,2,240.8527834,0,-1.226739255,2,4
2,audio,Task B ,1,2,1,0,0.00019,1,53.20968919,0,-0.191187082,3,3
3,audio,Task B ,1,3,1,0,9.00E-05,1,136.8205424,0,0.404596646,2,2
3,audio,Task B ,2,3,0,0,0.00019,1,87.02294384,0,-0.293017269,3,7
3,audio,Task B ,1,2,1,0,0.00041,1,232.1981273,0,-0.21646132,4,3
3,audio,Task B ,1,4,0,0,9.00E-05,2,110.7315185,0,0.241272408,2,1
3,audio,Task B ,1,3,1,0,9.00E-05,1,42.22483687,0,0.392146749,2,2
3,audio,Task B ,2,4,1,0,4.00E-05,2,186.3062939,0,-1.932108382,1,8
4,audio,Task B ,1,1,1,0,4.00E-05,1,228.1150475,0,-0.475752594,1,4
4,audio,Task B ,1,2,1,0,9.00E-05,1,327.8018294,0,0.537106144,2,3
4,audio,Task B ,1,1,1,0,4.00E-05,1,166.4791799,0,-0.011578168,1,4
4,audio,Task B ,1,2,0,0,9.00E-05,2,255.5251484,0,-0.735341845,2,3
4,audio,Task B ,1,1,1,0,4.00E-05,1,359.9080492,0,0.293803699,1,4
4,audio,Task B ,2,4,1,0,0.00041,2,22.24452571,0,-2.968098495,4,8
5,audio,Task B ,1,1,1,0,4.00E-05,1,269.8715511,0,-0.768769903,1,4
5,audio,Task B ,1,3,0,0,0.00019,2,293.0981321,0,0.02390179,3,2
5,audio,Task B ,1,4,1,0,0.00041,1,345.9833414,0,-0.187138333,4,1
5,audio,Task B ,1,3,1,0,0.00019,1,340.7769367,0,-0.527089683,3,2
5,audio,Task B ,2,4,1,0,0.00041,2,110.5424145,0,1.554170851,4,8
5,audio,Task B ,2,4,1,0,0.00019,2,6.53476079,0,0.503064045,3,8
6,audio,Task B ,1,2,1,0,4.00E-05,1,259.845545,0,0.247716096,1,3
6,audio,Task B ,1,3,0,0,0.00041,2,84.14403844,0,0.164366666,4,2
6,audio,Task B ,2,3,1,0,9.00E-05,2,139.0822624,0,-2.832443329,2,7
6,audio,Task B ,1,3,1,0,4.00E-05,1,308.4095754,0,0.518932705,1,2
6,audio,Task B ,2,3,1,0,9.00E-05,2,17.85118181,0,-2.103672868,2,7
6,audio,Task B ,2,3,1,0,0.00019,2,149.9993199,0,1.778512618,3,7
7,audio,Task B ,1,1,1,0,9.00E-05,1,174.5320355,0,-0.55288483,2,4
7,audio,Task B ,1,1,1,0,9.00E-05,1,230.5602788,0,-0.1226742,2,4
7,audio,Task B ,1,1,0,0,4.00E-05,2,245.2308985,0,-1.150132214,1,4
7,audio,Task B ,1,1,1,0,4.00E-05,1,212.7045055,0,0.223063545,1,4
7,audio,Task B ,1,4,0,0,0.00041,2,153.1464045,0,0.409950756,4,1
7,audio,Task B ,2,4,0,0,0.00041,1,103.1387113,0,0.787384479,4,8
8,audio,Task B ,1,1,0,0,9.00E-05,2,207.4063723,0,0.081023262,2,4
8,audio,Task B ,1,1,0,0,9.00E-05,2,303.0549646,0,0.345775793,2,4
8,audio,Task B ,2,1,0,0,4.00E-05,1,191.863382,0,0.028531901,1,5
8,audio,Task B ,2,2,0,0,0.00041,1,118.5882808,0,0.105153968,4,6
8,audio,Task B ,1,3,1,0,0.00019,1,60.00820092,0,-0.540816166,3,2
8,audio,Task B ,2,4,1,0,0.00041,2,27.29841856,0,-1.412542391,4,8
9,audio,Task B ,1,1,1,0,4.00E-05,1,205.0516763,0,-0.368149805,1,4
9,audio,Task B ,2,4,0,0,0.00041,1,288.0465902,0,-0.083334527,4,8
9,audio,Task B ,1,4,1,0,0.00019,1,240.9678002,0,-0.451763901,3,1
9,audio,Task B ,1,1,0,0,4.00E-05,2,330.6914503,0,-0.648829775,1,4
9,audio,Task B ,2,1,0,0,0.00019,1,128.3193031,0,0.838546258,3,5
9,audio,Task B ,1,1,1,0,0.00019,1,199.7336865,0,0.079651504,3,4
10,audio,Task B ,2,1,0,0,9.00E-05,1,20.13248112,0,-0.165972129,2,5
10,audio,Task B ,2,2,1,0,0.00019,2,51.15411429,0,-0.264531832,3,6
10,audio,Task B ,2,2,0,0,0.00041,1,350.9748881,0,-0.596624631,4,6
10,audio,Task B ,1,1,1,0,4.00E-05,1,65.04234978,0,-0.775332647,1,4
10,audio,Task B ,1,1,0,0,4.00E-05,2,90.97647283,0,-2.861232932,1,4
10,audio,Task B ,1,1,1,0,9.00E-05,1,142.2674112,0,0.066435719,2,4
1,audio,Task B ,2,2,0,0,0.00041,1,120.2363181,0,0.356921303,4,6
1,audio,Task B ,1,2,1,0,0.00019,1,85.9956493,0,0.129715984,3,3
1,audio,Task B ,2,4,1,0,0.00019,2,224.1214409,0,-2.559744951,3,8
1,audio,Task B ,2,2,0,0,9.00E-05,1,54.34455243,0,-0.448597198,2,6
1,audio,Task B ,2,4,1,0,0.00019,2,54.43917389,0,2.822453348,3,8
1,audio,Task B ,1,2,1,0,0.00019,1,337.8778807,0,0.780155203,3,3
2,audio,Task B ,1,2,0,0,0.00019,2,182.6799815,0,0.124620904,3,3
2,audio,Task B ,2,1,1,0,0.00041,2,188.7254072,0,-3.586449735,4,5
2,audio,Task B ,1,3,1,0,4.00E-05,1,193.7017698,0,-0.109165242,1,2
2,audio,Task B ,1,1,0,0,9.00E-05,2,319.1514919,0,-3.394674596,2,4
2,audio,Task B ,1,2,1,0,4.00E-05,1,313.8889533,0,0.562773599,1,3
2,audio,Task B ,1,2,0,0,4.00E-05,2,304.5900543,0,-0.141265693,1,3
3,audio,Task B ,1,3,1,0,4.00E-05,1,354.0894049,0,-0.084926615,1,2
3,audio,Task B ,1,3,1,0,4.00E-05,1,244.178854,0,0.280636662,1,2
3,audio,Task B ,1,2,1,0,0.00019,1,353.9559382,0,0.133436814,3,3
3,audio,Task B ,2,4,1,0,0.00019,2,31.14415644,0,-0.890021631,3,8
3,audio,Task B ,1,3,1,0,4.00E-05,1,219.4068373,0,0.09258724,1,2
3,audio,Task B ,1,2,0,0,9.00E-05,2,47.40644062,0,-0.18069102,2,3
4,audio,Task B ,1,1,0,0,9.00E-05,2,250.8296301,0,-0.978994121,2,4
4,audio,Task B ,1,3,1,0,0.00041,1,43.6188817,0,-0.137061742,4,2
4,audio,Task B ,1,3,1,0,0.00019,1,154.9841819,0,0.537210723,3,2
4,audio,Task B ,2,3,1,0,0.00041,2,54.8979936,0,1.919839419,4,7
4,audio,Task B ,1,3,1,0,0.00019,1,353.4759004,0,-0.122696339,3,2
4,audio,Task B ,1,1,1,0,4.00E-05,1,298.9432352,0,0.211928365,1,4
5,audio,Task B ,1,1,0,0,9.00E-05,2,235.2710187,0,-0.646226039,2,4
5,audio,Task B ,1,3,1,0,0.00019,1,65.20402253,0,-0.248728613,3,2
5,audio,Task B ,2,4,1,0,0.00019,2,110.9167613,0,-1.906741226,3,8
5,audio,Task B ,2,4,1,0,0.00019,2,236.930952,0,-1.300906997,3,8
5,audio,Task B ,1,3,1,0,0.00019,1,347.0247179,0,0.029237406,3,2
5,audio,Task B ,2,2,0,0,9.00E-05,1,37.82543354,0,0.020912505,2,6
6,audio,Task B ,2,3,1,0,9.00E-05,2,147.8925172,0,1.062022335,2,7
6,audio,Task B ,2,3,1,0,0.00041,2,306.7356284,0,-0.094428314,4,7
6,audio,Task B ,2,3,0,0,0.00019,1,14.50620763,0,-0.213539495,3,7
6,audio,Task B ,1,3,0,0,9.00E-05,2,221.5172374,0,0.193172832,2,2
6,audio,Task B ,1,1,1,0,4.00E-05,1,174.4835456,0,-0.333360017,1,4
6,audio,Task B ,1,3,1,0,9.00E-05,1,186.9120367,0,-0.105182431,2,2
7,audio,Task B ,2,1,1,0,0.00019,2,37.83755304,0,0.988888722,3,5
7,audio,Task B ,1,1,1,0,4.00E-05,1,178.3435572,0,-0.695235209,1,4
7,audio,Task B ,1,4,0,0,0.00041,2,230.7040192,0,0.303451046,4,1
7,audio,Task B ,1,1,0,0,0.00019,2,287.0666168,0,-0.616801499,3,4
7,audio,Task B ,2,4,1,0,0.00019,2,309.9026004,0,0.813800069,3,8
7,audio,Task B ,2,4,1,0,0.00019,2,93.49265649,0,2.188256415,3,8
8,audio,Task B ,2,4,0,0,0.00041,1,330.2985743,0,0.185725181,4,8
8,audio,Task B ,1,1,0,0,4.00E-05,2,41.5628772,0,-0.18800647,1,4
8,audio,Task B ,2,1,1,0,0.00019,2,195.2621035,0,1.177496572,3,5
8,audio,Task B ,2,1,0,0,0.00019,1,271.1425637,0,-0.167818587,3,5
8,audio,Task B ,2,4,1,0,0.00019,2,239.4060483,0,2.356563974,3,8
8,audio,Task B ,1,1,1,0,9.00E-05,1,132.4235286,0,-0.296839547,2,4
9,audio,Task B ,1,1,0,0,4.00E-05,2,15.48347456,0,-0.392611816,1,4
9,audio,Task B ,1,1,0,0,9.00E-05,2,59.91100242,0,-0.852288556,2,4
9,audio,Task B ,2,2,1,0,9.00E-05,2,246.5088225,0,1.072219533,2,6
9,audio,Task B ,2,1,0,0,4.00E-05,1,118.8621111,0,-0.467538585,1,5
9,audio,Task B ,2,4,1,0,0.00041,2,236.7100523,0,-0.477278486,4,8
9,audio,Task B ,1,1,1,0,4.00E-05,1,229.5141206,0,0.012294889,1,4
10,audio,Task B ,1,1,0,0,9.00E-05,2,149.2853502,0,-1.01779724,2,4
10,audio,Task B ,2,1,1,0,0.00019,2,321.1985804,0,-0.146918778,3,5
10,audio,Task B ,1,1,0,0,4.00E-05,2,180.3608052,0,-1.16422256,1,4
10,audio,Task B ,2,2,1,0,0.00041,2,106.3703885,0,4.188630705,4,6
10,audio,Task B ,2,2,0,0,0.00041,1,331.2389317,0,0.101744695,4,6
10,audio,Task B ,1,1,0,0,4.00E-05,2,282.624504,0,0.130015391,1,4
1,audio,Task B ,1,2,1,0,4.00E-05,1,13.87705024,0,0.211874505,1,3
1,audio,Task B ,1,3,1,0,9.00E-05,1,16.03708601,0,-0.164938617,2,2
1,audio,Task B ,2,3,1,0,9.00E-05,2,1.8132112,0,1.204565455,2,7
1,audio,Task B ,1,1,1,0,4.00E-05,1,328.7406932,0,0.144575075,1,4
1,audio,Task B ,1,2,1,0,0.00041,1,55.65444281,0,-0.194552268,4,3
1,audio,Task B ,2,1,0,0,9.00E-05,1,251.1155884,0,-0.051507438,2,5
2,audio,Task B ,2,2,0,0,4.00E-05,1,151.512603,0,0.032124922,1,6
2,audio,Task B ,1,2,0,0,4.00E-05,2,67.92656772,0,-1.011737885,1,3
2,audio,Task B ,2,2,0,0,9.00E-05,1,344.090453,0,-0.337644793,2,6
2,audio,Task B ,1,3,0,0,0.00019,2,7.554505413,0,0.780453839,3,2
2,audio,Task B ,1,2,1,0,0.00019,1,298.5201774,0,-0.067295784,3,3
2,audio,Task B ,1,1,0,0,4.00E-05,2,230.6565002,0,0.550690405,1,4
3,audio,Task B ,2,1,1,0,9.00E-05,2,254.3301805,0,0.447102892,2,5
3,audio,Task B ,2,2,1,0,0.00019,2,228.2270727,0,-1.208276818,3,6
3,audio,Task B ,2,4,1,0,0.00019,2,147.6377021,0,0.941791295,3,8
3,audio,Task B ,1,3,0,0,0.00019,2,325.5845147,0,0.112385747,3,2
3,audio,Task B ,1,1,0,0,4.00E-05,2,180.8238076,0,0.301897189,1,4
3,audio,Task B ,2,3,1,0,0.00019,2,242.8388092,0,1.542552446,3,7
4,audio,Task B ,1,2,1,0,0.00019,1,174.0228985,0,0.087625461,3,3
4,audio,Task B ,1,2,0,0,0.00019,2,331.5573044,0,-0.300448455,3,3
4,audio,Task B ,1,2,0,0,0.00019,2,149.3607483,0,-0.277115886,3,3
4,audio,Task B ,1,2,1,0,9.00E-05,1,174.3237431,0,0.089560142,2,3
4,audio,Task B ,1,3,1,0,9.00E-05,1,310.1731307,0,0.306277789,2,2
4,audio,Task B ,1,3,0,0,0.00019,2,256.5612508,0,-0.245421718,3,2
5,audio,Task B ,2,4,1,0,0.00019,2,33.29122862,0,1.810820372,3,8
5,audio,Task B ,1,1,1,0,4.00E-05,1,150.971593,0,0.818846985,1,4
5,audio,Task B ,2,2,1,0,9.00E-05,2,217.8260898,0,-1.534087659,2,6
5,audio,Task B ,2,1,1,0,9.00E-05,2,182.7849929,0,2.054965084,2,5
5,audio,Task B ,1,4,1,0,0.00041,1,79.22526249,0,-0.141741824,4,1
5,audio,Task B ,1,3,0,0,0.00041,2,353.5482897,0,-0.098560601,4,2
6,audio,Task B ,1,3,0,0,9.00E-05,2,61.94748857,0,0.249284425,2,2
6,audio,Task B ,2,3,0,0,4.00E-05,1,277.5040902,0,0.258607733,1,7
6,audio,Task B ,1,3,0,0,0.00019,2,120.6246407,0,-1.237597499,3,2
6,audio,Task B ,2,2,1,0,0.00019,2,11.02348973,0,0.856383019,3,6
6,audio,Task B ,2,3,1,0,9.00E-05,2,357.494433,0,1.454367066,2,7
6,audio,Task B ,2,3,1,0,4.00E-05,2,133.8481622,0,-0.521340479,1,7
7,audio,Task B ,1,4,1,0,0.00041,1,84.78560673,0,-0.077515844,4,1
7,audio,Task B ,1,4,0,0,0.00041,2,270.3119272,0,-1.345801366,4,1
7,audio,Task B ,1,1,0,0,9.00E-05,2,61.87460469,0,-1.467601837,2,4
7,audio,Task B ,1,4,0,0,0.00019,2,355.9415111,0,2.067479356,3,1
7,audio,Task B ,1,4,0,0,0.00019,2,194.0142628,0,1.014992913,3,1
7,audio,Task B ,1,4,1,0,0.00041,1,119.2988452,0,-0.170513693,4,1
8,audio,Task B ,2,1,1,0,9.00E-05,2,261.6251006,0,0.649747217,2,5
8,audio,Task B ,1,1,1,0,4.00E-05,1,333.4724452,0,-0.197880187,1,4
8,audio,Task B ,1,1,0,0,4.00E-05,2,316.9491458,0,-2.572045986,1,4
8,audio,Task B ,1,4,0,0,0.00041,2,294.9552794,0,0.034594055,4,1
8,audio,Task B ,1,1,1,0,4.00E-05,1,292.9531045,0,-0.214656754,1,4
8,audio,Task B ,2,1,0,0,4.00E-05,1,319.3497674,0,0.128145569,1,5
9,audio,Task B ,1,4,1,0,0.00041,1,116.3173265,0,0.350597398,4,1
9,audio,Task B ,1,1,0,0,4.00E-05,2,287.9488595,0,0.181589914,1,4
9,audio,Task B ,1,1,1,0,9.00E-05,1,284.8173881,0,0.017027261,2,4
9,audio,Task B ,2,1,1,0,0.00041,2,324.3726875,0,-3.570466227,4,5
9,audio,Task B ,2,1,1,0,9.00E-05,2,122.356471,0,-1.496362179,2,5
9,audio,Task B ,2,1,1,0,9.00E-05,2,148.7995793,0,1.703747271,2,5
10,audio,Task B ,1,1,0,0,4.00E-05,2,2.428376194,0,-1.493798463,1,4
10,audio,Task B ,1,1,0,0,0.00019,2,125.8979683,0,-0.385502839,3,4
10,audio,Task B ,1,2,1,0,0.00019,1,208.2647256,0,-0.056312577,3,3
10,audio,Task B ,1,1,1,0,0.00041,1,148.0333942,0,-0.519408603,4,4
10,audio,Task B ,1,2,0,0,0.00019,2,182.3090373,0,-0.035578334,3,3
10,audio,Task B ,1,1,1,0,4.00E-05,1,267.7812547,0,-0.300249174,1,4
1,audio,Task B ,1,4,1,0,9.00E-05,1,117.8776919,0,-0.292291839,2,1
1,audio,Task B ,2,2,0,0,9.00E-05,1,125.2987351,0,-0.424871464,2,6
1,audio,Task B ,1,3,0,0,4.00E-05,2,159.7072542,0,-0.220577041,1,2
1,audio,Task B ,2,4,1,0,0.00041,2,8.063256778,0,-1.782139991,4,8
1,audio,Task B ,1,2,1,0,0.00019,1,84.44296883,0,0.187982251,3,3
1,audio,Task B ,1,2,1,0,0.00041,1,8.522637749,0,0.030988251,4,3
2,audio,Task B ,2,1,1,0,0.00041,2,225.2820243,0,0.429895533,4,5
2,audio,Task B ,2,2,1,0,0.00041,2,15.4852679,0,1.146347051,4,6
2,audio,Task B ,1,2,0,0,4.00E-05,2,338.4285167,0,0.694933402,1,3
2,audio,Task B ,2,1,1,0,4.00E-05,2,49.54526857,0,-0.876053218,1,5
2,audio,Task B ,1,1,1,0,4.00E-05,1,309.8793923,0,0.191910178,1,4
2,audio,Task B ,2,3,1,0,0.00019,2,18.36581984,0,0.896626332,3,7
3,audio,Task B ,2,2,1,0,9.00E-05,2,197.1086816,0,-0.261097841,2,6
3,audio,Task B ,1,4,1,0,9.00E-05,1,320.4821536,0,0.245960613,2,1
3,audio,Task B ,1,3,1,0,0.00041,1,62.96959497,0,0.216347391,4,2
3,audio,Task B ,1,4,0,0,9.00E-05,2,2.451862013,0,0.224123676,2,1
3,audio,Task B ,2,3,1,0,9.00E-05,2,191.4155438,0,0.873562797,2,7
3,audio,Task B ,1,3,1,0,9.00E-05,1,255.4064661,0,-0.155162994,2,2
4,audio,Task B ,1,1,0,0,4.00E-05,2,90.94226087,0,-0.605736932,1,4
4,audio,Task B ,1,1,0,0,4.00E-05,2,93.89085538,0,1.062321786,1,4
4,audio,Task B ,1,1,0,0,9.00E-05,2,220.6225212,0,0.545559529,2,4
4,audio,Task B ,1,3,1,0,0.00041,1,149.3749979,0,0.380459228,4,2
4,audio,Task B ,1,2,1,0,9.00E-05,1,121.0656407,0,0.129405852,2,3
4,audio,Task B ,1,3,1,0,0.00019,1,345.6232683,0,0.363948385,3,2
5,audio,Task B ,2,1,0,0,9.00E-05,1,20.1166341,0,0.445624698,2,5
5,audio,Task B ,1,3,1,0,9.00E-05,1,26.76467692,0,0.027379233,2,2
5,audio,Task B ,2,4,1,0,0.00041,2,297.1045095,0,2.267191912,4,8
5,audio,Task B ,1,2,0,0,0.00019,2,174.7177836,0,0.767323782,3,3
5,audio,Task B ,1,1,0,0,9.00E-05,2,344.101637,0,0.348916155,2,4
5,audio,Task B ,2,4,1,0,0.00019,2,145.8271113,0,1.161526803,3,8
6,audio,Task B ,2,2,0,0,9.00E-05,1,81.14234369,0,0.245029776,2,6
6,audio,Task B ,2,3,1,0,9.00E-05,2,253.4392897,0,-1.471672105,2,7
6,audio,Task B ,1,2,0,0,4.00E-05,2,296.3907765,0,-0.67983527,1,3
6,audio,Task B ,2,3,0,0,0.00041,1,27.39929246,0,-0.35165332,4,7
6,audio,Task B ,1,3,1,0,4.00E-05,1,221.1372639,0,-0.594369868,1,2
6,audio,Task B ,1,2,1,0,0.00041,1,256.5821024,0,-0.270315017,4,3
7,audio,Task B ,2,4,1,0,0.00041,2,272.3255528,0,1.642556714,4,8
7,audio,Task B ,1,4,0,0,0.00041,2,195.6608049,0,-0.689997042,4,1
7,audio,Task B ,1,1,1,0,9.00E-05,1,202.2977759,0,-0.161763841,2,4
7,audio,Task B ,1,4,0,0,0.00019,2,154.0750122,0,0.6176319,3,1
7,audio,Task B ,1,4,0,0,0.00019,2,107.2850624,0,0.250635718,3,1
7,audio,Task B ,1,4,1,0,4.00E-05,1,134.8400925,0,-0.009518359,1,1
8,audio,Task B ,2,3,1,0,0.00019,2,318.9224714,0,0.379628689,3,7
8,audio,Task B ,2,1,1,0,9.00E-05,2,156.477932,0,-1.25224932,2,5
8,audio,Task B ,1,1,1,0,9.00E-05,1,94.00384952,0,0.597627047,2,4
8,audio,Task B ,2,1,1,0,4.00E-05,2,137.5102298,0,2.257292849,1,5
8,audio,Task B ,2,1,1,0,9.00E-05,2,278.8364733,0,-0.006879065,2,5
8,audio,Task B ,1,4,1,0,0.00041,1,40.01320749,0,0.291898087,4,1
9,audio,Task B ,2,1,0,0,4.00E-05,1,286.0903484,0,-0.039908422,1,5
9,audio,Task B ,1,1,0,0,4.00E-05,2,126.8830699,0,1.566901071,1,4
9,audio,Task B ,1,1,0,0,4.00E-05,2,95.32580721,0,1.330282104,1,4
9,audio,Task B ,2,4,0,0,0.00041,1,198.8668074,0,0.357069639,4,8
9,audio,Task B ,2,1,0,0,4.00E-05,1,87.79313739,0,-0.019726303,1,5
9,audio,Task B ,2,1,1,0,9.00E-05,2,279.6214847,0,0.250402622,2,5
10,audio,Task B ,1,1,0,0,0.00019,2,71.72119709,0,0.256165804,3,4
10,audio,Task B ,1,1,1,0,0.00041,1,242.4467494,0,0.118395126,4,4
10,audio,Task B ,2,2,1,0,0.00019,2,277.621259,0,-0.890164884,3,6
10,audio,Task B ,1,1,0,0,4.00E-05,2,20.07330607,0,-2.037849013,1,4
10,audio,Task B ,1,1,0,0,4.00E-05,2,273.9946432,0,0.063122951,1,4
10,audio,Task B ,1,1,1,0,4.00E-05,1,62.58687186,0,-0.351040617,1,4
1,audio,Task B ,1,2,0,0,9.00E-05,2,17.8550728,0,-0.446647575,2,3
1,audio,Task B ,2,4,1,0,9.00E-05,2,131.9134516,0,1.751864788,2,8
1,audio,Task B ,1,2,1,0,9.00E-05,1,316.741077,0,-0.073671927,2,3
1,audio,Task B ,1,2,1,0,4.00E-05,1,55.1568754,0,0.370769749,1,3
1,audio,Task B ,1,2,0,0,0.00019,2,137.0667506,0,0.421472057,3,3
1,audio,Task B ,2,2,1,0,0.00019,2,110.6399454,0,-0.300953664,3,6
2,audio,Task B ,2,1,1,0,9.00E-05,2,295.1707386,0,-1.736510927,2,5
2,audio,Task B ,1,2,1,0,4.00E-05,1,201.4467667,0,0.432312872,1,3
2,audio,Task B ,1,3,1,0,9.00E-05,1,128.5367699,0,-0.097967208,2,2
2,audio,Task B ,2,1,1,0,4.00E-05,2,182.4421684,0,0.696213652,1,5
2,audio,Task B ,1,1,1,0,4.00E-05,1,54.87342088,0,-0.023907651,1,4
2,audio,Task B ,2,2,1,0,0.00019,2,241.2040087,0,0.305739738,3,6
3,audio,Task B ,1,1,0,0,4.00E-05,2,216.850575,0,-1.463429917,1,4
3,audio,Task B ,1,1,0,0,4.00E-05,2,254.3841886,0,-2.260984594,1,4
3,audio,Task B ,2,4,1,0,0.00019,2,188.7815704,0,-2.341059755,3,8
3,audio,Task B ,1,3,1,0,0.00041,1,20.79660416,0,-0.013143836,4,2
3,audio,Task B ,2,4,0,0,0.00041,1,96.67011618,0,-0.687302531,4,8
3,audio,Task B ,2,4,1,0,9.00E-05,2,113.8112488,0,-0.785495611,2,8
4,audio,Task B ,1,2,1,0,0.00041,1,59.61569901,0,0.249901289,4,3
4,audio,Task B ,1,1,1,0,9.00E-05,1,67.58576068,0,0.091907813,2,4
4,audio,Task B ,2,4,1,0,0.00041,2,6.282412502,0,1.854774773,4,8
4,audio,Task B ,1,1,0,0,4.00E-05,2,225.8631783,0,0.289603093,1,4
4,audio,Task B ,1,1,0,0,4.00E-05,2,80.58976238,0,1.577386059,1,4
4,audio,Task B ,1,2,0,0,4.00E-05,2,14.1408731,0,-2.486110509,1,3
5,audio,Task B ,1,1,1,0,4.00E-05,1,227.1251744,0,-0.56662369,1,4
5,audio,Task B ,2,2,1,0,0.00019,2,182.1176154,0,-2.114342597,3,6
5,audio,Task B ,1,1,0,0,4.00E-05,2,6.919152058,0,-1.530204451,1,4
5,audio,Task B ,1,4,1,0,0.00041,1,115.4171601,0,0.011769493,4,1
5,audio,Task B ,1,1,0,0,4.00E-05,2,256.1853068,0,-2.429222478,1,4
5,audio,Task B ,1,2,1,0,0.00041,1,174.8328111,0,-0.167788664,4,3
6,audio,Task B ,1,2,1,0,0.00041,1,234.4316053,0,-0.422609277,4,3
6,audio,Task B ,1,3,1,0,0.00041,1,212.5545363,0,-0.040005025,4,2
6,audio,Task B ,1,3,0,0,0.00041,2,1.255687389,0,-1.045401033,4,2
6,audio,Task B ,2,3,0,0,4.00E-05,1,142.126793,0,0.085218349,1,7
6,audio,Task B ,1,2,1,0,0.00019,1,27.15022056,0,0.050353881,3,3
6,audio,Task B ,2,3,0,0,4.00E-05,1,270.5933956,0,-0.046509672,1,7
7,audio,Task B ,1,1,1,0,4.00E-05,1,220.9287104,0,0.056703022,1,4
7,audio,Task B ,1,4,0,0,0.00019,2,329.7861346,0,0.320101517,3,1
7,audio,Task B ,1,1,0,0,9.00E-05,2,146.4058739,0,-1.578147782,2,4
7,audio,Task B ,1,1,0,0,0.00019,2,192.5690455,0,-4.156750708,3,4
7,audio,Task B ,2,4,0,0,0.00041,1,133.5510088,0,0.641804039,4,8
7,audio,Task B ,2,4,1,0,0.00041,2,185.9244986,0,0.034169455,4,8
8,audio,Task B ,2,1,1,0,4.00E-05,2,302.2699368,0,1.387096181,1,5
8,audio,Task B ,1,1,0,0,0.00019,2,77.54911264,0,-0.593202945,3,4
8,audio,Task B ,2,1,0,0,9.00E-05,1,62.08758192,0,-0.302135375,2,5
8,audio,Task B ,2,1,0,0,0.00019,1,299.6690732,0,-0.119047945,3,5
8,audio,Task B ,2,4,1,0,0.00041,2,94.93755264,0,-2.963942335,4,8
8,audio,Task B ,2,4,1,0,9.00E-05,2,242.2428757,0,0.384919438,2,8
9,audio,Task B ,1,1,0,0,0.00019,2,94.49795371,0,-1.970526364,3,4
9,audio,Task B ,2,4,0,0,0.00041,1,210.9287225,0,0.072749858,4,8
9,audio,Task B ,1,4,0,0,0.00041,2,282.3025971,0,0.962527166,4,1
9,audio,Task B ,1,1,1,0,4.00E-05,1,174.7153225,0,0.492504005,1,4
9,audio,Task B ,1,1,1,0,4.00E-05,1,286.947182,0,0.382010544,1,4
9,audio,Task B ,1,1,1,0,0.00019,1,213.2591569,0,-0.212871385,3,4
10,audio,Task B ,1,1,0,0,9.00E-05,2,349.1312559,0,0.14879184,2,4
10,audio,Task B ,2,2,1,0,0.00041,2,217.3334463,0,-1.668859131,4,6
10,audio,Task B ,1,1,0,0,9.00E-05,2,322.0130081,0,2.038400835,2,4
10,audio,Task B ,1,1,0,0,0.00019,2,42.48871828,0,0.035570218,3,4
10,audio,Task B ,2,2,1,0,0.00041,2,186.8376771,0,0.381696159,4,6
10,audio,Task B ,1,1,0,0,9.00E-05,2,96.92860242,0,-1.17993277,2,4
1,audio,Task B ,2,2,0,0,4.00E-05,1,237.8072388,0,-0.659300606,1,6
1,audio,Task B ,2,2,1,0,0.00041,2,53.12516304,0,0.679148029,4,6
1,audio,Task B ,2,1,1,0,4.00E-05,2,27.29622328,0,1.033281585,1,5
1,audio,Task B ,1,1,1,0,0.00019,1,212.4437349,0,0.176135142,3,4
1,audio,Task B ,2,3,1,0,0.00019,2,219.4126133,0,1.668370033,3,7
1,audio,Task B ,1,2,0,0,9.00E-05,2,339.3026845,0,0.851619402,2,3
2,audio,Task B ,1,3,1,0,4.00E-05,1,222.8589059,0,-0.004463623,1,2
2,audio,Task B ,1,2,1,0,9.00E-05,1,91.39763766,0,0.016188164,2,3
2,audio,Task B ,1,2,1,0,0.00019,1,273.8318825,0,0.039585026,3,3
2,audio,Task B ,1,3,1,0,4.00E-05,1,59.34189504,0,-0.620951684,1,2
2,audio,Task B ,1,2,1,0,4.00E-05,1,158.3194674,0,0.328088063,1,3
2,audio,Task B ,2,1,0,0,9.00E-05,1,22.45181366,0,0.715106182,2,5
3,audio,Task B ,1,3,1,0,0.00019,1,166.3495752,0,-0.026746326,3,2
3,audio,Task B ,1,3,0,0,0.00041,2,193.3801628,0,-0.055507384,4,2
3,audio,Task B ,2,3,1,0,4.00E-05,2,209.352001,0,-1.664597967,1,7
3,audio,Task B ,2,4,1,0,0.00019,2,337.70087,0,-0.488774155,3,8
3,audio,Task B ,1,3,1,0,0.00019,1,188.343823,0,0.069082032,3,2
3,audio,Task B ,2,4,1,0,0.00019,2,355.493206,0,1.794745911,3,8
4,audio,Task B ,1,2,0,0,0.00019,2,244.1900715,0,-2.537062753,3,3
4,audio,Task B ,1,3,1,0,0.00019,1,4.13367155,0,-0.019192798,3,2
4,audio,Task B ,1,3,0,0,0.00041,2,38.70397998,0,-0.00105447,4,2
4,audio,Task B ,2,4,1,0,0.00019,2,301.569496,0,2.161607594,3,8
4,audio,Task B ,2,4,1,0,0.00041,2,257.2677332,0,-1.7944272,4,8
4,audio,Task B ,2,4,1,0,0.00041,2,8.393473194,0,1.526058994,4,8
5,audio,Task B ,2,2,1,0,4.00E-05,2,233.878385,0,-1.142277809,1,6
5,audio,Task B ,1,1,0,0,0.00019,2,187.737033,0,-2.439321977,3,4
5,audio,Task B ,1,4,1,0,9.00E-05,1,58.37875382,0,0.213128153,2,1
5,audio,Task B ,1,4,1,0,0.00041,1,161.4912776,0,-0.060997415,4,1
5,audio,Task B ,2,4,0,0,0.00041,1,198.6012804,0,-0.730940368,4,8
5,audio,Task B ,1,1,1,0,4.00E-05,1,290.6214332,0,-0.235951239,1,4
6,audio,Task B ,1,3,0,0,0.00019,2,144.393411,0,-0.591018577,3,2
6,audio,Task B ,2,3,1,0,9.00E-05,2,110.2700317,0,1.007319438,2,7
6,audio,Task B ,2,3,0,0,4.00E-05,1,257.9286551,0,-0.020326647,1,7
6,audio,Task B ,2,2,1,0,0.00041,2,175.5061103,0,-1.582428647,4,6
6,audio,Task B ,2,4,1,0,9.00E-05,2,354.7196274,0,3.820237837,2,8
6,audio,Task B ,1,2,1,0,0.00041,1,210.9130476,0,0.296731916,4,3
7,audio,Task B ,1,1,1,0,9.00E-05,1,261.6847564,0,-0.360414325,2,4
7,audio,Task B ,2,4,1,0,0.00041,2,179.3532291,0,1.405843338,4,8
7,audio,Task B ,1,4,1,0,0.00041,1,145.6427128,0,0.34582857,4,1
7,audio,Task B ,2,4,0,0,0.00041,1,213.1374273,0,-0.436360306,4,8
7,audio,Task B ,1,1,1,0,9.00E-05,1,73.67944038,0,-0.020393386,2,4
7,audio,Task B ,1,1,0,0,9.00E-05,2,318.0032637,0,-1.508468385,2,4
8,audio,Task B ,2,1,0,0,4.00E-05,1,70.19075827,0,0.651330223,1,5
8,audio,Task B ,1,1,0,0,0.00019,2,340.3337744,0,-1.422810237,3,4
8,audio,Task B ,1,3,1,0,0.00041,1,309.7959123,0,-0.742871241,4,2
8,audio,Task B ,2,3,0,0,0.00019,1,267.0363206,0,0.579042469,3,7
8,audio,Task B ,1,1,1,0,4.00E-05,1,330.4712923,0,0.443272803,1,4
8,audio,Task B ,1,1,0,0,4.00E-05,2,238.2436104,0,-1.208645176,1,4
9,audio,Task B ,1,1,1,0,4.00E-05,1,356.2972851,0,-0.03176276,1,4
9,audio,Task B ,2,4,1,0,0.00041,2,143.4046153,0,-1.049295499,4,8
9,audio,Task B ,1,1,0,0,9.00E-05,2,201.9318915,0,0.524155351,2,4
9,audio,Task B ,2,1,1,0,9.00E-05,2,249.9665851,0,0.661657113,2,5
9,audio,Task B ,1,1,0,0,9.00E-05,2,306.2853665,0,-1.25061205,2,4
9,audio,Task B ,1,1,1,0,9.00E-05,1,253.057195,0,-0.29423681,2,4
10,audio,Task B ,2,1,1,0,9.00E-05,2,352.831922,0,0.571868966,2,5
10,audio,Task B ,1,1,0,0,4.00E-05,2,6.78165177,0,1.533749432,1,4
10,audio,Task B ,2,2,1,0,0.00041,2,49.10010169,0,-0.723848125,4,6
10,audio,Task B ,1,1,0,0,9.00E-05,2,70.42377913,0,-1.577299256,2,4
10,audio,Task B ,1,1,1,0,4.00E-05,1,239.4797583,0,-0.571522904,1,4
10,audio,Task B ,1,1,1,0,9.00E-05,1,236.8135806,0,-0.261646234,2,4
1,audio,Task B ,2,4,1,0,9.00E-05,2,126.1818248,0,-1.895278339,2,8
1,audio,Task B ,2,2,0,0,9.00E-05,1,269.6220069,0,-0.471896451,2,6
1,audio,Task B ,1,3,1,0,9.00E-05,1,101.3991898,0,0.285617494,2,2
1,audio,Task B ,1,2,0,0,0.00019,2,347.0179767,0,-0.281233906,3,3
1,audio,Task B ,2,3,1,0,9.00E-05,2,138.1677745,0,-0.862256252,2,7
1,audio,Task B ,2,3,1,0,4.00E-05,2,166.7644408,0,-1.010061015,1,7
2,audio,Task B ,1,1,1,0,4.00E-05,1,289.8880733,0,0.123313201,1,4
2,audio,Task B ,1,1,0,0,9.00E-05,2,305.1482796,0,-2.845126522,2,4
2,audio,Task B ,1,2,1,0,9.00E-05,1,291.5863489,0,0.015649975,2,3
2,audio,Task B ,1,2,1,0,0.00019,1,182.5889218,0,-0.257826679,3,3
2,audio,Task B ,2,3,1,0,0.00041,2,290.0136838,0,1.321840288,4,7
2,audio,Task B ,2,1,1,0,9.00E-05,2,143.3166082,0,-1.095919732,2,5
3,audio,Task B ,1,3,0,0,0.00041,2,295.3214563,0,0.517196174,4,2
3,audio,Task B ,1,3,1,0,9.00E-05,1,125.6422795,0,-0.273567726,2,2
3,audio,Task B ,1,3,0,0,0.00041,2,346.0627794,0,0.017195042,4,2
3,audio,Task B ,2,4,1,0,0.00019,2,25.1022539,0,-0.834567513,3,8
3,audio,Task B ,2,2,0,0,0.00019,1,42.5690259,0,-0.129862795,3,6
3,audio,Task B ,2,4,1,0,0.00041,2,126.3201648,0,-2.488233805,4,8
4,audio,Task B ,1,1,1,0,9.00E-05,1,58.51337626,0,-0.231169201,2,4
4,audio,Task B ,1,2,0,0,0.00019,2,50.41204847,0,0.223828084,3,3
4,audio,Task B ,1,3,1,0,0.00041,1,200.0276846,0,0.08919381,4,2
4,audio,Task B ,1,3,0,0,0.00041,2,21.56952948,0,0.535914059,4,2
4,audio,Task B ,2,2,0,0,0.00019,1,76.09072883,0,-0.412229878,3,6
4,audio,Task B ,1,2,1,0,4.00E-05,1,332.735763,0,0.141180532,1,3
5,audio,Task B ,2,3,0,0,0.00041,1,190.0671264,0,0.778270876,4,7
5,audio,Task B ,1,4,1,0,0.00041,1,81.25260725,0,0.073911772,4,1
5,audio,Task B ,1,4,1,0,0.00019,1,179.9823279,0,0.00233875,3,1
5,audio,Task B ,1,1,0,0,9.00E-05,2,272.2370361,0,0.565091373,2,4
5,audio,Task B ,1,1,0,0,9.00E-05,2,17.85563633,0,-2.238631319,2,4
5,audio,Task B ,2,4,1,0,0.00041,2,47.66919686,0,1.342794875,4,8
6,audio,Task B ,2,3,0,0,0.00019,1,275.3619824,0,0.157937164,3,7
6,audio,Task B ,2,2,1,0,9.00E-05,2,72.93572325,0,-0.02453433,2,6
6,audio,Task B ,2,3,0,0,9.00E-05,1,294.4738212,0,-0.934771364,2,7
6,audio,Task B ,1,3,0,0,0.00041,2,46.21152928,0,0.313835957,4,2
6,audio,Task B ,2,3,1,0,0.00041,2,109.9442002,0,0.803861223,4,7
6,audio,Task B ,2,1,0,0,4.00E-05,1,264.2992311,0,0.253275845,1,5
7,audio,Task B ,1,1,1,0,9.00E-05,1,2.909514635,0,-0.191703249,2,4
7,audio,Task B ,1,1,1,0,9.00E-05,1,266.0415996,0,-0.044680586,2,4
7,audio,Task B ,1,4,0,0,0.00041,2,287.4160538,0,0.18819017,4,1
7,audio,Task B ,1,1,0,0,4.00E-05,2,148.1253991,0,-2.446623602,1,4
7,audio,Task B ,1,1,0,0,4.00E-05,2,11.61987084,0,-0.84718159,1,4
7,audio,Task B ,1,4,0,0,0.00019,2,140.5632712,0,-0.389389036,3,1
8,audio,Task B ,2,1,0,0,4.00E-05,1,176.0982083,0,0.521475689,1,5
8,audio,Task B ,1,4,0,0,0.00041,2,200.6411942,0,-0.702782316,4,1
8,audio,Task B ,1,4,0,0,0.00041,2,68.88267114,0,-0.257776078,4,1
8,audio,Task B ,2,1,0,0,9.00E-05,1,231.9354757,0,0.480889307,2,5
8,audio,Task B ,2,2,0,0,0.00019,1,359.6640986,0,0.361567371,3,6
8,audio,Task B ,1,2,0,0,4.00E-05,2,321.3896049,0,-0.32005758,1,3
9,audio,Task B ,1,4,0,0,0.00041,2,327.7352016,0,0.524296602,4,1
9,audio,Task B ,2,4,1,0,0.00041,2,287.0962688,0,2.05998915,4,8
9,audio,Task B ,2,1,1,0,9.00E-05,2,219.3015883,0,2.547756623,2,5
9,audio,Task B ,1,1,1,0,9.00E-05,1,324.3589624,0,-0.02547925,2,4
9,audio,Task B ,2,1,0,0,9.00E-05,1,133.5486681,0,-0.585386042,2,5
9,audio,Task B ,1,1,0,0,9.00E-05,2,229.4330478,0,-3.591835797,2,4
10,audio,Task B ,2,1,1,0,0.00019,2,326.8759667,0,-1.242685012,3,5
10,audio,Task B ,1,1,1,0,4.00E-05,1,82.52722099,0,-0.087162765,1,4
10,audio,Task B ,1,1,0,0,4.00E-05,2,309.1260842,0,-1.289114609,1,4
10,audio,Task B ,2,2,1,0,0.00041,2,357.1977734,0,-0.870107743,4,6
10,audio,Task B ,1,1,0,0,9.00E-05,2,294.79556,0,0.771949872,2,4
10,audio,Task B ,1,1,1,0,0.00019,1,150.4325296,0,-0.449798869,3,4
1,audio,Task B ,1,2,0,0,0.00041,2,143.0831791,0,-0.311306904,4,3
1,audio,Task B ,2,2,0,0,0.00019,1,213.8960418,0,0.622563482,3,6
1,audio,Task B ,1,2,0,0,0.00019,2,206.6827885,0,-0.079065973,3,3
1,audio,Task B ,2,4,1,0,0.00019,2,312.0386118,0,-1.473725085,3,8
1,audio,Task B ,1,2,1,0,0.00019,1,133.2889287,0,-0.475962271,3,3
1,audio,Task B ,1,2,1,0,4.00E-05,1,220.3870006,0,0.771287275,1,3
2,audio,Task B ,1,3,0,0,9.00E-05,2,17.22043851,0,0.109241025,2,2
2,audio,Task B ,2,2,0,0,0.00041,1,75.10979017,0,-0.369296466,4,6
2,audio,Task B ,1,3,1,0,0.00019,1,49.29882368,0,-0.138185183,3,2
2,audio,Task B ,1,1,1,0,4.00E-05,1,226.3189718,0,-0.161303604,1,4
2,audio,Task B ,1,2,0,0,4.00E-05,2,50.59651873,0,0.030421319,1,3
2,audio,Task B ,1,2,1,0,9.00E-05,1,34.13388502,0,-0.354819189,2,3
3,audio,Task B ,1,2,0,0,9.00E-05,2,145.3891312,0,-0.176419437,2,3
3,audio,Task B ,1,3,0,0,9.00E-05,2,95.07408558,0,-0.136819556,2,2
3,audio,Task B ,2,1,1,0,0.00019,2,38.88193733,0,1.377726278,3,5
3,audio,Task B ,1,3,1,0,0.00041,1,254.8544216,0,0.063025438,4,2
3,audio,Task B ,1,2,0,0,0.00041,2,5.453719296,0,0.504477851,4,3
3,audio,Task B ,2,1,0,0,9.00E-05,1,8.407516974,0,0.298322997,2,5
4,audio,Task B ,1,2,1,0,0.00019,1,221.8779132,0,0.104765879,3,3
4,audio,Task B ,2,4,1,0,0.00041,2,64.48942175,0,2.176737244,4,8
4,audio,Task B ,1,2,1,0,9.00E-05,1,151.2791536,0,0.18530426,2,3
4,audio,Task B ,1,1,1,0,4.00E-05,1,80.30897756,0,0.313762665,1,4
4,audio,Task B ,1,3,0,0,9.00E-05,2,174.9182765,0,0.26557497,2,2
4,audio,Task B ,1,1,1,0,4.00E-05,1,169.6697323,0,0.593546014,1,4
5,audio,Task B ,1,4,1,0,0.00041,1,267.1072709,0,0.140929443,4,1
5,audio,Task B ,2,1,1,0,9.00E-05,2,219.8324319,0,-2.406477797,2,5
5,audio,Task B ,2,4,1,0,9.00E-05,2,34.57033683,0,1.134904331,2,8
5,audio,Task B ,2,3,1,0,0.00019,2,92.06871324,0,-1.065384974,3,7
5,audio,Task B ,2,1,0,0,4.00E-05,1,154.5460241,0,-0.012397558,1,5
5,audio,Task B ,2,4,1,0,0.00041,2,149.8221654,0,3.043214525,4,8
6,audio,Task B ,2,3,0,0,9.00E-05,1,314.4826831,0,0.163909408,2,7
6,audio,Task B ,2,3,0,0,0.00019,1,108.8417627,0,-0.289162203,3,7
6,audio,Task B ,2,3,0,0,4.00E-05,1,326.2128794,0,0.233130395,1,7
6,audio,Task B ,1,3,1,0,9.00E-05,1,214.9149918,0,0.445985814,2,2
6,audio,Task B ,2,3,0,0,4.00E-05,1,90.66536959,0,0.407648696,1,7
6,audio,Task B ,2,3,0,0,4.00E-05,1,201.9981374,0,0.16200064,1,7
7,audio,Task B ,1,1,1,0,4.00E-05,1,195.1822878,0,0.551991785,1,4
7,audio,Task B ,2,4,0,0,0.00019,1,95.9380136,0,0.122267403,3,8
7,audio,Task B ,1,4,0,0,0.00041,2,157.9044683,0,0.236029062,4,1
7,audio,Task B ,1,1,0,0,4.00E-05,2,127.7426417,0,-0.200669765,1,4
7,audio,Task B ,1,4,1,0,9.00E-05,1,347.5583851,0,0.723746771,2,1
7,audio,Task B ,1,1,1,0,4.00E-05,1,207.9590826,0,0.04271741,1,4
8,audio,Task B ,1,1,1,0,9.00E-05,1,285.7477618,0,-0.278698463,2,4
8,audio,Task B ,1,1,1,0,0.00019,1,291.1745667,0,-0.05403745,3,4
8,audio,Task B ,2,1,1,0,0.00041,2,46.70032686,0,-0.209180098,4,5
8,audio,Task B ,2,1,0,0,4.00E-05,1,229.953191,0,-0.058497338,1,5
8,audio,Task B ,2,3,0,0,0.00019,1,138.6294789,0,0.156685568,3,7
8,audio,Task B ,1,1,0,0,4.00E-05,2,13.44341463,0,0.118621585,1,4
9,audio,Task B ,1,4,1,0,0.00041,1,94.91894491,0,0.004196256,4,1
9,audio,Task B ,1,4,1,0,0.00019,1,23.67450373,0,0.663762525,3,1
9,audio,Task B ,2,2,0,0,0.00041,1,265.5465001,0,0.290645357,4,6
9,audio,Task B ,1,4,1,0,0.00019,1,159.2380729,0,0.128292822,3,1
9,audio,Task B ,1,1,1,0,9.00E-05,1,197.1838753,0,0.36031232,2,4
9,audio,Task B ,2,1,0,0,4.00E-05,1,161.1965139,0,-0.184401068,1,5
10,audio,Task B ,1,1,1,0,9.00E-05,1,262.5539685,0,0.113549111,2,4
10,audio,Task B ,1,2,1,0,9.00E-05,1,318.078639,0,0.062387416,2,3
10,audio,Task B ,1,1,1,0,9.00E-05,1,108.2233522,0,-0.392818456,2,4
10,audio,Task B ,1,1,0,0,0.00019,2,202.9776692,0,0.901120493,3,4
10,audio,Task B ,2,2,1,0,0.00041,2,163.4450039,0,1.168687445,4,6
10,audio,Task B ,1,1,1,0,9.00E-05,1,98.88391744,0,-0.203693266,2,4
1,audio,Task B ,1,3,1,0,0.00041,1,149.0051729,0,0.081932213,4,2
1,audio,Task B ,1,2,1,0,4.00E-05,1,345.60233,0,0.12949708,1,3
1,audio,Task B ,2,2,0,0,9.00E-05,1,64.06923976,0,0.632105112,2,6
1,audio,Task B ,1,1,0,0,9.00E-05,2,243.6195646,0,-0.542658661,2,4
1,audio,Task B ,1,2,1,0,0.00041,1,354.7888549,0,0.077885101,4,3
1,audio,Task B ,1,1,1,0,4.00E-05,1,230.3365315,0,0.973232726,1,4
2,audio,Task B ,2,2,1,0,4.00E-05,2,230.1762618,0,3.051010923,1,6
2,audio,Task B ,1,3,1,0,0.00041,1,294.5908599,0,-0.268607814,4,2
2,audio,Task B ,1,2,0,0,9.00E-05,2,66.60328474,0,-0.866118418,2,3
2,audio,Task B ,1,3,0,0,0.00041,2,49.56703382,0,0.091931209,4,2
2,audio,Task B ,2,1,1,0,0.00019,2,247.5853275,0,-1.762500928,3,5
2,audio,Task B ,1,2,0,0,0.00041,2,34.78645787,0,-0.973068632,4,3
3,audio,Task B ,1,4,1,0,0.00041,1,320.2528502,0,0.014718688,4,1
3,audio,Task B ,2,2,1,0,0.00041,2,258.8417617,0,0.412972734,4,6
3,audio,Task B ,1,1,1,0,9.00E-05,1,212.0091653,0,0.125186445,2,4
3,audio,Task B ,2,4,1,0,9.00E-05,2,324.7740717,0,0.640839355,2,8
3,audio,Task B ,1,4,1,0,9.00E-05,1,90.32391952,0,0.185473517,2,1
3,audio,Task B ,2,2,0,0,0.00019,1,214.5486796,0,0.382258675,3,6
4,audio,Task B ,1,1,1,0,4.00E-05,1,150.4439399,0,-0.282701743,1,4
4,audio,Task B ,2,4,1,0,0.00019,2,335.0508825,0,-0.914625416,3,8
4,audio,Task B ,1,1,1,0,4.00E-05,1,69.84589096,0,-0.110737144,1,4
4,audio,Task B ,1,1,0,0,9.00E-05,2,118.5678799,0,-1.230613194,2,4
4,audio,Task B ,2,4,1,0,0.00041,2,332.4227418,0,2.18121515,4,8
4,audio,Task B ,1,1,1,0,9.00E-05,1,353.7311164,0,0.595529899,2,4
5,audio,Task B ,1,2,0,0,9.00E-05,2,358.3310319,0,1.24792339,2,3
5,audio,Task B ,2,4,1,0,4.00E-05,2,121.3669545,0,1.144817335,1,8
5,audio,Task B ,1,3,0,0,0.00019,2,97.73687666,0,-0.308803157,3,2
5,audio,Task B ,1,2,1,0,4.00E-05,1,114.5860978,0,0.061577378,1,3
5,audio,Task B ,1,3,1,0,0.00041,1,209.4318109,0,-0.10551544,4,2
5,audio,Task B ,2,1,1,0,4.00E-05,2,27.50313396,0,1.483348725,1,5
6,audio,Task B ,2,3,0,0,9.00E-05,1,174.7128006,0,-0.076566518,2,7
6,audio,Task B ,1,3,0,0,4.00E-05,2,241.9841942,0,-1.471313493,1,2
6,audio,Task B ,1,3,0,0,4.00E-05,2,312.846274,0,-1.670496542,1,2
6,audio,Task B ,1,2,0,0,0.00019,2,48.27515798,0,-0.513908106,3,3
6,audio,Task B ,1,2,1,0,9.00E-05,1,324.298601,0,-0.521906203,2,3
6,audio,Task B ,1,3,0,0,9.00E-05,2,80.79980307,0,-1.053235863,2,2
7,audio,Task B ,1,1,0,0,4.00E-05,2,264.3791989,0,0.403928641,1,4
7,audio,Task B ,1,4,1,0,9.00E-05,1,198.1712862,0,0.454700838,2,1
7,audio,Task B ,1,4,0,0,9.00E-05,2,253.7098096,0,0.235073393,2,1
7,audio,Task B ,1,4,1,0,0.00019,1,251.3977525,0,0.91965546,3,1
7,audio,Task B ,2,4,1,0,0.00041,2,185.0940899,0,1.176878864,4,8
7,audio,Task B ,1,1,1,0,9.00E-05,1,107.3110885,0,-0.371202381,2,4
8,audio,Task B ,1,4,1,0,0.00019,1,294.1684001,0,0.51765214,3,1
8,audio,Task B ,2,3,1,0,0.00041,2,120.268493,0,0.667510447,4,7
8,audio,Task B ,2,1,1,0,4.00E-05,2,73.19659339,0,-1.336825467,1,5
8,audio,Task B ,2,1,0,0,4.00E-05,1,354.6228903,0,0.011408543,1,5
8,audio,Task B ,2,1,0,0,0.00019,1,245.9311722,0,0.307735962,3,5
8,audio,Task B ,2,1,0,0,4.00E-05,1,230.7198642,0,0.060420491,1,5
9,audio,Task B ,1,1,1,0,0.00019,1,125.1115143,0,0.443373758,3,4
9,audio,Task B ,1,1,1,0,9.00E-05,1,52.3981825,0,-0.259799616,2,4
9,audio,Task B ,1,1,1,0,4.00E-05,1,108.243006,0,-0.439520163,1,4
9,audio,Task B ,1,1,0,0,4.00E-05,2,284.297797,0,0.969092977,1,4
9,audio,Task B ,1,1,0,0,0.00019,2,262.8241202,0,2.191972585,3,4
9,audio,Task B ,1,1,0,0,0.00019,2,263.1692086,0,-1.364197868,3,4
10,audio,Task B ,1,1,0,0,9.00E-05,2,16.13523061,0,0.887840361,2,4
10,audio,Task B ,1,2,1,0,0.00041,1,285.6399379,0,0.484207386,4,3
10,audio,Task B ,1,1,1,0,4.00E-05,1,286.1019016,0,-0.111335786,1,4
10,audio,Task B ,1,1,1,0,9.00E-05,1,349.3282147,0,-0.236315426,2,4
10,audio,Task B ,2,2,1,0,4.00E-05,2,209.6892112,0,1.365009621,1,6
10,audio,Task B ,2,1,1,0,4.00E-05,2,295.8550044,0,-0.062650024,1,5
1,audio,Task B ,1,4,1,0,9.00E-05,1,147.2961563,0,0.126155624,2,1
1,audio,Task B ,2,3,1,0,9.00E-05,2,24.50696787,0,1.064203289,2,7
1,audio,Task B ,1,3,1,0,0.00019,1,45.68097594,0,-0.231526128,3,2
1,audio,Task B ,1,1,1,0,4.00E-05,1,179.804519,0,-0.024011551,1,4
1,audio,Task B ,1,2,1,0,4.00E-05,1,8.210079881,0,0.448518168,1,3
1,audio,Task B ,1,2,0,0,9.00E-05,2,50.95681524,0,0.138969231,2,3
2,audio,Task B ,1,1,0,0,4.00E-05,2,231.9913801,0,-1.727708803,1,4
2,audio,Task B ,1,2,1,0,9.00E-05,1,4.828814769,0,-0.293778856,2,3
2,audio,Task B ,2,2,1,0,0.00041,2,38.94610735,0,-1.702151657,4,6
2,audio,Task B ,1,2,1,0,4.00E-05,1,80.38886125,0,-0.034673533,1,3
2,audio,Task B ,1,1,0,0,4.00E-05,2,196.5201642,0,0.177204331,1,4
2,audio,Task B ,2,1,1,0,0.00041,2,156.166734,0,1.465096607,4,5
3,audio,Task B ,2,4,1,0,0.00041,2,137.6971486,0,-2.272108884,4,8
3,audio,Task B ,1,2,0,0,4.00E-05,2,37.31256822,0,1.277380438,1,3
3,audio,Task B ,2,2,0,0,0.00019,1,137.5482293,0,-0.454597252,3,6
3,audio,Task B ,2,2,0,0,0.00041,1,359.574631,0,-0.356525432,4,6
3,audio,Task B ,2,1,0,0,4.00E-05,1,211.2984969,0,-0.38584481,1,5
3,audio,Task B ,2,4,0,0,0.00019,1,98.46119479,0,0.291848441,3,8
4,audio,Task B ,1,1,1,0,4.00E-05,1,85.3515192,0,-0.262975157,1,4
4,audio,Task B ,1,1,0,0,4.00E-05,2,283.7369647,0,2.006154079,1,4
4,audio,Task B ,1,3,1,0,0.00019,1,184.4930324,0,0.189240058,3,2
4,audio,Task B ,1,1,1,0,4.00E-05,1,293.1011954,0,0.152495781,1,4
4,audio,Task B ,2,1,0,0,4.00E-05,1,256.4418036,0,0.222474337,1,5
4,audio,Task B ,1,1,1,0,4.00E-05,1,119.1262549,0,0.255887594,1,4
5,audio,Task B ,2,1,1,0,9.00E-05,2,175.425028,0,-0.225886418,2,5
5,audio,Task B ,2,1,1,0,9.00E-05,2,356.5019725,0,-0.967488577,2,5
5,audio,Task B ,2,1,1,0,4.00E-05,2,208.9073844,0,2.287590252,1,5
5,audio,Task B ,1,1,1,0,4.00E-05,1,359.6819142,0,-0.256487768,1,4
5,audio,Task B ,1,1,1,0,9.00E-05,1,284.9362826,0,-0.07438285,2,4
5,audio,Task B ,2,4,1,0,9.00E-05,2,38.30378161,0,1.780477191,2,8
6,audio,Task B ,2,3,1,0,9.00E-05,2,243.7660767,0,0.050304437,2,7
6,audio,Task B ,2,2,0,0,4.00E-05,1,57.46508867,0,0.052906773,1,6
6,audio,Task B ,1,3,1,0,4.00E-05,1,60.99974723,0,0.207601267,1,2
6,audio,Task B ,1,3,0,0,0.00041,2,187.8437439,0,-0.4010751,4,2
6,audio,Task B ,1,2,1,0,9.00E-05,1,100.5836599,0,-0.396309043,2,3
6,audio,Task B ,1,1,1,0,9.00E-05,1,69.2880078,0,-0.105811012,2,4
7,audio,Task B ,2,1,0,0,0.00041,1,193.5352743,0,-0.631088306,4,5
7,audio,Task B ,1,4,1,0,0.00019,1,208.6968551,0,0.226735731,3,1
7,audio,Task B ,2,4,0,0,0.00041,1,249.0478858,0,-0.582695872,4,8
7,audio,Task B ,1,1,0,0,4.00E-05,2,299.4450399,0,0.861711994,1,4
7,audio,Task B ,1,1,0,0,4.00E-05,2,180.1870081,0,-1.178718807,1,4
7,audio,Task B ,1,4,1,0,9.00E-05,1,312.1616261,0,-0.493027596,2,1
8,audio,Task B ,1,2,1,0,0.00041,1,328.5311893,0,0.044534726,4,3
8,audio,Task B ,1,1,1,0,9.00E-05,1,115.5056566,0,0.112137688,2,4
8,audio,Task B ,1,1,1,0,4.00E-05,1,198.3389788,0,-0.055758364,1,4
8,audio,Task B ,1,4,1,0,0.00041,1,165.2574594,0,0.36618333,4,1
8,audio,Task B ,1,1,1,0,4.00E-05,1,121.7970641,0,0.200933823,1,4
8,audio,Task B ,2,2,1,0,0.00041,2,33.97955316,0,-0.446727745,4,6
9,audio,Task B ,2,4,0,0,0.00041,1,319.7294674,0,-0.098044656,4,8
9,audio,Task B ,1,1,1,0,0.00019,1,98.74118155,0,-0.278761625,3,4
9,audio,Task B ,2,1,1,0,0.00019,2,194.6959571,0,1.197704178,3,5
9,audio,Task B ,2,1,0,0,4.00E-05,1,71.8152383,0,-0.1208166,1,5
9,audio,Task B ,1,4,1,0,0.00019,1,200.7862064,0,-6.12E-05,3,1
9,audio,Task B ,1,4,1,0,0.00041,1,26.95460111,0,-0.047722758,4,1
10,audio,Task B ,2,1,1,0,0.00041,2,273.6085307,0,-0.642161044,4,5
10,audio,Task B ,2,1,0,0,0.00019,1,213.3959984,0,-0.134699773,3,5
10,audio,Task B ,1,1,0,0,9.00E-05,2,111.6985745,0,0.167478901,2,4
10,audio,Task B ,2,2,1,0,0.00041,2,107.5676928,0,-0.843612288,4,6
10,audio,Task B ,2,1,0,0,0.00041,1,160.5408771,0,0.135352411,4,5
10,audio,Task B ,2,2,1,0,0.00041,2,345.0067965,0,1.985587681,4,6
1,audio,Task B ,2,4,0,0,0.00041,1,134.1496882,0,-0.530220394,4,8
1,audio,Task B ,2,4,1,0,0.00019,2,162.9410205,0,2.938122296,3,8
1,audio,Task B ,1,1,1,0,4.00E-05,1,188.9380485,0,0.088158697,1,4
1,audio,Task B ,1,2,0,0,0.00041,2,312.2213267,0,0.46759892,4,3
1,audio,Task B ,2,3,0,0,9.00E-05,1,352.7549531,0,-0.770973736,2,7
1,audio,Task B ,2,4,1,0,0.00041,2,209.9619636,0,-2.372746156,4,8
2,audio,Task B ,2,3,0,0,0.00041,1,239.9175745,0,0.64233762,4,7
2,audio,Task B ,1,2,0,0,4.00E-05,2,277.4590086,0,-2.64828371,1,3
2,audio,Task B ,1,3,1,0,0.00041,1,165.9578104,0,0.067620716,4,2
2,audio,Task B ,1,2,1,0,0.00041,1,39.65121342,0,0.190090683,4,3
2,audio,Task B ,1,2,0,0,9.00E-05,2,310.4521863,0,-0.757091579,2,3
2,audio,Task B ,2,2,1,0,4.00E-05,2,102.1230666,0,-0.604959398,1,6
3,audio,Task B ,2,2,1,0,0.00019,2,138.6259937,0,0.654707409,3,6
3,audio,Task B ,1,2,1,0,9.00E-05,1,15.26087951,0,-0.264489889,2,3
3,audio,Task B ,1,2,1,0,9.00E-05,1,69.11537432,0,-0.110127299,2,3
3,audio,Task B ,1,1,1,0,0.00019,1,345.2941065,0,-0.232403397,3,4
3,audio,Task B ,2,4,1,0,9.00E-05,2,194.7949377,0,-1.753213912,2,8
3,audio,Task B ,2,2,0,0,9.00E-05,1,291.9455698,0,-0.535554528,2,6
4,audio,Task B ,1,1,1,0,9.00E-05,1,18.28518343,0,0.387205631,2,4
4,audio,Task B ,1,1,0,0,9.00E-05,2,352.409974,0,0.093469436,2,4
4,audio,Task B ,1,1,0,0,4.00E-05,2,142.9937251,0,-0.75736112,1,4
4,audio,Task B ,1,1,0,0,4.00E-05,2,45.0526072,0,1.468413886,1,4
4,audio,Task B ,2,2,1,0,0.00019,2,343.4868701,0,-1.053543246,3,6
4,audio,Task B ,1,3,1,0,0.00019,1,349.0956173,0,-0.085513914,3,2
5,audio,Task B ,2,3,0,0,0.00019,1,212.3459043,0,0.370678377,3,7
5,audio,Task B ,2,2,0,0,0.00041,1,65.21949764,0,-0.42376318,4,6
5,audio,Task B ,2,2,1,0,0.00019,2,81.49794607,0,0.711679018,3,6
5,audio,Task B ,1,1,1,0,9.00E-05,1,159.938594,0,-0.031405471,2,4
5,audio,Task B ,1,4,1,0,0.00019,1,46.85784986,0,0.134398326,3,1
5,audio,Task B ,1,1,1,0,4.00E-05,1,43.33268828,0,-0.048760243,1,4
6,audio,Task B ,2,2,0,0,0.00019,1,263.1402198,0,0.216932909,3,6
6,audio,Task B ,1,3,0,0,9.00E-05,2,149.9197369,0,-1.243867776,2,2
6,audio,Task B ,1,3,0,0,4.00E-05,2,93.49272357,0,-0.992759442,1,2
6,audio,Task B ,2,3,0,0,9.00E-05,1,208.2280702,0,0.202613742,2,7
6,audio,Task B ,2,3,1,0,4.00E-05,2,188.3939699,0,0.882916454,1,7
6,audio,Task B ,2,1,0,0,4.00E-05,1,335.0596381,0,-0.296755925,1,5
7,audio,Task B ,1,1,1,0,4.00E-05,1,109.7031294,0,-0.217656511,1,4
7,audio,Task B ,1,4,0,0,0.00041,2,313.9313396,0,-0.05466039,4,1
7,audio,Task B ,1,1,0,0,9.00E-05,2,265.1112481,0,-1.928836405,2,4
7,audio,Task B ,1,4,0,0,0.00041,2,41.15995421,0,-0.69889211,4,1
7,audio,Task B ,1,4,0,0,0.00019,2,198.9188307,0,0.081991616,3,1
7,audio,Task B ,1,1,0,0,4.00E-05,2,331.7592007,0,0.176905385,1,4
8,audio,Task B ,1,1,0,0,4.00E-05,2,114.6619886,0,-2.446123694,1,4
8,audio,Task B ,1,1,1,0,4.00E-05,1,321.4428348,0,-0.379193155,1,4
8,audio,Task B ,1,1,0,0,9.00E-05,2,0.497930751,0,1.557292499,2,4
8,audio,Task B ,2,1,0,0,4.00E-05,1,98.67161569,0,-0.32741226,1,5
8,audio,Task B ,1,4,1,0,0.00019,1,165.1400199,0,-0.093483981,3,1
8,audio,Task B ,1,1,1,0,4.00E-05,1,90.25200757,0,0.139341703,1,4
9,audio,Task B ,2,1,0,0,4.00E-05,1,133.9367222,0,0.136865892,1,5
9,audio,Task B ,1,1,1,0,4.00E-05,1,292.6914103,0,0.082438601,1,4
9,audio,Task B ,1,1,0,0,9.00E-05,2,31.23098166,0,-1.649944553,2,4
9,audio,Task B ,1,1,1,0,4.00E-05,1,121.5241874,0,0.092096561,1,4
9,audio,Task B ,1,1,1,0,4.00E-05,1,18.19630225,0,0.088014187,1,4
9,audio,Task B ,1,1,0,0,4.00E-05,2,326.4936106,0,-2.263836496,1,4
10,audio,Task B ,2,1,1,0,0.00041,2,278.161567,0,-1.339515661,4,5
10,audio,Task B ,2,1,0,0,4.00E-05,1,146.6314631,0,0.052759599,1,5
10,audio,Task B ,1,1,0,0,0.00019,2,40.55634394,0,-0.530205287,3,4
10,audio,Task B ,1,1,1,0,0.00041,1,60.89515803,0,0.1828783,4,4
10,audio,Task B ,1,1,0,0,9.00E-05,2,351.3515626,0,0.674927792,2,4
10,audio,Task B ,2,1,1,0,0.00019,2,279.3079049,0,-1.515351806,3,5
1,audio,Task B ,1,2,1,0,0.00019,1,314.9266626,0,-0.0087679,3,3
1,audio,Task B ,2,1,1,0,0.00019,2,359.4657113,0,1.223301384,3,5
1,audio,Task B ,2,1,1,0,4.00E-05,2,304.8732029,0,-2.393426669,1,5
1,audio,Task B ,2,3,1,0,0.00019,2,192.0491578,0,-0.486401846,3,7
1,audio,Task B ,2,2,0,0,9.00E-05,1,63.40742536,0,-0.55542777,2,6
1,audio,Task B ,2,4,1,0,0.00019,2,196.5469254,0,-1.531907945,3,8
2,audio,Task B ,1,2,0,0,9.00E-05,2,196.2019423,0,-3.38184536,2,3
2,audio,Task B ,2,3,0,0,0.00019,1,262.7818331,0,-0.526808615,3,7
2,audio,Task B ,1,2,0,0,0.00019,2,229.4450667,0,1.231768304,3,3
2,audio,Task B ,2,3,0,0,0.00019,1,86.00588901,0,0.771848759,3,7
2,audio,Task B ,1,2,1,0,0.00019,1,58.4167282,0,-0.038537491,3,3
2,audio,Task B ,1,2,0,0,9.00E-05,2,188.866083,0,-0.055627584,2,3
3,audio,Task B ,2,2,0,0,9.00E-05,1,29.83470412,0,0.438849322,2,6
3,audio,Task B ,1,3,1,0,0.00041,1,148.6928024,0,0.17419938,4,2
3,audio,Task B ,1,2,0,0,4.00E-05,2,150.4458391,0,0.075526961,1,3
3,audio,Task B ,2,3,1,0,9.00E-05,2,114.784546,0,-0.766249123,2,7
3,audio,Task B ,1,4,1,0,9.00E-05,1,328.8279455,0,0.031736554,2,1
3,audio,Task B ,1,4,1,0,0.00019,1,121.2589087,0,-0.136090797,3,1
4,audio,Task B ,1,3,1,0,0.00019,1,235.0782993,0,-0.063691499,3,2
4,audio,Task B ,1,1,1,0,9.00E-05,1,340.6534641,0,-0.614891535,2,4
4,audio,Task B ,1,1,1,0,4.00E-05,1,317.4980436,0,0.041193919,1,4
4,audio,Task B ,1,3,1,0,0.00019,1,131.2498961,0,0.783226242,3,2
4,audio,Task B ,1,1,0,0,9.00E-05,2,184.5299122,0,-0.449229742,2,4
4,audio,Task B ,1,3,0,0,0.00041,2,145.6401962,0,0.521106836,4,2
5,audio,Task B ,1,3,1,0,0.00041,1,95.63692721,0,-0.02575488,4,2
5,audio,Task B ,2,4,0,0,9.00E-05,1,97.02238465,0,0.742274852,2,8
5,audio,Task B ,1,3,1,0,9.00E-05,1,242.1903156,0,-0.362739667,2,2
5,audio,Task B ,1,2,0,0,0.00041,2,217.6694687,0,-0.159298253,4,3
5,audio,Task B ,1,3,1,0,0.00019,1,144.8917853,0,-0.024310292,3,2
5,audio,Task B ,2,2,1,0,0.00041,2,110.462196,0,1.087472415,4,6
6,audio,Task B ,1,2,0,0,4.00E-05,2,282.7583247,0,-1.639253608,1,3
6,audio,Task B ,1,3,0,0,9.00E-05,2,37.56515406,0,-1.149742439,2,2
6,audio,Task B ,2,3,1,0,0.00041,2,106.3138938,0,-1.115626364,4,7
6,audio,Task B ,1,2,0,0,0.00019,2,186.9364029,0,-1.409927594,3,3
6,audio,Task B ,1,2,0,0,0.00019,2,141.6968786,0,-0.526451023,3,3
6,audio,Task B ,2,3,1,0,0.00019,2,241.1242413,0,0.244890283,3,7
7,audio,Task B ,1,1,0,0,4.00E-05,2,59.24995393,0,0.00520507,1,4
7,audio,Task B ,1,4,1,0,0.00041,1,281.7422259,0,-0.100618591,4,1
7,audio,Task B ,1,1,1,0,9.00E-05,1,224.436979,0,0.757801309,2,4
7,audio,Task B ,2,4,1,0,0.00019,2,212.2668561,0,0.475609666,3,8
7,audio,Task B ,1,4,1,0,0.00019,1,316.2691034,0,0.079610533,3,1
7,audio,Task B ,1,1,1,0,0.00041,1,327.6351409,0,-0.304643566,4,4
8,audio,Task B ,1,4,1,0,0.00041,1,266.0555254,0,-0.509294755,4,1
8,audio,Task B ,2,3,1,0,0.00041,2,332.6161425,0,2.575349963,4,7
8,audio,Task B ,2,1,1,0,9.00E-05,2,305.8259716,0,-0.619063221,2,5
8,audio,Task B ,2,4,1,0,0.00019,2,193.7897371,0,1.561762891,3,8
8,audio,Task B ,1,4,1,0,0.00019,1,124.3241866,0,0.397730345,3,1
8,audio,Task B ,2,2,0,0,0.00019,1,36.51372397,0,-0.13189142,3,6
9,audio,Task B ,1,1,0,0,9.00E-05,2,65.00047848,0,1.346155043,2,4
9,audio,Task B ,2,1,0,0,4.00E-05,1,256.204095,0,0.449995711,1,5
9,audio,Task B ,1,1,1,0,0.00019,1,326.1041402,0,0.049520814,3,4
9,audio,Task B ,1,1,0,0,4.00E-05,2,26.85968729,0,-0.140238553,1,4
9,audio,Task B ,1,4,0,0,0.00041,2,237.1934479,0,0.082911926,4,1
9,audio,Task B ,1,4,0,0,0.00041,2,135.7030123,0,0.604404907,4,1
10,audio,Task B ,2,1,0,0,0.00019,1,325.4953739,0,0.497857108,3,5
10,audio,Task B ,1,1,0,0,4.00E-05,2,334.8813026,0,0.361737178,1,4
10,audio,Task B ,2,2,1,0,0.00019,2,136.610764,0,0.419857165,3,6
10,audio,Task B ,2,1,1,0,0.00019,2,105.5384883,0,0.047026888,3,5
10,audio,Task B ,1,1,1,0,4.00E-05,1,102.3773729,0,0.161108923,1,4
10,audio,Task B ,1,1,0,0,0.00019,2,211.3238736,0,-0.131156116,3,4
1,audio,Task B ,1,2,1,0,4.00E-05,1,70.08673804,0,0.085680645,1,3
1,audio,Task B ,1,3,1,0,9.00E-05,1,132.558448,0,0.356277836,2,2
1,audio,Task B ,2,2,0,0,0.00041,1,72.29817691,0,0.513455599,4,6
1,audio,Task B ,1,2,1,0,0.00019,1,320.2465057,0,0.415793292,3,3
1,audio,Task B ,1,2,0,0,4.00E-05,2,358.21619,0,0.88039381,1,3
1,audio,Task B ,1,2,1,0,0.00019,1,146.3814836,0,0.512797182,3,3
2,audio,Task B ,1,3,1,0,0.00041,1,250.178525,0,0.210083646,4,2
2,audio,Task B ,1,3,1,0,9.00E-05,1,180.6443824,0,0.195580619,2,2
2,audio,Task B ,2,2,1,0,0.00019,2,176.7085358,0,-1.207654047,3,6
2,audio,Task B ,1,2,1,0,0.00041,1,5.386892657,0,-0.056847718,4,3
2,audio,Task B ,1,1,0,0,9.00E-05,2,155.4693924,0,-1.551202443,2,4
2,audio,Task B ,1,2,1,0,4.00E-05,1,96.53635598,0,-0.371272561,1,3
3,audio,Task B ,2,3,1,0,0.00019,2,315.9472596,0,-1.954813686,3,7
3,audio,Task B ,2,4,1,0,4.00E-05,2,302.726745,0,-1.45157019,1,8
3,audio,Task B ,1,4,1,0,0.00019,1,287.8404076,0,0.025391164,3,1
3,audio,Task B ,1,2,0,0,4.00E-05,2,351.6219798,0,-0.115099878,1,3
3,audio,Task B ,2,4,1,0,0.00041,2,229.5912323,0,2.5651314,4,8
3,audio,Task B ,1,4,1,0,9.00E-05,1,298.3985204,0,-0.136288401,2,1
4,audio,Task B ,1,2,0,0,0.00019,2,220.7442202,0,1.125108726,3,3
4,audio,Task B ,1,1,1,0,0.00019,1,91.22831098,0,0.835928938,3,4
4,audio,Task B ,2,3,1,0,0.00019,2,221.5345833,0,1.218942922,3,7
4,audio,Task B ,1,2,1,0,4.00E-05,1,198.1385252,0,-0.110226872,1,3
4,audio,Task B ,1,3,0,0,9.00E-05,2,319.8992162,0,0.31298109,2,2
4,audio,Task B ,1,3,0,0,0.00019,2,94.53333369,0,-1.232869087,3,2
5,audio,Task B ,1,2,1,0,9.00E-05,1,352.4923381,0,0.284369907,2,3
5,audio,Task B ,1,4,1,0,4.00E-05,1,128.3497522,0,0.040554824,1,1
5,audio,Task B ,2,1,1,0,4.00E-05,2,319.0203614,0,1.382860696,1,5
5,audio,Task B ,1,2,0,0,9.00E-05,2,116.1765977,0,-0.474107582,2,3
5,audio,Task B ,2,2,0,0,0.00041,1,71.89677343,0,0.617069938,4,6
5,audio,Task B ,1,2,0,0,0.00019,2,1.725646401,0,-0.62591437,3,3
6,audio,Task B ,1,3,0,0,4.00E-05,2,149.2045459,0,0.101028337,1,2
6,audio,Task B ,2,3,1,0,0.00019,2,138.315597,0,2.146899707,3,7
6,audio,Task B ,2,2,1,0,0.00041,2,163.6888062,0,-0.39366923,4,6
6,audio,Task B ,1,3,1,0,0.00019,1,207.6781324,0,0.416642105,3,2
6,audio,Task B ,1,1,0,0,0.00019,2,252.3169525,0,2.746688429,3,4
6,audio,Task B ,2,4,1,0,0.00019,2,141.7191704,0,1.533853122,3,8
7,audio,Task B ,2,4,0,0,0.00041,1,330.4854929,0,-0.533443835,4,8
7,audio,Task B ,1,1,0,0,4.00E-05,2,306.9809402,0,-1.913917588,1,4
7,audio,Task B ,1,1,1,0,9.00E-05,1,159.2828594,0,0.004830827,2,4
7,audio,Task B ,1,4,1,0,0.00019,1,258.8941403,0,-0.193624317,3,1
7,audio,Task B ,1,1,1,0,4.00E-05,1,137.4505521,0,-0.4605161,1,4
7,audio,Task B ,2,4,0,0,0.00019,1,277.3727439,0,0.371540219,3,8
8,audio,Task B ,1,1,1,0,0.00019,1,171.4441437,0,-0.099066641,3,4
8,audio,Task B ,1,3,1,0,0.00041,1,48.37956859,0,-0.298017874,4,2
8,audio,Task B ,1,1,0,0,9.00E-05,2,141.7470032,0,-1.543266764,2,4
8,audio,Task B ,2,4,1,0,0.00041,2,88.49260225,0,-2.364467468,4,8
8,audio,Task B ,2,3,0,0,0.00041,1,97.10266429,0,0.307097337,4,7
8,audio,Task B ,2,4,1,0,0.00041,2,44.77029492,0,1.642891487,4,8
9,audio,Task B ,2,4,1,0,0.00019,2,274.199903,0,1.959377344,3,8
9,audio,Task B ,1,4,1,0,0.00019,1,216.2931489,0,0.124447712,3,1
9,audio,Task B ,2,4,1,0,0.00019,2,251.9975306,0,2.439466355,3,8
9,audio,Task B ,1,1,1,0,0.00019,1,320.3401604,0,0.228210853,3,4
9,audio,Task B ,1,1,1,0,0.00019,1,129.7227625,0,-0.271421279,3,4
9,audio,Task B ,1,1,1,0,4.00E-05,1,197.2572931,0,-0.157126087,1,4
10,audio,Task B ,1,1,1,0,4.00E-05,1,116.1910547,0,0.063669358,1,4
10,audio,Task B ,2,1,0,0,0.00019,1,336.7674374,0,0.486501033,3,5
10,audio,Task B ,2,1,1,0,0.00041,2,152.030189,0,-1.148071056,4,5
10,audio,Task B ,1,1,1,0,9.00E-05,1,340.1289674,0,-0.199715819,2,4
10,audio,Task B ,2,1,1,0,0.00019,2,67.0051512,0,-0.583746786,3,5
10,audio,Task B ,1,1,1,0,4.00E-05,1,65.92833806,0,0.069960695,1,4
1,audio,Task B ,2,1,0,0,0.00019,1,257.15985,0,0.731038152,3,5
1,audio,Task B ,2,2,0,0,0.00019,1,12.36270329,0,-0.432868785,3,6
1,audio,Task B ,2,4,1,0,9.00E-05,2,297.7357122,0,3.54070523,2,8
1,audio,Task B ,2,1,0,0,0.00041,1,261.7411624,0,0.151814368,4,5
1,audio,Task B ,1,2,0,0,0.00041,2,179.1730046,0,-0.075532284,4,3
1,audio,Task B ,2,4,1,0,9.00E-05,2,223.732089,0,1.42693614,2,8
2,audio,Task B ,2,2,0,0,9.00E-05,1,169.2799393,0,-0.175707132,2,6
2,audio,Task B ,2,1,0,0,0.00019,1,109.0162877,0,-0.541091426,3,5
2,audio,Task B ,2,3,0,0,0.00041,1,99.21866218,0,0.576188161,4,7
2,audio,Task B ,1,2,1,0,9.00E-05,1,219.4260839,0,-0.005194476,2,3
2,audio,Task B ,2,3,0,0,0.00019,1,349.4600242,0,0.264769722,3,7
2,audio,Task B ,1,2,0,0,4.00E-05,2,359.4935213,0,-0.457587241,1,3
3,audio,Task B ,2,3,1,0,4.00E-05,2,97.99001524,0,2.472752851,1,7
3,audio,Task B ,1,3,1,0,0.00041,1,32.15453674,0,-0.381193572,4,2
3,audio,Task B ,1,3,0,0,0.00019,2,58.22535076,0,0.385044086,3,2
3,audio,Task B ,2,1,0,0,4.00E-05,1,209.2059144,0,0.008388033,1,5
3,audio,Task B ,2,1,1,0,0.00019,2,213.4683265,0,0.909564377,3,5
3,audio,Task B ,1,1,1,0,4.00E-05,1,291.5928999,0,-0.16438488,1,4
4,audio,Task B ,1,2,0,0,0.00041,2,317.5499213,0,-0.160465774,4,3
4,audio,Task B ,1,1,1,0,4.00E-05,1,125.9624459,0,-0.134862779,1,4
4,audio,Task B ,1,2,0,0,0.00041,2,238.0506421,0,0.933249672,4,3
4,audio,Task B ,2,3,1,0,0.00041,2,154.7899087,0,-0.719954121,4,7
4,audio,Task B ,1,1,1,0,4.00E-05,1,99.25912106,0,0.270758816,1,4
4,audio,Task B ,1,3,1,0,0.00019,1,1.263052357,0,0.352765903,3,2
5,audio,Task B ,2,4,1,0,0.00041,2,334.7623582,0,1.267025586,4,8
5,audio,Task B ,2,1,1,0,4.00E-05,2,226.2740716,0,2.287092264,1,5
5,audio,Task B ,1,1,0,0,9.00E-05,2,229.6130522,0,-0.438946774,2,4
5,audio,Task B ,2,1,1,0,4.00E-05,2,291.2486074,0,1.250804295,1,5
5,audio,Task B ,2,4,1,0,0.00041,2,92.49210598,0,0.521804271,4,8
5,audio,Task B ,2,1,1,0,4.00E-05,2,149.6727986,0,-0.530553567,1,5
6,audio,Task B ,1,3,1,0,9.00E-05,1,359.8723673,0,0.469204501,2,2
6,audio,Task B ,2,3,1,0,4.00E-05,2,57.28449371,0,0.6240327,1,7
6,audio,Task B ,2,4,0,0,0.00041,1,237.3229601,0,0.387705081,4,8
6,audio,Task B ,1,3,1,0,0.00019,1,190.8661628,0,0.137792893,3,2
6,audio,Task B ,2,2,0,0,4.00E-05,1,225.0870639,0,0.146963936,1,6
6,audio,Task B ,2,3,1,0,0.00019,2,25.71880831,0,1.65992044,3,7
7,audio,Task B ,2,4,1,0,0.00041,2,162.227226,0,-1.295472189,4,8
7,audio,Task B ,1,1,1,0,9.00E-05,1,185.7756382,0,-0.092708819,2,4
7,audio,Task B ,1,4,1,0,0.00019,1,192.7931397,0,0.278033516,3,1
7,audio,Task B ,1,1,0,0,9.00E-05,2,62.66332955,0,0.371696008,2,4
7,audio,Task B ,1,4,1,0,0.00019,1,255.7630996,0,-0.072535583,3,1
7,audio,Task B ,2,4,1,0,0.00019,2,27.85585524,0,1.321032429,3,8
8,audio,Task B ,1,1,0,0,4.00E-05,2,52.97654318,0,-0.048986835,1,4
8,audio,Task B ,1,1,0,0,9.00E-05,2,130.1790548,0,1.678306067,2,4
8,audio,Task B ,1,1,0,0,0.00041,2,250.0212476,0,-1.279322416,4,4
8,audio,Task B ,1,1,0,0,4.00E-05,2,342.0139411,0,-1.032270772,1,4
8,audio,Task B ,1,1,1,0,9.00E-05,1,89.42492148,0,-0.309176176,2,4
8,audio,Task B ,2,1,1,0,4.00E-05,2,280.7621629,0,0.424761627,1,5
9,audio,Task B ,1,1,1,0,0.00019,1,287.6559829,0,0.222413948,3,4
9,audio,Task B ,1,1,1,0,4.00E-05,1,195.1192868,0,0.176710086,1,4
9,audio,Task B ,2,4,0,0,0.00041,1,288.2947876,0,0.050942988,4,8
9,audio,Task B ,2,1,1,0,9.00E-05,2,52.94378618,0,-0.63283788,2,5
9,audio,Task B ,1,1,1,0,4.00E-05,1,70.96627378,0,0.119296805,1,4
9,audio,Task B ,1,3,1,0,9.00E-05,1,231.5916423,0,0.7438304,2,2
10,audio,Task B ,1,1,0,0,4.00E-05,2,161.137326,0,0.536018924,1,4
10,audio,Task B ,1,1,1,0,4.00E-05,1,297.5810073,0,0.146335096,1,4
10,audio,Task B ,1,1,1,0,9.00E-05,1,13.5195465,0,-0.046299268,2,4
10,audio,Task B ,2,4,1,0,0.00041,2,207.242669,0,1.624179976,4,8
10,audio,Task B ,1,1,1,0,9.00E-05,1,65.3814578,0,-0.247270616,2,4
10,audio,Task B ,1,1,1,0,9.00E-05,1,347.6788479,0,0.327190846,2,4
1,audio,Task B ,2,4,0,0,0.00019,1,245.1959265,0,0.895209522,3,8
1,audio,Task B ,1,2,0,0,4.00E-05,2,187.6467572,0,-0.84731074,1,3
1,audio,Task B ,1,2,0,0,9.00E-05,2,98.23094674,0,0.737263549,2,3
1,audio,Task B ,2,4,1,0,0.00041,2,238.4105481,0,-0.414147877,4,8
1,audio,Task B ,1,3,0,0,0.00019,2,50.85139166,0,-0.019794023,3,2
1,audio,Task B ,1,2,1,0,9.00E-05,1,358.6331172,0,0.819443178,2,3
2,audio,Task B ,1,3,0,0,0.00041,2,115.6256562,0,0.32207032,4,2
2,audio,Task B ,1,2,1,0,4.00E-05,1,65.15150716,0,0.25108355,1,3
2,audio,Task B ,2,2,0,0,9.00E-05,1,69.88355392,0,0.39619345,2,6
2,audio,Task B ,1,3,1,0,0.00019,1,204.0927328,0,-0.276054906,3,2
2,audio,Task B ,2,3,1,0,0.00041,2,188.153062,0,-2.379560015,4,7
2,audio,Task B ,1,2,1,0,0.00041,1,115.9736489,0,-0.167930485,4,3
3,audio,Task B ,1,2,0,0,4.00E-05,2,170.506665,0,0.056797574,1,3
3,audio,Task B ,1,3,0,0,0.00019,2,352.1319478,0,-0.046857841,3,2
3,audio,Task B ,2,4,1,0,0.00041,2,58.16940575,0,-1.096445878,4,8
3,audio,Task B ,1,3,1,0,9.00E-05,1,353.8327262,0,-0.263076459,2,2
3,audio,Task B ,2,3,1,0,9.00E-05,2,39.24808225,0,-0.337488288,2,7
3,audio,Task B ,1,1,1,0,0.00041,1,76.55127076,0,0.26568257,4,4
4,audio,Task B ,1,1,1,0,9.00E-05,1,290.33546,0,-0.642557648,2,4
4,audio,Task B ,1,1,0,0,4.00E-05,2,291.9838361,0,-0.208601357,1,4
4,audio,Task B ,1,3,0,0,0.00041,2,277.0366589,0,1.165326378,4,2
4,audio,Task B ,1,3,1,0,9.00E-05,1,19.14445708,0,0.271023735,2,2
4,audio,Task B ,1,1,0,0,9.00E-05,2,4.761474974,0,0.611390991,2,4
4,audio,Task B ,2,4,1,0,0.00041,2,214.8345668,0,-2.269222198,4,8
5,audio,Task B ,1,3,1,0,0.00019,1,271.1079991,0,-0.070359098,3,2
5,audio,Task B ,1,4,1,0,0.00019,1,68.28865151,0,-0.033473333,3,1
5,audio,Task B ,1,1,0,0,9.00E-05,2,161.9804615,0,0.416561844,2,4
5,audio,Task B ,2,1,1,0,0.00019,2,209.5347288,0,-2.387767102,3,5
5,audio,Task B ,2,1,0,0,4.00E-05,1,48.14577287,0,0.019047107,1,5
5,audio,Task B ,2,4,1,0,0.00041,2,172.3107353,0,-1.151047556,4,8
6,audio,Task B ,1,3,1,0,0.00041,1,164.5547761,0,0.157535976,4,2
6,audio,Task B ,1,3,1,0,0.00019,1,288.2601396,0,-0.035759762,3,2
6,audio,Task B ,1,3,0,0,0.00019,2,28.7697831,0,0.524211433,3,2
6,audio,Task B ,2,3,0,0,9.00E-05,1,128.9203403,0,0.292856388,2,7
6,audio,Task B ,2,3,1,0,0.00019,2,336.7961432,0,1.625770674,3,7
6,audio,Task B ,2,3,0,0,0.00041,1,201.3231112,0,0.039315553,4,7
7,audio,Task B ,1,4,1,0,0.00019,1,56.93172619,0,-0.061685409,3,1
7,audio,Task B ,1,1,0,0,4.00E-05,2,227.7357175,0,0.003345031,1,4
7,audio,Task B ,2,4,1,0,9.00E-05,2,10.99812851,0,1.765579411,2,8
7,audio,Task B ,1,4,1,0,0.00019,1,319.2692998,0,0.566122929,3,1
7,audio,Task B ,1,4,0,0,9.00E-05,2,289.9633091,0,-0.35687207,2,1
7,audio,Task B ,2,4,1,0,0.00019,2,327.4644725,0,2.10389469,3,8
8,audio,Task B ,2,4,1,0,0.00019,2,163.6892242,0,2.421324037,3,8
8,audio,Task B ,2,1,1,0,9.00E-05,2,346.7274299,0,-2.340628196,2,5
8,audio,Task B ,1,1,1,0,0.00019,1,345.9874841,0,0.012168351,3,4
8,audio,Task B ,1,4,1,0,0.00041,1,69.44672711,0,-0.555676291,4,1
8,audio,Task B ,2,4,0,0,9.00E-05,1,172.1691014,0,-0.093156059,2,8
8,audio,Task B ,2,1,0,0,4.00E-05,1,83.1203768,0,-0.046270458,1,5
9,audio,Task B ,1,4,0,0,0.00041,2,123.4803128,0,0.671767747,4,1
9,audio,Task B ,1,1,0,0,4.00E-05,2,279.0711886,0,0.437466683,1,4
9,audio,Task B ,2,1,1,0,4.00E-05,2,290.9097893,0,-0.956750546,1,5
9,audio,Task B ,2,4,1,0,9.00E-05,2,329.2888997,0,2.382066686,2,8
9,audio,Task B ,2,1,1,0,4.00E-05,2,258.3586494,0,-0.855038055,1,5
9,audio,Task B ,1,4,1,0,0.00019,1,308.1267896,0,0.233965696,3,1
10,audio,Task B ,1,1,0,0,9.00E-05,2,49.20800466,0,-1.244368717,2,4
10,audio,Task B ,2,2,0,0,0.00041,1,121.0452198,0,0.185222707,4,6
10,audio,Task B ,1,2,1,0,0.00019,1,0.960294621,0,0.493160135,3,3
10,audio,Task B ,1,1,0,0,0.00019,2,171.5599187,0,-0.035255949,3,4
10,audio,Task B ,1,1,1,0,0.00019,1,225.9675604,0,0.016973215,3,4
10,audio,Task B ,1,1,1,0,9.00E-05,1,168.8087263,0,-0.005469034,2,4
1,audio,Task B ,2,3,1,0,0.00019,2,161.6826152,0,-0.776539903,3,7
1,audio,Task B ,1,2,1,0,9.00E-05,1,165.4104994,0,-0.177978423,2,3
1,audio,Task B ,2,2,1,0,4.00E-05,2,256.7119941,0,-0.995293926,1,6
1,audio,Task B ,2,3,1,0,0.00019,2,59.38773849,0,1.74420291,3,7
1,audio,Task B ,1,3,1,0,0.00019,1,129.2333591,0,0.280096792,3,2
1,audio,Task B ,2,2,1,0,4.00E-05,2,130.3204779,0,-1.16292393,1,6
2,audio,Task B ,2,3,0,0,4.00E-05,1,196.7863522,0,-0.488230486,1,7
2,audio,Task B ,1,3,0,0,9.00E-05,2,79.31487847,0,1.228252459,2,2
2,audio,Task B ,1,3,0,0,0.00041,2,101.9157667,0,0.846068713,4,2
2,audio,Task B ,1,3,0,0,9.00E-05,2,333.5929736,0,-1.399723864,2,2
2,audio,Task B ,2,1,0,0,4.00E-05,1,1.607761544,0,-0.010223871,1,5
2,audio,Task B ,1,2,1,0,9.00E-05,1,293.2410532,0,-0.071835591,2,3
3,audio,Task B ,1,4,0,0,9.00E-05,2,196.1997216,0,0.023990204,2,1
3,audio,Task B ,1,2,0,0,9.00E-05,2,151.9159607,0,-0.393295363,2,3
3,audio,Task B ,2,4,1,0,0.00019,2,222.8136485,0,-1.812112128,3,8
3,audio,Task B ,2,3,0,0,0.00041,1,91.81800751,0,-0.51756478,4,7
3,audio,Task B ,2,3,1,0,9.00E-05,2,98.87018236,0,1.193299457,2,7
3,audio,Task B ,1,2,1,0,4.00E-05,1,7.329403071,0,0.160128933,1,3
4,audio,Task B ,1,1,1,0,9.00E-05,1,326.323436,0,-0.007582869,2,4
4,audio,Task B ,1,1,0,0,4.00E-05,2,285.8529178,0,-1.187777903,1,4
4,audio,Task B ,1,3,1,0,0.00041,1,318.4091736,0,0.024963674,4,2
4,audio,Task B ,1,1,0,0,4.00E-05,2,43.15169932,0,1.848713456,1,4
4,audio,Task B ,1,3,1,0,0.00019,1,87.71196758,0,-0.178734996,3,2
4,audio,Task B ,1,2,0,0,9.00E-05,2,264.3280072,0,-0.145034729,2,3
5,audio,Task B ,1,1,1,0,4.00E-05,1,123.064912,0,-0.121833979,1,4
5,audio,Task B ,2,2,1,0,0.00019,2,305.5512887,0,-2.310595718,3,6
5,audio,Task B ,2,4,1,0,4.00E-05,2,332.3438603,0,1.135865352,1,8
5,audio,Task B ,2,1,1,0,4.00E-05,2,267.7059707,0,0.969309823,1,5
5,audio,Task B ,1,1,0,0,9.00E-05,2,151.4555728,0,-1.78216683,2,4
5,audio,Task B ,2,4,1,0,0.00019,2,151.2535948,0,-0.462675648,3,8
6,audio,Task B ,2,2,1,0,9.00E-05,2,231.1613261,0,0.43020557,2,6
6,audio,Task B ,1,2,0,0,0.00019,2,215.4601746,0,0.383793709,3,3
6,audio,Task B ,2,3,0,0,0.00041,1,132.0471266,0,-0.017702706,4,7
6,audio,Task B ,1,3,1,0,0.00019,1,296.7691309,0,0.183434036,3,2
6,audio,Task B ,2,2,1,0,4.00E-05,2,32.71011657,0,-0.309084947,1,6
6,audio,Task B ,1,3,0,0,0.00019,2,353.6710951,0,-0.896899918,3,2
7,audio,Task B ,1,1,1,0,4.00E-05,1,304.6315305,0,0.5029124,1,4
7,audio,Task B ,1,4,0,0,9.00E-05,2,251.2955961,0,0.876984319,2,1
7,audio,Task B ,2,1,0,0,9.00E-05,1,223.3767911,0,-0.347694073,2,5
7,audio,Task B ,1,4,1,0,0.00041,1,56.0917604,0,0.251423109,4,1
7,audio,Task B ,1,1,1,0,9.00E-05,1,41.23600899,0,0.122474032,2,4
7,audio,Task B ,2,4,1,0,0.00019,2,334.37681,0,-1.474092253,3,8
8,audio,Task B ,1,1,0,0,0.00041,2,325.6802617,0,-0.137177624,4,4
8,audio,Task B ,1,3,1,0,0.00041,1,54.49308521,0,-0.398896028,4,2
8,audio,Task B ,1,1,0,0,9.00E-05,2,128.8131261,0,-0.18269567,2,4
8,audio,Task B ,2,3,1,0,0.00041,2,286.5268081,0,-0.902912095,4,7
8,audio,Task B ,1,1,1,0,9.00E-05,1,298.180789,0,0.28951259,2,4
8,audio,Task B ,1,1,0,0,9.00E-05,2,339.811996,0,0.432523564,2,4
9,audio,Task B ,1,4,0,0,0.00041,2,292.8277878,0,-0.530242509,4,1
9,audio,Task B ,1,4,0,0,0.00041,2,292.3366274,0,1.273516917,4,1
9,audio,Task B ,2,4,0,0,0.00041,1,173.3480571,0,0.068950471,4,8
9,audio,Task B ,1,4,0,0,0.00041,2,280.7364155,0,0.454663296,4,1
9,audio,Task B ,2,4,1,0,0.00019,2,282.2833656,0,0.648526857,3,8
9,audio,Task B ,1,3,1,0,0.00041,1,330.1725511,0,0.183790804,4,2
10,audio,Task B ,2,1,1,0,0.00019,2,239.676604,0,-1.415650941,3,5
10,audio,Task B ,2,1,1,0,0.00019,2,296.0795764,0,0.70134779,3,5
10,audio,Task B ,1,1,1,0,4.00E-05,1,167.5736042,0,0.184922757,1,4
10,audio,Task B ,1,1,1,0,9.00E-05,1,121.6522392,0,-0.038443811,2,4
10,audio,Task B ,2,1,1,0,0.00041,2,126.8371644,0,1.371138543,4,5
10,audio,Task B ,1,1,1,0,9.00E-05,1,152.0568976,0,-0.083345027,2,4
1,audio,Task B ,1,2,1,0,9.00E-05,1,8.239464989,0,-0.026802822,2,3
1,audio,Task B ,2,4,1,0,9.00E-05,2,79.73231775,0,-2.434858143,2,8
1,audio,Task B ,2,3,1,0,0.00019,2,80.1954285,0,-1.459972764,3,7
1,audio,Task B ,2,1,0,0,4.00E-05,1,133.3852041,0,0.060519751,1,5
1,audio,Task B ,1,2,1,0,0.00041,1,279.5146076,0,0.643457134,4,3
1,audio,Task B ,2,4,1,0,0.00041,2,270.0494872,0,-1.702717464,4,8
2,audio,Task B ,2,4,1,0,0.00019,2,59.0814114,0,1.088047756,3,8
2,audio,Task B ,1,2,0,0,4.00E-05,2,16.96059108,0,0.624939541,1,3
2,audio,Task B ,2,3,1,0,0.00041,2,50.96873251,0,2.247669074,4,7
2,audio,Task B ,2,2,1,0,0.00019,2,302.3851945,0,-0.645001994,3,6
2,audio,Task B ,1,2,0,0,9.00E-05,2,334.459929,0,-0.185315195,2,3
2,audio,Task B ,2,4,0,0,0.00019,1,17.35775571,0,0.241548145,3,8
3,audio,Task B ,2,1,1,0,4.00E-05,2,38.1645656,0,3.627883144,1,5
3,audio,Task B ,2,4,1,0,0.00041,2,75.46554235,0,-2.17986539,4,8
3,audio,Task B ,2,4,1,0,0.00041,2,36.51207605,0,-0.932746069,4,8
3,audio,Task B ,2,3,0,0,0.00019,1,287.4155412,0,0.489406269,3,7
3,audio,Task B ,2,1,1,0,0.00041,2,1.919212396,0,-1.456839907,4,5
3,audio,Task B ,1,1,1,0,4.00E-05,1,173.6264261,0,0.029648269,1,4
4,audio,Task B ,1,1,0,0,9.00E-05,2,133.7109149,0,0.459238432,2,4
4,audio,Task B ,1,1,1,0,9.00E-05,1,73.09699966,0,-0.286148728,2,4
4,audio,Task B ,1,1,0,0,4.00E-05,2,151.3912459,0,2.898094306,1,4
4,audio,Task B ,1,3,1,0,0.00019,1,301.1100325,0,-0.37594295,3,2
4,audio,Task B ,1,3,0,0,9.00E-05,2,196.1044393,0,0.265451751,2,2
4,audio,Task B ,1,3,1,0,0.00041,1,345.8570523,0,0.796193037,4,2
5,audio,Task B ,1,3,0,0,9.00E-05,2,31.44950813,0,0.462214304,2,2
5,audio,Task B ,1,4,0,0,0.00041,2,162.1839597,0,-0.126069696,4,1
5,audio,Task B ,1,4,1,0,0.00041,1,147.8056533,0,0.082242034,4,1
5,audio,Task B ,1,3,1,0,0.00019,1,64.43335699,0,-0.568690562,3,2
5,audio,Task B ,1,1,0,0,9.00E-05,2,142.8470089,0,-0.291512482,2,4
5,audio,Task B ,2,1,0,0,4.00E-05,1,61.59983832,0,-0.441960975,1,5
6,audio,Task B ,2,2,0,0,0.00019,1,259.0956327,0,0.225703342,3,6
6,audio,Task B ,1,3,0,0,0.00019,2,11.5404466,0,0.601724168,3,2
6,audio,Task B ,1,3,1,0,9.00E-05,1,327.1841357,0,-0.339556462,2,2
6,audio,Task B ,1,3,0,0,4.00E-05,2,128.82989,0,0.096923275,1,2
6,audio,Task B ,1,1,1,0,9.00E-05,1,249.0131776,0,-0.246951499,2,4
6,audio,Task B ,2,4,0,0,0.00019,1,13.37970138,0,0.121677452,3,8
7,audio,Task B ,1,1,0,0,4.00E-05,2,345.7982255,0,2.915978866,1,4
7,audio,Task B ,2,4,0,0,0.00041,1,359.36815,0,-0.006961236,4,8
7,audio,Task B ,1,1,0,0,9.00E-05,2,155.9048769,0,-0.38016386,2,4
7,audio,Task B ,1,4,0,0,0.00041,2,213.2812815,0,-0.259193686,4,1
7,audio,Task B ,2,4,1,0,0.00041,2,45.17401928,0,-0.724338033,4,8
7,audio,Task B ,1,4,0,0,0.00041,2,96.47190346,0,1.109781503,4,1
8,audio,Task B ,2,1,0,0,4.00E-05,1,305.8735774,0,-0.407854247,1,5
8,audio,Task B ,1,1,0,0,0.00041,2,116.1254019,0,-2.778168717,4,4
8,audio,Task B ,1,1,1,0,0.00041,1,232.971365,0,-0.215730678,4,4
8,audio,Task B ,1,2,1,0,0.00041,1,129.7693069,0,-0.120898678,4,3
8,audio,Task B ,2,1,1,0,9.00E-05,2,189.1481319,0,0.64960284,2,5
8,audio,Task B ,2,4,0,0,0.00041,1,38.1130875,0,0.117749589,4,8
9,audio,Task B ,2,1,1,0,4.00E-05,2,281.1956786,0,0.664074552,1,5
9,audio,Task B ,2,1,0,0,0.00019,1,160.5765911,0,0.088020437,3,5
9,audio,Task B ,2,4,0,0,0.00041,1,311.5684732,0,-0.481695035,4,8
9,audio,Task B ,1,1,0,0,0.00019,2,349.0080928,0,1.522620931,3,4
9,audio,Task B ,1,1,0,0,9.00E-05,2,138.2237023,0,0.758566746,2,4
9,audio,Task B ,2,2,1,0,9.00E-05,2,82.85725318,0,-1.957751285,2,6
10,audio,Task B ,1,1,0,0,9.00E-05,2,209.5354754,0,0.099922364,2,4
10,audio,Task B ,1,1,1,0,9.00E-05,1,224.0948422,0,0.496212602,2,4
10,audio,Task B ,1,1,0,0,9.00E-05,2,355.7180301,0,0.763223275,2,4
10,audio,Task B ,2,1,0,0,0.00019,1,118.0437114,0,0.182569215,3,5
10,audio,Task B ,1,1,0,0,4.00E-05,2,152.7860475,0,1.074883099,1,4
10,audio,Task B ,1,1,1,0,0.00019,1,270.5428093,0,-0.231204117,3,4
1,audio,Task B ,2,4,1,0,0.00041,2,91.16046649,0,-0.856161828,4,8
1,audio,Task B ,1,1,1,0,0.00019,1,114.8749853,0,-0.756937773,3,4
1,audio,Task B ,1,2,1,0,4.00E-05,1,158.3498515,0,-0.122048345,1,3
1,audio,Task B ,1,3,1,0,0.00041,1,48.03180899,0,0.048405278,4,2
1,audio,Task B ,1,3,1,0,4.00E-05,1,194.4482816,0,0.388519211,1,2
1,audio,Task B ,1,2,1,0,0.00041,1,354.1490778,0,0.710832475,4,3
2,audio,Task B ,1,3,1,0,4.00E-05,1,263.0679692,0,-0.249780525,1,2
2,audio,Task B ,1,3,0,0,4.00E-05,2,149.9783519,0,-2.066495143,1,2
2,audio,Task B ,1,2,1,0,0.00019,1,225.2697745,0,0.067807223,3,3
2,audio,Task B ,1,3,0,0,0.00041,2,318.3900036,0,-0.396330356,4,2
2,audio,Task B ,1,2,1,0,9.00E-05,1,111.5223968,0,-0.064366602,2,3
2,audio,Task B ,1,2,0,0,0.00019,2,121.8658205,0,-1.118912868,3,3
3,audio,Task B ,1,1,0,0,0.00019,2,356.4820764,0,-0.452224236,3,4
3,audio,Task B ,1,3,1,0,0.00019,1,355.3408586,0,0.181249723,3,2
3,audio,Task B ,2,4,1,0,0.00041,2,156.9807921,0,-0.381553343,4,8
3,audio,Task B ,2,4,1,0,9.00E-05,2,147.5096199,0,1.320852063,2,8
3,audio,Task B ,2,4,1,0,4.00E-05,2,352.8808223,0,-0.66982972,1,8
3,audio,Task B ,2,3,0,0,0.00019,1,68.14333325,0,-0.587962676,3,7
4,audio,Task B ,1,1,1,0,9.00E-05,1,60.42294738,0,-0.050614081,2,4
4,audio,Task B ,1,1,1,0,9.00E-05,1,115.203147,0,-0.12261756,2,4
4,audio,Task B ,1,1,0,0,4.00E-05,2,170.406173,0,-1.571667231,1,4
4,audio,Task B ,2,2,1,0,0.00019,2,239.9697121,0,-0.960172169,3,6
4,audio,Task B ,1,2,0,0,4.00E-05,2,328.7059843,0,-0.083873317,1,3
4,audio,Task B ,1,3,0,0,9.00E-05,2,260.9841887,0,1.752728111,2,2
5,audio,Task B ,2,4,0,0,9.00E-05,1,100.9474513,0,-0.843601236,2,8
5,audio,Task B ,1,1,0,0,4.00E-05,2,233.9040046,0,0.877355601,1,4
5,audio,Task B ,2,4,1,0,0.00019,2,208.8785107,0,1.008268871,3,8
5,audio,Task B ,2,1,1,0,4.00E-05,2,305.0746283,0,-1.441360146,1,5
5,audio,Task B ,2,1,1,0,4.00E-05,2,13.61476785,0,0.168359844,1,5
5,audio,Task B ,1,3,1,0,0.00041,1,24.67942507,0,-0.271691686,4,2
6,audio,Task B ,2,2,0,0,0.00019,1,33.97185018,0,0.210480902,3,6
6,audio,Task B ,2,3,0,0,0.00019,1,108.535056,0,-0.336534032,3,7
6,audio,Task B ,1,3,0,0,9.00E-05,2,306.2326628,0,-2.468594114,2,2
6,audio,Task B ,2,2,1,0,4.00E-05,2,354.0335263,0,-2.12343496,1,6
6,audio,Task B ,1,3,1,0,0.00019,1,216.1437557,0,-0.339583375,3,2
6,audio,Task B ,2,4,1,0,0.00019,2,149.4815269,0,1.91885301,3,8
7,audio,Task B ,1,4,1,0,0.00019,1,55.60469987,0,-0.498856223,3,1
7,audio,Task B ,1,1,1,0,9.00E-05,1,47.357871,0,0.218044743,2,4
7,audio,Task B ,1,4,1,0,0.00019,1,148.4947336,0,0.000979811,3,1
7,audio,Task B ,1,1,1,0,9.00E-05,1,213.5976302,0,0.118563008,2,4
7,audio,Task B ,1,1,1,0,4.00E-05,1,318.0803016,0,-0.722053818,1,4
7,audio,Task B ,1,4,1,0,0.00019,1,102.9059042,0,0.248020803,3,1
8,audio,Task B ,2,1,0,0,9.00E-05,1,267.8516073,0,-0.12678869,2,5
8,audio,Task B ,2,1,0,0,9.00E-05,1,249.6124616,0,-0.026141718,2,5
8,audio,Task B ,2,2,1,0,0.00041,2,130.8041761,0,-2.296594033,4,6
8,audio,Task B ,2,1,1,0,9.00E-05,2,153.3464655,0,-0.459250387,2,5
8,audio,Task B ,2,4,1,0,9.00E-05,2,219.037384,0,0.240778354,2,8
8,audio,Task B ,1,1,0,0,9.00E-05,2,255.6506433,0,0.467975723,2,4
9,audio,Task B ,1,1,0,0,0.00041,2,108.8259234,0,1.290202919,4,4
9,audio,Task B ,1,1,0,0,4.00E-05,2,242.6562334,0,0.583029384,1,4
9,audio,Task B ,1,4,1,0,0.00041,1,241.8805486,0,0.277086014,4,1
9,audio,Task B ,1,4,0,0,9.00E-05,2,295.1668515,0,1.83141141,2,1
9,audio,Task B ,1,1,0,0,0.00019,2,241.2256427,0,-0.920291528,3,4
9,audio,Task B ,2,1,1,0,4.00E-05,2,199.2224556,0,0.06592664,1,5
10,audio,Task B ,1,1,0,0,0.00019,2,326.8520543,0,1.521968151,3,4
10,audio,Task B ,1,1,0,0,4.00E-05,2,96.92302376,0,-1.353567937,1,4
10,audio,Task B ,1,1,0,0,0.00041,2,109.2263581,0,0.150616936,4,4
10,audio,Task B ,1,1,0,0,9.00E-05,2,121.3400115,0,0.720071598,2,4
10,audio,Task B ,1,1,1,0,9.00E-05,1,30.7497611,0,0.015239262,2,4
10,audio,Task B ,2,1,1,0,0.00041,2,100.0312302,0,-0.641196436,4,5
1,audio,Task B ,2,1,1,0,4.00E-05,2,250.9629779,0,-2.122210592,1,5
1,audio,Task B ,2,4,0,0,0.00019,1,60.45627202,0,-0.637703007,3,8
1,audio,Task B ,1,3,0,0,0.00019,2,127.4017082,0,0.729412885,3,2
1,audio,Task B ,1,2,1,0,4.00E-05,1,258.5297164,0,-0.150106818,1,3
1,audio,Task B ,2,3,1,0,0.00041,2,178.5882128,0,-0.699311957,4,7
1,audio,Task B ,2,3,1,0,9.00E-05,2,266.0300657,0,-1.58117897,2,7
2,audio,Task B ,2,3,1,0,0.00041,2,276.7997739,0,0.585797323,4,7
2,audio,Task B ,2,1,1,0,0.00041,2,142.2074591,0,-3.510698751,4,5
2,audio,Task B ,2,1,1,0,4.00E-05,2,110.1077924,0,1.451111146,1,5
2,audio,Task B ,1,2,1,0,0.00019,1,259.2996953,0,0.374133863,3,3
2,audio,Task B ,1,1,0,0,4.00E-05,2,197.4861358,0,0.685049696,1,4
2,audio,Task B ,1,2,1,0,9.00E-05,1,64.55984448,0,0.26376764,2,3
3,audio,Task B ,1,3,1,0,9.00E-05,1,339.3997816,0,0.269462137,2,2
3,audio,Task B ,1,2,0,0,0.00019,2,56.74535222,0,0.38157729,3,3
3,audio,Task B ,1,2,1,0,0.00041,1,85.33337389,0,0.271102605,4,3
3,audio,Task B ,1,3,1,0,9.00E-05,1,243.9743928,0,-0.442158259,2,2
3,audio,Task B ,1,1,1,0,4.00E-05,1,63.83174497,0,-0.318126973,1,4
3,audio,Task B ,1,3,1,0,9.00E-05,1,124.6098578,0,-0.117107196,2,2
4,audio,Task B ,1,1,1,0,4.00E-05,1,235.6924522,0,0.278283674,1,4
4,audio,Task B ,1,3,1,0,0.00019,1,300.6514481,0,-0.089373833,3,2
4,audio,Task B ,1,3,1,0,0.00041,1,276.5624388,0,0.721103531,4,2
4,audio,Task B ,1,3,0,0,0.00019,2,89.98896498,0,0.512589156,3,2
4,audio,Task B ,1,3,1,0,9.00E-05,1,319.1752381,0,0.340272922,2,2
4,audio,Task B ,1,3,0,0,9.00E-05,2,327.2301159,0,-1.710612823,2,2
5,audio,Task B ,2,3,0,0,0.00041,1,16.57586168,0,-0.532493107,4,7
5,audio,Task B ,2,2,0,0,0.00019,1,247.0350401,0,0.383740048,3,6
5,audio,Task B ,2,4,1,0,0.00019,2,331.7794575,0,1.854683469,3,8
5,audio,Task B ,2,3,1,0,0.00019,2,258.4913448,0,1.453460901,3,7
5,audio,Task B ,2,3,1,0,0.00041,2,193.9416643,0,-0.755171375,4,7
5,audio,Task B ,1,1,0,0,9.00E-05,2,321.8193836,0,1.000634863,2,4
6,audio,Task B ,2,2,0,0,4.00E-05,1,333.8079805,0,0.132444523,1,6
6,audio,Task B ,2,3,1,0,4.00E-05,2,197.9419343,0,0.353342158,1,7
6,audio,Task B ,1,2,1,0,4.00E-05,1,210.7250139,0,0.095592844,1,3
6,audio,Task B ,1,3,1,0,0.00041,1,167.4862993,0,0.063906933,4,2
6,audio,Task B ,1,3,1,0,9.00E-05,1,194.7374432,0,-0.006800961,2,2
6,audio,Task B ,2,4,1,0,0.00041,2,190.6445915,0,1.38868555,4,8
7,audio,Task B ,1,1,0,0,4.00E-05,2,116.0064853,0,1.635257102,1,4
7,audio,Task B ,1,4,1,0,0.00019,1,280.591443,0,-0.110562108,3,1
7,audio,Task B ,1,4,1,0,0.00019,1,209.1254739,0,-0.199544746,3,1
7,audio,Task B ,2,4,1,0,0.00041,2,276.825792,0,0.745632613,4,8
7,audio,Task B ,1,1,0,0,0.00019,2,249.0369984,0,-3.126541015,3,4
7,audio,Task B ,2,4,1,0,0.00041,2,153.4979323,0,-2.789958161,4,8
8,audio,Task B ,1,1,0,0,4.00E-05,2,75.3523701,0,0.599221353,1,4
8,audio,Task B ,1,1,1,0,4.00E-05,1,100.6283944,0,0.151939407,1,4
8,audio,Task B ,1,1,1,0,0.00041,1,322.5058334,0,-0.138436756,4,4
8,audio,Task B ,2,2,0,0,0.00019,1,1.878629652,0,-0.721549914,3,6
8,audio,Task B ,1,1,1,0,9.00E-05,1,270.5148044,0,0.12342438,2,4
8,audio,Task B ,1,1,0,0,4.00E-05,2,329.1904321,0,0.559556402,1,4
9,audio,Task B ,1,4,1,0,0.00041,1,294.9839872,0,0.363280564,4,1
9,audio,Task B ,1,4,1,0,9.00E-05,1,218.649282,0,0.132414198,2,1
9,audio,Task B ,1,1,0,0,0.00019,2,253.2259586,0,2.705932057,3,4
9,audio,Task B ,1,4,1,0,9.00E-05,1,297.212723,0,0.197213522,2,1
9,audio,Task B ,1,1,1,0,9.00E-05,1,110.3500978,0,0.209038515,2,4
9,audio,Task B ,2,1,0,0,0.00019,1,110.310504,0,-0.343745779,3,5
10,audio,Task B ,1,1,1,0,0.00041,1,14.49982688,0,-0.549319404,4,4
10,audio,Task B ,2,1,0,0,4.00E-05,1,349.9549452,0,0.078659793,1,5
10,audio,Task B ,1,1,0,0,4.00E-05,2,218.3131928,0,2.063013846,1,4
10,audio,Task B ,2,2,1,0,0.00041,2,255.1061625,0,1.081573638,4,6
10,audio,Task B ,2,2,1,0,0.00041,2,97.52508511,0,1.28565409,4,6
10,audio,Task B ,1,1,0,0,0.00041,2,301.5801153,0,-0.177705124,4,4
1,audio,Task B ,1,1,1,0,4.00E-05,1,211.1838213,0,0.322018821,1,4
1,audio,Task B ,1,2,0,0,4.00E-05,2,254.6819157,0,-0.733350354,1,3
1,audio,Task B ,1,3,1,0,0.00041,1,164.4552937,0,-0.119540696,4,2
1,audio,Task B ,1,2,0,0,9.00E-05,2,292.2150415,0,0.26584317,2,3
1,audio,Task B ,2,3,1,0,0.00041,2,48.78269606,0,-0.957426212,4,7
1,audio,Task B ,2,4,1,0,9.00E-05,2,351.0668098,0,-0.952931943,2,8
2,audio,Task B ,1,3,1,0,9.00E-05,1,273.7277284,0,-0.359305065,2,2
2,audio,Task B ,1,2,1,0,0.00019,1,94.5245454,0,0.624263237,3,3
2,audio,Task B ,1,2,1,0,9.00E-05,1,159.0617908,0,0.228205545,2,3
2,audio,Task B ,1,2,1,0,9.00E-05,1,142.4153085,0,-0.092577103,2,3
2,audio,Task B ,2,4,1,0,0.00041,2,273.8189266,0,0.945398409,4,8
2,audio,Task B ,1,2,0,0,0.00019,2,157.4433791,0,0.361080689,3,3
3,audio,Task B ,2,4,1,0,0.00019,2,209.1061446,0,-2.443699943,3,8
3,audio,Task B ,2,4,1,0,0.00019,2,298.1207529,0,-1.458235039,3,8
3,audio,Task B ,1,2,1,0,0.00041,1,280.8834943,0,0.328242314,4,3
3,audio,Task B ,1,1,1,0,4.00E-05,1,249.5985064,0,-0.556414336,1,4
3,audio,Task B ,1,2,1,0,4.00E-05,1,43.52034928,0,-0.243825805,1,3
3,audio,Task B ,2,2,0,0,4.00E-05,1,342.4327254,0,0.38124797,1,6
4,audio,Task B ,1,1,0,0,4.00E-05,2,323.5603983,0,0.437007996,1,4
4,audio,Task B ,1,1,0,0,9.00E-05,2,228.7231109,0,0.57117102,2,4
4,audio,Task B ,1,3,1,0,0.00019,1,105.4723595,0,0.683010438,3,2
4,audio,Task B ,2,3,1,0,9.00E-05,2,44.52402578,0,-1.591648769,2,7
4,audio,Task B ,1,3,1,0,0.00041,1,247.8195159,0,0.075941117,4,2
4,audio,Task B ,1,1,1,0,4.00E-05,1,272.4833445,0,-0.0211583,1,4
5,audio,Task B ,1,1,0,0,4.00E-05,2,231.3203776,0,-1.158029361,1,4
5,audio,Task B ,2,1,1,0,9.00E-05,2,309.7511537,0,2.958948101,2,5
5,audio,Task B ,1,1,0,0,9.00E-05,2,173.3300262,0,0.303278417,2,4
5,audio,Task B ,2,4,1,0,0.00041,2,194.7883417,0,-1.454437209,4,8
5,audio,Task B ,2,2,0,0,9.00E-05,1,17.73603991,0,0.364208851,2,6
5,audio,Task B ,2,1,0,0,4.00E-05,1,238.1533812,0,-0.14673861,1,5
6,audio,Task B ,1,3,1,0,0.00041,1,144.9220667,0,-0.388242672,4,2
6,audio,Task B ,1,3,1,0,4.00E-05,1,332.5220849,0,0.021875391,1,2
6,audio,Task B ,2,3,0,0,0.00019,1,284.6275008,0,-0.384808964,3,7
6,audio,Task B ,2,3,0,0,9.00E-05,1,302.2544814,0,0.131499663,2,7
6,audio,Task B ,2,4,1,0,0.00041,2,91.43274321,0,1.690531837,4,8
6,audio,Task B ,1,2,0,0,9.00E-05,2,13.45410786,0,-2.075860813,2,3
7,audio,Task B ,1,4,1,0,0.00041,1,139.7028307,0,-0.280461375,4,1
7,audio,Task B ,2,4,1,0,0.00041,2,130.5114911,0,1.350746313,4,8
7,audio,Task B ,1,4,0,0,0.00041,2,237.5860068,0,-1.341931632,4,1
7,audio,Task B ,2,4,1,0,9.00E-05,2,39.97746526,0,3.597859444,2,8
7,audio,Task B ,2,4,0,0,0.00019,1,149.5310709,0,-0.550029203,3,8
7,audio,Task B ,1,4,1,0,0.00019,1,133.7336588,0,0.380289001,3,1
8,audio,Task B ,1,1,0,0,4.00E-05,2,163.0491019,0,-0.655996108,1,4
8,audio,Task B ,1,1,1,0,4.00E-05,1,104.0014583,0,-0.192017946,1,4
8,audio,Task B ,2,1,0,0,4.00E-05,1,227.614022,0,-0.740167451,1,5
8,audio,Task B ,1,3,0,0,0.00041,2,314.34287,0,-0.389197871,4,2
8,audio,Task B ,1,1,0,0,4.00E-05,2,62.48293179,0,2.061222487,1,4
8,audio,Task B ,2,1,1,0,9.00E-05,2,285.5854299,0,-1.75829073,2,5
9,audio,Task B ,2,4,1,0,0.00041,2,314.2838376,0,1.81636734,4,8
9,audio,Task B ,1,3,1,0,9.00E-05,1,279.7025261,0,0.061305771,2,2
9,audio,Task B ,1,1,0,0,4.00E-05,2,76.91053074,0,0.15429979,1,4
9,audio,Task B ,1,1,1,0,9.00E-05,1,174.246823,0,-0.467319405,2,4
9,audio,Task B ,2,4,1,0,0.00041,2,343.4193064,0,0.753208403,4,8
9,audio,Task B ,1,1,1,0,9.00E-05,1,305.15043,0,0.64664705,2,4
10,audio,Task B ,1,1,0,0,4.00E-05,2,125.4366782,0,0.246978042,1,4
10,audio,Task B ,1,1,1,0,4.00E-05,1,351.6506895,0,-0.100162651,1,4
10,audio,Task B ,2,2,1,0,0.00041,2,5.181413583,0,-1.30105823,4,6
10,audio,Task B ,1,1,0,0,9.00E-05,2,40.98717502,0,-0.175613803,2,4
10,audio,Task B ,1,1,1,0,4.00E-05,1,252.0241501,0,-0.565931965,1,4
10,audio,Task B ,1,1,0,0,9.00E-05,2,169.7315818,0,-0.895882618,2,4
1,audio,Task B ,2,4,1,0,0.00019,2,25.5319631,0,1.478520273,3,8
1,audio,Task B ,1,3,1,0,9.00E-05,1,76.35100665,0,0.191424047,2,2
1,audio,Task B ,2,3,1,0,0.00019,2,21.48129567,0,1.507103716,3,7
1,audio,Task B ,2,3,1,0,0.00019,2,208.5901081,0,-0.950640311,3,7
1,audio,Task B ,1,3,1,0,9.00E-05,1,200.0861624,0,0.127375762,2,2
1,audio,Task B ,1,2,0,0,0.00019,2,273.5667116,0,0.133023387,3,3
2,audio,Task B ,1,1,1,0,9.00E-05,1,56.68916078,0,-0.7604474,2,4
2,audio,Task B ,1,3,0,0,9.00E-05,2,247.4998715,0,0.442873524,2,2
2,audio,Task B ,2,2,1,0,0.00041,2,97.97366859,0,1.079823135,4,6
2,audio,Task B ,1,3,1,0,4.00E-05,1,42.52826121,0,-0.082058701,1,2
2,audio,Task B ,1,2,0,0,9.00E-05,2,121.3386123,0,0.208708192,2,3
2,audio,Task B ,2,3,1,0,0.00041,2,144.6265659,0,-1.623148072,4,7
3,audio,Task B ,2,1,1,0,4.00E-05,2,79.05790644,0,0.841429139,1,5
3,audio,Task B ,2,1,1,0,0.00041,2,276.0672501,0,-0.94127793,4,5
3,audio,Task B ,2,4,1,0,0.00041,2,241.6502416,0,-3.148675699,4,8
3,audio,Task B ,2,4,1,0,9.00E-05,2,119.5611862,0,-0.927910683,2,8
3,audio,Task B ,1,2,1,0,0.00019,1,208.0757114,0,-0.107758167,3,3
3,audio,Task B ,2,4,1,0,0.00019,2,165.7877269,0,-0.673491251,3,8
4,audio,Task B ,1,2,1,0,0.00019,1,325.1862968,0,-0.271621861,3,3
4,audio,Task B ,2,3,1,0,0.00041,2,141.6897461,0,1.467223067,4,7
4,audio,Task B ,1,1,0,0,4.00E-05,2,331.5967805,0,1.539926771,1,4
4,audio,Task B ,1,3,1,0,4.00E-05,1,256.2752285,0,0.265531329,1,2
4,audio,Task B ,1,1,0,0,4.00E-05,2,37.09657817,0,2.344118972,1,4
4,audio,Task B ,1,3,1,0,0.00041,1,322.7688275,0,-0.054862509,4,2
5,audio,Task B ,1,1,0,0,9.00E-05,2,190.5850422,0,-0.303359933,2,4
5,audio,Task B ,1,1,1,0,4.00E-05,1,164.4249736,0,0.39968339,1,4
5,audio,Task B ,1,2,1,0,4.00E-05,1,57.35181242,0,-0.376501374,1,3
5,audio,Task B ,2,1,0,0,9.00E-05,1,266.773085,0,0.54015885,2,5
5,audio,Task B ,2,3,1,0,0.00041,2,93.25738966,0,1.273719742,4,7
5,audio,Task B ,1,3,1,0,0.00019,1,71.97582994,0,-0.269315076,3,2
6,audio,Task B ,2,2,0,0,0.00041,1,12.15294026,0,0.860760856,4,6
6,audio,Task B ,2,3,1,0,4.00E-05,2,225.2280478,0,-1.006330329,1,7
6,audio,Task B ,1,3,0,0,9.00E-05,2,107.0853313,0,0.859809842,2,2
6,audio,Task B ,1,3,1,0,4.00E-05,1,111.2099493,0,-0.121027994,1,2
6,audio,Task B ,1,3,1,0,0.00019,1,195.2305828,0,0.358715527,3,2
6,audio,Task B ,1,2,1,0,0.00041,1,118.5200515,0,0.378871082,4,3
7,audio,Task B ,1,4,0,0,9.00E-05,2,167.2629215,0,1.735318646,2,1
7,audio,Task B ,1,1,0,0,4.00E-05,2,298.919739,0,0.825161931,1,4
7,audio,Task B ,2,4,0,0,0.00041,1,207.6772431,0,0.690894346,4,8
7,audio,Task B ,1,4,1,0,0.00019,1,328.2234146,0,0.253820955,3,1
7,audio,Task B ,1,4,1,0,0.00019,1,210.0503074,0,-0.064088687,3,1
7,audio,Task B ,2,4,0,0,9.00E-05,1,170.7875348,0,-0.000400751,2,8
8,audio,Task B ,2,1,0,0,4.00E-05,1,346.9470552,0,-0.485389435,1,5
8,audio,Task B ,2,1,0,0,4.00E-05,1,148.0199295,0,0.098406595,1,5
8,audio,Task B ,2,3,0,0,0.00041,1,338.7074551,0,-0.029257762,4,7
8,audio,Task B ,2,1,0,0,4.00E-05,1,339.2751717,0,-0.176288401,1,5
8,audio,Task B ,1,1,1,0,9.00E-05,1,163.7408855,0,0.494554038,2,4
8,audio,Task B ,1,1,1,0,0.00019,1,49.88117237,0,0.040108331,3,4
9,audio,Task B ,1,1,0,0,0.00019,2,240.1930714,0,-3.483909744,3,4
9,audio,Task B ,2,1,0,0,4.00E-05,1,10.47541921,0,-0.433435424,1,5
9,audio,Task B ,1,4,1,0,0.00041,1,34.51863193,0,0.398586424,4,1
9,audio,Task B ,1,1,0,0,0.00041,2,155.9332959,0,-2.3700617,4,4
9,audio,Task B ,1,1,0,0,0.00019,2,328.9169179,0,-0.763235572,3,4
9,audio,Task B ,2,1,1,0,4.00E-05,2,134.0575894,0,0.599725388,1,5
10,audio,Task B ,1,1,0,0,4.00E-05,2,66.67338681,0,-1.29071732,1,4
10,audio,Task B ,2,2,1,0,0.00019,2,213.3442421,0,0.694496202,3,6
10,audio,Task B ,2,2,0,0,0.00019,1,196.9783917,0,-0.430028766,3,6
10,audio,Task B ,1,1,0,0,0.00019,2,143.8040754,0,-0.016073913,3,4
10,audio,Task B ,2,2,1,0,0.00041,2,201.8141528,0,-1.286263326,4,6
10,audio,Task B ,2,2,1,0,0.00019,2,145.1128634,0,0.597373599,3,6
1,audio,Task B ,1,4,0,0,9.00E-05,2,90.74239397,0,0.046769364,2,1
1,audio,Task B ,1,3,1,0,0.00041,1,104.1708214,0,0.334735039,4,2
1,audio,Task B ,2,2,0,0,0.00019,1,162.5084182,0,0.882044344,3,6
1,audio,Task B ,1,2,0,0,4.00E-05,2,250.9235755,0,0.280133271,1,3
1,audio,Task B ,2,3,1,0,9.00E-05,2,170.5875735,0,3.080850512,2,7
1,audio,Task B ,1,2,1,0,0.00019,1,5.347578631,0,0.146843663,3,3
2,audio,Task B ,2,3,1,0,0.00019,2,137.257066,0,-0.075784028,3,7
2,audio,Task B ,1,2,1,0,4.00E-05,1,150.894041,0,0.610505079,1,3
2,audio,Task B ,1,2,0,0,4.00E-05,2,295.9350799,0,1.013730344,1,3
2,audio,Task B ,1,2,1,0,0.00019,1,293.2267322,0,-0.09336857,3,3
2,audio,Task B ,2,2,1,0,0.00019,2,289.3556136,0,-0.539207797,3,6
2,audio,Task B ,2,3,1,0,9.00E-05,2,22.50134242,0,2.292244383,2,7
3,audio,Task B ,1,4,0,0,0.00019,2,240.3532143,0,0.276480532,3,1
3,audio,Task B ,1,3,0,0,0.00019,2,204.1139194,0,0.473157565,3,2
3,audio,Task B ,2,3,1,0,9.00E-05,2,39.06514219,0,0.466427902,2,7
3,audio,Task B ,2,1,0,0,0.00019,1,142.2593495,0,-0.483124839,3,5
3,audio,Task B ,2,3,1,0,0.00019,2,170.1369095,0,-0.632679731,3,7
3,audio,Task B ,2,2,1,0,0.00019,2,156.0725786,0,0.590467288,3,6
4,audio,Task B ,1,1,1,0,4.00E-05,1,42.87291886,0,-0.024014466,1,4
4,audio,Task B ,1,3,1,0,0.00041,1,189.1793275,0,0.142891273,4,2
4,audio,Task B ,1,1,1,0,9.00E-05,1,193.8361484,0,-0.518627897,2,4
4,audio,Task B ,2,2,1,0,9.00E-05,2,124.7863515,0,1.317886515,2,6
4,audio,Task B ,1,3,1,0,9.00E-05,1,330.9654246,0,0.325391624,2,2
4,audio,Task B ,1,1,0,0,4.00E-05,2,222.1499021,0,-0.18927006,1,4
5,audio,Task B ,1,1,1,0,9.00E-05,1,254.5127271,0,0.110186115,2,4
5,audio,Task B ,1,1,0,0,9.00E-05,2,85.64636265,0,-1.376678391,2,4
5,audio,Task B ,1,3,1,0,0.00041,1,138.0389783,0,-0.349796539,4,2
5,audio,Task B ,1,1,1,0,0.00041,1,29.62728652,0,0.594942687,4,4
5,audio,Task B ,2,1,1,0,4.00E-05,2,242.3847521,0,0.7883984,1,5
5,audio,Task B ,2,2,0,0,4.00E-05,1,245.8450307,0,-0.821975991,1,6
6,audio,Task B ,1,2,0,0,0.00019,2,333.8369937,0,-0.14919266,3,3
6,audio,Task B ,1,3,1,0,0.00041,1,224.3702471,0,0.488727161,4,2
6,audio,Task B ,2,3,1,0,9.00E-05,2,204.3082586,0,0.733395151,2,7
6,audio,Task B ,2,3,0,0,9.00E-05,1,197.2734928,0,0.117485361,2,7
6,audio,Task B ,2,3,0,0,0.00019,1,208.144613,0,0.533353877,3,7
6,audio,Task B ,1,1,1,0,9.00E-05,1,75.690497,0,-0.529450317,2,4
7,audio,Task B ,1,1,1,0,9.00E-05,1,213.7020878,0,-0.540199745,2,4
7,audio,Task B ,1,4,1,0,0.00041,1,235.511082,0,-0.005553364,4,1
7,audio,Task B ,2,4,0,0,0.00041,1,59.74649833,0,0.635664905,4,8
7,audio,Task B ,2,4,1,0,0.00019,2,76.09536381,0,-0.610635521,3,8
7,audio,Task B ,1,1,0,0,4.00E-05,2,105.5115645,0,-0.22053191,1,4
7,audio,Task B ,1,1,1,0,4.00E-05,1,8.319096388,0,-0.215005063,1,4
8,audio,Task B ,1,2,0,0,0.00019,2,137.2174797,0,-0.004641726,3,3
8,audio,Task B ,1,1,0,0,4.00E-05,2,265.9292791,0,-2.132626551,1,4
8,audio,Task B ,1,1,0,0,0.00019,2,94.63953982,0,-0.419651627,3,4
8,audio,Task B ,1,1,1,0,9.00E-05,1,102.4762532,0,0.392758064,2,4
8,audio,Task B ,1,1,0,0,4.00E-05,2,264.4525638,0,0.399853889,1,4
8,audio,Task B ,1,4,1,0,0.00041,1,69.82058466,0,-0.114406155,4,1
9,audio,Task B ,1,4,0,0,9.00E-05,2,185.5214102,0,0.714317919,2,1
9,audio,Task B ,1,4,0,0,9.00E-05,2,51.29428266,0,-0.466713471,2,1
9,audio,Task B ,1,1,0,0,4.00E-05,2,193.6622773,0,1.525184754,1,4
9,audio,Task B ,1,4,1,0,0.00041,1,5.933322298,0,0.161544691,4,1
9,audio,Task B ,1,4,1,0,4.00E-05,1,174.7261385,0,-0.164784787,1,1
9,audio,Task B ,1,3,1,0,9.00E-05,1,1.957815516,0,-0.294494479,2,2
10,audio,Task B ,1,1,0,0,0.00019,2,127.246573,0,0.247941416,3,4
10,audio,Task B ,1,1,1,0,0.00019,1,323.727088,0,0.032846583,3,4
10,audio,Task B ,1,1,1,0,0.00019,1,230.6840612,0,0.294393667,3,4
10,audio,Task B ,1,1,1,0,9.00E-05,1,264.6048418,0,0.471975766,2,4
10,audio,Task B ,1,1,1,0,9.00E-05,1,325.9804854,0,0.61722349,2,4
10,audio,Task B ,1,1,1,0,0.00041,1,113.0513653,0,0.0970064,4,4
1,audio,Task B ,2,3,1,0,0.00041,2,239.7443523,0,-1.983734317,4,7
1,audio,Task B ,1,1,1,0,4.00E-05,1,159.5425522,0,0.263318059,1,4
1,audio,Task B ,1,3,1,0,0.00019,1,152.7691279,0,0.395465648,3,2
1,audio,Task B ,2,1,0,0,0.00041,1,23.50494309,0,-0.694476562,4,5
1,audio,Task B ,2,1,0,0,4.00E-05,1,320.8433098,0,-0.647803548,1,5
1,audio,Task B ,2,3,1,0,4.00E-05,2,243.5751709,0,-0.786042458,1,7
2,audio,Task B ,1,2,1,0,0.00019,1,41.76157005,0,0.649624963,3,3
2,audio,Task B ,1,2,1,0,0.00041,1,328.415919,0,-0.397360146,4,3
2,audio,Task B ,1,3,1,0,9.00E-05,1,189.1892213,0,0.265293507,2,2
2,audio,Task B ,2,3,1,0,0.00041,2,223.149378,0,-1.360074718,4,7
2,audio,Task B ,1,2,1,0,0.00041,1,59.6192319,0,0.092915408,4,3
2,audio,Task B ,2,1,1,0,0.00019,2,218.4492736,0,-4.331037391,3,5
3,audio,Task B ,1,2,1,0,0.00019,1,341.312926,0,-0.021532502,3,3
3,audio,Task B ,2,2,0,0,0.00019,1,111.5583334,0,-0.472793339,3,6
3,audio,Task B ,1,3,1,0,9.00E-05,1,147.642922,0,-0.031994637,2,2
3,audio,Task B ,2,4,1,0,4.00E-05,2,171.4962048,0,2.028142538,1,8
3,audio,Task B ,1,4,1,0,9.00E-05,1,139.1332341,0,-0.092568362,2,1
3,audio,Task B ,1,2,1,0,0.00041,1,181.2687933,0,0.385457666,4,3
4,audio,Task B ,1,1,1,0,9.00E-05,1,158.3049687,0,-0.059447701,2,4
4,audio,Task B ,1,3,1,0,0.00041,1,118.6700259,0,0.058929454,4,2
4,audio,Task B ,1,3,1,0,0.00019,1,54.00699767,0,-0.399518505,3,2
4,audio,Task B ,1,3,0,0,0.00019,2,216.2534055,0,0.442785622,3,2
4,audio,Task B ,1,3,0,0,0.00019,2,136.3075265,0,0.893249386,3,2
4,audio,Task B ,1,1,1,0,4.00E-05,1,151.6871504,0,0.051849808,1,4
5,audio,Task B ,2,4,1,0,9.00E-05,2,323.9948973,0,1.281372348,2,8
5,audio,Task B ,1,4,1,0,0.00041,1,195.5086645,0,-0.218085299,4,1
5,audio,Task B ,1,3,1,0,0.00041,1,38.41541255,0,-0.14603546,4,2
5,audio,Task B ,1,1,1,0,9.00E-05,1,185.0327502,0,0.326433618,2,4
5,audio,Task B ,1,4,1,0,0.00041,1,319.7934626,0,-0.229876472,4,1
5,audio,Task B ,2,1,1,0,4.00E-05,2,337.768233,0,0.397467415,1,5
6,audio,Task B ,2,2,0,0,0.00019,1,184.5543524,0,0.533621774,3,6
6,audio,Task B ,1,3,0,0,0.00041,2,190.1549768,0,-0.303777839,4,2
6,audio,Task B ,2,3,0,0,9.00E-05,1,277.2280355,0,0.16886348,2,7
6,audio,Task B ,1,3,1,0,0.00041,1,322.5057368,0,-0.367983901,4,2
6,audio,Task B ,2,4,1,0,0.00041,2,266.1131625,0,-2.5148652,4,8
6,audio,Task B ,1,2,0,0,9.00E-05,2,14.09853886,0,0.736434054,2,3
7,audio,Task B ,1,4,1,0,0.00019,1,149.7510217,0,0.219773325,3,1
7,audio,Task B ,1,1,0,0,9.00E-05,2,215.4868571,0,-0.968094975,2,4
7,audio,Task B ,1,1,1,0,4.00E-05,1,230.1098606,0,-0.44675498,1,4
7,audio,Task B ,1,4,0,0,0.00019,2,325.7261611,0,0.409699296,3,1
7,audio,Task B ,2,4,1,0,0.00041,2,52.7741957,0,-2.233386462,4,8
7,audio,Task B ,2,4,1,0,0.00019,2,110.607947,0,2.362418057,3,8
8,audio,Task B ,1,1,0,0,0.00019,2,67.66418157,0,-0.911596631,3,4
8,audio,Task B ,1,1,0,0,0.00041,2,7.031824927,0,-1.80680714,4,4
8,audio,Task B ,2,1,1,0,4.00E-05,2,291.8647815,0,-1.237901044,1,5
8,audio,Task B ,1,1,0,0,0.00019,2,327.7721847,0,0.252842927,3,4
8,audio,Task B ,2,4,0,0,0.00041,1,270.7674086,0,0.134199622,4,8
8,audio,Task B ,1,1,1,0,4.00E-05,1,317.3852993,0,0.16451873,1,4
9,audio,Task B ,1,4,1,0,0.00041,1,37.22988467,0,0.255435254,4,1
9,audio,Task B ,1,1,1,0,0.00019,1,224.1120054,0,-0.641840532,3,4
9,audio,Task B ,2,1,0,0,0.00019,1,192.4734113,0,0.285350327,3,5
9,audio,Task B ,1,1,0,0,9.00E-05,2,20.87704532,0,-1.368779071,2,4
9,audio,Task B ,2,4,1,0,9.00E-05,2,267.1266063,0,0.341615254,2,8
9,audio,Task B ,1,4,0,0,0.00041,2,54.1885329,0,0.227319689,4,1
10,audio,Task B ,1,1,1,0,0.00019,1,265.0605953,0,0.088939407,3,4
10,audio,Task B ,1,1,1,0,4.00E-05,1,326.5159162,0,-0.256623728,1,4
10,audio,Task B ,2,2,1,0,4.00E-05,2,222.900018,0,1.263572036,1,6
10,audio,Task B ,1,1,1,0,0.00019,1,296.8960221,0,0.283844693,3,4
10,audio,Task B ,2,2,1,0,0.00041,2,181.0160753,0,-1.718400168,4,6
10,audio,Task B ,1,1,0,0,4.00E-05,2,246.185258,0,-0.939563306,1,4
1,audio,Task B ,2,3,1,0,0.00019,2,181.879091,0,1.075099539,3,7
1,audio,Task B ,1,3,1,0,4.00E-05,1,278.0685708,0,0.186951209,1,2
1,audio,Task B ,2,1,0,0,4.00E-05,1,298.237266,0,0.300408756,1,5
1,audio,Task B ,1,3,0,0,0.00019,2,312.205962,0,0.268064581,3,2
1,audio,Task B ,2,1,1,0,4.00E-05,2,132.3044198,0,-2.880083095,1,5
1,audio,Task B ,1,2,1,0,4.00E-05,1,153.9286641,0,-0.51562372,1,3
2,audio,Task B ,2,1,1,0,9.00E-05,2,354.6182173,0,-0.540748381,2,5
2,audio,Task B ,2,2,1,0,0.00041,2,228.1448702,0,-0.446560143,4,6
2,audio,Task B ,2,3,1,0,0.00041,2,311.6309591,0,-2.479950492,4,7
2,audio,Task B ,2,4,1,0,0.00041,2,282.0520839,0,1.437348677,4,8
2,audio,Task B ,1,2,1,0,9.00E-05,1,224.352562,0,0.727676368,2,3
2,audio,Task B ,1,2,1,0,0.00019,1,156.4249187,0,-0.363957879,3,3
3,audio,Task B ,1,1,1,0,9.00E-05,1,115.2876769,0,-0.104432033,2,4
3,audio,Task B ,1,2,1,0,4.00E-05,1,170.4819969,0,0.201146684,1,3
3,audio,Task B ,2,4,1,0,0.00041,2,282.5288987,0,2.742467037,4,8
3,audio,Task B ,1,4,0,0,0.00019,2,59.08841554,0,-0.191212785,3,1
3,audio,Task B ,1,3,1,0,0.00041,1,215.9367324,0,-0.088961817,4,2
3,audio,Task B ,2,4,1,0,9.00E-05,2,324.2750135,0,-1.481975102,2,8
4,audio,Task B ,1,3,0,0,0.00041,2,218.7770648,0,0.186037676,4,2
4,audio,Task B ,1,1,1,0,4.00E-05,1,126.0241694,0,0.079209969,1,4
4,audio,Task B ,1,1,0,0,4.00E-05,2,282.2923149,0,1.111590664,1,4
4,audio,Task B ,1,1,0,0,4.00E-05,2,241.6161696,0,0.427784282,1,4
4,audio,Task B ,1,1,1,0,4.00E-05,1,54.72293999,0,0.02102316,1,4
4,audio,Task B ,1,3,0,0,0.00041,2,348.6679611,0,-0.397449288,4,2
5,audio,Task B ,1,1,0,0,4.00E-05,2,179.0358638,0,0.02178373,1,4
5,audio,Task B ,1,2,0,0,0.00019,2,274.0691272,0,-0.733083591,3,3
5,audio,Task B ,1,1,0,0,4.00E-05,2,155.9687524,0,1.07272768,1,4
5,audio,Task B ,2,2,1,0,0.00041,2,152.9793987,0,-3.915946879,4,6
5,audio,Task B ,1,3,1,0,9.00E-05,1,194.1838696,0,-0.022283467,2,2
5,audio,Task B ,2,1,0,0,0.00041,1,20.86510904,0,0.419766947,4,5
6,audio,Task B ,2,2,0,0,0.00041,1,329.5495291,0,0.119117729,4,6
6,audio,Task B ,1,3,1,0,0.00019,1,189.6637205,0,-0.081655019,3,2
6,audio,Task B ,2,3,0,0,0.00041,1,2.881086909,0,-0.295753652,4,7
6,audio,Task B ,1,2,0,0,0.00019,2,266.4432195,0,0.932751944,3,3
6,audio,Task B ,2,2,0,0,0.00041,1,199.4882039,0,-0.066449489,4,6
6,audio,Task B ,2,4,0,0,0.00019,1,142.5597743,0,0.147253791,3,8
7,audio,Task B ,2,4,1,0,0.00019,2,208.9546381,0,-0.025717948,3,8
7,audio,Task B ,1,1,0,0,4.00E-05,2,32.70865897,0,0.701625261,1,4
7,audio,Task B ,1,4,0,0,0.00041,2,53.43586091,0,-0.419855723,4,1
7,audio,Task B ,1,1,1,0,4.00E-05,1,336.1404196,0,0.003139309,1,4
7,audio,Task B ,1,1,1,0,4.00E-05,1,106.8237056,0,-0.43730566,1,4
7,audio,Task B ,1,4,0,0,9.00E-05,2,180.4778798,0,-0.55044704,2,1
8,audio,Task B ,2,1,0,0,9.00E-05,1,32.62369522,0,-0.023087556,2,5
8,audio,Task B ,2,1,1,0,9.00E-05,2,304.8131588,0,-1.429020745,2,5
8,audio,Task B ,2,1,0,0,4.00E-05,1,303.3425037,0,-0.282944797,1,5
8,audio,Task B ,1,4,1,0,0.00041,1,80.04541027,0,0.052134879,4,1
8,audio,Task B ,1,1,0,0,4.00E-05,2,32.072061,0,-0.508537294,1,4
8,audio,Task B ,2,1,1,0,4.00E-05,2,164.9309919,0,1.006426536,1,5
9,audio,Task B ,1,3,0,0,0.00019,2,240.2918034,0,0.901036472,3,2
9,audio,Task B ,1,4,1,0,0.00019,1,218.808445,0,-0.492081622,3,1
9,audio,Task B ,1,1,1,0,4.00E-05,1,227.9328207,0,-0.148440601,1,4
9,audio,Task B ,2,1,1,0,0.00019,2,147.9915226,0,-1.539906275,3,5
9,audio,Task B ,1,1,1,0,9.00E-05,1,209.7842736,0,0.082236919,2,4
9,audio,Task B ,1,3,1,0,0.00019,1,122.5237749,0,0.327920226,3,2
10,audio,Task B ,1,1,1,0,0.00019,1,36.44519901,0,0.136211615,3,4
10,audio,Task B ,2,1,0,0,0.00019,1,20.29128942,0,-0.514781812,3,5
10,audio,Task B ,2,2,1,0,0.00041,2,334.720617,0,1.400813052,4,6
10,audio,Task B ,1,1,1,0,9.00E-05,1,140.9112275,0,-0.156880439,2,4
10,audio,Task B ,1,1,0,0,4.00E-05,2,290.6288055,0,-2.185257318,1,4
10,audio,Task B ,1,1,1,0,0.00041,1,63.83982591,0,-0.127305036,4,4
1,audio,Task B ,2,4,1,0,0.00019,2,310.6098699,0,3.161432464,3,8
1,audio,Task B ,1,3,1,0,0.00041,1,305.1722449,0,0.110872604,4,2
1,audio,Task B ,2,4,1,0,0.00041,2,127.4695738,0,2.53128128,4,8
1,audio,Task B ,1,2,1,0,9.00E-05,1,254.5219261,0,-0.023673083,2,3
1,audio,Task B ,2,4,1,0,0.00041,2,92.63871261,0,-2.395414451,4,8
1,audio,Task B ,2,4,1,0,0.00019,2,268.536194,0,-2.285275677,3,8
2,audio,Task B ,2,3,0,0,0.00041,1,339.3353131,0,-0.024039452,4,7
2,audio,Task B ,2,3,1,0,9.00E-05,2,39.99729368,0,2.435604415,2,7
2,audio,Task B ,1,2,0,0,4.00E-05,2,38.30157682,0,-0.375713566,1,3
2,audio,Task B ,2,2,1,0,0.00041,2,84.7535378,0,-0.847609417,4,6
2,audio,Task B ,1,2,1,0,0.00041,1,314.7698957,0,-0.157972022,4,3
2,audio,Task B ,1,2,1,0,0.00041,1,244.7405223,0,-0.325983367,4,3
3,audio,Task B ,1,3,0,0,4.00E-05,2,110.9656657,0,0.179991666,1,2
3,audio,Task B ,2,3,1,0,9.00E-05,2,7.494570345,0,-2.052759278,2,7
3,audio,Task B ,2,4,1,0,4.00E-05,2,44.97112159,0,0.710084099,1,8
3,audio,Task B ,1,2,0,0,0.00019,2,263.0459642,0,-0.301780741,3,3
3,audio,Task B ,2,1,1,0,0.00041,2,219.9045575,0,2.444074802,4,5
3,audio,Task B ,1,2,1,0,0.00019,1,21.18561011,0,0.47178961,3,3
4,audio,Task B ,1,2,0,0,4.00E-05,2,92.50941308,0,1.033329906,1,3
4,audio,Task B ,1,3,0,0,0.00041,2,241.0701317,0,0.654325406,4,2
4,audio,Task B ,1,3,1,0,0.00019,1,77.07992217,0,0.212472279,3,2
4,audio,Task B ,1,3,0,0,0.00041,2,348.1562128,0,0.965851741,4,2
4,audio,Task B ,1,1,1,0,4.00E-05,1,168.0359416,0,0.544802645,1,4
4,audio,Task B ,1,3,0,0,9.00E-05,2,274.4294742,0,1.293073755,2,2
5,audio,Task B ,1,1,0,0,4.00E-05,2,88.63624236,0,0.816240161,1,4
5,audio,Task B ,2,2,0,0,0.00041,1,77.87516939,0,-0.143038334,4,6
5,audio,Task B ,1,1,1,0,4.00E-05,1,324.3800411,0,-0.121281495,1,4
5,audio,Task B ,2,4,1,0,0.00041,2,38.23968316,0,1.528349147,4,8
5,audio,Task B ,1,3,0,0,0.00019,2,73.92980915,0,0.345197396,3,2
5,audio,Task B ,1,4,0,0,0.00041,2,43.75453326,0,-0.795744782,4,1
6,audio,Task B ,2,2,1,0,0.00019,2,158.8498278,0,0.379799116,3,6
6,audio,Task B ,2,2,0,0,0.00019,1,43.80282182,0,0.369305039,3,6
6,audio,Task B ,1,2,1,0,0.00019,1,64.80887407,0,-0.492819392,3,3
6,audio,Task B ,1,3,1,0,9.00E-05,1,179.0069512,0,-0.251390155,2,2
6,audio,Task B ,2,3,1,0,0.00019,2,342.1998671,0,-2.612240262,3,7
6,audio,Task B ,1,3,1,0,9.00E-05,1,35.40447993,0,0.103345857,2,2
7,audio,Task B ,1,1,0,0,9.00E-05,2,163.6773321,0,-1.21364803,2,4
7,audio,Task B ,1,4,0,0,0.00019,2,150.7621677,0,1.580669756,3,1
7,audio,Task B ,1,1,0,0,4.00E-05,2,276.8371195,0,-0.910810718,1,4
7,audio,Task B ,2,4,1,0,0.00041,2,96.78416647,0,-1.485136758,4,8
7,audio,Task B ,1,1,1,0,9.00E-05,1,59.66111539,0,-0.184991952,2,4
7,audio,Task B ,1,4,1,0,0.00041,1,39.8871893,0,-0.026251833,4,1
8,audio,Task B ,1,1,0,0,9.00E-05,2,307.6172943,0,-1.513362492,2,4
8,audio,Task B ,1,1,1,0,9.00E-05,1,325.5670948,0,0.269645881,2,4
8,audio,Task B ,1,1,0,0,4.00E-05,2,191.8184165,0,-1.946687148,1,4
8,audio,Task B ,2,4,1,0,0.00041,2,178.0254186,0,0.690128746,4,8
8,audio,Task B ,2,1,0,0,4.00E-05,1,250.0731624,0,-0.210126754,1,5
8,audio,Task B ,1,4,0,0,4.00E-05,2,83.15292528,0,1.039364039,1,1
9,audio,Task B ,1,3,1,0,0.00041,1,197.2340298,0,-0.265126083,4,2
9,audio,Task B ,2,4,1,0,0.00019,2,146.3717051,0,-1.027968438,3,8
9,audio,Task B ,1,4,1,0,0.00019,1,39.59329962,0,0.006114729,3,1
9,audio,Task B ,2,4,0,0,0.00019,1,95.166639,0,-0.086276019,3,8
9,audio,Task B ,1,1,1,0,9.00E-05,1,111.8722492,0,0.116351936,2,4
9,audio,Task B ,1,1,1,0,0.00019,1,30.56019599,0,0.135146288,3,4
10,audio,Task B ,1,1,1,0,4.00E-05,1,35.81248622,0,-0.039165494,1,4
10,audio,Task B ,1,1,0,0,9.00E-05,2,174.522358,0,-0.859142084,2,4
10,audio,Task B ,2,2,0,0,0.00019,1,114.8226077,0,-0.315785533,3,6
10,audio,Task B ,2,2,1,0,0.00019,2,143.2732939,0,-1.707113894,3,6
10,audio,Task B ,1,1,0,0,0.00019,2,174.4827717,0,0.281435288,3,4
10,audio,Task B ,1,1,1,0,0.00041,1,350.313298,0,-0.116202424,4,4
1,audio,Task B ,2,2,1,0,0.00019,2,29.20694323,0,1.266228365,3,6
1,audio,Task B ,1,2,1,0,9.00E-05,1,80.57721344,0,-0.005595387,2,3
1,audio,Task B ,1,3,0,0,0.00041,2,50.38929321,0,-0.083251473,4,2
1,audio,Task B ,1,2,1,0,0.00019,1,85.18643453,0,-0.02335601,3,3
1,audio,Task B ,1,2,1,0,0.00019,1,137.8009335,0,0.291208787,3,3
1,audio,Task B ,2,2,0,0,9.00E-05,1,21.8813531,0,-0.183365979,2,6
2,audio,Task B ,2,2,1,0,0.00019,2,315.3293277,0,-1.324079388,3,6
2,audio,Task B ,2,3,1,0,0.00019,2,353.7422539,0,2.053066725,3,7
2,audio,Task B ,2,2,1,0,0.00019,2,98.8205819,0,-0.704177811,3,6
2,audio,Task B ,1,1,0,0,4.00E-05,2,337.1663645,0,-0.371307848,1,4
2,audio,Task B ,2,4,1,0,0.00041,2,31.05249023,0,1.509383434,4,8
2,audio,Task B ,1,2,0,0,4.00E-05,2,98.7657672,0,-0.019690234,1,3
3,audio,Task B ,1,3,1,0,0.00019,1,121.9380615,0,0.311133858,3,2
3,audio,Task B ,1,4,1,0,0.00041,1,49.42901747,0,-0.319276362,4,1
3,audio,Task B ,2,1,1,0,0.00019,2,128.8802676,0,-0.751748452,3,5
3,audio,Task B ,1,2,0,0,4.00E-05,2,175.662313,0,0.185982134,1,3
3,audio,Task B ,2,3,1,0,4.00E-05,2,56.23917358,0,-0.912650638,1,7
3,audio,Task B ,1,3,1,0,9.00E-05,1,41.03157956,0,0.315915377,2,2
4,audio,Task B ,2,3,1,0,0.00041,2,161.2126997,0,2.195677581,4,7
4,audio,Task B ,1,1,1,0,9.00E-05,1,35.42997032,0,0.466069802,2,4
4,audio,Task B ,1,1,0,0,9.00E-05,2,276.2344712,0,-3.496937131,2,4
4,audio,Task B ,1,1,0,0,4.00E-05,2,133.7748642,0,0.111380111,1,4
4,audio,Task B ,1,1,0,0,4.00E-05,2,316.0261995,0,2.338662076,1,4
4,audio,Task B ,1,3,1,0,0.00019,1,276.946035,0,0.129730681,3,2
5,audio,Task B ,1,3,0,0,0.00041,2,253.9948599,0,0.531802925,4,2
5,audio,Task B ,1,1,1,0,9.00E-05,1,273.5989224,0,0.287895651,2,4
5,audio,Task B ,2,4,1,0,9.00E-05,2,304.3753452,0,-0.892261159,2,8
5,audio,Task B ,1,1,0,0,9.00E-05,2,76.4029305,0,-0.755279785,2,4
5,audio,Task B ,2,2,0,0,9.00E-05,1,61.9619091,0,0.016196405,2,6
5,audio,Task B ,2,4,1,0,0.00019,2,289.118091,0,-0.908203494,3,8
6,audio,Task B ,1,3,1,0,0.00041,1,259.4999897,0,0.308599816,4,2
6,audio,Task B ,2,3,0,0,4.00E-05,1,4.527166616,0,-0.325627107,1,7
6,audio,Task B ,2,3,0,0,4.00E-05,1,242.3776281,0,0.185176812,1,7
6,audio,Task B ,2,3,1,0,0.00041,2,90.96038867,0,1.302159957,4,7
6,audio,Task B ,1,3,0,0,9.00E-05,2,45.88924702,0,1.301656691,2,2
6,audio,Task B ,2,3,1,0,4.00E-05,2,5.273602168,0,-0.241944711,1,7
7,audio,Task B ,1,4,1,0,0.00019,1,243.4359037,0,0.203315177,3,1
7,audio,Task B ,1,4,1,0,0.00019,1,190.6346319,0,0.569456854,3,1
7,audio,Task B ,1,1,0,0,4.00E-05,2,249.9199817,0,-2.917450609,1,4
7,audio,Task B ,1,4,1,0,9.00E-05,1,10.61158632,0,0.561877899,2,1
7,audio,Task B ,1,4,0,0,0.00019,2,120.5151759,0,0.334481914,3,1
7,audio,Task B ,1,1,1,0,4.00E-05,1,192.0063034,0,0.323749987,1,4
8,audio,Task B ,2,4,1,0,0.00019,2,139.706589,0,1.627920148,3,8
8,audio,Task B ,2,1,0,0,0.00019,1,172.7838809,0,0.519098275,3,5
8,audio,Task B ,2,1,0,0,9.00E-05,1,229.1133946,0,0.299211184,2,5
8,audio,Task B ,2,1,0,0,0.00041,1,109.7236292,0,0.065933604,4,5
8,audio,Task B ,1,4,1,0,0.00041,1,164.2495229,0,-0.071903444,4,1
8,audio,Task B ,2,4,0,0,0.00041,1,288.4421883,0,-0.040108018,4,8
9,audio,Task B ,1,4,1,0,9.00E-05,1,52.36978666,0,0.300053691,2,1
9,audio,Task B ,2,1,0,0,0.00019,1,292.4010927,0,-1.187364143,3,5
9,audio,Task B ,1,1,0,0,4.00E-05,2,246.2056465,0,-0.858798385,1,4
9,audio,Task B ,1,1,1,0,9.00E-05,1,280.8583707,0,-0.010711959,2,4
9,audio,Task B ,1,4,1,0,0.00041,1,145.225539,0,0.325958148,4,1
9,audio,Task B ,1,4,1,0,0.00041,1,242.7369891,0,0.255575757,4,1
10,audio,Task B ,1,1,0,0,0.00019,2,164.2396832,0,-0.301757305,3,4
10,audio,Task B ,2,1,0,0,4.00E-05,1,253.9722604,0,-0.369922858,1,5
10,audio,Task B ,2,2,1,0,0.00019,2,203.6882599,0,0.634971978,3,6
10,audio,Task B ,2,2,1,0,0.00041,2,331.7762704,0,2.42154582,4,6
10,audio,Task B ,2,2,0,0,0.00041,1,50.50745892,0,0.116534431,4,6
10,audio,Task B ,1,1,1,0,4.00E-05,1,92.34838812,0,-0.605406956,1,4
1,audio,Task B ,2,2,0,0,0.00019,1,355.2024877,0,0.387255782,3,6
1,audio,Task B ,1,2,0,0,9.00E-05,2,198.2619796,0,-0.353357475,2,3
1,audio,Task B ,1,2,1,0,0.00019,1,180.8610051,0,0.472927855,3,3
1,audio,Task B ,2,1,1,0,4.00E-05,2,112.8935964,0,2.177354256,1,5
1,audio,Task B ,2,2,1,0,0.00019,2,148.9590632,0,1.649115538,3,6
1,audio,Task B ,1,3,1,0,0.00019,1,288.9742896,0,0.191317095,3,2
2,audio,Task B ,1,2,0,0,0.00041,2,163.8746528,0,-0.052573264,4,3
2,audio,Task B ,1,3,1,0,9.00E-05,1,297.4937482,0,0.15036645,2,2
2,audio,Task B ,1,2,0,0,0.00019,2,98.53507548,0,0.200568495,3,3
2,audio,Task B ,1,1,1,0,0.00041,1,49.33631428,0,-0.630807579,4,4
2,audio,Task B ,1,2,1,0,9.00E-05,1,88.30313555,0,-0.231654766,2,3
2,audio,Task B ,2,3,1,0,9.00E-05,2,13.69719839,0,1.918016619,2,7
3,audio,Task B ,2,1,0,0,4.00E-05,1,110.0663334,0,-0.441877723,1,5
3,audio,Task B ,2,4,1,0,0.00041,2,333.5937876,0,2.814669805,4,8
3,audio,Task B ,2,2,0,0,4.00E-05,1,223.2708476,0,-0.295352582,1,6
3,audio,Task B ,1,4,0,0,0.00041,2,197.3540421,0,-0.097844436,4,1
3,audio,Task B ,2,3,0,0,4.00E-05,1,210.1916692,0,-0.273506994,1,7
3,audio,Task B ,1,3,1,0,0.00041,1,338.7043161,0,-0.04676284,4,2
4,audio,Task B ,1,1,1,0,9.00E-05,1,298.8886098,0,-0.458078324,2,4
4,audio,Task B ,1,1,1,0,4.00E-05,1,304.0772859,0,-0.017129439,1,4
4,audio,Task B ,1,3,1,0,9.00E-05,1,303.6176452,0,0.252899771,2,2
4,audio,Task B ,1,3,0,0,9.00E-05,2,82.88396638,0,-0.992820799,2,2
4,audio,Task B ,2,1,0,0,4.00E-05,1,168.7688046,0,0.537574784,1,5
4,audio,Task B ,1,1,1,0,4.00E-05,1,195.8172974,0,0.255915109,1,4
5,audio,Task B ,1,3,0,0,0.00041,2,133.2865237,0,0.328073424,4,2
5,audio,Task B ,1,4,0,0,4.00E-05,2,12.19577072,0,-1.167344107,1,1
5,audio,Task B ,2,1,0,0,9.00E-05,1,236.8786859,0,0.350731809,2,5
5,audio,Task B ,1,3,0,0,9.00E-05,2,127.1295649,0,-0.103464198,2,2
5,audio,Task B ,2,4,0,0,0.00019,1,191.9626403,0,0.276494421,3,8
5,audio,Task B ,2,1,0,0,4.00E-05,1,133.819593,0,0.6028363,1,5
6,audio,Task B ,1,3,1,0,4.00E-05,1,199.1158616,0,-0.258979919,1,2
6,audio,Task B ,2,3,0,0,0.00041,1,184.2411076,0,0.452466585,4,7
6,audio,Task B ,1,3,1,0,4.00E-05,1,274.3415128,0,-0.121548976,1,2
6,audio,Task B ,2,3,0,0,4.00E-05,1,27.83487469,0,-0.114305832,1,7
6,audio,Task B ,1,2,1,0,0.00019,1,188.0432037,0,0.753101179,3,3
6,audio,Task B ,2,4,1,0,4.00E-05,2,350.4234701,0,-0.293342983,1,8
7,audio,Task B ,2,4,1,0,9.00E-05,2,87.3060999,0,-1.240141537,2,8
7,audio,Task B ,1,1,1,0,0.00019,1,136.1624497,0,-0.238613297,3,4
7,audio,Task B ,2,2,0,0,0.00041,1,3.92319955,0,-0.088587943,4,6
7,audio,Task B ,1,1,0,0,0.00019,2,302.5802096,0,-0.918177582,3,4
7,audio,Task B ,1,1,1,0,4.00E-05,1,78.15405564,0,0.509160517,1,4
7,audio,Task B ,1,4,1,0,0.00041,1,282.0185034,0,-0.183754456,4,1
8,audio,Task B ,1,4,1,0,0.00041,1,224.8156054,0,0.005568404,4,1
8,audio,Task B ,1,1,1,0,9.00E-05,1,309.2569277,0,-0.245766107,2,4
8,audio,Task B ,2,1,0,0,9.00E-05,1,25.58676693,0,-0.265154459,2,5
8,audio,Task B ,2,1,1,0,4.00E-05,2,165.7732525,0,1.041999063,1,5
8,audio,Task B ,2,2,1,0,9.00E-05,2,173.2927076,0,-1.27961418,2,6
8,audio,Task B ,1,1,0,0,4.00E-05,2,205.1622894,0,-3.02854573,1,4
9,audio,Task B ,1,1,0,0,0.00019,2,287.7429849,0,1.636392024,3,4
9,audio,Task B ,2,4,0,0,0.00041,1,254.1918399,0,0.125037196,4,8
9,audio,Task B ,1,1,0,0,0.00019,2,281.8392598,0,2.670503601,3,4
9,audio,Task B ,2,4,1,0,0.00041,2,120.6191065,0,1.565136919,4,8
9,audio,Task B ,1,1,0,0,0.00041,2,297.4575315,0,-1.494102515,4,4
9,audio,Task B ,2,4,1,0,0.00019,2,356.8068077,0,1.029437349,3,8
10,audio,Task B ,1,1,1,0,4.00E-05,1,139.6799395,0,0.095879629,1,4
10,audio,Task B ,1,1,0,0,9.00E-05,2,44.39911626,0,-2.009465292,2,4
10,audio,Task B ,2,2,1,0,0.00041,2,34.30192013,0,-0.893241411,4,6
10,audio,Task B ,1,1,1,0,0.00019,1,269.5129255,0,-0.385704164,3,4
10,audio,Task B ,1,2,0,0,0.00019,2,192.1595185,0,0.6413561,3,3
10,audio,Task B ,1,1,1,0,4.00E-05,1,307.1852115,0,-0.019268541,1,4
1,audio,Task B ,1,4,0,0,9.00E-05,2,228.868916,0,-0.749216256,2,1
1,audio,Task B ,2,4,1,0,0.00019,2,67.58355215,0,3.115047717,3,8
1,audio,Task B ,1,2,1,0,4.00E-05,1,344.4489343,0,-0.128430715,1,3
1,audio,Task B ,1,2,0,0,9.00E-05,2,158.449745,0,0.531793743,2,3
1,audio,Task B ,1,2,0,0,4.00E-05,2,64.53530784,0,-0.072536813,1,3
1,audio,Task B ,1,2,0,0,0.00041,2,296.4411227,0,0.877953015,4,3
2,audio,Task B ,1,3,1,0,0.00019,1,243.6216378,0,0.135250038,3,2
2,audio,Task B ,1,3,1,0,0.00041,1,178.8370575,0,-0.275880816,4,2
2,audio,Task B ,2,4,1,0,0.00041,2,355.4392864,0,2.887098812,4,8
2,audio,Task B ,1,2,0,0,9.00E-05,2,89.71660309,0,0.671612216,2,3
2,audio,Task B ,1,2,0,0,0.00041,2,200.0450304,0,-0.251374848,4,3
2,audio,Task B ,2,1,1,0,9.00E-05,2,283.4081787,0,-1.278671482,2,5
3,audio,Task B ,2,3,1,0,0.00019,2,239.2172802,0,-0.891625184,3,7
3,audio,Task B ,2,4,0,0,0.00041,1,123.7722053,0,-0.639863607,4,8
3,audio,Task B ,1,2,1,0,4.00E-05,1,95.74059331,0,0.226586995,1,3
3,audio,Task B ,2,4,0,0,4.00E-05,1,168.0157826,0,0.575008692,1,8
3,audio,Task B ,1,1,0,0,4.00E-05,2,228.8136387,0,-0.176326668,1,4
3,audio,Task B ,2,1,0,0,4.00E-05,1,128.9673143,0,0.256008158,1,5
4,audio,Task B ,1,1,0,0,4.00E-05,2,222.9570439,0,1.627528346,1,4
4,audio,Task B ,1,3,1,0,0.00019,1,276.5211839,0,0.076006463,3,2
4,audio,Task B ,1,3,1,0,0.00019,1,278.6912639,0,0.033180392,3,2
4,audio,Task B ,2,2,1,0,0.00019,2,18.36906008,0,2.5107872,3,6
4,audio,Task B ,1,3,1,0,0.00019,1,348.8448589,0,-0.146832331,3,2
4,audio,Task B ,1,3,1,0,0.00041,1,250.4728209,0,0.026569488,4,2
5,audio,Task B ,1,4,1,0,0.00041,1,331.0998007,0,-0.199879913,4,1
5,audio,Task B ,1,4,1,0,0.00041,1,188.7169201,0,0.094406865,4,1
5,audio,Task B ,1,1,0,0,4.00E-05,2,16.53875843,0,-0.848243127,1,4
5,audio,Task B ,1,3,1,0,4.00E-05,1,39.60023893,0,0.23740623,1,2
5,audio,Task B ,1,3,0,0,9.00E-05,2,202.3595222,0,-0.802643815,2,2
5,audio,Task B ,1,4,1,0,0.00041,1,239.3085275,0,-0.173353587,4,1
6,audio,Task B ,1,2,1,0,0.00041,1,8.579205427,0,-0.635094467,4,3
6,audio,Task B ,1,3,1,0,4.00E-05,1,321.7938998,0,-0.02413292,1,2
6,audio,Task B ,2,3,0,0,4.00E-05,1,336.7681846,0,-0.30707778,1,7
6,audio,Task B ,2,3,0,0,4.00E-05,1,306.1599328,0,-0.483966614,1,7
6,audio,Task B ,1,2,1,0,4.00E-05,1,77.51399797,0,-0.163177917,1,3
6,audio,Task B ,1,2,0,0,4.00E-05,2,214.2824476,0,0.972888568,1,3
7,audio,Task B ,1,1,0,0,4.00E-05,2,350.4383986,0,-2.105023078,1,4
7,audio,Task B ,1,4,0,0,0.00019,2,78.71430584,0,1.561947518,3,1
7,audio,Task B ,2,4,1,0,9.00E-05,2,177.8438218,0,0.592584774,2,8
7,audio,Task B ,1,4,1,0,0.00019,1,255.0290527,0,0.425673157,3,1
7,audio,Task B ,1,1,1,0,4.00E-05,1,49.33228377,0,-0.004114224,1,4
7,audio,Task B ,1,1,1,0,4.00E-05,1,152.3323629,0,0.091611876,1,4
8,audio,Task B ,2,1,1,0,0.00041,2,75.72030307,0,-3.356868095,4,5
8,audio,Task B ,1,1,0,0,9.00E-05,2,8.375053805,0,0.358576869,2,4
8,audio,Task B ,1,1,1,0,0.00019,1,99.39116223,0,0.08024351,3,4
8,audio,Task B ,1,1,0,0,9.00E-05,2,8.123380622,0,-0.820991387,2,4
8,audio,Task B ,2,3,1,0,0.00019,2,323.6940114,0,1.112308512,3,7
8,audio,Task B ,1,1,0,0,0.00019,2,126.6663157,0,-1.681787032,3,4
9,audio,Task B ,2,1,0,0,9.00E-05,1,129.2615673,0,-0.022528689,2,5
9,audio,Task B ,1,1,1,0,9.00E-05,1,104.9925158,0,-0.191740207,2,4
9,audio,Task B ,1,1,1,0,9.00E-05,1,132.5395617,0,-0.175868722,2,4
9,audio,Task B ,2,4,1,0,0.00019,2,32.88344406,0,3.024837446,3,8
9,audio,Task B ,2,4,1,0,0.00041,2,308.5881396,0,-0.414789783,4,8
9,audio,Task B ,1,3,0,0,9.00E-05,2,47.30520185,0,0.654834727,2,2
10,audio,Task B ,1,1,0,0,4.00E-05,2,213.5144989,0,-0.413083482,1,4
10,audio,Task B ,1,1,1,0,4.00E-05,1,183.5721711,0,-0.166214019,1,4
10,audio,Task B ,2,2,1,0,0.00019,2,293.1540217,0,-1.693090234,3,6
10,audio,Task B ,1,2,1,0,4.00E-05,1,255.8486595,0,0.268558105,1,3
10,audio,Task B ,1,2,1,0,4.00E-05,1,114.5804856,0,-0.040609546,1,3
10,audio,Task B ,1,1,0,0,9.00E-05,2,324.6076916,0,1.077364896,2,4
1,audio,Task B ,2,2,1,0,4.00E-05,2,358.8819347,0,-2.254247824,1,6
1,audio,Task B ,2,2,1,0,0.00041,2,172.4702818,0,0.734513151,4,6
1,audio,Task B ,2,2,0,0,4.00E-05,1,150.7143132,0,0.514052156,1,6
1,audio,Task B ,2,2,0,0,9.00E-05,1,128.1517606,0,-0.84045294,2,6
1,audio,Task B ,1,2,0,0,0.00019,2,212.3945087,0,0.794993418,3,3
1,audio,Task B ,2,3,1,0,0.00019,2,290.5448229,0,-1.828987006,3,7
2,audio,Task B ,1,3,1,0,0.00041,1,239.474855,0,0.001546897,4,2
2,audio,Task B ,1,2,1,0,9.00E-05,1,282.3224502,0,0.047503,2,3
2,audio,Task B ,1,3,0,0,4.00E-05,2,147.1943871,0,-3.338486515,1,2
2,audio,Task B ,1,2,0,0,4.00E-05,2,154.7658562,0,-1.805483225,1,3
2,audio,Task B ,1,2,0,0,4.00E-05,2,353.050989,0,-0.620816847,1,3
2,audio,Task B ,1,3,0,0,4.00E-05,2,33.42805857,0,0.824183832,1,2
3,audio,Task B ,2,2,1,0,0.00041,2,131.7593538,0,1.468379902,4,6
3,audio,Task B ,2,4,1,0,4.00E-05,2,187.4338731,0,0.692983978,1,8
3,audio,Task B ,1,2,1,0,4.00E-05,1,237.2079802,0,0.152399676,1,3
3,audio,Task B ,2,3,0,0,9.00E-05,1,123.7260435,0,-0.408828996,2,7
3,audio,Task B ,2,4,1,0,9.00E-05,2,113.041725,0,-2.091666527,2,8
3,audio,Task B ,1,3,0,0,0.00019,2,108.0790356,0,-0.322676722,3,2
4,audio,Task B ,1,1,0,0,4.00E-05,2,57.98676903,0,-0.523537441,1,4
4,audio,Task B ,1,1,0,0,4.00E-05,2,135.073179,0,2.613665885,1,4
4,audio,Task B ,1,3,1,0,0.00019,1,301.3333765,0,0.178142579,3,2
4,audio,Task B ,1,1,1,0,4.00E-05,1,315.2941906,0,0.32785026,1,4
4,audio,Task B ,1,3,0,0,0.00041,2,197.10625,0,0.819407721,4,2
4,audio,Task B ,2,2,1,0,9.00E-05,2,47.50476228,0,-1.094252443,2,6
5,audio,Task B ,2,1,1,0,4.00E-05,2,140.9846081,0,0.962687158,1,5
5,audio,Task B ,1,3,0,0,9.00E-05,2,188.7539561,0,0.093055199,2,2
5,audio,Task B ,1,3,1,0,0.00041,1,36.82519562,0,-0.264903865,4,2
5,audio,Task B ,2,1,0,0,9.00E-05,1,73.84264967,0,0.118365356,2,5
5,audio,Task B ,2,4,1,0,0.00041,2,237.1820123,0,2.023933475,4,8
5,audio,Task B ,2,2,1,0,9.00E-05,2,210.0319724,0,-0.372010593,2,6
6,audio,Task B ,1,3,0,0,4.00E-05,2,170.3563299,0,-1.424681265,1,2
6,audio,Task B ,2,3,0,0,9.00E-05,1,326.6028363,0,-0.128709276,2,7
6,audio,Task B ,2,3,1,0,9.00E-05,2,305.3428992,0,1.235493554,2,7
6,audio,Task B ,1,3,1,0,0.00019,1,92.07274936,0,-0.12082769,3,2
6,audio,Task B ,2,4,0,0,4.00E-05,1,80.3865905,0,0.381784588,1,8
6,audio,Task B ,1,2,1,0,9.00E-05,1,254.6294917,0,-0.51614992,2,3
7,audio,Task B ,1,1,0,0,4.00E-05,2,45.49929064,0,0.199877214,1,4
7,audio,Task B ,2,4,0,0,0.00019,1,196.057628,0,-0.083125724,3,8
7,audio,Task B ,1,1,1,0,0.00041,1,17.32546006,0,-0.636336039,4,4
7,audio,Task B ,1,4,1,0,0.00041,1,218.2510515,0,0.498813441,4,1
7,audio,Task B ,1,1,1,0,4.00E-05,1,262.0548734,0,0.170980729,1,4
7,audio,Task B ,1,4,1,0,0.00019,1,317.995929,0,0.150931141,3,1
8,audio,Task B ,1,1,0,0,4.00E-05,2,291.8118684,0,1.062672758,1,4
8,audio,Task B ,2,1,1,0,0.00019,2,85.4274729,0,0.647742258,3,5
8,audio,Task B ,2,4,0,0,0.00041,1,276.2243149,0,0.335050573,4,8
8,audio,Task B ,1,2,1,0,0.00019,1,85.01065181,0,-0.343460429,3,3
8,audio,Task B ,2,1,1,0,4.00E-05,2,176.1649503,0,1.517474592,1,5
8,audio,Task B ,1,1,1,0,4.00E-05,1,334.1934803,0,-0.458477448,1,4
9,audio,Task B ,1,1,1,0,4.00E-05,1,128.506437,0,0.182044898,1,4
9,audio,Task B ,1,1,1,0,9.00E-05,1,340.9795035,0,0.168373657,2,4
9,audio,Task B ,1,4,1,0,9.00E-05,1,268.289745,0,0.137113755,2,1
9,audio,Task B ,2,1,0,0,4.00E-05,1,0.648715999,0,-0.143140821,1,5
9,audio,Task B ,1,4,1,0,0.00041,1,157.2789264,0,0.135907783,4,1
9,audio,Task B ,2,4,1,0,0.00019,2,260.4687167,0,-0.488462031,3,8
10,audio,Task B ,1,1,1,0,0.00019,1,268.3201506,0,-0.255748035,3,4
10,audio,Task B ,1,1,0,0,9.00E-05,2,178.9080774,0,-0.487786257,2,4
10,audio,Task B ,1,2,1,0,0.00041,1,2.718640404,0,0.093597962,4,3
10,audio,Task B ,1,1,0,0,9.00E-05,2,293.2122794,0,0.326299552,2,4
10,audio,Task B ,1,1,1,0,4.00E-05,1,61.65309881,0,0.292225801,1,4
10,audio,Task B ,2,2,1,0,0.00041,2,255.8117864,0,1.497138565,4,6
1,audio,Task B ,2,4,1,0,0.00041,2,344.6721472,0,-0.870006331,4,8
1,audio,Task B ,1,3,1,0,4.00E-05,1,199.1203172,0,0.747627396,1,2
1,audio,Task B ,1,2,0,0,4.00E-05,2,77.43499465,0,0.411261277,1,3
1,audio,Task B ,2,2,0,0,0.00019,1,263.5332042,0,-0.704199863,3,6
1,audio,Task B ,1,3,1,0,9.00E-05,1,77.66468741,0,0.243972685,2,2
1,audio,Task B ,2,4,1,0,0.00041,2,187.4058387,0,-1.677860241,4,8
2,audio,Task B ,2,3,0,0,0.00041,1,178.0101531,0,0.172005146,4,7
2,audio,Task B ,1,3,0,0,4.00E-05,2,230.1968217,0,-0.517495719,1,2
2,audio,Task B ,2,3,1,0,4.00E-05,2,137.1809316,0,1.008283866,1,7
2,audio,Task B ,2,4,1,0,0.00041,2,215.0796199,0,1.108644038,4,8
2,audio,Task B ,1,2,1,0,0.00019,1,110.007773,0,-0.118521984,3,3
2,audio,Task B ,1,2,0,0,4.00E-05,2,19.06994598,0,0.942430352,1,3
3,audio,Task B ,1,1,0,0,4.00E-05,2,258.7586481,0,-2.674350223,1,4
3,audio,Task B ,1,3,0,0,0.00019,2,247.8417541,0,-0.008366439,3,2
3,audio,Task B ,1,3,1,0,0.00019,1,44.68028166,0,-0.001217214,3,2
3,audio,Task B ,2,2,1,0,4.00E-05,2,221.4212302,0,-0.767118424,1,6
3,audio,Task B ,2,1,0,0,9.00E-05,1,211.2343587,0,-0.098129169,2,5
3,audio,Task B ,2,1,1,0,9.00E-05,2,206.0457094,0,0.514718958,2,5
4,audio,Task B ,2,3,1,0,0.00041,2,196.4970828,0,1.976435216,4,7
4,audio,Task B ,1,1,1,0,9.00E-05,1,280.7489757,0,0.447806886,2,4
4,audio,Task B ,2,4,1,0,9.00E-05,2,252.0661264,0,-2.859797755,2,8
4,audio,Task B ,2,1,0,0,9.00E-05,1,2.969420623,0,0.479820175,2,5
4,audio,Task B ,1,4,0,0,0.00019,2,352.8602209,0,1.292232077,3,1
4,audio,Task B ,1,1,1,0,4.00E-05,1,357.7748663,0,-0.748579937,1,4
5,audio,Task B ,1,1,0,0,0.00019,2,88.00608332,0,-1.391667917,3,4
5,audio,Task B ,2,2,0,0,0.00041,1,130.888521,0,-0.286808977,4,6
5,audio,Task B ,2,1,1,0,9.00E-05,2,25.65405976,0,-2.673104548,2,5
5,audio,Task B ,1,4,0,0,0.00019,2,221.3265759,0,0.203650754,3,1
5,audio,Task B ,1,2,0,0,9.00E-05,2,77.65090332,0,-0.04025345,2,3
5,audio,Task B ,2,1,0,0,9.00E-05,1,62.63515952,0,0.487995161,2,5
6,audio,Task B ,1,3,1,0,0.00019,1,174.5213915,0,0.172027332,3,2
6,audio,Task B ,1,3,1,0,4.00E-05,1,151.0755837,0,0.49177153,1,2
6,audio,Task B ,1,3,1,0,0.00041,1,110.1094877,0,-0.158956255,4,2
6,audio,Task B ,2,2,1,0,4.00E-05,2,132.2195745,0,-0.197439884,1,6
6,audio,Task B ,2,1,1,0,4.00E-05,2,65.48608046,0,-0.583706466,1,5
6,audio,Task B ,2,3,1,0,4.00E-05,2,306.7523406,0,-2.081378056,1,7
7,audio,Task B ,2,4,1,0,4.00E-05,2,108.791374,0,0.531895687,1,8
7,audio,Task B ,1,1,1,0,4.00E-05,1,37.42556135,0,-0.230348784,1,4
7,audio,Task B ,1,1,1,0,4.00E-05,1,211.0335269,0,0.334235567,1,4
7,audio,Task B ,1,4,0,0,0.00019,2,153.0499221,0,0.448747484,3,1
7,audio,Task B ,1,1,1,0,4.00E-05,1,127.0764899,0,-0.147643725,1,4
7,audio,Task B ,2,4,1,0,0.00041,2,286.3894704,0,0.951535362,4,8
8,audio,Task B ,1,1,1,0,4.00E-05,1,260.0944596,0,0.641950386,1,4
8,audio,Task B ,1,2,1,0,0.00041,1,206.7682523,0,-0.384756083,4,3
8,audio,Task B ,2,1,1,0,9.00E-05,2,238.0687856,0,-1.182855233,2,5
8,audio,Task B ,1,1,1,0,9.00E-05,1,188.8684327,0,0.258205279,2,4
8,audio,Task B ,1,2,0,0,9.00E-05,2,55.62410007,0,-1.86596616,2,3
8,audio,Task B ,2,1,1,0,0.00019,2,77.7382352,0,-0.178671471,3,5
9,audio,Task B ,1,1,1,0,4.00E-05,1,190.0543075,0,-0.581873092,1,4
9,audio,Task B ,1,1,1,0,9.00E-05,1,289.6529849,0,0.233209512,2,4
9,audio,Task B ,1,4,1,0,0.00019,1,182.477754,0,0.603822878,3,1
9,audio,Task B ,1,1,0,0,0.00019,2,97.48230508,0,1.506137935,3,4
9,audio,Task B ,2,1,1,0,4.00E-05,2,191.7177625,0,0.973254991,1,5
9,audio,Task B ,1,1,0,0,4.00E-05,2,262.6748535,0,2.956526769,1,4
10,audio,Task B ,2,1,1,0,0.00041,2,116.2256635,0,2.068898286,4,5
10,audio,Task B ,1,1,1,0,9.00E-05,1,36.25568588,0,-0.538913496,2,4
10,audio,Task B ,1,1,1,0,4.00E-05,1,262.7766404,0,-0.207808407,1,4
10,audio,Task B ,2,2,1,0,0.00041,2,236.0639721,0,0.508782446,4,6
10,audio,Task B ,2,2,1,0,9.00E-05,2,223.4621414,0,-0.456000804,2,6
10,audio,Task B ,1,1,0,0,9.00E-05,2,7.307583923,0,-2.289385344,2,4
1,audio,Task B ,2,2,1,0,4.00E-05,2,83.80232412,0,0.536322487,1,6
1,audio,Task B ,2,4,1,0,9.00E-05,2,164.8949541,0,2.357586849,2,8
1,audio,Task B ,1,2,0,0,4.00E-05,2,256.8148552,0,-0.191608286,1,3
1,audio,Task B ,1,2,1,0,0.00041,1,64.46585402,0,0.399955664,4,3
1,audio,Task B ,2,3,1,0,0.00019,2,137.9928138,0,0.938782396,3,7
1,audio,Task B ,1,2,1,0,4.00E-05,1,303.2502396,0,-0.476123576,1,3
2,audio,Task B ,1,3,0,0,0.00041,2,315.8889728,0,0.575351479,4,2
2,audio,Task B ,2,2,0,0,4.00E-05,1,283.1180605,0,-0.157802721,1,6
2,audio,Task B ,1,2,1,0,0.00041,1,28.0233851,0,0.218468964,4,3
2,audio,Task B ,2,2,1,0,4.00E-05,2,250.3997666,0,1.666453256,1,6
2,audio,Task B ,2,1,1,0,9.00E-05,2,201.9866176,0,-1.448526811,2,5
2,audio,Task B ,1,2,1,0,0.00019,1,23.1532787,0,0.321750656,3,3
3,audio,Task B ,1,2,1,0,9.00E-05,1,8.31025221,0,-0.234473387,2,3
3,audio,Task B ,1,1,0,0,0.00041,2,358.8059155,0,0.641504065,4,4
3,audio,Task B ,1,2,1,0,0.00041,1,226.1538304,0,-0.130902468,4,3
3,audio,Task B ,1,1,0,0,0.00041,2,355.7200898,0,0.879257903,4,4
3,audio,Task B ,1,2,1,0,9.00E-05,1,112.3879647,0,0.189291546,2,3
3,audio,Task B ,1,1,1,0,4.00E-05,1,103.7866943,0,-0.19728924,1,4
4,audio,Task B ,1,1,1,0,0.00019,1,177.0869894,0,-0.651141252,3,4
4,audio,Task B ,2,4,0,0,0.00041,1,76.80933288,0,-0.676570497,4,8
4,audio,Task B ,1,3,1,0,0.00019,1,255.1352188,0,0.02899524,3,2
4,audio,Task B ,1,1,0,0,0.00019,2,184.1640737,0,2.837462812,3,4
4,audio,Task B ,2,3,1,0,0.00019,2,300.7452547,0,1.833729141,3,7
4,audio,Task B ,1,3,1,0,0.00041,1,184.7236002,0,0.08315798,4,2
5,audio,Task B ,1,1,1,0,9.00E-05,1,328.8504452,0,0.289913018,2,4
5,audio,Task B ,2,3,0,0,0.00041,1,291.7435631,0,-0.289179322,4,7
5,audio,Task B ,1,3,1,0,9.00E-05,1,80.17574238,0,-0.331187361,2,2
5,audio,Task B ,1,4,0,0,0.00041,2,170.3365078,0,0.563256921,4,1
5,audio,Task B ,2,3,1,0,9.00E-05,2,355.1980139,0,1.565887921,2,7
5,audio,Task B ,1,4,1,0,4.00E-05,1,64.22310737,0,-0.125087576,1,1
6,audio,Task B ,2,2,1,0,9.00E-05,2,262.4231568,0,-1.862303681,2,6
6,audio,Task B ,2,2,0,0,4.00E-05,1,166.4962877,0,0.891544377,1,6
6,audio,Task B ,1,2,1,0,4.00E-05,1,343.4521822,0,0.22937177,1,3
6,audio,Task B ,1,2,0,0,4.00E-05,2,88.27547937,0,0.307484934,1,3
6,audio,Task B ,1,3,0,0,9.00E-05,2,156.1996122,0,0.28824093,2,2
6,audio,Task B ,1,2,1,0,9.00E-05,1,52.27968345,0,-0.357371291,2,3
7,audio,Task B ,1,1,1,0,0.00019,1,74.60071896,0,-0.013986307,3,4
7,audio,Task B ,1,1,1,0,4.00E-05,1,295.0365397,0,0.014273624,1,4
7,audio,Task B ,1,1,0,0,4.00E-05,2,217.9792826,0,1.566924227,1,4
7,audio,Task B ,1,4,1,0,9.00E-05,1,159.5530977,0,0.567204451,2,1
7,audio,Task B ,1,4,0,0,0.00041,2,86.19011143,0,0.376287706,4,1
7,audio,Task B ,1,4,0,0,0.00019,2,211.6108232,0,-0.802017465,3,1
8,audio,Task B ,2,1,1,0,9.00E-05,2,81.77520686,0,1.684963528,2,5
8,audio,Task B ,1,1,0,0,0.00019,2,314.4456376,0,2.739816038,3,4
8,audio,Task B ,1,1,1,0,0.00019,1,147.1617705,0,-0.256126439,3,4
8,audio,Task B ,2,1,0,0,4.00E-05,1,42.20116098,0,-0.090496433,1,5
8,audio,Task B ,2,1,1,0,4.00E-05,2,176.2447933,0,-0.187084846,1,5
8,audio,Task B ,2,4,1,0,0.00041,2,301.9987123,0,1.049718869,4,8
9,audio,Task B ,1,4,1,0,9.00E-05,1,155.937435,0,-0.028278109,2,1
9,audio,Task B ,1,4,0,0,9.00E-05,2,287.8952219,0,-2.063096706,2,1
9,audio,Task B ,2,1,1,0,9.00E-05,2,181.2030948,0,-0.423467449,2,5
9,audio,Task B ,1,4,1,0,0.00041,1,292.3766215,0,-0.908818312,4,1
9,audio,Task B ,1,1,1,0,9.00E-05,1,75.40878183,0,0.881240882,2,4
9,audio,Task B ,2,1,0,0,4.00E-05,1,71.5874791,0,-0.674342478,1,5
10,audio,Task B ,1,1,1,0,0.00019,1,330.4125544,0,0.471830528,3,4
10,audio,Task B ,2,2,1,0,0.00041,2,335.6890218,0,0.746859047,4,6
10,audio,Task B ,1,1,0,0,4.00E-05,2,285.2178703,0,-0.197841039,1,4
10,audio,Task B ,1,1,0,0,0.00019,2,181.5880122,0,-0.304974227,3,4
10,audio,Task B ,2,2,1,0,0.00019,2,111.2706324,0,1.236235903,3,6
10,audio,Task B ,1,1,0,0,9.00E-05,2,135.2756306,0,0.762635399,2,4
1,audio,Task B ,1,2,1,0,4.00E-05,1,76.57534973,0,-0.222426613,1,3
1,audio,Task B ,2,2,1,0,0.00041,2,25.81773201,0,0.852927413,4,6
1,audio,Task B ,1,2,0,0,9.00E-05,2,190.5454445,0,0.661409007,2,3
1,audio,Task B ,2,1,1,0,4.00E-05,2,34.35984974,0,0.084674501,1,5
1,audio,Task B ,1,2,1,0,9.00E-05,1,337.6739356,0,-0.138851094,2,3
1,audio,Task B ,1,2,1,0,0.00019,1,258.8313708,0,0.006718845,3,3
2,audio,Task B ,2,2,1,0,9.00E-05,2,240.1256339,0,-1.138861929,2,6
2,audio,Task B ,2,2,0,0,0.00041,1,36.1941825,0,0.50936565,4,6
2,audio,Task B ,1,2,0,0,0.00019,2,116.9080494,0,0.197123997,3,3
2,audio,Task B ,1,2,0,0,4.00E-05,2,225.3643863,0,0.671072209,1,3
2,audio,Task B ,1,2,1,0,4.00E-05,1,302.1108448,0,0.016836279,1,3
2,audio,Task B ,2,2,1,0,0.00019,2,302.8894037,0,-0.744807302,3,6
3,audio,Task B ,1,1,1,0,9.00E-05,1,338.4955317,0,-0.376323249,2,4
3,audio,Task B ,1,2,1,0,0.00019,1,231.114643,0,0.34133543,3,3
3,audio,Task B ,1,1,1,0,4.00E-05,1,139.0049949,0,-0.335057018,1,4
3,audio,Task B ,1,1,0,0,4.00E-05,2,54.50494072,0,-0.166087155,1,4
3,audio,Task B ,1,2,1,0,4.00E-05,1,65.49304118,0,-0.348823425,1,3
3,audio,Task B ,2,1,0,0,4.00E-05,1,106.3737635,0,0.32041401,1,5
4,audio,Task B ,1,2,1,0,9.00E-05,1,65.95109487,0,-0.031273197,2,3
4,audio,Task B ,1,1,1,0,4.00E-05,1,79.72390097,0,-0.301008981,1,4
4,audio,Task B ,2,2,0,0,9.00E-05,1,255.0290826,0,-0.577143109,2,6
4,audio,Task B ,1,1,1,0,4.00E-05,1,192.114092,0,0.11376101,1,4
4,audio,Task B ,1,1,0,0,4.00E-05,2,56.77792849,0,1.149708218,1,4
4,audio,Task B ,1,3,1,0,0.00019,1,15.31991347,0,0.170989671,3,2
5,audio,Task B ,1,3,1,0,9.00E-05,1,246.5275274,0,0.573460662,2,2
5,audio,Task B ,1,4,0,0,0.00019,2,7.315590652,0,-0.193706228,3,1
5,audio,Task B ,2,2,0,0,0.00041,1,122.1792969,0,-0.579582091,4,6
5,audio,Task B ,2,1,0,0,9.00E-05,1,313.4766617,0,-0.289573159,2,5
5,audio,Task B ,2,1,0,0,9.00E-05,1,64.86791178,0,0.299947079,2,5
5,audio,Task B ,1,1,0,0,4.00E-05,2,90.55706074,0,-1.372061233,1,4
6,audio,Task B ,2,2,1,0,0.00041,2,30.21280245,0,-1.275782307,4,6
6,audio,Task B ,1,3,0,0,4.00E-05,2,309.9567415,0,-0.714556613,1,2
6,audio,Task B ,1,3,1,0,0.00041,1,17.49289566,0,-0.30465706,4,2
6,audio,Task B ,1,3,1,0,0.00019,1,234.9464339,0,-0.111896583,3,2
6,audio,Task B ,1,2,1,0,0.00041,1,10.04647406,0,-0.006042111,4,3
6,audio,Task B ,2,3,0,0,9.00E-05,1,303.3176951,0,0.651934604,2,7
7,audio,Task B ,1,1,1,0,4.00E-05,1,102.4541233,0,0.683320396,1,4
7,audio,Task B ,2,4,0,0,0.00041,1,294.3952493,0,0.417782739,4,8
7,audio,Task B ,1,1,1,0,0.00019,1,152.5511655,0,-0.010003644,3,4
7,audio,Task B ,1,1,0,0,4.00E-05,2,8.897708431,0,-1.268794146,1,4
7,audio,Task B ,1,1,0,0,9.00E-05,2,92.6080754,0,-1.775803122,2,4
7,audio,Task B ,1,1,1,0,4.00E-05,1,178.1876349,0,0.133862907,1,4
8,audio,Task B ,2,4,0,0,0.00041,1,6.862696676,0,-0.062906921,4,8
8,audio,Task B ,2,1,0,0,9.00E-05,1,20.33640424,0,0.141515143,2,5
8,audio,Task B ,1,4,1,0,0.00041,1,25.98886841,0,-0.086544127,4,1
8,audio,Task B ,1,2,0,0,9.00E-05,2,155.7646286,0,0.972780929,2,3
8,audio,Task B ,1,1,0,0,0.00019,2,62.47266029,0,-0.227533578,3,4
8,audio,Task B ,2,2,1,0,0.00019,2,255.3603383,0,1.042734937,3,6
9,audio,Task B ,2,1,1,0,9.00E-05,2,150.9537462,0,-1.120485275,2,5
9,audio,Task B ,2,1,1,0,9.00E-05,2,211.6454495,0,1.552232613,2,5
9,audio,Task B ,1,2,0,0,4.00E-05,2,58.41918207,0,2.483048929,1,3
9,audio,Task B ,1,4,1,0,0.00041,1,312.3393092,0,0.323313122,4,1
9,audio,Task B ,2,1,1,0,0.00019,2,60.45004599,0,-0.609381351,3,5
9,audio,Task B ,1,1,1,0,9.00E-05,1,339.9701792,0,-0.143962976,2,4
10,audio,Task B ,1,1,1,0,0.00019,1,289.3856579,0,0.187225808,3,4
10,audio,Task B ,2,2,1,0,0.00041,2,267.6553944,0,-1.19102971,4,6
10,audio,Task B ,2,2,1,0,0.00019,2,311.0028983,0,0.865711881,3,6
10,audio,Task B ,2,1,1,0,0.00019,2,236.3565464,0,-0.425168383,3,5
10,audio,Task B ,1,2,1,0,0.00019,1,80.95617075,0,0.11787784,3,3
10,audio,Task B ,2,2,1,0,0.00019,2,73.5622581,0,0.750331201,3,6
1,audio,Task B ,2,4,1,0,0.00019,2,130.2664977,0,-1.821287472,3,8
1,audio,Task B ,2,2,1,0,4.00E-05,2,20.2294155,0,2.706310018,1,6
1,audio,Task B ,1,1,1,0,4.00E-05,1,14.52516492,0,0.21423967,1,4
1,audio,Task B ,1,3,0,0,0.00019,2,217.9259592,0,0.033189504,3,2
1,audio,Task B ,2,3,1,0,9.00E-05,2,49.51765178,0,-1.512409779,2,7
1,audio,Task B ,1,2,1,0,0.00019,1,277.1852233,0,-0.182476698,3,3
2,audio,Task B ,1,2,0,0,9.00E-05,2,163.6635228,0,-0.23896246,2,3
2,audio,Task B ,1,3,0,0,0.00019,2,152.2750352,0,-0.295853209,3,2
2,audio,Task B ,1,2,1,0,0.00041,1,153.1743162,0,-0.236297229,4,3
2,audio,Task B ,1,2,1,0,4.00E-05,1,272.3316729,0,0.630603619,1,3
2,audio,Task B ,1,2,1,0,0.00041,1,222.2150379,0,0.012335588,4,3
2,audio,Task B ,2,3,0,0,0.00019,1,173.4784981,0,0.275154776,3,7
3,audio,Task B ,1,1,1,0,4.00E-05,1,249.679486,0,-0.303652168,1,4
3,audio,Task B ,2,4,1,0,9.00E-05,2,289.423763,0,0.860154536,2,8
3,audio,Task B ,1,3,0,0,9.00E-05,2,263.9522333,0,0.252381781,2,2
3,audio,Task B ,1,2,1,0,0.00019,1,208.1377731,0,-0.029664019,3,3
3,audio,Task B ,2,4,1,0,0.00041,2,6.234287316,0,2.382150024,4,8
3,audio,Task B ,2,4,0,0,9.00E-05,1,180.2865389,0,-0.48453984,2,8
4,audio,Task B ,2,3,1,0,0.00019,2,57.50667217,0,-1.848354048,3,7
4,audio,Task B ,1,3,0,0,9.00E-05,2,240.3772982,0,0.619730582,2,2
4,audio,Task B ,1,3,1,0,9.00E-05,1,140.3598882,0,0.793877468,2,2
4,audio,Task B ,1,2,1,0,9.00E-05,1,352.386695,0,-0.410357106,2,3
4,audio,Task B ,1,3,1,0,0.00019,1,31.84333086,0,0.168972601,3,2
4,audio,Task B ,1,1,0,0,4.00E-05,2,221.9831773,0,0.086275979,1,4
5,audio,Task B ,2,4,1,0,0.00041,2,58.45637641,0,-1.370190384,4,8
5,audio,Task B ,1,1,1,0,4.00E-05,1,65.76760472,0,-0.377804583,1,4
5,audio,Task B ,1,2,1,0,0.00019,1,326.6113877,0,0.339758015,3,3
5,audio,Task B ,2,2,0,0,0.00041,1,71.28559826,0,-0.450260826,4,6
5,audio,Task B ,2,4,1,0,0.00019,2,319.9786978,0,0.923712019,3,8
5,audio,Task B ,1,2,0,0,0.00019,2,114.9272538,0,-0.635757761,3,3
6,audio,Task B ,1,3,0,0,4.00E-05,2,285.1197761,0,1.043026463,1,2
6,audio,Task B ,1,3,1,0,0.00041,1,289.8107357,0,0.263146879,4,2
6,audio,Task B ,2,3,0,0,9.00E-05,1,312.1571496,0,0.583587487,2,7
6,audio,Task B ,1,2,1,0,0.00041,1,334.5657173,0,0.670796764,4,3
6,audio,Task B ,1,2,1,0,0.00041,1,299.4824502,0,0.218910471,4,3
6,audio,Task B ,1,2,1,0,4.00E-05,1,312.0537307,0,0.643814637,1,3
7,audio,Task B ,1,4,0,0,4.00E-05,2,109.9157086,0,0.838635125,1,1
7,audio,Task B ,1,1,1,0,0.00019,1,168.5548699,0,-0.05093544,3,4
7,audio,Task B ,1,4,1,0,0.00041,1,40.75298396,0,-0.398661996,4,1
7,audio,Task B ,1,1,1,0,4.00E-05,1,86.14863732,0,0.17063792,1,4
7,audio,Task B ,1,1,1,0,0.00041,1,28.28607647,0,0.153490171,4,4
7,audio,Task B ,1,4,1,0,0.00019,1,107.3668993,0,-0.220605385,3,1
8,audio,Task B ,1,1,0,0,4.00E-05,2,192.8087587,0,1.893253177,1,4
8,audio,Task B ,2,3,1,0,0.00041,2,241.8389847,0,1.360486389,4,7
8,audio,Task B ,2,4,1,0,0.00041,2,280.5512027,0,1.887671593,4,8
8,audio,Task B ,2,1,0,0,9.00E-05,1,304.7684219,0,-0.339803502,2,5
8,audio,Task B ,2,1,1,0,9.00E-05,2,242.9193246,0,2.397746836,2,5
8,audio,Task B ,2,1,1,0,0.00019,2,268.6519761,0,-1.139966551,3,5
9,audio,Task B ,1,1,0,0,9.00E-05,2,147.5406105,0,0.637773811,2,4
9,audio,Task B ,2,1,1,0,4.00E-05,2,83.21584972,0,-2.023335501,1,5
9,audio,Task B ,2,4,0,0,0.00041,1,28.00403606,0,-0.249799115,4,8
9,audio,Task B ,2,1,0,0,9.00E-05,1,211.3771078,0,-0.477788591,2,5
9,audio,Task B ,2,4,1,0,0.00041,2,267.3555325,0,0.176524405,4,8
9,audio,Task B ,1,1,0,0,0.00041,2,305.3082461,0,-2.694220025,4,4
10,audio,Task B ,1,1,0,0,0.00041,2,61.8153303,0,-0.056527959,4,4
10,audio,Task B ,2,2,1,0,0.00019,2,158.9183338,0,-0.779387646,3,6
10,audio,Task B ,1,1,1,0,4.00E-05,1,91.10541658,0,0.374863572,1,4
10,audio,Task B ,2,2,1,0,9.00E-05,2,18.79472323,0,1.361982425,2,6
10,audio,Task B ,1,1,0,0,4.00E-05,2,14.75581379,0,0.554854299,1,4
10,audio,Task B ,2,1,0,0,0.00041,1,22.8626603,0,-0.723878812,4,5
1,audio,Task B ,2,4,1,0,9.00E-05,2,21.49397846,0,1.151168703,2,8
1,audio,Task B ,2,2,0,0,9.00E-05,1,68.31560747,0,-0.917624717,2,6
1,audio,Task B ,1,2,1,0,9.00E-05,1,268.9105983,0,0.516994783,2,3
1,audio,Task B ,1,1,1,0,4.00E-05,1,257.0378579,0,0.143640464,1,4
1,audio,Task B ,2,2,0,0,0.00041,1,31.9812665,0,-0.480016767,4,6
1,audio,Task B ,2,4,1,0,0.00019,2,139.0816948,0,1.722706995,3,8
2,audio,Task B ,2,2,1,0,4.00E-05,2,214.5530475,0,-0.460989401,1,6
2,audio,Task B ,2,2,1,0,0.00019,2,109.0369508,0,-1.334053705,3,6
2,audio,Task B ,2,2,1,0,4.00E-05,2,118.8350152,0,0.584248731,1,6
2,audio,Task B ,2,3,1,0,0.00041,2,61.93206106,0,1.708150421,4,7
2,audio,Task B ,1,2,0,0,9.00E-05,2,253.1495282,0,-1.855370094,2,3
2,audio,Task B ,1,2,0,0,4.00E-05,2,63.10533092,0,0.308812895,1,3
3,audio,Task B ,1,3,1,0,0.00019,1,287.8940002,0,0.292619114,3,2
3,audio,Task B ,1,2,1,0,4.00E-05,1,282.3434034,0,-0.157338446,1,3
3,audio,Task B ,2,4,1,0,0.00019,2,267.7637412,0,1.429868824,3,8
3,audio,Task B ,1,2,0,0,0.00019,2,331.2001171,0,0.721052249,3,3
3,audio,Task B ,1,1,0,0,4.00E-05,2,152.9220441,0,0.772283787,1,4
3,audio,Task B ,1,3,1,0,0.00041,1,117.8528213,0,-0.137193369,4,2
4,audio,Task B ,2,2,1,0,0.00041,2,65.59155982,0,-0.272106103,4,6
4,audio,Task B ,1,3,1,0,9.00E-05,1,112.9340457,0,0.716512389,2,2
4,audio,Task B ,1,3,1,0,0.00019,1,334.2352811,0,0.301670474,3,2
4,audio,Task B ,1,3,0,0,0.00019,2,350.2241406,0,0.246332708,3,2
4,audio,Task B ,1,3,0,0,9.00E-05,2,169.7299181,0,-0.236145482,2,2
4,audio,Task B ,1,1,0,0,4.00E-05,2,163.9274128,0,-2.985831514,1,4
5,audio,Task B ,2,1,1,0,4.00E-05,2,254.9451097,0,-1.923751867,1,5
5,audio,Task B ,2,4,1,0,0.00041,2,154.8929807,0,1.375889093,4,8
5,audio,Task B ,1,3,0,0,0.00041,2,319.1258411,0,-0.075745596,4,2
5,audio,Task B ,2,1,1,0,4.00E-05,2,14.14125025,0,-0.150195984,1,5
5,audio,Task B ,1,1,0,0,4.00E-05,2,338.4460605,0,-0.955898624,1,4
5,audio,Task B ,1,1,0,0,4.00E-05,2,54.86409487,0,0.499227193,1,4
6,audio,Task B ,2,2,0,0,0.00041,1,110.1561062,0,-0.037506335,4,6
6,audio,Task B ,1,3,0,0,4.00E-05,2,324.3326044,0,-0.764749311,1,2
6,audio,Task B ,1,3,1,0,4.00E-05,1,96.56501783,0,-0.044338101,1,2
6,audio,Task B ,1,2,1,0,0.00041,1,49.2476133,0,-0.676822648,4,3
6,audio,Task B ,2,3,0,0,4.00E-05,1,12.01778465,0,-0.217169467,1,7
6,audio,Task B ,2,3,0,0,4.00E-05,1,55.57606654,0,0.364688872,1,7
7,audio,Task B ,2,4,1,0,0.00041,2,178.4242898,0,-0.547430737,4,8
7,audio,Task B ,1,1,1,0,9.00E-05,1,24.86723792,0,-0.214635824,2,4
7,audio,Task B ,2,4,0,0,0.00019,1,111.3291271,0,-0.09059622,3,8
7,audio,Task B ,1,4,1,0,0.00041,1,70.3082331,0,-0.310137275,4,1
7,audio,Task B ,1,1,1,0,9.00E-05,1,184.6608046,0,-0.611150941,2,4
7,audio,Task B ,1,4,0,0,0.00041,2,252.50319,0,-0.184236415,4,1
8,audio,Task B ,1,1,0,0,0.00019,2,286.7436633,0,-0.053012302,3,4
8,audio,Task B ,1,1,1,0,4.00E-05,1,344.7029066,0,0.512545182,1,4
8,audio,Task B ,1,1,1,0,9.00E-05,1,143.8747897,0,-0.454103524,2,4
8,audio,Task B ,2,1,0,0,4.00E-05,1,217.2144462,0,-0.036798153,1,5
8,audio,Task B ,2,3,1,0,0.00019,2,78.87098499,0,1.116038982,3,7
8,audio,Task B ,2,4,0,0,0.00041,1,75.04630279,0,-0.388990655,4,8
9,audio,Task B ,1,1,0,0,0.00019,2,232.5053518,0,-2.452378221,3,4
9,audio,Task B ,2,1,0,0,9.00E-05,1,177.5469744,0,-0.2377202,2,5
9,audio,Task B ,2,1,0,0,9.00E-05,1,246.8012159,0,-0.144502057,2,5
9,audio,Task B ,1,1,0,0,4.00E-05,2,107.501582,0,-1.562686282,1,4
9,audio,Task B ,2,1,1,0,4.00E-05,2,213.5406087,0,-1.841211009,1,5
9,audio,Task B ,1,1,1,0,0.00019,1,134.2800255,0,0.019270341,3,4
10,audio,Task B ,1,1,0,0,0.00041,2,354.7147784,0,0.025677966,4,4
10,audio,Task B ,1,1,0,0,4.00E-05,2,163.8019521,0,-0.826173287,1,4
10,audio,Task B ,1,1,0,0,9.00E-05,2,327.544382,0,1.032464051,2,4
10,audio,Task B ,1,2,1,0,4.00E-05,1,285.4633241,0,-0.310187591,1,3
10,audio,Task B ,1,1,0,0,0.00019,2,123.2482462,0,-3.542573859,3,4
10,audio,Task B ,1,1,1,0,4.00E-05,1,137.0542418,0,0.352916032,1,4
1,audio,Task B ,1,3,1,0,9.00E-05,1,331.9481732,0,-0.341791853,2,2
1,audio,Task B ,1,2,0,0,0.00041,2,192.1008404,0,0.146579382,4,3
1,audio,Task B ,1,2,1,0,0.00041,1,224.3882942,0,0.47460026,4,3
1,audio,Task B ,1,2,0,0,0.00041,2,98.71465984,0,-0.298511725,4,3
1,audio,Task B ,1,2,1,0,0.00041,1,42.3735394,0,0.314902554,4,3
1,audio,Task B ,1,2,1,0,0.00041,1,71.49439908,0,-0.019868839,4,3
2,audio,Task B ,2,2,1,0,0.00019,2,143.600173,0,0.863358026,3,6
2,audio,Task B ,1,2,1,0,9.00E-05,1,185.0185236,0,-0.121946449,2,3
2,audio,Task B ,1,2,1,0,4.00E-05,1,192.5487561,0,-0.090607321,1,3
2,audio,Task B ,1,2,0,0,9.00E-05,2,112.2265112,0,0.124965983,2,3
2,audio,Task B ,2,2,1,0,0.00041,2,263.3607121,0,-1.974270268,4,6
2,audio,Task B ,2,3,1,0,0.00019,2,244.1207916,0,-0.198842329,3,7
3,audio,Task B ,2,3,1,0,0.00041,2,153.2918677,0,1.654261935,4,7
3,audio,Task B ,1,4,0,0,0.00041,2,110.0582697,0,0.362472851,4,1
3,audio,Task B ,1,1,1,0,4.00E-05,1,356.8883949,0,-0.190341316,1,4
3,audio,Task B ,1,2,1,0,4.00E-05,1,88.9983735,0,0.429091507,1,3
3,audio,Task B ,1,4,1,0,9.00E-05,1,9.833878388,0,-0.218435969,2,1
3,audio,Task B ,2,3,1,0,4.00E-05,2,246.7404418,0,1.305397955,1,7
4,audio,Task B ,1,1,0,0,9.00E-05,2,6.622052533,0,0.713304583,2,4
4,audio,Task B ,1,1,0,0,9.00E-05,2,252.6236127,0,1.009760765,2,4
4,audio,Task B ,2,4,1,0,0.00019,2,227.3224607,0,-1.660115393,3,8
4,audio,Task B ,1,3,1,0,0.00019,1,249.9257428,0,-0.259427478,3,2
4,audio,Task B ,2,3,1,0,9.00E-05,2,13.93002701,0,-2.407009099,2,7
4,audio,Task B ,1,3,1,0,9.00E-05,1,175.0372717,0,0.312751721,2,2
5,audio,Task B ,2,1,0,0,4.00E-05,1,162.1730336,0,0.859559952,1,5
5,audio,Task B ,1,4,0,0,0.00041,2,19.23450792,0,-0.238074177,4,1
5,audio,Task B ,1,4,1,0,0.00041,1,347.0326624,0,0.034603796,4,1
5,audio,Task B ,1,4,1,0,0.00041,1,111.7335444,0,0.084334668,4,1
5,audio,Task B ,1,2,0,0,0.00019,2,311.926719,0,-0.087456987,3,3
5,audio,Task B ,1,1,0,0,4.00E-05,2,328.8194518,0,0.750991002,1,4
6,audio,Task B ,1,2,0,0,0.00041,2,182.3000552,0,-1.553802501,4,3
6,audio,Task B ,2,3,0,0,0.00041,1,44.51383149,0,0.314246416,4,7
6,audio,Task B ,1,3,0,0,4.00E-05,2,16.23296576,0,-2.825839595,1,2
6,audio,Task B ,2,3,1,0,0.00019,2,290.3648246,0,-1.347875851,3,7
6,audio,Task B ,2,3,1,0,4.00E-05,2,221.179644,0,-0.581928212,1,7
6,audio,Task B ,1,2,1,0,9.00E-05,1,194.3742597,0,0.580513005,2,3
7,audio,Task B ,1,4,1,0,0.00041,1,175.3869352,0,0.183755538,4,1
7,audio,Task B ,1,1,0,0,9.00E-05,2,168.6672421,0,0.174736585,2,4
7,audio,Task B ,2,1,0,0,9.00E-05,1,264.4467655,0,0.032694509,2,5
7,audio,Task B ,1,4,0,0,0.00041,2,185.0480645,0,0.045839512,4,1
7,audio,Task B ,1,1,1,0,4.00E-05,1,100.6164513,0,-0.060846463,1,4
7,audio,Task B ,1,1,0,0,9.00E-05,2,254.348097,0,1.120702668,2,4
8,audio,Task B ,1,1,1,0,9.00E-05,1,245.35298,0,-0.317125453,2,4
8,audio,Task B ,2,1,1,0,4.00E-05,2,351.2303959,0,1.644572046,1,5
8,audio,Task B ,1,2,1,0,0.00019,1,358.4392715,0,-0.152560378,3,3
8,audio,Task B ,2,1,1,0,4.00E-05,2,108.1811897,0,0.360921618,1,5
8,audio,Task B ,1,2,1,0,0.00019,1,2.646625261,0,-0.2424619,3,3
8,audio,Task B ,1,4,1,0,0.00041,1,117.9681293,0,-0.112631013,4,1
9,audio,Task B ,1,1,0,0,4.00E-05,2,322.0873596,0,-0.416372939,1,4
9,audio,Task B ,1,1,1,0,4.00E-05,1,116.1401905,0,0.229755051,1,4
9,audio,Task B ,1,1,1,0,9.00E-05,1,223.7536929,0,0.442396377,2,4
9,audio,Task B ,1,1,1,0,0.00019,1,329.5099802,0,-0.363533378,3,4
9,audio,Task B ,1,4,0,0,9.00E-05,2,243.6001775,0,0.061251115,2,1
9,audio,Task B ,1,1,0,0,4.00E-05,2,118.7169493,0,-0.002879931,1,4
10,audio,Task B ,2,1,0,0,0.00041,1,184.4506362,0,0.687409518,4,5
10,audio,Task B ,1,2,0,0,4.00E-05,2,336.0933569,0,-1.373130024,1,3
10,audio,Task B ,1,1,0,0,4.00E-05,2,204.1407921,0,-2.013214677,1,4
10,audio,Task B ,1,1,0,0,4.00E-05,2,322.2046975,0,0.622563327,1,4
10,audio,Task B ,1,1,1,0,9.00E-05,1,182.4210776,0,-0.414184526,2,4
10,audio,Task B ,1,1,0,0,0.00019,2,168.0817634,0,0.289690374,3,4
1,audio,Task B ,1,2,1,0,4.00E-05,1,314.7190889,0,-0.526915141,1,3
1,audio,Task B ,1,2,1,0,0.00041,1,71.49278057,0,-0.144003768,4,3
1,audio,Task B ,1,1,0,0,4.00E-05,2,106.2108139,0,-0.006472762,1,4
1,audio,Task B ,1,3,1,0,9.00E-05,1,347.369225,0,0.249168566,2,2
1,audio,Task B ,1,2,1,0,0.00019,1,213.7852761,0,0.078090529,3,3
1,audio,Task B ,1,1,0,0,4.00E-05,2,5.154634575,0,-0.038504822,1,4
2,audio,Task B ,2,4,1,0,9.00E-05,2,189.7031736,0,0.820645975,2,8
2,audio,Task B ,1,3,0,0,9.00E-05,2,183.4760154,0,-0.080515313,2,2
2,audio,Task B ,1,2,1,0,0.00019,1,266.2332475,0,0.08429724,3,3
2,audio,Task B ,1,2,1,0,9.00E-05,1,81.01581842,0,-0.477126091,2,3
2,audio,Task B ,1,2,1,0,0.00019,1,42.44039286,0,0.244013806,3,3
2,audio,Task B ,2,3,1,0,0.00019,2,230.3024758,0,-1.025496792,3,7
3,audio,Task B ,1,2,1,0,4.00E-05,1,321.5691551,0,0.398490803,1,3
3,audio,Task B ,2,4,1,0,0.00019,2,168.8838372,0,2.226352225,3,8
3,audio,Task B ,1,1,0,0,0.00041,2,222.5515743,0,-2.006309658,4,4
3,audio,Task B ,1,1,1,0,0.00019,1,64.66559492,0,-0.392216513,3,4
3,audio,Task B ,2,1,0,0,4.00E-05,1,303.3801687,0,0.056041735,1,5
3,audio,Task B ,1,3,1,0,0.00019,1,297.4854825,0,0.121084025,3,2
4,audio,Task B ,1,1,1,0,4.00E-05,1,353.8840214,0,0.519932928,1,4
4,audio,Task B ,1,1,1,0,9.00E-05,1,248.2691116,0,-0.226393203,2,4
4,audio,Task B ,1,1,0,0,4.00E-05,2,290.2363854,0,0.523618363,1,4
4,audio,Task B ,1,1,1,0,4.00E-05,1,306.6510125,0,-0.030367132,1,4
4,audio,Task B ,1,3,0,0,9.00E-05,2,25.05899678,0,1.196446964,2,2
4,audio,Task B ,1,1,0,0,4.00E-05,2,34.69219373,0,0.372282339,1,4
5,audio,Task B ,1,1,0,0,4.00E-05,2,78.54610767,0,0.189831453,1,4
5,audio,Task B ,2,4,1,0,0.00019,2,337.5650712,0,-1.258529408,3,8
5,audio,Task B ,1,2,1,0,0.00019,1,321.423838,0,0.295238172,3,3
5,audio,Task B ,1,3,1,0,0.00041,1,305.6377024,0,0.253011172,4,2
5,audio,Task B ,1,1,1,0,9.00E-05,1,107.3294331,0,-0.425125264,2,4
5,audio,Task B ,2,1,1,0,4.00E-05,2,118.6391963,0,0.499195117,1,5
6,audio,Task B ,1,3,1,0,9.00E-05,1,105.7643059,0,0.485132494,2,2
6,audio,Task B ,2,3,1,0,0.00041,2,142.515696,0,-1.190170731,4,7
6,audio,Task B ,2,3,0,0,0.00019,1,274.1108406,0,-0.091052175,3,7
6,audio,Task B ,1,2,1,0,4.00E-05,1,63.47269182,0,-0.012802754,1,3
6,audio,Task B ,1,2,1,0,4.00E-05,1,177.8610977,0,-0.078435503,1,3
6,audio,Task B ,1,3,1,0,0.00041,1,43.4623526,0,-0.783389438,4,2
7,audio,Task B ,1,4,0,0,9.00E-05,2,355.4235961,0,0.888783884,2,1
7,audio,Task B ,1,4,0,0,9.00E-05,2,279.492998,0,0.237578753,2,1
7,audio,Task B ,1,4,0,0,9.00E-05,2,196.0805955,0,0.562156956,2,1
7,audio,Task B ,1,4,0,0,0.00019,2,271.0412697,0,0.483447198,3,1
7,audio,Task B ,1,1,0,0,9.00E-05,2,288.2279257,0,-0.030710975,2,4
7,audio,Task B ,2,4,1,0,0.00041,2,178.0376954,0,0.254264068,4,8
8,audio,Task B ,1,4,1,0,0.00041,1,293.5961737,0,-0.290289969,4,1
8,audio,Task B ,2,2,0,0,4.00E-05,1,246.4682855,0,0.400931546,1,6
8,audio,Task B ,1,1,1,0,9.00E-05,1,128.7724176,0,-0.588005678,2,4
8,audio,Task B ,1,1,1,0,0.00019,1,124.7639633,0,0.021514096,3,4
8,audio,Task B ,1,1,1,0,0.00019,1,151.4553715,0,-0.517948752,3,4
8,audio,Task B ,2,4,1,0,0.00019,2,170.2530694,0,1.441286835,3,8
9,audio,Task B ,1,4,1,0,0.00019,1,286.3963005,0,0.226922046,3,1
9,audio,Task B ,1,4,0,0,0.00019,2,342.1169844,0,-0.081302322,3,1
9,audio,Task B ,1,1,1,0,0.00019,1,39.34622674,0,-0.249819334,3,4
9,audio,Task B ,1,4,1,0,0.00041,1,226.3979479,0,-0.409776471,4,1
9,audio,Task B ,1,4,1,0,0.00041,1,15.58110062,0,0.234353724,4,1
9,audio,Task B ,1,1,0,0,0.00019,2,4.133746692,0,-0.361267362,3,4
10,audio,Task B ,1,1,1,0,4.00E-05,1,250.175644,0,0.143771075,1,4
10,audio,Task B ,2,1,0,0,9.00E-05,1,226.1295355,0,0.14908235,2,5
10,audio,Task B ,1,1,1,0,0.00019,1,307.9693748,0,0.577184002,3,4
10,audio,Task B ,2,1,0,0,9.00E-05,1,289.3172235,0,-0.204076723,2,5
10,audio,Task B ,2,2,1,0,4.00E-05,2,118.5157,0,0.105319076,1,6
10,audio,Task B ,1,1,0,0,0.00041,2,162.8357884,0,-0.033823003,4,4
1,audio,Task B ,1,1,0,0,0.00041,2,295.9256305,0,0.528773943,4,4
1,audio,Task B ,1,2,1,0,0.00041,1,220.2728931,0,-0.029135493,4,3
1,audio,Task B ,2,1,0,0,0.00041,1,348.3518317,0,-0.064978975,4,5
1,audio,Task B ,1,1,1,0,4.00E-05,1,328.8329549,0,0.149801863,1,4
1,audio,Task B ,2,3,1,0,4.00E-05,2,217.5388356,0,-2.874313291,1,7
1,audio,Task B ,1,2,1,0,0.00041,1,100.9921948,0,0.079250017,4,3
2,audio,Task B ,2,2,1,0,9.00E-05,2,205.9156041,0,1.223150769,2,6
2,audio,Task B ,1,2,1,0,0.00019,1,128.5762738,0,0.058342642,3,3
2,audio,Task B ,1,2,0,0,0.00019,2,146.7058955,0,0.613776998,3,3
2,audio,Task B ,2,3,0,0,0.00041,1,57.72006861,0,0.257578125,4,7
2,audio,Task B ,2,1,0,0,9.00E-05,1,71.09417932,0,-0.515802755,2,5
2,audio,Task B ,1,3,1,0,0.00041,1,123.993177,0,0.262465385,4,2
3,audio,Task B ,1,2,0,0,0.00041,2,269.2399571,0,0.550268377,4,3
3,audio,Task B ,1,2,1,0,0.00019,1,289.2527223,0,0.390624807,3,3
3,audio,Task B ,2,2,0,0,9.00E-05,1,305.0465252,0,0.213432329,2,6
3,audio,Task B ,1,4,1,0,0.00019,1,65.13671765,0,-0.000523258,3,1
3,audio,Task B ,2,3,0,0,0.00019,1,348.9347956,0,-0.414004996,3,7
3,audio,Task B ,1,1,1,0,4.00E-05,1,257.4223907,0,0.368746009,1,4
4,audio,Task B ,2,2,1,0,0.00019,2,185.4399046,0,-2.242354518,3,6
4,audio,Task B ,1,3,1,0,0.00019,1,113.3294659,0,0.502497153,3,2
4,audio,Task B ,1,3,1,0,0.00041,1,321.4125542,0,0.454046321,4,2
4,audio,Task B ,2,4,1,0,0.00041,2,227.588263,0,-2.235996563,4,8
4,audio,Task B ,2,4,1,0,9.00E-05,2,237.3055133,0,-1.583543093,2,8
4,audio,Task B ,1,3,0,0,0.00041,2,50.08099926,0,2.731208484,4,2
5,audio,Task B ,2,1,1,0,4.00E-05,2,341.8093157,0,0.025457103,1,5
5,audio,Task B ,2,4,1,0,0.00041,2,8.745826431,0,1.085585623,4,8
5,audio,Task B ,1,3,0,0,0.00041,2,63.48677755,0,-0.29618959,4,2
5,audio,Task B ,2,1,0,0,4.00E-05,1,196.264259,0,-0.101723864,1,5
5,audio,Task B ,2,1,0,0,4.00E-05,1,24.41527866,0,-0.0791381,1,5
5,audio,Task B ,2,4,1,0,0.00019,2,31.20045485,0,-1.488251944,3,8
6,audio,Task B ,1,2,1,0,4.00E-05,1,38.38943385,0,-0.450676852,1,3
6,audio,Task B ,1,3,0,0,9.00E-05,2,130.9938688,0,1.238053548,2,2
6,audio,Task B ,2,3,1,0,4.00E-05,2,63.40785754,0,1.022463002,1,7
6,audio,Task B ,2,2,0,0,0.00019,1,194.9102554,0,0.964608535,3,6
6,audio,Task B ,1,3,1,0,9.00E-05,1,278.3720686,0,0.593061275,2,2
6,audio,Task B ,1,2,1,0,9.00E-05,1,55.05317721,0,0.043111971,2,3
7,audio,Task B ,1,1,1,0,9.00E-05,1,250.3669728,0,0.081181144,2,4
7,audio,Task B ,1,1,0,0,9.00E-05,2,305.0921194,0,1.109465083,2,4
7,audio,Task B ,2,4,0,0,0.00041,1,317.7502654,0,-0.122795514,4,8
7,audio,Task B ,1,4,1,0,9.00E-05,1,247.1600033,0,0.292993424,2,1
7,audio,Task B ,2,4,1,0,9.00E-05,2,37.32009605,0,1.650865052,2,8
7,audio,Task B ,1,1,1,0,4.00E-05,1,138.6661995,0,-0.096306046,1,4
8,audio,Task B ,1,1,0,0,9.00E-05,2,74.27532188,0,-0.167520981,2,4
8,audio,Task B ,1,1,1,0,0.00019,1,248.9410619,0,-0.316244439,3,4
8,audio,Task B ,1,1,1,0,9.00E-05,1,315.2927627,0,-0.463506966,2,4
8,audio,Task B ,2,4,1,0,0.00019,2,20.10866279,0,1.932171922,3,8
8,audio,Task B ,2,4,1,0,0.00041,2,58.9960889,0,1.335883533,4,8
8,audio,Task B ,1,4,1,0,0.00041,1,229.1988882,0,0.449104649,4,1
9,audio,Task B ,1,1,1,0,9.00E-05,1,42.74231294,0,0.563780101,2,4
9,audio,Task B ,1,1,1,0,4.00E-05,1,279.5622091,0,-0.216218088,1,4
9,audio,Task B ,1,1,0,0,0.00041,2,104.2184757,0,-1.266251531,4,4
9,audio,Task B ,2,1,1,0,4.00E-05,2,24.08977375,0,-1.686638983,1,5
9,audio,Task B ,2,4,0,0,0.00019,1,304.3154116,0,-0.023422712,3,8
9,audio,Task B ,2,4,1,0,0.00041,2,208.7910958,0,1.983931741,4,8
10,audio,Task B ,2,1,1,0,0.00041,2,323.359843,0,-0.985868731,4,5
10,audio,Task B ,1,1,0,0,4.00E-05,2,134.2687301,0,0.277383783,1,4
10,audio,Task B ,1,1,1,0,4.00E-05,1,129.4631899,0,-0.105463261,1,4
10,audio,Task B ,1,2,0,0,9.00E-05,2,342.9299027,0,-3.095819387,2,3
10,audio,Task B ,1,1,1,0,0.00019,1,54.43283496,0,0.359905279,3,4
10,audio,Task B ,1,1,0,0,4.00E-05,2,242.4153867,0,-2.211643769,1,4
1,audio,Task B ,2,2,1,0,9.00E-05,2,351.5560347,0,-0.537769133,2,6
1,audio,Task B ,1,2,0,0,9.00E-05,2,257.1544829,0,-0.254062869,2,3
1,audio,Task B ,1,2,1,0,0.00041,1,123.1835269,0,0.629323174,4,3
1,audio,Task B ,2,1,1,0,4.00E-05,2,277.3758075,0,-0.310541332,1,5
1,audio,Task B ,1,2,1,0,0.00041,1,226.5135479,0,0.203865854,4,3
1,audio,Task B ,1,2,0,0,0.00041,2,245.8250629,0,-0.078179558,4,3
2,audio,Task B ,1,3,0,0,0.00041,2,184.1642661,0,-1.141327733,4,2
2,audio,Task B ,2,4,1,0,0.00041,2,342.4142576,0,2.490925032,4,8
2,audio,Task B ,1,2,1,0,0.00041,1,241.3987008,0,-0.23767292,4,3
2,audio,Task B ,2,2,0,0,4.00E-05,1,270.619125,0,-0.476479922,1,6
2,audio,Task B ,1,2,1,0,9.00E-05,1,359.9007326,0,-0.52547224,2,3
2,audio,Task B ,2,1,1,0,0.00019,2,356.889509,0,-2.041535492,3,5
3,audio,Task B ,1,2,0,0,9.00E-05,2,240.0078223,0,0.289165694,2,3
3,audio,Task B ,2,2,0,0,9.00E-05,1,216.5530545,0,-0.198115835,2,6
3,audio,Task B ,1,1,1,0,9.00E-05,1,58.84979705,0,-0.137552159,2,4
3,audio,Task B ,2,4,1,0,4.00E-05,2,71.35255643,0,-1.783104465,1,8
3,audio,Task B ,2,2,1,0,0.00019,2,40.58272472,0,0.369508292,3,6
3,audio,Task B ,1,4,1,0,0.00019,1,283.8875027,0,0.024149581,3,1
4,audio,Task B ,1,1,0,0,9.00E-05,2,329.5211986,0,0.245162171,2,4
4,audio,Task B ,1,3,1,0,0.00019,1,311.5830328,0,-0.378488863,3,2
4,audio,Task B ,1,3,0,0,0.00041,2,180.6903486,0,-1.190454201,4,2
4,audio,Task B ,1,1,0,0,4.00E-05,2,301.4688049,0,-0.196535928,1,4
4,audio,Task B ,1,1,1,0,4.00E-05,1,258.4189111,0,0.423650601,1,4
4,audio,Task B ,2,2,0,0,4.00E-05,1,186.1439207,0,-0.534444731,1,6
5,audio,Task B ,1,3,1,0,0.00041,1,258.7128648,0,-0.173175564,4,2
5,audio,Task B ,1,4,0,0,0.00041,2,96.77274679,0,-0.130005525,4,1
5,audio,Task B ,1,1,0,0,9.00E-05,2,48.024679,0,-0.163339069,2,4
5,audio,Task B ,2,2,0,0,0.00041,1,46.82044049,0,-0.395613172,4,6
5,audio,Task B ,2,1,1,0,4.00E-05,2,35.87708249,0,2.861387231,1,5
5,audio,Task B ,2,1,1,0,9.00E-05,2,292.5781765,0,-1.403337959,2,5
6,audio,Task B ,2,3,1,0,0.00041,2,327.1993866,0,-3.728600054,4,7
6,audio,Task B ,1,3,1,0,0.00019,1,52.04722495,0,-0.23329789,3,2
6,audio,Task B ,2,3,0,0,0.00041,1,312.3011118,0,-0.015321579,4,7
6,audio,Task B ,2,3,0,0,9.00E-05,1,225.4440084,0,0.280155583,2,7
6,audio,Task B ,1,2,1,0,0.00041,1,183.9760123,0,0.798307533,4,3
6,audio,Task B ,2,2,0,0,0.00019,1,306.434773,0,0.298764841,3,6
7,audio,Task B ,1,1,1,0,9.00E-05,1,0.940716392,0,-0.182102587,2,4
7,audio,Task B ,1,4,1,0,4.00E-05,1,109.9858596,0,-0.695491495,1,1
7,audio,Task B ,1,1,1,0,4.00E-05,1,312.79637,0,-0.473270687,1,4
7,audio,Task B ,1,1,1,0,4.00E-05,1,306.2531299,0,-0.404214504,1,4
7,audio,Task B ,1,4,1,0,0.00041,1,11.25968442,0,0.151095345,4,1
7,audio,Task B ,1,1,1,0,4.00E-05,1,151.3814216,0,0.191508841,1,4
8,audio,Task B ,1,1,1,0,9.00E-05,1,115.6772898,0,0.02575172,2,4
8,audio,Task B ,2,1,0,0,9.00E-05,1,156.0714096,0,0.10206614,2,5
8,audio,Task B ,1,2,1,0,4.00E-05,1,155.3994786,0,-0.131566781,1,3
8,audio,Task B ,2,1,0,0,9.00E-05,1,119.2121533,0,-0.216592072,2,5
8,audio,Task B ,2,1,0,0,9.00E-05,1,164.9348155,0,-0.291554309,2,5
8,audio,Task B ,1,4,1,0,0.00019,1,9.166586766,0,0.075352575,3,1
9,audio,Task B ,1,1,0,0,9.00E-05,2,190.7924351,0,-1.641952544,2,4
9,audio,Task B ,2,4,0,0,0.00041,1,18.19415425,0,0.145065831,4,8
9,audio,Task B ,2,1,0,0,9.00E-05,1,310.024503,0,0.115893854,2,5
9,audio,Task B ,1,4,1,0,0.00019,1,268.8659083,0,0.403613901,3,1
9,audio,Task B ,1,4,0,0,0.00041,2,107.4380982,0,0.705313279,4,1
9,audio,Task B ,2,4,1,0,9.00E-05,2,77.65672307,0,-2.75204885,2,8
10,audio,Task B ,1,1,0,0,9.00E-05,2,314.6751896,0,-1.024742185,2,4
10,audio,Task B ,1,1,1,0,9.00E-05,1,273.5227595,0,-0.339548762,2,4
10,audio,Task B ,1,1,0,0,4.00E-05,2,63.34986629,0,0.607707316,1,4
10,audio,Task B ,1,1,1,0,4.00E-05,1,205.7574013,0,-0.193288914,1,4
10,audio,Task B ,2,1,0,0,0.00041,1,188.2577063,0,0.119199656,4,5
10,audio,Task B ,1,1,1,0,0.00019,1,62.38523585,0,0.116511046,3,4
1,audio,Task B ,1,2,1,0,9.00E-05,1,34.39503876,0,0.110070942,2,3
1,audio,Task B ,1,2,1,0,9.00E-05,1,282.7371842,0,0.010465875,2,3
1,audio,Task B ,2,1,1,0,4.00E-05,2,247.9184605,0,-0.027899512,1,5
1,audio,Task B ,2,2,1,0,0.00019,2,180.5122193,0,0.808637817,3,6
1,audio,Task B ,1,2,1,0,0.00041,1,237.512116,0,0.292572866,4,3
1,audio,Task B ,1,2,1,0,0.00019,1,228.5166252,0,-0.110000623,3,3
2,audio,Task B ,1,3,1,0,0.00041,1,78.74293658,0,0.086152603,4,2
2,audio,Task B ,1,3,1,0,4.00E-05,1,222.3275312,0,-0.634297097,1,2
2,audio,Task B ,1,2,1,0,4.00E-05,1,119.3839531,0,0.197372414,1,3
2,audio,Task B ,1,2,1,0,0.00041,1,238.8518948,0,-0.138847192,4,3
2,audio,Task B ,1,2,0,0,0.00041,2,18.54547094,0,0.404421888,4,3
2,audio,Task B ,1,2,1,0,0.00041,1,53.97812406,0,0.339994431,4,3
3,audio,Task B ,1,3,1,0,4.00E-05,1,51.92489756,0,0.027412277,1,2
3,audio,Task B ,2,4,1,0,9.00E-05,2,343.0321868,0,-1.983848372,2,8
3,audio,Task B ,1,3,0,0,4.00E-05,2,1.724005477,0,-0.103972378,1,2
3,audio,Task B ,1,1,0,0,0.00041,2,104.3853898,0,0.363300065,4,4
3,audio,Task B ,1,3,1,0,0.00019,1,99.55852613,0,0.000646362,3,2
3,audio,Task B ,2,4,1,0,9.00E-05,2,41.81039149,0,1.773992018,2,8
4,audio,Task B ,1,1,1,0,4.00E-05,1,276.8556553,0,0.785020012,1,4
4,audio,Task B ,1,1,1,0,4.00E-05,1,155.1945472,0,0.05637672,1,4
4,audio,Task B ,1,3,1,0,0.00019,1,321.0727406,0,-0.155499087,3,2
4,audio,Task B ,2,3,1,0,0.00019,2,354.69059,0,-1.549392752,3,7
4,audio,Task B ,1,1,1,0,9.00E-05,1,83.1919081,0,0.06062811,2,4
4,audio,Task B ,1,1,0,0,4.00E-05,2,220.7454576,0,0.909336447,1,4
5,audio,Task B ,1,2,1,0,4.00E-05,1,190.842094,0,0.211414911,1,3
5,audio,Task B ,2,4,1,0,0.00041,2,305.8141951,0,1.929708584,4,8
5,audio,Task B ,1,3,1,0,0.00019,1,132.060083,0,0.391436507,3,2
5,audio,Task B ,1,1,1,0,0.00019,1,166.639778,0,-0.209166041,3,4
5,audio,Task B ,1,3,1,0,0.00041,1,158.3543839,0,0.053254618,4,2
5,audio,Task B ,1,1,0,0,4.00E-05,2,108.7268146,0,-0.690540432,1,4
6,audio,Task B ,2,2,1,0,0.00019,2,311.179031,0,-1.300792835,3,6
6,audio,Task B ,2,3,0,0,4.00E-05,1,19.53930277,0,0.183766493,1,7
6,audio,Task B ,1,3,0,0,4.00E-05,2,289.8181252,0,0.452248046,1,2
6,audio,Task B ,1,3,0,0,0.00019,2,127.2702445,0,0.297599994,3,2
6,audio,Task B ,2,2,0,0,4.00E-05,1,35.77527401,0,0.544393812,1,6
6,audio,Task B ,1,2,0,0,4.00E-05,2,206.0814853,0,2.693369499,1,3
7,audio,Task B ,1,4,0,0,0.00041,2,276.7037537,0,-1.546377848,4,1
7,audio,Task B ,1,1,1,0,4.00E-05,1,329.5129923,0,0.03970155,1,4
7,audio,Task B ,1,4,0,0,0.00019,2,167.9711254,0,-4.227979083,3,1
7,audio,Task B ,2,4,1,0,0.00041,2,86.91083613,0,-2.23390319,4,8
7,audio,Task B ,1,1,0,0,4.00E-05,2,93.49712983,0,-0.314002367,1,4
7,audio,Task B ,1,4,0,0,4.00E-05,2,352.9301115,0,0.464707977,1,1
8,audio,Task B ,1,4,1,0,0.00019,1,219.1883595,0,0.362469733,3,1
8,audio,Task B ,1,4,1,0,0.00041,1,38.85023406,0,-0.814266055,4,1
8,audio,Task B ,1,1,0,0,0.00019,2,228.038083,0,0.108335293,3,4
8,audio,Task B ,1,1,0,0,9.00E-05,2,179.8102388,0,-0.512223233,2,4
8,audio,Task B ,1,1,0,0,4.00E-05,2,350.8024373,0,0.109152414,1,4
8,audio,Task B ,2,3,1,0,0.00019,2,168.8738696,0,-0.06611154,3,7
9,audio,Task B ,1,1,0,0,0.00019,2,88.4897544,0,0.429969779,3,4
9,audio,Task B ,2,2,0,0,0.00019,1,154.4575057,0,0.618700415,3,6
9,audio,Task B ,1,1,1,0,4.00E-05,1,280.9187119,0,-0.207792361,1,4
9,audio,Task B ,2,4,1,0,0.00041,2,128.8490023,0,-0.945344686,4,8
9,audio,Task B ,2,1,0,0,4.00E-05,1,97.10751379,0,-1.091588133,1,5
9,audio,Task B ,2,1,0,0,4.00E-05,1,135.0000676,0,0.041882122,1,5
10,audio,Task B ,1,1,1,0,0.00019,1,359.8897441,0,-0.055468418,3,4
10,audio,Task B ,2,2,0,0,4.00E-05,1,28.18534109,0,0.143880487,1,6
10,audio,Task B ,1,1,0,0,4.00E-05,2,74.27129634,0,-0.398879472,1,4
10,audio,Task B ,1,1,1,0,0.00041,1,201.2403294,0,0.356001281,4,4
10,audio,Task B ,2,2,1,0,0.00041,2,170.5054876,0,-2.8363117,4,6
10,audio,Task B ,1,1,0,0,4.00E-05,2,47.73136974,0,-0.09895273,1,4
1,audio,Task B ,1,2,1,0,0.00041,1,349.6227444,0,-0.103524323,4,3
1,audio,Task B ,2,4,1,0,0.00041,2,281.4803468,0,1.521834828,4,8
1,audio,Task B ,2,3,1,0,0.00019,2,291.048832,0,1.751650794,3,7
1,audio,Task B ,2,3,0,0,0.00041,1,58.01939234,0,0.471758515,4,7
1,audio,Task B ,1,2,1,0,4.00E-05,1,104.7221379,0,-0.456219052,1,3
1,audio,Task B ,1,2,1,0,0.00019,1,340.2675311,0,0.162320492,3,3
2,audio,Task B ,2,2,0,0,9.00E-05,1,243.4575557,0,-0.78157715,2,6
2,audio,Task B ,1,2,1,0,9.00E-05,1,347.464522,0,-0.20546099,2,3
2,audio,Task B ,1,2,1,0,0.00019,1,161.0253918,0,0.166320415,3,3
2,audio,Task B ,2,2,0,0,0.00041,1,346.3551762,0,0.113841299,4,6
2,audio,Task B ,1,2,1,0,0.00019,1,113.8067018,0,-0.546459089,3,3
2,audio,Task B ,1,2,1,0,0.00019,1,27.89134612,0,0.26650778,3,3
3,audio,Task B ,2,3,1,0,4.00E-05,2,180.4521449,0,1.556089158,1,7
3,audio,Task B ,1,3,1,0,9.00E-05,1,39.62215235,0,-0.500973192,2,2
3,audio,Task B ,2,3,1,0,4.00E-05,2,209.3857832,0,1.667986021,1,7
3,audio,Task B ,2,1,0,0,0.00041,1,40.91936067,0,-0.254633624,4,5
3,audio,Task B ,1,3,1,0,0.00041,1,182.3873382,0,-0.012126566,4,2
3,audio,Task B ,2,4,1,0,0.00019,2,139.1503915,0,-0.744125814,3,8
4,audio,Task B ,1,1,1,0,9.00E-05,1,226.941824,0,-0.26449887,2,4
4,audio,Task B ,1,1,1,0,4.00E-05,1,290.0979162,0,0.393184562,1,4
4,audio,Task B ,1,3,1,0,0.00019,1,218.8859082,0,-0.305108916,3,2
4,audio,Task B ,1,1,0,0,9.00E-05,2,84.89717856,0,1.451247363,2,4
4,audio,Task B ,1,3,1,0,9.00E-05,1,199.6036959,0,0.527236106,2,2
4,audio,Task B ,1,3,0,0,0.00041,2,352.6527185,0,1.537104924,4,2
5,audio,Task B ,2,1,0,0,4.00E-05,1,269.6552175,0,0.069097817,1,5
5,audio,Task B ,2,4,1,0,0.00019,2,66.57912953,0,-2.155026124,3,8
5,audio,Task B ,2,1,1,0,4.00E-05,2,51.39333147,0,-1.14280828,1,5
5,audio,Task B ,1,4,0,0,0.00019,2,359.3021006,0,0.479887726,3,1
5,audio,Task B ,1,4,1,0,0.00019,1,68.99929133,0,-0.000531946,3,1
5,audio,Task B ,1,3,1,0,0.00019,1,119.8646874,0,-0.101231177,3,2
6,audio,Task B ,1,2,1,0,0.00041,1,24.95763698,0,-0.003099194,4,3
6,audio,Task B ,1,3,0,0,9.00E-05,2,39.9811203,0,1.280764569,2,2
6,audio,Task B ,2,3,0,0,0.00041,1,230.6728982,0,-0.296363876,4,7
6,audio,Task B ,2,2,1,0,0.00041,2,0.654566847,0,-2.864754154,4,6
6,audio,Task B ,2,3,1,0,0.00019,2,167.0826208,0,1.572746552,3,7
6,audio,Task B ,1,3,0,0,9.00E-05,2,157.8617071,0,1.122979792,2,2
7,audio,Task B ,2,4,1,0,0.00019,2,12.30939743,0,-1.219402489,3,8
7,audio,Task B ,2,4,1,0,0.00041,2,146.6672387,0,-2.105032847,4,8
7,audio,Task B ,1,1,0,0,9.00E-05,2,83.52161482,0,-0.064663578,2,4
7,audio,Task B ,1,1,0,0,4.00E-05,2,336.6176817,0,0.881887422,1,4
7,audio,Task B ,1,4,1,0,0.00019,1,166.2359409,0,-0.519999954,3,1
7,audio,Task B ,1,4,1,0,0.00041,1,350.8623132,0,0.186691616,4,1
8,audio,Task B ,1,1,0,0,9.00E-05,2,341.0983781,0,0.430405377,2,4
8,audio,Task B ,1,1,1,0,0.00019,1,347.5729025,0,0.152071788,3,4
8,audio,Task B ,1,2,1,0,0.00041,1,125.0442267,0,-0.506213414,4,3
8,audio,Task B ,1,4,1,0,0.00041,1,10.93756556,0,0.41553995,4,1
8,audio,Task B ,1,4,1,0,0.00041,1,27.94318105,0,0.184737953,4,1
8,audio,Task B ,1,1,1,0,9.00E-05,1,34.51891017,0,0.293932478,2,4
9,audio,Task B ,1,1,0,0,9.00E-05,2,7.833708362,0,-3.285238552,2,4
9,audio,Task B ,2,2,0,0,9.00E-05,1,237.9125585,0,-0.022603902,2,6
9,audio,Task B ,1,1,1,0,4.00E-05,1,177.6725654,0,0.327507311,1,4
9,audio,Task B ,1,1,1,0,0.00019,1,155.4522526,0,-0.389620441,3,4
9,audio,Task B ,1,1,1,0,4.00E-05,1,272.8067579,0,-0.108160174,1,4
9,audio,Task B ,2,1,0,0,0.00019,1,6.127968726,0,-0.142139971,3,5
10,audio,Task B ,1,1,1,0,0.00041,1,315.6114313,0,0.472328199,4,4
10,audio,Task B ,2,2,0,0,0.00019,1,187.1310497,0,0.298540401,3,6
10,audio,Task B ,1,1,0,0,0.00019,2,210.8527848,0,-0.04328044,3,4
10,audio,Task B ,2,2,1,0,0.00019,2,336.2116467,0,-1.000275172,3,6
10,audio,Task B ,2,2,1,0,0.00041,2,215.7557133,0,-0.821960213,4,6
10,audio,Task B ,1,1,1,0,9.00E-05,1,0.253413936,0,0.655904446,2,4
1,audio,Task B ,2,2,1,0,0.00019,2,13.27887581,0,0.164432153,3,6
1,audio,Task B ,1,2,1,0,0.00019,1,241.9670803,0,-0.189812004,3,3
1,audio,Task B ,2,1,1,0,9.00E-05,2,307.0805384,0,-0.723112225,2,5
1,audio,Task B ,2,2,0,0,0.00041,1,159.4597524,0,-0.162637276,4,6
1,audio,Task B ,2,2,1,0,9.00E-05,2,44.15212693,0,-0.273847818,2,6
1,audio,Task B ,1,2,1,0,0.00019,1,213.4111678,0,0.306694258,3,3
2,audio,Task B ,1,3,0,0,4.00E-05,2,297.8616632,0,1.155994403,1,2
2,audio,Task B ,1,4,0,0,0.00041,2,300.6717884,0,-1.832988304,4,1
2,audio,Task B ,2,3,1,0,0.00041,2,52.64675488,0,0.699083879,4,7
2,audio,Task B ,1,3,1,0,0.00041,1,185.2027268,0,0.191711373,4,2
2,audio,Task B ,1,2,1,0,4.00E-05,1,87.43667514,0,0.206141213,1,3
2,audio,Task B ,2,4,1,0,0.00041,2,230.1263635,0,-0.579603234,4,8
3,audio,Task B ,2,4,1,0,0.00041,2,65.74290014,0,4.276392254,4,8
3,audio,Task B ,1,3,1,0,4.00E-05,1,133.0991611,0,0.062480471,1,2
3,audio,Task B ,1,4,1,0,0.00041,1,201.8941706,0,-0.185019704,4,1
3,audio,Task B ,1,1,1,0,0.00019,1,105.7887449,0,-0.285275607,3,4
3,audio,Task B ,1,1,1,0,9.00E-05,1,272.8620928,0,0.26347884,2,4
3,audio,Task B ,1,4,1,0,0.00019,1,25.26410895,0,-0.062770991,3,1
4,audio,Task B ,1,2,1,0,9.00E-05,1,74.57577054,0,0.366304663,2,3
4,audio,Task B ,2,1,0,0,4.00E-05,1,97.86889819,0,-0.793065126,1,5
4,audio,Task B ,1,3,0,0,0.00019,2,128.2812439,0,-0.031757739,3,2
4,audio,Task B ,1,2,0,0,4.00E-05,2,280.4759318,0,-3.178198393,1,3
4,audio,Task B ,1,2,1,0,9.00E-05,1,221.6321938,0,-0.218517968,2,3
4,audio,Task B ,1,3,1,0,9.00E-05,1,59.80098695,0,0.096841279,2,2
5,audio,Task B ,2,3,0,0,0.00041,1,252.1236948,0,0.185444543,4,7
5,audio,Task B ,1,4,0,0,0.00019,2,333.5638684,0,0.043394461,3,1
5,audio,Task B ,1,1,0,0,9.00E-05,2,328.727112,0,-0.369067015,2,4
5,audio,Task B ,1,1,0,0,9.00E-05,2,160.4942161,0,-3.697195107,2,4
5,audio,Task B ,2,2,0,0,9.00E-05,1,152.5455597,0,-0.177892978,2,6
5,audio,Task B ,2,1,0,0,4.00E-05,1,98.84295133,0,0.150806014,1,5
6,audio,Task B ,2,3,1,0,9.00E-05,2,99.40939625,0,0.028461097,2,7
6,audio,Task B ,2,3,1,0,0.00019,2,140.9018523,0,-0.307101999,3,7
6,audio,Task B ,1,3,1,0,0.00019,1,224.6533857,0,0.127218107,3,2
6,audio,Task B ,1,3,0,0,0.00019,2,206.2861469,0,0.380605891,3,2
6,audio,Task B ,2,1,0,0,9.00E-05,1,155.8969166,0,-0.515128661,2,5
6,audio,Task B ,2,2,1,0,9.00E-05,2,200.9397134,0,1.117458113,2,6
7,audio,Task B ,1,1,0,0,9.00E-05,2,312.6084347,0,0.425074763,2,4
7,audio,Task B ,1,4,0,0,0.00019,2,61.7564087,0,1.589870361,3,1
7,audio,Task B ,1,4,1,0,0.00019,1,317.1576418,0,-0.212055722,3,1
7,audio,Task B ,1,4,0,0,9.00E-05,2,27.49681734,0,0.480523597,2,1
7,audio,Task B ,2,4,1,0,0.00019,2,104.4401705,0,0.426070705,3,8
7,audio,Task B ,1,1,0,0,0.00019,2,131.7738857,0,0.288754935,3,4
8,audio,Task B ,1,4,1,0,0.00041,1,322.9445202,0,0.085828786,4,1
8,audio,Task B ,1,1,1,0,0.00041,1,151.6374065,0,0.070745432,4,4
8,audio,Task B ,1,2,0,0,9.00E-05,2,262.5010687,0,-1.069638623,2,3
8,audio,Task B ,2,1,0,0,9.00E-05,1,179.7573307,0,0.323857357,2,5
8,audio,Task B ,1,1,0,0,4.00E-05,2,183.3290108,0,-0.75201026,1,4
8,audio,Task B ,2,4,1,0,0.00041,2,27.20515985,0,-2.082603426,4,8
9,audio,Task B ,2,1,0,0,9.00E-05,1,29.22322298,0,-0.199499566,2,5
9,audio,Task B ,1,1,0,0,0.00019,2,152.9600112,0,-0.879645428,3,4
9,audio,Task B ,2,4,1,0,0.00041,2,19.23304383,0,2.143510527,4,8
9,audio,Task B ,2,1,0,0,4.00E-05,1,115.9078144,0,-0.333353831,1,5
9,audio,Task B ,1,4,0,0,9.00E-05,2,242.9917465,0,-0.065667517,2,1
9,audio,Task B ,1,1,0,0,4.00E-05,2,49.77474112,0,-3.023930846,1,4
10,audio,Task B ,1,2,0,0,0.00041,2,202.8792483,0,-0.271306879,4,3
10,audio,Task B ,1,1,1,0,0.00019,1,53.06732611,0,-0.468252943,3,4
10,audio,Task B ,1,1,1,0,4.00E-05,1,300.9133944,0,-0.107696506,1,4
10,audio,Task B ,2,1,0,0,0.00041,1,277.5335266,0,-0.48525319,4,5
10,audio,Task B ,1,2,1,0,0.00019,1,53.41540741,0,0.340631959,3,3
10,audio,Task B ,1,1,1,0,4.00E-05,1,248.8169285,0,0.074321231,1,4
1,audio,Task B ,2,4,1,0,0.00019,2,24.37455572,0,-0.874338421,3,8
1,audio,Task B ,2,3,1,0,0.00019,2,208.9543493,0,-0.776823344,3,7
1,audio,Task B ,1,2,1,0,0.00019,1,194.161107,0,-0.115911066,3,3
1,audio,Task B ,2,1,1,0,4.00E-05,2,119.5723662,0,0.250731371,1,5
1,audio,Task B ,2,1,1,0,4.00E-05,2,223.3703797,0,-0.671123595,1,5
1,audio,Task B ,1,2,1,0,4.00E-05,1,6.359671989,0,0.455907843,1,3
2,audio,Task B ,2,1,0,0,4.00E-05,1,201.9177951,0,-0.249948801,1,5
2,audio,Task B ,2,2,1,0,9.00E-05,2,221.8090242,0,1.228047904,2,6
2,audio,Task B ,1,2,1,0,0.00019,1,248.3059279,0,-0.302657617,3,3
2,audio,Task B ,2,2,0,0,4.00E-05,1,348.1788082,0,0.541209466,1,6
2,audio,Task B ,2,1,1,0,4.00E-05,2,215.82352,0,1.050884924,1,5
2,audio,Task B ,1,2,1,0,0.00019,1,164.2006689,0,-0.175454629,3,3
3,audio,Task B ,2,4,1,0,0.00019,2,38.3812472,0,-1.323873045,3,8
3,audio,Task B ,1,2,1,0,0.00019,1,285.1596279,0,-0.469365418,3,3
3,audio,Task B ,1,4,1,0,0.00041,1,254.7537429,0,0.400957974,4,1
3,audio,Task B ,2,3,1,0,9.00E-05,2,287.5154705,0,1.414234029,2,7
3,audio,Task B ,1,1,1,0,0.00041,1,70.64947536,0,0.252096509,4,4
3,audio,Task B ,2,4,1,0,0.00041,2,176.4123685,0,-2.194787239,4,8
4,audio,Task B ,1,1,1,0,9.00E-05,1,312.3610205,0,-0.180888059,2,4
4,audio,Task B ,2,3,1,0,0.00041,2,35.46049948,0,1.957595878,4,7
4,audio,Task B ,1,3,1,0,9.00E-05,1,315.0396848,0,0.320586354,2,2
4,audio,Task B ,1,1,0,0,4.00E-05,2,0.859043776,0,-0.592295547,1,4
4,audio,Task B ,1,3,0,0,0.00019,2,318.7566526,0,-0.410328295,3,2
4,audio,Task B ,1,3,1,0,0.00041,1,161.9323668,0,-0.132023982,4,2
5,audio,Task B ,2,4,1,0,0.00041,2,263.6306151,0,-0.732461339,4,8
5,audio,Task B ,2,2,1,0,4.00E-05,2,345.1029284,0,1.084731785,1,6
5,audio,Task B ,1,4,1,0,0.00019,1,43.54013112,0,0.074194071,3,1
5,audio,Task B ,1,4,1,0,0.00041,1,358.8201648,0,-0.380583114,4,1
5,audio,Task B ,1,1,0,0,4.00E-05,2,215.6210545,0,1.51018845,1,4
5,audio,Task B ,2,2,0,0,0.00041,1,28.84507086,0,0.39166695,4,6
6,audio,Task B ,2,2,1,0,0.00041,2,64.23573739,0,-1.425155439,4,6
6,audio,Task B ,1,3,0,0,0.00019,2,124.0404285,0,0.497273325,3,2
6,audio,Task B ,1,3,0,0,9.00E-05,2,232.3793516,0,-2.77484711,2,2
6,audio,Task B ,2,2,0,0,4.00E-05,1,183.2661187,0,-0.278697839,1,6
6,audio,Task B ,1,3,0,0,4.00E-05,2,264.2459937,0,0.429617251,1,2
6,audio,Task B ,2,3,1,0,9.00E-05,2,78.89304586,0,-2.253328438,2,7
7,audio,Task B ,2,4,1,0,4.00E-05,2,123.6976341,0,-0.038280166,1,8
7,audio,Task B ,1,4,0,0,0.00019,2,155.0959871,0,0.836922172,3,1
7,audio,Task B ,1,1,1,0,4.00E-05,1,145.1096815,0,0.381347897,1,4
7,audio,Task B ,1,4,0,0,9.00E-05,2,85.83392379,0,0.077862367,2,1
7,audio,Task B ,1,1,1,0,9.00E-05,1,9.490524417,0,-0.055211725,2,4
7,audio,Task B ,2,4,0,0,0.00041,1,40.13784935,0,0.583971483,4,8
8,audio,Task B ,1,4,0,0,0.00019,2,215.5158572,0,-0.045089077,3,1
8,audio,Task B ,1,2,0,0,4.00E-05,2,359.4394442,0,-0.735660034,1,3
8,audio,Task B ,2,1,1,0,4.00E-05,2,208.293074,0,0.726916221,1,5
8,audio,Task B ,2,2,1,0,0.00041,2,161.0264878,0,0.220770154,4,6
8,audio,Task B ,2,1,1,0,0.00019,2,316.4485837,0,0.496089366,3,5
8,audio,Task B ,1,1,1,0,4.00E-05,1,95.40100144,0,-0.237904317,1,4
9,audio,Task B ,1,1,0,0,0.00041,2,149.4396684,0,-0.25502689,4,4
9,audio,Task B ,1,4,1,0,0.00019,1,25.64277756,0,0.067944477,3,1
9,audio,Task B ,1,1,1,0,4.00E-05,1,97.75536346,0,-0.360920242,1,4
9,audio,Task B ,1,1,0,0,9.00E-05,2,212.4445865,0,0.689203537,2,4
9,audio,Task B ,1,4,1,0,0.00041,1,190.0705895,0,0.250183797,4,1
9,audio,Task B ,1,1,0,0,9.00E-05,2,89.57543686,0,-0.509821398,2,4
10,audio,Task B ,1,1,1,0,4.00E-05,1,220.8179257,0,0.172172788,1,4
10,audio,Task B ,1,1,0,0,0.00019,2,229.4974553,0,0.221544672,3,4
10,audio,Task B ,1,1,1,0,9.00E-05,1,8.458538523,0,0.194265153,2,4
10,audio,Task B ,1,1,1,0,4.00E-05,1,55.80895382,0,0.254559363,1,4
10,audio,Task B ,1,1,1,0,4.00E-05,1,89.3209145,0,-0.100848368,1,4
10,audio,Task B ,2,2,1,0,9.00E-05,2,348.0112303,0,0.623539637,2,6
1,audio,Task B ,1,2,1,0,9.00E-05,1,157.0182078,0,-0.361722633,2,3
1,audio,Task B ,2,4,1,0,0.00041,2,349.9963066,0,-1.609496821,4,8
1,audio,Task B ,2,4,1,0,0.00041,2,53.53706401,0,-1.159124405,4,8
1,audio,Task B ,1,2,0,0,4.00E-05,2,217.5415699,0,-0.232944211,1,3
1,audio,Task B ,1,2,0,0,0.00041,2,74.25758194,0,1.230765094,4,3
1,audio,Task B ,1,2,1,0,4.00E-05,1,302.2437779,0,-0.124068481,1,3
2,audio,Task B ,1,2,1,0,9.00E-05,1,2.651102572,0,0.168862692,2,3
2,audio,Task B ,1,3,0,0,4.00E-05,2,65.95747677,0,-0.617614106,1,2
2,audio,Task B ,2,3,1,0,0.00041,2,199.9921422,0,1.306083492,4,7
2,audio,Task B ,1,2,0,0,0.00019,2,165.4183558,0,0.620400604,3,3
2,audio,Task B ,1,2,1,0,0.00041,1,171.0022372,0,-0.74198722,4,3
2,audio,Task B ,1,2,0,0,4.00E-05,2,336.6619777,0,2.395700548,1,3
3,audio,Task B ,1,3,1,0,9.00E-05,1,105.3523849,0,-0.247589866,2,2
3,audio,Task B ,1,2,0,0,0.00019,2,69.38374629,0,0.831900998,3,3
3,audio,Task B ,1,4,1,0,9.00E-05,1,116.6660074,0,0.088463898,2,1
3,audio,Task B ,1,1,0,0,4.00E-05,2,191.6901311,0,-0.560874789,1,4
3,audio,Task B ,2,2,1,0,9.00E-05,2,47.37525844,0,0.406835793,2,6
3,audio,Task B ,2,1,1,0,4.00E-05,2,324.3727397,0,2.567506897,1,5
4,audio,Task B ,1,1,0,0,4.00E-05,2,188.9754648,0,-0.395782967,1,4
4,audio,Task B ,1,1,0,0,4.00E-05,2,17.98782445,0,1.010453934,1,4
4,audio,Task B ,1,2,0,0,9.00E-05,2,190.3299822,0,0.608510879,2,3
4,audio,Task B ,1,3,1,0,0.00041,1,271.0611433,0,0.510876044,4,2
4,audio,Task B ,1,3,1,0,0.00041,1,129.9711492,0,-0.022041504,4,2
4,audio,Task B ,1,1,0,0,9.00E-05,2,99.68521879,0,-0.170133411,2,4
5,audio,Task B ,1,3,1,0,0.00041,1,286.4831934,0,0.311152418,4,2
5,audio,Task B ,2,4,1,0,0.00019,2,15.9984867,0,-2.363231835,3,8
5,audio,Task B ,1,3,0,0,0.00019,2,52.40000053,0,-0.587058449,3,2
5,audio,Task B ,1,1,0,0,9.00E-05,2,49.24631361,0,0.267255286,2,4
5,audio,Task B ,1,1,1,0,4.00E-05,1,266.5462612,0,0.524286985,1,4
5,audio,Task B ,2,1,0,0,9.00E-05,1,72.76817768,0,-0.296846352,2,5
6,audio,Task B ,2,2,0,0,9.00E-05,1,245.8246864,0,-0.431161109,2,6
6,audio,Task B ,2,2,1,0,0.00019,2,86.23717388,0,-1.848276754,3,6
6,audio,Task B ,1,2,0,0,4.00E-05,2,233.9608046,0,0.567019167,1,3
6,audio,Task B ,2,2,1,0,0.00019,2,38.61390904,0,2.097403615,3,6
6,audio,Task B ,1,2,0,0,9.00E-05,2,267.6152996,0,-1.846126654,2,3
6,audio,Task B ,1,3,0,0,0.00041,2,126.245215,0,0.232769307,4,2
7,audio,Task B ,2,4,0,0,0.00019,1,191.9913555,0,-0.127394163,3,8
7,audio,Task B ,1,4,0,0,0.00041,2,312.5131684,0,-0.387208716,4,1
7,audio,Task B ,1,1,1,0,9.00E-05,1,81.52691173,0,0.465193105,2,4
7,audio,Task B ,1,1,1,0,9.00E-05,1,281.1923029,0,-0.136892226,2,4
7,audio,Task B ,1,1,0,0,4.00E-05,2,350.9410315,0,0.749378249,1,4
7,audio,Task B ,1,4,1,0,9.00E-05,1,37.6857733,0,0.366620367,2,1
8,audio,Task B ,2,1,1,0,4.00E-05,2,9.834214087,0,1.244071334,1,5
8,audio,Task B ,1,1,1,0,0.00041,1,242.8261395,0,-0.524018482,4,4
8,audio,Task B ,2,1,0,0,4.00E-05,1,22.48769096,0,-0.055318811,1,5
8,audio,Task B ,2,1,1,0,4.00E-05,2,20.77897995,0,-0.052349599,1,5
8,audio,Task B ,1,1,0,0,4.00E-05,2,10.7329764,0,-1.860574566,1,4
8,audio,Task B ,2,2,0,0,0.00019,1,156.0246982,0,-0.226663342,3,6
9,audio,Task B ,1,4,1,0,0.00041,1,8.588107018,0,-0.145653376,4,1
9,audio,Task B ,1,1,0,0,9.00E-05,2,256.288369,0,0.188873813,2,4
9,audio,Task B ,2,1,1,0,4.00E-05,2,29.09408499,0,2.203146384,1,5
9,audio,Task B ,1,2,1,0,9.00E-05,1,46.56696991,0,-0.153592986,2,3
9,audio,Task B ,1,1,1,0,9.00E-05,1,275.4070383,0,-0.209769895,2,4
9,audio,Task B ,1,1,0,0,0.00019,2,72.29016851,0,1.408241819,3,4
10,audio,Task B ,1,2,1,0,0.00041,1,109.9508252,0,0.007321866,4,3
10,audio,Task B ,2,2,0,0,0.00019,1,268.7501672,0,-0.51993049,3,6
10,audio,Task B ,2,2,1,0,0.00019,2,42.44774965,0,3.385106397,3,6
10,audio,Task B ,2,2,0,0,0.00019,1,102.3832282,0,-0.035895739,3,6
10,audio,Task B ,1,1,0,0,9.00E-05,2,53.36631381,0,0.8637329,2,4
10,audio,Task B ,2,2,0,0,0.00019,1,277.2271643,0,0.418847511,3,6
1,audio,Task B ,1,4,1,0,0.00041,1,187.0910201,0,-0.303548787,4,1
1,audio,Task B ,2,2,1,0,9.00E-05,2,230.9771328,0,-0.327993232,2,6
1,audio,Task B ,2,1,0,0,4.00E-05,1,142.1723074,0,-0.04244009,1,5
1,audio,Task B ,1,3,1,0,0.00019,1,200.4750536,0,0.266626574,3,2
1,audio,Task B ,2,2,1,0,0.00019,2,160.4880971,0,1.178139691,3,6
1,audio,Task B ,2,2,0,0,9.00E-05,1,223.989241,0,-0.770057095,2,6
2,audio,Task B ,2,2,0,0,0.00019,1,143.0112875,0,-0.269450668,3,6
2,audio,Task B ,1,2,0,0,9.00E-05,2,30.03101877,0,0.333166767,2,3
2,audio,Task B ,1,2,0,0,4.00E-05,2,288.7034627,0,-0.708312479,1,3
2,audio,Task B ,2,4,1,0,0.00019,2,100.6539248,0,-3.659969603,3,8
2,audio,Task B ,2,2,1,0,9.00E-05,2,134.9291906,0,-1.277928921,2,6
2,audio,Task B ,2,3,1,0,0.00041,2,235.995756,0,0.104443447,4,7
3,audio,Task B ,2,1,1,0,4.00E-05,2,242.5963898,0,2.447867039,1,5
3,audio,Task B ,1,2,1,0,4.00E-05,1,300.7463602,0,-0.118474245,1,3
3,audio,Task B ,2,4,1,0,0.00041,2,182.534147,0,3.029042555,4,8
3,audio,Task B ,1,2,1,0,4.00E-05,1,162.2550713,0,0.300750908,1,3
3,audio,Task B ,2,4,1,0,0.00041,2,195.3995497,0,-1.317297767,4,8
3,audio,Task B ,1,4,1,0,0.00019,1,192.2793336,0,0.076825642,3,1
4,audio,Task B ,1,1,0,0,9.00E-05,2,337.6901159,0,0.255783504,2,4
4,audio,Task B ,1,3,0,0,0.00041,2,45.76270385,0,-0.14186217,4,2
4,audio,Task B ,2,3,1,0,0.00019,2,25.50641985,0,1.0895593,3,7
4,audio,Task B ,1,1,0,0,4.00E-05,2,85.32062814,0,-0.737599511,1,4
4,audio,Task B ,1,3,0,0,0.00019,2,310.4504824,0,0.148769693,3,2
4,audio,Task B ,1,3,1,0,9.00E-05,1,3.585591121,0,0.239246356,2,2
5,audio,Task B ,1,1,1,0,9.00E-05,1,210.4301166,0,0.278997909,2,4
5,audio,Task B ,2,4,1,0,0.00041,2,6.842948863,0,1.692393437,4,8
5,audio,Task B ,2,2,0,0,0.00019,1,193.2585651,0,-0.711894839,3,6
5,audio,Task B ,2,1,0,0,4.00E-05,1,209.4917669,0,-0.034558789,1,5
5,audio,Task B ,2,3,1,0,0.00019,2,356.3296917,0,-1.279598333,3,7
5,audio,Task B ,1,3,1,0,0.00019,1,161.8416976,0,-0.146999834,3,2
6,audio,Task B ,1,3,1,0,0.00019,1,203.8140781,0,0.042680619,3,2
6,audio,Task B ,1,3,0,0,9.00E-05,2,101.6135721,0,-0.944703941,2,2
6,audio,Task B ,1,3,0,0,0.00041,2,231.8249086,0,-0.413354289,4,2
6,audio,Task B ,2,3,1,0,0.00041,2,63.30526623,0,-1.385074213,4,7
6,audio,Task B ,1,2,0,0,9.00E-05,2,22.27970382,0,-0.20998225,2,3
6,audio,Task B ,1,2,1,0,0.00041,1,227.7604063,0,-0.239863251,4,3
7,audio,Task B ,1,1,1,0,9.00E-05,1,105.9290409,0,0.028360465,2,4
7,audio,Task B ,1,4,0,0,0.00019,2,315.3192559,0,-0.555705906,3,1
7,audio,Task B ,1,1,1,0,4.00E-05,1,72.25787763,0,0.403467337,1,4
7,audio,Task B ,1,1,0,0,4.00E-05,2,110.3657881,0,-1.152083579,1,4
7,audio,Task B ,1,4,1,0,0.00041,1,26.29479601,0,-0.031995669,4,1
7,audio,Task B ,1,4,0,0,0.00041,2,180.3958173,0,0.622307596,4,1
8,audio,Task B ,1,1,1,0,4.00E-05,1,188.5635011,0,0.201594811,1,4
8,audio,Task B ,1,1,0,0,9.00E-05,2,256.0928245,0,0.57158081,2,4
8,audio,Task B ,2,2,1,0,9.00E-05,2,311.0281801,0,-1.182553753,2,6
8,audio,Task B ,2,4,1,0,0.00041,2,30.86669193,0,2.503959841,4,8
8,audio,Task B ,2,1,1,0,0.00019,2,38.68374641,0,-0.206090386,3,5
8,audio,Task B ,1,1,1,0,9.00E-05,1,201.7689185,0,0.392273325,2,4
9,audio,Task B ,2,1,0,0,4.00E-05,1,133.4893261,0,-0.083565345,1,5
9,audio,Task B ,1,1,1,0,4.00E-05,1,158.0697679,0,0.004998765,1,4
9,audio,Task B ,2,1,0,0,0.00019,1,112.5293344,0,-0.200862025,3,5
9,audio,Task B ,1,4,1,0,0.00041,1,130.6758553,0,-0.346080095,4,1
9,audio,Task B ,1,1,0,0,4.00E-05,2,207.6538365,0,0.630685174,1,4
9,audio,Task B ,2,1,1,0,4.00E-05,2,238.8194176,0,1.274624746,1,5
10,audio,Task B ,2,1,1,0,0.00041,2,193.3204273,0,-1.089690524,4,5
10,audio,Task B ,2,2,0,0,0.00041,1,80.5887223,0,0.297446636,4,6
10,audio,Task B ,1,1,1,0,9.00E-05,1,200.6564152,0,-0.213831736,2,4
10,audio,Task B ,1,1,1,0,0.00019,1,305.0297573,0,0.112844381,3,4
10,audio,Task B ,1,1,0,0,4.00E-05,2,113.0519735,0,-1.952700778,1,4
10,audio,Task B ,1,1,1,0,4.00E-05,1,325.6505834,0,0.143108724,1,4
1,audio,Task B ,1,3,0,0,9.00E-05,2,229.8420448,0,0.11216594,2,2
1,audio,Task B ,1,2,1,0,0.00019,1,294.5526021,0,0.006545455,3,3
1,audio,Task B ,1,3,1,0,0.00019,1,278.5641128,0,0.231577959,3,2
1,audio,Task B ,1,2,1,0,9.00E-05,1,67.86316484,0,-0.034451226,2,3
1,audio,Task B ,2,1,0,0,4.00E-05,1,205.1357447,0,0.027251141,1,5
1,audio,Task B ,2,2,0,0,0.00041,1,177.3552994,0,0.818281227,4,6
2,audio,Task B ,2,4,0,0,0.00041,1,187.8501625,0,0.050620564,4,8
2,audio,Task B ,1,2,0,0,4.00E-05,2,16.65462935,0,-0.981686514,1,3
2,audio,Task B ,1,2,1,0,4.00E-05,1,334.9169576,0,-0.149846851,1,3
2,audio,Task B ,2,2,1,0,0.00019,2,265.8275265,0,0.468078811,3,6
2,audio,Task B ,2,1,0,0,9.00E-05,1,144.6284529,0,-0.717531258,2,5
2,audio,Task B ,1,2,0,0,9.00E-05,2,344.7405025,0,0.836887513,2,3
3,audio,Task B ,1,2,1,0,0.00041,1,122.1882255,0,0.226720885,4,3
3,audio,Task B ,1,1,1,0,0.00019,1,244.8132301,0,-0.476162491,3,4
3,audio,Task B ,1,2,0,0,0.00041,2,158.8007652,0,0.227256471,4,3
3,audio,Task B ,1,3,1,0,0.00041,1,139.8807825,0,0.197388603,4,2
3,audio,Task B ,1,2,0,0,0.00041,2,304.7883473,0,-0.272391731,4,3
3,audio,Task B ,1,3,1,0,0.00041,1,151.6258786,0,-0.028316307,4,2
4,audio,Task B ,1,4,1,0,0.00041,1,310.9259549,0,-0.085466934,4,1
4,audio,Task B ,1,1,1,0,9.00E-05,1,160.923003,0,0.195869038,2,4
4,audio,Task B ,1,3,1,0,9.00E-05,1,278.0419732,0,0.830509288,2,2
4,audio,Task B ,1,3,0,0,0.00041,2,254.4483177,0,-0.903055934,4,2
4,audio,Task B ,1,1,1,0,4.00E-05,1,143.7254675,0,0.024095346,1,4
4,audio,Task B ,1,1,1,0,4.00E-05,1,18.82569645,0,-0.095792103,1,4
5,audio,Task B ,2,4,1,0,0.00019,2,251.4841819,0,1.003064894,3,8
5,audio,Task B ,1,1,1,0,9.00E-05,1,93.52796536,0,0.445765106,2,4
5,audio,Task B ,2,2,0,0,4.00E-05,1,170.0761731,0,0.101575044,1,6
5,audio,Task B ,2,4,1,0,0.00019,2,86.41822165,0,0.543941532,3,8
5,audio,Task B ,1,3,1,0,0.00041,1,41.9206849,0,0.104133515,4,2
5,audio,Task B ,1,3,1,0,4.00E-05,1,46.03515044,0,-0.056005187,1,2
6,audio,Task B ,1,3,1,0,4.00E-05,1,7.251052607,0,-0.704724615,1,2
6,audio,Task B ,2,3,1,0,4.00E-05,2,266.4553631,0,-0.809349757,1,7
6,audio,Task B ,2,3,0,0,0.00041,1,339.8012972,0,0.342389085,4,7
6,audio,Task B ,1,2,0,0,0.00041,2,47.24101807,0,0.244143519,4,3
6,audio,Task B ,1,3,1,0,4.00E-05,1,20.20948538,0,-0.513720225,1,2
6,audio,Task B ,1,2,0,0,9.00E-05,2,33.26115309,0,0.732959745,2,3
7,audio,Task B ,1,4,0,0,4.00E-05,2,106.725833,0,-1.557519732,1,1
7,audio,Task B ,1,4,1,0,0.00019,1,254.7932231,0,-0.062591923,3,1
7,audio,Task B ,1,4,0,0,4.00E-05,2,269.3234237,0,-1.462393671,1,1
7,audio,Task B ,1,4,1,0,0.00019,1,35.58342091,0,-0.446058158,3,1
7,audio,Task B ,1,1,0,0,4.00E-05,2,346.0611928,0,-1.535750973,1,4
7,audio,Task B ,1,4,0,0,0.00019,2,341.8250619,0,0.080043251,3,1
8,audio,Task B ,1,4,1,0,0.00041,1,185.9053788,0,-0.213857078,4,1
8,audio,Task B ,1,2,1,0,4.00E-05,1,9.391722235,0,-0.061310921,1,3
8,audio,Task B ,1,2,1,0,0.00041,1,301.9594453,0,-0.060734968,4,3
8,audio,Task B ,1,1,1,0,9.00E-05,1,209.4318669,0,0.288918888,2,4
8,audio,Task B ,1,4,1,0,0.00041,1,60.99190836,0,0.024894487,4,1
8,audio,Task B ,2,2,0,0,0.00041,1,218.5242523,0,0.263024914,4,6
9,audio,Task B ,1,1,0,0,9.00E-05,2,211.2998992,0,-1.765033394,2,4
9,audio,Task B ,2,4,0,0,0.00041,1,317.8093798,0,0.486034164,4,8
9,audio,Task B ,1,1,1,0,0.00019,1,352.3399625,0,0.153268287,3,4
9,audio,Task B ,1,1,1,0,9.00E-05,1,205.4578416,0,0.003532454,2,4
9,audio,Task B ,1,1,1,0,0.00019,1,250.8637092,0,-0.229721414,3,4
9,audio,Task B ,2,1,0,0,9.00E-05,1,185.0577695,0,0.029693189,2,5
10,audio,Task B ,1,1,1,0,9.00E-05,1,86.94460657,0,-0.045824294,2,4
10,audio,Task B ,1,1,1,0,9.00E-05,1,314.8926369,0,-0.48747488,2,4
10,audio,Task B ,1,1,0,0,9.00E-05,2,43.54895028,0,0.472416932,2,4
10,audio,Task B ,1,1,1,0,0.00019,1,303.7608311,0,0.339695139,3,4
10,audio,Task B ,2,2,1,0,0.00041,2,57.61708494,0,0.669814536,4,6
10,audio,Task B ,1,1,1,0,0.00041,1,184.636195,0,0.438830885,4,4
1,audio,Task B ,2,4,0,0,9.00E-05,1,72.83686759,0,-0.729612537,2,8
1,audio,Task B ,2,4,1,0,9.00E-05,2,27.04254877,0,1.515811909,2,8
1,audio,Task B ,2,3,1,0,0.00041,2,245.6284084,0,1.627279889,4,7
1,audio,Task B ,1,2,1,0,4.00E-05,1,317.5503951,0,-0.317468993,1,3
1,audio,Task B ,1,1,0,0,4.00E-05,2,292.3404282,0,2.47850892,1,4
1,audio,Task B ,2,3,0,0,0.00019,1,152.2614551,0,-0.714425906,3,7
2,audio,Task B ,1,2,1,0,4.00E-05,1,10.96559453,0,-0.06426628,1,3
2,audio,Task B ,2,2,1,0,0.00019,2,129.6852922,0,0.8441575,3,6
2,audio,Task B ,2,3,1,0,0.00041,2,268.813677,0,1.063942679,4,7
2,audio,Task B ,2,2,0,0,9.00E-05,1,50.14245055,0,-0.658037718,2,6
2,audio,Task B ,1,2,1,0,9.00E-05,1,344.6007978,0,0.045004638,2,3
2,audio,Task B ,2,2,1,0,0.00019,2,303.6766035,0,-1.360402039,3,6
3,audio,Task B ,2,2,1,0,9.00E-05,2,101.0403492,0,-0.69200368,2,6
3,audio,Task B ,2,1,1,0,9.00E-05,2,289.9450956,0,-3.040444269,2,5
3,audio,Task B ,2,4,1,0,4.00E-05,2,100.6153942,0,1.888544165,1,8
3,audio,Task B ,1,1,1,0,4.00E-05,1,33.55821738,0,0.096286455,1,4
3,audio,Task B ,2,1,1,0,4.00E-05,2,187.9360285,0,0.541370851,1,5
3,audio,Task B ,1,2,0,0,0.00041,2,307.9572525,0,0.050211598,4,3
4,audio,Task B ,2,2,0,0,0.00041,1,20.25968709,0,0.37871375,4,6
4,audio,Task B ,2,3,1,0,0.00019,2,305.0918064,0,-1.232249832,3,7
4,audio,Task B ,2,4,1,0,0.00041,2,161.7781717,0,-0.557623577,4,8
4,audio,Task B ,1,3,0,0,9.00E-05,2,353.737408,0,-0.988320393,2,2
4,audio,Task B ,1,3,1,0,9.00E-05,1,8.407515702,0,-0.2634057,2,2
4,audio,Task B ,1,3,0,0,0.00019,2,146.6082397,0,-1.382094903,3,2
5,audio,Task B ,1,3,1,0,0.00019,1,156.4582025,0,0.098482434,3,2
5,audio,Task B ,1,1,0,0,9.00E-05,2,287.3412872,0,-0.494308324,2,4
5,audio,Task B ,2,2,0,0,0.00019,1,170.4991274,0,0.787990214,3,6
5,audio,Task B ,2,1,1,0,0.00019,2,193.5170232,0,-2.422346141,3,5
5,audio,Task B ,2,4,1,0,0.00041,2,101.1524872,0,-1.26505298,4,8
5,audio,Task B ,2,1,0,0,4.00E-05,1,261.907041,0,-0.586476562,1,5
6,audio,Task B ,2,2,1,0,4.00E-05,2,349.9738274,0,2.997294696,1,6
6,audio,Task B ,2,3,1,0,9.00E-05,2,296.3875248,0,0.20793161,2,7
6,audio,Task B ,2,3,1,0,4.00E-05,2,165.4897754,0,1.999544854,1,7
6,audio,Task B ,1,2,0,0,4.00E-05,2,230.057067,0,-0.453639279,1,3
6,audio,Task B ,1,2,0,0,0.00019,2,296.80284,0,-0.88830194,3,3
6,audio,Task B ,1,3,0,0,0.00041,2,294.3667124,0,0.527779802,4,2
7,audio,Task B ,1,1,1,0,4.00E-05,1,173.2422148,0,0.247838531,1,4
7,audio,Task B ,2,4,1,0,0.00019,2,48.04802299,0,2.443837172,3,8
7,audio,Task B ,1,1,1,0,9.00E-05,1,315.1974266,0,-0.162406148,2,4
7,audio,Task B ,1,4,1,0,0.00041,1,284.0451326,0,0.346047721,4,1
7,audio,Task B ,1,1,0,0,9.00E-05,2,69.83827554,0,3.273172899,2,4
7,audio,Task B ,1,4,0,0,9.00E-05,2,356.2524324,0,-2.617523954,2,1
8,audio,Task B ,1,1,0,0,9.00E-05,2,301.4719621,0,-1.070380307,2,4
8,audio,Task B ,1,1,1,0,4.00E-05,1,202.0644754,0,0.295828432,1,4
8,audio,Task B ,2,3,1,0,0.00041,2,246.6251319,0,0.495687103,4,7
8,audio,Task B ,2,4,1,0,0.00041,2,279.3923461,0,-1.886835456,4,8
8,audio,Task B ,1,1,1,0,4.00E-05,1,107.2839006,0,-0.019934744,1,4
8,audio,Task B ,1,1,0,0,9.00E-05,2,69.48888624,0,1.772964984,2,4
9,audio,Task B ,2,4,1,0,0.00041,2,287.427436,0,0.809632173,4,8
9,audio,Task B ,2,2,0,0,0.00041,1,344.5726973,0,0.153973677,4,6
9,audio,Task B ,1,1,1,0,9.00E-05,1,167.9609468,0,0.152770849,2,4
9,audio,Task B ,1,1,0,0,4.00E-05,2,35.53111001,0,-0.688331449,1,4
9,audio,Task B ,1,4,1,0,0.00041,1,30.17127551,0,0.297618409,4,1
9,audio,Task B ,2,4,1,0,0.00041,2,123.5337345,0,1.168612719,4,8
10,audio,Task B ,1,1,0,0,4.00E-05,2,282.5638156,0,1.111843631,1,4
10,audio,Task B ,2,1,1,0,9.00E-05,2,58.27569496,0,-0.405785518,2,5
10,audio,Task B ,2,2,1,0,0.00041,2,101.7565847,0,-2.020637545,4,6
10,audio,Task B ,2,1,1,0,9.00E-05,2,83.15387485,0,0.993626393,2,5
10,audio,Task B ,1,1,1,0,0.00041,1,106.4627017,0,-0.163673574,4,4
10,audio,Task B ,2,1,1,0,9.00E-05,2,192.3198995,0,-0.830540875,2,5
1,audio,Task B ,2,2,0,0,4.00E-05,1,140.719048,0,0.525591248,1,6
1,audio,Task B ,2,2,0,0,9.00E-05,1,100.4407644,0,-0.479078272,2,6
1,audio,Task B ,2,1,1,0,9.00E-05,2,93.55622835,0,0.962517087,2,5
1,audio,Task B ,2,4,1,0,0.00041,2,250.4100785,0,-3.683575003,4,8
1,audio,Task B ,1,2,1,0,0.00041,1,70.44330845,0,0.090594753,4,3
1,audio,Task B ,1,2,0,0,0.00019,2,162.6900367,0,0.033835765,3,3
2,audio,Task B ,1,3,0,0,0.00041,2,345.6629953,0,0.567449875,4,2
2,audio,Task B ,1,2,1,0,9.00E-05,1,40.38830553,0,-0.186867938,2,3
2,audio,Task B ,1,1,1,0,9.00E-05,1,127.665199,0,-0.412020997,2,4
2,audio,Task B ,2,4,1,0,9.00E-05,2,197.9869197,0,1.699428068,2,8
2,audio,Task B ,2,3,0,0,0.00041,1,241.0897256,0,0.421239452,4,7
2,audio,Task B ,1,2,1,0,9.00E-05,1,247.3212396,0,0.08962764,2,3
3,audio,Task B ,1,1,1,0,4.00E-05,1,33.46997815,0,-0.336888535,1,4
3,audio,Task B ,2,4,1,0,0.00019,2,256.5739838,0,-0.533450056,3,8
3,audio,Task B ,2,4,1,0,9.00E-05,2,271.7704387,0,-1.754526696,2,8
3,audio,Task B ,1,1,1,0,0.00041,1,15.49277678,0,-0.24455952,4,4
3,audio,Task B ,2,3,1,0,9.00E-05,2,43.94903919,0,-0.666401345,2,7
3,audio,Task B ,2,4,1,0,0.00019,2,220.1991323,0,-0.93022269,3,8
4,audio,Task B ,2,3,1,0,0.00019,2,228.9433962,0,1.175997567,3,7
4,audio,Task B ,2,4,1,0,0.00041,2,297.004494,0,-1.730971557,4,8
4,audio,Task B ,2,3,1,0,0.00041,2,132.8935866,0,1.381283058,4,7
4,audio,Task B ,1,3,1,0,0.00041,1,313.7833611,0,0.123313985,4,2
4,audio,Task B ,2,4,1,0,0.00041,2,332.1789316,0,-2.249954134,4,8
4,audio,Task B ,1,1,0,0,4.00E-05,2,237.0307892,0,2.26439159,1,4
5,audio,Task B ,1,3,1,0,9.00E-05,1,358.83431,0,0.080657862,2,2
5,audio,Task B ,1,1,1,0,9.00E-05,1,185.6061857,0,0.382911543,2,4
5,audio,Task B ,2,4,1,0,9.00E-05,2,318.7363741,0,1.670031083,2,8
5,audio,Task B ,2,4,1,0,0.00041,2,151.9331523,0,0.759947226,4,8
5,audio,Task B ,1,1,0,0,4.00E-05,2,287.7913367,0,-0.542419536,1,4
5,audio,Task B ,2,1,0,0,9.00E-05,1,180.4226141,0,-0.144726156,2,5
6,audio,Task B ,2,3,1,0,0.00041,2,335.7826284,0,1.458957054,4,7
6,audio,Task B ,2,3,0,0,9.00E-05,1,344.0052067,0,0.021104286,2,7
6,audio,Task B ,2,3,0,0,0.00019,1,224.0734691,0,-0.011790066,3,7
6,audio,Task B ,2,3,1,0,0.00041,2,317.174484,0,2.293777089,4,7
6,audio,Task B ,1,3,1,0,0.00019,1,247.8388138,0,-0.320713879,3,2
6,audio,Task B ,2,3,1,0,0.00041,2,139.5943954,0,1.686105667,4,7
7,audio,Task B ,1,4,0,0,0.00019,2,13.25747221,0,0.364458249,3,1
7,audio,Task B ,2,4,0,0,0.00041,1,295.8550835,0,-0.361482226,4,8
7,audio,Task B ,1,4,1,0,0.00019,1,165.2747929,0,0.731515292,3,1
7,audio,Task B ,1,4,1,0,9.00E-05,1,217.3369179,0,0.11513608,2,1
7,audio,Task B ,1,1,1,0,4.00E-05,1,246.5533749,0,-0.129228033,1,4
7,audio,Task B ,1,4,1,0,9.00E-05,1,86.2182712,0,0.233817401,2,1
8,audio,Task B ,1,1,1,0,4.00E-05,1,84.28023549,0,0.126935833,1,4
8,audio,Task B ,1,1,0,0,4.00E-05,2,162.1335102,0,-1.287811136,1,4
8,audio,Task B ,2,2,1,0,9.00E-05,2,223.2043202,0,-0.682575278,2,6
8,audio,Task B ,2,2,0,0,0.00019,1,33.89288684,0,0.443298359,3,6
8,audio,Task B ,1,1,1,0,4.00E-05,1,208.1725341,0,0.087020941,1,4
8,audio,Task B ,1,1,1,0,4.00E-05,1,20.4770379,0,-0.222737118,1,4
9,audio,Task B ,1,1,1,0,9.00E-05,1,324.4358991,0,0.103574054,2,4
9,audio,Task B ,2,1,0,0,4.00E-05,1,123.1577735,0,0.52841079,1,5
9,audio,Task B ,1,1,1,0,9.00E-05,1,263.6663366,0,0.000922819,2,4
9,audio,Task B ,1,4,1,0,0.00041,1,41.20929697,0,-0.24843133,4,1
9,audio,Task B ,1,1,0,0,4.00E-05,2,230.9889778,0,1.406062409,1,4
9,audio,Task B ,1,1,0,0,0.00019,2,256.8060821,0,-3.669161799,3,4
10,audio,Task B ,2,1,1,0,0.00019,2,315.2044722,0,1.653215487,3,5
10,audio,Task B ,1,1,1,0,0.00019,1,320.4338788,0,0.267839772,3,4
10,audio,Task B ,1,2,0,0,9.00E-05,2,350.4691099,0,2.42051222,2,3
10,audio,Task B ,1,1,1,0,9.00E-05,1,88.12811142,0,0.249024611,2,4
10,audio,Task B ,2,1,1,0,4.00E-05,2,125.8087097,0,-0.706987815,1,5
10,audio,Task B ,2,1,1,0,9.00E-05,2,166.349895,0,1.510485498,2,5
1,audio,Task B ,1,3,0,0,0.00041,2,28.10929816,0,0.122643646,4,2
1,audio,Task B ,1,2,1,0,0.00019,1,37.0831604,0,0.040230807,3,3
1,audio,Task B ,2,3,1,0,4.00E-05,2,179.1559472,0,-1.051749438,1,7
1,audio,Task B ,2,2,0,0,9.00E-05,1,83.57983704,0,-0.361932482,2,6
1,audio,Task B ,2,1,0,0,4.00E-05,1,65.47083447,0,-0.045520695,1,5
1,audio,Task B ,1,2,0,0,0.00041,2,263.5713122,0,0.486476596,4,3
2,audio,Task B ,2,4,1,0,0.00041,2,192.7121958,0,1.515895729,4,8
2,audio,Task B ,1,2,1,0,0.00019,1,165.0510143,0,-0.364910309,3,3
2,audio,Task B ,1,2,0,0,9.00E-05,2,26.4878654,0,-1.037132761,2,3
2,audio,Task B ,1,3,1,0,9.00E-05,1,237.7232419,0,-0.292731731,2,2
2,audio,Task B ,1,1,0,0,4.00E-05,2,141.4731862,0,-2.275264552,1,4
2,audio,Task B ,1,2,0,0,9.00E-05,2,304.9323752,0,-1.818561354,2,3
3,audio,Task B ,1,3,0,0,0.00041,2,258.6143535,0,1.285859359,4,2
3,audio,Task B ,1,3,1,0,9.00E-05,1,98.47027731,0,-0.18536241,2,2
3,audio,Task B ,2,2,1,0,4.00E-05,2,180.8616214,0,-1.202093333,1,6
3,audio,Task B ,1,3,1,0,0.00041,1,117.8554864,0,-0.006407503,4,2
3,audio,Task B ,1,1,1,0,4.00E-05,1,61.34456713,0,-0.111083019,1,4
3,audio,Task B ,1,2,0,0,4.00E-05,2,44.82674781,0,-0.51266544,1,3
4,audio,Task B ,1,3,0,0,0.00019,2,15.98199341,0,0.527906763,3,2
4,audio,Task B ,1,1,1,0,9.00E-05,1,103.0912396,0,-0.518405243,2,4
4,audio,Task B ,1,3,0,0,0.00019,2,316.8659375,0,0.192908917,3,2
4,audio,Task B ,1,1,0,0,4.00E-05,2,173.9269175,0,-1.273999803,1,4
4,audio,Task B ,1,3,1,0,9.00E-05,1,268.5427791,0,0.063112583,2,2
4,audio,Task B ,1,1,0,0,9.00E-05,2,298.2200972,0,2.230423045,2,4
5,audio,Task B ,2,4,0,0,0.00019,1,159.4759226,0,-0.807831177,3,8
5,audio,Task B ,1,1,0,0,4.00E-05,2,272.7347003,0,-1.145715425,1,4
5,audio,Task B ,2,2,0,0,4.00E-05,1,98.78035683,0,0.109568583,1,6
5,audio,Task B ,1,2,1,0,0.00041,1,125.0327459,0,-0.641775483,4,3
5,audio,Task B ,2,4,1,0,0.00041,2,15.40590255,0,-1.738054254,4,8
5,audio,Task B ,2,1,0,0,9.00E-05,1,256.5147677,0,-0.230382403,2,5
6,audio,Task B ,2,3,1,0,0.00041,2,225.6383684,0,-0.411247471,4,7
6,audio,Task B ,1,3,1,0,0.00019,1,304.570316,0,-0.364208083,3,2
6,audio,Task B ,1,3,0,0,9.00E-05,2,348.9698096,0,-0.310230957,2,2
6,audio,Task B ,2,3,1,0,9.00E-05,2,281.0985327,0,0.816260625,2,7
6,audio,Task B ,2,2,0,0,4.00E-05,1,64.19251683,0,0.497574463,1,6
6,audio,Task B ,2,3,1,0,4.00E-05,2,61.34831419,0,-2.074203886,1,7
7,audio,Task B ,1,4,0,0,4.00E-05,2,162.665652,0,2.319473459,1,1
7,audio,Task B ,1,1,0,0,4.00E-05,2,186.3199219,0,-0.28234753,1,4
7,audio,Task B ,1,2,1,0,9.00E-05,1,236.2517595,0,0.284693649,2,3
7,audio,Task B ,1,4,1,0,0.00019,1,328.0642421,0,-0.102016424,3,1
7,audio,Task B ,1,1,0,0,9.00E-05,2,290.563028,0,0.533549521,2,4
7,audio,Task B ,1,1,0,0,4.00E-05,2,185.0703273,0,0.757218122,1,4
8,audio,Task B ,1,4,1,0,4.00E-05,1,156.4046692,0,-0.423717507,1,1
8,audio,Task B ,1,2,0,0,0.00041,2,236.7843793,0,-0.287509193,4,3
8,audio,Task B ,1,1,1,0,0.00019,1,344.8446431,0,0.476665234,3,4
8,audio,Task B ,2,3,0,0,0.00019,1,18.8796552,0,-0.889980813,3,7
8,audio,Task B ,2,1,1,0,4.00E-05,2,47.38993052,0,0.308952187,1,5
8,audio,Task B ,1,1,0,0,4.00E-05,2,143.6449048,0,0.825124118,1,4
9,audio,Task B ,1,1,1,0,4.00E-05,1,43.04124802,0,0.297080064,1,4
9,audio,Task B ,1,1,0,0,4.00E-05,2,96.39873863,0,1.649674206,1,4
9,audio,Task B ,2,1,1,0,0.00019,2,238.2537607,0,0.713245474,3,5
9,audio,Task B ,2,1,0,0,0.00019,1,308.2416355,0,-0.295484589,3,5
9,audio,Task B ,1,4,1,0,0.00041,1,76.97791398,0,0.295758007,4,1
9,audio,Task B ,2,4,1,0,0.00041,2,5.14240323,0,0.559828831,4,8
10,audio,Task B ,2,2,0,0,0.00041,1,89.03048998,0,0.012840738,4,6
10,audio,Task B ,2,1,1,0,0.00019,2,329.0134476,0,-0.073682498,3,5
10,audio,Task B ,1,1,0,0,4.00E-05,2,286.1301521,0,-0.305232448,1,4
10,audio,Task B ,1,2,1,0,9.00E-05,1,48.5901799,0,0.374494327,2,3
10,audio,Task B ,2,2,0,0,0.00019,1,329.403249,0,0.630525515,3,6
10,audio,Task B ,1,1,0,0,9.00E-05,2,240.5058149,0,0.008208018,2,4
1,audio,Task B ,1,3,1,0,9.00E-05,1,332.9115416,0,-0.04379332,2,2
1,audio,Task B ,2,1,0,0,0.00041,1,258.7487961,0,0.056377206,4,5
1,audio,Task B ,2,3,1,0,4.00E-05,2,240.1703393,0,-1.140024856,1,7
1,audio,Task B ,1,3,1,0,0.00041,1,86.52748656,0,0.259006482,4,2
1,audio,Task B ,2,2,1,0,9.00E-05,2,305.6096951,0,-1.752776203,2,6
1,audio,Task B ,1,2,1,0,9.00E-05,1,309.2168088,0,-0.00062898,2,3
2,audio,Task B ,2,2,1,0,0.00041,2,197.4293811,0,-1.275231184,4,6
2,audio,Task B ,2,2,1,0,9.00E-05,2,290.3972605,0,0.375660427,2,6
2,audio,Task B ,1,1,1,0,4.00E-05,1,158.5162644,0,-0.284193605,1,4
2,audio,Task B ,1,2,1,0,9.00E-05,1,310.3578832,0,0.037914847,2,3
2,audio,Task B ,1,2,1,0,4.00E-05,1,125.8471267,0,-0.349186939,1,3
2,audio,Task B ,1,2,1,0,0.00019,1,295.3084723,0,-0.343885837,3,3
3,audio,Task B ,2,4,1,0,4.00E-05,2,348.7842966,0,-1.73130812,1,8
3,audio,Task B ,2,4,0,0,0.00041,1,56.74846525,0,-0.588752611,4,8
3,audio,Task B ,1,1,1,0,9.00E-05,1,302.5292524,0,0.448216347,2,4
3,audio,Task B ,1,3,1,0,9.00E-05,1,53.01725361,0,-0.401043679,2,2
3,audio,Task B ,2,4,0,0,0.00041,1,99.23316065,0,-0.506975744,4,8
3,audio,Task B ,1,2,0,0,4.00E-05,2,205.5472402,0,-0.165577895,1,3
4,audio,Task B ,1,1,0,0,9.00E-05,2,57.31819144,0,1.831160104,2,4
4,audio,Task B ,1,3,1,0,0.00041,1,171.5648424,0,-0.645775869,4,2
4,audio,Task B ,2,4,1,0,0.00019,2,216.2188427,0,1.834524655,3,8
4,audio,Task B ,1,3,1,0,0.00041,1,347.8215926,0,-1.090899644,4,2
4,audio,Task B ,1,3,0,0,0.00041,2,253.6525777,0,0.217929515,4,2
4,audio,Task B ,1,3,1,0,9.00E-05,1,348.9517819,0,-0.454158638,2,2
5,audio,Task B ,2,3,0,0,9.00E-05,1,227.8534639,0,-0.005303587,2,7
5,audio,Task B ,1,3,1,0,0.00019,1,203.8001418,0,-0.015309522,3,2
5,audio,Task B ,2,4,1,0,0.00019,2,121.2635871,0,-1.131753582,3,8
5,audio,Task B ,1,3,1,0,0.00019,1,6.650804224,0,0.060697742,3,2
5,audio,Task B ,1,3,1,0,0.00019,1,181.8559732,0,-0.344703372,3,2
5,audio,Task B ,1,3,0,0,0.00041,2,289.2235457,0,-0.158512681,4,2
6,audio,Task B ,1,2,1,0,0.00041,1,38.58442187,0,-0.805965374,4,3
6,audio,Task B ,2,3,0,0,4.00E-05,1,232.314423,0,-0.524581749,1,7
6,audio,Task B ,2,3,0,0,0.00041,1,296.107845,0,0.42664796,4,7
6,audio,Task B ,1,2,1,0,0.00041,1,350.0211286,0,0.26530715,4,3
6,audio,Task B ,2,4,0,0,0.00041,1,106.2780331,0,0.46104789,4,8
6,audio,Task B ,1,3,1,0,0.00019,1,313.2761203,0,0.215248464,3,2
7,audio,Task B ,2,1,0,0,4.00E-05,1,243.581318,0,0.178234879,1,5
7,audio,Task B ,1,1,1,0,4.00E-05,1,57.53506706,0,0.280413333,1,4
7,audio,Task B ,1,4,0,0,0.00019,2,333.1621883,0,0.575735755,3,1
7,audio,Task B ,1,1,1,0,0.00041,1,244.5061882,0,0.387657167,4,4
7,audio,Task B ,1,4,1,0,0.00019,1,349.9125005,0,0.090725858,3,1
7,audio,Task B ,1,4,1,0,0.00019,1,33.70686211,0,0.115122167,3,1
8,audio,Task B ,1,3,0,0,0.00041,2,172.9872538,0,-1.10974869,4,2
8,audio,Task B ,1,1,1,0,0.00019,1,151.9523748,0,-0.071004764,3,4
8,audio,Task B ,2,1,1,0,0.00041,2,216.2231758,0,-1.572363434,4,5
8,audio,Task B ,2,1,1,0,4.00E-05,2,295.7950803,0,0.21395314,1,5
8,audio,Task B ,2,3,1,0,0.00041,2,177.699571,0,1.237633321,4,7
8,audio,Task B ,1,1,0,0,4.00E-05,2,30.87163232,0,-2.12568199,1,4
9,audio,Task B ,1,1,0,0,4.00E-05,2,345.8653149,0,-0.629621312,1,4
9,audio,Task B ,1,1,0,0,9.00E-05,2,73.55797239,0,2.149368214,2,4
9,audio,Task B ,1,1,1,0,0.00019,1,96.02425264,0,0.064784189,3,4
9,audio,Task B ,2,1,1,0,4.00E-05,2,156.5865753,0,-0.814930488,1,5
9,audio,Task B ,1,1,0,0,0.00019,2,305.9242263,0,-1.112105206,3,4
9,audio,Task B ,1,1,0,0,0.00019,2,191.3035054,0,-1.893535113,3,4
10,audio,Task B ,1,1,1,0,4.00E-05,1,143.7310749,0,0.727801758,1,4
10,audio,Task B ,2,1,0,0,0.00019,1,187.5936126,0,-0.168822254,3,5
10,audio,Task B ,2,2,1,0,0.00019,2,39.05681475,0,-2.971000549,3,6
10,audio,Task B ,1,1,1,0,4.00E-05,1,183.5084445,0,0.037312904,1,4
10,audio,Task B ,1,1,1,0,4.00E-05,1,67.93029131,0,-0.169710672,1,4
10,audio,Task B ,1,1,1,0,4.00E-05,1,205.8092272,0,-0.034096542,1,4
1,audio,Task B ,1,1,1,0,4.00E-05,1,45.14731712,0,0.138723657,1,4
1,audio,Task B ,1,1,1,0,4.00E-05,1,271.1061348,0,0.118427048,1,4
1,audio,Task B ,2,1,0,0,4.00E-05,1,45.94611215,0,-0.252865892,1,5
1,audio,Task B ,1,2,1,0,0.00019,1,349.835107,0,-0.351035433,3,3
1,audio,Task B ,1,2,1,0,9.00E-05,1,199.2764062,0,0.738049731,2,3
1,audio,Task B ,1,2,0,0,4.00E-05,2,358.1354829,0,0.466682437,1,3
2,audio,Task B ,1,3,1,0,0.00019,1,206.433121,0,0.081540272,3,2
2,audio,Task B ,1,2,0,0,0.00019,2,229.806464,0,-0.4910517,3,3
2,audio,Task B ,2,2,0,0,0.00019,1,46.22242977,0,-0.310458368,3,6
2,audio,Task B ,2,4,1,0,0.00019,2,211.6261344,0,-1.782307074,3,8
2,audio,Task B ,1,2,0,0,4.00E-05,2,24.08296176,0,-0.181770196,1,3
2,audio,Task B ,2,2,1,0,9.00E-05,2,75.80528319,0,-0.810515123,2,6
3,audio,Task B ,1,1,1,0,0.00019,1,87.59353577,0,-0.3973143,3,4
3,audio,Task B ,1,2,1,0,0.00019,1,144.3182861,0,0.240639717,3,3
3,audio,Task B ,1,3,1,0,9.00E-05,1,132.1636988,0,0.177254616,2,2
3,audio,Task B ,2,4,1,0,9.00E-05,2,345.6394905,0,-1.313603268,2,8
3,audio,Task B ,1,4,1,0,9.00E-05,1,188.3105618,0,-0.281791013,2,1
3,audio,Task B ,2,2,0,0,4.00E-05,1,219.7731197,0,0.252754866,1,6
4,audio,Task B ,1,2,1,0,9.00E-05,1,295.5946176,0,0.461431735,2,3
4,audio,Task B ,1,4,0,0,0.00041,2,68.60819384,0,0.565252166,4,1
4,audio,Task B ,2,2,1,0,9.00E-05,2,250.6414042,0,1.897416644,2,6
4,audio,Task B ,1,1,0,0,0.00041,2,329.7645219,0,3.117181681,4,4
4,audio,Task B ,2,2,1,0,9.00E-05,2,330.9517734,0,1.256591027,2,6
4,audio,Task B ,1,1,0,0,4.00E-05,2,252.8771766,0,0.206348355,1,4
5,audio,Task B ,1,1,1,0,9.00E-05,1,320.2506884,0,-0.231343159,2,4
5,audio,Task B ,2,4,1,0,9.00E-05,2,140.8543548,0,0.699427662,2,8
5,audio,Task B ,2,4,1,0,0.00041,2,161.7551652,0,2.00043848,4,8
5,audio,Task B ,1,3,1,0,9.00E-05,1,67.51301501,0,0.162516808,2,2
5,audio,Task B ,1,3,0,0,0.00041,2,215.602042,0,-0.470300652,4,2
5,audio,Task B ,1,3,1,0,0.00019,1,125.1582481,0,-0.119569228,3,2
6,audio,Task B ,1,3,1,0,4.00E-05,1,5.952421578,0,-0.002084106,1,2
6,audio,Task B ,1,3,1,0,0.00019,1,87.26515715,0,0.411150769,3,2
6,audio,Task B ,2,3,1,0,0.00041,2,91.04135898,0,1.403103402,4,7
6,audio,Task B ,1,3,0,0,4.00E-05,2,287.8794739,0,-2.396308483,1,2
6,audio,Task B ,1,2,0,0,0.00041,2,24.71068853,0,-0.202411992,4,3
6,audio,Task B ,1,1,0,0,4.00E-05,2,55.20794832,0,-0.0654452,1,4
7,audio,Task B ,2,4,1,0,0.00041,2,340.4147522,0,-1.530402911,4,8
7,audio,Task B ,1,1,0,0,9.00E-05,2,27.00781494,0,-1.742640647,2,4
7,audio,Task B ,1,1,1,0,4.00E-05,1,241.3170112,0,0.132790612,1,4
7,audio,Task B ,1,4,0,0,0.00019,2,311.2951805,0,0.605553745,3,1
7,audio,Task B ,1,4,1,0,0.00041,1,149.7922077,0,0.432195059,4,1
7,audio,Task B ,1,4,0,0,4.00E-05,2,114.2412653,0,0.704215272,1,1
8,audio,Task B ,2,1,1,0,9.00E-05,2,208.2785398,0,-2.8546705,2,5
8,audio,Task B ,1,1,1,0,9.00E-05,1,349.6220479,0,0.195455185,2,4
8,audio,Task B ,2,2,1,0,9.00E-05,2,335.7295436,0,0.898832418,2,6
8,audio,Task B ,2,2,1,0,0.00041,2,144.3517312,0,-0.842083462,4,6
8,audio,Task B ,1,3,0,0,0.00041,2,274.6794291,0,0.046364481,4,2
8,audio,Task B ,2,2,1,0,9.00E-05,2,268.4873033,0,1.085695339,2,6
9,audio,Task B ,1,4,0,0,0.00019,2,68.08069218,0,0.287213584,3,1
9,audio,Task B ,1,1,0,0,9.00E-05,2,203.3743897,0,-0.509323055,2,4
9,audio,Task B ,1,1,0,0,0.00041,2,48.29606333,0,-3.734584373,4,4
9,audio,Task B ,1,4,1,0,0.00019,1,129.9337665,0,-0.099230559,3,1
9,audio,Task B ,2,1,0,0,0.00019,1,243.6922183,0,0.204649815,3,5
9,audio,Task B ,2,1,1,0,4.00E-05,2,300.180959,0,0.485269458,1,5
10,audio,Task B ,1,1,1,0,9.00E-05,1,81.13492982,0,0.066546154,2,4
10,audio,Task B ,2,1,1,0,0.00019,2,64.69430571,0,-0.51383915,3,5
10,audio,Task B ,2,1,1,0,4.00E-05,2,264.1313484,0,0.241894944,1,5
10,audio,Task B ,1,1,0,0,9.00E-05,2,20.44050469,0,-0.0886805,2,4
10,audio,Task B ,2,1,0,0,4.00E-05,1,97.5174724,0,-0.068776201,1,5
10,audio,Task B ,1,1,0,0,4.00E-05,2,171.3950647,0,0.903709286,1,4
1,audio,Task B ,1,3,1,0,0.00019,1,22.76330994,0,0.082997122,3,2
1,audio,Task B ,1,2,0,0,0.00019,2,44.44226706,0,0.180389907,3,3
1,audio,Task B ,1,3,1,0,9.00E-05,1,288.1470759,0,-0.259149118,2,2
1,audio,Task B ,2,1,0,0,4.00E-05,1,259.7558984,0,0.257403277,1,5
1,audio,Task B ,2,4,1,0,0.00041,2,130.4107923,0,-3.185315615,4,8
1,audio,Task B ,1,2,0,0,9.00E-05,2,44.12324458,0,0.712888831,2,3
2,audio,Task B ,1,2,1,0,0.00019,1,215.2829659,0,0.063133195,3,3
2,audio,Task B ,2,1,1,0,4.00E-05,2,82.3783332,0,-0.108359371,1,5
2,audio,Task B ,1,2,1,0,9.00E-05,1,269.2990006,0,-0.07858143,2,3
2,audio,Task B ,1,3,1,0,0.00019,1,131.0339998,0,0.160686252,3,2
2,audio,Task B ,2,3,1,0,0.00019,2,99.31429415,0,3.3211835,3,7
2,audio,Task B ,1,2,1,0,0.00019,1,354.787149,0,-0.015653773,3,3
3,audio,Task B ,2,4,1,0,0.00019,2,102.0085557,0,-2.544121512,3,8
3,audio,Task B ,2,2,1,0,9.00E-05,2,43.46126477,0,-0.439834981,2,6
3,audio,Task B ,2,2,0,0,9.00E-05,1,71.45808946,0,-0.182060252,2,6
3,audio,Task B ,1,2,1,0,9.00E-05,1,218.7371636,0,0.344240644,2,3
3,audio,Task B ,2,1,0,0,0.00041,1,226.9316788,0,-0.457260647,4,5
3,audio,Task B ,2,3,1,0,9.00E-05,2,47.2117945,0,1.159421067,2,7
4,audio,Task B ,2,3,0,0,0.00019,1,295.6606871,0,0.693119805,3,7
4,audio,Task B ,1,1,1,0,4.00E-05,1,274.6368129,0,-0.222944347,1,4
4,audio,Task B ,1,3,1,0,0.00041,1,244.5903882,0,0.173459915,4,2
4,audio,Task B ,2,3,1,0,0.00019,2,175.8097662,0,1.806533732,3,7
4,audio,Task B ,1,3,0,0,9.00E-05,2,258.1956222,0,-0.080067875,2,2
4,audio,Task B ,1,2,0,0,9.00E-05,2,144.8999237,0,-0.407813323,2,3
5,audio,Task B ,1,3,1,0,0.00041,1,149.1056355,0,0.161435221,4,2
5,audio,Task B ,1,3,1,0,0.00041,1,350.4133765,0,-0.231413538,4,2
5,audio,Task B ,2,4,1,0,0.00041,2,9.673577889,0,1.802939813,4,8
5,audio,Task B ,2,4,1,0,0.00041,2,286.7668933,0,-1.860807952,4,8
5,audio,Task B ,1,1,0,0,9.00E-05,2,12.25890687,0,0.90707127,2,4
5,audio,Task B ,1,1,1,0,9.00E-05,1,208.1408996,0,0.308608847,2,4
6,audio,Task B ,1,2,1,0,0.00019,1,53.57763236,0,0.167221934,3,3
6,audio,Task B ,1,3,1,0,4.00E-05,1,359.0454339,0,-0.352888019,1,2
6,audio,Task B ,1,3,1,0,0.00041,1,138.1462756,0,-0.359779206,4,2
6,audio,Task B ,2,3,1,0,9.00E-05,2,354.0731947,0,1.156606048,2,7
6,audio,Task B ,1,3,1,0,0.00041,1,184.1539216,0,0.000340581,4,2
6,audio,Task B ,1,2,0,0,4.00E-05,2,46.75874124,0,2.143619278,1,3
7,audio,Task B ,1,4,0,0,0.00019,2,188.3994415,0,-4.21008064,3,1
7,audio,Task B ,1,4,1,0,0.00019,1,169.335573,0,0.502459744,3,1
7,audio,Task B ,1,4,0,0,0.00019,2,264.5175091,0,1.346099126,3,1
7,audio,Task B ,2,4,0,0,0.00041,1,194.6092466,0,0.054132843,4,8
7,audio,Task B ,1,1,1,0,4.00E-05,1,36.0505197,0,-0.295694305,1,4
7,audio,Task B ,1,4,1,0,0.00019,1,30.09367937,0,0.278909107,3,1
8,audio,Task B ,1,1,1,0,0.00019,1,250.0788156,0,-0.859202672,3,4
8,audio,Task B ,1,2,0,0,4.00E-05,2,294.3541789,0,0.211267521,1,3
8,audio,Task B ,2,4,1,0,0.00041,2,193.8214015,0,-1.934899929,4,8
8,audio,Task B ,1,4,0,0,0.00041,2,89.9807916,0,0.45034332,4,1
8,audio,Task B ,1,1,0,0,0.00019,2,16.00503233,0,-1.188346025,3,4
8,audio,Task B ,2,1,0,0,4.00E-05,1,293.5592706,0,-0.584018416,1,5
9,audio,Task B ,1,1,0,0,0.00019,2,304.4969451,0,2.320392761,3,4
9,audio,Task B ,1,4,1,0,0.00041,1,342.7598775,0,-0.222504834,4,1
9,audio,Task B ,1,4,1,0,9.00E-05,1,26.57138625,0,-0.070179744,2,1
9,audio,Task B ,1,4,0,0,0.00041,2,33.76613035,0,0.122546524,4,1
9,audio,Task B ,2,3,0,0,0.00041,1,341.3534723,0,0.125047858,4,7
9,audio,Task B ,2,4,0,0,9.00E-05,1,15.11731956,0,-0.027312835,2,8
10,audio,Task B ,1,1,0,0,4.00E-05,2,238.549558,0,-0.501682467,1,4
10,audio,Task B ,1,1,1,0,4.00E-05,1,237.0248754,0,0.197043769,1,4
10,audio,Task B ,2,2,0,0,0.00041,1,134.5120011,0,0.232088152,4,6
10,audio,Task B ,2,1,0,0,0.00019,1,149.0822107,0,-0.753130721,3,5
10,audio,Task B ,2,2,1,0,9.00E-05,2,141.0278354,0,-1.735098208,2,6
10,audio,Task B ,1,1,1,0,0.00019,1,75.80516589,0,-0.057927581,3,4
1,audio,Task B ,2,4,1,0,9.00E-05,2,118.3801104,0,-2.312243031,2,8
1,audio,Task B ,1,2,1,0,0.00041,1,308.5354265,0,0.34080015,4,3
1,audio,Task B ,2,3,1,0,9.00E-05,2,97.40991176,0,-0.838692589,2,7
1,audio,Task B ,2,4,1,0,4.00E-05,2,283.2138063,0,0.844217379,1,8
1,audio,Task B ,1,2,1,0,0.00019,1,262.7343932,0,0.045485758,3,3
1,audio,Task B ,1,2,1,0,0.00041,1,230.9415071,0,0.281849117,4,3
2,audio,Task B ,1,2,1,0,0.00019,1,296.1257363,0,0.00317331,3,3
2,audio,Task B ,1,3,1,0,0.00041,1,344.6958875,0,-0.445082364,4,2
2,audio,Task B ,2,1,1,0,9.00E-05,2,169.5029305,0,-2.944997458,2,5
2,audio,Task B ,1,2,1,0,4.00E-05,1,250.7569692,0,0.06550132,1,3
2,audio,Task B ,1,2,1,0,4.00E-05,1,84.11744027,0,-0.235553505,1,3
2,audio,Task B ,1,2,1,0,9.00E-05,1,69.89790093,0,0.055836398,2,3
3,audio,Task B ,2,3,1,0,9.00E-05,2,103.7630523,0,-0.549916551,2,7
3,audio,Task B ,1,2,0,0,4.00E-05,2,173.1740366,0,0.450957343,1,3
3,audio,Task B ,1,3,1,0,0.00041,1,109.1511053,0,-0.238808769,4,2
3,audio,Task B ,2,1,0,0,0.00041,1,261.5398628,0,0.341496907,4,5
3,audio,Task B ,1,4,1,0,0.00041,1,338.2341367,0,-0.01822382,4,1
3,audio,Task B ,2,4,1,0,0.00041,2,217.1858199,0,-1.00194977,4,8
4,audio,Task B ,1,2,1,0,0.00019,1,321.2897449,0,-0.047617106,3,3
4,audio,Task B ,1,1,1,0,9.00E-05,1,99.56088808,0,0.164585951,2,4
4,audio,Task B ,1,3,1,0,0.00019,1,125.7975195,0,0.103822922,3,2
4,audio,Task B ,1,3,0,0,0.00041,2,270.9067241,0,0.502174483,4,2
4,audio,Task B ,1,3,1,0,0.00019,1,307.792885,0,-0.346334493,3,2
4,audio,Task B ,1,3,1,0,0.00041,1,188.5319971,0,-0.252614019,4,2
5,audio,Task B ,1,3,0,0,0.00019,2,138.9330138,0,0.023507356,3,2
5,audio,Task B ,1,1,0,0,9.00E-05,2,230.1235444,0,-0.545385256,2,4
5,audio,Task B ,1,1,0,0,4.00E-05,2,357.124824,0,-1.232968982,1,4
5,audio,Task B ,1,1,0,0,4.00E-05,2,317.0384828,0,0.982380032,1,4
5,audio,Task B ,2,2,0,0,0.00041,1,75.80142886,0,0.264092135,4,6
5,audio,Task B ,1,2,0,0,4.00E-05,2,324.048179,0,-0.832299728,1,3
6,audio,Task B ,2,2,1,0,9.00E-05,2,131.5177342,0,1.903620455,2,6
6,audio,Task B ,2,3,0,0,0.00041,1,313.0678628,0,0.006522961,4,7
6,audio,Task B ,1,2,0,0,0.00019,2,210.788399,0,-3.307684163,3,3
6,audio,Task B ,1,2,1,0,0.00019,1,239.3353722,0,0.364535615,3,3
6,audio,Task B ,1,3,1,0,0.00041,1,77.68568706,0,0.069321747,4,2
6,audio,Task B ,2,3,1,0,9.00E-05,2,336.8491446,0,-1.401743669,2,7
7,audio,Task B ,2,4,1,0,0.00041,2,296.5081569,0,1.753121441,4,8
7,audio,Task B ,1,1,0,0,4.00E-05,2,159.0496892,0,-0.036565846,1,4
7,audio,Task B ,1,1,1,0,4.00E-05,1,299.1742222,0,0.363418178,1,4
7,audio,Task B ,1,4,0,0,9.00E-05,2,306.4289348,0,0.84970921,2,1
7,audio,Task B ,1,1,0,0,4.00E-05,2,148.8223586,0,-1.311019892,1,4
7,audio,Task B ,1,1,0,0,9.00E-05,2,228.2493529,0,-2.521354754,2,4
8,audio,Task B ,2,3,1,0,0.00041,2,234.8685123,0,-1.042968345,4,7
8,audio,Task B ,1,1,0,0,9.00E-05,2,38.21863175,0,-0.543206598,2,4
8,audio,Task B ,2,1,0,0,9.00E-05,1,53.40830547,0,0.031863234,2,5
8,audio,Task B ,1,2,0,0,0.00041,2,304.5900429,0,-1.164708397,4,3
8,audio,Task B ,2,3,1,0,0.00041,2,62.06663714,0,1.053760641,4,7
8,audio,Task B ,1,4,0,0,0.00041,2,145.1718405,0,-0.269449994,4,1
9,audio,Task B ,1,1,1,0,9.00E-05,1,24.14709088,0,0.315918494,2,4
9,audio,Task B ,1,1,0,0,4.00E-05,2,313.117499,0,1.169959564,1,4
9,audio,Task B ,1,1,1,0,0.00041,1,30.20133917,0,-0.24651999,4,4
9,audio,Task B ,2,1,1,0,9.00E-05,2,276.3790876,0,2.433769864,2,5
9,audio,Task B ,2,1,1,0,4.00E-05,2,257.1865434,0,-0.925141235,1,5
9,audio,Task B ,2,3,1,0,0.00041,2,133.8760833,0,0.351281233,4,7
10,audio,Task B ,1,2,1,0,4.00E-05,1,330.2670512,0,0.235407173,1,3
10,audio,Task B ,1,1,1,0,9.00E-05,1,18.28226029,0,0.700063631,2,4
10,audio,Task B ,1,1,1,0,4.00E-05,1,24.72565617,0,-0.038370238,1,4
10,audio,Task B ,1,1,0,0,4.00E-05,2,123.8155307,0,1.978444097,1,4
10,audio,Task B ,1,1,1,0,9.00E-05,1,175.6605257,0,-0.083805362,2,4
10,audio,Task B ,1,1,0,0,9.00E-05,2,305.2529827,0,-0.372521063,2,4
1,audio,Task B ,1,2,1,0,4.00E-05,1,349.2784805,0,-0.220285442,1,3
1,audio,Task B ,1,3,0,0,0.00041,2,222.2246094,0,0.302801104,4,2
1,audio,Task B ,2,4,1,0,0.00041,2,199.3664603,0,-1.359028695,4,8
1,audio,Task B ,1,3,1,0,9.00E-05,1,358.2648107,0,0.058154467,2,2
1,audio,Task B ,1,2,1,0,9.00E-05,1,23.97936534,0,-0.226576233,2,3
1,audio,Task B ,2,1,1,0,4.00E-05,2,209.2735544,0,-1.165389231,1,5
2,audio,Task B ,1,3,1,0,9.00E-05,1,55.48068414,0,-0.120297081,2,2
2,audio,Task B ,1,2,0,0,4.00E-05,2,316.2150183,0,-0.233472311,1,3
2,audio,Task B ,1,2,0,0,4.00E-05,2,131.5300832,0,1.591981645,1,3
2,audio,Task B ,1,2,1,0,4.00E-05,1,336.9489989,0,0.200910514,1,3
2,audio,Task B ,2,3,0,0,0.00041,1,336.6135644,0,-0.007629296,4,7
2,audio,Task B ,1,2,0,0,0.00041,2,94.51363936,0,0.0232417,4,3
3,audio,Task B ,1,2,0,0,9.00E-05,2,108.0797782,0,-0.020771808,2,3
3,audio,Task B ,1,3,1,0,9.00E-05,1,52.34337078,0,0.459905216,2,2
3,audio,Task B ,1,4,1,0,0.00019,1,121.4983073,0,0.013774006,3,1
3,audio,Task B ,2,2,1,0,0.00041,2,107.489914,0,-0.260174569,4,6
3,audio,Task B ,2,3,0,0,4.00E-05,1,137.3123754,0,0.793595324,1,7
3,audio,Task B ,2,4,1,0,4.00E-05,2,108.4308906,0,1.041869313,1,8
4,audio,Task B ,1,3,1,0,0.00041,1,64.16275995,0,0.246809746,4,2
4,audio,Task B ,1,3,0,0,0.00041,2,45.39144828,0,0.001806835,4,2
4,audio,Task B ,1,3,0,0,0.00041,2,156.769481,0,1.377978149,4,2
4,audio,Task B ,1,3,1,0,0.00041,1,29.96351661,0,-0.332119018,4,2
4,audio,Task B ,1,3,1,0,0.00019,1,61.17641575,0,0.006716179,3,2
4,audio,Task B ,1,3,1,0,0.00019,1,187.3708675,0,0.169954626,3,2
5,audio,Task B ,1,3,1,0,0.00041,1,339.1851984,0,-0.462869083,4,2
5,audio,Task B ,1,4,1,0,0.00019,1,294.6116117,0,-0.287953867,3,1
5,audio,Task B ,1,2,1,0,9.00E-05,1,64.34612875,0,-0.191217464,2,3
5,audio,Task B ,1,3,0,0,9.00E-05,2,106.8033543,0,2.071068831,2,2
5,audio,Task B ,2,4,0,0,9.00E-05,1,166.4939923,0,0.224047217,2,8
5,audio,Task B ,2,1,0,0,0.00019,1,210.4567619,0,-0.474332146,3,5
6,audio,Task B ,2,3,1,0,0.00019,2,300.2402462,0,2.530848085,3,7
6,audio,Task B ,2,3,1,0,9.00E-05,2,225.9082043,0,2.753788113,2,7
6,audio,Task B ,1,3,0,0,4.00E-05,2,190.2872446,0,-1.329222354,1,2
6,audio,Task B ,1,3,0,0,0.00019,2,268.5637114,0,0.130759939,3,2
6,audio,Task B ,2,4,0,0,0.00041,1,102.9259498,0,1.033754143,4,8
6,audio,Task B ,2,4,1,0,0.00041,2,150.3637984,0,-2.439983595,4,8
7,audio,Task B ,2,4,0,0,0.00019,1,142.4249742,0,0.22309263,3,8
7,audio,Task B ,2,4,0,0,0.00041,1,262.1361078,0,0.15755901,4,8
7,audio,Task B ,1,1,0,0,9.00E-05,2,170.5180715,0,-1.605946974,2,4
7,audio,Task B ,2,4,1,0,0.00041,2,288.1296192,0,0.553198439,4,8
7,audio,Task B ,2,4,0,0,0.00041,1,49.56969533,0,-0.022476751,4,8
7,audio,Task B ,1,1,1,0,9.00E-05,1,290.5904631,0,0.511402607,2,4
8,audio,Task B ,2,4,1,0,0.00019,2,314.2662568,0,1.624691622,3,8
8,audio,Task B ,1,1,1,0,0.00019,1,261.3521237,0,-0.328213941,3,4
8,audio,Task B ,2,2,1,0,9.00E-05,2,125.7273313,0,-0.211327306,2,6
8,audio,Task B ,2,2,1,0,4.00E-05,2,255.6284337,0,-0.294906115,1,6
8,audio,Task B ,1,4,1,0,0.00041,1,178.4927607,0,-0.307794394,4,1
8,audio,Task B ,2,2,1,0,0.00019,2,187.2142825,0,-1.091316055,3,6
9,audio,Task B ,1,1,0,0,4.00E-05,2,26.44771059,0,1.430714388,1,4
9,audio,Task B ,2,1,1,0,0.00019,2,253.7067886,0,-2.473012397,3,5
9,audio,Task B ,1,1,1,0,9.00E-05,1,327.690347,0,-0.208854403,2,4
9,audio,Task B ,2,1,0,0,4.00E-05,1,186.2029447,0,0.499800495,1,5
9,audio,Task B ,1,1,0,0,9.00E-05,2,283.8930776,0,1.539979974,2,4
9,audio,Task B ,2,4,1,0,0.00041,2,203.3577516,0,0.931251985,4,8
10,audio,Task B ,1,1,0,0,0.00041,2,179.8082976,0,0.116969432,4,4
10,audio,Task B ,1,1,1,0,9.00E-05,1,247.192744,0,-0.143325183,2,4
10,audio,Task B ,2,2,1,0,9.00E-05,2,154.6008667,0,0.94685964,2,6
10,audio,Task B ,1,1,1,0,4.00E-05,1,184.2634629,0,-0.189052409,1,4
10,audio,Task B ,1,2,1,0,0.00019,1,343.3419445,0,-0.158878498,3,3
10,audio,Task B ,2,1,0,0,9.00E-05,1,241.1535539,0,0.273579232,2,5
1,audio,Task B ,2,2,1,0,9.00E-05,2,246.282635,0,0.547057794,2,6
1,audio,Task B ,2,2,1,0,9.00E-05,2,87.53989058,0,-0.884352699,2,6
1,audio,Task B ,1,3,0,0,9.00E-05,2,353.5910177,0,-0.086868777,2,2
1,audio,Task B ,2,1,0,0,4.00E-05,1,335.3069222,0,0.171929775,1,5
1,audio,Task B ,1,2,1,0,0.00019,1,100.7871291,0,0.093089571,3,3
1,audio,Task B ,1,1,1,0,4.00E-05,1,254.8319958,0,-0.370736667,1,4
2,audio,Task B ,1,2,0,0,0.00041,2,295.9173879,0,-0.19507756,4,3
2,audio,Task B ,2,1,0,0,9.00E-05,1,197.9366349,0,-0.346585003,2,5
2,audio,Task B ,1,2,1,0,0.00041,1,168.9633663,0,-0.129732876,4,3
2,audio,Task B ,1,3,1,0,9.00E-05,1,305.8134698,0,0.499026634,2,2
2,audio,Task B ,2,3,1,0,0.00041,2,147.8012261,0,1.085985823,4,7
2,audio,Task B ,1,2,0,0,9.00E-05,2,0.146966562,0,0.358526466,2,3
3,audio,Task B ,2,3,1,0,4.00E-05,2,287.2931062,0,1.628978236,1,7
3,audio,Task B ,1,4,1,0,9.00E-05,1,122.230302,0,-0.102139904,2,1
3,audio,Task B ,2,1,0,0,0.00019,1,278.2831506,0,0.255099826,3,5
3,audio,Task B ,2,1,0,0,4.00E-05,1,46.88455523,0,-0.141098833,1,5
3,audio,Task B ,1,4,1,0,0.00041,1,124.5491963,0,0.028545485,4,1
3,audio,Task B ,1,1,1,0,0.00041,1,124.8215853,0,0.586098875,4,4
4,audio,Task B ,1,2,1,0,0.00041,1,351.4394697,0,-0.16392783,4,3
4,audio,Task B ,1,3,1,0,0.00019,1,317.302169,0,0.32379814,3,2
4,audio,Task B ,1,1,0,0,9.00E-05,2,20.31028205,0,-0.427359742,2,4
4,audio,Task B ,1,3,1,0,0.00019,1,20.07713349,0,0.41055338,3,2
4,audio,Task B ,1,3,0,0,0.00041,2,19.55570452,0,-0.277296109,4,2
4,audio,Task B ,1,1,0,0,4.00E-05,2,300.1110129,0,-1.329405014,1,4
5,audio,Task B ,2,1,1,0,4.00E-05,2,319.8176138,0,-0.584299982,1,5
5,audio,Task B ,2,4,1,0,9.00E-05,2,339.8233447,0,1.084277209,2,8
5,audio,Task B ,1,1,0,0,4.00E-05,2,93.69837516,0,-1.384253127,1,4
5,audio,Task B ,1,3,0,0,0.00019,2,95.83267708,0,-0.372965386,3,2
5,audio,Task B ,2,2,0,0,0.00019,1,4.217747308,0,-0.475624118,3,6
5,audio,Task B ,2,1,1,0,9.00E-05,2,298.436719,0,1.577919174,2,5
6,audio,Task B ,2,3,0,0,4.00E-05,1,102.4346507,0,0.115304628,1,7
6,audio,Task B ,2,3,1,0,0.00041,2,221.8963485,0,1.402084981,4,7
6,audio,Task B ,2,3,1,0,0.00041,2,25.30720197,0,3.796212739,4,7
6,audio,Task B ,1,2,0,0,9.00E-05,2,156.6545012,0,0.973053118,2,3
6,audio,Task B ,1,2,1,0,0.00019,1,19.03516099,0,0.949471081,3,3
6,audio,Task B ,1,3,0,0,0.00019,2,47.22309633,0,-1.066014749,3,2
7,audio,Task B ,2,4,0,0,0.00019,1,179.4958316,0,-0.400397031,3,8
7,audio,Task B ,2,4,0,0,0.00019,1,277.2776363,0,-0.75631884,3,8
7,audio,Task B ,1,4,0,0,0.00041,2,236.4827544,0,-1.798069255,4,1
7,audio,Task B ,1,1,0,0,4.00E-05,2,250.5284552,0,1.47475202,1,4
7,audio,Task B ,1,1,0,0,0.00019,2,354.1425889,0,1.320674062,3,4
7,audio,Task B ,1,4,0,0,9.00E-05,2,271.4049581,0,0.843436997,2,1
8,audio,Task B ,1,1,0,0,4.00E-05,2,96.6099717,0,1.338866562,1,4
8,audio,Task B ,2,4,1,0,0.00019,2,235.6953022,0,1.261937122,3,8
8,audio,Task B ,1,2,0,0,0.00041,2,231.3298415,0,-0.638512076,4,3
8,audio,Task B ,1,4,0,0,0.00019,2,347.5527883,0,-0.096681074,3,1
8,audio,Task B ,2,1,1,0,4.00E-05,2,153.5534298,0,1.033362903,1,5
8,audio,Task B ,1,1,1,0,4.00E-05,1,13.10463603,0,-0.203237413,1,4
9,audio,Task B ,1,1,0,0,4.00E-05,2,215.8230211,0,-0.3850915,1,4
9,audio,Task B ,2,1,0,0,4.00E-05,1,327.3104977,0,-0.313358594,1,5
9,audio,Task B ,1,4,1,0,0.00041,1,227.3996013,0,-0.024537148,4,1
9,audio,Task B ,1,1,0,0,0.00019,2,352.8862392,0,-1.381288958,3,4
9,audio,Task B ,1,1,0,0,0.00019,2,322.4186488,0,3.260691168,3,4
9,audio,Task B ,1,1,0,0,9.00E-05,2,187.3674236,0,-3.785475518,2,4
10,audio,Task B ,2,2,1,0,0.00019,2,117.6838653,0,0.4459049,3,6
10,audio,Task B ,1,2,1,0,0.00019,1,7.02697395,0,0.243121879,3,3
10,audio,Task B ,2,2,1,0,0.00019,2,93.14237587,0,1.104508904,3,6
10,audio,Task B ,2,2,0,0,4.00E-05,1,254.9789898,0,-0.316060157,1,6
10,audio,Task B ,1,2,1,0,9.00E-05,1,283.9408995,0,-0.327711534,2,3
10,audio,Task B ,2,1,1,0,0.00041,2,351.0804674,0,1.82303165,4,5
1,audio,Task B ,1,4,1,0,9.00E-05,1,131.3630871,0,0.410199305,2,1
1,audio,Task B ,2,4,1,0,0.00041,2,6.224460392,0,-2.060290723,4,8
1,audio,Task B ,1,3,1,0,9.00E-05,1,240.4370687,0,0.26803488,2,2
1,audio,Task B ,2,3,1,0,9.00E-05,2,146.6013794,0,0.915569544,2,7
1,audio,Task B ,2,2,1,0,9.00E-05,2,334.1437924,0,1.084829103,2,6
1,audio,Task B ,1,2,1,0,9.00E-05,1,149.3886415,0,-0.397976684,2,3
2,audio,Task B ,2,2,1,0,4.00E-05,2,277.315718,0,-1.34254678,1,6
2,audio,Task B ,1,3,1,0,9.00E-05,1,213.8537081,0,0.094524135,2,2
2,audio,Task B ,1,2,0,0,0.00019,2,65.00154724,0,0.929555001,3,3
2,audio,Task B ,1,2,0,0,0.00041,2,143.1935893,0,-0.299993817,4,3
2,audio,Task B ,2,1,0,0,0.00041,1,162.8318376,0,-0.628535585,4,5
2,audio,Task B ,1,3,1,0,4.00E-05,1,345.6971922,0,0.224414194,1,2
3,audio,Task B ,2,4,1,0,0.00019,2,103.8382678,0,1.782110505,3,8
3,audio,Task B ,1,3,1,0,0.00041,1,35.66115288,0,0.485381134,4,2
3,audio,Task B ,1,1,1,0,4.00E-05,1,146.1024133,0,-0.323587259,1,4
3,audio,Task B ,1,3,0,0,9.00E-05,2,228.9099717,0,1.019799611,2,2
3,audio,Task B ,2,2,0,0,0.00019,1,357.9107209,0,-0.413907097,3,6
3,audio,Task B ,2,4,1,0,4.00E-05,2,186.21148,0,0.491654587,1,8
4,audio,Task B ,1,1,0,0,9.00E-05,2,93.97159377,0,1.091924146,2,4
4,audio,Task B ,1,3,1,0,0.00041,1,192.3615938,0,-0.094578777,4,2
4,audio,Task B ,1,3,0,0,9.00E-05,2,357.0915069,0,0.637079373,2,2
4,audio,Task B ,2,2,0,0,4.00E-05,1,275.7647038,0,0.445540244,1,6
4,audio,Task B ,1,3,0,0,0.00019,2,319.5704094,0,0.102603625,3,2
4,audio,Task B ,1,3,0,0,0.00041,2,164.1003346,0,-0.494792645,4,2
5,audio,Task B ,2,4,1,0,0.00041,2,139.9943863,0,2.294232996,4,8
5,audio,Task B ,2,2,1,0,9.00E-05,2,254.2591413,0,-0.382350924,2,6
5,audio,Task B ,1,4,1,0,0.00041,1,177.0982642,0,0.251449463,4,1
5,audio,Task B ,1,1,0,0,4.00E-05,2,181.3176212,0,-0.223441977,1,4
5,audio,Task B ,1,3,0,0,0.00041,2,238.9698881,0,0.323741341,4,2
5,audio,Task B ,1,3,1,0,0.00041,1,17.39997679,0,-0.23696426,4,2
6,audio,Task B ,1,2,0,0,4.00E-05,2,32.84401877,0,-0.345868594,1,3
6,audio,Task B ,1,3,0,0,0.00019,2,181.6611735,0,0.950167265,3,2
6,audio,Task B ,2,3,0,0,0.00019,1,88.14995668,0,0.336277824,3,7
6,audio,Task B ,2,2,0,0,9.00E-05,1,256.4337982,0,-0.137760784,2,6
6,audio,Task B ,2,3,1,0,0.00041,2,109.4939862,0,0.357507833,4,7
6,audio,Task B ,1,2,1,0,0.00041,1,308.8011987,0,-0.152632013,4,3
7,audio,Task B ,2,4,1,0,0.00019,2,307.4311011,0,-0.636862481,3,8
7,audio,Task B ,2,4,1,0,0.00041,2,354.6399211,0,0.623717314,4,8
7,audio,Task B ,1,3,1,0,9.00E-05,1,75.06441793,0,0.346327225,2,2
7,audio,Task B ,1,4,1,0,9.00E-05,1,296.2233396,0,-0.220220261,2,1
7,audio,Task B ,1,4,1,0,0.00019,1,173.070691,0,0.19249237,3,1
7,audio,Task B ,1,4,1,0,0.00019,1,85.80340396,0,-0.45078936,3,1
8,audio,Task B ,2,2,0,0,0.00019,1,13.82619263,0,0.152426723,3,6
8,audio,Task B ,2,3,1,0,0.00041,2,290.9287766,0,1.087214666,4,7
8,audio,Task B ,2,2,1,0,0.00019,2,0.276450793,0,-0.138714258,3,6
8,audio,Task B ,1,2,1,0,0.00041,1,321.0979325,0,-0.392821607,4,3
8,audio,Task B ,1,1,1,0,4.00E-05,1,130.3683997,0,0.310762165,1,4
8,audio,Task B ,1,1,0,0,0.00019,2,13.59764353,0,-0.248360131,3,4
9,audio,Task B ,2,4,1,0,0.00041,2,226.5521017,0,2.572199514,4,8
9,audio,Task B ,2,1,0,0,0.00019,1,281.6647016,0,0.213585728,3,5
9,audio,Task B ,2,1,1,0,9.00E-05,2,73.98786534,0,0.942114425,2,5
9,audio,Task B ,1,1,1,0,4.00E-05,1,99.53940923,0,0.363748906,1,4
9,audio,Task B ,2,4,1,0,0.00041,2,43.72475592,0,0.147160155,4,8
9,audio,Task B ,2,4,0,0,0.00019,1,343.3054476,0,-0.595885246,3,8
10,audio,Task B ,2,1,1,0,0.00019,2,290.8127308,0,-0.855355081,3,5
10,audio,Task B ,1,1,1,0,4.00E-05,1,200.7780704,0,0.05948074,1,4
10,audio,Task B ,2,1,0,0,9.00E-05,1,301.8801824,0,0.004974861,2,5
10,audio,Task B ,1,1,1,0,0.00019,1,4.542067047,0,-0.151673982,3,4
10,audio,Task B ,1,2,1,0,0.00019,1,210.6310166,0,0.259664046,3,3
10,audio,Task B ,1,1,1,0,0.00019,1,83.05354973,0,-0.213874727,3,4
1,audio,Task B ,2,2,0,0,0.00019,1,16.65548135,0,0.447645094,3,6
1,audio,Task B ,1,2,0,0,0.00041,2,172.4244271,0,0.735186896,4,3
1,audio,Task B ,1,2,0,0,0.00041,2,215.5487727,0,-0.021580077,4,3
1,audio,Task B ,2,2,1,0,9.00E-05,2,215.2017446,0,0.355924625,2,6
1,audio,Task B ,2,4,1,0,0.00019,2,70.96147932,0,-2.550131369,3,8
1,audio,Task B ,1,1,0,0,4.00E-05,2,254.9515674,0,0.605441577,1,4
2,audio,Task B ,1,3,1,0,9.00E-05,1,350.7087976,0,0.615693308,2,2
2,audio,Task B ,2,3,1,0,0.00019,2,2.016058584,0,1.720933623,3,7
2,audio,Task B ,1,1,1,0,4.00E-05,1,328.8196829,0,-0.370801048,1,4
2,audio,Task B ,1,2,1,0,4.00E-05,1,65.30048966,0,0.131483662,1,3
2,audio,Task B ,1,2,1,0,9.00E-05,1,31.97095721,0,-0.154743389,2,3
2,audio,Task B ,2,2,1,0,0.00041,2,160.9069942,0,-1.475021969,4,6
3,audio,Task B ,1,3,1,0,0.00019,1,86.54707491,0,0.278089377,3,2
3,audio,Task B ,2,3,1,0,0.00019,2,217.7372571,0,-0.307643097,3,7
3,audio,Task B ,2,1,1,0,9.00E-05,2,34.9393882,0,-3.19989852,2,5
3,audio,Task B ,2,4,1,0,0.00041,2,93.96831503,0,1.624118481,4,8
3,audio,Task B ,1,1,1,0,4.00E-05,1,190.9439906,0,0.072814081,1,4
3,audio,Task B ,2,1,1,0,4.00E-05,2,122.4262233,0,-2.164777738,1,5
4,audio,Task B ,1,1,1,0,4.00E-05,1,76.58671595,0,0.003205547,1,4
4,audio,Task B ,2,4,1,0,0.00019,2,225.738406,0,2.309847661,3,8
4,audio,Task B ,2,3,1,0,0.00041,2,141.9425055,0,-1.431752149,4,7
4,audio,Task B ,1,3,1,0,0.00041,1,95.87946969,0,-0.440152472,4,2
4,audio,Task B ,1,3,1,0,0.00019,1,230.3819515,0,-0.260949816,3,2
4,audio,Task B ,1,3,0,0,4.00E-05,2,248.4306831,0,0.054947174,1,2
5,audio,Task B ,1,3,0,0,0.00019,2,192.9186375,0,-0.184755357,3,2
5,audio,Task B ,2,4,1,0,9.00E-05,2,288.071002,0,1.484716822,2,8
5,audio,Task B ,1,2,0,0,0.00019,2,256.2706113,0,0.7911104,3,3
5,audio,Task B ,1,3,1,0,0.00041,1,87.46999632,0,-0.127207515,4,2
5,audio,Task B ,1,2,0,0,0.00019,2,188.9067817,0,-0.554480394,3,3
5,audio,Task B ,1,1,0,0,9.00E-05,2,237.0286748,0,1.283987937,2,4
6,audio,Task B ,2,3,0,0,9.00E-05,1,308.9578887,0,0.009757121,2,7
6,audio,Task B ,1,3,1,0,0.00041,1,149.660516,0,-0.470533052,4,2
6,audio,Task B ,2,3,1,0,9.00E-05,2,120.4173692,0,-0.520596383,2,7
6,audio,Task B ,2,3,1,0,9.00E-05,2,175.2082756,0,0.72723245,2,7
6,audio,Task B ,1,3,0,0,9.00E-05,2,58.67017442,0,1.089088251,2,2
6,audio,Task B ,2,2,0,0,0.00019,1,303.371526,0,-0.460440431,3,6
7,audio,Task B ,2,4,1,0,0.00041,2,256.5431466,0,-0.246448714,4,8
7,audio,Task B ,1,4,1,0,9.00E-05,1,175.9863977,0,0.410992792,2,1
7,audio,Task B ,1,4,0,0,0.00019,2,258.3047946,0,1.096856846,3,1
7,audio,Task B ,2,4,1,0,0.00041,2,4.769259619,0,-0.315842269,4,8
7,audio,Task B ,1,4,1,0,0.00041,1,340.5398293,0,0.126506535,4,1
7,audio,Task B ,1,1,1,0,9.00E-05,1,48.9470618,0,0.247509558,2,4
8,audio,Task B ,1,4,0,0,0.00041,2,30.15422142,0,-0.99386488,4,1
8,audio,Task B ,2,1,1,0,0.00019,2,99.828318,0,0.674184345,3,5
8,audio,Task B ,1,2,0,0,0.00019,2,62.9604942,0,-1.899315603,3,3
8,audio,Task B ,2,1,1,0,9.00E-05,2,185.2310434,0,-1.729104167,2,5
8,audio,Task B ,2,4,1,0,0.00019,2,32.47237675,0,1.457857921,3,8
8,audio,Task B ,1,1,1,0,9.00E-05,1,301.3070988,0,-0.142143717,2,4
9,audio,Task B ,1,4,1,0,0.00041,1,258.0042257,0,0.4045014,4,1
9,audio,Task B ,1,4,0,0,0.00041,2,58.66536781,0,0.302298659,4,1
9,audio,Task B ,1,1,0,0,0.00019,2,180.5048183,0,-3.365209546,3,4
9,audio,Task B ,1,1,1,0,0.00019,1,285.5201501,0,0.847744297,3,4
9,audio,Task B ,1,1,1,0,4.00E-05,1,323.8190732,0,-0.079637783,1,4
9,audio,Task B ,1,1,1,0,4.00E-05,1,63.75271199,0,0.059087918,1,4
10,audio,Task B ,1,1,1,0,0.00041,1,3.556372077,0,-0.158732753,4,4
10,audio,Task B ,2,2,1,0,0.00019,2,42.18382273,0,1.001536533,3,6
10,audio,Task B ,1,2,1,0,0.00041,1,328.5874536,0,0.364727292,4,3
10,audio,Task B ,1,1,0,0,4.00E-05,2,55.60757673,0,2.141285699,1,4
10,audio,Task B ,2,2,1,0,0.00019,2,139.7518563,0,0.394741039,3,6
10,audio,Task B ,1,1,0,0,0.00019,2,142.2124237,0,-1.825117705,3,4
1,audio,Task B ,2,2,0,0,4.00E-05,1,310.2545584,0,0.247743393,1,6
1,audio,Task B ,1,2,1,0,4.00E-05,1,86.77716332,0,0.215286601,1,3
1,audio,Task B ,1,2,1,0,0.00019,1,274.6610012,0,-0.224636361,3,3
1,audio,Task B ,1,2,1,0,4.00E-05,1,195.0726335,0,-0.257793422,1,3
1,audio,Task B ,2,1,1,0,4.00E-05,2,113.9078472,0,-2.476676747,1,5
1,audio,Task B ,2,2,0,0,0.00041,1,95.41081774,0,-0.546012218,4,6
2,audio,Task B ,2,3,0,0,9.00E-05,1,317.1832757,0,0.391745385,2,7
2,audio,Task B ,2,1,1,0,0.00041,2,274.3543367,0,-1.054348717,4,5
2,audio,Task B ,2,2,1,0,9.00E-05,2,325.8722549,0,-1.068258528,2,6
2,audio,Task B ,2,2,1,0,0.00019,2,262.9530592,0,-0.52182139,3,6
2,audio,Task B ,1,2,0,0,0.00041,2,83.92607411,0,1.015948893,4,3
2,audio,Task B ,2,1,1,0,9.00E-05,2,206.1398851,0,-1.572654251,2,5
3,audio,Task B ,1,1,0,0,9.00E-05,2,16.6116292,0,0.672214412,2,4
3,audio,Task B ,1,2,0,0,0.00041,2,55.44747218,0,0.903664603,4,3
3,audio,Task B ,1,2,1,0,0.00019,1,334.1656189,0,0.799115912,3,3
3,audio,Task B ,1,2,1,0,0.00019,1,347.5761769,0,0.395558403,3,3
3,audio,Task B ,2,1,1,0,4.00E-05,2,230.7918707,0,-2.039374179,1,5
3,audio,Task B ,1,1,0,0,9.00E-05,2,337.7045431,0,-0.227647924,2,4
4,audio,Task B ,1,1,0,0,4.00E-05,2,340.0066305,0,-1.239527868,1,4
4,audio,Task B ,1,3,1,0,0.00019,1,275.9398274,0,0.051930533,3,2
4,audio,Task B ,2,4,1,0,0.00019,2,261.3269098,0,2.362132411,3,8
4,audio,Task B ,1,1,0,0,0.00019,2,100.1183285,0,3.50464014,3,4
4,audio,Task B ,2,3,1,0,0.00041,2,254.5415023,0,2.2356177,4,7
4,audio,Task B ,1,2,0,0,4.00E-05,2,355.2165288,0,-0.333567334,1,3
5,audio,Task B ,1,2,0,0,0.00019,2,48.93260141,0,0.651692454,3,3
5,audio,Task B ,1,1,1,0,9.00E-05,1,260.4129646,0,0.525034211,2,4
5,audio,Task B ,2,2,1,0,0.00019,2,269.0559782,0,1.364574035,3,6
5,audio,Task B ,2,4,1,0,0.00019,2,96.95881825,0,1.133281388,3,8
5,audio,Task B ,1,3,1,0,0.00019,1,279.6009981,0,0.326903633,3,2
5,audio,Task B ,1,1,0,0,4.00E-05,2,348.7342826,0,1.131289612,1,4
6,audio,Task B ,1,3,0,0,0.00041,2,355.3318999,0,0.293914027,4,2
6,audio,Task B ,1,2,1,0,9.00E-05,1,77.40373498,0,-0.601142251,2,3
6,audio,Task B ,1,3,1,0,9.00E-05,1,19.91116039,0,-0.302915556,2,2
6,audio,Task B ,1,2,1,0,9.00E-05,1,280.1449146,0,0.130677439,2,3
6,audio,Task B ,2,3,1,0,0.00041,2,56.91017777,0,2.206665601,4,7
6,audio,Task B ,2,4,1,0,0.00041,2,335.3026504,0,0.867985842,4,8
7,audio,Task B ,2,4,0,0,0.00041,1,278.5884745,0,0.094702503,4,8
7,audio,Task B ,1,1,1,0,4.00E-05,1,161.9877789,0,0.09628338,1,4
7,audio,Task B ,1,4,1,0,0.00041,1,55.99661074,0,0.142901168,4,1
7,audio,Task B ,1,1,0,0,4.00E-05,2,263.6191155,0,-2.222032672,1,4
7,audio,Task B ,2,4,0,0,0.00019,1,172.2459179,0,0.141998333,3,8
7,audio,Task B ,1,4,0,0,9.00E-05,2,280.1202962,0,0.872858481,2,1
8,audio,Task B ,2,1,0,0,0.00019,1,127.8220407,0,-0.302681156,3,5
8,audio,Task B ,2,4,0,0,4.00E-05,1,180.8212854,0,0.116802845,1,8
8,audio,Task B ,2,4,0,0,0.00019,1,359.8723692,0,0.347404305,3,8
8,audio,Task B ,2,4,1,0,4.00E-05,2,43.78948123,0,1.881845979,1,8
8,audio,Task B ,1,1,0,0,4.00E-05,2,302.9185461,0,1.311731577,1,4
8,audio,Task B ,1,1,1,0,9.00E-05,1,304.115406,0,-0.191910546,2,4
9,audio,Task B ,1,1,1,0,4.00E-05,1,263.4235894,0,0.650137855,1,4
9,audio,Task B ,2,3,1,0,0.00019,2,13.76655356,0,-0.047167998,3,7
9,audio,Task B ,2,1,1,0,9.00E-05,2,48.28755815,0,0.386363905,2,5
9,audio,Task B ,2,4,1,0,0.00041,2,59.87419586,0,1.059279075,4,8
9,audio,Task B ,1,1,0,0,0.00019,2,332.3514317,0,-1.080473961,3,4
9,audio,Task B ,1,1,0,0,9.00E-05,2,224.4382785,0,0.128087799,2,4
10,audio,Task B ,2,2,0,0,0.00041,1,133.5811641,0,0.792520418,4,6
10,audio,Task B ,1,1,0,0,9.00E-05,2,80.46679695,0,-1.451668609,2,4
10,audio,Task B ,1,1,1,0,4.00E-05,1,347.4198861,0,-0.211463568,1,4
10,audio,Task B ,1,1,1,0,0.00019,1,130.7690946,0,-0.106130937,3,4
10,audio,Task B ,1,2,1,0,0.00041,1,290.983005,0,0.29577839,4,3
10,audio,Task B ,1,2,0,0,4.00E-05,2,159.9349082,0,-0.063059456,1,3
1,audio,Task B ,1,3,1,0,0.00019,1,311.4849381,0,0.036224961,3,2
1,audio,Task B ,1,2,0,0,4.00E-05,2,39.48519416,0,-3.115072241,1,3
1,audio,Task B ,1,2,1,0,9.00E-05,1,336.4757243,0,0.046578251,2,3
1,audio,Task B ,2,1,1,0,4.00E-05,2,16.06543769,0,2.557313141,1,5
1,audio,Task B ,1,2,1,0,4.00E-05,1,350.0186564,0,-0.56865928,1,3
1,audio,Task B ,2,1,1,0,4.00E-05,2,295.2991461,0,-2.554086978,1,5
2,audio,Task B ,1,2,0,0,4.00E-05,2,41.11896079,0,-0.940916878,1,3
2,audio,Task B ,1,3,1,0,4.00E-05,1,261.613153,0,-0.297996723,1,2
2,audio,Task B ,2,1,0,0,0.00041,1,38.19691121,0,-0.298342446,4,5
2,audio,Task B ,2,2,0,0,0.00041,1,289.5536885,0,-0.034009333,4,6
2,audio,Task B ,1,2,1,0,4.00E-05,1,5.703978575,0,0.048120985,1,3
2,audio,Task B ,2,2,1,0,4.00E-05,2,309.9319708,0,2.772108844,1,6
3,audio,Task B ,2,2,1,0,0.00041,2,179.9001197,0,0.664879904,4,6
3,audio,Task B ,2,4,1,0,9.00E-05,2,232.3899711,0,2.27657027,2,8
3,audio,Task B ,1,4,1,0,0.00041,1,98.08956271,0,-0.190894009,4,1
3,audio,Task B ,2,3,1,0,9.00E-05,2,183.8387748,0,0.98243266,2,7
3,audio,Task B ,1,1,1,0,0.00041,1,295.9071308,0,0.476150482,4,4
3,audio,Task B ,2,2,1,0,4.00E-05,2,333.0282154,0,0.530143335,1,6
4,audio,Task B ,1,1,1,0,4.00E-05,1,302.3900892,0,-0.050156433,1,4
4,audio,Task B ,1,3,0,0,0.00019,2,331.3746924,0,-0.431878274,3,2
4,audio,Task B ,1,3,1,0,0.00019,1,250.0117117,0,0.176338118,3,2
4,audio,Task B ,1,3,1,0,9.00E-05,1,91.09011041,0,-0.895596619,2,2
4,audio,Task B ,1,1,0,0,4.00E-05,2,41.9806311,0,0.775833287,1,4
4,audio,Task B ,1,3,0,0,0.00041,2,58.26841682,0,1.079752433,4,2
5,audio,Task B ,1,1,0,0,4.00E-05,2,25.89604533,0,0.586832657,1,4
5,audio,Task B ,1,3,0,0,0.00019,2,240.9452522,0,-2.378621898,3,2
5,audio,Task B ,2,2,0,0,9.00E-05,1,312.3711076,0,-0.334534292,2,6
5,audio,Task B ,2,1,1,0,0.00041,2,261.1218713,0,-1.274517855,4,5
5,audio,Task B ,1,1,0,0,0.00041,2,106.3788559,0,-1.22485904,4,4
5,audio,Task B ,1,3,0,0,9.00E-05,2,351.7323549,0,0.07795532,2,2
6,audio,Task B ,2,2,0,0,4.00E-05,1,135.3554166,0,-0.277664104,1,6
6,audio,Task B ,2,2,0,0,0.00019,1,96.11573495,0,0.521765902,3,6
6,audio,Task B ,2,3,1,0,0.00019,2,128.6740797,0,-1.292744956,3,7
6,audio,Task B ,1,2,1,0,0.00019,1,1.375658299,0,0.58520237,3,3
6,audio,Task B ,1,2,0,0,4.00E-05,2,1.664211721,0,0.855250821,1,3
6,audio,Task B ,2,3,0,0,0.00041,1,111.1849092,0,-0.278584404,4,7
7,audio,Task B ,2,4,0,0,4.00E-05,1,215.3914273,0,-0.268392771,1,8
7,audio,Task B ,1,1,1,0,9.00E-05,1,246.1207528,0,-0.624485786,2,4
7,audio,Task B ,2,4,1,0,0.00019,2,91.96050042,0,2.220281073,3,8
7,audio,Task B ,1,4,0,0,0.00041,2,242.0945613,0,0.691453284,4,1
7,audio,Task B ,1,4,1,0,9.00E-05,1,120.2165562,0,-0.402500355,2,1
7,audio,Task B ,2,4,1,0,0.00041,2,153.8768584,0,-1.119262952,4,8
8,audio,Task B ,1,3,0,0,0.00041,2,120.9637719,0,-0.857657021,4,2
8,audio,Task B ,2,1,0,0,4.00E-05,1,154.4668346,0,0.066996652,1,5
8,audio,Task B ,2,1,1,0,9.00E-05,2,159.1900377,0,1.682436758,2,5
8,audio,Task B ,1,1,1,0,9.00E-05,1,117.8291395,0,0.218933666,2,4
8,audio,Task B ,1,1,1,0,9.00E-05,1,115.7463818,0,-0.517189403,2,4
8,audio,Task B ,2,1,0,0,9.00E-05,1,329.0103944,0,-0.069988254,2,5
9,audio,Task B ,1,1,0,0,4.00E-05,2,120.2925443,0,-1.415615843,1,4
9,audio,Task B ,2,4,0,0,0.00041,1,113.5873048,0,0.641758413,4,8
9,audio,Task B ,1,1,0,0,9.00E-05,2,220.6434027,0,-0.792953521,2,4
9,audio,Task B ,1,1,1,0,9.00E-05,1,255.1199273,0,-0.178879799,2,4
9,audio,Task B ,1,1,0,0,4.00E-05,2,36.57085689,0,-2.123499064,1,4
9,audio,Task B ,1,1,0,0,4.00E-05,2,263.4125607,0,0.938539674,1,4
10,audio,Task B ,2,1,0,0,0.00041,1,107.8729356,0,-0.485308176,4,5
10,audio,Task B ,2,1,0,0,0.00041,1,348.7936972,0,0.001336081,4,5
10,audio,Task B ,1,1,1,0,4.00E-05,1,309.0922593,0,-0.340729985,1,4
10,audio,Task B ,1,1,1,0,4.00E-05,1,290.6172281,0,0.27687824,1,4
10,audio,Task B ,2,2,1,0,0.00041,2,250.4523319,0,0.237529223,4,6
10,audio,Task B ,1,1,1,0,9.00E-05,1,350.6374766,0,0.235160868,2,4
1,audio,Task B ,1,2,0,0,0.00041,2,99.45407664,0,0.134152049,4,3
1,audio,Task B ,1,2,1,0,4.00E-05,1,321.5433788,0,0.402546703,1,3
1,audio,Task B ,2,3,1,0,0.00041,2,317.0656905,0,-0.569580104,4,7
1,audio,Task B ,1,2,1,0,0.00041,1,220.2361346,0,-0.212933324,4,3
1,audio,Task B ,1,2,0,0,0.00041,2,69.99265625,0,-0.343732737,4,3
1,audio,Task B ,1,3,1,0,0.00041,1,159.7463763,0,-0.012436475,4,2
2,audio,Task B ,2,1,1,0,4.00E-05,2,345.2414103,0,-1.713631558,1,5
2,audio,Task B ,2,2,0,0,0.00041,1,143.8280639,0,-0.009781112,4,6
2,audio,Task B ,1,1,0,0,9.00E-05,2,147.609455,0,-1.767334116,2,4
2,audio,Task B ,1,3,0,0,4.00E-05,2,207.3895936,0,0.334940867,1,2
2,audio,Task B ,1,2,0,0,9.00E-05,2,211.9213976,0,-0.665949601,2,3
2,audio,Task B ,1,1,1,0,4.00E-05,1,202.4110746,0,0.383768552,1,4
3,audio,Task B ,1,3,1,0,9.00E-05,1,87.31819546,0,0.03750348,2,2
3,audio,Task B ,1,4,1,0,0.00041,1,344.5024863,0,-0.370159179,4,1
3,audio,Task B ,1,3,0,0,9.00E-05,2,27.42587176,0,0.268141234,2,2
3,audio,Task B ,1,2,0,0,4.00E-05,2,327.4574944,0,-0.072666161,1,3
3,audio,Task B ,1,4,0,0,0.00041,2,335.9433194,0,0.260188852,4,1
3,audio,Task B ,1,4,1,0,0.00041,1,67.06068093,0,0.023466523,4,1
4,audio,Task B ,2,4,1,0,0.00019,2,27.67249591,0,-2.468540824,3,8
4,audio,Task B ,1,1,0,0,4.00E-05,2,299.6733272,0,2.059624505,1,4
4,audio,Task B ,1,3,0,0,0.00041,2,48.5510804,0,0.336753096,4,2
4,audio,Task B ,2,4,1,0,0.00041,2,114.6491235,0,-1.23996038,4,8
4,audio,Task B ,2,2,1,0,0.00019,2,213.5176861,0,0.626006749,3,6
4,audio,Task B ,1,1,1,0,4.00E-05,1,310.4255237,0,0.352120753,1,4
5,audio,Task B ,1,1,1,0,9.00E-05,1,208.5245036,0,-0.069311865,2,4
5,audio,Task B ,2,4,1,0,0.00041,2,196.9417847,0,3.035977431,4,8
5,audio,Task B ,1,1,0,0,4.00E-05,2,340.9482584,0,-2.097187053,1,4
5,audio,Task B ,1,3,1,0,0.00019,1,25.75147383,0,0.445377678,3,2
5,audio,Task B ,1,4,1,0,9.00E-05,1,160.697792,0,0.201296051,2,1
5,audio,Task B ,2,2,0,0,0.00019,1,52.50120358,0,-0.671126535,3,6
6,audio,Task B ,2,3,1,0,0.00041,2,112.5611993,0,1.615391995,4,7
6,audio,Task B ,2,2,0,0,0.00041,1,285.6953149,0,-0.148011487,4,6
6,audio,Task B ,1,3,1,0,9.00E-05,1,147.3700073,0,-0.031892893,2,2
6,audio,Task B ,2,3,1,0,0.00041,2,325.737403,0,-0.515233939,4,7
6,audio,Task B ,1,3,1,0,0.00019,1,66.87001639,0,0.357087144,3,2
6,audio,Task B ,1,1,0,0,0.00041,2,31.5280591,0,-0.524186406,4,4
7,audio,Task B ,2,4,0,0,0.00041,1,45.16521039,0,0.121558368,4,8
7,audio,Task B ,1,4,0,0,0.00041,2,89.69195671,0,0.191656883,4,1
7,audio,Task B ,1,4,1,0,0.00019,1,67.99074785,0,-0.248585019,3,1
7,audio,Task B ,1,4,1,0,0.00041,1,124.7590296,0,-0.233263658,4,1
7,audio,Task B ,1,4,0,0,9.00E-05,2,204.490639,0,0.255294787,2,1
7,audio,Task B ,1,1,1,0,9.00E-05,1,17.17134071,0,-0.063771418,2,4
8,audio,Task B ,2,4,1,0,0.00041,2,339.1829396,0,1.212932597,4,8
8,audio,Task B ,2,1,1,0,4.00E-05,2,327.2911357,0,1.223762412,1,5
8,audio,Task B ,1,2,0,0,4.00E-05,2,286.8400951,0,3.400687384,1,3
8,audio,Task B ,2,1,0,0,0.00041,1,142.1103073,0,0.094552585,4,5
8,audio,Task B ,2,1,0,0,9.00E-05,1,283.8443905,0,0.108517162,2,5
8,audio,Task B ,1,1,1,0,9.00E-05,1,181.8010292,0,0.285185667,2,4
9,audio,Task B ,2,1,0,0,4.00E-05,1,298.2023426,0,0.275856433,1,5
9,audio,Task B ,1,4,1,0,0.00041,1,202.0089382,0,0.282390994,4,1
9,audio,Task B ,2,1,1,0,0.00041,2,162.4415726,0,-0.709964323,4,5
9,audio,Task B ,1,1,0,0,9.00E-05,2,180.1312613,0,0.109631904,2,4
9,audio,Task B ,1,1,0,0,4.00E-05,2,235.8561331,0,1.64572248,1,4
9,audio,Task B ,1,4,0,0,0.00041,2,200.6654912,0,-0.027072046,4,1
10,audio,Task B ,2,1,1,0,0.00041,2,6.514225464,0,0.826759522,4,5
10,audio,Task B ,1,2,1,0,0.00041,1,160.0440074,0,-0.041519544,4,3
10,audio,Task B ,2,2,0,0,9.00E-05,1,136.3846967,0,-0.552150909,2,6
10,audio,Task B ,2,1,0,0,0.00019,1,152.8741745,0,-0.424027819,3,5
10,audio,Task B ,1,1,0,0,4.00E-05,2,310.5983555,0,1.011881822,1,4
10,audio,Task B ,2,1,1,0,0.00019,2,281.3166701,0,-0.232312973,3,5
1,audio,Task B ,2,1,0,0,0.00041,1,47.2230947,0,0.033731557,4,5
1,audio,Task B ,2,4,0,0,0.00041,1,273.4636917,0,-0.456261887,4,8
1,audio,Task B ,2,4,1,0,0.00041,2,347.8348097,0,-0.583946539,4,8
1,audio,Task B ,1,2,1,0,0.00019,1,201.8680273,0,-0.223008704,3,3
1,audio,Task B ,1,2,1,0,9.00E-05,1,257.3618574,0,-0.091912766,2,3
1,audio,Task B ,1,2,0,0,9.00E-05,2,10.26024978,0,0.145681845,2,3
2,audio,Task B ,1,3,1,0,0.00041,1,160.1746374,0,0.209406659,4,2
2,audio,Task B ,2,1,0,0,4.00E-05,1,85.23305883,0,0.063430177,1,5
2,audio,Task B ,1,2,1,0,4.00E-05,1,173.4776072,0,0.211075682,1,3
2,audio,Task B ,2,4,1,0,9.00E-05,2,137.8850981,0,3.627462605,2,8
2,audio,Task B ,2,2,0,0,0.00019,1,24.29796428,0,0.002505006,3,6
2,audio,Task B ,2,2,0,0,4.00E-05,1,179.7666623,0,-0.152754869,1,6
3,audio,Task B ,1,4,1,0,0.00041,1,243.8131738,0,0.382267757,4,1
3,audio,Task B ,1,3,1,0,4.00E-05,1,206.1638024,0,0.042681238,1,2
3,audio,Task B ,1,3,0,0,0.00041,2,328.2553431,0,-0.064213959,4,2
3,audio,Task B ,1,4,1,0,0.00019,1,179.8506503,0,0.200669097,3,1
3,audio,Task B ,1,2,1,0,0.00041,1,60.6164336,0,0.324480887,4,3
3,audio,Task B ,2,1,1,0,9.00E-05,2,53.18703744,0,1.049787533,2,5
4,audio,Task B ,1,1,0,0,4.00E-05,2,240.7914528,0,-1.189872616,1,4
4,audio,Task B ,2,4,1,0,9.00E-05,2,274.7874233,0,-0.907145447,2,8
4,audio,Task B ,1,3,1,0,0.00041,1,120.7096643,0,0.417922516,4,2
4,audio,Task B ,1,3,1,0,0.00041,1,32.65133604,0,-0.14119079,4,2
4,audio,Task B ,1,3,0,0,0.00019,2,51.91877579,0,1.82370138,3,2
4,audio,Task B ,2,3,1,0,0.00019,2,308.8655796,0,-0.965071134,3,7
5,audio,Task B ,2,3,1,0,9.00E-05,2,119.3724464,0,-0.780311827,2,7
5,audio,Task B ,2,1,1,0,9.00E-05,2,105.1352199,0,0.563540341,2,5
5,audio,Task B ,2,3,0,0,0.00019,1,269.451286,0,0.653154873,3,7
5,audio,Task B ,1,3,0,0,0.00041,2,334.1961865,0,0.782116558,4,2
5,audio,Task B ,2,1,1,0,9.00E-05,2,331.5762764,0,-0.104398849,2,5
5,audio,Task B ,2,1,0,0,4.00E-05,1,356.0375885,0,-0.006153209,1,5
6,audio,Task B ,2,2,0,0,0.00041,1,323.4489465,0,-0.03507709,4,6
6,audio,Task B ,2,2,1,0,9.00E-05,2,211.2430108,0,0.671834559,2,6
6,audio,Task B ,1,3,1,0,0.00019,1,63.48444079,0,-0.228954513,3,2
6,audio,Task B ,1,2,1,0,4.00E-05,1,135.3192485,0,0.0620597,1,3
6,audio,Task B ,1,2,1,0,9.00E-05,1,95.73427976,0,-0.734988539,2,3
6,audio,Task B ,1,3,0,0,9.00E-05,2,304.5330521,0,0.327943834,2,2
7,audio,Task B ,1,1,0,0,4.00E-05,2,136.1421531,0,1.055740032,1,4
7,audio,Task B ,1,4,1,0,0.00019,1,343.0227769,0,0.312581468,3,1
7,audio,Task B ,2,4,1,0,0.00041,2,272.4213604,0,0.679210106,4,8
7,audio,Task B ,2,4,1,0,9.00E-05,2,246.9913872,0,-1.950303811,2,8
7,audio,Task B ,1,1,0,0,9.00E-05,2,228.3615418,0,-1.856181316,2,4
7,audio,Task B ,1,4,0,0,0.00041,2,258.1804699,0,-0.688755069,4,1
8,audio,Task B ,1,1,1,0,0.00041,1,72.6500379,0,0.20500053,4,4
8,audio,Task B ,2,4,1,0,9.00E-05,2,71.03577473,0,-1.819206339,2,8
8,audio,Task B ,2,1,0,0,4.00E-05,1,257.0061102,0,0.545999929,1,5
8,audio,Task B ,1,1,1,0,9.00E-05,1,100.9789847,0,-0.210148234,2,4
8,audio,Task B ,1,4,1,0,0.00041,1,2.055574629,0,-0.3349387,4,1
8,audio,Task B ,2,1,1,0,9.00E-05,2,288.9529612,0,1.543087099,2,5
9,audio,Task B ,2,1,0,0,9.00E-05,1,288.1455114,0,-0.207664415,2,5
9,audio,Task B ,1,1,0,0,0.00019,2,94.83927655,0,-2.573312439,3,4
9,audio,Task B ,1,1,0,0,4.00E-05,2,262.0863518,0,0.747051054,1,4
9,audio,Task B ,1,4,1,0,0.00019,1,41.2701966,0,0.17423044,3,1
9,audio,Task B ,1,1,0,0,0.00041,2,109.4162833,0,-0.285815682,4,4
9,audio,Task B ,1,4,1,0,0.00041,1,69.20942823,0,0.071716973,4,1
10,audio,Task B ,1,1,0,0,9.00E-05,2,269.4863883,0,-1.820921832,2,4
10,audio,Task B ,2,2,1,0,0.00041,2,243.0477652,0,0.368782395,4,6
10,audio,Task B ,1,1,0,0,0.00019,2,67.63762352,0,-1.758941606,3,4
10,audio,Task B ,1,2,0,0,9.00E-05,2,29.31104825,0,-1.387694554,2,3
10,audio,Task B ,1,1,1,0,4.00E-05,1,51.66504688,0,-0.220767753,1,4
10,audio,Task B ,2,2,0,0,0.00019,1,92.25643979,0,0.674896028,3,6
1,audio,Task B ,1,3,1,0,0.00041,1,315.4496831,0,0.605166816,4,2
1,audio,Task B ,1,2,1,0,4.00E-05,1,76.80681547,0,0.090853976,1,3
1,audio,Task B ,1,1,1,0,4.00E-05,1,212.6814627,0,0.062628831,1,4
1,audio,Task B ,2,4,1,0,0.00019,2,247.230881,0,-2.773735361,3,8
1,audio,Task B ,1,2,0,0,9.00E-05,2,199.6757794,0,0.343480985,2,3
1,audio,Task B ,1,2,0,0,4.00E-05,2,310.1653841,0,1.324887292,1,3
2,audio,Task B ,1,1,0,0,4.00E-05,2,80.21906556,0,2.269356315,1,4
2,audio,Task B ,2,2,0,0,0.00041,1,333.7443088,0,0.33592385,4,6
2,audio,Task B ,2,1,1,0,0.00019,2,198.3540945,0,-0.857690618,3,5
2,audio,Task B ,2,2,0,0,0.00019,1,218.6820805,0,-0.168255779,3,6
2,audio,Task B ,2,2,1,0,4.00E-05,2,202.8185381,0,-0.142973572,1,6
2,audio,Task B ,1,2,1,0,4.00E-05,1,158.0382582,0,-0.231925246,1,3
3,audio,Task B ,2,4,0,0,0.00019,1,156.9815334,0,-0.377840326,3,8
3,audio,Task B ,2,4,1,0,0.00041,2,113.9190458,0,-2.662117188,4,8
3,audio,Task B ,2,4,1,0,0.00041,2,202.829539,0,-1.252999696,4,8
3,audio,Task B ,2,2,0,0,4.00E-05,1,40.93083446,0,0.7592552,1,6
3,audio,Task B ,2,3,1,0,0.00019,2,61.82551899,0,-0.625140591,3,7
3,audio,Task B ,2,1,1,0,0.00041,2,56.01223342,0,-0.419433066,4,5
4,audio,Task B ,1,1,0,0,9.00E-05,2,72.58136377,0,-0.83266631,2,4
4,audio,Task B ,1,3,1,0,0.00041,1,124.5691488,0,0.105822388,4,2
4,audio,Task B ,1,3,1,0,9.00E-05,1,71.93820509,0,-0.6923661,2,2
4,audio,Task B ,1,3,1,0,0.00019,1,86.63098918,0,0.047974804,3,2
4,audio,Task B ,1,3,1,0,0.00041,1,116.673751,0,-0.057853362,4,2
4,audio,Task B ,1,3,1,0,9.00E-05,1,287.0637032,0,-0.279694644,2,2
5,audio,Task B ,2,3,0,0,0.00019,1,204.0415517,0,0.873491964,3,7
5,audio,Task B ,2,4,1,0,0.00019,2,259.8787787,0,0.590809036,3,8
5,audio,Task B ,1,3,0,0,0.00041,2,117.7536089,0,-0.49773196,4,2
5,audio,Task B ,2,1,0,0,9.00E-05,1,139.6945307,0,0.486078767,2,5
5,audio,Task B ,1,3,0,0,9.00E-05,2,329.8085163,0,0.172487976,2,2
5,audio,Task B ,2,1,0,0,9.00E-05,1,189.29165,0,0.496352718,2,5
6,audio,Task B ,1,2,0,0,9.00E-05,2,99.85365586,0,2.84617549,2,3
6,audio,Task B ,1,3,0,0,0.00019,2,304.3864346,0,-0.477903032,3,2
6,audio,Task B ,1,2,1,0,9.00E-05,1,198.7371106,0,0.056271398,2,3
6,audio,Task B ,2,2,0,0,4.00E-05,1,67.67881778,0,-0.088518733,1,6
6,audio,Task B ,1,2,1,0,9.00E-05,1,61.42748088,0,-0.237093813,2,3
6,audio,Task B ,2,3,0,0,9.00E-05,1,158.6610761,0,-0.368532007,2,7
7,audio,Task B ,1,1,0,0,9.00E-05,2,76.33797314,0,0.828263965,2,4
7,audio,Task B ,1,4,0,0,0.00019,2,208.0359225,0,-2.199006921,3,1
7,audio,Task B ,1,1,0,0,4.00E-05,2,215.8171272,0,0.727721941,1,4
7,audio,Task B ,1,1,1,0,4.00E-05,1,154.0347625,0,0.197224458,1,4
7,audio,Task B ,2,4,1,0,0.00041,2,275.1900885,0,-2.90383899,4,8
7,audio,Task B ,2,4,0,0,0.00019,1,284.722294,0,0.613338722,3,8
8,audio,Task B ,2,4,0,0,0.00041,1,23.10200789,0,-0.06949371,4,8
8,audio,Task B ,1,4,0,0,0.00019,2,118.8211862,0,-0.215283714,3,1
8,audio,Task B ,2,1,0,0,4.00E-05,1,343.8664427,0,0.116920345,1,5
8,audio,Task B ,2,1,1,0,4.00E-05,2,96.4337493,0,-2.321502754,1,5
8,audio,Task B ,1,1,0,0,4.00E-05,2,200.8512523,0,1.351514998,1,4
8,audio,Task B ,1,1,0,0,0.00019,2,263.2052173,0,-0.715391394,3,4
9,audio,Task B ,1,1,1,0,4.00E-05,1,197.0291624,0,0.169337211,1,4
9,audio,Task B ,1,3,1,0,0.00041,1,165.1613825,0,-0.270715122,4,2
9,audio,Task B ,2,1,1,0,9.00E-05,2,80.31024788,0,-0.966877817,2,5
9,audio,Task B ,1,1,0,0,0.00041,2,127.3485107,0,-0.738273399,4,4
9,audio,Task B ,1,1,1,0,0.00019,1,1.277478617,0,-0.17264216,3,4
9,audio,Task B ,1,1,1,0,4.00E-05,1,38.31335544,0,0.722302067,1,4
10,audio,Task B ,1,1,1,0,4.00E-05,1,337.0845923,0,0.342028287,1,4
10,audio,Task B ,2,1,1,0,0.00041,2,144.2073924,0,1.428378537,4,5
10,audio,Task B ,1,1,0,0,4.00E-05,2,208.6325781,0,-2.634305329,1,4
10,audio,Task B ,1,1,1,0,0.00041,1,226.7596513,0,0.159813873,4,4
10,audio,Task B ,1,1,1,0,9.00E-05,1,4.975553376,0,-0.374771123,2,4
10,audio,Task B ,2,2,0,0,0.00041,1,161.4961439,0,0.330838217,4,6
1,audio,Task B ,2,4,1,0,9.00E-05,2,23.83749335,0,1.01601069,2,8
1,audio,Task B ,2,4,1,0,0.00019,2,11.3022395,0,3.193216279,3,8
1,audio,Task B ,1,2,0,0,9.00E-05,2,188.9667879,0,-0.19887947,2,3
1,audio,Task B ,1,2,0,0,0.00041,2,334.5375716,0,0.086392886,4,3
1,audio,Task B ,1,2,0,0,0.00041,2,80.37709874,0,-0.428591815,4,3
1,audio,Task B ,1,3,1,0,0.00019,1,178.4158474,0,0.058916657,3,2
2,audio,Task B ,2,2,0,0,4.00E-05,1,233.4163773,0,-0.286818967,1,6
2,audio,Task B ,2,2,1,0,0.00041,2,204.4414069,0,0.432959213,4,6
2,audio,Task B ,2,2,0,0,0.00019,1,358.1049008,0,0.588651099,3,6
2,audio,Task B ,1,3,0,0,0.00019,2,79.69916236,0,-0.148765042,3,2
2,audio,Task B ,2,2,1,0,9.00E-05,2,301.0938298,0,0.059436762,2,6
2,audio,Task B ,2,3,0,0,0.00019,1,139.2041061,0,0.702727035,3,7
3,audio,Task B ,1,2,1,0,0.00041,1,23.04332994,0,0.024223328,4,3
3,audio,Task B ,1,1,0,0,4.00E-05,2,55.09114489,0,-0.067384907,1,4
3,audio,Task B ,1,3,1,0,0.00019,1,26.3862641,0,0.079643451,3,2
3,audio,Task B ,2,3,0,0,9.00E-05,1,229.2573744,0,0.152698144,2,7
3,audio,Task B ,2,3,0,0,0.00041,1,347.0833485,0,-0.255615723,4,7
3,audio,Task B ,1,1,1,0,4.00E-05,1,294.9300706,0,0.272012165,1,4
4,audio,Task B ,1,3,1,0,0.00041,1,70.83392148,0,-0.677851729,4,2
4,audio,Task B ,1,1,0,0,4.00E-05,2,240.1974054,0,-0.976423415,1,4
4,audio,Task B ,1,1,1,0,4.00E-05,1,112.8310353,0,0.071488833,1,4
4,audio,Task B ,1,3,0,0,0.00041,2,170.512677,0,-0.744542702,4,2
4,audio,Task B ,1,3,1,0,0.00019,1,81.83366358,0,0.298223441,3,2
4,audio,Task B ,1,1,1,0,4.00E-05,1,90.33845623,0,-0.154643922,1,4
5,audio,Task B ,2,1,1,0,4.00E-05,2,146.2070606,0,-2.480878288,1,5
5,audio,Task B ,2,4,1,0,0.00041,2,124.9206706,0,1.194407043,4,8
5,audio,Task B ,2,1,0,0,4.00E-05,1,162.1090928,0,-0.085576999,1,5
5,audio,Task B ,1,3,1,0,0.00041,1,37.47372672,0,0.258743217,4,2
5,audio,Task B ,2,1,1,0,4.00E-05,2,207.930813,0,-2.461189868,1,5
5,audio,Task B ,2,3,0,0,0.00019,1,65.90101126,0,-0.062064756,3,7
6,audio,Task B ,2,3,0,0,9.00E-05,1,144.8067807,0,-0.034885178,2,7
6,audio,Task B ,2,3,0,0,9.00E-05,1,291.0133605,0,-0.014894789,2,7
6,audio,Task B ,2,3,1,0,0.00041,2,204.4164025,0,-1.487139566,4,7
6,audio,Task B ,1,3,0,0,9.00E-05,2,80.42693625,0,-2.714480777,2,2
6,audio,Task B ,2,4,1,0,0.00019,2,331.9007724,0,-1.383953801,3,8
6,audio,Task B ,1,3,1,0,0.00019,1,213.278772,0,-0.164727231,3,2
7,audio,Task B ,2,4,0,0,0.00019,1,134.0943005,0,-0.339789625,3,8
7,audio,Task B ,1,4,1,0,9.00E-05,1,72.48912043,0,0.473162404,2,1
7,audio,Task B ,1,4,1,0,0.00019,1,293.3429612,0,-0.597526251,3,1
7,audio,Task B ,2,1,0,0,4.00E-05,1,46.53846992,0,-0.117295268,1,5
7,audio,Task B ,1,1,0,0,4.00E-05,2,350.0023182,0,-0.194789968,1,4
7,audio,Task B ,1,1,1,0,4.00E-05,1,21.57456824,0,-0.194462379,1,4
8,audio,Task B ,1,1,0,0,9.00E-05,2,42.97598772,0,0.579706601,2,4
8,audio,Task B ,2,1,0,0,0.00019,1,111.1284645,0,-0.152401734,3,5
8,audio,Task B ,1,2,1,0,0.00019,1,214.2278577,0,-0.134438057,3,3
8,audio,Task B ,1,1,1,0,4.00E-05,1,65.65982272,0,-0.130183329,1,4
8,audio,Task B ,2,4,1,0,0.00041,2,123.6797857,0,-0.987088669,4,8
8,audio,Task B ,2,1,1,0,0.00019,2,243.3758482,0,-0.646320413,3,5
9,audio,Task B ,2,1,0,0,9.00E-05,1,177.8446075,0,0.010180017,2,5
9,audio,Task B ,2,4,1,0,0.00041,2,24.32105453,0,-0.026292404,4,8
9,audio,Task B ,1,4,0,0,0.00041,2,127.6194992,0,0.595422812,4,1
9,audio,Task B ,2,1,0,0,4.00E-05,1,166.4886578,0,-0.550799074,1,5
9,audio,Task B ,1,1,0,0,9.00E-05,2,175.371199,0,-1.636411316,2,4
9,audio,Task B ,1,1,0,0,0.00019,2,206.0513301,0,-0.000542117,3,4
10,audio,Task B ,1,1,0,0,4.00E-05,2,332.9034198,0,-0.841014019,1,4
10,audio,Task B ,1,1,1,0,4.00E-05,1,7.676297847,0,-0.150764081,1,4
10,audio,Task B ,2,2,0,0,0.00019,1,68.27815246,0,-0.313967194,3,6
10,audio,Task B ,1,1,0,0,9.00E-05,2,148.9996486,0,0.428548702,2,4
10,audio,Task B ,1,2,0,0,4.00E-05,2,352.6323017,0,1.877355993,1,3
10,audio,Task B ,1,1,1,0,0.00019,1,97.77827724,0,0.144901335,3,4
1,audio,Task B ,2,3,1,0,4.00E-05,2,208.8190945,0,-1.579494721,1,7
1,audio,Task B ,2,2,1,0,4.00E-05,2,172.3684416,0,1.219471359,1,6
1,audio,Task B ,1,2,1,0,4.00E-05,1,86.85770983,0,-0.203745798,1,3
1,audio,Task B ,1,2,1,0,0.00019,1,264.3335333,0,-0.168848949,3,3
1,audio,Task B ,1,2,1,0,0.00019,1,238.4896194,0,0.597345347,3,3
1,audio,Task B ,1,2,1,0,9.00E-05,1,60.71052729,0,0.345179063,2,3
2,audio,Task B ,1,2,1,0,0.00041,1,259.9352293,0,0.609102084,4,3
2,audio,Task B ,2,2,0,0,0.00041,1,205.4019667,0,-0.287214095,4,6
2,audio,Task B ,1,3,1,0,9.00E-05,1,289.0631847,0,-0.310660815,2,2
2,audio,Task B ,1,2,1,0,0.00019,1,277.3009872,0,0.424829549,3,3
2,audio,Task B ,1,2,1,0,0.00041,1,151.5804121,0,0.189870342,4,3
2,audio,Task B ,1,2,0,0,0.00041,2,251.3277111,0,0.098841899,4,3
3,audio,Task B ,1,1,1,0,4.00E-05,1,283.9073379,0,-0.16853174,1,4
3,audio,Task B ,2,1,1,0,9.00E-05,2,11.62220695,0,-1.752517058,2,5
3,audio,Task B ,2,3,0,0,0.00041,1,201.6736384,0,-0.356095983,4,7
3,audio,Task B ,1,4,0,0,4.00E-05,2,140.4722267,0,0.280458537,1,1
3,audio,Task B ,1,3,0,0,0.00019,2,212.6539537,0,-0.179229136,3,2
3,audio,Task B ,2,1,1,0,0.00041,2,190.1872327,0,0.998452898,4,5
4,audio,Task B ,1,1,1,0,4.00E-05,1,176.8718981,0,0.386415594,1,4
4,audio,Task B ,1,3,0,0,0.00019,2,18.83160048,0,-0.024387014,3,2
4,audio,Task B ,1,1,0,0,9.00E-05,2,172.667966,0,2.423662959,2,4
4,audio,Task B ,1,3,1,0,0.00019,1,33.53687177,0,0.199135841,3,2
4,audio,Task B ,1,1,0,0,4.00E-05,2,190.5711659,0,-0.587536755,1,4
4,audio,Task B ,1,1,1,0,4.00E-05,1,44.17974092,0,-0.147709477,1,4
5,audio,Task B ,1,3,0,0,4.00E-05,2,148.711502,0,0.20972355,1,2
5,audio,Task B ,2,1,1,0,4.00E-05,2,36.53723287,0,-3.734752287,1,5
5,audio,Task B ,1,1,1,0,4.00E-05,1,354.3997016,0,-0.788757381,1,4
5,audio,Task B ,2,1,0,0,9.00E-05,1,107.3147285,0,0.298041049,2,5
5,audio,Task B ,2,1,1,0,4.00E-05,2,109.7038649,0,0.305653681,1,5
5,audio,Task B ,2,4,1,0,0.00041,2,279.5897238,0,-0.693038732,4,8
6,audio,Task B ,1,3,1,0,0.00041,1,184.9733581,0,0.017654917,4,2
6,audio,Task B ,2,3,1,0,0.00041,2,190.6724638,0,-1.12548243,4,7
6,audio,Task B ,1,3,1,0,9.00E-05,1,151.0470793,0,0.088992402,2,2
6,audio,Task B ,1,2,1,0,9.00E-05,1,106.9899488,0,0.269227913,2,3
6,audio,Task B ,2,3,1,0,9.00E-05,2,310.2697229,0,1.246651698,2,7
6,audio,Task B ,1,2,1,0,4.00E-05,1,242.7070066,0,0.782347064,1,3
7,audio,Task B ,1,1,0,0,9.00E-05,2,357.0618711,0,-0.471125922,2,4
7,audio,Task B ,1,1,0,0,0.00041,2,148.9210109,0,0.382477158,4,4
7,audio,Task B ,1,1,0,0,4.00E-05,2,177.5739959,0,2.874342976,1,4
7,audio,Task B ,2,1,0,0,4.00E-05,1,303.6519178,0,-0.568397533,1,5
7,audio,Task B ,2,4,1,0,0.00041,2,162.881849,0,2.111546238,4,8
7,audio,Task B ,1,4,1,0,0.00041,1,130.3093081,0,-0.080761506,4,1
8,audio,Task B ,2,2,1,0,9.00E-05,2,64.49845561,0,-3.042420749,2,6
8,audio,Task B ,2,4,1,0,0.00019,2,229.6001299,0,1.572064986,3,8
8,audio,Task B ,2,1,0,0,4.00E-05,1,82.1336001,0,0.12929431,1,5
8,audio,Task B ,2,4,1,0,0.00019,2,145.3923795,0,-0.838937162,3,8
8,audio,Task B ,1,1,1,0,9.00E-05,1,0.555343234,0,0.090071218,2,4
8,audio,Task B ,2,3,1,0,0.00041,2,57.33659698,0,-0.231901973,4,7
9,audio,Task B ,1,4,1,0,0.00019,1,321.8410928,0,-0.060381396,3,1
9,audio,Task B ,2,1,0,0,9.00E-05,1,65.42156034,0,-0.002681276,2,5
9,audio,Task B ,2,4,1,0,0.00019,2,47.79203032,0,2.388486671,3,8
9,audio,Task B ,1,1,0,0,9.00E-05,2,82.98184703,0,-3.471139761,2,4
9,audio,Task B ,2,4,1,0,0.00041,2,171.0367576,0,-0.632949572,4,8
9,audio,Task B ,2,4,0,0,0.00019,1,311.4051172,0,-0.487312028,3,8
10,audio,Task B ,1,1,0,0,4.00E-05,2,193.0002216,0,1.102171513,1,4
10,audio,Task B ,2,2,1,0,4.00E-05,2,219.2809097,0,-0.767543288,1,6
10,audio,Task B ,2,2,0,0,0.00041,1,274.5671977,0,-0.407769205,4,6
10,audio,Task B ,2,2,0,0,0.00041,1,190.9634152,0,0.559742548,4,6
10,audio,Task B ,1,2,1,0,9.00E-05,1,72.0757636,0,-0.033635039,2,3
10,audio,Task B ,2,2,0,0,0.00041,1,243.2460364,0,-0.185519306,4,6
1,audio,Task B ,2,4,1,0,9.00E-05,2,299.4250315,0,1.874241243,2,8
1,audio,Task B ,1,2,1,0,9.00E-05,1,103.872681,0,0.251727298,2,3
1,audio,Task B ,1,2,1,0,0.00041,1,79.93925129,0,0.585671698,4,3
1,audio,Task B ,2,2,1,0,9.00E-05,2,176.2966694,0,-0.470575191,2,6
1,audio,Task B ,2,2,1,0,4.00E-05,2,163.8028809,0,-1.023116588,1,6
1,audio,Task B ,2,3,1,0,0.00019,2,56.02671879,0,-1.177758523,3,7
2,audio,Task B ,2,2,0,0,0.00019,1,36.93500881,0,-0.319842234,3,6
2,audio,Task B ,2,2,1,0,0.00041,2,182.1609878,0,-0.964819859,4,6
2,audio,Task B ,1,2,0,0,0.00019,2,91.68767744,0,0.062367081,3,3
2,audio,Task B ,2,2,1,0,0.00019,2,27.48651335,0,-0.165334835,3,6
2,audio,Task B ,2,1,0,0,4.00E-05,1,100.8072915,0,-0.563653422,1,5
2,audio,Task B ,2,2,0,0,4.00E-05,1,287.252189,0,0.730313722,1,6
3,audio,Task B ,2,2,1,0,0.00019,2,188.882119,0,-0.328968459,3,6
3,audio,Task B ,1,4,1,0,9.00E-05,1,215.181324,0,-0.001363727,2,1
3,audio,Task B ,2,4,0,0,4.00E-05,1,5.756528482,0,0.454717886,1,8
3,audio,Task B ,2,4,1,0,0.00019,2,56.05329927,0,2.165132705,3,8
3,audio,Task B ,2,4,1,0,0.00019,2,96.38392369,0,-0.692933435,3,8
3,audio,Task B ,1,2,0,0,0.00019,2,238.9864262,0,-0.327975841,3,3
4,audio,Task B ,1,2,1,0,0.00019,1,101.4502742,0,0.393695839,3,3
4,audio,Task B ,2,4,1,0,0.00041,2,300.9408813,0,4.207972738,4,8
4,audio,Task B ,2,4,1,0,0.00019,2,204.2945209,0,1.635742575,3,8
4,audio,Task B ,1,3,1,0,9.00E-05,1,234.5575115,0,-0.076452099,2,2
4,audio,Task B ,1,3,1,0,0.00041,1,183.363754,0,0.09999266,4,2
4,audio,Task B ,1,3,1,0,9.00E-05,1,55.15258398,0,-0.235970342,2,2
5,audio,Task B ,2,4,0,0,0.00019,1,177.006391,0,1.069684438,3,8
5,audio,Task B ,1,3,1,0,0.00041,1,27.20534217,0,0.04886209,4,2
5,audio,Task B ,1,3,0,0,0.00041,2,350.1468295,0,-0.547093465,4,2
5,audio,Task B ,2,4,1,0,0.00041,2,136.3855147,0,1.505996425,4,8
5,audio,Task B ,1,1,1,0,9.00E-05,1,150.9379944,0,0.282055886,2,4
5,audio,Task B ,1,3,1,0,0.00019,1,115.73007,0,0.144069765,3,2
6,audio,Task B ,1,3,1,0,4.00E-05,1,53.11318186,0,-0.250424644,1,2
6,audio,Task B ,2,3,1,0,0.00041,2,11.62320219,0,-0.308239773,4,7
6,audio,Task B ,2,3,1,0,9.00E-05,2,136.6437204,0,-0.509049105,2,7
6,audio,Task B ,1,2,1,0,4.00E-05,1,228.3452332,0,0.636601727,1,3
6,audio,Task B ,2,2,0,0,9.00E-05,1,299.5964008,0,0.357990552,2,6
6,audio,Task B ,2,3,0,0,0.00019,1,45.82466645,0,-0.447249185,3,7
7,audio,Task B ,2,1,0,0,9.00E-05,1,245.1290567,0,0.202411639,2,5
7,audio,Task B ,1,1,0,0,4.00E-05,2,202.6911755,0,-1.030752089,1,4
7,audio,Task B ,1,4,0,0,0.00041,2,264.9225389,0,0.499356649,4,1
7,audio,Task B ,1,1,1,0,9.00E-05,1,268.7044116,0,0.356511103,2,4
7,audio,Task B ,1,4,1,0,0.00019,1,25.75580766,0,-0.143509518,3,1
7,audio,Task B ,1,1,0,0,4.00E-05,2,205.4242901,0,0.660377973,1,4
8,audio,Task B ,1,1,1,0,0.00019,1,143.2115198,0,0.158239391,3,4
8,audio,Task B ,1,1,1,0,9.00E-05,1,183.7625542,0,0.430528305,2,4
8,audio,Task B ,2,1,1,0,0.00019,2,289.7767141,0,-1.941815417,3,5
8,audio,Task B ,1,1,1,0,4.00E-05,1,14.47935447,0,0.124771637,1,4
8,audio,Task B ,2,2,0,0,0.00019,1,272.2732178,0,-0.198060261,3,6
8,audio,Task B ,2,3,1,0,0.00041,2,193.1347687,0,1.514736815,4,7
9,audio,Task B ,2,1,0,0,9.00E-05,1,303.0433231,0,-0.611690212,2,5
9,audio,Task B ,1,1,0,0,9.00E-05,2,351.3304381,0,0.976834996,2,4
9,audio,Task B ,1,1,0,0,0.00019,2,293.9346412,0,3.24880476,3,4
9,audio,Task B ,1,1,1,0,9.00E-05,1,109.5413273,0,-0.378065979,2,4
9,audio,Task B ,2,4,0,0,0.00019,1,172.911418,0,0.662661791,3,8
9,audio,Task B ,1,1,0,0,9.00E-05,2,272.126171,0,0.165528486,2,4
10,audio,Task B ,1,1,1,0,9.00E-05,1,64.57555326,0,-0.627963953,2,4
10,audio,Task B ,2,1,1,0,0.00041,2,77.5338537,0,-0.582640884,4,5
10,audio,Task B ,1,1,1,0,9.00E-05,1,200.4902441,0,0.290129312,2,4
10,audio,Task B ,1,1,0,0,4.00E-05,2,188.5847918,0,0.818773026,1,4
10,audio,Task B ,2,2,1,0,0.00019,2,350.440258,0,-2.469520807,3,6
10,audio,Task B ,2,2,0,0,0.00041,1,120.2475954,0,-0.859120727,4,6
1,audio,Task B ,1,3,1,0,4.00E-05,1,235.4407784,0,0.149180763,1,2
1,audio,Task B ,1,2,0,0,0.00019,2,43.12390471,0,-0.008810953,3,3
1,audio,Task B ,1,2,1,0,0.00041,1,105.3529884,0,0.192596895,4,3
1,audio,Task B ,2,4,1,0,0.00041,2,72.98003428,0,3.859212331,4,8
1,audio,Task B ,2,3,1,0,0.00041,2,256.6807044,0,-1.350708567,4,7
1,audio,Task B ,1,1,1,0,4.00E-05,1,322.4239553,0,0.69386446,1,4
2,audio,Task B ,1,3,0,0,0.00019,2,259.9305576,0,-0.162304153,3,2
2,audio,Task B ,2,2,1,0,0.00019,2,119.4731419,0,2.165665827,3,6
2,audio,Task B ,2,1,0,0,9.00E-05,1,201.3942872,0,0.168972506,2,5
2,audio,Task B ,1,3,1,0,4.00E-05,1,58.04065793,0,-0.384124417,1,2
2,audio,Task B ,1,2,0,0,0.00019,2,55.01685296,0,0.42066946,3,3
2,audio,Task B ,2,3,0,0,9.00E-05,1,124.9958722,0,0.497788806,2,7
3,audio,Task B ,1,3,0,0,0.00019,2,57.74673715,0,0.204536699,3,2
3,audio,Task B ,2,1,1,0,4.00E-05,2,296.3700661,0,0.227736832,1,5
3,audio,Task B ,2,4,0,0,0.00019,1,87.17130027,0,0.347733161,3,8
3,audio,Task B ,1,3,1,0,0.00019,1,177.2996702,0,0.327113196,3,2
3,audio,Task B ,2,4,1,0,0.00019,2,78.96142092,0,-1.07320435,3,8
3,audio,Task B ,1,1,1,0,4.00E-05,1,90.77113038,0,0.274649222,1,4
4,audio,Task B ,2,4,0,0,0.00019,1,127.7446098,0,0.129020629,3,8
4,audio,Task B ,1,3,1,0,0.00019,1,111.9562387,0,0.147645963,3,2
4,audio,Task B ,2,1,1,0,9.00E-05,2,86.18275256,0,2.114349815,2,5
4,audio,Task B ,1,1,1,0,9.00E-05,1,202.7148498,0,-0.158163535,2,4
4,audio,Task B ,1,3,1,0,0.00041,1,168.4124555,0,-0.181323449,4,2
4,audio,Task B ,1,3,1,0,0.00041,1,168.9135055,0,0.552935342,4,2
5,audio,Task B ,2,1,1,0,9.00E-05,2,280.8155125,0,-1.722000784,2,5
5,audio,Task B ,2,4,1,0,0.00041,2,160.9110697,0,-0.678174099,4,8
5,audio,Task B ,2,1,0,0,4.00E-05,1,35.79993277,0,0.333043996,1,5
5,audio,Task B ,1,3,0,0,0.00019,2,231.3921703,0,-0.302800126,3,2
5,audio,Task B ,2,1,1,0,0.00041,2,209.1394102,0,0.250840075,4,5
5,audio,Task B ,2,1,1,0,4.00E-05,2,259.6782117,0,0.249242476,1,5
6,audio,Task B ,2,2,1,0,4.00E-05,2,214.6315928,0,-1.491847484,1,6
6,audio,Task B ,2,3,1,0,0.00041,2,88.90172939,0,-0.438888146,4,7
6,audio,Task B ,2,3,0,0,0.00041,1,321.3909251,0,0.19664504,4,7
6,audio,Task B ,1,3,1,0,0.00041,1,62.80118707,0,-0.218269237,4,2
6,audio,Task B ,1,2,1,0,9.00E-05,1,161.222093,0,-0.040036312,2,3
6,audio,Task B ,1,2,0,0,0.00019,2,290.9649908,0,0.134335513,3,3
7,audio,Task B ,2,4,0,0,0.00019,1,96.44261948,0,-0.201596758,3,8
7,audio,Task B ,1,4,1,0,4.00E-05,1,14.4616758,0,-0.118363203,1,1
7,audio,Task B ,2,4,1,0,0.00041,2,283.567695,0,-2.78668118,4,8
7,audio,Task B ,1,4,0,0,0.00019,2,13.2536357,0,-0.12590846,3,1
7,audio,Task B ,1,1,0,0,4.00E-05,2,151.5291561,0,0.589550592,1,4
7,audio,Task B ,1,4,0,0,0.00041,2,249.7501007,0,-0.205631041,4,1
8,audio,Task B ,1,4,0,0,0.00041,2,284.1631307,0,-0.999067228,4,1
8,audio,Task B ,2,1,1,0,0.00019,2,120.6059694,0,-1.616246023,3,5
8,audio,Task B ,1,2,1,0,0.00019,1,208.2783976,0,-0.296865893,3,3
8,audio,Task B ,1,1,0,0,9.00E-05,2,151.980246,0,-0.187220192,2,4
8,audio,Task B ,1,1,0,0,9.00E-05,2,174.9569643,0,-1.308649619,2,4
8,audio,Task B ,2,1,0,0,9.00E-05,1,194.9824494,0,-0.130117029,2,5
9,audio,Task B ,1,4,1,0,0.00019,1,132.3847795,0,0.056826683,3,1
9,audio,Task B ,1,1,0,0,9.00E-05,2,87.31534484,0,0.325932251,2,4
9,audio,Task B ,1,1,1,0,4.00E-05,1,42.52824059,0,0.133418438,1,4
9,audio,Task B ,1,1,0,0,4.00E-05,2,46.42889722,0,0.774224112,1,4
9,audio,Task B ,1,1,0,0,0.00019,2,312.2905774,0,1.657902532,3,4
9,audio,Task B ,2,1,1,0,9.00E-05,2,199.5083858,0,0.711280785,2,5
10,audio,Task B ,2,2,1,0,0.00019,2,237.6890859,0,0.714437466,3,6
10,audio,Task B ,1,1,0,0,4.00E-05,2,279.4290647,0,0.927470652,1,4
10,audio,Task B ,1,1,1,0,4.00E-05,1,124.5148583,0,0.434781424,1,4
10,audio,Task B ,1,1,1,0,4.00E-05,1,334.1619996,0,0.623558045,1,4
10,audio,Task B ,1,1,1,0,4.00E-05,1,254.4985847,0,-0.167001356,1,4
10,audio,Task B ,1,1,0,0,4.00E-05,2,193.7499902,0,-2.831501804,1,4
1,audio,Task B ,1,2,1,0,9.00E-05,1,20.04423602,0,0.190054789,2,3
1,audio,Task B ,1,2,1,0,0.00019,1,216.1396732,0,-0.025272077,3,3
1,audio,Task B ,2,4,1,0,0.00041,2,178.9577853,0,-2.256998192,4,8
1,audio,Task B ,2,2,1,0,4.00E-05,2,199.8494985,0,0.841663528,1,6
1,audio,Task B ,1,2,1,0,9.00E-05,1,96.31597481,0,-0.163526804,2,3
1,audio,Task B ,2,2,1,0,4.00E-05,2,296.535137,0,-2.530438673,1,6
2,audio,Task B ,2,2,0,0,9.00E-05,1,350.7900054,0,-0.220793354,2,6
2,audio,Task B ,1,2,0,0,9.00E-05,2,325.7281986,0,0.454964461,2,3
2,audio,Task B ,1,3,1,0,0.00041,1,185.0406955,0,0.34148719,4,2
2,audio,Task B ,1,3,0,0,4.00E-05,2,262.1905989,0,1.351295223,1,2
2,audio,Task B ,2,2,1,0,0.00041,2,293.0787678,0,1.150546666,4,6
2,audio,Task B ,2,2,0,0,0.00041,1,196.1116648,0,0.096095744,4,6
3,audio,Task B ,2,3,1,0,4.00E-05,2,102.5053051,0,-1.414366358,1,7
3,audio,Task B ,1,3,1,0,0.00019,1,137.8161138,0,-0.053829354,3,2
3,audio,Task B ,2,3,0,0,0.00019,1,124.3583924,0,-0.391367839,3,7
3,audio,Task B ,1,4,1,0,0.00019,1,326.411646,0,0.062951859,3,1
3,audio,Task B ,1,1,0,0,0.00019,2,208.7604212,0,0.515808359,3,4
3,audio,Task B ,2,3,1,0,9.00E-05,2,272.9508196,0,1.41598079,2,7
4,audio,Task B ,1,2,1,0,0.00041,1,134.0135644,0,0.294433891,4,3
4,audio,Task B ,1,3,1,0,0.00041,1,339.8997211,0,0.029629416,4,2
4,audio,Task B ,2,4,1,0,0.00041,2,136.011781,0,-2.129096277,4,8
4,audio,Task B ,1,3,0,0,0.00041,2,236.7020297,0,0.58655916,4,2
4,audio,Task B ,1,3,1,0,0.00019,1,232.5883765,0,-0.499285023,3,2
4,audio,Task B ,1,3,0,0,9.00E-05,2,190.8377862,0,1.306252902,2,2
5,audio,Task B ,2,3,1,0,0.00041,2,18.31903144,0,1.421486576,4,7
5,audio,Task B ,2,1,1,0,4.00E-05,2,353.3518122,0,1.764995701,1,5
5,audio,Task B ,2,4,1,0,0.00041,2,282.8737269,0,-1.876688934,4,8
5,audio,Task B ,2,1,0,0,0.00019,1,287.5285244,0,-0.130375088,3,5
5,audio,Task B ,1,4,1,0,0.00041,1,17.95054082,0,0.18536214,4,1
5,audio,Task B ,2,4,1,0,0.00041,2,68.76907419,0,-1.278451778,4,8
6,audio,Task B ,1,3,1,0,4.00E-05,1,236.5000471,0,-0.304497075,1,2
6,audio,Task B ,2,3,0,0,4.00E-05,1,328.0332379,0,0.465134122,1,7
6,audio,Task B ,2,3,0,0,4.00E-05,1,181.1658306,0,0.152724341,1,7
6,audio,Task B ,2,3,1,0,9.00E-05,2,171.1992781,0,-2.140338688,2,7
6,audio,Task B ,1,2,1,0,9.00E-05,1,134.1714208,0,-0.658010619,2,3
6,audio,Task B ,1,2,1,0,9.00E-05,1,153.3541802,0,-0.228117417,2,3
7,audio,Task B ,2,4,1,0,0.00019,2,352.6735013,0,0.251417591,3,8
7,audio,Task B ,1,4,1,0,9.00E-05,1,218.987123,0,0.281824521,2,1
7,audio,Task B ,1,4,1,0,0.00041,1,224.9653374,0,-0.220953957,4,1
7,audio,Task B ,2,1,0,0,9.00E-05,1,25.62800758,0,0.382462602,2,5
7,audio,Task B ,2,4,1,0,9.00E-05,2,62.32889806,0,2.76697989,2,8
7,audio,Task B ,1,4,1,0,9.00E-05,1,359.6212741,0,0.231339902,2,1
8,audio,Task B ,1,4,1,0,0.00019,1,267.6622657,0,-0.390020183,3,1
8,audio,Task B ,2,2,1,0,4.00E-05,2,13.41669856,0,-1.725324085,1,6
8,audio,Task B ,2,2,1,0,4.00E-05,2,203.5405637,0,2.751398119,1,6
8,audio,Task B ,1,4,0,0,4.00E-05,2,186.8513511,0,-0.474193184,1,1
8,audio,Task B ,1,3,1,0,0.00041,1,22.0799656,0,-0.134617479,4,2
8,audio,Task B ,2,4,1,0,4.00E-05,2,279.6615468,0,1.02432594,1,8
9,audio,Task B ,1,1,1,0,4.00E-05,1,228.0483898,0,0.409515121,1,4
9,audio,Task B ,1,3,0,0,0.00041,2,303.5291928,0,-0.65281363,4,2
9,audio,Task B ,1,1,1,0,4.00E-05,1,162.319204,0,-0.249583802,1,4
9,audio,Task B ,1,1,0,0,0.00019,2,111.3703195,0,-0.768260188,3,4
9,audio,Task B ,1,4,0,0,0.00041,2,146.6966092,0,-0.106298019,4,1
9,audio,Task B ,1,4,1,0,0.00019,1,127.2824872,0,-0.020553938,3,1
10,audio,Task B ,1,1,1,0,4.00E-05,1,253.5848642,0,-0.478295754,1,4
10,audio,Task B ,1,1,0,0,4.00E-05,2,105.5652187,0,-2.630684734,1,4
10,audio,Task B ,2,2,0,0,9.00E-05,1,151.9194735,0,-0.660356987,2,6
10,audio,Task B ,2,2,1,0,0.00019,2,338.7430546,0,-0.843348232,3,6
10,audio,Task B ,1,1,1,0,9.00E-05,1,30.86870217,0,0.035326591,2,4
10,audio,Task B ,1,1,1,0,9.00E-05,1,196.8263077,0,-0.179156971,2,4
1,audio,Task B ,1,3,1,0,0.00019,1,161.3114764,0,-0.206187533,3,2
1,audio,Task B ,1,2,1,0,0.00041,1,284.7039226,0,0.157120022,4,3
1,audio,Task B ,2,4,1,0,0.00019,2,54.74044808,0,-1.20077812,3,8
1,audio,Task B ,2,3,1,0,0.00019,2,327.9066911,0,-1.813835162,3,7
1,audio,Task B ,1,2,0,0,9.00E-05,2,308.2888996,0,-0.093537496,2,3
1,audio,Task B ,1,2,0,0,9.00E-05,2,76.23209644,0,1.065001626,2,3
2,audio,Task B ,1,1,1,0,4.00E-05,1,133.8836915,0,-0.139082257,1,4
2,audio,Task B ,1,3,1,0,0.00019,1,144.0195329,0,0.008983089,3,2
2,audio,Task B ,1,2,0,0,4.00E-05,2,253.7600453,0,-2.132609208,1,3
2,audio,Task B ,2,2,1,0,0.00019,2,110.9164726,0,-0.484528032,3,6
2,audio,Task B ,1,2,1,0,0.00041,1,218.6470358,0,-0.478277317,4,3
2,audio,Task B ,1,2,1,0,0.00019,1,127.3768644,0,0.466174384,3,3
3,audio,Task B ,2,3,0,0,0.00041,1,49.4617993,0,-0.350451765,4,7
3,audio,Task B ,2,4,1,0,0.00019,2,26.07180494,0,-1.124166197,3,8
3,audio,Task B ,1,2,0,0,4.00E-05,2,350.9528124,0,0.291771552,1,3
3,audio,Task B ,2,2,1,0,4.00E-05,2,128.2044558,0,1.550113384,1,6
3,audio,Task B ,2,2,0,0,0.00019,1,307.5840899,0,-0.608190176,3,6
3,audio,Task B ,2,3,0,0,0.00041,1,219.2680841,0,0.46270214,4,7
4,audio,Task B ,1,1,0,0,9.00E-05,2,271.9155071,0,-0.843486132,2,4
4,audio,Task B ,1,3,0,0,0.00041,2,257.3283402,0,-1.330675048,4,2
4,audio,Task B ,1,1,0,0,4.00E-05,2,150.9296897,0,1.956431562,1,4
4,audio,Task B ,1,2,0,0,9.00E-05,2,311.0358986,0,-1.81808614,2,3
4,audio,Task B ,1,1,0,0,4.00E-05,2,293.8640916,0,1.794723735,1,4
4,audio,Task B ,1,3,1,0,0.00019,1,13.85749796,0,0.12306038,3,2
5,audio,Task B ,1,3,0,0,0.00019,2,146.622911,0,0.405185165,3,2
5,audio,Task B ,1,1,1,0,4.00E-05,1,24.8043566,0,-0.621787255,1,4
5,audio,Task B ,1,4,1,0,0.00041,1,183.8128878,0,-0.166649841,4,1
5,audio,Task B ,1,1,0,0,4.00E-05,2,44.98457982,0,1.872914842,1,4
5,audio,Task B ,2,1,0,0,4.00E-05,1,11.16013699,0,0.392575864,1,5
5,audio,Task B ,2,4,1,0,0.00041,2,101.1094846,0,2.360257173,4,8
6,audio,Task B ,2,3,1,0,0.00019,2,152.9069286,0,-1.441053956,3,7
6,audio,Task B ,2,3,0,0,0.00019,1,301.778725,0,-0.327232377,3,7
6,audio,Task B ,2,3,1,0,0.00041,2,188.5842307,0,0.660119621,4,7
6,audio,Task B ,2,2,1,0,4.00E-05,2,246.9383733,0,-0.30384601,1,6
6,audio,Task B ,2,3,0,0,0.00019,1,210.4266764,0,0.123891834,3,7
6,audio,Task B ,1,2,1,0,4.00E-05,1,147.0855884,0,-0.538540556,1,3
7,audio,Task B ,1,4,1,0,0.00041,1,63.48964502,0,-0.04371961,4,1
7,audio,Task B ,1,4,1,0,0.00041,1,121.6576213,0,-0.705195698,4,1
7,audio,Task B ,1,1,0,0,9.00E-05,2,287.2071744,0,0.766977721,2,4
7,audio,Task B ,1,1,0,0,9.00E-05,2,122.639855,0,-0.140978921,2,4
7,audio,Task B ,2,4,1,0,0.00041,2,268.3006392,0,1.275365392,4,8
7,audio,Task B ,1,1,0,0,9.00E-05,2,125.0197707,0,1.417983052,2,4
8,audio,Task B ,2,3,0,0,0.00041,1,339.2435742,0,-0.355916495,4,7
8,audio,Task B ,1,2,1,0,0.00019,1,330.2516155,0,0.35135884,3,3
8,audio,Task B ,1,3,1,0,0.00019,1,80.14216287,0,0.301818239,3,2
8,audio,Task B ,2,1,0,0,9.00E-05,1,295.9168771,0,0.297418953,2,5
8,audio,Task B ,2,3,1,0,0.00041,2,309.1596478,0,-0.694714764,4,7
8,audio,Task B ,2,1,1,0,0.00019,2,173.8262047,0,-0.211681299,3,5
9,audio,Task B ,2,1,1,0,9.00E-05,2,281.0371197,0,-0.000519657,2,5
9,audio,Task B ,2,1,1,0,4.00E-05,2,75.86439297,0,2.874976457,1,5
9,audio,Task B ,1,1,0,0,0.00019,2,124.7802548,0,-2.228692545,3,4
9,audio,Task B ,1,1,0,0,0.00019,2,241.5987177,0,-1.276076046,3,4
9,audio,Task B ,1,1,1,0,9.00E-05,1,193.4875042,0,-0.205087821,2,4
9,audio,Task B ,1,1,0,0,9.00E-05,2,223.4896043,0,-1.830453576,2,4
10,audio,Task B ,1,1,1,0,9.00E-05,1,227.9429017,0,-0.380879349,2,4
10,audio,Task B ,1,1,0,0,4.00E-05,2,222.3232644,0,0.484286798,1,4
10,audio,Task B ,1,1,0,0,0.00041,2,210.6156773,0,0.227929012,4,4
10,audio,Task B ,1,1,0,0,9.00E-05,2,271.6801155,0,-0.036415677,2,4
10,audio,Task B ,2,2,1,0,0.00041,2,239.0607316,0,-0.163213034,4,6
10,audio,Task B ,1,1,1,0,0.00041,1,182.3833596,0,0.167975242,4,4
1,audio,Task B ,2,2,1,0,0.00041,2,105.0529644,0,0.651929257,4,6
1,audio,Task B ,1,2,0,0,9.00E-05,2,352.474889,0,0.523032387,2,3
1,audio,Task B ,2,4,1,0,9.00E-05,2,232.3647504,0,-1.142053552,2,8
1,audio,Task B ,2,2,1,0,0.00019,2,286.821347,0,0.202223583,3,6
1,audio,Task B ,1,2,1,0,4.00E-05,1,122.0032871,0,-0.478551239,1,3
1,audio,Task B ,1,3,1,0,9.00E-05,1,274.7576172,0,0.400701947,2,2
2,audio,Task B ,1,3,1,0,0.00041,1,12.21476134,0,-0.024357018,4,2
2,audio,Task B ,1,2,0,0,9.00E-05,2,175.3890034,0,0.463736664,2,3
2,audio,Task B ,1,2,1,0,9.00E-05,1,334.4431588,0,-0.305821925,2,3
2,audio,Task B ,2,4,1,0,0.00041,2,242.7182092,0,2.417892678,4,8
2,audio,Task B ,1,2,1,0,4.00E-05,1,19.07348684,0,0.336641806,1,3
2,audio,Task B ,1,2,1,0,0.00041,1,220.130412,0,-0.166377392,4,3
3,audio,Task B ,2,1,0,0,4.00E-05,1,341.9596608,0,-0.216304776,1,5
3,audio,Task B ,2,3,1,0,0.00019,2,312.7206054,0,1.041024776,3,7
3,audio,Task B ,2,4,1,0,4.00E-05,2,100.9426654,0,-0.722014474,1,8
3,audio,Task B ,1,4,1,0,9.00E-05,1,167.2382536,0,-0.104551786,2,1
3,audio,Task B ,1,1,1,0,4.00E-05,1,310.9448771,0,0.401197453,1,4
3,audio,Task B ,1,3,1,0,0.00019,1,340.2591179,0,0.070872141,3,2
4,audio,Task B ,1,3,0,0,0.00041,2,66.29813134,0,-0.497625869,4,2
4,audio,Task B ,2,4,1,0,0.00019,2,82.35632153,0,0.811063292,3,8
4,audio,Task B ,1,2,0,0,9.00E-05,2,286.3953143,0,0.469351814,2,3
4,audio,Task B ,2,4,1,0,0.00041,2,18.32544204,0,-2.024460549,4,8
4,audio,Task B ,1,3,0,0,9.00E-05,2,281.2683068,0,-0.188852487,2,2
4,audio,Task B ,1,3,1,0,0.00019,1,67.22341552,0,0.103375839,3,2
5,audio,Task B ,1,1,0,0,9.00E-05,2,291.6509407,0,-2.170226364,2,4
5,audio,Task B ,1,1,1,0,9.00E-05,1,26.24635452,0,-0.731416589,2,4
5,audio,Task B ,1,2,0,0,0.00041,2,97.81126113,0,-1.013697161,4,3
5,audio,Task B ,2,1,1,0,4.00E-05,2,322.2817981,0,-2.134783328,1,5
5,audio,Task B ,1,2,0,0,9.00E-05,2,12.03889953,0,-0.363785985,2,3
5,audio,Task B ,1,3,1,0,9.00E-05,1,190.2073761,0,0.15613871,2,2
6,audio,Task B ,1,2,0,0,0.00019,2,285.1913746,0,-0.076342932,3,3
6,audio,Task B ,1,3,1,0,0.00019,1,223.4141755,0,0.569205032,3,2
6,audio,Task B ,2,3,1,0,0.00019,2,187.2279472,0,-0.184698122,3,7
6,audio,Task B ,2,3,0,0,0.00019,1,222.7421002,0,-0.061239565,3,7
6,audio,Task B ,2,1,1,0,4.00E-05,2,111.3208929,0,-0.538564199,1,5
6,audio,Task B ,1,2,1,0,9.00E-05,1,13.73153924,0,-0.183057973,2,3
7,audio,Task B ,1,4,1,0,0.00041,1,193.0460762,0,0.349841832,4,1
7,audio,Task B ,1,4,1,0,9.00E-05,1,274.9327644,0,-0.005217126,2,1
7,audio,Task B ,1,4,0,0,0.00041,2,255.9114208,0,0.051220409,4,1
7,audio,Task B ,1,4,1,0,0.00041,1,260.4887365,0,0.45835787,4,1
7,audio,Task B ,1,1,1,0,9.00E-05,1,141.7499316,0,-0.094489545,2,4
7,audio,Task B ,2,4,1,0,0.00019,2,61.17033187,0,2.139414112,3,8
8,audio,Task B ,1,4,0,0,0.00019,2,320.4095676,0,-0.062722991,3,1
8,audio,Task B ,1,1,1,0,4.00E-05,1,221.6100315,0,0.234710189,1,4
8,audio,Task B ,2,2,1,0,0.00041,2,58.38569171,0,-1.376227935,4,6
8,audio,Task B ,1,4,0,0,0.00041,2,143.7123381,0,-0.034699601,4,1
8,audio,Task B ,1,4,0,0,0.00041,2,125.8778245,0,-0.099009223,4,1
8,audio,Task B ,1,1,1,0,0.00019,1,10.92089488,0,-0.186899391,3,4
9,audio,Task B ,2,4,1,0,0.00019,2,87.85707111,0,-0.051181736,3,8
9,audio,Task B ,1,1,0,0,4.00E-05,2,26.77225741,0,1.011319859,1,4
9,audio,Task B ,1,2,1,0,0.00041,1,40.1615605,0,-0.726163784,4,3
9,audio,Task B ,1,1,1,0,0.00019,1,129.3567472,0,-0.256547862,3,4
9,audio,Task B ,1,1,1,0,9.00E-05,1,18.83349128,0,-0.448500767,2,4
9,audio,Task B ,2,1,1,0,9.00E-05,2,189.2462438,0,-1.783724995,2,5
10,audio,Task B ,1,1,1,0,9.00E-05,1,285.4093152,0,-0.200945358,2,4
10,audio,Task B ,2,2,1,0,0.00041,2,287.9683939,0,0.948951816,4,6
10,audio,Task B ,1,1,0,0,9.00E-05,2,289.2807639,0,1.160440773,2,4
10,audio,Task B ,1,1,1,0,9.00E-05,1,345.3237519,0,-0.221888048,2,4
10,audio,Task B ,2,2,0,0,0.00019,1,334.7965434,0,-0.251962356,3,6
10,audio,Task B ,1,1,1,0,9.00E-05,1,38.14304635,0,-0.580872383,2,4
1,audio,Task B ,1,2,0,0,9.00E-05,2,56.57960554,0,0.027868243,2,3
1,audio,Task B ,1,3,1,0,4.00E-05,1,309.2101483,0,-0.007657688,1,2
1,audio,Task B ,1,2,1,0,4.00E-05,1,37.68515139,0,0.161174319,1,3
1,audio,Task B ,1,2,0,0,4.00E-05,2,162.5844301,0,-0.36315543,1,3
1,audio,Task B ,1,3,1,0,9.00E-05,1,322.6576154,0,0.257605249,2,2
1,audio,Task B ,2,2,0,0,9.00E-05,1,349.9241101,0,0.541017598,2,6
2,audio,Task B ,2,2,1,0,9.00E-05,2,210.6027131,0,1.108273987,2,6
2,audio,Task B ,2,3,1,0,9.00E-05,2,2.819053832,0,0.825232409,2,7
2,audio,Task B ,1,3,1,0,0.00019,1,234.5930035,0,0.067344974,3,2
2,audio,Task B ,2,2,0,0,0.00019,1,295.3947255,0,-0.2408875,3,6
2,audio,Task B ,1,2,1,0,9.00E-05,1,311.7752233,0,0.094832718,2,3
2,audio,Task B ,2,2,1,0,0.00019,2,115.4945931,0,-1.49092164,3,6
3,audio,Task B ,1,2,1,0,9.00E-05,1,207.8472283,0,0.452405236,2,3
3,audio,Task B ,1,1,1,0,4.00E-05,1,151.8527556,0,-0.072938555,1,4
3,audio,Task B ,2,3,0,0,0.00041,1,90.57128923,0,-0.366992789,4,7
3,audio,Task B ,1,4,0,0,4.00E-05,2,298.7794182,0,0.05429738,1,1
3,audio,Task B ,2,3,0,0,0.00019,1,40.53672437,0,-0.471490311,3,7
3,audio,Task B ,1,4,1,0,9.00E-05,1,132.810931,0,0.01573331,2,1
4,audio,Task B ,1,2,1,0,0.00019,1,87.22104302,0,0.085836118,3,3
4,audio,Task B ,2,4,1,0,0.00019,2,112.0384009,0,1.145707323,3,8
4,audio,Task B ,1,3,1,0,9.00E-05,1,305.0518977,0,-0.672754176,2,2
4,audio,Task B ,1,3,1,0,0.00041,1,301.0848583,0,0.394589232,4,2
4,audio,Task B ,1,1,0,0,4.00E-05,2,205.6408917,0,-0.040571213,1,4
4,audio,Task B ,1,3,1,0,9.00E-05,1,121.420472,0,-0.816843122,2,2
5,audio,Task B ,1,1,1,0,4.00E-05,1,227.2946699,0,-0.067787036,1,4
5,audio,Task B ,2,1,0,0,9.00E-05,1,230.1184726,0,0.499317241,2,5
5,audio,Task B ,1,4,0,0,0.00041,2,343.4127401,0,0.152643426,4,1
5,audio,Task B ,2,2,0,0,9.00E-05,1,248.4768452,0,0.029338152,2,6
5,audio,Task B ,2,4,0,0,0.00019,1,256.5478499,0,-0.882561862,3,8
5,audio,Task B ,1,1,1,0,4.00E-05,1,205.7499493,0,0.356312293,1,4
6,audio,Task B ,1,3,0,0,4.00E-05,2,49.1047099,0,-1.220112591,1,2
6,audio,Task B ,2,3,0,0,9.00E-05,1,36.31398086,0,-0.211553818,2,7
6,audio,Task B ,1,3,0,0,4.00E-05,2,24.1981873,0,-1.839035455,1,2
6,audio,Task B ,2,3,1,0,0.00041,2,199.311338,0,-0.483530135,4,7
6,audio,Task B ,2,3,1,0,0.00019,2,278.2029416,0,3.1110134,3,7
6,audio,Task B ,2,3,0,0,0.00019,1,78.95902364,0,0.175939339,3,7
7,audio,Task B ,2,4,1,0,0.00019,2,157.2537822,0,0.239072045,3,8
7,audio,Task B ,1,1,1,0,4.00E-05,1,16.94493393,0,0.147220924,1,4
7,audio,Task B ,2,4,0,0,0.00019,1,72.63210788,0,0.057589147,3,8
7,audio,Task B ,1,4,1,0,9.00E-05,1,84.3820606,0,0.826505778,2,1
7,audio,Task B ,2,4,1,0,0.00041,2,313.2339962,0,-0.670925082,4,8
7,audio,Task B ,1,4,0,0,9.00E-05,2,217.2800797,0,1.654317904,2,1
8,audio,Task B ,2,4,0,0,0.00041,1,233.6005571,0,0.153766542,4,8
8,audio,Task B ,1,4,0,0,0.00041,2,317.3239791,0,0.72495532,4,1
8,audio,Task B ,2,1,1,0,0.00041,2,86.0356495,0,-1.613493205,4,5
8,audio,Task B ,2,3,0,0,0.00019,1,120.2675633,0,-0.439179566,3,7
8,audio,Task B ,1,1,1,0,4.00E-05,1,99.42525462,0,0.018716272,1,4
8,audio,Task B ,2,1,1,0,9.00E-05,2,340.4397507,0,-0.56505089,2,5
9,audio,Task B ,2,1,0,0,4.00E-05,1,45.10747648,0,-0.077912304,1,5
9,audio,Task B ,1,1,1,0,9.00E-05,1,66.15119377,0,-0.163480031,2,4
9,audio,Task B ,1,1,1,0,9.00E-05,1,55.6013627,0,0.813095809,2,4
9,audio,Task B ,2,1,1,0,0.00019,2,136.2337522,0,-1.946856633,3,5
9,audio,Task B ,1,4,1,0,0.00019,1,321.3839504,0,-0.092414782,3,1
9,audio,Task B ,1,4,1,0,0.00041,1,33.28918581,0,0.171670246,4,1
10,audio,Task B ,1,1,1,0,4.00E-05,1,263.3275565,0,0.034370183,1,4
10,audio,Task B ,1,1,1,0,4.00E-05,1,5.278069695,0,-0.363098726,1,4
10,audio,Task B ,1,1,1,0,9.00E-05,1,154.9720056,0,0.448529958,2,4
10,audio,Task B ,1,1,1,0,0.00019,1,315.3753672,0,0.076829504,3,4
10,audio,Task B ,1,2,1,0,9.00E-05,1,130.2901859,0,0.379807391,2,3
10,audio,Task B ,1,1,1,0,9.00E-05,1,272.7704568,0,-0.078155517,2,4
1,audio,Task B ,2,4,1,0,0.00019,2,117.6792093,0,-2.022472617,3,8
1,audio,Task B ,2,4,0,0,0.00041,1,247.2830024,0,-0.809282541,4,8
1,audio,Task B ,2,2,0,0,0.00041,1,74.67359785,0,-0.353522257,4,6
1,audio,Task B ,1,3,1,0,0.00019,1,214.3810129,0,0.411039786,3,2
1,audio,Task B ,1,2,1,0,4.00E-05,1,43.8160079,0,0.53879069,1,3
1,audio,Task B ,1,2,1,0,9.00E-05,1,23.24142094,0,-0.061771547,2,3
2,audio,Task B ,1,3,1,0,0.00019,1,188.1465781,0,-0.143622866,3,2
2,audio,Task B ,2,2,1,0,4.00E-05,2,351.8294449,0,-0.023818164,1,6
2,audio,Task B ,2,2,0,0,4.00E-05,1,245.2350213,0,0.329777612,1,6
2,audio,Task B ,1,2,0,0,9.00E-05,2,163.4836373,0,0.215170053,2,3
2,audio,Task B ,2,1,0,0,0.00041,1,265.1875585,0,-0.263802955,4,5
2,audio,Task B ,2,2,1,0,0.00041,2,36.86403211,0,-0.900069824,4,6
3,audio,Task B ,1,3,1,0,0.00041,1,181.4890651,0,0.198506982,4,2
3,audio,Task B ,2,3,0,0,4.00E-05,1,266.3356417,0,-1.086396504,1,7
3,audio,Task B ,2,4,1,0,0.00041,2,22.10046513,0,-2.135126927,4,8
3,audio,Task B ,2,3,1,0,9.00E-05,2,345.670733,0,2.102345457,2,7
3,audio,Task B ,2,4,1,0,4.00E-05,2,212.5154529,0,0.598015386,1,8
3,audio,Task B ,2,1,1,0,4.00E-05,2,216.5987337,0,-0.094957288,1,5
4,audio,Task B ,1,1,0,0,4.00E-05,2,359.0838022,0,2.417428771,1,4
4,audio,Task B ,1,3,1,0,0.00041,1,216.461455,0,-0.373681671,4,2
4,audio,Task B ,1,1,1,0,4.00E-05,1,348.2126664,0,0.420071022,1,4
4,audio,Task B ,1,1,1,0,4.00E-05,1,222.7718396,0,-0.294708656,1,4
4,audio,Task B ,1,3,1,0,0.00041,1,213.6659745,0,0.169085224,4,2
4,audio,Task B ,1,3,1,0,9.00E-05,1,19.15806108,0,-0.192967112,2,2
5,audio,Task B ,1,1,0,0,4.00E-05,2,265.0547709,0,1.292371461,1,4
5,audio,Task B ,1,1,0,0,4.00E-05,2,2.050087827,0,-2.000512663,1,4
5,audio,Task B ,1,1,1,0,4.00E-05,1,45.92378931,0,-0.09777269,1,4
5,audio,Task B ,1,3,0,0,0.00019,2,65.01710188,0,0.886291463,3,2
5,audio,Task B ,2,1,0,0,4.00E-05,1,58.97137735,0,0.481991321,1,5
5,audio,Task B ,2,4,1,0,9.00E-05,2,274.6552956,0,2.992383074,2,8
6,audio,Task B ,1,3,0,0,0.00019,2,215.1161447,0,-0.789271929,3,2
6,audio,Task B ,2,3,0,0,0.00041,1,195.6474377,0,0.660623606,4,7
6,audio,Task B ,2,3,1,0,0.00041,2,235.8765271,0,0.307706555,4,7
6,audio,Task B ,1,2,1,0,0.00019,1,37.16929597,0,0.325330604,3,3
6,audio,Task B ,1,2,1,0,4.00E-05,1,269.4881313,0,-0.489044754,1,3
6,audio,Task B ,2,3,1,0,4.00E-05,2,154.2539774,0,-2.805708035,1,7
7,audio,Task B ,1,4,0,0,0.00041,2,170.3738031,0,-1.298963345,4,1
7,audio,Task B ,1,1,0,0,9.00E-05,2,155.4190286,0,-0.068129299,2,4
7,audio,Task B ,1,1,1,0,9.00E-05,1,173.2962637,0,0.24580705,2,4
7,audio,Task B ,1,1,0,0,4.00E-05,2,34.11656478,0,-1.976433668,1,4
7,audio,Task B ,1,4,1,0,9.00E-05,1,157.728392,0,-0.148931069,2,1
7,audio,Task B ,1,4,1,0,0.00041,1,222.7161474,0,0.605886845,4,1
8,audio,Task B ,2,2,0,0,0.00019,1,63.0794093,0,-0.396610741,3,6
8,audio,Task B ,2,1,0,0,4.00E-05,1,278.3542899,0,0.070467672,1,5
8,audio,Task B ,1,1,0,0,9.00E-05,2,125.3944936,0,1.816865875,2,4
8,audio,Task B ,2,1,1,0,4.00E-05,2,35.45307113,0,1.779704109,1,5
8,audio,Task B ,2,3,1,0,0.00041,2,76.92579677,0,0.319550658,4,7
8,audio,Task B ,2,1,1,0,4.00E-05,2,267.7669823,0,-0.831184157,1,5
9,audio,Task B ,1,1,1,0,0.00019,1,336.9821881,0,-0.177959133,3,4
9,audio,Task B ,1,4,0,0,0.00041,2,93.79382916,0,-0.402570297,4,1
9,audio,Task B ,1,1,0,0,0.00019,2,181.2185574,0,-0.010934501,3,4
9,audio,Task B ,1,1,0,0,0.00019,2,66.60794769,0,-2.331782776,3,4
9,audio,Task B ,1,1,1,0,0.00019,1,135.0586802,0,0.363118879,3,4
9,audio,Task B ,1,1,0,0,4.00E-05,2,313.6882777,0,-0.382887367,1,4
10,audio,Task B ,1,1,1,0,4.00E-05,1,315.040377,0,0.761495544,1,4
10,audio,Task B ,1,1,0,0,9.00E-05,2,357.2110053,0,2.665892393,2,4
10,audio,Task B ,1,1,1,0,0.00041,1,111.793959,0,-0.066471982,4,4
10,audio,Task B ,2,1,0,0,0.00041,1,95.74346637,0,0.117402531,4,5
10,audio,Task B ,2,2,0,0,0.00041,1,302.4602231,0,0.06885627,4,6
10,audio,Task B ,1,1,0,0,4.00E-05,2,68.05227178,0,0.556128199,1,4
1,audio,Task B ,2,4,1,0,0.00041,2,91.75902412,0,-2.573629082,4,8
1,audio,Task B ,2,4,1,0,9.00E-05,2,61.89960402,0,-1.731741515,2,8
1,audio,Task B ,2,4,1,0,0.00019,2,246.6016601,0,-1.156025785,3,8
1,audio,Task B ,1,1,1,0,0.00019,1,28.99814187,0,-0.554975368,3,4
1,audio,Task B ,1,3,1,0,0.00041,1,282.578591,0,0.130089417,4,2
1,audio,Task B ,2,2,0,0,0.00019,1,114.4135757,0,-0.50759224,3,6
2,audio,Task B ,1,3,0,0,4.00E-05,2,336.3058438,0,0.096452738,1,2
2,audio,Task B ,1,3,0,0,9.00E-05,2,321.0442017,0,0.09533859,2,2
2,audio,Task B ,2,3,0,0,0.00041,1,117.0299859,0,0.013150496,4,7
2,audio,Task B ,2,4,0,0,0.00019,1,224.5825346,0,-0.228483415,3,8
2,audio,Task B ,1,1,0,0,4.00E-05,2,335.97689,0,0.418054752,1,4
2,audio,Task B ,1,2,1,0,0.00019,1,13.51519814,0,-0.855544412,3,3
3,audio,Task B ,1,3,0,0,9.00E-05,2,95.10461477,0,0.051300262,2,2
3,audio,Task B ,2,4,1,0,0.00019,2,145.4871014,0,-1.665160505,3,8
3,audio,Task B ,1,3,1,0,0.00019,1,135.738684,0,-0.208017116,3,2
3,audio,Task B ,1,4,1,0,9.00E-05,1,14.44543151,0,-0.197854298,2,1
3,audio,Task B ,2,2,1,0,9.00E-05,2,357.593828,0,-0.371479542,2,6
3,audio,Task B ,2,4,1,0,0.00041,2,146.5032937,0,0.814931436,4,8
4,audio,Task B ,2,3,1,0,0.00019,2,348.4599614,0,1.727162399,3,7
4,audio,Task B ,1,3,1,0,4.00E-05,1,123.5150046,0,0.220485909,1,2
4,audio,Task B ,2,1,0,0,4.00E-05,1,347.9153049,0,0.092910201,1,5
4,audio,Task B ,1,3,1,0,0.00019,1,117.4344879,0,-0.160007136,3,2
4,audio,Task B ,1,3,0,0,0.00019,2,312.3890883,0,0.276141198,3,2
4,audio,Task B ,1,3,1,0,0.00019,1,349.3280666,0,0.055789073,3,2
5,audio,Task B ,1,2,1,0,4.00E-05,1,351.8521215,0,0.507989452,1,3
5,audio,Task B ,2,1,0,0,9.00E-05,1,231.4406157,0,0.103254296,2,5
5,audio,Task B ,1,3,1,0,9.00E-05,1,62.48766588,0,0.116832403,2,2
5,audio,Task B ,1,3,1,0,9.00E-05,1,300.2174266,0,0.225195855,2,2
5,audio,Task B ,2,3,0,0,9.00E-05,1,279.1875027,0,-0.835072901,2,7
5,audio,Task B ,2,1,0,0,9.00E-05,1,219.2722212,0,-0.047752,2,5
6,audio,Task B ,2,3,1,0,0.00019,2,53.51226762,0,1.453130605,3,7
6,audio,Task B ,2,2,0,0,0.00041,1,357.5804488,0,0.235122148,4,6
6,audio,Task B ,1,3,1,0,9.00E-05,1,294.6144868,0,-0.201234172,2,2
6,audio,Task B ,1,3,0,0,4.00E-05,2,358.6018527,0,0.90044131,1,2
6,audio,Task B ,1,3,1,0,0.00019,1,228.6832491,0,0.363507692,3,2
6,audio,Task B ,1,2,1,0,9.00E-05,1,314.2813747,0,-0.444615942,2,3
7,audio,Task B ,1,1,0,0,9.00E-05,2,290.3752074,0,-1.500347042,2,4
7,audio,Task B ,1,4,0,0,0.00041,2,36.69797069,0,1.566149726,4,1
7,audio,Task B ,2,4,0,0,9.00E-05,1,148.447161,0,0.412144051,2,8
7,audio,Task B ,1,4,1,0,0.00019,1,188.8974654,0,0.225785176,3,1
7,audio,Task B ,1,1,0,0,4.00E-05,2,58.34892808,0,2.907000667,1,4
7,audio,Task B ,2,4,0,0,0.00041,1,219.5285733,0,0.479386876,4,8
8,audio,Task B ,1,1,1,0,9.00E-05,1,26.40248132,0,-0.481064448,2,4
8,audio,Task B ,2,4,0,0,0.00041,1,97.82407348,0,0.270432879,4,8
8,audio,Task B ,1,2,1,0,0.00041,1,28.84370826,0,-0.768343261,4,3
8,audio,Task B ,1,1,0,0,4.00E-05,2,270.155016,0,-2.929914529,1,4
8,audio,Task B ,1,1,0,0,9.00E-05,2,73.00886668,0,-0.619308823,2,4
8,audio,Task B ,2,1,0,0,0.00019,1,305.2874568,0,-0.207554875,3,5
9,audio,Task B ,1,4,0,0,4.00E-05,2,306.5052245,0,-0.442611902,1,1
9,audio,Task B ,2,1,1,0,0.00019,2,298.1214695,0,-0.688913168,3,5
9,audio,Task B ,2,1,0,0,4.00E-05,1,78.48614709,0,0.128044784,1,5
9,audio,Task B ,2,1,1,0,4.00E-05,2,161.3318414,0,0.480334726,1,5
9,audio,Task B ,2,3,0,0,0.00041,1,26.36812656,0,-0.375180105,4,7
9,audio,Task B ,1,4,1,0,0.00041,1,55.0497901,0,0.510534424,4,1
10,audio,Task B ,1,1,1,0,0.00019,1,318.3852297,0,0.105443415,3,4
10,audio,Task B ,1,2,1,0,9.00E-05,1,260.9345593,0,0.573321203,2,3
10,audio,Task B ,1,1,1,0,4.00E-05,1,81.57812042,0,2.78E-06,1,4
10,audio,Task B ,1,1,0,0,4.00E-05,2,355.4332507,0,0.794523,1,4
10,audio,Task B ,2,2,1,0,9.00E-05,2,158.2330748,0,1.378585361,2,6
10,audio,Task B ,1,1,1,0,0.00041,1,229.9513639,0,-0.24699288,4,4
1,audio,Task B ,2,4,0,0,0.00019,1,243.3786259,0,-0.701409122,3,8
1,audio,Task B ,2,4,1,0,0.00019,2,230.5369317,0,1.075365591,3,8
1,audio,Task B ,2,3,1,0,0.00019,2,231.1599764,0,1.257086805,3,7
1,audio,Task B ,2,2,1,0,4.00E-05,2,166.2727289,0,1.442966579,1,6
1,audio,Task B ,1,3,1,0,0.00019,1,347.4940704,0,0.134272699,3,2
1,audio,Task B ,2,1,1,0,4.00E-05,2,17.23529532,0,-1.62339412,1,5
2,audio,Task B ,1,1,0,0,9.00E-05,2,169.6332061,0,-1.366211949,2,4
2,audio,Task B ,1,2,1,0,9.00E-05,1,62.31943304,0,-0.176980009,2,3
2,audio,Task B ,2,3,0,0,0.00041,1,258.8555043,0,0.22561654,4,7
2,audio,Task B ,2,1,1,0,9.00E-05,2,1.183384922,0,-0.600221692,2,5
2,audio,Task B ,2,2,1,0,0.00019,2,92.10983153,0,0.859697748,3,6
2,audio,Task B ,1,2,0,0,9.00E-05,2,36.31548148,0,2.861355109,2,3
3,audio,Task B ,2,1,1,0,4.00E-05,2,305.3830319,0,-1.46663054,1,5
3,audio,Task B ,2,4,1,0,0.00041,2,120.1620573,0,1.790040769,4,8
3,audio,Task B ,1,2,0,0,0.00041,2,321.4157321,0,0.736127407,4,3
3,audio,Task B ,2,4,1,0,0.00041,2,272.434875,0,0.638509608,4,8
3,audio,Task B ,1,3,0,0,9.00E-05,2,173.0572787,0,-0.275050597,2,2
3,audio,Task B ,1,4,1,0,0.00041,1,6.686865013,0,-0.119103905,4,1
4,audio,Task B ,1,1,0,0,0.00019,2,135.338838,0,2.299530746,3,4
4,audio,Task B ,1,1,0,0,4.00E-05,2,222.9863583,0,0.073505988,1,4
4,audio,Task B ,1,3,1,0,9.00E-05,1,200.0959011,0,-0.066684921,2,2
4,audio,Task B ,1,3,1,0,0.00019,1,213.5047087,0,0.041300196,3,2
4,audio,Task B ,1,1,0,0,4.00E-05,2,20.75820881,0,-1.216459152,1,4
4,audio,Task B ,1,3,1,0,0.00041,1,105.9726869,0,0.168346357,4,2
5,audio,Task B ,2,2,1,0,9.00E-05,2,143.8242628,0,1.361367024,2,6
5,audio,Task B ,1,2,1,0,9.00E-05,1,162.5564044,0,-0.594524528,2,3
5,audio,Task B ,1,1,1,0,4.00E-05,1,67.73983544,0,-0.315822047,1,4
5,audio,Task B ,2,1,1,0,9.00E-05,2,189.0444733,0,-0.401189805,2,5
5,audio,Task B ,1,1,1,0,4.00E-05,1,118.4333607,0,-0.106028861,1,4
5,audio,Task B ,2,1,1,0,4.00E-05,2,42.25949161,0,0.380860168,1,5
6,audio,Task B ,1,3,0,0,0.00019,2,64.64124516,0,-2.885585784,3,2
6,audio,Task B ,1,2,0,0,0.00019,2,194.4773027,0,0.994632027,3,3
6,audio,Task B ,2,3,0,0,9.00E-05,1,213.3259271,0,-0.347952678,2,7
6,audio,Task B ,1,2,1,0,9.00E-05,1,47.57656653,0,0.363432001,2,3
6,audio,Task B ,1,2,1,0,4.00E-05,1,127.8741171,0,0.327182902,1,3
6,audio,Task B ,1,2,1,0,0.00019,1,55.51451402,0,0.330052673,3,3
7,audio,Task B ,2,4,0,0,9.00E-05,1,314.4587936,0,-0.029017116,2,8
7,audio,Task B ,1,4,0,0,9.00E-05,2,232.7245058,0,0.879939955,2,1
7,audio,Task B ,1,1,1,0,4.00E-05,1,345.1953367,0,0.175296356,1,4
7,audio,Task B ,1,1,0,0,9.00E-05,2,189.0461574,0,-2.762234253,2,4
7,audio,Task B ,1,1,1,0,0.00019,1,238.481734,0,0.2040315,3,4
7,audio,Task B ,1,4,0,0,4.00E-05,2,170.3387979,0,-0.176925515,1,1
8,audio,Task B ,2,1,0,0,4.00E-05,1,171.8248485,0,-0.510146825,1,5
8,audio,Task B ,1,4,0,0,0.00019,2,121.1130789,0,0.723404177,3,1
8,audio,Task B ,1,1,1,0,9.00E-05,1,66.46585463,0,0.484485182,2,4
8,audio,Task B ,2,4,1,0,0.00019,2,99.00405448,0,2.260650127,3,8
8,audio,Task B ,2,1,0,0,9.00E-05,1,351.6790383,0,0.680882116,2,5
8,audio,Task B ,1,1,0,0,9.00E-05,2,357.7661456,0,-0.344746749,2,4
9,audio,Task B ,1,1,1,0,0.00019,1,196.9070477,0,-0.195223734,3,4
9,audio,Task B ,1,4,0,0,0.00041,2,144.6574093,0,-1.484005853,4,1
9,audio,Task B ,2,1,1,0,4.00E-05,2,298.5267299,0,-2.900529931,1,5
9,audio,Task B ,1,1,1,0,0.00019,1,173.1282377,0,-0.78498227,3,4
9,audio,Task B ,1,4,1,0,0.00041,1,97.11596115,0,-0.474552176,4,1
9,audio,Task B ,2,1,0,0,4.00E-05,1,145.0163809,0,0.251660981,1,5
10,audio,Task B ,1,1,0,0,4.00E-05,2,283.805382,0,-0.113220873,1,4
10,audio,Task B ,2,2,1,0,0.00041,2,181.9705013,0,-0.875712285,4,6
10,audio,Task B ,1,1,0,0,4.00E-05,2,47.24587566,0,-2.096382913,1,4
10,audio,Task B ,1,1,0,0,4.00E-05,2,130.9354139,0,-0.220332865,1,4
10,audio,Task B ,2,2,1,0,0.00019,2,108.0225129,0,-0.410841952,3,6
10,audio,Task B ,1,1,0,0,0.00019,2,190.1919464,0,0.132155554,3,4
1,audio,Task B ,1,3,0,0,0.00041,2,346.7559791,0,0.625261488,4,2
1,audio,Task B ,1,1,1,0,4.00E-05,1,88.84666928,0,-0.265051071,1,4
1,audio,Task B ,1,2,0,0,0.00041,2,130.5406059,0,-0.48583583,4,3
1,audio,Task B ,1,3,1,0,4.00E-05,1,1.581425768,0,-0.109438717,1,2
1,audio,Task B ,1,3,1,0,0.00041,1,12.63816205,0,0.58353786,4,2
1,audio,Task B ,2,2,1,0,0.00019,2,358.5525182,0,-0.891257099,3,6
2,audio,Task B ,1,3,0,0,0.00019,2,215.5174405,0,0.263585804,3,2
2,audio,Task B ,1,1,0,0,4.00E-05,2,261.5877372,0,-1.490576132,1,4
2,audio,Task B ,2,2,1,0,4.00E-05,2,261.5390543,0,-2.938014207,1,6
2,audio,Task B ,1,2,1,0,0.00041,1,271.3365873,0,-0.077984734,4,3
2,audio,Task B ,1,2,1,0,0.00019,1,277.4802389,0,-0.06148258,3,3
2,audio,Task B ,1,2,1,0,4.00E-05,1,28.42405987,0,0.448938066,1,3
3,audio,Task B ,1,2,1,0,0.00019,1,164.3027339,0,0.535055141,3,3
3,audio,Task B ,2,2,0,0,4.00E-05,1,131.6164726,0,0.006387264,1,6
3,audio,Task B ,1,4,0,0,0.00019,2,164.5252533,0,-0.237956121,3,1
3,audio,Task B ,2,4,1,0,9.00E-05,2,227.7398995,0,-1.192996316,2,8
3,audio,Task B ,2,3,1,0,0.00041,2,190.8412318,0,1.771754199,4,7
3,audio,Task B ,1,3,1,0,9.00E-05,1,340.5999934,0,0.188332381,2,2
4,audio,Task B ,1,1,0,0,4.00E-05,2,180.4387027,0,1.738908917,1,4
4,audio,Task B ,1,1,0,0,4.00E-05,2,239.1259956,0,0.369044711,1,4
4,audio,Task B ,1,1,1,0,4.00E-05,1,94.53367654,0,-0.221402748,1,4
4,audio,Task B ,1,3,1,0,0.00041,1,308.9502448,0,0.176053459,4,2
4,audio,Task B ,2,3,1,0,0.00019,2,295.6503967,0,0.902937158,3,7
4,audio,Task B ,1,1,0,0,9.00E-05,2,27.82776794,0,-0.332416658,2,4
5,audio,Task B ,1,1,1,0,4.00E-05,1,196.316605,0,-0.378366139,1,4
5,audio,Task B ,2,1,1,0,9.00E-05,2,75.70788744,0,-0.170043432,2,5
5,audio,Task B ,2,2,1,0,0.00041,2,188.5168209,0,0.824453963,4,6
5,audio,Task B ,1,4,1,0,0.00041,1,76.91736346,0,0.428021147,4,1
5,audio,Task B ,1,2,1,0,0.00041,1,253.655292,0,-0.46643709,4,3
5,audio,Task B ,1,3,1,0,0.00041,1,320.6178235,0,-0.143196171,4,2
6,audio,Task B ,2,2,1,0,4.00E-05,2,148.5606585,0,0.619432927,1,6
6,audio,Task B ,1,3,0,0,4.00E-05,2,151.8277281,0,1.117128113,1,2
6,audio,Task B ,1,3,1,0,0.00019,1,307.8285044,0,0.417817009,3,2
6,audio,Task B ,2,3,0,0,0.00019,1,62.57876683,0,-0.398572577,3,7
6,audio,Task B ,1,3,0,0,0.00019,2,68.57451864,0,-1.66713891,3,2
6,audio,Task B ,1,2,0,0,0.00041,2,189.5456197,0,0.262245581,4,3
7,audio,Task B ,2,4,1,0,0.00019,2,247.1143981,0,-0.887535601,3,8
7,audio,Task B ,1,4,0,0,0.00019,2,226.4938237,0,-0.235044073,3,1
7,audio,Task B ,1,4,0,0,0.00019,2,87.10018815,0,-1.380172738,3,1
7,audio,Task B ,1,1,0,0,4.00E-05,2,177.7980389,0,2.171586667,1,4
7,audio,Task B ,1,4,0,0,9.00E-05,2,61.69408147,0,1.132020015,2,1
7,audio,Task B ,1,1,1,0,9.00E-05,1,251.4946022,0,-0.259333766,2,4
8,audio,Task B ,1,1,1,0,9.00E-05,1,174.2195029,0,0.09565295,2,4
8,audio,Task B ,2,1,1,0,4.00E-05,2,132.8920211,0,-1.222800001,1,5
8,audio,Task B ,1,1,0,0,0.00019,2,292.3149035,0,-0.831493864,3,4
8,audio,Task B ,1,4,1,0,0.00041,1,189.7279268,0,-0.109982171,4,1
8,audio,Task B ,2,1,1,0,9.00E-05,2,248.9998172,0,-1.122428788,2,5
8,audio,Task B ,1,4,1,0,0.00019,1,319.7125079,0,0.199220055,3,1
9,audio,Task B ,1,4,1,0,0.00041,1,194.0234271,0,-0.59791935,4,1
9,audio,Task B ,1,1,0,0,4.00E-05,2,218.2314087,0,-0.1598135,1,4
9,audio,Task B ,1,4,0,0,0.00041,2,24.76023213,0,0.131763652,4,1
9,audio,Task B ,2,4,1,0,0.00041,2,14.81712123,0,-1.356366389,4,8
9,audio,Task B ,2,1,1,0,9.00E-05,2,14.51098533,0,-0.705285368,2,5
9,audio,Task B ,2,1,0,0,9.00E-05,1,69.72948132,0,0.220264882,2,5
10,audio,Task B ,2,1,0,0,0.00041,1,2.539703679,0,-0.285710884,4,5
10,audio,Task B ,2,1,1,0,0.00041,2,221.643695,0,-1.550116663,4,5
10,audio,Task B ,1,2,1,0,9.00E-05,1,299.3853151,0,-0.064374837,2,3
10,audio,Task B ,1,1,0,0,0.00019,2,304.1543976,0,-0.612429198,3,4
10,audio,Task B ,1,1,0,0,4.00E-05,2,353.3372639,0,-0.901087489,1,4
10,audio,Task B ,1,1,0,0,0.00041,2,255.3292593,0,0.667068864,4,4
1,audio,Task B ,1,3,1,0,0.00041,1,326.4403324,0,-0.395695617,4,2
1,audio,Task B ,1,3,1,0,4.00E-05,1,172.2987276,0,0.278280966,1,2
1,audio,Task B ,2,4,1,0,0.00041,2,95.81072242,0,-1.101652884,4,8
1,audio,Task B ,1,3,1,0,0.00019,1,281.9151575,0,0.314653486,3,2
1,audio,Task B ,2,4,1,0,0.00019,2,5.783307999,0,1.632014073,3,8
1,audio,Task B ,2,3,1,0,0.00041,2,131.4300513,0,-0.821821923,4,7
2,audio,Task B ,1,3,1,0,9.00E-05,1,61.09148627,0,-0.314340673,2,2
2,audio,Task B ,1,3,1,0,0.00019,1,186.3890881,0,0.069428322,3,2
2,audio,Task B ,1,3,1,0,0.00019,1,0.459172805,0,0.310472712,3,2
2,audio,Task B ,2,4,1,0,0.00041,2,133.2729479,0,2.338921013,4,8
2,audio,Task B ,2,2,0,0,0.00041,1,149.1060854,0,0.377045909,4,6
2,audio,Task B ,2,1,0,0,0.00019,1,138.0314039,0,-0.196333689,3,5
3,audio,Task B ,1,3,1,0,0.00041,1,142.4196727,0,-0.054755617,4,2
3,audio,Task B ,1,4,1,0,0.00041,1,310.4427877,0,-0.085929842,4,1
3,audio,Task B ,1,3,0,0,0.00019,2,224.1416672,0,0.064065968,3,2
3,audio,Task B ,2,4,1,0,0.00041,2,18.08308891,0,0.927426313,4,8
3,audio,Task B ,1,2,0,0,4.00E-05,2,140.5635795,0,0.008611598,1,3
3,audio,Task B ,2,1,1,0,9.00E-05,2,193.9413747,0,-2.660583364,2,5
4,audio,Task B ,1,3,0,0,0.00041,2,35.97004631,0,0.612922943,4,2
4,audio,Task B ,1,3,0,0,0.00041,2,162.5594802,0,0.736851,4,2
4,audio,Task B ,1,1,1,0,4.00E-05,1,308.4307463,0,0.044300072,1,4
4,audio,Task B ,1,3,1,0,9.00E-05,1,334.9171709,0,-0.086745092,2,2
4,audio,Task B ,1,3,1,0,0.00041,1,266.7633996,0,0.318853822,4,2
4,audio,Task B ,2,3,0,0,9.00E-05,1,335.8718651,0,-0.581710053,2,7
5,audio,Task B ,2,4,1,0,0.00019,2,304.3927106,0,-2.853335422,3,8
5,audio,Task B ,2,2,1,0,9.00E-05,2,148.1411474,0,0.756971528,2,6
5,audio,Task B ,2,2,1,0,0.00019,2,57.01457373,0,-0.757502613,3,6
5,audio,Task B ,1,1,1,0,4.00E-05,1,55.53059908,0,-0.292913834,1,4
5,audio,Task B ,2,4,0,0,0.00019,1,194.7288581,0,0.036222408,3,8
5,audio,Task B ,2,2,1,0,0.00019,2,62.02792798,0,0.413223208,3,6
6,audio,Task B ,2,2,0,0,0.00019,1,65.27754621,0,0.315489601,3,6
6,audio,Task B ,2,3,1,0,0.00019,2,300.687492,0,-1.772282317,3,7
6,audio,Task B ,2,2,1,0,0.00041,2,215.8276007,0,2.721001042,4,6
6,audio,Task B ,1,3,0,0,0.00019,2,193.9669341,0,0.041270922,3,2
6,audio,Task B ,2,3,1,0,0.00041,2,103.9752015,0,-0.961500891,4,7
6,audio,Task B ,1,2,0,0,9.00E-05,2,156.0266671,0,-0.156077676,2,3
7,audio,Task B ,2,4,0,0,0.00041,1,244.3256239,0,-0.407454293,4,8
7,audio,Task B ,1,4,0,0,4.00E-05,2,159.727861,0,0.948748541,1,1
7,audio,Task B ,2,4,0,0,0.00041,1,248.0429416,0,-0.058434628,4,8
7,audio,Task B ,1,1,1,0,0.00019,1,263.9500085,0,0.19597761,3,4
7,audio,Task B ,1,4,1,0,0.00041,1,116.5862138,0,0.293042804,4,1
7,audio,Task B ,1,1,0,0,4.00E-05,2,129.3049572,0,0.149858313,1,4
8,audio,Task B ,1,4,0,0,0.00041,2,31.98609082,0,-0.640942825,4,1
8,audio,Task B ,2,2,0,0,9.00E-05,1,137.8362067,0,0.207454162,2,6
8,audio,Task B ,2,3,0,0,0.00019,1,345.7567066,0,-0.140076688,3,7
8,audio,Task B ,2,4,1,0,0.00019,2,268.1233129,0,2.764079987,3,8
8,audio,Task B ,2,1,0,0,4.00E-05,1,87.90248108,0,-0.062599384,1,5
8,audio,Task B ,1,2,0,0,4.00E-05,2,202.4052265,0,0.306365552,1,3
9,audio,Task B ,2,1,1,0,4.00E-05,2,220.0008594,0,0.439758996,1,5
9,audio,Task B ,2,1,1,0,0.00019,2,183.7262976,0,0.759455269,3,5
9,audio,Task B ,1,4,0,0,0.00041,2,344.7315117,0,0.35305865,4,1
9,audio,Task B ,1,1,0,0,9.00E-05,2,291.4361471,0,0.996049067,2,4
9,audio,Task B ,1,1,0,0,4.00E-05,2,47.28480219,0,-1.295434264,1,4
9,audio,Task B ,1,1,1,0,4.00E-05,1,325.9733935,0,-0.40350759,1,4
10,audio,Task B ,1,1,1,0,0.00041,1,77.42295246,0,0.138452817,4,4
10,audio,Task B ,2,1,1,0,0.00019,2,149.1562406,0,-0.836131105,3,5
10,audio,Task B ,2,2,0,0,0.00019,1,299.9638714,0,0.712648939,3,6
10,audio,Task B ,2,1,1,0,0.00041,2,283.7577745,0,0.319115023,4,5
10,audio,Task B ,1,1,0,0,9.00E-05,2,341.7206589,0,-2.590637988,2,4
10,audio,Task B ,2,1,1,0,0.00041,2,96.74134934,0,-0.869875246,4,5
1,audio,Task B ,2,4,1,0,0.00041,2,107.7541925,0,-1.817415884,4,8
1,audio,Task B ,2,4,1,0,0.00019,2,9.153422639,0,-2.192716927,3,8
1,audio,Task B ,1,3,1,0,0.00041,1,72.47860561,0,0.286265563,4,2
1,audio,Task B ,2,1,1,0,4.00E-05,2,176.4922893,0,0.087193446,1,5
1,audio,Task B ,2,2,1,0,0.00041,2,22.84065281,0,-0.358830791,4,6
1,audio,Task B ,1,2,1,0,0.00041,1,292.8321501,0,0.1164331,4,3
2,audio,Task B ,2,1,0,0,9.00E-05,1,40.49935375,0,0.764262935,2,5
2,audio,Task B ,1,2,1,0,0.00019,1,329.7796555,0,-0.337994315,3,3
2,audio,Task B ,1,2,1,0,4.00E-05,1,83.08061005,0,-0.353365008,1,3
2,audio,Task B ,1,3,1,0,4.00E-05,1,358.5749013,0,0.255714037,1,2
2,audio,Task B ,1,2,0,0,0.00019,2,283.7753889,0,0.297570503,3,3
2,audio,Task B ,2,2,0,0,9.00E-05,1,344.3115725,0,0.419173344,2,6
3,audio,Task B ,1,2,1,0,0.00019,1,187.0585032,0,-0.193570726,3,3
3,audio,Task B ,1,3,0,0,4.00E-05,2,274.2551207,0,0.094991725,1,2
3,audio,Task B ,2,4,1,0,9.00E-05,2,79.72348125,0,2.323481805,2,8
3,audio,Task B ,1,3,1,0,0.00041,1,235.646887,0,0.275523781,4,2
3,audio,Task B ,2,1,1,0,0.00019,2,167.8701253,0,0.088034337,3,5
3,audio,Task B ,1,4,0,0,0.00041,2,286.2971362,0,-0.077312497,4,1
4,audio,Task B ,2,2,0,0,0.00041,1,135.2448936,0,-0.562766175,4,6
4,audio,Task B ,1,3,1,0,0.00041,1,163.4415867,0,0.527236994,4,2
4,audio,Task B ,1,3,1,0,0.00041,1,62.88291397,0,0.091523405,4,2
4,audio,Task B ,1,3,0,0,0.00041,2,100.3826027,0,1.197130081,4,2
4,audio,Task B ,1,3,0,0,9.00E-05,2,60.58474919,0,0.967799003,2,2
4,audio,Task B ,1,3,1,0,0.00041,1,128.119578,0,0.708159929,4,2
5,audio,Task B ,2,3,1,0,9.00E-05,2,164.5589978,0,-0.851608738,2,7
5,audio,Task B ,1,1,1,0,4.00E-05,1,195.3654881,0,0.231280534,1,4
5,audio,Task B ,1,4,1,0,0.00041,1,249.3772841,0,0.028806553,4,1
5,audio,Task B ,2,1,1,0,4.00E-05,2,174.9660681,0,1.200107636,1,5
5,audio,Task B ,2,4,1,0,0.00019,2,256.5197746,0,-2.907598932,3,8
5,audio,Task B ,2,4,1,0,9.00E-05,2,181.5576307,0,1.708644947,2,8
6,audio,Task B ,2,3,1,0,9.00E-05,2,279.9977588,0,1.007908599,2,7
6,audio,Task B ,2,3,0,0,9.00E-05,1,244.8713086,0,0.246739546,2,7
6,audio,Task B ,2,3,1,0,0.00019,2,255.3569788,0,-0.871680365,3,7
6,audio,Task B ,1,2,0,0,9.00E-05,2,248.6280353,0,0.362300354,2,3
6,audio,Task B ,1,1,1,0,0.00019,1,81.97537744,0,-0.035962502,3,4
6,audio,Task B ,1,3,1,0,4.00E-05,1,45.98211869,0,0.24301962,1,2
7,audio,Task B ,1,4,0,0,9.00E-05,2,115.111291,0,-1.629151903,2,1
7,audio,Task B ,1,1,1,0,4.00E-05,1,184.3044183,0,0.965868168,1,4
7,audio,Task B ,1,1,1,0,4.00E-05,1,185.8709146,0,-0.064437828,1,4
7,audio,Task B ,1,1,1,0,4.00E-05,1,288.362906,0,0.421326977,1,4
7,audio,Task B ,1,1,1,0,9.00E-05,1,206.0325389,0,-0.05933714,2,4
7,audio,Task B ,1,4,0,0,9.00E-05,2,35.98289307,0,1.818596914,2,1
8,audio,Task B ,2,1,0,0,0.00019,1,233.6656649,0,-0.111071341,3,5
8,audio,Task B ,1,4,0,0,0.00019,2,155.2630029,0,0.664556394,3,1
8,audio,Task B ,1,1,1,0,9.00E-05,1,355.2434093,0,-0.474653768,2,4
8,audio,Task B ,1,4,0,0,9.00E-05,2,175.2298118,0,-1.027057202,2,1
8,audio,Task B ,2,1,0,0,0.00041,1,59.64877659,0,0.323648922,4,5
8,audio,Task B ,2,3,1,0,0.00041,2,119.3667571,0,0.49795124,4,7
9,audio,Task B ,2,4,0,0,0.00041,1,237.6166256,0,-0.460363625,4,8
9,audio,Task B ,1,1,1,0,0.00019,1,303.2037137,0,0.164878436,3,4
9,audio,Task B ,2,1,0,0,4.00E-05,1,237.7366069,0,0.26270583,1,5
9,audio,Task B ,1,4,1,0,0.00041,1,182.5302415,0,-0.05361531,4,1
9,audio,Task B ,1,1,1,0,9.00E-05,1,83.86585058,0,-0.401517418,2,4
9,audio,Task B ,1,1,1,0,4.00E-05,1,162.0293541,0,-0.467095704,1,4
10,audio,Task B ,1,1,1,0,9.00E-05,1,346.115949,0,-0.388941619,2,4
10,audio,Task B ,2,2,0,0,0.00041,1,43.24239392,0,0.095366033,4,6
10,audio,Task B ,2,2,0,0,9.00E-05,1,193.860955,0,0.212370591,2,6
10,audio,Task B ,2,1,1,0,0.00041,2,47.95680197,0,3.447198267,4,5
10,audio,Task B ,1,1,1,0,4.00E-05,1,82.04732373,0,-0.475258872,1,4
10,audio,Task B ,1,1,1,0,4.00E-05,1,292.4295524,0,-0.266674372,1,4
1,audio,Task B ,2,4,1,0,0.00019,2,92.82563681,0,1.036806177,3,8
1,audio,Task B ,1,2,1,0,0.00041,1,88.35789811,0,0.203302661,4,3
1,audio,Task B ,2,2,1,0,4.00E-05,2,343.7084654,0,-0.975657686,1,6
1,audio,Task B ,1,3,1,0,9.00E-05,1,33.73837398,0,-0.115270903,2,2
1,audio,Task B ,2,3,1,0,9.00E-05,2,146.3707503,0,-1.155952127,2,7
1,audio,Task B ,1,3,1,0,0.00041,1,241.6089619,0,0.050500726,4,2
2,audio,Task B ,2,2,0,0,4.00E-05,1,274.6897081,0,-0.469173038,1,6
2,audio,Task B ,2,2,0,0,0.00019,1,347.8277725,0,0.297183121,3,6
2,audio,Task B ,1,2,1,0,9.00E-05,1,229.1237495,0,0.531982651,2,3
2,audio,Task B ,1,2,0,0,0.00041,2,140.1263957,0,0.83027721,4,3
2,audio,Task B ,2,1,0,0,9.00E-05,1,162.4510477,0,-0.294061429,2,5
2,audio,Task B ,2,3,1,0,0.00019,2,206.9696263,0,1.303501193,3,7
3,audio,Task B ,2,2,0,0,4.00E-05,1,294.8750648,0,-0.347253743,1,6
3,audio,Task B ,1,2,1,0,4.00E-05,1,53.29221414,0,0.327032447,1,3
3,audio,Task B ,2,4,0,0,9.00E-05,1,288.5792621,0,-0.546842366,2,8
3,audio,Task B ,1,3,1,0,9.00E-05,1,4.523354871,0,0.028151817,2,2
3,audio,Task B ,1,1,1,0,4.00E-05,1,0.384543064,0,-0.033737978,1,4
3,audio,Task B ,1,4,1,0,0.00019,1,260.4661503,0,0.09042748,3,1
4,audio,Task B ,1,1,0,0,0.00019,2,194.7402618,0,1.984489439,3,4
4,audio,Task B ,2,4,1,0,9.00E-05,2,139.1853548,0,-2.210708427,2,8
4,audio,Task B ,1,3,1,0,0.00041,1,226.7664652,0,0.110023357,4,2
4,audio,Task B ,1,2,0,0,9.00E-05,2,18.23403598,0,-1.860055263,2,3
4,audio,Task B ,2,4,1,0,0.00041,2,105.5704898,0,-1.701237453,4,8
4,audio,Task B ,2,2,1,0,9.00E-05,2,353.4463651,0,-1.627213105,2,6
5,audio,Task B ,2,4,0,0,0.00041,1,266.990432,0,-0.281111934,4,8
5,audio,Task B ,2,4,1,0,0.00041,2,322.4459906,0,-0.365850569,4,8
5,audio,Task B ,1,3,1,0,4.00E-05,1,93.83535217,0,0.177330309,1,2
5,audio,Task B ,1,3,1,0,0.00019,1,309.987388,0,0.016747392,3,2
5,audio,Task B ,2,4,1,0,0.00019,2,224.7703266,0,2.638092955,3,8
5,audio,Task B ,1,2,1,0,0.00019,1,115.7948401,0,0.220268642,3,3
6,audio,Task B ,2,3,0,0,4.00E-05,1,209.3520688,0,0.695199006,1,7
6,audio,Task B ,2,3,1,0,9.00E-05,2,123.658731,0,1.354972659,2,7
6,audio,Task B ,1,3,0,0,0.00041,2,83.89059915,0,-0.334078587,4,2
6,audio,Task B ,1,3,1,0,0.00041,1,307.3822672,0,-0.219722145,4,2
6,audio,Task B ,2,2,0,0,9.00E-05,1,176.5801959,0,0.297743906,2,6
6,audio,Task B ,2,3,1,0,0.00041,2,167.0949626,0,-1.161005588,4,7
7,audio,Task B ,2,4,0,0,0.00041,1,345.651997,0,0.533155221,4,8
7,audio,Task B ,1,1,0,0,4.00E-05,2,254.3121245,0,0.782350633,1,4
7,audio,Task B ,1,1,1,0,9.00E-05,1,231.2100631,0,-0.326305806,2,4
7,audio,Task B ,1,1,1,0,9.00E-05,1,288.2375931,0,-0.082447801,2,4
7,audio,Task B ,1,1,0,0,9.00E-05,2,267.0321572,0,-0.912713598,2,4
7,audio,Task B ,1,1,0,0,4.00E-05,2,286.1381855,0,-0.550643749,1,4
8,audio,Task B ,1,1,1,0,4.00E-05,1,74.58228952,0,-0.217785122,1,4
8,audio,Task B ,2,1,1,0,0.00041,2,269.8605534,0,-1.47632999,4,5
8,audio,Task B ,1,4,1,0,9.00E-05,1,123.5720608,0,-0.008074267,2,1
8,audio,Task B ,2,3,1,0,0.00019,2,219.0647341,0,0.270666371,3,7
8,audio,Task B ,2,3,1,0,0.00041,2,310.3777263,0,1.141883927,4,7
8,audio,Task B ,2,3,0,0,0.00041,1,264.5040333,0,0.470431371,4,7
9,audio,Task B ,1,1,0,0,9.00E-05,2,117.2134115,0,0.884031719,2,4
9,audio,Task B ,1,4,0,0,0.00041,2,69.84370225,0,0.309860284,4,1
9,audio,Task B ,2,4,1,0,0.00019,2,335.8423234,0,0.683229966,3,8
9,audio,Task B ,1,1,0,0,4.00E-05,2,22.33012049,0,1.906582355,1,4
9,audio,Task B ,1,1,0,0,9.00E-05,2,234.2730626,0,-0.196000108,2,4
9,audio,Task B ,2,4,0,0,0.00019,1,334.5572185,0,-0.044915443,3,8
10,audio,Task B ,2,1,0,0,0.00019,1,111.8006012,0,-0.451640189,3,5
10,audio,Task B ,2,2,1,0,0.00019,2,58.77068604,0,-0.925894572,3,6
10,audio,Task B ,2,1,1,0,9.00E-05,2,271.4213942,0,0.234672697,2,5
10,audio,Task B ,2,1,0,0,0.00041,1,0.848087419,0,0.173712043,4,5
10,audio,Task B ,2,2,0,0,0.00019,1,161.9873811,0,0.544090397,3,6
10,audio,Task B ,1,1,1,0,9.00E-05,1,170.1423561,0,-0.50978175,2,4
1,audio,Task B ,1,3,0,0,0.00019,2,99.21641557,0,0.17579567,3,2
1,audio,Task B ,2,4,1,0,4.00E-05,2,32.38689264,0,-2.035399509,1,8
1,audio,Task B ,1,2,1,0,0.00041,1,52.77380607,0,-0.156023334,4,3
1,audio,Task B ,2,2,0,0,0.00019,1,183.8236137,0,-0.891013942,3,6
1,audio,Task B ,2,1,1,0,4.00E-05,2,231.3318485,0,1.882697425,1,5
1,audio,Task B ,2,2,1,0,0.00041,2,332.2822344,0,-0.512558665,4,6
2,audio,Task B ,1,3,0,0,0.00041,2,107.039049,0,-0.463985054,4,2
2,audio,Task B ,1,3,1,0,4.00E-05,1,119.0946382,0,-0.414737002,1,2
2,audio,Task B ,1,2,1,0,0.00041,1,239.6918251,0,-0.393987536,4,3
2,audio,Task B ,1,2,1,0,0.00019,1,145.645904,0,-0.064067906,3,3
2,audio,Task B ,2,1,1,0,0.00041,2,333.9579197,0,-0.659059937,4,5
2,audio,Task B ,1,1,1,0,9.00E-05,1,153.0342432,0,0.106716646,2,4
3,audio,Task B ,1,2,0,0,0.00041,2,178.3722336,0,-0.092111027,4,3
3,audio,Task B ,1,4,1,0,0.00041,1,211.9630069,0,0.048835671,4,1
3,audio,Task B ,1,4,1,0,0.00041,1,87.55381516,0,0.107283244,4,1
3,audio,Task B ,2,3,0,0,4.00E-05,1,282.179392,0,0.364926948,1,7
3,audio,Task B ,1,3,1,0,0.00019,1,230.542627,0,-0.101843688,3,2
3,audio,Task B ,2,3,1,0,4.00E-05,2,100.6181894,0,-0.450935246,1,7
4,audio,Task B ,1,3,0,0,0.00041,2,299.6368353,0,-0.282404422,4,2
4,audio,Task B ,1,1,0,0,4.00E-05,2,161.3047513,0,-0.000228139,1,4
4,audio,Task B ,1,1,0,0,9.00E-05,2,15.35725057,0,-0.871623936,2,4
4,audio,Task B ,1,1,0,0,4.00E-05,2,333.1887703,0,1.622983929,1,4
4,audio,Task B ,2,4,1,0,0.00041,2,3.765082683,0,-1.501370076,4,8
4,audio,Task B ,1,1,0,0,9.00E-05,2,325.765644,0,2.217293265,2,4
5,audio,Task B ,2,3,1,0,0.00019,2,292.703819,0,-0.936635596,3,7
5,audio,Task B ,1,1,1,0,9.00E-05,1,62.85701535,0,-0.161735204,2,4
5,audio,Task B ,1,1,0,0,9.00E-05,2,200.8835801,0,0.978114113,2,4
5,audio,Task B ,1,1,1,0,4.00E-05,1,278.3886381,0,-0.160599197,1,4
5,audio,Task B ,1,1,0,0,9.00E-05,2,330.6233072,0,2.382770258,2,4
5,audio,Task B ,1,1,0,0,9.00E-05,2,148.8410235,0,-3.130467102,2,4
6,audio,Task B ,2,3,1,0,0.00041,2,82.75444797,0,0.419568805,4,7
6,audio,Task B ,1,3,0,0,0.00041,2,316.6032342,0,0.505169975,4,2
6,audio,Task B ,1,3,0,0,0.00019,2,224.4308172,0,0.511818412,3,2
6,audio,Task B ,1,3,0,0,0.00019,2,222.0270212,0,-1.702197954,3,2
6,audio,Task B ,1,2,1,0,0.00019,1,235.736331,0,0.246756612,3,3
6,audio,Task B ,1,2,0,0,0.00019,2,236.4550566,0,-0.908647608,3,3
7,audio,Task B ,1,1,1,0,4.00E-05,1,298.0850627,0,-0.14571664,1,4
7,audio,Task B ,1,1,0,0,9.00E-05,2,35.1681195,0,0.203638408,2,4
7,audio,Task B ,1,1,0,0,4.00E-05,2,310.8882554,0,1.888457585,1,4
7,audio,Task B ,2,4,1,0,0.00041,2,192.6835177,0,-0.933027045,4,8
7,audio,Task B ,1,1,1,0,0.00019,1,345.9647244,0,-0.062342229,3,4
7,audio,Task B ,1,4,1,0,0.00041,1,100.17047,0,0.136849045,4,1
8,audio,Task B ,2,1,1,0,0.00041,2,93.88788137,0,-1.230967995,4,5
8,audio,Task B ,2,4,0,0,0.00041,1,126.4226846,0,-0.291639093,4,8
8,audio,Task B ,2,2,0,0,4.00E-05,1,52.41275605,0,0.061876075,1,6
8,audio,Task B ,1,4,1,0,0.00019,1,217.9742039,0,-0.359484534,3,1
8,audio,Task B ,2,1,1,0,0.00041,2,228.778154,0,-1.274963805,4,5
8,audio,Task B ,2,1,0,0,9.00E-05,1,54.80436554,0,0.162424995,2,5
9,audio,Task B ,2,4,1,0,0.00041,2,313.9040068,0,0.941571932,4,8
9,audio,Task B ,1,1,0,0,9.00E-05,2,49.74254403,0,-0.930187709,2,4
9,audio,Task B ,2,1,1,0,0.00041,2,316.392623,0,-1.383165735,4,5
9,audio,Task B ,1,1,1,0,9.00E-05,1,20.6465752,0,0.182239805,2,4
9,audio,Task B ,1,4,1,0,0.00019,1,261.1658509,0,-0.48703634,3,1
9,audio,Task B ,2,1,0,0,4.00E-05,1,247.9955523,0,0.200181849,1,5
10,audio,Task B ,1,1,1,0,9.00E-05,1,190.720999,0,-0.108601726,2,4
10,audio,Task B ,1,1,0,0,9.00E-05,2,49.75237184,0,-2.658672347,2,4
10,audio,Task B ,2,2,0,0,0.00041,1,289.4012727,0,-0.423321026,4,6
10,audio,Task B ,1,1,1,0,4.00E-05,1,80.60663226,0,0.031824473,1,4
10,audio,Task B ,2,2,0,0,0.00041,1,352.3620043,0,-0.734866796,4,6
10,audio,Task B ,1,1,1,0,0.00019,1,249.5610317,0,0.559296092,3,4
1,audio,Task B ,1,2,1,0,0.00019,1,69.97130594,0,0.705036391,3,3
1,audio,Task B ,1,3,1,0,9.00E-05,1,97.20526569,0,-0.283247786,2,2
1,audio,Task B ,1,3,1,0,9.00E-05,1,57.28058323,0,0.279419746,2,2
1,audio,Task B ,2,1,1,0,0.00019,2,65.80921002,0,0.606024557,3,5
1,audio,Task B ,1,2,1,0,0.00019,1,257.9290905,0,0.269541635,3,3
1,audio,Task B ,2,2,0,0,0.00019,1,358.5881978,0,0.490792881,3,6
2,audio,Task B ,2,3,1,0,0.00041,2,121.0790617,0,-1.200795992,4,7
2,audio,Task B ,2,1,1,0,0.00041,2,149.1814113,0,-0.092536305,4,5
2,audio,Task B ,1,2,0,0,9.00E-05,2,207.0365582,0,-1.36772067,2,3
2,audio,Task B ,1,2,1,0,0.00041,1,77.65274814,0,-0.201240509,4,3
2,audio,Task B ,1,1,1,0,4.00E-05,1,6.119951719,0,-0.212740337,1,4
2,audio,Task B ,2,2,1,0,0.00019,2,257.9572594,0,-1.422283806,3,6
3,audio,Task B ,1,3,1,0,0.00041,1,329.2768938,0,0.231667383,4,2
3,audio,Task B ,1,1,1,0,0.00019,1,22.75730705,0,-0.240281756,3,4
3,audio,Task B ,2,2,0,0,0.00019,1,176.4333816,0,-0.279856207,3,6
3,audio,Task B ,1,3,1,0,0.00041,1,15.85410327,0,-0.001825997,4,2
3,audio,Task B ,2,1,1,0,9.00E-05,2,158.6306195,0,0.556095841,2,5
3,audio,Task B ,1,1,0,0,0.00041,2,302.3744059,0,0.037834477,4,4
4,audio,Task B ,1,1,0,0,9.00E-05,2,26.86445649,0,0.802015607,2,4
4,audio,Task B ,1,3,1,0,0.00019,1,259.8802116,0,0.087165288,3,2
4,audio,Task B ,1,3,0,0,0.00019,2,28.33323355,0,0.014254388,3,2
4,audio,Task B ,1,1,1,0,9.00E-05,1,142.1110166,0,-0.401377166,2,4
4,audio,Task B ,1,3,1,0,0.00041,1,183.447745,0,0.630720014,4,2
4,audio,Task B ,1,2,0,0,9.00E-05,2,76.67852384,0,1.063400897,2,3
5,audio,Task B ,1,3,1,0,0.00019,1,331.399471,0,0.073234671,3,2
5,audio,Task B ,1,1,1,0,4.00E-05,1,7.945503562,0,0.473117571,1,4
5,audio,Task B ,2,1,0,0,4.00E-05,1,179.1087315,0,-0.01017685,1,5
5,audio,Task B ,2,1,1,0,4.00E-05,2,232.2499605,0,3.417016003,1,5
5,audio,Task B ,1,3,1,0,0.00019,1,61.77721436,0,-0.037951295,3,2
5,audio,Task B ,2,4,1,0,0.00041,2,74.57051231,0,1.346492833,4,8
6,audio,Task B ,2,2,1,0,9.00E-05,2,53.27944085,0,2.112039714,2,6
6,audio,Task B ,2,3,0,0,0.00041,1,181.3587732,0,-0.022253116,4,7
6,audio,Task B ,2,3,1,0,9.00E-05,2,180.3880251,0,2.236388544,2,7
6,audio,Task B ,2,3,1,0,4.00E-05,2,191.7545395,0,0.263588363,1,7
6,audio,Task B ,1,1,0,0,0.00019,2,67.72978107,0,-1.02498619,3,4
6,audio,Task B ,1,3,0,0,0.00041,2,319.7740422,0,0.05480604,4,2
7,audio,Task B ,2,4,0,0,9.00E-05,1,70.36879351,0,0.12676472,2,8
7,audio,Task B ,2,4,0,0,0.00019,1,211.5996959,0,0.291726594,3,8
7,audio,Task B ,1,1,0,0,0.00019,2,215.5144651,0,-0.238500657,3,4
7,audio,Task B ,1,4,0,0,0.00019,2,126.1276632,0,0.763784579,3,1
7,audio,Task B ,2,4,1,0,0.00019,2,339.5609172,0,-0.847081994,3,8
7,audio,Task B ,1,4,1,0,0.00041,1,119.5779933,0,0.038369963,4,1
8,audio,Task B ,2,1,1,0,4.00E-05,2,204.6620732,0,-0.201618073,1,5
8,audio,Task B ,1,2,0,0,9.00E-05,2,168.4081589,0,-2.472659385,2,3
8,audio,Task B ,1,1,0,0,0.00019,2,204.7689643,0,0.23058794,3,4
8,audio,Task B ,1,1,1,0,9.00E-05,1,15.20895792,0,0.387478268,2,4
8,audio,Task B ,1,2,1,0,4.00E-05,1,358.0068454,0,0.496353674,1,3
8,audio,Task B ,2,3,0,0,0.00041,1,91.59082837,0,0.004231404,4,7
9,audio,Task B ,1,1,1,0,0.00019,1,223.4308831,0,-0.269374982,3,4
9,audio,Task B ,2,1,0,0,9.00E-05,1,221.8513393,0,-0.484551994,2,5
9,audio,Task B ,2,4,1,0,0.00041,2,321.9821471,0,-2.263661158,4,8
9,audio,Task B ,2,4,0,0,0.00019,1,6.748824597,0,-0.376714392,3,8
9,audio,Task B ,2,1,1,0,4.00E-05,2,129.3792054,0,0.16767848,1,5
9,audio,Task B ,2,1,1,0,4.00E-05,2,322.1334836,0,1.04870549,1,5
10,audio,Task B ,2,2,1,0,0.00041,2,337.7730045,0,2.328417585,4,6
10,audio,Task B ,2,2,0,0,4.00E-05,1,96.97114869,0,-0.8493014,1,6
10,audio,Task B ,2,2,1,0,0.00019,2,33.872537,0,-0.364266712,3,6
10,audio,Task B ,1,2,1,0,0.00019,1,19.81276536,0,-0.058708103,3,3
10,audio,Task B ,2,2,0,0,9.00E-05,1,6.559311808,0,0.213302472,2,6
10,audio,Task B ,2,2,0,0,0.00041,1,164.9294388,0,-0.428148513,4,6
1,audio,Task B ,1,1,0,0,4.00E-05,2,103.0260764,0,0.147508241,1,4
1,audio,Task B ,2,3,1,0,9.00E-05,2,206.1111761,0,0.996626569,2,7
1,audio,Task B ,1,2,1,0,0.00019,1,263.6301951,0,-0.059156976,3,3
1,audio,Task B ,2,2,1,0,9.00E-05,2,106.6289832,0,-0.540261361,2,6
1,audio,Task B ,1,2,1,0,4.00E-05,1,147.2046706,0,0.41081622,1,3
1,audio,Task B ,2,2,0,0,4.00E-05,1,294.3832311,0,-0.392218021,1,6
2,audio,Task B ,1,3,1,0,0.00019,1,249.5236883,0,0.390085965,3,2
2,audio,Task B ,2,1,0,0,4.00E-05,1,50.73806899,0,-0.269153502,1,5
2,audio,Task B ,2,1,1,0,9.00E-05,2,175.0306179,0,-0.311045502,2,5
2,audio,Task B ,2,1,1,0,4.00E-05,2,324.8455645,0,1.517613637,1,5
2,audio,Task B ,1,2,0,0,0.00019,2,140.2087825,0,0.785658073,3,3
2,audio,Task B ,1,2,1,0,4.00E-05,1,3.846289654,0,0.492852198,1,3
3,audio,Task B ,1,2,1,0,4.00E-05,1,267.6386614,0,0.679454453,1,3
3,audio,Task B ,2,2,0,0,0.00041,1,274.0734363,0,1.015173772,4,6
3,audio,Task B ,1,1,0,0,9.00E-05,2,354.9896948,0,0.182626006,2,4
3,audio,Task B ,2,4,1,0,0.00019,2,158.0227726,0,-0.763111682,3,8
3,audio,Task B ,1,3,1,0,0.00019,1,337.9846252,0,0.017914334,3,2
3,audio,Task B ,1,4,1,0,9.00E-05,1,19.54283553,0,0.217270514,2,1
4,audio,Task B ,1,2,1,0,0.00019,1,57.35268916,0,0.360597757,3,3
4,audio,Task B ,1,1,0,0,9.00E-05,2,225.6232534,0,-0.765331399,2,4
4,audio,Task B ,1,3,0,0,0.00019,2,93.90167912,0,0.53399224,3,2
4,audio,Task B ,1,3,0,0,9.00E-05,2,309.2936527,0,-0.938394031,2,2
4,audio,Task B ,1,3,1,0,0.00019,1,267.8595186,0,-0.613724343,3,2
4,audio,Task B ,1,3,0,0,0.00019,2,151.1033147,0,-0.439913005,3,2
5,audio,Task B ,1,3,1,0,0.00019,1,71.16080927,0,0.31402183,3,2
5,audio,Task B ,2,1,0,0,4.00E-05,1,225.250059,0,0.362120204,1,5
5,audio,Task B ,1,1,1,0,4.00E-05,1,290.2807988,0,-0.31888868,1,4
5,audio,Task B ,2,2,1,0,4.00E-05,2,77.68363272,0,1.493523481,1,6
5,audio,Task B ,2,4,1,0,0.00041,2,310.7140034,0,-1.607076229,4,8
5,audio,Task B ,1,2,0,0,9.00E-05,2,331.1174586,0,0.22370144,2,3
6,audio,Task B ,2,2,1,0,9.00E-05,2,142.5889952,0,2.30607721,2,6
6,audio,Task B ,2,3,0,0,4.00E-05,1,64.87740688,0,-0.304299304,1,7
6,audio,Task B ,1,3,1,0,0.00019,1,311.4795844,0,0.360928582,3,2
6,audio,Task B ,2,3,1,0,0.00019,2,213.6921574,0,2.69718698,3,7
6,audio,Task B ,1,2,0,0,9.00E-05,2,255.770834,0,-0.579258668,2,3
6,audio,Task B ,2,1,0,0,4.00E-05,1,204.9293889,0,-0.083817861,1,5
7,audio,Task B ,2,4,1,0,0.00041,2,57.87162576,0,1.943742121,4,8
7,audio,Task B ,1,4,0,0,0.00041,2,310.9136442,0,-0.902530807,4,1
7,audio,Task B ,1,1,0,0,4.00E-05,2,6.142720733,0,2.789917983,1,4
7,audio,Task B ,1,1,1,0,4.00E-05,1,98.31276396,0,0.225693571,1,4
7,audio,Task B ,1,1,1,0,9.00E-05,1,122.6285297,0,-0.713953735,2,4
7,audio,Task B ,1,1,0,0,4.00E-05,2,204.7600073,0,-0.546271223,1,4
8,audio,Task B ,2,2,1,0,0.00041,2,338.9361151,0,-0.109465674,4,6
8,audio,Task B ,2,1,1,0,9.00E-05,2,68.68376655,0,0.158166771,2,5
8,audio,Task B ,2,1,1,0,9.00E-05,2,157.646126,0,1.081385114,2,5
8,audio,Task B ,1,1,0,0,9.00E-05,2,251.3547899,0,-1.944208354,2,4
8,audio,Task B ,1,2,0,0,0.00041,2,24.61614352,0,-0.830221969,4,3
8,audio,Task B ,1,4,1,0,0.00019,1,214.351934,0,0.021606088,3,1
9,audio,Task B ,2,1,1,0,9.00E-05,2,104.1227544,0,-0.388595911,2,5
9,audio,Task B ,2,1,1,0,9.00E-05,2,35.09118714,0,-0.962886862,2,5
9,audio,Task B ,1,1,0,0,0.00041,2,59.58238289,0,-1.403576087,4,4
9,audio,Task B ,1,2,0,0,0.00041,2,318.7798386,0,1.313774283,4,3
9,audio,Task B ,2,1,0,0,4.00E-05,1,237.9545278,0,0.310339561,1,5
9,audio,Task B ,1,1,1,0,9.00E-05,1,57.13783606,0,0.428544219,2,4
10,audio,Task B ,2,1,0,0,0.00019,1,11.04954357,0,0.206442063,3,5
10,audio,Task B ,1,1,1,0,0.00041,1,85.1301911,0,-0.136724051,4,4
10,audio,Task B ,1,1,1,0,0.00019,1,78.04976608,0,0.262903778,3,4
10,audio,Task B ,2,1,1,0,0.00019,2,262.8004991,0,-1.619396713,3,5
10,audio,Task B ,2,2,1,0,0.00019,2,287.9896663,0,1.068924716,3,6
10,audio,Task B ,1,2,1,0,0.00019,1,26.34020868,0,0.268120975,3,3
1,audio,Task B ,1,4,1,0,0.00041,1,85.70458581,0,-0.102038008,4,1
1,audio,Task B ,1,1,1,0,4.00E-05,1,223.1378037,0,0.074805033,1,4
1,audio,Task B ,2,2,0,0,0.00019,1,34.28215387,0,-0.332447006,3,6
1,audio,Task B ,2,2,1,0,4.00E-05,2,183.0535313,0,0.877396882,1,6
1,audio,Task B ,1,2,1,0,0.00019,1,234.0862123,0,-0.461324285,3,3
1,audio,Task B ,2,2,1,0,0.00041,2,147.5958362,0,1.233564416,4,6
2,audio,Task B ,1,3,1,0,9.00E-05,1,23.03999569,0,-0.181244099,2,2
2,audio,Task B ,2,2,1,0,0.00041,2,333.8883432,0,-0.28770106,4,6
2,audio,Task B ,1,3,0,0,4.00E-05,2,62.21383524,0,0.438848452,1,2
2,audio,Task B ,1,3,0,0,0.00019,2,284.0682912,0,-0.201971,3,2
2,audio,Task B ,1,2,1,0,0.00019,1,117.1706254,0,0.014144922,3,3
2,audio,Task B ,1,2,1,0,0.00019,1,128.8829198,0,0.01333148,3,3
3,audio,Task B ,1,3,0,0,0.00019,2,345.1412791,0,0.043772385,3,2
3,audio,Task B ,2,2,0,0,0.00041,1,347.6681242,0,-0.406925773,4,6
3,audio,Task B ,2,3,0,0,0.00019,1,135.4323894,0,-0.206906866,3,7
3,audio,Task B ,2,3,1,0,0.00041,2,43.4527835,0,0.375122929,4,7
3,audio,Task B ,2,1,0,0,9.00E-05,1,341.5267207,0,-0.337167781,2,5
3,audio,Task B ,1,2,0,0,0.00019,2,315.2211676,0,0.168370654,3,3
4,audio,Task B ,1,2,0,0,4.00E-05,2,227.0075758,0,-1.034503778,1,3
4,audio,Task B ,1,1,0,0,9.00E-05,2,187.4767037,0,1.775481048,2,4
4,audio,Task B ,1,1,1,0,4.00E-05,1,244.2372723,0,-0.469741345,1,4
4,audio,Task B ,1,1,1,0,4.00E-05,1,58.47054914,0,0.319900022,1,4
4,audio,Task B ,1,1,0,0,4.00E-05,2,51.72221312,0,0.480097858,1,4
4,audio,Task B ,2,3,1,0,0.00041,2,317.7377917,0,-1.059036966,4,7
5,audio,Task B ,1,3,1,0,0.00019,1,145.9044375,0,0.276539432,3,2
5,audio,Task B ,1,4,1,0,0.00019,1,137.5414362,0,0.174428522,3,1
5,audio,Task B ,1,1,1,0,9.00E-05,1,93.58790272,0,0.269861019,2,4
5,audio,Task B ,2,1,0,0,9.00E-05,1,122.6752869,0,-0.365679052,2,5
5,audio,Task B ,1,4,1,0,0.00041,1,107.9348772,0,-0.106838741,4,1
5,audio,Task B ,1,2,1,0,9.00E-05,1,294.4949132,0,0.029110371,2,3
6,audio,Task B ,2,3,1,0,0.00041,2,172.7370074,0,-0.758627296,4,7
6,audio,Task B ,2,3,1,0,4.00E-05,2,264.75234,0,-1.1267473,1,7
6,audio,Task B ,1,3,1,0,4.00E-05,1,87.01262822,0,-0.223608669,1,2
6,audio,Task B ,2,3,1,0,0.00041,2,262.4808046,0,1.363861555,4,7
6,audio,Task B ,1,2,0,0,0.00019,2,221.7643525,0,0.40592971,3,3
6,audio,Task B ,1,3,1,0,0.00019,1,281.2044929,0,0.158906691,3,2
7,audio,Task B ,1,1,0,0,4.00E-05,2,194.2016295,0,1.185349262,1,4
7,audio,Task B ,2,1,1,0,9.00E-05,2,259.7004452,0,0.622995782,2,5
7,audio,Task B ,1,1,0,0,4.00E-05,2,210.1472069,0,-0.602277023,1,4
7,audio,Task B ,2,4,1,0,0.00041,2,174.0792899,0,-2.888519532,4,8
7,audio,Task B ,1,1,1,0,4.00E-05,1,196.7803463,0,-0.086130715,1,4
7,audio,Task B ,1,1,0,0,4.00E-05,2,278.7945407,0,0.048308386,1,4
8,audio,Task B ,2,1,1,0,0.00019,2,2.360794723,0,-2.584908241,3,5
8,audio,Task B ,2,2,0,0,0.00019,1,249.1119229,0,0.699437007,3,6
8,audio,Task B ,1,4,0,0,0.00041,2,155.09326,0,-1.124557599,4,1
8,audio,Task B ,1,1,0,0,4.00E-05,2,75.70834908,0,0.460116537,1,4
8,audio,Task B ,2,3,0,0,0.00041,1,118.3739746,0,-0.622289551,4,7
8,audio,Task B ,2,2,1,0,0.00041,2,266.054476,0,0.433574495,4,6
9,audio,Task B ,1,1,1,0,9.00E-05,1,266.0673487,0,-0.442872954,2,4
9,audio,Task B ,2,4,1,0,0.00041,2,140.2118178,0,1.058285153,4,8
9,audio,Task B ,1,1,0,0,9.00E-05,2,198.6746808,0,-0.884930107,2,4
9,audio,Task B ,1,1,0,0,4.00E-05,2,329.6344234,0,2.768175818,1,4
9,audio,Task B ,2,4,1,0,0.00019,2,252.9573353,0,1.400759259,3,8
9,audio,Task B ,1,1,1,0,4.00E-05,1,160.493816,0,-0.329556095,1,4
10,audio,Task B ,1,1,1,0,0.00019,1,314.222406,0,0.232313744,3,4
10,audio,Task B ,1,1,1,0,4.00E-05,1,264.5102045,0,0.064827476,1,4
10,audio,Task B ,1,1,1,0,4.00E-05,1,113.0949438,0,0.168068314,1,4
10,audio,Task B ,2,2,1,0,0.00019,2,213.6171654,0,0.844982536,3,6
10,audio,Task B ,2,2,0,0,0.00041,1,191.3388764,0,0.471011096,4,6
10,audio,Task B ,2,2,1,0,9.00E-05,2,272.3846084,0,1.336214621,2,6
1,audio,Task B ,2,3,0,0,0.00041,1,5.320086346,0,-0.139764377,4,7
1,audio,Task B ,2,2,0,0,9.00E-05,1,10.4401616,0,-0.51569013,2,6
1,audio,Task B ,2,4,1,0,0.00019,2,218.6620165,0,-1.230697777,3,8
1,audio,Task B ,1,2,1,0,0.00041,1,271.4176435,0,-0.098678522,4,3
1,audio,Task B ,2,1,0,0,0.00041,1,76.0057045,0,-0.159711141,4,5
1,audio,Task B ,1,2,0,0,9.00E-05,2,167.462806,0,-0.012917126,2,3
2,audio,Task B ,2,2,1,0,0.00019,2,201.7436121,0,0.818762989,3,6
2,audio,Task B ,1,2,1,0,0.00019,1,28.09433322,0,-0.237802666,3,3
2,audio,Task B ,2,3,1,0,9.00E-05,2,6.98863962,0,1.151725738,2,7
2,audio,Task B ,2,1,1,0,4.00E-05,2,296.6858642,0,0.101639953,1,5
2,audio,Task B ,2,1,1,0,9.00E-05,2,349.4494343,0,-1.367599496,2,5
2,audio,Task B ,1,2,1,0,0.00041,1,1.446122351,0,0.424690628,4,3
3,audio,Task B ,1,4,1,0,0.00041,1,290.693396,0,0.028823763,4,1
3,audio,Task B ,1,3,1,0,9.00E-05,1,209.4935841,0,0.175611064,2,2
3,audio,Task B ,1,3,0,0,9.00E-05,2,357.6073551,0,-0.782103684,2,2
3,audio,Task B ,2,4,1,0,0.00041,2,0.229385694,0,-0.431068666,4,8
3,audio,Task B ,1,1,0,0,4.00E-05,2,13.38069966,0,0.478703012,1,4
3,audio,Task B ,1,1,0,0,4.00E-05,2,222.9520966,0,0.017917565,1,4
4,audio,Task B ,2,4,1,0,0.00041,2,347.8780335,0,2.089896853,4,8
4,audio,Task B ,1,3,1,0,0.00019,1,296.3884841,0,-0.195495235,3,2
4,audio,Task B ,2,1,1,0,9.00E-05,2,316.6423402,0,1.189273858,2,5
4,audio,Task B ,1,3,0,0,0.00019,2,46.97175785,0,0.613048751,3,2
4,audio,Task B ,1,3,1,0,0.00041,1,215.7217253,0,-0.060595218,4,2
4,audio,Task B ,1,3,1,0,0.00041,1,335.1045659,0,-0.467204212,4,2
5,audio,Task B ,1,1,1,0,9.00E-05,1,27.99085004,0,-0.232612946,2,4
5,audio,Task B ,2,1,1,0,4.00E-05,2,118.6406801,0,0.107543483,1,5
5,audio,Task B ,2,2,0,0,0.00041,1,237.2107743,0,-0.17642399,4,6
5,audio,Task B ,1,2,1,0,0.00019,1,250.0208539,0,-0.375963819,3,3
5,audio,Task B ,2,4,1,0,0.00019,2,64.57635734,0,0.661521353,3,8
5,audio,Task B ,2,3,1,0,9.00E-05,2,178.8787372,0,0.653617364,2,7
6,audio,Task B ,1,3,0,0,4.00E-05,2,17.71175959,0,1.491472812,1,2
6,audio,Task B ,1,3,1,0,4.00E-05,1,207.3070659,0,1.063521865,1,2
6,audio,Task B ,1,3,1,0,0.00019,1,151.4180621,0,-0.0301006,3,2
6,audio,Task B ,1,2,1,0,0.00019,1,241.3427978,0,-0.267589526,3,3
6,audio,Task B ,1,3,0,0,9.00E-05,2,20.95353755,0,0.866310458,2,2
6,audio,Task B ,1,2,1,0,0.00041,1,140.572849,0,-0.277218791,4,3
7,audio,Task B ,2,4,1,0,0.00041,2,175.9626898,0,-1.25322173,4,8
7,audio,Task B ,1,4,1,0,0.00019,1,179.6548357,0,-0.230735364,3,1
7,audio,Task B ,1,4,1,0,0.00019,1,124.0765876,0,-0.158263345,3,1
7,audio,Task B ,1,1,0,0,4.00E-05,2,289.1206031,0,-0.730368066,1,4
7,audio,Task B ,2,4,1,0,0.00041,2,78.1182478,0,2.112695879,4,8
7,audio,Task B ,1,4,1,0,0.00019,1,100.5993842,0,-0.316480966,3,1
8,audio,Task B ,1,1,0,0,0.00019,2,272.8966416,0,-2.113167338,3,4
8,audio,Task B ,1,2,0,0,9.00E-05,2,196.5299462,0,0.41407995,2,3
8,audio,Task B ,1,1,1,0,0.00019,1,345.896814,0,-0.224033517,3,4
8,audio,Task B ,1,1,0,0,0.00019,2,228.3434841,0,-0.187931224,3,4
8,audio,Task B ,2,1,1,0,9.00E-05,2,98.83806632,0,-2.388986796,2,5
8,audio,Task B ,1,1,0,0,4.00E-05,2,118.2351161,0,-2.091489475,1,4
9,audio,Task B ,1,4,1,0,0.00041,1,277.4769171,0,-0.225752097,4,1
9,audio,Task B ,1,1,0,0,0.00041,2,184.8222652,0,0.504282247,4,4
9,audio,Task B ,1,1,0,0,0.00019,2,36.91177434,0,-0.233283575,3,4
9,audio,Task B ,1,4,1,0,0.00041,1,58.87602754,0,-0.0815055,4,1
9,audio,Task B ,1,4,1,0,0.00019,1,69.8026768,0,0.276647046,3,1
9,audio,Task B ,1,1,0,0,0.00019,2,292.7168196,0,0.77727463,3,4
10,audio,Task B ,1,2,0,0,9.00E-05,2,333.0576764,0,0.13370343,2,3
10,audio,Task B ,1,1,1,0,0.00019,1,114.0895656,0,0.234809173,3,4
10,audio,Task B ,1,1,1,0,9.00E-05,1,45.6298532,0,0.45801994,2,4
10,audio,Task B ,2,1,1,0,4.00E-05,2,325.0816314,0,-0.207894754,1,5
10,audio,Task B ,2,2,0,0,0.00019,1,112.1203907,0,0.156636888,3,6
10,audio,Task B ,2,2,1,0,0.00019,2,124.4570552,0,-0.50015846,3,6
1,audio,Task B ,1,1,0,0,4.00E-05,2,9.483825271,0,-0.073437081,1,4
1,audio,Task B ,1,3,0,0,9.00E-05,2,159.2847682,0,0.806992228,2,2
1,audio,Task B ,1,1,0,0,9.00E-05,2,189.3147421,0,0.837089693,2,4
1,audio,Task B ,1,2,0,0,9.00E-05,2,51.69605114,0,0.934542663,2,3
1,audio,Task B ,2,2,1,0,0.00041,2,55.94935064,0,-0.42703544,4,6
1,audio,Task B ,2,2,0,0,9.00E-05,1,168.3747394,0,0.034942583,2,6
2,audio,Task B ,2,1,1,0,9.00E-05,2,119.1628298,0,-3.198600698,2,5
2,audio,Task B ,1,2,1,0,4.00E-05,1,356.2184771,0,0.414708296,1,3
2,audio,Task B ,1,2,0,0,9.00E-05,2,35.63371348,0,-0.77711263,2,3
2,audio,Task B ,1,2,0,0,0.00041,2,106.6946251,0,0.013499678,4,3
2,audio,Task B ,2,1,1,0,9.00E-05,2,64.05365641,0,0.41490249,2,5
2,audio,Task B ,2,2,0,0,0.00041,1,12.08300565,0,-0.604687463,4,6
3,audio,Task B ,2,4,0,0,0.00041,1,234.0214083,0,-0.628421812,4,8
3,audio,Task B ,2,3,1,0,4.00E-05,2,115.8584615,0,1.810490235,1,7
3,audio,Task B ,1,1,0,0,4.00E-05,2,182.6591962,0,-0.657250827,1,4
3,audio,Task B ,1,2,0,0,0.00019,2,106.523313,0,0.467114563,3,3
3,audio,Task B ,2,4,1,0,9.00E-05,2,18.8271366,0,-0.908722931,2,8
3,audio,Task B ,1,3,1,0,0.00041,1,16.73398325,0,0.010193679,4,2
4,audio,Task B ,1,2,0,0,0.00019,2,234.2983956,0,-1.104995437,3,3
4,audio,Task B ,1,1,0,0,4.00E-05,2,108.2825158,0,-1.863627213,1,4
4,audio,Task B ,2,4,0,0,0.00041,1,326.5928724,0,-0.667951406,4,8
4,audio,Task B ,2,3,1,0,0.00041,2,78.25223678,0,1.921222961,4,7
4,audio,Task B ,2,1,1,0,4.00E-05,2,5.160695888,0,0.892061988,1,5
4,audio,Task B ,1,3,0,0,0.00019,2,335.6681742,0,-0.446747096,3,2
5,audio,Task B ,1,3,1,0,0.00019,1,69.22710711,0,0.12840353,3,2
5,audio,Task B ,1,1,1,0,4.00E-05,1,134.7712128,0,0.413015037,1,4
5,audio,Task B ,2,4,1,0,0.00041,2,4.075958983,0,0.534908492,4,8
5,audio,Task B ,1,3,1,0,0.00019,1,337.3771491,0,0.006179645,3,2
5,audio,Task B ,1,3,1,0,0.00041,1,22.21957488,0,0.102241661,4,2
5,audio,Task B ,2,1,0,0,9.00E-05,1,130.1918637,0,0.071310042,2,5
6,audio,Task B ,1,3,1,0,0.00041,1,284.8242967,0,-0.46068588,4,2
6,audio,Task B ,1,3,1,0,4.00E-05,1,242.348108,0,-0.107421595,1,2
6,audio,Task B ,2,3,0,0,9.00E-05,1,185.1364352,0,-0.55674002,2,7
6,audio,Task B ,2,3,1,0,0.00019,2,103.7821092,0,1.170673843,3,7
6,audio,Task B ,1,3,1,0,0.00041,1,208.7566091,0,-0.195025004,4,2
6,audio,Task B ,1,2,0,0,9.00E-05,2,140.6737318,0,-0.081359755,2,3
7,audio,Task B ,2,4,1,0,0.00019,2,168.1982097,0,-2.096705495,3,8
7,audio,Task B ,1,4,0,0,0.00019,2,336.1230646,0,0.572404006,3,1
7,audio,Task B ,1,4,1,0,0.00019,1,171.3980971,0,-0.030897076,3,1
7,audio,Task B ,1,4,1,0,0.00041,1,271.299421,0,-0.107597865,4,1
7,audio,Task B ,2,4,1,0,0.00019,2,85.61281293,0,1.63075515,3,8
7,audio,Task B ,2,1,0,0,4.00E-05,1,104.8981542,0,0.119591934,1,5
8,audio,Task B ,1,1,1,0,4.00E-05,1,108.4089878,0,0.322318788,1,4
8,audio,Task B ,2,1,1,0,4.00E-05,2,201.7050125,0,-0.029661331,1,5
8,audio,Task B ,2,1,1,0,4.00E-05,2,179.7686946,0,1.62429845,1,5
8,audio,Task B ,2,4,1,0,9.00E-05,2,83.17029733,0,-1.448643478,2,8
8,audio,Task B ,2,3,1,0,0.00041,2,287.1103509,0,0.353568773,4,7
8,audio,Task B ,2,4,1,0,0.00041,2,75.13577438,0,0.678890343,4,8
9,audio,Task B ,1,4,0,0,0.00041,2,31.6624871,0,0.417655177,4,1
9,audio,Task B ,1,4,0,0,4.00E-05,2,93.93971752,0,1.158426297,1,1
9,audio,Task B ,2,1,1,0,4.00E-05,2,209.2349615,0,1.336836019,1,5
9,audio,Task B ,1,1,0,0,0.00019,2,64.74276584,0,-0.347481074,3,4
9,audio,Task B ,1,1,0,0,9.00E-05,2,192.7028097,0,-2.483412713,2,4
9,audio,Task B ,1,4,1,0,0.00041,1,357.3235558,0,0.050872848,4,1
10,audio,Task B ,1,1,0,0,0.00019,2,322.5893067,0,-0.312486209,3,4
10,audio,Task B ,1,1,1,0,0.00019,1,16.18246784,0,0.017991802,3,4
10,audio,Task B ,1,1,0,0,4.00E-05,2,54.21525899,0,0.496231688,1,4
10,audio,Task B ,1,1,0,0,4.00E-05,2,172.4160129,0,0.798048538,1,4
10,audio,Task B ,2,2,0,0,9.00E-05,1,33.94750198,0,0.029252148,2,6
10,audio,Task B ,1,1,1,0,4.00E-05,1,285.4135603,0,0.11122752,1,4
1,audio,Task B ,2,1,1,0,4.00E-05,2,227.1435214,0,-3.580072915,1,5
1,audio,Task B ,2,4,1,0,0.00041,2,89.20167276,0,-1.141539887,4,8
1,audio,Task B ,1,2,1,0,9.00E-05,1,297.424162,0,-0.172481477,2,3
1,audio,Task B ,1,2,1,0,0.00041,1,210.9032765,0,-0.236467312,4,3
1,audio,Task B ,1,2,0,0,9.00E-05,2,166.0269916,0,0.660456338,2,3
1,audio,Task B ,1,3,0,0,9.00E-05,2,281.7615421,0,0.441000435,2,2
2,audio,Task B ,1,3,0,0,4.00E-05,2,109.1082719,0,2.593425453,1,2
2,audio,Task B ,2,2,0,0,4.00E-05,1,96.50727183,0,-0.234355421,1,6
2,audio,Task B ,1,2,1,0,0.00041,1,34.01390506,0,0.269665375,4,3
2,audio,Task B ,1,3,1,0,9.00E-05,1,136.1392913,0,-0.102896694,2,2
2,audio,Task B ,1,2,1,0,9.00E-05,1,287.3925013,0,0.685219448,2,3
2,audio,Task B ,2,1,0,0,0.00041,1,5.704819322,0,-0.499368075,4,5
3,audio,Task B ,2,4,1,0,9.00E-05,2,138.5452806,0,1.039512111,2,8
3,audio,Task B ,1,3,1,0,0.00019,1,92.29125111,0,0.094757835,3,2
3,audio,Task B ,2,3,0,0,4.00E-05,1,65.48233075,0,-0.134656156,1,7
3,audio,Task B ,1,4,1,0,9.00E-05,1,236.2027086,0,-0.130905209,2,1
3,audio,Task B ,2,1,1,0,0.00041,2,264.9007981,0,0.758293727,4,5
3,audio,Task B ,1,4,1,0,0.00041,1,142.8997207,0,0.165265016,4,1
4,audio,Task B ,1,3,1,0,4.00E-05,1,115.0230624,0,0.107742,1,2
4,audio,Task B ,1,1,1,0,4.00E-05,1,203.1091052,0,-0.14938765,1,4
4,audio,Task B ,1,1,0,0,4.00E-05,2,52.940207,0,-0.821416154,1,4
4,audio,Task B ,1,3,1,0,0.00019,1,47.6534037,0,0.094971765,3,2
4,audio,Task B ,2,4,1,0,0.00041,2,77.55150919,0,2.34958239,4,8
4,audio,Task B ,2,3,1,0,0.00041,2,10.45453387,0,1.832382957,4,7
5,audio,Task B ,1,3,0,0,9.00E-05,2,271.8689345,0,-0.426030437,2,2
5,audio,Task B ,2,4,0,0,0.00019,1,108.2805516,0,0.5133004,3,8
5,audio,Task B ,1,1,0,0,4.00E-05,2,86.63216642,0,-1.363703803,1,4
5,audio,Task B ,1,1,1,0,4.00E-05,1,54.07628112,0,-0.186851734,1,4
5,audio,Task B ,2,2,1,0,0.00041,2,246.1600394,0,-0.238372033,4,6
5,audio,Task B ,1,1,1,0,4.00E-05,1,165.635023,0,-0.359945699,1,4
6,audio,Task B ,2,3,1,0,0.00041,2,205.0123374,0,0.015746491,4,7
6,audio,Task B ,1,3,0,0,0.00019,2,107.0013838,0,-0.429257992,3,2
6,audio,Task B ,2,3,0,0,0.00041,1,4.321706842,0,0.439405096,4,7
6,audio,Task B ,2,2,0,0,4.00E-05,1,139.0424117,0,-0.036397583,1,6
6,audio,Task B ,2,3,0,0,0.00041,1,211.9762489,0,-0.170604033,4,7
6,audio,Task B ,1,2,0,0,0.00019,2,123.1107437,0,-0.63355256,3,3
7,audio,Task B ,2,4,0,0,0.00041,1,259.6810068,0,0.437594613,4,8
7,audio,Task B ,1,1,1,0,4.00E-05,1,245.6192728,0,-0.042891425,1,4
7,audio,Task B ,1,4,1,0,0.00019,1,111.2431567,0,0.508988064,3,1
7,audio,Task B ,1,4,1,0,0.00019,1,94.29415104,0,0.11365819,3,1
7,audio,Task B ,1,4,1,0,0.00041,1,240.654722,0,-0.130727276,4,1
7,audio,Task B ,1,1,0,0,0.00019,2,128.9153427,0,-0.815873579,3,4
8,audio,Task B ,2,1,0,0,4.00E-05,1,84.99629395,0,-0.219139254,1,5
8,audio,Task B ,2,2,0,0,4.00E-05,1,222.8856101,0,0.061839236,1,6
8,audio,Task B ,1,1,1,0,4.00E-05,1,323.6458065,0,0.792954981,1,4
8,audio,Task B ,1,1,0,0,0.00019,2,354.1702425,0,-1.55539846,3,4
8,audio,Task B ,1,1,0,0,0.00019,2,117.8862788,0,-1.254620775,3,4
8,audio,Task B ,1,1,1,0,9.00E-05,1,216.0204721,0,0.177688834,2,4
9,audio,Task B ,1,1,0,0,4.00E-05,2,72.69095984,0,4.352178289,1,4
9,audio,Task B ,1,1,1,0,4.00E-05,1,186.0363809,0,-0.389631697,1,4
9,audio,Task B ,1,4,1,0,0.00041,1,81.8605199,0,0.107979163,4,1
9,audio,Task B ,1,1,0,0,0.00041,2,332.5030449,0,-1.2203321,4,4
9,audio,Task B ,2,4,0,0,0.00041,1,196.6147687,0,-0.37589169,4,8
9,audio,Task B ,2,1,0,0,9.00E-05,1,359.9891616,0,-0.208041393,2,5
10,audio,Task B ,1,1,1,0,9.00E-05,1,103.4063178,0,0.062831022,2,4
10,audio,Task B ,2,2,1,0,9.00E-05,2,36.45514826,0,1.19006062,2,6
10,audio,Task B ,2,2,1,0,0.00041,2,84.88750202,0,0.578245629,4,6
10,audio,Task B ,1,1,1,0,0.00041,1,123.9906386,0,0.049219078,4,4
10,audio,Task B ,1,1,0,0,9.00E-05,2,247.4250757,0,-2.148176019,2,4
10,audio,Task B ,1,1,1,0,4.00E-05,1,200.2501707,0,0.026198046,1,4
1,audio,Task B ,1,1,0,0,4.00E-05,2,151.6923562,0,-3.308622196,1,4
1,audio,Task B ,1,2,0,0,4.00E-05,2,307.4465635,0,1.058928174,1,3
1,audio,Task B ,2,1,1,0,4.00E-05,2,87.29220373,0,0.139761013,1,5
1,audio,Task B ,2,2,1,0,9.00E-05,2,191.9034567,0,1.23669675,2,6
1,audio,Task B ,1,2,1,0,0.00019,1,81.7787064,0,0.413851938,3,3
1,audio,Task B ,2,4,1,0,0.00041,2,265.2667799,0,-2.079959495,4,8
2,audio,Task B ,1,2,0,0,4.00E-05,2,317.9563098,0,0.098860221,1,3
2,audio,Task B ,2,3,1,0,9.00E-05,2,261.8552194,0,1.825465158,2,7
2,audio,Task B ,2,2,1,0,0.00019,2,187.6929976,0,-0.369861805,3,6
2,audio,Task B ,2,1,1,0,9.00E-05,2,34.32101261,0,-1.423714117,2,5
2,audio,Task B ,1,1,0,0,4.00E-05,2,331.4733433,0,-1.647980619,1,4
2,audio,Task B ,1,2,0,0,0.00041,2,245.3484671,0,-0.344703212,4,3
3,audio,Task B ,2,4,1,0,4.00E-05,2,29.11828655,0,1.159254468,1,8
3,audio,Task B ,2,3,1,0,0.00019,2,241.9789518,0,0.830688281,3,7
3,audio,Task B ,1,1,1,0,4.00E-05,1,105.5125346,0,0.161373069,1,4
3,audio,Task B ,1,2,1,0,9.00E-05,1,47.82880917,0,0.347372913,2,3
3,audio,Task B ,2,4,1,0,9.00E-05,2,309.1707941,0,-1.186289267,2,8
3,audio,Task B ,2,3,1,0,9.00E-05,2,205.4990868,0,-0.349984774,2,7
4,audio,Task B ,1,2,0,0,9.00E-05,2,56.7242549,0,0.397610948,2,3
4,audio,Task B ,1,3,1,0,0.00019,1,334.9455679,0,-0.092710388,3,2
4,audio,Task B ,1,3,1,0,0.00041,1,272.1372183,0,0.344785013,4,2
4,audio,Task B ,1,3,0,0,9.00E-05,2,110.1108851,0,0.728327667,2,2
4,audio,Task B ,2,4,1,0,0.00041,2,308.6770905,0,-2.058172724,4,8
4,audio,Task B ,1,3,1,0,0.00041,1,147.7289901,0,0.076539579,4,2
5,audio,Task B ,2,4,1,0,0.00019,2,313.3083026,0,-1.021276079,3,8
5,audio,Task B ,1,2,1,0,0.00041,1,255.9085054,0,-0.406876477,4,3
5,audio,Task B ,1,1,0,0,4.00E-05,2,67.83302261,0,-0.264053935,1,4
5,audio,Task B ,2,1,0,0,4.00E-05,1,168.1265906,0,0.04364522,1,5
5,audio,Task B ,2,4,1,0,0.00019,2,337.164544,0,2.412387596,3,8
5,audio,Task B ,1,2,1,0,9.00E-05,1,217.2894556,0,0.231915105,2,3
6,audio,Task B ,2,2,0,0,9.00E-05,1,356.6458287,0,0.310034921,2,6
6,audio,Task B ,2,3,1,0,9.00E-05,2,261.8125096,0,2.01515621,2,7
6,audio,Task B ,2,3,0,0,0.00041,1,242.1140693,0,-0.191645432,4,7
6,audio,Task B ,1,2,1,0,0.00019,1,269.5746238,0,0.031042415,3,3
6,audio,Task B ,1,2,0,0,0.00019,2,1.425332901,0,-0.532694639,3,3
6,audio,Task B ,1,1,1,0,0.00041,1,244.5072481,0,-0.25767759,4,4
7,audio,Task B ,1,1,1,0,4.00E-05,1,89.22821994,0,0.316218003,1,4
7,audio,Task B ,2,4,1,0,0.00019,2,315.7120334,0,-0.807210714,3,8
7,audio,Task B ,1,4,0,0,0.00041,2,263.6556395,0,-0.79730513,4,1
7,audio,Task B ,1,4,1,0,0.00019,1,345.4044086,0,-0.202910192,3,1
7,audio,Task B ,2,1,1,0,9.00E-05,2,211.4505146,0,-0.674607568,2,5
7,audio,Task B ,1,1,0,0,4.00E-05,2,69.46276572,0,-1.845172802,1,4
8,audio,Task B ,1,1,0,0,9.00E-05,2,267.5021727,0,-2.529840927,2,4
8,audio,Task B ,2,3,0,0,0.00041,1,79.82134802,0,0.217539085,4,7
8,audio,Task B ,1,1,0,0,0.00019,2,25.22619866,0,-0.540046417,3,4
8,audio,Task B ,1,1,0,0,4.00E-05,2,328.3350029,0,0.004938937,1,4
8,audio,Task B ,1,4,1,0,0.00041,1,46.64390977,0,-0.087421408,4,1
8,audio,Task B ,2,1,0,0,4.00E-05,1,287.4555378,0,0.305676082,1,5
9,audio,Task B ,1,1,0,0,4.00E-05,2,334.0185446,0,0.836546902,1,4
9,audio,Task B ,1,1,0,0,4.00E-05,2,274.4400976,0,2.08103278,1,4
9,audio,Task B ,1,4,1,0,0.00019,1,287.7524273,0,-0.028256152,3,1
9,audio,Task B ,1,1,0,0,0.00019,2,353.8747314,0,1.412373439,3,4
9,audio,Task B ,1,1,1,0,4.00E-05,1,258.5065895,0,-0.909910121,1,4
9,audio,Task B ,1,4,1,0,0.00041,1,71.74521768,0,0.281499842,4,1
10,audio,Task B ,1,1,0,0,9.00E-05,2,241.5837563,0,-1.741425152,2,4
10,audio,Task B ,1,1,1,0,0.00041,1,127.4750546,0,-0.093550877,4,4
10,audio,Task B ,1,1,1,0,0.00019,1,73.42049827,0,0.059472605,3,4
10,audio,Task B ,1,1,1,0,0.00041,1,143.4033483,0,0.063067798,4,4
10,audio,Task B ,1,1,0,0,0.00019,2,143.5794177,0,-0.715697935,3,4
10,audio,Task B ,2,2,1,0,0.00019,2,202.7297113,0,-0.657734059,3,6
1,audio,Task B ,1,3,0,0,0.00041,2,55.34469749,0,0.134821391,4,2
1,audio,Task B ,2,4,1,0,0.00019,2,341.8167924,0,1.582251056,3,8
1,audio,Task B ,2,4,1,0,0.00041,2,161.5873278,0,-1.392649134,4,8
1,audio,Task B ,2,3,1,0,4.00E-05,2,109.1599442,0,-1.000144785,1,7
1,audio,Task B ,1,3,1,0,0.00019,1,166.8367844,0,-0.103029847,3,2
1,audio,Task B ,1,2,1,0,0.00019,1,136.2599831,0,0.017436252,3,3
2,audio,Task B ,1,2,0,0,0.00041,2,347.9908593,0,-0.250067595,4,3
2,audio,Task B ,2,2,1,0,9.00E-05,2,176.5804805,0,0.907149033,2,6
2,audio,Task B ,2,4,1,0,0.00041,2,311.754252,0,3.193650062,4,8
2,audio,Task B ,2,3,1,0,0.00041,2,94.9644648,0,1.016459846,4,7
2,audio,Task B ,2,1,1,0,0.00019,2,60.48006643,0,-0.909532521,3,5
2,audio,Task B ,1,2,1,0,0.00041,1,93.10515502,0,-0.253796369,4,3
3,audio,Task B ,1,3,1,0,0.00019,1,217.6029783,0,0.578501911,3,2
3,audio,Task B ,1,1,0,0,4.00E-05,2,142.6808194,0,-2.741105472,1,4
3,audio,Task B ,2,1,1,0,4.00E-05,2,51.5005643,0,-1.56237796,1,5
3,audio,Task B ,2,4,1,0,9.00E-05,2,214.9159262,0,1.747861815,2,8
3,audio,Task B ,2,4,1,0,4.00E-05,2,35.94061957,0,0.781549084,1,8
3,audio,Task B ,2,2,0,0,9.00E-05,1,249.8350582,0,0.59541068,2,6
4,audio,Task B ,1,3,1,0,0.00041,1,212.8666285,0,-0.061460315,4,2
4,audio,Task B ,1,3,1,0,0.00019,1,301.6418177,0,-0.191142154,3,2
4,audio,Task B ,1,3,0,0,0.00041,2,233.6365536,0,1.188293254,4,2
4,audio,Task B ,1,2,1,0,4.00E-05,1,203.792097,0,-0.406324625,1,3
4,audio,Task B ,1,1,1,0,4.00E-05,1,172.0985323,0,-0.711022224,1,4
4,audio,Task B ,1,3,1,0,0.00041,1,52.51943049,0,-0.112784889,4,2
5,audio,Task B ,1,3,0,0,0.00041,2,252.9797484,0,-0.06331188,4,2
5,audio,Task B ,1,1,1,0,4.00E-05,1,341.5847246,0,-0.515120589,1,4
5,audio,Task B ,2,4,0,0,0.00019,1,242.3577284,0,0.974741414,3,8
5,audio,Task B ,2,1,0,0,9.00E-05,1,127.6825681,0,-0.058355727,2,5
5,audio,Task B ,1,2,0,0,0.00019,2,233.3416634,0,0.455884859,3,3
5,audio,Task B ,1,3,1,0,0.00041,1,42.20153929,0,-0.18423698,4,2
6,audio,Task B ,2,2,1,0,0.00041,2,168.4298685,0,-1.937939264,4,6
6,audio,Task B ,2,3,0,0,0.00019,1,226.3049511,0,0.033695278,3,7
6,audio,Task B ,2,3,0,0,0.00019,1,297.0355581,0,0.249800074,3,7
6,audio,Task B ,2,3,1,0,9.00E-05,2,233.1106533,0,1.656502191,2,7
6,audio,Task B ,2,2,1,0,9.00E-05,2,190.2306552,0,0.979045599,2,6
6,audio,Task B ,2,3,1,0,0.00041,2,312.9164556,0,3.073787405,4,7
7,audio,Task B ,2,4,1,0,9.00E-05,2,270.8756469,0,0.26722385,2,8
7,audio,Task B ,1,1,1,0,4.00E-05,1,149.7930522,0,-0.08119686,1,4
7,audio,Task B ,2,4,1,0,0.00019,2,164.9277317,0,-1.910301143,3,8
7,audio,Task B ,1,4,0,0,0.00041,2,22.25020352,0,-0.18908001,4,1
7,audio,Task B ,2,4,1,0,0.00041,2,58.41488239,0,1.181257781,4,8
7,audio,Task B ,1,1,0,0,9.00E-05,2,204.5784996,0,-0.571653129,2,4
8,audio,Task B ,1,2,1,0,9.00E-05,1,277.2871132,0,-0.66869964,2,3
8,audio,Task B ,2,1,1,0,0.00019,2,278.6447274,0,-1.403220318,3,5
8,audio,Task B ,2,1,1,0,4.00E-05,2,262.7207803,0,0.267928599,1,5
8,audio,Task B ,1,3,1,0,0.00019,1,81.85086033,0,0.069284974,3,2
8,audio,Task B ,1,1,0,0,9.00E-05,2,42.71729872,0,-1.577108359,2,4
8,audio,Task B ,2,1,1,0,9.00E-05,2,115.9077418,0,-0.195476451,2,5
9,audio,Task B ,1,1,0,0,0.00019,2,263.3216366,0,-0.165558837,3,4
9,audio,Task B ,2,4,0,0,0.00019,1,209.7894435,0,-0.100626927,3,8
9,audio,Task B ,2,4,1,0,0.00041,2,325.703007,0,1.290763395,4,8
9,audio,Task B ,1,2,0,0,4.00E-05,2,1.128544153,0,-0.235100485,1,3
9,audio,Task B ,2,1,1,0,9.00E-05,2,293.6903649,0,0.448987261,2,5
9,audio,Task B ,1,1,1,0,9.00E-05,1,265.0679411,0,-0.380424471,2,4
10,audio,Task B ,1,1,0,0,0.00019,2,67.83134526,0,-0.408878381,3,4
10,audio,Task B ,2,1,1,0,0.00041,2,32.4503517,0,1.537565801,4,5
10,audio,Task B ,2,2,0,0,0.00041,1,226.2141668,0,0.49565183,4,6
10,audio,Task B ,2,1,0,0,0.00041,1,246.4474184,0,0.30650243,4,5
10,audio,Task B ,1,1,0,0,4.00E-05,2,14.75707823,0,-1.186946927,1,4
10,audio,Task B ,1,2,1,0,0.00041,1,16.2144873,0,0.172386332,4,3
1,audio,Task B ,1,3,0,0,9.00E-05,2,327.676771,0,-0.167571427,2,2
1,audio,Task B ,2,4,1,0,9.00E-05,2,126.8973763,0,-1.933682666,2,8
1,audio,Task B ,1,2,1,0,0.00019,1,116.5951571,0,-0.196252398,3,3
1,audio,Task B ,1,2,1,0,9.00E-05,1,358.0234384,0,-0.062581786,2,3
1,audio,Task B ,1,2,0,0,0.00041,2,236.1122117,0,0.127034965,4,3
1,audio,Task B ,1,2,1,0,9.00E-05,1,203.1312674,0,0.396876278,2,3
2,audio,Task B ,1,3,1,0,0.00019,1,40.90945884,0,0.388408269,3,2
2,audio,Task B ,2,2,1,0,0.00019,2,170.2178716,0,1.384644806,3,6
2,audio,Task B ,1,3,1,0,9.00E-05,1,123.5426004,0,-0.318117771,2,2
2,audio,Task B ,2,4,1,0,9.00E-05,2,310.6117509,0,0.322153846,2,8
2,audio,Task B ,2,1,0,0,9.00E-05,1,86.18477969,0,0.058270202,2,5
2,audio,Task B ,1,2,1,0,9.00E-05,1,198.5001046,0,0.238662298,2,3
3,audio,Task B ,2,3,1,0,0.00041,2,209.0798861,0,-0.462798687,4,7
3,audio,Task B ,1,3,1,0,0.00019,1,221.6257305,0,-0.106235398,3,2
3,audio,Task B ,2,4,1,0,4.00E-05,2,152.590925,0,-1.735233436,1,8
3,audio,Task B ,2,4,0,0,4.00E-05,1,296.6132653,0,-0.512988956,1,8
3,audio,Task B ,1,1,0,0,9.00E-05,2,275.9242817,0,-0.484395504,2,4
3,audio,Task B ,2,3,0,0,0.00041,1,342.9893275,0,-0.216602823,4,7
4,audio,Task B ,1,2,0,0,4.00E-05,2,274.9102532,0,2.046443781,1,3
4,audio,Task B ,1,3,0,0,0.00019,2,27.12707066,0,0.800303255,3,2
4,audio,Task B ,1,1,1,0,4.00E-05,1,281.996662,0,-0.126292273,1,4
4,audio,Task B ,2,2,0,0,4.00E-05,1,11.72883598,0,-0.232022236,1,6
4,audio,Task B ,1,3,1,0,0.00019,1,87.10566119,0,0.535548641,3,2
4,audio,Task B ,1,3,0,0,0.00041,2,107.8026578,0,-0.800791055,4,2
5,audio,Task B ,2,3,0,0,0.00041,1,0.143806699,0,0.39644274,4,7
5,audio,Task B ,1,1,1,0,4.00E-05,1,62.20884982,0,0.289547282,1,4
5,audio,Task B ,2,1,1,0,4.00E-05,2,320.5686898,0,0.292052975,1,5
5,audio,Task B ,1,1,1,0,4.00E-05,1,327.706656,0,-0.386693519,1,4
5,audio,Task B ,1,3,1,0,0.00041,1,2.479953725,0,0.207237385,4,2
5,audio,Task B ,2,4,1,0,0.00019,2,182.2257258,0,2.287163657,3,8
6,audio,Task B ,1,2,0,0,9.00E-05,2,100.579594,0,1.733518207,2,3
6,audio,Task B ,2,3,1,0,0.00019,2,215.8720953,0,-1.325344906,3,7
6,audio,Task B ,1,3,0,0,0.00041,2,152.6898848,0,-1.564857921,4,2
6,audio,Task B ,1,2,0,0,9.00E-05,2,155.2188854,0,-0.566100512,2,3
6,audio,Task B ,1,3,0,0,0.00041,2,194.9458369,0,0.468928034,4,2
6,audio,Task B ,1,2,0,0,4.00E-05,2,128.6135863,0,2.095804999,1,3
7,audio,Task B ,1,4,0,0,0.00041,2,316.736721,0,-0.695859968,4,1
7,audio,Task B ,1,1,0,0,4.00E-05,2,276.5504709,0,-0.147831213,1,4
7,audio,Task B ,2,4,1,0,0.00041,2,86.98073877,0,1.398117394,4,8
7,audio,Task B ,1,4,1,0,0.00019,1,233.1545797,0,-0.179172443,3,1
7,audio,Task B ,1,4,1,0,0.00019,1,111.6542022,0,-0.408396094,3,1
7,audio,Task B ,1,4,1,0,4.00E-05,1,336.7649165,0,-0.393301715,1,1
8,audio,Task B ,2,1,0,0,9.00E-05,1,3.218093478,0,-0.54728727,2,5
8,audio,Task B ,2,2,1,0,9.00E-05,2,172.7920944,0,0.546000725,2,6
8,audio,Task B ,1,1,0,0,9.00E-05,2,25.22806593,0,-1.230920079,2,4
8,audio,Task B ,1,4,1,0,0.00041,1,332.7762795,0,-0.046564703,4,1
8,audio,Task B ,1,3,1,0,0.00041,1,325.3044126,0,0.171617741,4,2
8,audio,Task B ,1,1,1,0,4.00E-05,1,156.6026604,0,0.251140527,1,4
9,audio,Task B ,1,2,1,0,9.00E-05,1,129.757154,0,-0.014477975,2,3
9,audio,Task B ,1,4,1,0,0.00019,1,143.3436697,0,0.660246807,3,1
9,audio,Task B ,2,3,0,0,4.00E-05,1,54.84895399,0,0.380973605,1,7
9,audio,Task B ,1,1,0,0,9.00E-05,2,197.8703162,0,-0.249754162,2,4
9,audio,Task B ,1,1,0,0,4.00E-05,2,150.2790926,0,-1.762042107,1,4
9,audio,Task B ,1,1,0,0,0.00019,2,16.90864148,0,-3.955897324,3,4
10,audio,Task B ,2,1,1,0,0.00019,2,222.7924853,0,-2.011524034,3,5
10,audio,Task B ,2,2,1,0,9.00E-05,2,242.1115902,0,0.936667264,2,6
10,audio,Task B ,1,1,1,0,0.00019,1,79.34887535,0,0.325510813,3,4
10,audio,Task B ,2,1,0,0,0.00041,1,107.8624675,0,-0.786907675,4,5
10,audio,Task B ,1,2,0,0,9.00E-05,2,30.52411651,0,-0.011628346,2,3
10,audio,Task B ,2,1,1,0,0.00041,2,175.3802503,0,-0.125672318,4,5
1,audio,Task B ,1,2,1,0,0.00019,1,8.861083316,0,0.723800144,3,3
1,audio,Task B ,1,2,1,0,9.00E-05,1,300.1007348,0,0.127225222,2,3
1,audio,Task B ,2,1,0,0,4.00E-05,1,198.5391728,0,0.327971816,1,5
1,audio,Task B ,1,2,1,0,9.00E-05,1,343.6065214,0,-0.08937984,2,3
1,audio,Task B ,1,2,0,0,4.00E-05,2,42.24193674,0,-0.601809501,1,3
1,audio,Task B ,2,1,0,0,4.00E-05,1,208.3020922,0,-0.274353702,1,5
2,audio,Task B ,1,2,1,0,4.00E-05,1,263.4455953,0,-0.085205787,1,3
2,audio,Task B ,2,3,0,0,0.00041,1,216.6734428,0,0.682356023,4,7
2,audio,Task B ,1,3,1,0,4.00E-05,1,25.73771286,0,0.036424978,1,2
2,audio,Task B ,2,1,1,0,4.00E-05,2,71.77984539,0,0.359633396,1,5
2,audio,Task B ,2,2,0,0,0.00041,1,275.2445122,0,-0.178603823,4,6
2,audio,Task B ,1,2,1,0,9.00E-05,1,129.6838813,0,-0.226020665,2,3
3,audio,Task B ,2,4,1,0,0.00019,2,234.2850326,0,1.98752882,3,8
3,audio,Task B ,2,3,1,0,9.00E-05,2,290.7510538,0,1.363395807,2,7
3,audio,Task B ,1,2,0,0,0.00019,2,191.7824003,0,-0.331821487,3,3
3,audio,Task B ,1,3,1,0,0.00019,1,215.0042636,0,0.342697092,3,2
3,audio,Task B ,2,2,1,0,0.00019,2,288.8575118,0,-0.610262349,3,6
3,audio,Task B ,2,3,1,0,0.00041,2,256.2846426,0,1.085921798,4,7
4,audio,Task B ,1,3,1,0,0.00041,1,53.89647897,0,-0.580341742,4,2
4,audio,Task B ,1,3,1,0,0.00019,1,9.224073589,0,-0.311139514,3,2
4,audio,Task B ,1,1,1,0,4.00E-05,1,160.2457239,0,0.221067524,1,4
4,audio,Task B ,1,3,1,0,0.00019,1,275.7921012,0,0.082808075,3,2
4,audio,Task B ,1,3,0,0,0.00041,2,341.1934582,0,-0.160946248,4,2
4,audio,Task B ,1,3,0,0,0.00019,2,134.1779536,0,0.57081034,3,2
5,audio,Task B ,1,3,1,0,4.00E-05,1,35.64071762,0,0.203925296,1,2
5,audio,Task B ,2,1,1,0,4.00E-05,2,111.3249085,0,0.387285914,1,5
5,audio,Task B ,1,1,0,0,9.00E-05,2,185.63891,0,-0.597835174,2,4
5,audio,Task B ,1,1,0,0,4.00E-05,2,97.30299243,0,-0.287865202,1,4
5,audio,Task B ,1,1,0,0,4.00E-05,2,295.2659408,0,0.453017185,1,4
5,audio,Task B ,1,2,1,0,0.00041,1,87.21781902,0,0.195149758,4,3
6,audio,Task B ,1,3,1,0,9.00E-05,1,225.2888772,0,0.390224204,2,2
6,audio,Task B ,2,3,1,0,0.00041,2,300.6377756,0,1.374039683,4,7
6,audio,Task B ,1,3,1,0,4.00E-05,1,352.747362,0,0.436330173,1,2
6,audio,Task B ,2,3,0,0,0.00019,1,228.8387842,0,-0.03072439,3,7
6,audio,Task B ,2,4,1,0,9.00E-05,2,294.4530795,0,-0.836824191,2,8
6,audio,Task B ,1,1,0,0,4.00E-05,2,48.32352432,0,1.123825759,1,4
7,audio,Task B ,1,1,0,0,0.00019,2,36.52362948,0,-2.34788973,3,4
7,audio,Task B ,1,1,0,0,9.00E-05,2,47.58490207,0,-0.379494149,2,4
7,audio,Task B ,1,4,0,0,0.00019,2,276.1532495,0,-1.03476845,3,1
7,audio,Task B ,1,4,1,0,0.00041,1,113.0023008,0,-0.284142026,4,1
7,audio,Task B ,1,1,0,0,9.00E-05,2,298.926213,0,1.297626421,2,4
7,audio,Task B ,2,4,1,0,0.00041,2,215.4795747,0,0.645038719,4,8
8,audio,Task B ,1,2,1,0,4.00E-05,1,38.19922718,0,-0.258933204,1,3
8,audio,Task B ,1,4,1,0,0.00041,1,217.4850767,0,-0.117125737,4,1
8,audio,Task B ,2,1,0,0,9.00E-05,1,27.23947709,0,-0.13992561,2,5
8,audio,Task B ,1,1,0,0,9.00E-05,2,31.5565849,0,-0.584176357,2,4
8,audio,Task B ,1,1,0,0,9.00E-05,2,329.5914357,0,1.371045294,2,4
8,audio,Task B ,1,1,0,0,4.00E-05,2,146.0708336,0,1.153412751,1,4
9,audio,Task B ,2,4,1,0,0.00041,2,192.9135957,0,0.520431352,4,8
9,audio,Task B ,1,1,1,0,4.00E-05,1,250.7177004,0,0.045776193,1,4
9,audio,Task B ,1,1,1,0,9.00E-05,1,147.2428837,0,0.134758205,2,4
9,audio,Task B ,2,1,0,0,4.00E-05,1,40.99509961,0,0.621998183,1,5
9,audio,Task B ,2,1,1,0,0.00019,2,349.1254222,0,0.052218427,3,5
9,audio,Task B ,2,1,1,0,4.00E-05,2,98.03785097,0,-1.459251171,1,5
10,audio,Task B ,2,1,0,0,9.00E-05,1,94.89146664,0,-0.001003604,2,5
10,audio,Task B ,1,1,0,0,0.00019,2,77.73023652,0,0.408122424,3,4
10,audio,Task B ,1,1,0,0,9.00E-05,2,246.6121189,0,2.15E-05,2,4
10,audio,Task B ,1,1,0,0,4.00E-05,2,226.8922421,0,-0.330682852,1,4
10,audio,Task B ,1,2,1,0,4.00E-05,1,132.940443,0,-0.073635673,1,3
10,audio,Task B ,2,2,1,0,0.00019,2,215.5790136,0,-0.345300896,3,6
1,audio,Task B ,2,1,0,0,4.00E-05,1,316.0304665,0,-0.20120684,1,5
1,audio,Task B ,1,2,0,0,4.00E-05,2,87.43677859,0,-0.225033135,1,3
1,audio,Task B ,2,2,1,0,4.00E-05,2,195.0811258,0,-1.430030556,1,6
1,audio,Task B ,1,2,0,0,9.00E-05,2,86.41758367,0,0.978708091,2,3
1,audio,Task B ,1,3,1,0,4.00E-05,1,194.6619348,0,0.359960965,1,2
1,audio,Task B ,2,2,1,0,9.00E-05,2,7.636783762,0,-1.000626016,2,6
2,audio,Task B ,1,2,0,0,0.00019,2,146.9140917,0,0.108807128,3,3
2,audio,Task B ,2,3,1,0,0.00019,2,321.0257218,0,-0.451427126,3,7
2,audio,Task B ,2,4,1,0,0.00019,2,290.8031586,0,3.128792547,3,8
2,audio,Task B ,1,3,0,0,0.00019,2,200.0674562,0,0.264644935,3,2
2,audio,Task B ,1,2,1,0,4.00E-05,1,168.0893805,0,-0.122277116,1,3
2,audio,Task B ,2,2,0,0,9.00E-05,1,188.3958285,0,-0.148492675,2,6
3,audio,Task B ,1,4,1,0,4.00E-05,1,62.6290782,0,-0.122322178,1,1
3,audio,Task B ,1,2,1,0,9.00E-05,1,217.1404738,0,-0.07254646,2,3
3,audio,Task B ,2,4,1,0,0.00019,2,71.81507469,0,3.009210041,3,8
3,audio,Task B ,1,4,1,0,4.00E-05,1,32.78011887,0,-0.172905111,1,1
3,audio,Task B ,1,2,1,0,0.00041,1,243.997234,0,-0.196554411,4,3
3,audio,Task B ,2,1,0,0,9.00E-05,1,14.42160951,0,0.274307752,2,5
4,audio,Task B ,1,1,1,0,4.00E-05,1,149.3258407,0,-0.131315881,1,4
4,audio,Task B ,1,1,0,0,9.00E-05,2,22.84573249,0,-0.236437238,2,4
4,audio,Task B ,1,3,0,0,0.00041,2,190.4043106,0,0.421296631,4,2
4,audio,Task B ,1,1,1,0,4.00E-05,1,326.1854197,0,-0.308352517,1,4
4,audio,Task B ,1,2,1,0,4.00E-05,1,101.4843574,0,-0.518280458,1,3
4,audio,Task B ,1,3,1,0,0.00019,1,329.5886635,0,0.561846897,3,2
5,audio,Task B ,2,4,1,0,0.00041,2,226.2329789,0,1.380608096,4,8
5,audio,Task B ,1,4,0,0,0.00019,2,101.3563469,0,-0.085167904,3,1
5,audio,Task B ,1,1,1,0,4.00E-05,1,106.6956113,0,0.099895982,1,4
5,audio,Task B ,1,4,0,0,0.00019,2,259.0854158,0,-0.639317057,3,1
5,audio,Task B ,2,1,0,0,4.00E-05,1,60.5656434,0,0.088238403,1,5
5,audio,Task B ,1,2,0,0,4.00E-05,2,97.58096768,0,0.409326153,1,3
6,audio,Task B ,1,3,1,0,0.00041,1,157.9832466,0,-0.333830274,4,2
6,audio,Task B ,1,3,1,0,4.00E-05,1,352.3695812,0,0.024904683,1,2
6,audio,Task B ,1,3,0,0,0.00019,2,191.5955671,0,-0.455977718,3,2
6,audio,Task B ,1,3,0,0,0.00041,2,23.45121458,0,-0.682530155,4,2
6,audio,Task B ,1,2,0,0,4.00E-05,2,354.3652613,0,1.907754229,1,3
6,audio,Task B ,1,2,1,0,0.00041,1,147.9623458,0,-0.00574252,4,3
7,audio,Task B ,2,4,0,0,0.00019,1,44.78937714,0,-0.008457474,3,8
7,audio,Task B ,2,4,1,0,0.00019,2,256.3228408,0,-1.491985108,3,8
7,audio,Task B ,2,4,0,0,0.00041,1,214.1266268,0,0.26927254,4,8
7,audio,Task B ,1,4,0,0,9.00E-05,2,34.21351163,0,0.739802148,2,1
7,audio,Task B ,1,1,1,0,9.00E-05,1,251.4845994,0,-0.374808971,2,4
7,audio,Task B ,1,1,0,0,4.00E-05,2,107.1325324,0,0.576258359,1,4
8,audio,Task B ,2,1,0,0,4.00E-05,1,54.95727099,0,-0.047430577,1,5
8,audio,Task B ,2,1,0,0,9.00E-05,1,307.7396014,0,-0.124322619,2,5
8,audio,Task B ,2,1,1,0,0.00019,2,41.88936177,0,0.513447907,3,5
8,audio,Task B ,1,1,1,0,9.00E-05,1,197.966144,0,0.98027314,2,4
8,audio,Task B ,1,1,1,0,9.00E-05,1,66.53563402,0,-0.271087017,2,4
8,audio,Task B ,1,4,1,0,0.00019,1,317.5351951,0,-0.402590941,3,1
9,audio,Task B ,2,1,1,0,4.00E-05,2,194.4191785,0,2.245605993,1,5
9,audio,Task B ,1,1,1,0,4.00E-05,1,204.6859658,0,-0.371059048,1,4
9,audio,Task B ,1,1,0,0,4.00E-05,2,152.9087866,0,-0.813000791,1,4
9,audio,Task B ,1,1,1,0,9.00E-05,1,105.1353115,0,0.020752694,2,4
9,audio,Task B ,1,1,0,0,0.00041,2,299.522783,0,1.716944913,4,4
9,audio,Task B ,2,4,1,0,0.00041,2,278.1439457,0,-0.647817963,4,8
10,audio,Task B ,1,1,0,0,4.00E-05,2,95.92012394,0,0.873690368,1,4
10,audio,Task B ,1,1,1,0,0.00019,1,128.8127448,0,-0.074500381,3,4
10,audio,Task B ,1,1,1,0,0.00041,1,240.8421865,0,-0.284089656,4,4
10,audio,Task B ,2,1,1,0,0.00041,2,88.18156529,0,2.228708833,4,5
10,audio,Task B ,2,1,0,0,0.00041,1,260.85571,0,0.326666761,4,5
10,audio,Task B ,2,2,1,0,0.00041,2,40.05175395,0,1.590271989,4,6
1,audio,Task B ,1,3,1,0,0.00019,1,83.82404423,0,0.046984366,3,2
1,audio,Task B ,1,2,1,0,9.00E-05,1,201.348162,0,0.353993671,2,3
1,audio,Task B ,1,2,1,0,0.00041,1,3.455621877,0,-0.390911489,4,3
1,audio,Task B ,2,2,1,0,9.00E-05,2,113.8101365,0,0.558667517,2,6
1,audio,Task B ,2,1,0,0,4.00E-05,1,312.680044,0,0.046465558,1,5
1,audio,Task B ,2,2,0,0,4.00E-05,1,147.3898879,0,-0.68813096,1,6
2,audio,Task B ,2,2,1,0,4.00E-05,2,217.9157206,0,1.617244705,1,6
2,audio,Task B ,2,3,0,0,0.00041,1,243.9208813,0,0.92405359,4,7
2,audio,Task B ,1,3,0,0,9.00E-05,2,131.9249233,0,-2.176730514,2,2
2,audio,Task B ,1,3,1,0,9.00E-05,1,222.3133487,0,0.490609695,2,2
2,audio,Task B ,1,2,1,0,9.00E-05,1,57.85499678,0,0.17512546,2,3
2,audio,Task B ,1,3,1,0,4.00E-05,1,248.2732265,0,-0.31941504,1,2
3,audio,Task B ,2,2,1,0,0.00041,2,45.38515787,0,-0.389787824,4,6
3,audio,Task B ,1,4,1,0,0.00019,1,94.98696529,0,-0.156273617,3,1
3,audio,Task B ,2,4,1,0,0.00019,2,228.1417287,0,-2.004426331,3,8
3,audio,Task B ,2,4,1,0,0.00041,2,104.7951963,0,0.789136711,4,8
3,audio,Task B ,1,4,1,0,0.00041,1,125.547336,0,-0.143523861,4,1
3,audio,Task B ,2,2,0,0,9.00E-05,1,183.3831151,0,0.27577607,2,6
4,audio,Task B ,2,4,1,0,0.00041,2,177.8864044,0,-1.843393392,4,8
4,audio,Task B ,2,3,0,0,0.00041,1,13.0162162,0,-0.450973648,4,7
4,audio,Task B ,1,1,1,0,0.00019,1,292.286327,0,-0.242405695,3,4
4,audio,Task B ,1,3,1,0,0.00019,1,295.0427801,0,-0.2675696,3,2
4,audio,Task B ,1,1,0,0,4.00E-05,2,95.4468056,0,-0.503508891,1,4
4,audio,Task B ,1,3,0,0,0.00019,2,140.0416308,0,0.020097025,3,2
5,audio,Task B ,2,4,1,0,0.00041,2,109.9715376,0,-1.628960211,4,8
5,audio,Task B ,1,4,1,0,0.00041,1,20.67854571,0,0.000787636,4,1
5,audio,Task B ,2,1,0,0,9.00E-05,1,125.206401,0,0.074297112,2,5
5,audio,Task B ,2,1,1,0,9.00E-05,2,90.75777096,0,-3.175442338,2,5
5,audio,Task B ,1,1,0,0,0.00019,2,22.93784526,0,0.014355354,3,4
5,audio,Task B ,2,1,1,0,4.00E-05,2,45.97344691,0,1.060127962,1,5
6,audio,Task B ,1,2,1,0,0.00019,1,189.1140687,0,0.785341467,3,3
6,audio,Task B ,2,3,1,0,0.00041,2,254.8087598,0,0.620357319,4,7
6,audio,Task B ,1,3,1,0,0.00019,1,323.8123293,0,-0.18630407,3,2
6,audio,Task B ,1,2,1,0,0.00041,1,195.0914097,0,-0.189007194,4,3
6,audio,Task B ,1,2,1,0,0.00041,1,313.4905006,0,0.190218202,4,3
6,audio,Task B ,1,3,1,0,0.00019,1,250.2786167,0,0.401832984,3,2
7,audio,Task B ,2,4,0,0,0.00019,1,155.7908401,0,-0.030821408,3,8
7,audio,Task B ,1,4,0,0,0.00041,2,127.6994005,0,1.722888228,4,1
7,audio,Task B ,1,1,0,0,9.00E-05,2,243.2202688,0,-1.071359862,2,4
7,audio,Task B ,2,4,1,0,0.00041,2,241.8590899,0,0.472332257,4,8
7,audio,Task B ,2,4,0,0,0.00041,1,331.9740401,0,-0.12611923,4,8
7,audio,Task B ,1,4,0,0,4.00E-05,2,291.030683,0,0.13546917,1,1
8,audio,Task B ,1,1,0,0,4.00E-05,2,311.642291,0,2.051631677,1,4
8,audio,Task B ,2,3,0,0,0.00041,1,343.1926814,0,-0.000173349,4,7
8,audio,Task B ,2,4,0,0,0.00041,1,75.32413858,0,0.340503051,4,8
8,audio,Task B ,1,1,1,0,4.00E-05,1,213.805646,0,-0.170992363,1,4
8,audio,Task B ,2,1,1,0,0.00041,2,49.62252766,0,0.85932219,4,5
8,audio,Task B ,2,4,1,0,0.00041,2,45.79673438,0,0.175483495,4,8
9,audio,Task B ,2,4,1,0,0.00041,2,106.5129743,0,3.058253192,4,8
9,audio,Task B ,2,4,0,0,0.00019,1,132.413788,0,-0.56548801,3,8
9,audio,Task B ,1,4,0,0,9.00E-05,2,138.7063244,0,-0.014500332,2,1
9,audio,Task B ,1,4,0,0,0.00041,2,283.2334221,0,0.57635156,4,1
9,audio,Task B ,1,3,1,0,0.00041,1,107.9375642,0,0.133142888,4,2
9,audio,Task B ,2,1,1,0,0.00019,2,10.47384459,0,0.241788941,3,5
10,audio,Task B ,1,1,0,0,9.00E-05,2,284.1892516,0,0.325587879,2,4
10,audio,Task B ,1,1,1,0,0.00041,1,190.6160587,0,0.014680989,4,4
10,audio,Task B ,1,1,0,0,4.00E-05,2,126.8964827,0,-0.348727501,1,4
10,audio,Task B ,1,1,1,0,4.00E-05,1,274.257248,0,-0.09475558,1,4
10,audio,Task B ,1,2,1,0,0.00019,1,1.872605634,0,-0.263133602,3,3
10,audio,Task B ,1,1,0,0,4.00E-05,2,222.8742456,0,2.247398693,1,4
1,audio,Task B ,1,2,1,0,4.00E-05,1,34.79023006,0,0.36528275,1,3
1,audio,Task B ,1,3,1,0,4.00E-05,1,26.32936238,0,0.512259148,1,2
1,audio,Task B ,1,2,0,0,9.00E-05,2,302.840972,0,0.222757573,2,3
1,audio,Task B ,2,2,1,0,0.00019,2,126.4277347,0,1.295311698,3,6
1,audio,Task B ,1,2,0,0,0.00019,2,241.3930188,0,-0.452457248,3,3
1,audio,Task B ,1,2,1,0,0.00019,1,22.93348874,0,-0.040434584,3,3
2,audio,Task B ,1,2,0,0,9.00E-05,2,20.7577607,0,0.737162408,2,3
2,audio,Task B ,2,1,1,0,4.00E-05,2,343.339919,0,-0.077544979,1,5
2,audio,Task B ,1,3,0,0,9.00E-05,2,222.9389752,0,0.96724643,2,2
2,audio,Task B ,2,1,0,0,0.00019,1,265.009925,0,0.364371091,3,5
2,audio,Task B ,1,1,0,0,9.00E-05,2,91.69542282,0,-0.350640823,2,4
2,audio,Task B ,1,2,1,0,9.00E-05,1,47.21733979,0,0.164955632,2,3
3,audio,Task B ,1,2,1,0,0.00041,1,357.1846401,0,-0.240495229,4,3
3,audio,Task B ,2,1,0,0,4.00E-05,1,322.3647185,0,-0.457667469,1,5
3,audio,Task B ,2,2,1,0,0.00041,2,141.5316331,0,0.546891256,4,6
3,audio,Task B ,1,4,1,0,0.00019,1,125.7226085,0,0.442549618,3,1
3,audio,Task B ,1,1,0,0,4.00E-05,2,252.6837949,0,3.629246526,1,4
3,audio,Task B ,2,2,0,0,0.00019,1,156.4953746,0,0.306655235,3,6
4,audio,Task B ,2,2,1,0,9.00E-05,2,156.0130135,0,0.832143588,2,6
4,audio,Task B ,2,4,1,0,0.00019,2,56.32397403,0,2.173995766,3,8
4,audio,Task B ,1,1,0,0,4.00E-05,2,82.49822919,0,1.202770178,1,4
4,audio,Task B ,1,3,1,0,9.00E-05,1,50.6462232,0,0.35725952,2,2
4,audio,Task B ,1,3,1,0,4.00E-05,1,69.16722587,0,0.166971814,1,2
4,audio,Task B ,1,3,0,0,0.00019,2,279.601795,0,0.485381439,3,2
5,audio,Task B ,1,4,1,0,0.00019,1,143.7524771,0,-0.018816466,3,1
5,audio,Task B ,1,2,0,0,0.00019,2,167.0848961,0,-2.389280825,3,3
5,audio,Task B ,1,4,1,0,0.00019,1,335.0906675,0,-0.046550566,3,1
5,audio,Task B ,2,4,1,0,0.00041,2,60.83956885,0,-1.247731886,4,8
5,audio,Task B ,2,1,0,0,9.00E-05,1,267.552017,0,-0.290640345,2,5
5,audio,Task B ,2,3,0,0,0.00019,1,11.64642391,0,-0.146841044,3,7
6,audio,Task B ,2,3,0,0,0.00019,1,32.41745095,0,0.28523671,3,7
6,audio,Task B ,2,3,0,0,9.00E-05,1,7.516518827,0,0.352161088,2,7
6,audio,Task B ,2,3,1,0,0.00041,2,317.2486638,0,-0.30390538,4,7
6,audio,Task B ,1,2,1,0,4.00E-05,1,10.19506888,0,0.04540091,1,3
6,audio,Task B ,1,2,0,0,0.00019,2,187.6984589,0,-0.028636476,3,3
6,audio,Task B ,1,3,1,0,0.00041,1,250.4405715,0,0.256646246,4,2
7,audio,Task B ,1,1,0,0,9.00E-05,2,164.5632457,0,-2.236139979,2,4
7,audio,Task B ,1,1,1,0,4.00E-05,1,255.7109987,0,0.246574076,1,4
7,audio,Task B ,1,1,1,0,9.00E-05,1,310.8224258,0,0.119933235,2,4
7,audio,Task B ,1,4,1,0,0.00019,1,182.534609,0,0.403015434,3,1
7,audio,Task B ,1,4,0,0,4.00E-05,2,245.4903154,0,-0.770969236,1,1
7,audio,Task B ,1,4,1,0,0.00041,1,155.0254235,0,-0.093459595,4,1
8,audio,Task B ,1,4,0,0,0.00041,2,270.9334242,0,-1.034230901,4,1
8,audio,Task B ,1,2,1,0,4.00E-05,1,17.64058994,0,-0.156692966,1,3
8,audio,Task B ,2,1,1,0,0.00019,2,145.1123197,0,0.30049443,3,5
8,audio,Task B ,2,4,1,0,0.00041,2,302.8677159,0,1.535988631,4,8
8,audio,Task B ,1,2,1,0,0.00019,1,302.7452522,0,0.207194813,3,3
8,audio,Task B ,2,1,0,0,4.00E-05,1,254.9113703,0,0.164629297,1,5
9,audio,Task B ,2,4,1,0,0.00019,2,273.2739366,0,1.847510864,3,8
9,audio,Task B ,1,4,1,0,0.00041,1,173.1255315,0,-0.234058036,4,1
9,audio,Task B ,1,4,1,0,9.00E-05,1,107.0358196,0,0.67806756,2,1
9,audio,Task B ,1,1,1,0,9.00E-05,1,226.3610604,0,-0.715635126,2,4
9,audio,Task B ,1,1,0,0,0.00041,2,262.60656,0,-1.515688841,4,4
9,audio,Task B ,1,1,0,0,4.00E-05,2,84.95367324,0,0.913782139,1,4
10,audio,Task B ,2,2,1,0,0.00041,2,279.7446264,0,-1.468172756,4,6
10,audio,Task B ,1,1,0,0,4.00E-05,2,141.7378461,0,-3.96136589,1,4
10,audio,Task B ,2,2,1,0,0.00041,2,277.4352611,0,0.993344784,4,6
10,audio,Task B ,1,1,0,0,4.00E-05,2,122.2709633,0,-0.249471053,1,4
10,audio,Task B ,2,2,1,0,0.00019,2,96.4504186,0,-0.535866275,3,6
10,audio,Task B ,1,1,0,0,9.00E-05,2,44.48619376,0,-1.583418312,2,4
1,audio,Task B ,1,3,1,0,0.00041,1,185.607668,0,-0.076138745,4,2
1,audio,Task B ,2,3,0,0,0.00019,1,21.16439591,0,0.238019208,3,7
1,audio,Task B ,1,2,1,0,9.00E-05,1,181.8595524,0,-0.162116201,2,3
1,audio,Task B ,1,2,0,0,0.00041,2,68.13778255,0,-0.179127761,4,3
1,audio,Task B ,1,3,1,0,0.00041,1,339.9031517,0,0.358086328,4,2
1,audio,Task B ,1,2,1,0,0.00041,1,356.3977656,0,-0.22502119,4,3
2,audio,Task B ,2,2,1,0,0.00019,2,312.6125097,0,-0.661761911,3,6
2,audio,Task B ,1,2,1,0,9.00E-05,1,124.126103,0,0.653916167,2,3
2,audio,Task B ,1,2,0,0,9.00E-05,2,112.409408,0,-1.030995576,2,3
2,audio,Task B ,2,3,1,0,9.00E-05,2,192.4667831,0,1.011266212,2,7
2,audio,Task B ,2,1,0,0,0.00019,1,342.0431153,0,-0.701838811,3,5
2,audio,Task B ,1,2,0,0,0.00019,2,190.4930646,0,-0.137801204,3,3
3,audio,Task B ,1,4,1,0,0.00041,1,11.60187408,0,-0.0013031,4,1
3,audio,Task B ,1,3,1,0,4.00E-05,1,259.3586566,0,0.085701776,1,2
3,audio,Task B ,1,2,0,0,4.00E-05,2,103.1864491,0,-0.844564136,1,3
3,audio,Task B ,2,2,1,0,4.00E-05,2,43.78765398,0,-0.837263377,1,6
3,audio,Task B ,1,1,1,0,4.00E-05,1,199.6655086,0,0.248482021,1,4
3,audio,Task B ,2,4,0,0,0.00041,1,50.98453956,0,-0.499215334,4,8
4,audio,Task B ,1,2,0,0,0.00019,2,245.7937053,0,0.375954285,3,3
4,audio,Task B ,2,2,1,0,9.00E-05,2,254.6893713,0,0.339749709,2,6
4,audio,Task B ,1,1,1,0,4.00E-05,1,27.81879451,0,0.349368869,1,4
4,audio,Task B ,1,1,0,0,4.00E-05,2,330.8294826,0,-0.573093097,1,4
4,audio,Task B ,1,3,1,0,0.00019,1,332.2488964,0,-0.095918439,3,2
4,audio,Task B ,1,3,1,0,9.00E-05,1,67.15949479,0,-0.002580227,2,2
5,audio,Task B ,1,1,1,0,4.00E-05,1,46.69866345,0,0.254091651,1,4
5,audio,Task B ,2,4,1,0,0.00041,2,29.7858598,0,1.56658232,4,8
5,audio,Task B ,2,2,1,0,0.00019,2,170.699433,0,-0.805289597,3,6
5,audio,Task B ,2,1,1,0,0.00019,2,346.5260918,0,0.668115805,3,5
5,audio,Task B ,2,1,0,0,4.00E-05,1,53.87776538,0,-0.241063606,1,5
5,audio,Task B ,2,1,1,0,9.00E-05,2,114.4587564,0,-0.563817614,2,5
6,audio,Task B ,2,2,1,0,0.00041,2,336.0844591,0,1.370272958,4,6
6,audio,Task B ,1,3,1,0,9.00E-05,1,303.3480059,0,-0.210944743,2,2
6,audio,Task B ,2,3,1,0,4.00E-05,2,333.4596505,0,0.064535611,1,7
6,audio,Task B ,1,3,1,0,9.00E-05,1,308.1445303,0,-0.359432136,2,2
6,audio,Task B ,2,3,0,0,4.00E-05,1,172.5474954,0,0.341658925,1,7
6,audio,Task B ,1,3,1,0,4.00E-05,1,88.50133091,0,-0.574070551,1,2
7,audio,Task B ,1,1,1,0,9.00E-05,1,339.0614171,0,-0.080736349,2,4
7,audio,Task B ,2,4,0,0,0.00041,1,335.0730839,0,-0.011834743,4,8
7,audio,Task B ,2,1,0,0,0.00041,1,25.83595135,0,-0.439347517,4,5
7,audio,Task B ,1,4,0,0,9.00E-05,2,274.2153337,0,0.034315673,2,1
7,audio,Task B ,1,1,0,0,4.00E-05,2,238.0248523,0,1.294259796,1,4
7,audio,Task B ,1,4,0,0,0.00041,2,335.6293362,0,-0.942690273,4,1
8,audio,Task B ,2,1,0,0,0.00019,1,98.67874465,0,-0.232445766,3,5
8,audio,Task B ,2,1,1,0,0.00041,2,165.6628054,0,-1.953830631,4,5
8,audio,Task B ,2,1,1,0,4.00E-05,2,80.53737462,0,1.094242295,1,5
8,audio,Task B ,2,1,1,0,9.00E-05,2,34.31307274,0,-0.575336749,2,5
8,audio,Task B ,1,2,1,0,0.00019,1,20.41863164,0,-0.087757305,3,3
8,audio,Task B ,2,1,0,0,4.00E-05,1,354.4078972,0,-0.373766304,1,5
9,audio,Task B ,1,4,0,0,0.00019,2,65.17834588,0,1.786099819,3,1
9,audio,Task B ,2,2,1,0,9.00E-05,2,343.3264339,0,0.235772002,2,6
9,audio,Task B ,2,4,1,0,0.00041,2,78.13784697,0,1.641806943,4,8
9,audio,Task B ,2,2,1,0,0.00041,2,98.50452339,0,-0.340137988,4,6
9,audio,Task B ,1,1,1,0,4.00E-05,1,90.65063219,0,0.61586303,1,4
9,audio,Task B ,1,4,1,0,0.00041,1,315.5514191,0,-0.022991688,4,1
10,audio,Task B ,2,1,1,0,0.00041,2,59.30890446,0,0.73498032,4,5
10,audio,Task B ,1,1,0,0,4.00E-05,2,131.5085877,0,-2.132298912,1,4
10,audio,Task B ,2,2,1,0,0.00019,2,39.34811592,0,-1.091646346,3,6
10,audio,Task B ,1,1,1,0,0.00041,1,74.96308688,0,0.156203281,4,4
10,audio,Task B ,1,1,1,0,0.00041,1,273.569025,0,-0.243544647,4,4
10,audio,Task B ,1,1,0,0,4.00E-05,2,24.6149029,0,0.511728776,1,4
1,audio,Task B ,2,4,0,0,0.00041,1,181.8638296,0,-0.711013711,4,8
1,audio,Task B ,1,1,0,0,4.00E-05,2,323.4955332,0,0.641375945,1,4
1,audio,Task B ,2,3,0,0,9.00E-05,1,98.41376318,0,-0.34215982,2,7
1,audio,Task B ,1,1,1,0,4.00E-05,1,59.29096739,0,0.259221883,1,4
1,audio,Task B ,1,3,1,0,0.00041,1,18.87312777,0,-0.080464184,4,2
1,audio,Task B ,2,4,1,0,4.00E-05,2,289.4050985,0,-1.687382654,1,8
2,audio,Task B ,1,3,1,0,0.00019,1,119.9295923,0,-0.248829384,3,2
2,audio,Task B ,2,3,0,0,0.00019,1,342.1325378,0,-0.320341415,3,7
2,audio,Task B ,2,1,1,0,9.00E-05,2,22.09194947,0,1.434676218,2,5
2,audio,Task B ,2,4,1,0,0.00041,2,250.8343688,0,1.459831125,4,8
2,audio,Task B ,2,1,0,0,0.00019,1,121.7533233,0,-0.28065199,3,5
2,audio,Task B ,2,3,0,0,0.00041,1,173.805087,0,0.016428623,4,7
3,audio,Task B ,1,3,0,0,0.00041,2,89.95847465,0,0.760874428,4,2
3,audio,Task B ,2,3,0,0,9.00E-05,1,248.9022987,0,-0.357493157,2,7
3,audio,Task B ,2,2,0,0,4.00E-05,1,348.9747149,0,-0.080661913,1,6
3,audio,Task B ,1,2,1,0,9.00E-05,1,154.4247121,0,-0.308145125,2,3
3,audio,Task B ,2,3,1,0,9.00E-05,2,73.94694621,0,-0.625215634,2,7
3,audio,Task B ,2,3,1,0,0.00041,2,159.368934,0,1.112116586,4,7
4,audio,Task B ,1,2,1,0,9.00E-05,1,0.914028156,0,0.152057524,2,3
4,audio,Task B ,1,1,0,0,9.00E-05,2,281.2958502,0,-0.918223158,2,4
4,audio,Task B ,1,1,0,0,4.00E-05,2,91.34743648,0,1.132031125,1,4
4,audio,Task B ,2,2,0,0,9.00E-05,1,24.82298783,0,0.452612758,2,6
4,audio,Task B ,1,1,1,0,9.00E-05,1,21.6616422,0,-0.4308759,2,4
4,audio,Task B ,1,1,1,0,4.00E-05,1,324.5770816,0,-0.531548784,1,4
5,audio,Task B ,2,1,1,0,9.00E-05,2,239.4206139,0,-0.645994648,2,5
5,audio,Task B ,2,1,0,0,4.00E-05,1,170.6213322,0,0.05006475,1,5
5,audio,Task B ,2,3,0,0,0.00019,1,189.2401187,0,0.310754927,3,7
5,audio,Task B ,1,3,1,0,0.00019,1,0.800576669,0,-0.009218204,3,2
5,audio,Task B ,2,1,1,0,9.00E-05,2,336.4816386,0,-0.484239413,2,5
5,audio,Task B ,2,4,1,0,0.00019,2,165.108471,0,0.917307271,3,8
6,audio,Task B ,1,3,0,0,4.00E-05,2,287.6145872,0,1.752208102,1,2
6,audio,Task B ,2,3,1,0,4.00E-05,2,74.12290822,0,1.50496235,1,7
6,audio,Task B ,1,3,0,0,0.00019,2,282.205007,0,-1.485493325,3,2
6,audio,Task B ,2,3,0,0,0.00019,1,231.3501182,0,0.477333779,3,7
6,audio,Task B ,2,1,1,0,4.00E-05,2,111.7586632,0,-0.109738422,1,5
6,audio,Task B ,1,2,0,0,0.00019,2,338.2420088,0,0.201353054,3,3
7,audio,Task B ,1,4,1,0,0.00041,1,318.6059135,0,0.264270177,4,1
7,audio,Task B ,2,4,1,0,0.00019,2,87.2598257,0,-1.78755883,3,8
7,audio,Task B ,1,1,1,0,4.00E-05,1,82.04776547,0,-0.247713378,1,4
7,audio,Task B ,2,4,1,0,0.00041,2,193.650563,0,1.294353011,4,8
7,audio,Task B ,1,1,1,0,9.00E-05,1,179.1737293,0,0.567985456,2,4
7,audio,Task B ,1,4,1,0,0.00019,1,333.4314301,0,-0.146671433,3,1
8,audio,Task B ,1,1,1,0,0.00019,1,38.90673711,0,-0.153562191,3,4
8,audio,Task B ,2,2,0,0,9.00E-05,1,331.9341181,0,0.088875125,2,6
8,audio,Task B ,1,4,1,0,0.00041,1,16.54316673,0,-0.130948084,4,1
8,audio,Task B ,1,1,0,0,0.00019,2,356.4724183,0,0.026418156,3,4
8,audio,Task B ,1,2,0,0,0.00019,2,275.2030483,0,-0.107519178,3,3
8,audio,Task B ,1,4,0,0,0.00019,2,322.8926015,0,0.141496976,3,1
9,audio,Task B ,1,1,0,0,0.00019,2,224.5881789,0,0.205051271,3,4
9,audio,Task B ,1,1,0,0,0.00041,2,241.5411521,0,-1.195234322,4,4
9,audio,Task B ,2,4,1,0,0.00019,2,58.67722926,0,2.403049718,3,8
9,audio,Task B ,2,4,0,0,0.00041,1,56.53809304,0,-0.026514027,4,8
9,audio,Task B ,2,4,1,0,0.00019,2,359.8711281,0,-0.652046986,3,8
9,audio,Task B ,1,1,0,0,4.00E-05,2,276.1532651,0,-2.819792508,1,4
10,audio,Task B ,2,1,1,0,0.00019,2,13.27826725,0,-0.382984836,3,5
10,audio,Task B ,1,2,1,0,0.00041,1,94.56861925,0,0.030670523,4,3
10,audio,Task B ,2,2,1,0,0.00041,2,250.1337014,0,0.836537549,4,6
10,audio,Task B ,2,2,1,0,0.00041,2,266.4341805,0,-0.768012725,4,6
10,audio,Task B ,1,2,0,0,0.00019,2,227.552934,0,-0.220674756,3,3
10,audio,Task B ,2,1,1,0,0.00019,2,7.726688421,0,2.221937157,3,5
1,audio,Task B ,2,4,1,0,0.00041,2,52.53333219,0,1.285251022,4,8
1,audio,Task B ,1,2,0,0,0.00041,2,16.71707811,0,0.352894886,4,3
1,audio,Task B ,2,2,0,0,0.00041,1,89.00119422,0,-0.45070561,4,6
1,audio,Task B ,2,4,1,0,0.00041,2,135.3851847,0,-1.087690624,4,8
1,audio,Task B ,2,2,1,0,0.00019,2,342.7316728,0,-0.416728633,3,6
1,audio,Task B ,2,1,1,0,9.00E-05,2,67.51539956,0,0.804424717,2,5
2,audio,Task B ,2,1,0,0,0.00041,1,290.6567837,0,0.31000374,4,5
2,audio,Task B ,2,3,1,0,0.00019,2,266.9027016,0,-0.155141744,3,7
2,audio,Task B ,2,2,0,0,0.00019,1,160.5487398,0,-0.469958204,3,6
2,audio,Task B ,1,2,0,0,4.00E-05,2,243.7818438,0,0.124993764,1,3
2,audio,Task B ,2,2,1,0,9.00E-05,2,225.7475918,0,-0.668543777,2,6
2,audio,Task B ,2,1,1,0,4.00E-05,2,124.473841,0,1.650844743,1,5
3,audio,Task B ,1,4,1,0,0.00041,1,334.9760554,0,0.241436872,4,1
3,audio,Task B ,1,2,1,0,0.00019,1,224.6721776,0,0.100523613,3,3
3,audio,Task B ,2,4,1,0,4.00E-05,2,92.04392912,0,1.075197501,1,8
3,audio,Task B ,2,3,1,0,0.00019,2,14.10003168,0,0.831409359,3,7
3,audio,Task B ,2,1,1,0,0.00041,2,30.40864996,0,-2.368419334,4,5
3,audio,Task B ,1,4,1,0,0.00041,1,53.21663245,0,-0.011162622,4,1
4,audio,Task B ,1,3,1,0,0.00041,1,17.80340693,0,0.054764568,4,2
4,audio,Task B ,1,1,1,0,4.00E-05,1,146.6358137,0,0.076819675,1,4
4,audio,Task B ,1,2,1,0,9.00E-05,1,159.0393612,0,-0.440426871,2,3
4,audio,Task B ,2,3,0,0,0.00019,1,93.71465683,0,-0.470959442,3,7
4,audio,Task B ,1,2,1,0,9.00E-05,1,301.708529,0,0.023159037,2,3
4,audio,Task B ,1,3,1,0,0.00019,1,192.7247835,0,-0.529736209,3,2
5,audio,Task B ,2,1,1,0,4.00E-05,2,295.2141565,0,-2.914730263,1,5
5,audio,Task B ,1,3,1,0,0.00041,1,236.2019035,0,-0.402509878,4,2
5,audio,Task B ,2,1,0,0,9.00E-05,1,14.13245857,0,-0.306332915,2,5
5,audio,Task B ,1,1,1,0,4.00E-05,1,39.67385211,0,-0.195508903,1,4
5,audio,Task B ,2,1,0,0,4.00E-05,1,147.6520765,0,-0.287757317,1,5
5,audio,Task B ,1,1,1,0,9.00E-05,1,313.1069823,0,-0.535474077,2,4
6,audio,Task B ,1,2,0,0,0.00019,2,220.2007348,0,-1.038328782,3,3
6,audio,Task B ,1,3,1,0,9.00E-05,1,149.4265022,0,0.218431982,2,2
6,audio,Task B ,1,3,1,0,4.00E-05,1,307.8730602,0,-0.45091494,1,2
6,audio,Task B ,1,2,0,0,0.00019,2,309.7132091,0,-1.570035559,3,3
6,audio,Task B ,2,4,1,0,0.00041,2,49.1125778,0,1.126408726,4,8
6,audio,Task B ,2,4,1,0,9.00E-05,2,190.2066983,0,1.513659108,2,8
7,audio,Task B ,1,1,0,0,9.00E-05,2,129.5868366,0,-0.691316832,2,4
7,audio,Task B ,1,1,0,0,4.00E-05,2,204.6530934,0,-0.228373494,1,4
7,audio,Task B ,1,1,0,0,4.00E-05,2,306.2373324,0,-2.129085854,1,4
7,audio,Task B ,1,1,0,0,9.00E-05,2,109.3879052,0,-0.105927606,2,4
7,audio,Task B ,1,4,0,0,0.00041,2,147.107979,0,-1.187479153,4,1
7,audio,Task B ,1,1,1,0,9.00E-05,1,331.1241332,0,-0.021072665,2,4
8,audio,Task B ,2,1,0,0,0.00019,1,250.8842946,0,0.221454971,3,5
8,audio,Task B ,2,3,0,0,0.00041,1,343.8562729,0,0.337133401,4,7
8,audio,Task B ,2,1,1,0,0.00019,2,290.4400701,0,-1.363358185,3,5
8,audio,Task B ,1,4,1,0,0.00019,1,15.04553757,0,0.450251409,3,1
8,audio,Task B ,2,1,0,0,9.00E-05,1,318.0928296,0,0.282696005,2,5
8,audio,Task B ,1,3,0,0,0.00041,2,40.29497291,0,-0.184149486,4,2
9,audio,Task B ,1,4,1,0,0.00041,1,87.86925161,0,0.133108657,4,1
9,audio,Task B ,1,4,0,0,0.00041,2,161.3871545,0,-0.023617533,4,1
9,audio,Task B ,2,1,1,0,9.00E-05,2,25.60569971,0,0.925282159,2,5
9,audio,Task B ,1,1,0,0,0.00019,2,311.3298124,0,-2.05056419,3,4
9,audio,Task B ,1,1,0,0,0.00019,2,358.5506217,0,1.467771802,3,4
9,audio,Task B ,1,1,0,0,9.00E-05,2,310.93945,0,1.493260008,2,4
10,audio,Task B ,2,2,1,0,0.00041,2,109.9335158,0,-2.791303164,4,6
10,audio,Task B ,1,1,1,0,9.00E-05,1,220.3860278,0,-0.466882756,2,4
10,audio,Task B ,1,1,1,0,9.00E-05,1,295.5568409,0,0.021680745,2,4
10,audio,Task B ,2,2,1,0,0.00041,2,273.7646202,0,1.150065075,4,6
10,audio,Task B ,2,2,1,0,0.00019,2,275.6838773,0,-1.639885595,3,6
10,audio,Task B ,1,1,1,0,0.00041,1,260.4376401,0,-0.265584227,4,4
1,audio,Task B ,1,2,1,0,9.00E-05,1,239.4246054,0,0.47844589,2,3
1,audio,Task B ,1,2,1,0,0.00019,1,104.3509495,0,0.297293526,3,3
1,audio,Task B ,1,1,1,0,4.00E-05,1,313.1370146,0,0.436608912,1,4
1,audio,Task B ,1,3,1,0,0.00019,1,18.99278528,0,0.51999653,3,2
1,audio,Task B ,2,2,1,0,0.00041,2,266.5883059,0,0.517764328,4,6
1,audio,Task B ,1,2,1,0,0.00041,1,155.6662286,0,0.340801871,4,3
2,audio,Task B ,2,1,1,0,4.00E-05,2,235.3008392,0,-1.790889467,1,5
2,audio,Task B ,2,2,0,0,0.00041,1,268.630841,0,0.225494056,4,6
2,audio,Task B ,1,3,1,0,0.00041,1,299.9627995,0,-0.039826753,4,2
2,audio,Task B ,1,3,1,0,9.00E-05,1,167.7693452,0,0.125352973,2,2
2,audio,Task B ,2,1,1,0,4.00E-05,2,77.62637645,0,3.061530021,1,5
2,audio,Task B ,2,2,1,0,9.00E-05,2,58.53198799,0,0.630835209,2,6
3,audio,Task B ,2,4,1,0,9.00E-05,2,237.8091489,0,1.969632492,2,8
3,audio,Task B ,2,3,0,0,4.00E-05,1,195.7508662,0,0.276111194,1,7
3,audio,Task B ,2,4,1,0,9.00E-05,2,106.7717963,0,-1.54849817,2,8
3,audio,Task B ,1,3,0,0,0.00041,2,130.775219,0,0.295268989,4,2
3,audio,Task B ,2,4,1,0,4.00E-05,2,290.3342651,0,-1.259396719,1,8
3,audio,Task B ,1,4,1,0,0.00041,1,131.9181388,0,0.010547097,4,1
4,audio,Task B ,2,2,1,0,0.00041,2,7.369487748,0,-0.325531475,4,6
4,audio,Task B ,1,3,0,0,0.00041,2,103.627578,0,0.588540969,4,2
4,audio,Task B ,1,3,1,0,0.00041,1,196.931317,0,-0.018586131,4,2
4,audio,Task B ,1,2,0,0,0.00019,2,89.46846865,0,-1.988085899,3,3
4,audio,Task B ,1,3,0,0,0.00019,2,173.4068572,0,0.360412472,3,2
4,audio,Task B ,1,3,1,0,0.00041,1,22.13257502,0,0.161454748,4,2
5,audio,Task B ,1,3,0,0,9.00E-05,2,349.8130939,0,0.162948738,2,2
5,audio,Task B ,1,3,1,0,9.00E-05,1,228.8227868,0,0.126136674,2,2
5,audio,Task B ,1,4,1,0,0.00019,1,96.98373393,0,-0.148602462,3,1
5,audio,Task B ,1,3,0,0,4.00E-05,2,244.7968333,0,0.464943442,1,2
5,audio,Task B ,1,2,1,0,4.00E-05,1,43.68636823,0,-0.379289177,1,3
5,audio,Task B ,2,4,1,0,0.00019,2,288.0550747,0,1.223835069,3,8
6,audio,Task B ,2,2,0,0,9.00E-05,1,224.999185,0,0.28579387,2,6
6,audio,Task B ,2,3,1,0,0.00041,2,89.42505362,0,-1.915103892,4,7
6,audio,Task B ,1,3,0,0,0.00041,2,337.2560134,0,-0.742815293,4,2
6,audio,Task B ,1,3,1,0,4.00E-05,1,9.718064218,0,0.734104561,1,2
6,audio,Task B ,1,3,1,0,0.00041,1,340.1733958,0,-0.079552388,4,2
6,audio,Task B ,2,3,1,0,0.00041,2,56.76121949,0,1.555481974,4,7
7,audio,Task B ,2,4,0,0,0.00019,1,56.8646331,0,0.389685485,3,8
7,audio,Task B ,1,1,0,0,9.00E-05,2,338.1937503,0,-2.14952872,2,4
7,audio,Task B ,1,1,1,0,4.00E-05,1,256.2169322,0,0.228418945,1,4
7,audio,Task B ,1,4,0,0,0.00019,2,104.3146309,0,0.573040941,3,1
7,audio,Task B ,1,1,0,0,4.00E-05,2,276.8476752,0,-0.231298434,1,4
7,audio,Task B ,1,1,1,0,4.00E-05,1,51.41436728,0,-0.094290547,1,4
8,audio,Task B ,2,1,1,0,4.00E-05,2,23.88450405,0,-0.461866398,1,5
8,audio,Task B ,2,1,0,0,0.00019,1,95.6788413,0,0.057987426,3,5
8,audio,Task B ,2,1,1,0,4.00E-05,2,52.80858724,0,3.095362232,1,5
8,audio,Task B ,2,3,1,0,0.00019,2,287.7609924,0,0.515610884,3,7
8,audio,Task B ,1,1,0,0,9.00E-05,2,350.6967409,0,-3.235819668,2,4
8,audio,Task B ,1,1,1,0,0.00019,1,167.8504442,0,0.239825953,3,4
9,audio,Task B ,2,4,1,0,0.00041,2,96.7078891,0,0.176946424,4,8
9,audio,Task B ,2,4,1,0,0.00019,2,177.7983781,0,2.584968609,3,8
9,audio,Task B ,1,1,1,0,4.00E-05,1,221.5807965,0,-0.195640563,1,4
9,audio,Task B ,1,3,0,0,9.00E-05,2,85.09492084,0,-1.592523669,2,2
9,audio,Task B ,1,1,0,0,4.00E-05,2,133.4351328,0,-0.765713728,1,4
9,audio,Task B ,2,4,1,0,0.00019,2,36.61146518,0,1.185640695,3,8
10,audio,Task B ,1,1,1,0,0.00041,1,205.9605645,0,-0.230721255,4,4
10,audio,Task B ,2,1,0,0,0.00041,1,129.4362665,0,0.186049315,4,5
10,audio,Task B ,2,1,0,0,9.00E-05,1,276.0414558,0,0.066542585,2,5
10,audio,Task B ,2,1,1,0,9.00E-05,2,171.3243062,0,1.539934305,2,5
10,audio,Task B ,2,1,0,0,4.00E-05,1,353.8724552,0,-0.221004568,1,5
10,audio,Task B ,1,2,0,0,9.00E-05,2,254.6611978,0,-0.788404017,2,3
1,audio,Task B ,2,4,1,0,4.00E-05,2,119.6034726,0,-1.014452646,1,8
1,audio,Task B ,2,4,1,0,0.00019,2,243.1921964,0,-0.901818402,3,8
1,audio,Task B ,2,2,1,0,0.00041,2,44.31016793,0,0.860467955,4,6
1,audio,Task B ,2,3,1,0,0.00041,2,185.1383236,0,-0.757045913,4,7
1,audio,Task B ,2,4,1,0,0.00019,2,284.3106493,0,2.320834204,3,8
1,audio,Task B ,2,4,1,0,0.00041,2,305.1740863,0,-2.064621184,4,8
2,audio,Task B ,1,3,0,0,0.00019,2,100.1715191,0,0.28528139,3,2
2,audio,Task B ,1,2,1,0,4.00E-05,1,351.008601,0,-0.037341691,1,3
2,audio,Task B ,2,3,0,0,0.00019,1,114.4647857,0,0.034484704,3,7
2,audio,Task B ,1,3,1,0,4.00E-05,1,120.3813377,0,-0.457948559,1,2
2,audio,Task B ,1,2,0,0,0.00041,2,336.9870499,0,0.093618813,4,3
2,audio,Task B ,1,3,0,0,0.00041,2,297.7436831,0,0.238978871,4,2
3,audio,Task B ,1,3,1,0,4.00E-05,1,250.1883298,0,0.123613589,1,2
3,audio,Task B ,1,4,1,0,0.00041,1,10.87823884,0,0.063572294,4,1
3,audio,Task B ,1,3,1,0,9.00E-05,1,340.4303189,0,0.127999366,2,2
3,audio,Task B ,1,1,1,0,0.00019,1,72.93699489,0,0.455461951,3,4
3,audio,Task B ,2,1,0,0,4.00E-05,1,331.1428606,0,0.150210936,1,5
3,audio,Task B ,2,4,1,0,0.00041,2,240.9786048,0,-0.688047551,4,8
4,audio,Task B ,1,2,1,0,4.00E-05,1,323.0933559,0,-0.175260916,1,3
4,audio,Task B ,1,1,1,0,9.00E-05,1,31.50290005,0,0.419181353,2,4
4,audio,Task B ,1,3,1,0,0.00041,1,91.43626866,0,0.235429379,4,2
4,audio,Task B ,1,2,1,0,9.00E-05,1,292.8981289,0,-0.099519652,2,3
4,audio,Task B ,1,2,1,0,4.00E-05,1,3.50724823,0,-0.442172754,1,3
4,audio,Task B ,1,3,1,0,0.00019,1,155.4486052,0,0.565177562,3,2
5,audio,Task B ,1,3,0,0,0.00019,2,209.7419692,0,0.701461146,3,2
5,audio,Task B ,2,1,0,0,9.00E-05,1,11.74360037,0,0.348332627,2,5
5,audio,Task B ,2,4,1,0,0.00019,2,182.3146949,0,-2.236072233,3,8
5,audio,Task B ,1,1,1,0,4.00E-05,1,93.57367497,0,-0.273501139,1,4
5,audio,Task B ,2,1,1,0,4.00E-05,2,268.4258641,0,-2.128904961,1,5
5,audio,Task B ,2,4,0,0,0.00019,1,57.57690364,0,0.811092992,3,8
6,audio,Task B ,2,2,0,0,0.00019,1,27.73125264,0,0.34240213,3,6
6,audio,Task B ,2,3,1,0,0.00019,2,98.64484991,0,1.778781684,3,7
6,audio,Task B ,1,3,0,0,4.00E-05,2,192.7203338,0,-2.028336212,1,2
6,audio,Task B ,1,2,0,0,4.00E-05,2,147.8615147,0,0.053074429,1,3
6,audio,Task B ,2,1,1,0,4.00E-05,2,106.5709918,0,1.489949947,1,5
6,audio,Task B ,2,3,1,0,0.00019,2,114.4548842,0,0.649317807,3,7
7,audio,Task B ,2,4,1,0,0.00019,2,109.4016579,0,-1.722351347,3,8
7,audio,Task B ,2,4,1,0,9.00E-05,2,37.29416386,0,2.444236425,2,8
7,audio,Task B ,1,4,1,0,0.00041,1,177.6917764,0,-0.27559095,4,1
7,audio,Task B ,2,4,0,0,9.00E-05,1,186.255548,0,0.569360351,2,8
7,audio,Task B ,1,1,0,0,0.00041,2,102.284502,0,0.444277999,4,4
7,audio,Task B ,1,4,1,0,9.00E-05,1,322.4467189,0,0.212637348,2,1
8,audio,Task B ,1,1,0,0,9.00E-05,2,137.0068842,0,-0.572381209,2,4
8,audio,Task B ,2,2,1,0,0.00019,2,74.41458562,0,-0.491276845,3,6
8,audio,Task B ,2,1,0,0,9.00E-05,1,1.498449679,0,0.55951144,2,5
8,audio,Task B ,1,1,0,0,9.00E-05,2,34.14198573,0,-0.753455238,2,4
8,audio,Task B ,1,1,1,0,9.00E-05,1,327.1409391,0,0.162796848,2,4
8,audio,Task B ,1,4,1,0,0.00041,1,181.6100701,0,-0.430410787,4,1
9,audio,Task B ,1,4,1,0,9.00E-05,1,312.7051085,0,-0.059848811,2,1
9,audio,Task B ,1,3,0,0,0.00019,2,193.7554271,0,1.460593981,3,2
9,audio,Task B ,1,2,0,0,0.00041,2,268.8980741,0,0.203022349,4,3
9,audio,Task B ,1,4,1,0,0.00041,1,274.9073855,0,0.35916198,4,1
9,audio,Task B ,1,1,0,0,4.00E-05,2,221.775705,0,0.006317293,1,4
9,audio,Task B ,1,4,1,0,0.00041,1,320.4262975,0,0.45910331,4,1
10,audio,Task B ,1,1,0,0,4.00E-05,2,103.44816,0,-0.288433261,1,4
10,audio,Task B ,2,2,1,0,0.00019,2,123.4223805,0,1.705299142,3,6
10,audio,Task B ,2,2,0,0,0.00041,1,236.3563988,0,-0.586534668,4,6
10,audio,Task B ,2,2,1,0,0.00019,2,44.32764964,0,-1.583471958,3,6
10,audio,Task B ,2,1,1,0,9.00E-05,2,312.8665661,0,-1.518282463,2,5
10,audio,Task B ,2,1,1,0,0.00041,2,262.109748,0,-0.294937276,4,5
1,audio,Task B ,1,2,1,0,9.00E-05,1,39.92705434,0,-0.062021478,2,3
1,audio,Task B ,2,4,1,0,0.00041,2,151.1191953,0,-0.884582969,4,8
1,audio,Task B ,1,3,0,0,0.00041,2,92.3863166,0,-0.247591844,4,2
1,audio,Task B ,1,2,1,0,0.00041,1,1.708491629,0,-0.411295773,4,3
1,audio,Task B ,2,3,1,0,4.00E-05,2,74.02365004,0,-0.528488824,1,7
1,audio,Task B ,1,2,0,0,0.00041,2,110.2483528,0,-0.044061289,4,3
2,audio,Task B ,1,2,1,0,9.00E-05,1,262.7739915,0,0.287614327,2,3
2,audio,Task B ,2,1,0,0,9.00E-05,1,22.76659674,0,0.282982421,2,5
2,audio,Task B ,1,2,0,0,0.00041,2,141.7257624,0,0.348488986,4,3
2,audio,Task B ,1,2,1,0,0.00041,1,130.6694356,0,0.119245921,4,3
2,audio,Task B ,1,1,0,0,0.00019,2,170.6737156,0,-1.277849338,3,4
2,audio,Task B ,1,2,1,0,9.00E-05,1,182.2159199,0,-0.101154603,2,3
3,audio,Task B ,1,4,1,0,0.00041,1,117.6355971,0,0.241111928,4,1
3,audio,Task B ,1,1,1,0,9.00E-05,1,131.9247506,0,0.566818633,2,4
3,audio,Task B ,2,4,1,0,9.00E-05,2,173.686943,0,1.309532975,2,8
3,audio,Task B ,2,2,1,0,9.00E-05,2,208.1854659,0,0.583450997,2,6
3,audio,Task B ,1,3,1,0,0.00041,1,332.0886507,0,-0.024723627,4,2
3,audio,Task B ,1,3,0,0,0.00019,2,4.645299876,0,1.313869128,3,2
4,audio,Task B ,1,3,1,0,0.00019,1,302.710763,0,0.012535213,3,2
4,audio,Task B ,2,4,1,0,0.00041,2,245.0237859,0,-2.487998398,4,8
4,audio,Task B ,1,3,1,0,9.00E-05,1,216.7846915,0,0.389621337,2,2
4,audio,Task B ,1,3,0,0,9.00E-05,2,61.31582227,0,0.247067521,2,2
4,audio,Task B ,1,1,0,0,4.00E-05,2,53.68178203,0,-0.783069829,1,4
4,audio,Task B ,1,3,1,0,0.00041,1,208.4528468,0,-0.22230541,4,2
5,audio,Task B ,1,3,1,0,0.00041,1,123.5357643,0,-0.261279012,4,2
5,audio,Task B ,1,1,1,0,4.00E-05,1,76.38808437,0,-0.324466326,1,4
5,audio,Task B ,2,4,1,0,9.00E-05,2,9.886690687,0,1.385448662,2,8
5,audio,Task B ,1,1,0,0,9.00E-05,2,218.2446316,0,0.644926349,2,4
5,audio,Task B ,1,3,0,0,0.00019,2,180.8099189,0,-0.458169015,3,2
5,audio,Task B ,1,1,1,0,0.00019,1,138.5772413,0,-0.088735289,3,4
6,audio,Task B ,2,2,1,0,0.00019,2,97.47798297,0,-1.664291272,3,6
6,audio,Task B ,2,3,0,0,0.00041,1,344.3962974,0,-0.217313057,4,7
6,audio,Task B ,2,3,0,0,0.00041,1,227.4750989,0,0.556855489,4,7
6,audio,Task B ,2,3,1,0,0.00019,2,199.1143598,0,-1.911073335,3,7
6,audio,Task B ,1,3,0,0,4.00E-05,2,275.2696616,0,0.613220872,1,2
6,audio,Task B ,2,4,0,0,4.00E-05,1,118.9414171,0,-0.051726013,1,8
7,audio,Task B ,1,4,0,0,0.00041,2,167.440259,0,2.095069122,4,1
7,audio,Task B ,2,1,1,0,4.00E-05,2,52.48683918,0,-0.292766355,1,5
7,audio,Task B ,1,1,0,0,4.00E-05,2,80.84904205,0,0.127281203,1,4
7,audio,Task B ,1,1,1,0,0.00019,1,109.8399516,0,-0.026827328,3,4
7,audio,Task B ,1,1,1,0,0.00041,1,303.9000435,0,0.088762504,4,4
7,audio,Task B ,2,1,0,0,0.00041,1,286.1483417,0,-0.134358848,4,5
8,audio,Task B ,2,1,0,0,9.00E-05,1,308.5151526,0,-0.297742066,2,5
8,audio,Task B ,2,3,1,0,0.00019,2,169.0030202,0,1.159040776,3,7
8,audio,Task B ,2,1,1,0,4.00E-05,2,151.8641486,0,-0.643629852,1,5
8,audio,Task B ,2,1,1,0,9.00E-05,2,25.2770869,0,0.655556167,2,5
8,audio,Task B ,1,4,1,0,0.00041,1,200.649944,0,0.120983853,4,1
8,audio,Task B ,1,3,1,0,0.00041,1,57.91455848,0,0.071869467,4,2
9,audio,Task B ,2,1,0,0,0.00019,1,156.9609831,0,-0.150093032,3,5
9,audio,Task B ,2,1,1,0,4.00E-05,2,165.4041302,0,2.191508174,1,5
9,audio,Task B ,1,2,1,0,4.00E-05,1,241.0215235,0,0.085352333,1,3
9,audio,Task B ,1,1,1,0,9.00E-05,1,351.2279506,0,-0.26032594,2,4
9,audio,Task B ,1,1,1,0,0.00019,1,144.4788169,0,0.122371977,3,4
9,audio,Task B ,1,1,0,0,0.00041,2,222.9342408,0,-3.022177164,4,4
10,audio,Task B ,2,2,1,0,0.00019,2,154.7771337,0,1.363771396,3,6
10,audio,Task B ,1,1,0,0,9.00E-05,2,109.1639453,0,-0.882308131,2,4
10,audio,Task B ,2,2,1,0,0.00041,2,328.48014,0,0.799280618,4,6
10,audio,Task B ,1,2,0,0,0.00041,2,12.12966172,0,-0.015295119,4,3
10,audio,Task B ,1,2,0,0,0.00041,2,94.44068357,0,-0.247985366,4,3
10,audio,Task B ,1,1,1,0,9.00E-05,1,40.4550076,0,0.153950508,2,4
1,audio,Task B ,1,2,1,0,9.00E-05,1,358.3176145,0,0.446190953,2,3
1,audio,Task B ,2,1,1,0,4.00E-05,2,157.2397124,0,0.621026878,1,5
1,audio,Task B ,1,2,0,0,0.00019,2,320.9847575,0,0.084468442,3,3
1,audio,Task B ,2,2,1,0,9.00E-05,2,307.4858461,0,-1.207848454,2,6
1,audio,Task B ,2,2,0,0,0.00019,1,113.9164021,0,0.564680464,3,6
1,audio,Task B ,2,1,0,0,9.00E-05,1,16.3966348,0,-0.258598059,2,5
2,audio,Task B ,2,2,0,0,0.00041,1,99.88953407,0,-0.420395713,4,6
2,audio,Task B ,2,2,0,0,0.00041,1,153.862582,0,0.543721967,4,6
2,audio,Task B ,1,2,1,0,4.00E-05,1,256.4059048,0,0.432605997,1,3
2,audio,Task B ,2,3,0,0,0.00019,1,84.32479075,0,-0.198186251,3,7
2,audio,Task B ,2,1,0,0,0.00041,1,213.1748471,0,-0.226259418,4,5
2,audio,Task B ,2,3,1,0,4.00E-05,2,286.7372055,0,1.009683393,1,7
3,audio,Task B ,1,1,0,0,4.00E-05,2,241.3428927,0,0.279335703,1,4
3,audio,Task B ,1,4,0,0,9.00E-05,2,38.23714226,0,0.05930039,2,1
3,audio,Task B ,1,1,0,0,9.00E-05,2,158.9017481,0,0.467686363,2,4
3,audio,Task B ,1,3,1,0,0.00041,1,125.3944162,0,-0.401832196,4,2
3,audio,Task B ,1,4,1,0,0.00041,1,172.4836899,0,-0.111573461,4,1
3,audio,Task B ,1,3,1,0,4.00E-05,1,137.3937809,0,-0.187535501,1,2
4,audio,Task B ,1,2,0,0,0.00041,2,28.48613597,0,-0.349736614,4,3
4,audio,Task B ,1,3,1,0,0.00041,1,39.49411946,0,-0.444762345,4,2
4,audio,Task B ,1,3,0,0,0.00041,2,158.1450962,0,0.530309009,4,2
4,audio,Task B ,1,1,0,0,4.00E-05,2,294.8251414,0,1.195788962,1,4
4,audio,Task B ,1,1,1,0,4.00E-05,1,103.8547077,0,-0.020206486,1,4
4,audio,Task B ,1,3,1,0,9.00E-05,1,52.91066088,0,0.250310577,2,2
5,audio,Task B ,1,1,1,0,4.00E-05,1,93.04307079,0,-0.012741267,1,4
5,audio,Task B ,2,1,0,0,0.00019,1,179.6703368,0,-0.269665844,3,5
5,audio,Task B ,1,4,1,0,9.00E-05,1,103.9395394,0,0.059822381,2,1
5,audio,Task B ,1,4,1,0,4.00E-05,1,149.5172738,0,0.500920457,1,1
5,audio,Task B ,1,2,1,0,4.00E-05,1,340.666896,0,0.328466293,1,3
5,audio,Task B ,1,2,1,0,0.00041,1,198.4092882,0,-0.315985739,4,3
6,audio,Task B ,2,3,1,0,9.00E-05,2,278.3977626,0,-0.534368192,2,7
6,audio,Task B ,1,3,1,0,0.00019,1,7.435147701,0,-0.089178747,3,2
6,audio,Task B ,2,3,0,0,0.00041,1,345.3822407,0,-0.231816221,4,7
6,audio,Task B ,2,3,1,0,9.00E-05,2,344.7719291,0,2.021178025,2,7
6,audio,Task B ,1,3,1,0,0.00019,1,190.6813197,0,-0.228727039,3,2
6,audio,Task B ,2,3,0,0,0.00019,1,90.37465097,0,-0.203494842,3,7
7,audio,Task B ,2,4,1,0,0.00041,2,137.7274669,0,-0.332450275,4,8
7,audio,Task B ,1,1,1,0,4.00E-05,1,12.14754785,0,0.131425431,1,4
7,audio,Task B ,2,4,1,0,0.00041,2,34.17616382,0,1.542914416,4,8
7,audio,Task B ,1,4,0,0,0.00041,2,25.83401769,0,-0.066445893,4,1
7,audio,Task B ,1,4,0,0,0.00041,2,348.8152163,0,0.151942753,4,1
7,audio,Task B ,1,4,0,0,0.00019,2,55.41124477,0,-0.865859742,3,1
8,audio,Task B ,1,1,1,0,9.00E-05,1,210.0829352,0,-0.029056893,2,4
8,audio,Task B ,2,1,0,0,0.00041,1,202.2831491,0,0.447280333,4,5
8,audio,Task B ,2,1,1,0,0.00019,2,327.4984445,0,-1.184157823,3,5
8,audio,Task B ,1,1,1,0,9.00E-05,1,133.2126898,0,0.003317877,2,4
8,audio,Task B ,2,2,0,0,0.00041,1,2.403834811,0,0.326452057,4,6
8,audio,Task B ,1,1,0,0,9.00E-05,2,89.54857259,0,-1.080213606,2,4
9,audio,Task B ,2,4,0,0,0.00019,1,175.8575221,0,0.517682871,3,8
9,audio,Task B ,1,1,1,0,0.00019,1,22.22042905,0,-0.18332884,3,4
9,audio,Task B ,1,1,1,0,9.00E-05,1,255.7664575,0,0.248365811,2,4
9,audio,Task B ,1,1,0,0,4.00E-05,2,33.28148131,0,-0.134366166,1,4
9,audio,Task B ,1,4,1,0,0.00041,1,350.2424067,0,-0.013211271,4,1
9,audio,Task B ,1,4,1,0,0.00041,1,340.3018401,0,0.352510677,4,1
10,audio,Task B ,1,1,0,0,4.00E-05,2,275.3433168,0,0.595004291,1,4
10,audio,Task B ,2,2,0,0,0.00041,1,337.7039398,0,-0.809232788,4,6
10,audio,Task B ,2,1,0,0,0.00041,1,68.99476523,0,-0.209647053,4,5
10,audio,Task B ,1,1,0,0,4.00E-05,2,113.8622643,0,-0.377809767,1,4
10,audio,Task B ,1,1,0,0,9.00E-05,2,166.3633542,0,-0.512395108,2,4
10,audio,Task B ,1,1,0,0,4.00E-05,2,142.1013825,0,-0.321308668,1,4
1,audio,Task B ,1,3,1,0,0.00019,1,67.03853854,0,0.016696276,3,2
1,audio,Task B ,2,2,1,0,0.00019,2,201.8639527,0,1.714848597,3,6
1,audio,Task B ,2,2,0,0,0.00041,1,26.41644682,0,-0.248450273,4,6
1,audio,Task B ,1,2,0,0,0.00041,2,304.2252216,0,-0.169044815,4,3
1,audio,Task B ,2,3,1,0,9.00E-05,2,154.6674393,0,0.864753558,2,7
1,audio,Task B ,2,4,1,0,0.00019,2,67.70376878,0,-1.793351873,3,8
2,audio,Task B ,2,4,1,0,0.00041,2,71.32988154,0,1.38636295,4,8
2,audio,Task B ,1,2,1,0,4.00E-05,1,11.47058995,0,0.649000595,1,3
2,audio,Task B ,1,2,0,0,9.00E-05,2,141.9128068,0,-1.440211175,2,3
2,audio,Task B ,1,2,0,0,9.00E-05,2,17.66150197,0,-0.319552406,2,3
2,audio,Task B ,2,1,0,0,0.00019,1,62.78579644,0,-0.641050859,3,5
2,audio,Task B ,2,4,1,0,4.00E-05,2,352.6959901,0,-0.083732305,1,8
3,audio,Task B ,1,3,0,0,0.00041,2,34.18150602,0,0.195895858,4,2
3,audio,Task B ,2,4,1,0,4.00E-05,2,166.2041467,0,1.564764115,1,8
3,audio,Task B ,1,2,0,0,0.00041,2,71.65064952,0,0.415249115,4,3
3,audio,Task B ,2,4,1,0,4.00E-05,2,349.923209,0,-1.626954898,1,8
3,audio,Task B ,2,1,0,0,0.00019,1,271.2442299,0,0.314796671,3,5
3,audio,Task B ,1,4,0,0,0.00019,2,196.0484698,0,-0.242038617,3,1
4,audio,Task B ,1,2,0,0,9.00E-05,2,308.5072676,0,-0.017594927,2,3
4,audio,Task B ,1,1,0,0,4.00E-05,2,350.7261834,0,-0.619818535,1,4
4,audio,Task B ,1,3,1,0,0.00041,1,257.2379154,0,-0.493714574,4,2
4,audio,Task B ,1,1,1,0,9.00E-05,1,138.8182246,0,0.18307685,2,4
4,audio,Task B ,1,3,1,0,0.00019,1,161.7287129,0,0.321805171,3,2
4,audio,Task B ,1,1,0,0,4.00E-05,2,231.4141817,0,-3.079271249,1,4
5,audio,Task B ,1,3,0,0,0.00019,2,83.59023366,0,0.722231521,3,2
5,audio,Task B ,1,4,1,0,9.00E-05,1,234.3945084,0,0.261853456,2,1
5,audio,Task B ,2,4,1,0,0.00041,2,292.6416352,0,2.890053931,4,8
5,audio,Task B ,1,4,1,0,0.00019,1,182.9193182,0,-0.007976061,3,1
5,audio,Task B ,2,1,0,0,4.00E-05,1,234.8833593,0,0.538745128,1,5
5,audio,Task B ,1,1,1,0,4.00E-05,1,60.95695888,0,0.435682797,1,4
6,audio,Task B ,2,3,1,0,0.00041,2,261.0077128,0,1.440389115,4,7
6,audio,Task B ,2,3,0,0,9.00E-05,1,270.0075735,0,-0.028746942,2,7
6,audio,Task B ,2,3,0,0,0.00019,1,185.5111487,0,-0.148809634,3,7
6,audio,Task B ,2,3,1,0,4.00E-05,2,136.6393647,0,0.695896666,1,7
6,audio,Task B ,2,1,0,0,9.00E-05,1,173.595731,0,-0.121728928,2,5
6,audio,Task B ,2,3,1,0,0.00041,2,6.642342718,0,0.28367631,4,7
7,audio,Task B ,2,4,1,0,0.00019,2,123.6446603,0,-0.324288186,3,8
7,audio,Task B ,1,4,0,0,0.00019,2,240.2844395,0,-2.075306591,3,1
7,audio,Task B ,1,1,0,0,9.00E-05,2,167.3979476,0,-0.850341806,2,4
7,audio,Task B ,1,1,0,0,9.00E-05,2,204.9446846,0,-0.676699327,2,4
7,audio,Task B ,1,1,1,0,4.00E-05,1,170.9748105,0,0.25570578,1,4
7,audio,Task B ,1,4,0,0,9.00E-05,2,303.1042396,0,1.297266696,2,1
8,audio,Task B ,1,1,0,0,0.00041,2,196.6500479,0,-1.600377092,4,4
8,audio,Task B ,1,2,0,0,9.00E-05,2,123.1092198,0,-0.52128152,2,3
8,audio,Task B ,2,1,0,0,9.00E-05,1,298.6450349,0,0.679184747,2,5
8,audio,Task B ,1,1,1,0,4.00E-05,1,128.0886132,0,0.366100665,1,4
8,audio,Task B ,1,1,1,0,4.00E-05,1,168.0885084,0,0.15951035,1,4
8,audio,Task B ,1,1,1,0,0.00019,1,135.320964,0,0.100249235,3,4
9,audio,Task B ,1,4,0,0,0.00041,2,14.23178536,0,-0.061481645,4,1
9,audio,Task B ,2,1,0,0,9.00E-05,1,290.1169551,0,0.100349959,2,5
9,audio,Task B ,1,1,1,0,4.00E-05,1,305.2542656,0,0.46338493,1,4
9,audio,Task B ,2,4,0,0,0.00041,1,281.6496244,0,0.206490948,4,8
9,audio,Task B ,1,1,1,0,0.00041,1,33.32941613,0,0.121189174,4,4
9,audio,Task B ,1,3,1,0,0.00019,1,338.3545723,0,-0.349466301,3,2
10,audio,Task B ,2,1,0,0,0.00041,1,81.46091857,0,-0.348980227,4,5
10,audio,Task B ,2,2,0,0,0.00019,1,343.9705339,0,0.336117429,3,6
10,audio,Task B ,1,1,1,0,9.00E-05,1,105.0157253,0,0.675662623,2,4
10,audio,Task B ,1,1,0,0,4.00E-05,2,97.94853072,0,-0.908997385,1,4
10,audio,Task B ,1,2,1,0,0.00019,1,162.055481,0,-0.042606982,3,3
10,audio,Task B ,1,1,0,0,9.00E-05,2,158.6259952,0,-0.836976451,2,4
1,audio,Task B ,1,2,1,0,4.00E-05,1,75.22222167,0,0.770295847,1,3
1,audio,Task B ,1,1,0,0,4.00E-05,2,339.8495924,0,0.058403216,1,4
1,audio,Task B ,1,1,1,0,4.00E-05,1,242.779454,0,0.037628863,1,4
1,audio,Task B ,1,2,1,0,0.00019,1,48.87520248,0,-0.032678376,3,3
1,audio,Task B ,2,3,0,0,0.00041,1,196.0423597,0,-0.675817445,4,7
1,audio,Task B ,2,2,0,0,4.00E-05,1,192.0070016,0,0.401382306,1,6
2,audio,Task B ,1,2,1,0,9.00E-05,1,228.5203155,0,0.619380917,2,3
2,audio,Task B ,2,2,0,0,0.00019,1,209.6411455,0,0.251247815,3,6
2,audio,Task B ,2,1,0,0,4.00E-05,1,241.2692297,0,-0.328537627,1,5
2,audio,Task B ,1,2,1,0,0.00041,1,140.2410236,0,-0.162573884,4,3
2,audio,Task B ,2,2,1,0,4.00E-05,2,307.0506908,0,2.046002154,1,6
2,audio,Task B ,2,4,1,0,0.00041,2,88.86415958,0,-2.153908992,4,8
3,audio,Task B ,2,3,1,0,9.00E-05,2,196.5158597,0,1.132589355,2,7
3,audio,Task B ,1,2,1,0,0.00041,1,289.9253209,0,-0.148748652,4,3
3,audio,Task B ,1,2,1,0,9.00E-05,1,223.0555254,0,0.275675913,2,3
3,audio,Task B ,1,1,0,0,0.00041,2,61.67182582,0,-1.669444698,4,4
3,audio,Task B ,2,1,1,0,0.00041,2,244.7544326,0,1.172127104,4,5
3,audio,Task B ,2,2,0,0,4.00E-05,1,43.54554725,0,0.020265281,1,6
4,audio,Task B ,1,3,1,0,0.00041,1,245.6143457,0,-0.051914589,4,2
4,audio,Task B ,1,3,1,0,9.00E-05,1,333.7966335,0,-0.008624051,2,2
4,audio,Task B ,2,3,1,0,0.00019,2,203.469345,0,-1.002421519,3,7
4,audio,Task B ,2,4,1,0,0.00019,2,283.0769137,0,2.241400318,3,8
4,audio,Task B ,1,3,1,0,0.00041,1,253.3052229,0,0.20991676,4,2
4,audio,Task B ,1,3,1,0,9.00E-05,1,224.5738073,0,0.41898247,2,2
5,audio,Task B ,2,3,0,0,0.00019,1,275.1519158,0,-0.440181757,3,7
5,audio,Task B ,1,4,1,0,0.00019,1,304.9581713,0,0.175851628,3,1
5,audio,Task B ,1,3,1,0,4.00E-05,1,19.62499048,0,0.079427192,1,2
5,audio,Task B ,1,3,1,0,0.00019,1,94.15055189,0,0.306267538,3,2
5,audio,Task B ,2,1,1,0,4.00E-05,2,22.62080516,0,-1.726693056,1,5
5,audio,Task B ,2,3,0,0,4.00E-05,1,195.7366154,0,0.466241309,1,7
6,audio,Task B ,2,3,1,0,0.00041,2,256.9918781,0,1.66529421,4,7
6,audio,Task B ,1,3,0,0,4.00E-05,2,182.3240353,0,-0.759665937,1,2
6,audio,Task B ,1,2,0,0,0.00019,2,174.2933727,0,0.337912424,3,3
6,audio,Task B ,1,2,1,0,0.00041,1,21.90920874,0,0.242927486,4,3
6,audio,Task B ,1,2,1,0,0.00041,1,75.74561982,0,0.227635455,4,3
6,audio,Task B ,1,2,1,0,9.00E-05,1,310.3292129,0,-0.417336615,2,3
7,audio,Task B ,1,1,1,0,9.00E-05,1,274.4901691,0,0.588576695,2,4
7,audio,Task B ,2,1,1,0,4.00E-05,2,215.7712447,0,-1.786312528,1,5
7,audio,Task B ,1,4,0,0,0.00019,2,167.9074512,0,0.743557638,3,1
7,audio,Task B ,1,4,1,0,0.00041,1,153.8490575,0,-0.565339004,4,1
7,audio,Task B ,1,4,0,0,0.00019,2,222.1992076,0,2.424063043,3,1
7,audio,Task B ,1,1,0,0,0.00019,2,341.7236387,0,-0.055641972,3,4
8,audio,Task B ,2,1,0,0,9.00E-05,1,133.4986802,0,0.01544246,2,5
8,audio,Task B ,1,4,1,0,0.00041,1,344.5591978,0,-0.127200552,4,1
8,audio,Task B ,2,1,0,0,4.00E-05,1,177.7597318,0,0.785333507,1,5
8,audio,Task B ,1,1,0,0,4.00E-05,2,302.3892568,0,-0.590790152,1,4
8,audio,Task B ,2,1,0,0,4.00E-05,1,177.3374764,0,-1.260312836,1,5
8,audio,Task B ,2,1,1,0,0.00019,2,128.8004166,0,3.125123464,3,5
9,audio,Task B ,1,4,1,0,0.00041,1,26.24220033,0,-0.583521183,4,1
9,audio,Task B ,1,1,1,0,4.00E-05,1,132.210953,0,0.29106808,1,4
9,audio,Task B ,1,1,0,0,0.00041,2,77.66489575,0,-3.203221275,4,4
9,audio,Task B ,1,1,1,0,0.00019,1,308.8000447,0,0.138318419,3,4
9,audio,Task B ,2,1,0,0,9.00E-05,1,341.2055556,0,0.027292849,2,5
9,audio,Task B ,2,2,0,0,0.00041,1,5.959116709,0,0.240345983,4,6
10,audio,Task B ,1,1,0,0,4.00E-05,2,125.8714305,0,3.290357094,1,4
10,audio,Task B ,2,1,1,0,9.00E-05,2,337.7747528,0,0.271794602,2,5
10,audio,Task B ,1,1,0,0,9.00E-05,2,236.2108724,0,0.641872911,2,4
10,audio,Task B ,1,2,0,0,0.00019,2,106.1057303,0,0.030325925,3,3
10,audio,Task B ,2,1,0,0,9.00E-05,1,229.0007853,0,0.568269549,2,5
10,audio,Task B ,1,1,0,0,4.00E-05,2,78.81571543,0,1.265895822,1,4
1,audio,Task B ,2,1,0,0,0.00041,1,208.6859181,0,0.089300335,4,5
1,audio,Task B ,1,3,1,0,0.00041,1,215.0660578,0,0.058370462,4,2
1,audio,Task B ,1,2,1,0,9.00E-05,1,235.8514341,0,0.036186026,2,3
1,audio,Task B ,1,3,1,0,9.00E-05,1,277.8467082,0,0.258411419,2,2
1,audio,Task B ,2,2,1,0,0.00041,2,67.78758531,0,-0.979972261,4,6
1,audio,Task B ,1,2,1,0,9.00E-05,1,313.5695762,0,0.348025513,2,3
2,audio,Task B ,1,3,1,0,0.00019,1,232.1187599,0,0.109064666,3,2
2,audio,Task B ,1,2,1,0,0.00019,1,279.203541,0,-0.182439979,3,3
2,audio,Task B ,1,3,1,0,0.00019,1,110.4076791,0,0.224714239,3,2
2,audio,Task B ,2,4,1,0,9.00E-05,2,140.5195004,0,1.404330527,2,8
2,audio,Task B ,1,2,1,0,0.00019,1,211.3689229,0,-0.115837238,3,3
2,audio,Task B ,1,2,1,0,4.00E-05,1,335.3559568,0,-0.398163115,1,3
3,audio,Task B ,1,2,1,0,9.00E-05,1,110.4728723,0,-0.102333558,2,3
3,audio,Task B ,1,1,0,0,0.00041,2,204.599509,0,0.389429364,4,4
3,audio,Task B ,2,2,1,0,9.00E-05,2,206.4306215,0,0.961147662,2,6
3,audio,Task B ,1,1,0,0,9.00E-05,2,204.4329024,0,-0.596179038,2,4
3,audio,Task B ,1,4,1,0,0.00019,1,63.73053585,0,0.073556393,3,1
3,audio,Task B ,1,1,0,0,4.00E-05,2,138.3149673,0,-0.262577811,1,4
4,audio,Task B ,1,2,0,0,0.00019,2,345.5927138,0,-0.172563484,3,3
4,audio,Task B ,1,1,1,0,9.00E-05,1,209.6260524,0,-0.44536948,2,4
4,audio,Task B ,1,1,0,0,9.00E-05,2,17.75674006,0,-0.377403383,2,4
4,audio,Task B ,1,3,0,0,0.00019,2,36.96411049,0,-1.797112023,3,2
4,audio,Task B ,1,3,1,0,0.00041,1,13.21172301,0,0.133978944,4,2
4,audio,Task B ,1,3,0,0,0.00019,2,108.3707436,0,0.524946096,3,2
5,audio,Task B ,2,4,1,0,0.00019,2,356.2453036,0,2.333616134,3,8
5,audio,Task B ,2,3,1,0,0.00041,2,301.9525524,0,0.30191489,4,7
5,audio,Task B ,2,3,1,0,4.00E-05,2,19.51676263,0,2.163516461,1,7
5,audio,Task B ,1,2,0,0,9.00E-05,2,324.5272819,0,0.468985061,2,3
5,audio,Task B ,1,3,1,0,0.00041,1,28.82329746,0,-0.286588361,4,2
5,audio,Task B ,1,1,1,0,9.00E-05,1,31.41842833,0,-0.069616664,2,4
6,audio,Task B ,1,3,1,0,0.00019,1,356.0510967,0,0.040664486,3,2
6,audio,Task B ,1,3,0,0,4.00E-05,2,86.49768262,0,-1.783182641,1,2
6,audio,Task B ,1,3,0,0,0.00041,2,350.0615136,0,-0.789736408,4,2
6,audio,Task B ,1,3,1,0,9.00E-05,1,180.7532647,0,-0.123713554,2,2
6,audio,Task B ,2,2,0,0,9.00E-05,1,319.1695695,0,0.129480155,2,6
6,audio,Task B ,1,2,1,0,0.00019,1,95.4446851,0,-0.053310321,3,3
7,audio,Task B ,1,1,0,0,4.00E-05,2,56.22562672,0,1.684186326,1,4
7,audio,Task B ,1,1,0,0,9.00E-05,2,343.6048732,0,-1.076408713,2,4
7,audio,Task B ,2,3,1,0,0.00019,2,33.12848639,0,-0.546792711,3,7
7,audio,Task B ,1,4,0,0,9.00E-05,2,271.5360771,0,0.423975089,2,1
7,audio,Task B ,1,1,1,0,4.00E-05,1,316.2779129,0,0.087464908,1,4
7,audio,Task B ,1,4,1,0,0.00019,1,144.2439439,0,-0.085805668,3,1
8,audio,Task B ,1,1,1,0,9.00E-05,1,266.6392644,0,0.085475389,2,4
8,audio,Task B ,2,1,1,0,9.00E-05,2,271.1806355,0,0.879376514,2,5
8,audio,Task B ,2,1,1,0,4.00E-05,2,224.8911111,0,1.893612469,1,5
8,audio,Task B ,2,2,0,0,0.00041,1,243.6023716,0,0.231237104,4,6
8,audio,Task B ,1,1,1,0,4.00E-05,1,63.50458929,0,-0.391304969,1,4
8,audio,Task B ,2,4,1,0,0.00041,2,242.3038299,0,3.124337201,4,8
9,audio,Task B ,1,1,0,0,4.00E-05,2,48.9823201,0,-1.5459565,1,4
9,audio,Task B ,2,1,1,0,0.00019,2,39.10740739,0,2.246531955,3,5
9,audio,Task B ,1,1,1,0,0.00019,1,333.5974259,0,-0.561871743,3,4
9,audio,Task B ,1,4,1,0,0.00041,1,275.3119499,0,0.096445489,4,1
9,audio,Task B ,2,4,1,0,0.00041,2,172.9538009,0,0.296450183,4,8
9,audio,Task B ,1,1,1,0,9.00E-05,1,238.8647447,0,0.055402095,2,4
10,audio,Task B ,1,1,1,0,0.00019,1,313.8565793,0,-0.313137876,3,4
10,audio,Task B ,2,2,1,0,0.00041,2,2.651671976,0,2.957326727,4,6
10,audio,Task B ,1,1,1,0,4.00E-05,1,288.7854805,0,-0.088453063,1,4
10,audio,Task B ,2,1,1,0,9.00E-05,2,78.86096853,0,1.125570575,2,5
10,audio,Task B ,1,1,0,0,0.00041,2,344.1949571,0,-1.353644184,4,4
10,audio,Task B ,1,1,1,0,0.00041,1,166.1040986,0,-0.118491382,4,4
1,audio,Task B ,2,4,1,0,0.00019,2,219.8356436,0,-0.821767525,3,8
1,audio,Task B ,2,1,1,0,4.00E-05,2,266.4829945,0,-4.036192485,1,5
1,audio,Task B ,1,3,1,0,0.00041,1,340.3306849,0,0.04525331,4,2
1,audio,Task B ,1,2,1,0,0.00019,1,129.9137248,0,-0.245969916,3,3
1,audio,Task B ,2,3,1,0,9.00E-05,2,215.1008244,0,0.896500929,2,7
1,audio,Task B ,2,3,1,0,0.00019,2,238.5085573,0,1.04344371,3,7
2,audio,Task B ,2,2,0,0,4.00E-05,1,138.8625659,0,0.050481577,1,6
2,audio,Task B ,2,2,1,0,0.00041,2,176.8692373,0,1.911008005,4,6
2,audio,Task B ,2,3,1,0,0.00041,2,176.8506579,0,-1.291262572,4,7
2,audio,Task B ,2,4,0,0,0.00041,1,234.8949038,0,0.177326997,4,8
2,audio,Task B ,1,2,0,0,9.00E-05,2,334.2082538,0,-0.96664885,2,3
2,audio,Task B ,2,4,1,0,0.00041,2,333.4908999,0,1.677203118,4,8
3,audio,Task B ,2,4,1,0,0.00041,2,289.9728528,0,1.695827673,4,8
3,audio,Task B ,2,3,1,0,9.00E-05,2,59.5068018,0,0.73662115,2,7
3,audio,Task B ,1,2,1,0,0.00041,1,38.41183197,0,-0.296586454,4,3
3,audio,Task B ,1,2,1,0,0.00041,1,25.58892698,0,0.157003154,4,3
3,audio,Task B ,2,1,1,0,0.00019,2,285.3426446,0,0.398796853,3,5
3,audio,Task B ,2,4,1,0,9.00E-05,2,213.6212891,0,0.802640553,2,8
4,audio,Task B ,1,4,0,0,0.00041,2,286.9828078,0,1.085683245,4,1
4,audio,Task B ,1,2,1,0,0.00019,1,225.9281556,0,0.24893358,3,3
4,audio,Task B ,1,3,1,0,0.00019,1,245.8960671,0,0.491761189,3,2
4,audio,Task B ,2,3,1,0,0.00019,2,111.3369998,0,1.404754113,3,7
4,audio,Task B ,1,3,0,0,0.00041,2,131.2169467,0,1.116552111,4,2
4,audio,Task B ,1,1,0,0,4.00E-05,2,124.8206002,0,-1.347894442,1,4
5,audio,Task B ,1,3,1,0,0.00019,1,216.489259,0,0.147853684,3,2
5,audio,Task B ,1,4,0,0,0.00041,2,6.176197113,0,0.101421402,4,1
5,audio,Task B ,1,1,0,0,4.00E-05,2,103.7623688,0,0.720228551,1,4
5,audio,Task B ,1,3,1,0,0.00041,1,141.9005349,0,-0.217214638,4,2
5,audio,Task B ,2,3,1,0,0.00041,2,236.882972,0,0.807076285,4,7
5,audio,Task B ,1,3,0,0,0.00041,2,47.72177744,0,-0.248684678,4,2
6,audio,Task B ,1,3,1,0,9.00E-05,1,67.64822153,0,0.491827893,2,2
6,audio,Task B ,1,3,1,0,9.00E-05,1,283.5151035,0,0.646005832,2,2
6,audio,Task B ,2,3,0,0,4.00E-05,1,256.8344376,0,0.28107509,1,7
6,audio,Task B ,2,1,0,0,0.00041,1,119.0997959,0,-0.416343665,4,5
6,audio,Task B ,1,2,0,0,9.00E-05,2,161.1083694,0,-1.64389078,2,3
6,audio,Task B ,1,2,1,0,0.00041,1,257.5671061,0,0.188123736,4,3
7,audio,Task B ,2,4,0,0,9.00E-05,1,60.12071463,0,0.616918973,2,8
7,audio,Task B ,1,4,1,0,0.00019,1,193.7946179,0,0.328948809,3,1
7,audio,Task B ,2,4,1,0,0.00041,2,50.25886779,0,0.950626721,4,8
7,audio,Task B ,1,1,1,0,9.00E-05,1,298.2230551,0,0.043647025,2,4
7,audio,Task B ,1,1,0,0,0.00019,2,31.53304099,0,-0.451566229,3,4
7,audio,Task B ,1,4,0,0,0.00041,2,51.42217273,0,-0.978137011,4,1
8,audio,Task B ,2,1,0,0,0.00019,1,175.9501415,0,-0.577988729,3,5
8,audio,Task B ,1,2,1,0,0.00019,1,126.6260845,0,0.109005141,3,3
8,audio,Task B ,2,1,0,0,0.00019,1,8.794809168,0,0.176521658,3,5
8,audio,Task B ,1,1,0,0,9.00E-05,2,177.9274603,0,-0.152260365,2,4
8,audio,Task B ,2,4,1,0,0.00019,2,298.518547,0,2.150827624,3,8
8,audio,Task B ,1,4,1,0,0.00019,1,115.7627337,0,0.348670442,3,1
9,audio,Task B ,2,1,0,0,4.00E-05,1,298.8329024,0,0.119080835,1,5
9,audio,Task B ,1,1,1,0,9.00E-05,1,297.9413749,0,-0.992387319,2,4
9,audio,Task B ,2,1,0,0,4.00E-05,1,167.4108928,0,-0.666791882,1,5
9,audio,Task B ,2,4,1,0,0.00041,2,112.6456875,0,0.631589634,4,8
9,audio,Task B ,2,1,1,0,4.00E-05,2,0.143817319,0,-0.981548488,1,5
9,audio,Task B ,1,4,1,0,0.00019,1,32.58727386,0,0.440690694,3,1
10,audio,Task B ,1,1,0,0,4.00E-05,2,268.0878115,0,0.619274505,1,4
10,audio,Task B ,2,2,0,0,9.00E-05,1,264.297056,0,0.161631026,2,6
10,audio,Task B ,1,2,1,0,0.00041,1,18.48298152,0,0.500322519,4,3
10,audio,Task B ,1,1,1,0,9.00E-05,1,241.9317119,0,-0.496399757,2,4
10,audio,Task B ,2,2,1,0,0.00041,2,250.6664767,0,0.791593465,4,6
10,audio,Task B ,1,1,0,0,0.00041,2,359.6046569,0,0.486635426,4,4
1,audio,Task B ,2,4,1,0,9.00E-05,2,28.4874685,0,1.656448986,2,8
1,audio,Task B ,1,1,0,0,4.00E-05,2,234.9811588,0,0.570299937,1,4
1,audio,Task B ,1,3,1,0,0.00019,1,261.8062152,0,0.71083837,3,2
1,audio,Task B ,1,2,1,0,4.00E-05,1,92.73633927,0,0.490781078,1,3
1,audio,Task B ,1,2,0,0,9.00E-05,2,257.0698878,0,0.273410133,2,3
1,audio,Task B ,2,2,1,0,9.00E-05,2,13.34260056,0,0.881883661,2,6
2,audio,Task B ,2,1,0,0,4.00E-05,1,210.710316,0,0.211438068,1,5
2,audio,Task B ,1,2,0,0,0.00041,2,114.3288326,0,0.486728159,4,3
2,audio,Task B ,2,1,1,0,0.00019,2,133.1750846,0,-1.106218109,3,5
2,audio,Task B ,2,1,0,0,9.00E-05,1,188.3787958,0,-0.151422717,2,5
2,audio,Task B ,1,1,1,0,0.00041,1,20.15005084,0,0.323741186,4,4
2,audio,Task B ,1,2,1,0,0.00041,1,132.2857917,0,0.026256655,4,3
3,audio,Task B ,2,4,1,0,0.00019,2,185.9061462,0,1.703706628,3,8
3,audio,Task B ,1,3,1,0,4.00E-05,1,211.168665,0,0.14698645,1,2
3,audio,Task B ,1,4,1,0,0.00019,1,303.3396761,0,0.087996477,3,1
3,audio,Task B ,1,1,0,0,4.00E-05,2,103.4797599,0,-0.591821856,1,4
3,audio,Task B ,2,4,1,0,0.00019,2,150.2562955,0,2.11203472,3,8
3,audio,Task B ,2,4,1,0,0.00041,2,329.768074,0,-1.186616543,4,8
4,audio,Task B ,1,1,1,0,9.00E-05,1,272.0715397,0,0.728571175,2,4
4,audio,Task B ,1,3,1,0,0.00041,1,200.898248,0,0.447242711,4,2
4,audio,Task B ,1,3,1,0,9.00E-05,1,208.7824884,0,-0.087346517,2,2
4,audio,Task B ,1,1,1,0,4.00E-05,1,146.8412874,0,0.241040871,1,4
4,audio,Task B ,1,3,0,0,0.00019,2,119.9156758,0,-0.355101199,3,2
4,audio,Task B ,2,3,1,0,0.00041,2,153.452212,0,-0.876604984,4,7
5,audio,Task B ,1,1,1,0,4.00E-05,1,316.711689,0,-0.584917622,1,4
5,audio,Task B ,1,4,1,0,0.00019,1,350.4586498,0,0.002779072,3,1
5,audio,Task B ,2,4,0,0,0.00041,1,198.0162782,0,0.743098707,4,8
5,audio,Task B ,1,3,1,0,0.00041,1,15.69762637,0,-0.378778941,4,2
5,audio,Task B ,1,4,1,0,0.00019,1,42.37821597,0,0.12380254,3,1
5,audio,Task B ,2,3,1,0,0.00019,2,10.30075329,0,0.915293477,3,7
6,audio,Task B ,1,3,0,0,4.00E-05,2,120.9196045,0,1.128732313,1,2
6,audio,Task B ,2,3,1,0,0.00019,2,180.7921627,0,-2.086547641,3,7
6,audio,Task B ,2,2,0,0,9.00E-05,1,240.6246002,0,0.024103214,2,6
6,audio,Task B ,1,3,0,0,0.00041,2,81.85827276,0,0.391019513,4,2
6,audio,Task B ,2,1,1,0,4.00E-05,2,138.5612555,0,2.225342528,1,5
6,audio,Task B ,1,3,1,0,0.00019,1,57.50511979,0,0.012022648,3,2
7,audio,Task B ,1,1,1,0,4.00E-05,1,56.50606823,0,-0.148748139,1,4
7,audio,Task B ,1,4,1,0,0.00041,1,211.425303,0,0.315140211,4,1
7,audio,Task B ,1,4,1,0,0.00041,1,66.27630855,0,-0.270966148,4,1
7,audio,Task B ,1,1,1,0,4.00E-05,1,342.4347161,0,0.034981553,1,4
7,audio,Task B ,1,4,1,0,0.00041,1,118.7258625,0,0.510891185,4,1
7,audio,Task B ,2,4,1,0,0.00041,2,242.5104863,0,1.182473174,4,8
8,audio,Task B ,1,1,1,0,9.00E-05,1,115.4269724,0,-0.131988226,2,4
8,audio,Task B ,1,2,0,0,4.00E-05,2,287.617338,0,0.716908406,1,3
8,audio,Task B ,2,1,1,0,9.00E-05,2,157.4880244,0,-1.188371112,2,5
8,audio,Task B ,1,4,1,0,0.00041,1,225.4967105,0,-0.492605768,4,1
8,audio,Task B ,1,1,0,0,9.00E-05,2,121.9458043,0,-0.029220746,2,4
8,audio,Task B ,1,1,1,0,4.00E-05,1,212.0767091,0,-0.209394888,1,4
9,audio,Task B ,2,3,1,0,9.00E-05,2,36.0044705,0,0.688657121,2,7
9,audio,Task B ,1,4,1,0,0.00041,1,68.82961594,0,0.313291432,4,1
9,audio,Task B ,2,1,0,0,0.00019,1,175.3381009,0,0.275464748,3,5
9,audio,Task B ,2,1,0,0,4.00E-05,1,62.8582499,0,-0.035369458,1,5
9,audio,Task B ,1,1,0,0,9.00E-05,2,301.4072852,0,-0.768993796,2,4
9,audio,Task B ,1,4,1,0,0.00019,1,309.2594959,0,0.272480457,3,1
10,audio,Task B ,2,2,0,0,9.00E-05,1,341.2960639,0,-0.538508531,2,6
10,audio,Task B ,2,2,1,0,0.00041,2,289.8256074,0,-1.688866887,4,6
10,audio,Task B ,2,2,1,0,0.00019,2,219.0082389,0,-1.470205654,3,6
10,audio,Task B ,1,1,1,0,9.00E-05,1,155.7289416,0,0.113270231,2,4
10,audio,Task B ,2,1,1,0,9.00E-05,2,18.3937039,0,-0.305425457,2,5
10,audio,Task B ,2,2,1,0,0.00041,2,154.7669919,0,0.954659685,4,6
1,audio,Task B ,2,4,0,0,0.00019,1,322.8689353,0,-0.421894607,3,8
1,audio,Task B ,1,2,1,0,0.00041,1,217.2860746,0,0.080370684,4,3
1,audio,Task B ,1,2,1,0,9.00E-05,1,248.7549087,0,-0.039814382,2,3
1,audio,Task B ,2,2,1,0,0.00019,2,78.30772467,0,-0.792119956,3,6
1,audio,Task B ,2,2,0,0,0.00041,1,199.5178811,0,-0.669819253,4,6
1,audio,Task B ,1,2,0,0,0.00041,2,96.28422221,0,0.002586215,4,3
2,audio,Task B ,2,1,1,0,9.00E-05,2,217.0509635,0,-0.198675077,2,5
2,audio,Task B ,2,1,1,0,4.00E-05,2,161.8337057,0,1.263912252,1,5
2,audio,Task B ,2,3,1,0,0.00041,2,59.74492627,0,-1.093061334,4,7
2,audio,Task B ,1,2,1,0,0.00041,1,312.2612846,0,0.135488966,4,3
2,audio,Task B ,1,2,0,0,0.00019,2,177.9557626,0,0.518833617,3,3
2,audio,Task B ,1,2,1,0,4.00E-05,1,305.2422451,0,-0.504914877,1,3
3,audio,Task B ,2,4,1,0,0.00041,2,81.29532422,0,-2.181480304,4,8
3,audio,Task B ,1,3,1,0,0.00041,1,24.53917898,0,-0.12575438,4,2
3,audio,Task B ,1,1,1,0,4.00E-05,1,274.3844193,0,-0.435703362,1,4
3,audio,Task B ,1,2,1,0,0.00041,1,134.8154323,0,0.176253951,4,3
3,audio,Task B ,2,2,1,0,9.00E-05,2,299.8718511,0,-0.369253801,2,6
3,audio,Task B ,1,1,1,0,4.00E-05,1,270.4375454,0,0.181170936,1,4
4,audio,Task B ,2,1,1,0,4.00E-05,2,193.182949,0,1.211696346,1,5
4,audio,Task B ,1,3,1,0,4.00E-05,1,69.63340561,0,0.268865964,1,2
4,audio,Task B ,1,1,0,0,4.00E-05,2,218.6193615,0,-2.546545474,1,4
4,audio,Task B ,1,3,1,0,0.00019,1,260.6581831,0,-0.196050529,3,2
4,audio,Task B ,2,4,1,0,9.00E-05,2,283.1137598,0,-2.351273774,2,8
4,audio,Task B ,1,3,0,0,9.00E-05,2,106.51684,0,-0.783748627,2,2
5,audio,Task B ,2,1,0,0,9.00E-05,1,275.1985151,0,-0.316597735,2,5
5,audio,Task B ,1,1,0,0,4.00E-05,2,137.6509213,0,-3.55938616,1,4
5,audio,Task B ,1,1,1,0,4.00E-05,1,228.087326,0,-0.451223635,1,4
5,audio,Task B ,2,4,1,0,0.00041,2,49.03185701,0,1.743676815,4,8
5,audio,Task B ,1,1,1,0,9.00E-05,1,73.0983098,0,-0.229231814,2,4
5,audio,Task B ,1,3,0,0,9.00E-05,2,297.5384292,0,-0.023427031,2,2
6,audio,Task B ,1,3,0,0,4.00E-05,2,286.0367075,0,-0.790529056,1,2
6,audio,Task B ,1,3,1,0,0.00041,1,102.2469488,0,0.080104217,4,2
6,audio,Task B ,2,3,1,0,0.00019,2,217.7966503,0,-2.232191383,3,7
6,audio,Task B ,1,3,1,0,0.00041,1,154.1807687,0,-0.682235006,4,2
6,audio,Task B ,2,3,0,0,4.00E-05,1,256.1252793,0,0.543122673,1,7
6,audio,Task B ,2,3,1,0,9.00E-05,2,109.4957669,0,-0.758282237,2,7
7,audio,Task B ,1,1,1,0,4.00E-05,1,22.69718052,0,-0.387194242,1,4
7,audio,Task B ,1,4,1,0,0.00041,1,156.5363992,0,-0.064010407,4,1
7,audio,Task B ,1,1,1,0,4.00E-05,1,342.7944672,0,-0.101673328,1,4
7,audio,Task B ,1,1,1,0,4.00E-05,1,68.702033,0,0.370020752,1,4
7,audio,Task B ,1,1,1,0,4.00E-05,1,323.9356136,0,0.154547247,1,4
7,audio,Task B ,1,1,1,0,4.00E-05,1,121.5316668,0,0.153515947,1,4
8,audio,Task B ,2,2,0,0,0.00041,1,345.2732712,0,-0.145160506,4,6
8,audio,Task B ,2,1,0,0,9.00E-05,1,61.29110141,0,-0.201495204,2,5
8,audio,Task B ,2,3,0,0,0.00019,1,162.5718553,0,0.644227149,3,7
8,audio,Task B ,2,2,0,0,9.00E-05,1,350.3779444,0,-0.179188922,2,6
8,audio,Task B ,2,1,0,0,0.00019,1,192.8721007,0,-0.094775017,3,5
8,audio,Task B ,2,1,0,0,9.00E-05,1,90.25814977,0,-0.531223872,2,5
9,audio,Task B ,2,1,0,0,9.00E-05,1,173.9100887,0,0.203417917,2,5
9,audio,Task B ,1,4,0,0,9.00E-05,2,317.9634788,0,0.795316384,2,1
9,audio,Task B ,2,1,1,0,4.00E-05,2,49.22029636,0,-1.573755399,1,5
9,audio,Task B ,2,4,1,0,0.00019,2,157.1186087,0,2.549434374,3,8
9,audio,Task B ,1,1,1,0,9.00E-05,1,115.0133705,0,-0.403528319,2,4
9,audio,Task B ,1,4,1,0,0.00041,1,197.4447851,0,0.000257047,4,1
10,audio,Task B ,1,2,1,0,4.00E-05,1,315.6960226,0,0.226332537,1,3
10,audio,Task B ,2,2,1,0,0.00041,2,317.4922372,0,-0.900539939,4,6
10,audio,Task B ,2,2,1,0,0.00041,2,221.7046541,0,2.046994763,4,6
10,audio,Task B ,2,1,0,0,4.00E-05,1,141.2868022,0,-0.2165697,1,5
10,audio,Task B ,1,1,0,0,4.00E-05,2,86.50921933,0,-0.526731269,1,4
10,audio,Task B ,1,1,0,0,4.00E-05,2,162.126644,0,1.1754037,1,4
1,audio,Task B ,1,3,1,0,9.00E-05,1,30.34288984,0,0.162892373,2,2
1,audio,Task B ,2,4,1,0,0.00019,2,147.6072708,0,-0.491834344,3,8
1,audio,Task B ,2,1,1,0,4.00E-05,2,229.0317477,0,1.642324046,1,5
1,audio,Task B ,2,1,1,0,0.00041,2,64.92140364,0,0.584427959,4,5
1,audio,Task B ,2,2,1,0,4.00E-05,2,201.6284937,0,-2.151339971,1,6
1,audio,Task B ,2,2,0,0,0.00041,1,281.5914907,0,0.944062981,4,6
2,audio,Task B ,1,2,0,0,0.00019,2,154.6473764,0,-0.217720633,3,3
2,audio,Task B ,2,3,1,0,9.00E-05,2,272.9502017,0,0.073988213,2,7
2,audio,Task B ,2,4,0,0,0.00041,1,311.7084535,0,-0.688204258,4,8
2,audio,Task B ,1,2,1,0,4.00E-05,1,19.76224186,0,-0.311891533,1,3
2,audio,Task B ,2,1,0,0,0.00019,1,258.7004188,0,0.740712491,3,5
2,audio,Task B ,2,4,1,0,9.00E-05,2,65.30145936,0,0.97974073,2,8
3,audio,Task B ,1,1,1,0,9.00E-05,1,83.95890701,0,-0.32521992,2,4
3,audio,Task B ,2,4,1,0,0.00019,2,97.04597854,0,3.547148754,3,8
3,audio,Task B ,2,1,1,0,9.00E-05,2,334.8648396,0,-4.824091211,2,5
3,audio,Task B ,2,4,1,0,0.00041,2,154.0962681,0,-0.662903634,4,8
3,audio,Task B ,1,3,1,0,9.00E-05,1,348.1125847,0,-0.314047109,2,2
3,audio,Task B ,2,1,1,0,0.00041,2,99.29355023,0,0.968854485,4,5
4,audio,Task B ,1,3,0,0,0.00041,2,280.4401555,0,0.438301026,4,2
4,audio,Task B ,1,2,0,0,0.00019,2,276.1817727,0,-0.388421931,3,3
4,audio,Task B ,1,1,0,0,4.00E-05,2,267.8487782,0,-1.575422707,1,4
4,audio,Task B ,1,1,0,0,9.00E-05,2,201.8689354,0,0.54103332,2,4
4,audio,Task B ,1,1,1,0,4.00E-05,1,165.6603477,0,-0.683861879,1,4
4,audio,Task B ,1,3,1,0,0.00019,1,290.7471615,0,0.102299994,3,2
5,audio,Task B ,2,3,1,0,0.00019,2,85.57930152,0,-0.821274505,3,7
5,audio,Task B ,1,3,1,0,0.00019,1,47.88660965,0,-0.435816403,3,2
5,audio,Task B ,1,4,1,0,0.00019,1,315.6060725,0,0.13107701,3,1
5,audio,Task B ,1,3,0,0,9.00E-05,2,292.0527379,0,-0.999824546,2,2
5,audio,Task B ,1,1,1,0,4.00E-05,1,33.3551106,0,-0.166458483,1,4
5,audio,Task B ,2,4,1,0,0.00019,2,161.1691499,0,-0.947126544,3,8
6,audio,Task B ,2,3,1,0,9.00E-05,2,191.3901925,0,-1.339374552,2,7
6,audio,Task B ,1,3,0,0,9.00E-05,2,157.0583614,0,-1.663383834,2,2
6,audio,Task B ,2,3,1,0,9.00E-05,2,79.73313194,0,0.304358796,2,7
6,audio,Task B ,1,2,0,0,4.00E-05,2,23.2562225,0,-0.293281063,1,3
6,audio,Task B ,2,2,1,0,4.00E-05,2,31.96512114,0,-2.672007659,1,6
6,audio,Task B ,1,3,0,0,0.00019,2,154.5491337,0,0.546115144,3,2
7,audio,Task B ,1,1,0,0,9.00E-05,2,192.9828947,0,-3.071078214,2,4
7,audio,Task B ,1,1,1,0,9.00E-05,1,111.7775898,0,0.055102906,2,4
7,audio,Task B ,2,3,0,0,0.00019,1,227.5141765,0,-0.231438936,3,7
7,audio,Task B ,1,4,1,0,0.00041,1,278.9956855,0,0.08101458,4,1
7,audio,Task B ,1,4,1,0,0.00041,1,357.3512569,0,-0.116923081,4,1
7,audio,Task B ,1,4,1,0,9.00E-05,1,238.7122556,0,0.581710285,2,1
8,audio,Task B ,2,1,1,0,9.00E-05,2,207.8361134,0,0.235915268,2,5
8,audio,Task B ,1,2,1,0,9.00E-05,1,272.8647138,0,-0.114286296,2,3
8,audio,Task B ,2,1,0,0,4.00E-05,1,255.5974432,0,-0.77760698,1,5
8,audio,Task B ,1,1,1,0,4.00E-05,1,334.0097392,0,-0.355044137,1,4
8,audio,Task B ,1,1,1,0,9.00E-05,1,153.4039873,0,0.106515028,2,4
8,audio,Task B ,1,1,1,0,9.00E-05,1,11.9897663,0,0.267131383,2,4
9,audio,Task B ,1,4,1,0,0.00019,1,70.61064771,0,-0.057252498,3,1
9,audio,Task B ,1,1,1,0,4.00E-05,1,245.2808878,0,0.135077476,1,4
9,audio,Task B ,1,4,1,0,0.00041,1,172.628509,0,0.252101698,4,1
9,audio,Task B ,1,1,0,0,9.00E-05,2,268.7500522,0,1.464454719,2,4
9,audio,Task B ,2,3,0,0,4.00E-05,1,111.9100763,0,0.017810135,1,7
9,audio,Task B ,2,3,1,0,0.00019,2,200.9490206,0,0.754879008,3,7
10,audio,Task B ,1,1,1,0,0.00019,1,352.4883894,0,0.14997351,3,4
10,audio,Task B ,1,1,0,0,9.00E-05,2,107.778665,0,-1.284998101,2,4
10,audio,Task B ,1,2,1,0,0.00019,1,328.1310918,0,-0.18812005,3,3
10,audio,Task B ,2,1,0,0,0.00019,1,251.5088836,0,-0.73109354,3,5
10,audio,Task B ,2,2,0,0,0.00041,1,271.3185437,0,0.323765602,4,6
10,audio,Task B ,2,1,1,0,0.00019,2,118.1802978,0,-0.184850579,3,5
1,audio,Task B ,2,2,0,0,0.00019,1,289.7750722,0,0.449093675,3,6
1,audio,Task B ,2,2,1,0,0.00041,2,130.7348579,0,-0.053966048,4,6
1,audio,Task B ,1,2,0,0,9.00E-05,2,126.2078539,0,-0.835973757,2,3
1,audio,Task B ,2,3,0,0,0.00041,1,244.1658788,0,-0.507442402,4,7
1,audio,Task B ,1,2,1,0,4.00E-05,1,99.37184399,0,0.546961458,1,3
1,audio,Task B ,1,2,0,0,0.00019,2,300.9127312,0,-0.399275017,3,3
2,audio,Task B ,1,2,0,0,4.00E-05,2,309.1836485,0,-1.146595635,1,3
2,audio,Task B ,2,1,1,0,4.00E-05,2,179.061191,0,-0.297318306,1,5
2,audio,Task B ,1,1,0,0,4.00E-05,2,171.7459819,0,1.599384731,1,4
2,audio,Task B ,1,2,1,0,9.00E-05,1,129.0097975,0,0.057471614,2,3
2,audio,Task B ,2,2,1,0,4.00E-05,2,294.520765,0,-0.595489083,1,6
2,audio,Task B ,1,2,0,0,4.00E-05,2,62.9925241,0,-1.412339438,1,3
3,audio,Task B ,1,3,1,0,0.00019,1,196.5538815,0,-0.169108722,3,2
3,audio,Task B ,2,4,1,0,4.00E-05,2,261.5772398,0,2.279751812,1,8
3,audio,Task B ,1,4,1,0,0.00019,1,324.2518927,0,-0.071280645,3,1
3,audio,Task B ,1,2,1,0,4.00E-05,1,236.6459175,0,-0.088592114,1,3
3,audio,Task B ,2,1,1,0,0.00041,2,340.6285591,0,1.07233382,4,5
3,audio,Task B ,1,2,1,0,0.00019,1,209.6562177,0,-0.160036644,3,3
4,audio,Task B ,1,1,0,0,4.00E-05,2,273.7709168,0,0.615259762,1,4
4,audio,Task B ,2,4,1,0,9.00E-05,2,244.0403968,0,-0.90652005,2,8
4,audio,Task B ,1,3,1,0,0.00041,1,84.72341946,0,0.389150766,4,2
4,audio,Task B ,1,3,1,0,0.00041,1,327.7022976,0,-0.731255071,4,2
4,audio,Task B ,1,3,0,0,0.00041,2,73.52805716,0,1.725719441,4,2
4,audio,Task B ,1,2,1,0,9.00E-05,1,98.08694544,0,-0.562838651,2,3
5,audio,Task B ,2,4,1,0,0.00041,2,32.05002528,0,-2.000242129,4,8
5,audio,Task B ,1,4,1,0,0.00019,1,199.716361,0,-0.157577926,3,1
5,audio,Task B ,1,2,1,0,0.00019,1,328.3408493,0,-0.326919073,3,3
5,audio,Task B ,2,4,1,0,9.00E-05,2,88.05358202,0,1.610618246,2,8
5,audio,Task B ,2,2,0,0,0.00041,1,350.5656952,0,0.174122618,4,6
5,audio,Task B ,1,1,0,0,4.00E-05,2,145.87387,0,-0.72837689,1,4
6,audio,Task B ,1,3,1,0,0.00019,1,336.3326836,0,-0.293657277,3,2
6,audio,Task B ,2,3,0,0,9.00E-05,1,111.1043496,0,0.0993755,2,7
6,audio,Task B ,2,1,1,0,9.00E-05,2,199.3451876,0,-0.433737354,2,5
6,audio,Task B ,2,3,0,0,0.00041,1,77.65783957,0,-0.122358401,4,7
6,audio,Task B ,2,4,1,0,0.00041,2,167.8643321,0,-2.401088338,4,8
6,audio,Task B ,2,1,1,0,4.00E-05,2,266.1451887,0,1.507166109,1,5
7,audio,Task B ,1,1,0,0,9.00E-05,2,100.7177764,0,0.71188933,2,4
7,audio,Task B ,1,1,0,0,4.00E-05,2,23.44104313,0,0.03571284,1,4
7,audio,Task B ,1,4,1,0,4.00E-05,1,280.306762,0,0.152942617,1,1
7,audio,Task B ,1,1,1,0,9.00E-05,1,194.2803794,0,-0.574189485,2,4
7,audio,Task B ,1,1,1,0,9.00E-05,1,152.4707262,0,-0.711825802,2,4
7,audio,Task B ,2,4,1,0,0.00041,2,172.6866398,0,1.759805919,4,8
8,audio,Task B ,1,1,0,0,4.00E-05,2,287.287448,0,-0.199341213,1,4
8,audio,Task B ,1,2,1,0,0.00019,1,167.0873269,0,-0.520162284,3,3
8,audio,Task B ,1,1,1,0,0.00019,1,230.8283854,0,0.628957158,3,4
8,audio,Task B ,2,4,1,0,0.00041,2,205.5786788,0,-1.734551006,4,8
8,audio,Task B ,1,2,0,0,9.00E-05,2,127.9106637,0,-1.118622994,2,3
8,audio,Task B ,2,1,0,0,9.00E-05,1,190.5726901,0,-0.343789966,2,5
9,audio,Task B ,1,3,1,0,0.00019,1,305.5094001,0,0.071066452,3,2
9,audio,Task B ,1,4,1,0,0.00041,1,274.9594897,0,0.042054466,4,1
9,audio,Task B ,1,1,1,0,9.00E-05,1,168.5184204,0,0.755935304,2,4
9,audio,Task B ,1,1,1,0,0.00041,1,297.1539712,0,-0.136683204,4,4
9,audio,Task B ,1,4,1,0,0.00041,1,49.55077985,0,-0.187069257,4,1
9,audio,Task B ,1,1,0,0,9.00E-05,2,340.937983,0,0.712927158,2,4
10,audio,Task B ,2,1,0,0,0.00019,1,77.71864488,0,0.639387506,3,5
10,audio,Task B ,2,2,1,0,9.00E-05,2,227.6584309,0,0.687472795,2,6
10,audio,Task B ,1,1,1,0,0.00019,1,226.3717557,0,-0.158061505,3,4
10,audio,Task B ,2,2,0,0,0.00041,1,221.4468015,0,-0.413176966,4,6
10,audio,Task B ,1,1,1,0,0.00041,1,27.11044398,0,-0.207166126,4,4
10,audio,Task B ,2,2,1,0,0.00019,2,278.231125,0,0.978234799,3,6
1,audio,Task B ,2,4,1,0,0.00041,2,260.9442019,0,-2.622450738,4,8
1,audio,Task B ,1,2,1,0,0.00019,1,296.3757849,0,0.146029266,3,3
1,audio,Task B ,1,2,1,0,0.00019,1,26.57873815,0,-0.204365447,3,3
1,audio,Task B ,1,2,0,0,9.00E-05,2,88.4756879,0,-0.118736579,2,3
1,audio,Task B ,1,2,1,0,9.00E-05,1,103.1663783,0,-0.117277766,2,3
1,audio,Task B ,1,2,0,0,9.00E-05,2,93.62887628,0,0.101782509,2,3
2,audio,Task B ,1,3,1,0,0.00041,1,178.614341,0,-0.192507606,4,2
2,audio,Task B ,2,2,1,0,0.00041,2,156.3959203,0,-0.446384639,4,6
2,audio,Task B ,1,3,1,0,0.00019,1,105.2756539,0,-0.099689293,3,2
2,audio,Task B ,1,2,0,0,4.00E-05,2,182.7718819,0,0.050294385,1,3
2,audio,Task B ,2,1,1,0,4.00E-05,2,151.6679763,0,1.928718169,1,5
2,audio,Task B ,1,2,0,0,9.00E-05,2,227.8005742,0,1.0286457,2,3
3,audio,Task B ,1,3,1,0,0.00019,1,164.9004912,0,-0.347832274,3,2
3,audio,Task B ,2,4,1,0,9.00E-05,2,353.9025565,0,1.333675728,2,8
3,audio,Task B ,1,2,1,0,9.00E-05,1,221.4516515,0,0.203298002,2,3
3,audio,Task B ,1,4,0,0,0.00041,2,150.8780885,0,0.093332409,4,1
3,audio,Task B ,2,3,1,0,0.00041,2,336.9545181,0,0.724211016,4,7
3,audio,Task B ,2,4,1,0,0.00019,2,224.3318508,0,-0.975434649,3,8
4,audio,Task B ,1,2,1,0,0.00041,1,204.43589,0,0.297920778,4,3
4,audio,Task B ,2,4,1,0,0.00041,2,40.46618673,0,1.388339509,4,8
4,audio,Task B ,1,3,1,0,0.00041,1,13.91376732,0,0.053214682,4,2
4,audio,Task B ,1,3,0,0,0.00041,2,88.18600291,0,-1.331201355,4,2
4,audio,Task B ,1,3,1,0,0.00041,1,135.1609679,0,0.207168514,4,2
4,audio,Task B ,1,3,0,0,0.00041,2,31.96056783,0,-1.045799703,4,2
5,audio,Task B ,2,4,1,0,0.00019,2,25.33079687,0,0.820256527,3,8
5,audio,Task B ,2,2,0,0,0.00019,1,299.3265837,0,0.327103883,3,6
5,audio,Task B ,1,1,0,0,9.00E-05,2,303.1327643,0,-1.330679452,2,4
5,audio,Task B ,1,1,1,0,4.00E-05,1,75.75870549,0,0.258788648,1,4
5,audio,Task B ,2,1,1,0,4.00E-05,2,181.2175451,0,1.947348694,1,5
5,audio,Task B ,1,2,1,0,0.00041,1,317.8005762,0,0.210952654,4,3
6,audio,Task B ,2,3,0,0,0.00019,1,46.47951868,0,0.612080831,3,7
6,audio,Task B ,2,3,0,0,0.00041,1,300.9371653,0,0.106517256,4,7
6,audio,Task B ,1,3,0,0,4.00E-05,2,203.905004,0,-0.12080227,1,2
6,audio,Task B ,2,3,1,0,0.00041,2,289.5511053,0,1.223404494,4,7
6,audio,Task B ,2,3,1,0,0.00019,2,286.0867827,0,1.107016833,3,7
6,audio,Task B ,2,3,1,0,0.00041,2,312.995064,0,-2.954438254,4,7
7,audio,Task B ,2,4,0,0,0.00041,1,216.482127,0,0.093375181,4,8
7,audio,Task B ,1,4,1,0,0.00041,1,89.77507497,0,0.05695823,4,1
7,audio,Task B ,1,4,0,0,0.00019,2,155.072348,0,-0.653310219,3,1
7,audio,Task B ,1,4,1,0,0.00019,1,342.2343983,0,-0.377001582,3,1
7,audio,Task B ,1,4,1,0,9.00E-05,1,152.8138314,0,0.244638179,2,1
7,audio,Task B ,1,4,0,0,9.00E-05,2,38.41713715,0,0.433898672,2,1
8,audio,Task B ,1,3,0,0,0.00041,2,223.4046797,0,-0.448972852,4,2
8,audio,Task B ,2,1,1,0,0.00041,2,229.9837982,0,0.542264348,4,5
8,audio,Task B ,1,2,1,0,0.00041,1,331.0809398,0,-0.043962684,4,3
8,audio,Task B ,2,2,0,0,0.00019,1,83.1891646,0,-0.229767724,3,6
8,audio,Task B ,2,4,1,0,0.00019,2,242.8928847,0,-1.4485413,3,8
8,audio,Task B ,1,4,1,0,0.00019,1,295.2970709,0,-0.028569235,3,1
9,audio,Task B ,1,4,1,0,0.00041,1,50.76438613,0,-0.172741831,4,1
9,audio,Task B ,1,1,0,0,0.00019,2,210.9398004,0,0.514999345,3,4
9,audio,Task B ,2,1,0,0,0.00019,1,90.92004602,0,-0.348640452,3,5
9,audio,Task B ,1,4,1,0,0.00041,1,268.3912786,0,0.434187473,4,1
9,audio,Task B ,1,1,1,0,4.00E-05,1,26.25073493,0,0.297787313,1,4
9,audio,Task B ,2,3,1,0,0.00041,2,345.2663378,0,0.218682138,4,7
10,audio,Task B ,1,1,0,0,9.00E-05,2,317.7656486,0,3.032407004,2,4
10,audio,Task B ,1,1,1,0,0.00041,1,323.4508663,0,0.631822699,4,4
10,audio,Task B ,1,1,0,0,9.00E-05,2,318.4136007,0,2.742557385,2,4
10,audio,Task B ,1,1,1,0,9.00E-05,1,79.44226026,0,-0.576092298,2,4
10,audio,Task B ,1,1,1,0,9.00E-05,1,168.5739549,0,-0.123943788,2,4
10,audio,Task B ,1,1,1,0,4.00E-05,1,126.0309916,0,0.046750856,1,4
1,audio,Task B ,2,4,1,0,0.00041,2,248.9031316,0,1.629404914,4,8
1,audio,Task B ,2,4,0,0,0.00041,1,281.8591309,0,-0.358218446,4,8
1,audio,Task B ,2,2,0,0,9.00E-05,1,191.5267535,0,-0.343080645,2,6
1,audio,Task B ,1,2,1,0,0.00041,1,171.9691451,0,0.532001532,4,3
1,audio,Task B ,2,1,0,0,4.00E-05,1,235.8289054,0,0.184335847,1,5
1,audio,Task B ,2,2,0,0,9.00E-05,1,305.6917238,0,-0.622924714,2,6
2,audio,Task B ,2,3,1,0,0.00019,2,280.1104804,0,-1.997073813,3,7
2,audio,Task B ,1,2,0,0,0.00019,2,182.0247097,0,0.178223464,3,3
2,audio,Task B ,2,4,0,0,0.00041,1,74.95252877,0,-0.333099563,4,8
2,audio,Task B ,2,4,1,0,0.00019,2,196.5118387,0,1.585256326,3,8
2,audio,Task B ,1,2,0,0,0.00019,2,105.5212643,0,0.546293931,3,3
2,audio,Task B ,1,1,0,0,4.00E-05,2,173.2034465,0,-1.923975173,1,4
3,audio,Task B ,1,2,1,0,9.00E-05,1,152.080499,0,-0.23983216,2,3
3,audio,Task B ,1,1,0,0,9.00E-05,2,22.04845614,0,-1.195536214,2,4
3,audio,Task B ,1,1,1,0,9.00E-05,1,224.9362998,0,0.125868946,2,4
3,audio,Task B ,1,2,1,0,4.00E-05,1,190.5901564,0,-0.144725894,1,3
3,audio,Task B ,2,4,1,0,0.00019,2,132.5965651,0,-1.432167773,3,8
3,audio,Task B ,1,3,1,0,9.00E-05,1,160.2924393,0,-0.115478,2,2
4,audio,Task B ,1,3,1,0,0.00019,1,15.50692478,0,-0.539355694,3,2
4,audio,Task B ,1,1,0,0,9.00E-05,2,45.03068644,0,0.770015425,2,4
4,audio,Task B ,1,2,1,0,9.00E-05,1,263.4834411,0,0.005097577,2,3
4,audio,Task B ,1,2,1,0,9.00E-05,1,214.1487075,0,0.185357723,2,3
4,audio,Task B ,1,2,1,0,9.00E-05,1,214.2684982,0,0.438378122,2,3
4,audio,Task B ,1,3,1,0,0.00041,1,350.5271016,0,0.129817007,4,2
5,audio,Task B ,2,3,1,0,0.00041,2,254.0615505,0,-0.668993166,4,7
5,audio,Task B ,1,1,1,0,0.00019,1,167.7046596,0,-0.313007944,3,4
5,audio,Task B ,1,4,1,0,0.00019,1,215.9159319,0,0.234969424,3,1
5,audio,Task B ,2,1,1,0,9.00E-05,2,266.9346173,0,-3.337920772,2,5
5,audio,Task B ,1,1,0,0,4.00E-05,2,251.226505,0,-0.763449047,1,4
5,audio,Task B ,1,3,1,0,0.00041,1,162.4437507,0,0.258762155,4,2
6,audio,Task B ,2,3,0,0,4.00E-05,1,56.33407692,0,-0.125346048,1,7
6,audio,Task B ,1,3,0,0,4.00E-05,2,352.9468376,0,1.823435053,1,2
6,audio,Task B ,1,3,0,0,4.00E-05,2,297.1537679,0,0.727629924,1,2
6,audio,Task B ,2,3,1,0,4.00E-05,2,299.4551596,0,1.532811231,1,7
6,audio,Task B ,1,2,0,0,0.00041,2,174.7637198,0,-0.785679859,4,3
6,audio,Task B ,1,2,1,0,4.00E-05,1,183.9802258,0,0.014332264,1,3
7,audio,Task B ,2,4,0,0,0.00019,1,108.6581976,0,0.449120968,3,8
7,audio,Task B ,2,4,1,0,0.00041,2,106.172212,0,0.613370584,4,8
7,audio,Task B ,1,1,0,0,4.00E-05,2,139.8377421,0,-0.83368941,1,4
7,audio,Task B ,1,4,0,0,4.00E-05,2,326.5175062,0,1.490173168,1,1
7,audio,Task B ,1,1,0,0,0.00019,2,201.5206702,0,-0.2682559,3,4
7,audio,Task B ,1,1,0,0,4.00E-05,2,30.82050637,0,0.980515461,1,4
8,audio,Task B ,2,1,1,0,4.00E-05,2,258.9056058,0,0.362943954,1,5
8,audio,Task B ,2,4,1,0,0.00041,2,204.550566,0,1.13147499,4,8
8,audio,Task B ,2,1,0,0,0.00019,1,149.4276277,0,-0.109675636,3,5
8,audio,Task B ,1,4,1,0,0.00041,1,203.9846,0,0.334932495,4,1
8,audio,Task B ,1,4,0,0,0.00019,2,311.1026187,0,1.166816274,3,1
8,audio,Task B ,1,1,1,0,0.00019,1,258.7893661,0,0.360827674,3,4
9,audio,Task B ,1,1,0,0,9.00E-05,2,134.992575,0,1.036264242,2,4
9,audio,Task B ,2,1,1,0,4.00E-05,2,227.2488182,0,1.311341702,1,5
9,audio,Task B ,1,1,0,0,4.00E-05,2,193.8516954,0,0.379009026,1,4
9,audio,Task B ,1,1,0,0,0.00019,2,128.0202198,0,-1.745247226,3,4
9,audio,Task B ,1,1,0,0,9.00E-05,2,197.0337405,0,0.84795647,2,4
9,audio,Task B ,1,1,1,0,4.00E-05,1,287.4939277,0,0.399569229,1,4
10,audio,Task B ,1,1,0,0,9.00E-05,2,88.91322109,0,-2.074622437,2,4
10,audio,Task B ,2,1,0,0,0.00019,1,330.1430309,0,-0.130431643,3,5
10,audio,Task B ,1,2,0,0,9.00E-05,2,209.1027275,0,-0.401609095,2,3
10,audio,Task B ,1,1,1,0,0.00041,1,98.26381475,0,-0.206249052,4,4
10,audio,Task B ,1,2,1,0,0.00019,1,90.97855715,0,-0.434247463,3,3
10,audio,Task B ,1,1,0,0,4.00E-05,2,208.5345001,0,2.087619208,1,4
1,audio,Task B ,2,2,1,0,4.00E-05,2,132.0914745,0,2.825559998,1,6
1,audio,Task B ,1,2,1,0,0.00019,1,182.8822431,0,-0.161729792,3,3
1,audio,Task B ,1,2,1,0,9.00E-05,1,41.19816127,0,0.011892499,2,3
1,audio,Task B ,1,2,1,0,9.00E-05,1,281.9324509,0,-0.307155061,2,3
1,audio,Task B ,2,3,1,0,9.00E-05,2,188.5376657,0,3.149856894,2,7
1,audio,Task B ,1,3,1,0,0.00041,1,223.784113,0,0.059580175,4,2
2,audio,Task B ,1,1,1,0,4.00E-05,1,53.07548,0,0.664947928,1,4
2,audio,Task B ,1,2,1,0,4.00E-05,1,317.8091747,0,-0.296545263,1,3
2,audio,Task B ,2,3,1,0,0.00041,2,74.65976413,0,0.4693364,4,7
2,audio,Task B ,2,4,1,0,0.00019,2,283.7217116,0,-2.518757732,3,8
2,audio,Task B ,1,1,0,0,0.00041,2,20.36425538,0,1.454774749,4,4
2,audio,Task B ,1,2,1,0,0.00041,1,105.4387021,0,0.306038271,4,3
3,audio,Task B ,1,4,1,0,0.00019,1,146.4291367,0,0.129691477,3,1
3,audio,Task B ,1,2,0,0,4.00E-05,2,114.6342768,0,0.007755985,1,3
3,audio,Task B ,2,4,1,0,9.00E-05,2,34.46988741,0,2.468022652,2,8
3,audio,Task B ,2,2,0,0,4.00E-05,1,306.1236061,0,-0.326631049,1,6
3,audio,Task B ,1,2,1,0,9.00E-05,1,77.69137899,0,-0.428379914,2,3
3,audio,Task B ,1,3,0,0,9.00E-05,2,130.6922939,0,0.063344954,2,2
4,audio,Task B ,1,3,1,0,0.00041,1,169.1998515,0,0.535327554,4,2
4,audio,Task B ,1,1,0,0,4.00E-05,2,345.7822186,0,1.375738802,1,4
4,audio,Task B ,2,3,1,0,0.00019,2,259.4328185,0,1.315136533,3,7
4,audio,Task B ,1,3,1,0,0.00019,1,310.5959123,0,0.566493725,3,2
4,audio,Task B ,1,3,1,0,0.00041,1,126.5777295,0,-0.234500224,4,2
4,audio,Task B ,1,1,0,0,4.00E-05,2,299.7283471,0,0.450720114,1,4
5,audio,Task B ,2,1,1,0,9.00E-05,2,5.380110093,0,1.861159062,2,5
5,audio,Task B ,2,4,1,0,0.00041,2,266.3537168,0,-1.674608523,4,8
5,audio,Task B ,1,2,0,0,0.00019,2,290.828131,0,-1.280315324,3,3
5,audio,Task B ,1,2,1,0,0.00019,1,33.60106227,0,-0.507161817,3,3
5,audio,Task B ,2,1,0,0,9.00E-05,1,240.8932765,0,-0.207755383,2,5
5,audio,Task B ,2,4,1,0,9.00E-05,2,5.758497241,0,-1.076824722,2,8
6,audio,Task B ,1,3,0,0,0.00019,2,211.1980023,0,1.716507894,3,2
6,audio,Task B ,2,3,0,0,9.00E-05,1,230.7716797,0,0.394963759,2,7
6,audio,Task B ,2,3,1,0,0.00019,2,323.7429016,0,1.812123462,3,7
6,audio,Task B ,2,3,0,0,4.00E-05,1,267.3331615,0,0.737230568,1,7
6,audio,Task B ,1,3,0,0,0.00041,2,310.6739236,0,0.546044897,4,2
6,audio,Task B ,1,1,1,0,0.00041,1,229.9437477,0,0.785187442,4,4
7,audio,Task B ,1,2,0,0,4.00E-05,2,262.2035419,0,1.048936441,1,3
7,audio,Task B ,1,1,1,0,9.00E-05,1,73.60286515,0,0.269654272,2,4
7,audio,Task B ,1,4,0,0,4.00E-05,2,211.1124788,0,-1.724324444,1,1
7,audio,Task B ,1,1,1,0,9.00E-05,1,256.2779701,0,0.490992277,2,4
7,audio,Task B ,1,4,0,0,0.00019,2,1.133161762,0,0.192430981,3,1
7,audio,Task B ,1,4,0,0,0.00019,2,37.00087772,0,-1.070339407,3,1
8,audio,Task B ,2,1,0,0,4.00E-05,1,19.74386891,0,0.189861504,1,5
8,audio,Task B ,1,2,1,0,0.00019,1,329.2863743,0,0.2071394,3,3
8,audio,Task B ,1,2,0,0,0.00041,2,308.6032862,0,0.007350966,4,3
8,audio,Task B ,1,1,1,0,0.00019,1,119.9347924,0,-0.212681215,3,4
8,audio,Task B ,2,3,0,0,0.00019,1,66.2749369,0,0.474530012,3,7
8,audio,Task B ,1,4,1,0,0.00041,1,359.509568,0,0.271103073,4,1
9,audio,Task B ,2,4,1,0,0.00019,2,156.6053905,0,-2.243577475,3,8
9,audio,Task B ,1,4,1,0,0.00041,1,145.3049704,0,0.353868242,4,1
9,audio,Task B ,1,1,0,0,4.00E-05,2,302.8776501,0,0.850413698,1,4
9,audio,Task B ,1,1,1,0,4.00E-05,1,225.2348382,0,0.247851738,1,4
9,audio,Task B ,2,1,1,0,4.00E-05,2,31.24326712,0,-1.772971118,1,5
9,audio,Task B ,2,1,0,0,4.00E-05,1,8.401930982,0,0.142838035,1,5
10,audio,Task B ,1,1,0,0,9.00E-05,2,303.9583587,0,1.080603435,2,4
10,audio,Task B ,2,1,0,0,9.00E-05,1,155.2577797,0,-0.200358693,2,5
10,audio,Task B ,2,1,0,0,0.00019,1,87.9487242,0,0.26459259,3,5
10,audio,Task B ,1,2,0,0,4.00E-05,2,272.8397892,0,-0.391458343,1,3
10,audio,Task B ,1,1,0,0,9.00E-05,2,293.904082,0,-0.284070428,2,4
10,audio,Task B ,2,2,1,0,9.00E-05,2,120.2121106,0,-0.121793412,2,6
1,audio,Task B ,2,3,1,0,0.00019,2,345.9045238,0,-1.142700799,3,7
1,audio,Task B ,2,4,1,0,0.00019,2,51.32070234,0,-2.315638593,3,8
1,audio,Task B ,2,3,1,0,0.00019,2,197.6956179,0,1.763995413,3,7
1,audio,Task B ,2,4,1,0,0.00041,2,29.61867892,0,2.514350958,4,8
1,audio,Task B ,1,2,0,0,4.00E-05,2,286.0002832,0,-0.240531449,1,3
1,audio,Task B ,2,1,1,0,4.00E-05,2,105.9643876,0,2.388634597,1,5
2,audio,Task B ,2,2,0,0,0.00019,1,0.924948811,0,0.26838934,3,6
2,audio,Task B ,1,2,1,0,9.00E-05,1,248.9737437,0,0.06017714,2,3
2,audio,Task B ,1,3,1,0,9.00E-05,1,199.6854533,0,0.042532496,2,2
2,audio,Task B ,1,3,1,0,4.00E-05,1,194.9046785,0,-0.076038364,1,2
2,audio,Task B ,1,2,0,0,0.00019,2,251.5340528,0,1.685604587,3,3
2,audio,Task B ,1,2,1,0,4.00E-05,1,334.6521627,0,-0.545910659,1,3
3,audio,Task B ,1,3,1,0,4.00E-05,1,246.1039687,0,0.119395548,1,2
3,audio,Task B ,2,2,0,0,0.00041,1,158.7857831,0,0.378909331,4,6
3,audio,Task B ,1,1,0,0,0.00019,2,212.2781426,0,0.530988197,3,4
3,audio,Task B ,2,2,1,0,0.00019,2,64.75744166,0,-0.537206369,3,6
3,audio,Task B ,1,3,0,0,0.00019,2,117.6104623,0,0.673656681,3,2
3,audio,Task B ,1,1,0,0,4.00E-05,2,166.1324699,0,0.121088557,1,4
4,audio,Task B ,1,1,0,0,9.00E-05,2,69.95071073,0,-1.497072551,2,4
4,audio,Task B ,1,1,1,0,4.00E-05,1,287.9952251,0,0.444524165,1,4
4,audio,Task B ,2,3,1,0,0.00019,2,63.87806978,0,1.014806875,3,7
4,audio,Task B ,1,3,0,0,9.00E-05,2,23.64776841,0,-0.125646677,2,2
4,audio,Task B ,1,3,0,0,0.00041,2,350.5361552,0,0.080657343,4,2
4,audio,Task B ,2,3,1,0,0.00019,2,337.1168569,0,1.468061298,3,7
5,audio,Task B ,2,4,0,0,0.00019,1,98.31598995,0,-0.875325221,3,8
5,audio,Task B ,2,1,1,0,4.00E-05,2,350.7602876,0,-0.657015005,1,5
5,audio,Task B ,1,3,1,0,0.00041,1,330.3652506,0,-0.215574649,4,2
5,audio,Task B ,1,4,0,0,0.00041,2,32.11809104,0,0.327631717,4,1
5,audio,Task B ,2,1,1,0,9.00E-05,2,63.71658979,0,-1.021774043,2,5
5,audio,Task B ,1,3,0,0,0.00019,2,214.8174265,0,-0.149236967,3,2
6,audio,Task B ,2,3,1,0,4.00E-05,2,148.5261766,0,2.844866087,1,7
6,audio,Task B ,1,3,0,0,9.00E-05,2,36.79572743,0,-0.231771629,2,2
6,audio,Task B ,2,3,1,0,4.00E-05,2,73.44595769,0,1.522426661,1,7
6,audio,Task B ,1,3,0,0,9.00E-05,2,217.4039643,0,-1.25228335,2,2
6,audio,Task B ,1,3,0,0,0.00019,2,348.028525,0,0.850388978,3,2
6,audio,Task B ,1,2,1,0,4.00E-05,1,13.42530421,0,0.020256379,1,3
7,audio,Task B ,1,4,0,0,0.00041,2,158.1195678,0,0.98988009,4,1
7,audio,Task B ,1,4,1,0,0.00041,1,136.6155708,0,-0.390579964,4,1
7,audio,Task B ,1,4,0,0,0.00041,2,192.1452745,0,-0.675606647,4,1
7,audio,Task B ,2,4,0,0,0.00041,1,20.75578521,0,-0.115412949,4,8
7,audio,Task B ,1,4,1,0,0.00019,1,37.52473063,0,0.671572279,3,1
7,audio,Task B ,2,4,0,0,0.00019,1,316.8288985,0,0.740749315,3,8
8,audio,Task B ,1,1,0,0,0.00019,2,129.139181,0,-0.072123887,3,4
8,audio,Task B ,2,1,0,0,0.00019,1,155.3085388,0,0.444427579,3,5
8,audio,Task B ,1,1,0,0,4.00E-05,2,315.8839577,0,-1.012788919,1,4
8,audio,Task B ,1,2,1,0,4.00E-05,1,270.7857177,0,-0.318793906,1,3
8,audio,Task B ,1,3,1,0,0.00041,1,86.02980773,0,-0.209335463,4,2
8,audio,Task B ,1,1,0,0,0.00019,2,201.412304,0,-1.657887157,3,4
9,audio,Task B ,1,1,0,0,4.00E-05,2,265.4971018,0,0.866802336,1,4
9,audio,Task B ,1,1,1,0,9.00E-05,1,104.0920067,0,-0.180437108,2,4
9,audio,Task B ,1,1,1,0,4.00E-05,1,337.9607968,0,0.43097436,1,4
9,audio,Task B ,1,4,1,0,0.00019,1,86.91828639,0,0.578219774,3,1
9,audio,Task B ,2,1,1,0,0.00019,2,226.1086057,0,-0.194266155,3,5
9,audio,Task B ,1,1,0,0,0.00019,2,160.2732895,0,-1.56474082,3,4
10,audio,Task B ,2,1,0,0,0.00019,1,124.4010197,0,0.239119627,3,5
10,audio,Task B ,2,2,1,0,0.00041,2,46.77971789,0,-1.973340037,4,6
10,audio,Task B ,2,2,1,0,0.00019,2,298.184533,0,1.524380535,3,6
10,audio,Task B ,2,1,0,0,4.00E-05,1,267.9702061,0,0.740453597,1,5
10,audio,Task B ,2,1,0,0,0.00041,1,176.3741228,0,0.23963908,4,5
10,audio,Task B ,1,1,1,0,9.00E-05,1,214.4742186,0,0.270592947,2,4
1,audio,Task B ,2,4,1,0,0.00019,2,303.9746209,0,-0.784944577,3,8
1,audio,Task B ,1,2,0,0,0.00019,2,348.1936485,0,0.299446677,3,3
1,audio,Task B ,2,2,0,0,0.00019,1,297.5086062,0,0.299251348,3,6
1,audio,Task B ,2,2,0,0,9.00E-05,1,210.7826943,0,0.268872347,2,6
1,audio,Task B ,2,2,1,0,0.00019,2,50.99148879,0,-0.79176771,3,6
1,audio,Task B ,2,2,1,0,0.00019,2,114.1795258,0,1.790525163,3,6
2,audio,Task B ,2,1,1,0,9.00E-05,2,30.81143034,0,-2.682330848,2,5
2,audio,Task B ,2,3,1,0,0.00019,2,129.4264879,0,0.732050205,3,7
2,audio,Task B ,2,4,1,0,9.00E-05,2,265.7024863,0,0.763910553,2,8
2,audio,Task B ,1,2,1,0,0.00019,1,108.1399938,0,0.688876711,3,3
2,audio,Task B ,2,3,1,0,0.00019,2,75.15855333,0,0.241599832,3,7
2,audio,Task B ,1,2,1,0,9.00E-05,1,242.3725518,0,-0.149958893,2,3
3,audio,Task B ,1,3,1,0,9.00E-05,1,208.9096355,0,0.033549172,2,2
3,audio,Task B ,1,4,1,0,9.00E-05,1,330.71104,0,0.336069703,2,1
3,audio,Task B ,1,1,1,0,0.00041,1,30.45991317,0,-0.297019205,4,4
3,audio,Task B ,1,3,1,0,0.00041,1,159.4526925,0,-0.43022564,4,2
3,audio,Task B ,2,4,1,0,4.00E-05,2,93.54955317,0,-1.688188054,1,8
3,audio,Task B ,2,3,1,0,4.00E-05,2,63.29103391,0,1.284417719,1,7
4,audio,Task B ,1,2,1,0,9.00E-05,1,185.0324205,0,0.259184366,2,3
4,audio,Task B ,2,4,1,0,0.00019,2,16.77482037,0,-2.069822671,3,8
4,audio,Task B ,1,1,1,0,4.00E-05,1,87.74177451,0,-0.628802645,1,4
4,audio,Task B ,1,3,1,0,0.00041,1,156.716895,0,-0.023010451,4,2
4,audio,Task B ,2,2,1,0,0.00019,2,215.7249351,0,-0.716384353,3,6
4,audio,Task B ,2,4,1,0,0.00019,2,339.223285,0,-1.409188156,3,8
5,audio,Task B ,1,1,1,0,4.00E-05,1,290.7075418,0,0.322920005,1,4
5,audio,Task B ,1,1,0,0,4.00E-05,2,87.125171,0,-0.183713941,1,4
5,audio,Task B ,1,1,0,0,9.00E-05,2,252.0141475,0,-1.096831084,2,4
5,audio,Task B ,2,2,0,0,9.00E-05,1,288.1632,0,0.505499179,2,6
5,audio,Task B ,1,1,0,0,4.00E-05,2,69.13407251,0,-0.906911348,1,4
5,audio,Task B ,1,1,0,0,0.00041,2,145.2789052,0,-0.61945199,4,4
6,audio,Task B ,2,2,0,0,4.00E-05,1,308.4832621,0,-0.303024511,1,6
6,audio,Task B ,2,4,1,0,4.00E-05,2,334.1663825,0,-1.466160293,1,8
6,audio,Task B ,2,3,0,0,4.00E-05,1,206.7370917,0,-0.164875965,1,7
6,audio,Task B ,2,3,0,0,9.00E-05,1,336.0072628,0,-0.134332955,2,7
6,audio,Task B ,1,2,1,0,0.00019,1,137.3679673,0,0.036105753,3,3
6,audio,Task B ,1,2,0,0,0.00041,2,180.4698349,0,-0.693700459,4,3
7,audio,Task B ,1,4,0,0,9.00E-05,2,35.60258168,0,-0.418760652,2,1
7,audio,Task B ,1,4,1,0,0.00041,1,321.9345051,0,-0.021062844,4,1
7,audio,Task B ,1,1,1,0,4.00E-05,1,98.78153017,0,-0.467732663,1,4
7,audio,Task B ,1,4,0,0,9.00E-05,2,228.5541289,0,-0.479974091,2,1
7,audio,Task B ,1,1,1,0,4.00E-05,1,29.43812267,0,-0.594210335,1,4
7,audio,Task B ,1,4,1,0,0.00019,1,5.273534603,0,0.211389844,3,1
8,audio,Task B ,1,1,0,0,4.00E-05,2,115.7575464,0,1.79075042,1,4
8,audio,Task B ,1,4,0,0,0.00019,2,186.3106957,0,-0.023754109,3,1
8,audio,Task B ,2,1,0,0,0.00041,1,156.1854032,0,0.331756465,4,5
8,audio,Task B ,1,1,0,0,9.00E-05,2,254.4865502,0,-0.645667011,2,4
8,audio,Task B ,1,1,1,0,4.00E-05,1,307.8970476,0,0.180708707,1,4
8,audio,Task B ,1,3,1,0,0.00041,1,159.8843291,0,-0.237999438,4,2
9,audio,Task B ,1,3,0,0,0.00041,2,289.8795924,0,0.052358876,4,2
9,audio,Task B ,1,4,0,0,0.00041,2,51.39644237,0,0.409149926,4,1
9,audio,Task B ,2,1,1,0,9.00E-05,2,52.58261028,0,-0.233049749,2,5
9,audio,Task B ,1,4,0,0,0.00041,2,265.7175298,0,0.0300114,4,1
9,audio,Task B ,1,1,1,0,4.00E-05,1,183.9707629,0,-0.375067532,1,4
9,audio,Task B ,1,1,1,0,4.00E-05,1,85.4087424,0,-0.418253296,1,4
10,audio,Task B ,1,1,0,0,9.00E-05,2,130.2431715,0,0.147419137,2,4
10,audio,Task B ,2,1,1,0,0.00019,2,75.93613017,0,-0.58903879,3,5
10,audio,Task B ,1,1,1,0,0.00019,1,25.69512532,0,0.333446094,3,4
10,audio,Task B ,1,1,0,0,4.00E-05,2,293.2422732,0,-0.811708724,1,4
10,audio,Task B ,2,2,0,0,0.00019,1,114.5969599,0,0.389925015,3,6
10,audio,Task B ,1,2,1,0,0.00019,1,280.4091352,0,-0.063109313,3,3
1,audio,Task B ,2,2,1,0,4.00E-05,2,348.3687086,0,-1.352152374,1,6
1,audio,Task B ,2,4,1,0,9.00E-05,2,133.4372772,0,-0.791983935,2,8
1,audio,Task B ,1,2,1,0,0.00019,1,70.03596984,0,0.268284163,3,3
1,audio,Task B ,2,3,1,0,0.00041,2,196.9144431,0,-0.95767984,4,7
1,audio,Task B ,2,1,1,0,4.00E-05,2,329.7779556,0,-2.652913236,1,5
1,audio,Task B ,2,3,0,0,0.00041,1,271.7466873,0,-0.950139979,4,7
2,audio,Task B ,1,2,1,0,0.00019,1,321.5725146,0,-0.130841005,3,3
2,audio,Task B ,1,2,1,0,4.00E-05,1,13.06183641,0,0.537627754,1,3
2,audio,Task B ,1,2,1,0,4.00E-05,1,137.6670922,0,-0.329252427,1,3
2,audio,Task B ,1,2,1,0,9.00E-05,1,306.3321821,0,0.741071235,2,3
2,audio,Task B ,2,2,0,0,9.00E-05,1,193.786344,0,-0.047281474,2,6
2,audio,Task B ,1,2,1,0,0.00019,1,280.2660713,0,-0.021843043,3,3
3,audio,Task B ,1,2,1,0,9.00E-05,1,106.0466553,0,0.413645212,2,3
3,audio,Task B ,2,1,1,0,9.00E-05,2,305.4540753,0,1.483848023,2,5
3,audio,Task B ,1,3,1,0,4.00E-05,1,72.11794297,0,-0.025196764,1,2
3,audio,Task B ,1,2,1,0,0.00019,1,10.4523984,0,-0.059204025,3,3
3,audio,Task B ,1,4,1,0,9.00E-05,1,64.88607848,0,0.254667434,2,1
3,audio,Task B ,2,4,1,0,9.00E-05,2,114.1444855,0,2.551638075,2,8
4,audio,Task B ,1,1,1,0,4.00E-05,1,170.8436705,0,0.207684895,1,4
4,audio,Task B ,1,1,1,0,4.00E-05,1,196.0559913,0,-0.539446471,1,4
4,audio,Task B ,1,1,0,0,4.00E-05,2,64.21850876,0,0.197835414,1,4
4,audio,Task B ,1,3,1,0,0.00041,1,7.745134148,0,-0.18361691,4,2
4,audio,Task B ,1,3,1,0,0.00041,1,103.5042004,0,0.589541332,4,2
4,audio,Task B ,1,3,0,0,0.00041,2,53.42228443,0,0.988911302,4,2
5,audio,Task B ,2,2,0,0,0.00019,1,165.9840285,0,-0.500365391,3,6
5,audio,Task B ,2,4,1,0,0.00019,2,335.2807176,0,2.237235585,3,8
5,audio,Task B ,1,2,1,0,9.00E-05,1,211.9056635,0,0.340179771,2,3
5,audio,Task B ,2,4,1,0,0.00041,2,231.6138623,0,-1.867348248,4,8
5,audio,Task B ,2,4,1,0,0.00019,2,37.24599447,0,3.091511141,3,8
5,audio,Task B ,2,4,1,0,0.00019,2,44.94578201,0,0.912092158,3,8
6,audio,Task B ,2,2,0,0,9.00E-05,1,281.5341859,0,-0.42805653,2,6
6,audio,Task B ,1,3,0,0,4.00E-05,2,19.95995108,0,-0.635115066,1,2
6,audio,Task B ,1,3,1,0,0.00019,1,93.11447718,0,0.024582729,3,2
6,audio,Task B ,1,2,0,0,9.00E-05,2,109.5314904,0,-0.95835564,2,3
6,audio,Task B ,2,4,1,0,0.00041,2,227.274716,0,-2.824102549,4,8
6,audio,Task B ,1,3,1,0,0.00041,1,249.4653701,0,-0.074389575,4,2
7,audio,Task B ,1,4,1,0,0.00019,1,103.2794538,0,-0.281251194,3,1
7,audio,Task B ,1,4,1,0,9.00E-05,1,135.1456561,0,0.034942817,2,1
7,audio,Task B ,1,4,1,0,0.00019,1,88.36633294,0,0.621260202,3,1
7,audio,Task B ,1,4,0,0,9.00E-05,2,329.8241832,0,1.611473634,2,1
7,audio,Task B ,1,1,0,0,9.00E-05,2,326.3582367,0,0.090649414,2,4
7,audio,Task B ,1,1,0,0,9.00E-05,2,142.4781176,0,-0.946800216,2,4
8,audio,Task B ,2,4,0,0,0.00041,1,341.1559036,0,0.36267196,4,8
8,audio,Task B ,2,2,1,0,0.00041,2,179.4773318,0,-0.975992227,4,6
8,audio,Task B ,1,2,1,0,4.00E-05,1,339.6201751,0,0.317772494,1,3
8,audio,Task B ,1,3,1,0,0.00019,1,244.2669121,0,-0.013011806,3,2
8,audio,Task B ,1,2,0,0,0.00019,2,216.43414,0,0.570771649,3,3
8,audio,Task B ,2,3,0,0,9.00E-05,1,256.7706944,0,-0.355973054,2,7
9,audio,Task B ,1,1,1,0,4.00E-05,1,30.43470929,0,0.327458488,1,4
9,audio,Task B ,1,4,1,0,4.00E-05,1,285.8607787,0,0.562492016,1,1
9,audio,Task B ,1,1,0,0,9.00E-05,2,43.04962949,0,2.193381507,2,4
9,audio,Task B ,1,1,1,0,4.00E-05,1,292.378869,0,-0.28881521,1,4
9,audio,Task B ,1,2,1,0,9.00E-05,1,346.6843412,0,0.215532301,2,3
9,audio,Task B ,1,2,0,0,4.00E-05,2,275.984618,0,0.585692238,1,3
10,audio,Task B ,1,1,1,0,4.00E-05,1,338.8606698,0,0.055684893,1,4
10,audio,Task B ,2,1,0,0,9.00E-05,1,88.5850975,0,-0.263350276,2,5
10,audio,Task B ,1,1,1,0,4.00E-05,1,196.3035481,0,0.204092945,1,4
10,audio,Task B ,1,1,0,0,9.00E-05,2,75.64375298,0,-3.675954413,2,4
10,audio,Task B ,2,2,1,0,0.00019,2,308.9648655,0,-1.283971585,3,6
10,audio,Task B ,1,1,1,0,0.00019,1,162.4833476,0,0.069050715,3,4