subject_name,stim_type,task_type,resp_category,resp_confidence,resp_correct,stim_orientation,stim_reliability,stim_category,stim_phase,block_number,stim_frequency,stim_reliability_level,r
1,bimodal,Task B ,1,2,1,0.085483766,1,1,306.6360692,1,-0.564904108,1,3
1,bimodal,Task B ,2,2,0,-0.621146837,3,1,304.1420608,2,0.323218665,3,6
1,bimodal,Task B ,1,4,1,0.077061419,3,1,144.9971372,3,-0.149430887,3,1
1,bimodal,Task B ,1,4,1,-0.246497164,4,1,146.5599234,4,-0.11806117,4,1
1,bimodal,Task B ,1,4,1,-0.147388453,4,1,120.0732726,5,0.287843568,4,1
1,bimodal,Task B ,1,3,1,-1.77E-05,2,1,32.01485908,6,0.075228083,2,2
2,bimodal,Task B ,1,3,0,-0.753129296,2,2,39.93219486,1,-0.141869362,2,2
2,bimodal,Task B ,2,3,1,-1.869935421,4,2,25.89971421,2,0.025991788,4,7
2,bimodal,Task B ,1,2,0,-0.005498552,2,2,207.499309,3,-2.012510707,2,3
2,bimodal,Task B ,1,1,0,-0.666551926,1,2,213.1535039,4,-0.50353119,1,4
2,bimodal,Task B ,1,2,0,0.847602434,2,2,277.6151173,5,-0.107160899,2,3
2,bimodal,Task B ,2,4,1,-2.90017208,2,2,9.523184387,6,1.573342314,2,8
3,bimodal,Task B ,2,4,1,-2.339261601,3,2,239.2477034,1,1.701994744,3,8
3,bimodal,Task B ,2,4,1,-2.005200281,3,2,212.7774274,2,0.122026442,3,8
3,bimodal,Task B ,1,4,1,-0.111764805,3,1,231.4001905,3,-0.101351095,3,1
3,bimodal,Task B ,1,3,1,0.264761285,3,1,226.1972914,4,-0.41028872,3,2
3,bimodal,Task B ,2,1,1,-0.876494481,2,2,25.71570393,5,1.903685114,2,5
3,bimodal,Task B ,1,4,1,0.394026105,2,1,169.0148726,6,-0.232803683,2,1
4,bimodal,Task B ,1,3,0,-0.928009156,2,2,198.429522,1,0.701748037,2,2
4,bimodal,Task B ,1,2,1,-0.155940494,2,1,111.6709338,2,0.190250252,2,3
4,bimodal,Task B ,1,2,1,0.274070144,3,1,146.7187624,3,0.204637941,3,3
4,bimodal,Task B ,1,3,1,0.564175126,4,1,262.1584396,4,0.222039555,4,2
4,bimodal,Task B ,1,3,1,0.523004063,2,1,260.0879659,5,0.120838511,2,2
4,bimodal,Task B ,1,1,1,0.161351004,3,1,11.65000456,6,0.079700865,3,4
5,bimodal,Task B ,1,2,1,1.122770509,3,1,241.9518836,1,0.073212111,3,3
5,bimodal,Task B ,1,4,0,0.380938277,1,2,314.3035228,2,0.05004562,1,1
5,bimodal,Task B ,1,2,0,0.616990611,3,2,219.5685768,3,0.368257294,3,3
5,bimodal,Task B ,1,2,1,-0.425718957,1,1,34.93403303,4,-0.072545489,1,3
5,bimodal,Task B ,2,3,1,-1.808301967,4,2,186.0978625,5,-0.942838665,4,7
5,bimodal,Task B ,2,4,1,-2.105827138,1,2,355.3609238,6,0.482340655,1,8
6,bimodal,Task B ,1,3,1,-0.107545599,3,1,261.5188739,1,0.075397298,3,2
6,bimodal,Task B ,1,1,1,0.141624211,1,1,326.53037,2,-0.272906666,1,4
6,bimodal,Task B ,1,2,0,-0.705067265,3,2,206.1048153,3,1.282663125,3,3
6,bimodal,Task B ,1,2,1,-0.089275066,4,1,44.30809216,4,0.577896597,4,3
6,bimodal,Task B ,1,2,1,-0.072952285,2,1,22.70491838,5,-0.458652863,2,3
6,bimodal,Task B ,1,2,0,-0.619202371,4,2,164.8681618,6,-0.703872364,4,3
7,bimodal,Task B ,1,2,1,-0.41944142,4,1,9.688367086,1,-0.377240981,4,3
7,bimodal,Task B ,1,4,0,0.62880132,4,2,131.6119102,2,1.839874692,4,1
7,bimodal,Task B ,1,1,0,0.203885997,3,2,303.8449634,3,-0.261092345,3,4
7,bimodal,Task B ,1,1,1,-0.093329315,1,1,309.2290842,4,0.120305719,1,4
7,bimodal,Task B ,1,4,1,0.387464485,4,1,276.8923996,5,0.296177187,4,1
7,bimodal,Task B ,2,1,1,-3.033591672,1,2,96.81197757,6,-1.122726905,1,5
8,bimodal,Task B ,2,1,0,0.06217214,4,1,135.9091529,1,0.442889451,4,5
8,bimodal,Task B ,1,4,1,-0.074910443,2,1,40.94500375,2,-0.098469222,2,1
8,bimodal,Task B ,2,4,1,-0.953385255,4,2,328.7742561,3,1.227550033,4,8
8,bimodal,Task B ,2,4,0,0.723826762,4,1,86.61066844,4,-0.108959063,4,8
8,bimodal,Task B ,1,4,1,0.104988156,4,1,19.207578,5,0.497890966,4,1
8,bimodal,Task B ,1,4,1,0.224152264,2,1,283.3682847,6,0.128176248,2,1
9,bimodal,Task B ,1,1,0,2.709714278,3,2,90.20652102,1,2.097860366,3,4
9,bimodal,Task B ,1,1,1,-0.134369134,2,1,349.359525,2,-0.332338132,2,4
9,bimodal,Task B ,2,3,1,0.960014804,4,2,125.9005702,3,0.497409488,4,7
9,bimodal,Task B ,1,2,1,0.457849136,3,1,17.3305811,4,-0.074313899,3,3
9,bimodal,Task B ,1,1,1,0.176830052,1,1,330.3716822,5,-0.077252395,1,4
9,bimodal,Task B ,1,1,1,0.492476801,2,1,250.5788912,6,0.394900727,2,4
10,bimodal,Task B ,1,1,1,-0.417572636,3,1,185.548412,1,-0.612785339,3,4
10,bimodal,Task B ,2,1,1,-1.80011762,1,2,118.9746015,2,-0.616140825,1,5
10,bimodal,Task B ,1,1,1,-0.392561725,1,1,264.857772,3,0.290574393,1,4
10,bimodal,Task B ,1,1,0,0.140792565,2,2,59.41815219,4,1.601115605,2,4
10,bimodal,Task B ,2,1,1,0.682350641,3,2,347.844324,5,2.66105012,3,5
10,bimodal,Task B ,1,1,0,0.061149111,1,2,150.0518736,6,0.286081006,1,4
1,bimodal,Task B ,1,2,0,-1.059494507,1,2,180.5906723,1,-2.238089739,1,3
1,bimodal,Task B ,1,3,0,0.365387047,3,2,222.5439691,2,-0.040210828,3,2
1,bimodal,Task B ,1,4,1,-0.200298932,4,1,217.5643947,3,0.193792999,4,1
1,bimodal,Task B ,1,4,1,-0.146753743,3,1,166.6234866,4,-0.191547242,3,1
1,bimodal,Task B ,1,4,1,0.124819087,3,1,90.81616428,5,-0.03090346,3,1
1,bimodal,Task B ,1,4,1,0.389203414,4,1,312.1689542,6,-0.385412454,4,1
2,bimodal,Task B ,2,2,0,-0.156596453,3,1,249.1839114,1,-0.043463133,3,6
2,bimodal,Task B ,2,3,1,-0.890263286,4,2,341.2457489,2,1.812524523,4,7
2,bimodal,Task B ,1,2,1,0.233693361,2,1,47.16768653,3,0.205508494,2,3
2,bimodal,Task B ,2,2,1,-0.772081151,3,2,326.0867629,4,-0.624746711,3,6
2,bimodal,Task B ,2,2,1,-2.059293356,3,2,187.8547367,5,0.303312531,3,6
2,bimodal,Task B ,1,2,1,-0.289596927,4,1,56.14249222,6,0.441678321,4,3
3,bimodal,Task B ,2,4,1,-1.375389317,2,2,54.98952698,1,-2.102101216,2,8
3,bimodal,Task B ,1,3,1,0.375031936,1,1,210.2695384,2,0.31370105,1,2
3,bimodal,Task B ,2,1,1,-1.04669684,2,2,187.7968741,3,-0.976792155,2,5
3,bimodal,Task B ,2,4,1,1.790994338,4,2,281.673727,4,1.906896764,4,8
3,bimodal,Task B ,1,3,0,-0.269110614,3,2,116.7390428,5,0.670897946,3,2
3,bimodal,Task B ,2,1,0,0.178326291,1,1,48.04870648,6,-0.036939097,1,5
4,bimodal,Task B ,1,4,1,0.155469684,4,1,173.9404442,1,0.07314265,4,1
4,bimodal,Task B ,1,1,0,-0.318987124,1,2,125.1581222,2,0.8957177,1,4
4,bimodal,Task B ,1,2,1,-0.44767528,1,1,171.2697014,3,0.051932685,1,3
4,bimodal,Task B ,2,4,1,0.430383454,4,2,49.53834449,4,-1.619570903,4,8
4,bimodal,Task B ,2,4,1,2.768800874,4,2,128.1805168,5,0.96477769,4,8
4,bimodal,Task B ,1,1,1,0.334452815,2,1,3.064795254,6,0.53492424,2,4
5,bimodal,Task B ,2,4,1,-2.195687822,1,2,323.0295956,1,0.060977188,1,8
5,bimodal,Task B ,1,4,1,-0.267218688,4,1,112.5183662,2,0.030699244,4,1
5,bimodal,Task B ,2,4,1,-1.241712041,4,2,151.4971718,3,-1.073943575,4,8
5,bimodal,Task B ,1,4,1,-0.326874482,4,1,10.77231235,4,0.10652287,4,1
5,bimodal,Task B ,2,4,1,1.627768465,3,2,47.46435369,5,-0.404890933,3,8
5,bimodal,Task B ,1,3,0,-0.587674594,3,2,352.4169892,6,0.250555888,3,2
6,bimodal,Task B ,2,1,0,-0.27297239,3,1,14.72202447,1,-0.611353431,3,5
6,bimodal,Task B ,2,2,1,1.804886609,3,2,322.9404933,2,0.223823093,3,6
6,bimodal,Task B ,2,2,1,-3.300094324,3,2,57.59785902,3,-2.869124891,3,6
6,bimodal,Task B ,1,2,0,0.348185455,2,2,130.8495824,4,-3.502069328,2,3
6,bimodal,Task B ,1,1,0,0.511202872,3,2,351.2439314,5,2.100181553,3,4
6,bimodal,Task B ,2,2,1,-0.712464651,4,2,173.0403396,6,-1.761972102,4,6
7,bimodal,Task B ,1,4,1,-0.27088729,1,1,94.73237214,1,0.458658723,1,1
7,bimodal,Task B ,1,1,1,0.705541117,1,1,283.2236095,2,-0.280640156,1,4
7,bimodal,Task B ,2,1,1,0.016757023,3,2,0.178661658,3,-2.85344857,3,5
7,bimodal,Task B ,1,4,1,-0.273404607,4,1,172.0722115,4,-0.519849372,4,1
7,bimodal,Task B ,2,4,1,-1.246589494,3,2,122.0129523,5,1.97935179,3,8
7,bimodal,Task B ,1,4,0,-0.326052564,4,2,254.3815515,6,2.822155549,4,1
8,bimodal,Task B ,1,4,1,-0.204349586,4,1,337.6644124,1,0.063454087,4,1
8,bimodal,Task B ,1,4,1,-0.379087491,3,1,94.67374789,2,-0.514155797,3,1
8,bimodal,Task B ,2,1,1,0.135471236,1,2,180.4623427,3,-1.426614711,1,5
8,bimodal,Task B ,1,4,0,0.450061215,3,2,235.2554807,4,1.598655793,3,1
8,bimodal,Task B ,1,4,1,-0.227122783,3,1,242.5554892,5,-0.10973874,3,1
8,bimodal,Task B ,1,4,1,0.274186583,3,1,182.9987626,6,0.451580759,3,1
9,bimodal,Task B ,2,3,1,-1.058122527,2,2,249.6404028,1,-1.562525469,2,7
9,bimodal,Task B ,1,1,0,1.008379524,3,2,159.9931641,2,1.415318258,3,4
9,bimodal,Task B ,1,1,1,-0.162619397,4,1,115.7201502,3,0.065334977,4,4
9,bimodal,Task B ,2,2,1,1.844441274,3,2,300.3097855,4,0.099245763,3,6
9,bimodal,Task B ,2,2,1,1.097225837,4,2,117.4136781,5,-0.947458218,4,6
9,bimodal,Task B ,1,1,1,0.265774865,3,1,146.0297732,6,-0.023958353,3,4
10,bimodal,Task B ,1,1,1,0.384106095,1,1,147.2541764,1,-0.075192064,1,4
10,bimodal,Task B ,1,2,1,0.509032179,1,1,356.4034864,2,-0.032754937,1,3
10,bimodal,Task B ,1,2,1,0.024544306,2,1,92.17348065,3,-0.142947135,2,3
10,bimodal,Task B ,1,1,1,-0.00308819,1,1,33.15011013,4,0.295062035,1,4
10,bimodal,Task B ,2,2,1,2.764454887,3,2,328.9882145,5,1.203940841,3,6
10,bimodal,Task B ,1,1,1,-0.224398403,3,1,257.3181426,6,-0.535930202,3,4
1,bimodal,Task B ,1,3,0,-0.744551779,3,2,305.6563246,1,0.787866091,3,2
1,bimodal,Task B ,1,2,1,-0.335725358,2,1,154.8768245,2,-0.647758418,2,3
1,bimodal,Task B ,1,3,1,-0.481948176,2,1,209.4821871,3,0.022609437,2,2
1,bimodal,Task B ,2,1,1,0.709852234,2,2,207.0404256,4,1.84244193,2,5
1,bimodal,Task B ,2,1,0,-0.280480971,2,1,286.5431819,5,0.186235758,2,5
1,bimodal,Task B ,1,3,1,-0.225625994,4,1,14.82995033,6,0.482122321,4,2
2,bimodal,Task B ,1,2,1,-0.344524624,4,1,53.00501853,1,-0.380477664,4,3
2,bimodal,Task B ,1,3,1,-0.273246334,4,1,56.44585214,2,-0.215609997,4,2
2,bimodal,Task B ,2,1,0,-0.004668401,1,1,357.2549484,3,-0.278473262,1,5
2,bimodal,Task B ,1,2,1,0.424497842,1,1,206.6495135,4,-0.222292533,1,3
2,bimodal,Task B ,1,2,1,0.129870328,3,1,167.8822868,5,-0.126123726,3,3
2,bimodal,Task B ,1,3,1,0.201733839,3,1,109.4525446,6,-0.035537261,3,2
3,bimodal,Task B ,1,3,1,-0.143801822,4,1,339.728474,1,-0.072386961,4,2
3,bimodal,Task B ,2,1,0,0.751945043,1,1,352.5583532,2,0.250710074,1,5
3,bimodal,Task B ,1,3,1,-0.297828168,2,1,94.02548362,3,0.010425927,2,2
3,bimodal,Task B ,2,1,1,1.236904643,2,2,70.57078664,4,-0.962730224,2,5
3,bimodal,Task B ,2,1,1,-0.397649566,3,2,335.2785733,5,2.22915756,3,5
3,bimodal,Task B ,2,3,1,1.618497544,4,2,352.0254036,6,1.672706358,4,7
4,bimodal,Task B ,1,3,1,-0.391822031,4,1,292.034278,1,-0.164734055,4,2
4,bimodal,Task B ,1,1,1,-0.046151879,2,1,13.23312012,2,0.077961479,2,4
4,bimodal,Task B ,1,3,1,-0.016459323,4,1,295.5481626,3,0.371043848,4,2
4,bimodal,Task B ,1,1,1,-0.000639225,1,1,149.902906,4,0.066135179,1,4
4,bimodal,Task B ,1,3,1,-0.267634012,4,1,110.4541453,5,0.282690178,4,2
4,bimodal,Task B ,2,1,1,1.547047149,2,2,324.2006449,6,-1.638807109,2,5
5,bimodal,Task B ,1,2,0,-0.890348521,4,2,99.65705743,1,-0.430595377,4,3
5,bimodal,Task B ,2,4,1,-1.88285622,1,2,274.2909293,2,0.722149445,1,8
5,bimodal,Task B ,2,4,1,-1.158654954,2,2,201.9936776,3,1.871377444,2,8
5,bimodal,Task B ,1,2,0,-1.012626465,2,2,67.4634454,4,0.950385591,2,3
5,bimodal,Task B ,2,4,1,0.697309797,3,2,275.4368179,5,1.744678367,3,8
5,bimodal,Task B ,1,2,1,-0.175801967,1,1,160.245314,6,-0.256442511,1,3
6,bimodal,Task B ,2,1,0,0.215145017,2,1,51.41086721,1,0.456722925,2,5
6,bimodal,Task B ,2,2,0,-0.185381201,3,1,199.2328869,2,0.120250454,3,6
6,bimodal,Task B ,1,2,1,-0.374633863,1,1,341.2073903,3,-0.825680541,1,3
6,bimodal,Task B ,1,2,0,0.11581306,1,2,210.1607295,4,-0.534178978,1,3
6,bimodal,Task B ,2,2,1,-0.821070356,4,2,189.3855754,5,-0.350655164,4,6
6,bimodal,Task B ,2,2,1,2.056823175,4,2,125.5706328,6,-0.543464746,4,6
7,bimodal,Task B ,1,1,0,0.801698637,3,2,116.7408482,1,-1.153144091,3,4
7,bimodal,Task B ,2,1,1,-3.114141823,3,2,318.9479645,2,0.037524218,3,5
7,bimodal,Task B ,1,1,1,0.175535501,2,1,202.6582766,3,0.127409716,2,4
7,bimodal,Task B ,1,1,1,0.349863187,3,1,279.0837948,4,-0.152533946,3,4
7,bimodal,Task B ,1,1,1,-0.418187692,1,1,233.9011789,5,-0.714285102,1,4
7,bimodal,Task B ,1,4,1,-0.174710693,3,1,55.43005846,6,0.200883754,3,1
8,bimodal,Task B ,2,4,0,0.354013841,4,1,284.0052925,1,0.248524637,4,8
8,bimodal,Task B ,1,4,0,0.653014322,3,2,328.2807007,2,2.616214262,3,1
8,bimodal,Task B ,1,4,1,-0.135780188,4,1,299.9945208,3,0.111333377,4,1
8,bimodal,Task B ,2,1,1,0.656487412,4,2,320.0717278,4,0.95232927,4,5
8,bimodal,Task B ,1,1,1,0.329017209,3,1,227.0659599,5,-0.329882348,3,4
8,bimodal,Task B ,1,4,1,0.0811923,2,1,169.4440402,6,0.090274881,2,1
9,bimodal,Task B ,1,2,0,0.430546149,2,2,3.627312866,1,-0.266961817,2,3
9,bimodal,Task B ,1,1,1,-0.010425842,1,1,147.7725952,2,0.005937791,1,4
9,bimodal,Task B ,2,3,1,0.609868287,3,2,41.23086767,3,2.553637966,3,7
9,bimodal,Task B ,1,2,0,0.68728499,2,2,106.9869994,4,1.149814724,2,3
9,bimodal,Task B ,1,2,1,0.695755793,3,1,157.799497,5,-0.322828766,3,3
9,bimodal,Task B ,1,2,1,0.28040428,3,1,143.7237691,6,-0.146379544,3,3
10,bimodal,Task B ,1,1,0,-0.845668169,1,2,357.8056783,1,0.854870444,1,4
10,bimodal,Task B ,1,1,0,1.547978295,1,2,336.0778286,2,-2.48334473,1,4
10,bimodal,Task B ,1,1,1,0.247545044,1,1,238.9174118,3,0.270503087,1,4
10,bimodal,Task B ,1,2,1,-0.35158373,1,1,287.064411,4,-0.250684084,1,3
10,bimodal,Task B ,1,2,1,0.129046757,3,1,226.8936281,5,0.076021452,3,3
10,bimodal,Task B ,1,1,1,0.541794606,3,1,177.3914351,6,0.148690401,3,4
1,bimodal,Task B ,2,4,1,1.813109311,3,2,197.9110192,1,-0.969440562,3,8
1,bimodal,Task B ,1,2,1,-0.349566149,4,1,221.2286153,2,-0.254261778,4,3
1,bimodal,Task B ,1,3,1,-0.161611788,2,1,109.405858,3,-0.473994467,2,2
1,bimodal,Task B ,1,3,1,-0.227666598,3,1,273.6309556,4,-0.71081881,3,2
1,bimodal,Task B ,1,3,1,0.519121693,1,1,57.17067913,5,-0.113605266,1,2
1,bimodal,Task B ,2,2,1,0.243119929,4,2,31.10916121,6,2.260308033,4,6
2,bimodal,Task B ,2,3,1,0.258595003,2,2,1.975433248,1,0.159578612,2,7
2,bimodal,Task B ,1,1,0,0.640072012,1,2,122.6362831,2,-1.708327327,1,4
2,bimodal,Task B ,2,1,1,0.205448505,1,2,52.72142558,3,1.081866514,1,5
2,bimodal,Task B ,1,2,0,-0.698860191,2,2,27.83235674,4,-1.266224416,2,3
2,bimodal,Task B ,1,2,1,-0.189364651,2,1,129.7374601,5,0.186417851,2,3
2,bimodal,Task B ,1,2,1,-0.006325111,1,1,333.6217206,6,0.272268164,1,3
3,bimodal,Task B ,1,4,1,0.131585121,3,1,42.59880519,1,0.253279571,3,1
3,bimodal,Task B ,1,2,1,0.149947859,3,1,238.4181652,2,-0.340842481,3,3
3,bimodal,Task B ,2,2,0,0.675610745,1,1,195.9910402,3,0.393601117,1,6
3,bimodal,Task B ,2,2,1,1.213417378,1,2,318.8128228,4,-0.743864648,1,6
3,bimodal,Task B ,1,3,1,-0.650216459,2,1,72.82743427,5,-0.19548182,2,2
3,bimodal,Task B ,2,1,1,0.49221859,2,2,214.3594437,6,-0.727453619,2,5
4,bimodal,Task B ,2,1,1,0.896222813,1,2,190.0192481,1,1.049820876,1,5
4,bimodal,Task B ,1,4,1,0.098516066,4,1,44.75125874,2,-0.021943883,4,1
4,bimodal,Task B ,1,2,1,-0.238354021,2,1,1.451317268,3,-0.026943586,2,3
4,bimodal,Task B ,2,4,1,-2.639042504,4,2,16.67586603,4,-0.042020521,4,8
4,bimodal,Task B ,2,4,1,-0.545139769,3,2,51.09416873,5,1.271535675,3,8
4,bimodal,Task B ,2,2,1,-0.835729587,3,2,45.52712085,6,1.031336471,3,6
5,bimodal,Task B ,2,2,1,-1.331440181,2,2,244.9609883,1,1.930059199,2,6
5,bimodal,Task B ,1,4,1,0.049443346,3,1,144.6918396,2,-0.098134362,3,1
5,bimodal,Task B ,1,3,1,-0.732828452,3,1,0.863961824,3,-0.041371298,3,2
5,bimodal,Task B ,1,3,0,0.593439836,4,2,184.8149219,4,-0.175461165,4,2
5,bimodal,Task B ,2,4,0,-0.3215308,3,1,203.075298,5,0.761331144,3,8
5,bimodal,Task B ,2,4,1,1.361861936,4,2,58.44628065,6,2.002053808,4,8
6,bimodal,Task B ,1,2,0,-2.21831417,2,2,306.3867651,1,0.216736657,2,3
6,bimodal,Task B ,2,2,1,-0.735176323,4,2,30.4161543,2,0.69317247,4,6
6,bimodal,Task B ,1,2,0,-0.205411539,4,2,105.8017381,3,1.769131265,4,3
6,bimodal,Task B ,1,2,0,-0.842768933,4,2,49.13129406,4,-0.34029537,4,3
6,bimodal,Task B ,1,2,1,-0.406685746,2,1,116.6845109,5,-0.516379872,2,3
6,bimodal,Task B ,1,1,1,-0.0119966,3,1,34.69636009,6,-0.437037171,3,4
7,bimodal,Task B ,1,1,0,-1.076758154,2,2,347.0297391,1,0.755291495,2,4
7,bimodal,Task B ,1,1,0,-1.309945307,1,2,241.9130269,2,-2.246068397,1,4
7,bimodal,Task B ,1,1,1,0.445808667,2,1,235.5898519,3,-0.397017494,2,4
7,bimodal,Task B ,1,1,1,-0.551680034,3,1,28.99002234,4,0.048232001,3,4
7,bimodal,Task B ,1,1,0,-0.40716076,2,2,14.67587209,5,-0.320612351,2,4
7,bimodal,Task B ,1,1,1,-0.39441723,3,1,194.9944168,6,0.048841111,3,4
8,bimodal,Task B ,2,1,0,-0.271850217,1,1,307.9078726,1,-0.535272742,1,5
8,bimodal,Task B ,2,4,1,-2.058941408,1,2,224.1943806,2,-1.606356839,1,8
8,bimodal,Task B ,2,4,1,1.10624024,4,2,296.1832566,3,-1.186270022,4,8
8,bimodal,Task B ,1,4,0,-0.294590652,3,2,311.6418253,4,1.760198932,3,1
8,bimodal,Task B ,1,4,1,0.393934118,3,1,196.5976331,5,0.119635384,3,1
8,bimodal,Task B ,1,4,1,-0.205453274,4,1,190.7234145,6,0.21176551,4,1
9,bimodal,Task B ,1,3,1,-0.289299388,3,1,342.8027379,1,0.27810136,3,2
9,bimodal,Task B ,2,1,0,0.202885419,3,1,258.4409508,2,-0.094758377,3,5
9,bimodal,Task B ,1,1,1,-0.185620881,4,1,15.00172458,3,-0.179383267,4,4
9,bimodal,Task B ,2,2,1,0.103750716,1,2,299.8392932,4,0.631268418,1,6
9,bimodal,Task B ,1,2,1,-0.337610813,2,1,154.0121321,5,-0.058695865,2,3
9,bimodal,Task B ,1,1,0,0.084491311,2,2,102.2897468,6,0.062749047,2,4
10,bimodal,Task B ,1,1,1,0.031747803,1,1,88.35835044,1,-0.027313462,1,4
10,bimodal,Task B ,1,2,1,0.34532146,4,1,103.2305111,2,-0.187139245,4,3
10,bimodal,Task B ,2,1,1,1.010728483,3,2,26.95411233,3,0.252056304,3,5
10,bimodal,Task B ,1,2,1,0.063665049,2,1,75.69337509,4,0.046124102,2,3
10,bimodal,Task B ,1,1,0,0.053721077,2,2,242.9751317,5,-4.143194419,2,4
10,bimodal,Task B ,1,1,1,-0.133102264,1,1,162.2016148,6,0.577230746,1,4
1,bimodal,Task B ,1,2,1,-0.160474245,3,1,139.4284828,1,-0.367053301,3,3
1,bimodal,Task B ,1,3,1,0.06889042,1,1,76.34744705,2,-0.330707894,1,2
1,bimodal,Task B ,2,2,1,1.362879227,3,2,2.716018519,3,-0.402385377,3,6
1,bimodal,Task B ,1,2,1,-0.225488638,1,1,95.15195558,4,0.492543244,1,3
1,bimodal,Task B ,2,4,1,0.958215059,3,2,128.2298179,5,-2.350237694,3,8
1,bimodal,Task B ,1,3,0,0.203012231,3,2,232.2005683,6,1.432583533,3,2
2,bimodal,Task B ,1,1,0,1.315032957,1,2,28.12144107,1,0.458732932,1,4
2,bimodal,Task B ,1,2,1,0.02804668,3,1,256.3711194,2,0.339664608,3,3
2,bimodal,Task B ,1,2,1,0.437710741,2,1,56.94204428,3,0.261427718,2,3
2,bimodal,Task B ,1,2,1,-0.312388489,3,1,18.42451529,4,-0.708456273,3,3
2,bimodal,Task B ,1,1,1,0.873472378,3,1,232.4975849,5,-0.152010094,3,4
2,bimodal,Task B ,1,3,0,1.572349317,1,2,29.0874314,6,-0.262313309,1,2
3,bimodal,Task B ,2,4,1,-0.146622599,2,2,44.73687814,1,-2.287929966,2,8
3,bimodal,Task B ,1,2,1,0.182793099,4,1,302.0548898,2,-0.263633386,4,3
3,bimodal,Task B ,2,4,1,3.54564715,3,2,199.1849404,3,-0.960247231,3,8
3,bimodal,Task B ,2,1,0,-0.256564681,3,1,359.7589733,4,0.539180748,3,5
3,bimodal,Task B ,2,2,1,-0.883838832,3,2,346.0830765,5,1.08639499,3,6
3,bimodal,Task B ,1,3,0,0.181104891,3,2,2.177980156,6,0.508201599,3,2
4,bimodal,Task B ,1,3,0,1.814423448,1,2,274.0877862,1,-0.82857819,1,2
4,bimodal,Task B ,1,3,0,0.31855557,4,2,103.8686259,2,-0.425431931,4,2
4,bimodal,Task B ,1,2,0,-0.517117421,2,2,232.3519857,3,0.813087016,2,3
4,bimodal,Task B ,2,1,1,0.506873793,1,2,159.6073746,4,-0.214385462,1,5
4,bimodal,Task B ,2,3,1,-1.933752627,3,2,349.0764367,5,-1.056313793,3,7
4,bimodal,Task B ,1,1,1,0.250200059,3,1,313.6498116,6,-0.40163562,3,4
5,bimodal,Task B ,1,4,0,0.209351525,2,2,190.6949077,1,-0.165855918,2,1
5,bimodal,Task B ,2,2,1,-0.931308297,4,2,277.7172064,2,-0.974499808,4,6
5,bimodal,Task B ,1,4,1,0.450998673,3,1,193.3092864,3,-0.254076379,3,1
5,bimodal,Task B ,1,2,1,-0.363291398,3,1,264.8229471,4,0.243292315,3,3
5,bimodal,Task B ,1,4,0,0.104052705,2,2,296.2898559,5,2.915973096,2,1
5,bimodal,Task B ,1,2,1,0.540131597,4,1,335.6209778,6,-0.314267344,4,3
6,bimodal,Task B ,1,2,1,-0.044935182,1,1,68.66841456,1,0.141930163,1,3
6,bimodal,Task B ,2,2,0,0.186089812,1,1,246.75689,2,0.070804946,1,6
6,bimodal,Task B ,2,2,1,-1.392608154,2,2,86.61346592,3,1.165085892,2,6
6,bimodal,Task B ,1,2,0,-0.01363744,2,2,82.82419277,4,-0.712660701,2,3
6,bimodal,Task B ,1,2,0,-0.224224593,4,2,83.80840018,5,-0.054829859,4,3
6,bimodal,Task B ,1,1,0,0.018652145,4,2,45.33364482,6,-1.121935072,4,4
7,bimodal,Task B ,1,4,1,-0.08678271,3,1,32.14030556,1,-0.049159602,3,1
7,bimodal,Task B ,1,1,1,-0.00085957,1,1,222.947107,2,-0.176885235,1,4
7,bimodal,Task B ,1,4,1,0.388371271,4,1,145.9754267,3,-0.105235829,4,1
7,bimodal,Task B ,1,1,0,-0.637796028,1,2,113.6578694,4,-1.461572269,1,4
7,bimodal,Task B ,1,4,1,0.281818625,3,1,84.88936219,5,0.069976446,3,1
7,bimodal,Task B ,1,4,0,-0.314750502,4,2,132.9044377,6,1.276734898,4,1
8,bimodal,Task B ,2,4,1,1.627408827,4,2,136.8808419,1,-1.025831242,4,8
8,bimodal,Task B ,1,4,0,0.738907236,2,2,313.0732581,2,0.454301578,2,1
8,bimodal,Task B ,1,4,0,-0.287103786,4,2,92.77288401,3,0.282118282,4,1
8,bimodal,Task B ,2,4,1,1.421688125,4,2,70.50723602,4,-2.365036867,4,8
8,bimodal,Task B ,1,4,1,-0.265918048,2,1,161.5937613,5,0.357500209,2,1
8,bimodal,Task B ,1,4,1,-0.009260389,2,1,38.25739252,6,-0.183697493,2,1
9,bimodal,Task B ,1,1,0,-1.723783731,1,2,168.5057246,1,2.418674292,1,4
9,bimodal,Task B ,2,4,1,-0.09576011,3,2,301.7580205,2,-0.203644524,3,8
9,bimodal,Task B ,2,1,0,0.405811211,2,1,90.26975438,3,-0.258220487,2,5
9,bimodal,Task B ,2,1,0,0.368568381,2,1,70.8479498,4,-0.26467091,2,5
9,bimodal,Task B ,1,2,0,0.687301398,1,2,188.2334375,5,0.324003308,1,3
9,bimodal,Task B ,2,2,0,0.185457588,2,1,0.66233129,6,-0.346099315,2,6
10,bimodal,Task B ,1,1,0,0.410423582,2,2,148.2353097,1,3.720011525,2,4
10,bimodal,Task B ,1,1,0,-1.519221254,2,2,28.62590848,2,-0.10167855,2,4
10,bimodal,Task B ,1,2,0,0.795693934,1,2,250.9197742,3,0.129651449,1,3
10,bimodal,Task B ,1,1,1,-0.238845615,2,1,144.4993127,4,0.363220482,2,4
10,bimodal,Task B ,2,1,1,0.859836772,4,2,144.1430879,5,-1.558573424,4,5
10,bimodal,Task B ,1,2,0,-0.872509561,4,2,318.1063724,6,-0.619518403,4,3
1,bimodal,Task B ,1,3,1,-0.351958194,4,1,339.28591,1,0.082925306,4,2
1,bimodal,Task B ,1,3,1,-0.253254581,3,1,136.4199419,2,-0.517865669,3,2
1,bimodal,Task B ,2,1,1,-0.744906477,1,2,270.2658507,3,-0.643566657,1,5
1,bimodal,Task B ,2,4,1,2.04285959,2,2,239.6288436,4,-2.078417923,2,8
1,bimodal,Task B ,2,4,1,-2.683627658,2,2,94.26934261,5,-0.754448054,2,8
1,bimodal,Task B ,2,1,0,0.251509595,1,1,220.5041694,6,0.408513407,1,5
2,bimodal,Task B ,1,1,1,-0.001026646,1,1,104.8451478,1,-0.000483278,1,4
2,bimodal,Task B ,1,3,1,0.627424729,1,1,317.8009294,2,-0.311528806,1,2
2,bimodal,Task B ,1,2,1,0.600946962,4,1,62.77237261,3,-0.035407326,4,3
2,bimodal,Task B ,1,2,1,0.148951376,4,1,250.1425158,4,0.099557925,4,3
2,bimodal,Task B ,1,3,1,-0.348852327,2,1,331.1413606,5,-0.15831434,2,2
2,bimodal,Task B ,1,4,1,-0.167164162,3,1,43.24729414,6,0.07784712,3,1
3,bimodal,Task B ,2,4,1,-1.261736925,2,2,156.395024,1,0.094814184,2,8
3,bimodal,Task B ,1,1,1,-0.69744073,1,1,296.9341903,2,0.32916731,1,4
3,bimodal,Task B ,2,1,1,0.900521326,1,2,7.593349398,3,-1.766282864,1,5
3,bimodal,Task B ,2,3,1,-2.297829492,2,2,286.7348586,4,-0.243767845,2,7
3,bimodal,Task B ,1,2,1,-0.25506163,1,1,87.75778549,5,-0.382815621,1,3
3,bimodal,Task B ,1,4,1,-0.216161879,2,1,17.73772488,6,0.17167206,2,1
4,bimodal,Task B ,1,2,1,0.454797831,2,1,128.1912335,1,0.206766498,2,3
4,bimodal,Task B ,2,2,1,-1.434115119,2,2,152.3233089,2,-0.816575526,2,6
4,bimodal,Task B ,1,2,1,-0.214573978,1,1,47.41291669,3,0.212591425,1,3
4,bimodal,Task B ,2,2,1,2.370149523,3,2,219.8686922,4,0.502477551,3,6
4,bimodal,Task B ,1,3,0,-0.436323205,3,2,99.86632073,5,-1.397493462,3,2
4,bimodal,Task B ,2,2,1,1.604935435,4,2,141.1926154,6,-0.57094019,4,6
5,bimodal,Task B ,2,4,1,-1.85870666,1,2,127.4605278,1,-2.021311842,1,8
5,bimodal,Task B ,1,2,1,0.506346632,1,1,296.8086882,2,0.494957888,1,3
5,bimodal,Task B ,1,4,1,0.018717452,2,1,149.7042569,3,0.554106712,2,1
5,bimodal,Task B ,2,4,0,0.256190284,3,1,158.9165113,4,0.322493855,3,8
5,bimodal,Task B ,2,2,0,0.335365887,2,1,69.05577198,5,0.075094343,2,6
5,bimodal,Task B ,1,4,1,0.108420529,3,1,190.2523479,6,0.051183985,3,1
6,bimodal,Task B ,2,1,1,0.984907156,4,2,292.8372336,1,0.499921156,4,5
6,bimodal,Task B ,1,1,1,-0.191192628,1,1,127.6053802,2,-0.017533169,1,4
6,bimodal,Task B ,1,2,1,-0.10565024,1,1,38.57355469,3,-0.345229412,1,3
6,bimodal,Task B ,1,2,1,0.124296014,3,1,290.3992664,4,0.551320859,3,3
6,bimodal,Task B ,1,2,0,1.076836998,1,2,332.7311154,5,0.658836013,1,3
6,bimodal,Task B ,1,2,1,-0.145675074,2,1,158.576529,6,0.041849546,2,3
7,bimodal,Task B ,1,1,0,-0.319331971,4,2,311.4851815,1,-1.994213028,4,4
7,bimodal,Task B ,1,4,1,-0.205964655,4,1,358.4815923,2,0.236987169,4,1
7,bimodal,Task B ,1,4,0,-0.440585463,4,2,110.8080218,3,-1.225744385,4,1
7,bimodal,Task B ,1,1,1,-0.523186612,4,1,270.8684567,4,-0.016602333,4,4
7,bimodal,Task B ,1,4,0,0.179807312,4,2,215.5419855,5,-2.445890589,4,1
7,bimodal,Task B ,1,4,1,-0.238507864,3,1,215.9809075,6,0.629933184,3,1
8,bimodal,Task B ,2,4,1,-2.7075619,4,2,293.0489119,1,-0.262876218,4,8
8,bimodal,Task B ,1,4,1,0.140251732,2,1,45.33177785,2,-0.228703161,2,1
8,bimodal,Task B ,1,4,0,0.000555522,2,2,348.7931667,3,-0.220209755,2,1
8,bimodal,Task B ,2,1,0,0.55521412,2,1,203.2917412,4,0.053436845,2,5
8,bimodal,Task B ,1,4,1,-0.230372883,1,1,36.34755924,5,-0.027927123,1,1
8,bimodal,Task B ,1,4,1,-0.503198926,3,1,128.8046652,6,-0.533494178,3,1
9,bimodal,Task B ,2,3,1,1.154431165,3,2,331.0153983,1,0.458971381,3,7
9,bimodal,Task B ,2,1,0,-0.00210572,4,1,268.5894832,2,-0.261554874,4,5
9,bimodal,Task B ,2,2,1,2.30547183,2,2,40.12801823,3,-0.288419362,2,6
9,bimodal,Task B ,1,3,1,-0.34623569,4,1,318.2842994,4,-0.352590786,4,2
9,bimodal,Task B ,2,3,1,-0.882431248,4,2,327.007457,5,0.965645866,4,7
9,bimodal,Task B ,2,2,1,-2.710592345,2,2,118.6553697,6,2.093306344,2,6
10,bimodal,Task B ,1,1,0,-0.850424451,3,2,137.8656561,1,-2.013261188,3,4
10,bimodal,Task B ,1,1,0,1.033475561,2,2,174.2394371,2,-0.831780782,2,4
10,bimodal,Task B ,1,1,1,0.289211481,3,1,302.1891089,3,-0.211652292,3,4
10,bimodal,Task B ,1,2,1,-0.201920901,4,1,302.4902585,4,-0.043729634,4,3
10,bimodal,Task B ,1,2,1,-0.083306017,4,1,97.50083489,5,0.179273226,4,3
10,bimodal,Task B ,1,1,0,0.135351034,2,2,355.2317507,6,-0.260615181,2,4
1,bimodal,Task B ,1,2,1,0.182240493,3,1,90.25150621,1,0.248085941,3,3
1,bimodal,Task B ,2,3,1,-2.108629673,3,2,202.774037,2,2.427515829,3,7
1,bimodal,Task B ,2,2,0,-0.6326518,1,1,32.98359401,3,-0.119393107,1,6
1,bimodal,Task B ,1,3,0,1.105894052,3,2,84.02100008,4,0.45928555,3,2
1,bimodal,Task B ,1,4,0,0.164105691,4,2,225.2070899,5,0.327018861,4,1
1,bimodal,Task B ,1,3,1,0.099019295,3,1,5.290123592,6,-0.372322205,3,2
2,bimodal,Task B ,1,1,1,0.464415188,1,1,136.5844147,1,-0.091495748,1,4
2,bimodal,Task B ,1,2,1,-0.52842274,1,1,289.0515349,2,0.052890221,1,3
2,bimodal,Task B ,1,2,0,1.223488384,1,2,159.827521,3,-0.042392747,1,3
2,bimodal,Task B ,1,2,0,0.468020816,4,2,199.7733594,4,1.040488934,4,3
2,bimodal,Task B ,1,1,0,-1.103736389,1,2,223.9884234,5,-1.698401995,1,4
2,bimodal,Task B ,1,2,0,0.187451882,1,2,236.3659537,6,0.514831857,1,3
3,bimodal,Task B ,2,2,0,0.992966386,1,1,323.3713835,1,0.361381456,1,6
3,bimodal,Task B ,2,3,1,0.84927658,2,2,141.3448124,2,-0.180532523,2,7
3,bimodal,Task B ,2,3,1,1.112856296,3,2,344.8511744,3,3.230994175,3,7
3,bimodal,Task B ,2,2,1,0.637550317,2,2,63.5767562,4,1.272721202,2,6
3,bimodal,Task B ,2,1,1,-0.433796313,1,2,105.4591017,5,-0.942269996,1,5
3,bimodal,Task B ,1,3,0,0.792952697,2,2,127.1776202,6,-0.000104291,2,2
4,bimodal,Task B ,1,2,1,-0.041278563,2,1,55.75971823,1,-0.272036589,2,3
4,bimodal,Task B ,1,3,1,-0.042542318,4,1,92.22274986,2,0.011331983,4,2
4,bimodal,Task B ,2,3,1,1.878664366,4,2,178.6737807,3,-0.582090391,4,7
4,bimodal,Task B ,1,2,1,-0.671586634,3,1,54.58549605,4,0.312232394,3,3
4,bimodal,Task B ,1,3,1,0.191306504,4,1,245.3275528,5,-0.130746069,4,2
4,bimodal,Task B ,1,3,0,-0.72537903,4,2,183.0323651,6,0.258228927,4,2
5,bimodal,Task B ,1,4,1,-0.182103686,1,1,36.19847548,1,-0.064248872,1,1
5,bimodal,Task B ,2,4,1,-1.24786868,2,2,244.5563701,2,-0.581006953,2,8
5,bimodal,Task B ,2,4,1,1.023459832,4,2,163.2049356,3,1.761586642,4,8
5,bimodal,Task B ,1,3,1,0.500345381,1,1,31.37526079,4,-0.110253477,1,2
5,bimodal,Task B ,2,2,0,-0.456222285,1,1,287.7558633,5,0.579767796,1,6
5,bimodal,Task B ,1,3,1,0.103712445,3,1,64.20588206,6,0.299500178,3,2
6,bimodal,Task B ,2,3,1,1.49155687,2,2,2.9024664,1,0.719754673,2,7
6,bimodal,Task B ,2,2,1,1.12566567,3,2,279.5758383,2,0.095596362,3,6
6,bimodal,Task B ,2,2,1,3.111449761,4,2,176.4077615,3,-0.916122492,4,6
6,bimodal,Task B ,1,2,1,0.007955464,4,1,131.0225567,4,-0.182923293,4,3
6,bimodal,Task B ,1,2,1,-0.41723963,1,1,43.42651414,5,-0.063133485,1,3
6,bimodal,Task B ,2,2,0,-0.483677927,1,1,171.8538612,6,0.69711975,1,6
7,bimodal,Task B ,1,3,0,1.196550115,2,2,346.0480048,1,0.879661965,2,2
7,bimodal,Task B ,1,1,0,-1.376208877,2,2,105.6549728,2,-1.239255316,2,4
7,bimodal,Task B ,2,4,1,1.342252306,4,2,331.6053823,3,0.64531766,4,8
7,bimodal,Task B ,1,1,1,0.286875089,2,1,259.7882191,4,-0.065453633,2,4
7,bimodal,Task B ,1,1,1,-0.724788,2,1,253.4856654,5,-0.422817291,2,4
7,bimodal,Task B ,2,1,1,2.003299099,3,2,232.6284014,6,2.041841888,3,5
8,bimodal,Task B ,1,1,0,2.793892134,1,2,152.5152637,1,2.311068959,1,4
8,bimodal,Task B ,2,4,1,-2.787581253,3,2,304.6554569,2,-0.008830797,3,8
8,bimodal,Task B ,1,4,0,0.104736228,3,2,355.9804869,3,-1.678217412,3,1
8,bimodal,Task B ,1,4,0,-0.309668101,1,2,12.35326954,4,0.771641452,1,1
8,bimodal,Task B ,1,4,0,-1.174646897,3,2,12.42121974,5,-0.400532159,3,1
8,bimodal,Task B ,1,4,1,0.145764,2,1,66.99020083,6,0.366739288,2,1
9,bimodal,Task B ,2,1,1,-0.262391402,1,2,167.1824614,1,-0.480872617,1,5
9,bimodal,Task B ,1,1,0,-0.890862641,3,2,84.52557173,2,-1.309968461,3,4
9,bimodal,Task B ,1,3,1,0.022001677,2,1,95.01260477,3,0.410689427,2,2
9,bimodal,Task B ,1,1,0,0.507627933,1,2,276.9886504,4,-0.242381821,1,4
9,bimodal,Task B ,1,2,1,-0.046533376,2,1,73.21975165,5,0.144025188,2,3
9,bimodal,Task B ,2,1,0,0.720298603,1,1,359.9268433,6,0.165427484,1,5
10,bimodal,Task B ,2,1,1,-2.325711913,3,2,249.2878296,1,1.39921012,3,5
10,bimodal,Task B ,1,2,0,-0.43966409,2,2,196.5154277,2,-0.655695528,2,3
10,bimodal,Task B ,1,2,1,-0.234592241,3,1,116.7119753,3,-0.057879262,3,3
10,bimodal,Task B ,1,2,0,0.12899649,1,2,4.644668276,4,1.431375501,1,3
10,bimodal,Task B ,1,1,0,0.165183699,1,2,132.0044842,5,-0.508447218,1,4
10,bimodal,Task B ,1,1,0,-0.53279646,1,2,212.7585572,6,-0.751092756,1,4
1,bimodal,Task B ,2,3,1,-0.956238311,4,2,139.3708854,1,-1.126329228,4,7
1,bimodal,Task B ,2,2,1,-1.224351334,2,2,175.8947786,2,-0.688088363,2,6
1,bimodal,Task B ,1,3,1,-0.044399648,3,1,105.4199114,3,-0.177173568,3,2
1,bimodal,Task B ,1,2,0,-0.660841222,2,2,276.1514869,4,0.431748474,2,3
1,bimodal,Task B ,2,1,1,1.314974146,1,2,30.4000544,5,0.605335941,1,5
1,bimodal,Task B ,1,4,1,-0.066168111,4,1,325.2050744,6,0.316803427,4,1
2,bimodal,Task B ,2,3,1,1.455263056,3,2,118.5106734,1,-0.557958867,3,7
2,bimodal,Task B ,1,2,0,0.620164939,2,2,147.4937536,2,-0.237488033,2,3
2,bimodal,Task B ,2,2,1,1.12322932,2,2,110.7635561,3,-0.750383968,2,6
2,bimodal,Task B ,2,2,0,0.012588843,2,1,130.6381581,4,0.067613869,2,6
2,bimodal,Task B ,1,1,1,-0.12101649,4,1,333.8902583,5,0.248914056,4,4
2,bimodal,Task B ,2,3,1,-0.723152762,2,2,127.5078685,6,0.683684538,2,7
3,bimodal,Task B ,1,3,1,0.734622397,4,1,246.2384564,1,0.18338523,4,2
3,bimodal,Task B ,2,2,1,-0.001086851,2,2,228.1671237,2,0.944109288,2,6
3,bimodal,Task B ,2,2,1,1.141638688,2,2,19.56293228,3,0.4237641,2,6
3,bimodal,Task B ,1,3,0,0.046555968,1,2,14.68394065,4,0.448835524,1,2
3,bimodal,Task B ,1,4,1,-0.230919733,2,1,28.78610366,5,-0.30593554,2,1
3,bimodal,Task B ,2,1,1,-0.331821596,1,2,55.93958088,6,2.013376352,1,5
4,bimodal,Task B ,1,4,1,0.517361213,2,1,78.95432826,1,0.159033788,2,1
4,bimodal,Task B ,1,2,1,0.633199563,3,1,163.9203341,2,-0.75556529,3,3
4,bimodal,Task B ,2,3,1,2.507434379,2,2,244.0677007,3,0.255133691,2,7
4,bimodal,Task B ,2,1,0,0.109627805,1,1,227.4710013,4,-0.367474271,1,5
4,bimodal,Task B ,1,3,1,0.442040835,4,1,191.992072,5,0.163579616,4,2
4,bimodal,Task B ,1,3,1,0.28239227,3,1,26.5716249,6,-0.164689189,3,2
5,bimodal,Task B ,1,2,1,-0.371827919,3,1,170.0395221,1,0.207730452,3,3
5,bimodal,Task B ,2,1,1,0.694942813,3,2,341.8305433,2,0.9017666,3,5
5,bimodal,Task B ,1,4,0,0.689114793,3,2,228.8235745,3,-0.237477742,3,1
5,bimodal,Task B ,1,3,1,-0.027462772,2,1,147.3320631,4,-0.174470055,2,2
5,bimodal,Task B ,1,4,1,-0.465627764,3,1,317.8882376,5,0.377264639,3,1
5,bimodal,Task B ,1,4,1,0.115467678,4,1,268.905238,6,0.026274205,4,1
6,bimodal,Task B ,1,2,0,0.404360412,4,2,234.0231871,1,0.212271408,4,3
6,bimodal,Task B ,1,2,0,0.623470339,4,2,118.279791,2,-0.267718465,4,3
6,bimodal,Task B ,2,2,1,1.784951914,4,2,27.17423802,3,1.9889368,4,6
6,bimodal,Task B ,2,2,1,-0.6345853,2,2,43.94883944,4,-0.180422596,2,6
6,bimodal,Task B ,2,2,1,-1.257555837,4,2,150.4337464,5,2.5957527,4,6
6,bimodal,Task B ,1,2,1,0.266880059,4,1,90.7783293,6,0.388637404,4,3
7,bimodal,Task B ,1,4,1,-0.101255422,4,1,312.4301769,1,-0.777841927,4,1
7,bimodal,Task B ,1,1,1,0.091758988,3,1,120.357265,2,-0.362073866,3,4
7,bimodal,Task B ,1,4,0,-0.497020515,2,2,204.4446337,3,1.70614939,2,1
7,bimodal,Task B ,1,1,0,-0.151821548,2,2,251.4498588,4,0.510586942,2,4
7,bimodal,Task B ,1,4,1,0.380442846,2,1,73.42192495,5,-0.012295142,2,1
7,bimodal,Task B ,1,4,1,-0.3926329,4,1,143.5257505,6,0.07153144,4,1
8,bimodal,Task B ,1,4,0,-0.459698957,1,2,61.15952123,1,0.090474577,1,1
8,bimodal,Task B ,1,4,1,0.189697398,2,1,50.45374633,2,0.341600028,2,1
8,bimodal,Task B ,1,4,1,-0.083902413,1,1,183.2447796,3,0.187301215,1,1
8,bimodal,Task B ,2,4,1,1.343209453,4,2,136.8849538,4,-0.874656271,4,8
8,bimodal,Task B ,2,1,0,-0.280931978,2,1,300.1966556,5,0.217299806,2,5
8,bimodal,Task B ,1,4,0,0.482717136,1,2,143.139449,6,-0.510697489,1,1
9,bimodal,Task B ,1,1,1,-0.767845909,1,1,84.83292159,1,-0.228862222,1,4
9,bimodal,Task B ,1,2,1,0.363366111,4,1,28.94286007,2,-0.181584203,4,3
9,bimodal,Task B ,1,1,0,-0.755164803,1,2,234.6793958,3,-0.037815788,1,4
9,bimodal,Task B ,1,2,0,-0.146636944,1,2,349.568874,4,0.356463522,1,3
9,bimodal,Task B ,2,3,1,-2.316111164,3,2,203.4175907,5,-1.506471934,3,7
9,bimodal,Task B ,1,1,1,-0.523952019,4,1,334.490984,6,0.119266828,4,4
10,bimodal,Task B ,2,1,1,-1.618012125,3,2,236.5296853,1,-0.869456033,3,5
10,bimodal,Task B ,1,1,1,-0.037053724,2,1,329.9589594,2,-0.098050386,2,4
10,bimodal,Task B ,1,1,0,0.529280769,2,2,54.62742745,3,0.540445102,2,4
10,bimodal,Task B ,1,2,1,-0.336765739,1,1,289.5536161,4,0.69412078,1,3
10,bimodal,Task B ,1,1,1,-0.171424849,1,1,20.86537908,5,0.22520977,1,4
10,bimodal,Task B ,1,1,1,-0.174635804,4,1,197.4097376,6,0.448424949,4,4
1,bimodal,Task B ,1,4,1,-0.09289803,2,1,40.69200337,1,-0.212292971,2,1
1,bimodal,Task B ,1,3,1,-0.318148103,3,1,212.3063448,2,-0.500246156,3,2
1,bimodal,Task B ,2,1,1,-1.761796394,1,2,206.1978761,3,0.052094213,1,5
1,bimodal,Task B ,1,2,0,0.706190918,1,2,67.75308798,4,-0.296942584,1,3
1,bimodal,Task B ,2,2,1,-0.023258344,2,2,324.8675228,5,0.247596662,2,6
1,bimodal,Task B ,2,1,1,-0.014171949,4,2,135.1013527,6,-0.178539106,4,5
2,bimodal,Task B ,2,1,1,-0.725259783,3,2,104.0065393,1,0.053114793,3,5
2,bimodal,Task B ,1,3,1,0.044618759,4,1,199.7203778,2,-0.011494979,4,2
2,bimodal,Task B ,1,3,1,-0.009690156,2,1,49.3149881,3,0.087711005,2,2
2,bimodal,Task B ,1,2,0,-0.687131411,1,2,256.1849404,4,-1.245444129,1,3
2,bimodal,Task B ,2,1,1,0.394568407,1,2,56.25206307,5,-1.544623594,1,5
2,bimodal,Task B ,2,3,0,0.5537587,4,1,298.4310468,6,0.286162109,4,7
3,bimodal,Task B ,2,1,1,-1.16310417,1,2,327.0375181,1,0.729191734,1,5
3,bimodal,Task B ,1,4,1,0.154630953,4,1,42.17463704,2,-0.009618351,4,1
3,bimodal,Task B ,1,3,1,0.44260384,1,1,334.6503433,3,-0.415567338,1,2
3,bimodal,Task B ,2,3,1,-0.83108998,1,2,302.391398,4,-2.048741676,1,7
3,bimodal,Task B ,2,4,1,-1.77306382,1,2,67.07056554,5,-1.418098883,1,8
3,bimodal,Task B ,1,1,1,0.159758305,3,1,162.4389343,6,-0.561062084,3,4
4,bimodal,Task B ,1,3,1,-0.570176019,3,1,65.2569736,1,-0.376840532,3,2
4,bimodal,Task B ,1,2,1,0.612860173,2,1,144.3691806,2,0.046781638,2,3
4,bimodal,Task B ,2,4,1,-0.028894402,3,2,262.1659577,3,-1.534773952,3,8
4,bimodal,Task B ,2,2,0,0.830866888,3,1,137.9181178,4,0.615881474,3,6
4,bimodal,Task B ,2,2,1,0.821868108,1,2,284.9595588,5,2.16969266,1,6
4,bimodal,Task B ,1,1,1,0.219232099,2,1,11.74498789,6,-0.799570025,2,4
5,bimodal,Task B ,2,4,1,0.461400937,4,2,324.6912069,1,0.879409702,4,8
5,bimodal,Task B ,1,4,0,-0.203837284,4,2,255.2231139,2,0.442623317,4,1
5,bimodal,Task B ,1,4,1,-0.065295841,3,1,196.2941325,3,-0.258655421,3,1
5,bimodal,Task B ,1,3,0,-0.636179333,2,2,80.36629861,4,1.035268089,2,2
5,bimodal,Task B ,1,4,1,0.31615049,1,1,318.1026917,5,-0.329719013,1,1
5,bimodal,Task B ,1,2,1,0.306385033,4,1,230.8576315,6,-0.370823829,4,3
6,bimodal,Task B ,1,2,1,0.217444322,2,1,303.9322364,1,-0.515300444,2,3
6,bimodal,Task B ,1,2,0,-0.604525856,4,2,252.525064,2,0.888347043,4,3
6,bimodal,Task B ,2,2,1,2.52363492,3,2,195.9505588,3,1.779645273,3,6
6,bimodal,Task B ,2,2,0,-0.191092081,3,1,187.8892416,4,-0.086270451,3,6
6,bimodal,Task B ,1,2,0,0.199737099,1,2,104.0118305,5,-1.066533829,1,3
6,bimodal,Task B ,2,2,1,1.872611273,2,2,157.4520109,6,0.615572864,2,6
7,bimodal,Task B ,1,1,1,0.153469351,3,1,133.0860938,1,0.149854963,3,4
7,bimodal,Task B ,1,4,1,-0.082541155,3,1,330.6654635,2,0.280094157,3,1
7,bimodal,Task B ,2,1,1,-1.287110928,2,2,75.8838646,3,-0.816611175,2,5
7,bimodal,Task B ,1,1,1,-0.365537436,1,1,127.0411191,4,-0.372965517,1,4
7,bimodal,Task B ,1,4,1,-0.373997583,3,1,180.6314523,5,0.788202395,3,1
7,bimodal,Task B ,1,4,1,-0.018140213,1,1,297.8429226,6,0.271804059,1,1
8,bimodal,Task B ,1,4,1,0.014634264,2,1,45.4757059,1,0.341091061,2,1
8,bimodal,Task B ,1,4,0,-0.23306169,1,2,345.2616319,2,-1.694880789,1,1
8,bimodal,Task B ,2,4,1,2.04746991,1,2,14.82240431,3,-0.419662872,1,8
8,bimodal,Task B ,2,1,1,-0.541918108,1,2,22.56789788,4,-1.175179806,1,5
8,bimodal,Task B ,1,4,1,-0.006361006,4,1,118.3545355,5,-0.155815497,4,1
8,bimodal,Task B ,1,4,1,0.192001741,2,1,149.8120153,6,-0.484673006,2,1
9,bimodal,Task B ,1,1,1,-0.437786456,1,1,120.2813146,1,0.11350011,1,4
9,bimodal,Task B ,2,3,1,1.35457932,4,2,26.9019352,2,-2.304106652,4,7
9,bimodal,Task B ,2,1,1,-0.893485721,3,2,289.9966168,3,-1.614784978,3,5
9,bimodal,Task B ,2,1,1,0.572210359,1,2,26.86812026,4,-2.342271383,1,5
9,bimodal,Task B ,1,1,0,-0.675286388,4,2,316.5689178,5,0.861319767,4,4
9,bimodal,Task B ,1,2,0,-0.83317029,3,2,260.7108353,6,1.558675782,3,3
10,bimodal,Task B ,2,2,1,-1.630311468,4,2,299.3636578,1,-0.383133423,4,6
10,bimodal,Task B ,2,3,1,-2.715170947,4,2,53.49812906,2,1.33242137,4,7
10,bimodal,Task B ,1,1,1,0.158054433,2,1,156.6049827,3,-0.496054369,2,4
10,bimodal,Task B ,1,2,0,0.134789365,3,2,170.6099032,4,-0.890224985,3,3
10,bimodal,Task B ,2,2,1,1.265577568,4,2,206.7908484,5,-0.504215114,4,6
10,bimodal,Task B ,1,1,0,-2.282890468,2,2,262.0402744,6,-2.060435309,2,4
1,bimodal,Task B ,2,2,0,-0.722077447,3,1,107.9086055,1,0.081536641,3,6
1,bimodal,Task B ,1,2,1,0.070514601,2,1,272.8107318,2,0.224855296,2,3
1,bimodal,Task B ,2,2,1,1.41276121,3,2,69.19170836,3,-0.260443582,3,6
1,bimodal,Task B ,1,4,1,0.032509623,3,1,25.19030829,4,-0.089714092,3,1
1,bimodal,Task B ,2,2,1,-1.337398388,1,2,195.0470588,5,-0.46935818,1,6
1,bimodal,Task B ,2,2,1,-0.797516954,3,2,217.7074714,6,-1.420678846,3,6
2,bimodal,Task B ,1,2,1,0.03935219,2,1,113.3872824,1,0.118062805,2,3
2,bimodal,Task B ,2,2,1,-1.072159395,3,2,224.2681705,2,-1.643559534,3,6
2,bimodal,Task B ,1,2,1,0.267686221,2,1,120.9706732,3,0.007995546,2,3
2,bimodal,Task B ,1,1,1,-0.322402407,1,1,42.89159575,4,-0.21429782,1,4
2,bimodal,Task B ,1,2,1,0.459366303,1,1,74.24893668,5,0.219686311,1,3
2,bimodal,Task B ,2,3,1,-2.993751062,3,2,160.8098602,6,0.621580708,3,7
3,bimodal,Task B ,2,1,1,-1.614596483,1,2,215.9621565,1,0.674484667,1,5
3,bimodal,Task B ,1,3,1,0.247178278,2,1,276.6213133,2,-0.526815365,2,2
3,bimodal,Task B ,1,1,0,0.190650949,4,2,320.3766704,3,1.136684227,4,4
3,bimodal,Task B ,1,4,1,0.006602519,2,1,86.33003648,4,0.269133564,2,1
3,bimodal,Task B ,1,1,0,0.234871741,1,2,329.8139771,5,-0.860354011,1,4
3,bimodal,Task B ,2,2,1,-0.997533553,1,2,28.99907498,6,0.528798525,1,6
4,bimodal,Task B ,2,2,1,-0.833367272,2,2,38.06003241,1,-1.684536762,2,6
4,bimodal,Task B ,1,1,0,0.411027158,1,2,268.7128693,2,1.795929532,1,4
4,bimodal,Task B ,1,3,0,0.718390247,1,2,66.43120193,3,3.077542404,1,2
4,bimodal,Task B ,2,3,1,-0.263020136,4,2,245.3283374,4,1.696473549,4,7
4,bimodal,Task B ,2,3,1,-1.648597662,4,2,302.058907,5,-0.097175375,4,7
4,bimodal,Task B ,2,4,0,0.257742347,4,1,217.1769691,6,-0.785281851,4,8
5,bimodal,Task B ,1,4,1,-0.097534242,2,1,163.7035596,1,0.19960287,2,1
5,bimodal,Task B ,2,4,0,-0.550000082,1,1,310.1944104,2,0.059801528,1,8
5,bimodal,Task B ,1,4,1,-0.191150413,4,1,82.7158387,3,-0.049695283,4,1
5,bimodal,Task B ,1,3,0,-0.885408181,3,2,43.06407066,4,-2.209835497,3,2
5,bimodal,Task B ,1,3,1,0.202490529,3,1,28.28559724,5,-0.393980121,3,2
5,bimodal,Task B ,2,3,1,0.882138146,4,2,316.8967528,6,-0.593281457,4,7
6,bimodal,Task B ,1,3,0,-0.60207115,3,2,239.7134205,1,-1.29369614,3,2
6,bimodal,Task B ,2,2,1,1.340934992,4,2,298.8964542,2,0.308724565,4,6
6,bimodal,Task B ,1,2,0,-0.567479731,3,2,290.2543975,3,0.775316779,3,3
6,bimodal,Task B ,1,2,1,0.062516033,1,1,76.05001169,4,0.296781949,1,3
6,bimodal,Task B ,1,2,0,0.138727424,2,2,102.8915899,5,-1.931016836,2,3
6,bimodal,Task B ,2,2,1,-1.038392289,1,2,4.388838035,6,1.368773457,1,6
7,bimodal,Task B ,1,1,1,-0.269237607,2,1,344.239384,1,-0.24935493,2,4
7,bimodal,Task B ,1,1,1,0.153344826,2,1,125.4613025,2,1.105276699,2,4
7,bimodal,Task B ,1,1,1,-0.284348272,1,1,325.7111852,3,0.092103953,1,4
7,bimodal,Task B ,1,1,0,-0.201159476,1,2,10.9709136,4,-0.587350299,1,4
7,bimodal,Task B ,1,1,0,-0.555960683,1,2,154.5236247,5,0.99246867,1,4
7,bimodal,Task B ,1,4,0,-1.991670656,2,2,153.1037848,6,0.086682269,2,1
8,bimodal,Task B ,2,2,1,1.398844019,3,2,308.093533,1,1.834709221,3,6
8,bimodal,Task B ,2,4,1,-1.697367695,4,2,209.9301731,2,-3.025333615,4,8
8,bimodal,Task B ,2,1,0,0.380093963,4,1,189.8424144,3,-0.165239656,4,5
8,bimodal,Task B ,2,4,1,-1.434735807,3,2,305.2319112,4,2.117441516,3,8
8,bimodal,Task B ,1,4,1,-0.356840073,3,1,62.44666878,5,-0.060189249,3,1
8,bimodal,Task B ,1,4,1,0.022089319,4,1,185.3424438,6,-0.013351433,4,1
9,bimodal,Task B ,1,2,1,-0.271409205,3,1,227.8549952,1,-0.417285038,3,3
9,bimodal,Task B ,1,1,1,-0.110267722,3,1,116.8340066,2,-0.11897152,3,4
9,bimodal,Task B ,1,3,1,0.289509906,2,1,327.0275861,3,0.585311485,2,2
9,bimodal,Task B ,2,1,0,-0.168365801,2,1,22.76965064,4,0.041104548,2,5
9,bimodal,Task B ,2,2,0,0.765162986,4,1,83.70333285,5,0.150465028,4,6
9,bimodal,Task B ,1,1,0,-2.430244071,3,2,132.4903336,6,1.257572173,3,4
10,bimodal,Task B ,1,1,0,0.030949231,3,2,113.0475759,1,-0.70371461,3,4
10,bimodal,Task B ,1,2,0,0.276500374,4,2,74.94196421,2,0.515850773,4,3
10,bimodal,Task B ,1,2,1,0.717754662,3,1,61.01691128,3,-0.305632309,3,3
10,bimodal,Task B ,2,2,0,0.76295788,3,1,326.9288319,4,-0.15113188,3,6
10,bimodal,Task B ,2,2,1,-2.033585313,1,2,315.5630285,5,1.170469614,1,6
10,bimodal,Task B ,1,1,0,0.059819441,2,2,33.99784594,6,-1.371487411,2,4
1,bimodal,Task B ,2,4,1,-1.719699274,2,2,148.8266237,1,-0.839766171,2,8
1,bimodal,Task B ,1,3,1,-0.658386557,4,1,39.25827981,2,-0.449952004,4,2
1,bimodal,Task B ,1,3,1,0.234159225,2,1,118.8374879,3,-0.166466207,2,2
1,bimodal,Task B ,2,4,1,-0.947915228,4,2,304.1338914,4,-1.242219202,4,8
1,bimodal,Task B ,2,2,1,-0.59482966,4,2,37.88628564,5,1.036929077,4,6
1,bimodal,Task B ,2,1,0,-0.444503188,1,1,354.1464279,6,-0.299786726,1,5
2,bimodal,Task B ,2,3,1,0.442227204,2,2,154.8237862,1,0.987757973,2,7
2,bimodal,Task B ,1,2,1,-0.085073315,4,1,84.80053256,2,0.113423654,4,3
2,bimodal,Task B ,2,1,0,0.106243133,2,1,60.02253469,3,0.314426706,2,5
2,bimodal,Task B ,1,2,1,0.33680781,3,1,61.40908214,4,-0.133345875,3,3
2,bimodal,Task B ,1,2,0,1.196437759,3,2,32.0542683,5,-0.096409143,3,3
2,bimodal,Task B ,1,2,1,0.212493564,2,1,155.5529315,6,-0.363023869,2,3
3,bimodal,Task B ,2,3,1,0.836125503,4,2,18.10958556,1,1.972091599,4,7
3,bimodal,Task B ,1,3,0,-0.085076319,1,2,104.5840216,2,2.182455812,1,2
3,bimodal,Task B ,2,2,1,-0.741068569,3,2,31.0406789,3,1.770992161,3,6
3,bimodal,Task B ,1,4,1,-0.17030851,4,1,57.54336146,4,0.304386423,4,1
3,bimodal,Task B ,2,2,1,0.627984271,3,2,254.2268703,5,-0.940942489,3,6
3,bimodal,Task B ,2,4,1,-2.673914668,2,2,214.8220642,6,-3.042842912,2,8
4,bimodal,Task B ,1,3,1,0.312701532,1,1,316.5856452,1,-0.301730405,1,2
4,bimodal,Task B ,2,2,1,1.874678175,1,2,243.5944064,2,-0.655480727,1,6
4,bimodal,Task B ,1,2,0,-0.700522465,2,2,274.4323823,3,1.825957446,2,3
4,bimodal,Task B ,1,3,0,0.006751964,3,2,241.4465903,4,0.30817617,3,2
4,bimodal,Task B ,2,3,1,2.611758672,2,2,157.8109625,5,1.417385856,2,7
4,bimodal,Task B ,1,1,0,-0.225717902,1,2,56.54888173,6,0.544900066,1,4
5,bimodal,Task B ,1,3,1,0.124208762,2,1,155.0006129,1,0.052431913,2,2
5,bimodal,Task B ,1,4,1,0.174572559,1,1,167.9778813,2,0.42427064,1,1
5,bimodal,Task B ,2,2,1,1.130094005,1,2,205.5545782,3,0.730907653,1,6
5,bimodal,Task B ,1,4,1,0.718309675,2,1,118.3134338,4,0.676324123,2,1
5,bimodal,Task B ,2,1,0,-0.40454441,4,1,192.5907708,5,-0.223035354,4,5
5,bimodal,Task B ,1,4,1,-0.276610308,4,1,75.73731828,6,0.287088443,4,1
6,bimodal,Task B ,2,1,1,1.146399618,3,2,66.64477977,1,-0.632420177,3,5
6,bimodal,Task B ,1,2,0,1.037862048,2,2,140.8564789,2,0.752875902,2,3
6,bimodal,Task B ,2,1,1,0.039026211,1,2,216.1216169,3,1.05992107,1,5
6,bimodal,Task B ,2,2,1,1.356686493,4,2,239.1436241,4,-0.480631017,4,6
6,bimodal,Task B ,1,2,1,-0.129215251,3,1,248.3559994,5,-0.03544171,3,3
6,bimodal,Task B ,1,2,1,0.288981376,1,1,299.9357958,6,-0.088188726,1,3
7,bimodal,Task B ,2,4,1,-3.003593063,4,2,176.2097277,1,-0.016192403,4,8
7,bimodal,Task B ,1,1,0,0.062431552,4,2,228.5503233,2,-0.497046865,4,4
7,bimodal,Task B ,1,4,0,0.949844703,4,2,54.00737231,3,0.081288906,4,1
7,bimodal,Task B ,2,4,1,-0.90333237,4,2,272.5916335,4,-3.223888333,4,8
7,bimodal,Task B ,1,4,0,0.396407834,2,2,110.98654,5,-0.753471173,2,1
7,bimodal,Task B ,1,4,1,-0.281094778,3,1,226.817974,6,-0.371606099,3,1
8,bimodal,Task B ,1,4,1,0.238733219,4,1,75.00918919,1,0.426197562,4,1
8,bimodal,Task B ,2,4,1,1.731291649,4,2,66.44834173,2,0.464256178,4,8
8,bimodal,Task B ,1,4,0,-0.884370132,4,2,193.8363387,3,-1.728704601,4,1
8,bimodal,Task B ,2,4,0,0.013489627,4,1,31.5312836,4,0.187845213,4,8
8,bimodal,Task B ,2,4,1,1.278358887,3,2,226.3477557,5,2.262325184,3,8
8,bimodal,Task B ,1,4,0,0.677232347,1,2,335.9189844,6,-0.856851753,1,1
9,bimodal,Task B ,2,4,1,-1.665683575,4,2,119.933384,1,-0.684395852,4,8
9,bimodal,Task B ,1,1,0,0.338369842,1,2,98.62384146,2,1.429178737,1,4
9,bimodal,Task B ,1,3,1,-0.504830776,4,1,219.7119278,3,-0.360671493,4,2
9,bimodal,Task B ,1,1,1,0.142400402,1,1,121.0461238,4,0.409465421,1,4
9,bimodal,Task B ,1,2,0,1.014593324,3,2,274.5521771,5,1.823937186,3,3
9,bimodal,Task B ,1,3,1,-0.399296807,1,1,51.96084105,6,-0.229309691,1,2
10,bimodal,Task B ,1,1,0,-1.014178419,1,2,189.0639361,1,-0.050907156,1,4
10,bimodal,Task B ,1,1,0,0.589842501,4,2,194.2813489,2,-0.875622077,4,4
10,bimodal,Task B ,1,1,0,-1.418423464,2,2,198.8928311,3,-0.52135717,2,4
10,bimodal,Task B ,1,1,0,0.720555388,1,2,2.320460632,4,-1.771516626,1,4
10,bimodal,Task B ,1,2,1,0.125920011,4,1,320.7117602,5,0.54314154,4,3
10,bimodal,Task B ,1,2,1,-0.852278411,2,1,311.2013711,6,0.668022615,2,3
1,bimodal,Task B ,2,1,0,-0.156558049,1,1,262.4805563,1,-0.027026168,1,5
1,bimodal,Task B ,2,1,0,-0.948864607,3,1,278.347221,2,0.396815658,3,5
1,bimodal,Task B ,2,4,1,-1.088281764,4,2,4.536660967,3,3.532028449,4,8
1,bimodal,Task B ,1,3,1,-0.246307255,1,1,21.40697544,4,0.678615324,1,2
1,bimodal,Task B ,2,1,0,-0.046341977,2,1,57.60750846,5,-0.286599423,2,5
1,bimodal,Task B ,2,2,1,1.826083951,4,2,54.16419109,6,-1.129692638,4,6
2,bimodal,Task B ,1,1,1,0.082873221,1,1,153.601586,1,0.101353983,1,4
2,bimodal,Task B ,1,3,1,0.436451718,2,1,359.6093512,2,0.473653864,2,2
2,bimodal,Task B ,1,3,1,-0.513168671,2,1,245.2030714,3,0.318489953,2,2
2,bimodal,Task B ,2,2,1,-0.79320014,3,2,143.3265439,4,1.344154662,3,6
2,bimodal,Task B ,2,3,1,3.182614225,1,2,202.9269562,5,0.180963916,1,7
2,bimodal,Task B ,2,1,1,-0.490526676,3,2,334.4092719,6,-0.290432305,3,5
3,bimodal,Task B ,1,1,0,-0.899988791,4,2,169.3833648,1,-0.376165069,4,4
3,bimodal,Task B ,1,2,1,-0.259874342,2,1,250.4417151,2,-0.363706337,2,3
3,bimodal,Task B ,1,1,0,-0.495812329,4,2,110.1052102,3,-0.794127601,4,4
3,bimodal,Task B ,2,4,1,3.69812744,4,2,159.1887729,4,3.230844944,4,8
3,bimodal,Task B ,2,3,1,1.275566409,1,2,17.11240606,5,0.965307334,1,7
3,bimodal,Task B ,1,4,0,-0.613247796,3,2,72.49262789,6,1.356822215,3,1
4,bimodal,Task B ,1,4,1,-0.387221615,3,1,176.1516921,1,-0.325855703,3,1
4,bimodal,Task B ,1,3,1,-0.264468849,4,1,165.9557115,2,-0.49449624,4,2
4,bimodal,Task B ,2,3,1,-1.865935051,3,2,262.8795673,3,-0.981406148,3,7
4,bimodal,Task B ,1,3,1,-0.068953836,4,1,357.7412904,4,-0.691113729,4,2
4,bimodal,Task B ,1,1,0,1.776181303,1,2,258.9363644,5,1.537249581,1,4
4,bimodal,Task B ,1,1,1,-0.479549912,1,1,269.647072,6,-0.12691037,1,4
5,bimodal,Task B ,1,4,1,0.404269701,4,1,222.889854,1,0.156258324,4,1
5,bimodal,Task B ,1,4,1,0.296832517,1,1,256.8041213,2,-0.805993435,1,1
5,bimodal,Task B ,1,4,1,0.397984211,3,1,253.3666519,3,0.183222239,3,1
5,bimodal,Task B ,1,3,1,-0.290418303,1,1,119.3795785,4,0.444149939,1,2
5,bimodal,Task B ,2,4,1,0.898651137,4,2,299.2928771,5,1.539635943,4,8
5,bimodal,Task B ,1,3,1,-0.001590531,4,1,214.0303237,6,0.18466566,4,2
6,bimodal,Task B ,1,2,0,1.941428162,2,2,277.0767783,1,-0.606549665,2,3
6,bimodal,Task B ,1,2,0,1.982982013,2,2,326.0116758,2,-0.567651722,2,3
6,bimodal,Task B ,1,2,1,0.408577,1,1,177.060494,3,-0.423302953,1,3
6,bimodal,Task B ,1,2,0,0.504418001,1,2,66.4628089,4,-0.750224476,1,3
6,bimodal,Task B ,1,2,0,-0.69450642,4,2,326.3705313,5,-0.897860954,4,3
6,bimodal,Task B ,1,1,1,0.308540255,4,1,234.7255507,6,-0.379453715,4,4
7,bimodal,Task B ,1,1,1,0.285086122,3,1,164.1892848,1,0.031146808,3,4
7,bimodal,Task B ,1,1,1,0.08510107,2,1,350.3549548,2,-0.224346985,2,4
7,bimodal,Task B ,2,1,1,-2.713082879,3,2,143.1772013,3,1.071767436,3,5
7,bimodal,Task B ,1,1,0,1.664220585,3,2,271.2630737,4,-0.018339625,3,4
7,bimodal,Task B ,1,4,1,0.291707094,4,1,145.0008506,5,0.364046053,4,1
7,bimodal,Task B ,1,4,1,-0.093278795,3,1,43.44107465,6,0.229769509,3,1
8,bimodal,Task B ,1,4,1,-0.834609126,4,1,101.5874773,1,0.126388642,4,1
8,bimodal,Task B ,1,4,1,-0.084941168,3,1,228.2195779,2,0.375894246,3,1
8,bimodal,Task B ,1,4,1,-0.748783875,1,1,117.5005308,3,0.38895235,1,1
8,bimodal,Task B ,2,1,1,1.278760971,2,2,147.942744,4,0.112122119,2,5
8,bimodal,Task B ,2,4,1,1.872892208,2,2,96.37371631,5,-0.999832695,2,8
8,bimodal,Task B ,2,4,0,0.352984104,3,1,209.7031017,6,0.154171756,3,8
9,bimodal,Task B ,2,3,1,1.920592987,3,2,243.4543067,1,-2.519884375,3,7
9,bimodal,Task B ,2,3,0,0.299484183,3,1,143.9454177,2,0.254999064,3,7
9,bimodal,Task B ,1,1,1,0.150657843,3,1,130.8065624,3,-0.349878907,3,4
9,bimodal,Task B ,1,1,0,1.100891229,4,2,32.00372137,4,-0.615149655,4,4
9,bimodal,Task B ,2,2,1,1.635156583,3,2,26.98780776,5,1.745083352,3,6
9,bimodal,Task B ,1,3,1,0.313617225,3,1,199.2945547,6,0.02509669,3,2
10,bimodal,Task B ,1,1,1,-0.576195861,4,1,235.3342846,1,-0.135689686,4,4
10,bimodal,Task B ,1,2,1,0.259750823,1,1,306.4494944,2,0.01503005,1,3
10,bimodal,Task B ,1,2,1,-0.299338571,1,1,290.9188851,3,-0.187199669,1,3
10,bimodal,Task B ,1,1,1,0.54668223,1,1,14.94476697,4,-0.32549374,1,4
10,bimodal,Task B ,1,2,1,0.258772597,1,1,164.9085013,5,-0.291312978,1,3
10,bimodal,Task B ,1,1,0,1.69018976,1,2,296.5398125,6,1.007853176,1,4
1,bimodal,Task B ,1,3,1,0.14055288,2,1,292.3895599,1,-0.124457388,2,2
1,bimodal,Task B ,1,2,0,-0.722343267,4,2,26.66951595,2,1.201272637,4,3
1,bimodal,Task B ,2,2,1,-1.114580379,2,2,321.1992903,3,0.83990052,2,6
1,bimodal,Task B ,1,4,1,0.602892647,2,1,42.96292965,4,-0.148351578,2,1
1,bimodal,Task B ,2,4,1,1.383342746,4,2,79.71562287,5,-3.739747942,4,8
1,bimodal,Task B ,2,2,1,0.939860805,2,2,297.3401595,6,2.521879648,2,6
2,bimodal,Task B ,1,2,1,-0.112020302,3,1,257.1449716,1,0.048710079,3,3
2,bimodal,Task B ,1,3,1,0.347143829,3,1,62.06556045,2,-0.227440901,3,2
2,bimodal,Task B ,1,2,0,-1.160317937,1,2,136.9162764,3,1.581927608,1,3
2,bimodal,Task B ,1,2,1,0.075797571,4,1,210.4243983,4,-0.387295194,4,3
2,bimodal,Task B ,1,2,0,1.55083283,3,2,304.4334067,5,-0.682172839,3,3
2,bimodal,Task B ,1,2,1,-0.429489041,4,1,226.7121735,6,-0.096182257,4,3
3,bimodal,Task B ,1,1,1,-0.204750623,1,1,253.8241508,1,0.210789153,1,4
3,bimodal,Task B ,1,1,1,-0.273426742,3,1,57.04269892,2,0.002701131,3,4
3,bimodal,Task B ,1,4,1,0.243502694,4,1,30.73403748,3,-0.224843894,4,1
3,bimodal,Task B ,1,4,1,0.156117715,2,1,69.81348008,4,0.2942517,2,1
3,bimodal,Task B ,1,3,0,-0.612086396,3,2,34.09404284,5,1.9008893,3,2
3,bimodal,Task B ,1,4,1,0.124137175,4,1,236.4432868,6,-0.251026955,4,1
4,bimodal,Task B ,2,2,0,-0.419323349,3,1,144.7464327,1,-0.129647335,3,6
4,bimodal,Task B ,1,2,0,0.65711697,3,2,315.8800432,2,-0.081899299,3,3
4,bimodal,Task B ,2,3,1,-1.093436091,4,2,107.0494689,3,3.702596318,4,7
4,bimodal,Task B ,2,3,0,0.567294226,2,1,336.2076853,4,-0.18800846,2,7
4,bimodal,Task B ,1,2,1,-0.369706484,2,1,80.83819165,5,0.025609481,2,3
4,bimodal,Task B ,1,1,0,0.61726465,1,2,43.43671912,6,0.135739806,1,4
5,bimodal,Task B ,2,3,1,0.638654741,1,2,251.6387811,1,-1.99873103,1,7
5,bimodal,Task B ,1,2,1,0.593195713,3,1,64.9968925,2,0.097729594,3,3
5,bimodal,Task B ,2,4,1,1.945999376,2,2,44.98525967,3,0.406086736,2,8
5,bimodal,Task B ,2,1,1,-1.314752184,3,2,85.98267324,4,1.017004056,3,5
5,bimodal,Task B ,1,3,0,-0.346416629,1,2,324.3070759,5,-4.111024964,1,2
5,bimodal,Task B ,2,4,1,-1.730609711,2,2,232.8999359,6,-1.042450552,2,8
6,bimodal,Task B ,1,2,1,-0.28833551,4,1,356.952905,1,-0.457858708,4,3
6,bimodal,Task B ,1,2,1,0.091983363,3,1,199.5373857,2,0.381432052,3,3
6,bimodal,Task B ,1,2,0,-0.537464099,2,2,74.64684129,3,-0.777434801,2,3
6,bimodal,Task B ,2,2,1,1.367109697,3,2,187.8261816,4,-2.140021079,3,6
6,bimodal,Task B ,2,2,1,2.529998831,3,2,147.4304209,5,-0.713515576,3,6
6,bimodal,Task B ,1,3,1,0.231574387,3,1,148.203651,6,-0.250408587,3,2
7,bimodal,Task B ,1,3,1,-0.110650531,2,1,268.6718178,1,0.650031741,2,2
7,bimodal,Task B ,1,1,1,0.520854942,1,1,257.3696628,2,0.338789925,1,4
7,bimodal,Task B ,1,1,0,-0.425743823,2,2,178.756235,3,0.094489646,2,4
7,bimodal,Task B ,1,1,1,-0.075182851,2,1,8.92579634,4,-0.422436847,2,4
7,bimodal,Task B ,1,1,1,-0.767273123,1,1,316.6796098,5,0.021995191,1,4
7,bimodal,Task B ,2,4,1,-1.088898809,3,2,279.3930819,6,0.059535302,3,8
8,bimodal,Task B ,1,1,1,0.314954123,3,1,73.10825899,1,0.023091851,3,4
8,bimodal,Task B ,1,4,1,0.364962714,3,1,225.6173784,2,-0.103336677,3,1
8,bimodal,Task B ,1,4,0,-0.687527629,1,2,155.5853089,3,-2.042974926,1,1
8,bimodal,Task B ,1,4,0,0.00259133,2,2,138.225833,4,-1.365970784,2,1
8,bimodal,Task B ,1,4,0,0.886589715,4,2,306.7518534,5,-0.235305045,4,1
8,bimodal,Task B ,1,1,0,0.655346963,4,2,46.02244565,6,-0.122556725,4,4
9,bimodal,Task B ,2,1,1,-0.823751763,3,2,53.38268101,1,0.847254339,3,5
9,bimodal,Task B ,1,1,0,-1.005972245,2,2,226.4341681,2,-0.932700861,2,4
9,bimodal,Task B ,1,2,1,-0.347423386,3,1,320.6338639,3,0.176605711,3,3
9,bimodal,Task B ,2,4,1,1.653967621,4,2,55.40220191,4,0.191828892,4,8
9,bimodal,Task B ,1,1,1,0.312565403,2,1,231.2588181,5,-0.093493049,2,4
9,bimodal,Task B ,2,1,1,-0.265192371,1,2,189.5230815,6,-0.331244218,1,5
10,bimodal,Task B ,1,1,1,0.457632892,2,1,103.7153077,1,-0.304603314,2,4
10,bimodal,Task B ,1,2,0,-1.344128704,4,2,65.59023121,2,0.734869448,4,3
10,bimodal,Task B ,2,3,1,0.159017495,3,2,279.905909,3,0.741490835,3,7
10,bimodal,Task B ,2,2,1,-1.196216999,4,2,350.9711384,4,-0.336208564,4,6
10,bimodal,Task B ,1,1,1,0.069479798,2,1,204.8994101,5,-0.053156744,2,4
10,bimodal,Task B ,2,2,1,2.165095364,4,2,310.1201984,6,-0.848108117,4,6
1,bimodal,Task B ,1,2,1,0.390765632,2,1,268.7031207,1,0.10678914,2,3
1,bimodal,Task B ,1,2,1,0.178296042,1,1,331.8354891,2,-0.041710953,1,3
1,bimodal,Task B ,1,3,0,-0.293093496,4,2,31.1178072,3,-0.412990189,4,2
1,bimodal,Task B ,2,4,1,3.144360559,2,2,50.36710051,4,-1.550302658,2,8
1,bimodal,Task B ,2,1,1,-0.648375184,1,2,301.7950399,5,-1.504420383,1,5
1,bimodal,Task B ,2,2,0,-0.292926716,2,1,191.2459759,6,0.186422027,2,6
2,bimodal,Task B ,1,2,0,-0.110579373,4,2,122.0808152,1,-0.17920071,4,3
2,bimodal,Task B ,2,3,1,1.822071502,2,2,331.3287926,2,0.720764643,2,7
2,bimodal,Task B ,1,1,1,0.441370964,1,1,0.451835162,3,0.561968951,1,4
2,bimodal,Task B ,1,2,1,0.217476701,4,1,26.25729896,4,-0.114067059,4,3
2,bimodal,Task B ,1,3,1,0.142029329,4,1,171.3838882,5,-0.182354286,4,2
2,bimodal,Task B ,2,4,0,-0.231593222,2,1,192.5117476,6,0.48798125,2,8
3,bimodal,Task B ,1,4,1,0.142085821,1,1,114.1657553,1,0.309160278,1,1
3,bimodal,Task B ,2,3,0,0.722514017,4,1,139.1600047,2,-0.287016267,4,7
3,bimodal,Task B ,2,4,1,2.328519828,3,2,236.0732122,3,1.015579282,3,8
3,bimodal,Task B ,2,4,1,1.401577769,3,2,63.93674791,4,-2.443939251,3,8
3,bimodal,Task B ,1,3,1,-0.331911126,3,1,163.6226752,5,0.32220327,3,2
3,bimodal,Task B ,1,3,0,-0.123229587,1,2,7.896653244,6,0.237290306,1,2
4,bimodal,Task B ,1,3,0,0.604831815,2,2,105.9416017,1,-0.089510633,2,2
4,bimodal,Task B ,1,2,1,0.229715407,1,1,113.9107915,2,0.100469872,1,3
4,bimodal,Task B ,2,3,1,1.342499379,3,2,116.333051,3,0.038821233,3,7
4,bimodal,Task B ,2,2,1,1.739669781,4,2,103.4135168,4,-3.925321994,4,6
4,bimodal,Task B ,1,2,1,-0.13967211,1,1,74.28453736,5,0.501370704,1,3
4,bimodal,Task B ,1,2,1,0.181013571,3,1,325.4376463,6,0.419398226,3,3
5,bimodal,Task B ,2,4,1,-1.932213301,2,2,81.3376305,1,1.89970021,2,8
5,bimodal,Task B ,1,4,0,0.742735907,1,2,184.5578124,2,-1.446668588,1,1
5,bimodal,Task B ,2,3,1,-0.567081249,1,2,156.8338253,3,-0.480651581,1,7
5,bimodal,Task B ,2,4,1,0.718627118,3,2,281.0819725,4,1.514724451,3,8
5,bimodal,Task B ,2,4,1,-1.36695746,2,2,100.9919266,5,0.254501681,2,8
5,bimodal,Task B ,1,2,0,0.736323913,1,2,23.81535056,6,-1.344034255,1,3
6,bimodal,Task B ,1,3,1,-0.233842931,3,1,258.9104083,1,-0.432558238,3,2
6,bimodal,Task B ,2,2,0,-0.497265591,4,1,331.3410599,2,0.097951851,4,6
6,bimodal,Task B ,2,2,1,0.921674655,4,2,345.1610989,3,0.61692489,4,6
6,bimodal,Task B ,2,2,1,-2.02860393,4,2,72.66580424,4,-0.231226207,4,6
6,bimodal,Task B ,1,2,1,-0.069062548,1,1,297.7976419,5,-0.208735526,1,3
6,bimodal,Task B ,2,1,1,1.146605801,2,2,244.6630899,6,-0.421488168,2,5
7,bimodal,Task B ,1,4,0,0.687190577,2,2,336.6983545,1,-1.525749922,2,1
7,bimodal,Task B ,1,1,0,-1.151066346,4,2,50.80521295,2,0.25879072,4,4
7,bimodal,Task B ,2,1,1,-2.604828747,2,2,61.1856956,3,0.97506122,2,5
7,bimodal,Task B ,1,4,1,0.300062727,1,1,77.56093504,4,0.146861519,1,1
7,bimodal,Task B ,2,4,1,-1.137351513,4,2,177.017427,5,0.388740087,4,8
7,bimodal,Task B ,1,4,1,-0.315638344,2,1,333.536381,6,0.409707145,2,1
8,bimodal,Task B ,1,4,1,-0.20207904,4,1,222.2974364,1,0.177832636,4,1
8,bimodal,Task B ,1,4,1,-0.336341569,4,1,52.43427293,2,-0.320030895,4,1
8,bimodal,Task B ,1,4,1,0.13501815,2,1,218.823998,3,-0.569244867,2,1
8,bimodal,Task B ,1,4,1,0.08504255,2,1,18.73043794,4,-0.3918308,2,1
8,bimodal,Task B ,1,4,1,0.102565247,3,1,45.97841423,5,-0.404752917,3,1
8,bimodal,Task B ,2,4,1,1.902241806,2,2,209.1066374,6,-0.616490303,2,8
9,bimodal,Task B ,1,1,0,0.436774365,1,2,268.2082835,1,-0.522732633,1,4
9,bimodal,Task B ,2,2,1,-1.336414337,3,2,284.3665211,2,-1.765959412,3,6
9,bimodal,Task B ,2,2,1,-0.591875681,4,2,280.3336174,3,0.182481384,4,6
9,bimodal,Task B ,1,3,1,-0.374781349,1,1,330.7473636,4,-0.088362584,1,2
9,bimodal,Task B ,1,3,0,0.534936483,4,2,340.9555432,5,0.573367853,4,2
9,bimodal,Task B ,1,1,1,-0.216081686,1,1,199.4729368,6,-0.227334822,1,4
10,bimodal,Task B ,1,1,1,0.128405383,1,1,316.3404835,1,-0.131385128,1,4
10,bimodal,Task B ,1,2,1,-0.137393399,3,1,291.8963875,2,0.071086839,3,3
10,bimodal,Task B ,1,2,1,0.641399699,4,1,100.5856917,3,-0.050742603,4,3
10,bimodal,Task B ,2,2,1,2.17833047,4,2,235.6254858,4,-1.510899247,4,6
10,bimodal,Task B ,1,2,1,-0.305626929,3,1,59.07820953,5,0.066256583,3,3
10,bimodal,Task B ,1,2,1,0.289953867,3,1,181.5925004,6,-0.064410682,3,3
1,bimodal,Task B ,1,2,1,-0.275068553,3,1,76.43672421,1,-0.285186435,3,3
1,bimodal,Task B ,2,1,0,-1.029250696,4,1,300.0850907,2,-0.080899538,4,5
1,bimodal,Task B ,2,3,1,-2.335825976,2,2,53.9755817,3,-0.253684626,2,7
1,bimodal,Task B ,1,3,1,0.055047278,2,1,313.3475488,4,0.394371455,2,2
1,bimodal,Task B ,2,2,1,0.115064829,1,2,77.27291014,5,1.438896139,1,6
1,bimodal,Task B ,2,2,1,-0.196331606,4,2,147.8507194,6,-1.105439991,4,6
2,bimodal,Task B ,1,2,0,-0.548787132,4,2,250.4027317,1,-2.325463053,4,3
2,bimodal,Task B ,2,2,1,0.854075393,1,2,104.9899435,2,2.421221617,1,6
2,bimodal,Task B ,1,3,0,-1.094221218,3,2,348.3911586,3,0.52057454,3,2
2,bimodal,Task B ,1,2,1,-0.284548555,1,1,7.135551038,4,0.42578038,1,3
2,bimodal,Task B ,1,2,0,-0.127620464,3,2,296.04486,5,0.512469732,3,3
2,bimodal,Task B ,1,3,0,-0.34751016,2,2,248.7334062,6,0.759859839,2,2
3,bimodal,Task B ,1,2,1,0.727981228,4,1,9.247176763,1,0.154251516,4,3
3,bimodal,Task B ,2,2,1,-0.570789153,3,2,109.3085936,2,2.154680068,3,6
3,bimodal,Task B ,1,4,1,-0.146803311,1,1,62.6440633,3,-0.233325892,1,1
3,bimodal,Task B ,2,3,1,1.737735698,3,2,41.70740279,4,0.030661953,3,7
3,bimodal,Task B ,1,3,1,-0.098045242,1,1,171.343857,5,0.24091705,1,2
3,bimodal,Task B ,1,4,1,-0.058420513,2,1,20.8807774,6,0.192433951,2,1
4,bimodal,Task B ,1,3,0,0.409697066,2,2,153.9344457,1,0.883319391,2,2
4,bimodal,Task B ,2,2,1,0.914554856,2,2,354.6125605,2,-0.414464321,2,6
4,bimodal,Task B ,1,2,0,0.520649511,1,2,128.162573,3,-1.172246852,1,3
4,bimodal,Task B ,1,2,1,0.119140348,3,1,190.6087006,4,-0.218740072,3,3
4,bimodal,Task B ,1,3,1,-0.233430683,4,1,153.9336714,5,-0.890995199,4,2
4,bimodal,Task B ,2,4,1,1.230510369,4,2,87.20396881,6,-2.751310048,4,8
5,bimodal,Task B ,1,3,0,-0.192724717,2,2,273.8306129,1,0.990371713,2,2
5,bimodal,Task B ,1,4,1,0.225906879,2,1,159.341649,2,0.558979379,2,1
5,bimodal,Task B ,2,4,1,2.724057502,1,2,223.686427,3,0.900133066,1,8
5,bimodal,Task B ,1,4,1,0.042872635,3,1,1.863992384,4,-0.003295605,3,1
5,bimodal,Task B ,1,4,1,-0.557487236,4,1,64.91918793,5,-0.130586079,4,1
5,bimodal,Task B ,1,4,1,-0.110912637,1,1,152.4702764,6,-0.018319571,1,1
6,bimodal,Task B ,2,2,0,-0.160749481,3,1,303.19264,1,-0.359332563,3,6
6,bimodal,Task B ,1,2,0,-0.28312412,2,2,100.6918121,2,-0.401262133,2,3
6,bimodal,Task B ,1,2,0,-0.196671642,4,2,318.3719483,3,2.949721887,4,3
6,bimodal,Task B ,2,2,1,-4.14475024,2,2,331.8496478,4,1.083564575,2,6
6,bimodal,Task B ,2,2,1,0.466977804,1,2,126.8338433,5,-1.230755889,1,6
6,bimodal,Task B ,2,2,1,-1.484026032,4,2,183.3473418,6,2.784580011,4,6
7,bimodal,Task B ,1,1,0,0.877314742,1,2,310.5836631,1,-1.774284432,1,4
7,bimodal,Task B ,1,1,0,2.138896972,1,2,194.1596935,2,-3.081183788,1,4
7,bimodal,Task B ,1,1,1,0.145834951,1,1,75.2305147,3,-0.3654893,1,4
7,bimodal,Task B ,1,1,0,-1.105292214,1,2,330.6962479,4,-0.250080095,1,4
7,bimodal,Task B ,1,1,0,0.426857152,1,2,84.63929067,5,4.03E-05,1,4
7,bimodal,Task B ,1,4,1,0.208680396,1,1,279.593221,6,0.003126196,1,1
8,bimodal,Task B ,1,4,0,-0.295522609,2,2,276.3210545,1,-3.559810871,2,1
8,bimodal,Task B ,2,4,1,-0.907981491,3,2,356.3294128,2,0.171694555,3,8
8,bimodal,Task B ,1,4,1,0.042471581,1,1,242.1982018,3,0.302962425,1,1
8,bimodal,Task B ,1,4,1,0.335779489,1,1,128.2247875,4,-0.064818924,1,1
8,bimodal,Task B ,2,4,1,-1.897995064,3,2,310.5717122,5,-1.997989097,3,8
8,bimodal,Task B ,1,4,1,-0.036974306,3,1,76.74788576,6,-0.115862876,3,1
9,bimodal,Task B ,1,3,1,-0.54229044,4,1,242.3742782,1,0.132460072,4,2
9,bimodal,Task B ,1,1,1,0.675651965,1,1,251.3483035,2,-0.519655493,1,4
9,bimodal,Task B ,1,1,1,0.339975901,4,1,330.416998,3,-0.216665506,4,4
9,bimodal,Task B ,1,2,0,-0.631442241,4,2,237.5984256,4,-0.807723413,4,3
9,bimodal,Task B ,1,1,1,0.042416781,1,1,96.42341649,5,0.04783439,1,4
9,bimodal,Task B ,1,1,1,-0.286017762,3,1,282.5176861,6,-0.263521653,3,4
10,bimodal,Task B ,2,2,1,1.092855164,3,2,179.7284044,1,0.79875118,3,6
10,bimodal,Task B ,2,1,1,0.967380863,3,2,176.9554625,2,-0.245823147,3,5
10,bimodal,Task B ,2,2,1,-0.264646246,3,2,339.8102278,3,-1.040855144,3,6
10,bimodal,Task B ,2,2,1,2.106607595,4,2,150.2439665,4,0.400163208,4,6
10,bimodal,Task B ,1,1,0,-0.941588415,1,2,202.3685363,5,-1.620436974,1,4
10,bimodal,Task B ,1,1,1,-0.030283721,2,1,302.0159008,6,0.246393682,2,4
1,bimodal,Task B ,2,2,1,3.109517563,1,2,90.69287597,1,-1.290794572,1,6
1,bimodal,Task B ,1,3,0,-0.551816435,4,2,152.1055362,2,2.538612243,4,2
1,bimodal,Task B ,2,4,0,0.287131334,1,1,128.1834073,3,0.006201837,1,8
1,bimodal,Task B ,2,4,1,3.66039687,2,2,96.0983278,4,0.129338999,2,8
1,bimodal,Task B ,1,3,1,-0.394458493,4,1,269.6547844,5,-0.078425037,4,2
1,bimodal,Task B ,2,4,1,-2.525008413,4,2,58.67432201,6,-0.164050838,4,8
2,bimodal,Task B ,1,3,1,-0.232926528,3,1,141.1463852,1,-0.167087873,3,2
2,bimodal,Task B ,2,3,1,2.024685341,3,2,321.4204184,2,1.729249745,3,7
2,bimodal,Task B ,1,2,1,-0.396738997,3,1,303.0225485,3,0.283512055,3,3
2,bimodal,Task B ,1,2,0,-0.021495644,3,2,274.6553888,4,-0.597892313,3,3
2,bimodal,Task B ,2,2,0,-0.261971599,1,1,49.24692144,5,-0.286784498,1,6
2,bimodal,Task B ,1,2,1,-0.500084891,1,1,164.3205114,6,-0.232044713,1,3
3,bimodal,Task B ,1,3,1,-0.050891316,2,1,147.0124868,1,0.099002019,2,2
3,bimodal,Task B ,2,3,0,-0.253283451,1,1,300.5381231,2,0.409592856,1,7
3,bimodal,Task B ,2,4,1,-0.387860068,1,2,268.4077744,3,-1.599525692,1,8
3,bimodal,Task B ,2,3,1,1.35420144,1,2,11.24465299,4,-0.564902937,1,7
3,bimodal,Task B ,1,4,1,-0.159026083,1,1,350.6577442,5,-0.213372577,1,1
3,bimodal,Task B ,1,3,0,-0.611677408,4,2,58.79375426,6,1.042047891,4,2
4,bimodal,Task B ,1,3,1,-0.442086037,3,1,129.6360737,1,0.09934934,3,2
4,bimodal,Task B ,1,2,1,0.083440393,3,1,180.8817747,2,-0.477070244,3,3
4,bimodal,Task B ,2,2,1,0.614185477,2,2,201.0815526,3,-1.138794948,2,6
4,bimodal,Task B ,1,4,1,-0.218197873,4,1,340.1634151,4,0.130781853,4,1
4,bimodal,Task B ,1,1,1,0.136016878,1,1,346.3759865,5,0.151277653,1,4
4,bimodal,Task B ,1,2,0,-1.190898563,2,2,21.93312872,6,0.547262426,2,3
5,bimodal,Task B ,2,4,0,-0.952854651,1,1,123.0187292,1,-0.35953492,1,8
5,bimodal,Task B ,2,4,1,-0.854948337,4,2,21.08002243,2,-1.276430682,4,8
5,bimodal,Task B ,2,2,1,1.329095846,2,2,11.476407,3,0.573449455,2,6
5,bimodal,Task B ,1,4,1,0.299946906,4,1,44.86764379,4,0.436716313,4,1
5,bimodal,Task B ,1,4,1,-0.121680437,2,1,135.9428245,5,0.056750256,2,1
5,bimodal,Task B ,1,4,1,0.485284314,3,1,159.3237888,6,-0.3637037,3,1
6,bimodal,Task B ,1,3,1,-0.410987896,1,1,180.1740575,1,0.203911534,1,2
6,bimodal,Task B ,1,2,0,-1.36259654,1,2,218.5162136,2,0.380346154,1,3
6,bimodal,Task B ,1,2,1,0.144653626,4,1,23.54300999,3,-0.160418428,4,3
6,bimodal,Task B ,1,2,1,0.003914647,3,1,199.8937482,4,-0.234432352,3,3
6,bimodal,Task B ,1,2,1,0.10193346,4,1,27.56367744,5,0.002759781,4,3
6,bimodal,Task B ,2,3,1,1.003434433,2,2,253.3429872,6,1.539927379,2,7
7,bimodal,Task B ,1,1,0,-2.001344161,4,2,236.8248876,1,-1.979203502,4,4
7,bimodal,Task B ,1,1,1,-0.308499204,2,1,84.73381763,2,0.360171983,2,4
7,bimodal,Task B ,1,1,1,0.638310566,1,1,48.73457597,3,-0.536241616,1,4
7,bimodal,Task B ,1,1,0,-0.753591875,2,2,220.1634768,4,-1.144703041,2,4
7,bimodal,Task B ,1,1,0,0.310531306,3,2,230.4503565,5,-0.794424974,3,4
7,bimodal,Task B ,1,4,1,-0.103046288,4,1,220.3746806,6,-0.523110124,4,1
8,bimodal,Task B ,2,1,1,1.955528937,1,2,186.6904014,1,-0.415328033,1,5
8,bimodal,Task B ,1,4,1,0.767282112,1,1,166.523483,2,-0.061674554,1,1
8,bimodal,Task B ,2,4,1,-1.441103847,2,2,171.3076611,3,2.390939921,2,8
8,bimodal,Task B ,1,4,0,0.836795639,2,2,247.755237,4,-1.775068509,2,1
8,bimodal,Task B ,1,4,0,0.654616726,3,2,72.9367843,5,-0.179762992,3,1
8,bimodal,Task B ,2,4,1,-0.835936495,1,2,286.189284,6,-2.9514637,1,8
9,bimodal,Task B ,1,2,1,-0.337959545,3,1,36.75074454,1,0.120827308,3,3
9,bimodal,Task B ,1,4,1,-0.061227369,4,1,23.12725167,2,-0.003117839,4,1
9,bimodal,Task B ,2,2,1,0.918184774,2,2,99.59201863,3,0.493055133,2,6
9,bimodal,Task B ,1,3,1,0.022475648,3,1,160.9978939,4,-0.280901766,3,2
9,bimodal,Task B ,2,3,1,1.673918077,3,2,94.79459497,5,-1.173243187,3,7
9,bimodal,Task B ,1,2,0,2.379323789,1,2,262.7488124,6,-0.289586987,1,3
10,bimodal,Task B ,2,1,1,-2.378754357,1,2,316.8409958,1,0.529599883,1,5
10,bimodal,Task B ,1,2,1,0.047525185,4,1,234.6391806,2,0.416096807,4,3
10,bimodal,Task B ,1,2,1,-0.417439468,2,1,301.0538464,3,-0.101203716,2,3
10,bimodal,Task B ,2,2,1,1.951472406,3,2,330.6456168,4,-2.628237769,3,6
10,bimodal,Task B ,1,1,0,1.167570901,2,2,216.6266304,5,-0.655063886,2,4
10,bimodal,Task B ,1,1,1,-0.316906162,4,1,203.7066795,6,0.263207967,4,4
1,bimodal,Task B ,2,3,1,1.392825462,1,2,203.6977008,1,1.327961147,1,7
1,bimodal,Task B ,2,4,1,1.164903848,4,2,305.7438746,2,-2.25906973,4,8
1,bimodal,Task B ,1,2,0,-0.084185709,2,2,60.57015696,3,-0.758912257,2,3
1,bimodal,Task B ,1,3,1,0.352333797,2,1,85.24342257,4,-0.327888909,2,2
1,bimodal,Task B ,2,2,1,-0.407299245,2,2,5.581837056,5,0.52209807,2,6
1,bimodal,Task B ,1,3,1,0.395986514,3,1,12.89696755,6,0.280511496,3,2
2,bimodal,Task B ,1,1,1,0.133099059,1,1,92.03067152,1,-0.508935463,1,4
2,bimodal,Task B ,1,2,1,0.336618432,2,1,355.4023765,2,0.110848343,2,3
2,bimodal,Task B ,1,1,0,1.415908758,1,2,224.8042693,3,-0.364577481,1,4
2,bimodal,Task B ,2,3,0,0.062796417,4,1,196.8301864,4,-0.349571877,4,7
2,bimodal,Task B ,1,2,1,-0.334452326,2,1,333.4437747,5,0.242515125,2,3
2,bimodal,Task B ,1,3,1,-0.25068825,1,1,303.6060163,6,0.067435866,1,2
3,bimodal,Task B ,2,3,1,1.270207904,3,2,322.7069196,1,-0.218195887,3,7
3,bimodal,Task B ,1,4,1,0.14201604,4,1,36.23087741,2,0.47934525,4,1
3,bimodal,Task B ,1,3,1,-0.270662608,1,1,306.6104684,3,0.436738106,1,2
3,bimodal,Task B ,2,2,1,1.745811142,3,2,238.1032719,4,0.072311005,3,6
3,bimodal,Task B ,1,4,1,-0.058472148,3,1,330.5216257,5,-0.212464351,3,1
3,bimodal,Task B ,2,4,1,-1.482697188,2,2,226.4881158,6,-2.507859843,2,8
4,bimodal,Task B ,1,2,1,-0.487598959,1,1,287.981818,1,0.032032501,1,3
4,bimodal,Task B ,2,1,1,0.273766544,2,2,222.0599878,2,0.878054484,2,5
4,bimodal,Task B ,1,2,1,0.180182067,3,1,163.5520393,3,0.632996728,3,3
4,bimodal,Task B ,2,2,1,0.461994123,1,2,319.0898589,4,1.089307469,1,6
4,bimodal,Task B ,1,2,1,0.265534085,2,1,242.8732366,5,0.29566742,2,3
4,bimodal,Task B ,1,3,1,-0.170354255,3,1,337.6366986,6,0.42834651,3,2
5,bimodal,Task B ,2,1,1,1.685629996,1,2,236.7157731,1,-0.424619743,1,5
5,bimodal,Task B ,2,4,1,-2.168776021,2,2,225.5871523,2,-3.069124913,2,8
5,bimodal,Task B ,1,1,0,0.960369985,1,2,8.84967395,3,-2.3484901,1,4
5,bimodal,Task B ,1,4,1,-0.011612996,3,1,173.6310925,4,0.029074812,3,1
5,bimodal,Task B ,1,3,1,-0.645672098,3,1,238.6774146,5,0.214266804,3,2
5,bimodal,Task B ,1,2,0,1.068340442,1,2,13.49671778,6,0.836415484,1,3
6,bimodal,Task B ,1,2,0,-0.174188895,2,2,212.1708114,1,-0.930226233,2,3
6,bimodal,Task B ,1,2,1,-0.086444143,3,1,344.0000818,2,-0.11189129,3,3
6,bimodal,Task B ,1,1,1,0.075552233,2,1,83.15038001,3,-0.078738581,2,4
6,bimodal,Task B ,1,2,1,-0.130876328,2,1,33.75290059,4,0.515775903,2,3
6,bimodal,Task B ,2,2,1,3.327604687,2,2,205.1085314,5,-1.243064509,2,6
6,bimodal,Task B ,2,2,0,0.417425062,1,1,311.0243919,6,0.330000022,1,6
7,bimodal,Task B ,1,4,0,0.11720972,4,2,1.799960081,1,-1.039758169,4,1
7,bimodal,Task B ,1,1,1,-0.086123845,2,1,286.1854988,2,0.05985261,2,4
7,bimodal,Task B ,2,4,1,-1.705388881,4,2,338.2811724,3,-0.605683027,4,8
7,bimodal,Task B ,2,4,1,-0.158285476,3,2,292.2747358,4,3.759118261,3,8
7,bimodal,Task B ,1,4,1,0.145040607,4,1,36.13610853,5,-0.686253816,4,1
7,bimodal,Task B ,1,4,0,1.075380744,3,2,75.16851584,6,-0.461089543,3,1
8,bimodal,Task B ,2,4,1,1.36490276,4,2,351.8732998,1,-2.232876135,4,8
8,bimodal,Task B ,2,4,1,0.496543812,3,2,234.0441597,2,-0.691532711,3,8
8,bimodal,Task B ,1,4,0,0.669525415,1,2,313.8923571,3,1.616022607,1,1
8,bimodal,Task B ,1,4,1,0.435072502,1,1,327.2026333,4,0.162774427,1,1
8,bimodal,Task B ,1,4,1,-0.004371826,3,1,139.9300337,5,-0.039206832,3,1
8,bimodal,Task B ,1,4,0,-0.611103195,1,2,235.2646711,6,2.201317243,1,1
9,bimodal,Task B ,1,4,1,0.100713548,4,1,30.36026837,1,0.242006613,4,1
9,bimodal,Task B ,1,1,0,-0.267831924,4,2,289.5515837,2,-0.895396926,4,4
9,bimodal,Task B ,1,1,1,0.507221611,2,1,62.74108669,3,0.070844178,2,4
9,bimodal,Task B ,2,1,0,-0.368075383,4,1,193.9412641,4,0.052335215,4,5
9,bimodal,Task B ,2,3,1,-0.457116286,3,2,89.07428877,5,1.221150988,3,7
9,bimodal,Task B ,2,1,0,0.27106804,3,1,310.2180094,6,0.696219032,3,5
10,bimodal,Task B ,2,1,1,1.230465392,4,2,102.8008577,1,-0.345978597,4,5
10,bimodal,Task B ,1,2,0,0.239627389,3,2,46.89892829,2,0.489287715,3,3
10,bimodal,Task B ,1,2,1,0.326081894,4,1,110.5892032,3,-0.007257217,4,3
10,bimodal,Task B ,1,1,0,-0.488549575,4,2,128.5861579,4,0.146385932,4,4
10,bimodal,Task B ,1,2,1,-0.078423311,2,1,38.6022885,5,-0.052753095,2,3
10,bimodal,Task B ,2,3,1,-0.514938312,2,2,177.512708,6,1.259571044,2,7
1,bimodal,Task B ,2,2,1,-1.566938627,3,2,329.6141932,1,-1.0730359,3,6
1,bimodal,Task B ,2,2,1,1.526641658,2,2,266.1930455,2,-1.403867194,2,6
1,bimodal,Task B ,2,4,1,2.234787874,2,2,107.1676118,3,-2.822860766,2,8
1,bimodal,Task B ,1,3,1,-0.208601712,2,1,109.6934063,4,-0.195311817,2,2
1,bimodal,Task B ,1,3,0,0.146505758,3,2,293.6140719,5,-0.952194978,3,2
1,bimodal,Task B ,1,2,1,-0.085084706,1,1,185.5807524,6,0.115502512,1,3
2,bimodal,Task B ,1,2,1,0.141781774,3,1,331.0179198,1,0.062820875,3,3
2,bimodal,Task B ,2,2,0,0.103501114,2,1,219.6159894,2,-0.128141395,2,6
2,bimodal,Task B ,2,2,1,-0.247551622,3,2,262.0530377,3,-0.557316682,3,6
2,bimodal,Task B ,1,3,1,-0.515237039,2,1,215.1493524,4,0.57809028,2,2
2,bimodal,Task B ,1,3,0,-0.003078158,3,2,67.3164024,5,-0.486900869,3,2
2,bimodal,Task B ,1,1,0,1.318634076,1,2,125.9364006,6,-1.277985886,1,4
3,bimodal,Task B ,1,4,1,0.115731646,3,1,140.2568398,1,0.21643677,3,1
3,bimodal,Task B ,2,1,1,-0.74341828,3,2,319.3775443,2,-0.583627311,3,5
3,bimodal,Task B ,1,4,1,-0.327971833,3,1,152.2278739,3,0.091006066,3,1
3,bimodal,Task B ,1,1,1,0.018154062,4,1,286.1855107,4,-0.715020327,4,4
3,bimodal,Task B ,1,3,1,0.198930184,2,1,320.0958206,5,0.202377417,2,2
3,bimodal,Task B ,1,4,1,0.141153582,3,1,349.7197716,6,-0.134502854,3,1
4,bimodal,Task B ,1,3,1,-0.081387859,4,1,292.1781503,1,-0.541476349,4,2
4,bimodal,Task B ,1,3,1,-0.418469976,3,1,63.51998143,2,0.51587873,3,2
4,bimodal,Task B ,1,2,1,-0.556100206,3,1,202.1007901,3,-0.310144792,3,3
4,bimodal,Task B ,1,1,1,-0.568009239,1,1,160.5003986,4,0.106195369,1,4
4,bimodal,Task B ,1,3,0,0.008879249,2,2,137.4373606,5,1.899849857,2,2
4,bimodal,Task B ,1,2,1,-0.072056405,2,1,294.2149429,6,0.214636307,2,3
5,bimodal,Task B ,2,4,1,-1.276250549,3,2,40.88717355,1,-1.319622484,3,8
5,bimodal,Task B ,1,4,1,-0.004395399,3,1,275.9070205,2,-0.063176424,3,1
5,bimodal,Task B ,1,4,1,-0.122940638,2,1,214.9105045,3,0.017977806,2,1
5,bimodal,Task B ,1,4,1,-0.14085496,1,1,213.2896052,4,0.238585618,1,1
5,bimodal,Task B ,1,3,1,0.738159153,1,1,49.83932622,5,0.008386447,1,2
5,bimodal,Task B ,1,4,1,-0.51711526,2,1,40.02134989,6,-0.023984697,2,1
6,bimodal,Task B ,1,2,0,0.718584435,3,2,336.6639655,1,0.885276801,3,3
6,bimodal,Task B ,1,2,1,0.422844167,2,1,4.784879,2,-0.178344192,2,3
6,bimodal,Task B ,1,2,1,0.204017525,4,1,175.442632,3,-0.091282726,4,3
6,bimodal,Task B ,1,2,1,-0.254865282,4,1,307.7060163,4,-0.27420718,4,3
6,bimodal,Task B ,1,1,0,0.951778497,2,2,274.0600134,5,-2.174482729,2,4
6,bimodal,Task B ,1,1,1,-0.48446514,3,1,24.06465768,6,0.963732346,3,4
7,bimodal,Task B ,2,4,1,-2.967255398,2,2,24.26441266,1,0.751150947,2,8
7,bimodal,Task B ,1,4,1,-0.128372221,3,1,105.7890384,2,0.373129474,3,1
7,bimodal,Task B ,2,4,0,-0.587914618,4,1,287.2811343,3,-0.062809637,4,8
7,bimodal,Task B ,1,1,1,-0.257450578,3,1,268.8595615,4,-0.057770799,3,4
7,bimodal,Task B ,1,1,0,2.04838537,1,2,295.0219024,5,1.172951268,1,4
7,bimodal,Task B ,1,4,0,1.403701141,2,2,32.51406292,6,-0.073354785,2,1
8,bimodal,Task B ,1,4,1,-0.279237923,3,1,154.3581323,1,0.57746321,3,1
8,bimodal,Task B ,1,4,1,0.155669203,4,1,17.77496898,2,-0.278292561,4,1
8,bimodal,Task B ,1,4,1,-0.069374207,2,1,182.5219588,3,0.023112801,2,1
8,bimodal,Task B ,1,4,1,0.314950426,4,1,81.2235397,4,0.476228781,4,1
8,bimodal,Task B ,2,4,1,0.542736888,3,2,124.0658814,5,-2.198369527,3,8
8,bimodal,Task B ,2,4,1,1.779702265,1,2,326.3168184,6,-0.008785653,1,8
9,bimodal,Task B ,1,2,0,0.993959794,4,2,90.39515669,1,1.005053922,4,3
9,bimodal,Task B ,1,2,1,0.19747644,4,1,73.79775553,2,-0.108538391,4,3
9,bimodal,Task B ,2,2,1,-1.527019701,1,2,7.703965585,3,0.43261438,1,6
9,bimodal,Task B ,1,2,0,-1.211657118,2,2,299.6728539,4,0.798684832,2,3
9,bimodal,Task B ,1,4,0,0.067271425,1,2,301.8335229,5,1.96084217,1,1
9,bimodal,Task B ,1,2,1,-0.088996192,3,1,47.95732347,6,0.695565051,3,3
10,bimodal,Task B ,2,1,1,-1.349274954,3,2,199.2305594,1,-1.963565259,3,5
10,bimodal,Task B ,2,1,1,-1.422647863,1,2,130.7818936,2,-0.878695383,1,5
10,bimodal,Task B ,1,2,0,0.974056128,2,2,349.5392529,3,-0.853549857,2,3
10,bimodal,Task B ,1,1,1,-0.611393051,4,1,161.375504,4,0.183629852,4,4
10,bimodal,Task B ,2,2,1,-3.274123545,4,2,336.6461344,5,1.167344388,4,6
10,bimodal,Task B ,2,2,0,-0.218589665,3,1,250.8059281,6,-0.164681307,3,6
1,bimodal,Task B ,1,2,0,0.60316686,3,2,198.0558905,1,-0.720418069,3,3
1,bimodal,Task B ,1,3,1,0.035912483,1,1,54.14750114,2,0.418678441,1,2
1,bimodal,Task B ,2,2,1,-0.409191723,3,2,264.3977168,3,1.293685694,3,6
1,bimodal,Task B ,2,2,0,0.142651916,4,1,10.31004798,4,-0.980852442,4,6
1,bimodal,Task B ,1,3,0,0.289642375,4,2,278.729137,5,-1.085303473,4,2
1,bimodal,Task B ,2,2,1,-0.569106739,4,2,260.6928086,6,2.545583803,4,6
2,bimodal,Task B ,2,4,1,-0.859280548,4,2,243.2930369,1,-0.655023093,4,8
2,bimodal,Task B ,1,2,1,-0.012769894,2,1,131.5601295,2,-0.476310713,2,3
2,bimodal,Task B ,1,2,1,-0.824589142,1,1,294.7927572,3,-0.143381391,1,3
2,bimodal,Task B ,2,2,1,-0.57511335,1,2,332.5675722,4,1.197520385,1,6
2,bimodal,Task B ,2,3,1,-1.411992984,4,2,213.5375312,5,1.121659425,4,7
2,bimodal,Task B ,1,2,0,-0.434012368,3,2,216.8126242,6,-0.128747918,3,3
3,bimodal,Task B ,2,4,1,-0.365057162,4,2,37.10489709,1,-1.572787576,4,8
3,bimodal,Task B ,1,4,1,-0.240387301,4,1,184.2730067,2,0.038255593,4,1
3,bimodal,Task B ,2,4,1,-1.23307817,4,2,30.8536939,3,-0.864621934,4,8
3,bimodal,Task B ,2,4,1,0.884661089,3,2,136.6257721,4,-2.626082079,3,8
3,bimodal,Task B ,1,3,1,-0.159305876,3,1,311.7534139,5,0.257059029,3,2
3,bimodal,Task B ,2,4,1,-1.016946213,4,2,261.5655943,6,-2.581601245,4,8
4,bimodal,Task B ,1,1,1,0.428138094,4,1,334.0084571,1,0.44574301,4,4
4,bimodal,Task B ,2,3,1,-1.153307371,2,2,213.3536955,2,1.028279622,2,7
4,bimodal,Task B ,1,2,0,0.859954358,4,2,358.2566853,3,-0.632567221,4,3
4,bimodal,Task B ,1,4,1,-0.484289076,4,1,156.5579042,4,0.505904901,4,1
4,bimodal,Task B ,1,1,1,-0.462399101,2,1,251.7478244,5,0.254034866,2,4
4,bimodal,Task B ,1,1,1,-0.140666539,1,1,243.3978468,6,-0.415608886,1,4
5,bimodal,Task B ,1,3,1,0.425441723,4,1,279.0158046,1,-0.040996052,4,2
5,bimodal,Task B ,1,3,0,0.044593308,1,2,110.0155204,2,0.777233843,1,2
5,bimodal,Task B ,1,4,0,-0.272903659,2,2,201.8121552,3,2.485174869,2,1
5,bimodal,Task B ,1,3,0,0.90192419,2,2,219.5834953,4,-1.031353054,2,2
5,bimodal,Task B ,2,4,1,0.793373358,4,2,182.4508275,5,1.483321557,4,8
5,bimodal,Task B ,2,4,1,-2.54860336,3,2,96.36270357,6,-0.99020981,3,8
6,bimodal,Task B ,1,3,1,-0.461009137,2,1,220.6686169,1,-0.275094078,2,2
6,bimodal,Task B ,1,2,1,-0.352623281,2,1,271.7023881,2,0.077583957,2,3
6,bimodal,Task B ,2,2,1,0.721344229,4,2,218.6188244,3,-0.801719133,4,6
6,bimodal,Task B ,1,2,0,0.516754248,2,2,232.5762378,4,-0.645408408,2,3
6,bimodal,Task B ,1,2,0,1.154818643,1,2,311.1516408,5,0.804312943,1,3
6,bimodal,Task B ,1,1,1,0.671660863,4,1,24.05170305,6,-0.115105599,4,4
7,bimodal,Task B ,2,2,1,-0.87789527,2,2,122.6693659,1,1.817761164,2,6
7,bimodal,Task B ,1,1,1,-0.162825773,3,1,199.6786926,2,-0.332707766,3,4
7,bimodal,Task B ,1,1,0,0.893717952,3,2,188.3128309,3,-0.429464332,3,4
7,bimodal,Task B ,1,1,1,0.524608512,3,1,297.4089313,4,-0.301535228,3,4
7,bimodal,Task B ,1,1,1,0.463565887,2,1,84.70400972,5,0.156679108,2,4
7,bimodal,Task B ,1,1,1,0.202432491,2,1,259.9630913,6,0.197166098,2,4
8,bimodal,Task B ,2,2,1,-1.313365626,1,2,140.2958493,1,-0.994857232,1,6
8,bimodal,Task B ,1,4,0,-0.016573148,2,2,139.1515808,2,-1.831718177,2,1
8,bimodal,Task B ,1,4,1,-0.212752657,3,1,104.800119,3,-0.294337673,3,1
8,bimodal,Task B ,1,4,1,0.553647396,2,1,86.0037568,4,0.524643357,2,1
8,bimodal,Task B ,2,4,1,1.222647847,3,2,357.6909942,5,-2.695213133,3,8
8,bimodal,Task B ,2,4,1,-0.952828339,3,2,303.1316109,6,-1.351557525,3,8
9,bimodal,Task B ,2,1,1,0.25118099,2,2,79.34540333,1,0.22273453,2,5
9,bimodal,Task B ,2,1,0,0.405660969,2,1,114.6411839,2,0.343446109,2,5
9,bimodal,Task B ,1,2,1,0.386057177,2,1,156.439837,3,0.023184442,2,3
9,bimodal,Task B ,2,2,1,-0.01868633,2,2,91.94459728,4,1.177740676,2,6
9,bimodal,Task B ,2,4,1,-1.941412405,3,2,125.8858094,5,1.823942145,3,8
9,bimodal,Task B ,1,3,1,-0.204736857,4,1,347.7619309,6,0.051958133,4,2
10,bimodal,Task B ,1,1,0,-2.349429489,2,2,359.6912864,1,-0.581863334,2,4
10,bimodal,Task B ,1,2,1,-0.24915472,2,1,74.82540854,2,-0.006003653,2,3
10,bimodal,Task B ,2,1,1,-2.370978514,1,2,344.8475046,3,-1.958641083,1,5
10,bimodal,Task B ,1,1,1,-0.832987471,1,1,195.1157033,4,0.187472591,1,4
10,bimodal,Task B ,1,1,1,0.514330806,2,1,1.677164453,5,-0.51823963,2,4
10,bimodal,Task B ,1,1,1,0.031947019,2,1,181.2152246,6,0.366973017,2,4
1,bimodal,Task B ,2,2,1,0.698569025,3,2,55.75324711,1,-0.533894396,3,6
1,bimodal,Task B ,1,2,0,0.529722318,3,2,224.8765687,2,-0.377277536,3,3
1,bimodal,Task B ,1,3,1,0.419258924,2,1,188.9574147,3,-0.370183214,2,2
1,bimodal,Task B ,2,1,1,1.853457654,1,2,212.912307,4,1.213396954,1,5
1,bimodal,Task B ,1,3,1,-0.322631077,3,1,252.9942113,5,0.108470142,3,2
1,bimodal,Task B ,1,3,1,0.349116518,2,1,69.53379675,6,-0.08412046,2,2
2,bimodal,Task B ,1,1,0,-0.717168825,1,2,126.9855672,1,-2.091198909,1,4
2,bimodal,Task B ,2,2,1,1.320710098,2,2,138.0103261,2,-1.297756109,2,6
2,bimodal,Task B ,1,2,0,1.063842675,3,2,108.881317,3,1.899195405,3,3
2,bimodal,Task B ,1,2,1,-0.050020721,4,1,165.8754249,4,-0.370957679,4,3
2,bimodal,Task B ,1,2,0,0.206640213,2,2,35.26276928,5,0.805651657,2,3
2,bimodal,Task B ,1,2,0,-1.299027167,1,2,225.431503,6,-0.531314666,1,3
3,bimodal,Task B ,2,3,0,0.121605937,2,1,105.2021522,1,-0.107870612,2,7
3,bimodal,Task B ,1,4,1,0.136438216,3,1,2.798933015,2,0.228154919,3,1
3,bimodal,Task B ,1,4,0,-0.977622214,1,2,357.6291548,3,-0.041890767,1,1
3,bimodal,Task B ,2,3,1,-1.88679901,4,2,203.1851477,4,0.879991291,4,7
3,bimodal,Task B ,1,3,1,0.186589763,2,1,233.7217697,5,1.172815429,2,2
3,bimodal,Task B ,1,3,0,0.061527895,4,2,261.1561946,6,0.415118946,4,2
4,bimodal,Task B ,2,4,1,-3.806253697,4,2,218.2963459,1,-1.184338163,4,8
4,bimodal,Task B ,1,2,0,0.188505121,1,2,198.4359215,2,-3.676577408,1,3
4,bimodal,Task B ,1,2,0,0.834655095,2,2,72.88502692,3,1.136380089,2,3
4,bimodal,Task B ,1,2,0,0.426435381,2,2,5.094059998,4,-0.786192099,2,3
4,bimodal,Task B ,1,2,1,0.467498518,3,1,20.68466944,5,0.050250862,3,3
4,bimodal,Task B ,2,2,0,-0.160724519,2,1,158.1837676,6,0.04714385,2,6
5,bimodal,Task B ,1,2,0,0.823257734,1,2,146.4449161,1,-1.629486504,1,3
5,bimodal,Task B ,1,4,1,-0.291974569,1,1,31.30350452,2,-0.256038443,1,1
5,bimodal,Task B ,1,4,1,0.149135462,1,1,19.57431188,3,0.059995487,1,1
5,bimodal,Task B ,1,2,0,0.6442678,3,2,91.66912996,4,-0.481196812,3,3
5,bimodal,Task B ,2,4,1,-0.769445396,2,2,16.49314267,5,1.416859015,2,8
5,bimodal,Task B ,1,4,1,-0.083923085,3,1,138.9081168,6,-0.212449204,3,1
6,bimodal,Task B ,2,2,1,-2.266835753,4,2,301.5691203,1,-0.503868043,4,6
6,bimodal,Task B ,1,2,1,-0.015411609,2,1,194.3402679,2,-0.07038673,2,3
6,bimodal,Task B ,1,1,0,0.50948779,3,2,104.3725853,3,0.752807634,3,4
6,bimodal,Task B ,1,2,1,0.181249424,3,1,264.3278349,4,0.111011776,3,3
6,bimodal,Task B ,1,2,1,0.004005794,4,1,215.2375451,5,0.036882814,4,3
6,bimodal,Task B ,1,1,1,-0.03872072,4,1,336.3226443,6,-0.01710127,4,4
7,bimodal,Task B ,1,4,1,0.103641197,2,1,320.5645114,1,0.205176585,2,1
7,bimodal,Task B ,2,4,1,2.299541102,4,2,288.917921,2,-0.548288689,4,8
7,bimodal,Task B ,1,1,1,0.076928476,1,1,155.4051212,3,-0.087970279,1,4
7,bimodal,Task B ,1,4,0,1.172874329,1,2,127.0188028,4,-0.45595562,1,1
7,bimodal,Task B ,1,4,0,-0.235576282,2,2,14.47904581,5,-1.853288593,2,1
7,bimodal,Task B ,1,4,1,0.12503461,2,1,243.4581197,6,0.179411122,2,1
8,bimodal,Task B ,2,4,1,-2.461889743,1,2,27.98611525,1,1.437357542,1,8
8,bimodal,Task B ,2,4,1,0.635209984,4,2,218.6803788,2,1.137798911,4,8
8,bimodal,Task B ,1,4,1,0.519131726,3,1,334.7701967,3,-0.587080646,3,1
8,bimodal,Task B ,1,4,0,-1.072099325,1,2,143.6487027,4,-1.390140286,1,1
8,bimodal,Task B ,1,4,1,-0.740212939,2,1,279.8184835,5,-0.050667859,2,1
8,bimodal,Task B ,1,4,1,-0.015127202,1,1,146.6325149,6,-0.037448281,1,1
9,bimodal,Task B ,2,3,1,1.283161023,1,2,210.5223085,1,-1.645601101,1,7
9,bimodal,Task B ,1,2,0,2.392422465,4,2,178.5934463,2,-0.367380557,4,3
9,bimodal,Task B ,1,2,1,0.247141388,3,1,224.980821,3,0.288932297,3,3
9,bimodal,Task B ,1,2,1,0.292012081,3,1,58.26933337,4,-0.036454327,3,3
9,bimodal,Task B ,1,2,0,-0.171546728,3,2,73.50978528,5,1.288925538,3,3
9,bimodal,Task B ,2,4,1,1.93206306,1,2,350.8430348,6,-0.54894559,1,8
10,bimodal,Task B ,1,1,1,0.371906298,3,1,120.7982063,1,-0.041008767,3,4
10,bimodal,Task B ,1,2,1,0.153069384,1,1,171.0565282,2,0.337162753,1,3
10,bimodal,Task B ,2,1,0,-0.565303342,3,1,198.6542793,3,0.709672173,3,5
10,bimodal,Task B ,1,1,0,0.746398364,4,2,20.12944856,4,-0.110447429,4,4
10,bimodal,Task B ,1,2,1,0.21393893,3,1,82.05155615,5,0.501097504,3,3
10,bimodal,Task B ,1,2,1,0.397811091,4,1,101.6776535,6,0.136250988,4,3
1,bimodal,Task B ,2,2,1,-0.008560484,2,2,16.80142008,1,1.129054989,2,6
1,bimodal,Task B ,1,2,0,0.36378999,3,2,257.9141984,2,-0.557562532,3,3
1,bimodal,Task B ,2,1,1,0.695033165,1,2,111.3674072,3,0.590893876,1,5
1,bimodal,Task B ,2,4,1,1.235950731,2,2,14.6776359,4,-3.896184702,2,8
1,bimodal,Task B ,1,3,0,0.035591487,3,2,357.2089604,5,0.025313358,3,2
1,bimodal,Task B ,2,2,0,-0.606728308,4,1,119.0273437,6,-0.206127634,4,6
2,bimodal,Task B ,1,2,1,0.542147831,2,1,106.9421833,1,-0.313550719,2,3
2,bimodal,Task B ,2,3,1,-0.892076419,4,2,67.29534949,2,1.568955766,4,7
2,bimodal,Task B ,1,2,1,0.363887202,1,1,130.6742554,3,0.285715193,1,3
2,bimodal,Task B ,2,2,1,0.081435837,2,2,255.1087562,4,-0.166222308,2,6
2,bimodal,Task B ,1,3,1,-0.111850359,3,1,229.3647768,5,0.353785991,3,2
2,bimodal,Task B ,1,1,0,0.299393176,3,2,292.4456512,6,0.096644229,3,4
3,bimodal,Task B ,1,2,0,0.473674265,3,2,353.9754361,1,0.534674704,3,3
3,bimodal,Task B ,1,4,1,-0.094371859,2,1,14.03013594,2,0.150574915,2,1
3,bimodal,Task B ,1,2,1,0.303427906,2,1,355.9731101,3,-0.022547848,2,3
3,bimodal,Task B ,1,3,1,0.209620943,4,1,266.2228536,4,-0.098484824,4,2
3,bimodal,Task B ,2,3,0,-0.417058329,2,1,148.0630115,5,-0.407758697,2,7
3,bimodal,Task B ,1,2,0,0.668574035,3,2,98.58957095,6,0.284794277,3,3
4,bimodal,Task B ,1,3,0,0.345771122,1,2,18.028908,1,-0.028461007,1,2
4,bimodal,Task B ,1,2,0,0.818625355,2,2,182.5418019,2,-0.960857047,2,3
4,bimodal,Task B ,1,2,1,-0.132105391,2,1,260.4145437,3,0.496928802,2,3
4,bimodal,Task B ,1,1,0,-1.205060157,2,2,169.465838,4,3.034728908,2,4
4,bimodal,Task B ,2,4,1,-3.065068442,4,2,243.8296172,5,-1.492729504,4,8
4,bimodal,Task B ,2,4,1,-1.954245554,3,2,312.6200761,6,-2.706837335,3,8
5,bimodal,Task B ,1,3,0,-0.104033582,4,2,283.1438888,1,0.70150656,4,2
5,bimodal,Task B ,1,2,1,-0.216549174,3,1,307.7426622,2,0.039009351,3,3
5,bimodal,Task B ,1,4,0,0.015327667,1,2,170.7963945,3,0.368830687,1,1
5,bimodal,Task B ,1,4,1,0.275102074,3,1,236.4642394,4,-0.186119066,3,1
5,bimodal,Task B ,1,4,1,-0.194444591,3,1,346.2732147,5,0.365030235,3,1
5,bimodal,Task B ,1,4,1,-0.395247401,4,1,32.14352714,6,-0.077263273,4,1
6,bimodal,Task B ,2,2,0,0.041874235,3,1,231.2345533,1,0.390513836,3,6
6,bimodal,Task B ,2,2,1,-1.192126809,3,2,90.15180166,2,-0.770849475,3,6
6,bimodal,Task B ,1,2,0,-0.171619319,1,2,26.04177273,3,-0.970523793,1,3
6,bimodal,Task B ,2,2,1,2.114028324,1,2,129.2521306,4,-1.784705066,1,6
6,bimodal,Task B ,2,1,1,-1.227977675,1,2,319.8670688,5,-0.960113873,1,5
6,bimodal,Task B ,1,2,1,0.404349946,1,1,175.3762041,6,0.211219388,1,3
7,bimodal,Task B ,2,1,1,-1.931438921,1,2,6.815213382,1,-3.171899523,1,5
7,bimodal,Task B ,1,4,1,-0.534497995,3,1,329.6210357,2,0.122568941,3,1
7,bimodal,Task B ,1,4,0,-1.439356484,1,2,109.3237913,3,-0.269938394,1,1
7,bimodal,Task B ,1,1,1,0.120207038,1,1,177.260449,4,-0.081999013,1,4
7,bimodal,Task B ,1,1,0,-0.389457546,2,2,7.764148584,5,0.214223584,2,4
7,bimodal,Task B ,1,1,0,2.023714798,1,2,130.8750196,6,0.522678041,1,4
8,bimodal,Task B ,2,4,1,-1.523053328,3,2,233.9535604,1,0.354404792,3,8
8,bimodal,Task B ,2,4,0,0.460943584,1,1,191.1443588,2,-0.105062448,1,8
8,bimodal,Task B ,1,4,0,-0.551706666,4,2,221.4297803,3,0.527182795,4,1
8,bimodal,Task B ,1,4,1,-0.489081425,3,1,9.375811056,4,-0.114304783,3,1
8,bimodal,Task B ,2,4,1,0.790805979,4,2,309.7038848,5,0.956454408,4,8
8,bimodal,Task B ,1,4,1,-0.190043193,2,1,113.83561,6,0.05840959,2,1
9,bimodal,Task B ,1,1,1,-0.419259849,1,1,253.8239897,1,0.125236845,1,4
9,bimodal,Task B ,2,1,1,-0.115800944,4,2,71.63854081,2,0.306406436,4,5
9,bimodal,Task B ,1,1,0,-1.61394208,3,2,229.2278814,3,0.421539794,3,4
9,bimodal,Task B ,2,1,0,-0.163245081,1,1,139.7368538,4,0.045920827,1,5
9,bimodal,Task B ,1,1,1,-0.004148262,2,1,46.56261925,5,-0.035239779,2,4
9,bimodal,Task B ,2,2,1,2.003787395,1,2,11.88577421,6,-1.239094277,1,6
10,bimodal,Task B ,1,1,0,1.269146589,2,2,194.8686088,1,1.2043384,2,4
10,bimodal,Task B ,1,1,1,-0.408495473,3,1,305.7250488,2,0.314029199,3,4
10,bimodal,Task B ,1,2,1,0.229091695,4,1,207.6093604,3,-0.012792051,4,3
10,bimodal,Task B ,1,2,1,-0.18051398,3,1,264.3230917,4,-0.149917093,3,3
10,bimodal,Task B ,1,2,1,0.266741399,1,1,234.507243,5,-0.244983967,1,3
10,bimodal,Task B ,2,2,1,4.536154946,4,2,224.4806965,6,2.384432114,4,6
1,bimodal,Task B ,2,4,1,0.519050706,3,2,50.49346127,1,-1.232702096,3,8
1,bimodal,Task B ,1,2,0,0.115797691,2,2,286.4949459,2,-0.428668826,2,3
1,bimodal,Task B ,2,2,1,-0.311983364,4,2,43.20769172,3,2.063098694,4,6
1,bimodal,Task B ,1,3,1,0.009541139,4,1,349.5825245,4,0.156093814,4,2
1,bimodal,Task B ,2,3,1,0.733766678,1,2,84.92091935,5,-2.500748467,1,7
1,bimodal,Task B ,1,2,0,1.135780747,3,2,66.97693615,6,-0.920506935,3,3
2,bimodal,Task B ,2,4,1,1.704679986,4,2,97.97075665,1,-1.062095065,4,8
2,bimodal,Task B ,1,2,1,0.249463209,1,1,175.1252785,2,0.009429485,1,3
2,bimodal,Task B ,1,2,1,0.855869195,4,1,151.427553,3,-0.150807583,4,3
2,bimodal,Task B ,1,2,1,0.307327087,4,1,98.53489883,4,0.488008806,4,3
2,bimodal,Task B ,2,3,1,-1.943441805,3,2,218.509315,5,-0.010004094,3,7
2,bimodal,Task B ,1,2,1,0.069097962,4,1,313.0017767,6,0.168193447,4,3
3,bimodal,Task B ,1,2,1,0.064704041,1,1,19.32294268,1,0.237722031,1,3
3,bimodal,Task B ,2,3,1,-1.498803574,2,2,245.0479895,2,0.54821964,2,7
3,bimodal,Task B ,1,3,1,0.399092259,2,1,137.5678574,3,-0.260556186,2,2
3,bimodal,Task B ,1,3,1,0.027473818,1,1,341.9809127,4,0.0134371,1,2
3,bimodal,Task B ,2,3,1,-1.154242677,4,2,42.94303305,5,-0.506099592,4,7
3,bimodal,Task B ,2,3,1,-1.131839444,3,2,62.96047673,6,0.56020932,3,7
4,bimodal,Task B ,2,2,1,0.777209455,2,2,206.1881491,1,0.258212658,2,6
4,bimodal,Task B ,1,4,0,-0.034448986,4,2,292.4055778,2,0.228793057,4,1
4,bimodal,Task B ,2,2,0,-0.408730876,4,1,105.8558732,3,0.095903669,4,6
4,bimodal,Task B ,1,3,0,0.050859355,4,2,301.8275551,4,0.780290616,4,2
4,bimodal,Task B ,2,3,1,-1.048323152,1,2,297.3453861,5,-0.984420319,1,7
4,bimodal,Task B ,1,1,0,1.200551862,1,2,263.0105378,6,1.44930726,1,4
5,bimodal,Task B ,1,3,0,0.143509958,2,2,139.6003755,1,-1.369583395,2,2
5,bimodal,Task B ,2,4,1,-2.089755363,4,2,184.6874414,2,1.642837808,4,8
5,bimodal,Task B ,1,3,1,0.239700823,4,1,276.04123,3,-0.556556353,4,2
5,bimodal,Task B ,1,4,1,0.327743912,1,1,310.1467237,4,-0.220638326,1,1
5,bimodal,Task B ,2,4,0,-1.028954138,1,1,183.3927547,5,-0.015089068,1,8
5,bimodal,Task B ,1,2,1,-0.373787556,2,1,44.75142643,6,-0.229999071,2,3
6,bimodal,Task B ,1,3,1,0.196676879,3,1,59.50485456,1,0.335830584,3,2
6,bimodal,Task B ,1,2,1,-0.625687105,3,1,3.92723264,2,0.668329127,3,3
6,bimodal,Task B ,2,2,1,-1.331644827,2,2,24.16784447,3,2.571527599,2,6
6,bimodal,Task B ,1,2,1,-0.037236294,1,1,102.2141705,4,-0.137640007,1,3
6,bimodal,Task B ,1,1,1,-0.686157419,2,1,39.59319791,5,-0.023525505,2,4
6,bimodal,Task B ,1,2,0,0.05493619,4,2,229.6094758,6,2.695606155,4,3
7,bimodal,Task B ,2,2,0,-0.20161814,1,1,99.44893099,1,0.072990985,1,6
7,bimodal,Task B ,2,4,1,2.219593675,3,2,177.6920329,2,0.507344184,3,8
7,bimodal,Task B ,1,1,1,0.357368306,4,1,212.3058408,3,-0.110660313,4,4
7,bimodal,Task B ,1,1,1,0.188488391,1,1,285.5682395,4,0.005643304,1,4
7,bimodal,Task B ,2,4,1,-2.808384512,3,2,291.8416314,5,0.715556785,3,8
7,bimodal,Task B ,1,1,1,-0.015560236,1,1,306.1038013,6,-0.160497856,1,4
8,bimodal,Task B ,1,3,0,-0.028876226,3,2,236.5651468,1,1.869303324,3,2
8,bimodal,Task B ,1,4,1,-0.166299614,4,1,201.7900834,2,-0.270590121,4,1
8,bimodal,Task B ,2,4,1,-3.307948062,3,2,351.7171567,3,-0.203462616,3,8
8,bimodal,Task B ,1,4,1,-0.631183984,2,1,298.6658601,4,-0.391916537,2,1
8,bimodal,Task B ,1,4,1,-0.155226143,1,1,36.36638663,5,0.376842134,1,1
8,bimodal,Task B ,2,4,0,-0.328341244,4,1,243.5815445,6,0.626652765,4,8
9,bimodal,Task B ,1,4,1,-0.207344434,4,1,350.7045014,1,-0.515045024,4,1
9,bimodal,Task B ,1,1,0,-0.910370496,1,2,119.0887718,2,0.577428045,1,4
9,bimodal,Task B ,2,1,1,2.027252143,1,2,122.5595683,3,-0.612605707,1,5
9,bimodal,Task B ,2,2,1,-0.147977311,2,2,312.7077879,4,-3.639515452,2,6
9,bimodal,Task B ,1,2,1,0.347290998,3,1,58.13626386,5,0.175746825,3,3
9,bimodal,Task B ,2,2,0,-0.534882859,1,1,290.8812738,6,-0.242336488,1,6
10,bimodal,Task B ,1,1,1,-0.406991028,4,1,155.3293441,1,-0.462171708,4,4
10,bimodal,Task B ,2,2,1,-1.374412864,2,2,325.9719528,2,1.238904161,2,6
10,bimodal,Task B ,2,1,1,2.357215073,2,2,251.9461381,3,-1.319142273,2,5
10,bimodal,Task B ,1,1,0,-0.185339393,1,2,282.9062814,4,-0.657929624,1,4
10,bimodal,Task B ,1,1,1,-0.110394166,2,1,237.6922011,5,0.348581113,2,4
10,bimodal,Task B ,2,1,1,1.462668288,2,2,253.9293303,6,0.609826959,2,5
1,bimodal,Task B ,2,4,1,-3.019211925,2,2,266.8302702,1,-0.420858271,2,8
1,bimodal,Task B ,1,3,1,0.536791721,4,1,348.1037614,2,-0.123376236,4,2
1,bimodal,Task B ,1,3,1,0.308846655,4,1,56.58450846,3,0.597701188,4,2
1,bimodal,Task B ,2,1,0,0.19748903,1,1,352.2605643,4,0.117352855,1,5
1,bimodal,Task B ,1,3,0,0.309527372,2,2,11.87741084,5,-0.237371376,2,2
1,bimodal,Task B ,2,1,0,-0.293691861,1,1,59.92777986,6,-0.259699283,1,5
2,bimodal,Task B ,1,2,1,-0.321923057,3,1,188.0956331,1,-0.229353237,3,3
2,bimodal,Task B ,2,3,1,0.129188023,1,2,47.84054179,2,2.439112938,1,7
2,bimodal,Task B ,2,4,1,-1.708652351,4,2,311.9126101,3,-0.877679818,4,8
2,bimodal,Task B ,2,3,0,-0.889149796,3,1,141.5349456,4,0.037951244,3,7
2,bimodal,Task B ,1,2,0,1.494756981,2,2,70.51972404,5,0.534311546,2,3
2,bimodal,Task B ,1,3,1,-0.163792163,4,1,93.65041415,6,-1.022688465,4,2
3,bimodal,Task B ,2,4,1,-0.317139461,4,2,103.0618889,1,-1.518501773,4,8
3,bimodal,Task B ,2,2,1,-0.951216376,2,2,264.9976419,2,0.079510723,2,6
3,bimodal,Task B ,2,1,1,1.692596065,4,2,60.80855953,3,-0.638942072,4,5
3,bimodal,Task B ,1,4,1,-0.217064607,4,1,142.8779225,4,0.47260615,4,1
3,bimodal,Task B ,1,2,1,-0.109738428,1,1,136.4563868,5,-0.080388586,1,3
3,bimodal,Task B ,2,3,1,-0.370235413,3,2,138.8055744,6,1.664522255,3,7
4,bimodal,Task B ,1,3,1,0.115730555,2,1,331.679397,1,0.107563458,2,2
4,bimodal,Task B ,1,3,0,-0.501716076,3,2,57.87085774,2,-0.906049545,3,2
4,bimodal,Task B ,1,2,0,-0.988737452,4,2,265.4563713,3,-0.030993076,4,3
4,bimodal,Task B ,1,3,1,-0.007080681,2,1,44.31259234,4,-0.038452959,2,2
4,bimodal,Task B ,2,3,1,0.42276008,4,2,352.9593447,5,1.290682651,4,7
4,bimodal,Task B ,2,1,1,1.486723374,1,2,153.0731408,6,-3.338024554,1,5
5,bimodal,Task B ,1,4,0,0.236791699,1,2,331.624313,1,3.133392587,1,1
5,bimodal,Task B ,1,4,1,-0.369616461,2,1,76.24021434,2,0.595224851,2,1
5,bimodal,Task B ,1,4,1,0.063612777,4,1,220.6453691,3,0.251120713,4,1
5,bimodal,Task B ,1,3,1,-0.437049455,4,1,213.2264735,4,0.183792466,4,2
5,bimodal,Task B ,1,2,0,-0.002780651,2,2,328.9938007,5,0.295209103,2,3
5,bimodal,Task B ,1,2,0,-0.432440501,4,2,66.17117406,6,0.159614836,4,3
6,bimodal,Task B ,2,2,1,1.586871125,4,2,30.87751727,1,1.376580473,4,6
6,bimodal,Task B ,1,2,1,0.713980652,1,1,339.2094862,2,0.029167887,1,3
6,bimodal,Task B ,1,2,0,-0.737056045,2,2,191.8949178,3,1.137811572,2,3
6,bimodal,Task B ,1,1,0,0.217315298,3,2,15.4358944,4,-2.368860774,3,4
6,bimodal,Task B ,2,2,1,0.544049527,4,2,146.0780996,5,1.091541321,4,6
6,bimodal,Task B ,1,2,1,0.056173987,2,1,125.2800222,6,-0.009140468,2,3
7,bimodal,Task B ,1,4,1,0.038436677,2,1,229.4348982,1,-0.65050854,2,1
7,bimodal,Task B ,2,4,1,4.020462423,4,2,3.158430919,2,1.283822114,4,8
7,bimodal,Task B ,1,1,1,0.16678394,3,1,330.4230528,3,0.056491669,3,4
7,bimodal,Task B ,2,4,1,-1.846422374,3,2,252.3000266,4,-0.065170433,3,8
7,bimodal,Task B ,1,4,1,0.33238625,2,1,274.9773474,5,0.189108904,2,1
7,bimodal,Task B ,1,4,1,-0.141102622,3,1,201.6659866,6,0.334753352,3,1
8,bimodal,Task B ,1,4,1,-0.875876269,2,1,113.9686319,1,-0.226859285,2,1
8,bimodal,Task B ,1,4,1,0.294646891,2,1,269.6966361,2,0.130077272,2,1
8,bimodal,Task B ,1,4,0,1.1404889,2,2,142.1536349,3,-1.055301644,2,1
8,bimodal,Task B ,2,4,1,1.348946265,3,2,137.6382725,4,-0.219083321,3,8
8,bimodal,Task B ,1,4,1,0.073338683,4,1,24.45657644,5,0.695237795,4,1
8,bimodal,Task B ,2,4,1,2.348189344,3,2,141.1778253,6,1.078040108,3,8
9,bimodal,Task B ,1,2,0,-0.35522351,3,2,83.82323038,1,-0.182641897,3,3
9,bimodal,Task B ,1,1,0,-1.569017734,4,2,140.7315877,2,1.069141648,4,4
9,bimodal,Task B ,1,1,1,0.087300943,1,1,26.75662431,3,-0.235878039,1,4
9,bimodal,Task B ,2,2,0,0.529715346,4,1,322.9754058,4,-0.082218035,4,6
9,bimodal,Task B ,2,3,0,-0.786218678,2,1,266.3679131,5,-0.000484334,2,7
9,bimodal,Task B ,1,2,1,-0.243264776,2,1,313.9223624,6,-0.086424329,2,3
10,bimodal,Task B ,1,2,1,0.128971387,4,1,91.20893636,1,0.002695825,4,3
10,bimodal,Task B ,1,2,1,-0.350579988,2,1,71.814904,2,0.152288745,2,3
10,bimodal,Task B ,2,1,1,0.634685383,4,2,48.20024975,3,3.30436805,4,5
10,bimodal,Task B ,1,1,0,1.189419574,2,2,94.03911036,4,-2.174182356,2,4
10,bimodal,Task B ,1,1,0,0.954400147,3,2,271.3179138,5,1.001294676,3,4
10,bimodal,Task B ,1,2,0,0.569273952,2,2,105.3108006,6,0.443865868,2,3
1,bimodal,Task B ,1,3,0,1.086453331,1,2,180.4051802,1,0.133080827,1,2
1,bimodal,Task B ,1,1,0,-0.39153038,1,2,43.5988767,2,2.261998754,1,4
1,bimodal,Task B ,2,1,0,-0.195676102,1,1,77.32243102,3,0.00829629,1,5
1,bimodal,Task B ,2,1,1,0.881128988,1,2,163.6320061,4,-2.479845904,1,5
1,bimodal,Task B ,1,3,1,0.095849908,1,1,129.2839607,5,0.121164893,1,2
1,bimodal,Task B ,1,2,1,-0.411585952,2,1,312.3028601,6,0.249376835,2,3
2,bimodal,Task B ,1,3,0,-0.424092044,2,2,277.8911842,1,0.184505083,2,2
2,bimodal,Task B ,2,3,1,1.772638502,2,2,223.2083268,2,2.321668786,2,7
2,bimodal,Task B ,2,2,0,0.199037162,3,1,132.9551759,3,-0.485629474,3,6
2,bimodal,Task B ,2,3,1,-1.967051925,2,2,19.78550437,4,-1.603725183,2,7
2,bimodal,Task B ,1,3,1,-0.442973475,4,1,279.7781264,5,0.163718357,4,2
2,bimodal,Task B ,1,2,1,-0.210322101,2,1,36.95490652,6,-0.044564533,2,3
3,bimodal,Task B ,2,1,1,-1.45598393,3,2,117.2255108,1,0.249085825,3,5
3,bimodal,Task B ,2,4,1,2.376175095,1,2,355.883017,2,1.48441669,1,8
3,bimodal,Task B ,2,1,1,-1.06608504,2,2,200.2816643,3,-0.871724197,2,5
3,bimodal,Task B ,1,4,1,0.058231958,2,1,295.5049797,4,0.002992808,2,1
3,bimodal,Task B ,2,3,1,-1.483891265,2,2,158.0317034,5,-0.656617655,2,7
3,bimodal,Task B ,1,3,1,0.109483054,4,1,118.5352953,6,-0.02849281,4,2
4,bimodal,Task B ,2,4,1,3.096761643,4,2,106.5390541,1,-0.425902811,4,8
4,bimodal,Task B ,1,2,0,-1.214121329,4,2,207.5698523,2,3.209888426,4,3
4,bimodal,Task B ,2,4,1,-1.321416968,4,2,17.06846774,3,1.717401134,4,8
4,bimodal,Task B ,1,1,1,-0.062426647,4,1,93.81914504,4,-0.814544254,4,4
4,bimodal,Task B ,1,3,1,-0.068577621,4,1,7.621327481,5,-0.200283607,4,2
4,bimodal,Task B ,1,1,0,-0.35972962,1,2,23.0152901,6,0.701814651,1,4
5,bimodal,Task B ,2,4,1,-1.391163458,3,2,29.34078009,1,1.094199985,3,8
5,bimodal,Task B ,1,3,0,0.844715569,1,2,128.6752244,2,2.806912982,1,2
5,bimodal,Task B ,1,4,0,0.400509715,2,2,90.35942581,3,-1.03099381,2,1
5,bimodal,Task B ,1,4,1,0.21249824,4,1,38.48274829,4,0.22137379,4,1
5,bimodal,Task B ,1,4,1,0.465572149,3,1,100.2421966,5,-0.565512379,3,1
5,bimodal,Task B ,2,4,1,0.502148974,3,2,347.0621298,6,1.43841852,3,8
6,bimodal,Task B ,1,2,0,-1.400738465,2,2,271.0136789,1,0.625387444,2,3
6,bimodal,Task B ,1,2,0,0.857677391,2,2,126.6397265,2,-0.939011894,2,3
6,bimodal,Task B ,1,2,0,-0.505043184,3,2,109.3580724,3,0.455139084,3,3
6,bimodal,Task B ,2,2,1,-0.486041025,1,2,195.9253921,4,-0.524846271,1,6
6,bimodal,Task B ,1,2,0,-1.045022095,1,2,248.9563744,5,0.447230324,1,3
6,bimodal,Task B ,2,3,1,1.489154056,3,2,49.53928891,6,-0.804452242,3,7
7,bimodal,Task B ,2,1,1,1.554361819,2,2,212.2255985,1,1.037143116,2,5
7,bimodal,Task B ,2,4,1,1.62104697,4,2,173.1359546,2,0.638777474,4,8
7,bimodal,Task B ,1,4,0,0.276057414,4,2,1.739044035,3,-2.233986199,4,1
7,bimodal,Task B ,1,1,0,0.639991661,3,2,16.0672172,4,-0.048966499,3,4
7,bimodal,Task B ,2,4,1,-2.696525993,4,2,299.1889819,5,-0.629021754,4,8
7,bimodal,Task B ,1,4,0,0.551005376,4,2,35.87727002,6,-0.58474615,4,1
8,bimodal,Task B ,1,4,1,-0.500797078,3,1,296.786639,1,-0.625940743,3,1
8,bimodal,Task B ,1,4,1,-0.668956084,3,1,140.5018946,2,0.306691198,3,1
8,bimodal,Task B ,2,4,1,1.374327414,4,2,41.53549413,3,-3.580918482,4,8
8,bimodal,Task B ,1,1,1,-0.503513494,1,1,222.2027047,4,0.075716792,1,4
8,bimodal,Task B ,1,4,0,-0.109946214,2,2,188.0103195,5,0.918955019,2,1
8,bimodal,Task B ,1,4,0,-0.18325397,3,2,94.30356736,6,-1.558065992,3,1
9,bimodal,Task B ,2,2,0,0.310013172,1,1,10.25033531,1,0.225850049,1,6
9,bimodal,Task B ,2,3,1,-2.274327808,3,2,358.4570322,2,0.458650752,3,7
9,bimodal,Task B ,1,4,0,0.226576826,2,2,286.8323924,3,-0.724265505,2,1
9,bimodal,Task B ,1,2,0,-2.140661331,2,2,300.2780847,4,0.12779222,2,3
9,bimodal,Task B ,2,2,1,-2.574298209,1,2,67.3517585,5,-0.747558937,1,6
9,bimodal,Task B ,1,1,1,-0.190694592,3,1,44.14783094,6,-0.232409854,3,4
10,bimodal,Task B ,1,2,0,1.783510965,3,2,45.54269968,1,0.062875175,3,3
10,bimodal,Task B ,1,1,1,-0.278225478,1,1,77.64785625,2,0.488908737,1,4
10,bimodal,Task B ,1,1,1,-0.008560642,1,1,333.0698118,3,0.397346932,1,4
10,bimodal,Task B ,1,2,0,-1.101571962,2,2,289.0420335,4,-1.858741,2,3
10,bimodal,Task B ,1,2,0,1.452929349,1,2,62.72513417,5,-2.323902598,1,3
10,bimodal,Task B ,1,2,1,-0.469616548,4,1,201.384019,6,0.537169866,4,3
1,bimodal,Task B ,1,2,1,-0.714495053,2,1,147.651983,1,-0.225477167,2,3
1,bimodal,Task B ,1,3,1,-0.240579219,2,1,77.67925888,2,0.022576697,2,2
1,bimodal,Task B ,1,3,1,-0.163162051,3,1,233.4507997,3,-0.220328006,3,2
1,bimodal,Task B ,2,3,1,-3.339786141,1,2,117.3609917,4,-1.337059635,1,7
1,bimodal,Task B ,2,2,1,1.044952285,1,2,17.68724985,5,-2.2993708,1,6
1,bimodal,Task B ,2,1,0,0.692987963,2,1,79.66385753,6,-0.189848613,2,5
2,bimodal,Task B ,1,2,1,0.070887592,1,1,205.5291071,1,-0.217289086,1,3
2,bimodal,Task B ,1,2,1,-0.201284851,1,1,83.79290693,2,0.43052937,1,3
2,bimodal,Task B ,2,3,1,-1.364624963,3,2,63.19509363,3,-2.417906016,3,7
2,bimodal,Task B ,2,1,1,-0.128828925,3,2,63.42885856,4,0.129650967,3,5
2,bimodal,Task B ,2,3,1,-1.44844956,4,2,13.75220788,5,-0.351564842,4,7
2,bimodal,Task B ,1,3,1,0.203838803,3,1,86.60894229,6,0.411469888,3,2
3,bimodal,Task B ,2,3,1,-1.022258372,2,2,9.638343433,1,0.501075127,2,7
3,bimodal,Task B ,2,4,1,-0.652636224,2,2,345.8439484,2,0.564890217,2,8
3,bimodal,Task B ,1,2,1,-0.795724277,3,1,63.65779465,3,-0.225667668,3,3
3,bimodal,Task B ,1,1,0,-1.207877935,1,2,159.5603072,4,1.235282941,1,4
3,bimodal,Task B ,2,2,1,1.529805926,2,2,194.1649194,5,1.151230472,2,6
3,bimodal,Task B ,1,4,1,0.232146329,4,1,49.72732005,6,-0.03494759,4,1
4,bimodal,Task B ,2,2,1,1.883437367,3,2,76.33075329,1,-1.161758901,3,6
4,bimodal,Task B ,1,2,0,-0.500152854,2,2,132.3739383,2,0.741034343,2,3
4,bimodal,Task B ,1,3,0,1.610193049,1,2,266.9775959,3,0.889732103,1,2
4,bimodal,Task B ,1,3,1,-0.00845888,4,1,226.0932954,4,-0.015312209,4,2
4,bimodal,Task B ,2,4,1,-1.158916971,4,2,190.2605522,5,-1.450643351,4,8
4,bimodal,Task B ,1,3,1,0.190008799,4,1,8.89936604,6,-0.156395176,4,2
5,bimodal,Task B ,1,4,1,-0.231529517,2,1,294.445874,1,0.330902208,2,1
5,bimodal,Task B ,1,2,0,0.369062723,1,2,132.2743283,2,-1.077020799,1,3
5,bimodal,Task B ,1,4,1,0.702609471,2,1,311.0773471,3,0.110448762,2,1
5,bimodal,Task B ,2,4,1,1.291289567,3,2,144.5444978,4,2.286887044,3,8
5,bimodal,Task B ,2,4,1,1.239379874,1,2,5.726054445,5,-2.251284372,1,8
5,bimodal,Task B ,1,2,0,-0.666427086,1,2,252.149793,6,-1.257746549,1,3
6,bimodal,Task B ,1,3,1,0.165055447,3,1,52.63982675,1,-0.251596773,3,2
6,bimodal,Task B ,2,2,1,0.786630377,3,2,281.7054525,2,1.489512554,3,6
6,bimodal,Task B ,1,2,0,0.223717278,3,2,52.83994806,3,0.05887045,3,3
6,bimodal,Task B ,1,2,1,-0.177373475,1,1,7.56552537,4,-0.256420379,1,3
6,bimodal,Task B ,2,1,1,0.627131589,3,2,306.1329523,5,-0.577001064,3,5
6,bimodal,Task B ,2,2,0,0.181529942,1,1,135.7675079,6,-0.02714034,1,6
7,bimodal,Task B ,1,1,1,0.434519326,4,1,56.4409057,1,0.446837022,4,4
7,bimodal,Task B ,2,4,1,-1.777273809,4,2,326.2292637,2,-0.815027405,4,8
7,bimodal,Task B ,1,4,1,-0.20352117,3,1,66.51805001,3,-0.100659549,3,1
7,bimodal,Task B ,1,1,0,0.445915769,2,2,339.9777276,4,-1.245174103,2,4
7,bimodal,Task B ,1,4,1,-0.418675475,4,1,43.38834446,5,-0.166103434,4,1
7,bimodal,Task B ,1,4,0,1.797891534,1,2,232.4559069,6,-1.779013409,1,1
8,bimodal,Task B ,1,3,1,-0.238508869,2,1,204.3013406,1,-0.234693162,2,2
8,bimodal,Task B ,2,4,1,1.598741503,2,2,209.1130269,2,1.72322689,2,8
8,bimodal,Task B ,1,4,1,0.241710805,2,1,1.890945895,3,0.089737621,2,1
8,bimodal,Task B ,2,4,1,-1.502793912,2,2,105.8163247,4,-0.911754935,2,8
8,bimodal,Task B ,1,4,0,0.370431744,2,2,309.2880003,5,-0.059983164,2,1
8,bimodal,Task B ,1,4,0,-0.138353995,3,2,165.2920182,6,0.21712112,3,1
9,bimodal,Task B ,1,1,1,0.155927802,3,1,314.9401073,1,-0.159576578,3,4
9,bimodal,Task B ,2,1,1,-0.471056952,2,2,276.9887634,2,0.063464654,2,5
9,bimodal,Task B ,2,4,0,-0.093482092,4,1,15.96032664,3,-0.034203449,4,8
9,bimodal,Task B ,1,2,1,-0.347193229,2,1,328.6918767,4,-0.567843274,2,3
9,bimodal,Task B ,1,1,1,0.002168159,3,1,46.78882181,5,0.296009539,3,4
9,bimodal,Task B ,1,3,1,0.549379149,1,1,161.6083291,6,-0.092314637,1,2
10,bimodal,Task B ,1,1,1,0.196826591,2,1,300.6699323,1,0.417918891,2,4
10,bimodal,Task B ,1,1,0,-1.435916912,1,2,242.8013153,2,-0.906914067,1,4
10,bimodal,Task B ,2,1,1,1.941366883,2,2,104.3843957,3,-0.680481245,2,5
10,bimodal,Task B ,2,2,1,1.51684252,2,2,56.26941005,4,-1.548603231,2,6
10,bimodal,Task B ,1,1,1,0.317214085,3,1,342.0282965,5,-0.130343826,3,4
10,bimodal,Task B ,1,1,1,-0.164314522,1,1,248.3720414,6,-0.417812171,1,4
1,bimodal,Task B ,1,2,1,-0.463872334,2,1,176.8600819,1,0.338697045,2,3
1,bimodal,Task B ,2,2,1,1.093379688,1,2,185.524693,2,-0.106767234,1,6
1,bimodal,Task B ,2,4,1,1.439261777,2,2,339.636921,3,2.037149301,2,8
1,bimodal,Task B ,1,2,0,-0.01094261,4,2,235.4031441,4,0.884801236,4,3
1,bimodal,Task B ,2,1,1,-0.153457539,1,2,323.2448271,5,1.441792167,1,5
1,bimodal,Task B ,1,3,0,-0.119091462,4,2,187.9109625,6,-0.670823531,4,2
2,bimodal,Task B ,1,3,1,0.289980665,4,1,271.2526984,1,0.033356918,4,2
2,bimodal,Task B ,1,2,0,-0.487236404,1,2,150.0574244,2,0.857530183,1,3
2,bimodal,Task B ,2,4,1,1.517403339,3,2,343.5235953,3,-1.002182484,3,8
2,bimodal,Task B ,1,2,1,0.007479143,1,1,95.81084987,4,-0.332238564,1,3
2,bimodal,Task B ,1,2,1,-0.327645022,1,1,259.3842355,5,0.188923469,1,3
2,bimodal,Task B ,2,1,0,0.40250446,3,1,68.09331241,6,0.085941266,3,5
3,bimodal,Task B ,1,4,1,-0.108217231,2,1,19.98952165,1,-0.624206546,2,1
3,bimodal,Task B ,2,3,1,2.195026232,1,2,108.3662105,2,0.504141034,1,7
3,bimodal,Task B ,1,4,1,0.021090534,4,1,207.1030596,3,-0.155117461,4,1
3,bimodal,Task B ,1,3,0,0.188900918,2,2,17.55925774,4,0.547723201,2,2
3,bimodal,Task B ,2,2,1,0.314920205,4,2,297.5707797,5,-1.243246016,4,6
3,bimodal,Task B ,1,3,1,-0.066373892,2,1,65.64862938,6,-0.11593868,2,2
4,bimodal,Task B ,1,4,1,-0.054156389,4,1,350.4043543,1,0.27378558,4,1
4,bimodal,Task B ,1,2,1,0.457409437,1,1,221.2589121,2,-0.124016739,1,3
4,bimodal,Task B ,1,3,1,0.093257681,2,1,172.9982168,3,-0.121759293,2,2
4,bimodal,Task B ,1,2,1,-0.118435121,1,1,19.12669329,4,-0.545341983,1,3
4,bimodal,Task B ,1,2,0,0.816821395,1,2,136.9723015,5,-1.143421443,1,3
4,bimodal,Task B ,1,3,1,0.3825305,4,1,188.2894167,6,-0.053811599,4,2
5,bimodal,Task B ,2,2,1,2.120952262,3,2,359.0144183,1,-0.042934128,3,6
5,bimodal,Task B ,1,4,1,0.102183723,4,1,143.8966624,2,-0.332399383,4,1
5,bimodal,Task B ,2,2,0,0.206905246,4,1,121.4067922,3,-0.538153345,4,6
5,bimodal,Task B ,2,4,1,-1.164278556,3,2,231.3598503,4,-0.089690553,3,8
5,bimodal,Task B ,1,3,0,-0.694398724,3,2,51.67480708,5,0.535834592,3,2
5,bimodal,Task B ,2,4,1,-0.378178583,4,2,223.0877086,6,-1.589462703,4,8
6,bimodal,Task B ,1,3,1,0.441799068,3,1,93.05252244,1,-0.244289852,3,2
6,bimodal,Task B ,1,2,0,-0.746285768,4,2,315.5692384,2,1.714862417,4,3
6,bimodal,Task B ,2,2,0,-0.237976626,2,1,177.2683375,3,0.492668029,2,6
6,bimodal,Task B ,2,2,0,-0.555666335,2,1,110.7422026,4,0.320788924,2,6
6,bimodal,Task B ,2,2,0,0.317313326,3,1,39.48927366,5,0.230553762,3,6
6,bimodal,Task B ,1,2,0,0.889789247,2,2,68.15927891,6,-1.2802621,2,3
7,bimodal,Task B ,1,4,0,-0.260839661,3,2,242.6936508,1,0.109231322,3,1
7,bimodal,Task B ,2,4,1,-0.809278537,3,2,12.47899106,2,0.428975044,3,8
7,bimodal,Task B ,1,1,0,1.005114098,2,2,176.7161573,3,-1.52448064,2,4
7,bimodal,Task B ,2,4,1,1.823096259,4,2,219.5074183,4,-0.049450983,4,8
7,bimodal,Task B ,1,4,0,2.364964856,1,2,218.8929933,5,-0.432289068,1,1
7,bimodal,Task B ,1,4,1,0.101194958,4,1,47.71955784,6,-0.108313113,4,1
8,bimodal,Task B ,1,4,0,-0.580743434,1,2,345.3764826,1,2.040095751,1,1
8,bimodal,Task B ,1,4,0,0.22296145,1,2,202.163499,2,0.162370101,1,1
8,bimodal,Task B ,1,4,1,-0.384246623,2,1,27.20210949,3,-0.14802937,2,1
8,bimodal,Task B ,1,4,1,-0.040045563,2,1,29.72056197,4,-0.035170683,2,1
8,bimodal,Task B ,1,4,1,-0.808120305,1,1,82.91159481,5,-0.509732237,1,1
8,bimodal,Task B ,2,4,1,1.306084924,3,2,285.1927342,6,1.277527065,3,8
9,bimodal,Task B ,2,3,1,-1.933142351,2,2,44.38121937,1,2.099088399,2,7
9,bimodal,Task B ,2,1,1,0.912752599,2,2,282.9761903,2,1.411905263,2,5
9,bimodal,Task B ,2,1,1,-0.684975428,4,2,228.7653947,3,-1.289085787,4,5
9,bimodal,Task B ,2,3,1,1.648632673,4,2,7.442371471,4,-2.177749392,4,7
9,bimodal,Task B ,2,3,1,-1.754901771,4,2,94.72434773,5,-1.359583808,4,7
9,bimodal,Task B ,2,3,1,-1.769570388,4,2,197.7823801,6,0.258324584,4,7
10,bimodal,Task B ,1,1,1,0.228257949,3,1,36.63880958,1,0.230528097,3,4
10,bimodal,Task B ,1,2,1,-0.444174693,1,1,34.10352992,2,0.103784472,1,3
10,bimodal,Task B ,1,1,0,-0.823974119,1,2,339.1416365,3,-1.742928862,1,4
10,bimodal,Task B ,1,1,1,0.278001997,4,1,116.3453166,4,-0.086963043,4,4
10,bimodal,Task B ,2,1,1,-0.21947678,4,2,143.9779966,5,2.061119035,4,5
10,bimodal,Task B ,1,2,1,-0.013722492,2,1,35.14527919,6,-0.695720089,2,3
1,bimodal,Task B ,2,4,1,-1.502022437,3,2,290.3086193,1,-1.931462036,3,8
1,bimodal,Task B ,1,2,0,1.861486123,1,2,158.4298505,2,1.552660608,1,3
1,bimodal,Task B ,1,3,1,0.590354943,4,1,296.899848,3,0.248950368,4,2
1,bimodal,Task B ,2,3,1,-1.295359454,4,2,245.6686417,4,-0.378535827,4,7
1,bimodal,Task B ,2,2,1,-1.131459215,4,2,75.45739865,5,-0.145990817,4,6
1,bimodal,Task B ,1,2,0,0.872613136,2,2,56.17828217,6,-0.084081386,2,3
2,bimodal,Task B ,2,1,1,1.019122596,2,2,100.9733302,1,-1.717357302,2,5
2,bimodal,Task B ,2,3,0,0.48376327,2,1,102.8253113,2,0.019462601,2,7
2,bimodal,Task B ,2,4,1,-2.902830006,4,2,357.7373959,3,1.626199052,4,8
2,bimodal,Task B ,1,1,1,-0.040597043,2,1,268.4931647,4,-0.547699993,2,4
2,bimodal,Task B ,1,3,0,-0.572140482,1,2,65.04639542,5,-0.017110552,1,2
2,bimodal,Task B ,1,3,1,-0.270578528,1,1,171.1887294,6,-0.476311444,1,2
3,bimodal,Task B ,1,3,0,0.990241718,3,2,150.7074591,1,0.411610463,3,2
3,bimodal,Task B ,1,3,0,0.827235456,3,2,341.5372598,2,0.857635791,3,2
3,bimodal,Task B ,1,3,1,0.120404469,1,1,210.944829,3,0.01132126,1,2
3,bimodal,Task B ,1,2,1,0.158691232,3,1,298.4186716,4,0.417015851,3,3
3,bimodal,Task B ,2,4,1,-0.961213918,2,2,251.0479131,5,-2.263403117,2,8
3,bimodal,Task B ,2,1,1,-0.627988003,1,2,281.1734481,6,0.838823223,1,5
4,bimodal,Task B ,1,3,1,0.580473071,3,1,88.0931618,1,-0.198504007,3,2
4,bimodal,Task B ,1,2,1,0.223646759,1,1,196.1942817,2,0.377902823,1,3
4,bimodal,Task B ,2,3,1,1.164445976,3,2,326.0705969,3,-0.917368238,3,7
4,bimodal,Task B ,2,3,1,-1.278491584,4,2,294.0749412,4,0.497393362,4,7
4,bimodal,Task B ,1,2,1,0.610081126,3,1,141.6635795,5,-0.281145749,3,3
4,bimodal,Task B ,1,2,1,-0.298507476,3,1,99.50926869,6,-0.468780464,3,3
5,bimodal,Task B ,2,4,1,-2.482756376,4,2,301.6940427,1,-0.585807195,4,8
5,bimodal,Task B ,2,1,0,-0.084392155,4,1,313.4709846,2,-0.711853633,4,5
5,bimodal,Task B ,2,4,1,2.058534795,1,2,113.9567175,3,-0.591378266,1,8
5,bimodal,Task B ,2,4,1,-1.950816148,1,2,352.1858072,4,-0.915642601,1,8
5,bimodal,Task B ,1,3,1,0.213676677,1,1,288.4347454,5,-0.42053386,1,2
5,bimodal,Task B ,2,1,1,1.274495006,4,2,123.5399872,6,-0.326233317,4,5
6,bimodal,Task B ,2,2,0,-0.508249021,2,1,96.42244109,1,0.22388288,2,6
6,bimodal,Task B ,1,2,0,-0.581704761,3,2,81.36891973,2,-0.12280625,3,3
6,bimodal,Task B ,1,2,0,0.193968548,3,2,266.7260493,3,0.944221186,3,3
6,bimodal,Task B ,2,2,1,-1.039557088,4,2,312.7678388,4,0.550717773,4,6
6,bimodal,Task B ,2,2,0,0.521318428,4,1,91.01509707,5,0.204363851,4,6
6,bimodal,Task B ,1,1,0,-1.568984245,1,2,357.4910341,6,-0.06734889,1,4
7,bimodal,Task B ,1,4,1,-0.197410477,4,1,217.7192939,1,0.47312134,4,1
7,bimodal,Task B ,1,4,0,-0.333889426,1,2,125.3980254,2,-0.200504664,1,1
7,bimodal,Task B ,1,1,0,1.884359065,2,2,305.1809848,3,0.703955629,2,4
7,bimodal,Task B ,1,1,1,0.113579193,3,1,200.201608,4,-0.070371943,3,4
7,bimodal,Task B ,1,1,1,0.217948316,1,1,178.5072082,5,-0.016528577,1,4
7,bimodal,Task B ,1,1,1,0.173018308,2,1,183.6710551,6,-0.197666736,2,4
8,bimodal,Task B ,1,4,1,0.408404448,2,1,69.48845315,1,0.310174872,2,1
8,bimodal,Task B ,1,4,1,-0.320964554,2,1,19.37100836,2,0.44445494,2,1
8,bimodal,Task B ,1,4,1,0.018963072,2,1,258.8322069,3,-0.749398132,2,1
8,bimodal,Task B ,2,4,1,-1.843542682,2,2,229.3793701,4,2.409702285,2,8
8,bimodal,Task B ,2,4,1,2.641578943,2,2,230.7056137,5,-0.205406698,2,8
8,bimodal,Task B ,2,4,1,2.841773502,2,2,295.3931307,6,-0.499665326,2,8
9,bimodal,Task B ,1,1,1,-0.174653704,1,1,217.7957231,1,0.068777304,1,4
9,bimodal,Task B ,2,3,1,-1.989133052,4,2,37.05170483,2,-0.233980564,4,7
9,bimodal,Task B ,1,2,1,0.351219261,2,1,272.7460869,3,-0.021494468,2,3
9,bimodal,Task B ,2,1,0,-0.081126231,3,1,228.6598991,4,-0.188791109,3,5
9,bimodal,Task B ,1,3,0,1.427910484,2,2,113.4221952,5,-0.365691359,2,2
9,bimodal,Task B ,1,1,1,-0.055200698,2,1,151.4816269,6,0.025932681,2,4
10,bimodal,Task B ,1,2,1,-0.003879528,2,1,157.5575486,1,0.385313512,2,3
10,bimodal,Task B ,1,1,1,-0.423034782,1,1,116.425409,2,-0.033187095,1,4
10,bimodal,Task B ,1,1,1,-0.356724944,1,1,20.64279143,3,0.624258011,1,4
10,bimodal,Task B ,1,2,1,-0.364472945,4,1,69.98998961,4,0.183629274,4,3
10,bimodal,Task B ,1,1,0,0.096748352,4,2,358.6844769,5,-1.457709015,4,4
10,bimodal,Task B ,2,2,1,-0.766961891,3,2,78.09223683,6,-0.617819425,3,6
1,bimodal,Task B ,1,2,1,-0.323329712,4,1,25.72192371,1,-0.187602003,4,3
1,bimodal,Task B ,2,4,1,-2.75492672,4,2,141.0499051,2,-1.492513758,4,8
1,bimodal,Task B ,2,2,1,0.67752735,1,2,215.9879638,3,2.352064175,1,6
1,bimodal,Task B ,1,3,0,-0.285528232,4,2,300.0374989,4,0.966731169,4,2
1,bimodal,Task B ,1,3,1,0.41508482,4,1,145.1865575,5,0.130389557,4,2
1,bimodal,Task B ,1,3,1,-0.465420656,4,1,293.9617137,6,0.026630657,4,2
2,bimodal,Task B ,1,2,1,-0.121216407,2,1,66.08639607,1,0.197079307,2,3
2,bimodal,Task B ,1,2,1,0.325364434,3,1,126.1688486,2,0.379089133,3,3
2,bimodal,Task B ,2,3,1,-0.003425704,4,2,246.6479259,3,2.320442725,4,7
2,bimodal,Task B ,1,2,0,-0.40235782,3,2,256.7910886,4,-1.147126034,3,3
2,bimodal,Task B ,2,3,1,-0.415447561,3,2,202.4125907,5,2.212165208,3,7
2,bimodal,Task B ,2,2,1,0.512048765,4,2,309.6565917,6,-2.087057672,4,6
3,bimodal,Task B ,2,4,1,-2.002104125,1,2,161.930532,1,0.081344362,1,8
3,bimodal,Task B ,1,3,0,0.196340217,1,2,351.8631649,2,-2.026697292,1,2
3,bimodal,Task B ,1,4,1,-0.036232884,4,1,357.4381984,3,-0.086018038,4,1
3,bimodal,Task B ,1,2,1,-0.320486422,3,1,247.1222751,4,-0.54885011,3,3
3,bimodal,Task B ,1,3,0,-0.097644774,3,2,59.38408672,5,0.998782196,3,2
3,bimodal,Task B ,2,1,0,0.171881065,4,1,325.5828517,6,-0.469519228,4,5
4,bimodal,Task B ,1,3,1,-0.148160087,3,1,247.7332012,1,-0.035013135,3,2
4,bimodal,Task B ,1,2,1,-0.01508242,3,1,317.2601268,2,-0.121624982,3,3
4,bimodal,Task B ,1,3,1,-0.205227683,4,1,353.2536541,3,-0.172423611,4,2
4,bimodal,Task B ,2,4,1,5.349326213,4,2,66.7061634,4,-1.466074565,4,8
4,bimodal,Task B ,1,3,1,0.196297469,3,1,11.75936535,5,0.178547247,3,2
4,bimodal,Task B ,1,1,0,-0.321134666,1,2,132.5554996,6,3.849872311,1,4
5,bimodal,Task B ,1,2,1,0.010880496,3,1,4.433836494,1,-0.162371071,3,3
5,bimodal,Task B ,2,4,1,1.878475345,1,2,289.6405256,2,0.06638076,1,8
5,bimodal,Task B ,2,1,1,0.692788465,2,2,193.0862147,3,-2.620411452,2,5
5,bimodal,Task B ,2,4,1,3.515417894,1,2,359.0050806,4,-2.400456048,1,8
5,bimodal,Task B ,1,2,1,0.225726692,3,1,133.399069,5,-0.065953897,3,3
5,bimodal,Task B ,2,1,0,0.049831409,4,1,195.9560408,6,0.068304724,4,5
6,bimodal,Task B ,2,3,1,0.379082472,1,2,273.3865909,1,1.797201017,1,7
6,bimodal,Task B ,1,2,0,-0.065072732,2,2,226.2830293,2,-2.76249445,2,3
6,bimodal,Task B ,1,1,1,0.42980451,3,1,24.22388102,3,0.071826985,3,4
6,bimodal,Task B ,2,2,0,0.171480159,4,1,111.6383386,4,0.059463469,4,6
6,bimodal,Task B ,1,2,0,-0.063038039,3,2,124.7345725,5,-1.463605153,3,3
6,bimodal,Task B ,2,2,1,-1.237496738,2,2,257.1798776,6,-0.710656485,2,6
7,bimodal,Task B ,2,2,0,0.159956746,4,1,322.0577062,1,-0.313030818,4,6
7,bimodal,Task B ,2,4,0,-0.957076126,3,1,8.386278504,2,0.206618306,3,8
7,bimodal,Task B ,1,1,0,-0.560309805,2,2,50.04439923,3,-0.441825369,2,4
7,bimodal,Task B ,1,1,1,-0.104899567,3,1,41.37200334,4,0.165845825,3,4
7,bimodal,Task B ,1,1,0,0.823275079,1,2,24.37630503,5,-1.174595856,1,4
7,bimodal,Task B ,1,1,1,0.531163609,1,1,25.9561006,6,0.70648431,1,4
8,bimodal,Task B ,1,1,1,-0.302947971,4,1,230.9519713,1,0.013882532,4,4
8,bimodal,Task B ,2,4,1,1.697286294,1,2,275.1499834,2,-1.864190798,1,8
8,bimodal,Task B ,2,4,1,-0.573257164,3,2,342.5985608,3,0.215743827,3,8
8,bimodal,Task B ,2,4,1,-1.220706726,4,2,132.4260874,4,-1.532081416,4,8
8,bimodal,Task B ,2,4,1,2.023805322,1,2,335.5369806,5,0.235435509,1,8
8,bimodal,Task B ,1,4,1,-0.226443888,4,1,227.2749845,6,-0.294726826,4,1
9,bimodal,Task B ,2,1,0,-0.132512807,3,1,223.4595306,1,0.533838925,3,5
9,bimodal,Task B ,1,4,0,-0.136015208,4,2,155.8536933,2,-0.615893063,4,1
9,bimodal,Task B ,2,4,0,-0.670756259,4,1,314.5642748,3,-0.108100376,4,8
9,bimodal,Task B ,1,3,1,0.235943933,4,1,48.41751182,4,0.370619118,4,2
9,bimodal,Task B ,1,3,1,-0.220999005,4,1,201.8767331,5,0.208379372,4,2
9,bimodal,Task B ,1,1,1,-0.536268667,1,1,127.6569189,6,0.018917621,1,4
10,bimodal,Task B ,1,1,0,-0.548407913,3,2,341.6464577,1,1.791196275,3,4
10,bimodal,Task B ,2,2,0,-1.010857617,3,1,83.86780795,2,-0.246138589,3,6
10,bimodal,Task B ,1,2,0,-0.133179828,4,2,107.4978694,3,0.04149935,4,3
10,bimodal,Task B ,2,1,0,-0.255771947,3,1,93.86333293,4,-0.31491072,3,5
10,bimodal,Task B ,1,1,1,0.359711208,2,1,64.49820209,5,-0.210646436,2,4
10,bimodal,Task B ,1,1,0,-1.480782941,1,2,41.42612131,6,0.739714993,1,4
1,bimodal,Task B ,2,4,1,2.061644125,1,2,129.1178774,1,-2.014047643,1,8
1,bimodal,Task B ,1,3,1,-0.005768862,4,1,126.5240969,2,0.251926232,4,2
1,bimodal,Task B ,1,2,1,-0.541679007,4,1,308.4550311,3,-0.742183576,4,3
1,bimodal,Task B ,2,1,1,-0.531134217,1,2,42.6074016,4,-3.973703904,1,5
1,bimodal,Task B ,1,2,1,0.325030294,1,1,85.4610282,5,0.166944045,1,3
1,bimodal,Task B ,2,2,1,-0.718164089,2,2,217.1132765,6,2.482826288,2,6
2,bimodal,Task B ,1,3,1,-0.006025386,4,1,16.7375048,1,0.502752423,4,2
2,bimodal,Task B ,2,3,1,1.348387286,4,2,51.21309774,2,-1.37081962,4,7
2,bimodal,Task B ,2,4,1,-1.645672416,3,2,357.9226248,3,1.953343684,3,8
2,bimodal,Task B ,1,1,0,-1.107085255,1,2,356.1350884,4,2.364497383,1,4
2,bimodal,Task B ,1,3,1,-0.254650109,3,1,204.6237375,5,-0.297453247,3,2
2,bimodal,Task B ,1,2,1,0.384900372,4,1,150.8455213,6,-0.322541729,4,3
3,bimodal,Task B ,1,3,0,0.041693173,2,2,336.9261348,1,0.62193655,2,2
3,bimodal,Task B ,1,4,1,-0.156023466,2,1,100.7356478,2,-0.030987252,2,1
3,bimodal,Task B ,1,3,1,-0.246593033,3,1,34.50971488,3,0.305612228,3,2
3,bimodal,Task B ,1,4,1,-0.081624975,1,1,102.2641765,4,0.274044096,1,1
3,bimodal,Task B ,2,2,0,0.242833946,1,1,167.4033957,5,0.622782821,1,6
3,bimodal,Task B ,1,3,1,-0.124633445,2,1,36.07289993,6,0.039140788,2,2
4,bimodal,Task B ,1,2,0,1.033141697,2,2,275.1382729,1,1.735540581,2,3
4,bimodal,Task B ,2,3,1,-1.140812794,3,2,242.1017615,2,0.565108502,3,7
4,bimodal,Task B ,1,2,0,-1.195849061,1,2,256.4294924,3,1.063547247,1,3
4,bimodal,Task B ,1,3,1,0.143617423,3,1,287.4976425,4,0.534745951,3,2
4,bimodal,Task B ,2,4,1,2.217817597,3,2,85.8916793,5,1.425300312,3,8
4,bimodal,Task B ,2,1,1,2.858518752,2,2,281.7406069,6,3.571767561,2,5
5,bimodal,Task B ,1,3,0,0.336795006,1,2,301.6214602,1,-2.372637639,1,2
5,bimodal,Task B ,1,2,1,-0.292114303,4,1,265.8916807,2,-0.080079814,4,3
5,bimodal,Task B ,2,4,1,-2.719783479,1,2,158.8214978,3,0.683958217,1,8
5,bimodal,Task B ,2,4,1,-1.42058695,1,2,289.5574345,4,3.227948512,1,8
5,bimodal,Task B ,2,4,0,0.481581334,4,1,162.7765222,5,-0.351398109,4,8
5,bimodal,Task B ,1,3,1,0.703968711,4,1,345.2662685,6,-0.103821203,4,2
6,bimodal,Task B ,1,2,1,0.247738245,2,1,304.3835862,1,-0.042327837,2,3
6,bimodal,Task B ,1,2,1,0.104905491,2,1,225.3352682,2,-0.37904898,2,3
6,bimodal,Task B ,1,2,1,-0.040000102,1,1,186.7346349,3,-0.112923372,1,3
6,bimodal,Task B ,1,2,1,-0.170933295,1,1,219.650828,4,-0.239701406,1,3
6,bimodal,Task B ,1,1,0,0.283210306,3,2,339.3145046,5,0.512611875,3,4
6,bimodal,Task B ,1,2,0,-1.2715261,1,2,228.3728689,6,-0.492254822,1,3
7,bimodal,Task B ,1,4,1,0.003697491,1,1,60.80864241,1,0.449367794,1,1
7,bimodal,Task B ,1,4,1,-0.435491038,4,1,355.2029793,2,-0.250564993,4,1
7,bimodal,Task B ,1,4,1,0.216801952,4,1,55.98818002,3,-0.302419128,4,1
7,bimodal,Task B ,1,4,1,0.47181773,3,1,255.1274437,4,0.805693361,3,1
7,bimodal,Task B ,1,4,0,0.315331881,3,2,235.5367126,5,0.87587855,3,1
7,bimodal,Task B ,1,4,0,-0.010713588,1,2,152.8654521,6,3.458136543,1,1
8,bimodal,Task B ,1,4,0,-0.042679624,1,2,259.0675217,1,0.433004984,1,1
8,bimodal,Task B ,1,4,0,-0.240563763,1,2,22.47264031,2,0.748287501,1,1
8,bimodal,Task B ,2,4,1,2.932267254,3,2,35.57306869,3,-0.563691075,3,8
8,bimodal,Task B ,1,4,0,-0.613045481,4,2,134.155514,4,0.288267439,4,1
8,bimodal,Task B ,2,4,0,0.109639841,1,1,292.6529499,5,-0.92585422,1,8
8,bimodal,Task B ,1,1,1,-0.389304846,4,1,357.1990801,6,-0.263004813,4,4
9,bimodal,Task B ,1,4,0,-0.997702519,4,2,307.115414,1,1.361123342,4,1
9,bimodal,Task B ,1,1,0,0.20995482,1,2,310.6405713,2,3.399971549,1,4
9,bimodal,Task B ,1,1,0,0.052293118,4,2,240.3623569,3,0.761646479,4,4
9,bimodal,Task B ,1,1,0,0.392398902,4,2,105.6282623,4,0.88638703,4,4
9,bimodal,Task B ,2,2,1,-2.546876986,1,2,335.5114502,5,0.074397988,1,6
9,bimodal,Task B ,1,2,1,0.150834837,4,1,165.0669246,6,0.161393625,4,3
10,bimodal,Task B ,1,1,1,0.274543619,3,1,249.2375303,1,0.267208734,3,4
10,bimodal,Task B ,1,2,0,0.24716085,1,2,133.9677608,2,-0.577536762,1,3
10,bimodal,Task B ,2,1,1,-0.922773545,3,2,71.50966342,3,0.991174917,3,5
10,bimodal,Task B ,1,2,1,0.03885755,4,1,64.86618879,4,-0.142504325,4,3
10,bimodal,Task B ,1,2,1,-0.092083664,2,1,32.12605933,5,-0.108537317,2,3
10,bimodal,Task B ,1,2,1,0.118146875,3,1,154.7102417,6,0.392503941,3,3
1,bimodal,Task B ,1,3,1,0.194159802,4,1,89.22397534,1,-0.841741554,4,2
1,bimodal,Task B ,1,3,1,-0.160379576,1,1,244.8378972,2,-0.083221777,1,2
1,bimodal,Task B ,1,3,1,-0.59296463,4,1,95.2339018,3,0.257721237,4,2
1,bimodal,Task B ,2,3,1,-2.69764691,1,2,335.5243705,4,-1.728793687,1,7
1,bimodal,Task B ,1,1,1,0.000831549,2,1,21.63777734,5,-0.81671353,2,4
1,bimodal,Task B ,1,2,1,-0.078417193,4,1,106.6042944,6,-0.333436784,4,3
2,bimodal,Task B ,1,2,1,-0.059768004,1,1,229.6866974,1,-0.139043718,1,3
2,bimodal,Task B ,1,2,1,-0.225137761,3,1,139.5412423,2,0.072874642,3,3
2,bimodal,Task B ,2,2,1,0.548158064,4,2,287.1921401,3,1.383154385,4,6
2,bimodal,Task B ,1,2,1,0.423296402,1,1,155.1730758,4,0.337666298,1,3
2,bimodal,Task B ,2,2,1,0.171392422,3,2,101.871066,5,1.795129457,3,6
2,bimodal,Task B ,1,2,1,0.325452166,3,1,283.2870841,6,-0.191415052,3,3
3,bimodal,Task B ,2,2,0,-0.197731441,2,1,311.9831458,1,-0.244859856,2,6
3,bimodal,Task B ,1,3,0,0.641751249,2,2,185.4504858,2,0.789737787,2,2
3,bimodal,Task B ,1,1,0,0.530933605,3,2,293.6290763,3,1.008230037,3,4
3,bimodal,Task B ,2,2,1,0.465480285,4,2,40.84265353,4,0.990922799,4,6
3,bimodal,Task B ,2,2,1,-0.096136147,2,2,265.3075052,5,-1.621976392,2,6
3,bimodal,Task B ,2,3,1,-1.914206976,1,2,156.9905323,6,0.424955699,1,7
4,bimodal,Task B ,1,2,1,-0.193100906,2,1,282.2072208,1,-0.094103393,2,3
4,bimodal,Task B ,2,2,1,-1.523734472,3,2,290.2140252,2,1.737729427,3,6
4,bimodal,Task B ,1,1,0,1.95256505,1,2,140.1798509,3,-0.352052858,1,4
4,bimodal,Task B ,2,2,0,0.088601576,3,1,330.8256779,4,0.035076857,3,6
4,bimodal,Task B ,1,2,1,-0.572572481,1,1,118.8095143,5,0.307580682,1,3
4,bimodal,Task B ,1,3,1,-0.189460815,4,1,130.8694804,6,0.2799388,4,2
5,bimodal,Task B ,2,2,1,1.249024087,3,2,238.9937047,1,0.961139528,3,6
5,bimodal,Task B ,1,4,1,-0.244951019,3,1,43.18822219,2,-0.045800431,3,1
5,bimodal,Task B ,2,3,1,-0.473942629,2,2,80.80131624,3,-1.972282035,2,7
5,bimodal,Task B ,2,3,1,-1.600630577,1,2,163.6745573,4,0.631516364,1,7
5,bimodal,Task B ,1,4,1,0.228112182,1,1,211.7157811,5,0.133897498,1,1
5,bimodal,Task B ,1,3,0,-0.807267358,2,2,335.8994919,6,-0.194040708,2,2
6,bimodal,Task B ,1,2,1,-0.202607668,1,1,40.43286628,1,-0.212742478,1,3
6,bimodal,Task B ,1,2,0,-0.34045823,2,2,334.8835823,2,-0.100094635,2,3
6,bimodal,Task B ,1,2,0,0.501864671,2,2,124.0598674,3,-0.140346216,2,3
6,bimodal,Task B ,1,2,0,0.724475618,4,2,340.2416097,4,-0.853818624,4,3
6,bimodal,Task B ,2,2,1,-1.125423247,2,2,222.1564959,5,1.163935081,2,6
6,bimodal,Task B ,2,3,0,-0.227109809,3,1,18.35219044,6,-0.120908734,3,7
7,bimodal,Task B ,2,4,1,-0.725247658,3,2,263.4052075,1,-1.775139304,3,8
7,bimodal,Task B ,2,4,1,-2.43256796,2,2,16.73525062,2,0.100070431,2,8
7,bimodal,Task B ,1,1,0,2.398065678,3,2,128.2604089,3,-0.402397745,3,4
7,bimodal,Task B ,1,1,1,-0.209099205,1,1,296.1565456,4,0.228191609,1,4
7,bimodal,Task B ,1,1,0,0.036915263,1,2,97.83209102,5,0.737044184,1,4
7,bimodal,Task B ,1,4,0,-1.332635034,2,2,337.4548424,6,-0.370717874,2,1
8,bimodal,Task B ,1,4,0,0.304356008,4,2,255.355789,1,1.4339982,4,1
8,bimodal,Task B ,1,4,1,-0.07837979,1,1,54.92042703,2,-0.042705533,1,1
8,bimodal,Task B ,1,4,1,-0.623430082,1,1,171.5734136,3,0.277730666,1,1
8,bimodal,Task B ,1,4,1,0.46114536,1,1,265.949521,4,-0.203726155,1,1
8,bimodal,Task B ,1,4,0,1.575094784,1,2,99.25421652,5,0.099598872,1,1
8,bimodal,Task B ,1,4,1,0.159181032,2,1,127.5527517,6,-0.268319351,2,1
9,bimodal,Task B ,1,1,1,-0.460800319,2,1,99.20030734,1,0.439071439,2,4
9,bimodal,Task B ,1,3,0,0.713083799,1,2,146.563136,2,0.458202758,1,2
9,bimodal,Task B ,2,2,1,1.290686924,1,2,222.6359234,3,0.841761232,1,6
9,bimodal,Task B ,1,1,0,0.181193777,2,2,213.3698592,4,1.016275566,2,4
9,bimodal,Task B ,1,2,1,-0.256995251,2,1,153.3940105,5,0.210765008,2,3
9,bimodal,Task B ,2,1,0,0.067312755,1,1,137.9277411,6,-0.186674918,1,5
10,bimodal,Task B ,1,2,1,-0.026202428,3,1,188.3546614,1,0.006715671,3,3
10,bimodal,Task B ,1,1,0,0.062421184,1,2,218.9937577,2,-0.674930487,1,4
10,bimodal,Task B ,2,1,1,-0.972222598,2,2,339.080211,3,0.381685222,2,5
10,bimodal,Task B ,1,2,0,-0.240129343,4,2,133.5372087,4,0.229256055,4,3
10,bimodal,Task B ,1,2,0,-0.506444239,2,2,103.623186,5,1.218963678,2,3
10,bimodal,Task B ,1,2,1,-0.010800585,4,1,328.8796938,6,-0.531621574,4,3
1,bimodal,Task B ,2,2,1,-2.36081513,1,2,239.4223045,1,-0.306527427,1,6
1,bimodal,Task B ,1,2,0,-0.74262234,1,2,136.5665794,2,0.281158729,1,3
1,bimodal,Task B ,2,1,1,-0.871368808,4,2,62.05464547,3,-0.298750695,4,5
1,bimodal,Task B ,1,3,0,-0.617808094,2,2,135.1597596,4,-0.54992797,2,2
1,bimodal,Task B ,1,3,0,0.320643997,4,2,87.94917428,5,1.147589514,4,2
1,bimodal,Task B ,1,3,1,0.133577612,3,1,327.5269445,6,0.405041665,3,2
2,bimodal,Task B ,2,2,0,0.582220994,2,1,335.8405559,1,0.179244001,2,6
2,bimodal,Task B ,1,3,1,0.399112558,4,1,210.3641235,2,0.310172669,4,2
2,bimodal,Task B ,1,2,0,1.071645166,2,2,30.63026876,3,2.707957737,2,3
2,bimodal,Task B ,1,1,0,0.147963519,2,2,141.1247595,4,0.371999217,2,4
2,bimodal,Task B ,1,2,0,1.608284937,2,2,183.4039989,5,-3.066399975,2,3
2,bimodal,Task B ,2,3,1,0.13633626,2,2,348.2326578,6,4.440889659,2,7
3,bimodal,Task B ,2,1,0,0.306760195,2,1,76.89124093,1,-0.330765458,2,5
3,bimodal,Task B ,1,4,1,-0.426377373,1,1,286.0304366,2,-0.21714368,1,1
3,bimodal,Task B ,2,2,1,-2.577560534,4,2,145.9234347,3,-0.221427437,4,6
3,bimodal,Task B ,1,4,1,0.155294271,4,1,185.3081169,4,0.15178989,4,1
3,bimodal,Task B ,1,3,0,0.600901169,3,2,254.3267366,5,0.952615531,3,2
3,bimodal,Task B ,2,3,1,-0.807945994,1,2,27.07766978,6,-1.040033994,1,7
4,bimodal,Task B ,2,2,1,0.990004892,1,2,190.9755841,1,1.530130494,1,6
4,bimodal,Task B ,1,2,1,0.558483689,3,1,63.61465245,2,-0.365756402,3,3
4,bimodal,Task B ,1,3,0,0.801479207,4,2,333.2548619,3,0.122285947,4,2
4,bimodal,Task B ,1,1,1,-0.397167894,2,1,181.5825067,4,-0.278478688,2,4
4,bimodal,Task B ,1,2,0,-0.992405806,2,2,262.0829497,5,-0.976585419,2,3
4,bimodal,Task B ,2,2,1,-0.105520767,2,2,9.858542768,6,1.084745689,2,6
5,bimodal,Task B ,1,3,1,0.090909019,3,1,81.97117301,1,-0.20676839,3,2
5,bimodal,Task B ,2,4,1,1.994387918,4,2,316.4453956,2,0.488348285,4,8
5,bimodal,Task B ,2,4,1,2.446042387,3,2,39.7994452,3,2.702511544,3,8
5,bimodal,Task B ,2,4,1,-2.158135995,1,2,315.3646427,4,2.087959276,1,8
5,bimodal,Task B ,1,3,0,-0.707869627,1,2,316.9053034,5,1.137058835,1,2
5,bimodal,Task B ,1,2,1,0.051094401,1,1,270.5177207,6,0.297517295,1,3
6,bimodal,Task B ,1,3,1,0.257570498,2,1,204.248714,1,-0.463076621,2,2
6,bimodal,Task B ,2,2,1,2.002155378,1,2,278.3576062,2,-0.756196357,1,6
6,bimodal,Task B ,1,2,1,-0.048581084,2,1,211.9743909,3,0.034955099,2,3
6,bimodal,Task B ,1,2,1,-0.406191589,4,1,90.16407687,4,-0.222432216,4,3
6,bimodal,Task B ,1,2,1,-0.383350452,4,1,51.13772227,5,-0.081867343,4,3
6,bimodal,Task B ,2,2,0,0.274804653,4,1,170.1449337,6,-0.37782705,4,6
7,bimodal,Task B ,1,4,1,-0.354864018,1,1,318.6477029,1,-0.140068043,1,1
7,bimodal,Task B ,2,4,1,1.462401833,4,2,7.55530292,2,0.729217389,4,8
7,bimodal,Task B ,2,4,0,-0.00165881,4,1,119.8211406,3,0.051990051,4,8
7,bimodal,Task B ,1,1,0,0.94916477,1,2,327.3660378,4,1.260428292,1,4
7,bimodal,Task B ,1,4,1,-0.123207575,3,1,181.5049529,5,-0.146607994,3,1
7,bimodal,Task B ,1,1,1,0.240055728,1,1,39.72861527,6,0.002781094,1,4
8,bimodal,Task B ,1,3,1,0.307751788,3,1,189.5715926,1,0.122013636,3,2
8,bimodal,Task B ,2,4,1,1.447353298,4,2,112.4522492,2,1.86840162,4,8
8,bimodal,Task B ,2,4,1,1.691201506,3,2,128.8208142,3,-0.786661731,3,8
8,bimodal,Task B ,2,4,1,2.470393438,2,2,208.8722439,4,-0.085019495,2,8
8,bimodal,Task B ,1,4,0,-0.610104448,3,2,78.64439894,5,0.208018959,3,1
8,bimodal,Task B ,2,4,0,0.681692891,4,1,294.0262544,6,0.233368212,4,8
9,bimodal,Task B ,1,1,1,-0.677291767,4,1,179.5755822,1,-0.326931671,4,4
9,bimodal,Task B ,2,3,1,1.676884957,2,2,264.1900497,2,1.419621224,2,7
9,bimodal,Task B ,2,2,1,-1.72092275,4,2,5.244224926,3,-0.158971381,4,6
9,bimodal,Task B ,1,1,0,-0.457894882,3,2,154.7524239,4,1.585348326,3,4
9,bimodal,Task B ,2,3,1,2.022080947,1,2,229.5202074,5,1.79462089,1,7
9,bimodal,Task B ,1,4,1,-0.226277499,4,1,95.69578127,6,-0.377731019,4,1
10,bimodal,Task B ,2,1,0,0.651232296,4,1,331.3805039,1,-0.293506011,4,5
10,bimodal,Task B ,1,1,1,-0.09558004,4,1,2.318070538,2,-0.674695788,4,4
10,bimodal,Task B ,1,2,1,-0.173656476,2,1,276.3271119,3,-0.108028781,2,3
10,bimodal,Task B ,2,2,1,0.396590926,4,2,69.6699759,4,0.024922594,4,6
10,bimodal,Task B ,1,1,0,1.57074996,1,2,163.2188498,5,-1.682506798,1,4
10,bimodal,Task B ,1,1,0,-2.138347699,1,2,96.10994315,6,-1.250061136,1,4
1,bimodal,Task B ,1,2,1,-0.244941165,3,1,2.229615423,1,0.318524162,3,3
1,bimodal,Task B ,1,3,1,0.289174217,1,1,133.8617212,2,0.142954664,1,2
1,bimodal,Task B ,1,3,1,0.011621786,2,1,179.1862322,3,-0.28956397,2,2
1,bimodal,Task B ,1,3,1,-0.335508463,4,1,256.8190978,4,0.023532841,4,2
1,bimodal,Task B ,1,2,0,-2.311429603,1,2,260.1668614,5,0.523572077,1,3
1,bimodal,Task B ,1,3,1,-0.303268933,4,1,16.48873213,6,0.131896987,4,2
2,bimodal,Task B ,2,4,1,2.857104349,2,2,302.931809,1,1.354713029,2,8
2,bimodal,Task B ,1,2,1,0.06612057,1,1,321.0586651,2,-0.445554282,1,3
2,bimodal,Task B ,2,2,0,-0.19969104,3,1,281.895677,3,-0.419843839,3,6
2,bimodal,Task B ,2,3,1,-1.209449361,3,2,290.6243435,4,-1.348776579,3,7
2,bimodal,Task B ,2,2,1,2.19929211,3,2,114.6210168,5,-1.237406592,3,6
2,bimodal,Task B ,1,3,1,-0.450342384,2,1,86.24836635,6,0.088125292,2,2
3,bimodal,Task B ,1,3,1,0.004468893,2,1,176.8568454,1,0.065442497,2,2
3,bimodal,Task B ,1,2,1,-0.626050566,1,1,100.6511091,2,0.296576681,1,3
3,bimodal,Task B ,1,4,0,-0.586178307,4,2,353.6726528,3,-0.183691138,4,1
3,bimodal,Task B ,2,2,0,-0.265208975,2,1,244.6977127,4,-0.323969268,2,6
3,bimodal,Task B ,1,3,1,0.212051812,4,1,215.6193763,5,-0.037297697,4,2
3,bimodal,Task B ,1,1,0,-0.007330492,4,2,75.64785996,6,0.92987089,4,4
4,bimodal,Task B ,1,2,1,-0.454169827,3,1,251.2621313,1,0.205125632,3,3
4,bimodal,Task B ,2,3,1,-1.630786986,3,2,206.9461404,2,-0.954605019,3,7
4,bimodal,Task B ,1,1,1,-0.183901356,1,1,275.9836082,3,-0.014349343,1,4
4,bimodal,Task B ,1,3,1,0.268604279,3,1,72.74899254,4,-0.252729648,3,2
4,bimodal,Task B ,2,2,0,0.007706009,1,1,11.74329111,5,-0.496039833,1,6
4,bimodal,Task B ,1,2,1,-0.199017291,2,1,143.7140563,6,0.492270143,2,3
5,bimodal,Task B ,1,4,1,-0.595349746,4,1,79.17831269,1,-0.167410235,4,1
5,bimodal,Task B ,2,3,1,1.818031967,4,2,309.2616558,2,-0.182628613,4,7
5,bimodal,Task B ,1,4,1,0.036002488,2,1,105.5411224,3,0.189684046,2,1
5,bimodal,Task B ,1,3,1,-0.397128893,3,1,184.5933461,4,-0.709025193,3,2
5,bimodal,Task B ,2,2,0,-0.494702711,2,1,295.7326903,5,-0.063806664,2,6
5,bimodal,Task B ,1,4,1,0.416093077,4,1,1.680823038,6,-0.068307947,4,1
6,bimodal,Task B ,1,2,0,-0.632002998,1,2,297.5590043,1,2.637421453,1,3
6,bimodal,Task B ,2,2,0,-0.404773047,4,1,245.1652525,2,0.222329239,4,6
6,bimodal,Task B ,1,2,0,0.151050802,3,2,153.2422502,3,1.433240092,3,3
6,bimodal,Task B ,2,2,0,0.45664895,4,1,118.3105102,4,0.123591679,4,6
6,bimodal,Task B ,1,1,0,0.495580928,3,2,301.5361757,5,1.826998731,3,4
6,bimodal,Task B ,1,2,1,-0.19180725,1,1,189.180674,6,-0.282238035,1,3
7,bimodal,Task B ,1,1,0,-0.034036248,3,2,225.8545731,1,1.494215257,3,4
7,bimodal,Task B ,1,4,1,-0.177211877,3,1,135.2897702,2,0.125885211,3,1
7,bimodal,Task B ,1,4,1,-0.395118502,4,1,137.814836,3,-0.555035852,4,1
7,bimodal,Task B ,1,1,1,-0.420680851,3,1,172.7552832,4,-0.607632729,3,4
7,bimodal,Task B ,2,4,1,0.659674764,4,2,56.97768705,5,0.266203614,4,8
7,bimodal,Task B ,1,4,0,1.409820067,3,2,173.6557029,6,-2.054460442,3,1
8,bimodal,Task B ,2,4,1,1.908332953,2,2,15.67554851,1,-1.27983981,2,8
8,bimodal,Task B ,2,4,1,-1.050700124,3,2,99.06705367,2,0.446627257,3,8
8,bimodal,Task B ,1,4,0,-0.036288223,4,2,9.947794909,3,0.89412444,4,1
8,bimodal,Task B ,1,4,1,-0.067183822,1,1,300.2546794,4,-0.499044583,1,1
8,bimodal,Task B ,1,4,1,-0.700233237,4,1,241.8185087,5,0.195037838,4,1
8,bimodal,Task B ,1,4,1,-0.270600968,3,1,61.51034673,6,-0.047701031,3,1
9,bimodal,Task B ,2,3,1,2.387814924,3,2,99.09069553,1,-0.724762121,3,7
9,bimodal,Task B ,2,1,1,-1.718809905,1,2,107.9434336,2,0.596652892,1,5
9,bimodal,Task B ,2,2,0,0.041876622,1,1,174.5031808,3,-0.274079439,1,6
9,bimodal,Task B ,2,2,1,-1.676666831,1,2,189.5999026,4,-0.385820956,1,6
9,bimodal,Task B ,1,1,0,0.588825961,1,2,19.73143642,5,0.960755875,1,4
9,bimodal,Task B ,1,1,1,-0.132269411,3,1,354.6917602,6,-0.042719213,3,4
10,bimodal,Task B ,1,1,1,-0.585135357,4,1,86.33333537,1,-0.364422194,4,4
10,bimodal,Task B ,1,2,1,0.043433886,3,1,280.6108034,2,-0.057692254,3,3
10,bimodal,Task B ,1,1,1,0.173462955,2,1,306.6753082,3,-0.178221963,2,4
10,bimodal,Task B ,1,1,0,-0.220641566,1,2,95.70984416,4,-2.128951745,1,4
10,bimodal,Task B ,1,1,1,-0.00387375,3,1,153.9020174,5,-0.020058344,3,4
10,bimodal,Task B ,1,2,0,1.07652744,1,2,242.6381445,6,-0.796617577,1,3
1,bimodal,Task B ,2,2,1,0.596522837,2,2,12.17989268,1,-0.913276109,2,6
1,bimodal,Task B ,1,3,1,-0.456371242,4,1,95.80750046,2,-0.565522609,4,2
1,bimodal,Task B ,1,3,1,-0.043392874,3,1,171.9308841,3,-0.132160309,3,2
1,bimodal,Task B ,2,2,1,2.119567244,2,2,307.4312991,4,-0.32420696,2,6
1,bimodal,Task B ,2,3,1,0.769438316,2,2,309.832604,5,-2.75325682,2,7
1,bimodal,Task B ,1,3,1,-0.509527319,3,1,204.778079,6,-0.022305081,3,2
2,bimodal,Task B ,1,2,1,0.640801777,1,1,184.8550602,1,-0.127761715,1,3
2,bimodal,Task B ,2,3,1,-2.20816538,4,2,81.15410298,2,0.379648328,4,7
2,bimodal,Task B ,2,2,1,1.02318431,3,2,354.3491421,3,0.242523622,3,6
2,bimodal,Task B ,1,2,0,0.675140457,2,2,332.1627122,4,2.562618149,2,3
2,bimodal,Task B ,1,2,1,-0.008990375,3,1,262.4295928,5,-0.852690818,3,3
2,bimodal,Task B ,1,2,1,0.074556147,2,1,85.50602333,6,0.192528299,2,3
3,bimodal,Task B ,1,4,0,0.411726769,1,2,215.1916257,1,-0.252968365,1,1
3,bimodal,Task B ,2,1,0,0.41432064,4,1,271.5233214,2,-0.230292904,4,5
3,bimodal,Task B ,1,4,1,-0.15716474,4,1,345.1066831,3,0.142873613,4,1
3,bimodal,Task B ,2,4,1,-1.512816268,4,2,77.62182768,4,-4.127414339,4,8
3,bimodal,Task B ,1,2,1,-0.345897487,4,1,268.6057764,5,-0.210316227,4,3
3,bimodal,Task B ,2,4,1,1.620101575,1,2,334.0141552,6,3.208067417,1,8
4,bimodal,Task B ,2,3,1,-0.649530759,1,2,193.4436263,1,2.566197193,1,7
4,bimodal,Task B ,1,3,1,-0.167823886,3,1,54.00109252,2,0.490134761,3,2
4,bimodal,Task B ,1,2,0,0.96493743,2,2,232.819723,3,1.589062641,2,3
4,bimodal,Task B ,1,3,1,-0.735620994,3,1,86.94291647,4,0.363205986,3,2
4,bimodal,Task B ,1,2,1,0.233890331,3,1,135.2460829,5,0.045757874,3,3
4,bimodal,Task B ,2,2,0,-1.036045382,2,1,341.297923,6,-0.212809389,2,6
5,bimodal,Task B ,1,4,1,-0.111029825,3,1,120.4580597,1,0.495481702,3,1
5,bimodal,Task B ,2,4,1,-1.051376619,4,2,159.2674541,2,1.714147315,4,8
5,bimodal,Task B ,1,4,1,-0.549977456,1,1,202.2390756,3,-0.040001302,1,1
5,bimodal,Task B ,1,1,1,0.455001427,1,1,89.34666149,4,-0.002040443,1,4
5,bimodal,Task B ,1,2,0,-0.862871752,3,2,18.59521097,5,-0.414217781,3,3
5,bimodal,Task B ,1,3,1,0.029626586,2,1,48.22606196,6,0.438973813,2,2
6,bimodal,Task B ,1,2,1,-0.015205882,1,1,255.5718857,1,-0.194596094,1,3
6,bimodal,Task B ,2,2,0,-0.484893053,3,1,290.4481949,2,0.105763845,3,6
6,bimodal,Task B ,1,1,0,-2.103761194,1,2,166.030076,3,-0.792940012,1,4
6,bimodal,Task B ,2,2,1,1.448836777,4,2,276.8766375,4,-0.630564548,4,6
6,bimodal,Task B ,2,2,1,-0.029985158,1,2,279.6825585,5,-0.801942508,1,6
6,bimodal,Task B ,1,2,1,-0.013874748,2,1,231.5297085,6,0.021989347,2,3
7,bimodal,Task B ,1,4,0,0.665637647,3,2,349.3323712,1,1.566683189,3,1
7,bimodal,Task B ,1,2,1,-0.306633044,3,1,159.0416133,2,0.021387792,3,3
7,bimodal,Task B ,1,4,1,0.344954692,2,1,88.90566179,3,0.240196631,2,1
7,bimodal,Task B ,2,4,0,-0.115473781,4,1,98.36652453,4,0.59082022,4,8
7,bimodal,Task B ,1,1,0,1.415519602,2,2,128.3803887,5,0.69746818,2,4
7,bimodal,Task B ,2,1,1,-2.912300985,3,2,208.8537408,6,-1.172317294,3,5
8,bimodal,Task B ,2,4,1,1.154937633,4,2,197.5037692,1,3.421314984,4,8
8,bimodal,Task B ,1,4,0,-0.191356512,2,2,292.7522972,2,-0.392064252,2,1
8,bimodal,Task B ,1,4,1,0.195033528,1,1,302.9273456,3,-0.346096926,1,1
8,bimodal,Task B ,2,4,1,-1.371238179,1,2,88.6391749,4,-1.393010981,1,8
8,bimodal,Task B ,1,4,0,0.541851346,2,2,328.7654533,5,-2.1949443,2,1
8,bimodal,Task B ,1,4,1,-0.292425258,1,1,49.83810971,6,0.167779254,1,1
9,bimodal,Task B ,1,3,1,-0.427866917,2,1,161.9528904,1,-0.587110514,2,2
9,bimodal,Task B ,1,3,1,0.20607489,2,1,291.6832631,2,-0.567292755,2,2
9,bimodal,Task B ,2,3,1,2.007520845,4,2,311.9860723,3,-0.140389917,4,7
9,bimodal,Task B ,1,4,0,-1.048629143,4,2,257.092032,4,1.502053314,4,1
9,bimodal,Task B ,1,4,0,0.995771736,4,2,165.7254544,5,-0.058653298,4,1
9,bimodal,Task B ,1,3,1,0.155965114,4,1,230.4930018,6,0.408902384,4,2
10,bimodal,Task B ,1,2,1,-0.351098974,1,1,229.0704911,1,-0.671544352,1,3
10,bimodal,Task B ,2,1,0,-0.289349997,4,1,4.567615553,2,0.587162899,4,5
10,bimodal,Task B ,1,2,0,0.184366132,4,2,156.7549938,3,0.294506952,4,3
10,bimodal,Task B ,2,1,1,-2.067795038,2,2,204.5313937,4,-0.754598514,2,5
10,bimodal,Task B ,1,2,0,-0.732674277,4,2,75.34013206,5,0.716965261,4,3
10,bimodal,Task B ,2,2,1,-1.552570764,3,2,99.45494477,6,-0.73810352,3,6
1,bimodal,Task B ,2,2,0,-0.054974469,1,1,302.0019457,1,0.898381546,1,6
1,bimodal,Task B ,2,2,1,-0.564488434,4,2,238.1157131,2,0.399355609,4,6
1,bimodal,Task B ,2,2,1,1.776240881,4,2,14.2583479,3,0.16105498,4,6
1,bimodal,Task B ,1,1,1,-0.382780606,1,1,159.9229111,4,0.217221926,1,4
1,bimodal,Task B ,1,2,1,-0.610409866,2,1,134.2253645,5,0.278115918,2,3
1,bimodal,Task B ,1,2,0,1.053350036,2,2,19.64702173,6,-0.775366166,2,3
2,bimodal,Task B ,2,2,1,-1.213517041,2,2,257.1640688,1,0.077465757,2,6
2,bimodal,Task B ,2,2,1,-1.271545684,1,2,313.906198,2,-0.014939759,1,6
2,bimodal,Task B ,2,2,0,-0.491928408,4,1,93.50047164,3,-0.437801332,4,6
2,bimodal,Task B ,2,2,1,-2.212463903,1,2,160.06144,4,-0.052349855,1,6
2,bimodal,Task B ,1,1,1,-0.199405683,1,1,359.8595555,5,-0.098936362,1,4
2,bimodal,Task B ,1,4,1,0.006234002,1,1,51.49797303,6,-0.126098977,1,1
3,bimodal,Task B ,1,2,1,-0.054221903,1,1,198.8244904,1,0.069768088,1,3
3,bimodal,Task B ,2,2,1,-0.286200781,2,2,269.1480256,2,-0.376905121,2,6
3,bimodal,Task B ,2,3,1,-0.610659237,1,2,151.3319469,3,0.586227428,1,7
3,bimodal,Task B ,1,4,1,-0.112065691,1,1,121.8538579,4,-0.060232086,1,1
3,bimodal,Task B ,2,4,1,-2.801588177,1,2,10.68372277,5,-0.08087339,1,8
3,bimodal,Task B ,1,3,1,0.339178111,4,1,82.21964999,6,0.126983939,4,2
4,bimodal,Task B ,1,2,0,0.305604506,1,2,36.53922875,1,0.033778477,1,3
4,bimodal,Task B ,2,3,1,-2.942394257,1,2,164.1799367,2,-0.872044559,1,7
4,bimodal,Task B ,2,3,1,0.580525747,4,2,158.4717564,3,0.452751979,4,7
4,bimodal,Task B ,2,2,1,1.281791046,3,2,114.3236021,4,-0.062080497,3,6
4,bimodal,Task B ,1,2,1,0.371931749,1,1,173.4668571,5,-0.267342217,1,3
4,bimodal,Task B ,2,3,1,0.290669496,4,2,95.30488656,6,2.361787712,4,7
5,bimodal,Task B ,1,3,0,0.193565457,3,2,283.4183655,1,1.867540923,3,2
5,bimodal,Task B ,2,4,1,-0.733001896,2,2,178.1972106,2,-0.683842663,2,8
5,bimodal,Task B ,2,4,1,0.784452502,3,2,258.3969013,3,1.489854249,3,8
5,bimodal,Task B ,2,4,1,0.463987373,4,2,15.12947281,4,2.537270962,4,8
5,bimodal,Task B ,1,4,1,0.057492741,2,1,356.091473,5,0.920071587,2,1
5,bimodal,Task B ,2,3,1,1.028255099,3,2,316.2268167,6,-0.984212331,3,7
6,bimodal,Task B ,1,3,1,-0.3077249,4,1,315.2402542,1,-0.158891084,4,2
6,bimodal,Task B ,1,2,0,1.028942058,1,2,238.2988719,2,2.32975925,1,3
6,bimodal,Task B ,2,2,1,0.305687216,1,2,282.9365103,3,-2.097337954,1,6
6,bimodal,Task B ,1,2,1,0.362588048,1,1,34.81246847,4,-0.369041,1,3
6,bimodal,Task B ,2,2,1,-1.455543624,2,2,79.94594692,5,-0.773575251,2,6
6,bimodal,Task B ,2,2,1,-0.244203761,2,2,168.025188,6,-1.374797717,2,6
7,bimodal,Task B ,1,4,1,-0.092483741,4,1,33.90404363,1,-0.786509411,4,1
7,bimodal,Task B ,1,4,0,0.8701065,3,2,218.4200397,2,2.610292274,3,1
7,bimodal,Task B ,1,4,0,0.431796704,1,2,287.0383911,3,0.156634112,1,1
7,bimodal,Task B ,2,1,1,0.402413482,3,2,212.6982912,4,0.120977035,3,5
7,bimodal,Task B ,1,4,1,0.328812172,3,1,281.7916506,5,0.198032575,3,1
7,bimodal,Task B ,1,4,0,-0.987182451,3,2,334.3785531,6,-0.066750552,3,1
8,bimodal,Task B ,1,3,1,0.018823095,1,1,33.91548372,1,0.565633772,1,2
8,bimodal,Task B ,2,4,0,0.783321705,2,1,137.9422607,2,-0.103382035,2,8
8,bimodal,Task B ,2,4,1,-1.544915968,3,2,349.3335984,3,-0.962474448,3,8
8,bimodal,Task B ,1,4,1,-0.178563495,1,1,173.5201052,4,0.604017582,1,1
8,bimodal,Task B ,2,4,1,0.612745763,4,2,146.0461164,5,0.488706914,4,8
8,bimodal,Task B ,2,4,1,0.918946221,2,2,188.0385504,6,3.290009092,2,8
9,bimodal,Task B ,1,2,1,0.006477298,2,1,224.7365267,1,-0.197857489,2,3
9,bimodal,Task B ,1,1,1,0.254507613,1,1,53.27357302,2,-0.395194621,1,4
9,bimodal,Task B ,1,2,1,-0.70854798,1,1,128.2616704,3,0.299912178,1,3
9,bimodal,Task B ,1,2,1,-0.040306419,4,1,229.9583103,4,0.104222079,4,3
9,bimodal,Task B ,1,1,0,-0.384533256,2,2,56.10513019,5,0.112037119,2,4
9,bimodal,Task B ,2,2,0,-0.458242019,1,1,334.7358773,6,-0.334466454,1,6
10,bimodal,Task B ,1,1,1,0.112747488,3,1,359.73523,1,0.0325169,3,4
10,bimodal,Task B ,2,2,1,-1.923113255,4,2,341.748267,2,0.11911678,4,6
10,bimodal,Task B ,1,2,1,0.123127741,3,1,19.21057227,3,-0.126563969,3,3
10,bimodal,Task B ,1,2,0,1.336242182,2,2,14.84234241,4,-0.095068777,2,3
10,bimodal,Task B ,1,1,0,0.600964829,3,2,215.9154811,5,-0.203404447,3,4
10,bimodal,Task B ,1,1,0,0.562558676,3,2,329.8218919,6,-2.122354663,3,4
1,bimodal,Task B ,2,4,1,-0.653650612,4,2,79.25033905,1,-4.619492827,4,8
1,bimodal,Task B ,1,3,1,0.097284447,4,1,236.8630829,2,0.236440734,4,2
1,bimodal,Task B ,1,3,1,0.150136549,2,1,27.5049379,3,0.384908347,2,2
1,bimodal,Task B ,1,3,1,0.336172428,1,1,332.6787794,4,0.199475369,1,2
1,bimodal,Task B ,1,3,1,-0.171087301,4,1,57.39811841,5,-0.111500771,4,2
1,bimodal,Task B ,2,3,1,2.034410548,2,2,224.6676737,6,0.532940953,2,7
2,bimodal,Task B ,1,1,1,0.307141522,1,1,290.9988501,1,-0.250721534,1,4
2,bimodal,Task B ,2,2,0,-0.1929292,4,1,14.6923518,2,0.44347162,4,6
2,bimodal,Task B ,1,3,0,-0.3318179,2,2,126.144332,3,-0.160729215,2,2
2,bimodal,Task B ,1,2,1,-0.34027621,1,1,196.7451178,4,0.137267393,1,3
2,bimodal,Task B ,2,3,1,-0.773179454,4,2,166.1268224,5,-0.582228184,4,7
2,bimodal,Task B ,2,1,0,-0.167326866,1,1,90.98403653,6,-0.144137236,1,5
3,bimodal,Task B ,2,2,1,-0.40814366,4,2,0.376033214,1,1.468786372,4,6
3,bimodal,Task B ,2,1,1,-0.224864055,1,2,327.0564792,2,1.117490423,1,5
3,bimodal,Task B ,1,3,1,-0.416132827,4,1,180.1266048,3,0.27207576,4,2
3,bimodal,Task B ,1,1,0,2.202173797,3,2,340.8932865,4,0.67203241,3,4
3,bimodal,Task B ,2,2,1,1.175947869,4,2,238.9868561,5,1.575947009,4,6
3,bimodal,Task B ,2,1,1,0.205613625,2,2,65.91254875,6,1.143773695,2,5
4,bimodal,Task B ,2,2,0,-0.165689633,4,1,196.2658164,1,0.756922404,4,6
4,bimodal,Task B ,1,2,0,1.423639906,1,2,275.9988748,2,-0.711579427,1,3
4,bimodal,Task B ,1,2,1,0.429862739,3,1,32.02135724,3,-0.751832866,3,3
4,bimodal,Task B ,1,3,0,1.483290686,3,2,322.6562812,4,0.211452157,3,2
4,bimodal,Task B ,1,1,0,0.127030575,1,2,77.75519969,5,1.446520978,1,4
4,bimodal,Task B ,1,3,0,0.042933012,4,2,107.1722651,6,-0.453697619,4,2
5,bimodal,Task B ,1,2,1,0.354517933,2,1,47.74600266,1,0.303331868,2,3
5,bimodal,Task B ,1,4,1,-0.085023299,2,1,6.615959,2,-0.441482197,2,1
5,bimodal,Task B ,1,4,0,0.119503013,1,2,299.7649892,3,2.476437372,1,1
5,bimodal,Task B ,2,2,1,-1.482789197,4,2,76.73742215,4,-0.162057334,4,6
5,bimodal,Task B ,2,4,1,1.688441866,2,2,2.559867803,5,-3.444131937,2,8
5,bimodal,Task B ,2,4,0,0.107796163,1,1,76.74455633,6,0.01589101,1,8
6,bimodal,Task B ,1,2,0,-0.00096675,2,2,273.9476551,1,-1.235281246,2,3
6,bimodal,Task B ,1,2,0,-0.742311255,2,2,280.2211852,2,-1.57153091,2,3
6,bimodal,Task B ,1,2,0,0.073121312,1,2,298.1107204,3,0.083065043,1,3
6,bimodal,Task B ,1,2,0,-0.309018845,3,2,98.9740115,4,-0.405875921,3,3
6,bimodal,Task B ,2,2,1,-1.623281994,1,2,235.338617,5,-1.318938589,1,6
6,bimodal,Task B ,1,1,0,-1.093330998,2,2,310.4413798,6,0.141674692,2,4
7,bimodal,Task B ,1,1,0,-0.489106148,3,2,84.29608992,1,1.51830734,3,4
7,bimodal,Task B ,1,4,1,0.117529169,4,1,143.3222384,2,-0.681002636,4,1
7,bimodal,Task B ,1,4,1,-0.326111313,4,1,223.3429969,3,-0.088878195,4,1
7,bimodal,Task B ,1,4,1,-0.12209212,4,1,80.01435602,4,-0.013909884,4,1
7,bimodal,Task B ,1,1,1,0.153102774,2,1,292.3640504,5,0.359758183,2,4
7,bimodal,Task B ,1,4,1,0.062212241,4,1,266.094886,6,-0.134359892,4,1
8,bimodal,Task B ,1,4,1,0.49381596,2,1,265.0019575,1,0.35564846,2,1
8,bimodal,Task B ,2,4,1,-1.680470863,4,2,212.6871372,2,-0.419615609,4,8
8,bimodal,Task B ,1,4,0,-0.078852214,3,2,289.5082896,3,-0.354091005,3,1
8,bimodal,Task B ,1,4,1,-0.20063068,1,1,333.9071862,4,0.036704761,1,1
8,bimodal,Task B ,2,4,1,-1.24620606,4,2,177.7802586,5,-1.107618157,4,8
8,bimodal,Task B ,1,4,1,-0.339628545,3,1,182.7535963,6,-0.853432453,3,1
9,bimodal,Task B ,1,2,0,-0.743366508,2,2,321.9720274,1,-1.340229085,2,3
9,bimodal,Task B ,1,3,0,1.101705017,2,2,350.7724035,2,2.063424644,2,2
9,bimodal,Task B ,1,3,1,-0.360905917,4,1,354.0512041,3,0.273168324,4,2
9,bimodal,Task B ,2,2,1,-1.989185798,4,2,13.99119171,4,2.207118742,4,6
9,bimodal,Task B ,1,1,1,-0.121711586,4,1,33.85683053,5,0.200157498,4,4
9,bimodal,Task B ,1,2,0,-0.462868734,2,2,22.90834868,6,-0.883862309,2,3
10,bimodal,Task B ,2,2,1,-2.412218643,3,2,166.8691514,1,0.270488281,3,6
10,bimodal,Task B ,1,2,1,-0.215044251,4,1,220.2128665,2,0.12102868,4,3
10,bimodal,Task B ,1,2,1,-0.436901698,3,1,260.6731837,3,-0.038581535,3,3
10,bimodal,Task B ,2,3,1,-1.631094991,4,2,65.72869923,4,1.578348703,4,7
10,bimodal,Task B ,1,1,1,0.196632767,3,1,242.6520968,5,0.21750094,3,4
10,bimodal,Task B ,2,2,1,-0.20793091,2,2,265.6000423,6,3.97811167,2,6
1,bimodal,Task B ,1,3,1,-0.423006983,4,1,273.7094455,1,-0.405684522,4,2
1,bimodal,Task B ,2,2,1,-1.901925388,1,2,342.4966477,2,-0.067253479,1,6
1,bimodal,Task B ,1,3,1,-0.094439914,2,1,181.8260968,3,0.560480059,2,2
1,bimodal,Task B ,1,2,1,-0.19750066,1,1,123.9809434,4,-0.140616573,1,3
1,bimodal,Task B ,1,3,1,-0.424990328,3,1,188.3850599,5,-0.147584464,3,2
1,bimodal,Task B ,1,3,1,-0.518969477,2,1,89.38720292,6,-0.065048306,2,2
2,bimodal,Task B ,1,3,1,0.423809298,3,1,42.64660763,1,0.012817769,3,2
2,bimodal,Task B ,1,2,1,0.526921332,3,1,156.3451709,2,-0.01226074,3,3
2,bimodal,Task B ,2,2,0,-0.207480281,3,1,159.2675439,3,0.418445859,3,6
2,bimodal,Task B ,2,1,0,0.005100514,2,1,148.162055,4,-0.149856646,2,5
2,bimodal,Task B ,2,3,1,-1.844701698,3,2,299.9570134,5,-0.041846406,3,7
2,bimodal,Task B ,2,4,1,-2.290480186,4,2,89.09657455,6,0.431398992,4,8
3,bimodal,Task B ,2,3,1,1.217763552,1,2,231.9955193,1,-0.775392973,1,7
3,bimodal,Task B ,1,3,1,0.038086891,4,1,144.6099748,2,-0.401020793,4,2
3,bimodal,Task B ,2,4,1,-0.589908451,2,2,240.3992354,3,2.426578605,2,8
3,bimodal,Task B ,1,4,0,-0.071926353,1,2,328.505475,4,-0.025211493,1,1
3,bimodal,Task B ,1,3,1,0.464672945,4,1,283.5677633,5,0.595757865,4,2
3,bimodal,Task B ,1,2,1,0.432990445,1,1,276.5011891,6,0.250588591,1,3
4,bimodal,Task B ,1,4,0,-0.020031631,3,2,228.9121463,1,0.724651279,3,1
4,bimodal,Task B ,1,2,0,0.415263538,2,2,168.233174,2,0.146519297,2,3
4,bimodal,Task B ,1,1,1,0.260984292,1,1,172.3477732,3,0.26234839,1,4
4,bimodal,Task B ,1,1,0,1.857312888,4,2,198.6408953,4,-0.072645056,4,4
4,bimodal,Task B ,1,2,0,-0.569389689,4,2,62.22927208,5,0.203400519,4,3
4,bimodal,Task B ,1,2,1,-0.042452996,2,1,190.3595839,6,-0.315519395,2,3
5,bimodal,Task B ,1,4,1,0.213698424,1,1,32.13164143,1,-0.407894203,1,1
5,bimodal,Task B ,1,4,1,0.05368725,2,1,110.1815215,2,0.338017644,2,1
5,bimodal,Task B ,2,1,0,-0.344239428,3,1,344.5719139,3,0.047649671,3,5
5,bimodal,Task B ,1,4,0,0.674578397,2,2,208.1808654,4,3.165696092,2,1
5,bimodal,Task B ,1,4,1,-0.144592362,2,1,272.5193849,5,0.609649553,2,1
5,bimodal,Task B ,1,3,1,-0.137683345,1,1,303.8808163,6,-0.728089949,1,2
6,bimodal,Task B ,1,2,1,0.05104748,3,1,223.6440038,1,0.344733548,3,3
6,bimodal,Task B ,2,2,1,1.657471325,3,2,76.13666587,2,-1.503680516,3,6
6,bimodal,Task B ,2,2,1,0.7109976,4,2,331.9440404,3,-0.573765764,4,6
6,bimodal,Task B ,1,2,1,-0.077198469,2,1,76.72673104,4,-0.010069403,2,3
6,bimodal,Task B ,1,2,1,0.528081463,2,1,277.7496711,5,-0.112570639,2,3
6,bimodal,Task B ,2,1,1,-0.710494707,3,2,358.3735381,6,-0.205721306,3,5
7,bimodal,Task B ,1,4,0,2.40312228,3,2,38.28565557,1,-0.011981925,3,1
7,bimodal,Task B ,1,1,1,-0.211954679,2,1,54.84554842,2,-0.188519993,2,4
7,bimodal,Task B ,1,1,1,0.133133877,3,1,115.1837614,3,-0.309585589,3,4
7,bimodal,Task B ,1,4,1,-0.013915962,4,1,44.23701751,4,-0.034325714,4,1
7,bimodal,Task B ,1,1,0,-1.428387881,2,2,86.51558143,5,1.311273277,2,4
7,bimodal,Task B ,1,4,1,-0.228633153,4,1,10.56025796,6,-0.381199138,4,1
8,bimodal,Task B ,1,4,0,-0.92350146,4,2,127.5204053,1,-0.973862069,4,1
8,bimodal,Task B ,2,4,1,-1.040542831,2,2,339.5268552,2,-0.552853686,2,8
8,bimodal,Task B ,2,4,1,1.773607685,2,2,116.588017,3,1.120256489,2,8
8,bimodal,Task B ,1,4,1,-0.03214632,3,1,64.68709464,4,0.056951783,3,1
8,bimodal,Task B ,1,4,1,0.231402223,4,1,350.5542745,5,-0.015319379,4,1
8,bimodal,Task B ,1,4,0,0.474555547,4,2,222.1439382,6,0.62895578,4,1
9,bimodal,Task B ,2,1,1,0.881610092,3,2,328.9918744,1,-1.148928076,3,5
9,bimodal,Task B ,1,1,0,0.761145071,2,2,48.64163916,2,1.244182248,2,4
9,bimodal,Task B ,1,4,1,0.158335224,3,1,23.88443765,3,0.124784701,3,1
9,bimodal,Task B ,2,3,0,-0.205625611,3,1,350.8694614,4,0.30099938,3,7
9,bimodal,Task B ,1,2,1,-0.167865748,2,1,338.3513245,5,-0.161235966,2,3
9,bimodal,Task B ,2,2,1,-1.667882289,3,2,18.81274223,6,-0.465824575,3,6
10,bimodal,Task B ,1,2,1,0.638884271,1,1,20.39773312,1,-0.279232452,1,3
10,bimodal,Task B ,1,1,1,-0.392237642,2,1,138.987963,2,0.276182366,2,4
10,bimodal,Task B ,2,1,1,-1.503955696,2,2,52.17430138,3,-0.557576541,2,5
10,bimodal,Task B ,1,2,0,0.341599827,4,2,36.42288099,4,-0.475291286,4,3
10,bimodal,Task B ,2,1,1,1.214279858,2,2,207.108696,5,-1.449703545,2,5
10,bimodal,Task B ,1,2,1,0.017136898,1,1,198.417846,6,0.314738031,1,3
1,bimodal,Task B ,1,2,1,0.773156466,3,1,6.253804129,1,0.272509363,3,3
1,bimodal,Task B ,2,1,1,-1.442042512,3,2,144.628819,2,1.598989046,3,5
1,bimodal,Task B ,2,1,1,-2.010454341,1,2,100.5174562,3,-0.43061151,1,5
1,bimodal,Task B ,1,2,1,0.139967946,3,1,167.9353463,4,-0.176302267,3,3
1,bimodal,Task B ,1,3,1,0.28593137,2,1,50.9636558,5,0.311427555,2,2
1,bimodal,Task B ,2,3,1,-1.365502131,2,2,181.2649411,6,0.696462453,2,7
2,bimodal,Task B ,1,1,1,-0.296810088,1,1,275.05162,1,0.155591047,1,4
2,bimodal,Task B ,2,2,0,-0.394903537,3,1,252.7220389,2,-0.392497011,3,6
2,bimodal,Task B ,1,2,0,1.281240448,2,2,154.9599003,3,0.625423545,2,3
2,bimodal,Task B ,2,2,0,0.419340618,2,1,100.0472973,4,-0.608377134,2,6
2,bimodal,Task B ,1,2,1,-0.401822829,3,1,247.7798775,5,0.303356948,3,3
2,bimodal,Task B ,1,3,1,0.011025922,1,1,20.51234205,6,-0.349844771,1,2
3,bimodal,Task B ,2,4,1,-0.753368355,4,2,126.8970482,1,-2.289655946,4,8
3,bimodal,Task B ,1,4,1,0.159254671,1,1,315.4139262,2,0.088154197,1,1
3,bimodal,Task B ,1,1,0,-1.168507786,4,2,109.5709955,3,0.231716626,4,4
3,bimodal,Task B ,1,3,1,-0.060500831,1,1,152.9004032,4,-0.014958474,1,2
3,bimodal,Task B ,1,3,1,-0.223627218,2,1,234.8436086,5,0.026701622,2,2
3,bimodal,Task B ,1,3,1,0.022322761,4,1,300.0229327,6,-0.666653663,4,2
4,bimodal,Task B ,1,2,0,-0.398959176,1,2,296.7022989,1,0.779974458,1,3
4,bimodal,Task B ,2,4,1,1.952139497,4,2,248.8994605,2,-1.269897134,4,8
4,bimodal,Task B ,1,3,0,0.576582245,3,2,206.5526177,3,1.248432048,3,2
4,bimodal,Task B ,1,3,1,-0.180437315,2,1,127.1532561,4,-0.15143303,2,2
4,bimodal,Task B ,1,3,1,-0.384074413,4,1,254.7070396,5,-0.163725089,4,2
4,bimodal,Task B ,1,1,1,0.259515794,2,1,118.0401591,6,0.176499152,2,4
5,bimodal,Task B ,1,4,1,0.188937169,4,1,6.440813326,1,0.057004971,4,1
5,bimodal,Task B ,2,3,1,-1.825999196,3,2,15.61599624,2,-0.687601147,3,7
5,bimodal,Task B ,1,3,1,0.169613279,1,1,359.5536428,3,-0.262032257,1,2
5,bimodal,Task B ,2,4,1,1.619742623,4,2,111.9003241,4,-2.035745814,4,8
5,bimodal,Task B ,1,4,1,-0.431782845,2,1,136.9892741,5,-0.024512975,2,1
5,bimodal,Task B ,1,4,1,0.315751078,2,1,349.3786328,6,-0.287916618,2,1
6,bimodal,Task B ,2,3,1,1.717733623,1,2,148.1236997,1,2.135505546,1,7
6,bimodal,Task B ,1,2,1,-0.032996901,2,1,324.482937,2,-0.385629758,2,3
6,bimodal,Task B ,2,2,0,0.090442729,3,1,219.8533771,3,0.298730932,3,6
6,bimodal,Task B ,1,2,0,-0.354291573,1,2,310.7832497,4,1.378692256,1,3
6,bimodal,Task B ,2,2,1,1.545095344,4,2,331.1718198,5,0.376814865,4,6
6,bimodal,Task B ,1,2,0,3.086681166,4,2,345.4017184,6,-1.214140062,4,3
7,bimodal,Task B ,1,4,0,1.522672617,4,2,348.4678348,1,0.270662419,4,1
7,bimodal,Task B ,1,4,1,0.321351446,3,1,311.1693676,2,0.470683934,3,1
7,bimodal,Task B ,1,1,1,-0.315974449,3,1,111.4483352,3,-0.470962508,3,4
7,bimodal,Task B ,1,1,1,-0.24902376,2,1,106.4888422,4,-0.105439926,2,4
7,bimodal,Task B ,2,1,1,-1.351670438,2,2,132.0891077,5,0.550853895,2,5
7,bimodal,Task B ,1,4,1,0.197765001,2,1,176.7330606,6,0.496498961,2,1
8,bimodal,Task B ,2,4,1,2.886378512,2,2,279.681298,1,-0.871454949,2,8
8,bimodal,Task B ,1,4,1,-0.156397373,3,1,109.1778671,2,0.062890438,3,1
8,bimodal,Task B ,1,4,1,-0.042347777,4,1,333.1431409,3,-0.276142601,4,1
8,bimodal,Task B ,1,1,0,-2.931219399,2,2,122.648634,4,1.682427761,2,4
8,bimodal,Task B ,1,4,0,0.199891965,3,2,162.8519726,5,0.341503392,3,1
8,bimodal,Task B ,2,4,1,-3.675567579,2,2,333.3118242,6,-0.908869585,2,8
9,bimodal,Task B ,2,1,0,-0.182709241,2,1,209.1561742,1,0.198421045,2,5
9,bimodal,Task B ,2,1,1,-0.535727857,3,2,103.763133,2,0.527658447,3,5
9,bimodal,Task B ,1,1,0,0.115968828,2,2,126.2638522,3,-0.020754598,2,4
9,bimodal,Task B ,2,2,1,-0.562897014,3,2,277.8991795,4,-1.328409719,3,6
9,bimodal,Task B ,1,3,1,-0.099383101,1,1,187.6717259,5,0.697788408,1,2
9,bimodal,Task B ,1,3,1,0.265549614,2,1,58.53403242,6,0.0227578,2,2
10,bimodal,Task B ,1,1,0,-1.344093503,2,2,191.5981269,1,-1.031473944,2,4
10,bimodal,Task B ,1,1,1,0.104297539,3,1,284.4950237,2,-0.882253537,3,4
10,bimodal,Task B ,2,3,1,1.272952424,2,2,57.90368293,3,1.649865687,2,7
10,bimodal,Task B ,1,1,0,1.736095069,1,2,56.27315186,4,0.504767278,1,4
10,bimodal,Task B ,2,1,1,1.25949423,4,2,170.0147467,5,-1.416727584,4,5
10,bimodal,Task B ,1,1,1,0.295462999,1,1,56.74933016,6,0.41134533,1,4
1,bimodal,Task B ,2,2,1,2.561456999,1,2,332.2467412,1,-0.42107096,1,6
1,bimodal,Task B ,2,2,1,1.163667767,2,2,115.336453,2,0.845749512,2,6
1,bimodal,Task B ,2,2,1,0.648552603,2,2,359.2029936,3,-1.216885531,2,6
1,bimodal,Task B ,1,3,1,0.191464322,1,1,220.8996202,4,0.390591327,1,2
1,bimodal,Task B ,2,1,1,-0.763927449,1,2,42.99441804,5,2.316172236,1,5
1,bimodal,Task B ,2,2,1,-0.186998265,1,2,207.1615219,6,0.462922096,1,6
2,bimodal,Task B ,1,2,1,0.396396548,3,1,27.82856117,1,-0.817740304,3,3
2,bimodal,Task B ,1,2,1,-0.081854533,2,1,308.2082531,2,0.026914375,2,3
2,bimodal,Task B ,1,3,1,0.440504038,4,1,326.4473532,3,0.485442863,4,2
2,bimodal,Task B ,1,2,1,-0.296048937,2,1,20.22966589,4,0.002648305,2,3
2,bimodal,Task B ,1,2,1,-0.692362802,3,1,319.9352138,5,-0.359344245,3,3
2,bimodal,Task B ,2,1,0,-0.059476134,2,1,47.04091829,6,-0.260275202,2,5
3,bimodal,Task B ,1,4,1,-0.144613693,4,1,47.23350156,1,-0.01927844,4,1
3,bimodal,Task B ,1,1,1,-0.574806722,1,1,171.1021377,2,-0.190098637,1,4
3,bimodal,Task B ,1,2,0,-0.581947351,1,2,228.3783074,3,0.474101192,1,3
3,bimodal,Task B ,2,4,1,1.461180686,2,2,286.4374134,4,2.119875265,2,8
3,bimodal,Task B ,2,1,0,0.325081477,2,1,326.8981321,5,0.074992227,2,5
3,bimodal,Task B ,1,3,0,-0.375201971,2,2,191.1978375,6,-0.405573642,2,2
4,bimodal,Task B ,1,4,0,0.669534722,4,2,81.50784765,1,0.050489479,4,1
4,bimodal,Task B ,2,4,1,0.727112619,3,2,207.2969237,2,1.274380767,3,8
4,bimodal,Task B ,1,4,1,0.613352409,4,1,239.3615305,3,0.101203254,4,1
4,bimodal,Task B ,2,1,1,2.289457732,2,2,94.47737549,4,-1.050674483,2,5
4,bimodal,Task B ,1,1,1,-0.184481393,4,1,70.87482232,5,0.532764023,4,4
4,bimodal,Task B ,1,1,1,0.11015881,2,1,212.6978146,6,-0.833579067,2,4
5,bimodal,Task B ,1,4,0,0.006593203,2,2,320.5905028,1,-0.996200803,2,1
5,bimodal,Task B ,1,4,1,0.184641554,2,1,67.16911857,2,-0.176742707,2,1
5,bimodal,Task B ,1,2,0,-0.241655846,4,2,78.73382104,3,0.507345189,4,3
5,bimodal,Task B ,1,1,0,-1.097829537,2,2,32.02352855,4,-3.075300478,2,4
5,bimodal,Task B ,2,4,1,2.252468145,3,2,144.2752812,5,-1.689740411,3,8
5,bimodal,Task B ,2,4,1,-1.988496055,3,2,239.8076786,6,0.447103776,3,8
6,bimodal,Task B ,2,2,1,2.462430519,4,2,105.0967605,1,-0.123324643,4,6
6,bimodal,Task B ,1,2,1,0.143540653,4,1,140.1669998,2,0.083234325,4,3
6,bimodal,Task B ,1,2,0,-0.542718539,2,2,326.8459361,3,-1.012742925,2,3
6,bimodal,Task B ,2,2,1,-0.202937444,3,2,23.11645413,4,-1.368876097,3,6
6,bimodal,Task B ,2,2,0,-0.801427467,2,1,27.5846276,5,0.088290872,2,6
6,bimodal,Task B ,2,2,1,-0.486225682,4,2,353.5174929,6,-0.846148681,4,6
7,bimodal,Task B ,2,1,1,-0.697176316,4,2,183.0356691,1,0.225008394,4,5
7,bimodal,Task B ,1,4,0,0.629229217,1,2,170.8218045,2,1.739998622,1,1
7,bimodal,Task B ,1,4,0,0.693384585,1,2,264.0944643,3,-2.425089844,1,1
7,bimodal,Task B ,2,4,1,-2.691279491,2,2,205.1346429,4,0.090209167,2,8
7,bimodal,Task B ,1,1,1,0.53342877,1,1,266.8007673,5,-0.053109116,1,4
7,bimodal,Task B ,1,1,1,0.559284229,2,1,356.5178903,6,0.516176538,2,4
8,bimodal,Task B ,2,4,1,-1.766749596,1,2,179.9794531,1,-1.432810468,1,8
8,bimodal,Task B ,1,4,0,1.83627725,1,2,179.4196834,2,-0.965288795,1,1
8,bimodal,Task B ,1,4,0,0.198047944,2,2,219.8585535,3,-0.840517683,2,1
8,bimodal,Task B ,2,4,1,1.637215574,3,2,355.7443405,4,-0.741020366,3,8
8,bimodal,Task B ,2,4,0,-0.714875177,1,1,226.8994789,5,0.007812498,1,8
8,bimodal,Task B ,2,4,1,-1.319887737,2,2,75.17707768,6,-0.31774917,2,8
9,bimodal,Task B ,2,2,0,-0.079542547,2,1,2.123552892,1,-0.010277045,2,6
9,bimodal,Task B ,1,3,1,-0.266038299,3,1,213.1392662,2,0.100061172,3,2
9,bimodal,Task B ,2,3,1,-2.606693943,3,2,86.12314451,3,-1.304378159,3,7
9,bimodal,Task B ,1,2,1,0.589736033,4,1,31.22268735,4,0.131683431,4,3
9,bimodal,Task B ,1,1,0,-0.872139373,2,2,351.0505228,5,0.880569954,2,4
9,bimodal,Task B ,2,2,0,0.095404524,2,1,261.4161207,6,0.475007927,2,6
10,bimodal,Task B ,2,2,1,1.762600856,2,2,69.26941259,1,1.571971764,2,6
10,bimodal,Task B ,1,2,1,-0.268835026,4,1,188.1873335,2,-0.07267754,4,3
10,bimodal,Task B ,1,1,1,-0.06294431,1,1,85.72025871,3,-0.275051514,1,4
10,bimodal,Task B ,1,1,1,0.253104134,1,1,138.4336928,4,-0.073681601,1,4
10,bimodal,Task B ,1,1,1,0.657899771,4,1,204.3308381,5,-0.075567557,4,4
10,bimodal,Task B ,1,2,0,0.406648001,4,2,178.9185744,6,-2.25471099,4,3
1,bimodal,Task B ,1,2,0,1.287864318,4,2,354.5842204,1,-0.532470163,4,3
1,bimodal,Task B ,2,4,1,-1.768235255,4,2,193.8269154,2,-1.862878908,4,8
1,bimodal,Task B ,2,2,1,1.027577696,4,2,115.5301756,3,0.058544916,4,6
1,bimodal,Task B ,1,3,1,-0.151472016,4,1,242.7215419,4,0.027046776,4,2
1,bimodal,Task B ,1,1,1,-0.312983107,1,1,346.1662373,5,0.037066154,1,4
1,bimodal,Task B ,1,3,1,-0.190632801,1,1,159.2504795,6,0.560767548,1,2
2,bimodal,Task B ,2,3,1,-2.795710098,1,2,240.0289358,1,0.410988645,1,7
2,bimodal,Task B ,1,2,1,0.149579119,3,1,172.661768,2,-0.45002626,3,3
2,bimodal,Task B ,2,1,0,-0.083384792,4,1,337.4922711,3,-0.617687581,4,5
2,bimodal,Task B ,2,3,1,-1.793872568,3,2,69.85150918,4,-0.270236906,3,7
2,bimodal,Task B ,2,4,1,-0.39015542,4,2,21.42270383,5,0.91133875,4,8
2,bimodal,Task B ,1,2,1,-0.180367186,2,1,271.7202429,6,-0.113350702,2,3
3,bimodal,Task B ,1,4,1,0.016242078,2,1,48.2386935,1,-0.155193861,2,1
3,bimodal,Task B ,1,3,1,0.171230145,3,1,201.1306012,2,-0.338914634,3,2
3,bimodal,Task B ,2,4,1,0.177654102,2,2,196.7607379,3,-0.538411501,2,8
3,bimodal,Task B ,2,4,1,2.102239482,2,2,46.77938527,4,-0.985932087,2,8
3,bimodal,Task B ,2,4,1,-2.163402853,2,2,170.8210401,5,0.042221027,2,8
3,bimodal,Task B ,1,3,1,0.271753073,2,1,188.4854579,6,-0.389091306,2,2
4,bimodal,Task B ,1,2,1,-0.06815586,2,1,172.0282592,1,0.978354041,2,3
4,bimodal,Task B ,1,4,1,-0.010616743,4,1,342.6252346,2,0.297289045,4,1
4,bimodal,Task B ,1,1,1,-0.162768766,2,1,136.8540055,3,-0.301469365,2,4
4,bimodal,Task B ,1,2,0,0.478610506,3,2,197.2391257,4,-0.834076774,3,3
4,bimodal,Task B ,1,2,1,-0.130278905,2,1,106.0476156,5,-0.10007811,2,3
4,bimodal,Task B ,1,2,1,-0.373661203,1,1,229.5701134,6,-0.362559481,1,3
5,bimodal,Task B ,1,4,1,0.097214506,2,1,74.7351414,1,0.154218672,2,1
5,bimodal,Task B ,2,4,1,-1.142974635,3,2,234.0334207,2,0.990950412,3,8
5,bimodal,Task B ,2,4,1,3.130054774,1,2,207.6832458,3,-1.38012852,1,8
5,bimodal,Task B ,2,4,1,1.338211288,4,2,76.59491964,4,-1.303872112,4,8
5,bimodal,Task B ,1,4,1,-0.348393428,4,1,80.3663878,5,-0.071492776,4,1
5,bimodal,Task B ,1,4,1,-0.106314079,4,1,322.9601838,6,-0.253920155,4,1
6,bimodal,Task B ,1,2,1,0.022989494,3,1,147.9084993,1,-0.034521558,3,3
6,bimodal,Task B ,1,2,1,-0.132248878,3,1,3.359446588,2,0.058151184,3,3
6,bimodal,Task B ,1,2,1,-0.090840868,4,1,121.5934211,3,-0.392316645,4,3
6,bimodal,Task B ,1,2,1,-0.171506533,3,1,186.091625,4,0.119624481,3,3
6,bimodal,Task B ,1,1,0,0.314730875,2,2,200.5776603,5,1.107647549,2,4
6,bimodal,Task B ,2,2,1,-1.79837113,3,2,64.48888189,6,0.172818495,3,6
7,bimodal,Task B ,1,4,1,-0.295593219,1,1,64.96191255,1,0.652939067,1,1
7,bimodal,Task B ,1,1,1,0.923908107,1,1,292.5782947,2,0.204090087,1,4
7,bimodal,Task B ,1,4,0,0.725507002,4,2,299.2803516,3,1.26711368,4,1
7,bimodal,Task B ,1,2,1,0.022804217,2,1,180.8118684,4,-0.135810952,2,3
7,bimodal,Task B ,1,4,0,-0.583579088,2,2,85.76042009,5,-1.827198296,2,1
7,bimodal,Task B ,1,1,0,-0.601529811,1,2,98.51351009,6,1.50974856,1,4
8,bimodal,Task B ,1,4,0,0.863911925,1,2,331.2375357,1,-0.224560931,1,1
8,bimodal,Task B ,2,4,1,1.013618731,4,2,245.2376674,2,-0.178295552,4,8
8,bimodal,Task B ,1,4,1,-0.238489226,4,1,156.8250723,3,0.213035228,4,1
8,bimodal,Task B ,1,4,0,-0.171169695,4,2,239.1840995,4,2.128485235,4,1
8,bimodal,Task B ,1,4,0,-0.565291841,4,2,180.7869365,5,0.562489249,4,1
8,bimodal,Task B ,1,4,0,0.007364666,3,2,136.6366079,6,1.390722106,3,1
9,bimodal,Task B ,1,1,0,0.529759469,2,2,40.45891004,1,-1.676269826,2,4
9,bimodal,Task B ,1,3,1,0.481156056,3,1,81.21827261,2,-0.113384714,3,2
9,bimodal,Task B ,1,3,0,-2.243317116,1,2,110.4788917,3,0.688077053,1,2
9,bimodal,Task B ,1,3,0,-0.123503652,4,2,110.775116,4,-2.344796265,4,2
9,bimodal,Task B ,2,4,1,-1.543838,4,2,114.7605468,5,2.354096617,4,8
9,bimodal,Task B ,1,3,0,-0.311923715,4,2,206.9938984,6,-0.723489663,4,2
10,bimodal,Task B ,1,2,1,-0.361863887,2,1,141.0015585,1,-0.454406913,2,3
10,bimodal,Task B ,2,3,1,1.336125432,3,2,349.7978535,2,1.580038332,3,7
10,bimodal,Task B ,2,1,1,2.008314883,2,2,84.7159107,3,-0.804524499,2,5
10,bimodal,Task B ,1,2,1,0.259172482,2,1,105.5381301,4,0.155636884,2,3
10,bimodal,Task B ,1,2,1,-0.265139062,1,1,283.3774825,5,0.305062615,1,3
10,bimodal,Task B ,1,1,0,1.025784358,1,2,317.1534818,6,-3.413084717,1,4
1,bimodal,Task B ,2,2,1,-0.465226102,4,2,103.1917305,1,1.404834105,4,6
1,bimodal,Task B ,2,2,1,-0.185609186,2,2,330.2693305,2,-1.739172116,2,6
1,bimodal,Task B ,1,2,1,-0.151609783,2,1,7.688857135,3,-0.315137082,2,3
1,bimodal,Task B ,1,2,1,0.192788112,3,1,134.8876957,4,-0.124450274,3,3
1,bimodal,Task B ,1,3,1,-0.221348967,4,1,352.7435046,5,-0.456229503,4,2
1,bimodal,Task B ,2,4,1,-3.427161549,3,2,220.9790221,6,-0.775552618,3,8
2,bimodal,Task B ,2,3,0,-0.475047665,2,1,275.9465293,1,0.357275618,2,7
2,bimodal,Task B ,1,3,0,0.290633669,3,2,101.4846793,2,1.139470621,3,2
2,bimodal,Task B ,1,2,1,0.167887478,4,1,92.71966509,3,0.069906908,4,3
2,bimodal,Task B ,1,2,1,0.206429341,3,1,236.5299238,4,-0.121623831,3,3
2,bimodal,Task B ,2,1,0,0.111417718,4,1,180.2947463,5,-0.246046908,4,5
2,bimodal,Task B ,2,1,0,-0.19498313,2,1,319.5762908,6,-0.687784346,2,5
3,bimodal,Task B ,1,1,1,-0.467162188,1,1,332.6296662,1,-0.573980039,1,4
3,bimodal,Task B ,2,4,1,-2.785772554,2,2,248.1557994,2,1.256470487,2,8
3,bimodal,Task B ,2,4,1,2.122739799,4,2,187.3313739,3,0.374110397,4,8
3,bimodal,Task B ,1,3,1,0.247945597,4,1,205.8077993,4,0.211406473,4,2
3,bimodal,Task B ,1,3,0,-0.245303173,1,2,146.0682098,5,0.46093976,1,2
3,bimodal,Task B ,1,3,1,-0.075800705,1,1,176.0406526,6,0.616363239,1,2
4,bimodal,Task B ,1,1,0,-1.076062622,1,2,93.94872305,1,-1.124591581,1,4
4,bimodal,Task B ,2,3,1,1.017035411,4,2,239.7607802,2,-0.261988137,4,7
4,bimodal,Task B ,1,4,1,-0.110963277,4,1,203.6718732,3,-0.046490022,4,1
4,bimodal,Task B ,1,2,1,-0.592206368,3,1,301.0970236,4,-0.36338933,3,3
4,bimodal,Task B ,1,3,1,0.364378992,2,1,3.110355928,5,0.18027043,2,2
4,bimodal,Task B ,1,1,1,0.354531982,3,1,257.9889872,6,-0.200689731,3,4
5,bimodal,Task B ,1,4,1,0.21865553,3,1,140.1117652,1,-0.352354194,3,1
5,bimodal,Task B ,1,4,1,0.088554673,2,1,287.0372445,2,0.195624362,2,1
5,bimodal,Task B ,1,4,1,0.327302594,4,1,247.5307018,3,-0.567472215,4,1
5,bimodal,Task B ,1,3,0,0.295372321,4,2,341.3075332,4,-0.485667558,4,2
5,bimodal,Task B ,1,4,1,0.04774806,4,1,147.9285803,5,0.102239159,4,1
5,bimodal,Task B ,2,3,1,0.721816893,4,2,347.2324192,6,0.807670075,4,7
6,bimodal,Task B ,1,3,1,-0.407468997,3,1,216.6087124,1,-0.450696261,3,2
6,bimodal,Task B ,2,2,0,0.367443084,4,1,282.7853139,2,0.056086323,4,6
6,bimodal,Task B ,1,2,1,-1.017859008,4,1,261.4543273,3,-0.011031163,4,3
6,bimodal,Task B ,2,2,1,0.676954072,4,2,108.6049961,4,-3.976462812,4,6
6,bimodal,Task B ,2,2,1,0.695607283,4,2,175.5879686,5,-0.878480469,4,6
6,bimodal,Task B ,1,2,1,-0.276464473,1,1,345.8316415,6,0.275143624,1,3
7,bimodal,Task B ,1,4,0,-0.142984567,3,2,68.82715181,1,-0.619061673,3,1
7,bimodal,Task B ,1,4,1,0.386732549,1,1,38.45381438,2,-0.392909543,1,1
7,bimodal,Task B ,1,4,1,-0.108715469,2,1,187.7322911,3,0.372023923,2,1
7,bimodal,Task B ,1,4,1,0.205965586,4,1,299.2520981,4,0.03055795,4,1
7,bimodal,Task B ,1,4,1,0.259354563,4,1,328.2418548,5,0.466399954,4,1
7,bimodal,Task B ,2,4,1,1.412809219,3,2,228.113339,6,1.074109856,3,8
8,bimodal,Task B ,2,3,1,1.418482316,4,2,234.9661667,1,3.733486183,4,7
8,bimodal,Task B ,1,4,0,-0.513048516,4,2,44.99521964,2,0.174137912,4,1
8,bimodal,Task B ,1,4,1,0.18079509,2,1,283.2796572,3,0.351623109,2,1
8,bimodal,Task B ,2,4,0,0.484208766,2,1,144.4656679,4,0.414734765,2,8
8,bimodal,Task B ,1,4,1,0.213347095,3,1,317.5630824,5,0.010073901,3,1
8,bimodal,Task B ,1,4,1,0.431964454,4,1,255.2212266,6,-0.517378651,4,1
9,bimodal,Task B ,1,2,0,0.756736318,3,2,253.5477436,1,-0.68198021,3,3
9,bimodal,Task B ,1,2,1,-0.248032261,1,1,194.3244224,2,0.247979001,1,3
9,bimodal,Task B ,1,2,0,-0.803136971,2,2,247.8985047,3,1.571005262,2,3
9,bimodal,Task B ,1,1,1,-0.146303581,1,1,277.7818407,4,-0.28815148,1,4
9,bimodal,Task B ,2,3,0,-0.03126428,4,1,231.7572671,5,0.246892002,4,7
9,bimodal,Task B ,1,2,0,0.123136675,4,2,301.8389852,6,-0.236009899,4,3
10,bimodal,Task B ,1,1,1,0.019691281,4,1,109.4633039,1,-0.204441644,4,4
10,bimodal,Task B ,2,2,1,1.386737607,4,2,319.445993,2,-0.597645458,4,6
10,bimodal,Task B ,1,2,0,-0.048548473,2,2,9.929778309,3,-0.066126769,2,3
10,bimodal,Task B ,1,1,0,-0.006451004,2,2,124.6072514,4,-0.785419503,2,4
10,bimodal,Task B ,1,1,0,-0.078516523,3,2,15.81098974,5,0.331257688,3,4
10,bimodal,Task B ,2,2,1,-1.406440122,4,2,77.46186578,6,-1.69568773,4,6
1,bimodal,Task B ,1,3,1,0.178470287,2,1,209.9881397,1,0.271510815,2,2
1,bimodal,Task B ,1,4,1,0.212008928,2,1,247.6603868,2,-0.303918437,2,1
1,bimodal,Task B ,2,2,1,-0.187586401,1,2,200.7192289,3,2.004528901,1,6
1,bimodal,Task B ,2,1,1,1.17317019,4,2,40.93409598,4,-1.363166709,4,5
1,bimodal,Task B ,2,2,0,-0.221774465,2,1,42.64231995,5,0.177788425,2,6
1,bimodal,Task B ,2,1,1,1.513070608,1,2,233.5140676,6,-0.276150295,1,5
2,bimodal,Task B ,1,2,1,-0.116917902,4,1,192.852963,1,-0.559426482,4,3
2,bimodal,Task B ,2,2,0,-0.300314074,1,1,244.5867575,2,0.352343541,1,6
2,bimodal,Task B ,1,3,1,0.219439087,1,1,349.380153,3,0.123714744,1,2
2,bimodal,Task B ,1,3,1,-0.113972113,3,1,310.6195435,4,-0.540489566,3,2
2,bimodal,Task B ,2,3,1,-4.476647535,3,2,250.1144405,5,0.654426644,3,7
2,bimodal,Task B ,2,3,1,1.553845845,4,2,302.7535845,6,1.012294899,4,7
3,bimodal,Task B ,2,4,1,-2.166788321,1,2,356.2714039,1,-0.784404336,1,8
3,bimodal,Task B ,2,3,1,-1.396606246,4,2,40.16394353,2,-0.206481858,4,7
3,bimodal,Task B ,2,4,1,2.260151801,2,2,248.1407011,3,0.769807171,2,8
3,bimodal,Task B ,2,4,1,-0.91407859,2,2,223.9938772,4,-1.452401523,2,8
3,bimodal,Task B ,1,3,0,0.416892439,3,2,26.3884358,5,0.647365499,3,2
3,bimodal,Task B ,1,3,0,-0.085818546,1,2,268.6033404,6,-2.251903311,1,2
4,bimodal,Task B ,1,2,0,1.125388197,3,2,12.15388289,1,2.974457383,3,3
4,bimodal,Task B ,2,2,1,-2.942452218,2,2,147.3680763,2,-2.275690218,2,6
4,bimodal,Task B ,2,2,1,-1.566612417,1,2,296.6917505,3,-0.585323299,1,6
4,bimodal,Task B ,2,2,1,-2.147017762,1,2,75.21879736,4,2.047774194,1,6
4,bimodal,Task B ,2,2,1,-1.945633475,3,2,80.75321778,5,-3.283961216,3,6
4,bimodal,Task B ,1,1,1,-0.30132394,4,1,351.5112311,6,0.29747986,4,4
5,bimodal,Task B ,2,4,1,-0.982612457,2,2,222.4970245,1,2.463557339,2,8
5,bimodal,Task B ,1,3,1,-0.24273023,1,1,277.9477068,2,0.201353962,1,2
5,bimodal,Task B ,1,3,1,-0.244694312,1,1,321.740314,3,0.424703262,1,2
5,bimodal,Task B ,2,4,1,-0.515578864,2,2,183.386896,4,-0.487020105,2,8
5,bimodal,Task B ,1,3,0,0.35657081,4,2,345.4465564,5,1.085996933,4,2
5,bimodal,Task B ,1,4,1,-0.221252208,4,1,78.37573517,6,-0.012995503,4,1
6,bimodal,Task B ,1,2,1,0.058678901,1,1,295.6450616,1,0.025673002,1,3
6,bimodal,Task B ,1,2,1,-0.308190641,4,1,276.6817956,2,0.04752609,4,3
6,bimodal,Task B ,1,2,0,-1.002233567,4,2,79.53709036,3,0.820874866,4,3
6,bimodal,Task B ,2,2,1,-1.949371338,3,2,185.3288204,4,-1.217740155,3,6
6,bimodal,Task B ,1,2,0,0.454563154,3,2,31.00815378,5,1.909780879,3,3
6,bimodal,Task B ,2,2,0,-0.779569452,2,1,76.54852087,6,0.068222153,2,6
7,bimodal,Task B ,1,4,1,-0.033754527,4,1,250.8758042,1,0.380673104,4,1
7,bimodal,Task B ,1,4,0,-0.091408139,3,2,215.7360656,2,2.898066431,3,1
7,bimodal,Task B ,1,4,0,0.635559336,3,2,50.35161211,3,-0.762360238,3,1
7,bimodal,Task B ,1,4,1,0.055431031,4,1,274.9110434,4,0.450545193,4,1
7,bimodal,Task B ,2,1,1,-2.536536881,4,2,276.337511,5,-0.814545811,4,5
7,bimodal,Task B ,1,1,1,-0.260854614,3,1,164.0376789,6,0.577843021,3,4
8,bimodal,Task B ,2,4,1,2.051605504,2,2,257.1037751,1,-0.443557336,2,8
8,bimodal,Task B ,1,4,0,0.559023857,3,2,307.674597,2,0.727629078,3,1
8,bimodal,Task B ,2,1,0,-0.158176584,1,1,291.9320978,3,-0.660328312,1,5
8,bimodal,Task B ,2,4,0,0.267134003,3,1,187.22663,4,-0.124876918,3,8
8,bimodal,Task B ,1,4,1,-0.181959945,1,1,275.5480555,5,0.228535351,1,1
8,bimodal,Task B ,2,4,1,-0.92832669,4,2,261.4139138,6,-1.646285918,4,8
9,bimodal,Task B ,1,1,0,0.77783428,1,2,224.3550308,1,0.688860137,1,4
9,bimodal,Task B ,1,2,1,0.212361849,3,1,200.6613981,2,-0.039011345,3,3
9,bimodal,Task B ,1,2,1,-0.309214239,1,1,95.51546161,3,-0.002523304,1,3
9,bimodal,Task B ,1,2,0,-0.853164317,2,2,246.7877983,4,0.709643809,2,3
9,bimodal,Task B ,1,2,1,-0.307035174,1,1,5.541487129,5,0.092137095,1,3
9,bimodal,Task B ,1,1,0,-1.100053387,1,2,189.520802,6,0.097815917,1,4
10,bimodal,Task B ,2,2,1,0.759118095,3,2,256.3910285,1,3.222774122,3,6
10,bimodal,Task B ,1,2,1,-0.832507966,1,1,258.9183163,2,0.652018647,1,3
10,bimodal,Task B ,1,2,0,0.357813931,4,2,39.78599921,3,0.343542981,4,3
10,bimodal,Task B ,1,1,1,0.236261937,2,1,254.235484,4,-0.032043012,2,4
10,bimodal,Task B ,1,1,1,-0.578178551,4,1,35.08596562,5,-0.195126685,4,4
10,bimodal,Task B ,2,2,1,1.565752076,4,2,11.02591884,6,-1.22125465,4,6
1,bimodal,Task B ,2,1,0,0.594655107,1,1,317.9176355,1,-0.220513211,1,5
1,bimodal,Task B ,2,1,0,-0.393616297,1,1,233.0219439,2,0.216410393,1,5
1,bimodal,Task B ,2,1,1,-1.541933369,3,2,196.3659585,3,-0.194919386,3,5
1,bimodal,Task B ,1,3,1,-0.366192324,4,1,288.9369578,4,-0.5034924,4,2
1,bimodal,Task B ,1,3,1,0.021735449,4,1,120.463551,5,0.302754951,4,2
1,bimodal,Task B ,1,2,1,-0.760608097,1,1,121.0518118,6,-0.267562565,1,3
2,bimodal,Task B ,1,2,1,0.161142561,4,1,47.42559369,1,-0.482488618,4,3
2,bimodal,Task B ,1,2,1,-0.263372253,3,1,166.3373962,2,0.216246528,3,3
2,bimodal,Task B ,1,3,1,-0.36724427,4,1,78.06895824,3,0.174215562,4,2
2,bimodal,Task B ,1,2,1,-0.289115719,3,1,317.2787701,4,-0.131037647,3,3
2,bimodal,Task B ,2,4,1,-1.413641695,1,2,186.2034223,5,0.572055125,1,8
2,bimodal,Task B ,2,3,1,-1.488104899,3,2,252.9395846,6,-0.105934915,3,7
3,bimodal,Task B ,2,4,1,-3.148933648,1,2,270.174112,1,1.168353028,1,8
3,bimodal,Task B ,1,4,1,0.812621089,2,1,45.07893458,2,-0.187678538,2,1
3,bimodal,Task B ,1,3,1,0.125565998,4,1,69.20561604,3,-0.181603297,4,2
3,bimodal,Task B ,2,3,1,1.642304544,3,2,339.2539034,4,2.351230063,3,7
3,bimodal,Task B ,2,3,1,-1.220097268,4,2,10.43791203,5,2.092435536,4,7
3,bimodal,Task B ,2,4,1,1.104968545,4,2,182.0221639,6,1.868360652,4,8
4,bimodal,Task B ,2,3,1,1.272453966,3,2,162.2380491,1,-1.594398976,3,7
4,bimodal,Task B ,1,3,1,-0.077874918,2,1,184.4862513,2,-0.827316817,2,2
4,bimodal,Task B ,1,1,1,-1.013519712,1,1,324.1085874,3,0.385852307,1,4
4,bimodal,Task B ,1,1,1,0.317030234,1,1,342.9730161,4,0.779378335,1,4
4,bimodal,Task B ,2,3,1,-1.951222109,2,2,236.9996554,5,-0.754311639,2,7
4,bimodal,Task B ,2,2,0,0.571207258,1,1,164.7009517,6,-0.058703658,1,6
5,bimodal,Task B ,2,1,1,2.182736632,2,2,289.4223132,1,-0.416177042,2,5
5,bimodal,Task B ,1,4,1,-0.199670667,3,1,82.0650069,2,-0.330648226,3,1
5,bimodal,Task B ,2,4,1,-0.617816655,4,2,166.8419338,3,1.481404373,4,8
5,bimodal,Task B ,1,3,0,0.693785852,2,2,220.9864419,4,-1.060418547,2,2
5,bimodal,Task B ,2,3,1,-0.854167725,1,2,246.2575657,5,-0.509528243,1,7
5,bimodal,Task B ,1,1,1,-0.078543992,1,1,91.03330253,6,0.394814117,1,4
6,bimodal,Task B ,2,1,1,-1.928380742,3,2,358.6934647,1,1.184996699,3,5
6,bimodal,Task B ,1,2,1,0.191781183,1,1,293.0279797,2,-0.093288892,1,3
6,bimodal,Task B ,1,2,0,-0.411356167,1,2,206.3645723,3,-0.185735903,1,3
6,bimodal,Task B ,1,2,1,0.215877652,3,1,244.9804355,4,0.02261753,3,3
6,bimodal,Task B ,1,2,1,-0.742425833,2,1,277.3501257,5,0.426112439,2,3
6,bimodal,Task B ,1,3,0,0.314521075,3,2,184.1147727,6,-1.183958506,3,2
7,bimodal,Task B ,1,4,0,0.119717655,4,2,165.0261539,1,-1.657289579,4,1
7,bimodal,Task B ,1,1,1,0.553859349,2,1,331.2536876,2,0.079461101,2,4
7,bimodal,Task B ,1,4,1,0.251449186,3,1,263.2169159,3,0.289978367,3,1
7,bimodal,Task B ,1,1,1,0.228712156,2,1,56.37142805,4,0.070990727,2,4
7,bimodal,Task B ,1,1,0,0.123114972,3,2,200.6470923,5,-1.109624741,3,4
7,bimodal,Task B ,1,1,1,0.424944305,3,1,288.5680114,6,-0.020990272,3,4
8,bimodal,Task B ,1,4,0,-0.478677912,1,2,247.2318265,1,0.718234349,1,1
8,bimodal,Task B ,2,4,1,1.326267211,2,2,41.48271196,2,-1.302840854,2,8
8,bimodal,Task B ,1,4,1,0.397103581,1,1,146.8425485,3,0.081289469,1,1
8,bimodal,Task B ,2,4,1,1.779487966,3,2,293.572696,4,-1.042566169,3,8
8,bimodal,Task B ,2,4,0,0.654600203,3,1,235.9852452,5,0.238968877,3,8
8,bimodal,Task B ,1,4,1,-0.276322888,3,1,70.85526434,6,-0.137691609,3,1
9,bimodal,Task B ,2,2,0,-0.644815071,1,1,226.0464376,1,-0.278518087,1,6
9,bimodal,Task B ,1,1,0,-0.643758243,2,2,127.751986,2,1.023336253,2,4
9,bimodal,Task B ,1,4,1,-0.152235832,1,1,168.2105037,3,0.399219127,1,1
9,bimodal,Task B ,2,1,0,0.141539833,3,1,12.71984788,4,-0.036084992,3,5
9,bimodal,Task B ,1,2,1,-0.086648413,1,1,197.037798,5,0.019722733,1,3
9,bimodal,Task B ,1,1,1,-0.468455735,1,1,316.7686128,6,0.083962172,1,4
10,bimodal,Task B ,1,1,0,-0.405695505,1,2,34.88383118,1,-2.201190513,1,4
10,bimodal,Task B ,1,2,1,0.580118992,3,1,297.8315408,2,0.255970509,3,3
10,bimodal,Task B ,1,2,1,0.108032856,2,1,330.761257,3,0.051398786,2,3
10,bimodal,Task B ,1,2,1,0.295179792,3,1,175.6680497,4,-0.181042029,3,3
10,bimodal,Task B ,2,1,1,1.233049421,2,2,207.9386601,5,0.667992124,2,5
10,bimodal,Task B ,1,2,1,-0.366910922,3,1,183.0353884,6,0.575365345,3,3
1,bimodal,Task B ,1,3,1,-0.325262937,2,1,280.3464015,1,0.211747002,2,2
1,bimodal,Task B ,2,2,1,1.188510846,2,2,62.65386611,2,0.331126957,2,6
1,bimodal,Task B ,2,1,1,1.112907723,4,2,349.9049105,3,-0.610273717,4,5
1,bimodal,Task B ,2,2,0,0.074460138,2,1,7.888815743,4,0.174811563,2,6
1,bimodal,Task B ,2,2,1,0.893798236,4,2,259.8233466,5,-1.588422893,4,6
1,bimodal,Task B ,1,3,0,0.063295109,4,2,278.502757,6,-0.058151113,4,2
2,bimodal,Task B ,1,2,1,0.127257632,2,1,76.96302153,1,0.216902626,2,3
2,bimodal,Task B ,1,3,1,-0.080643524,2,1,24.47269232,2,0.633320392,2,2
2,bimodal,Task B ,2,3,1,-2.704266758,1,2,127.124726,3,-0.395589737,1,7
2,bimodal,Task B ,2,1,1,0.593406455,3,2,104.1015135,4,0.176765777,3,5
2,bimodal,Task B ,2,2,1,-1.770414383,1,2,152.4390627,5,-1.97774806,1,6
2,bimodal,Task B ,2,4,1,-0.771982813,3,2,206.8889588,6,0.855469811,3,8
3,bimodal,Task B ,1,1,0,-0.772382244,3,2,164.602892,1,-0.533514793,3,4
3,bimodal,Task B ,2,2,1,-0.463182788,3,2,138.8887485,2,0.565190441,3,6
3,bimodal,Task B ,1,3,1,-0.459064478,1,1,346.8333786,3,-0.776860082,1,2
3,bimodal,Task B ,2,1,0,0.317779146,1,1,232.3747533,4,-0.232323726,1,5
3,bimodal,Task B ,1,4,1,0.034260311,4,1,322.5193695,5,0.775865966,4,1
3,bimodal,Task B ,1,2,1,-0.64978044,3,1,47.6711293,6,0.757512741,3,3
4,bimodal,Task B ,2,3,1,-0.299406082,2,2,242.3805797,1,0.692600496,2,7
4,bimodal,Task B ,2,2,1,-2.093917963,4,2,70.86384514,2,0.434289583,4,6
4,bimodal,Task B ,1,2,0,0.869853262,3,2,15.41746626,3,0.312887935,3,3
4,bimodal,Task B ,1,3,1,0.286309443,4,1,158.2526194,4,0.455418638,4,2
4,bimodal,Task B ,2,4,1,-1.375901699,4,2,126.6027604,5,1.789002748,4,8
4,bimodal,Task B ,1,3,0,1.008903133,3,2,275.7830382,6,1.644941943,3,2
5,bimodal,Task B ,1,2,1,0.12150759,1,1,191.519203,1,0.033779485,1,3
5,bimodal,Task B ,1,4,0,0.118796129,1,2,210.0976225,2,0.017883962,1,1
5,bimodal,Task B ,2,4,1,2.061034691,4,2,351.2901552,3,0.142178189,4,8
5,bimodal,Task B ,1,4,1,0.063811916,4,1,148.1044211,4,0.023715844,4,1
5,bimodal,Task B ,2,2,1,0.802162905,4,2,72.40023224,5,0.888790808,4,6
5,bimodal,Task B ,2,3,1,-1.118286523,2,2,166.7692119,6,-1.506120024,2,7
6,bimodal,Task B ,2,3,0,-0.011611703,1,1,13.58933095,1,-0.035450913,1,7
6,bimodal,Task B ,1,2,0,0.562045396,3,2,330.6690473,2,-1.090686239,3,3
6,bimodal,Task B ,2,2,0,-0.069065639,3,1,292.2922425,3,0.124578775,3,6
6,bimodal,Task B ,2,2,1,2.097232386,1,2,259.1065853,4,-1.330291927,1,6
6,bimodal,Task B ,2,2,0,-0.509841842,2,1,86.66667201,5,-0.048908479,2,6
6,bimodal,Task B ,1,2,0,1.162466074,4,2,143.9689787,6,-1.635428495,4,3
7,bimodal,Task B ,1,4,1,0.628648713,3,1,140.1160758,1,-0.294949948,3,1
7,bimodal,Task B ,1,4,1,0.127444646,3,1,2.534091911,2,0.159726732,3,1
7,bimodal,Task B ,1,1,1,-0.392216674,1,1,85.79939647,3,-0.238760862,1,4
7,bimodal,Task B ,1,1,0,0.263709736,2,2,348.9341597,4,-0.087490861,2,4
7,bimodal,Task B ,1,4,1,-0.053008454,2,1,173.9050718,5,0.009920234,2,1
7,bimodal,Task B ,1,4,1,0.096033541,3,1,358.5169239,6,-0.149889941,3,1
8,bimodal,Task B ,1,4,1,0.023117451,4,1,83.92689826,1,0.081314072,4,1
8,bimodal,Task B ,1,4,0,0.12002652,2,2,231.4985806,2,0.176264551,2,1
8,bimodal,Task B ,1,4,0,-0.23982849,4,2,123.1994986,3,0.308535096,4,1
8,bimodal,Task B ,2,4,1,1.265279424,2,2,126.0749727,4,1.738848835,2,8
8,bimodal,Task B ,1,4,1,0.283942534,1,1,296.9523887,5,0.033788474,1,1
8,bimodal,Task B ,1,4,0,0.139535014,4,2,326.2485532,6,1.782774032,4,1
9,bimodal,Task B ,1,1,1,0.364916773,3,1,56.07731323,1,0.067910902,3,4
9,bimodal,Task B ,1,2,0,-2.129224143,1,2,177.6637875,2,1.060425416,1,3
9,bimodal,Task B ,2,1,1,-0.871090349,3,2,203.3117926,3,1.913803842,3,5
9,bimodal,Task B ,1,3,0,0.970800055,3,2,170.082327,4,0.236459997,3,2
9,bimodal,Task B ,1,1,1,-0.66908303,1,1,233.6988026,5,-0.780958901,1,4
9,bimodal,Task B ,2,2,1,-0.550255919,2,2,122.8680245,6,0.865601925,2,6
10,bimodal,Task B ,1,1,1,-0.045716568,2,1,209.795021,1,-0.031939975,2,4
10,bimodal,Task B ,1,2,1,-0.355763997,4,1,247.946956,2,-0.268514323,4,3
10,bimodal,Task B ,2,1,0,-0.303804843,4,1,21.51287909,3,-1.266556698,4,5
10,bimodal,Task B ,1,1,1,0.157765211,3,1,164.8054282,4,-0.193831963,3,4
10,bimodal,Task B ,1,1,0,-1.160944362,3,2,338.6153067,5,1.214559832,3,4
10,bimodal,Task B ,2,2,1,-1.883877586,4,2,122.2171479,6,2.641674408,4,6
1,bimodal,Task B ,1,2,0,1.494319305,3,2,103.345771,1,-0.994829925,3,3
1,bimodal,Task B ,1,2,0,0.601649552,1,2,324.9505867,2,0.700084923,1,3
1,bimodal,Task B ,1,3,1,-0.453522342,4,1,252.0817751,3,-0.475648191,4,2
1,bimodal,Task B ,1,2,1,-0.208594441,4,1,184.7875183,4,0.284377838,4,3
1,bimodal,Task B ,1,2,1,-0.198267734,3,1,293.7300191,5,-0.033739003,3,3
1,bimodal,Task B ,1,2,1,0.701789972,3,1,78.27136294,6,0.448897572,3,3
2,bimodal,Task B ,2,3,1,-0.171894848,4,2,43.61599539,1,-2.042568196,4,7
2,bimodal,Task B ,2,3,1,-0.7274222,2,2,324.9878586,2,2.31932746,2,7
2,bimodal,Task B ,2,2,0,0.347933673,1,1,279.0486838,3,0.430566642,1,6
2,bimodal,Task B ,2,4,0,0.297925045,4,1,225.7559679,4,0.760957266,4,8
2,bimodal,Task B ,1,2,1,0.106495673,4,1,285.2220777,5,-0.413032889,4,3
2,bimodal,Task B ,1,2,1,0.368341263,4,1,298.8921194,6,0.511736788,4,3
3,bimodal,Task B ,1,3,1,-0.0440539,4,1,300.5016246,1,-0.316854059,4,2
3,bimodal,Task B ,2,1,0,-0.296698524,1,1,336.948813,2,-0.030844986,1,5
3,bimodal,Task B ,2,3,1,-0.372164742,3,2,155.1800802,3,-1.839591409,3,7
3,bimodal,Task B ,2,4,1,1.327908211,3,2,260.8802172,4,-0.577540667,3,8
3,bimodal,Task B ,1,3,1,0.462141058,3,1,111.9604594,5,-0.381103114,3,2
3,bimodal,Task B ,1,3,0,-0.269966653,1,2,175.5042717,6,-0.233320826,1,2
4,bimodal,Task B ,1,2,0,-0.043721035,4,2,352.4913499,1,3.312879803,4,3
4,bimodal,Task B ,1,3,1,-0.368718394,1,1,219.2880874,2,0.076808086,1,2
4,bimodal,Task B ,1,3,1,0.909326596,3,1,58.36436971,3,0.306544688,3,2
4,bimodal,Task B ,2,2,1,0.929014798,1,2,71.48626514,4,-0.828857692,1,6
4,bimodal,Task B ,1,2,0,0.595707717,3,2,96.34399293,5,-3.475694691,3,3
4,bimodal,Task B ,2,4,1,1.847077354,3,2,51.68993768,6,-1.27795752,3,8
5,bimodal,Task B ,2,2,0,-0.991006699,4,1,182.5973889,1,0.413660436,4,6
5,bimodal,Task B ,1,3,0,0.971005148,1,2,237.5165617,2,0.925031494,1,2
5,bimodal,Task B ,1,4,0,-0.210366443,4,2,228.3539141,3,0.365793134,4,1
5,bimodal,Task B ,2,2,0,-0.708727744,2,1,231.6308654,4,-0.320397749,2,6
5,bimodal,Task B ,2,4,1,-3.305430628,1,2,231.2935984,5,-3.367890106,1,8
5,bimodal,Task B ,2,4,1,0.620643208,4,2,290.3996321,6,-1.137654417,4,8
6,bimodal,Task B ,1,2,1,0.2680336,1,1,325.5213092,1,0.387084713,1,3
6,bimodal,Task B ,1,2,1,0.439555925,4,1,209.3690454,2,0.175365518,4,3
6,bimodal,Task B ,2,2,1,-2.399501594,2,2,351.0060682,3,1.017699533,2,6
6,bimodal,Task B ,2,2,1,-2.981451686,3,2,299.0984951,4,3.338656963,3,6
6,bimodal,Task B ,2,2,0,0.447767699,1,1,205.8018491,5,0.462835644,1,6
6,bimodal,Task B ,1,2,0,-2.752051869,3,2,178.3324473,6,1.625288506,3,3
7,bimodal,Task B ,1,3,1,0.415468575,1,1,198.6181071,1,-0.229449298,1,2
7,bimodal,Task B ,1,4,0,-0.124419999,2,2,6.619582399,2,-0.483641292,2,1
7,bimodal,Task B ,1,1,0,2.162299913,1,2,141.8021149,3,0.410722364,1,4
7,bimodal,Task B ,2,1,1,-3.461268743,2,2,54.59554518,4,-0.763723654,2,5
7,bimodal,Task B ,1,1,0,0.307935726,2,2,223.0160522,5,-0.630733353,2,4
7,bimodal,Task B ,1,4,1,0.054625304,4,1,25.60001691,6,-0.029477389,4,1
8,bimodal,Task B ,1,4,1,-0.637942819,1,1,48.40762243,1,-0.469406637,1,1
8,bimodal,Task B ,2,4,1,0.837550188,4,2,290.8166652,2,-2.079901596,4,8
8,bimodal,Task B ,1,1,0,-0.648305168,3,2,138.4035553,3,-0.148748129,3,4
8,bimodal,Task B ,1,4,0,-1.302963776,3,2,209.8992179,4,0.153629272,3,1
8,bimodal,Task B ,1,4,0,-0.773334769,1,2,187.4744273,5,1.54160373,1,1
8,bimodal,Task B ,1,4,1,0.112866273,3,1,170.3853061,6,-0.543996678,3,1
9,bimodal,Task B ,2,1,0,0.018821585,1,1,12.85890957,1,0.792420896,1,5
9,bimodal,Task B ,1,1,0,-1.084544201,1,2,318.7620141,2,-1.736617555,1,4
9,bimodal,Task B ,1,3,0,-1.407556027,2,2,111.695991,3,0.613652225,2,2
9,bimodal,Task B ,1,3,1,-0.190295801,4,1,144.6795357,4,0.541752919,4,2
9,bimodal,Task B ,1,2,1,-0.102346988,1,1,125.6676884,5,-0.125491666,1,3
9,bimodal,Task B ,1,2,0,-0.264743888,1,2,261.8242502,6,-1.853144419,1,3
10,bimodal,Task B ,1,1,1,-0.720337728,4,1,110.3221947,1,-0.154292223,4,4
10,bimodal,Task B ,1,2,0,-0.921005851,1,2,171.7654965,2,0.970243811,1,3
10,bimodal,Task B ,1,2,0,0.439210423,3,2,49.30720482,3,-2.252327802,3,3
10,bimodal,Task B ,1,2,1,-0.063723218,2,1,190.6457412,4,-0.033214353,2,3
10,bimodal,Task B ,1,1,1,0.298662602,3,1,263.730521,5,0.479336035,3,4
10,bimodal,Task B ,1,2,0,-1.448067575,3,2,286.0142318,6,0.087342086,3,3
1,bimodal,Task B ,1,2,0,-0.629984914,4,2,129.9041375,1,-0.624794144,4,3
1,bimodal,Task B ,1,3,0,-1.094574856,2,2,181.9346516,2,1.039421011,2,2
1,bimodal,Task B ,2,4,1,-0.583666749,3,2,78.89570637,3,-1.529576788,3,8
1,bimodal,Task B ,1,3,1,0.088131614,2,1,170.0650881,4,0.369629149,2,2
1,bimodal,Task B ,2,4,1,2.376304221,2,2,221.5755575,5,-2.160609693,2,8
1,bimodal,Task B ,1,3,1,0.786787605,4,1,59.63239866,6,-0.18804213,4,2
2,bimodal,Task B ,1,3,1,-0.532659229,2,1,258.6533351,1,-0.115334275,2,2
2,bimodal,Task B ,2,2,1,-0.373253954,3,2,296.2993138,2,-2.417905053,3,6
2,bimodal,Task B ,2,2,1,2.093664646,3,2,186.3143984,3,1.457804024,3,6
2,bimodal,Task B ,2,1,0,0.209577858,2,1,271.0476259,4,-0.673233577,2,5
2,bimodal,Task B ,1,3,1,0.60868397,3,1,237.6328054,5,-0.766199522,3,2
2,bimodal,Task B ,1,2,1,-0.123978862,1,1,74.93792337,6,-0.059502019,1,3
3,bimodal,Task B ,1,3,1,0.014292164,2,1,358.6654071,1,0.363490897,2,2
3,bimodal,Task B ,1,4,1,-0.179158561,3,1,38.64196082,2,-0.155051262,3,1
3,bimodal,Task B ,2,3,1,0.64625476,3,2,287.6752871,3,-1.686071008,3,7
3,bimodal,Task B ,2,3,0,0.77467613,1,1,294.9244624,4,0.141811896,1,7
3,bimodal,Task B ,1,4,1,-0.012960815,3,1,48.94296553,5,-0.033850893,3,1
3,bimodal,Task B ,1,2,1,0.012942247,3,1,120.4956451,6,-0.299498633,3,3
4,bimodal,Task B ,1,2,0,-1.55330772,3,2,230.9925443,1,-1.871963391,3,3
4,bimodal,Task B ,1,1,0,-2.128079854,1,2,50.89912852,2,0.596873442,1,4
4,bimodal,Task B ,1,2,0,0.229345354,2,2,114.3078807,3,-0.08337933,2,3
4,bimodal,Task B ,2,3,1,-1.911275624,4,2,347.4598426,4,2.991185954,4,7
4,bimodal,Task B ,2,3,1,-2.661952046,2,2,238.5551477,5,-1.67386344,2,7
4,bimodal,Task B ,2,4,1,0.645710698,4,2,258.1145353,6,0.705058895,4,8
5,bimodal,Task B ,2,4,1,-1.971670486,4,2,331.8827414,1,0.726142238,4,8
5,bimodal,Task B ,1,3,0,-0.11658481,2,2,247.5886363,2,0.565668703,2,2
5,bimodal,Task B ,2,3,1,-1.266594668,3,2,352.7479513,3,1.28746315,3,7
5,bimodal,Task B ,1,4,1,-0.032712242,3,1,44.3365044,4,-0.380771185,3,1
5,bimodal,Task B ,1,2,1,0.60894948,1,1,324.3418796,5,0.170616277,1,3
5,bimodal,Task B ,1,3,0,-1.02274781,3,2,340.2337448,6,-0.228707961,3,2
6,bimodal,Task B ,2,2,1,-2.217727148,3,2,345.2464513,1,-0.152901679,3,6
6,bimodal,Task B ,1,2,1,-0.055383972,4,1,322.2890034,2,-0.053816703,4,3
6,bimodal,Task B ,2,2,1,-1.142461289,4,2,326.640927,3,-1.100621694,4,6
6,bimodal,Task B ,2,2,1,1.162342814,3,2,78.65139595,4,2.01134994,3,6
6,bimodal,Task B ,2,2,1,4.448876942,3,2,253.2752342,5,-2.090947191,3,6
6,bimodal,Task B ,2,3,1,-1.473202834,2,2,212.4844186,6,2.183690273,2,7
7,bimodal,Task B ,1,4,1,-0.29224153,1,1,50.34218388,1,-0.041109952,1,1
7,bimodal,Task B ,1,1,1,-0.332296328,2,1,333.723832,2,-0.493820653,2,4
7,bimodal,Task B ,1,4,0,0.93595376,3,2,146.8083485,3,0.322749672,3,1
7,bimodal,Task B ,1,1,0,-1.310294441,1,2,103.635779,4,-2.945822712,1,4
7,bimodal,Task B ,2,4,1,-2.929601903,3,2,74.88099884,5,-0.440076146,3,8
7,bimodal,Task B ,1,1,0,0.236088503,2,2,4.963868532,6,-3.422483223,2,4
8,bimodal,Task B ,1,4,1,0.348021772,1,1,133.0194577,1,-0.302459659,1,1
8,bimodal,Task B ,1,4,1,-0.036312971,3,1,55.26797051,2,0.057794024,3,1
8,bimodal,Task B ,1,4,1,0.141403327,3,1,161.1664282,3,0.198693375,3,1
8,bimodal,Task B ,2,4,0,0.596593405,4,1,316.2441004,4,-0.247114608,4,8
8,bimodal,Task B ,1,4,1,0.073563038,4,1,153.6071104,5,0.373824788,4,1
8,bimodal,Task B ,2,4,1,0.819783266,3,2,178.7354369,6,0.724215549,3,8
9,bimodal,Task B ,2,3,1,1.17043467,3,2,356.1592361,1,-1.564494463,3,7
9,bimodal,Task B ,1,1,0,-1.406731497,2,2,81.4510409,2,-1.245063213,2,4
9,bimodal,Task B ,2,4,0,-0.239200629,4,1,77.92979513,3,-0.48629183,4,8
9,bimodal,Task B ,1,1,1,0.315295008,4,1,96.42675432,4,-0.266704916,4,4
9,bimodal,Task B ,1,1,0,-2.050224642,2,2,125.2728216,5,-0.933470626,2,4
9,bimodal,Task B ,2,2,1,-1.822674146,4,2,41.86962107,6,-1.848599628,4,6
10,bimodal,Task B ,2,1,1,-1.577413662,2,2,338.261273,1,-0.491239713,2,5
10,bimodal,Task B ,2,3,1,-1.12660299,3,2,138.2507446,2,1.022218005,3,7
10,bimodal,Task B ,2,2,1,-1.548054874,3,2,160.5310761,3,-0.706585792,3,6
10,bimodal,Task B ,1,2,1,-0.044197263,3,1,250.0750209,4,0.411509349,3,3
10,bimodal,Task B ,1,2,1,0.681396669,4,1,282.2025802,5,0.387577493,4,3
10,bimodal,Task B ,1,2,1,-0.123300423,1,1,121.2179452,6,0.378859182,1,3
1,bimodal,Task B ,2,2,1,-0.165810605,2,2,279.5996824,1,1.430920558,2,6
1,bimodal,Task B ,1,2,0,-0.279573428,3,2,72.22967185,2,1.409373971,3,3
1,bimodal,Task B ,1,3,1,-0.090286266,2,1,237.3316357,3,0.332105781,2,2
1,bimodal,Task B ,1,2,1,-0.090773998,4,1,136.0233492,4,0.080493444,4,3
1,bimodal,Task B ,1,3,1,0.290883325,2,1,56.25664396,5,0.151650363,2,2
1,bimodal,Task B ,2,4,1,2.132504621,4,2,110.7166247,6,-0.546083231,4,8
2,bimodal,Task B ,2,4,1,1.906451226,4,2,156.6679937,1,-0.567914453,4,8
2,bimodal,Task B ,1,2,0,0.888949133,1,2,69.23830685,2,0.668896198,1,3
2,bimodal,Task B ,1,2,1,0.245196618,2,1,284.7431025,3,-0.29469451,2,3
2,bimodal,Task B ,2,2,1,-1.432788428,3,2,73.34265069,4,-1.027698767,3,6
2,bimodal,Task B ,2,1,1,-1.105105787,1,2,280.8131718,5,-1.79591301,1,5
2,bimodal,Task B ,2,4,1,2.671514182,4,2,278.6884119,6,-1.252915888,4,8
3,bimodal,Task B ,1,4,1,0.302240369,1,1,204.9707769,1,0.230741593,1,1
3,bimodal,Task B ,1,4,1,0.274755727,1,1,260.4496906,2,0.392103672,1,1
3,bimodal,Task B ,1,3,1,-0.133326142,1,1,230.7518764,3,0.145917772,1,2
3,bimodal,Task B ,2,2,1,0.810677657,2,2,181.71622,4,0.469264556,2,6
3,bimodal,Task B ,2,1,1,0.786940396,2,2,42.66526191,5,0.276643369,2,5
3,bimodal,Task B ,2,3,1,-1.393094257,4,2,196.121997,6,-1.274308386,4,7
4,bimodal,Task B ,2,4,1,-1.100121975,4,2,351.586123,1,-3.051896186,4,8
4,bimodal,Task B ,1,3,1,-0.31174301,3,1,203.4005194,2,-0.344031681,3,2
4,bimodal,Task B ,1,1,1,-0.458500542,1,1,284.9069198,3,-0.536328944,1,4
4,bimodal,Task B ,1,3,0,-1.654816935,4,2,121.4846334,4,-0.199140969,4,2
4,bimodal,Task B ,2,2,1,1.219714353,2,2,225.1437924,5,0.780856431,2,6
4,bimodal,Task B ,1,3,0,-0.604064617,4,2,30.7295928,6,0.614912939,4,2
5,bimodal,Task B ,2,3,1,0.479282576,4,2,232.9983093,1,1.588567701,4,7
5,bimodal,Task B ,1,2,0,0.368791765,2,2,220.843419,2,0.656136271,2,3
5,bimodal,Task B ,1,2,1,-0.035947014,3,1,250.528408,3,0.035619889,3,3
5,bimodal,Task B ,2,1,0,0.405833102,4,1,90.32830514,4,0.631407251,4,5
5,bimodal,Task B ,2,3,1,-0.616409176,3,2,186.220037,5,-0.000576304,3,7
5,bimodal,Task B ,1,1,0,0.91295055,2,2,352.0513361,6,-1.560485885,2,4
6,bimodal,Task B ,1,2,1,0.527605777,2,1,323.8055326,1,-0.430872586,2,3
6,bimodal,Task B ,1,2,1,-0.075244624,1,1,217.3927059,2,0.343606849,1,3
6,bimodal,Task B ,2,2,0,-0.022823669,3,1,351.9713148,3,-0.10586016,3,6
6,bimodal,Task B ,1,2,1,0.127810857,2,1,134.4705335,4,0.702966685,2,3
6,bimodal,Task B ,1,1,1,0.075034292,4,1,199.5267545,5,0.192600998,4,4
6,bimodal,Task B ,1,1,1,0.42607845,1,1,34.33574076,6,0.191865824,1,4
7,bimodal,Task B ,1,4,0,0.422272087,2,2,25.42700429,1,0.500612196,2,1
7,bimodal,Task B ,2,4,1,-2.35273576,2,2,338.1267574,2,1.152836033,2,8
7,bimodal,Task B ,1,1,1,0.315704065,2,1,329.176493,3,-0.022350347,2,4
7,bimodal,Task B ,1,1,1,-0.079174586,1,1,330.1017757,4,-0.709936581,1,4
7,bimodal,Task B ,1,4,1,0.147694768,2,1,18.7637248,5,0.663661889,2,1
7,bimodal,Task B ,2,1,1,-0.350992225,2,2,3.003818949,6,-0.980477154,2,5
8,bimodal,Task B ,2,4,1,-1.907615048,2,2,52.16316094,1,-0.530512354,2,8
8,bimodal,Task B ,2,4,1,-2.363897462,2,2,178.6726773,2,-1.531774151,2,8
8,bimodal,Task B ,1,4,1,0.196921853,1,1,331.5523912,3,-0.049836119,1,1
8,bimodal,Task B ,2,4,1,1.64416176,3,2,212.2907607,4,-0.505928772,3,8
8,bimodal,Task B ,2,4,1,-1.15819826,2,2,189.2356605,5,-0.513122583,2,8
8,bimodal,Task B ,1,4,0,0.192328756,4,2,223.0216866,6,-0.216273793,4,1
9,bimodal,Task B ,2,4,1,-0.521185759,4,2,329.5835209,1,1.57079445,4,8
9,bimodal,Task B ,1,1,0,-0.927880102,1,2,301.1858555,2,-0.31944591,1,4
9,bimodal,Task B ,1,2,1,-0.280116468,3,1,70.10759267,3,-0.153945414,3,3
9,bimodal,Task B ,1,3,1,-0.32442816,1,1,355.9757732,4,-0.08375595,1,2
9,bimodal,Task B ,2,2,1,0.410523442,1,2,169.3225175,5,-2.503304722,1,6
9,bimodal,Task B ,2,2,1,-1.326418366,2,2,3.668887682,6,0.092396697,2,6
10,bimodal,Task B ,1,1,1,0.045298689,4,1,319.4108312,1,0.113155044,4,4
10,bimodal,Task B ,1,2,1,-0.410026798,4,1,119.8552421,2,0.195280645,4,3
10,bimodal,Task B ,1,2,1,-0.193858032,4,1,62.38827513,3,0.048175266,4,3
10,bimodal,Task B ,1,1,1,-0.166349949,3,1,331.7051329,4,-0.04665834,3,4
10,bimodal,Task B ,1,1,1,-0.365545174,4,1,328.7220287,5,0.114482648,4,4
10,bimodal,Task B ,1,1,1,-0.392652747,4,1,177.3385346,6,0.234705889,4,4
1,bimodal,Task B ,2,3,1,-2.096658079,4,2,124.4873937,1,-0.448225826,4,7
1,bimodal,Task B ,1,3,1,0.034295962,4,1,277.7838025,2,-0.161305185,4,2
1,bimodal,Task B ,2,1,1,-0.838976113,1,2,188.3462995,3,-2.690654788,1,5
1,bimodal,Task B ,1,3,0,-0.167933479,1,2,11.87696706,4,0.922379041,1,2
1,bimodal,Task B ,1,2,1,-0.002840022,3,1,108.8977576,5,-0.198522831,3,3
1,bimodal,Task B ,1,2,1,0.082871874,3,1,299.019261,6,0.108732095,3,3
2,bimodal,Task B ,1,2,1,0.518688185,2,1,206.3553223,1,0.282708017,2,3
2,bimodal,Task B ,2,3,0,-0.893549228,4,1,261.1988741,2,0.040176184,4,7
2,bimodal,Task B ,1,2,1,-0.026980525,3,1,2.324324394,3,0.226748798,3,3
2,bimodal,Task B ,1,1,1,-0.464583141,2,1,205.5471194,4,0.206716974,2,4
2,bimodal,Task B ,2,1,1,0.556335437,4,2,329.5575644,5,-3.197802719,4,5
2,bimodal,Task B ,1,3,0,1.126336271,1,2,305.1879076,6,-0.017897741,1,2
3,bimodal,Task B ,2,4,1,-1.385486017,2,2,134.1463575,1,-1.044377844,2,8
3,bimodal,Task B ,2,1,0,0.385331959,3,1,227.33317,2,-0.332373615,3,5
3,bimodal,Task B ,1,1,0,-0.072193532,2,2,13.91897123,3,-0.920502724,2,4
3,bimodal,Task B ,2,2,0,0.815899072,2,1,20.10734089,4,-0.355483712,2,6
3,bimodal,Task B ,2,4,1,1.954566302,2,2,256.8980607,5,1.545268154,2,8
3,bimodal,Task B ,1,3,1,-0.049743207,4,1,196.1832838,6,0.021805661,4,2
4,bimodal,Task B ,1,2,0,-0.381476777,2,2,141.946468,1,-1.029179766,2,3
4,bimodal,Task B ,2,4,1,1.571846149,3,2,33.44405588,2,-2.304962551,3,8
4,bimodal,Task B ,1,4,1,0.251418273,4,1,204.4380061,3,0.051500542,4,1
4,bimodal,Task B ,2,3,1,-1.193126236,3,2,137.1470081,4,0.195414276,3,7
4,bimodal,Task B ,1,1,1,0.113594207,1,1,287.6395539,5,-0.15520814,1,4
4,bimodal,Task B ,1,2,1,0.418349709,4,1,49.67157272,6,-0.22214641,4,3
5,bimodal,Task B ,1,2,1,0.004931868,1,1,56.49229077,1,0.252980271,1,3
5,bimodal,Task B ,1,4,1,-0.132960209,3,1,141.0951361,2,0.396536332,3,1
5,bimodal,Task B ,1,1,1,0.626032399,4,1,31.25905076,3,0.124068025,4,4
5,bimodal,Task B ,1,4,1,0.136512483,1,1,36.8121108,4,-0.182968835,1,1
5,bimodal,Task B ,2,4,1,-1.158467198,3,2,291.3772825,5,1.032815001,3,8
5,bimodal,Task B ,1,4,1,-0.117083099,2,1,115.717215,6,0.599971793,2,1
6,bimodal,Task B ,1,2,0,0.105561376,3,2,177.4572543,1,0.935013721,3,3
6,bimodal,Task B ,1,2,1,0.34787417,2,1,317.6796763,2,0.280123689,2,3
6,bimodal,Task B ,1,2,1,-0.58796163,2,1,279.8290788,3,-0.07851585,2,3
6,bimodal,Task B ,1,2,1,-0.17440722,2,1,49.31713519,4,0.570191021,2,3
6,bimodal,Task B ,1,1,1,0.067822774,3,1,215.1705407,5,0.344188566,3,4
6,bimodal,Task B ,2,2,0,0.579318748,2,1,3.45292479,6,0.07230623,2,6
7,bimodal,Task B ,1,3,1,-0.216040508,1,1,177.8893312,1,-0.405914976,1,2
7,bimodal,Task B ,1,4,1,-0.433467017,3,1,103.8870543,2,-0.046028191,3,1
7,bimodal,Task B ,1,1,0,0.38633759,1,2,97.54415432,3,-0.321757902,1,4
7,bimodal,Task B ,2,1,1,2.400450122,1,2,98.0168801,4,-1.533815768,1,5
7,bimodal,Task B ,1,4,1,0.337574102,4,1,146.0841265,5,-0.297929106,4,1
7,bimodal,Task B ,1,4,1,0.204383079,4,1,317.6013345,6,-0.027611568,4,1
8,bimodal,Task B ,1,4,1,0.126696935,3,1,156.50855,1,0.260060412,3,1
8,bimodal,Task B ,1,4,1,0.110604138,3,1,316.9712171,2,0.014962705,3,1
8,bimodal,Task B ,1,4,1,0.314640205,4,1,118.3283078,3,-0.652349829,4,1
8,bimodal,Task B ,1,4,1,-0.11910635,4,1,4.629849923,4,0.585488734,4,1
8,bimodal,Task B ,2,4,0,0.5647874,1,1,60.61278131,5,0.034390601,1,8
8,bimodal,Task B ,2,4,0,-0.49662768,2,1,358.1368727,6,0.167556952,2,8
9,bimodal,Task B ,2,3,0,-0.315396951,4,1,234.6234022,1,-0.142806184,4,7
9,bimodal,Task B ,2,2,1,-1.649719373,4,2,114.3253928,2,0.298352921,4,6
9,bimodal,Task B ,2,1,1,0.484496712,1,2,46.42704752,3,1.46606319,1,5
9,bimodal,Task B ,2,2,0,0.054997044,1,1,103.4212372,4,0.625914229,1,6
9,bimodal,Task B ,2,2,1,-3.700365433,2,2,352.4578069,5,1.86975475,2,6
9,bimodal,Task B ,2,1,1,-0.963301565,1,2,229.3855715,6,0.458983142,1,5
10,bimodal,Task B ,1,1,0,0.384831882,1,2,139.9988596,1,-2.99723481,1,4
10,bimodal,Task B ,1,2,1,-0.487542201,4,1,140.0391844,2,0.384455745,4,3
10,bimodal,Task B ,2,2,1,0.56038121,3,2,40.35396985,3,1.610476038,3,6
10,bimodal,Task B ,1,2,1,-0.329979726,1,1,147.6583279,4,0.345721773,1,3
10,bimodal,Task B ,1,2,1,-0.196046017,3,1,87.47558469,5,0.429876128,3,3
10,bimodal,Task B ,1,2,1,-0.113934629,1,1,2.411698543,6,-0.10489432,1,3
1,bimodal,Task B ,2,2,1,-0.455122986,2,2,235.8122216,1,-1.712431318,2,6
1,bimodal,Task B ,2,1,0,-0.066261763,1,1,224.4023997,2,0.097192831,1,5
1,bimodal,Task B ,1,2,1,-0.669131232,1,1,297.2914065,3,0.393219122,1,3
1,bimodal,Task B ,2,1,1,1.737054076,1,2,219.9534963,4,0.993217637,1,5
1,bimodal,Task B ,1,2,1,0.354506673,2,1,283.5290331,5,-0.120077015,2,3
1,bimodal,Task B ,1,3,1,0.305196181,4,1,317.3050262,6,0.65188753,4,2
2,bimodal,Task B ,2,2,1,-1.544517296,1,2,8.733674066,1,-0.231957709,1,6
2,bimodal,Task B ,1,2,1,-0.031756106,4,1,179.0015992,2,0.171719887,4,3
2,bimodal,Task B ,2,2,1,-2.311239934,2,2,123.2366712,3,1.49705371,2,6
2,bimodal,Task B ,2,1,0,-0.154528352,4,1,171.8784152,4,-0.342164362,4,5
2,bimodal,Task B ,1,2,0,-0.157481636,2,2,306.0675846,5,-1.936970005,2,3
2,bimodal,Task B ,1,2,0,-0.307144736,1,2,332.7221642,6,-0.350120482,1,3
3,bimodal,Task B ,1,2,1,0.291096618,3,1,351.5133242,1,0.223015844,3,3
3,bimodal,Task B ,1,4,1,0.235276947,4,1,343.1408818,2,-0.201692208,4,1
3,bimodal,Task B ,2,4,1,1.752519988,1,2,255.6955856,3,0.81676281,1,8
3,bimodal,Task B ,2,1,0,-0.053111202,2,1,225.887117,4,-0.587903235,2,5
3,bimodal,Task B ,1,4,1,-0.29839633,3,1,287.0125433,5,0.103179264,3,1
3,bimodal,Task B ,1,3,1,-0.066602666,3,1,104.491463,6,0.348830999,3,2
4,bimodal,Task B ,1,2,1,-0.268068225,1,1,339.3589075,1,0.127736489,1,3
4,bimodal,Task B ,1,2,1,0.577565659,4,1,347.5459236,2,0.319488198,4,3
4,bimodal,Task B ,1,1,1,0.289274808,4,1,65.90557025,3,-0.185178928,4,4
4,bimodal,Task B ,2,2,1,-0.537690245,2,2,89.58739684,4,-0.22849778,2,6
4,bimodal,Task B ,1,2,0,0.470997725,3,2,96.38201301,5,0.601426508,3,3
4,bimodal,Task B ,2,4,1,1.762352058,3,2,28.33978605,6,-2.073691242,3,8
5,bimodal,Task B ,2,2,1,-0.865055937,1,2,64.75341803,1,1.460252789,1,6
5,bimodal,Task B ,1,4,1,0.205592573,4,1,32.06364547,2,0.123262278,4,1
5,bimodal,Task B ,1,4,1,-0.237560242,1,1,29.70906674,3,-0.088609125,1,1
5,bimodal,Task B ,1,4,0,-0.051070572,2,2,57.88108205,4,-2.792530402,2,1
5,bimodal,Task B ,1,4,1,0.285969634,3,1,186.09076,5,-0.23329884,3,1
5,bimodal,Task B ,1,4,1,0.31448306,3,1,327.3411295,6,-0.564510736,3,1
6,bimodal,Task B ,2,2,1,-1.689822534,1,2,152.9652404,1,-1.311000004,1,6
6,bimodal,Task B ,1,2,1,0.130263297,1,1,128.6850753,2,-1.204437247,1,3
6,bimodal,Task B ,2,2,0,-1.132013701,4,1,219.4452006,3,0.002076738,4,6
6,bimodal,Task B ,1,2,1,-0.375091742,3,1,97.03731981,4,0.137706204,3,3
6,bimodal,Task B ,1,2,0,0.529771896,3,2,212.601749,5,0.557659907,3,3
6,bimodal,Task B ,1,1,1,0.08257261,4,1,118.6930195,6,0.410084134,4,4
7,bimodal,Task B ,1,4,0,1.050971017,1,2,31.47485374,1,0.943856852,1,1
7,bimodal,Task B ,1,1,1,-0.426753407,4,1,238.4109174,2,-0.241955619,4,4
7,bimodal,Task B ,1,4,1,0.14051259,2,1,339.0082654,3,-0.061482551,2,1
7,bimodal,Task B ,2,4,1,0.861260705,4,2,143.7100137,4,1.279574563,4,8
7,bimodal,Task B ,1,1,0,0.313551988,1,2,327.7708797,5,1.015952361,1,4
7,bimodal,Task B ,1,1,0,1.303837315,1,2,337.0802232,6,1.145454106,1,4
8,bimodal,Task B ,2,4,1,-1.090091779,2,2,94.67522786,1,-0.274689523,2,8
8,bimodal,Task B ,1,4,0,-0.406419472,2,2,192.6473972,2,1.318271699,2,1
8,bimodal,Task B ,2,4,1,-1.941007537,3,2,73.35208873,3,1.976417253,3,8
8,bimodal,Task B ,2,4,1,2.495951568,2,2,52.00176142,4,-3.001656021,2,8
8,bimodal,Task B ,2,4,1,0.605909401,4,2,17.19464144,5,-1.394894333,4,8
8,bimodal,Task B ,1,4,1,-0.101045474,2,1,342.9804966,6,-0.462151022,2,1
9,bimodal,Task B ,1,4,0,0.598844186,3,2,268.4595945,1,1.415910028,3,1
9,bimodal,Task B ,2,1,0,-0.508029394,1,1,314.802601,2,0.514289209,1,5
9,bimodal,Task B ,2,4,0,-0.698481856,4,1,189.5696958,3,-0.06685649,4,8
9,bimodal,Task B ,2,2,0,-0.396028281,2,1,336.3418409,4,0.292215104,2,6
9,bimodal,Task B ,1,3,1,-0.539947698,4,1,17.84296733,5,-0.34062819,4,2
9,bimodal,Task B ,1,3,1,0.155105475,1,1,13.5864796,6,0.147869439,1,2
10,bimodal,Task B ,1,2,1,0.08727057,4,1,190.9170502,1,-0.399702898,4,3
10,bimodal,Task B ,1,1,0,1.187720975,3,2,218.6992915,2,-1.429018643,3,4
10,bimodal,Task B ,1,2,1,-0.601408352,4,1,225.437492,3,-0.544768613,4,3
10,bimodal,Task B ,1,2,1,-0.174824625,4,1,289.809204,4,0.14249349,4,3
10,bimodal,Task B ,1,2,0,-0.14739752,1,2,44.08278284,5,1.744126181,1,3
10,bimodal,Task B ,1,2,1,0.376640561,4,1,345.3118661,6,-0.111979452,4,3
1,bimodal,Task B ,1,2,1,-0.088035947,2,1,357.7440033,1,-0.219350825,2,3
1,bimodal,Task B ,1,2,1,-0.715116988,3,1,359.3643067,2,0.311099494,3,3
1,bimodal,Task B ,2,4,1,3.287708055,1,2,26.70953326,3,0.495734109,1,8
1,bimodal,Task B ,2,4,1,-1.46226221,4,2,231.2564239,4,-2.659298357,4,8
1,bimodal,Task B ,2,1,0,-0.543638945,1,1,223.6252197,5,0.47725232,1,5
1,bimodal,Task B ,2,1,1,-1.013806737,1,2,293.7016098,6,1.039594058,1,5
2,bimodal,Task B ,1,3,1,0.172091051,4,1,55.88797246,1,0.254181791,4,2
2,bimodal,Task B ,1,2,1,-0.09622572,2,1,44.9894525,2,-0.076863325,2,3
2,bimodal,Task B ,2,3,1,-1.596104082,2,2,244.6702546,3,1.40678471,2,7
2,bimodal,Task B ,1,2,1,0.273877473,3,1,31.27021084,4,-0.132841278,3,3
2,bimodal,Task B ,2,2,1,-2.169516997,1,2,206.6709439,5,-1.117638001,1,6
2,bimodal,Task B ,1,3,0,-0.62641532,1,2,70.44984821,6,0.221917541,1,2
3,bimodal,Task B ,1,4,1,-0.177727879,1,1,66.38383047,1,0.205925562,1,1
3,bimodal,Task B ,1,1,0,-0.622235464,1,2,150.2554875,2,0.008720244,1,4
3,bimodal,Task B ,2,3,1,-0.180196025,1,2,146.5357547,3,1.752684175,1,7
3,bimodal,Task B ,2,4,1,-2.212279615,4,2,115.4427598,4,-1.850235374,4,8
3,bimodal,Task B ,1,3,0,0.697778116,4,2,31.62169491,5,1.111355581,4,2
3,bimodal,Task B ,2,1,1,0.564543584,3,2,134.8254413,6,1.622211485,3,5
4,bimodal,Task B ,2,4,0,0.974779282,1,1,349.8056767,1,0.029318051,1,8
4,bimodal,Task B ,1,3,1,0.140462667,4,1,35.44467723,2,0.401881865,4,2
4,bimodal,Task B ,1,1,1,0.253167752,1,1,55.41382082,3,0.28116523,1,4
4,bimodal,Task B ,2,3,1,-1.679932174,1,2,23.74943322,4,-0.243364017,1,7
4,bimodal,Task B ,1,3,0,0.460868752,3,2,185.3238261,5,0.272059495,3,2
4,bimodal,Task B ,1,2,1,-0.121160721,1,1,147.3598926,6,0.232769708,1,3
5,bimodal,Task B ,1,4,1,-0.145016013,3,1,118.1557308,1,-0.186022333,3,1
5,bimodal,Task B ,1,3,1,-0.183344864,4,1,286.2575217,2,-0.317913968,4,2
5,bimodal,Task B ,2,4,0,-0.406844128,1,1,345.4615075,3,-0.074041103,1,8
5,bimodal,Task B ,2,4,0,-0.611272322,1,1,314.2132642,4,0.24258501,1,8
5,bimodal,Task B ,1,4,0,-0.114499488,2,2,141.4916446,5,-1.645400292,2,1
5,bimodal,Task B ,2,4,1,-1.558372855,4,2,82.52812525,6,1.562256955,4,8
6,bimodal,Task B ,2,2,0,-0.397045655,1,1,125.4120859,1,0.192750247,1,6
6,bimodal,Task B ,2,2,1,0.814157699,4,2,309.4966507,2,-1.43288709,4,6
6,bimodal,Task B ,1,2,0,1.46175171,3,2,352.93361,3,1.735071946,3,3
6,bimodal,Task B ,1,2,1,0.405127236,2,1,48.26578263,4,-0.004830292,2,3
6,bimodal,Task B ,1,2,1,0.120660041,3,1,84.11933642,5,0.352521901,3,3
6,bimodal,Task B ,1,1,0,0.318994349,3,2,275.4775779,6,0.830854186,3,4
7,bimodal,Task B ,1,4,1,-0.387239684,2,1,329.7160733,1,0.28155135,2,1
7,bimodal,Task B ,1,4,0,0.495315488,4,2,56.01608217,2,1.487782601,4,1
7,bimodal,Task B ,1,4,1,-0.323388072,3,1,299.4342413,3,-0.661641948,3,1
7,bimodal,Task B ,2,1,1,-0.204318726,4,2,229.3671721,4,0.036368452,4,5
7,bimodal,Task B ,2,4,1,-2.20338489,4,2,26.73914887,5,-0.176633963,4,8
7,bimodal,Task B ,2,1,1,2.079802742,2,2,326.7125203,6,-0.806197331,2,5
8,bimodal,Task B ,2,4,1,-2.008290984,2,2,31.95892021,1,0.893623045,2,8
8,bimodal,Task B ,1,4,1,-0.240898452,1,1,354.6749201,2,0.028112169,1,1
8,bimodal,Task B ,1,4,0,-0.440309538,2,2,14.79116793,3,-0.050705868,2,1
8,bimodal,Task B ,2,4,1,0.674356795,3,2,288.4115623,4,1.526518851,3,8
8,bimodal,Task B ,1,4,0,0.425186076,2,2,245.4343562,5,2.124083647,2,1
8,bimodal,Task B ,1,4,0,0.191753229,2,2,139.0227437,6,1.281054558,2,1
9,bimodal,Task B ,1,1,1,-0.724642546,1,1,36.09593808,1,0.363532606,1,4
9,bimodal,Task B ,2,1,0,0.33572347,2,1,302.1114173,2,-0.043444248,2,5
9,bimodal,Task B ,2,1,0,0.092389121,1,1,32.53694183,3,-0.581511066,1,5
9,bimodal,Task B ,1,3,1,0.087931125,3,1,153.1737712,4,-0.27484729,3,2
9,bimodal,Task B ,2,2,0,0.197198503,3,1,330.3225813,5,-0.103040285,3,6
9,bimodal,Task B ,1,2,1,0.144633977,3,1,60.95639718,6,-0.200958964,3,3
10,bimodal,Task B ,2,1,0,0.710938407,2,1,221.2800093,1,0.322065121,2,5
10,bimodal,Task B ,1,2,0,-1.120533859,3,2,300.8586348,2,-0.630758159,3,3
10,bimodal,Task B ,1,2,1,-0.119407546,2,1,161.5528853,3,0.065580964,2,3
10,bimodal,Task B ,1,1,1,-0.192294083,4,1,58.17452164,4,0.25210031,4,4
10,bimodal,Task B ,1,1,1,0.088171872,2,1,336.6195913,5,0.300336626,2,4
10,bimodal,Task B ,1,2,1,0.03917005,3,1,32.24971162,6,0.164271444,3,3
1,bimodal,Task B ,1,3,1,0.120185326,3,1,259.9251516,1,0.315006119,3,2
1,bimodal,Task B ,2,1,0,-0.13325376,2,1,207.7425105,2,0.374013844,2,5
1,bimodal,Task B ,2,1,1,0.857273785,1,2,227.3764632,3,2.05071848,1,5
1,bimodal,Task B ,1,4,0,-0.673022786,4,2,23.06714761,4,0.187159923,4,1
1,bimodal,Task B ,1,2,0,0.876962704,1,2,19.72479162,5,-0.589276231,1,3
1,bimodal,Task B ,1,3,1,-0.348078264,4,1,187.8487292,6,0.235316397,4,2
2,bimodal,Task B ,2,3,1,0.885594473,2,2,141.232943,1,2.084747565,2,7
2,bimodal,Task B ,2,3,1,-0.335289346,4,2,259.2853228,2,-2.801867814,4,7
2,bimodal,Task B ,1,2,1,-0.644163818,1,1,93.62756329,3,-0.173069806,1,3
2,bimodal,Task B ,2,2,0,-0.466254312,2,1,31.12289819,4,-0.27984446,2,6
2,bimodal,Task B ,1,2,1,-0.286165546,4,1,286.3466227,5,-0.3147004,4,3
2,bimodal,Task B ,1,3,1,-0.068316138,4,1,204.9378303,6,0.163022373,4,2
3,bimodal,Task B ,1,3,1,0.582753563,4,1,242.9595156,1,0.207369179,4,2
3,bimodal,Task B ,1,3,1,-0.05297433,3,1,273.6088081,2,0.459391291,3,2
3,bimodal,Task B ,1,3,1,-0.21466253,2,1,81.38071211,3,-0.125870905,2,2
3,bimodal,Task B ,1,2,1,-0.353438842,2,1,26.74200552,4,-0.190411193,2,3
3,bimodal,Task B ,1,3,1,-0.086949413,4,1,100.3959492,5,0.274373512,4,2
3,bimodal,Task B ,2,3,1,-1.338666694,4,2,308.8163473,6,-1.440382979,4,7
4,bimodal,Task B ,2,3,0,0.403125954,1,1,29.40472325,1,0.066283668,1,7
4,bimodal,Task B ,1,2,1,-0.531661714,1,1,307.1441722,2,0.219776716,1,3
4,bimodal,Task B ,2,2,1,0.379633097,4,2,287.6452719,3,-0.512437115,4,6
4,bimodal,Task B ,2,2,0,0.729868085,2,1,327.3389191,4,0.415343327,2,6
4,bimodal,Task B ,1,1,1,0.160839581,1,1,45.03684855,5,0.659297705,1,4
4,bimodal,Task B ,2,4,1,2.039096199,4,2,52.55264814,6,1.931768402,4,8
5,bimodal,Task B ,1,4,0,0.099372137,4,2,78.07362921,1,1.940490393,4,1
5,bimodal,Task B ,1,4,1,-0.273157726,2,1,85.51171027,2,0.134662841,2,1
5,bimodal,Task B ,1,4,1,0.003401674,4,1,0.82781723,3,-0.105169578,4,1
5,bimodal,Task B ,2,4,1,-2.305343312,2,2,311.6558593,4,1.28569736,2,8
5,bimodal,Task B ,1,4,1,-0.094311171,4,1,131.7558218,5,-0.449025085,4,1
5,bimodal,Task B ,2,4,0,-0.992569753,3,1,50.3866063,6,-0.211857703,3,8
6,bimodal,Task B ,2,2,1,-0.79519617,3,2,259.5605314,1,-1.521408777,3,6
6,bimodal,Task B ,1,2,1,0.385612183,2,1,132.3955775,2,-0.040332359,2,3
6,bimodal,Task B ,1,2,0,-0.255103008,2,2,15.72439659,3,-1.36818589,2,3
6,bimodal,Task B ,2,2,1,1.815095827,4,2,26.7470525,4,-0.304425309,4,6
6,bimodal,Task B ,2,1,1,-2.336371852,1,2,235.2578149,5,1.578837739,1,5
6,bimodal,Task B ,1,2,1,0.392554414,3,1,107.3530354,6,0.454264709,3,3
7,bimodal,Task B ,1,1,0,-2.365834338,1,2,293.008448,1,-0.182902443,1,4
7,bimodal,Task B ,1,4,0,0.471484908,3,2,308.5036723,2,-2.960553392,3,1
7,bimodal,Task B ,1,1,1,0.262745688,4,1,329.6299053,3,0.076400589,4,4
7,bimodal,Task B ,1,4,1,0.590032147,3,1,289.9903914,4,-0.093410698,3,1
7,bimodal,Task B ,1,4,1,-0.132796652,3,1,52.8299197,5,-0.258897023,3,1
7,bimodal,Task B ,1,1,1,0.68657279,2,1,116.4183426,6,0.333867689,2,4
8,bimodal,Task B ,2,4,1,-2.068139366,2,2,276.5412276,1,-0.447458033,2,8
8,bimodal,Task B ,2,4,1,-2.553309108,2,2,291.6779593,2,1.364740324,2,8
8,bimodal,Task B ,1,4,1,0.33585645,3,1,165.2047771,3,-0.356516758,3,1
8,bimodal,Task B ,2,4,1,-1.575410431,2,2,259.3280766,4,2.231808755,2,8
8,bimodal,Task B ,2,4,1,-0.046890101,2,2,162.291802,5,0.670757081,2,8
8,bimodal,Task B ,1,4,1,0.266199905,4,1,19.7929568,6,0.164464366,4,1
9,bimodal,Task B ,1,2,0,-1.073247569,4,2,3.141330676,1,1.932497479,4,3
9,bimodal,Task B ,1,1,1,-0.272394685,4,1,88.58142884,2,0.052169403,4,4
9,bimodal,Task B ,1,2,1,0.807718676,1,1,245.3316644,3,-0.423890377,1,3
9,bimodal,Task B ,1,3,1,0.087549414,4,1,27.7236398,4,-0.357858313,4,2
9,bimodal,Task B ,1,2,0,-0.153415278,1,2,247.3875122,5,1.118471239,1,3
9,bimodal,Task B ,1,1,1,-0.42845208,2,1,231.7400042,6,0.155467128,2,4
10,bimodal,Task B ,1,2,1,-0.406816051,4,1,110.5758523,1,0.057819961,4,3
10,bimodal,Task B ,2,1,1,2.042161949,2,2,211.3198296,2,-1.867827513,2,5
10,bimodal,Task B ,1,1,1,0.221965915,1,1,194.1473356,3,-0.109226023,1,4
10,bimodal,Task B ,2,1,1,-2.449585926,2,2,237.7362866,4,0.025913174,2,5
10,bimodal,Task B ,1,1,1,-0.333862944,1,1,195.1306285,5,0.71132893,1,4
10,bimodal,Task B ,1,2,1,0.563283904,1,1,311.9030978,6,0.370371088,1,3
1,bimodal,Task B ,1,3,1,-0.498026256,4,1,255.4209777,1,-0.02090182,4,2
1,bimodal,Task B ,1,2,1,-0.672488173,4,1,180.4655264,2,0.458157083,4,3
1,bimodal,Task B ,2,2,1,-1.854823632,1,2,104.2350415,3,-0.580733688,1,6
1,bimodal,Task B ,1,3,1,-0.307566536,3,1,226.1481685,4,-0.013692609,3,2
1,bimodal,Task B ,2,4,1,1.472178743,1,2,343.7511861,5,3.453157949,1,8
1,bimodal,Task B ,2,4,1,-3.076214842,2,2,26.48413829,6,-1.581968142,2,8
2,bimodal,Task B ,1,2,1,-0.017036219,2,1,269.2469985,1,0.352358683,2,3
2,bimodal,Task B ,1,3,1,0.448345071,2,1,124.2389505,2,-0.633191681,2,2
2,bimodal,Task B ,2,1,1,-1.419945212,3,2,288.8985899,3,2.644506205,3,5
2,bimodal,Task B ,1,2,1,-0.33186695,3,1,301.7339025,4,-0.146706719,3,3
2,bimodal,Task B ,2,3,1,0.182946033,1,2,33.16576289,5,2.255312404,1,7
2,bimodal,Task B ,2,3,0,0.555941515,3,1,63.23522073,6,0.358885015,3,7
3,bimodal,Task B ,1,4,1,-0.136888965,4,1,66.31699594,1,-0.032253883,4,1
3,bimodal,Task B ,2,2,0,0.449280628,2,1,154.7235409,2,0.327090658,2,6
3,bimodal,Task B ,1,3,0,0.383945956,3,2,310.0089293,3,1.282967597,3,2
3,bimodal,Task B ,2,3,1,1.445431063,4,2,150.9826934,4,1.102829427,4,7
3,bimodal,Task B ,1,3,0,0.193963261,1,2,6.600153953,5,0.58408362,1,2
3,bimodal,Task B ,1,2,1,0.07194972,2,1,173.3247475,6,-0.307304578,2,3
4,bimodal,Task B ,1,1,0,0.264356525,3,2,275.7757305,1,0.504551749,3,4
4,bimodal,Task B ,1,1,1,-0.320531683,2,1,326.5421325,2,0.581140114,2,4
4,bimodal,Task B ,1,2,1,-0.357901052,3,1,325.8235499,3,0.076924119,3,3
4,bimodal,Task B ,1,1,1,0.147943229,2,1,325.5181923,4,0.242816971,2,4
4,bimodal,Task B ,2,4,1,2.219366692,4,2,275.5017456,5,1.033257996,4,8
4,bimodal,Task B ,1,2,1,-0.036902888,1,1,347.8231131,6,-0.700863543,1,3
5,bimodal,Task B ,1,1,1,0.347399617,1,1,138.4316945,1,0.153590815,1,4
5,bimodal,Task B ,1,2,1,-0.553003128,1,1,188.6528819,2,-0.756017254,1,3
5,bimodal,Task B ,1,4,1,-0.224290616,2,1,106.1249311,3,0.032763071,2,1
5,bimodal,Task B ,2,4,1,-1.0394057,4,2,340.9107201,4,-1.104669107,4,8
5,bimodal,Task B ,1,4,1,0.069779349,3,1,34.66504824,5,-0.440837498,3,1
5,bimodal,Task B ,2,1,1,0.163549229,1,2,38.70872107,6,-2.683027398,1,5
6,bimodal,Task B ,1,2,1,0.573109009,4,1,346.08162,1,-0.309929137,4,3
6,bimodal,Task B ,1,2,1,0.176394447,2,1,8.678908753,2,0.702691201,2,3
6,bimodal,Task B ,2,2,0,-0.468818917,1,1,94.53573253,3,0.414474987,1,6
6,bimodal,Task B ,1,2,1,-0.156712344,3,1,235.4445064,4,0.136378748,3,3
6,bimodal,Task B ,1,2,1,-0.090217601,3,1,265.9300247,5,0.25668957,3,3
6,bimodal,Task B ,2,3,1,-0.082639834,2,2,272.3436308,6,1.242615302,2,7
7,bimodal,Task B ,1,1,0,0.447223888,3,2,151.8045573,1,1.276725946,3,4
7,bimodal,Task B ,1,1,1,0.526678892,4,1,252.8589083,2,-0.355908893,4,4
7,bimodal,Task B ,1,4,1,0.024549228,4,1,18.70004783,3,-0.661384742,4,1
7,bimodal,Task B ,1,1,1,0.381290908,3,1,346.6283184,4,-0.044508526,3,4
7,bimodal,Task B ,1,1,0,-0.962694964,1,2,87.95623772,5,-1.948715344,1,4
7,bimodal,Task B ,1,1,1,0.615796206,3,1,53.86589173,6,-0.580246238,3,4
8,bimodal,Task B ,1,4,1,-0.242906734,3,1,317.1542018,1,-0.377450583,3,1
8,bimodal,Task B ,1,4,1,0.263641385,1,1,171.9240902,2,0.123692176,1,1
8,bimodal,Task B ,1,4,1,-0.266561875,3,1,262.2293213,3,-0.458492875,3,1
8,bimodal,Task B ,2,4,1,2.301810218,3,2,359.8719443,4,-0.414909944,3,8
8,bimodal,Task B ,2,4,1,0.658862254,2,2,28.84308264,5,-1.1406127,2,8
8,bimodal,Task B ,1,4,1,0.404998059,3,1,101.7893072,6,0.351394766,3,1
9,bimodal,Task B ,1,2,1,0.238696931,2,1,237.4529298,1,0.008961902,2,3
9,bimodal,Task B ,1,3,0,0.519362583,4,2,351.9772335,2,0.434050151,4,2
9,bimodal,Task B ,2,4,0,0.804760381,3,1,110.9856583,3,0.203600611,3,8
9,bimodal,Task B ,1,3,0,2.462720541,4,2,281.9304719,4,0.675560521,4,2
9,bimodal,Task B ,1,2,0,-0.03493356,2,2,113.7990602,5,0.417689923,2,3
9,bimodal,Task B ,1,1,1,0.114921557,1,1,325.1591958,6,-0.121120306,1,4
10,bimodal,Task B ,1,1,1,-0.260223636,1,1,337.6683351,1,0.076534752,1,4
10,bimodal,Task B ,1,1,1,0.619749483,1,1,18.64740777,2,0.683692561,1,4
10,bimodal,Task B ,2,1,1,-1.089220816,1,2,32.03642284,3,0.584142845,1,5
10,bimodal,Task B ,1,2,0,-0.341092932,4,2,237.285275,4,0.251319496,4,3
10,bimodal,Task B ,1,2,1,-0.320674833,3,1,252.5977531,5,0.456028995,3,3
10,bimodal,Task B ,1,2,1,0.223000599,2,1,138.5697261,6,0.207650607,2,3
1,bimodal,Task B ,1,2,0,-0.758582181,3,2,190.0596321,1,0.489155989,3,3
1,bimodal,Task B ,2,4,1,-1.502341675,4,2,64.13358275,2,-1.604335771,4,8
1,bimodal,Task B ,2,2,1,1.1262514,4,2,100.8501915,3,1.938407025,4,6
1,bimodal,Task B ,2,2,1,-1.407961235,2,2,186.0424784,4,-0.642549524,2,6
1,bimodal,Task B ,1,3,1,-0.227443647,2,1,128.1436984,5,0.047561409,2,2
1,bimodal,Task B ,2,2,1,-1.181196176,3,2,356.3056308,6,-1.488154603,3,6
2,bimodal,Task B ,1,1,1,-0.155364893,1,1,264.0584718,1,0.190204357,1,4
2,bimodal,Task B ,1,3,1,-0.003719274,3,1,167.8185215,2,-0.300476522,3,2
2,bimodal,Task B ,1,2,0,-0.173415122,2,2,57.72005826,3,1.446011369,2,3
2,bimodal,Task B ,1,3,1,0.401436183,3,1,285.4061034,4,-0.149794946,3,2
2,bimodal,Task B ,1,2,1,-0.163344408,2,1,129.9277765,5,-0.114522292,2,3
2,bimodal,Task B ,1,3,1,0.074428419,1,1,187.8177773,6,0.365899884,1,2
3,bimodal,Task B ,1,4,1,-0.284356236,2,1,5.642426548,1,0.014110271,2,1
3,bimodal,Task B ,1,4,1,-0.371730083,4,1,257.2445654,2,-0.099748997,4,1
3,bimodal,Task B ,2,1,1,0.789215533,1,2,239.1760442,3,1.728547011,1,5
3,bimodal,Task B ,2,2,0,0.632159101,1,1,150.5409611,4,-0.129323917,1,6
3,bimodal,Task B ,2,4,1,-0.101695752,1,2,208.9846502,5,-1.282794113,1,8
3,bimodal,Task B ,1,3,1,-0.23430149,4,1,77.80413451,6,-0.360718616,4,2
4,bimodal,Task B ,2,3,0,-0.288178672,3,1,159.9363347,1,0.392205732,3,7
4,bimodal,Task B ,1,4,0,1.640675811,2,2,6.184640506,2,-0.818450355,2,1
4,bimodal,Task B ,2,4,1,0.713628672,4,2,92.6238591,3,2.027990707,4,8
4,bimodal,Task B ,2,2,1,-0.336263431,3,2,127.131202,4,-1.529605433,3,6
4,bimodal,Task B ,2,2,1,-2.150637778,1,2,62.07419653,5,-0.555236564,1,6
4,bimodal,Task B ,1,3,1,0.00753629,3,1,326.6541684,6,0.436580555,3,2
5,bimodal,Task B ,2,4,0,-0.837138813,3,1,224.1936675,1,-0.123951182,3,8
5,bimodal,Task B ,2,4,1,1.425884475,3,2,335.9318242,2,0.68316607,3,8
5,bimodal,Task B ,2,4,1,-1.940785771,4,2,151.6455357,3,-2.139779166,4,8
5,bimodal,Task B ,1,4,1,-0.244576602,2,1,295.0935735,4,0.744438066,2,1
5,bimodal,Task B ,1,4,1,0.10946321,1,1,148.4790893,5,0.039854832,1,1
5,bimodal,Task B ,1,2,1,0.623392818,3,1,33.6258423,6,0.692699545,3,3
6,bimodal,Task B ,1,2,0,-0.812318389,1,2,90.87119748,1,0.510001836,1,3
6,bimodal,Task B ,1,2,1,0.176810005,4,1,287.976046,2,-0.031086745,4,3
6,bimodal,Task B ,2,2,0,-0.23362016,2,1,351.2097461,3,-0.255318518,2,6
6,bimodal,Task B ,2,2,0,0.299884221,2,1,49.27716972,4,-0.266431492,2,6
6,bimodal,Task B ,1,2,0,-0.24727474,2,2,212.2367071,5,-0.5566628,2,3
6,bimodal,Task B ,1,2,1,0.015538112,2,1,161.5823399,6,-0.251174136,2,3
7,bimodal,Task B ,1,1,0,-0.629847008,1,2,105.0586301,1,-1.248844731,1,4
7,bimodal,Task B ,1,4,1,0.030071611,2,1,110.7897382,2,-0.004399945,2,1
7,bimodal,Task B ,1,4,0,1.206276243,4,2,120.402665,3,0.330750123,4,1
7,bimodal,Task B ,1,1,1,-0.329346558,3,1,104.8713595,4,-0.564816382,3,4
7,bimodal,Task B ,1,4,1,0.437442142,4,1,241.2463356,5,-0.12360475,4,1
7,bimodal,Task B ,2,1,1,0.532948444,1,2,249.2990102,6,1.605100712,1,5
8,bimodal,Task B ,1,4,1,0.081240858,3,1,240.917951,1,0.080522691,3,1
8,bimodal,Task B ,1,4,0,-1.268778511,2,2,50.1494309,2,0.167748534,2,1
8,bimodal,Task B ,1,4,1,-0.158452338,1,1,165.5793763,3,-0.065593398,1,1
8,bimodal,Task B ,1,4,0,-0.470686776,4,2,235.6809197,4,-0.383976154,4,1
8,bimodal,Task B ,1,4,1,-0.085186599,2,1,334.6406652,5,-0.596017921,2,1
8,bimodal,Task B ,1,4,1,-0.077072306,1,1,7.67248947,6,-0.160168773,1,1
9,bimodal,Task B ,1,1,0,-0.176485371,2,2,204.1651928,1,-1.685698918,2,4
9,bimodal,Task B ,2,2,1,-0.774639475,2,2,317.4091694,2,-1.433901977,2,6
9,bimodal,Task B ,1,2,0,-1.067688074,3,2,6.974478864,3,1.473231234,3,3
9,bimodal,Task B ,1,1,1,-0.081542485,1,1,133.4418385,4,-0.413734448,1,4
9,bimodal,Task B ,2,2,1,1.256402825,2,2,59.25620407,5,1.480196428,2,6
9,bimodal,Task B ,2,1,1,0.770826671,4,2,168.9566556,6,1.056943945,4,5
10,bimodal,Task B ,1,1,1,-0.511885028,4,1,259.4995952,1,0.318320178,4,4
10,bimodal,Task B ,1,1,1,0.136932718,1,1,16.11863313,2,-0.529340517,1,4
10,bimodal,Task B ,1,2,1,-0.200926588,4,1,79.2839507,3,-0.226149885,4,3
10,bimodal,Task B ,1,1,1,0.309949147,4,1,260.8207295,4,-0.043560587,4,4
10,bimodal,Task B ,1,1,0,0.155875318,2,2,350.4836175,5,-3.440440023,2,4
10,bimodal,Task B ,1,1,1,-0.451669526,2,1,49.72407949,6,-0.027176096,2,4
1,bimodal,Task B ,1,2,0,0.440095213,2,2,73.28911343,1,-0.651193168,2,3
1,bimodal,Task B ,2,4,1,0.106780377,2,2,330.0194507,2,-3.229394151,2,8
1,bimodal,Task B ,1,2,1,-0.547758805,3,1,308.4442974,3,0.213125507,3,3
1,bimodal,Task B ,2,1,0,-0.047305278,1,1,321.03024,4,0.033657808,1,5
1,bimodal,Task B ,1,3,1,0.386587782,2,1,45.38201693,5,0.635393365,2,2
1,bimodal,Task B ,1,3,1,0.435293234,3,1,355.416953,6,-0.140653975,3,2
2,bimodal,Task B ,2,2,1,0.350233357,4,2,42.91427917,1,-0.429341606,4,6
2,bimodal,Task B ,2,3,0,-0.157461396,1,1,280.2736143,2,0.249645528,1,7
2,bimodal,Task B ,1,2,1,0.480179684,3,1,97.87853125,3,-0.122489369,3,3
2,bimodal,Task B ,1,2,0,1.845341663,2,2,295.6139926,4,0.002225123,2,3
2,bimodal,Task B ,1,3,1,-0.2912315,4,1,271.2756238,5,0.198946525,4,2
2,bimodal,Task B ,2,2,1,-0.897247149,4,2,290.4448242,6,-0.86797975,4,6
3,bimodal,Task B ,1,2,1,-0.105359686,3,1,216.7339409,1,0.069653861,3,3
3,bimodal,Task B ,2,2,1,1.531927546,2,2,260.725198,2,-1.873511693,2,6
3,bimodal,Task B ,1,2,1,0.468266929,4,1,287.358436,3,0.077957562,4,3
3,bimodal,Task B ,1,3,1,0.258645273,3,1,317.2651084,4,-0.18543067,3,2
3,bimodal,Task B ,1,4,1,0.365045982,3,1,66.4765677,5,0.538161887,3,1
3,bimodal,Task B ,2,4,1,-1.915971827,1,2,144.3517942,6,1.109007474,1,8
4,bimodal,Task B ,1,4,0,-0.183321768,4,2,349.5486471,1,-0.475917755,4,1
4,bimodal,Task B ,1,2,0,-0.564470921,3,2,189.8349217,2,0.060707549,3,3
4,bimodal,Task B ,2,2,1,-1.822443418,3,2,13.92711926,3,2.207459633,3,6
4,bimodal,Task B ,1,1,0,-2.210408241,2,2,132.6589234,4,0.652615863,2,4
4,bimodal,Task B ,2,3,1,-2.312163984,1,2,288.1952601,5,-1.778618313,1,7
4,bimodal,Task B ,1,3,0,-0.133455149,3,2,32.68664322,6,-0.924615383,3,2
5,bimodal,Task B ,2,2,1,-0.014882454,4,2,331.3793176,1,-0.55183471,4,6
5,bimodal,Task B ,1,2,1,0.229991,4,1,233.3038762,2,0.673433249,4,3
5,bimodal,Task B ,2,4,1,-0.841389183,3,2,20.35569522,3,0.851304654,3,8
5,bimodal,Task B ,1,3,1,-0.319589463,2,1,167.4858449,4,-0.277111839,2,2
5,bimodal,Task B ,1,4,1,-0.537879696,4,1,169.7091727,5,-0.355781065,4,1
5,bimodal,Task B ,1,2,1,-0.272086068,1,1,254.479571,6,0.738385549,1,3
6,bimodal,Task B ,1,2,1,-0.150002468,2,1,356.7761655,1,0.140642123,2,3
6,bimodal,Task B ,1,2,1,0.212610483,2,1,83.97695878,2,-0.473427229,2,3
6,bimodal,Task B ,1,2,0,1.338092704,1,2,109.719472,3,-0.230830274,1,3
6,bimodal,Task B ,2,2,1,-0.111423817,2,2,311.1771529,4,1.349342827,2,6
6,bimodal,Task B ,1,2,1,0.544387942,2,1,263.911524,5,-0.110784961,2,3
6,bimodal,Task B ,2,2,1,2.342986568,4,2,129.9472389,6,-0.043628269,4,6
7,bimodal,Task B ,2,1,0,-0.461240646,2,1,163.7600578,1,-0.592072421,2,5
7,bimodal,Task B ,1,1,0,1.628564417,1,2,196.9813238,2,0.904194635,1,4
7,bimodal,Task B ,1,1,1,-0.081638868,4,1,351.0634073,3,-0.033957785,4,4
7,bimodal,Task B ,1,1,0,0.180258899,2,2,165.5438455,4,-1.061545828,2,4
7,bimodal,Task B ,1,1,1,-0.268327346,1,1,86.22195536,5,-0.223985259,1,4
7,bimodal,Task B ,1,1,0,2.390209573,3,2,182.9232001,6,-1.241516941,3,4
8,bimodal,Task B ,2,4,1,-1.036317909,1,2,275.5431723,1,-0.006375184,1,8
8,bimodal,Task B ,1,4,1,-0.425222745,1,1,189.9322295,2,-0.21952289,1,1
8,bimodal,Task B ,2,4,1,2.722982182,4,2,297.9939268,3,2.086818934,4,8
8,bimodal,Task B ,2,4,1,-0.706337231,4,2,223.93737,4,0.074819323,4,8
8,bimodal,Task B ,1,4,1,-0.201570799,1,1,27.81587397,5,0.069972951,1,1
8,bimodal,Task B ,1,4,1,-0.535329997,1,1,169.464452,6,0.076317374,1,1
9,bimodal,Task B ,1,1,1,0.312292157,1,1,308.4047965,1,0.214741052,1,4
9,bimodal,Task B ,2,1,0,0.298017142,3,1,5.406269863,2,-0.29919253,3,5
9,bimodal,Task B ,2,1,1,0.18537899,4,2,273.5234331,3,-1.409950019,4,5
9,bimodal,Task B ,1,4,1,-0.137532723,3,1,81.02310332,4,-0.094390025,3,1
9,bimodal,Task B ,1,2,1,-0.508038264,3,1,339.5251938,5,-0.315022054,3,3
9,bimodal,Task B ,1,1,0,1.93536243,3,2,126.0575569,6,0.430572523,3,4
10,bimodal,Task B ,2,1,1,-0.982172895,4,2,292.0119143,1,-0.275747593,4,5
10,bimodal,Task B ,2,1,1,0.432604233,1,2,331.0080802,2,1.004770302,1,5
10,bimodal,Task B ,1,2,1,0.285266682,4,1,114.6505094,3,0.473770011,4,3
10,bimodal,Task B ,2,2,1,-2.534604934,2,2,10.78821294,4,-0.399579651,2,6
10,bimodal,Task B ,2,1,1,0.323103569,2,2,307.6336682,5,-0.317080429,2,5
10,bimodal,Task B ,1,2,0,-3.210111973,3,2,303.863506,6,-1.053261249,3,3
1,bimodal,Task B ,1,3,1,0.386368279,2,1,68.92508625,1,-0.184491337,2,2
1,bimodal,Task B ,1,3,1,-0.199618086,3,1,166.104079,2,0.200465722,3,2
1,bimodal,Task B ,2,1,0,0.021519733,1,1,91.84253397,3,-0.283765076,1,5
1,bimodal,Task B ,2,2,1,-0.940168493,2,2,82.18824272,4,-0.651088287,2,6
1,bimodal,Task B ,2,1,0,-0.570702339,2,1,263.7074527,5,0.590774088,2,5
1,bimodal,Task B ,2,4,1,2.222752474,2,2,357.6413203,6,-1.603672592,2,8
2,bimodal,Task B ,2,3,1,1.03159505,4,2,188.3701302,1,0.089230396,4,7
2,bimodal,Task B ,2,3,1,0.979496226,4,2,334.4891128,2,0.815544593,4,7
2,bimodal,Task B ,1,3,1,-0.303895435,4,1,316.9768775,3,0.427296863,4,2
2,bimodal,Task B ,2,2,1,-1.519843405,4,2,200.8473997,4,0.695137541,4,6
2,bimodal,Task B ,1,3,1,0.504042698,2,1,238.60494,5,0.18419833,2,2
2,bimodal,Task B ,2,4,1,1.849868033,3,2,5.806847597,6,-1.525672737,3,8
3,bimodal,Task B ,2,3,0,0.131399731,4,1,37.29865751,1,-0.283252672,4,7
3,bimodal,Task B ,2,4,1,-0.151308408,4,2,172.0064943,2,2.332549375,4,8
3,bimodal,Task B ,1,4,1,0.37378686,2,1,202.2127102,3,-0.216612562,2,1
3,bimodal,Task B ,1,3,1,-0.314996863,3,1,45.84425888,4,0.269989832,3,2
3,bimodal,Task B ,1,3,1,0.24420825,3,1,273.3836884,5,0.275534816,3,2
3,bimodal,Task B ,2,3,1,1.317771726,1,2,163.8166367,6,-0.612403826,1,7
4,bimodal,Task B ,1,3,1,0.174588256,4,1,219.0574726,1,0.528167417,4,2
4,bimodal,Task B ,1,1,1,0.290795815,2,1,44.88420776,2,0.03258713,2,4
4,bimodal,Task B ,2,4,0,0.194996602,4,1,359.3200767,3,-0.555558157,4,8
4,bimodal,Task B ,1,1,1,-0.143821906,4,1,239.0562234,4,0.370111535,4,4
4,bimodal,Task B ,1,2,1,-0.261173482,3,1,64.51203728,5,-0.146134025,3,3
4,bimodal,Task B ,2,4,1,0.920140568,4,2,20.87582516,6,-1.887568982,4,8
5,bimodal,Task B ,1,1,0,-0.577176409,1,2,291.7638884,1,0.769989016,1,4
5,bimodal,Task B ,2,4,1,2.749613449,4,2,346.7838539,2,1.695794127,4,8
5,bimodal,Task B ,1,4,1,-0.197978951,3,1,307.1869068,3,-0.152869865,3,1
5,bimodal,Task B ,1,2,0,0.80950066,4,2,109.89594,4,0.380550141,4,3
5,bimodal,Task B ,1,4,1,0.564520537,2,1,178.1643844,5,-0.29045334,2,1
5,bimodal,Task B ,1,4,1,0.244390578,4,1,211.086269,6,0.085324426,4,1
6,bimodal,Task B ,2,2,1,1.566098903,4,2,277.3405444,1,-1.401190156,4,6
6,bimodal,Task B ,2,2,1,-2.824251433,4,2,155.0194156,2,-0.630327522,4,6
6,bimodal,Task B ,2,1,0,-0.300275041,3,1,5.89702298,3,0.446264918,3,5
6,bimodal,Task B ,1,2,0,0.363552793,2,2,192.408258,4,-1.363389039,2,3
6,bimodal,Task B ,2,3,0,-0.192967815,4,1,113.0066289,5,-0.874099737,4,7
6,bimodal,Task B ,1,2,1,0.811184649,3,1,137.0611642,6,-0.042363951,3,3
7,bimodal,Task B ,1,4,0,0.094080986,1,2,192.9775748,1,1.732021466,1,1
7,bimodal,Task B ,1,2,1,0.059268473,1,1,79.10088158,2,0.284733163,1,3
7,bimodal,Task B ,1,4,0,-1.584521338,1,2,342.4198677,3,-1.194411034,1,1
7,bimodal,Task B ,1,1,0,-0.628838161,1,2,358.4806991,4,0.475740433,1,4
7,bimodal,Task B ,1,1,1,0.245460448,1,1,98.26749393,5,0.474673918,1,4
7,bimodal,Task B ,1,1,1,-0.031778005,1,1,149.5985559,6,0.355542514,1,4
8,bimodal,Task B ,1,4,1,-0.511378912,2,1,36.58292286,1,0.195797227,2,1
8,bimodal,Task B ,2,4,1,0.583347345,1,2,41.56966063,2,-2.723096636,1,8
8,bimodal,Task B ,1,4,1,0.231328895,1,1,1.362423951,3,0.080255739,1,1
8,bimodal,Task B ,1,4,1,-0.421168277,2,1,335.8067445,4,-0.367775975,2,1
8,bimodal,Task B ,1,4,1,-0.364460848,1,1,127.6836938,5,-0.591354841,1,1
8,bimodal,Task B ,1,4,0,-0.271171161,2,2,249.4684378,6,0.316423478,2,1
9,bimodal,Task B ,1,1,0,0.590235343,2,2,346.5669459,1,3.039821386,2,4
9,bimodal,Task B ,1,2,1,-0.227220232,3,1,98.56555567,2,-0.698687199,3,3
9,bimodal,Task B ,1,3,0,-0.060104928,3,2,321.6739567,3,-1.073748878,3,2
9,bimodal,Task B ,2,1,0,-0.071500108,2,1,253.2956281,4,0.812857652,2,5
9,bimodal,Task B ,2,3,1,2.590105284,3,2,307.1434662,5,0.142961988,3,7
9,bimodal,Task B ,2,1,1,-1.515006302,3,2,285.0880801,6,0.43038659,3,5
10,bimodal,Task B ,2,3,1,-0.361554878,4,2,218.4166634,1,1.09202841,4,7
10,bimodal,Task B ,1,2,1,0.150735348,3,1,311.6472523,2,-0.392535508,3,3
10,bimodal,Task B ,2,1,1,2.604893072,2,2,316.7307535,3,-1.589382393,2,5
10,bimodal,Task B ,2,3,1,1.48971974,4,2,121.5899324,4,1.094674601,4,7
10,bimodal,Task B ,1,2,1,-0.731650793,1,1,59.97311717,5,-0.44222493,1,3
10,bimodal,Task B ,1,2,0,0.253832138,3,2,348.3902359,6,2.467411564,3,3
1,bimodal,Task B ,1,2,0,-0.692097948,4,2,243.7220291,1,0.284132715,4,3
1,bimodal,Task B ,2,2,0,0.060904471,2,1,70.7845827,2,-0.32731194,2,6
1,bimodal,Task B ,2,2,1,0.50164131,2,2,73.90903896,3,-1.648645939,2,6
1,bimodal,Task B ,1,3,1,0.330605472,3,1,251.748303,4,-0.189353952,3,2
1,bimodal,Task B ,1,3,0,-0.660669441,4,2,20.40777773,5,-0.463279025,4,2
1,bimodal,Task B ,2,2,1,-1.155502285,3,2,288.0345589,6,0.259147426,3,6
2,bimodal,Task B ,2,2,1,-1.982660162,3,2,252.1084522,1,-1.135716879,3,6
2,bimodal,Task B ,1,2,0,0.399583093,1,2,230.0539542,2,-2.029736752,1,3
2,bimodal,Task B ,1,2,1,0.242443295,3,1,209.3102658,3,-0.046619227,3,3
2,bimodal,Task B ,2,3,1,1.168680239,2,2,240.8224707,4,-0.031521039,2,7
2,bimodal,Task B ,1,3,1,0.46107296,1,1,53.70302254,5,0.456992517,1,2
2,bimodal,Task B ,1,3,0,0.882345862,3,2,227.2117219,6,-0.434423787,3,2
3,bimodal,Task B ,1,1,1,-0.322557186,1,1,26.59308556,1,-0.166817487,1,4
3,bimodal,Task B ,1,3,1,-0.20330969,4,1,97.09772207,2,-0.075987194,4,2
3,bimodal,Task B ,2,4,1,1.750998825,2,2,201.8833736,3,-1.637826444,2,8
3,bimodal,Task B ,2,3,1,0.318565054,3,2,323.5852803,4,1.469090654,3,7
3,bimodal,Task B ,1,3,1,0.451397997,2,1,6.044217781,5,0.293689333,2,2
3,bimodal,Task B ,1,3,1,0.105934035,2,1,74.47110645,6,0.147572606,2,2
4,bimodal,Task B ,2,2,1,2.457468608,3,2,72.54057662,1,0.413366281,3,6
4,bimodal,Task B ,1,1,1,0.125079569,2,1,20.9282629,2,0.120102137,2,4
4,bimodal,Task B ,2,2,1,0.676824704,4,2,50.42659424,3,1.39323509,4,6
4,bimodal,Task B ,1,2,0,1.084019269,3,2,232.7138825,4,-0.92788801,3,3
4,bimodal,Task B ,1,2,1,0.074006268,3,1,8.61522106,5,0.982746043,3,3
4,bimodal,Task B ,1,2,0,1.423065724,2,2,299.5756932,6,0.012448458,2,3
5,bimodal,Task B ,1,3,1,0.011876,3,1,3.741809909,1,0.523444966,3,2
5,bimodal,Task B ,1,3,1,-0.141088037,4,1,19.91413235,2,0.487918762,4,2
5,bimodal,Task B ,1,4,0,0.054266525,3,2,72.18501605,3,-0.506416429,3,1
5,bimodal,Task B ,1,2,1,0.564381733,2,1,80.06703458,4,0.444870977,2,3
5,bimodal,Task B ,2,4,1,0.775250734,2,2,177.4469969,5,1.529806052,2,8
5,bimodal,Task B ,1,2,0,-0.631147811,1,2,32.07722755,6,1.942000356,1,3
6,bimodal,Task B ,1,2,0,0.755086979,3,2,123.9559678,1,2.386296193,3,3
6,bimodal,Task B ,1,2,1,0.047975514,1,1,46.25209953,2,0.255126157,1,3
6,bimodal,Task B ,2,2,0,0.142321617,4,1,170.0674925,3,-0.361594713,4,6
6,bimodal,Task B ,1,2,1,0.182113108,1,1,198.4914065,4,0.459773921,1,3
6,bimodal,Task B ,2,2,0,-0.071572129,3,1,166.4140484,5,-0.378785518,3,6
6,bimodal,Task B ,1,1,1,0.124025708,3,1,78.38060773,6,0.157149058,3,4
7,bimodal,Task B ,2,4,1,-2.137612423,2,2,125.0183658,1,0.413735088,2,8
7,bimodal,Task B ,2,4,1,-0.934019723,2,2,188.6379528,2,0.063460037,2,8
7,bimodal,Task B ,1,4,0,-1.289490718,1,2,307.3880024,3,-0.769988587,1,1
7,bimodal,Task B ,1,1,1,-0.359604895,1,1,356.6957018,4,0.059856394,1,4
7,bimodal,Task B ,1,4,1,-0.204120725,2,1,96.9314926,5,0.076035005,2,1
7,bimodal,Task B ,1,1,1,0.219706365,2,1,29.813977,6,0.184921715,2,4
8,bimodal,Task B ,1,4,0,-1.330593815,3,2,36.1936567,1,-1.557935295,3,1
8,bimodal,Task B ,1,4,1,0.550911171,4,1,240.0761357,2,-0.262782262,4,1
8,bimodal,Task B ,2,4,1,2.65830134,2,2,58.68089769,3,0.789130889,2,8
8,bimodal,Task B ,2,4,1,1.353815766,4,2,316.2880796,4,-0.031415927,4,8
8,bimodal,Task B ,2,4,1,1.399987291,2,2,274.859262,5,-0.931564749,2,8
8,bimodal,Task B ,1,1,1,-0.14664904,3,1,12.73457791,6,0.098481986,3,4
9,bimodal,Task B ,1,1,1,0.057317186,1,1,163.4449641,1,0.806210779,1,4
9,bimodal,Task B ,1,1,0,-1.913174997,1,2,9.222263093,2,0.704549559,1,4
9,bimodal,Task B ,1,1,1,0.376648729,2,1,283.6657836,3,0.101290543,2,4
9,bimodal,Task B ,1,1,0,-2.281605351,3,2,313.4171406,4,0.142130155,3,4
9,bimodal,Task B ,1,3,1,0.03780973,2,1,38.92475151,5,-0.198733284,2,2
9,bimodal,Task B ,1,2,0,0.566142044,2,2,312.9101397,6,0.921207166,2,3
10,bimodal,Task B ,1,1,1,-0.160455845,3,1,163.283791,1,-0.302812883,3,4
10,bimodal,Task B ,1,1,1,-0.27683659,3,1,228.0852485,2,0.334542085,3,4
10,bimodal,Task B ,1,2,0,0.778074608,1,2,1.024092128,3,1.974135141,1,3
10,bimodal,Task B ,2,1,1,0.730065175,3,2,84.12736079,4,1.877544337,3,5
10,bimodal,Task B ,1,1,0,-0.559318556,2,2,231.4754961,5,-1.449065014,2,4
10,bimodal,Task B ,1,2,0,0.449675142,2,2,209.992391,6,0.73500182,2,3
1,bimodal,Task B ,2,2,1,-0.440129117,3,2,303.4985116,1,-1.635175514,3,6
1,bimodal,Task B ,1,2,1,-0.032460271,2,1,274.2035296,2,0.115878162,2,3
1,bimodal,Task B ,2,4,1,-1.014481149,3,2,265.9898466,3,-2.255954879,3,8
1,bimodal,Task B ,1,2,1,-0.255165952,1,1,151.7245934,4,-0.059121144,1,3
1,bimodal,Task B ,2,1,0,-0.520094645,4,1,42.83138835,5,0.044655245,4,5
1,bimodal,Task B ,1,1,1,0.03339845,1,1,164.2013423,6,-0.333510921,1,4
2,bimodal,Task B ,2,2,0,0.686891731,3,1,34.49211406,1,-0.724643451,3,6
2,bimodal,Task B ,2,3,1,-0.952147522,2,2,44.34428094,2,0.251540781,2,7
2,bimodal,Task B ,2,3,1,0.689419387,3,2,332.3179626,3,1.700590659,3,7
2,bimodal,Task B ,2,3,1,0.824152174,4,2,214.8431251,4,1.041576866,4,7
2,bimodal,Task B ,1,2,1,0.148755117,2,1,166.6379458,5,-0.019467295,2,3
2,bimodal,Task B ,1,2,1,0.479427261,1,1,289.6403867,6,-0.556733814,1,3
3,bimodal,Task B ,1,1,0,0.703946533,4,2,206.137077,1,-0.554169981,4,4
3,bimodal,Task B ,1,2,0,0.113738435,4,2,0.79576387,2,-0.35945803,4,3
3,bimodal,Task B ,1,4,1,-0.095962444,2,1,300.6419837,3,0.257921815,2,1
3,bimodal,Task B ,2,1,1,1.038917205,4,2,308.7637125,4,-0.083841082,4,5
3,bimodal,Task B ,2,3,1,-0.92630514,4,2,166.4922326,5,-0.554993949,4,7
3,bimodal,Task B ,2,3,1,1.135861945,3,2,69.38783058,6,-1.607294447,3,7
4,bimodal,Task B ,1,4,0,0.150013055,1,2,49.00715151,1,-1.114425595,1,1
4,bimodal,Task B ,1,2,1,0.286458545,2,1,116.6432155,2,0.28114359,2,3
4,bimodal,Task B ,1,1,1,-0.15492686,4,1,251.4566081,3,0.349984672,4,4
4,bimodal,Task B ,1,1,0,0.42699848,1,2,52.11362531,4,0.087341785,1,4
4,bimodal,Task B ,1,4,1,0.543691895,4,1,286.2117741,5,0.335959393,4,1
4,bimodal,Task B ,1,3,1,-0.000955351,4,1,27.19314286,6,-0.660763859,4,2
5,bimodal,Task B ,1,3,1,0.073907613,1,1,156.9369595,1,0.741040927,1,2
5,bimodal,Task B ,2,4,1,-1.932349229,2,2,341.3016615,2,1.1717777,2,8
5,bimodal,Task B ,1,2,0,1.175040494,1,2,59.02830169,3,-1.175006936,1,3
5,bimodal,Task B ,2,2,1,-1.434931037,1,2,182.3201832,4,-0.114397634,1,6
5,bimodal,Task B ,2,4,1,2.823282727,1,2,63.35155489,5,1.093593488,1,8
5,bimodal,Task B ,2,4,0,0.919076915,3,1,220.5354727,6,0.381080203,3,8
6,bimodal,Task B ,1,2,1,0.126433975,4,1,127.6910974,1,-0.060221449,4,3
6,bimodal,Task B ,2,2,1,-0.783801458,4,2,246.8713801,2,-1.991986333,4,6
6,bimodal,Task B ,1,2,1,-0.118226775,2,1,340.1588236,3,-0.497992165,2,3
6,bimodal,Task B ,1,2,1,0.192276152,3,1,358.835861,4,0.077393122,3,3
6,bimodal,Task B ,2,1,1,-2.301130087,1,2,254.1484695,5,0.466457283,1,5
6,bimodal,Task B ,1,2,0,0.601398115,3,2,42.22645665,6,-1.358784522,3,3
7,bimodal,Task B ,1,4,1,0.278213134,3,1,125.8569651,1,0.050079497,3,1
7,bimodal,Task B ,2,1,1,-0.476815734,3,2,269.9591215,2,1.746295258,3,5
7,bimodal,Task B ,1,4,1,0.526884764,1,1,284.7507314,3,0.06745276,1,1
7,bimodal,Task B ,1,4,0,0.267089313,1,2,334.806377,4,2.883430738,1,1
7,bimodal,Task B ,1,1,1,0.301692609,1,1,140.164741,5,-0.070445006,1,4
7,bimodal,Task B ,1,4,0,-0.304448841,2,2,238.3216527,6,-0.53141388,2,1
8,bimodal,Task B ,1,4,0,-1.157512766,4,2,274.9819529,1,-0.960260952,4,1
8,bimodal,Task B ,2,4,1,-0.999334868,3,2,100.7272977,2,0.191267438,3,8
8,bimodal,Task B ,1,4,1,-0.001543381,2,1,165.7986408,3,0.124415021,2,1
8,bimodal,Task B ,1,4,1,0.355950538,2,1,160.3701619,4,0.118284762,2,1
8,bimodal,Task B ,2,1,0,0.216466779,4,1,230.9015084,5,-0.405462491,4,5
8,bimodal,Task B ,2,4,0,0.663912197,2,1,10.01242566,6,0.253309498,2,8
9,bimodal,Task B ,1,4,1,0.045261679,4,1,36.28210416,1,-0.022652291,4,1
9,bimodal,Task B ,1,1,1,-0.39932926,2,1,234.5364407,2,-0.307477211,2,4
9,bimodal,Task B ,1,1,0,-1.081722394,2,2,299.674623,3,-1.841797846,2,4
9,bimodal,Task B ,1,4,0,-0.19899647,3,2,20.74113747,4,-0.905157188,3,1
9,bimodal,Task B ,1,3,0,1.545742162,2,2,178.2259548,5,-0.534935978,2,2
9,bimodal,Task B ,2,3,1,3.559259374,2,2,36.51490867,6,-1.704922346,2,7
10,bimodal,Task B ,2,2,0,-0.364576758,3,1,343.395218,1,0.662707443,3,6
10,bimodal,Task B ,1,2,1,-0.137842218,2,1,354.508017,2,0.56348172,2,3
10,bimodal,Task B ,1,2,1,0.244535495,4,1,290.2866653,3,0.254642401,4,3
10,bimodal,Task B ,2,1,1,-1.684800502,1,2,209.8934084,4,2.668808336,1,5
10,bimodal,Task B ,1,2,1,0.372696227,1,1,73.62233388,5,0.283956942,1,3
10,bimodal,Task B ,2,3,1,-3.3719669,4,2,25.84754982,6,-1.967655024,4,7
1,bimodal,Task B ,1,3,1,0.184889765,4,1,265.1108744,1,-0.27100565,4,2
1,bimodal,Task B ,1,3,1,-0.38105251,4,1,95.19392763,2,-0.427090493,4,2
1,bimodal,Task B ,2,1,0,0.202055116,1,1,219.6875387,3,-0.416015873,1,5
1,bimodal,Task B ,1,2,0,2.235703864,3,2,259.0304344,4,-1.784163399,3,3
1,bimodal,Task B ,2,1,1,1.219071317,2,2,26.46610294,5,1.706095648,2,5
1,bimodal,Task B ,1,3,0,-1.007095625,3,2,91.30324305,6,0.490961157,3,2
2,bimodal,Task B ,1,2,1,-0.736737609,2,1,100.1541874,1,-0.086610841,2,3
2,bimodal,Task B ,1,2,1,0.199985279,3,1,147.1097406,2,-0.254618619,3,3
2,bimodal,Task B ,2,2,1,1.766783727,2,2,121.0395724,3,-1.155759294,2,6
2,bimodal,Task B ,1,1,1,-0.374059743,3,1,145.4772347,4,0.380874613,3,4
2,bimodal,Task B ,2,4,1,-1.318617868,4,2,139.5113272,5,-0.411358081,4,8
2,bimodal,Task B ,1,3,1,-0.005057836,4,1,98.24678456,6,-0.242226453,4,2
3,bimodal,Task B ,2,3,0,-0.065230011,1,1,274.1224711,1,0.792576273,1,7
3,bimodal,Task B ,2,4,1,-0.939759588,4,2,73.78853411,2,0.979314104,4,8
3,bimodal,Task B ,2,3,1,-1.733580077,2,2,193.4655722,3,0.680426295,2,7
3,bimodal,Task B ,2,4,1,-2.834877116,3,2,77.84891538,4,-1.196285538,3,8
3,bimodal,Task B ,1,3,1,0.357996925,4,1,115.7577952,5,0.012801652,4,2
3,bimodal,Task B ,1,3,1,0.003709341,1,1,190.5844729,6,0.056749391,1,2
4,bimodal,Task B ,1,2,0,-1.161064375,3,2,259.3465937,1,1.249652682,3,3
4,bimodal,Task B ,1,2,0,0.106258013,4,2,307.1299395,2,-0.374268865,4,3
4,bimodal,Task B ,1,3,0,-0.554726107,1,2,162.9521837,3,1.028854876,1,2
4,bimodal,Task B ,1,1,0,-0.065968536,2,2,145.6880249,4,-0.307434271,2,4
4,bimodal,Task B ,1,2,1,0.409200473,1,1,90.44708258,5,-0.62896441,1,3
4,bimodal,Task B ,2,2,1,0.886107122,1,2,206.9135679,6,-0.269555729,1,6
5,bimodal,Task B ,1,4,1,0.632413834,4,1,341.2652487,1,0.247863075,4,1
5,bimodal,Task B ,1,4,1,-0.135894462,4,1,304.5638153,2,0.439865214,4,1
5,bimodal,Task B ,2,4,1,2.680228614,4,2,309.9282719,3,2.355294279,4,8
5,bimodal,Task B ,2,4,1,-1.477571938,3,2,144.7040137,4,-0.397994993,3,8
5,bimodal,Task B ,1,4,1,-0.142549136,1,1,103.6742586,5,0.894975074,1,1
5,bimodal,Task B ,1,2,0,-0.166430801,1,2,153.0797691,6,0.113393157,1,3
6,bimodal,Task B ,1,2,1,-0.074552367,1,1,322.9352306,1,0.542531941,1,3
6,bimodal,Task B ,1,2,1,0.053471331,1,1,297.7721118,2,0.915751858,1,3
6,bimodal,Task B ,1,2,1,0.461558275,1,1,185.306514,3,0.089315552,1,3
6,bimodal,Task B ,2,2,1,2.989445492,4,2,317.3604539,4,-0.668715273,4,6
6,bimodal,Task B ,2,1,0,-0.380473136,2,1,267.0441822,5,-0.108462903,2,5
6,bimodal,Task B ,1,1,0,-0.275851004,3,2,87.69079742,6,-1.261822456,3,4
7,bimodal,Task B ,2,4,1,-1.21164701,3,2,338.4219733,1,1.165158535,3,8
7,bimodal,Task B ,1,2,0,1.452973811,2,2,219.4677041,2,-0.472997037,2,3
7,bimodal,Task B ,1,4,1,-0.057679443,1,1,202.9633254,3,0.022798911,1,1
7,bimodal,Task B ,1,1,0,0.295996282,3,2,190.6555811,4,0.258109279,3,4
7,bimodal,Task B ,2,4,1,0.882049463,3,2,18.0561552,5,1.095420988,3,8
7,bimodal,Task B ,1,1,0,-1.949532737,3,2,158.3886959,6,-2.416542349,3,4
8,bimodal,Task B ,1,4,0,-0.855024421,3,2,194.4028089,1,1.424658634,3,1
8,bimodal,Task B ,1,4,0,-0.137922298,2,2,47.04464407,2,-0.157560784,2,1
8,bimodal,Task B ,1,4,1,0.586811384,2,1,52.26224274,3,0.039025397,2,1
8,bimodal,Task B ,1,4,1,0.141540572,1,1,351.6279273,4,0.185188575,1,1
8,bimodal,Task B ,2,4,1,1.21484818,3,2,53.03438958,5,-0.031662228,3,8
8,bimodal,Task B ,1,4,1,-1.019167703,1,1,138.68287,6,0.355010436,1,1
9,bimodal,Task B ,2,1,1,-1.438458036,3,2,38.25230863,1,-0.468063818,3,5
9,bimodal,Task B ,1,2,1,-0.223684929,2,1,211.1981964,2,0.092460686,2,3
9,bimodal,Task B ,1,3,0,0.465058428,4,2,44.02004981,3,-1.882425477,4,2
9,bimodal,Task B ,1,1,1,-0.422621941,2,1,278.3445346,4,-0.125438438,2,4
9,bimodal,Task B ,1,2,1,0.480962634,3,1,111.0065369,5,-0.217595798,3,3
9,bimodal,Task B ,1,1,1,-0.192020399,1,1,188.2314295,6,-0.613032079,1,4
10,bimodal,Task B ,2,2,1,-1.233573591,4,2,96.79727694,1,-1.037067846,4,6
10,bimodal,Task B ,2,2,1,-0.636750763,4,2,67.80917271,2,0.466423984,4,6
10,bimodal,Task B ,2,1,1,-0.594574636,2,2,51.01641431,3,1.005994535,2,5
10,bimodal,Task B ,1,2,1,-0.08775762,2,1,357.4606821,4,0.10882322,2,3
10,bimodal,Task B ,1,2,1,0.29522056,1,1,234.0353073,5,0.113869856,1,3
10,bimodal,Task B ,1,2,1,0.266522664,4,1,33.94603721,6,0.174712806,4,3
1,bimodal,Task B ,1,2,0,0.043256598,4,2,123.7471869,1,-0.010188269,4,3
1,bimodal,Task B ,1,2,0,-0.270467978,4,2,147.7814475,2,-0.283972623,4,3
1,bimodal,Task B ,2,2,1,-0.853197614,2,2,240.2718014,3,2.461810248,2,6
1,bimodal,Task B ,2,1,1,0.10538902,4,2,92.28189196,4,-1.137848931,4,5
1,bimodal,Task B ,1,4,0,1.067590739,3,2,308.8638346,5,2.133194898,3,1
1,bimodal,Task B ,1,3,0,-0.259016631,4,2,228.058938,6,2.774020521,4,2
2,bimodal,Task B ,2,4,1,1.902680054,4,2,217.9582756,1,-1.589298369,4,8
2,bimodal,Task B ,2,2,0,-0.567958547,1,1,278.3917674,2,0.502730866,1,6
2,bimodal,Task B ,2,3,1,-2.82556417,3,2,224.230308,3,-1.086601878,3,7
2,bimodal,Task B ,1,1,1,0.01656107,1,1,137.6316205,4,0.173011415,1,4
2,bimodal,Task B ,1,2,0,-1.039267533,2,2,291.9602189,5,0.971813249,2,3
2,bimodal,Task B ,2,2,1,-0.807648704,1,2,48.23275582,6,-0.900945542,1,6
3,bimodal,Task B ,2,3,0,0.183945473,3,1,311.6741558,1,0.432209583,3,7
3,bimodal,Task B ,1,3,1,-0.333652178,2,1,353.6428872,2,0.199164142,2,2
3,bimodal,Task B ,2,3,1,-2.53825276,1,2,5.735462369,3,-0.803634186,1,7
3,bimodal,Task B ,2,4,1,1.116051102,2,2,321.2619758,4,-1.482592039,2,8
3,bimodal,Task B ,2,2,1,0.989015182,1,2,318.3460124,5,1.527199103,1,6
3,bimodal,Task B ,1,1,0,1.214539683,3,2,356.5689969,6,0.514377807,3,4
4,bimodal,Task B ,1,3,0,-0.916605589,4,2,145.7819615,1,-0.403371805,4,2
4,bimodal,Task B ,1,2,0,0.210315315,1,2,248.8056285,2,-0.211940488,1,3
4,bimodal,Task B ,2,2,1,1.111713243,4,2,254.4535337,3,1.493834686,4,6
4,bimodal,Task B ,2,1,0,-0.026599237,2,1,289.4719745,4,-0.063418752,2,5
4,bimodal,Task B ,1,2,1,-0.097652685,2,1,335.7698304,5,0.170080159,2,3
4,bimodal,Task B ,2,4,1,-1.895150719,1,2,216.5805839,6,-1.229467472,1,8
5,bimodal,Task B ,1,4,1,0.230378847,3,1,237.2684503,1,0.044222984,3,1
5,bimodal,Task B ,1,4,1,0.375497574,1,1,107.5344085,2,0.2591774,1,1
5,bimodal,Task B ,1,2,0,0.904606443,1,2,343.9931492,3,1.171214314,1,3
5,bimodal,Task B ,1,4,1,0.024617037,3,1,142.3383678,4,-0.107129965,3,1
5,bimodal,Task B ,2,4,1,-1.399015365,3,2,274.5693782,5,-1.891373903,3,8
5,bimodal,Task B ,1,4,0,-0.001608428,2,2,324.5607515,6,1.974623397,2,1
6,bimodal,Task B ,2,2,1,0.837832961,2,2,318.4569737,1,-1.29096386,2,6
6,bimodal,Task B ,2,2,0,-0.557990402,3,1,233.3576671,2,-0.042099136,3,6
6,bimodal,Task B ,1,2,0,1.819189834,2,2,356.9033084,3,1.255780118,2,3
6,bimodal,Task B ,1,2,1,-0.053273401,4,1,80.97414078,4,0.184475222,4,3
6,bimodal,Task B ,1,2,0,-0.633221054,3,2,357.9684001,5,0.937345132,3,3
6,bimodal,Task B ,1,2,1,-0.092919676,4,1,100.3768494,6,0.304407756,4,3
7,bimodal,Task B ,2,4,0,0.067989754,2,1,155.9791428,1,-0.211248473,2,8
7,bimodal,Task B ,1,2,0,-0.196099215,1,2,321.5563274,2,1.52192124,1,3
7,bimodal,Task B ,1,4,0,-0.503532435,3,2,345.4329744,3,-0.884634698,3,1
7,bimodal,Task B ,1,1,0,0.851110107,1,2,336.1918956,4,0.374058796,1,4
7,bimodal,Task B ,2,4,0,-0.163572947,3,1,236.1522933,5,-0.131640096,3,8
7,bimodal,Task B ,1,4,0,0.384026157,4,2,174.3883094,6,0.601594391,4,1
8,bimodal,Task B ,1,4,0,-0.487131888,2,2,203.650887,1,0.182764413,2,1
8,bimodal,Task B ,1,4,1,-0.07105948,1,1,224.4240526,2,0.233009834,1,1
8,bimodal,Task B ,1,4,1,-0.019097098,4,1,140.957841,3,0.118205977,4,1
8,bimodal,Task B ,1,1,1,0.188022972,2,1,15.98607288,4,-0.072634767,2,4
8,bimodal,Task B ,1,4,1,-0.347835176,3,1,158.6972534,5,-0.018704733,3,1
8,bimodal,Task B ,2,4,1,2.956037625,1,2,146.526749,6,0.359554913,1,8
9,bimodal,Task B ,2,2,0,-0.351226947,4,1,301.9240199,1,0.149128641,4,6
9,bimodal,Task B ,1,4,0,-0.42640875,4,2,211.3757675,2,-0.913416584,4,1
9,bimodal,Task B ,2,2,0,0.322453598,3,1,107.5772846,3,-0.39690013,3,6
9,bimodal,Task B ,2,2,1,-2.344849427,1,2,178.4561572,4,1.812187192,1,6
9,bimodal,Task B ,1,3,1,-0.38588912,3,1,134.749556,5,-0.079066684,3,2
9,bimodal,Task B ,1,3,0,0.668219784,4,2,10.21557149,6,0.700810352,4,2
10,bimodal,Task B ,2,1,1,-0.991046786,1,2,127.7326957,1,-0.251541473,1,5
10,bimodal,Task B ,1,1,1,-0.30596776,3,1,187.856875,2,-0.230087084,3,4
10,bimodal,Task B ,1,1,0,1.158563938,1,2,195.5400661,3,1.644622185,1,4
10,bimodal,Task B ,1,1,0,-0.365261009,2,2,34.79776751,4,-1.863921257,2,4
10,bimodal,Task B ,1,2,1,-0.139665283,2,1,107.042291,5,-0.40043815,2,3
10,bimodal,Task B ,1,2,1,-0.403025932,4,1,19.96488079,6,0.073095669,4,3
1,bimodal,Task B ,1,3,1,-0.23305611,3,1,325.8824667,1,-0.127471292,3,2
1,bimodal,Task B ,2,2,0,0.059589076,3,1,125.210399,2,-0.680889751,3,6
1,bimodal,Task B ,2,4,1,2.107008358,4,2,96.55390689,3,-0.713821498,4,8
1,bimodal,Task B ,1,3,1,0.167118144,2,1,161.3943093,4,0.128692441,2,2
1,bimodal,Task B ,1,3,1,0.594537985,2,1,320.9136256,5,0.434097323,2,2
1,bimodal,Task B ,1,3,1,0.84261885,3,1,205.2967899,6,0.1226637,3,2
2,bimodal,Task B ,2,3,1,0.047527835,3,2,233.2008436,1,-2.475985348,3,7
2,bimodal,Task B ,2,4,1,-0.046640694,4,2,286.9446032,2,3.332288233,4,8
2,bimodal,Task B ,2,2,0,-0.174085339,3,1,30.50589803,3,0.225307387,3,6
2,bimodal,Task B ,2,1,1,2.351101443,1,2,185.4487042,4,-1.245304179,1,5
2,bimodal,Task B ,1,2,1,0.976158302,2,1,12.82865186,5,0.14037069,2,3
2,bimodal,Task B ,1,3,0,0.033049321,1,2,256.8112001,6,0.872250574,1,2
3,bimodal,Task B ,1,3,1,0.042343143,4,1,21.38740897,1,-0.062066068,4,2
3,bimodal,Task B ,1,3,1,-0.521884939,3,1,216.7059215,2,-0.147011148,3,2
3,bimodal,Task B ,1,2,1,-0.036827581,2,1,246.3486698,3,-0.101541162,2,3
3,bimodal,Task B ,1,3,1,0.43532362,2,1,320.0130066,4,0.41746197,2,2
3,bimodal,Task B ,1,3,1,-0.129773796,2,1,147.2304447,5,-0.324641373,2,2
3,bimodal,Task B ,2,2,0,0.092736411,1,1,231.7499904,6,-0.241951517,1,6
4,bimodal,Task B ,1,3,1,0.946297697,1,1,332.1093,1,-0.449060837,1,2
4,bimodal,Task B ,1,2,1,0.287111385,1,1,189.7012073,2,-0.208404453,1,3
4,bimodal,Task B ,1,1,0,-0.052252212,2,2,351.2728076,3,-0.287556325,2,4
4,bimodal,Task B ,2,4,1,2.979437973,4,2,140.702429,4,3.023626641,4,8
4,bimodal,Task B ,2,4,0,0.09099066,3,1,226.5399622,5,-0.598675824,3,8
4,bimodal,Task B ,1,2,1,-0.359725729,1,1,206.7644975,6,-0.527340334,1,3
5,bimodal,Task B ,2,4,1,2.878392032,3,2,82.13738711,1,1.615793572,3,8
5,bimodal,Task B ,1,4,1,0.180165949,4,1,145.602906,2,0.010888549,4,1
5,bimodal,Task B ,1,2,1,0.578916169,2,1,102.1110485,3,-0.27980807,2,3
5,bimodal,Task B ,1,3,0,-0.637345025,3,2,248.6556723,4,0.010781313,3,2
5,bimodal,Task B ,1,4,1,0.454607166,2,1,176.6399809,5,-0.097748456,2,1
5,bimodal,Task B ,1,4,0,0.296939671,2,2,354.7339396,6,-1.659684739,2,1
6,bimodal,Task B ,1,2,0,0.271999998,2,2,70.57289282,1,0.268902243,2,3
6,bimodal,Task B ,2,2,1,2.144346457,4,2,65.57558015,2,-1.270932665,4,6
6,bimodal,Task B ,1,2,1,0.710804348,4,1,267.5287459,3,0.110118476,4,3
6,bimodal,Task B ,2,2,1,3.983365592,1,2,133.0148951,4,2.240661306,1,6
6,bimodal,Task B ,2,2,0,0.275865238,4,1,185.496854,5,-0.190509632,4,6
6,bimodal,Task B ,1,2,1,0.112901175,2,1,176.5686197,6,-0.171319565,2,3
7,bimodal,Task B ,1,1,1,-0.009511831,1,1,160.6666565,1,0.260509837,1,4
7,bimodal,Task B ,2,4,0,-0.820822468,4,1,13.99406372,2,-0.111418838,4,8
7,bimodal,Task B ,1,4,1,0.475715726,2,1,190.780349,3,-0.390206013,2,1
7,bimodal,Task B ,2,4,0,-0.336401999,4,1,213.3859231,4,0.154172436,4,8
7,bimodal,Task B ,1,1,1,0.187969114,3,1,344.7968525,5,0.060530643,3,4
7,bimodal,Task B ,1,4,1,-0.186141673,4,1,134.9227446,6,-0.461437775,4,1
8,bimodal,Task B ,1,4,1,-0.090740996,1,1,143.9838692,1,0.050514983,1,1
8,bimodal,Task B ,2,4,1,1.982773041,3,2,169.8168838,2,0.437109076,3,8
8,bimodal,Task B ,1,4,1,-0.061444312,1,1,110.5184722,3,0.010743527,1,1
8,bimodal,Task B ,1,4,1,-0.592328011,4,1,228.6633833,4,-0.185729039,4,1
8,bimodal,Task B ,1,4,1,0.908033808,3,1,66.22839352,5,0.34827738,3,1
8,bimodal,Task B ,1,4,1,0.022725123,4,1,86.06887545,6,0.086440351,4,1
9,bimodal,Task B ,1,1,1,0.356847445,4,1,273.0703677,1,-0.281754675,4,4
9,bimodal,Task B ,2,2,1,-1.129811432,4,2,18.62267966,2,1.105439792,4,6
9,bimodal,Task B ,1,1,1,0.600499628,1,1,294.4205674,3,0.25116349,1,4
9,bimodal,Task B ,2,4,0,0.606799674,4,1,80.42878544,4,-0.085875303,4,8
9,bimodal,Task B ,2,2,0,-0.4215966,1,1,137.5555364,5,-0.376172266,1,6
9,bimodal,Task B ,1,1,1,0.038525721,3,1,192.6320252,6,-0.413012178,3,4
10,bimodal,Task B ,1,1,0,-0.243992504,2,2,0.465106024,1,-0.013018863,2,4
10,bimodal,Task B ,1,1,1,0.187031151,2,1,195.7604027,2,0.305613626,2,4
10,bimodal,Task B ,1,2,0,1.728820318,3,2,105.7865113,3,-1.382976959,3,3
10,bimodal,Task B ,1,2,1,0.025644092,3,1,349.61255,4,0.247136017,3,3
10,bimodal,Task B ,1,2,1,-0.106274441,2,1,347.45048,5,-0.403205344,2,3
10,bimodal,Task B ,1,2,1,-0.047953308,4,1,97.11490308,6,-0.491184883,4,3
1,bimodal,Task B ,1,2,0,0.645599112,1,2,38.67067086,1,0.970203994,1,3
1,bimodal,Task B ,1,2,1,0.593213877,1,1,206.0114268,2,0.445180887,1,3
1,bimodal,Task B ,2,2,1,1.014706307,4,2,15.81914595,3,-1.000379152,4,6
1,bimodal,Task B ,1,3,1,0.563500461,1,1,43.67189833,4,0.60745762,1,2
1,bimodal,Task B ,1,2,1,0.157824537,2,1,282.1295545,5,-0.223159624,2,3
1,bimodal,Task B ,1,3,1,-0.12815839,2,1,37.50827384,6,0.26625323,2,2
2,bimodal,Task B ,2,3,1,-0.569940517,2,2,233.1566308,1,2.428977862,2,7
2,bimodal,Task B ,1,2,1,-0.377440876,3,1,256.2917026,2,0.232065991,3,3
2,bimodal,Task B ,2,1,1,0.873573706,4,2,23.61019725,3,-0.641007215,4,5
2,bimodal,Task B ,2,2,0,-0.461131392,3,1,240.8864903,4,0.087449143,3,6
2,bimodal,Task B ,2,2,1,0.918695708,2,2,220.5234532,5,-1.549812881,2,6
2,bimodal,Task B ,1,4,0,-0.944403096,1,2,243.1763233,6,-0.634537923,1,1
3,bimodal,Task B ,1,4,0,0.565324497,3,2,263.929942,1,0.185098329,3,1
3,bimodal,Task B ,1,2,1,0.035733079,2,1,309.8951492,2,-0.066804596,2,3
3,bimodal,Task B ,2,1,0,-0.531301773,4,1,312.6263611,3,-0.005204246,4,5
3,bimodal,Task B ,1,4,1,-0.05042751,1,1,25.46550897,4,-0.047613837,1,1
3,bimodal,Task B ,2,4,1,1.50556879,1,2,285.852205,5,-0.442685999,1,8
3,bimodal,Task B ,2,1,0,0.281827657,1,1,184.3884556,6,0.884607859,1,5
4,bimodal,Task B ,1,3,1,-0.209014511,4,1,100.6127845,1,0.299976666,4,2
4,bimodal,Task B ,1,1,1,-0.375731167,4,1,334.3861024,2,0.56542029,4,4
4,bimodal,Task B ,1,2,1,0.004015757,1,1,44.37949754,3,-0.225666505,1,3
4,bimodal,Task B ,1,1,0,1.279496536,2,2,241.8474409,4,2.167320632,2,4
4,bimodal,Task B ,1,3,0,-0.232246217,3,2,294.9677364,5,0.855249168,3,2
4,bimodal,Task B ,1,2,1,0.459397289,3,1,326.6390227,6,-0.030119247,3,3
5,bimodal,Task B ,2,4,1,0.551991272,4,2,71.01090313,1,1.680267191,4,8
5,bimodal,Task B ,2,4,0,0.517021611,4,1,33.42495488,2,-0.596025622,4,8
5,bimodal,Task B ,1,4,1,-0.161813254,2,1,326.2883433,3,0.233115109,2,1
5,bimodal,Task B ,1,4,1,0.202780231,1,1,345.3388592,4,0.592648276,1,1
5,bimodal,Task B ,2,4,1,2.517690212,3,2,317.3504993,5,-0.539029537,3,8
5,bimodal,Task B ,2,3,0,-0.328036595,4,1,62.63266481,6,0.511483986,4,7
6,bimodal,Task B ,2,2,1,0.52554393,3,2,332.1542179,1,-2.591678108,3,6
6,bimodal,Task B ,1,2,1,-0.014414953,3,1,166.0957203,2,0.123957184,3,3
6,bimodal,Task B ,1,2,1,-0.253867188,1,1,163.5169258,3,-0.37938943,1,3
6,bimodal,Task B ,1,2,1,-0.321947794,2,1,173.0963467,4,0.131341713,2,3
6,bimodal,Task B ,2,2,1,-1.250180702,2,2,162.7189269,5,-0.940088529,2,6
6,bimodal,Task B ,1,1,1,-0.372082636,4,1,65.82495006,6,-0.664565731,4,4
7,bimodal,Task B ,1,3,1,-0.044157186,4,1,332.4887768,1,-0.244417959,4,2
7,bimodal,Task B ,1,2,0,0.023181632,1,2,4.60065279,2,0.722859425,1,3
7,bimodal,Task B ,1,4,0,-1.639020317,2,2,265.2499667,3,0.185545245,2,1
7,bimodal,Task B ,2,1,0,-0.727566394,2,1,42.52478405,4,0.054218289,2,5
7,bimodal,Task B ,1,1,0,0.409106049,1,2,76.61158083,5,-1.23691932,1,4
7,bimodal,Task B ,1,1,1,0.453843845,1,1,149.3263792,6,0.961497627,1,4
8,bimodal,Task B ,1,4,1,0.196482234,4,1,341.7125176,1,0.217092487,4,1
8,bimodal,Task B ,1,4,1,-0.285345796,3,1,118.5526563,2,0.26702052,3,1
8,bimodal,Task B ,2,4,1,1.136299954,2,2,59.24924487,3,-0.437939002,2,8
8,bimodal,Task B ,1,4,1,0.22364998,4,1,20.49455428,4,-0.133476418,4,1
8,bimodal,Task B ,1,4,1,-0.308948852,4,1,268.1244125,5,0.712747041,4,1
8,bimodal,Task B ,2,4,1,-2.048475147,2,2,126.1002715,6,1.810228356,2,8
9,bimodal,Task B ,1,1,1,0.627658572,2,1,148.8585393,1,-0.312858464,2,4
9,bimodal,Task B ,2,3,1,3.20033842,4,2,355.6010061,2,-2.724385377,4,7
9,bimodal,Task B ,1,2,1,0.322623463,1,1,351.0976083,3,-0.26897596,1,3
9,bimodal,Task B ,1,2,1,-0.107775411,1,1,341.1291357,4,0.031813129,1,3
9,bimodal,Task B ,1,1,0,-0.263543637,1,2,190.7738973,5,0.660119713,1,4
9,bimodal,Task B ,1,2,0,1.404904391,4,2,276.0637998,6,1.154916304,4,3
10,bimodal,Task B ,1,1,1,0.089268908,3,1,250.2716462,1,0.408991146,3,4
10,bimodal,Task B ,1,2,1,0.20388187,3,1,354.354774,2,-0.106050447,3,3
10,bimodal,Task B ,1,2,1,0.522621132,3,1,166.9967563,3,0.361067127,3,3
10,bimodal,Task B ,1,2,0,-0.480651142,2,2,206.280842,4,0.823160748,2,3
10,bimodal,Task B ,2,1,1,-0.664298317,1,2,42.94800349,5,0.18101,1,5
10,bimodal,Task B ,1,2,0,0.03172131,3,2,197.5923804,6,0.726696304,3,3
1,bimodal,Task B ,1,3,1,-0.078389002,2,1,73.43727803,1,-0.045346013,2,2
1,bimodal,Task B ,2,2,0,0.417125533,1,1,323.0355819,2,-0.606866072,1,6
1,bimodal,Task B ,1,3,1,0.611069733,3,1,305.9464759,3,-0.104946585,3,2
1,bimodal,Task B ,2,2,0,-0.776288547,1,1,178.2072923,4,-0.043128456,1,6
1,bimodal,Task B ,1,3,0,0.539141265,3,2,320.5133526,5,1.222165054,3,2
1,bimodal,Task B ,2,3,1,-1.325901304,3,2,168.6775377,6,0.486458871,3,7
2,bimodal,Task B ,2,3,1,0.457273498,2,2,152.2116501,1,1.372886477,2,7
2,bimodal,Task B ,2,3,1,-0.076383217,1,2,301.0386739,2,0.912736784,1,7
2,bimodal,Task B ,1,2,0,0.406502002,1,2,26.26099163,3,-1.836843194,1,3
2,bimodal,Task B ,2,2,1,-2.194021966,2,2,89.81901342,4,-1.362785954,2,6
2,bimodal,Task B ,2,3,1,1.824386388,4,2,96.96412026,5,-2.124921323,4,7
2,bimodal,Task B ,2,3,0,0.072145313,1,1,150.2876769,6,-0.04193226,1,7
3,bimodal,Task B ,1,3,1,-0.136444555,4,1,147.3918059,1,0.32214682,4,2
3,bimodal,Task B ,1,3,1,-0.235214324,2,1,210.719325,2,-0.070985816,2,2
3,bimodal,Task B ,1,3,1,0.016504305,3,1,230.9178341,3,0.47510151,3,2
3,bimodal,Task B ,2,4,1,-0.758140905,4,2,297.852307,4,-0.621630574,4,8
3,bimodal,Task B ,1,3,1,-0.05574765,1,1,212.3834864,5,-0.034397329,1,2
3,bimodal,Task B ,1,3,1,-0.112514819,1,1,83.18073724,6,0.775251677,1,2
4,bimodal,Task B ,2,2,1,-0.801362617,1,2,329.0610222,1,0.116635095,1,6
4,bimodal,Task B ,1,1,1,0.120699734,1,1,224.5623632,2,0.43747341,1,4
4,bimodal,Task B ,1,2,1,-0.37044163,3,1,308.9606756,3,-0.009814135,3,3
4,bimodal,Task B ,1,2,1,0.017180733,1,1,26.90853344,4,0.212681008,1,3
4,bimodal,Task B ,2,4,1,-1.267065919,4,2,229.5728859,5,1.085043109,4,8
4,bimodal,Task B ,2,4,1,-0.234638705,4,2,174.0912935,6,0.827267708,4,8
5,bimodal,Task B ,1,2,0,0.959119222,4,2,251.5860324,1,0.207524257,4,3
5,bimodal,Task B ,2,1,1,1.161774416,1,2,273.5172943,2,3.462294888,1,5
5,bimodal,Task B ,1,4,0,0.151255261,3,2,20.10026102,3,0.981183738,3,1
5,bimodal,Task B ,1,4,1,0.497650795,1,1,320.956127,4,-0.508178921,1,1
5,bimodal,Task B ,2,4,1,1.683675654,3,2,107.8203306,5,-0.46994615,3,8
5,bimodal,Task B ,1,2,0,0.949467014,2,2,303.192749,6,0.738457738,2,3
6,bimodal,Task B ,1,2,1,0.356609263,2,1,212.7063005,1,0.547151158,2,3
6,bimodal,Task B ,2,2,0,0.661645059,1,1,336.9249595,2,-0.405664351,1,6
6,bimodal,Task B ,1,2,0,0.465717261,1,2,258.4300817,3,-0.524716593,1,3
6,bimodal,Task B ,2,2,1,0.480705061,4,2,177.9938556,4,0.266378216,4,6
6,bimodal,Task B ,1,2,1,-0.948292296,3,1,297.9747629,5,-0.416053391,3,3
6,bimodal,Task B ,1,2,1,0.437848651,2,1,252.8011962,6,0.661228672,2,3
7,bimodal,Task B ,2,4,1,0.401966675,2,2,79.28522012,1,1.940296393,2,8
7,bimodal,Task B ,2,4,1,-1.592203899,3,2,181.2618915,2,-0.697391915,3,8
7,bimodal,Task B ,1,4,0,0.457902137,3,2,276.4425303,3,0.14065811,3,1
7,bimodal,Task B ,1,1,0,0.089470117,2,2,81.43024315,4,0.404123348,2,4
7,bimodal,Task B ,2,4,1,-1.854192637,4,2,82.07721659,5,0.603985529,4,8
7,bimodal,Task B ,1,4,0,-2.011264083,3,2,118.2709854,6,-0.277578508,3,1
8,bimodal,Task B ,1,4,1,-0.255877115,1,1,12.94557858,1,-0.069108278,1,1
8,bimodal,Task B ,1,4,0,-0.595014839,4,2,352.6109181,2,-1.686580529,4,1
8,bimodal,Task B ,1,4,1,-0.007878988,4,1,269.4364869,3,-0.245775495,4,1
8,bimodal,Task B ,1,4,1,-0.420756059,4,1,217.3132616,4,0.110222504,4,1
8,bimodal,Task B ,2,4,1,0.661888352,1,2,270.462149,5,-1.11860565,1,8
8,bimodal,Task B ,1,4,1,-0.314753349,1,1,356.3480308,6,-0.113073565,1,1
9,bimodal,Task B ,1,4,1,-0.151563138,3,1,343.9826086,1,-0.085876352,3,1
9,bimodal,Task B ,1,4,0,-0.235180045,4,2,85.13012948,2,-0.25170115,4,1
9,bimodal,Task B ,1,2,0,0.597092595,1,2,207.387227,3,0.344023088,1,3
9,bimodal,Task B ,1,1,0,0.139766197,4,2,173.8412991,4,-2.061782174,4,4
9,bimodal,Task B ,1,4,1,0.072465563,4,1,253.8984954,5,0.334211383,4,1
9,bimodal,Task B ,2,2,1,-1.377374675,1,2,280.1320715,6,2.445720114,1,6
10,bimodal,Task B ,1,1,0,0.45636864,1,2,171.1478245,1,0.587623343,1,4
10,bimodal,Task B ,1,1,1,0.483617675,2,1,36.29725287,2,-0.115651597,2,4
10,bimodal,Task B ,1,1,0,0.807832731,1,2,356.8953325,3,1.681804291,1,4
10,bimodal,Task B ,1,1,0,-1.332711883,1,2,86.28736537,4,-0.089082197,1,4
10,bimodal,Task B ,1,2,0,0.966038441,1,2,83.83153858,5,0.013895612,1,3
10,bimodal,Task B ,1,2,0,-0.678992632,4,2,163.9843846,6,-0.244655592,4,3
1,bimodal,Task B ,2,3,1,-2.542756367,2,2,279.4387118,1,1.14881371,2,7
1,bimodal,Task B ,1,2,1,0.337922794,3,1,51.64037212,2,-0.365326243,3,3
1,bimodal,Task B ,1,2,1,0.310539861,3,1,250.1565941,3,-0.395922685,3,3
1,bimodal,Task B ,1,3,1,0.445858522,3,1,61.40459409,4,-0.471391345,3,2
1,bimodal,Task B ,1,3,1,-0.131925194,3,1,199.8600918,5,-0.135643035,3,2
1,bimodal,Task B ,1,3,0,0.865374163,1,2,64.76351894,6,2.039860767,1,2
2,bimodal,Task B ,2,3,1,-2.166848815,1,2,128.061085,1,-0.943218194,1,7
2,bimodal,Task B ,2,4,1,0.790763965,4,2,47.32417755,2,-0.675238701,4,8
2,bimodal,Task B ,1,1,1,0.084038564,1,1,311.6002261,3,-0.435877097,1,4
2,bimodal,Task B ,2,1,1,-0.146113374,1,2,206.6459721,4,0.799951476,1,5
2,bimodal,Task B ,2,3,1,0.07857894,2,2,255.6798931,5,-0.263048386,2,7
2,bimodal,Task B ,1,2,1,-0.169369528,3,1,53.66814213,6,-0.14233041,3,3
3,bimodal,Task B ,2,3,1,-1.125588864,1,2,8.167119107,1,-2.681565504,1,7
3,bimodal,Task B ,1,4,1,-0.030478694,2,1,231.983643,2,0.237125296,2,1
3,bimodal,Task B ,2,1,0,0.505598944,4,1,13.38556019,3,-0.154631378,4,5
3,bimodal,Task B ,2,2,0,-0.26732624,3,1,215.3184127,4,-0.892611159,3,6
3,bimodal,Task B ,2,1,0,-0.606677513,1,1,32.04976689,5,0.438288188,1,5
3,bimodal,Task B ,2,1,1,-0.329977479,2,2,89.30176999,6,0.98521085,2,5
4,bimodal,Task B ,1,3,1,0.312883982,1,1,121.9949668,1,0.039170156,1,2
4,bimodal,Task B ,1,3,0,-0.82766257,1,2,78.74086933,2,0.330780077,1,2
4,bimodal,Task B ,2,4,1,0.326565335,3,2,103.5407249,3,-2.99799364,3,8
4,bimodal,Task B ,1,1,0,0.799041235,1,2,110.7201854,4,0.04145009,1,4
4,bimodal,Task B ,1,2,0,0.088929633,3,2,113.1669999,5,2.472709075,3,3
4,bimodal,Task B ,1,1,1,0.069917626,1,1,106.2359115,6,-0.589482178,1,4
5,bimodal,Task B ,1,3,0,0.07795114,1,2,123.4137465,1,-1.104217015,1,2
5,bimodal,Task B ,1,4,0,0.487251398,3,2,66.28791708,2,2.755725807,3,1
5,bimodal,Task B ,1,4,1,0.043915701,3,1,333.0831135,3,-0.639780753,3,1
5,bimodal,Task B ,2,4,1,0.657170834,3,2,36.93032697,4,2.493328524,3,8
5,bimodal,Task B ,1,2,0,1.54834698,2,2,248.600503,5,1.338757113,2,3
5,bimodal,Task B ,1,4,1,0.179379013,1,1,133.2372529,6,0.500874515,1,1
6,bimodal,Task B ,1,2,1,-0.219374096,1,1,334.7302399,1,0.052359296,1,3
6,bimodal,Task B ,1,2,0,0.326934442,1,2,323.6628106,2,-1.470959918,1,3
6,bimodal,Task B ,1,2,1,-0.117412717,1,1,178.5228841,3,0.212484856,1,3
6,bimodal,Task B ,1,2,1,-0.017099593,1,1,271.9280886,4,-0.561868363,1,3
6,bimodal,Task B ,1,2,1,-0.126742142,2,1,94.23855608,5,0.479006113,2,3
6,bimodal,Task B ,2,2,1,-1.550269203,4,2,120.7236652,6,-0.072768313,4,6
7,bimodal,Task B ,1,1,0,-0.137410332,1,2,187.7783677,1,-0.597747654,1,4
7,bimodal,Task B ,1,4,0,-0.119118913,4,2,130.7474162,2,-0.309428406,4,1
7,bimodal,Task B ,1,4,1,0.278006198,3,1,237.5571434,3,-0.055608052,3,1
7,bimodal,Task B ,1,1,1,0.383284714,1,1,228.8813361,4,0.382365593,1,4
7,bimodal,Task B ,1,4,0,0.261588682,3,2,255.3026621,5,2.112428314,3,1
7,bimodal,Task B ,2,4,1,-3.237152944,4,2,80.62875122,6,-0.493162726,4,8
8,bimodal,Task B ,1,4,0,-0.328221553,1,2,77.17461621,1,-1.991709183,1,1
8,bimodal,Task B ,2,4,1,-2.58496941,2,2,225.9939264,2,0.104983607,2,8
8,bimodal,Task B ,2,4,0,-0.118147161,2,1,197.574557,3,0.01561752,2,8
8,bimodal,Task B ,2,4,0,0.059359749,2,1,21.42052875,4,-0.109987823,2,8
8,bimodal,Task B ,1,4,1,-0.171144629,4,1,5.158978124,5,-0.630611125,4,1
8,bimodal,Task B ,2,4,1,0.915296968,1,2,81.62425052,6,1.447089133,1,8
9,bimodal,Task B ,2,2,0,-0.243265078,1,1,44.55011385,1,0.516506853,1,6
9,bimodal,Task B ,1,1,1,-0.596019124,2,1,311.8683213,2,-0.458290251,2,4
9,bimodal,Task B ,1,3,1,-0.357299374,4,1,61.15057932,3,0.224497328,4,2
9,bimodal,Task B ,1,4,1,0.219174439,3,1,73.69768229,4,-0.652392811,3,1
9,bimodal,Task B ,1,1,1,0.123163586,1,1,221.5493224,5,0.155445922,1,4
9,bimodal,Task B ,1,3,1,-0.060401942,4,1,276.505379,6,-0.588767822,4,2
10,bimodal,Task B ,1,1,1,-0.456680687,3,1,70.80634195,1,0.389587389,3,4
10,bimodal,Task B ,2,1,1,-3.002946869,2,2,152.0483487,2,-0.780301754,2,5
10,bimodal,Task B ,1,2,1,-0.072547952,3,1,198.9111078,3,-0.526697925,3,3
10,bimodal,Task B ,2,2,1,1.462567228,3,2,219.269181,4,-1.471201351,3,6
10,bimodal,Task B ,1,2,1,-0.254275159,2,1,169.6020408,5,-0.586643215,2,3
10,bimodal,Task B ,1,2,1,-0.044787199,1,1,72.3317538,6,-0.421882016,1,3
1,bimodal,Task B ,1,2,1,0.042411896,1,1,125.4760325,1,-0.41492451,1,3
1,bimodal,Task B ,1,3,1,0.008482481,1,1,223.9586472,2,-0.485671193,1,2
1,bimodal,Task B ,2,2,0,0.054354024,2,1,127.5268512,3,0.209205985,2,6
1,bimodal,Task B ,1,4,0,0.819307089,2,2,85.34725916,4,-0.116214551,2,1
1,bimodal,Task B ,2,1,0,0.56927378,1,1,18.77061798,5,0.411080925,1,5
1,bimodal,Task B ,1,1,1,0.101163274,2,1,306.6631554,6,-0.251633061,2,4
2,bimodal,Task B ,2,4,1,-1.02344785,4,2,83.10601375,1,1.387781286,4,8
2,bimodal,Task B ,2,2,0,0.110175338,1,1,141.4335097,2,0.167025819,1,6
2,bimodal,Task B ,2,2,1,-2.834753302,3,2,233.1844154,3,-0.991211138,3,6
2,bimodal,Task B ,2,1,0,-0.22614692,2,1,286.6792833,4,-0.175335098,2,5
2,bimodal,Task B ,1,2,1,0.174014424,3,1,66.24842325,5,0.476794197,3,3
2,bimodal,Task B ,2,4,1,-0.170807693,2,2,188.2785586,6,1.936527555,2,8
3,bimodal,Task B ,2,4,1,1.766226721,2,2,159.2742183,1,0.76845542,2,8
3,bimodal,Task B ,2,3,1,1.822325366,1,2,101.8449976,2,0.790571418,1,7
3,bimodal,Task B ,2,2,1,-1.435366376,3,2,302.3744727,3,1.259326526,3,6
3,bimodal,Task B ,1,2,1,0.013445013,1,1,73.99708014,4,0.490056588,1,3
3,bimodal,Task B ,2,4,1,0.526837665,2,2,190.1055666,5,-1.992936688,2,8
3,bimodal,Task B ,2,3,1,-1.288411053,3,2,127.2648252,6,0.577685833,3,7
4,bimodal,Task B ,1,2,1,0.652360079,2,1,348.4499459,1,0.018538318,2,3
4,bimodal,Task B ,1,2,0,-0.867124833,4,2,226.7217127,2,0.073006028,4,3
4,bimodal,Task B ,1,1,1,-0.489569751,2,1,187.1809655,3,-0.093662398,2,4
4,bimodal,Task B ,1,2,1,0.191786602,2,1,245.9317201,4,-0.130899114,2,3
4,bimodal,Task B ,1,3,1,-0.180965593,3,1,59.73413901,5,0.690739735,3,2
4,bimodal,Task B ,1,2,1,-0.258239607,3,1,175.5547613,6,0.291097274,3,3
5,bimodal,Task B ,1,3,1,0.37577061,2,1,353.523492,1,0.394225288,2,2
5,bimodal,Task B ,1,4,1,-0.344399302,3,1,101.740311,2,-0.606822092,3,1
5,bimodal,Task B ,2,4,1,-1.816036585,1,2,228.2331727,3,0.515053856,1,8
5,bimodal,Task B ,1,2,0,0.857986975,1,2,40.40046923,4,1.923431586,1,3
5,bimodal,Task B ,1,3,1,-0.27306246,4,1,13.2604327,5,-0.163973482,4,2
5,bimodal,Task B ,1,4,1,-0.353257611,2,1,186.6737753,6,0.293459448,2,1
6,bimodal,Task B ,2,2,0,0.64694436,4,1,1.643512817,1,0.304292834,4,6
6,bimodal,Task B ,1,2,0,0.72172495,1,2,125.2011493,2,0.025628395,1,3
6,bimodal,Task B ,2,2,1,-0.636274923,2,2,30.3643347,3,-0.253967309,2,6
6,bimodal,Task B ,1,2,0,0.090265093,1,2,307.4815864,4,-0.131505869,1,3
6,bimodal,Task B ,2,2,1,-1.94900081,3,2,13.90809259,5,-0.630028131,3,6
6,bimodal,Task B ,1,2,1,0.455865159,1,1,354.7241758,6,0.187017161,1,3
7,bimodal,Task B ,1,1,1,-0.264902181,4,1,97.51500385,1,-0.551417565,4,4
7,bimodal,Task B ,1,2,1,-0.220752661,1,1,255.8205008,2,0.370205186,1,3
7,bimodal,Task B ,1,1,0,0.33578128,1,2,294.3141291,3,-0.080440195,1,4
7,bimodal,Task B ,2,4,1,-1.991820066,3,2,43.27424655,4,0.019150257,3,8
7,bimodal,Task B ,1,1,1,-0.307872001,2,1,61.59173714,5,-0.321513428,2,4
7,bimodal,Task B ,1,1,0,0.662719402,1,2,98.40401628,6,1.16907167,1,4
8,bimodal,Task B ,1,4,1,-0.526063875,4,1,316.5061458,1,-0.396613506,4,1
8,bimodal,Task B ,1,4,1,-0.232070747,1,1,312.3415121,2,-0.334456471,1,1
8,bimodal,Task B ,1,4,0,-0.327366667,2,2,134.5848179,3,2.526888681,2,1
8,bimodal,Task B ,2,4,1,-2.817033354,4,2,309.7581029,4,1.429427477,4,8
8,bimodal,Task B ,1,4,1,-0.079407194,3,1,359.3557479,5,-0.010945938,3,1
8,bimodal,Task B ,2,4,1,2.34729994,3,2,221.543197,6,-1.098080207,3,8
9,bimodal,Task B ,2,1,0,0.261598629,4,1,231.4540209,1,0.539902969,4,5
9,bimodal,Task B ,1,1,1,0.185398826,2,1,28.94124089,2,-0.314344801,2,4
9,bimodal,Task B ,1,3,0,-0.312444598,3,2,54.00530256,3,-1.407944526,3,2
9,bimodal,Task B ,1,1,1,-0.03607314,2,1,182.7750022,4,0.515047919,2,4
9,bimodal,Task B ,1,3,0,0.100890811,3,2,232.2841714,5,0.658737064,3,2
9,bimodal,Task B ,2,2,0,0.191964576,4,1,50.07821451,6,-0.523873093,4,6
10,bimodal,Task B ,1,1,0,0.222606034,1,2,329.1881852,1,0.472718109,1,4
10,bimodal,Task B ,2,3,1,-0.92062042,3,2,199.4013026,2,1.626126601,3,7
10,bimodal,Task B ,1,1,1,-0.754695681,1,1,171.0751031,3,0.282233066,1,4
10,bimodal,Task B ,1,2,1,-0.060763361,3,1,220.2970304,4,0.555426419,3,3
10,bimodal,Task B ,1,2,1,0.14302732,1,1,63.6956833,5,0.004398363,1,3
10,bimodal,Task B ,1,2,1,0.447175409,2,1,86.31529158,6,-0.359747617,2,3
1,bimodal,Task B ,2,4,1,-1.432274064,2,2,215.4213605,1,-2.246649726,2,8
1,bimodal,Task B ,2,2,1,2.55417448,1,2,109.7515171,2,0.129013821,1,6
1,bimodal,Task B ,1,3,1,0.005648813,1,1,105.5516239,3,-0.549514497,1,2
1,bimodal,Task B ,2,2,1,-0.490805429,3,2,38.77412248,4,0.350215743,3,6
1,bimodal,Task B ,2,1,1,-0.071373849,1,2,345.8125338,5,0.114342925,1,5
1,bimodal,Task B ,2,4,1,-1.143787302,3,2,162.0156615,6,0.192710651,3,8
2,bimodal,Task B ,1,2,1,-0.027850297,1,1,77.93752508,1,-0.005428902,1,3
2,bimodal,Task B ,1,2,0,0.430417287,3,2,288.8879267,2,0.012513837,3,3
2,bimodal,Task B ,1,1,0,0.768498069,4,2,244.2032045,3,0.335419885,4,4
2,bimodal,Task B ,1,1,0,2.166921483,4,2,104.5897829,4,-1.367430681,4,4
2,bimodal,Task B ,2,1,0,-0.477919361,1,1,32.43747593,5,-0.009056611,1,5
2,bimodal,Task B ,1,3,0,-0.398480296,2,2,47.6267099,6,-0.685101346,2,2
3,bimodal,Task B ,1,2,1,-0.115450783,2,1,246.5012962,1,0.468048573,2,3
3,bimodal,Task B ,2,3,1,-0.028308631,2,2,355.6311485,2,-0.778446312,2,7
3,bimodal,Task B ,1,2,0,-0.410536194,4,2,27.98765752,3,0.819768261,4,3
3,bimodal,Task B ,1,3,1,-0.513323162,1,1,49.24366992,4,-0.320400992,1,2
3,bimodal,Task B ,1,3,1,-0.271021534,4,1,46.60616023,5,-0.193786182,4,2
3,bimodal,Task B ,1,2,1,0.281772297,1,1,265.9996008,6,0.304327184,1,3
4,bimodal,Task B ,2,2,1,0.159556297,2,2,296.2187104,1,-2.167312265,2,6
4,bimodal,Task B ,1,2,1,-0.29119861,2,1,72.48302233,2,-1.043345483,2,3
4,bimodal,Task B ,1,3,0,-0.060286261,4,2,346.0639075,3,1.792213255,4,2
4,bimodal,Task B ,2,1,1,-1.945487079,1,2,106.1459752,4,-2.505179109,1,5
4,bimodal,Task B ,1,3,0,-0.43334114,3,2,7.268370836,5,1.018206582,3,2
4,bimodal,Task B ,1,1,0,-1.365553848,1,2,159.2612263,6,0.393680203,1,4
5,bimodal,Task B ,1,4,0,-0.101558711,4,2,311.1401476,1,1.276342907,4,1
5,bimodal,Task B ,1,4,1,0.054143884,3,1,66.09406039,2,-0.069613667,3,1
5,bimodal,Task B ,1,4,1,-0.522500889,1,1,66.3341526,3,-0.267669025,1,1
5,bimodal,Task B ,2,4,1,-3.545468133,1,2,294.8618572,4,3.280653303,1,8
5,bimodal,Task B ,2,1,0,0.019632798,1,1,134.6035329,5,-0.018901523,1,5
5,bimodal,Task B ,2,4,1,1.440626177,4,2,203.872582,6,0.602559137,4,8
6,bimodal,Task B ,2,1,0,0.033218422,2,1,133.3825873,1,-0.278663799,2,5
6,bimodal,Task B ,1,2,0,2.274241183,2,2,219.5363931,2,1.004458394,2,3
6,bimodal,Task B ,1,2,0,1.379870628,2,2,38.9340309,3,2.014100971,2,3
6,bimodal,Task B ,1,2,1,-0.210255925,4,1,214.2860011,4,0.289754789,4,3
6,bimodal,Task B ,1,2,1,-0.297007285,3,1,292.2311567,5,-0.187369577,3,3
6,bimodal,Task B ,1,1,1,-0.643945683,3,1,145.1983023,6,0.287517715,3,4
7,bimodal,Task B ,1,4,1,-0.190340491,4,1,254.6544809,1,-0.194587834,4,1
7,bimodal,Task B ,1,3,1,0.531581385,4,1,300.316114,2,0.420008391,4,2
7,bimodal,Task B ,1,1,0,-1.238081257,1,2,188.6743575,3,1.352518005,1,4
7,bimodal,Task B ,1,1,1,0.087018344,1,1,169.9475902,4,-0.015188068,1,4
7,bimodal,Task B ,1,1,0,0.210155557,1,2,54.04506455,5,1.978562696,1,4
7,bimodal,Task B ,1,4,0,-0.637223007,3,2,222.7204497,6,1.195336857,3,1
8,bimodal,Task B ,1,4,1,-0.077994492,3,1,201.7566972,1,0.422954182,3,1
8,bimodal,Task B ,1,4,1,-0.007941624,4,1,219.8956691,2,0.049712581,4,1
8,bimodal,Task B ,1,4,1,-0.265477267,3,1,329.5172298,3,0.231441453,3,1
8,bimodal,Task B ,2,4,1,-2.144196403,3,2,43.37235968,4,0.948750051,3,8
8,bimodal,Task B ,1,4,1,0.031556957,2,1,294.4337445,5,-0.343322184,2,1
8,bimodal,Task B ,2,4,0,0.549696567,2,1,329.2252588,6,0.192750901,2,8
9,bimodal,Task B ,1,2,1,0.321317655,2,1,148.2831443,1,0.801963878,2,3
9,bimodal,Task B ,1,2,0,0.032395719,1,2,228.0149586,2,0.038867428,1,3
9,bimodal,Task B ,2,2,1,1.344271273,2,2,264.0141479,3,1.052645203,2,6
9,bimodal,Task B ,1,2,0,0.541445356,4,2,339.2847417,4,-0.774381347,4,3
9,bimodal,Task B ,2,1,0,-0.038197075,1,1,311.2001679,5,0.050670153,1,5
9,bimodal,Task B ,1,4,0,-0.845041006,3,2,200.1852249,6,1.101644276,3,1
10,bimodal,Task B ,1,2,0,0.81836489,3,2,110.9180121,1,0.552158411,3,3
10,bimodal,Task B ,1,2,0,0.19862049,4,2,41.12202375,2,-1.8933276,4,3
10,bimodal,Task B ,1,2,1,-0.619923446,4,1,358.9573466,3,0.175682554,4,3
10,bimodal,Task B ,2,3,1,-2.58383256,3,2,248.430307,4,0.787516943,3,7
10,bimodal,Task B ,1,2,0,0.14535352,1,2,333.3264524,5,0.805685309,1,3
10,bimodal,Task B ,2,2,1,0.688332457,4,2,37.22809897,6,-0.768159815,4,6
1,bimodal,Task B ,1,2,1,0.559809795,4,1,326.1168585,1,-0.302985274,4,3
1,bimodal,Task B ,2,2,1,-1.398183706,3,2,205.1473966,2,0.494406836,3,6
1,bimodal,Task B ,2,1,0,0.595136499,1,1,314.7562661,3,0.179040584,1,5
1,bimodal,Task B ,2,2,1,-1.5335095,3,2,356.1818048,4,2.565091067,3,6
1,bimodal,Task B ,1,3,1,-0.088039348,1,1,323.7256055,5,-0.144899214,1,2
1,bimodal,Task B ,2,4,1,-1.397790681,1,2,41.59308285,6,-1.38637949,1,8
2,bimodal,Task B ,1,2,0,0.621242888,3,2,314.1104097,1,-0.793946512,3,3
2,bimodal,Task B ,1,2,1,0.219141647,4,1,334.4197841,2,-0.046802264,4,3
2,bimodal,Task B ,1,2,1,0.117234093,4,1,349.9903466,3,-0.329752528,4,3
2,bimodal,Task B ,1,2,1,0.220972633,1,1,305.1486965,4,0.238095873,1,3
2,bimodal,Task B ,1,2,1,0.01487108,1,1,67.63622104,5,-0.185755271,1,3
2,bimodal,Task B ,1,2,1,-0.056209069,4,1,106.9057513,6,0.321836773,4,3
3,bimodal,Task B ,1,3,1,-0.945307703,2,1,10.83661462,1,0.487331651,2,2
3,bimodal,Task B ,2,3,0,-0.043645634,1,1,135.8949884,2,-0.601607407,1,7
3,bimodal,Task B ,1,3,1,0.067866972,4,1,164.753091,3,-0.024027889,4,2
3,bimodal,Task B ,1,4,1,0.16590514,3,1,277.9795419,4,-0.212724653,3,1
3,bimodal,Task B ,1,2,0,-0.685910449,2,2,233.9917188,5,0.668010569,2,3
3,bimodal,Task B ,1,2,1,-0.354850851,2,1,33.231296,6,-0.129290546,2,3
4,bimodal,Task B ,1,2,0,-0.20833309,2,2,125.0552391,1,1.580374611,2,3
4,bimodal,Task B ,1,2,0,-0.163001134,1,2,290.8081515,2,-0.761678347,1,3
4,bimodal,Task B ,1,1,1,-0.048997584,1,1,282.8143413,3,-0.034865297,1,4
4,bimodal,Task B ,1,1,0,1.711530534,2,2,346.166295,4,1.928679658,2,4
4,bimodal,Task B ,1,1,1,0.796593786,2,1,204.8951853,5,-0.867976414,2,4
4,bimodal,Task B ,1,3,1,0.151889557,4,1,106.7835351,6,-0.114307568,4,2
5,bimodal,Task B ,1,1,0,0.328585979,2,2,41.78680455,1,-0.839277754,2,4
5,bimodal,Task B ,1,4,1,-0.278856564,2,1,109.3684774,2,0.043026658,2,1
5,bimodal,Task B ,2,2,0,-0.00391192,1,1,125.9905297,3,0.037123242,1,6
5,bimodal,Task B ,1,4,1,0.3080228,4,1,344.5883079,4,0.05630595,4,1
5,bimodal,Task B ,1,2,0,-0.590343184,3,2,257.9268998,5,0.68619702,3,3
5,bimodal,Task B ,2,4,1,1.882116853,3,2,118.7640927,6,-3.283752496,3,8
6,bimodal,Task B ,2,2,1,-3.653906838,1,2,305.4726639,1,1.974271705,1,6
6,bimodal,Task B ,1,2,1,-0.389459883,3,1,123.5176737,2,-0.189675404,3,3
6,bimodal,Task B ,2,1,1,-1.888216626,4,2,287.262054,3,-1.220949911,4,5
6,bimodal,Task B ,1,2,1,-0.270171763,4,1,332.2729242,4,0.226782193,4,3
6,bimodal,Task B ,1,2,1,-0.183642802,4,1,52.74186145,5,-0.494576651,4,3
6,bimodal,Task B ,1,1,0,-0.004525716,1,2,208.3678422,6,-0.330574729,1,4
7,bimodal,Task B ,2,3,1,-1.891275389,3,2,135.9000155,1,1.262196188,3,7
7,bimodal,Task B ,2,4,1,-1.569804281,4,2,34.61673044,2,0.008013604,4,8
7,bimodal,Task B ,1,4,0,1.188630336,4,2,104.3427459,3,-2.710843156,4,1
7,bimodal,Task B ,2,1,1,1.64268007,1,2,234.6961765,4,-0.47002969,1,5
7,bimodal,Task B ,1,4,1,-0.460902566,3,1,239.0340082,5,-0.330002211,3,1
7,bimodal,Task B ,1,4,1,0.246969093,2,1,335.9664822,6,-0.12647105,2,1
8,bimodal,Task B ,1,4,1,0.35946227,1,1,304.5445669,1,-0.090401544,1,1
8,bimodal,Task B ,1,4,1,-0.018834543,1,1,292.0021681,2,0.200269281,1,1
8,bimodal,Task B ,1,4,0,-0.652438267,4,2,151.6159423,3,1.587009493,4,1
8,bimodal,Task B ,1,4,1,0.32829495,3,1,162.6527009,4,-0.574811776,3,1
8,bimodal,Task B ,2,4,1,-1.146646498,2,2,160.6530663,5,0.455064826,2,8
8,bimodal,Task B ,1,4,1,-0.016230935,2,1,127.9041496,6,0.292412097,2,1
9,bimodal,Task B ,1,1,1,0.518534136,1,1,173.6397405,1,0.099672318,1,4
9,bimodal,Task B ,2,3,1,-3.753801154,2,2,250.8558219,2,-0.343043359,2,7
9,bimodal,Task B ,2,1,0,0.352542372,2,1,31.34523878,3,0.929283567,2,5
9,bimodal,Task B ,1,2,1,-0.458152991,2,1,265.3726041,4,0.034152575,2,3
9,bimodal,Task B ,2,2,1,1.490215139,3,2,192.7894518,5,-2.070929233,3,6
9,bimodal,Task B ,1,2,0,1.477614939,1,2,91.38026441,6,2.167782035,1,3
10,bimodal,Task B ,2,2,1,-0.215518179,4,2,118.9240457,1,1.519558862,4,6
10,bimodal,Task B ,1,1,0,0.193393573,2,2,183.0012023,2,1.298872123,2,4
10,bimodal,Task B ,2,3,1,3.16592579,3,2,251.1010236,3,-0.82634796,3,7
10,bimodal,Task B ,2,2,1,-0.717407072,3,2,179.2105439,4,1.564624796,3,6
10,bimodal,Task B ,1,2,1,-0.482096198,3,1,1.188804016,5,0.34184927,3,3
10,bimodal,Task B ,1,1,0,0.310878364,2,2,325.3983729,6,2.490608697,2,4
1,bimodal,Task B ,2,3,1,-1.499260834,3,2,304.9090074,1,0.619479952,3,7
1,bimodal,Task B ,1,3,1,0.084887947,2,1,261.195807,2,-0.528346582,2,2
1,bimodal,Task B ,2,4,1,-1.600528808,4,2,256.0950557,3,-0.183608182,4,8
1,bimodal,Task B ,2,2,1,2.084164063,4,2,337.9652768,4,-1.778115981,4,6
1,bimodal,Task B ,1,3,1,-0.407872118,3,1,147.0348134,5,-0.003110465,3,2
1,bimodal,Task B ,1,2,1,-0.35357006,3,1,14.13653827,6,0.503564852,3,3
2,bimodal,Task B ,1,2,1,0.185748275,1,1,182.5442622,1,-0.145561632,1,3
2,bimodal,Task B ,2,3,1,0.914875917,4,2,225.0146099,2,-2.04372992,4,7
2,bimodal,Task B ,2,1,1,2.295006386,1,2,343.9786064,3,0.215012694,1,5
2,bimodal,Task B ,2,2,0,0.233089358,3,1,213.5520362,4,0.042804919,3,6
2,bimodal,Task B ,2,4,1,-1.006457662,4,2,155.4739258,5,-3.225406038,4,8
2,bimodal,Task B ,2,4,1,-1.258019824,4,2,71.7196485,6,1.047850813,4,8
3,bimodal,Task B ,2,4,1,-2.363417849,3,2,316.6974475,1,-3.51201164,3,8
3,bimodal,Task B ,2,3,1,1.386085215,1,2,240.104513,2,3.439162891,1,7
3,bimodal,Task B ,2,3,1,-1.292573945,4,2,194.0238032,3,0.199164985,4,7
3,bimodal,Task B ,2,4,1,-2.319285846,1,2,19.77033053,4,-0.402205381,1,8
3,bimodal,Task B ,1,1,0,-0.33784403,2,2,233.7554733,5,0.806790316,2,4
3,bimodal,Task B ,1,2,1,0.078627963,1,1,253.1747185,6,0.459858142,1,3
4,bimodal,Task B ,2,2,1,-2.668815683,1,2,217.320601,1,0.618875612,1,6
4,bimodal,Task B ,2,1,1,-0.531919509,2,2,151.3351377,2,0.999223012,2,5
4,bimodal,Task B ,1,3,1,-0.257403027,4,1,358.827799,3,-0.20198413,4,2
4,bimodal,Task B ,1,1,1,0.001138,3,1,283.9221444,4,0.252361238,3,4
4,bimodal,Task B ,1,2,1,-0.404208597,2,1,349.4244537,5,-0.120896424,2,3
4,bimodal,Task B ,2,3,1,0.504102419,3,2,82.53270911,6,0.433367256,3,7
5,bimodal,Task B ,1,3,1,0.215338468,4,1,347.9182838,1,0.892533005,4,2
5,bimodal,Task B ,1,2,0,-0.793512635,2,2,190.5921816,2,-0.059761129,2,3
5,bimodal,Task B ,1,4,1,0.132389539,2,1,36.23405871,3,0.254280344,2,1
5,bimodal,Task B ,1,4,1,0.095515186,3,1,3.70494447,4,0.321762824,3,1
5,bimodal,Task B ,1,2,1,0.316537927,1,1,274.3387546,5,0.043234487,1,3
5,bimodal,Task B ,1,4,1,0.291636978,2,1,223.4097702,6,0.208234175,2,1
6,bimodal,Task B ,2,2,1,1.104706039,4,2,78.10702319,1,-0.786645583,4,6
6,bimodal,Task B ,1,2,1,-0.671460597,2,1,251.0760053,2,0.052090278,2,3
6,bimodal,Task B ,1,2,0,1.022005695,1,2,263.0913497,3,-2.127643524,1,3
6,bimodal,Task B ,2,2,1,-2.116271666,1,2,346.3883083,4,-0.5473184,1,6
6,bimodal,Task B ,2,1,0,-0.318427687,1,1,96.92110604,5,0.203729382,1,5
6,bimodal,Task B ,1,2,0,2.400744566,1,2,33.68549537,6,-0.918556483,1,3
7,bimodal,Task B ,1,4,0,0.852064113,4,2,94.17197072,1,-0.037180924,4,1
7,bimodal,Task B ,1,4,1,-0.247562775,4,1,122.5433897,2,-0.334483851,4,1
7,bimodal,Task B ,2,1,1,-2.531161014,2,2,338.2314188,3,-1.133455422,2,5
7,bimodal,Task B ,2,4,0,-0.079876609,4,1,283.3589745,4,-0.418730865,4,8
7,bimodal,Task B ,1,1,0,-1.308303931,1,2,319.6334741,5,-1.921300891,1,4
7,bimodal,Task B ,1,1,0,-0.891431858,1,2,241.8184619,6,-2.470423364,1,4
8,bimodal,Task B ,1,4,0,-0.373928628,3,2,358.397672,1,1.180232336,3,1
8,bimodal,Task B ,2,4,1,-3.650858728,1,2,148.2187574,2,-1.726200833,1,8
8,bimodal,Task B ,1,4,1,0.179586134,3,1,52.78973458,3,-0.127337468,3,1
8,bimodal,Task B ,2,4,0,0.544184448,4,1,227.3539466,4,-0.03914747,4,8
8,bimodal,Task B ,1,4,1,-0.135722473,1,1,117.7979691,5,-0.159777381,1,1
8,bimodal,Task B ,2,4,0,-0.673487932,2,1,12.21134908,6,0.172220633,2,8
9,bimodal,Task B ,1,1,1,0.30187268,4,1,179.263948,1,0.025872017,4,4
9,bimodal,Task B ,1,1,0,-1.322362191,2,2,240.1820449,2,2.136255732,2,4
9,bimodal,Task B ,2,1,1,0.148498896,2,2,261.5380665,3,0.778234833,2,5
9,bimodal,Task B ,1,3,1,-0.021269309,3,1,116.7206808,4,0.032353569,3,2
9,bimodal,Task B ,1,1,0,0.808065301,4,2,51.43127008,5,-0.919904121,4,4
9,bimodal,Task B ,1,2,0,0.800512956,4,2,75.77611305,6,0.894623044,4,3
10,bimodal,Task B ,1,2,1,0.099451011,3,1,129.3653451,1,-0.421670172,3,3
10,bimodal,Task B ,1,2,1,-0.147175963,3,1,305.8940571,2,0.014920456,3,3
10,bimodal,Task B ,2,2,1,1.895481364,4,2,62.77203072,3,0.676237913,4,6
10,bimodal,Task B ,1,2,1,0.658796971,2,1,295.0824471,4,-0.503429264,2,3
10,bimodal,Task B ,1,2,1,0.756420021,3,1,101.5450462,5,0.294203464,3,3
10,bimodal,Task B ,1,2,1,-0.483959321,4,1,114.2133896,6,0.813907541,4,3
1,bimodal,Task B ,2,3,1,0.725458377,4,2,65.46514204,1,-1.233038437,4,7
1,bimodal,Task B ,1,3,1,-0.160795078,4,1,105.3584194,2,-0.686352617,4,2
1,bimodal,Task B ,1,3,0,1.12322719,4,2,52.03222213,3,0.073927186,4,2
1,bimodal,Task B ,2,2,1,-1.788590985,1,2,5.328301137,4,-0.511087338,1,6
1,bimodal,Task B ,1,2,0,0.607314485,2,2,216.8550364,5,1.933664423,2,3
1,bimodal,Task B ,2,4,1,-0.641042293,4,2,344.8330344,6,0.805027421,4,8
2,bimodal,Task B ,1,3,1,0.351566568,3,1,92.96785953,1,-0.126819548,3,2
2,bimodal,Task B ,2,3,1,3.346364361,4,2,337.4295226,2,-1.293309193,4,7
2,bimodal,Task B ,2,2,1,0.069797482,4,2,228.5150393,3,-2.12816791,4,6
2,bimodal,Task B ,1,2,0,0.480271273,4,2,194.1349278,4,-0.696512277,4,3
2,bimodal,Task B ,1,2,1,-0.076869572,1,1,266.376114,5,-0.292867452,1,3
2,bimodal,Task B ,1,4,0,0.782283968,3,2,135.8152111,6,-0.767025117,3,1
3,bimodal,Task B ,2,3,0,-0.381934491,1,1,218.482086,1,0.775404407,1,7
3,bimodal,Task B ,2,3,1,-1.154794539,4,2,94.23539352,2,0.73467961,4,7
3,bimodal,Task B ,2,4,1,1.606733838,2,2,96.98941783,3,-2.153917502,2,8
3,bimodal,Task B ,1,2,0,-0.096718764,4,2,79.17517023,4,1.247945939,4,3
3,bimodal,Task B ,1,3,1,0.083788582,2,1,37.83748901,5,0.211936281,2,2
3,bimodal,Task B ,1,2,1,0.605226954,1,1,226.042546,6,-0.05820947,1,3
4,bimodal,Task B ,1,2,0,2.311078182,1,2,237.6548983,1,-0.260404073,1,3
4,bimodal,Task B ,2,2,1,-1.835625157,1,2,138.6017106,2,-0.073450047,1,6
4,bimodal,Task B ,1,2,1,0.04737817,2,1,26.96709597,3,-0.124162937,2,3
4,bimodal,Task B ,2,4,0,0.422566916,4,1,130.8042619,4,1.219093658,4,8
4,bimodal,Task B ,2,2,1,-1.428690301,1,2,28.23560079,5,1.928434402,1,6
4,bimodal,Task B ,1,1,1,-0.176795757,3,1,192.464108,6,0.480728823,3,4
5,bimodal,Task B ,2,4,0,-0.035101895,4,1,301.7035364,1,-1.093201189,4,8
5,bimodal,Task B ,1,2,1,-0.240560406,1,1,108.767672,2,-0.34817342,1,3
5,bimodal,Task B ,1,2,1,-0.340367007,1,1,158.0956324,3,-0.018545538,1,3
5,bimodal,Task B ,1,4,1,0.008820471,4,1,131.7399982,4,-0.639619931,4,1
5,bimodal,Task B ,1,3,0,-1.090353283,2,2,149.5168304,5,-0.399390109,2,2
5,bimodal,Task B ,1,4,1,0.123942728,3,1,49.508587,6,-0.31568594,3,1
6,bimodal,Task B ,1,2,0,0.307521759,2,2,322.9418415,1,-0.569062942,2,3
6,bimodal,Task B ,2,2,1,-1.781705951,4,2,209.1798805,2,0.674170441,4,6
6,bimodal,Task B ,2,2,0,0.09150599,3,1,84.16416585,3,0.634848661,3,6
6,bimodal,Task B ,1,2,0,0.349049921,1,2,193.7766493,4,0.785165579,1,3
6,bimodal,Task B ,2,1,1,-1.079007781,2,2,153.7910491,5,-0.149606563,2,5
6,bimodal,Task B ,2,2,1,-0.907296579,2,2,347.9771398,6,0.246406922,2,6
7,bimodal,Task B ,2,4,1,-0.713182319,4,2,0.766151637,1,-0.499676271,4,8
7,bimodal,Task B ,1,4,1,0.036880466,4,1,119.7553353,2,-0.426784397,4,1
7,bimodal,Task B ,1,4,1,0.083761714,3,1,270.2245335,3,-0.66613082,3,1
7,bimodal,Task B ,1,1,1,-0.404858027,1,1,208.0399712,4,-0.051450504,1,4
7,bimodal,Task B ,1,4,0,-1.181901176,1,2,117.3492545,5,-0.199122976,1,1
7,bimodal,Task B ,1,4,0,0.994412737,4,2,155.0949454,6,2.086436778,4,1
8,bimodal,Task B ,1,4,1,-0.384237893,1,1,57.02659316,1,-0.023370325,1,1
8,bimodal,Task B ,2,4,1,1.030545056,1,2,247.7438287,2,1.134084523,1,8
8,bimodal,Task B ,1,4,0,1.678715573,1,2,177.808394,3,1.785817348,1,1
8,bimodal,Task B ,2,4,1,0.964906249,3,2,319.8074779,4,-2.432413374,3,8
8,bimodal,Task B ,1,4,0,-0.120721925,4,2,163.1252313,5,0.499098507,4,1
8,bimodal,Task B ,1,4,0,-0.314386349,1,2,224.9530356,6,-0.112229153,1,1
9,bimodal,Task B ,2,1,1,-0.351304817,4,2,264.3599395,1,1.768070352,4,5
9,bimodal,Task B ,2,1,0,0.051352696,3,1,175.0254702,2,0.452708812,3,5
9,bimodal,Task B ,1,1,1,0.234194302,1,1,302.515204,3,0.179628334,1,4
9,bimodal,Task B ,1,2,1,0.091060322,1,1,150.3904274,4,-0.088866273,1,3
9,bimodal,Task B ,1,2,0,-1.481427109,1,2,31.38136178,5,-4.429194671,1,3
9,bimodal,Task B ,1,1,0,-2.404622814,2,2,250.7423015,6,0.84294107,2,4
10,bimodal,Task B ,1,1,1,-0.281582639,1,1,321.2180679,1,-0.327418377,1,4
10,bimodal,Task B ,1,2,1,0.067798793,3,1,37.77126381,2,0.441579642,3,3
10,bimodal,Task B ,1,2,1,0.2794539,3,1,314.2857894,3,-0.174481199,3,3
10,bimodal,Task B ,1,2,1,0.131163422,2,1,300.082075,4,0.298590845,2,3
10,bimodal,Task B ,1,2,0,0.685776809,3,2,147.0746959,5,-1.553573603,3,3
10,bimodal,Task B ,1,2,0,-0.143641268,2,2,54.51897851,6,-0.650327334,2,3
1,bimodal,Task B ,1,2,1,-0.390142332,4,1,8.101616342,1,-0.239557166,4,3
1,bimodal,Task B ,2,1,1,1.035822937,2,2,79.77460641,2,-1.741255925,2,5
1,bimodal,Task B ,1,3,0,-0.285018423,3,2,136.295594,3,1.774933013,3,2
1,bimodal,Task B ,2,4,1,3.366469272,2,2,247.2344249,4,-1.908715145,2,8
1,bimodal,Task B ,2,4,1,-2.36802767,3,2,27.16421143,5,1.110119975,3,8
1,bimodal,Task B ,2,2,1,-1.374960801,3,2,101.3354802,6,1.258568302,3,6
2,bimodal,Task B ,2,2,1,-0.283668987,1,2,199.4214218,1,-0.323663982,1,6
2,bimodal,Task B ,2,4,1,0.190294153,2,2,223.2039177,2,3.443449536,2,8
2,bimodal,Task B ,1,2,1,0.316179014,4,1,292.1978915,3,0.837179624,4,3
2,bimodal,Task B ,2,3,1,-2.28429378,2,2,230.9424787,4,-1.028704739,2,7
2,bimodal,Task B ,1,2,0,1.275751536,2,2,313.3247543,5,-0.705143858,2,3
2,bimodal,Task B ,2,1,0,0.017039501,3,1,100.5939646,6,-0.24787196,3,5
3,bimodal,Task B ,1,4,1,0.373678273,3,1,63.10741824,1,-0.462980386,3,1
3,bimodal,Task B ,2,4,1,-0.686605775,4,2,185.0509494,2,-3.143984642,4,8
3,bimodal,Task B ,1,3,1,-0.044363095,3,1,273.0959688,3,0.409506427,3,2
3,bimodal,Task B ,1,1,1,-0.234989099,4,1,188.3273535,4,-0.840526569,4,4
3,bimodal,Task B ,2,3,0,0.787126607,3,1,215.6698611,5,-0.074336517,3,7
3,bimodal,Task B ,2,1,1,-0.765048208,3,2,6.932264845,6,-1.014580925,3,5
4,bimodal,Task B ,1,3,0,-0.087310026,4,2,10.71167287,1,-0.070579242,4,2
4,bimodal,Task B ,2,1,0,-0.522526554,2,1,176.0782106,2,-0.135133859,2,5
4,bimodal,Task B ,1,2,1,-0.289464625,2,1,251.314104,3,-0.348860727,2,3
4,bimodal,Task B ,1,2,1,-0.360194297,3,1,252.1040785,4,-0.354761574,3,3
4,bimodal,Task B ,1,1,1,0.142597633,1,1,35.42309672,5,0.095194496,1,4
4,bimodal,Task B ,1,2,0,-0.070351706,3,2,322.3404359,6,-1.4049472,3,3
5,bimodal,Task B ,1,3,1,0.257363854,3,1,139.8024458,1,0.354914048,3,2
5,bimodal,Task B ,1,2,1,0.38191593,4,1,249.9266766,2,-0.006921337,4,3
5,bimodal,Task B ,1,4,0,0.126582556,2,2,136.5398601,3,0.653540722,2,1
5,bimodal,Task B ,2,3,0,0.029355957,4,1,113.4692833,4,0.929645321,4,7
5,bimodal,Task B ,1,4,0,0.017312991,1,2,19.84124994,5,-1.91708339,1,1
5,bimodal,Task B ,1,2,0,1.389087423,2,2,129.1304786,6,0.101489027,2,3
6,bimodal,Task B ,1,2,0,0.226704445,4,2,140.0045731,1,-0.006787306,4,3
6,bimodal,Task B ,2,2,1,1.904113329,3,2,101.2653134,2,0.250334495,3,6
6,bimodal,Task B ,1,2,1,-0.542750711,1,1,237.5687137,3,-0.108831723,1,3
6,bimodal,Task B ,2,2,1,-0.758216056,3,2,260.9777937,4,-1.443402059,3,6
6,bimodal,Task B ,2,2,1,-0.953082727,3,2,198.7833357,5,-0.317677294,3,6
6,bimodal,Task B ,1,1,0,-0.962043751,1,2,336.1686799,6,-0.824611964,1,4
7,bimodal,Task B ,2,4,0,-0.192237916,3,1,37.46223523,1,0.538101632,3,8
7,bimodal,Task B ,2,4,1,2.239014881,4,2,265.2543735,2,-2.728984526,4,8
7,bimodal,Task B ,1,1,0,0.374853935,1,2,72.1852117,3,-0.298072291,1,4
7,bimodal,Task B ,2,1,0,-0.810648254,2,1,124.1883032,4,-0.137240539,2,5
7,bimodal,Task B ,1,4,0,0.082233682,3,2,43.80337023,5,-1.843806574,3,1
7,bimodal,Task B ,1,1,1,0.151280293,1,1,351.591553,6,-0.250427841,1,4
8,bimodal,Task B ,1,4,0,-0.023105721,3,2,253.3523927,1,2.279720708,3,1
8,bimodal,Task B ,1,4,0,0.170956842,1,2,257.8691328,2,-0.620191143,1,1
8,bimodal,Task B ,1,4,1,0.094727382,3,1,221.854584,3,0.267941583,3,1
8,bimodal,Task B ,2,4,1,-1.510791004,2,2,286.170852,4,-1.140004281,2,8
8,bimodal,Task B ,2,4,1,0.775961995,1,2,329.7440784,5,-1.606504707,1,8
8,bimodal,Task B ,1,4,0,0.118459794,4,2,298.4941956,6,2.132758276,4,1
9,bimodal,Task B ,2,1,1,0.609379257,2,2,92.54213474,1,0.027706262,2,5
9,bimodal,Task B ,1,2,1,0.268850529,4,1,330.8796299,2,0.17834943,4,3
9,bimodal,Task B ,1,1,1,0.03060197,3,1,109.395591,3,0.305365578,3,4
9,bimodal,Task B ,1,1,0,1.779975073,2,2,149.5404383,4,2.194882811,2,4
9,bimodal,Task B ,1,3,1,0.05215836,4,1,11.31637215,5,0.151690102,4,2
9,bimodal,Task B ,1,3,1,-0.131119997,4,1,349.8315912,6,-0.374923883,4,2
10,bimodal,Task B ,1,1,0,-1.88298752,1,2,166.1899118,1,3.108960722,1,4
10,bimodal,Task B ,1,1,1,0.248663386,2,1,160.6146671,2,0.365980147,2,4
10,bimodal,Task B ,1,2,0,-0.812194954,2,2,240.3693683,3,-0.29432338,2,3
10,bimodal,Task B ,1,1,1,0.487909097,1,1,51.48550001,4,0.026317706,1,4
10,bimodal,Task B ,1,2,0,0.000619405,2,2,249.8657988,5,-1.582391176,2,3
10,bimodal,Task B ,2,2,1,0.28580546,4,2,267.6028712,6,0.752346322,4,6
1,bimodal,Task B ,1,2,0,0.284946278,4,2,337.1182894,1,0.319779475,4,3
1,bimodal,Task B ,1,1,0,0.685425397,4,2,222.1612959,2,-1.428102327,4,4
1,bimodal,Task B ,2,2,1,0.404893149,3,2,286.5583695,3,1.671773118,3,6
1,bimodal,Task B ,1,4,1,0.110920547,3,1,20.29064382,4,0.458913996,3,1
1,bimodal,Task B ,1,3,1,0.419891969,4,1,343.8059896,5,-0.080612503,4,2
1,bimodal,Task B ,1,3,1,0.022396197,4,1,36.93369282,6,-0.522041638,4,2
2,bimodal,Task B ,2,3,0,0.414470965,3,1,235.33971,1,0.755275329,3,7
2,bimodal,Task B ,2,3,0,0.401959967,3,1,138.7693203,2,-0.010623062,3,7
2,bimodal,Task B ,2,2,1,1.498620197,1,2,278.7252032,3,-0.487358825,1,6
2,bimodal,Task B ,2,2,1,1.029450008,4,2,54.70812606,4,1.774167149,4,6
2,bimodal,Task B ,2,4,1,-0.777382304,1,2,315.9134745,5,-1.796337367,1,8
2,bimodal,Task B ,2,4,1,-1.186698461,4,2,330.6996971,6,-1.703050612,4,8
3,bimodal,Task B ,1,1,0,0.105366619,1,2,353.1697517,1,1.696326189,1,4
3,bimodal,Task B ,2,4,1,-2.504099562,4,2,74.80386914,2,-1.545524339,4,8
3,bimodal,Task B ,1,2,1,-0.482029173,1,1,33.90672667,3,-0.52152464,1,3
3,bimodal,Task B ,1,1,1,-0.165878784,1,1,317.6805166,4,0.0028596,1,4
3,bimodal,Task B ,2,1,1,-0.091148315,4,2,131.2957941,5,1.831917538,4,5
3,bimodal,Task B ,1,2,1,-0.145451076,4,1,340.4464255,6,0.007682165,4,3
4,bimodal,Task B ,1,3,1,0.120045072,2,1,50.32526222,1,-0.054572261,2,2
4,bimodal,Task B ,1,2,1,-0.388876353,4,1,265.0737371,2,-0.165344205,4,3
4,bimodal,Task B ,1,2,0,0.823966428,3,2,198.869555,3,-0.422873596,3,3
4,bimodal,Task B ,2,3,1,1.637761149,3,2,140.0895496,4,-1.361571426,3,7
4,bimodal,Task B ,1,2,1,0.254636205,2,1,89.11980483,5,0.289698682,2,3
4,bimodal,Task B ,1,1,1,-0.426882705,2,1,294.6602945,6,0.503713968,2,4
5,bimodal,Task B ,1,4,1,0.153795725,4,1,359.7567463,1,-0.486423451,4,1
5,bimodal,Task B ,2,4,1,2.438499418,3,2,359.197507,2,2.152980845,3,8
5,bimodal,Task B ,1,4,1,0.10044867,2,1,183.9281428,3,0.201970552,2,1
5,bimodal,Task B ,1,4,1,0.084747859,4,1,217.2862113,4,-0.263115636,4,1
5,bimodal,Task B ,2,2,0,-0.204016836,2,1,90.13957218,5,-0.153227463,2,6
5,bimodal,Task B ,1,2,1,0.600404497,1,1,3.068857468,6,0.225032441,1,3
6,bimodal,Task B ,2,2,0,0.403353259,4,1,101.8630173,1,0.161136636,4,6
6,bimodal,Task B ,2,2,1,-1.221893956,1,2,313.3388553,2,1.224013104,1,6
6,bimodal,Task B ,2,2,0,-0.11520217,1,1,128.5445391,3,-0.111042439,1,6
6,bimodal,Task B ,1,2,1,-0.048220009,3,1,40.42038182,4,-0.762770101,3,3
6,bimodal,Task B ,1,1,1,-0.784866465,1,1,359.339354,5,0.237047884,1,4
6,bimodal,Task B ,1,1,1,-0.050857862,4,1,242.302052,6,-0.233783227,4,4
7,bimodal,Task B ,1,1,1,0.221622716,1,1,150.5238118,1,-0.723951587,1,4
7,bimodal,Task B ,1,4,0,-0.512606197,1,2,23.67180505,2,2.464871233,1,1
7,bimodal,Task B ,1,4,0,0.761628167,4,2,229.4048527,3,-1.690519139,4,1
7,bimodal,Task B ,1,4,1,0.266490088,2,1,267.8488109,4,0.139052931,2,1
7,bimodal,Task B ,1,4,0,-0.179305648,4,2,39.3393294,5,-0.425268767,4,1
7,bimodal,Task B ,1,1,0,-0.62694823,3,2,154.6107001,6,-0.707988768,3,4
8,bimodal,Task B ,2,4,1,1.048393293,3,2,247.1929636,1,-0.267017932,3,8
8,bimodal,Task B ,2,4,0,-0.188094073,2,1,229.6600256,2,-0.604066116,2,8
8,bimodal,Task B ,2,4,1,1.449450932,2,2,10.93634633,3,-1.034394948,2,8
8,bimodal,Task B ,2,4,1,1.164533558,1,2,354.6673513,4,0.099157317,1,8
8,bimodal,Task B ,2,4,1,-0.212994243,1,2,293.9490705,5,-0.668217324,1,8
8,bimodal,Task B ,2,4,1,-1.24748965,3,2,285.8586523,6,-1.360494673,3,8
9,bimodal,Task B ,2,3,1,-0.394922887,2,2,191.7537919,1,0.057540119,2,7
9,bimodal,Task B ,2,1,1,-0.239671052,3,2,206.2359616,2,-0.572305153,3,5
9,bimodal,Task B ,1,1,0,0.704128047,1,2,109.2533776,3,-0.894826274,1,4
9,bimodal,Task B ,2,1,1,0.148396856,2,2,229.6922336,4,1.870864465,2,5
9,bimodal,Task B ,2,1,0,-0.153920876,1,1,87.16406828,5,-0.470759441,1,5
9,bimodal,Task B ,2,3,1,-1.209568621,3,2,334.4211039,6,0.093727298,3,7
10,bimodal,Task B ,1,2,1,0.18438633,4,1,275.0295768,1,-0.183213098,4,3
10,bimodal,Task B ,1,2,1,0.267609076,1,1,39.50310212,2,0.177233886,1,3
10,bimodal,Task B ,1,2,1,0.033273528,1,1,147.035992,3,0.207308836,1,3
10,bimodal,Task B ,1,2,0,-2.027285956,1,2,356.5062833,4,3.272592225,1,3
10,bimodal,Task B ,1,2,0,-0.254480861,2,2,222.8577509,5,-1.011434865,2,3
10,bimodal,Task B ,1,2,1,0.586754553,4,1,358.0580991,6,0.148350665,4,3
1,bimodal,Task B ,1,2,0,-0.970968003,1,2,237.1893139,1,-0.784402658,1,3
1,bimodal,Task B ,1,3,1,0.382056913,2,1,185.6075689,2,-0.341735715,2,2
1,bimodal,Task B ,1,3,1,-0.207353834,3,1,224.3716543,3,-0.103597449,3,2
1,bimodal,Task B ,2,2,0,-0.814589477,4,1,209.1728502,4,0.176975325,4,6
1,bimodal,Task B ,1,3,1,0.490878733,3,1,345.9431371,5,0.035374646,3,2
1,bimodal,Task B ,2,4,1,-0.761344621,3,2,218.1313699,6,2.43340853,3,8
2,bimodal,Task B ,1,3,0,-0.177106686,4,2,192.6942214,1,-0.310017952,4,2
2,bimodal,Task B ,1,2,0,0.545670776,3,2,267.1149688,2,0.075066883,3,3
2,bimodal,Task B ,2,3,1,1.498062319,4,2,289.9488116,3,-1.524498146,4,7
2,bimodal,Task B ,1,2,1,-0.338423813,4,1,232.0526196,4,-0.10641696,4,3
2,bimodal,Task B ,2,3,1,-0.132703481,1,2,227.1081515,5,-0.365169789,1,7
2,bimodal,Task B ,1,3,0,0.14889498,3,2,65.27248766,6,-0.375616395,3,2
3,bimodal,Task B ,2,4,1,1.175764177,4,2,70.4642975,1,2.227139893,4,8
3,bimodal,Task B ,1,4,0,0.071101034,4,2,224.0337219,2,0.191978616,4,1
3,bimodal,Task B ,1,3,1,0.275973642,3,1,71.79198669,3,-0.269620908,3,2
3,bimodal,Task B ,1,4,1,-0.119638612,2,1,93.71294457,4,0.252924395,2,1
3,bimodal,Task B ,1,4,1,0.383708352,3,1,47.88413912,5,0.102720922,3,1
3,bimodal,Task B ,1,3,1,-0.722599257,3,1,157.7297742,6,-0.028155268,3,2
4,bimodal,Task B ,2,2,0,-0.294111249,1,1,3.069969537,1,-0.278179421,1,6
4,bimodal,Task B ,2,2,1,-0.964367562,3,2,337.8647095,2,0.579882623,3,6
4,bimodal,Task B ,1,2,1,-0.040200149,2,1,70.41655738,3,0.030980183,2,3
4,bimodal,Task B ,1,4,1,0.743268831,4,1,353.774968,4,-0.58230522,4,1
4,bimodal,Task B ,1,3,0,0.168802175,3,2,132.9435961,5,0.579283162,3,2
4,bimodal,Task B ,2,1,1,0.657546654,1,2,134.9480173,6,-2.045232341,1,5
5,bimodal,Task B ,2,1,0,-0.299402734,1,1,321.521186,1,-0.544936133,1,5
5,bimodal,Task B ,1,4,1,0.223384799,4,1,204.8729568,2,-0.312887669,4,1
5,bimodal,Task B ,1,1,1,0.133949191,1,1,343.924603,3,0.694735413,1,4
5,bimodal,Task B ,1,4,1,-0.184422196,3,1,350.4527296,4,-0.682982942,3,1
5,bimodal,Task B ,2,4,1,-0.894198548,2,2,227.2436596,5,0.115712342,2,8
5,bimodal,Task B ,1,4,1,-0.342268942,3,1,319.8849381,6,-0.233135109,3,1
6,bimodal,Task B ,2,2,0,0.382876619,4,1,343.5720035,1,-0.151211511,4,6
6,bimodal,Task B ,2,2,0,-0.457435694,3,1,137.6743352,2,0.340449421,3,6
6,bimodal,Task B ,1,2,0,2.610793244,4,2,318.1955211,3,-1.962703821,4,3
6,bimodal,Task B ,1,2,1,-0.338731603,1,1,102.7421956,4,0.16402712,1,3
6,bimodal,Task B ,1,2,1,-0.096720139,3,1,192.4173393,5,0.236867504,3,3
6,bimodal,Task B ,1,2,1,0.169844717,2,1,85.97477106,6,0.401786644,2,3
7,bimodal,Task B ,1,4,0,-0.478000695,1,2,78.72104048,1,-0.591586401,1,1
7,bimodal,Task B ,1,4,1,-0.049907902,3,1,153.1381661,2,-0.338185723,3,1
7,bimodal,Task B ,1,4,0,1.957276472,2,2,234.1697133,3,0.580462008,2,1
7,bimodal,Task B ,1,1,0,0.401283537,1,2,31.64524704,4,0.585412554,1,4
7,bimodal,Task B ,1,4,0,1.2702339,2,2,116.0274013,5,2.315845807,2,1
7,bimodal,Task B ,1,1,0,2.791969321,4,2,345.6848873,6,-0.479683883,4,4
8,bimodal,Task B ,1,4,1,-0.562771466,2,1,29.7771964,1,0.678752745,2,1
8,bimodal,Task B ,1,4,1,-0.46993344,4,1,232.6861202,2,-0.064897218,4,1
8,bimodal,Task B ,2,4,1,0.207491797,2,2,225.2966187,3,0.546722566,2,8
8,bimodal,Task B ,1,4,0,0.795208274,3,2,103.898996,4,0.428590922,3,1
8,bimodal,Task B ,1,4,1,0.376572607,4,1,218.0183516,5,-0.248999567,4,1
8,bimodal,Task B ,1,4,0,-0.083713897,2,2,238.2852755,6,-0.838023577,2,1
9,bimodal,Task B ,1,1,0,-0.446953158,1,2,174.1187215,1,0.55784506,1,4
9,bimodal,Task B ,2,1,1,-0.611782175,4,2,174.7005639,2,-1.300781205,4,5
9,bimodal,Task B ,1,3,0,-0.423561672,2,2,206.1171565,3,0.100993252,2,2
9,bimodal,Task B ,2,1,0,-0.338305638,4,1,186.9814241,4,0.077352175,4,5
9,bimodal,Task B ,1,2,0,-0.065876836,1,2,191.9020221,5,1.13235666,1,3
9,bimodal,Task B ,2,1,1,-0.215964018,2,2,18.17989018,6,0.006935964,2,5
10,bimodal,Task B ,1,1,1,0.092945793,1,1,246.1415035,1,-0.308980332,1,4
10,bimodal,Task B ,2,2,1,-0.406058924,4,2,189.5646651,2,-1.473456207,4,6
10,bimodal,Task B ,2,3,1,0.607080178,4,2,338.9501648,3,1.043229485,4,7
10,bimodal,Task B ,1,2,1,-0.127638437,3,1,328.4660126,4,-0.38301341,3,3
10,bimodal,Task B ,1,2,0,-1.683172031,3,2,177.5156142,5,-0.874091141,3,3
10,bimodal,Task B ,1,2,1,-0.381598175,3,1,298.6356213,6,-0.0850001,3,3
1,bimodal,Task B ,1,2,1,0.125607906,1,1,326.7347362,1,0.403398479,1,3
1,bimodal,Task B ,1,2,0,0.926164995,1,2,142.4356441,2,-0.228423094,1,3
1,bimodal,Task B ,2,2,1,-0.556889122,3,2,238.0779241,3,-0.243710345,3,6
1,bimodal,Task B ,1,3,1,0.181089268,3,1,125.5820037,4,0.151832733,3,2
1,bimodal,Task B ,1,2,1,-0.075957786,4,1,87.51896508,5,-0.001619333,4,3
1,bimodal,Task B ,2,3,1,0.695516843,1,2,285.113942,6,-1.566766978,1,7
2,bimodal,Task B ,1,2,1,0.023512109,4,1,340.5394386,1,0.06533814,4,3
2,bimodal,Task B ,1,2,1,-0.428391698,4,1,105.1462733,2,-0.516544219,4,3
2,bimodal,Task B ,2,2,1,-0.548641653,4,2,354.2193412,3,2.867937634,4,6
2,bimodal,Task B ,2,1,0,-0.104214427,4,1,6.862720772,4,-0.522608295,4,5
2,bimodal,Task B ,1,2,1,0.264603168,4,1,316.3450837,5,-0.175436887,4,3
2,bimodal,Task B ,1,2,1,-0.178296399,3,1,267.6873355,6,0.306419026,3,3
3,bimodal,Task B ,2,2,1,-0.417587657,3,2,70.27465687,1,1.708629694,3,6
3,bimodal,Task B ,1,1,1,-0.13757147,2,1,126.1454844,2,0.609469038,2,4
3,bimodal,Task B ,2,2,1,-0.88536419,3,2,35.02154069,3,0.611950352,3,6
3,bimodal,Task B ,1,3,1,-0.209512109,4,1,57.43218041,4,-0.222569248,4,2
3,bimodal,Task B ,1,3,1,-0.2610452,4,1,69.6638852,5,-0.109256423,4,2
3,bimodal,Task B ,1,2,1,-0.198212151,1,1,158.2762288,6,0.125776912,1,3
4,bimodal,Task B ,1,3,1,0.245564072,3,1,138.5303872,1,0.413321916,3,2
4,bimodal,Task B ,1,3,1,-0.148640224,4,1,256.4920276,2,0.300358736,4,2
4,bimodal,Task B ,1,1,1,0.168843778,1,1,114.9682949,3,-0.252413039,1,4
4,bimodal,Task B ,1,1,1,0.063156708,1,1,103.9636991,4,0.397658262,1,4
4,bimodal,Task B ,1,1,0,0.333472469,1,2,26.89408619,5,0.967101619,1,4
4,bimodal,Task B ,2,1,1,-0.101099656,1,2,268.3598476,6,1.876537535,1,5
5,bimodal,Task B ,1,4,1,-0.011801729,2,1,140.5122582,1,-0.060365797,2,1
5,bimodal,Task B ,1,4,0,1.360079157,4,2,84.43709967,2,0.35731231,4,1
5,bimodal,Task B ,1,1,0,1.084721156,2,2,208.1932689,3,0.309433708,2,4
5,bimodal,Task B ,1,3,0,1.10433466,4,2,223.3486937,4,1.239211245,4,2
5,bimodal,Task B ,1,4,0,-1.086770729,2,2,245.8893561,5,-1.496867238,2,1
5,bimodal,Task B ,1,4,1,-0.128940981,3,1,98.45273162,6,-0.715245357,3,1
6,bimodal,Task B ,1,2,0,0.040832854,1,2,90.50213923,1,1.283879627,1,3
6,bimodal,Task B ,2,2,0,-0.232753182,1,1,198.1986377,2,0.413794799,1,6
6,bimodal,Task B ,2,1,1,-0.809632753,4,2,351.5592078,3,-0.847763877,4,5
6,bimodal,Task B ,2,2,1,-1.438785722,1,2,21.39301034,4,-0.863448201,1,6
6,bimodal,Task B ,1,2,1,0.049844237,4,1,39.74357486,5,-0.068211305,4,3
6,bimodal,Task B ,2,2,0,-0.337684442,4,1,37.65095649,6,0.037953787,4,6
7,bimodal,Task B ,1,1,0,0.096616299,1,2,254.2621752,1,0.595733331,1,4
7,bimodal,Task B ,1,4,1,0.104196964,1,1,258.7268645,2,0.057018711,1,1
7,bimodal,Task B ,2,1,0,-0.501099248,1,1,338.7103209,3,-0.324137981,1,5
7,bimodal,Task B ,1,1,0,-2.223918506,1,2,7.994383184,4,0.096439167,1,4
7,bimodal,Task B ,1,1,1,0.118752394,1,1,154.6808002,5,-0.331351906,1,4
7,bimodal,Task B ,1,4,1,-0.467580141,4,1,172.1545719,6,0.164606854,4,1
8,bimodal,Task B ,1,4,1,-0.328413878,1,1,67.85926277,1,-0.215345931,1,1
8,bimodal,Task B ,2,4,1,1.855861409,3,2,11.43411292,2,0.525539478,3,8
8,bimodal,Task B ,1,4,0,0.465258364,1,2,88.08095812,3,0.288531575,1,1
8,bimodal,Task B ,2,4,1,-1.296756129,1,2,156.5632597,4,2.566503316,1,8
8,bimodal,Task B ,1,4,1,-0.260331567,3,1,128.7624554,5,-0.459348722,3,1
8,bimodal,Task B ,1,4,1,0.165380261,1,1,83.37974811,6,-0.322430656,1,1
9,bimodal,Task B ,2,1,1,2.38518854,1,2,204.8198187,1,-3.611015937,1,5
9,bimodal,Task B ,2,2,0,-0.318384481,4,1,46.1423423,2,-0.422695205,4,6
9,bimodal,Task B ,1,3,0,-0.126676798,4,2,165.1732665,3,1.769400833,4,2
9,bimodal,Task B ,1,3,1,-0.399081564,2,1,93.40284164,4,0.447604298,2,2
9,bimodal,Task B ,1,2,1,0.334650999,4,1,297.7569829,5,-0.135878247,4,3
9,bimodal,Task B ,1,1,1,0.095360015,2,1,296.2338033,6,0.22473411,2,4
10,bimodal,Task B ,1,1,0,-0.45021197,1,2,329.4844787,1,-0.734813634,1,4
10,bimodal,Task B ,1,2,0,-0.297459975,4,2,41.88681401,2,-0.502596225,4,3
10,bimodal,Task B ,1,2,1,-0.776707384,4,1,307.8773133,3,0.309337829,4,3
10,bimodal,Task B ,1,1,0,-0.280221371,1,2,11.86604083,4,0.062327207,1,4
10,bimodal,Task B ,2,1,1,1.861041717,1,2,280.8875116,5,0.178186371,1,5
10,bimodal,Task B ,2,2,1,-0.883617197,2,2,255.2534104,6,1.251499139,2,6
1,bimodal,Task B ,1,2,1,-0.339507793,2,1,358.1825831,1,-0.28483114,2,3
1,bimodal,Task B ,1,3,1,0.292297579,2,1,177.3621745,2,0.225336667,2,2
1,bimodal,Task B ,2,1,1,1.512190574,4,2,76.76631844,3,-0.84731725,4,5
1,bimodal,Task B ,1,3,1,-0.030200153,3,1,171.1651699,4,-0.315099628,3,2
1,bimodal,Task B ,2,4,1,2.224303164,3,2,273.5287085,5,3.004943285,3,8
1,bimodal,Task B ,1,2,0,1.197327567,1,2,313.9086889,6,-0.120475616,1,3
2,bimodal,Task B ,2,2,0,0.330998774,4,1,291.6007787,1,0.025768843,4,6
2,bimodal,Task B ,2,3,0,0.349683148,4,1,42.99989091,2,-0.43543541,4,7
2,bimodal,Task B ,2,1,0,-0.205943877,1,1,226.3202516,3,0.325003147,1,5
2,bimodal,Task B ,2,1,0,-0.424096044,4,1,336.172464,4,0.324331992,4,5
2,bimodal,Task B ,1,2,1,-0.211934622,1,1,127.9591131,5,0.102154302,1,3
2,bimodal,Task B ,2,3,1,0.422947004,2,2,25.03492886,6,0.748570868,2,7
3,bimodal,Task B ,1,4,0,1.411148516,2,2,17.80669594,1,1.618821055,2,1
3,bimodal,Task B ,1,3,1,0.031517153,2,1,305.0008819,2,0.435577839,2,2
3,bimodal,Task B ,1,3,1,0.641735144,2,1,284.7620663,3,0.453578202,2,2
3,bimodal,Task B ,1,3,1,0.610152776,4,1,57.58714592,4,0.043660194,4,2
3,bimodal,Task B ,1,3,1,-0.101023209,3,1,23.0543866,5,-0.098580771,3,2
3,bimodal,Task B ,2,4,1,-1.874309185,4,2,32.73987995,6,-0.042946157,4,8
4,bimodal,Task B ,1,2,1,-0.587372517,1,1,347.5630754,1,0.148872837,1,3
4,bimodal,Task B ,2,2,0,-0.886767269,1,1,137.8323226,2,-0.505954845,1,6
4,bimodal,Task B ,1,2,1,-0.634505158,3,1,273.1098793,3,-0.178897585,3,3
4,bimodal,Task B ,1,2,0,-0.206166414,2,2,69.56037149,4,0.093747147,2,3
4,bimodal,Task B ,2,4,1,2.506000078,4,2,60.77015151,5,-0.702630328,4,8
4,bimodal,Task B ,1,2,0,-0.840575669,3,2,50.19043436,6,0.473583626,3,3
5,bimodal,Task B ,1,4,1,-0.018289259,3,1,231.5794659,1,0.500142139,3,1
5,bimodal,Task B ,1,4,1,-0.269285029,2,1,224.3942897,2,0.255549631,2,1
5,bimodal,Task B ,1,4,1,-0.106207308,4,1,6.71192479,3,-0.172180155,4,1
5,bimodal,Task B ,1,4,1,0.06742925,3,1,162.7122884,4,0.008330826,3,1
5,bimodal,Task B ,1,4,1,-0.041447438,3,1,77.09201725,5,-0.193560002,3,1
5,bimodal,Task B ,2,4,1,-2.289606296,1,2,62.5816853,6,1.829727363,1,8
6,bimodal,Task B ,1,2,0,0.113374864,4,2,306.7762339,1,0.118379474,4,3
6,bimodal,Task B ,2,2,1,0.717207863,4,2,178.8913079,2,0.767818321,4,6
6,bimodal,Task B ,1,2,1,0.597225362,2,1,272.384802,3,0.179098674,2,3
6,bimodal,Task B ,1,2,0,-1.138688788,2,2,136.500158,4,2.220011022,2,3
6,bimodal,Task B ,1,2,1,0.320158521,3,1,56.42790145,5,0.431291816,3,3
6,bimodal,Task B ,2,3,1,0.381486605,4,2,290.8992554,6,1.246388875,4,7
7,bimodal,Task B ,2,2,1,0.076242641,2,2,93.7588227,1,-1.573107453,2,6
7,bimodal,Task B ,2,3,1,-0.454623614,3,2,102.8525048,2,0.494702506,3,7
7,bimodal,Task B ,1,4,1,-0.418176079,2,1,129.7055985,3,-0.489388803,2,1
7,bimodal,Task B ,2,4,1,-1.21022335,2,2,264.8951366,4,0.730598663,2,8
7,bimodal,Task B ,1,1,1,0.251367559,2,1,187.3336107,5,0.502483217,2,4
7,bimodal,Task B ,2,4,1,-2.838359713,4,2,109.7654786,6,1.932253264,4,8
8,bimodal,Task B ,2,4,1,0.754660181,3,2,333.8666762,1,-1.179732999,3,8
8,bimodal,Task B ,1,4,1,0.066033113,4,1,275.3133484,2,0.030575238,4,1
8,bimodal,Task B ,2,4,1,1.376709274,3,2,277.810861,3,-0.583670291,3,8
8,bimodal,Task B ,1,4,1,0.090044248,2,1,254.2770868,4,0.324182738,2,1
8,bimodal,Task B ,2,4,1,-1.857833758,4,2,353.7766421,5,-2.138122691,4,8
8,bimodal,Task B ,1,4,0,0.047568181,4,2,33.90225295,6,-2.257151507,4,1
9,bimodal,Task B ,1,1,1,0.373476197,1,1,16.33854284,1,-0.199157757,1,4
9,bimodal,Task B ,1,3,1,-0.095967883,3,1,172.3997375,2,0.183302308,3,2
9,bimodal,Task B ,2,2,0,0.804062872,2,1,125.6419746,3,-0.166363076,2,6
9,bimodal,Task B ,1,4,1,-0.163944848,4,1,86.63589987,4,0.272579579,4,1
9,bimodal,Task B ,1,1,0,1.356509841,2,2,14.65514348,5,-0.998938504,2,4
9,bimodal,Task B ,2,3,1,1.149013903,3,2,258.1168943,6,-2.341126798,3,7
10,bimodal,Task B ,2,3,1,2.672003452,4,2,336.6874832,1,0.898361698,4,7
10,bimodal,Task B ,1,2,1,-0.247888425,2,1,53.16646633,2,0.061426308,2,3
10,bimodal,Task B ,2,2,1,-0.680987125,4,2,22.75217441,3,0.218648025,4,6
10,bimodal,Task B ,1,1,0,-0.708222315,1,2,86.39894922,4,1.03543394,1,4
10,bimodal,Task B ,1,2,1,0.01819823,2,1,120.0936795,5,-0.224878428,2,3
10,bimodal,Task B ,1,2,1,-0.007135241,4,1,213.4787393,6,0.381051817,4,3
1,bimodal,Task B ,2,3,1,2.000721694,2,2,226.1549468,1,2.479753892,2,7
1,bimodal,Task B ,2,2,1,-2.286308001,1,2,191.1098895,2,0.604061476,1,6
1,bimodal,Task B ,1,3,1,-0.599297024,3,1,184.8685604,3,-0.765934073,3,2
1,bimodal,Task B ,2,1,0,-0.075392093,2,1,157.9385898,4,-0.574812115,2,5
1,bimodal,Task B ,1,3,0,-0.628168674,3,2,111.3974153,5,0.320809075,3,2
1,bimodal,Task B ,2,1,1,1.549249255,1,2,170.4448614,6,0.659357849,1,5
2,bimodal,Task B ,2,4,1,-2.155442632,3,2,172.0560685,1,0.762420181,3,8
2,bimodal,Task B ,1,2,0,-0.236872847,3,2,159.1277565,2,1.219694811,3,3
2,bimodal,Task B ,1,2,1,0.129057105,2,1,290.1478625,3,-0.357540434,2,3
2,bimodal,Task B ,2,2,1,0.197546971,4,2,250.0959659,4,0.790843383,4,6
2,bimodal,Task B ,1,2,0,-0.412118544,1,2,13.21918922,5,1.322038878,1,3
2,bimodal,Task B ,2,2,1,0.197533894,4,2,212.2677,6,0.786269902,4,6
3,bimodal,Task B ,1,2,1,-0.021722421,4,1,260.7754353,1,-0.177264258,4,3
3,bimodal,Task B ,2,4,1,-0.644322894,3,2,23.99180613,2,1.430996025,3,8
3,bimodal,Task B ,1,1,0,0.083346782,1,2,339.2152798,3,0.808440088,1,4
3,bimodal,Task B ,2,4,1,-1.071436618,4,2,142.0237513,4,-1.920471338,4,8
3,bimodal,Task B ,2,2,1,-1.510612208,4,2,277.218756,5,0.34558867,4,6
3,bimodal,Task B ,2,1,0,-0.206423745,3,1,30.44272216,6,-0.716061626,3,5
4,bimodal,Task B ,1,3,1,0.340924402,3,1,319.9398672,1,0.330594127,3,2
4,bimodal,Task B ,1,3,1,0.53579577,2,1,107.1118787,2,-0.283131389,2,2
4,bimodal,Task B ,1,1,0,1.953501624,1,2,21.07071755,3,-0.438348983,1,4
4,bimodal,Task B ,1,1,0,2.9853282,2,2,43.75538112,4,2.7381583,2,4
4,bimodal,Task B ,2,4,1,3.0905486,2,2,351.6329401,5,0.199463524,2,8
4,bimodal,Task B ,2,4,1,0.433952544,3,2,155.4173806,6,-1.396447869,3,8
5,bimodal,Task B ,1,4,1,0.04784834,3,1,165.5630971,1,0.039366828,3,1
5,bimodal,Task B ,1,4,1,0.086648339,2,1,254.9353842,2,-0.077457173,2,1
5,bimodal,Task B ,2,4,1,1.962177501,2,2,63.579891,3,-0.352332602,2,8
5,bimodal,Task B ,1,4,1,0.077062459,2,1,173.4593696,4,-0.041148135,2,1
5,bimodal,Task B ,2,1,1,-0.926582283,4,2,113.5511847,5,0.214174516,4,5
5,bimodal,Task B ,1,2,0,0.737633196,1,2,248.1207298,6,3.060989491,1,3
6,bimodal,Task B ,2,2,1,0.564224742,2,2,204.4526546,1,0.949866798,2,6
6,bimodal,Task B ,2,2,0,-0.164761302,4,1,94.4423791,2,-0.224222848,4,6
6,bimodal,Task B ,1,2,0,0.537323178,3,2,336.4769955,3,1.516359512,3,3
6,bimodal,Task B ,1,2,0,0.016040484,3,2,311.5318883,4,-0.237573585,3,3
6,bimodal,Task B ,2,2,1,-2.883186937,4,2,327.819846,5,1.510056269,4,6
6,bimodal,Task B ,2,2,1,-1.614393506,1,2,36.42154885,6,-1.198368806,1,6
7,bimodal,Task B ,2,4,1,-1.989119684,4,2,48.07457575,1,-0.312516405,4,8
7,bimodal,Task B ,1,4,1,-0.407260964,3,1,241.3487358,2,0.248577411,3,1
7,bimodal,Task B ,1,4,0,0.263255112,3,2,269.1531873,3,0.62910112,3,1
7,bimodal,Task B ,1,4,1,0.341931152,4,1,247.2607057,4,-0.243639299,4,1
7,bimodal,Task B ,1,4,1,-0.285796343,1,1,237.3944258,5,-0.224176096,1,1
7,bimodal,Task B ,1,1,0,-1.63032479,2,2,1.469930055,6,-0.977842811,2,4
8,bimodal,Task B ,1,4,1,-0.310451016,2,1,352.6015212,1,-0.230430584,2,1
8,bimodal,Task B ,1,4,1,0.307213348,3,1,142.9143504,2,-0.011518109,3,1
8,bimodal,Task B ,2,1,1,-0.884299814,4,2,230.1023562,3,-0.877124954,4,5
8,bimodal,Task B ,1,4,1,-0.442469075,2,1,154.6578521,4,-0.031745176,2,1
8,bimodal,Task B ,1,1,0,-2.818518637,3,2,350.2203145,5,0.99192247,3,4
8,bimodal,Task B ,2,4,1,-0.538071733,4,2,181.4019042,6,-0.432491794,4,8
9,bimodal,Task B ,2,2,0,-0.072087565,4,1,356.9020164,1,-0.082095543,4,6
9,bimodal,Task B ,1,1,1,0.459895803,1,1,309.7738371,2,0.560580172,1,4
9,bimodal,Task B ,2,4,1,3.723253929,4,2,331.826824,3,0.678153557,4,8
9,bimodal,Task B ,1,3,0,-2.686905776,2,2,300.1346138,4,-0.887067741,2,2
9,bimodal,Task B ,2,4,0,0.23366384,3,1,25.59284151,5,-0.489968571,3,8
9,bimodal,Task B ,2,1,1,0.69107275,2,2,167.7644502,6,1.757652528,2,5
10,bimodal,Task B ,1,1,0,0.145148748,2,2,100.9385824,1,-1.297887806,2,4
10,bimodal,Task B ,1,2,1,-0.44405044,1,1,346.3608459,2,0.786547013,1,3
10,bimodal,Task B ,1,2,1,-0.004983091,2,1,265.5735525,3,0.105474778,2,3
10,bimodal,Task B ,2,2,1,2.682416437,2,2,20.84139159,4,-0.103620238,2,6
10,bimodal,Task B ,2,3,1,-2.701357033,4,2,244.0277185,5,-0.041231783,4,7
10,bimodal,Task B ,2,2,1,3.893381018,3,2,124.3475735,6,0.202607376,3,6
1,bimodal,Task B ,1,2,1,-0.591455429,1,1,244.1537105,1,0.041397414,1,3
1,bimodal,Task B ,2,2,1,1.843127954,2,2,272.3094007,2,1.667099837,2,6
1,bimodal,Task B ,1,4,1,0.372059547,4,1,192.316855,3,-0.247420843,4,1
1,bimodal,Task B ,1,3,1,-0.396848215,4,1,346.1164501,4,0.309684703,4,2
1,bimodal,Task B ,1,3,1,-0.068579807,1,1,223.9387361,5,0.270785256,1,2
1,bimodal,Task B ,1,3,1,0.415825545,3,1,308.6683357,6,-0.279099768,3,2
2,bimodal,Task B ,2,3,0,0.129832625,4,1,289.4229702,1,0.280329049,4,7
2,bimodal,Task B ,1,2,0,0.325255315,3,2,22.08427814,2,-0.732114101,3,3
2,bimodal,Task B ,1,2,1,-0.012814824,2,1,316.5258111,3,-0.127127532,2,3
2,bimodal,Task B ,2,3,1,-1.737237216,4,2,270.7353973,4,1.312908209,4,7
2,bimodal,Task B ,1,2,0,-0.248387296,2,2,108.2555045,5,-0.457670156,2,3
2,bimodal,Task B ,2,3,1,0.131352239,1,2,134.7586628,6,2.356213748,1,7
3,bimodal,Task B ,2,3,1,0.744883934,4,2,138.629959,1,-0.955657318,4,7
3,bimodal,Task B ,2,4,1,-2.50120596,4,2,149.3653981,2,0.178932568,4,8
3,bimodal,Task B ,2,4,1,0.15824242,2,2,10.50522156,3,1.201639207,2,8
3,bimodal,Task B ,2,4,1,1.455829899,4,2,59.47885223,4,-0.312525517,4,8
3,bimodal,Task B ,1,4,1,-0.178625652,3,1,123.6872229,5,0.065867348,3,1
3,bimodal,Task B ,1,3,0,0.322636848,4,2,255.1229857,6,0.135240216,4,2
4,bimodal,Task B ,1,4,1,0.073374156,3,1,198.6824787,1,-0.322774223,3,1
4,bimodal,Task B ,2,2,0,-0.483888476,3,1,100.0728181,2,-0.792948091,3,6
4,bimodal,Task B ,2,1,0,-0.212746349,1,1,352.0634617,3,-0.319453445,1,5
4,bimodal,Task B ,1,1,1,0.028650487,1,1,140.7549349,4,0.794494731,1,4
4,bimodal,Task B ,2,4,1,3.008337745,4,2,257.4387984,5,-1.436969435,4,8
4,bimodal,Task B ,1,2,0,1.320625338,2,2,54.73652945,6,0.340374173,2,3
5,bimodal,Task B ,2,4,1,-2.238916689,2,2,185.8239406,1,-0.587661253,2,8
5,bimodal,Task B ,1,4,0,0.726127343,1,2,80.7810255,2,0.95859011,1,1
5,bimodal,Task B ,2,4,1,-2.74378042,3,2,5.630875018,3,-1.100287449,3,8
5,bimodal,Task B ,2,4,1,0.053773335,3,2,184.8124187,4,-1.411732967,3,8
5,bimodal,Task B ,1,4,0,-2.820317844,1,2,137.3196959,5,-0.017762306,1,1
5,bimodal,Task B ,2,2,0,-0.509394015,2,1,163.9755183,6,0.052604632,2,6
6,bimodal,Task B ,1,2,1,0.253167299,3,1,140.4527744,1,-0.335192535,3,3
6,bimodal,Task B ,2,1,0,0.280516531,1,1,49.78413789,2,0.54771121,1,5
6,bimodal,Task B ,1,2,1,0.191971642,3,1,299.7525853,3,-0.110920177,3,3
6,bimodal,Task B ,2,2,1,-1.034009694,3,2,22.95017535,4,0.441765611,3,6
6,bimodal,Task B ,2,2,0,0.241122573,1,1,16.28147781,5,-0.183756259,1,6
6,bimodal,Task B ,1,2,0,0.565443287,3,2,222.9346639,6,-0.267993373,3,3
7,bimodal,Task B ,2,4,0,0.199284133,2,1,270.6897497,1,0.066777694,2,8
7,bimodal,Task B ,2,4,1,-0.077030821,1,2,84.29637404,2,-0.933053132,1,8
7,bimodal,Task B ,1,1,0,0.873241593,1,2,187.9820099,3,-2.847552898,1,4
7,bimodal,Task B ,1,4,0,0.50792933,4,2,188.2094397,4,1.443201379,4,1
7,bimodal,Task B ,1,1,1,-0.182039593,1,1,30.85015907,5,0.115304298,1,4
7,bimodal,Task B ,1,1,1,-0.187542443,1,1,300.3011087,6,0.020421606,1,4
8,bimodal,Task B ,2,4,1,2.078544696,2,2,94.9745776,1,2.431830432,2,8
8,bimodal,Task B ,2,4,1,1.397560903,3,2,253.1362814,2,-1.92430666,3,8
8,bimodal,Task B ,2,4,0,-0.357919448,1,1,301.8822127,3,-0.500550309,1,8
8,bimodal,Task B ,1,4,0,-0.789846191,1,2,312.8416121,4,-0.107636002,1,1
8,bimodal,Task B ,1,4,1,-0.803667595,2,1,159.8737438,5,0.200465402,2,1
8,bimodal,Task B ,1,4,1,0.081129076,1,1,43.18749657,6,0.115427637,1,1
9,bimodal,Task B ,1,3,0,1.441271097,4,2,336.4273207,1,0.434781839,4,2
9,bimodal,Task B ,1,1,0,-0.1396668,4,2,205.6124936,2,-1.237812011,4,4
9,bimodal,Task B ,1,2,0,-0.121032674,1,2,182.761269,3,-0.571047999,1,3
9,bimodal,Task B ,2,1,1,-1.622550172,1,2,40.01279946,4,-1.994299049,1,5
9,bimodal,Task B ,1,3,1,0.104727478,4,1,114.7631796,5,-0.40321071,4,2
9,bimodal,Task B ,1,1,0,-2.023508912,4,2,270.504606,6,0.662141206,4,4
10,bimodal,Task B ,1,1,1,-0.419004408,1,1,171.1916917,1,0.58267374,1,4
10,bimodal,Task B ,1,2,0,1.0475394,4,2,305.5222568,2,-0.508363001,4,3
10,bimodal,Task B ,1,2,1,0.060524299,3,1,309.454473,3,-0.589830779,3,3
10,bimodal,Task B ,2,3,1,-1.633213109,3,2,239.5353957,4,2.064578466,3,7
10,bimodal,Task B ,2,1,1,-2.540786409,3,2,245.7933917,5,-1.287031213,3,5
10,bimodal,Task B ,2,2,0,0.637512037,4,1,339.4945279,6,-0.224102864,4,6
1,bimodal,Task B ,2,2,1,0.586747783,4,2,110.812962,1,-1.033157893,4,6
1,bimodal,Task B ,1,1,1,0.216818072,2,1,55.54255954,2,-0.308698913,2,4
1,bimodal,Task B ,2,1,0,0.50099553,1,1,338.6055885,3,-0.216719168,1,5
1,bimodal,Task B ,2,2,1,-1.582831601,1,2,39.94451383,4,-1.572890881,1,6
1,bimodal,Task B ,1,2,0,1.07398124,2,2,116.7052488,5,-0.430219745,2,3
1,bimodal,Task B ,1,3,0,0.663414374,3,2,188.7356278,6,1.373138399,3,2
2,bimodal,Task B ,2,3,1,1.588900416,1,2,77.06946735,1,-1.075204758,1,7
2,bimodal,Task B ,1,1,0,-0.097526471,1,2,184.4659912,2,-0.404453127,1,4
2,bimodal,Task B ,1,2,1,-0.137173757,2,1,327.9076936,3,-0.120419604,2,3
2,bimodal,Task B ,1,2,0,-0.490344031,4,2,225.1942709,4,0.598657267,4,3
2,bimodal,Task B ,2,3,0,-0.146385154,4,1,117.3129772,5,0.006400039,4,7
2,bimodal,Task B ,1,2,1,0.114260367,1,1,90.67899696,6,-0.442533764,1,3
3,bimodal,Task B ,2,2,0,0.710345975,4,1,83.86157057,1,-0.196351232,4,6
3,bimodal,Task B ,2,2,1,-1.022791936,1,2,20.13958823,2,1.393549896,1,6
3,bimodal,Task B ,2,4,1,-1.016742303,3,2,92.97534551,3,2.694875233,3,8
3,bimodal,Task B ,2,3,0,-0.399713422,3,1,186.6005088,4,-0.386972077,3,7
3,bimodal,Task B ,2,4,1,1.607939223,3,2,214.6108601,5,0.652239901,3,8
3,bimodal,Task B ,2,4,1,1.222897587,2,2,311.3877639,6,-2.221251565,2,8
4,bimodal,Task B ,1,1,1,0.128652013,1,1,222.6322806,1,-0.131517362,1,4
4,bimodal,Task B ,1,2,1,-0.191501978,1,1,47.40719602,2,-0.217706342,1,3
4,bimodal,Task B ,1,1,0,-0.349408753,2,2,299.9808823,3,1.634090534,2,4
4,bimodal,Task B ,1,2,0,0.557476742,2,2,133.6810057,4,-1.031196468,2,3
4,bimodal,Task B ,1,1,0,-1.55661677,1,2,98.77050128,5,0.080441833,1,4
4,bimodal,Task B ,2,2,1,-1.319291238,3,2,238.8128801,6,0.231934838,3,6
5,bimodal,Task B ,1,2,1,-0.448325181,2,1,233.8532293,1,0.484442877,2,3
5,bimodal,Task B ,2,4,1,-1.320592793,4,2,172.7123227,2,0.694011666,4,8
5,bimodal,Task B ,2,4,1,3.596325777,2,2,297.6106928,3,0.310439907,2,8
5,bimodal,Task B ,1,4,1,-0.677603055,1,1,289.4404349,4,-0.350942962,1,1
5,bimodal,Task B ,2,3,0,-0.007962527,4,1,288.2384283,5,0.262270025,4,7
5,bimodal,Task B ,2,4,1,0.507189905,4,2,183.9934752,6,-0.674096571,4,8
6,bimodal,Task B ,2,2,0,0.273627594,1,1,234.0875172,1,0.552258695,1,6
6,bimodal,Task B ,1,2,0,-3.455409869,2,2,73.81513649,2,-0.426156414,2,3
6,bimodal,Task B ,1,2,0,-1.102880497,1,2,209.113307,3,-0.821083696,1,3
6,bimodal,Task B ,1,2,0,-0.518197811,3,2,158.9212406,4,-2.307747271,3,3
6,bimodal,Task B ,1,1,0,1.133094196,1,2,248.955462,5,-1.230779318,1,4
6,bimodal,Task B ,1,2,1,-0.178217548,2,1,279.701386,6,-0.279745484,2,3
7,bimodal,Task B ,1,1,0,1.611959029,1,2,212.9195823,1,-3.018802769,1,4
7,bimodal,Task B ,2,2,0,-0.580152198,4,1,328.7749526,2,-0.322086801,4,6
7,bimodal,Task B ,1,4,1,0.095898575,2,1,163.2155256,3,-0.356094651,2,1
7,bimodal,Task B ,2,4,1,-0.666565821,3,2,344.4671949,4,0.36249282,3,8
7,bimodal,Task B ,1,1,1,-0.042966008,3,1,336.4954016,5,0.612414084,3,4
7,bimodal,Task B ,1,1,1,-0.215735695,2,1,42.97623963,6,0.76791019,2,4
8,bimodal,Task B ,1,4,0,-0.449700519,3,2,91.31290871,1,-1.042304699,3,1
8,bimodal,Task B ,1,4,1,-0.030883905,4,1,323.0402331,2,-0.360255826,4,1
8,bimodal,Task B ,1,4,0,0.34778614,2,2,303.8025004,3,0.008649356,2,1
8,bimodal,Task B ,1,4,1,0.020721321,2,1,110.4716249,4,0.276229983,2,1
8,bimodal,Task B ,1,4,1,0.114046874,4,1,246.2738586,5,-0.007653452,4,1
8,bimodal,Task B ,1,4,1,-0.152257492,4,1,102.7533147,6,-0.249930751,4,1
9,bimodal,Task B ,1,3,1,-0.317622171,4,1,320.8954723,1,0.106262654,4,2
9,bimodal,Task B ,2,1,0,0.363942661,4,1,276.247521,2,-0.0120219,4,5
9,bimodal,Task B ,1,3,1,0.134794614,4,1,280.5761659,3,-0.39920485,4,2
9,bimodal,Task B ,1,2,1,-0.312694698,2,1,295.3179729,4,0.044598019,2,3
9,bimodal,Task B ,1,3,0,-0.195406203,1,2,158.4938456,5,0.411602963,1,2
9,bimodal,Task B ,2,2,0,0.45119491,4,1,297.8889254,6,-0.245602465,4,6
10,bimodal,Task B ,1,3,1,0.144757265,4,1,254.5978913,1,-0.010464209,4,2
10,bimodal,Task B ,1,2,0,-0.203776005,1,2,239.9605035,2,0.394900186,1,3
10,bimodal,Task B ,1,1,1,0.09045943,1,1,279.8484003,3,-0.495093643,1,4
10,bimodal,Task B ,1,2,0,-0.30708132,1,2,307.1991956,4,-2.495377858,1,3
10,bimodal,Task B ,1,2,1,0.577766557,2,1,75.02243662,5,-0.225681701,2,3
10,bimodal,Task B ,1,2,1,-0.149890409,3,1,41.68768408,6,0.382915942,3,3
1,bimodal,Task B ,1,2,0,-0.616380025,1,2,136.1896622,1,-0.210110814,1,3
1,bimodal,Task B ,2,2,0,0.289563411,1,1,113.596907,2,0.264800928,1,6
1,bimodal,Task B ,1,3,1,0.036078363,4,1,130.5037999,3,-0.166620541,4,2
1,bimodal,Task B ,2,2,1,-1.410814997,4,2,259.4462786,4,-1.347708952,4,6
1,bimodal,Task B ,1,3,1,0.172812263,3,1,116.1588612,5,-0.103146737,3,2
1,bimodal,Task B ,1,2,0,0.303756923,4,2,63.73385358,6,0.993397815,4,3
2,bimodal,Task B ,1,2,1,0.250691844,2,1,262.1869047,1,-0.145660556,2,3
2,bimodal,Task B ,1,2,0,0.607896656,3,2,300.6808123,2,-2.391313568,3,3
2,bimodal,Task B ,1,3,0,0.321389326,4,2,79.38530242,3,-1.719319531,4,2
2,bimodal,Task B ,2,1,1,-0.770878817,3,2,229.7373493,4,0.614273172,3,5
2,bimodal,Task B ,1,2,0,-0.427065484,2,2,188.8431139,5,1.03447044,2,3
2,bimodal,Task B ,1,3,1,-0.337993018,2,1,146.5650979,6,0.378583188,2,2
3,bimodal,Task B ,2,1,0,0.093692614,2,1,232.8889688,1,-0.332759176,2,5
3,bimodal,Task B ,2,2,1,1.794547823,1,2,16.35971935,2,0.911644339,1,6
3,bimodal,Task B ,2,4,1,-1.677699787,3,2,256.490446,3,-1.30852787,3,8
3,bimodal,Task B ,2,3,1,1.189919793,1,2,201.2034817,4,0.669570023,1,7
3,bimodal,Task B ,1,2,1,0.150417049,1,1,328.0050939,5,-0.471145377,1,3
3,bimodal,Task B ,1,3,1,0.883255177,2,1,84.59573509,6,-0.36894137,2,2
4,bimodal,Task B ,1,3,1,0.396562869,1,1,356.6087475,1,-0.003210671,1,2
4,bimodal,Task B ,2,4,0,-0.718517986,4,1,325.1565431,2,0.586860481,4,8
4,bimodal,Task B ,1,1,1,0.005093684,1,1,223.3940557,3,0.204104233,1,4
4,bimodal,Task B ,1,1,0,-1.390895209,1,2,309.9877119,4,-0.006859426,1,4
4,bimodal,Task B ,1,3,1,-0.164011765,1,1,198.803798,5,-0.415692821,1,2
4,bimodal,Task B ,1,3,1,0.330534826,4,1,176.3321058,6,0.210269499,4,2
5,bimodal,Task B ,1,2,1,-0.130596511,2,1,30.11575583,1,-0.256207683,2,3
5,bimodal,Task B ,1,4,1,-0.096295675,2,1,215.8396646,2,0.17984383,2,1
5,bimodal,Task B ,2,4,1,-1.71722745,4,2,201.5770564,3,2.211092855,4,8
5,bimodal,Task B ,2,4,1,-1.887423142,3,2,199.3790941,4,1.234358393,3,8
5,bimodal,Task B ,2,4,1,-1.888392719,3,2,160.754297,5,1.396168739,3,8
5,bimodal,Task B ,2,4,1,-1.529606207,3,2,92.53839315,6,-1.326155026,3,8
6,bimodal,Task B ,1,2,0,-0.282585991,4,2,54.40547675,1,0.896424016,4,3
6,bimodal,Task B ,2,2,1,-1.313864767,1,2,169.9950546,2,0.123855328,1,6
6,bimodal,Task B ,2,2,0,-0.13350597,3,1,72.70674406,3,0.23565193,3,6
6,bimodal,Task B ,1,2,1,-0.042928121,4,1,17.003493,4,-0.632780913,4,3
6,bimodal,Task B ,2,2,1,1.024102498,2,2,133.3267739,5,0.633340866,2,6
6,bimodal,Task B ,1,1,0,0.03598242,2,2,44.14971842,6,0.200543639,2,4
7,bimodal,Task B ,2,4,0,-0.110126442,4,1,215.2857014,1,0.049778443,4,8
7,bimodal,Task B ,1,4,1,0.2042149,4,1,171.5309398,2,-0.517917295,4,1
7,bimodal,Task B ,1,1,1,0.279577499,3,1,291.8302159,3,0.352099705,3,4
7,bimodal,Task B ,2,1,1,-1.708623419,2,2,289.0167856,4,1.226006489,2,5
7,bimodal,Task B ,2,1,1,3.258516569,4,2,89.95326563,5,-2.170905228,4,5
7,bimodal,Task B ,1,4,0,-0.874301038,4,2,32.74843488,6,-0.17311346,4,1
8,bimodal,Task B ,1,4,1,-0.463894688,1,1,301.3823595,1,-0.126043586,1,1
8,bimodal,Task B ,1,4,0,-0.618715749,3,2,305.6013408,2,0.791436829,3,1
8,bimodal,Task B ,2,1,1,0.990958198,1,2,270.27201,3,1.705094569,1,5
8,bimodal,Task B ,1,4,1,-0.230960544,3,1,90.14859725,4,0.635126204,3,1
8,bimodal,Task B ,2,4,1,-1.461786492,3,2,40.89725869,5,-0.471246468,3,8
8,bimodal,Task B ,2,4,1,2.60700869,2,2,319.9758239,6,3.146366276,2,8
9,bimodal,Task B ,2,4,1,-0.020642875,4,2,211.4038244,1,0.260296146,4,8
9,bimodal,Task B ,1,1,0,2.491577709,3,2,347.8388176,2,-1.155324489,3,4
9,bimodal,Task B ,1,3,1,0.223266497,4,1,218.3418369,3,0.442514241,4,2
9,bimodal,Task B ,2,2,0,0.353935456,1,1,294.4161414,4,0.191979093,1,6
9,bimodal,Task B ,1,1,1,0.395164118,2,1,355.7767967,5,-0.271465284,2,4
9,bimodal,Task B ,2,1,1,2.584872008,1,2,210.2035503,6,0.658594939,1,5
10,bimodal,Task B ,2,2,1,0.600019687,3,2,176.3070961,1,0.044210445,3,6
10,bimodal,Task B ,1,1,0,-1.672346328,1,2,274.799379,2,3.719268038,1,4
10,bimodal,Task B ,2,1,1,0.350790885,1,2,140.9298272,3,2.230713367,1,5
10,bimodal,Task B ,1,2,1,-0.2463588,2,1,192.112796,4,0.105282652,2,3
10,bimodal,Task B ,1,2,1,0.17016812,4,1,134.3362567,5,-0.440929057,4,3
10,bimodal,Task B ,1,2,0,0.396624394,4,2,158.35609,6,0.390597975,4,3
1,bimodal,Task B ,1,3,1,-0.258184076,4,1,39.73432421,1,0.066365138,4,2
1,bimodal,Task B ,1,2,1,-0.306234531,1,1,121.1563588,2,-0.143611324,1,3
1,bimodal,Task B ,1,4,1,0.201048814,4,1,130.2472846,3,-0.38532745,4,1
1,bimodal,Task B ,2,4,1,2.418482353,4,2,60.40124572,4,-1.00225656,4,8
1,bimodal,Task B ,2,2,0,-0.087836349,1,1,146.1136045,5,0.160166243,1,6
1,bimodal,Task B ,2,2,1,-0.829019877,4,2,202.6886087,6,-0.838711058,4,6
2,bimodal,Task B ,2,3,1,-1.395536286,4,2,0.80870702,1,-1.174765052,4,7
2,bimodal,Task B ,1,2,0,-0.173610792,2,2,109.7062598,2,0.219515555,2,3
2,bimodal,Task B ,1,2,0,0.131033945,2,2,53.54954622,3,1.148335464,2,3
2,bimodal,Task B ,2,1,1,0.867937952,1,2,34.72980433,4,-0.975776875,1,5
2,bimodal,Task B ,1,2,1,-0.028066855,1,1,225.8683829,5,-0.128985468,1,3
2,bimodal,Task B ,1,2,1,-0.584745706,3,1,67.23364681,6,0.142985072,3,3
3,bimodal,Task B ,1,3,1,-0.076352904,3,1,222.4535522,1,0.375843537,3,2
3,bimodal,Task B ,1,3,1,-0.060100151,1,1,271.3721071,2,-0.236141306,1,2
3,bimodal,Task B ,1,1,0,0.261097778,1,2,40.79470548,3,-0.836278675,1,4
3,bimodal,Task B ,1,1,1,-0.175221903,4,1,17.71052509,4,0.21450819,4,4
3,bimodal,Task B ,1,3,1,-0.13078649,4,1,43.15386807,5,0.470589699,4,2
3,bimodal,Task B ,1,3,1,-0.032199827,1,1,301.476839,6,0.529095461,1,2
4,bimodal,Task B ,2,4,1,1.074102303,4,2,177.1283824,1,-2.747074468,4,8
4,bimodal,Task B ,1,3,1,0.540066766,4,1,103.0328587,2,-0.070199173,4,2
4,bimodal,Task B ,1,1,1,-0.34746202,3,1,95.36247646,3,0.045486625,3,4
4,bimodal,Task B ,1,1,1,0.265251677,1,1,185.6778497,4,-0.020780823,1,4
4,bimodal,Task B ,1,1,0,-0.185929057,1,2,329.3507928,5,-0.908664001,1,4
4,bimodal,Task B ,2,3,1,0.318765215,2,2,193.3568612,6,-1.998016192,2,7
5,bimodal,Task B ,2,2,0,-0.016665568,2,1,66.12991618,1,0.231065574,2,6
5,bimodal,Task B ,1,1,1,-0.141222055,2,1,300.0079689,2,-0.053166199,2,4
5,bimodal,Task B ,1,2,1,-0.152759084,3,1,26.63291165,3,0.235052594,3,3
5,bimodal,Task B ,1,4,0,-0.124229037,1,2,149.4013898,4,1.617076843,1,1
5,bimodal,Task B ,1,4,1,0.099899077,4,1,169.70784,5,-0.183695066,4,1
5,bimodal,Task B ,2,4,1,-0.188470843,3,2,170.2980927,6,1.115592018,3,8
6,bimodal,Task B ,1,2,1,-0.141545792,4,1,242.1630426,1,-0.738657355,4,3
6,bimodal,Task B ,1,1,0,1.402118949,4,2,300.5517252,2,-0.250002666,4,4
6,bimodal,Task B ,1,2,1,-0.74799311,3,1,277.3474136,3,0.026818904,3,3
6,bimodal,Task B ,1,2,0,-0.259894058,2,2,268.7448071,4,0.049076616,2,3
6,bimodal,Task B ,2,2,1,0.217264533,4,2,115.4383767,5,-1.660492535,4,6
6,bimodal,Task B ,2,2,1,-0.869729321,4,2,264.0551849,6,-2.085187936,4,6
7,bimodal,Task B ,2,4,1,-0.502361913,4,2,192.5674463,1,0.76143263,4,8
7,bimodal,Task B ,1,4,1,-0.113052935,3,1,270.2720626,2,0.577550119,3,1
7,bimodal,Task B ,1,1,0,-0.300232217,1,2,190.185112,3,0.219384989,1,4
7,bimodal,Task B ,1,1,1,0.68375044,3,1,264.6835973,4,0.088407649,3,4
7,bimodal,Task B ,1,4,1,0.376861716,4,1,144.1166341,5,-0.195471293,4,1
7,bimodal,Task B ,1,1,1,-0.043199807,1,1,108.0431475,6,0.309432928,1,4
8,bimodal,Task B ,1,4,1,-0.801561704,1,1,255.3654731,1,-0.544232523,1,1
8,bimodal,Task B ,1,4,1,-0.152796286,3,1,232.9716327,2,0.170267106,3,1
8,bimodal,Task B ,2,4,1,-1.93460181,2,2,127.3249961,3,-1.969494167,2,8
8,bimodal,Task B ,2,4,1,-1.420653256,4,2,30.54440072,4,-1.926033521,4,8
8,bimodal,Task B ,1,4,0,-0.242374478,2,2,345.5888479,5,0.79453425,2,1
8,bimodal,Task B ,1,4,1,-0.363125965,1,1,55.77622122,6,-0.195148582,1,1
9,bimodal,Task B ,1,3,0,-0.939241159,4,2,167.3188373,1,0.373166361,4,2
9,bimodal,Task B ,2,2,0,-0.029554931,1,1,15.93984696,2,-0.379104438,1,6
9,bimodal,Task B ,1,1,1,-0.424217042,1,1,222.047026,3,-0.566814442,1,4
9,bimodal,Task B ,2,4,1,1.307429816,4,2,331.0517942,4,1.424177495,4,8
9,bimodal,Task B ,2,3,1,-1.560466234,4,2,95.41432809,5,0.522674759,4,7
9,bimodal,Task B ,2,3,1,1.374687916,4,2,149.4043992,6,-1.88233953,4,7
10,bimodal,Task B ,2,2,1,0.986625906,4,2,211.0674765,1,0.686718091,4,6
10,bimodal,Task B ,1,2,1,0.284468021,3,1,104.9971423,2,-0.180840176,3,3
10,bimodal,Task B ,1,1,0,-0.315887254,1,2,229.2934629,3,1.193723207,1,4
10,bimodal,Task B ,1,2,1,-0.226609616,1,1,182.4452856,4,0.042640482,1,3
10,bimodal,Task B ,1,1,1,-0.114678236,1,1,88.74679557,5,0.042844074,1,4
10,bimodal,Task B ,1,1,1,0.374038584,2,1,74.70265412,6,-0.452158039,2,4
1,bimodal,Task B ,2,4,1,2.874449614,3,2,33.08993825,1,1.579079019,3,8
1,bimodal,Task B ,1,2,1,0.705477676,2,1,338.1207761,2,-0.080284063,2,3
1,bimodal,Task B ,1,3,1,0.459146658,4,1,352.0100456,3,0.438022795,4,2
1,bimodal,Task B ,1,3,1,-0.151850286,2,1,165.2214033,4,-0.055997445,2,2
1,bimodal,Task B ,1,3,0,-1.462840436,2,2,339.3394909,5,-0.003923804,2,2
1,bimodal,Task B ,1,2,1,-0.587632499,2,1,160.4495944,6,0.099312157,2,3
2,bimodal,Task B ,2,2,0,0.168318664,3,1,292.9287442,1,0.310489089,3,6
2,bimodal,Task B ,2,1,1,0.32775136,2,2,263.4368388,2,1.644070729,2,5
2,bimodal,Task B ,1,2,1,-0.451497273,3,1,185.6956285,3,0.319480338,3,3
2,bimodal,Task B ,1,2,0,-0.17098714,1,2,246.4913397,4,1.924586549,1,3
2,bimodal,Task B ,2,3,1,0.666452485,4,2,330.8408476,5,-0.471810333,4,7
2,bimodal,Task B ,2,3,0,-0.419135374,4,1,60.05952296,6,0.222244581,4,7
3,bimodal,Task B ,1,4,1,0.244743299,4,1,182.6956506,1,-0.058315513,4,1
3,bimodal,Task B ,1,4,1,-0.021272412,4,1,3.126628543,2,0.026877771,4,1
3,bimodal,Task B ,1,3,1,-0.186002121,3,1,318.0161132,3,0.566387567,3,2
3,bimodal,Task B ,1,2,0,0.866187528,1,2,106.2473496,4,0.512245534,1,3
3,bimodal,Task B ,2,4,1,2.606470687,2,2,74.42415563,5,-2.015748968,2,8
3,bimodal,Task B ,2,1,0,-0.171364446,2,1,84.72892871,6,-0.171400337,2,5
4,bimodal,Task B ,1,1,1,-0.562314983,2,1,123.4026363,1,-0.197053033,2,4
4,bimodal,Task B ,2,4,1,1.204220394,4,2,118.7256165,2,1.709067349,4,8
4,bimodal,Task B ,2,4,1,-3.56283954,2,2,252.46876,3,-1.007657385,2,8
4,bimodal,Task B ,1,1,1,0.04836299,2,1,192.4391032,4,0.290108799,2,4
4,bimodal,Task B ,2,2,1,2.097020842,2,2,226.7875205,5,-0.515159795,2,6
4,bimodal,Task B ,2,1,1,-2.375462696,2,2,138.2925137,6,-0.173972176,2,5
5,bimodal,Task B ,1,2,0,-0.696813082,1,2,307.7688275,1,-2.566745598,1,3
5,bimodal,Task B ,2,4,1,-2.116453998,3,2,311.0946127,2,-3.213013813,3,8
5,bimodal,Task B ,1,4,0,0.043481783,4,2,185.4943476,3,-0.650876193,4,1
5,bimodal,Task B ,1,2,0,-1.281675051,2,2,180.8741751,4,-0.317880408,2,3
5,bimodal,Task B ,2,4,1,0.760408443,2,2,269.6808072,5,1.480991683,2,8
5,bimodal,Task B ,1,2,1,-0.428967248,3,1,272.2848504,6,0.430095558,3,3
6,bimodal,Task B ,1,2,0,0.00987109,4,2,129.4731991,1,1.250420537,4,3
6,bimodal,Task B ,2,2,1,-0.561989573,2,2,281.4111482,2,-0.140073363,2,6
6,bimodal,Task B ,1,2,0,-0.183204899,2,2,297.3859162,3,-2.546526658,2,3
6,bimodal,Task B ,2,1,0,-0.571405735,1,1,235.0365157,4,-0.187906783,1,5
6,bimodal,Task B ,2,3,1,2.397276056,3,2,201.445519,5,1.008469854,3,7
6,bimodal,Task B ,1,1,1,0.352243806,4,1,210.8906565,6,0.134662479,4,4
7,bimodal,Task B ,1,2,1,0.104751228,3,1,23.23104203,1,0.272704404,3,3
7,bimodal,Task B ,2,2,0,0.172265203,1,1,268.4932553,2,0.653001466,1,6
7,bimodal,Task B ,2,4,1,2.173610716,2,2,206.0185016,3,1.425661886,2,8
7,bimodal,Task B ,2,1,1,-0.49275787,3,2,204.6419296,4,-0.045676053,3,5
7,bimodal,Task B ,1,1,1,-0.454043086,3,1,230.9807178,5,-0.104370239,3,4
7,bimodal,Task B ,1,1,0,1.800257384,1,2,235.6213165,6,0.328295736,1,4
8,bimodal,Task B ,1,4,0,-0.754814634,4,2,1.373806501,1,0.848234399,4,1
8,bimodal,Task B ,1,4,1,-0.506616453,1,1,225.7106811,2,0.178833589,1,1
8,bimodal,Task B ,2,4,1,-2.161918824,2,2,151.2812343,3,-0.321187685,2,8
8,bimodal,Task B ,2,4,1,-0.786572466,1,2,173.677385,4,1.887008112,1,8
8,bimodal,Task B ,2,4,1,1.65885674,1,2,256.5762647,5,-2.574047248,1,8
8,bimodal,Task B ,2,4,1,2.408923528,3,2,42.65458222,6,-0.394173252,3,8
9,bimodal,Task B ,2,1,1,0.965068879,1,2,231.9156653,1,2.319257155,1,5
9,bimodal,Task B ,1,2,1,0.097190761,1,1,135.1177858,2,-0.322591052,1,3
9,bimodal,Task B ,1,1,1,0.143668165,3,1,262.1485277,3,-0.234086195,3,4
9,bimodal,Task B ,2,2,1,2.326562153,3,2,166.9948749,4,-2.826701201,3,6
9,bimodal,Task B ,1,2,1,0.27112369,2,1,183.0440842,5,0.521113494,2,3
9,bimodal,Task B ,1,2,1,-0.29915301,2,1,24.38113187,6,-0.008886007,2,3
10,bimodal,Task B ,2,1,1,3.234897571,3,2,183.0990594,1,0.338107482,3,5
10,bimodal,Task B ,1,2,1,-0.439429477,2,1,35.12486473,2,0.113240643,2,3
10,bimodal,Task B ,1,1,1,0.047184744,3,1,166.7862567,3,0.106923314,3,4
10,bimodal,Task B ,1,2,1,-0.45541201,4,1,39.28490776,4,0.055707714,4,3
10,bimodal,Task B ,2,2,1,3.39712389,3,2,218.8356969,5,1.542699431,3,6
10,bimodal,Task B ,1,2,1,-0.169129488,2,1,320.4326267,6,-0.541447505,2,3
1,bimodal,Task B ,2,4,1,-1.882316166,2,2,349.20766,1,-0.767582625,2,8
1,bimodal,Task B ,1,2,0,-0.532760258,1,2,301.1338366,2,1.419429949,1,3
1,bimodal,Task B ,1,3,1,0.14161253,1,1,6.309544086,3,-0.139941092,1,2
1,bimodal,Task B ,1,3,0,1.496127711,3,2,16.13094947,4,0.647616938,3,2
1,bimodal,Task B ,2,1,1,0.927163571,4,2,178.4929966,5,1.296689656,4,5
1,bimodal,Task B ,1,3,1,0.322385822,4,1,48.67186689,6,0.440439042,4,2
2,bimodal,Task B ,1,2,1,-0.032405159,2,1,64.28227438,1,-0.13591386,2,3
2,bimodal,Task B ,1,2,0,0.295965892,2,2,231.825336,2,0.473211434,2,3
2,bimodal,Task B ,1,3,1,-0.152829366,4,1,236.6476043,3,0.032996052,4,2
2,bimodal,Task B ,1,2,0,0.424269161,2,2,341.0856384,4,0.152535264,2,3
2,bimodal,Task B ,2,3,0,-0.346257949,2,1,169.7288416,5,0.652193803,2,7
2,bimodal,Task B ,1,3,0,0.839967537,1,2,206.7580053,6,0.634677827,1,2
3,bimodal,Task B ,2,3,1,1.976726321,1,2,81.90635392,1,-0.462014473,1,7
3,bimodal,Task B ,1,2,1,0.136744903,4,1,195.344928,2,0.575734634,4,3
3,bimodal,Task B ,1,3,1,0.728371045,4,1,266.3861908,3,-0.059744527,4,2
3,bimodal,Task B ,2,3,1,-1.886449491,3,2,236.7832014,4,0.861019809,3,7
3,bimodal,Task B ,1,3,1,0.2768126,1,1,86.7084184,5,0.672241481,1,2
3,bimodal,Task B ,2,4,1,-1.788578371,4,2,245.0376439,6,1.14510912,4,8
4,bimodal,Task B ,2,4,1,1.206836239,4,2,108.1274579,1,1.201214636,4,8
4,bimodal,Task B ,1,3,1,0.100180413,2,1,257.4727802,2,-0.230628928,2,2
4,bimodal,Task B ,2,2,1,-0.089336696,2,2,303.5419543,3,1.405916459,2,6
4,bimodal,Task B ,2,4,1,1.238285164,3,2,176.2059859,4,1.416611432,3,8
4,bimodal,Task B ,1,2,1,-0.424482995,1,1,284.8219643,5,0.288213296,1,3
4,bimodal,Task B ,1,1,0,0.92611153,1,2,334.7887779,6,0.86362612,1,4
5,bimodal,Task B ,2,4,1,-1.68202895,3,2,45.0262964,1,-0.207993073,3,8
5,bimodal,Task B ,1,4,1,-0.020298767,1,1,57.45922733,2,0.174875492,1,1
5,bimodal,Task B ,1,2,1,0.580181303,1,1,315.879824,3,-0.517093634,1,3
5,bimodal,Task B ,1,4,1,-0.405315026,1,1,247.5807373,4,-0.44467425,1,1
5,bimodal,Task B ,1,2,1,-0.085097524,4,1,183.9295996,5,-0.182174199,4,3
5,bimodal,Task B ,1,4,1,-0.256060718,2,1,298.5412494,6,-0.34792517,2,1
6,bimodal,Task B ,1,2,0,-0.244937293,3,2,200.8382639,1,0.445069909,3,3
6,bimodal,Task B ,1,1,0,-0.828922051,1,2,52.86299268,2,2.514185901,1,4
6,bimodal,Task B ,1,2,1,-0.310808769,2,1,293.111138,3,0.498509203,2,3
6,bimodal,Task B ,1,2,1,-0.39687732,1,1,123.3949881,4,0.266620605,1,3
6,bimodal,Task B ,1,2,1,-0.038414594,3,1,293.4573811,5,-0.213093346,3,3
6,bimodal,Task B ,2,2,0,-0.155462766,4,1,312.0533887,6,-0.181895194,4,6
7,bimodal,Task B ,2,4,1,-0.698632317,4,2,254.8228356,1,-1.690691357,4,8
7,bimodal,Task B ,1,4,1,0.158936353,2,1,118.2216011,2,-0.04210262,2,1
7,bimodal,Task B ,1,1,0,2.384674053,2,2,99.2837081,3,-0.196583756,2,4
7,bimodal,Task B ,2,4,1,-0.595945285,4,2,311.5370021,4,1.049761692,4,8
7,bimodal,Task B ,1,4,0,0.887990629,1,2,238.4959655,5,1.698980864,1,1
7,bimodal,Task B ,1,1,0,3.044800193,2,2,190.3894177,6,1.575159089,2,4
8,bimodal,Task B ,2,4,1,2.419419241,2,2,269.2778903,1,-1.235462283,2,8
8,bimodal,Task B ,1,4,0,0.11505641,4,2,257.9791372,2,-0.023931177,4,1
8,bimodal,Task B ,1,4,1,-0.531019836,4,1,143.2133979,3,0.036995758,4,1
8,bimodal,Task B ,1,4,1,0.290391021,4,1,320.1971794,4,0.228657695,4,1
8,bimodal,Task B ,1,4,1,-0.148877539,2,1,290.254824,5,-0.11528351,2,1
8,bimodal,Task B ,2,4,1,-0.845157954,2,2,220.2515938,6,-0.288876203,2,8
9,bimodal,Task B ,1,1,0,-0.341270566,2,2,119.4846699,1,-0.921570219,2,4
9,bimodal,Task B ,2,1,1,-1.247251348,2,2,223.0689839,2,-1.576440719,2,5
9,bimodal,Task B ,1,1,1,0.167778464,1,1,64.97732376,3,-0.231113328,1,4
9,bimodal,Task B ,1,3,0,-0.310729973,3,2,96.82755516,4,0.518084245,3,2
9,bimodal,Task B ,1,3,0,2.746629257,4,2,18.5934078,5,1.172617695,4,2
9,bimodal,Task B ,1,1,1,0.172750468,4,1,175.9520602,6,-0.036413698,4,4
10,bimodal,Task B ,1,1,1,0.348673608,2,1,79.10657766,1,0.066497513,2,4
10,bimodal,Task B ,1,1,0,0.368649194,2,2,160.1999214,2,-0.402477465,2,4
10,bimodal,Task B ,1,1,0,-1.956706007,1,2,79.85645291,3,-0.338336763,1,4
10,bimodal,Task B ,2,3,1,-2.183256304,4,2,205.9581505,4,-1.618391125,4,7
10,bimodal,Task B ,2,3,1,1.731561906,4,2,348.5963635,5,2.331419008,4,7
10,bimodal,Task B ,1,1,0,0.477710089,1,2,282.7675981,6,-1.110899795,1,4
1,bimodal,Task B ,2,3,1,1.498266815,3,2,223.1729003,1,-0.281524343,3,7
1,bimodal,Task B ,2,4,1,2.689339906,4,2,4.928149271,2,0.315462848,4,8
1,bimodal,Task B ,1,4,1,-0.095425381,4,1,268.7245617,3,-0.416572529,4,1
1,bimodal,Task B ,2,1,1,3.357444707,3,2,346.9096013,4,0.980590139,3,5
1,bimodal,Task B ,2,1,1,0.416863802,1,2,215.0898454,5,-0.95354618,1,5
1,bimodal,Task B ,2,1,1,-0.381262668,1,2,101.6120293,6,1.611185537,1,5
2,bimodal,Task B ,1,2,1,0.120026009,3,1,24.53255777,1,-0.168696514,3,3
2,bimodal,Task B ,1,3,1,-0.011180851,2,1,20.13019204,2,-0.465720282,2,2
2,bimodal,Task B ,1,2,1,0.734801992,1,1,318.3516028,3,-0.195083804,1,3
2,bimodal,Task B ,2,1,1,-0.04668196,3,2,297.2367333,4,0.881891124,3,5
2,bimodal,Task B ,1,1,1,-0.148364606,2,1,21.69248299,5,0.222549576,2,4
2,bimodal,Task B ,1,3,1,-0.409413557,4,1,356.2159269,6,-0.553510962,4,2
3,bimodal,Task B ,2,4,1,0.091269125,3,2,251.8123287,1,-1.824571085,3,8
3,bimodal,Task B ,2,4,1,2.019601907,4,2,182.3960213,2,0.560149916,4,8
3,bimodal,Task B ,1,3,1,0.121625636,3,1,131.1476364,3,0.874407591,3,2
3,bimodal,Task B ,1,3,1,0.035204772,4,1,75.75031931,4,0.199779976,4,2
3,bimodal,Task B ,1,3,1,-0.686597571,1,1,194.3041493,5,0.449781408,1,2
3,bimodal,Task B ,1,4,1,-0.196476171,3,1,338.5187005,6,-0.169855119,3,1
4,bimodal,Task B ,1,3,1,-0.024811695,4,1,233.2907009,1,-0.725378557,4,2
4,bimodal,Task B ,2,4,1,-0.049067837,4,2,291.7219809,2,1.8106541,4,8
4,bimodal,Task B ,1,1,1,-0.152666535,3,1,125.9826697,3,0.373469677,3,4
4,bimodal,Task B ,1,3,1,-0.146492208,4,1,221.332227,4,-0.395622667,4,2
4,bimodal,Task B ,1,1,0,-0.110838185,4,2,358.4918932,5,-0.776584141,4,4
4,bimodal,Task B ,1,2,1,0.240293274,1,1,130.5066397,6,-0.06068107,1,3
5,bimodal,Task B ,1,3,0,-0.077801281,3,2,152.8728983,1,-1.90971856,3,2
5,bimodal,Task B ,2,4,1,-0.173740522,4,2,72.43286602,2,-2.519613608,4,8
5,bimodal,Task B ,1,2,0,1.397544378,1,2,233.4049941,3,-0.539318777,1,3
5,bimodal,Task B ,2,4,1,-2.657000136,4,2,49.22370107,4,1.35345398,4,8
5,bimodal,Task B ,1,4,1,-0.154117816,2,1,94.19565833,5,-0.103274075,2,1
5,bimodal,Task B ,2,4,1,-1.224808468,2,2,354.1153309,6,0.654322238,2,8
6,bimodal,Task B ,2,2,1,0.342144019,2,2,356.2782285,1,0.104962673,2,6
6,bimodal,Task B ,1,2,0,0.954681231,2,2,332.5659981,2,-0.502852483,2,3
6,bimodal,Task B ,2,2,0,0.213739677,2,1,132.4906686,3,0.136157191,2,6
6,bimodal,Task B ,1,2,1,0.025693434,2,1,10.03547831,4,0.588529994,2,3
6,bimodal,Task B ,1,2,1,0.249107823,4,1,62.697212,5,0.560037125,4,3
6,bimodal,Task B ,1,2,0,0.859436594,1,2,136.9135561,6,-0.971424067,1,3
7,bimodal,Task B ,1,4,0,-1.923466297,3,2,83.50587581,1,-0.24065539,3,1
7,bimodal,Task B ,1,4,1,0.0319984,2,1,9.434459714,2,0.448400039,2,1
7,bimodal,Task B ,1,1,1,0.099956248,1,1,145.8503348,3,-0.267004859,1,4
7,bimodal,Task B ,1,1,0,-0.098205685,3,2,1.28384921,4,1.207305638,3,4
7,bimodal,Task B ,1,1,0,-1.814352728,4,2,309.9238677,5,0.675122395,4,4
7,bimodal,Task B ,2,4,1,-1.239577183,4,2,322.7917049,6,0.088844105,4,8
8,bimodal,Task B ,1,4,1,0.184493692,1,1,280.1011326,1,0.339561547,1,1
8,bimodal,Task B ,1,4,1,-0.615788825,3,1,294.2226743,2,-0.088458642,3,1
8,bimodal,Task B ,2,4,0,-0.168854288,1,1,251.1137128,3,0.370880765,1,8
8,bimodal,Task B ,1,4,1,0.169880592,1,1,75.57544901,4,-0.244306734,1,1
8,bimodal,Task B ,2,4,1,1.73526741,1,2,149.53926,5,0.315971353,1,8
8,bimodal,Task B ,1,4,0,-0.591811927,1,2,72.01663847,6,-0.412925201,1,1
9,bimodal,Task B ,2,1,1,0.129665059,3,2,49.98347441,1,0.818745966,3,5
9,bimodal,Task B ,1,1,1,0.023020179,2,1,233.3275283,2,0.079804999,2,4
9,bimodal,Task B ,2,3,1,-1.039186419,4,2,172.8192377,3,-0.373548288,4,7
9,bimodal,Task B ,2,3,0,-0.434951147,2,1,212.802523,4,-0.527140746,2,7
9,bimodal,Task B ,1,3,0,0.291314871,1,2,354.8824455,5,-1.624214667,1,2
9,bimodal,Task B ,1,2,1,-0.199652984,4,1,337.357517,6,0.121263796,4,3
10,bimodal,Task B ,1,1,1,0.012019772,1,1,262.1101637,1,0.498837545,1,4
10,bimodal,Task B ,1,2,0,1.25204104,1,2,352.7464254,2,-0.569087971,1,3
10,bimodal,Task B ,1,2,0,1.40464891,3,2,190.7554405,3,0.445376516,3,3
10,bimodal,Task B ,1,2,1,-0.175799331,3,1,317.4480414,4,-0.201939366,3,3
10,bimodal,Task B ,2,2,1,-2.951161025,4,2,247.8579687,5,-1.062908365,4,6
10,bimodal,Task B ,1,1,1,-0.089212819,1,1,43.1225659,6,-0.082838396,1,4
1,bimodal,Task B ,1,3,1,-0.345767662,1,1,197.5261221,1,-0.576341767,1,2
1,bimodal,Task B ,2,1,0,-0.639936972,2,1,240.3306084,2,-0.316249697,2,5
1,bimodal,Task B ,1,2,0,-0.688554951,2,2,241.9577294,3,0.943050554,2,3
1,bimodal,Task B ,2,3,1,0.296418276,2,2,242.1691887,4,-1.354148588,2,7
1,bimodal,Task B ,1,3,1,0.294126426,3,1,54.70818096,5,-0.436612797,3,2
1,bimodal,Task B ,1,3,1,-0.302607782,3,1,330.6310723,6,0.3882481,3,2
2,bimodal,Task B ,1,3,0,0.146395176,1,2,165.5017356,1,0.936043964,1,2
2,bimodal,Task B ,1,2,0,0.59577588,4,2,155.7433677,2,-0.17477041,4,3
2,bimodal,Task B ,1,2,1,-0.026676378,2,1,88.83295554,3,-0.390996312,2,3
2,bimodal,Task B ,1,2,1,-0.418016005,3,1,150.3317999,4,-0.354519631,3,3
2,bimodal,Task B ,1,2,1,-0.102111854,3,1,63.72626276,5,0.402534492,3,3
2,bimodal,Task B ,1,2,1,-0.159094137,1,1,343.70629,6,-0.192643036,1,3
3,bimodal,Task B ,2,2,0,-0.392494267,4,1,190.8506656,1,-0.486330131,4,6
3,bimodal,Task B ,1,2,1,-0.039315103,2,1,138.2230122,2,-0.480892667,2,3
3,bimodal,Task B ,2,2,1,1.446426073,2,2,221.156892,3,1.911214301,2,6
3,bimodal,Task B ,1,3,0,-0.407604349,1,2,145.2602894,4,0.158668958,1,2
3,bimodal,Task B ,2,2,0,-0.19396252,3,1,215.4380348,5,0.489222752,3,6
3,bimodal,Task B ,2,1,0,0.19608472,3,1,128.9861799,6,-0.475897372,3,5
4,bimodal,Task B ,2,1,0,0.061508034,3,1,186.2033599,1,-0.356523372,3,5
4,bimodal,Task B ,2,3,0,-0.494685512,3,1,247.4730986,2,-0.151698746,3,7
4,bimodal,Task B ,1,2,1,0.141931833,3,1,348.833647,3,-0.063094492,3,3
4,bimodal,Task B ,1,2,1,0.464437524,3,1,189.3925707,4,-0.486315343,3,3
4,bimodal,Task B ,1,2,1,-0.333957597,2,1,343.077806,5,0.244458403,2,3
4,bimodal,Task B ,1,1,1,-0.180440501,1,1,322.278309,6,0.48354499,1,4
5,bimodal,Task B ,1,4,0,-0.18019038,1,2,289.4358829,1,1.974986472,1,1
5,bimodal,Task B ,1,2,0,-1.4191276,1,2,186.0802543,2,-1.143249981,1,3
5,bimodal,Task B ,1,1,1,0.57181189,1,1,155.2410062,3,0.021130123,1,4
5,bimodal,Task B ,2,4,1,-0.040049044,3,2,81.07538906,4,1.650463895,3,8
5,bimodal,Task B ,1,4,1,0.336953935,3,1,10.04235839,5,0.020956787,3,1
5,bimodal,Task B ,1,3,1,0.225121088,1,1,68.58124914,6,0.110660328,1,2
6,bimodal,Task B ,1,2,1,-0.229203216,2,1,139.7631261,1,-0.592522848,2,3
6,bimodal,Task B ,1,2,1,0.342723313,3,1,264.393413,2,-0.036067851,3,3
6,bimodal,Task B ,2,2,0,0.498810693,4,1,346.7325034,3,0.075170499,4,6
6,bimodal,Task B ,1,2,1,-0.569890295,4,1,104.6874547,4,0.220466497,4,3
6,bimodal,Task B ,1,2,1,0.386524846,1,1,2.95482377,5,-0.103879235,1,3
6,bimodal,Task B ,1,2,1,-0.230323689,1,1,221.26503,6,-0.012661847,1,3
7,bimodal,Task B ,1,3,1,-0.275847324,3,1,86.47824789,1,0.143516025,3,2
7,bimodal,Task B ,1,3,1,-0.346819363,4,1,58.34892909,2,0.194989747,4,2
7,bimodal,Task B ,1,4,1,0.581547502,3,1,177.2760695,3,-0.259821665,3,1
7,bimodal,Task B ,1,4,0,0.054746937,4,2,141.1841992,4,-0.426161918,4,1
7,bimodal,Task B ,1,1,0,-0.207756346,1,2,207.465693,5,0.621095999,1,4
7,bimodal,Task B ,1,1,1,0.120367542,2,1,190.5594088,6,-0.352994336,2,4
8,bimodal,Task B ,2,4,1,1.826589283,3,2,249.9427634,1,-0.796598253,3,8
8,bimodal,Task B ,1,4,1,-0.349670571,1,1,10.70209512,2,0.1114122,1,1
8,bimodal,Task B ,1,4,1,-1.004360512,2,1,67.12756331,3,0.480345964,2,1
8,bimodal,Task B ,2,4,1,-1.083629825,4,2,330.0591341,4,-0.0222396,4,8
8,bimodal,Task B ,2,4,0,0.277255715,2,1,237.1225621,5,0.182736784,2,8
8,bimodal,Task B ,1,4,0,0.071585358,3,2,321.218823,6,-0.548511533,3,1
9,bimodal,Task B ,1,1,0,-0.073206825,2,2,91.08519846,1,1.559003611,2,4
9,bimodal,Task B ,2,1,1,1.322826036,1,2,161.8913185,2,-0.56549353,1,5
9,bimodal,Task B ,2,1,0,0.083191757,4,1,254.5567159,3,-0.175693346,4,5
9,bimodal,Task B ,1,3,1,0.466931145,2,1,247.0449515,4,0.756539468,2,2
9,bimodal,Task B ,2,2,0,-0.078741101,2,1,205.6863547,5,0.583621801,2,6
9,bimodal,Task B ,2,1,0,0.065028036,3,1,203.1404924,6,0.439075003,3,5
10,bimodal,Task B ,2,2,1,0.826580282,4,2,121.5454872,1,-0.622636018,4,6
10,bimodal,Task B ,1,2,0,1.355357837,3,2,222.5215279,2,-0.908809352,3,3
10,bimodal,Task B ,2,2,1,1.845842253,3,2,110.2628724,3,-0.395686924,3,6
10,bimodal,Task B ,2,3,1,1.937772873,4,2,313.07029,4,1.918395107,4,7
10,bimodal,Task B ,1,2,0,-1.23900546,3,2,67.49340932,5,-0.321406919,3,3
10,bimodal,Task B ,1,2,1,-0.047048705,3,1,157.459594,6,0.082131353,3,3
1,bimodal,Task B ,1,2,1,-0.359763959,3,1,302.3018366,1,0.00141415,3,3
1,bimodal,Task B ,1,2,0,0.385619227,3,2,122.7599403,2,0.613661051,3,3
1,bimodal,Task B ,1,3,1,-0.195156209,2,1,236.6632392,3,-0.399212399,2,2
1,bimodal,Task B ,2,4,1,3.408428557,4,2,276.1040607,4,-0.209826037,4,8
1,bimodal,Task B ,1,2,1,0.208885501,2,1,195.4905343,5,-0.382835775,2,3
1,bimodal,Task B ,2,1,0,0.295107731,1,1,225.2077424,6,-0.214563274,1,5
2,bimodal,Task B ,2,3,1,1.832587196,3,2,230.6011279,1,-3.666876945,3,7
2,bimodal,Task B ,1,3,1,-0.282740691,4,1,147.5686168,2,0.465543515,4,2
2,bimodal,Task B ,1,3,1,0.142479541,2,1,352.4979283,3,0.104443666,2,2
2,bimodal,Task B ,1,2,1,-0.392275937,4,1,209.5162703,4,-0.069461308,4,3
2,bimodal,Task B ,1,2,1,-0.120513673,4,1,242.3076538,5,0.091178128,4,3
2,bimodal,Task B ,1,3,1,0.109314737,2,1,249.3347934,6,-0.211316858,2,2
3,bimodal,Task B ,2,4,1,-2.979317807,4,2,248.2065839,1,0.995302013,4,8
3,bimodal,Task B ,2,4,1,-2.284167162,2,2,33.12429161,2,-0.630948291,2,8
3,bimodal,Task B ,1,3,1,-0.234261302,1,1,95.14620748,3,-0.52500115,1,2
3,bimodal,Task B ,2,3,1,1.907576542,4,2,68.97754439,4,0.47983244,4,7
3,bimodal,Task B ,1,3,1,0.071307091,3,1,181.1348743,5,0.486549488,3,2
3,bimodal,Task B ,2,2,1,-1.928154788,3,2,113.2055253,6,-1.571889413,3,6
4,bimodal,Task B ,2,2,1,-0.624979323,3,2,203.3947607,1,-1.043550479,3,6
4,bimodal,Task B ,1,2,1,-0.424460752,1,1,88.31357587,2,0.326950823,1,3
4,bimodal,Task B ,1,1,1,0.764229471,2,1,229.0612225,3,0.261669401,2,4
4,bimodal,Task B ,1,3,0,0.47357578,4,2,87.15522908,4,-0.338353764,4,2
4,bimodal,Task B ,1,2,0,-1.202717495,1,2,104.5315022,5,-2.195663776,1,3
4,bimodal,Task B ,1,2,0,-1.046740782,3,2,64.76993662,6,-0.794439222,3,3
5,bimodal,Task B ,2,2,1,0.869630873,1,2,3.829690609,1,0.197138779,1,6
5,bimodal,Task B ,2,2,0,-0.394052758,3,1,111.6722413,2,0.190252183,3,6
5,bimodal,Task B ,1,3,1,-0.344685615,3,1,114.8198748,3,-0.587804707,3,2
5,bimodal,Task B ,2,4,1,-2.607549368,1,2,239.3727536,4,-1.512648842,1,8
5,bimodal,Task B ,1,4,0,-0.155273752,1,2,238.5923707,5,-0.643598992,1,1
5,bimodal,Task B ,1,4,1,0.347123603,2,1,147.5454373,6,0.168729031,2,1
6,bimodal,Task B ,1,2,1,0.085272842,1,1,322.4574931,1,-0.034224649,1,3
6,bimodal,Task B ,1,2,1,-0.172431588,1,1,286.1984632,2,-0.14721633,1,3
6,bimodal,Task B ,1,2,0,-0.986910407,2,2,311.2739513,3,0.870986876,2,3
6,bimodal,Task B ,2,2,1,0.844884668,1,2,175.7739177,4,0.78046084,1,6
6,bimodal,Task B ,1,2,1,0.281665931,2,1,240.3097517,5,0.16564298,2,3
6,bimodal,Task B ,1,2,1,0.146636284,1,1,74.27270798,6,0.36062402,1,3
7,bimodal,Task B ,1,4,1,0.787575705,3,1,119.6833431,1,-0.013161327,3,1
7,bimodal,Task B ,1,4,0,1.694367979,2,2,143.1032593,2,0.793642522,2,1
7,bimodal,Task B ,1,1,0,1.642637488,1,2,202.1003989,3,1.223850257,1,4
7,bimodal,Task B ,2,1,0,-0.303868016,3,1,42.85145456,4,-0.151144669,3,5
7,bimodal,Task B ,2,1,0,-0.980268289,4,1,1.572760826,5,0.676331797,4,5
7,bimodal,Task B ,1,1,0,0.974011451,2,2,119.7317193,6,1.971796986,2,4
8,bimodal,Task B ,1,4,1,-0.077702433,4,1,64.00616722,1,-0.035899929,4,1
8,bimodal,Task B ,1,4,1,-0.259963733,2,1,200.0017299,2,-0.250043679,2,1
8,bimodal,Task B ,1,4,1,0.060495493,2,1,89.0620253,3,0.314766039,2,1
8,bimodal,Task B ,2,4,0,-0.152408937,1,1,150.6244667,4,-0.435604448,1,8
8,bimodal,Task B ,2,1,1,0.93793824,1,2,345.6405355,5,0.401798097,1,5
8,bimodal,Task B ,2,4,1,1.366457884,2,2,328.4943701,6,-3.044464232,2,8
9,bimodal,Task B ,1,4,0,0.997999416,4,2,53.68113731,1,-0.08255297,4,1
9,bimodal,Task B ,1,1,0,2.14308875,3,2,168.246522,2,-1.144694665,3,4
9,bimodal,Task B ,1,1,0,1.791172151,4,2,192.914484,3,-1.193286977,4,4
9,bimodal,Task B ,1,1,0,0.707741459,4,2,329.608241,4,-0.030248041,4,4
9,bimodal,Task B ,1,4,1,0.218791941,3,1,335.7952927,5,-0.031694461,3,1
9,bimodal,Task B ,1,2,1,0.289731704,3,1,109.4664,6,-0.28231928,3,3
10,bimodal,Task B ,2,2,0,-0.249388382,4,1,59.50488701,1,-0.395292052,4,6
10,bimodal,Task B ,2,2,1,-1.623762778,3,2,48.18155215,2,0.20342908,3,6
10,bimodal,Task B ,1,1,1,-0.729485079,4,1,94.79569339,3,0.120487284,4,4
10,bimodal,Task B ,2,2,0,0.926774378,4,1,300.4200479,4,0.5313621,4,6
10,bimodal,Task B ,1,2,1,-0.008743588,4,1,287.0682729,5,-0.148398332,4,3
10,bimodal,Task B ,2,2,1,1.298320686,4,2,125.7339546,6,1.142317778,4,6
1,bimodal,Task B ,1,3,1,-0.235436945,4,1,188.9635356,1,0.166189595,4,2
1,bimodal,Task B ,1,2,1,0.30214256,4,1,172.4495211,2,0.497255412,4,3
1,bimodal,Task B ,2,2,1,0.652715318,2,2,39.77499789,3,1.493232985,2,6
1,bimodal,Task B ,1,2,1,-0.45485592,2,1,178.0867758,4,0.288616343,2,3
1,bimodal,Task B ,2,1,0,0.105535444,1,1,192.7068429,5,0.141287757,1,5
1,bimodal,Task B ,1,3,0,0.517704706,4,2,163.031502,6,0.865391198,4,2
2,bimodal,Task B ,1,3,0,-0.570428365,3,2,254.697934,1,-0.127203502,3,2
2,bimodal,Task B ,2,3,0,0.201719882,1,1,4.97996423,2,-0.343943289,1,7
2,bimodal,Task B ,1,2,1,-0.084344537,3,1,305.7674853,3,0.425398551,3,3
2,bimodal,Task B ,1,2,1,0.225745232,1,1,300.137323,4,-0.148988213,1,3
2,bimodal,Task B ,2,3,0,0.396871491,2,1,353.8823783,5,0.651686378,2,7
2,bimodal,Task B ,2,4,1,2.395039666,2,2,348.2884726,6,1.502947926,2,8
3,bimodal,Task B ,1,3,1,-0.328814969,3,1,217.4458015,1,0.407353222,3,2
3,bimodal,Task B ,2,2,0,0.559309765,4,1,202.6873078,2,-0.133627068,4,6
3,bimodal,Task B ,1,2,0,-0.275899614,4,2,196.1300452,3,0.962676896,4,3
3,bimodal,Task B ,2,2,1,0.27925677,4,2,258.4693832,4,-1.257869081,4,6
3,bimodal,Task B ,1,2,1,-0.232506872,2,1,118.6350493,5,-0.142557678,2,3
3,bimodal,Task B ,1,3,1,-0.000602384,3,1,239.2036495,6,0.260813023,3,2
4,bimodal,Task B ,1,3,0,-0.515737836,4,2,130.5213427,1,0.377928517,4,2
4,bimodal,Task B ,1,1,0,-0.075467696,1,2,86.24011156,2,-3.233804268,1,4
4,bimodal,Task B ,2,3,1,-1.239003721,4,2,204.1680423,3,-1.13456212,4,7
4,bimodal,Task B ,1,3,0,2.180887095,3,2,334.7047268,4,-0.151367911,3,2
4,bimodal,Task B ,1,1,1,0.637254699,4,1,359.7711293,5,-0.706842504,4,4
4,bimodal,Task B ,2,4,1,1.629846044,4,2,174.7312431,6,-1.586911026,4,8
5,bimodal,Task B ,1,4,0,-0.077497753,2,2,273.0679995,1,0.759237936,2,1
5,bimodal,Task B ,2,4,1,-1.686585802,4,2,78.16394442,2,1.214553099,4,8
5,bimodal,Task B ,1,2,0,0.929129302,2,2,13.54821465,3,0.858756256,2,3
5,bimodal,Task B ,1,4,1,-0.577486264,2,1,289.0806861,4,-0.046338429,2,1
5,bimodal,Task B ,2,4,1,1.572847484,4,2,135.7787984,5,0.784992751,4,8
5,bimodal,Task B ,1,4,0,0.210075355,3,2,2.926403326,6,-3.715983034,3,1
6,bimodal,Task B ,2,2,0,0.007314018,2,1,156.9757292,1,0.070915121,2,6
6,bimodal,Task B ,2,2,0,-0.142513059,3,1,344.3048604,2,0.007931441,3,6
6,bimodal,Task B ,1,2,1,0.06743169,1,1,170.2471432,3,0.62286827,1,3
6,bimodal,Task B ,2,2,1,1.975522531,1,2,133.7535806,4,0.662949779,1,6
6,bimodal,Task B ,2,2,0,0.371507154,1,1,8.73353657,5,0.072691271,1,6
6,bimodal,Task B ,2,2,0,0.02250463,3,1,305.2206088,6,-0.335794141,3,6
7,bimodal,Task B ,1,1,0,1.37216323,1,2,345.3490288,1,-1.924573466,1,4
7,bimodal,Task B ,1,4,0,0.350797642,2,2,3.492271446,2,0.065243746,2,1
7,bimodal,Task B ,1,1,1,0.20886336,1,1,109.6494409,3,0.037599222,1,4
7,bimodal,Task B ,1,1,0,0.891305949,3,2,38.306104,4,0.045310821,3,4
7,bimodal,Task B ,1,1,0,1.728498981,1,2,322.1510388,5,2.274469819,1,4
7,bimodal,Task B ,1,4,1,0.002749817,4,1,225.4743097,6,0.358047216,4,1
8,bimodal,Task B ,1,4,1,-0.406096639,3,1,121.894467,1,-0.561077808,3,1
8,bimodal,Task B ,1,4,1,0.395215798,3,1,48.06636995,2,0.251658564,3,1
8,bimodal,Task B ,2,4,0,0.012844616,2,1,246.3955021,3,-0.702675034,2,8
8,bimodal,Task B ,1,4,1,-0.011372174,4,1,203.3909448,4,0.473274669,4,1
8,bimodal,Task B ,2,4,1,-1.463115847,1,2,324.855158,5,0.553036683,1,8
8,bimodal,Task B ,1,4,0,-0.682967782,1,2,228.8102142,6,-0.153238044,1,1
9,bimodal,Task B ,1,1,0,-1.480168054,2,2,162.0271765,1,-1.635387265,2,4
9,bimodal,Task B ,2,2,0,0.258759822,3,1,50.86912572,2,-0.201891436,3,6
9,bimodal,Task B ,1,1,0,-0.4371252,2,2,187.9367965,3,0.480012852,2,4
9,bimodal,Task B ,2,1,1,0.010270458,2,2,177.4711499,4,-2.0342503,2,5
9,bimodal,Task B ,1,3,0,-0.273206674,4,2,228.6089493,5,-1.69250889,4,2
9,bimodal,Task B ,2,1,1,-0.805209403,1,2,99.43544129,6,-0.553675483,1,5
10,bimodal,Task B ,1,1,0,0.292504416,1,2,215.7497129,1,-0.662298835,1,4
10,bimodal,Task B ,1,1,0,-0.199068513,4,2,214.3918296,2,-3.91830613,4,4
10,bimodal,Task B ,1,2,1,-0.052834507,2,1,187.510633,3,0.560964144,2,3
10,bimodal,Task B ,1,2,1,0.369257885,4,1,232.8729258,4,0.38301193,4,3
10,bimodal,Task B ,1,2,1,-0.463470579,4,1,95.86269009,5,0.308049973,4,3
10,bimodal,Task B ,1,1,0,-0.413014628,3,2,149.3061579,6,0.217747556,3,4
1,bimodal,Task B ,1,3,1,-0.014923476,3,1,67.1499377,1,-0.00257237,3,2
1,bimodal,Task B ,2,4,1,-2.70749176,3,2,53.89546407,2,-3.117715999,3,8
1,bimodal,Task B ,1,2,1,-0.691875007,1,1,290.9913157,3,1.162034461,1,3
1,bimodal,Task B ,2,3,1,-1.816668294,4,2,175.5155194,4,-0.196375382,4,7
1,bimodal,Task B ,2,3,1,2.063584927,3,2,151.2634277,5,1.672227356,3,7
1,bimodal,Task B ,2,1,0,0.537607575,1,1,348.0921526,6,-0.121303164,1,5
2,bimodal,Task B ,2,3,0,0.219822437,2,1,112.1260477,1,0.327149124,2,7
2,bimodal,Task B ,2,3,1,2.398924327,3,2,230.3140144,2,-1.142171558,3,7
2,bimodal,Task B ,2,2,1,1.750316139,2,2,340.5374862,3,-2.107333993,2,6
2,bimodal,Task B ,2,3,1,1.803384388,4,2,243.5168747,4,-1.456474869,4,7
2,bimodal,Task B ,2,3,1,1.0096208,4,2,260.3802518,5,1.19262909,4,7
2,bimodal,Task B ,1,3,0,0.101250818,3,2,100.9953254,6,0.048769355,3,2
3,bimodal,Task B ,1,3,1,0.085862906,3,1,124.4723742,1,0.132459522,3,2
3,bimodal,Task B ,2,3,1,-1.335095371,3,2,48.87799623,2,1.416679042,3,7
3,bimodal,Task B ,1,3,1,0.167325673,2,1,207.8081524,3,-0.289009826,2,2
3,bimodal,Task B ,2,3,1,0.190020035,1,2,354.1134684,4,-1.295095452,1,7
3,bimodal,Task B ,2,1,1,2.037091736,1,2,11.14452049,5,-1.686363575,1,5
3,bimodal,Task B ,2,1,1,1.036066878,1,2,235.2853753,6,0.526114462,1,5
4,bimodal,Task B ,2,2,1,-1.214342929,4,2,336.2218914,1,-0.09117507,4,6
4,bimodal,Task B ,2,3,1,1.265882044,3,2,237.3323812,2,-0.224322537,3,7
4,bimodal,Task B ,2,3,1,-0.824436916,3,2,255.4610429,3,-0.641292335,3,7
4,bimodal,Task B ,1,3,1,-0.665173327,2,1,35.20921251,4,0.432670988,2,2
4,bimodal,Task B ,1,2,1,-0.105333761,3,1,322.9569976,5,0.143828282,3,3
4,bimodal,Task B ,1,3,0,-0.937937974,4,2,309.0096917,6,1.355284775,4,2
5,bimodal,Task B ,1,4,1,-0.191087811,4,1,212.4990049,1,-0.587275979,4,1
5,bimodal,Task B ,1,1,1,0.214990382,1,1,186.2615368,2,-0.375060849,1,4
5,bimodal,Task B ,1,4,1,-0.051136596,4,1,180.8015314,3,0.533599665,4,1
5,bimodal,Task B ,2,1,1,-0.657804947,1,2,30.75689692,4,1.659585189,1,5
5,bimodal,Task B ,2,4,1,1.136756595,1,2,44.10454663,5,0.855260435,1,8
5,bimodal,Task B ,1,4,0,0.053986169,1,2,85.50014021,6,1.977770412,1,1
6,bimodal,Task B ,2,2,1,1.217488251,3,2,283.7495291,1,1.383469436,3,6
6,bimodal,Task B ,1,2,0,0.167324839,4,2,8.214425809,2,0.584559562,4,3
6,bimodal,Task B ,2,2,1,0.566050162,3,2,295.3504963,3,1.618207568,3,6
6,bimodal,Task B ,2,2,1,-0.660572419,4,2,203.5298317,4,-0.372995698,4,6
6,bimodal,Task B ,1,1,1,-0.108561239,1,1,208.9434088,5,0.72001435,1,4
6,bimodal,Task B ,2,3,0,-0.373983793,3,1,219.3135715,6,-0.299975159,3,7
7,bimodal,Task B ,1,2,1,-0.338955026,1,1,114.9087289,1,-0.21715338,1,3
7,bimodal,Task B ,1,2,1,-0.02934601,2,1,218.6427288,2,-0.044216486,2,3
7,bimodal,Task B ,1,1,1,-0.227606509,1,1,238.1233743,3,-0.312147555,1,4
7,bimodal,Task B ,1,4,1,0.417414771,2,1,350.78277,4,-0.013010237,2,1
7,bimodal,Task B ,1,4,1,-0.108461057,4,1,106.8735958,5,0.092030028,4,1
7,bimodal,Task B ,1,1,1,-0.27888901,1,1,321.7834255,6,0.101780749,1,4
8,bimodal,Task B ,2,4,1,-1.354890783,2,2,9.8537135,1,-0.387768945,2,8
8,bimodal,Task B ,1,4,1,-0.175726532,3,1,171.9842664,2,-0.108618341,3,1
8,bimodal,Task B ,1,4,0,0.461553023,2,2,323.2810795,3,-0.384579145,2,1
8,bimodal,Task B ,1,4,1,0.191138663,1,1,194.3174636,4,0.361123873,1,1
8,bimodal,Task B ,2,4,0,-0.158883571,1,1,173.6783196,5,0.039888275,1,8
8,bimodal,Task B ,1,4,1,-0.53172783,4,1,305.0082415,6,-0.053658526,4,1
9,bimodal,Task B ,1,1,0,0.024216201,4,2,121.4624649,1,0.400624266,4,4
9,bimodal,Task B ,1,3,1,-0.047781561,4,1,0.423336255,2,-0.457887079,4,2
9,bimodal,Task B ,2,1,0,0.216882468,3,1,26.86020021,3,0.28485854,3,5
9,bimodal,Task B ,1,3,0,0.729402955,3,2,282.0526297,4,0.548364296,3,2
9,bimodal,Task B ,1,2,1,0.309226701,4,1,6.582284358,5,0.138840814,4,3
9,bimodal,Task B ,2,2,1,1.910772389,3,2,283.3317023,6,0.110702357,3,6
10,bimodal,Task B ,2,2,1,-0.477269876,4,2,125.502023,1,1.745853199,4,6
10,bimodal,Task B ,1,2,1,-0.431183077,4,1,129.9125569,2,-0.288672618,4,3
10,bimodal,Task B ,1,1,0,-1.004704002,3,2,163.9490496,3,0.45901652,3,4
10,bimodal,Task B ,1,2,0,0.7305391,3,2,173.2779581,4,-0.490381832,3,3
10,bimodal,Task B ,1,2,0,-0.177443455,3,2,38.41047524,5,-1.838031802,3,3
10,bimodal,Task B ,1,1,0,-3.334502692,1,2,341.2646702,6,-0.540731021,1,4
1,bimodal,Task B ,1,3,1,-0.07133571,4,1,257.4710613,1,0.057297701,4,2
1,bimodal,Task B ,1,3,1,0.506573675,1,1,6.801149321,2,0.077447628,1,2
1,bimodal,Task B ,2,1,1,0.920858969,2,2,115.4904073,3,-1.144798185,2,5
1,bimodal,Task B ,1,3,1,-0.106015823,2,1,132.9134336,4,0.113435139,2,2
1,bimodal,Task B ,1,3,1,0.025741933,1,1,81.30711491,5,0.342359455,1,2
1,bimodal,Task B ,2,4,1,-0.069152965,2,2,339.8315805,6,-2.099838264,2,8
2,bimodal,Task B ,2,4,1,2.140543337,1,2,286.1661823,1,-0.606144542,1,8
2,bimodal,Task B ,1,2,1,0.272029264,3,1,281.9897567,2,-0.314821831,3,3
2,bimodal,Task B ,1,3,0,-0.490422937,2,2,38.92174719,3,0.902512045,2,2
2,bimodal,Task B ,2,2,1,1.212844646,4,2,266.6828707,4,1.091137665,4,6
2,bimodal,Task B ,1,3,0,-0.337934532,2,2,300.4295035,5,1.707973463,2,2
2,bimodal,Task B ,1,3,1,-0.316275222,3,1,155.1718942,6,-0.111209802,3,2
3,bimodal,Task B ,2,2,1,-1.229492667,1,2,219.1689942,1,-0.934301896,1,6
3,bimodal,Task B ,2,2,1,-0.610512163,3,2,214.995371,2,0.276648522,3,6
3,bimodal,Task B ,2,2,1,-1.15211954,1,2,241.0352289,3,0.002284599,1,6
3,bimodal,Task B ,1,4,1,-0.028863039,4,1,143.9165526,4,-0.099061775,4,1
3,bimodal,Task B ,1,3,1,-0.059234579,4,1,24.42920555,5,-0.338620042,4,2
3,bimodal,Task B ,1,3,0,0.188158218,3,2,14.74033622,6,0.844170524,3,2
4,bimodal,Task B ,1,3,1,0.923067496,3,1,304.5421222,1,-0.281977366,3,2
4,bimodal,Task B ,2,4,1,-2.701031998,3,2,300.9394756,2,0.787946691,3,8
4,bimodal,Task B ,1,1,0,-0.057089069,2,2,185.3991875,3,0.281866937,2,4
4,bimodal,Task B ,1,3,1,0.240434994,2,1,155.2991386,4,-0.549533065,2,2
4,bimodal,Task B ,2,2,1,0.535979042,3,2,35.62277105,5,-0.111643276,3,6
4,bimodal,Task B ,1,1,0,0.378311391,2,2,310.8558204,6,1.525444641,2,4
5,bimodal,Task B ,2,4,1,1.036758667,3,2,320.5763272,1,1.73599421,3,8
5,bimodal,Task B ,1,4,1,-0.354250447,2,1,69.01177177,2,-0.115726584,2,1
5,bimodal,Task B ,1,3,1,-0.334237554,3,1,301.1101352,3,0.007498837,3,2
5,bimodal,Task B ,1,4,1,-0.003729327,2,1,240.2043569,4,0.3284114,2,1
5,bimodal,Task B ,1,4,0,-0.510333346,2,2,85.61810367,5,-0.875449437,2,1
5,bimodal,Task B ,2,4,1,-2.707474776,2,2,343.8196621,6,3.05619815,2,8
6,bimodal,Task B ,1,2,1,-0.489545557,1,1,28.98124969,1,0.347095345,1,3
6,bimodal,Task B ,1,2,0,-0.855065339,2,2,104.4719612,2,-0.063552141,2,3
6,bimodal,Task B ,2,2,1,-0.287633278,1,2,318.9862221,3,0.862949969,1,6
6,bimodal,Task B ,1,1,1,-0.317165906,4,1,98.59598131,4,1.101085373,4,4
6,bimodal,Task B ,2,2,0,-0.070422643,2,1,90.01494483,5,0.139015616,2,6
6,bimodal,Task B ,1,1,0,0.394828284,4,2,272.7977529,6,1.678241836,4,4
7,bimodal,Task B ,1,4,0,0.464135947,2,2,128.7355917,1,0.759523855,2,1
7,bimodal,Task B ,1,4,1,0.158696752,1,1,182.1514266,2,0.101457654,1,1
7,bimodal,Task B ,1,4,0,0.963393683,4,2,155.4029899,3,1.878652228,4,1
7,bimodal,Task B ,1,1,1,-0.069704434,1,1,78.3428573,4,0.231894299,1,4
7,bimodal,Task B ,1,1,1,-0.523233508,1,1,209.9284212,5,0.021132917,1,4
7,bimodal,Task B ,1,4,1,0.237070028,1,1,241.1013252,6,-1.126462169,1,1
8,bimodal,Task B ,1,4,1,-0.154496448,1,1,255.3459296,1,0.324955805,1,1
8,bimodal,Task B ,1,4,1,0.034519638,2,1,123.6662,2,0.1067997,2,1
8,bimodal,Task B ,2,1,1,1.978583684,1,2,9.705981335,3,1.251465228,1,5
8,bimodal,Task B ,1,4,0,-0.928177987,3,2,74.76166072,4,-2.170649126,3,1
8,bimodal,Task B ,2,1,1,-0.513828051,1,2,174.6734611,5,-1.85369624,1,5
8,bimodal,Task B ,1,4,1,0.007584303,2,1,323.5072506,6,0.262224348,2,1
9,bimodal,Task B ,1,2,1,-0.171835192,3,1,313.1574884,1,0.012513589,3,3
9,bimodal,Task B ,1,4,1,-0.175295817,4,1,348.7324367,2,-0.819989703,4,1
9,bimodal,Task B ,1,3,1,-0.861901061,3,1,147.192942,3,0.171243259,3,2
9,bimodal,Task B ,1,2,1,-0.223345714,4,1,284.0648479,4,0.068285776,4,3
9,bimodal,Task B ,1,1,1,-0.218167813,3,1,213.3714317,5,-0.220591141,3,4
9,bimodal,Task B ,2,2,1,-3.238315431,3,2,124.563072,6,0.453286802,3,6
10,bimodal,Task B ,1,1,1,0.092491371,2,1,126.5174615,1,-0.318510412,2,4
10,bimodal,Task B ,2,2,1,2.256740239,3,2,341.0296776,2,0.61696612,3,6
10,bimodal,Task B ,1,2,0,-0.055538276,1,2,211.4444412,3,-0.51613188,1,3
10,bimodal,Task B ,1,2,1,-0.383072387,4,1,173.8348276,4,-0.195627123,4,3
10,bimodal,Task B ,1,1,0,-0.342008999,1,2,216.8396658,5,-1.354763422,1,4
10,bimodal,Task B ,1,2,1,0.145039362,2,1,149.6575716,6,-0.270538472,2,3
1,bimodal,Task B ,2,4,1,1.997270105,2,2,316.6930408,1,-0.606005268,2,8
1,bimodal,Task B ,2,4,1,-2.93488544,3,2,200.1421546,2,-1.886707206,3,8
1,bimodal,Task B ,2,2,1,1.315333409,4,2,294.5429055,3,0.10762602,4,6
1,bimodal,Task B ,2,3,1,-2.006556337,3,2,198.7921519,4,2.318070696,3,7
1,bimodal,Task B ,2,4,1,1.043168043,1,2,170.9512092,5,-1.726710689,1,8
1,bimodal,Task B ,2,1,1,-0.028814023,1,2,149.9701189,6,0.159043728,1,5
2,bimodal,Task B ,1,2,0,0.149368404,2,2,168.7626554,1,-0.703588823,2,3
2,bimodal,Task B ,1,2,1,0.152803622,1,1,64.10127615,2,0.161783052,1,3
2,bimodal,Task B ,2,2,0,-0.402910409,3,1,315.5918426,3,0.198443545,3,6
2,bimodal,Task B ,2,1,0,-0.21750566,2,1,76.32993077,4,-0.015039594,2,5
2,bimodal,Task B ,1,3,1,0.316519492,1,1,285.856035,5,0.282148442,1,2
2,bimodal,Task B ,2,4,0,-0.151305676,4,1,185.4814281,6,-1.050782192,4,8
3,bimodal,Task B ,2,4,1,-2.791910174,1,2,316.0654517,1,-2.128633886,1,8
3,bimodal,Task B ,1,3,1,-0.020005989,3,1,262.567471,2,0.064391104,3,2
3,bimodal,Task B ,1,2,1,0.227203364,2,1,50.18437886,3,-0.314369127,2,3
3,bimodal,Task B ,2,4,1,-1.146995837,3,2,228.4440161,4,0.463777026,3,8
3,bimodal,Task B ,1,3,1,0.081858013,1,1,169.3250739,5,0.28889895,1,2
3,bimodal,Task B ,1,3,1,-0.098242984,4,1,195.3141601,6,-0.514764794,4,2
4,bimodal,Task B ,1,3,0,-0.666278495,3,2,206.5027523,1,-1.277240428,3,2
4,bimodal,Task B ,1,2,0,-0.96098969,2,2,297.5221395,2,-0.934677798,2,3
4,bimodal,Task B ,2,2,1,0.161685296,2,2,142.699523,3,2.647007898,2,6
4,bimodal,Task B ,1,1,0,-0.915837375,4,2,245.8710521,4,0.749151413,4,4
4,bimodal,Task B ,1,1,1,-0.252507154,1,1,213.4266735,5,-0.067559844,1,4
4,bimodal,Task B ,2,2,1,-0.337761815,2,2,84.63611064,6,0.179153708,2,6
5,bimodal,Task B ,2,1,1,0.49976622,4,2,132.6589297,1,-2.158937125,4,5
5,bimodal,Task B ,1,2,1,0.27663418,1,1,22.83832508,2,0.05615389,1,3
5,bimodal,Task B ,1,3,1,0.222661739,2,1,104.5977064,3,0.089672025,2,2
5,bimodal,Task B ,1,4,0,0.191425051,3,2,271.427441,4,0.632933366,3,1
5,bimodal,Task B ,1,4,1,0.006827184,4,1,129.3583596,5,-0.402027851,4,1
5,bimodal,Task B ,1,4,1,0.256355511,3,1,121.3565996,6,0.181848974,3,1
6,bimodal,Task B ,1,1,0,0.65787264,3,2,259.9200032,1,-0.291615698,3,4
6,bimodal,Task B ,1,2,0,1.276282966,4,2,207.1079337,2,1.104741099,4,3
6,bimodal,Task B ,2,1,0,0.255744244,4,1,269.6572648,3,0.323985892,4,5
6,bimodal,Task B ,2,2,0,-0.553173343,2,1,212.2104962,4,-0.720155479,2,6
6,bimodal,Task B ,1,1,1,-0.188356777,1,1,346.805006,5,0.191664917,1,4
6,bimodal,Task B ,1,1,1,-0.311183212,1,1,203.1363584,6,-0.307525137,1,4
7,bimodal,Task B ,1,1,1,0.254454622,1,1,136.0667977,1,-0.133828424,1,4
7,bimodal,Task B ,2,4,1,-0.708079393,2,2,197.954755,2,-0.19734277,2,8
7,bimodal,Task B ,2,1,1,1.125628654,4,2,161.904303,3,0.233209649,4,5
7,bimodal,Task B ,1,1,0,-0.123553107,4,2,345.9353367,4,-1.144982801,4,4
7,bimodal,Task B ,2,4,1,-3.980442134,3,2,63.56162768,5,2.121484287,3,8
7,bimodal,Task B ,1,4,1,0.197833046,3,1,155.1593629,6,0.301287864,3,1
8,bimodal,Task B ,1,4,0,-0.162142353,4,2,106.6256634,1,1.564117569,4,1
8,bimodal,Task B ,1,4,0,-0.405200857,4,2,29.65729091,2,1.896234385,4,1
8,bimodal,Task B ,2,4,1,1.220947596,3,2,188.3868038,3,-4.248608,3,8
8,bimodal,Task B ,2,4,1,-0.220222179,1,2,292.2329119,4,-0.766545488,1,8
8,bimodal,Task B ,2,4,0,0.687159367,2,1,338.7301128,5,0.118754439,2,8
8,bimodal,Task B ,2,4,1,0.880081955,4,2,23.62255976,6,-0.54380302,4,8
9,bimodal,Task B ,1,2,1,-0.448485401,2,1,322.503483,1,-0.201073223,2,3
9,bimodal,Task B ,1,1,1,0.331492019,1,1,76.04433428,2,0.175437953,1,4
9,bimodal,Task B ,1,2,0,1.128409774,3,2,131.5992589,3,-1.29236036,3,3
9,bimodal,Task B ,1,2,1,0.613436549,4,1,309.1877191,4,0.330653929,4,3
9,bimodal,Task B ,1,3,1,0.196711969,2,1,46.08616048,5,0.552684847,2,2
9,bimodal,Task B ,2,2,1,-0.004702473,2,2,88.37163162,6,-0.776812262,2,6
10,bimodal,Task B ,1,1,0,-0.20561044,2,2,174.4318258,1,-0.611391609,2,4
10,bimodal,Task B ,1,1,0,1.44374739,2,2,135.2142796,2,-0.085548485,2,4
10,bimodal,Task B ,2,1,1,0.651185955,2,2,170.4615773,3,-0.06985932,2,5
10,bimodal,Task B ,1,2,0,-0.482863724,1,2,238.309758,4,-1.391217631,1,3
10,bimodal,Task B ,1,2,1,-0.462782301,4,1,198.6705834,5,0.286514067,4,3
10,bimodal,Task B ,1,1,1,-0.328891704,1,1,341.7344815,6,-0.152638219,1,4
1,bimodal,Task B ,1,3,1,-0.309705602,3,1,185.9785177,1,0.257372947,3,2
1,bimodal,Task B ,2,2,1,0.926264572,4,2,324.2175837,2,-0.60253224,4,6
1,bimodal,Task B ,2,2,1,0.879189408,4,2,63.63799688,3,0.886809106,4,6
1,bimodal,Task B ,1,3,0,0.480591924,3,2,246.5431568,4,0.840646367,3,2
1,bimodal,Task B ,2,4,1,0.847139109,4,2,339.5419781,5,-1.841033597,4,8
1,bimodal,Task B ,2,1,1,-0.200942484,2,2,163.3451594,6,0.852374444,2,5
2,bimodal,Task B ,1,2,1,-0.193086456,1,1,58.68307363,1,0.819736271,1,3
2,bimodal,Task B ,1,1,0,0.74586341,1,2,245.5981654,2,3.135935815,1,4
2,bimodal,Task B ,2,3,0,-0.384034056,3,1,273.3839829,3,0.826189514,3,7
2,bimodal,Task B ,1,2,1,0.610421299,2,1,302.4105673,4,0.0608406,2,3
2,bimodal,Task B ,1,2,1,-0.309830967,2,1,52.00791178,5,-0.457827553,2,3
2,bimodal,Task B ,1,2,1,0.439972337,2,1,199.1795405,6,0.522340914,2,3
3,bimodal,Task B ,1,3,0,1.516564112,2,2,1.8347862,1,-0.280346799,2,2
3,bimodal,Task B ,2,1,1,-0.447172409,4,2,248.7776535,2,-0.112216187,4,5
3,bimodal,Task B ,1,4,1,0.322609676,3,1,337.2480936,3,0.171650302,3,1
3,bimodal,Task B ,2,1,1,-0.237713819,3,2,197.0177679,4,-1.388507513,3,5
3,bimodal,Task B ,1,2,1,0.159245142,3,1,200.8335864,5,-0.322714405,3,3
3,bimodal,Task B ,2,1,1,0.929722853,4,2,101.238259,6,-0.810786168,4,5
4,bimodal,Task B ,2,3,1,-2.291605008,2,2,167.1714349,1,-0.30562034,2,7
4,bimodal,Task B ,2,4,1,-2.067962743,4,2,314.017545,2,0.137202895,4,8
4,bimodal,Task B ,1,4,1,-0.61894427,4,1,115.655025,3,-0.13924486,4,1
4,bimodal,Task B ,1,2,0,0.600895287,2,2,198.5220093,4,0.186254604,2,3
4,bimodal,Task B ,1,2,1,-0.00210763,3,1,73.86573358,5,-0.436203742,3,3
4,bimodal,Task B ,1,3,1,-0.382256,4,1,157.1954988,6,-0.067407137,4,2
5,bimodal,Task B ,2,4,1,2.683032304,3,2,332.7870309,1,0.074960176,3,8
5,bimodal,Task B ,2,4,1,1.942647649,4,2,76.79227775,2,-1.559769614,4,8
5,bimodal,Task B ,2,4,1,1.568908581,4,2,51.39783082,3,-2.956071144,4,8
5,bimodal,Task B ,1,4,1,0.20355675,4,1,238.809118,4,0.038023789,4,1
5,bimodal,Task B ,2,2,0,-0.351091784,4,1,359.0420269,5,0.175729608,4,6
5,bimodal,Task B ,2,4,1,-2.29119377,4,2,122.5272024,6,-0.22299507,4,8
6,bimodal,Task B ,1,2,1,0.082363225,2,1,297.2694238,1,-0.451503758,2,3
6,bimodal,Task B ,1,2,0,0.401790837,1,2,36.56724454,2,-0.823498945,1,3
6,bimodal,Task B ,1,2,1,0.482856273,2,1,338.6092651,3,0.421226257,2,3
6,bimodal,Task B ,2,2,1,0.91445314,4,2,27.05431978,4,0.286264106,4,6
6,bimodal,Task B ,1,2,1,-0.232648725,4,1,97.00974335,5,0.336205237,4,3
6,bimodal,Task B ,2,2,0,0.075045647,2,1,217.1061958,6,-0.356503706,2,6
7,bimodal,Task B ,1,4,0,0.083939346,4,2,244.3233486,1,-0.491231514,4,1
7,bimodal,Task B ,2,2,1,2.00841672,1,2,302.4810008,2,0.377940816,1,6
7,bimodal,Task B ,1,4,1,0.434529826,3,1,248.8672098,3,0.469823504,3,1
7,bimodal,Task B ,1,4,1,-0.110502191,2,1,220.1223789,4,0.141139881,2,1
7,bimodal,Task B ,1,4,0,-1.578665308,3,2,287.3589858,5,-0.108617982,3,1
7,bimodal,Task B ,1,1,1,0.162437271,2,1,11.71152043,6,0.090855506,2,4
8,bimodal,Task B ,2,4,1,2.966541063,4,2,270.3312068,1,1.127094569,4,8
8,bimodal,Task B ,2,4,1,-2.090948065,4,2,321.1187972,2,2.564469399,4,8
8,bimodal,Task B ,2,4,1,2.886688078,4,2,303.9256903,3,-0.663409709,4,8
8,bimodal,Task B ,1,4,0,0.211829102,4,2,179.2128066,4,-0.011714125,4,1
8,bimodal,Task B ,2,4,0,0.452722824,2,1,5.32177093,5,-0.350374401,2,8
8,bimodal,Task B ,1,4,1,-0.433467296,4,1,192.7663159,6,-0.088697057,4,1
9,bimodal,Task B ,2,2,1,-0.110342081,1,2,179.9784475,1,1.169971372,1,6
9,bimodal,Task B ,2,1,0,0.364234905,1,1,318.1415676,2,-0.263465609,1,5
9,bimodal,Task B ,2,4,1,-1.460176978,4,2,97.50177442,3,4.457279968,4,8
9,bimodal,Task B ,2,2,1,-1.66379584,1,2,164.2553229,4,0.74858462,1,6
9,bimodal,Task B ,1,3,1,0.227842433,3,1,102.3689959,5,-0.568733714,3,2
9,bimodal,Task B ,1,1,0,2.495158414,3,2,220.9524893,6,-1.484533552,3,4
10,bimodal,Task B ,1,1,1,0.275068314,1,1,139.7419885,1,-0.087121934,1,4
10,bimodal,Task B ,1,2,0,0.381480048,2,2,253.5553166,2,0.614110455,2,3
10,bimodal,Task B ,1,1,0,-0.360601444,4,2,26.76400252,3,-0.935800049,4,4
10,bimodal,Task B ,2,2,1,1.165913322,3,2,85.32503642,4,0.700552501,3,6
10,bimodal,Task B ,1,2,1,-0.302115652,4,1,295.7825144,5,-1.112612796,4,3
10,bimodal,Task B ,1,1,1,-0.179539818,1,1,186.0823484,6,0.015669787,1,4
1,bimodal,Task B ,1,4,1,0.085757994,3,1,188.4792478,1,-0.028086986,3,1
1,bimodal,Task B ,1,2,1,-0.108860695,3,1,350.5952981,2,-0.108962067,3,3
1,bimodal,Task B ,1,3,0,0.482784655,2,2,12.6880586,3,-0.459156262,2,2
1,bimodal,Task B ,1,3,0,0.833796385,4,2,103.3092229,4,0.399585219,4,2
1,bimodal,Task B ,2,2,1,-1.431949623,2,2,352.6047532,5,-1.116567969,2,6
1,bimodal,Task B ,1,3,1,0.146451272,3,1,310.2190223,6,0.09832807,3,2
2,bimodal,Task B ,1,2,1,-0.279514445,4,1,173.1107493,1,-0.449947321,4,3
2,bimodal,Task B ,2,2,0,0.012128566,1,1,80.52085954,2,0.222600362,1,6
2,bimodal,Task B ,1,3,1,0.499362893,4,1,291.4772488,3,0.14649853,4,2
2,bimodal,Task B ,1,2,1,0.397532053,1,1,35.95317263,4,-0.116460664,1,3
2,bimodal,Task B ,1,3,0,0.24536,4,2,231.7071753,5,1.270392331,4,2
2,bimodal,Task B ,1,4,1,0.020856015,3,1,357.2427401,6,-0.171765086,3,1
3,bimodal,Task B ,1,4,1,0.441389212,4,1,69.41377427,1,-0.082562148,4,1
3,bimodal,Task B ,1,1,1,-0.555515776,4,1,309.3782501,2,0.151793709,4,4
3,bimodal,Task B ,2,3,1,1.12691359,4,2,345.8432674,3,-0.073081087,4,7
3,bimodal,Task B ,2,1,0,0.623933435,3,1,280.9896211,4,-0.004232441,3,5
3,bimodal,Task B ,1,3,1,0.132307444,4,1,19.91446243,5,0.593331068,4,2
3,bimodal,Task B ,2,3,1,1.462966932,2,2,20.98274136,6,1.306679662,2,7
4,bimodal,Task B ,1,3,1,-0.598952412,2,1,32.96250478,1,0.312447846,2,2
4,bimodal,Task B ,1,3,1,0.452031,4,1,102.5353422,2,0.529340853,4,2
4,bimodal,Task B ,2,3,1,-1.10208957,3,2,137.0887024,3,-0.109990892,3,7
4,bimodal,Task B ,1,3,0,-0.823361535,4,2,19.54497114,4,0.064267544,4,2
4,bimodal,Task B ,1,3,1,-0.091972322,2,1,226.7253093,5,0.011249733,2,2
4,bimodal,Task B ,1,1,0,1.519073508,2,2,280.8952664,6,-1.366363425,2,4
5,bimodal,Task B ,2,2,1,1.379612409,2,2,100.5668625,1,0.515976329,2,6
5,bimodal,Task B ,1,3,1,0.451141971,4,1,89.31763407,2,-0.073747683,4,2
5,bimodal,Task B ,1,1,1,-0.082059644,2,1,303.5674432,3,0.741014635,2,4
5,bimodal,Task B ,1,4,1,-0.097549969,4,1,350.3292,4,0.638294132,4,1
5,bimodal,Task B ,1,4,1,-0.083893924,4,1,12.97475717,5,0.190665762,4,1
5,bimodal,Task B ,2,4,1,1.993904117,1,2,205.3138252,6,2.134699392,1,8
6,bimodal,Task B ,2,2,0,0.026962987,4,1,149.721528,1,0.043544513,4,6
6,bimodal,Task B ,1,2,1,-0.140471487,4,1,195.8225979,2,0.558585252,4,3
6,bimodal,Task B ,1,2,1,-0.356418566,2,1,334.369516,3,0.01343151,2,3
6,bimodal,Task B ,2,2,1,0.332899598,4,2,71.52214246,4,1.767722947,4,6
6,bimodal,Task B ,1,2,1,0.71153289,3,1,245.8308036,5,0.326749705,3,3
6,bimodal,Task B ,2,2,1,0.695543783,2,2,88.10636401,6,-1.369589354,2,6
7,bimodal,Task B ,1,4,0,-0.44162128,4,2,303.9276497,1,-0.262492765,4,1
7,bimodal,Task B ,1,1,0,0.532079972,3,2,201.7936756,2,-1.020463044,3,4
7,bimodal,Task B ,1,4,1,0.30666675,4,1,73.58016778,3,-0.342413537,4,1
7,bimodal,Task B ,1,1,0,-0.044068115,2,2,4.335279541,4,-0.495250132,2,4
7,bimodal,Task B ,1,1,1,-0.078707121,3,1,310.9278752,5,-0.656687479,3,4
7,bimodal,Task B ,1,4,0,1.982502789,4,2,159.2325602,6,-1.864002835,4,1
8,bimodal,Task B ,1,4,1,0.189111246,2,1,271.7047726,1,-0.730144208,2,1
8,bimodal,Task B ,1,4,0,-0.280017296,1,2,173.6466559,2,-0.008663383,1,1
8,bimodal,Task B ,2,1,1,-2.254499822,1,2,120.0888363,3,-2.479000479,1,5
8,bimodal,Task B ,2,4,1,-1.498381033,2,2,169.3940355,4,-0.405085144,2,8
8,bimodal,Task B ,2,4,1,2.583376606,4,2,34.29021741,5,0.741073987,4,8
8,bimodal,Task B ,1,4,0,-0.382957035,1,2,50.45438089,6,0.155330482,1,1
9,bimodal,Task B ,2,4,1,2.694517103,4,2,42.63387219,1,-0.251401796,4,8
9,bimodal,Task B ,1,2,1,-0.680611244,1,1,192.9319654,2,0.312286225,1,3
9,bimodal,Task B ,1,3,0,-0.123072942,1,2,84.3751388,3,-1.318852264,1,2
9,bimodal,Task B ,2,1,1,2.465512383,1,2,45.42153268,4,0.158052789,1,5
9,bimodal,Task B ,2,1,0,-0.174694339,1,1,27.5379428,5,0.429120503,1,5
9,bimodal,Task B ,1,1,0,-1.785407643,3,2,206.4912111,6,-0.004081142,3,4
10,bimodal,Task B ,2,1,1,-0.511328468,4,2,220.362242,1,-0.812385087,4,5
10,bimodal,Task B ,2,3,1,-2.43810385,3,2,169.5868084,2,1.215756318,3,7
10,bimodal,Task B ,1,2,0,-0.244352337,3,2,359.3006144,3,-1.207504194,3,3
10,bimodal,Task B ,1,2,0,0.018041949,4,2,291.2091739,4,-0.254494688,4,3
10,bimodal,Task B ,1,1,1,-0.094691662,4,1,23.740396,5,-0.187102377,4,4
10,bimodal,Task B ,1,2,1,-0.542201637,2,1,192.687881,6,0.173343176,2,3
1,bimodal,Task B ,2,4,1,-1.753183117,3,2,299.447979,1,-1.249035563,3,8
1,bimodal,Task B ,2,4,1,0.728735482,1,2,96.8708437,2,-1.74362605,1,8
1,bimodal,Task B ,1,3,1,-0.036279266,3,1,298.2356641,3,0.254576571,3,2
1,bimodal,Task B ,1,2,0,-0.351102786,3,2,72.65274709,4,-1.278405938,3,3
1,bimodal,Task B ,1,3,1,0.343179232,4,1,274.9931502,5,0.262074992,4,2
1,bimodal,Task B ,2,4,1,-3.176281883,4,2,139.3341825,6,0.485713773,4,8
2,bimodal,Task B ,2,2,1,2.031610622,1,2,22.74828098,1,-0.284967062,1,6
2,bimodal,Task B ,2,4,0,-0.927510786,4,1,311.2627368,2,0.243290675,4,8
2,bimodal,Task B ,1,2,1,0.237604281,4,1,162.7438012,3,0.067010088,4,3
2,bimodal,Task B ,2,3,1,1.478938415,4,2,59.17636745,4,-1.72261715,4,7
2,bimodal,Task B ,1,4,1,0.475126736,4,1,231.4278387,5,0.18244052,4,1
2,bimodal,Task B ,2,4,1,0.473579738,1,2,297.397785,6,-2.113194441,1,8
3,bimodal,Task B ,1,1,1,-0.056989365,1,1,23.31233545,1,-0.370334783,1,4
3,bimodal,Task B ,1,4,1,-0.345901856,2,1,125.022355,2,0.268555508,2,1
3,bimodal,Task B ,2,4,1,-1.900752726,4,2,175.2119046,3,-0.663631844,4,8
3,bimodal,Task B ,1,4,0,0.268309739,2,2,164.5783377,4,0.231769002,2,1
3,bimodal,Task B ,2,1,0,0.075550131,2,1,9.068274209,5,-0.868591976,2,5
3,bimodal,Task B ,1,2,1,0.213922661,4,1,148.4794108,6,0.290518321,4,3
4,bimodal,Task B ,2,3,1,-3.403436687,2,2,228.1213517,1,2.143090345,2,7
4,bimodal,Task B ,1,3,1,-0.102413421,4,1,304.6295907,2,-0.057357189,4,2
4,bimodal,Task B ,2,4,1,2.303888583,4,2,146.3129691,3,1.758671766,4,8
4,bimodal,Task B ,2,4,1,-0.859540913,3,2,206.8186078,4,0.789634486,3,8
4,bimodal,Task B ,1,3,1,0.072726605,4,1,334.9963054,5,-0.454214136,4,2
4,bimodal,Task B ,1,1,1,-0.16064474,3,1,176.0604307,6,-0.03762107,3,4
5,bimodal,Task B ,1,3,1,-0.434596933,4,1,36.15447944,1,-0.612941241,4,2
5,bimodal,Task B ,1,3,1,0.370699333,1,1,249.5820528,2,0.047880577,1,2
5,bimodal,Task B ,1,4,0,0.315711151,1,2,59.48854914,3,-0.339693627,1,1
5,bimodal,Task B ,1,4,1,-0.153700866,4,1,241.9517369,4,-0.059290982,4,1
5,bimodal,Task B ,2,2,1,-0.422879982,4,2,211.8173354,5,0.949405199,4,6
5,bimodal,Task B ,1,4,1,-0.130193355,2,1,48.79086515,6,0.299556425,2,1
6,bimodal,Task B ,1,2,0,0.615842563,1,2,9.841447885,1,0.963667527,1,3
6,bimodal,Task B ,1,2,0,-1.936793754,1,2,351.9355958,2,-0.927107635,1,3
6,bimodal,Task B ,1,2,0,1.651321899,4,2,80.69028021,3,2.021683954,4,3
6,bimodal,Task B ,1,1,1,-0.3294062,3,1,116.3355732,4,-0.371817748,3,4
6,bimodal,Task B ,2,2,1,1.078343578,4,2,280.3510294,5,-0.035419652,4,6
6,bimodal,Task B ,2,2,0,-0.232245717,2,1,248.6599131,6,-0.638913449,2,6
7,bimodal,Task B ,1,4,1,-0.061116385,3,1,72.40602596,1,0.17102211,3,1
7,bimodal,Task B ,1,4,0,-0.16663842,4,2,258.5653893,2,-0.498516261,4,1
7,bimodal,Task B ,2,1,1,-1.195955689,3,2,347.1944537,3,-2.318663805,3,5
7,bimodal,Task B ,2,4,0,-0.294904199,2,1,207.7611098,4,0.130529959,2,8
7,bimodal,Task B ,1,1,0,2.517948047,2,2,167.891588,5,0.299672818,2,4
7,bimodal,Task B ,1,1,0,-2.053772442,1,2,235.7925063,6,-1.344810163,1,4
8,bimodal,Task B ,1,4,1,-0.223405539,2,1,125.9333083,1,-0.31494173,2,1
8,bimodal,Task B ,1,4,0,0.520839123,3,2,263.3852844,2,-0.45780274,3,1
8,bimodal,Task B ,1,4,0,0.44868404,1,2,341.6908184,3,-1.21056126,1,1
8,bimodal,Task B ,1,4,1,-0.275564474,1,1,67.44186306,4,0.275129429,1,1
8,bimodal,Task B ,1,4,0,-0.244893475,4,2,334.6240136,5,1.151947672,4,1
8,bimodal,Task B ,1,4,1,-0.080366267,3,1,269.7105616,6,0.496671571,3,1
9,bimodal,Task B ,2,1,1,-0.456539316,3,2,89.06279567,1,1.167761944,3,5
9,bimodal,Task B ,1,2,0,0.052921935,3,2,102.2428872,2,-0.348110181,3,3
9,bimodal,Task B ,2,1,0,0.146263068,2,1,169.0347475,3,-0.316548502,2,5
9,bimodal,Task B ,2,1,0,0.242455569,1,1,6.067967941,4,-0.237169431,1,5
9,bimodal,Task B ,1,3,1,-0.044856834,4,1,117.7035833,5,0.309159316,4,2
9,bimodal,Task B ,1,2,0,0.74837639,4,2,33.84477193,6,1.439583703,4,3
10,bimodal,Task B ,1,1,1,-0.311687392,2,1,71.30645832,1,-0.055274381,2,4
10,bimodal,Task B ,1,1,1,0.585385146,3,1,177.3526812,2,0.076204316,3,4
10,bimodal,Task B ,1,2,0,-0.184194391,4,2,6.38275948,3,1.024523054,4,3
10,bimodal,Task B ,2,3,1,-0.809620109,3,2,66.94662131,4,2.281068211,3,7
10,bimodal,Task B ,1,2,1,0.663533239,2,1,286.6610251,5,-0.225217068,2,3
10,bimodal,Task B ,2,3,1,-1.507551298,3,2,231.2017179,6,1.314294164,3,7
1,bimodal,Task B ,1,2,1,0.106657464,1,1,10.87942546,1,-0.565268849,1,3
1,bimodal,Task B ,1,2,0,0.303775596,2,2,182.9934418,2,1.43864757,2,3
1,bimodal,Task B ,1,3,0,-0.739448368,3,2,56.6539729,3,-0.548303165,3,2
1,bimodal,Task B ,1,3,1,0.212711382,2,1,33.23099322,4,0.098538438,2,2
1,bimodal,Task B ,2,3,0,-0.536735827,1,1,270.2810741,5,-1.194087023,1,7
1,bimodal,Task B ,2,1,1,3.073804274,2,2,252.5333766,6,0.190988369,2,5
2,bimodal,Task B ,1,2,0,-0.115065309,2,2,23.52167494,1,0.732420657,2,3
2,bimodal,Task B ,1,3,0,0.096793532,4,2,100.0180643,2,1.093583429,4,2
2,bimodal,Task B ,1,2,0,-0.21470113,4,2,53.82485572,3,1.497979693,4,3
2,bimodal,Task B ,1,2,0,0.225172844,2,2,310.7874265,4,0.539211666,2,3
2,bimodal,Task B ,2,3,1,-0.52248562,4,2,87.14624256,5,1.17544986,4,7
2,bimodal,Task B ,2,4,1,1.150217934,3,2,175.3698376,6,-1.006334585,3,8
3,bimodal,Task B ,2,3,1,0.676629199,3,2,163.1341583,1,2.14136277,3,7
3,bimodal,Task B ,1,1,1,-0.128903559,3,1,149.694703,2,-0.679458879,3,4
3,bimodal,Task B ,2,2,1,2.255584268,2,2,33.57249833,3,-0.31726014,2,6
3,bimodal,Task B ,1,3,1,0.523883381,1,1,96.45182983,4,-0.01618045,1,2
3,bimodal,Task B ,2,3,1,-0.856995804,3,2,349.9999213,5,0.556839948,3,7
3,bimodal,Task B ,2,4,1,-1.443622379,2,2,106.0046266,6,-1.895172719,2,8
4,bimodal,Task B ,1,1,0,-0.162944668,3,2,126.9615228,1,0.864939134,3,4
4,bimodal,Task B ,1,2,1,-0.049343101,3,1,163.0661162,2,-0.086936664,3,3
4,bimodal,Task B ,1,3,1,-0.194219047,2,1,64.66595667,3,0.14568034,2,2
4,bimodal,Task B ,2,2,1,0.695980842,1,2,95.45031006,4,-1.775975884,1,6
4,bimodal,Task B ,1,1,0,0.359406192,1,2,31.08955842,5,-1.580968341,1,4
4,bimodal,Task B ,1,3,0,-0.114824848,4,2,80.38291637,6,-1.400393085,4,2
5,bimodal,Task B ,2,4,1,1.833529192,4,2,315.6576106,1,-4.566387324,4,8
5,bimodal,Task B ,1,2,0,-0.360312621,1,2,320.1002148,2,0.102116994,1,3
5,bimodal,Task B ,1,4,1,-0.076210702,3,1,103.2343798,3,0.328749683,3,1
5,bimodal,Task B ,1,3,1,-0.421244073,1,1,324.8459783,4,0.234562011,1,2
5,bimodal,Task B ,1,4,0,0.767741848,2,2,77.37686904,5,0.704613026,2,1
5,bimodal,Task B ,1,2,0,0.81858515,3,2,120.7193027,6,-0.769490986,3,3
6,bimodal,Task B ,1,2,1,-0.616944205,3,1,2.673112598,1,-0.327566932,3,3
6,bimodal,Task B ,2,2,1,0.002752704,1,2,171.5664219,2,-0.310470144,1,6
6,bimodal,Task B ,1,2,1,-0.006885623,2,1,263.3301339,3,-0.140749902,2,3
6,bimodal,Task B ,2,2,1,-2.34324569,3,2,39.99388584,4,-0.346098427,3,6
6,bimodal,Task B ,1,2,1,0.333147167,1,1,27.12993396,5,0.249072024,1,3
6,bimodal,Task B ,2,3,1,1.696343427,3,2,305.2948305,6,-0.288912099,3,7
7,bimodal,Task B ,1,2,1,-0.064517235,2,1,207.454688,1,0.240883728,2,3
7,bimodal,Task B ,2,2,1,0.379381307,2,2,51.96007475,2,0.881639506,2,6
7,bimodal,Task B ,1,4,1,-0.507412308,4,1,14.25396942,3,-0.215876118,4,1
7,bimodal,Task B ,1,4,1,0.391813785,2,1,1.053480189,4,-0.28287556,2,1
7,bimodal,Task B ,1,4,1,-0.355092355,2,1,49.91089879,5,0.527554555,2,1
7,bimodal,Task B ,1,1,0,1.074643335,3,2,93.61708325,6,2.602967655,3,4
8,bimodal,Task B ,1,4,0,0.474173662,3,2,165.7604644,1,2.290462521,3,1
8,bimodal,Task B ,1,4,1,-0.140994942,3,1,288.2672065,2,-0.318403564,3,1
8,bimodal,Task B ,1,4,1,-0.035940386,3,1,155.7358751,3,-0.636951225,3,1
8,bimodal,Task B ,1,4,1,0.185366091,3,1,232.8584853,4,0.40472831,3,1
8,bimodal,Task B ,2,4,1,0.632997282,4,2,247.0181927,5,-1.204420617,4,8
8,bimodal,Task B ,2,4,1,1.54386737,3,2,330.2457685,6,2.205382601,3,8
9,bimodal,Task B ,1,1,1,-0.091700753,2,1,87.32567163,1,-0.154424814,2,4
9,bimodal,Task B ,1,3,0,-0.871777101,3,2,275.76767,2,-1.584114617,3,2
9,bimodal,Task B ,1,3,1,0.204015652,3,1,121.5404153,3,0.530009045,3,2
9,bimodal,Task B ,1,2,1,-0.199937978,1,1,341.4872384,4,0.144257388,1,3
9,bimodal,Task B ,2,2,0,0.998375617,3,1,332.2393526,5,-0.453931813,3,6
9,bimodal,Task B ,1,2,1,0.352404705,1,1,336.9079976,6,0.028048402,1,3
10,bimodal,Task B ,1,1,1,-0.332592657,1,1,168.9647175,1,-0.629527453,1,4
10,bimodal,Task B ,2,2,1,-1.395643229,1,2,294.3620367,2,-0.317630552,1,6
10,bimodal,Task B ,1,2,1,0.088490466,1,1,57.25134799,3,0.453061285,1,3
10,bimodal,Task B ,2,2,0,0.133966629,3,1,334.5967933,4,-0.206113744,3,6
10,bimodal,Task B ,2,2,1,-1.508823911,3,2,8.165123461,5,-0.140569388,3,6
10,bimodal,Task B ,1,1,1,-0.131364889,3,1,152.0052231,6,-0.536348113,3,4
1,bimodal,Task B ,1,3,1,-0.003211254,2,1,47.20882352,1,0.105365827,2,2
1,bimodal,Task B ,2,2,1,3.126912968,3,2,313.3517409,2,-0.167915563,3,6
1,bimodal,Task B ,1,3,0,0.679043862,3,2,142.7200639,3,0.56503805,3,2
1,bimodal,Task B ,2,2,1,0.282280788,3,2,357.8179106,4,-1.639243376,3,6
1,bimodal,Task B ,1,1,1,0.420783885,1,1,254.0293124,5,0.264544579,1,4
1,bimodal,Task B ,2,2,0,-0.496429467,2,1,32.9936617,6,0.540663714,2,6
2,bimodal,Task B ,1,2,0,0.648160018,3,2,261.8313513,1,0.103513091,3,3
2,bimodal,Task B ,2,3,1,-2.771579735,3,2,301.2781145,2,-0.971675542,3,7
2,bimodal,Task B ,1,2,0,-1.23306193,1,2,202.3043284,3,-0.088869519,1,3
2,bimodal,Task B ,2,1,1,1.133004921,3,2,225.4559286,4,-1.677765829,3,5
2,bimodal,Task B ,1,4,1,-0.122791523,4,1,122.4318403,5,-0.242669591,4,1
2,bimodal,Task B ,1,3,1,-0.037942986,4,1,50.13355196,6,0.251916427,4,2
3,bimodal,Task B ,2,2,1,0.238951338,2,2,336.3079991,1,1.438139968,2,6
3,bimodal,Task B ,2,1,1,0.418935566,2,2,123.1808788,2,-0.409113954,2,5
3,bimodal,Task B ,1,1,0,0.959931955,1,2,35.66390157,3,-2.359700165,1,4
3,bimodal,Task B ,1,3,1,0.224966356,4,1,119.8595828,4,-0.383764604,4,2
3,bimodal,Task B ,2,1,1,1.488334623,1,2,216.9116053,5,-0.017171213,1,5
3,bimodal,Task B ,1,4,1,0.104540465,4,1,43.15382792,6,0.311137147,4,1
4,bimodal,Task B ,1,4,1,0.487249774,4,1,51.30719708,1,-0.427271809,4,1
4,bimodal,Task B ,1,3,1,0.373079588,3,1,274.0238048,2,-0.175037536,3,2
4,bimodal,Task B ,2,3,1,-1.721287091,3,2,269.782711,3,0.026644618,3,7
4,bimodal,Task B ,1,4,0,1.974123486,2,2,33.92651094,4,0.162056851,2,1
4,bimodal,Task B ,1,2,1,-0.325570532,1,1,7.892446162,5,0.076178725,1,3
4,bimodal,Task B ,1,3,0,0.387501856,2,2,110.2542051,6,2.640576178,2,2
5,bimodal,Task B ,1,4,1,0.486693541,2,1,137.3254643,1,-0.762361335,2,1
5,bimodal,Task B ,1,4,1,-0.345578316,2,1,189.5592242,2,-0.054245471,2,1
5,bimodal,Task B ,1,4,1,-0.482979147,4,1,98.17899812,3,0.061632018,4,1
5,bimodal,Task B ,1,4,1,-0.533399622,4,1,307.1390845,4,0.606938662,4,1
5,bimodal,Task B ,2,4,1,-1.986630265,4,2,15.98213805,5,-0.080866342,4,8
5,bimodal,Task B ,1,4,1,0.05967788,3,1,183.8874607,6,-0.577728938,3,1
6,bimodal,Task B ,1,3,1,0.136807655,3,1,16.10552562,1,0.713487768,3,2
6,bimodal,Task B ,2,2,1,-1.242275781,3,2,114.753024,2,-2.511728177,3,6
6,bimodal,Task B ,1,2,1,0.615228711,3,1,237.7756532,3,-0.322470558,3,3
6,bimodal,Task B ,2,2,1,-3.617367623,2,2,208.116719,4,-1.303163164,2,6
6,bimodal,Task B ,1,2,0,-0.581530334,1,2,15.49330185,5,0.014855231,1,3
6,bimodal,Task B ,1,2,1,0.630192451,1,1,166.5258776,6,0.106941745,1,3
7,bimodal,Task B ,1,1,0,1.464202605,1,2,102.8336693,1,0.437287787,1,4
7,bimodal,Task B ,1,1,1,0.144213898,2,1,167.3484525,2,-0.171307623,2,4
7,bimodal,Task B ,1,1,1,0.687564731,1,1,5.387406995,3,-0.011476716,1,4
7,bimodal,Task B ,1,4,0,-0.128980579,4,2,43.17608606,4,0.068732282,4,1
7,bimodal,Task B ,1,1,0,-0.719145091,2,2,166.8481534,5,-4.262694378,2,4
7,bimodal,Task B ,1,1,1,-0.316751584,2,1,122.2671689,6,0.152398353,2,4
8,bimodal,Task B ,1,4,1,0.030986785,1,1,173.7462403,1,0.288874269,1,1
8,bimodal,Task B ,1,4,1,-0.318432872,1,1,264.3753827,2,0.012318347,1,1
8,bimodal,Task B ,1,4,1,-0.160465666,2,1,165.2170907,3,-0.520327671,2,1
8,bimodal,Task B ,1,4,1,-0.167150236,2,1,278.2517764,4,0.408305184,2,1
8,bimodal,Task B ,1,4,1,0.189372798,3,1,39.72000241,5,0.694843524,3,1
8,bimodal,Task B ,2,4,1,1.426687111,4,2,89.07886863,6,-0.577100348,4,8
9,bimodal,Task B ,1,3,1,0.354050728,2,1,195.4238618,1,-0.314338216,2,2
9,bimodal,Task B ,2,1,0,0.44986691,1,1,33.87137858,2,-0.094750479,1,5
9,bimodal,Task B ,2,1,1,-1.393497679,3,2,245.8814729,3,0.286394401,3,5
9,bimodal,Task B ,1,3,1,-0.427165746,2,1,45.62582217,4,0.781460276,2,2
9,bimodal,Task B ,2,3,1,-1.050400955,4,2,85.03004008,5,0.426453861,4,7
9,bimodal,Task B ,2,3,0,-0.740700124,1,1,336.0626678,6,-0.375177995,1,7
10,bimodal,Task B ,1,1,0,-0.437605717,2,2,267.4452241,1,2.257411065,2,4
10,bimodal,Task B ,2,1,1,1.280827623,2,2,107.3405303,2,1.616267155,2,5
10,bimodal,Task B ,1,2,1,0.473932857,3,1,175.8482149,3,-0.008594072,3,3
10,bimodal,Task B ,1,2,1,-0.405211667,1,1,302.3757309,4,0.115701594,1,3
10,bimodal,Task B ,1,2,0,0.62081749,2,2,181.3652866,5,1.981642878,2,3
10,bimodal,Task B ,1,1,1,-0.020312265,2,1,237.8063485,6,0.141238147,2,4
1,bimodal,Task B ,2,4,1,-1.325602928,1,2,142.7060711,1,-1.337952983,1,8
1,bimodal,Task B ,1,2,1,-0.821976105,3,1,30.68580026,2,-0.165210075,3,3
1,bimodal,Task B ,2,2,1,-1.232289579,2,2,20.47419521,3,-1.022439467,2,6
1,bimodal,Task B ,1,4,1,-0.029007365,3,1,23.60587999,4,-0.049506065,3,1
1,bimodal,Task B ,1,3,1,0.157092577,3,1,283.0387096,5,-0.039752101,3,2
1,bimodal,Task B ,2,1,0,0.138582651,2,1,103.9307143,6,0.19289877,2,5
2,bimodal,Task B ,2,3,1,1.571470348,2,2,288.401124,1,0.531651174,2,7
2,bimodal,Task B ,2,1,1,3.700016994,1,2,239.0447387,2,-0.21359378,1,5
2,bimodal,Task B ,1,2,0,-0.268038793,2,2,133.8542153,3,0.056958046,2,3
2,bimodal,Task B ,2,1,1,0.16145072,2,2,258.47028,4,2.835223483,2,5
2,bimodal,Task B ,2,1,1,0.783759871,1,2,268.3966312,5,-1.432831597,1,5
2,bimodal,Task B ,1,3,1,-0.309989187,2,1,180.7900175,6,0.138807869,2,2
3,bimodal,Task B ,1,1,1,0.271257225,1,1,204.4338989,1,-0.309572932,1,4
3,bimodal,Task B ,2,2,1,1.273527236,3,2,220.9094421,2,1.317600098,3,6
3,bimodal,Task B ,1,3,1,0.49147543,3,1,22.31675944,3,-0.015927985,3,2
3,bimodal,Task B ,1,2,0,-1.006763114,3,2,65.35146109,4,0.32090696,3,3
3,bimodal,Task B ,1,3,1,-0.21099169,4,1,22.53047858,5,0.326201507,4,2
3,bimodal,Task B ,2,4,1,-2.089704437,4,2,119.1503254,6,-2.379078258,4,8
4,bimodal,Task B ,2,2,1,-0.664172603,4,2,227.7432644,1,-2.347220412,4,6
4,bimodal,Task B ,1,1,1,-0.45003394,3,1,15.38042402,2,-0.471693721,3,4
4,bimodal,Task B ,1,4,1,0.18668077,4,1,253.3957535,3,-0.075469877,4,1
4,bimodal,Task B ,1,3,1,-0.051513724,3,1,14.71521765,4,0.524392342,3,2
4,bimodal,Task B ,1,2,1,0.216068314,1,1,351.9019052,5,-0.177925256,1,3
4,bimodal,Task B ,1,2,1,0.999831858,4,1,94.06846321,6,0.074916364,4,3
5,bimodal,Task B ,1,3,0,2.300012151,2,2,321.8133423,1,-0.258282992,2,2
5,bimodal,Task B ,2,4,1,-1.416987949,2,2,272.6084808,2,0.388733583,2,8
5,bimodal,Task B ,1,4,0,0.151403869,3,2,149.3884606,3,-0.934585479,3,1
5,bimodal,Task B ,2,4,1,3.445015154,4,2,133.857925,4,0.964730478,4,8
5,bimodal,Task B ,2,4,1,-1.730057376,4,2,276.7115555,5,-0.822186571,4,8
5,bimodal,Task B ,1,4,1,-0.063669159,1,1,19.38355866,6,0.24583572,1,1
6,bimodal,Task B ,2,2,1,-1.069185581,1,2,239.417471,1,-0.899214597,1,6
6,bimodal,Task B ,2,2,1,2.704970916,3,2,60.68755349,2,-1.953976551,3,6
6,bimodal,Task B ,2,2,1,1.131039878,1,2,26.89323259,3,-1.078673376,1,6
6,bimodal,Task B ,2,2,0,0.026252486,2,1,182.7314277,4,-0.063089017,2,6
6,bimodal,Task B ,1,2,1,-0.743913304,3,1,307.6242444,5,-0.183127352,3,3
6,bimodal,Task B ,1,2,0,-0.997872355,1,2,233.9459919,6,2.235724288,1,3
7,bimodal,Task B ,1,4,1,0.597943883,3,1,2.90294738,1,0.183496126,3,1
7,bimodal,Task B ,1,4,0,1.223490935,3,2,326.5260069,2,-1.492473109,3,1
7,bimodal,Task B ,1,1,1,-0.024855303,2,1,276.9701167,3,0.010745308,2,4
7,bimodal,Task B ,2,1,1,-1.538433553,4,2,65.35986805,4,-1.286021291,4,5
7,bimodal,Task B ,2,4,1,-0.575073556,4,2,82.24382102,5,-0.02555829,4,8
7,bimodal,Task B ,1,1,0,-0.310719325,1,2,33.31846584,6,2.629974856,1,4
8,bimodal,Task B ,1,4,0,-0.075253769,4,2,226.7206813,1,1.156764332,4,1
8,bimodal,Task B ,1,4,0,0.078635046,1,2,81.35833225,2,-1.105067335,1,1
8,bimodal,Task B ,2,4,1,1.176638201,4,2,179.3546226,3,-0.638671081,4,8
8,bimodal,Task B ,1,4,0,0.270685532,1,2,129.177303,4,-1.143267739,1,1
8,bimodal,Task B ,2,4,1,-1.554886946,2,2,212.2189007,5,1.060796038,2,8
8,bimodal,Task B ,2,4,1,0.672078415,3,2,99.64343916,6,1.350937172,3,8
9,bimodal,Task B ,1,1,0,-1.168522082,3,2,14.55624639,1,1.466526062,3,4
9,bimodal,Task B ,2,1,0,0.14155512,1,1,104.9495011,2,0.3735612,1,5
9,bimodal,Task B ,1,2,0,1.322019977,1,2,80.84292223,3,0.590590721,1,3
9,bimodal,Task B ,1,3,1,-0.168399108,1,1,340.1743244,4,-0.192637563,1,2
9,bimodal,Task B ,1,3,0,-1.430939399,2,2,161.3860198,5,-1.598830901,2,2
9,bimodal,Task B ,2,2,0,0.023183917,3,1,72.86010114,6,-0.201580868,3,6
10,bimodal,Task B ,1,2,1,0.177471724,2,1,333.2631105,1,0.136051612,2,3
10,bimodal,Task B ,1,2,0,1.463195206,2,2,137.9971527,2,2.76636536,2,3
10,bimodal,Task B ,1,1,1,-0.354278085,1,1,348.7764633,3,0.083242544,1,4
10,bimodal,Task B ,2,2,1,-1.587271943,3,2,157.3298457,4,-0.684213589,3,6
10,bimodal,Task B ,1,2,0,0.471688548,2,2,25.87307524,5,-2.119398328,2,3
10,bimodal,Task B ,1,2,1,0.066696073,1,1,259.5126159,6,-0.100303055,1,3
1,bimodal,Task B ,1,2,0,-0.085678858,3,2,116.5853702,1,0.273937402,3,3
1,bimodal,Task B ,2,1,1,-0.664016374,3,2,212.3939347,2,-0.889647312,3,5
1,bimodal,Task B ,1,3,1,-0.246591251,3,1,268.5315416,3,0.326386505,3,2
1,bimodal,Task B ,1,3,1,0.095497002,4,1,247.4511444,4,0.202462724,4,2
1,bimodal,Task B ,1,3,1,-0.025235917,4,1,219.7544076,5,-0.299282168,4,2
1,bimodal,Task B ,1,3,1,-0.110832972,4,1,161.3872347,6,-0.320227314,4,2
2,bimodal,Task B ,2,2,1,0.343608363,3,2,216.455264,1,1.314755348,3,6
2,bimodal,Task B ,1,3,1,-0.006770605,4,1,3.081360679,2,-0.30594227,4,2
2,bimodal,Task B ,1,2,0,0.386171596,1,2,11.88369216,3,-1.155460834,1,3
2,bimodal,Task B ,2,3,1,-3.438025021,4,2,35.03274319,4,1.243877403,4,7
2,bimodal,Task B ,2,3,0,0.0427261,3,1,290.4944688,5,0.172268482,3,7
2,bimodal,Task B ,1,4,0,-1.037450888,3,2,184.7496209,6,-1.100761876,3,1
3,bimodal,Task B ,1,2,0,0.135301156,3,2,20.52103221,1,0.938810591,3,3
3,bimodal,Task B ,1,4,1,0.108526189,3,1,38.02686809,2,0.34809389,3,1
3,bimodal,Task B ,1,3,1,0.265723038,2,1,282.5535465,3,-0.026012522,2,2
3,bimodal,Task B ,1,1,1,0.152393297,3,1,333.9513144,4,-0.635702804,3,4
3,bimodal,Task B ,1,3,1,0.205970488,4,1,148.4082728,5,-0.187878829,4,2
3,bimodal,Task B ,1,4,1,0.10785547,4,1,46.98153024,6,0.095744941,4,1
4,bimodal,Task B ,1,4,1,0.320657959,4,1,131.0058547,1,0.331170092,4,1
4,bimodal,Task B ,1,1,0,1.183483561,1,2,205.1377558,2,-1.085332245,1,4
4,bimodal,Task B ,2,1,1,1.945720438,2,2,102.6128589,3,-1.95276242,2,5
4,bimodal,Task B ,1,2,0,1.068753601,1,2,28.77322501,4,-0.247946852,1,3
4,bimodal,Task B ,1,3,1,0.008551055,3,1,42.61070879,5,-0.15064602,3,2
4,bimodal,Task B ,1,3,1,0.114828071,4,1,93.36258641,6,0.902721409,4,2
5,bimodal,Task B ,1,4,1,-0.178449269,2,1,235.7225185,1,-0.074482666,2,1
5,bimodal,Task B ,1,3,0,0.029075447,2,2,305.9392313,2,-0.745548994,2,2
5,bimodal,Task B ,1,3,0,0.523712422,3,2,151.9014494,3,1.267601638,3,2
5,bimodal,Task B ,1,4,0,-0.696244258,1,2,11.54920483,4,-2.384194336,1,1
5,bimodal,Task B ,2,2,1,1.165086538,1,2,3.741981382,5,0.095860169,1,6
5,bimodal,Task B ,2,3,0,-0.836945952,2,1,30.05646339,6,-0.78985892,2,7
6,bimodal,Task B ,1,2,1,0.069724229,2,1,44.5385599,1,0.102678077,2,3
6,bimodal,Task B ,1,2,0,1.049607642,3,2,262.2232479,2,0.383741888,3,3
6,bimodal,Task B ,1,2,0,0.319685043,1,2,11.14312884,3,-3.74833081,1,3
6,bimodal,Task B ,1,2,0,-0.814408106,2,2,97.49557963,4,0.533379118,2,3
6,bimodal,Task B ,1,1,1,-0.418928942,4,1,338.424929,5,-0.481636555,4,4
6,bimodal,Task B ,2,2,0,-0.075072059,3,1,38.39764107,6,-0.363204872,3,6
7,bimodal,Task B ,1,2,0,-1.169015382,1,2,85.05272596,1,1.194951128,1,3
7,bimodal,Task B ,1,2,0,-0.318807999,2,2,206.0636464,2,-0.777370229,2,3
7,bimodal,Task B ,1,4,0,0.337692159,4,2,38.51374003,3,-0.746406463,4,1
7,bimodal,Task B ,1,1,1,-0.424284066,2,1,287.4010379,4,-0.563474101,2,4
7,bimodal,Task B ,1,4,0,-0.642917908,2,2,92.31415601,5,1.133442759,2,1
7,bimodal,Task B ,1,1,1,-0.964625892,3,1,39.98998038,6,-0.699424717,3,4
8,bimodal,Task B ,1,4,1,-0.074665166,3,1,112.7636374,1,-0.291817159,3,1
8,bimodal,Task B ,2,4,1,-1.626327717,3,2,8.964335305,2,1.778964979,3,8
8,bimodal,Task B ,1,4,0,0.064086669,1,2,38.90782577,3,1.489698059,1,1
8,bimodal,Task B ,2,4,1,-0.184190519,1,2,261.9381228,4,1.805247436,1,8
8,bimodal,Task B ,1,4,0,-0.403204428,2,2,258.5387442,5,0.488643081,2,1
8,bimodal,Task B ,2,4,1,-1.3384821,2,2,213.5042084,6,-3.42205532,2,8
9,bimodal,Task B ,1,1,1,0.100470534,3,1,269.7980626,1,0.934162381,3,4
9,bimodal,Task B ,1,1,0,-0.477585726,1,2,51.37890195,2,-0.404972522,1,4
9,bimodal,Task B ,1,1,1,0.138862602,1,1,278.3031384,3,-0.116522036,1,4
9,bimodal,Task B ,1,4,0,0.233463123,4,2,204.5808392,4,0.588128315,4,1
9,bimodal,Task B ,1,1,0,-0.428523066,2,2,224.8682857,5,0.98667005,2,4
9,bimodal,Task B ,1,2,1,-0.169270542,3,1,23.88257304,6,-0.432731784,3,3
10,bimodal,Task B ,1,1,1,0.145638916,3,1,167.9615235,1,-0.195477533,3,4
10,bimodal,Task B ,2,1,0,0.380983878,4,1,246.221492,2,-0.873161313,4,5
10,bimodal,Task B ,1,2,1,0.021633946,2,1,282.7126423,3,0.45156552,2,3
10,bimodal,Task B ,2,3,1,1.523672873,4,2,236.35722,4,-1.178946958,4,7
10,bimodal,Task B ,1,2,0,1.196114879,1,2,166.5410531,5,0.928060654,1,3
10,bimodal,Task B ,1,2,1,0.274248209,2,1,19.81543572,6,0.499404995,2,3
1,bimodal,Task B ,2,1,0,0.419471774,1,1,331.7179834,1,-0.439475292,1,5
1,bimodal,Task B ,1,2,1,-0.079161999,1,1,1.567820602,2,0.151923347,1,3
1,bimodal,Task B ,2,1,1,-0.292111835,2,2,262.004637,3,1.768369445,2,5
1,bimodal,Task B ,1,3,0,-0.08377084,3,2,49.14479379,4,0.745559934,3,2
1,bimodal,Task B ,2,2,1,-0.005620583,4,2,207.927205,5,-1.855108313,4,6
1,bimodal,Task B ,2,4,1,3.690844392,2,2,45.97221747,6,-1.137759945,2,8
2,bimodal,Task B ,2,2,1,0.461377442,3,2,102.853851,1,-0.879043215,3,6
2,bimodal,Task B ,1,2,1,0.424264017,3,1,222.3742463,2,0.021103745,3,3
2,bimodal,Task B ,1,2,1,-0.038595377,4,1,269.9561931,3,0.26166477,4,3
2,bimodal,Task B ,2,2,1,-1.787286246,1,2,123.2423385,4,-0.782031349,1,6
2,bimodal,Task B ,1,4,1,-0.143781763,1,1,36.31149758,5,0.146725478,1,1
2,bimodal,Task B ,2,2,1,0.630617378,4,2,66.39616587,6,1.955304114,4,6
3,bimodal,Task B ,2,3,1,-0.46175163,2,2,49.33530796,1,-1.037239739,2,7
3,bimodal,Task B ,2,4,1,3.100957586,3,2,159.3599699,2,1.898336634,3,8
3,bimodal,Task B ,1,3,1,0.451492703,3,1,126.8384159,3,0.130875741,3,2
3,bimodal,Task B ,1,3,1,0.242129776,2,1,321.4184348,4,0.366473043,2,2
3,bimodal,Task B ,2,3,1,-0.530664855,3,2,132.6885863,5,1.588478188,3,7
3,bimodal,Task B ,1,2,1,-0.400879375,1,1,278.9282396,6,0.267128185,1,3
4,bimodal,Task B ,2,2,1,3.244021655,2,2,98.15572118,1,0.822362182,2,6
4,bimodal,Task B ,1,3,1,-0.333842412,3,1,310.5319397,2,0.463887192,3,2
4,bimodal,Task B ,1,2,1,-0.193465615,2,1,81.60325936,3,0.001389477,2,3
4,bimodal,Task B ,1,1,1,0.564902788,1,1,271.238166,4,-0.757560739,1,4
4,bimodal,Task B ,1,4,1,-0.415077774,4,1,190.9908411,5,0.243460669,4,1
4,bimodal,Task B ,1,3,1,-0.2494704,4,1,252.5256626,6,-0.084712184,4,2
5,bimodal,Task B ,1,4,1,-0.916784957,1,1,70.22022736,1,0.008246135,1,1
5,bimodal,Task B ,1,4,0,0.051692211,3,2,155.2367419,2,-0.59682205,3,1
5,bimodal,Task B ,2,2,1,-1.236936614,2,2,224.2856787,3,1.047166016,2,6
5,bimodal,Task B ,2,4,1,1.198012487,4,2,297.2943583,4,1.208532519,4,8
5,bimodal,Task B ,1,4,1,-0.11192189,1,1,300.3160477,5,0.397968928,1,1
5,bimodal,Task B ,1,1,1,-0.018913608,2,1,28.1535333,6,-0.859146961,2,4
6,bimodal,Task B ,1,2,0,-1.729319454,2,2,356.8003317,1,0.13509424,2,3
6,bimodal,Task B ,2,2,1,2.921384951,3,2,307.4847863,2,0.465538275,3,6
6,bimodal,Task B ,2,2,0,0.007648508,3,1,354.2405107,3,-0.150569179,3,6
6,bimodal,Task B ,2,2,1,-1.427720502,2,2,115.3612335,4,-0.652016053,2,6
6,bimodal,Task B ,1,2,0,1.068129148,4,2,107.6661352,5,1.488470393,4,3
6,bimodal,Task B ,2,2,1,-0.296191877,3,2,352.4219632,6,1.778240574,3,6
7,bimodal,Task B ,1,4,1,-0.374404768,2,1,36.54047648,1,0.340545711,2,1
7,bimodal,Task B ,1,1,0,0.277662275,3,2,91.73013478,2,-1.470787928,3,4
7,bimodal,Task B ,2,4,1,0.631875829,4,2,163.7666732,3,-0.824578672,4,8
7,bimodal,Task B ,2,4,1,1.989269137,4,2,129.9239322,4,-0.65086302,4,8
7,bimodal,Task B ,1,1,1,0.140451713,2,1,227.4345327,5,0.114626266,2,4
7,bimodal,Task B ,1,1,0,3.338383382,2,2,99.77022067,6,-2.475353333,2,4
8,bimodal,Task B ,1,4,0,-0.703246143,4,2,0.071780948,1,-1.145847101,4,1
8,bimodal,Task B ,1,4,0,0.081036658,4,2,302.3656215,2,0.699603556,4,1
8,bimodal,Task B ,1,4,1,-0.372289654,3,1,191.7273679,3,-0.611504041,3,1
8,bimodal,Task B ,1,4,0,-0.824959832,4,2,76.4824509,4,0.54471792,4,1
8,bimodal,Task B ,2,1,1,0.924432696,4,2,17.99687016,5,-3.053551213,4,5
8,bimodal,Task B ,1,4,1,-0.061689347,4,1,226.852142,6,0.286209913,4,1
9,bimodal,Task B ,1,2,0,0.504313482,4,2,114.3056598,1,0.822363555,4,3
9,bimodal,Task B ,2,4,0,0.221716428,2,1,347.1970689,2,-0.519065768,2,8
9,bimodal,Task B ,1,3,1,-0.060908669,4,1,3.635299639,3,0.049299048,4,2
9,bimodal,Task B ,1,1,1,-0.089894092,2,1,46.98056125,4,-0.155610516,2,4
9,bimodal,Task B ,1,4,1,0.600700101,4,1,97.32767668,5,0.061567551,4,1
9,bimodal,Task B ,2,1,0,0.413704976,3,1,221.8027885,6,0.339210062,3,5
10,bimodal,Task B ,1,1,1,0.004337385,2,1,58.69779371,1,-0.82820546,2,4
10,bimodal,Task B ,1,2,1,-0.233243768,4,1,326.4192723,2,-0.576771204,4,3
10,bimodal,Task B ,1,1,0,1.284939475,1,2,95.03911891,3,-0.244427754,1,4
10,bimodal,Task B ,1,2,1,0.51067486,1,1,206.2388212,4,-0.23017041,1,3
10,bimodal,Task B ,1,1,1,0.168908545,1,1,256.6566776,5,-0.475381504,1,4
10,bimodal,Task B ,1,2,1,-0.481462119,1,1,0.833610903,6,0.480007807,1,3
1,bimodal,Task B ,2,1,0,0.209136585,1,1,236.0309598,1,0.448659111,1,5
1,bimodal,Task B ,2,1,1,0.112320148,4,2,110.3335337,2,-1.18667699,4,5
1,bimodal,Task B ,1,3,0,0.088723141,1,2,39.49735581,3,-0.168902226,1,2
1,bimodal,Task B ,1,4,1,0.288269641,4,1,217.9706014,4,-0.431974645,4,1
1,bimodal,Task B ,1,3,1,-0.213563425,3,1,164.6200247,5,-0.442115427,3,2
1,bimodal,Task B ,2,1,1,0.631486933,1,2,155.2237576,6,0.328566761,1,5
2,bimodal,Task B ,2,3,1,1.268417115,3,2,31.20913249,1,0.284949851,3,7
2,bimodal,Task B ,1,2,1,-0.006987885,1,1,107.8242234,2,-0.182082239,1,3
2,bimodal,Task B ,1,2,1,-0.493638883,3,1,54.3576275,3,0.969586734,3,3
2,bimodal,Task B ,2,3,1,-0.645454997,4,2,87.16649759,4,0.291970063,4,7
2,bimodal,Task B ,2,2,1,-1.622088676,1,2,110.0033458,5,-0.171511972,1,6
2,bimodal,Task B ,1,3,0,0.741430955,4,2,97.27831566,6,-1.998035402,4,2
3,bimodal,Task B ,2,3,0,-0.232906047,2,1,164.0329215,1,0.439512248,2,7
3,bimodal,Task B ,2,4,1,2.706333566,1,2,212.8726062,2,-1.439348053,1,8
3,bimodal,Task B ,1,3,1,0.164586446,2,1,24.1339229,3,0.16322227,2,2
3,bimodal,Task B ,1,1,1,0.023745515,4,1,3.332279166,4,-0.465095752,4,4
3,bimodal,Task B ,1,3,0,0.318815274,4,2,32.91941778,5,-0.042701164,4,2
3,bimodal,Task B ,1,3,1,-0.166164272,2,1,231.3083619,6,-0.088937095,2,2
4,bimodal,Task B ,1,2,0,0.918824534,3,2,36.18247197,1,-0.219817362,3,3
4,bimodal,Task B ,1,3,0,0.092009354,3,2,96.02491323,2,-0.732840048,3,2
4,bimodal,Task B ,1,2,0,0.409902073,1,2,244.6584692,3,0.762877701,1,3
4,bimodal,Task B ,1,3,0,-0.180877978,3,2,69.50949512,4,0.325446236,3,2
4,bimodal,Task B ,1,2,1,0.063108585,1,1,219.7434582,5,-0.039886802,1,3
4,bimodal,Task B ,1,1,1,-0.233652019,1,1,12.98579124,6,0.050478653,1,4
5,bimodal,Task B ,2,1,0,-0.091646709,1,1,334.6915453,1,-0.2160577,1,5
5,bimodal,Task B ,1,2,1,0.344501685,4,1,111.7111546,2,0.395111609,4,3
5,bimodal,Task B ,1,4,0,0.171056781,3,2,233.7784926,3,0.642277513,3,1
5,bimodal,Task B ,1,1,0,0.40848137,2,2,239.6745988,4,-0.64017172,2,4
5,bimodal,Task B ,1,4,0,0.044518033,3,2,58.73340467,5,-0.228751905,3,1
5,bimodal,Task B ,2,4,1,0.044113834,4,2,219.01626,6,1.964840025,4,8
6,bimodal,Task B ,1,2,0,-2.370434921,3,2,92.26483862,1,-1.604776331,3,3
6,bimodal,Task B ,1,2,1,0.167158233,2,1,247.6618397,2,0.034409637,2,3
6,bimodal,Task B ,2,2,0,-0.195498682,4,1,50.08839516,3,0.366316936,4,6
6,bimodal,Task B ,1,2,1,0.183761983,3,1,285.8617572,4,-0.333482912,3,3
6,bimodal,Task B ,2,2,0,0.136967852,1,1,69.85896713,5,-0.529833645,1,6
6,bimodal,Task B ,2,2,1,1.707268406,3,2,182.7917724,6,2.13986768,3,6
7,bimodal,Task B ,1,4,1,-0.02820134,1,1,11.41243144,1,0.164200249,1,1
7,bimodal,Task B ,1,4,1,0.181748774,2,1,147.3539872,2,0.276189257,2,1
7,bimodal,Task B ,2,1,1,2.238867595,3,2,205.6649191,3,-1.680823243,3,5
7,bimodal,Task B ,1,1,1,-0.148285658,1,1,183.4384026,4,-0.607590694,1,4
7,bimodal,Task B ,1,1,0,2.330497941,4,2,39.32763746,5,-1.322586338,4,4
7,bimodal,Task B ,1,1,0,-0.574388382,4,2,215.4608944,6,-0.461754522,4,4
8,bimodal,Task B ,1,4,1,-0.70735863,1,1,264.4749133,1,0.049196059,1,1
8,bimodal,Task B ,1,4,0,0.224543879,1,2,74.12107179,2,1.982296374,1,1
8,bimodal,Task B ,2,4,1,0.924490218,1,2,28.71745106,3,-0.058983865,1,8
8,bimodal,Task B ,2,1,0,-0.853336823,1,1,67.53439582,4,0.302083,1,5
8,bimodal,Task B ,2,4,1,0.589327617,3,2,75.2930827,5,0.674434456,3,8
8,bimodal,Task B ,1,4,1,0.037967193,4,1,92.22735997,6,-0.563316979,4,1
9,bimodal,Task B ,1,1,0,0.795139732,4,2,278.8477788,1,0.861819131,4,4
9,bimodal,Task B ,1,1,1,-0.051632384,2,1,10.69711386,2,-0.157392969,2,4
9,bimodal,Task B ,1,2,1,0.183609078,2,1,3.552038632,3,-0.262737983,2,3
9,bimodal,Task B ,2,2,0,-0.106336577,3,1,144.9170096,4,0.406708755,3,6
9,bimodal,Task B ,2,2,0,-0.539194387,3,1,269.3862792,5,0.087736472,3,6
9,bimodal,Task B ,1,3,1,-0.073887167,4,1,27.28644606,6,-0.163863241,4,2
10,bimodal,Task B ,2,2,1,1.364817674,3,2,269.8417148,1,0.925604741,3,6
10,bimodal,Task B ,2,1,1,-2.03057212,3,2,40.78182941,2,-0.929950748,3,5
10,bimodal,Task B ,1,1,0,0.634523106,3,2,122.6700543,3,-2.517678323,3,4
10,bimodal,Task B ,1,1,0,3.001636183,1,2,324.9773111,4,0.245765635,1,4
10,bimodal,Task B ,2,2,1,-4.096490013,2,2,311.5382779,5,0.220782318,2,6
10,bimodal,Task B ,1,2,1,0.017950463,3,1,309.4358811,6,-0.108135737,3,3
1,bimodal,Task B ,1,2,1,0.232233415,3,1,293.3201542,1,0.601658876,3,3
1,bimodal,Task B ,1,2,1,0.325871893,3,1,306.3286545,2,-0.360698807,3,3
1,bimodal,Task B ,1,4,1,-0.19139726,4,1,240.488715,3,-0.149618865,4,1
1,bimodal,Task B ,2,1,0,0.125870943,1,1,302.437583,4,-0.324451407,1,5
1,bimodal,Task B ,1,2,0,1.369422945,2,2,125.9322697,5,-0.966326919,2,3
1,bimodal,Task B ,2,1,0,-0.194377985,1,1,107.9986102,6,0.140601878,1,5
2,bimodal,Task B ,1,2,0,-0.558035311,3,2,31.21313668,1,-0.477427167,3,3
2,bimodal,Task B ,1,4,1,0.334586889,4,1,149.0864221,2,-0.309530385,4,1
2,bimodal,Task B ,1,2,1,-0.505362148,2,1,168.5442738,3,-0.331600539,2,3
2,bimodal,Task B ,2,4,1,3.535370511,3,2,28.50812099,4,-4.463017238,3,8
2,bimodal,Task B ,1,2,0,1.138615308,2,2,201.279362,5,1.245085102,2,3
2,bimodal,Task B ,2,3,0,0.379932447,2,1,295.7024091,6,0.17555862,2,7
3,bimodal,Task B ,2,4,1,0.915028993,3,2,101.1685695,1,-1.211078978,3,8
3,bimodal,Task B ,1,3,0,0.442410465,3,2,188.1622048,2,0.845361094,3,2
3,bimodal,Task B ,1,3,1,0.079082866,1,1,176.5950009,3,-0.075585748,1,2
3,bimodal,Task B ,2,1,1,-0.618283447,3,2,129.6152682,4,1.388435284,3,5
3,bimodal,Task B ,2,4,1,-1.322277297,1,2,141.47229,5,1.804808977,1,8
3,bimodal,Task B ,2,4,1,1.64385094,2,2,358.0447413,6,2.043205794,2,8
4,bimodal,Task B ,1,3,1,0.042000123,1,1,119.7956836,1,-0.39815192,1,2
4,bimodal,Task B ,1,1,1,-0.556608618,2,1,98.02756914,2,-0.088010919,2,4
4,bimodal,Task B ,1,3,1,-0.263418982,4,1,157.2623948,3,-0.258539158,4,2
4,bimodal,Task B ,1,1,1,0.422169706,2,1,256.7980505,4,-0.037921224,2,4
4,bimodal,Task B ,1,3,1,0.351424692,3,1,306.1662851,5,1.09581866,3,2
4,bimodal,Task B ,1,3,0,0.491995281,4,2,331.4250979,6,-0.728745771,4,2
5,bimodal,Task B ,1,2,0,-0.549690462,1,2,18.29816391,1,0.482299477,1,3
5,bimodal,Task B ,1,1,0,-0.059619537,3,2,3.338638901,2,1.843309863,3,4
5,bimodal,Task B ,1,4,1,0.540144814,4,1,189.611715,3,-0.067600667,4,1
5,bimodal,Task B ,2,2,0,0.100471705,3,1,297.8830381,4,-0.632499257,3,6
5,bimodal,Task B ,2,4,1,-1.508238016,1,2,245.5343665,5,-0.400918811,1,8
5,bimodal,Task B ,2,4,1,-1.937019881,3,2,242.7009709,6,0.00844416,3,8
6,bimodal,Task B ,2,2,1,0.731136052,1,2,28.92050616,1,-2.671694475,1,6
6,bimodal,Task B ,2,2,1,0.694776662,1,2,219.7248965,2,3.32406586,1,6
6,bimodal,Task B ,1,2,1,0.172060968,1,1,207.4004839,3,0.278276212,1,3
6,bimodal,Task B ,2,2,1,-0.589674002,2,2,326.5462353,4,-0.70946171,2,6
6,bimodal,Task B ,2,2,0,-0.405494828,1,1,143.6713323,5,0.269552276,1,6
6,bimodal,Task B ,2,3,1,1.699157513,2,2,261.5136893,6,-0.584176277,2,7
7,bimodal,Task B ,1,2,0,-1.60166896,3,2,175.9489874,1,-0.197715816,3,3
7,bimodal,Task B ,1,2,0,0.482076584,2,2,140.3728548,2,0.831969113,2,3
7,bimodal,Task B ,1,4,1,0.808666139,2,1,146.9199818,3,0.108811018,2,1
7,bimodal,Task B ,1,1,0,-0.105832398,4,2,149.6500205,4,-1.249087278,4,4
7,bimodal,Task B ,1,4,1,-1.066908437,3,1,48.72676177,5,-0.122990468,3,1
7,bimodal,Task B ,2,1,1,-2.008168355,3,2,95.84610118,6,0.118479351,3,5
8,bimodal,Task B ,1,4,1,-0.174743702,3,1,161.5895366,1,-0.141057791,3,1
8,bimodal,Task B ,1,4,0,-0.541560865,1,2,269.5580783,2,2.327936177,1,1
8,bimodal,Task B ,1,4,0,-0.440893482,4,2,344.8095823,3,0.25575844,4,1
8,bimodal,Task B ,1,4,0,-0.371993982,1,2,303.8547044,4,2.220245079,1,1
8,bimodal,Task B ,2,4,1,-0.887565783,1,2,113.6692313,5,0.089943578,1,8
8,bimodal,Task B ,1,4,0,0.745815056,3,2,172.2153436,6,0.054539723,3,1
9,bimodal,Task B ,1,1,0,0.458775891,4,2,354.5546466,1,0.316568023,4,4
9,bimodal,Task B ,1,2,1,-0.091857445,4,1,5.941784133,2,0.13154854,4,3
9,bimodal,Task B ,2,1,0,0.138859867,2,1,14.82934418,3,-0.915822738,2,5
9,bimodal,Task B ,2,4,1,0.474970558,4,2,339.723669,4,1.144008799,4,8
9,bimodal,Task B ,1,2,1,-0.45232073,2,1,79.59746186,5,-0.338308785,2,3
9,bimodal,Task B ,1,1,0,2.2782682,1,2,84.94979368,6,2.479023569,1,4
10,bimodal,Task B ,1,1,0,-0.746770873,1,2,92.86330788,1,-0.053334397,1,4
10,bimodal,Task B ,1,1,1,-0.071281958,2,1,71.53524197,2,-0.247278846,2,4
10,bimodal,Task B ,1,2,0,0.269230083,3,2,201.1945094,3,0.278388725,3,3
10,bimodal,Task B ,1,2,1,-0.118970724,4,1,277.5162159,4,0.254107033,4,3
10,bimodal,Task B ,1,2,1,-0.42911304,2,1,180.2039966,5,-0.175576982,2,3
10,bimodal,Task B ,1,2,0,0.876658126,2,2,288.9144255,6,-2.129392478,2,3
1,bimodal,Task B ,1,2,1,0.261028843,1,1,60.8674439,1,0.4838913,1,3
1,bimodal,Task B ,1,3,1,-0.356096443,4,1,30.82523875,2,0.411196894,4,2
1,bimodal,Task B ,1,3,1,-0.226339442,4,1,324.0162413,3,-0.155111968,4,2
1,bimodal,Task B ,1,4,1,0.180698495,4,1,338.4024937,4,-0.277830135,4,1
1,bimodal,Task B ,1,3,1,-0.170854306,3,1,267.6636366,5,0.012866194,3,2
1,bimodal,Task B ,2,1,0,-0.42107222,2,1,268.94564,6,-0.593626003,2,5
2,bimodal,Task B ,1,2,1,0.030670667,2,1,62.94363797,1,0.629229645,2,3
2,bimodal,Task B ,1,2,1,0.06165989,2,1,63.92806189,2,0.037059668,2,3
2,bimodal,Task B ,1,2,0,-0.947847898,3,2,133.9374867,3,0.070363903,3,3
2,bimodal,Task B ,2,1,0,0.570244249,1,1,310.1214214,4,0.390689797,1,5
2,bimodal,Task B ,1,3,0,-0.287897074,4,2,129.4837095,5,-0.698339004,4,2
2,bimodal,Task B ,2,4,1,-2.988197897,4,2,136.1568152,6,0.914811387,4,8
3,bimodal,Task B ,2,3,1,1.518173259,3,2,308.2041078,1,-0.649568622,3,7
3,bimodal,Task B ,1,3,0,-0.833025002,4,2,236.2388149,2,0.141945284,4,2
3,bimodal,Task B ,1,4,1,-0.248093701,4,1,135.3792284,3,0.191414892,4,1
3,bimodal,Task B ,2,4,1,-1.539598195,2,2,87.24845835,4,-2.003668725,2,8
3,bimodal,Task B ,2,4,1,-1.700156051,3,2,221.5365063,5,3.885460962,3,8
3,bimodal,Task B ,2,4,1,1.916433668,3,2,94.30406871,6,-0.934287009,3,8
4,bimodal,Task B ,1,3,0,0.520637586,1,2,243.6316909,1,-2.751238819,1,2
4,bimodal,Task B ,1,2,1,-0.12055659,2,1,151.0315484,2,-0.092486318,2,3
4,bimodal,Task B ,1,2,1,-0.156827181,3,1,221.6045911,3,-0.048149479,3,3
4,bimodal,Task B ,1,2,0,-0.656086178,2,2,9.206752957,4,-0.672209471,2,3
4,bimodal,Task B ,1,3,1,-0.029306796,4,1,226.1602583,5,-0.015572827,4,2
4,bimodal,Task B ,2,2,0,0.407463242,2,1,230.0806542,6,-0.1318133,2,6
5,bimodal,Task B ,2,4,1,-1.200127322,4,2,265.1929879,1,0.8033625,4,8
5,bimodal,Task B ,1,4,0,0.094578719,1,2,160.7811682,2,0.285585715,1,1
5,bimodal,Task B ,1,4,1,-0.147197386,4,1,345.1893305,3,-0.302893807,4,1
5,bimodal,Task B ,1,1,1,-0.566322584,2,1,228.5941239,4,0.109235526,2,4
5,bimodal,Task B ,2,4,1,-0.914876405,4,2,74.61779305,5,-1.166204773,4,8
5,bimodal,Task B ,1,1,1,0.097480416,4,1,357.5385175,6,0.080715198,4,4
6,bimodal,Task B ,1,2,0,-1.611165619,2,2,108.6017327,1,-1.913450915,2,3
6,bimodal,Task B ,2,2,1,0.515838615,4,2,134.9640607,2,1.978023808,4,6
6,bimodal,Task B ,2,2,1,0.429207161,4,2,70.30641411,3,-1.289313246,4,6
6,bimodal,Task B ,2,2,0,-0.47799822,2,1,87.8800223,4,0.453618264,2,6
6,bimodal,Task B ,1,2,0,1.119174281,4,2,350.3389066,5,-1.223162372,4,3
6,bimodal,Task B ,1,1,1,-0.183246351,2,1,349.2680158,6,0.201947928,2,4
7,bimodal,Task B ,1,4,1,-0.078940137,1,1,86.06589245,1,-0.096276805,1,1
7,bimodal,Task B ,2,1,1,-0.969681294,3,2,47.51793648,2,2.273633468,3,5
7,bimodal,Task B ,1,1,1,0.040766898,1,1,5.126175794,3,-0.456208832,1,4
7,bimodal,Task B ,1,1,1,-0.02172471,1,1,196.4512444,4,-0.223232575,1,4
7,bimodal,Task B ,1,4,1,0.205352835,4,1,264.9585642,5,-0.12672576,4,1
7,bimodal,Task B ,1,1,1,-0.045132248,1,1,331.8722115,6,0.419835217,1,4
8,bimodal,Task B ,2,4,1,-1.606492198,3,2,199.5318223,1,2.256110897,3,8
8,bimodal,Task B ,1,4,1,0.275101653,2,1,225.6487886,2,-0.227950605,2,1
8,bimodal,Task B ,2,4,1,-2.750397467,3,2,172.5383686,3,3.17473624,3,8
8,bimodal,Task B ,1,4,1,-0.130166911,3,1,111.399228,4,0.280114185,3,1
8,bimodal,Task B ,1,4,1,0.418715663,4,1,342.5016865,5,-0.174229751,4,1
8,bimodal,Task B ,2,4,1,-2.952084201,2,2,144.5479516,6,0.666454994,2,8
9,bimodal,Task B ,1,2,1,0.015913247,3,1,40.84232707,1,0.27650002,3,3
9,bimodal,Task B ,1,1,0,1.104370194,1,2,62.06195087,2,1.322875096,1,4
9,bimodal,Task B ,1,3,1,-0.117277137,3,1,349.1975248,3,0.399239322,3,2
9,bimodal,Task B ,2,1,1,-1.102149886,1,2,205.4491664,4,-1.261206232,1,5
9,bimodal,Task B ,1,1,0,1.769901683,2,2,263.2239635,5,-0.625116199,2,4
9,bimodal,Task B ,1,4,1,0.096676547,2,1,288.7783375,6,0.026589362,2,1
10,bimodal,Task B ,1,1,1,-0.121459157,2,1,169.252774,1,0.374070643,2,4
10,bimodal,Task B ,1,2,0,-0.453311477,4,2,291.1165985,2,0.74959295,4,3
10,bimodal,Task B ,1,1,1,0.134745958,1,1,357.868856,3,-0.337602294,1,4
10,bimodal,Task B ,1,2,1,-0.097085323,1,1,202.1683532,4,-0.537308522,1,3
10,bimodal,Task B ,1,2,1,0.426121857,3,1,45.63142512,5,-0.333985383,3,3
10,bimodal,Task B ,1,2,0,0.515137517,3,2,210.0685169,6,-1.284586706,3,3
1,bimodal,Task B ,1,3,0,0.260248558,4,2,97.92817821,1,-0.30473122,4,2
1,bimodal,Task B ,1,3,1,-0.227326715,4,1,86.24902112,2,0.24906924,4,2
1,bimodal,Task B ,1,3,1,0.051373317,2,1,308.1980287,3,0.17261766,2,2
1,bimodal,Task B ,1,1,1,0.530408026,1,1,252.8006463,4,-0.379059922,1,4
1,bimodal,Task B ,1,3,1,-0.034719706,4,1,335.4070847,5,-0.324994258,4,2
1,bimodal,Task B ,2,1,1,-0.624449486,1,2,316.4751784,6,0.062002807,1,5
2,bimodal,Task B ,1,2,1,-0.227874925,1,1,185.7512053,1,0.208512763,1,3
2,bimodal,Task B ,1,2,1,-0.185338267,2,1,94.13202855,2,0.098808114,2,3
2,bimodal,Task B ,2,1,0,0.576594761,1,1,279.9367371,3,0.051566947,1,5
2,bimodal,Task B ,2,3,1,1.379971242,3,2,188.8109049,4,-1.978110767,3,7
2,bimodal,Task B ,1,3,1,0.039250352,1,1,345.2247818,5,-0.141006925,1,2
2,bimodal,Task B ,2,4,1,1.445473938,1,2,25.07888485,6,-3.031708889,1,8
3,bimodal,Task B ,2,2,1,-0.138720848,4,2,263.5033799,1,0.736203936,4,6
3,bimodal,Task B ,1,4,1,-0.242512245,4,1,79.2055845,2,-0.177849257,4,1
3,bimodal,Task B ,2,3,1,-0.632129178,4,2,217.1457208,3,-0.47498707,4,7
3,bimodal,Task B ,1,3,1,0.153613132,3,1,263.4653361,4,-0.069919086,3,2
3,bimodal,Task B ,2,1,0,-0.01489941,1,1,134.6358206,5,-0.418816867,1,5
3,bimodal,Task B ,2,4,1,-2.394144501,1,2,324.7323679,6,-0.507958186,1,8
4,bimodal,Task B ,1,2,1,-0.403031262,3,1,41.299776,1,-0.015684552,3,3
4,bimodal,Task B ,2,2,1,0.404742555,1,2,267.3210045,2,2.403492171,1,6
4,bimodal,Task B ,1,3,1,-0.350737239,2,1,296.5986659,3,0.553923007,2,2
4,bimodal,Task B ,1,3,1,-0.058894509,4,1,11.94053518,4,0.50366066,4,2
4,bimodal,Task B ,2,3,1,-1.843748673,1,2,152.2576717,5,-1.121057079,1,7
4,bimodal,Task B ,2,1,1,1.044120522,1,2,92.33174875,6,3.038073743,1,5
5,bimodal,Task B ,1,4,1,-0.463302856,1,1,340.989896,1,-0.19191521,1,1
5,bimodal,Task B ,1,3,0,-0.80999248,3,2,27.54067969,2,0.153811391,3,2
5,bimodal,Task B ,1,4,1,-0.00695064,3,1,159.8130104,3,-0.319255228,3,1
5,bimodal,Task B ,1,2,1,0.110498923,1,1,178.8294404,4,0.498695071,1,3
5,bimodal,Task B ,1,4,1,0.263802547,2,1,22.02968996,5,-0.264191296,2,1
5,bimodal,Task B ,2,2,0,0.799480633,1,1,318.00162,6,-0.741228083,1,6
6,bimodal,Task B ,1,2,0,1.257562223,4,2,299.1653705,1,-0.449694358,4,3
6,bimodal,Task B ,2,2,1,1.889435659,1,2,29.59302336,2,-0.292059478,1,6
6,bimodal,Task B ,1,2,0,-2.24942345,1,2,275.8798714,3,1.205816306,1,3
6,bimodal,Task B ,1,2,1,-0.510878936,1,1,255.5706355,4,-0.155907639,1,3
6,bimodal,Task B ,1,1,1,0.270954454,1,1,339.2423233,5,-0.43152496,1,4
6,bimodal,Task B ,2,2,1,1.252402985,1,2,297.1431192,6,-1.725725176,1,6
7,bimodal,Task B ,1,4,1,-0.766263622,2,1,160.8811392,1,-0.376724879,2,1
7,bimodal,Task B ,1,4,1,-0.463465318,4,1,301.3736535,2,-0.316244173,4,1
7,bimodal,Task B ,1,4,1,-0.189712794,3,1,189.9583517,3,0.336097593,3,1
7,bimodal,Task B ,1,1,1,-0.142116694,3,1,115.2142349,4,-0.084440215,3,4
7,bimodal,Task B ,1,1,1,-0.47717178,1,1,193.9225495,5,-0.288660443,1,4
7,bimodal,Task B ,1,4,1,-0.759460309,4,1,35.55767159,6,0.067434512,4,1
8,bimodal,Task B ,1,4,0,-0.080651142,1,2,229.0922571,1,-2.367638641,1,1
8,bimodal,Task B ,1,4,1,-0.016751266,4,1,306.3255323,2,-0.097019156,4,1
8,bimodal,Task B ,2,4,1,-2.616141588,3,2,48.87496764,3,0.359044954,3,8
8,bimodal,Task B ,2,1,0,0.813180981,4,1,310.0772425,4,-0.494063305,4,5
8,bimodal,Task B ,2,4,0,-0.20986655,3,1,210.5464314,5,-0.142981062,3,8
8,bimodal,Task B ,1,4,1,0.373241371,3,1,225.9356314,6,0.173079145,3,1
9,bimodal,Task B ,2,1,0,0.274661906,2,1,273.2037525,1,0.043162638,2,5
9,bimodal,Task B ,2,1,0,0.402436941,3,1,259.6114447,2,0.086544534,3,5
9,bimodal,Task B ,2,3,1,2.000546515,2,2,0.824361515,3,-0.647517132,2,7
9,bimodal,Task B ,1,1,1,-0.437027952,1,1,186.6713421,4,-0.215450765,1,4
9,bimodal,Task B ,1,3,1,0.048004766,4,1,34.00053276,5,-0.255186202,4,2
9,bimodal,Task B ,1,3,1,-0.01196527,4,1,13.49375547,6,-0.061672197,4,2
10,bimodal,Task B ,2,2,1,-1.925975573,4,2,304.5926299,1,-0.483339175,4,6
10,bimodal,Task B ,2,1,1,-2.39596364,2,2,250.4885956,2,-2.091630163,2,5
10,bimodal,Task B ,1,1,1,0.28251173,4,1,350.0975637,3,0.097993467,4,4
10,bimodal,Task B ,1,2,1,-0.468350031,4,1,149.07222,4,-0.28533046,4,3
10,bimodal,Task B ,1,2,1,0.121942586,1,1,96.9067979,5,0.151206107,1,3
10,bimodal,Task B ,1,2,1,0.310467993,3,1,146.9960076,6,-0.496000761,3,3
1,bimodal,Task B ,2,1,0,0.227886003,2,1,290.9332004,1,-0.174927325,2,5
1,bimodal,Task B ,2,3,1,1.695780287,3,2,108.3870574,2,-1.752208706,3,7
1,bimodal,Task B ,2,1,0,-0.041637152,1,1,198.8468152,3,-0.237158324,1,5
1,bimodal,Task B ,1,3,0,-0.496439704,1,2,326.1099284,4,0.39790966,1,2
1,bimodal,Task B ,1,3,1,-0.122541586,3,1,120.3843092,5,-0.20163116,3,2
1,bimodal,Task B ,1,3,0,-0.470494337,2,2,218.0001714,6,1.283281858,2,2
2,bimodal,Task B ,1,2,1,0.732580122,4,1,131.013444,1,0.085630158,4,3
2,bimodal,Task B ,2,3,1,-1.277881537,1,2,155.4020688,2,-0.104771342,1,7
2,bimodal,Task B ,1,2,0,0.259241947,4,2,185.4357537,3,0.324568896,4,3
2,bimodal,Task B ,1,2,1,0.46289522,2,1,104.3836318,4,-0.210602282,2,3
2,bimodal,Task B ,1,3,1,-0.007280983,4,1,46.21821111,5,0.335719258,4,2
2,bimodal,Task B ,1,3,1,0.799847526,3,1,281.0604714,6,0.075937478,3,2
3,bimodal,Task B ,1,2,1,0.316548509,2,1,67.5694467,1,0.484339896,2,3
3,bimodal,Task B ,2,1,0,-0.931957004,1,1,88.5093109,2,0.352250717,1,5
3,bimodal,Task B ,2,2,1,-0.768109454,1,2,357.9813528,3,-0.433584833,1,6
3,bimodal,Task B ,1,3,1,0.082902329,2,1,113.0414155,4,-0.698401794,2,2
3,bimodal,Task B ,2,4,1,-2.002025659,4,2,104.0077826,5,0.311841631,4,8
3,bimodal,Task B ,1,2,1,0.232290468,2,1,105.6763437,6,-0.022880636,2,3
4,bimodal,Task B ,1,2,1,0.435003415,2,1,143.7330222,1,-0.571831286,2,3
4,bimodal,Task B ,2,4,1,1.998140613,3,2,151.7893226,2,-0.549713606,3,8
4,bimodal,Task B ,1,1,1,-0.489728559,1,1,4.229488226,3,0.046850981,1,4
4,bimodal,Task B ,1,1,1,0.377298149,1,1,184.5239397,4,0.258945596,1,4
4,bimodal,Task B ,1,3,1,0.538165517,3,1,113.2920667,5,-0.204121175,3,2
4,bimodal,Task B ,1,1,1,-0.548943196,1,1,255.2035903,6,0.163754824,1,4
5,bimodal,Task B ,1,2,1,-0.898593698,1,1,326.5090863,1,0.315293784,1,3
5,bimodal,Task B ,1,1,0,-0.630574592,3,2,143.0119632,2,-1.205075387,3,4
5,bimodal,Task B ,1,4,0,-0.535635077,3,2,0.315908533,3,0.751405309,3,1
5,bimodal,Task B ,2,4,1,0.767241429,4,2,60.90484246,4,-2.60388765,4,8
5,bimodal,Task B ,2,4,1,-1.074048896,3,2,322.021198,5,-1.908805119,3,8
5,bimodal,Task B ,2,4,1,-1.589060655,1,2,32.91444008,6,2.249140203,1,8
6,bimodal,Task B ,2,2,1,0.0356341,3,2,152.9697267,1,1.371057932,3,6
6,bimodal,Task B ,2,2,0,-0.071725198,1,1,176.0420224,2,-0.033098736,1,6
6,bimodal,Task B ,1,2,1,0.560369658,4,1,39.7381513,3,-0.016329601,4,3
6,bimodal,Task B ,1,2,1,0.149254741,4,1,174.1073089,4,0.183735646,4,3
6,bimodal,Task B ,1,2,1,0.233451917,2,1,156.3252069,5,0.126441642,2,3
6,bimodal,Task B ,2,2,1,1.486261496,1,2,311.6539173,6,0.462632211,1,6
7,bimodal,Task B ,1,2,0,-2.715399558,4,2,233.3254123,1,-0.791133753,4,3
7,bimodal,Task B ,1,2,0,0.794538215,2,2,139.2593844,2,-1.960572379,2,3
7,bimodal,Task B ,1,4,1,0.295661793,4,1,21.47459236,3,-0.373743872,4,1
7,bimodal,Task B ,1,1,1,0.418615311,3,1,240.8764744,4,0.11180154,3,4
7,bimodal,Task B ,1,4,1,0.209153916,3,1,148.3181873,5,-0.08852942,3,1
7,bimodal,Task B ,1,1,1,0.00648581,2,1,260.176101,6,-0.476633791,2,4
8,bimodal,Task B ,1,4,1,0.057430085,3,1,248.1795855,1,-0.011893952,3,1
8,bimodal,Task B ,1,4,0,0.74443749,4,2,250.046477,2,1.351565023,4,1
8,bimodal,Task B ,1,4,0,-0.593523279,4,2,192.9243571,3,-1.476382798,4,1
8,bimodal,Task B ,1,4,1,-0.148789076,3,1,71.17419404,4,-0.091353551,3,1
8,bimodal,Task B ,2,4,1,0.30831717,4,2,94.12346802,5,0.324171248,4,8
8,bimodal,Task B ,2,4,1,1.087300295,4,2,306.3786924,6,0.068121153,4,8
9,bimodal,Task B ,1,1,1,-0.296861144,3,1,37.737001,1,0.307710522,3,4
9,bimodal,Task B ,1,1,1,0.35163091,4,1,359.9039453,2,0.068112762,4,4
9,bimodal,Task B ,1,1,0,-0.490596117,3,2,131.8570604,3,-0.669097082,3,4
9,bimodal,Task B ,1,1,0,-2.74608759,1,2,118.7511452,4,0.493748274,1,4
9,bimodal,Task B ,2,1,0,0.110697004,4,1,224.7900645,5,0.027906957,4,5
9,bimodal,Task B ,1,2,1,0.021532947,2,1,22.39236234,6,0.255359407,2,3
10,bimodal,Task B ,1,1,1,-0.468335073,1,1,307.8651374,1,-0.120144368,1,4
10,bimodal,Task B ,1,1,0,0.427681384,1,2,115.080009,2,-0.42032252,1,4
10,bimodal,Task B ,1,1,0,-0.293310282,1,2,164.0535326,3,2.071782581,1,4
10,bimodal,Task B ,2,1,1,1.449465469,2,2,347.5779767,4,0.317253978,2,5
10,bimodal,Task B ,1,2,1,1.064876705,3,1,18.28850904,5,0.215270172,3,3
10,bimodal,Task B ,1,1,0,0.127834184,1,2,80.96256645,6,-0.003714871,1,4
1,bimodal,Task B ,1,3,1,-0.617803609,4,1,163.0834371,1,0.409576908,4,2
1,bimodal,Task B ,1,3,1,-0.158581013,3,1,159.9296855,2,-0.333153755,3,2
1,bimodal,Task B ,1,3,1,0.079184914,3,1,255.4269312,3,0.227560676,3,2
1,bimodal,Task B ,2,1,1,-0.081181936,1,2,316.4407244,4,2.012473275,1,5
1,bimodal,Task B ,1,2,1,0.495163917,1,1,93.24827777,5,-0.36390898,1,3
1,bimodal,Task B ,2,1,0,0.969711042,1,1,268.3430194,6,0.062704104,1,5
2,bimodal,Task B ,2,2,0,0.064099352,4,1,338.5909423,1,-0.354877294,4,6
2,bimodal,Task B ,1,1,0,2.144839084,3,2,116.203591,2,0.113037078,3,4
2,bimodal,Task B ,2,3,1,-1.78364487,2,2,178.6906304,3,1.395755044,2,7
2,bimodal,Task B ,2,2,1,0.838712682,1,2,98.95993929,4,-0.010426936,1,6
2,bimodal,Task B ,1,2,1,-0.180826174,1,1,126.3000423,5,-0.037591198,1,3
2,bimodal,Task B ,2,3,1,0.412680393,2,2,161.836451,6,1.908818203,2,7
3,bimodal,Task B ,1,4,1,-0.405659895,2,1,83.14484873,1,0.204946258,2,1
3,bimodal,Task B ,2,4,1,0.514381116,4,2,272.9483079,2,-0.833530989,4,8
3,bimodal,Task B ,2,3,1,-0.62448328,1,2,146.747376,3,-0.642144236,1,7
3,bimodal,Task B ,1,4,1,0.322863161,3,1,182.4232722,4,0.235677249,3,1
3,bimodal,Task B ,2,4,1,3.111122197,4,2,79.59124624,5,-1.214505457,4,8
3,bimodal,Task B ,1,2,1,0.058068277,2,1,149.8514473,6,-0.016578369,2,3
4,bimodal,Task B ,2,2,0,-0.169122873,2,1,46.46426179,1,-0.293144244,2,6
4,bimodal,Task B ,1,2,0,-0.510586125,4,2,239.1610085,2,2.652839954,4,3
4,bimodal,Task B ,2,1,1,-0.415054676,1,2,7.377514178,3,-1.780952139,1,5
4,bimodal,Task B ,2,4,0,0.610647842,4,1,309.5114369,4,0.324132024,4,8
4,bimodal,Task B ,1,2,1,-0.599893055,3,1,41.21154901,5,0.442526031,3,3
4,bimodal,Task B ,1,2,0,-0.127959693,2,2,230.5708497,6,0.767667188,2,3
5,bimodal,Task B ,1,2,1,-0.501293356,1,1,286.6124557,1,-0.221555602,1,3
5,bimodal,Task B ,2,4,1,0.503413249,2,2,349.5437658,2,1.778292878,2,8
5,bimodal,Task B ,1,3,0,-0.090234477,4,2,272.7009773,3,1.278219409,4,2
5,bimodal,Task B ,1,2,1,-0.533552299,2,1,190.260205,4,-0.144179978,2,3
5,bimodal,Task B ,1,4,0,0.525948912,2,2,109.5112169,5,0.129306753,2,1
5,bimodal,Task B ,2,2,1,-0.567181826,2,2,259.6387889,6,-1.533715565,2,6
6,bimodal,Task B ,2,3,0,-0.342736136,4,1,105.6866009,1,-0.150412732,4,7
6,bimodal,Task B ,1,2,0,-1.098629839,3,2,315.614429,2,-0.459115626,3,3
6,bimodal,Task B ,1,2,0,-0.850316929,3,2,246.8558885,3,-0.406273321,3,3
6,bimodal,Task B ,1,2,1,-0.388909841,1,1,351.7860427,4,0.017983391,1,3
6,bimodal,Task B ,2,2,0,0.330858972,3,1,68.08289434,5,-0.551289293,3,6
6,bimodal,Task B ,2,2,1,1.1636805,3,2,43.11195679,6,1.62532779,3,6
7,bimodal,Task B ,2,4,1,2.53251337,2,2,270.9408585,1,0.261181732,2,8
7,bimodal,Task B ,1,1,1,0.407033293,4,1,346.4521395,2,0.313040174,4,4
7,bimodal,Task B ,1,1,0,-0.003095664,3,2,110.6097305,3,-0.879238744,3,4
7,bimodal,Task B ,1,1,1,-0.274433242,2,1,209.9757397,4,-0.52915098,2,4
7,bimodal,Task B ,2,4,1,-1.885317136,3,2,145.4878221,5,-0.987725047,3,8
7,bimodal,Task B ,1,1,0,2.359615253,2,2,320.33399,6,-1.844637349,2,4
8,bimodal,Task B ,1,4,1,0.039963939,3,1,149.5273297,1,0.005585419,3,1
8,bimodal,Task B ,1,4,1,0.088306071,2,1,137.1214464,2,0.100627968,2,1
8,bimodal,Task B ,1,4,1,0.48235828,4,1,147.2227401,3,-0.239714671,4,1
8,bimodal,Task B ,2,4,1,0.638930585,4,2,9.578891487,4,-1.34040871,4,8
8,bimodal,Task B ,2,4,1,-2.086502486,3,2,101.5799512,5,0.837981637,3,8
8,bimodal,Task B ,1,4,1,-0.317104419,3,1,327.7563845,6,-0.095345606,3,1
9,bimodal,Task B ,1,1,1,0.491432045,2,1,232.7242677,1,-0.234028983,2,4
9,bimodal,Task B ,2,1,0,0.073630893,2,1,82.16662775,2,0.19006268,2,5
9,bimodal,Task B ,2,4,0,0.150910232,4,1,335.54827,3,0.575942965,4,8
9,bimodal,Task B ,1,1,1,-0.053070271,3,1,5.819368781,4,-0.333126743,3,4
9,bimodal,Task B ,1,3,0,1.535562219,2,2,337.4719535,5,0.213709278,2,2
9,bimodal,Task B ,1,1,0,-1.730841776,2,2,10.55629353,6,0.363391811,2,4
10,bimodal,Task B ,1,1,0,0.653467822,4,2,132.6848883,1,-0.506003448,4,4
10,bimodal,Task B ,2,3,1,-1.602800225,4,2,204.6049692,2,-1.665685386,4,7
10,bimodal,Task B ,2,1,1,1.092583035,4,2,347.5271091,3,0.323056272,4,5
10,bimodal,Task B ,1,1,0,-1.398530885,2,2,197.5504367,4,-0.648855235,2,4
10,bimodal,Task B ,1,2,1,0.400245068,1,1,104.2898773,5,0.323602739,1,3
10,bimodal,Task B ,1,2,1,0.277575659,3,1,29.78853072,6,0.206778372,3,3
1,bimodal,Task B ,1,3,1,-0.524515026,4,1,247.0321972,1,-0.183293184,4,2
1,bimodal,Task B ,2,2,1,-1.717800136,1,2,238.6135298,2,1.357686103,1,6
1,bimodal,Task B ,1,3,0,0.477393362,1,2,28.3953033,3,-0.991826504,1,2
1,bimodal,Task B ,2,2,0,0.217087122,2,1,278.8670494,4,1.037407294,2,6
1,bimodal,Task B ,1,4,0,-0.136765723,4,2,218.4363983,5,1.706215156,4,1
1,bimodal,Task B ,2,2,1,-1.650887262,2,2,244.6541926,6,-0.393725482,2,6
2,bimodal,Task B ,2,3,1,2.660532711,4,2,33.80352936,1,-0.520465642,4,7
2,bimodal,Task B ,2,3,1,0.530429141,1,2,142.3799063,2,1.008063827,1,7
2,bimodal,Task B ,2,3,1,-1.464819497,4,2,10.49092857,3,-1.598664329,4,7
2,bimodal,Task B ,2,3,1,-2.085572278,1,2,10.34179992,4,0.513124131,1,7
2,bimodal,Task B ,2,3,1,2.227202711,2,2,21.09534226,5,-0.599561563,2,7
2,bimodal,Task B ,1,3,0,0.783607884,2,2,316.6230059,6,-1.050874903,2,2
3,bimodal,Task B ,2,4,1,-1.480480537,2,2,218.3829818,1,-0.560870392,2,8
3,bimodal,Task B ,1,4,1,-0.003530421,3,1,20.13377894,2,-0.175834123,3,1
3,bimodal,Task B ,1,3,1,0.057183075,2,1,110.2483671,3,-0.452693711,2,2
3,bimodal,Task B ,2,3,0,0.447685124,1,1,184.8243093,4,0.510524246,1,7
3,bimodal,Task B ,1,2,1,0.317402813,1,1,95.04236062,5,0.182901033,1,3
3,bimodal,Task B ,2,4,1,1.662284004,4,2,1.647854712,6,-3.250933076,4,8
4,bimodal,Task B ,2,3,0,0.119441841,4,1,259.8848302,1,0.229125691,4,7
4,bimodal,Task B ,2,3,1,-1.803475457,2,2,290.1547645,2,1.646911149,2,7
4,bimodal,Task B ,1,2,1,0.074231658,1,1,303.2997564,3,-0.256079651,1,3
4,bimodal,Task B ,1,2,1,-0.401731705,1,1,305.2028882,4,-0.027388303,1,3
4,bimodal,Task B ,2,3,0,-0.205953796,4,1,209.6198987,5,-0.042318947,4,7
4,bimodal,Task B ,1,1,0,-0.194995216,3,2,18.12809295,6,-0.400017279,3,4
5,bimodal,Task B ,2,4,1,-1.479064396,2,2,333.3104258,1,-1.017861388,2,8
5,bimodal,Task B ,2,4,1,0.601982977,3,2,179.5220494,2,2.518448255,3,8
5,bimodal,Task B ,2,4,1,0.49365301,3,2,199.2080706,3,3.998856464,3,8
5,bimodal,Task B ,1,3,1,0.343640556,2,1,125.0675152,4,0.532959608,2,2
5,bimodal,Task B ,2,2,0,0.622111872,2,1,38.9352063,5,-0.288889568,2,6
5,bimodal,Task B ,1,2,0,0.310122042,2,2,181.9500582,6,-1.503398761,2,3
6,bimodal,Task B ,1,2,1,-0.337801357,4,1,245.8526069,1,-0.654821226,4,3
6,bimodal,Task B ,1,1,1,-0.304774483,2,1,213.3109548,2,-0.772225131,2,4
6,bimodal,Task B ,1,2,1,0.242445696,2,1,142.6393509,3,-0.522949851,2,3
6,bimodal,Task B ,1,2,1,0.095004373,4,1,63.83235614,4,-0.149023004,4,3
6,bimodal,Task B ,2,2,1,-1.957363786,1,2,25.6251083,5,1.279685453,1,6
6,bimodal,Task B ,1,1,1,-0.047131476,3,1,154.7829288,6,-0.565337997,3,4
7,bimodal,Task B ,1,4,1,-0.219580106,2,1,132.6349689,1,-0.171273368,2,1
7,bimodal,Task B ,1,4,0,0.891747072,3,2,306.5954852,2,-0.150831152,3,1
7,bimodal,Task B ,1,1,0,-1.269805293,2,2,25.74683761,3,0.105755999,2,4
7,bimodal,Task B ,1,1,0,0.702190223,2,2,119.5187963,4,-0.845867978,2,4
7,bimodal,Task B ,1,4,0,-0.529212798,4,2,119.5550817,5,-0.182437245,4,1
7,bimodal,Task B ,1,1,0,2.204406788,2,2,34.84805602,6,-0.365233795,2,4
8,bimodal,Task B ,1,4,0,-1.535373379,2,2,328.1268566,1,-2.649715674,2,1
8,bimodal,Task B ,1,4,1,0.531042641,4,1,345.4407996,2,-0.227275882,4,1
8,bimodal,Task B ,2,1,0,0.320766738,2,1,45.88133088,3,-0.484275507,2,5
8,bimodal,Task B ,1,4,0,-0.428666009,1,2,127.8866925,4,-0.688683658,1,1
8,bimodal,Task B ,2,4,0,1.056090824,2,1,178.7253508,5,-0.852179746,2,8
8,bimodal,Task B ,2,4,1,1.136022577,2,2,121.7460636,6,-1.055702532,2,8
9,bimodal,Task B ,1,1,1,0.113709137,3,1,335.3667096,1,0.258989154,3,4
9,bimodal,Task B ,1,1,0,0.476168656,3,2,30.32414812,2,0.15781773,3,4
9,bimodal,Task B ,1,2,0,-0.741838645,4,2,186.6194932,3,-1.595225575,4,3
9,bimodal,Task B ,2,2,1,0.805365533,3,2,320.1826541,4,0.593107127,3,6
9,bimodal,Task B ,1,3,0,0.070284553,3,2,324.301613,5,-0.843226054,3,2
9,bimodal,Task B ,1,2,1,-0.024470558,2,1,167.8270014,6,-0.25904927,2,3
10,bimodal,Task B ,1,1,1,0.237872711,1,1,88.09994312,1,0.199557624,1,4
10,bimodal,Task B ,1,1,1,-0.038072374,2,1,164.4118269,2,-0.207043694,2,4
10,bimodal,Task B ,1,1,1,-0.462413889,1,1,230.2489532,3,-0.431008602,1,4
10,bimodal,Task B ,1,2,1,0.040048196,2,1,213.0309721,4,0.207578261,2,3
10,bimodal,Task B ,1,2,0,-0.636138044,3,2,162.3901429,5,3.037292697,3,3
10,bimodal,Task B ,1,2,0,1.311390914,1,2,211.1346393,6,0.724093972,1,3
1,bimodal,Task B ,1,2,0,0.398318783,4,2,178.9217035,1,-0.170068753,4,3
1,bimodal,Task B ,1,2,1,-0.013054508,2,1,46.50799189,2,0.263428991,2,3
1,bimodal,Task B ,1,2,1,0.722938214,4,1,67.4270347,3,-0.027461393,4,3
1,bimodal,Task B ,2,4,1,2.639729559,3,2,358.1536547,4,-1.601174214,3,8
1,bimodal,Task B ,1,3,1,0.261087184,4,1,192.876295,5,-0.273220572,4,2
1,bimodal,Task B ,1,2,0,1.016691619,1,2,237.1322128,6,0.95311421,1,3
2,bimodal,Task B ,2,3,0,0.097366941,4,1,70.02881785,1,0.380695086,4,7
2,bimodal,Task B ,1,2,1,0.205445113,2,1,305.7794218,2,0.209328365,2,3
2,bimodal,Task B ,1,2,1,-0.029664046,1,1,17.41773744,3,0.626238962,1,3
2,bimodal,Task B ,1,3,1,0.180940087,3,1,56.49372921,4,-0.158488368,3,2
2,bimodal,Task B ,1,3,1,-0.041383037,3,1,116.5332584,5,0.301358419,3,2
2,bimodal,Task B ,1,3,0,0.00519768,2,2,303.4769129,6,-0.355814229,2,2
3,bimodal,Task B ,2,4,1,1.12785257,1,2,107.0542195,1,-0.18574767,1,8
3,bimodal,Task B ,1,3,1,-0.536886992,3,1,274.9892204,2,0.386020642,3,2
3,bimodal,Task B ,1,3,0,-1.074014436,3,2,15.76076795,3,0.619485568,3,2
3,bimodal,Task B ,1,2,1,-0.401361876,3,1,116.8594932,4,0.408764412,3,3
3,bimodal,Task B ,2,4,1,-2.14194754,3,2,190.5120516,5,1.95194855,3,8
3,bimodal,Task B ,1,3,1,0.301756134,3,1,53.84231612,6,0.026862071,3,2
4,bimodal,Task B ,1,3,1,-0.521351488,4,1,161.7563228,1,0.054122539,4,2
4,bimodal,Task B ,2,4,0,-0.623734558,2,1,241.7857789,2,0.607491918,2,8
4,bimodal,Task B ,2,4,0,-0.249376118,3,1,9.01478994,3,0.00852335,3,8
4,bimodal,Task B ,1,3,0,-0.072467601,3,2,112.0864379,4,-0.691255676,3,2
4,bimodal,Task B ,1,3,1,0.378174995,2,1,351.9031593,5,0.566658022,2,2
4,bimodal,Task B ,1,1,1,-0.096595455,2,1,138.3039654,6,0.35406215,2,4
5,bimodal,Task B ,1,1,1,0.211243709,1,1,26.60692866,1,-0.047662404,1,4
5,bimodal,Task B ,2,4,1,-1.953016647,2,2,221.5520673,2,0.170680758,2,8
5,bimodal,Task B ,1,4,1,0.409531594,1,1,210.6778646,3,-0.206973044,1,1
5,bimodal,Task B ,1,4,1,-0.069868024,4,1,85.35111617,4,0.332214243,4,1
5,bimodal,Task B ,1,4,0,0.052318989,4,2,359.9173946,5,-2.398656709,4,1
5,bimodal,Task B ,1,4,1,0.140370126,1,1,63.66522457,6,-0.2054353,1,1
6,bimodal,Task B ,1,2,0,-0.353592657,1,2,155.4511041,1,-1.01068501,1,3
6,bimodal,Task B ,2,2,0,-0.736157543,3,1,26.11168958,2,-0.15222193,3,6
6,bimodal,Task B ,1,2,0,-0.501890215,1,2,138.64426,3,0.336131273,1,3
6,bimodal,Task B ,1,2,1,0.038493719,3,1,21.75934592,4,0.462159283,3,3
6,bimodal,Task B ,2,2,1,2.354008487,2,2,31.18775699,5,0.131129909,2,6
6,bimodal,Task B ,1,2,1,0.102056891,3,1,31.2638421,6,0.131754974,3,3
7,bimodal,Task B ,1,1,0,-0.276906986,3,2,122.4033047,1,-1.829489174,3,4
7,bimodal,Task B ,1,2,0,1.101155079,1,2,216.1435589,2,-1.653785664,1,3
7,bimodal,Task B ,1,4,0,0.053307935,2,2,121.9650178,3,2.737889809,2,1
7,bimodal,Task B ,1,4,1,0.153904334,4,1,300.3060534,4,-0.344588919,4,1
7,bimodal,Task B ,1,4,1,0.269918948,4,1,26.13370438,5,0.354747082,4,1
7,bimodal,Task B ,1,1,1,0.09053006,4,1,64.26835442,6,0.159141737,4,4
8,bimodal,Task B ,1,4,1,0.067705492,2,1,334.9870519,1,0.132420072,2,1
8,bimodal,Task B ,1,4,1,0.284135322,2,1,76.27601041,2,0.232472653,2,1
8,bimodal,Task B ,2,4,1,-2.969151604,1,2,326.4820406,3,1.177912543,1,8
8,bimodal,Task B ,1,4,1,0.269896983,3,1,256.640309,4,0.539982337,3,1
8,bimodal,Task B ,2,4,0,-0.267462544,3,1,99.57993173,5,-0.332706464,3,8
8,bimodal,Task B ,1,4,1,-0.288833028,1,1,167.0970239,6,-0.025088795,1,1
9,bimodal,Task B ,2,1,1,0.067312449,1,2,5.123789457,1,1.832488143,1,5
9,bimodal,Task B ,2,2,1,0.021916037,3,2,116.7886463,2,-2.807806711,3,6
9,bimodal,Task B ,2,1,1,-0.486656567,2,2,293.6855496,3,0.033308299,2,5
9,bimodal,Task B ,1,2,0,-3.345462088,1,2,205.7002608,4,-0.365388514,1,3
9,bimodal,Task B ,2,1,1,-0.870689631,4,2,60.72414031,5,-0.025300298,4,5
9,bimodal,Task B ,1,2,1,0.024606298,4,1,26.44435615,6,0.086861226,4,3
10,bimodal,Task B ,1,1,1,0.257593099,1,1,255.2909335,1,-0.746527784,1,4
10,bimodal,Task B ,1,1,0,0.397802774,1,2,283.3074438,2,0.013100148,1,4
10,bimodal,Task B ,1,2,0,-0.353024619,1,2,143.076458,3,1.846243523,1,3
10,bimodal,Task B ,1,2,1,-0.450326085,3,1,233.3391978,4,0.399599886,3,3
10,bimodal,Task B ,1,2,1,-0.636140547,4,1,250.3028028,5,0.313825386,4,3
10,bimodal,Task B ,1,2,1,0.190599721,1,1,213.2845823,6,0.449431505,1,3
1,bimodal,Task B ,1,3,1,-0.219067611,2,1,234.2485463,1,-0.393661194,2,2
1,bimodal,Task B ,2,4,1,1.518867927,2,2,162.6284876,2,-3.474220233,2,8
1,bimodal,Task B ,2,2,1,-1.450309668,1,2,291.1255421,3,-1.079401128,1,6
1,bimodal,Task B ,1,3,1,0.022000909,4,1,233.8029931,4,0.082377777,4,2
1,bimodal,Task B ,1,3,1,0.011874048,4,1,279.4540878,5,-0.363771789,4,2
1,bimodal,Task B ,1,2,0,-0.241865705,1,2,317.1308147,6,0.620330511,1,3
2,bimodal,Task B ,1,1,0,-2.181384662,1,2,180.4281541,1,-0.428698281,1,4
2,bimodal,Task B ,1,1,1,-0.325147092,2,1,270.5836109,2,0.205962948,2,4
2,bimodal,Task B ,1,2,1,-0.455652665,4,1,68.84903894,3,-0.082988618,4,3
2,bimodal,Task B ,1,1,1,0.128913317,1,1,209.8968717,4,-0.334451544,1,4
2,bimodal,Task B ,1,3,1,-0.131191616,3,1,95.41461995,5,-0.085917833,3,2
2,bimodal,Task B ,2,3,1,-1.064996209,2,2,337.0580589,6,-1.770524793,2,7
3,bimodal,Task B ,2,2,1,0.49230879,2,2,9.844960537,1,1.084002862,2,6
3,bimodal,Task B ,2,4,1,0.295175177,1,2,280.4610749,2,-1.62988713,1,8
3,bimodal,Task B ,2,2,1,1.111109319,3,2,259.1984797,3,1.871669,3,6
3,bimodal,Task B ,2,4,1,2.625266759,4,2,175.7730323,4,1.213693594,4,8
3,bimodal,Task B ,1,3,1,0.116660738,2,1,69.69167433,5,-0.078302894,2,2
3,bimodal,Task B ,1,3,1,0.403705464,3,1,334.369842,6,-0.236823318,3,2
4,bimodal,Task B ,1,3,1,-0.28011997,2,1,196.1889404,1,0.575943044,2,2
4,bimodal,Task B ,1,2,1,0.015457701,3,1,23.14106346,2,-0.372391187,3,3
4,bimodal,Task B ,1,3,0,-1.623598962,3,2,103.9243482,3,0.064246343,3,2
4,bimodal,Task B ,2,1,1,0.49665737,1,2,215.3702222,4,1.867678326,1,5
4,bimodal,Task B ,1,1,0,0.488224684,1,2,282.1801189,5,-0.303603909,1,4
4,bimodal,Task B ,1,1,1,-0.225947226,1,1,58.67350486,6,0.470895322,1,4
5,bimodal,Task B ,1,3,0,-0.539645066,3,2,67.61085284,1,-0.24638299,3,2
5,bimodal,Task B ,2,4,1,-1.364583865,4,2,112.9896309,2,-1.648787002,4,8
5,bimodal,Task B ,2,4,1,-1.063583062,4,2,215.0809363,3,-3.161183551,4,8
5,bimodal,Task B ,1,2,1,0.109884487,2,1,312.7472959,4,0.189448467,2,3
5,bimodal,Task B ,1,4,1,-0.150910073,3,1,85.46521723,5,0.482712173,3,1
5,bimodal,Task B ,1,4,0,0.325440622,2,2,269.9182948,6,-0.444817526,2,1
6,bimodal,Task B ,1,3,0,-0.243825663,4,2,119.0774361,1,-0.872415759,4,2
6,bimodal,Task B ,2,2,1,3.005466784,2,2,93.09366771,2,-0.044185756,2,6
6,bimodal,Task B ,1,2,1,0.642899892,2,1,71.84469793,3,-0.26576251,2,3
6,bimodal,Task B ,1,2,1,-0.41719573,2,1,4.693689449,4,0.072543351,2,3
6,bimodal,Task B ,1,2,0,-1.877945409,3,2,274.3586969,5,0.119927016,3,3
6,bimodal,Task B ,2,2,0,-0.178183458,3,1,223.1499105,6,-0.137190846,3,6
7,bimodal,Task B ,1,1,0,-0.918504398,1,2,70.26298467,1,-0.487504341,1,4
7,bimodal,Task B ,1,1,0,-0.231726066,4,2,102.3037842,2,-0.585224761,4,4
7,bimodal,Task B ,1,1,1,-0.019163513,1,1,197.5617949,3,-0.150943981,1,4
7,bimodal,Task B ,2,1,0,0.312423942,4,1,3.941233974,4,0.622901467,4,5
7,bimodal,Task B ,1,1,0,-0.847879543,3,2,340.081736,5,0.830004421,3,4
7,bimodal,Task B ,1,4,0,-2.477380133,4,2,226.6460676,6,-0.552258483,4,1
8,bimodal,Task B ,1,4,1,0.086976624,4,1,118.4350325,1,-0.089455598,4,1
8,bimodal,Task B ,2,4,1,2.552619376,2,2,59.70415762,2,0.54014345,2,8
8,bimodal,Task B ,2,4,0,0.144291925,3,1,223.509186,3,0.17703064,3,8
8,bimodal,Task B ,1,4,1,-0.184247304,4,1,242.9027222,4,0.219002655,4,1
8,bimodal,Task B ,1,4,1,0.054563063,2,1,78.04169419,5,0.417065261,2,1
8,bimodal,Task B ,1,4,1,-0.329523018,1,1,150.165542,6,0.00897826,1,1
9,bimodal,Task B ,2,4,0,-0.336429418,4,1,291.152957,1,0.099427279,4,8
9,bimodal,Task B ,1,4,1,0.206404669,4,1,108.6125725,2,-0.491038323,4,1
9,bimodal,Task B ,1,1,0,0.526406715,2,2,134.2347283,3,0.894933453,2,4
9,bimodal,Task B ,1,2,0,-0.803214678,3,2,272.5123283,4,-0.441205563,3,3
9,bimodal,Task B ,2,3,1,-2.348605238,3,2,237.4443088,5,1.170121996,3,7
9,bimodal,Task B ,1,2,0,-0.462801628,4,2,258.1968683,6,-0.546782144,4,3
10,bimodal,Task B ,1,1,1,-0.809863365,2,1,180.495966,1,0.061756524,2,4
10,bimodal,Task B ,1,2,1,-0.074353856,3,1,114.8824418,2,0.162348894,3,3
10,bimodal,Task B ,2,1,0,0.21184131,4,1,122.7302615,3,0.421552799,4,5
10,bimodal,Task B ,1,1,0,0.422652786,2,2,135.4201634,4,-1.052832024,2,4
10,bimodal,Task B ,2,3,1,-2.074677097,4,2,132.1971331,5,0.814119998,4,7
10,bimodal,Task B ,1,2,0,-0.693312321,3,2,204.1696473,6,-0.029506618,3,3
1,bimodal,Task B ,2,4,1,0.798547127,4,2,314.8142049,1,-2.132522474,4,8
1,bimodal,Task B ,2,1,1,1.180079895,1,2,234.5699423,2,3.088092521,1,5
1,bimodal,Task B ,1,3,1,-0.411839446,3,1,267.067358,3,-0.274577347,3,2
1,bimodal,Task B ,1,3,1,0.334052197,3,1,315.2184468,4,0.026973991,3,2
1,bimodal,Task B ,2,1,0,-0.426425533,1,1,279.23007,5,-0.075084383,1,5
1,bimodal,Task B ,2,2,0,-0.120384874,1,1,304.4235956,6,-0.502613567,1,6
2,bimodal,Task B ,1,1,0,0.352066784,3,2,63.54901588,1,-2.773013929,3,4
2,bimodal,Task B ,2,2,1,0.357834278,2,2,313.6193566,2,0.873613409,2,6
2,bimodal,Task B ,1,2,1,-0.400637196,3,1,91.18007727,3,0.480699695,3,3
2,bimodal,Task B ,1,2,0,0.287773942,4,2,169.5737041,4,0.951770897,4,3
2,bimodal,Task B ,1,2,1,0.059864845,2,1,109.203287,5,0.020198413,2,3
2,bimodal,Task B ,1,4,1,0.307653751,2,1,159.4157316,6,-0.055054505,2,1
3,bimodal,Task B ,2,4,1,0.741469224,4,2,262.4211121,1,-0.754946686,4,8
3,bimodal,Task B ,2,4,1,0.132759371,3,2,341.7035015,2,-1.979842655,3,8
3,bimodal,Task B ,1,3,1,0.370553603,3,1,167.3526963,3,0.089573312,3,2
3,bimodal,Task B ,1,1,0,-1.783776845,1,2,173.1788196,4,-0.008598198,1,4
3,bimodal,Task B ,2,3,1,-0.152727604,4,2,72.67257447,5,3.080910521,4,7
3,bimodal,Task B ,1,2,1,0.14363153,4,1,347.4783787,6,-0.125655282,4,3
4,bimodal,Task B ,1,3,1,-0.369866089,1,1,340.7681017,1,-0.339997459,1,2
4,bimodal,Task B ,1,2,0,-0.195160156,3,2,232.4656441,2,-2.372208844,3,3
4,bimodal,Task B ,1,1,1,0.599102175,4,1,289.5248963,3,-0.194943105,4,4
4,bimodal,Task B ,1,2,1,0.091613642,2,1,68.98900455,4,0.180835145,2,3
4,bimodal,Task B ,1,2,0,0.27417405,2,2,317.5780428,5,-0.129201255,2,3
4,bimodal,Task B ,1,1,1,0.123603988,3,1,295.0092476,6,0.110057641,3,4
5,bimodal,Task B ,1,1,1,0.046292655,1,1,240.9712464,1,-0.021495182,1,4
5,bimodal,Task B ,1,3,0,-0.779822543,3,2,301.5499487,2,-0.999755605,3,2
5,bimodal,Task B ,1,3,1,-0.23073177,4,1,69.93686241,3,0.262895273,4,2
5,bimodal,Task B ,2,4,1,1.690565064,4,2,297.4138309,4,-2.037302314,4,8
5,bimodal,Task B ,1,4,1,0.374370699,2,1,225.6784467,5,-0.275737871,2,1
5,bimodal,Task B ,2,2,1,-0.658476102,4,2,196.4788165,6,-0.356128578,4,6
6,bimodal,Task B ,1,1,0,2.54880985,1,2,259.5821242,1,-2.009997622,1,4
6,bimodal,Task B ,2,2,1,-1.5701606,1,2,189.9390174,2,0.311728982,1,6
6,bimodal,Task B ,2,2,0,0.214439079,4,1,141.7002894,3,-0.086596844,4,6
6,bimodal,Task B ,2,2,1,-2.129138316,4,2,142.7524616,4,0.300364057,4,6
6,bimodal,Task B ,1,2,1,-0.149804937,3,1,316.0946623,5,-0.490138254,3,3
6,bimodal,Task B ,2,2,1,2.517067071,1,2,337.2176042,6,2.546888217,1,6
7,bimodal,Task B ,1,1,1,0.051759068,2,1,241.95587,1,0.103301994,2,4
7,bimodal,Task B ,1,4,0,-0.347057288,4,2,58.18810923,2,-2.208675866,4,1
7,bimodal,Task B ,1,4,0,-1.120146362,3,2,281.1672525,3,0.20223076,3,1
7,bimodal,Task B ,1,1,1,0.307373227,1,1,232.893449,4,0.261572352,1,4
7,bimodal,Task B ,1,4,0,-1.002579567,3,2,89.1346644,5,0.959162786,3,1
7,bimodal,Task B ,1,4,1,0.097542657,2,1,341.8151122,6,1.058752611,2,1
8,bimodal,Task B ,2,4,1,1.659372389,3,2,342.0491128,1,-1.954324258,3,8
8,bimodal,Task B ,2,4,1,1.854824104,1,2,128.9834494,2,-0.539202725,1,8
8,bimodal,Task B ,2,4,0,0.251483122,1,1,69.29383667,3,-0.21601937,1,8
8,bimodal,Task B ,1,1,1,0.102061011,3,1,197.1288586,4,0.041195719,3,4
8,bimodal,Task B ,1,4,1,0.152759468,2,1,155.2557372,5,0.090225136,2,1
8,bimodal,Task B ,1,4,0,-0.37652924,1,2,165.1135384,6,-2.044573238,1,1
9,bimodal,Task B ,1,2,1,0.060880328,1,1,68.00784284,1,0.058614597,1,3
9,bimodal,Task B ,1,2,0,-1.214986939,1,2,123.5616629,2,-0.662735205,1,3
9,bimodal,Task B ,1,2,1,0.704965516,2,1,76.14842754,3,-0.001780333,2,3
9,bimodal,Task B ,1,3,0,-0.246195079,2,2,108.8951421,4,3.040445661,2,2
9,bimodal,Task B ,2,3,1,2.13307584,4,2,56.48412238,5,-0.574672181,4,7
9,bimodal,Task B ,1,1,0,0.306971244,1,2,245.3756312,6,-0.885659961,1,4
10,bimodal,Task B ,1,1,1,0.185616201,2,1,50.85639752,1,0.319169288,2,4
10,bimodal,Task B ,1,1,0,0.078111094,3,2,256.5828145,2,0.37235527,3,4
10,bimodal,Task B ,1,1,1,-0.19677136,3,1,303.1971395,3,-0.576370767,3,4
10,bimodal,Task B ,1,2,1,-0.125778106,3,1,206.6114878,4,0.208634564,3,3
10,bimodal,Task B ,2,2,1,-2.63050222,2,2,186.4185363,5,1.521356568,2,6
10,bimodal,Task B ,1,2,0,-0.331264445,1,2,130.0090821,6,1.061952935,1,3
1,bimodal,Task B ,2,1,1,-1.386569262,2,2,17.95495661,1,0.508078989,2,5
1,bimodal,Task B ,1,3,0,0.995553853,3,2,229.375519,2,1.282270274,3,2
1,bimodal,Task B ,2,4,1,-2.215107514,3,2,208.153316,3,-0.570604619,3,8
1,bimodal,Task B ,2,2,0,0.637298698,2,1,45.55051023,4,0.196220987,2,6
1,bimodal,Task B ,1,3,0,1.26800204,2,2,235.7188796,5,0.792412676,2,2
1,bimodal,Task B ,2,1,0,0.857897994,1,1,238.7297526,6,-0.02871052,1,5
2,bimodal,Task B ,1,2,1,0.182543114,2,1,338.7040487,1,0.343604441,2,3
2,bimodal,Task B ,1,3,1,0.259841996,1,1,326.6414814,2,-0.043746886,1,2
2,bimodal,Task B ,2,2,0,0.011479141,1,1,232.1128157,3,-0.551674519,1,6
2,bimodal,Task B ,2,4,1,2.373779475,2,2,96.88783513,4,-1.154012467,2,8
2,bimodal,Task B ,2,1,0,0.136752055,3,1,304.4456272,5,-0.470945422,3,5
2,bimodal,Task B ,1,4,1,-0.405408662,1,1,141.2338736,6,-0.289091767,1,1
3,bimodal,Task B ,2,3,0,0.120264462,3,1,11.44274357,1,-0.20073159,3,7
3,bimodal,Task B ,2,4,1,1.66319483,4,2,251.6304015,2,-1.36686085,4,8
3,bimodal,Task B ,1,4,1,-0.233789231,3,1,254.0218011,3,-0.129122226,3,1
3,bimodal,Task B ,1,4,1,0.312228713,4,1,50.67460623,4,-0.19267022,4,1
3,bimodal,Task B ,1,3,1,0.321531581,2,1,325.7026945,5,-0.092184472,2,2
3,bimodal,Task B ,1,2,0,-0.429514915,1,2,118.3841689,6,-1.979544375,1,3
4,bimodal,Task B ,2,4,1,0.928035428,3,2,123.9388223,1,1.322046648,3,8
4,bimodal,Task B ,2,2,1,1.236447417,2,2,262.6571299,2,-0.338236123,2,6
4,bimodal,Task B ,1,2,1,-0.001817822,3,1,172.7709022,3,0.369121881,3,3
4,bimodal,Task B ,1,2,1,-0.163780501,2,1,156.0414579,4,-0.024026248,2,3
4,bimodal,Task B ,1,2,0,0.348637862,4,2,289.974541,5,0.580872331,4,3
4,bimodal,Task B ,1,1,1,-0.614034695,2,1,218.6808768,6,0.324468467,2,4
5,bimodal,Task B ,1,3,0,0.826294007,3,2,191.9518099,1,-0.007660549,3,2
5,bimodal,Task B ,1,4,1,0.048272713,3,1,9.606479314,2,0.509144476,3,1
5,bimodal,Task B ,2,4,1,1.577188608,2,2,166.9857434,3,-0.053132055,2,8
5,bimodal,Task B ,2,2,0,-0.102426959,3,1,356.5352177,4,-0.193396989,3,6
5,bimodal,Task B ,1,4,1,0.512730391,4,1,27.79552701,5,0.200391264,4,1
5,bimodal,Task B ,1,4,1,-0.039283409,1,1,122.3483636,6,-0.438148102,1,1
6,bimodal,Task B ,2,2,0,0.296082393,1,1,300.2862615,1,0.227449741,1,6
6,bimodal,Task B ,1,2,0,1.527654493,2,2,179.4206237,2,-1.017303401,2,3
6,bimodal,Task B ,2,2,0,-0.671289616,4,1,182.0977479,3,-0.208136075,4,6
6,bimodal,Task B ,1,1,0,-0.371606309,3,2,125.9648803,4,-1.929526115,3,4
6,bimodal,Task B ,2,2,1,1.471283662,2,2,264.9450668,5,-1.155354299,2,6
6,bimodal,Task B ,2,1,0,0.065110284,4,1,5.490360691,6,0.828905384,4,5
7,bimodal,Task B ,1,1,1,-0.442414718,4,1,330.3520246,1,0.483848755,4,4
7,bimodal,Task B ,1,2,0,-0.815700028,2,2,17.99773441,2,0.482915276,2,3
7,bimodal,Task B ,1,4,0,0.989294215,1,2,228.7418049,3,-0.302283139,1,1
7,bimodal,Task B ,1,4,1,0.494646311,4,1,187.959812,4,0.220898614,4,1
7,bimodal,Task B ,1,4,0,0.194878938,4,2,291.3695922,5,-1.060319122,4,1
7,bimodal,Task B ,1,1,0,-2.386259877,1,2,129.821467,6,-1.995620655,1,4
8,bimodal,Task B ,1,4,0,0.423318424,4,2,98.18318205,1,-0.716616779,4,1
8,bimodal,Task B ,1,4,1,-0.351510855,4,1,290.4190385,2,0.358666297,4,1
8,bimodal,Task B ,1,4,1,-0.144478179,3,1,224.2222839,3,0.129215539,3,1
8,bimodal,Task B ,1,4,1,0.12752117,3,1,220.9830409,4,0.394095981,3,1
8,bimodal,Task B ,2,4,1,1.416059112,3,2,249.4323216,5,1.427179799,3,8
8,bimodal,Task B ,2,4,1,2.660863248,1,2,95.23062839,6,-0.416042409,1,8
9,bimodal,Task B ,1,1,1,0.417627369,3,1,218.3289375,1,-0.145489864,3,4
9,bimodal,Task B ,1,2,1,-0.035486962,4,1,132.0310844,2,-0.111609353,4,3
9,bimodal,Task B ,1,1,1,0.177613803,3,1,178.1770611,3,0.599531075,3,4
9,bimodal,Task B ,2,3,1,-1.890480485,1,2,49.34494369,4,1.053325025,1,7
9,bimodal,Task B ,1,2,0,0.509623858,3,2,302.7676348,5,0.950219581,3,3
9,bimodal,Task B ,1,1,0,-0.245185664,3,2,28.34287104,6,1.620157141,3,4
10,bimodal,Task B ,1,1,0,-0.781790834,2,2,78.94094862,1,-0.227104187,2,4
10,bimodal,Task B ,1,2,1,0.289258926,4,1,279.8811137,2,0.315775556,4,3
10,bimodal,Task B ,1,2,0,0.673132859,4,2,282.1087069,3,0.457667806,4,3
10,bimodal,Task B ,1,2,1,0.455800698,2,1,53.47553555,4,-0.049822299,2,3
10,bimodal,Task B ,1,2,1,-0.143884724,4,1,15.93407786,5,-0.092617771,4,3
10,bimodal,Task B ,2,2,1,1.306091484,4,2,258.0746306,6,-0.024306234,4,6
1,bimodal,Task B ,1,3,1,-0.321754703,2,1,95.17345952,1,-0.041552383,2,2
1,bimodal,Task B ,1,2,0,0.496036129,1,2,146.8888715,2,-0.69407512,1,3
1,bimodal,Task B ,2,2,1,-0.985038191,3,2,309.5199776,3,-0.02319078,3,6
1,bimodal,Task B ,1,2,1,0.182915003,1,1,18.66522819,4,0.237216582,1,3
1,bimodal,Task B ,2,1,1,1.766004424,1,2,91.82651823,5,1.110488993,1,5
1,bimodal,Task B ,2,3,1,-1.734827752,3,2,12.05492856,6,-1.079976563,3,7
2,bimodal,Task B ,1,1,0,-0.070756349,1,2,83.36282445,1,-1.020818872,1,4
2,bimodal,Task B ,2,2,1,0.114255204,2,2,352.4396989,2,-1.233547385,2,6
2,bimodal,Task B ,2,1,1,0.572770781,1,2,255.142226,3,0.683637948,1,5
2,bimodal,Task B ,2,2,0,0.448415396,1,1,245.3023169,4,-0.258205838,1,6
2,bimodal,Task B ,1,3,1,0.189106776,1,1,102.2026954,5,0.017859421,1,2
2,bimodal,Task B ,2,4,1,-1.431092137,3,2,323.4461764,6,-1.379240317,3,8
3,bimodal,Task B ,1,4,1,-0.112775016,3,1,337.8575219,1,0.208899874,3,1
3,bimodal,Task B ,1,3,0,0.233805505,2,2,35.04289658,2,-0.465152342,2,2
3,bimodal,Task B ,1,2,1,0.377333196,1,1,304.6598185,3,-0.172152429,1,3
3,bimodal,Task B ,2,2,1,-0.747576637,2,2,317.8703748,4,1.622894087,2,6
3,bimodal,Task B ,2,4,1,2.379814015,4,2,144.4013714,5,-1.204730583,4,8
3,bimodal,Task B ,2,4,1,1.922217575,2,2,356.7980524,6,2.239019,2,8
4,bimodal,Task B ,1,4,0,-0.789521731,4,2,177.7467254,1,-1.343899045,4,1
4,bimodal,Task B ,2,3,1,-2.039936543,1,2,355.2904726,2,-1.383283707,1,7
4,bimodal,Task B ,1,1,0,1.235299922,1,2,340.9247992,3,0.133849483,1,4
4,bimodal,Task B ,1,1,1,-0.213166494,3,1,148.2082456,4,0.042799857,3,4
4,bimodal,Task B ,1,2,1,-0.046241198,4,1,160.6983398,5,-0.271860736,4,3
4,bimodal,Task B ,1,1,1,-0.35535461,3,1,298.8692088,6,0.377360506,3,4
5,bimodal,Task B ,2,2,0,0.477667165,3,1,3.670398539,1,0.331195691,3,6
5,bimodal,Task B ,2,4,1,-1.889628587,2,2,89.53380023,2,0.960838525,2,8
5,bimodal,Task B ,2,4,1,-3.746632802,4,2,97.54956438,3,-0.73007791,4,8
5,bimodal,Task B ,1,4,1,-0.312387496,2,1,169.8131199,4,-0.379161924,2,1
5,bimodal,Task B ,2,3,1,1.330122062,1,2,24.728442,5,1.326306811,1,7
5,bimodal,Task B ,2,4,1,1.080534862,3,2,223.2683946,6,-4.149969607,3,8
6,bimodal,Task B ,1,3,1,0.750131151,4,1,187.7969869,1,0.27062298,4,2
6,bimodal,Task B ,2,2,0,0.454733085,2,1,67.44890697,2,-0.140922967,2,6
6,bimodal,Task B ,1,2,1,-0.663726839,3,1,178.9692744,3,0.543052093,3,3
6,bimodal,Task B ,1,2,0,-0.214511333,2,2,78.45177,4,0.475943731,2,3
6,bimodal,Task B ,1,2,1,-0.420675634,2,1,260.2362336,5,-0.357039563,2,3
6,bimodal,Task B ,2,2,1,-1.684981696,3,2,12.51490083,6,0.058080682,3,6
7,bimodal,Task B ,1,1,0,0.287876971,1,2,246.0658487,1,0.626364227,1,4
7,bimodal,Task B ,1,1,0,2.630196832,1,2,299.6480476,2,-0.669639955,1,4
7,bimodal,Task B ,1,1,0,-0.401182493,2,2,70.43722278,3,0.198123066,2,4
7,bimodal,Task B ,2,1,1,-0.519926711,4,2,36.44905258,4,0.900050257,4,5
7,bimodal,Task B ,2,1,0,0.382347561,1,1,238.9669659,5,-0.338411322,1,5
7,bimodal,Task B ,1,1,0,1.501549718,2,2,250.2837194,6,-1.03347911,2,4
8,bimodal,Task B ,2,4,0,-0.405824059,2,1,298.3488192,1,0.27523931,2,8
8,bimodal,Task B ,1,4,1,-0.253301775,4,1,88.63861068,2,0.652126484,4,1
8,bimodal,Task B ,2,4,1,1.650469338,3,2,251.9657287,3,2.833357151,3,8
8,bimodal,Task B ,1,4,1,-0.105868732,1,1,194.8948499,4,-0.062377246,1,1
8,bimodal,Task B ,2,4,1,-2.417667877,1,2,94.50842826,5,1.87684525,1,8
8,bimodal,Task B ,1,4,1,-0.096154561,1,1,202.6966599,6,-0.086892933,1,1
9,bimodal,Task B ,1,2,1,-0.002065584,4,1,110.899143,1,-0.100141948,4,3
9,bimodal,Task B ,2,1,1,1.892971647,3,2,89.0455041,2,-1.750807532,3,5
9,bimodal,Task B ,2,2,0,0.26519467,3,1,348.6678065,3,0.609750702,3,6
9,bimodal,Task B ,2,1,1,0.7739357,3,2,339.4354113,4,-1.34065109,3,5
9,bimodal,Task B ,1,1,1,0.451691432,1,1,244.3120032,5,0.33583135,1,4
9,bimodal,Task B ,1,1,1,0.030887087,1,1,98.81949416,6,0.496310088,1,4
10,bimodal,Task B ,2,2,0,-0.375251761,3,1,350.6618621,1,0.569671948,3,6
10,bimodal,Task B ,2,1,1,1.257127379,1,2,153.729839,2,-0.14843285,1,5
10,bimodal,Task B ,1,1,0,0.418441264,1,2,185.2194701,3,0.321566994,1,4
10,bimodal,Task B ,1,3,0,1.672050223,1,2,308.9076831,4,0.269183036,1,2
10,bimodal,Task B ,1,2,1,0.462574455,1,1,332.7104932,5,0.295322378,1,3
10,bimodal,Task B ,1,2,1,0.121735062,2,1,230.4370256,6,-0.066594018,2,3
1,bimodal,Task B ,1,3,1,-0.551463553,4,1,47.40159455,1,-0.011611701,4,2
1,bimodal,Task B ,2,2,1,2.719361584,2,2,225.0742015,2,0.498233684,2,6
1,bimodal,Task B ,1,3,1,0.524561862,2,1,41.63448414,3,0.111652264,2,2
1,bimodal,Task B ,1,3,1,0.36047814,2,1,203.0327888,4,0.539911863,2,2
1,bimodal,Task B ,2,2,1,1.245276515,3,2,276.5245575,5,2.377112589,3,6
1,bimodal,Task B ,1,3,1,0.275626056,3,1,248.0588593,6,-0.186656316,3,2
2,bimodal,Task B ,1,1,1,-0.158132145,1,1,73.44538177,1,1.037989191,1,4
2,bimodal,Task B ,1,3,1,-0.10720968,4,1,36.28768624,2,0.253868831,4,2
2,bimodal,Task B ,1,3,1,-0.039849874,1,1,165.232504,3,-0.011674556,1,2
2,bimodal,Task B ,2,3,1,-1.615022094,2,2,155.3914672,4,-1.040812012,2,7
2,bimodal,Task B ,2,3,1,-0.89620001,1,2,285.6372372,5,-0.485269966,1,7
2,bimodal,Task B ,1,3,1,0.158822714,2,1,1.588062236,6,-0.588547798,2,2
3,bimodal,Task B ,1,3,0,0.313077885,4,2,125.3808588,1,0.690921114,4,2
3,bimodal,Task B ,2,3,1,-1.219414359,3,2,230.6204912,2,-0.486053919,3,7
3,bimodal,Task B ,2,2,0,-0.542518208,4,1,336.1428403,3,-0.565137192,4,6
3,bimodal,Task B ,1,4,1,-0.330850959,1,1,152.3750056,4,0.257115573,1,1
3,bimodal,Task B ,2,4,1,1.243423848,4,2,209.5797786,5,-2.443823188,4,8
3,bimodal,Task B ,2,3,1,0.72540386,2,2,141.6233456,6,-1.558288444,2,7
4,bimodal,Task B ,1,3,1,0.34529887,3,1,350.7006575,1,0.107570877,3,2
4,bimodal,Task B ,1,3,1,-0.047450614,1,1,52.37870553,2,0.335864235,1,2
4,bimodal,Task B ,2,2,1,1.543558815,3,2,1.939736876,3,-1.642133207,3,6
4,bimodal,Task B ,1,2,0,1.212290496,1,2,37.54655351,4,-0.320597325,1,3
4,bimodal,Task B ,1,3,1,-0.459644621,3,1,122.5342143,5,0.40327728,3,2
4,bimodal,Task B ,2,3,1,1.578094247,3,2,49.18733548,6,-0.10901695,3,7
5,bimodal,Task B ,1,4,1,-0.549015533,4,1,9.903667083,1,-0.43262692,4,1
5,bimodal,Task B ,2,4,1,1.460663839,1,2,289.5854069,2,0.543420883,1,8
5,bimodal,Task B ,1,4,1,-0.052124423,2,1,309.5021581,3,-0.02414017,2,1
5,bimodal,Task B ,1,2,0,0.299929279,2,2,308.2407228,4,-1.035108579,2,3
5,bimodal,Task B ,2,2,1,-0.616185519,4,2,299.8221534,5,0.980144609,4,6
5,bimodal,Task B ,2,1,1,1.43266022,1,2,185.5140762,6,0.371593614,1,5
6,bimodal,Task B ,2,2,1,-0.302173017,1,2,12.10413413,1,0.56054356,1,6
6,bimodal,Task B ,1,2,1,-0.097145636,2,1,67.06788235,2,-0.2612483,2,3
6,bimodal,Task B ,1,2,1,-0.615052357,3,1,179.3744733,3,0.203617467,3,3
6,bimodal,Task B ,2,2,0,0.631955576,4,1,355.2915341,4,0.235521171,4,6
6,bimodal,Task B ,1,2,1,0.027990416,2,1,33.88396101,5,0.126100586,2,3
6,bimodal,Task B ,2,3,0,0.458376549,2,1,47.83897655,6,0.208928234,2,7
7,bimodal,Task B ,1,1,1,-0.04892478,3,1,123.4911942,1,0.477736965,3,4
7,bimodal,Task B ,1,1,1,0.570619958,1,1,272.2161937,2,0.382331406,1,4
7,bimodal,Task B ,1,4,1,-0.009977119,3,1,130.4889095,3,0.184653023,3,1
7,bimodal,Task B ,1,4,1,-0.051157072,4,1,74.41852801,4,0.191109696,4,1
7,bimodal,Task B ,1,4,1,0.39940301,2,1,318.573075,5,0.155908954,2,1
7,bimodal,Task B ,1,4,0,0.962830175,4,2,262.7125165,6,1.762799034,4,1
8,bimodal,Task B ,1,4,1,0.178794916,2,1,266.7900891,1,-0.6097067,2,1
8,bimodal,Task B ,1,4,1,0.098676044,3,1,51.96718137,2,0.049878406,3,1
8,bimodal,Task B ,1,4,1,0.043918756,3,1,178.4821064,3,0.059360202,3,1
8,bimodal,Task B ,1,4,0,-0.310499646,1,2,166.9771028,4,-0.68445327,1,1
8,bimodal,Task B ,2,4,0,0.332236682,1,1,243.4251138,5,-0.09413816,1,8
8,bimodal,Task B ,2,4,1,1.228679258,4,2,218.7398389,6,-0.655738042,4,8
9,bimodal,Task B ,2,2,0,-0.481891682,2,1,123.5759033,1,-0.585548242,2,6
9,bimodal,Task B ,2,1,1,2.497340502,1,2,238.7310129,2,-1.407571371,1,5
9,bimodal,Task B ,1,1,1,-0.036329166,1,1,72.1433062,3,0.420422069,1,4
9,bimodal,Task B ,1,4,1,0.162205374,4,1,226.2293985,4,-0.597333845,4,1
9,bimodal,Task B ,1,3,1,-0.653553078,2,1,275.358137,5,0.193962331,2,2
9,bimodal,Task B ,2,2,1,1.459392271,4,2,310.2066377,6,1.006860712,4,6
10,bimodal,Task B ,2,1,1,0.369831584,2,2,94.98230072,1,-0.333679189,2,5
10,bimodal,Task B ,1,1,0,1.363415938,2,2,19.95383793,2,2.705565927,2,4
10,bimodal,Task B ,2,2,1,1.243291751,2,2,170.4714998,3,-0.421817669,2,6
10,bimodal,Task B ,1,2,0,-0.358265779,3,2,75.76356993,4,-0.553508319,3,3
10,bimodal,Task B ,2,2,1,-2.709706496,3,2,7.220051553,5,-0.450689912,3,6
10,bimodal,Task B ,1,2,0,1.921392554,2,2,18.8790183,6,-1.519836342,2,3
1,bimodal,Task B ,1,2,0,0.181209946,2,2,243.0922906,1,-0.373926305,2,3
1,bimodal,Task B ,2,1,1,-1.070697338,3,2,343.7610653,2,0.344325661,3,5
1,bimodal,Task B ,2,1,0,-0.326875847,2,1,83.55920596,3,-0.615099351,2,5
1,bimodal,Task B ,2,4,1,-1.735057741,4,2,311.2068204,4,1.628634076,4,8
1,bimodal,Task B ,2,4,1,1.986644586,3,2,99.70565637,5,0.090538251,3,8
1,bimodal,Task B ,1,3,0,-1.242592367,3,2,318.4443115,6,-0.126402722,3,2
2,bimodal,Task B ,1,3,1,0.81168488,4,1,54.75852905,1,-0.176857511,4,2
2,bimodal,Task B ,2,2,1,1.413255224,1,2,37.40422406,2,-0.627735384,1,6
2,bimodal,Task B ,1,2,1,-0.173853035,2,1,238.2602656,3,-0.534416825,2,3
2,bimodal,Task B ,1,4,1,-0.121296298,1,1,88.60651749,4,-0.036787796,1,1
2,bimodal,Task B ,1,3,1,-0.254115251,2,1,289.1800776,5,-0.086218411,2,2
2,bimodal,Task B ,2,2,1,-0.80431146,1,2,105.0330401,6,-2.177974755,1,6
3,bimodal,Task B ,2,4,1,-2.15413605,2,2,265.2311175,1,0.287532445,2,8
3,bimodal,Task B ,1,2,1,-0.040068461,2,1,219.0258172,2,-0.246399419,2,3
3,bimodal,Task B ,2,4,1,1.081155223,2,2,356.6999385,3,-0.400650195,2,8
3,bimodal,Task B ,1,2,1,-0.125196436,1,1,247.8633431,4,-0.406048691,1,3
3,bimodal,Task B ,2,4,1,2.240088073,4,2,78.31102525,5,-0.223882477,4,8
3,bimodal,Task B ,2,3,1,0.79027505,1,2,16.41961376,6,-0.648418056,1,7
4,bimodal,Task B ,1,2,1,-0.223364044,2,1,138.9846847,1,-0.363046094,2,3
4,bimodal,Task B ,2,2,0,0.337004579,1,1,92.41209383,2,0.746371963,1,6
4,bimodal,Task B ,1,1,1,-0.162466083,2,1,139.5009654,3,0.423630433,2,4
4,bimodal,Task B ,1,2,0,-0.365199896,1,2,200.755515,4,-0.848960631,1,3
4,bimodal,Task B ,2,3,1,1.469831126,2,2,350.9434791,5,0.126249773,2,7
4,bimodal,Task B ,2,1,0,0.654046639,1,1,58.58452273,6,0.630609188,1,5
5,bimodal,Task B ,2,4,1,0.93759556,4,2,352.3850909,1,0.260734482,4,8
5,bimodal,Task B ,1,2,1,0.224448261,1,1,344.8323325,2,0.673527129,1,3
5,bimodal,Task B ,1,2,1,-0.249515863,3,1,192.2115744,3,-0.154402546,3,3
5,bimodal,Task B ,1,4,1,0.061908828,2,1,78.95447002,4,-0.381056856,2,1
5,bimodal,Task B ,1,3,1,0.086849686,3,1,117.1108938,5,0.504357779,3,2
5,bimodal,Task B ,1,4,1,0.405592368,4,1,239.8373056,6,-0.160386108,4,1
6,bimodal,Task B ,2,2,1,1.144114946,4,2,168.7414887,1,1.130747237,4,6
6,bimodal,Task B ,2,2,0,0.159192936,1,1,91.83874516,2,-0.029025528,1,6
6,bimodal,Task B ,2,2,0,-0.619562654,4,1,147.6703191,3,0.187823707,4,6
6,bimodal,Task B ,1,2,1,0.177336868,2,1,194.9844576,4,0.136421509,2,3
6,bimodal,Task B ,1,2,0,-0.081697873,2,2,270.221174,5,0.084220963,2,3
6,bimodal,Task B ,1,2,1,0.367198799,1,1,308.2640188,6,-0.021312494,1,3
7,bimodal,Task B ,1,1,0,1.961720486,3,2,118.263319,1,1.723506603,3,4
7,bimodal,Task B ,1,2,1,0.523812665,1,1,50.20143502,2,-0.103677581,1,3
7,bimodal,Task B ,1,4,1,-0.217902804,2,1,357.41224,3,0.424961626,2,1
7,bimodal,Task B ,1,4,0,-1.434137108,4,2,95.07736482,4,-0.335038994,4,1
7,bimodal,Task B ,1,4,1,0.466188937,2,1,262.4776582,5,-0.035666469,2,1
7,bimodal,Task B ,1,1,0,-0.211596463,3,2,119.6043263,6,0.401193093,3,4
8,bimodal,Task B ,1,4,0,0.083538838,2,2,83.23438281,1,-0.362974295,2,1
8,bimodal,Task B ,2,4,1,3.995476647,3,2,104.4294556,2,1.046160968,3,8
8,bimodal,Task B ,1,4,1,-0.47222968,4,1,227.1025954,3,0.169515466,4,1
8,bimodal,Task B ,1,4,1,-0.527624107,4,1,200.160125,4,-0.157146125,4,1
8,bimodal,Task B ,2,4,0,0.726782281,2,1,168.739072,5,-0.085920607,2,8
8,bimodal,Task B ,2,4,1,1.532873267,4,2,312.975641,6,-0.7984918,4,8
9,bimodal,Task B ,2,1,0,-0.3040185,1,1,13.25073628,1,0.090796677,1,5
9,bimodal,Task B ,1,3,1,-0.603171395,4,1,127.9914583,2,0.195634752,4,2
9,bimodal,Task B ,1,1,0,2.305574373,1,2,237.5329013,3,-0.637360198,1,4
9,bimodal,Task B ,1,1,0,-0.246396693,2,2,237.5215083,4,-0.39981552,2,4
9,bimodal,Task B ,1,3,0,-0.080162177,4,2,273.2785657,5,-0.174095058,4,2
9,bimodal,Task B ,2,2,1,0.708840942,2,2,74.61951874,6,-1.562478104,2,6
10,bimodal,Task B ,2,2,1,1.565914246,3,2,191.0240321,1,0.729954966,3,6
10,bimodal,Task B ,1,2,1,0.453899502,4,1,138.2208859,2,0.004588488,4,3
10,bimodal,Task B ,1,1,1,0.390013572,2,1,214.1446483,3,0.281944837,2,4
10,bimodal,Task B ,1,2,1,-0.075794639,1,1,155.4114597,4,-0.177628126,1,3
10,bimodal,Task B ,1,2,0,0.088654312,2,2,338.4104977,5,0.803220375,2,3
10,bimodal,Task B ,1,2,1,-0.403174933,3,1,312.1459263,6,-0.22359022,3,3
1,bimodal,Task B ,1,2,1,0.371630073,4,1,72.28313894,1,-0.116260356,4,3
1,bimodal,Task B ,1,2,1,-0.401343715,1,1,205.2136196,2,0.130250746,1,3
1,bimodal,Task B ,1,3,1,-0.28884818,1,1,72.58139263,3,0.095216909,1,2
1,bimodal,Task B ,1,4,1,0.475979759,4,1,145.2459806,4,0.156627659,4,1
1,bimodal,Task B ,1,2,1,0.102936383,2,1,258.3398655,5,-0.086358194,2,3
1,bimodal,Task B ,1,3,1,0.111795312,4,1,64.76608881,6,-0.303870793,4,2
2,bimodal,Task B ,2,2,0,0.414658782,3,1,125.3697771,1,0.597897386,3,6
2,bimodal,Task B ,2,3,0,-0.038008502,2,1,121.1816364,2,-0.332727626,2,7
2,bimodal,Task B ,1,2,1,-0.120668971,1,1,219.0542913,3,0.080888727,1,3
2,bimodal,Task B ,2,2,0,-0.006602273,1,1,113.9666278,4,-0.141920139,1,6
2,bimodal,Task B ,1,3,1,0.085261675,2,1,5.763663414,5,-0.209260711,2,2
2,bimodal,Task B ,2,4,1,1.60305572,4,2,27.09081233,6,0.09992156,4,8
3,bimodal,Task B ,1,4,1,-0.115368268,3,1,217.1964483,1,0.209567878,3,1
3,bimodal,Task B ,2,2,1,0.644738961,3,2,78.93336076,2,-0.791587964,3,6
3,bimodal,Task B ,1,3,1,0.118064077,1,1,235.9416643,3,-0.174464541,1,2
3,bimodal,Task B ,1,4,0,-0.057138815,3,2,138.9298668,4,-0.050072209,3,1
3,bimodal,Task B ,2,2,1,1.069782652,3,2,52.79648597,5,0.554009826,3,6
3,bimodal,Task B ,2,2,1,-0.870241928,3,2,212.0178841,6,-2.130015839,3,6
4,bimodal,Task B ,1,4,1,-0.784398763,4,1,48.47449607,1,0.295974104,4,1
4,bimodal,Task B ,1,2,1,0.13702242,3,1,60.53197546,2,0.091051466,3,3
4,bimodal,Task B ,2,2,1,-1.943315878,1,2,246.3663368,3,0.706132834,1,6
4,bimodal,Task B ,1,2,0,1.439135597,4,2,235.3059663,4,0.186161882,4,3
4,bimodal,Task B ,2,3,1,-0.580765557,3,2,216.6411365,5,-1.13124049,3,7
4,bimodal,Task B ,1,3,0,0.911398949,4,2,190.3852822,6,-0.007805837,4,2
5,bimodal,Task B ,1,1,0,0.692930912,1,2,99.50163932,1,1.945371948,1,4
5,bimodal,Task B ,2,3,1,-1.016522538,2,2,277.7296979,2,-1.40370788,2,7
5,bimodal,Task B ,1,1,0,-0.376890136,4,2,169.7251863,3,-0.850494831,4,4
5,bimodal,Task B ,2,4,1,-1.053008597,2,2,68.01823041,4,-1.778369765,2,8
5,bimodal,Task B ,1,4,1,0.067754898,1,1,222.0058895,5,-0.295764626,1,1
5,bimodal,Task B ,2,2,0,-0.063644511,3,1,334.098535,6,0.545212464,3,6
6,bimodal,Task B ,2,2,1,1.640829443,4,2,183.0830981,1,-1.444965365,4,6
6,bimodal,Task B ,1,2,1,0.168540373,3,1,328.5586561,2,0.042202569,3,3
6,bimodal,Task B ,1,2,1,-0.499136602,1,1,168.6735427,3,-0.248905143,1,3
6,bimodal,Task B ,2,2,0,0.17476045,1,1,52.8933983,4,0.114436799,1,6
6,bimodal,Task B ,2,2,0,0.353413086,1,1,178.331644,5,-0.190673947,1,6
6,bimodal,Task B ,1,2,0,-0.393014393,2,2,129.9059685,6,-0.023643508,2,3
7,bimodal,Task B ,1,1,0,-0.055247234,2,2,94.94994775,1,-0.943372918,2,4
7,bimodal,Task B ,2,1,1,2.354045389,1,2,152.2069075,2,-1.678048023,1,5
7,bimodal,Task B ,1,1,1,0.305917729,1,1,137.2813826,3,-0.237162092,1,4
7,bimodal,Task B ,1,1,0,3.404418996,2,2,301.4158285,4,2.928338335,2,4
7,bimodal,Task B ,1,1,1,-0.016865824,2,1,163.1950469,5,0.256878399,2,4
7,bimodal,Task B ,1,1,0,-0.908163815,1,2,122.0825656,6,-0.72027616,1,4
8,bimodal,Task B ,1,4,0,-0.911189995,3,2,340.298512,1,2.511171028,3,1
8,bimodal,Task B ,1,4,1,0.002236234,1,1,341.4595685,2,0.236861411,1,1
8,bimodal,Task B ,2,1,0,0.328373809,4,1,260.8314124,3,0.15545399,4,5
8,bimodal,Task B ,1,4,1,0.202467949,3,1,118.4335952,4,0.250928853,3,1
8,bimodal,Task B ,2,4,1,1.860465668,4,2,328.4949347,5,-1.667064476,4,8
8,bimodal,Task B ,1,4,1,-0.030466804,3,1,317.4920011,6,0.18149201,3,1
9,bimodal,Task B ,1,1,0,-0.491857891,3,2,266.8880749,1,-1.138136878,3,4
9,bimodal,Task B ,2,1,0,-0.230120908,2,1,57.40739601,2,-0.046548274,2,5
9,bimodal,Task B ,1,3,0,-0.175752392,1,2,20.38588963,3,-0.325616484,1,2
9,bimodal,Task B ,1,1,0,2.568748832,3,2,114.6531014,4,-1.603109047,3,4
9,bimodal,Task B ,2,1,1,-0.222419576,1,2,282.5319303,5,2.632060976,1,5
9,bimodal,Task B ,1,3,0,-0.336996332,2,2,149.1491096,6,-0.456069607,2,2
10,bimodal,Task B ,1,1,1,0.2354088,4,1,259.505789,1,0.144387787,4,4
10,bimodal,Task B ,2,1,1,0.266623858,4,2,178.5662786,2,-1.540922383,4,5
10,bimodal,Task B ,1,2,1,0.163285638,4,1,185.1486857,3,0.159395539,4,3
10,bimodal,Task B ,1,2,1,0.052471729,2,1,356.2401489,4,0.151052915,2,3
10,bimodal,Task B ,2,1,1,-1.808830478,4,2,82.93786413,5,0.584327722,4,5
10,bimodal,Task B ,1,2,0,-0.207359591,3,2,150.2182083,6,-2.021137415,3,3
1,bimodal,Task B ,2,3,1,-0.333155777,1,2,66.24672863,1,-3.354674261,1,7
1,bimodal,Task B ,2,2,1,-1.650488466,2,2,114.4195784,2,1.197101434,2,6
1,bimodal,Task B ,1,3,1,0.189866238,3,1,118.2763191,3,0.090700321,3,2
1,bimodal,Task B ,2,1,1,-0.246085843,1,2,263.6719675,4,-0.470399653,1,5
1,bimodal,Task B ,2,1,1,0.148239281,3,2,47.88986171,5,-1.092298527,3,5
1,bimodal,Task B ,1,3,1,0.00274702,2,1,232.8694714,6,0.072966954,2,2
2,bimodal,Task B ,1,2,1,-0.27388867,3,1,15.98710761,1,-0.412220983,3,3
2,bimodal,Task B ,1,3,0,0.567863105,2,2,66.95392358,2,-0.749494752,2,2
2,bimodal,Task B ,2,1,0,0.140464312,2,1,337.709628,3,0.14468409,2,5
2,bimodal,Task B ,2,3,1,1.552917419,1,2,218.2291912,4,0.586503058,1,7
2,bimodal,Task B ,1,2,1,0.118754399,4,1,139.0263841,5,-0.241902095,4,3
2,bimodal,Task B ,1,4,1,-0.026004195,3,1,329.2118502,6,-0.086759992,3,1
3,bimodal,Task B ,2,4,1,1.622018785,4,2,293.7420946,1,1.616130446,4,8
3,bimodal,Task B ,2,1,0,-0.379887793,1,1,250.8314774,2,-0.152464224,1,5
3,bimodal,Task B ,2,2,0,-0.101968331,1,1,359.5330775,3,0.545305339,1,6
3,bimodal,Task B ,2,4,1,-2.644159298,1,2,5.686816933,4,2.392017431,1,8
3,bimodal,Task B ,1,2,1,0.092864643,2,1,187.9150884,5,0.006475025,2,3
3,bimodal,Task B ,2,2,1,-1.115041789,3,2,237.7466166,6,-0.993605061,3,6
4,bimodal,Task B ,2,3,1,-1.497351408,3,2,279.5504678,1,1.307329201,3,7
4,bimodal,Task B ,2,4,1,-2.845229089,4,2,39.97956499,2,-2.997447165,4,8
4,bimodal,Task B ,1,3,0,0.811333668,4,2,172.4813395,3,-0.135406787,4,2
4,bimodal,Task B ,1,2,1,0.211354354,4,1,32.80563918,4,0.017280012,4,3
4,bimodal,Task B ,1,3,0,-1.22078805,2,2,323.1151336,5,-2.983062249,2,2
4,bimodal,Task B ,1,2,1,-0.361655016,2,1,166.5045841,6,0.080350643,2,3
5,bimodal,Task B ,2,4,1,1.707070332,2,2,123.7015733,1,-2.481177456,2,8
5,bimodal,Task B ,2,4,1,-1.509665212,2,2,88.86920579,2,1.439240139,2,8
5,bimodal,Task B ,1,4,1,0.637196342,2,1,227.008435,3,0.011017528,2,1
5,bimodal,Task B ,1,1,0,0.318174001,3,2,180.5505714,4,1.720087634,3,4
5,bimodal,Task B ,2,4,1,1.257476473,3,2,182.8907481,5,2.528260117,3,8
5,bimodal,Task B ,1,4,1,0.02974717,1,1,230.2913813,6,-0.036541366,1,1
6,bimodal,Task B ,2,1,1,-0.617144174,2,2,74.42769391,1,-0.137136254,2,5
6,bimodal,Task B ,2,2,1,3.260150468,3,2,45.11781352,2,-2.099684861,3,6
6,bimodal,Task B ,2,2,0,-0.145797977,4,1,308.6393955,3,-0.204082114,4,6
6,bimodal,Task B ,2,2,1,1.836142406,4,2,87.91760443,4,-1.199289833,4,6
6,bimodal,Task B ,2,2,1,0.81045088,2,2,28.79180695,5,0.086931984,2,6
6,bimodal,Task B ,1,2,1,0.18113148,1,1,254.5631447,6,0.292128185,1,3
7,bimodal,Task B ,1,1,1,0.32117536,2,1,345.9062771,1,-0.066264658,2,4
7,bimodal,Task B ,2,4,1,-1.912816181,3,2,154.2053642,2,-0.243418032,3,8
7,bimodal,Task B ,1,4,0,0.18453948,4,2,154.4407442,3,-0.050829482,4,1
7,bimodal,Task B ,1,4,0,0.169607865,3,2,201.2546696,4,0.001784768,3,1
7,bimodal,Task B ,2,4,0,-0.301411051,4,1,60.65025509,5,0.335904937,4,8
7,bimodal,Task B ,1,4,1,0.075180057,4,1,73.28569766,6,0.807192893,4,1
8,bimodal,Task B ,1,4,0,0.135299646,1,2,317.0030892,1,-2.135262057,1,1
8,bimodal,Task B ,1,4,1,-0.542267076,1,1,256.1083893,2,-0.205052295,1,1
8,bimodal,Task B ,2,4,1,-2.050670766,1,2,327.2139575,3,-1.061811738,1,8
8,bimodal,Task B ,1,4,1,-0.215466012,3,1,177.1997969,4,-0.109050842,3,1
8,bimodal,Task B ,2,4,1,-1.671258873,2,2,218.9757149,5,0.344104682,2,8
8,bimodal,Task B ,1,4,1,-0.185985595,4,1,122.9036149,6,0.179993781,4,1
9,bimodal,Task B ,1,1,0,-1.005309556,1,2,303.4168514,1,-0.319659793,1,4
9,bimodal,Task B ,1,1,1,-0.722164849,1,1,43.41013691,2,0.1526257,1,4
9,bimodal,Task B ,1,1,1,-0.50027466,2,1,122.7753714,3,0.430057726,2,4
9,bimodal,Task B ,1,2,0,0.066946252,1,2,14.93478649,4,0.876039551,1,3
9,bimodal,Task B ,1,1,1,-0.182352499,1,1,320.7540494,5,0.276991586,1,4
9,bimodal,Task B ,1,2,1,-0.587696108,4,1,227.1611284,6,0.230675468,4,3
10,bimodal,Task B ,2,1,1,2.2482547,1,2,19.08828202,1,-2.610764441,1,5
10,bimodal,Task B ,2,1,1,1.300293132,3,2,19.07806627,2,-0.567835232,3,5
10,bimodal,Task B ,1,1,1,0.518060993,2,1,50.29866931,3,-0.035529109,2,4
10,bimodal,Task B ,1,2,1,0.313913503,4,1,344.3152274,4,-0.208661618,4,3
10,bimodal,Task B ,1,2,1,-0.131864761,2,1,133.913496,5,0.549502055,2,3
10,bimodal,Task B ,1,1,1,0.059036204,2,1,128.1044917,6,0.111996433,2,4
1,bimodal,Task B ,2,2,1,-0.015036827,1,2,162.2880303,1,1.027847252,1,6
1,bimodal,Task B ,1,3,0,-0.16430213,4,2,9.11255622,2,-0.57321492,4,2
1,bimodal,Task B ,1,3,1,0.086777851,4,1,265.6043176,3,-0.566466808,4,2
1,bimodal,Task B ,2,3,1,-1.110662269,2,2,131.1149769,4,0.962233025,2,7
1,bimodal,Task B ,1,3,0,-1.005157949,3,2,46.68356159,5,-0.134084787,3,2
1,bimodal,Task B ,1,1,1,0.176498603,1,1,74.91786753,6,8.16E-05,1,4
2,bimodal,Task B ,1,3,0,0.908069977,2,2,110.1656061,1,-1.236584995,2,2
2,bimodal,Task B ,2,3,1,-0.390039193,2,2,222.3032672,2,0.395260936,2,7
2,bimodal,Task B ,1,2,0,0.067407999,4,2,195.5626259,3,1.566621838,4,3
2,bimodal,Task B ,1,2,1,-0.092321161,4,1,278.4753412,4,0.337655257,4,3
2,bimodal,Task B ,2,2,1,1.974511473,2,2,114.4127123,5,0.37434701,2,6
2,bimodal,Task B ,2,4,1,1.873149609,4,2,205.2874763,6,0.566738679,4,8
3,bimodal,Task B ,1,1,1,0.31844994,3,1,75.71166661,1,-0.490447338,3,4
3,bimodal,Task B ,2,3,1,1.652493214,4,2,90.21094093,2,1.928711073,4,7
3,bimodal,Task B ,2,2,0,-0.482905802,1,1,218.7615461,3,-0.326259426,1,6
3,bimodal,Task B ,1,4,1,-0.303608873,2,1,66.28105058,4,0.199798423,2,1
3,bimodal,Task B ,2,4,1,2.885540625,1,2,114.1249363,5,-0.541525829,1,8
3,bimodal,Task B ,1,3,1,0.32558625,3,1,157.5942717,6,0.056822239,3,2
4,bimodal,Task B ,2,1,1,1.624745717,3,2,158.17629,1,2.153337447,3,5
4,bimodal,Task B ,1,2,0,0.539389136,2,2,178.3000812,2,1.439023443,2,3
4,bimodal,Task B ,1,1,1,-0.039826599,2,1,226.035319,3,-0.299572417,2,4
4,bimodal,Task B ,1,2,1,-0.167291498,3,1,45.61507776,4,0.746559025,3,3
4,bimodal,Task B ,2,2,1,-0.878852848,2,2,55.76347511,5,-0.040646681,2,6
4,bimodal,Task B ,1,2,0,-0.628024008,3,2,10.39335714,6,-0.051099901,3,3
5,bimodal,Task B ,1,3,0,0.847771442,3,2,157.837308,1,0.36029814,3,2
5,bimodal,Task B ,1,1,1,-0.082875076,1,1,66.54994324,2,0.421456825,1,4
5,bimodal,Task B ,1,3,1,-0.529419476,1,1,76.26049302,3,0.313080667,1,2
5,bimodal,Task B ,1,2,0,1.283676283,1,2,51.05519295,4,-1.345478396,1,3
5,bimodal,Task B ,2,2,1,0.719958983,1,2,258.5429468,5,0.674157169,1,6
5,bimodal,Task B ,1,4,0,-0.577380384,3,2,74.65772403,6,-1.215616377,3,1
6,bimodal,Task B ,2,2,0,-0.73723376,4,1,234.1284964,1,-0.039558834,4,6
6,bimodal,Task B ,1,2,1,0.328113111,2,1,101.8269747,2,-0.400359146,2,3
6,bimodal,Task B ,2,2,0,-0.024364478,3,1,301.3975963,3,0.357176447,3,6
6,bimodal,Task B ,1,2,1,-0.177449298,2,1,347.2789283,4,-0.102108878,2,3
6,bimodal,Task B ,1,1,0,-0.694321187,1,2,57.29115065,5,-1.171057236,1,4
6,bimodal,Task B ,1,3,1,0.264914739,2,1,101.7273332,6,0.143267938,2,2
7,bimodal,Task B ,1,4,0,-1.000504265,2,2,245.8665542,1,-1.847501181,2,1
7,bimodal,Task B ,2,4,0,0.736392725,4,1,30.67358471,2,0.135405078,4,8
7,bimodal,Task B ,1,4,1,-0.011645564,3,1,178.4860324,3,-0.142172769,3,1
7,bimodal,Task B ,1,4,0,-0.095075728,3,2,286.4449459,4,-0.315768728,3,1
7,bimodal,Task B ,1,4,1,-0.045580174,3,1,253.2456955,5,0.308703094,3,1
7,bimodal,Task B ,2,1,1,2.848894453,4,2,170.1399036,6,-1.347380129,4,5
8,bimodal,Task B ,1,4,1,0.034663339,4,1,107.4151306,1,-0.15391155,4,1
8,bimodal,Task B ,2,4,1,0.917507791,4,2,197.3168111,2,-0.167200127,4,8
8,bimodal,Task B ,1,4,1,-0.092386048,3,1,23.0565849,3,-0.271610263,3,1
8,bimodal,Task B ,2,1,1,-0.085004493,2,2,286.6608468,4,2.001372853,2,5
8,bimodal,Task B ,1,4,0,-0.364253657,1,2,132.9748861,5,0.543121361,1,1
8,bimodal,Task B ,1,4,1,0.526483215,1,1,21.66702087,6,-0.336352016,1,1
9,bimodal,Task B ,1,2,1,0.174428733,2,1,64.24341699,1,-0.402810463,2,3
9,bimodal,Task B ,1,2,1,-0.117530298,1,1,103.7578837,2,0.114381687,1,3
9,bimodal,Task B ,2,2,1,1.83166149,1,2,337.9230603,3,2.869012498,1,6
9,bimodal,Task B ,1,3,1,0.187304403,3,1,42.35712912,4,-0.403748316,3,2
9,bimodal,Task B ,1,1,0,-2.091566811,1,2,28.63975258,5,-2.172028896,1,4
9,bimodal,Task B ,1,2,0,1.572890455,3,2,75.2121701,6,0.742013979,3,3
10,bimodal,Task B ,1,1,1,0.332178439,3,1,77.38631754,1,-0.20651077,3,4
10,bimodal,Task B ,1,1,1,-0.56433486,1,1,256.5944816,2,-0.001911967,1,4
10,bimodal,Task B ,2,1,0,0.36685349,1,1,121.9221084,3,0.482948014,1,5
10,bimodal,Task B ,1,2,1,-0.841239225,1,1,146.7686545,4,-0.416258955,1,3
10,bimodal,Task B ,1,1,1,-0.390508168,1,1,49.83431908,5,0.073393704,1,4
10,bimodal,Task B ,2,1,1,-1.032382374,2,2,200.3666102,6,-1.324296624,2,5
1,bimodal,Task B ,1,2,1,-0.476867813,1,1,101.193513,1,0.474646361,1,3
1,bimodal,Task B ,2,2,1,-2.934075419,2,2,247.1807814,2,0.613856404,2,6
1,bimodal,Task B ,1,2,0,0.358230192,3,2,220.1155527,3,-1.346819368,3,3
1,bimodal,Task B ,2,1,1,-0.715240587,1,2,192.8355671,4,3.471978628,1,5
1,bimodal,Task B ,2,4,1,-1.232217874,4,2,314.7196547,5,-3.339179414,4,8
1,bimodal,Task B ,1,4,1,-0.023748372,3,1,295.2925125,6,-0.082819427,3,1
2,bimodal,Task B ,2,1,1,0.878548861,1,2,6.47271359,1,-1.29085574,1,5
2,bimodal,Task B ,1,2,1,-0.297857278,1,1,15.53350641,2,0.135308288,1,3
2,bimodal,Task B ,2,3,1,-1.292916693,4,2,295.3858112,3,-0.377211661,4,7
2,bimodal,Task B ,2,3,1,-2.448681893,2,2,315.8467179,4,-2.656873542,2,7
2,bimodal,Task B ,1,3,1,0.645621591,3,1,54.38412118,5,-0.276879005,3,2
2,bimodal,Task B ,2,4,1,-1.667256199,2,2,305.3072768,6,-0.648143488,2,8
3,bimodal,Task B ,2,3,1,0.481580246,3,2,102.4856434,1,-0.483010502,3,7
3,bimodal,Task B ,1,4,1,-0.206601817,1,1,239.4494193,2,0.197386553,1,1
3,bimodal,Task B ,1,4,1,-0.154598374,2,1,243.7038435,3,-0.251056904,2,1
3,bimodal,Task B ,1,3,0,-0.20916991,1,2,292.696741,4,3.446431981,1,2
3,bimodal,Task B ,1,2,1,-0.186037415,4,1,228.6646,5,-0.507345086,4,3
3,bimodal,Task B ,1,1,1,0.665346812,3,1,85.78144532,6,0.002755814,3,4
4,bimodal,Task B ,1,3,1,0.352735996,1,1,294.615918,1,-0.055989738,1,2
4,bimodal,Task B ,1,4,1,0.088707185,4,1,89.27074623,2,0.092660384,4,1
4,bimodal,Task B ,1,1,1,0.240446306,2,1,221.6276544,3,-0.227825258,2,4
4,bimodal,Task B ,1,3,0,0.287147387,3,2,5.835949806,4,0.108685319,3,2
4,bimodal,Task B ,1,2,0,0.400899508,2,2,176.5641397,5,-0.340470949,2,3
4,bimodal,Task B ,1,3,1,-0.18031754,4,1,21.27768612,6,-0.234149194,4,2
5,bimodal,Task B ,1,4,0,0.151113271,3,2,122.8273315,1,-0.200168809,3,1
5,bimodal,Task B ,1,3,0,0.174742361,3,2,293.5739845,2,-0.718486411,3,2
5,bimodal,Task B ,1,2,1,-0.082317406,4,1,286.6737135,3,-0.351789749,4,3
5,bimodal,Task B ,2,1,1,-0.272318096,2,2,283.3929466,4,0.319769113,2,5
5,bimodal,Task B ,2,2,1,0.406557508,4,2,122.7150891,5,-0.905657126,4,6
5,bimodal,Task B ,1,3,0,1.083148803,1,2,182.7933456,6,-0.476728024,1,2
6,bimodal,Task B ,1,2,0,1.062157006,1,2,152.059931,1,-0.797043751,1,3
6,bimodal,Task B ,1,2,1,-0.034399229,4,1,88.06360241,2,0.136191451,4,3
6,bimodal,Task B ,2,2,0,0.799193775,2,1,319.8749842,3,0.177085866,2,6
6,bimodal,Task B ,1,2,0,-0.076000339,1,2,331.4629774,4,-0.300001378,1,3
6,bimodal,Task B ,1,2,0,-0.379416304,2,2,338.3762253,5,-1.302657911,2,3
6,bimodal,Task B ,2,1,0,-0.905708329,4,1,72.55924177,6,0.184574372,4,5
7,bimodal,Task B ,1,3,1,0.035673251,3,1,22.18164403,1,-0.693369318,3,2
7,bimodal,Task B ,2,1,0,-0.052402967,2,1,244.4873196,2,-0.384629369,2,5
7,bimodal,Task B ,2,4,1,-2.611510231,4,2,211.7999481,3,0.249704234,4,8
7,bimodal,Task B ,1,1,1,-0.496345175,2,1,66.74736465,4,-0.458450889,2,4
7,bimodal,Task B ,1,4,1,-0.238025788,3,1,207.6573645,5,-0.121372337,3,1
7,bimodal,Task B ,1,1,1,-0.019459008,3,1,8.581742483,6,-0.217602778,3,4
8,bimodal,Task B ,1,4,1,0.470815187,4,1,309.5617601,1,0.776731268,4,1
8,bimodal,Task B ,1,4,0,0.79192416,2,2,189.3349792,2,-1.099313304,2,1
8,bimodal,Task B ,2,4,0,0.169231307,2,1,52.3432871,3,0.084148264,2,8
8,bimodal,Task B ,1,4,0,-0.821884086,3,2,64.24813056,4,-1.076895408,3,1
8,bimodal,Task B ,2,4,1,0.509890477,4,2,179.9770391,5,-0.71912712,4,8
8,bimodal,Task B ,1,4,1,-0.293571434,2,1,125.602132,6,0.4090034,2,1
9,bimodal,Task B ,2,1,1,0.523142015,1,2,167.8775004,1,-0.346171223,1,5
9,bimodal,Task B ,1,1,1,-0.2900182,3,1,219.5717581,2,0.127448342,3,4
9,bimodal,Task B ,1,1,0,-0.803485197,2,2,356.1466144,3,0.968508746,2,4
9,bimodal,Task B ,1,3,1,0.050475286,1,1,342.8527277,4,0.513641845,1,2
9,bimodal,Task B ,2,1,1,1.705807463,2,2,186.5088571,5,-0.97144771,2,5
9,bimodal,Task B ,1,1,0,0.32822641,4,2,193.5192239,6,0.550276005,4,4
10,bimodal,Task B ,2,2,1,2.754513876,4,2,264.8917879,1,-1.79668166,4,6
10,bimodal,Task B ,1,1,1,0.531258556,1,1,69.70602908,2,-0.211867388,1,4
10,bimodal,Task B ,1,2,0,-0.815246831,4,2,222.8549657,3,0.304741645,4,3
10,bimodal,Task B ,1,2,0,0.662614181,3,2,247.8897109,4,0.493646949,3,3
10,bimodal,Task B ,2,2,1,-2.095251925,4,2,56.57229463,5,0.497815528,4,6
10,bimodal,Task B ,1,2,1,-0.107989843,1,1,147.2089449,6,0.024601226,1,3
1,bimodal,Task B ,1,2,1,-0.282846747,1,1,4.595219577,1,-0.213536887,1,3
1,bimodal,Task B ,2,2,1,1.725485594,1,2,94.24109679,2,-0.569631769,1,6
1,bimodal,Task B ,2,4,1,-1.98693264,3,2,346.463736,3,1.578049065,3,8
1,bimodal,Task B ,1,3,1,0.513315803,3,1,68.37161355,4,0.307030497,3,2
1,bimodal,Task B ,1,3,0,-1.042589334,3,2,162.2515882,5,0.012474256,3,2
1,bimodal,Task B ,1,3,0,0.094436851,2,2,137.0691779,6,1.170537012,2,2
2,bimodal,Task B ,1,2,1,0.078421883,3,1,48.64532311,1,-0.012866838,3,3
2,bimodal,Task B ,1,3,0,0.370331047,3,2,346.6197297,2,-0.442833673,3,2
2,bimodal,Task B ,1,2,1,0.155644752,3,1,100.6379228,3,0.022175864,3,3
2,bimodal,Task B ,1,2,1,0.148177417,4,1,4.267035443,4,-0.44755118,4,3
2,bimodal,Task B ,1,2,1,0.380847009,4,1,291.6848355,5,0.387095065,4,3
2,bimodal,Task B ,1,4,0,0.636075325,2,2,187.3346516,6,-0.829086452,2,1
3,bimodal,Task B ,1,2,1,0.4964457,1,1,275.6835335,1,0.01051317,1,3
3,bimodal,Task B ,2,2,1,1.135002598,2,2,202.353654,2,0.521008578,2,6
3,bimodal,Task B ,1,3,1,0.306996377,3,1,280.6016206,3,0.314260882,3,2
3,bimodal,Task B ,1,3,0,-0.355125719,2,2,345.4884285,4,0.028887154,2,2
3,bimodal,Task B ,1,3,1,0.115825338,1,1,90.69145052,5,-0.440129711,1,2
3,bimodal,Task B ,2,1,1,-0.968489263,2,2,279.6712677,6,1.821795711,2,5
4,bimodal,Task B ,2,3,1,-1.770531257,4,2,303.741525,1,-2.157090486,4,7
4,bimodal,Task B ,1,1,1,-0.402427713,4,1,198.2193517,2,0.253085528,4,4
4,bimodal,Task B ,2,3,1,-1.606352502,3,2,229.2442372,3,0.510214133,3,7
4,bimodal,Task B ,1,2,1,0.210267935,1,1,283.9181455,4,0.154470849,1,3
4,bimodal,Task B ,1,4,0,-0.005264046,4,2,68.94657661,5,1.000514043,4,1
4,bimodal,Task B ,1,1,1,-0.362983831,3,1,64.99456452,6,0.58772303,3,4
5,bimodal,Task B ,1,3,1,0.054959123,2,1,133.7161773,1,-0.383765602,2,2
5,bimodal,Task B ,1,4,1,0.211345549,3,1,231.1751046,2,0.705002248,3,1
5,bimodal,Task B ,2,4,1,-2.77977557,3,2,68.83429778,3,-0.436946971,3,8
5,bimodal,Task B ,1,4,1,-0.310562923,3,1,157.0001437,4,-0.037424394,3,1
5,bimodal,Task B ,1,4,0,-0.820686527,1,2,317.2734692,5,2.506542828,1,1
5,bimodal,Task B ,2,2,1,0.742080411,4,2,286.7208064,6,0.459303672,4,6
6,bimodal,Task B ,2,2,0,-0.090114882,4,1,82.15343583,1,-0.332625442,4,6
6,bimodal,Task B ,2,2,1,1.460194207,1,2,304.7654154,2,-0.089796501,1,6
6,bimodal,Task B ,1,2,1,-0.317427512,1,1,124.6050482,3,0.131457448,1,3
6,bimodal,Task B ,1,1,0,0.894895201,1,2,199.3551865,4,-0.085281027,1,4
6,bimodal,Task B ,1,2,1,-0.08863028,4,1,156.8701885,5,0.072623331,4,3
6,bimodal,Task B ,2,2,1,-0.86058292,3,2,70.40107892,6,-0.284353383,3,6
7,bimodal,Task B ,2,4,0,-0.391064416,4,1,0.944439322,1,0.267174386,4,8
7,bimodal,Task B ,1,4,1,-0.161394769,1,1,292.5040064,2,0.160119257,1,1
7,bimodal,Task B ,1,4,1,0.019542655,4,1,166.7044718,3,0.429627626,4,1
7,bimodal,Task B ,1,4,0,0.625840728,3,2,242.6793479,4,1.98385332,3,1
7,bimodal,Task B ,1,4,1,-0.06691332,4,1,296.7444258,5,-0.007904922,4,1
7,bimodal,Task B ,1,4,1,-0.067561773,4,1,304.957564,6,-0.438324601,4,1
8,bimodal,Task B ,1,4,1,0.506879969,3,1,327.7455078,1,-0.243356382,3,1
8,bimodal,Task B ,1,4,1,-0.622570967,4,1,135.7216572,2,0.271840117,4,1
8,bimodal,Task B ,1,4,1,-0.135180545,4,1,213.0033035,3,-0.191469047,4,1
8,bimodal,Task B ,2,1,1,0.168929109,2,2,144.3717816,4,-0.189111912,2,5
8,bimodal,Task B ,1,4,1,-0.349120922,1,1,296.5295978,5,-0.460222394,1,1
8,bimodal,Task B ,1,4,1,-0.119323981,3,1,202.8457265,6,-0.285512203,3,1
9,bimodal,Task B ,1,1,0,0.989072245,1,2,160.9435374,1,-0.098050332,1,4
9,bimodal,Task B ,2,1,1,-0.194185894,2,2,354.7958242,2,-0.28311966,2,5
9,bimodal,Task B ,1,1,0,0.931565376,4,2,269.2202578,3,1.729176476,4,4
9,bimodal,Task B ,1,3,1,0.460386663,3,1,69.69062523,4,0.157468852,3,2
9,bimodal,Task B ,1,2,1,-0.230124805,4,1,312.6150972,5,-0.395213713,4,3
9,bimodal,Task B ,1,1,0,-0.134602392,1,2,201.2048982,6,3.442971208,1,4
10,bimodal,Task B ,1,1,0,-1.524071232,1,2,105.4667051,1,-0.406596238,1,4
10,bimodal,Task B ,1,1,1,-0.230979511,1,1,62.83585862,2,0.135298558,1,4
10,bimodal,Task B ,1,2,1,-0.08986585,3,1,103.0023017,3,-0.152848834,3,3
10,bimodal,Task B ,1,2,1,-0.238117861,3,1,53.61644018,4,-0.17186682,3,3
10,bimodal,Task B ,1,1,0,1.336282284,1,2,146.685321,5,1.375253239,1,4
10,bimodal,Task B ,1,1,0,0.528064981,3,2,338.9160682,6,-0.141330867,3,4
1,bimodal,Task B ,1,2,0,-0.300287963,1,2,4.339219061,1,0.056075126,1,3
1,bimodal,Task B ,1,3,1,0.079067977,3,1,105.8903991,2,0.173787004,3,2
1,bimodal,Task B ,1,3,1,0.378316288,3,1,178.0079502,3,0.076829597,3,2
1,bimodal,Task B ,1,2,0,0.974546254,3,2,118.9440999,4,1.683612352,3,3
1,bimodal,Task B ,1,3,0,0.826154325,4,2,309.0354284,5,2.201316114,4,2
1,bimodal,Task B ,1,3,1,-0.093600137,3,1,354.9135478,6,-0.297938929,3,2
2,bimodal,Task B ,2,3,1,-1.689581693,1,2,347.6007588,1,-0.709574098,1,7
2,bimodal,Task B ,2,2,0,-0.25981613,3,1,80.48612728,2,0.399389716,3,6
2,bimodal,Task B ,1,3,0,-0.09943965,1,2,180.7142999,3,-0.505434225,1,2
2,bimodal,Task B ,1,2,1,-0.510697318,2,1,133.9380233,4,-0.424591299,2,3
2,bimodal,Task B ,2,4,1,-1.352279501,3,2,33.02206511,5,-3.126136096,3,8
2,bimodal,Task B ,1,3,0,-0.482259228,4,2,215.0467383,6,-1.452630875,4,2
3,bimodal,Task B ,2,1,0,0.611969516,3,1,62.35189343,1,-0.123928781,3,5
3,bimodal,Task B ,2,3,1,1.09656545,1,2,124.0198455,2,0.436877939,1,7
3,bimodal,Task B ,1,1,0,0.014668361,2,2,48.0856101,3,1.150667003,2,4
3,bimodal,Task B ,2,1,1,0.24823806,2,2,129.0830517,4,2.266813916,2,5
3,bimodal,Task B ,2,4,1,-3.22525133,2,2,168.3023392,5,-0.316317292,2,8
3,bimodal,Task B ,2,2,0,-0.038340953,3,1,222.7241358,6,-0.463656445,3,6
4,bimodal,Task B ,2,1,1,1.810296425,2,2,46.00807023,1,-0.890008059,2,5
4,bimodal,Task B ,1,2,0,0.372660771,2,2,55.77764155,2,0.563600564,2,3
4,bimodal,Task B ,1,2,1,0.687312711,1,1,22.70331114,3,0.140931341,1,3
4,bimodal,Task B ,1,2,0,-1.904255365,2,2,181.5560879,4,0.290553493,2,3
4,bimodal,Task B ,2,4,1,-0.503183553,3,2,24.02869095,5,1.435946731,3,8
4,bimodal,Task B ,1,2,0,0.819841136,2,2,80.45770148,6,2.735897744,2,3
5,bimodal,Task B ,1,3,0,0.609641629,3,2,348.9790251,1,-1.050225176,3,2
5,bimodal,Task B ,1,4,0,0.271679038,3,2,345.8406425,2,-0.621174808,3,1
5,bimodal,Task B ,1,4,1,-0.54337864,2,1,249.1023168,3,0.525106466,2,1
5,bimodal,Task B ,2,4,1,-1.454673835,2,2,122.3817063,4,-0.405246566,2,8
5,bimodal,Task B ,1,4,1,0.199236554,1,1,136.3883205,5,0.164572574,1,1
5,bimodal,Task B ,2,4,1,1.732361029,2,2,276.4480358,6,1.581163713,2,8
6,bimodal,Task B ,2,2,1,-2.633184294,2,2,53.64308739,1,0.788750382,2,6
6,bimodal,Task B ,1,2,0,0.06356284,2,2,335.2616415,2,2.459062056,2,3
6,bimodal,Task B ,1,2,1,-0.044378888,3,1,324.9822669,3,-0.123854413,3,3
6,bimodal,Task B ,1,2,1,0.024852647,3,1,235.8970692,4,-0.395777155,3,3
6,bimodal,Task B ,2,2,1,-1.242381075,3,2,334.8332161,5,-1.055010973,3,6
6,bimodal,Task B ,2,2,1,-0.753103808,2,2,244.9967661,6,0.729772477,2,6
7,bimodal,Task B ,1,4,1,0.3691334,4,1,266.9620062,1,0.110820231,4,1
7,bimodal,Task B ,2,2,1,0.312469596,1,2,290.9684525,2,-0.976743385,1,6
7,bimodal,Task B ,1,4,1,-0.329986381,4,1,281.6867723,3,0.341154418,4,1
7,bimodal,Task B ,1,1,0,1.383049296,1,2,313.356586,4,0.117232206,1,4
7,bimodal,Task B ,1,4,0,-0.779314844,4,2,354.7238133,5,-0.791741244,4,1
7,bimodal,Task B ,1,1,1,0.35039934,1,1,340.1349986,6,-0.086436289,1,4
8,bimodal,Task B ,1,4,1,0.502587697,2,1,340.7252611,1,0.352119289,2,1
8,bimodal,Task B ,2,4,0,-0.307678924,2,1,57.18279475,2,-0.497164067,2,8
8,bimodal,Task B ,2,4,0,0.376462956,4,1,295.205497,3,-0.14414351,4,8
8,bimodal,Task B ,1,4,1,-0.20470787,3,1,319.817493,4,-0.090907209,3,1
8,bimodal,Task B ,1,4,1,0.143348309,4,1,216.3496506,5,-0.111273985,4,1
8,bimodal,Task B ,2,4,1,-2.09743085,1,2,309.4743878,6,0.009591676,1,8
9,bimodal,Task B ,1,2,1,0.408054374,3,1,92.44148288,1,-0.443553638,3,3
9,bimodal,Task B ,1,1,1,0.228415048,3,1,0.188538201,2,0.721794007,3,4
9,bimodal,Task B ,1,1,0,-1.121629314,1,2,318.8505151,3,-0.244309951,1,4
9,bimodal,Task B ,2,2,1,0.775462692,3,2,289.7450424,4,-1.767328398,3,6
9,bimodal,Task B ,1,3,1,0.143321342,3,1,263.7665093,5,-0.298715675,3,2
9,bimodal,Task B ,2,1,1,-1.641728662,3,2,71.69576856,6,-0.577156015,3,5
10,bimodal,Task B ,2,1,0,0.601928892,2,1,133.7187469,1,0.007956766,2,5
10,bimodal,Task B ,1,1,1,-0.730708087,2,1,16.50132458,2,-0.557007604,2,4
10,bimodal,Task B ,1,1,1,-0.379889143,2,1,323.0969616,3,0.102345984,2,4
10,bimodal,Task B ,2,2,1,-0.569894493,3,2,234.9564819,4,1.804060068,3,6
10,bimodal,Task B ,1,1,0,-0.910182271,1,2,212.2766359,5,0.792861507,1,4
10,bimodal,Task B ,1,2,0,-0.300901811,4,2,287.1404663,6,0.098546307,4,3
1,bimodal,Task B ,2,2,0,0.332300576,3,1,100.2862727,1,0.023378084,3,6
1,bimodal,Task B ,1,2,1,0.298252997,3,1,113.0146731,2,-0.421120803,3,3
1,bimodal,Task B ,1,3,0,0.686366516,2,2,196.5699654,3,0.934885315,2,2
1,bimodal,Task B ,1,3,0,0.186881119,3,2,298.663586,4,0.315307464,3,2
1,bimodal,Task B ,1,2,1,0.554845214,4,1,182.7759792,5,-0.297764068,4,3
1,bimodal,Task B ,1,3,0,0.016855723,3,2,138.3284893,6,-0.373088677,3,2
2,bimodal,Task B ,1,2,0,-2.05941983,3,2,268.1616596,1,-0.859293184,3,3
2,bimodal,Task B ,1,3,0,0.066448675,1,2,23.51880299,2,0.128893951,1,2
2,bimodal,Task B ,1,2,0,-0.409093804,3,2,95.37375984,3,0.190525857,3,3
2,bimodal,Task B ,2,3,0,0.576686353,2,1,199.5550996,4,-0.500814947,2,7
2,bimodal,Task B ,2,2,1,-0.737161472,4,2,179.4334184,5,-1.974193091,4,6
2,bimodal,Task B ,2,3,1,0.047938835,3,2,251.0990631,6,-0.501905406,3,7
3,bimodal,Task B ,1,4,1,-0.186432245,3,1,12.02194501,1,-0.304566767,3,1
3,bimodal,Task B ,1,2,0,-0.491546862,1,2,106.6025642,2,0.532017192,1,3
3,bimodal,Task B ,1,3,1,0.111931921,4,1,49.28649415,3,0.144730353,4,2
3,bimodal,Task B ,2,3,1,0.380292398,1,2,344.2113567,4,2.394490811,1,7
3,bimodal,Task B ,1,3,1,-0.545497113,1,1,262.0739547,5,0.087132174,1,2
3,bimodal,Task B ,1,3,0,0.14347515,4,2,251.0193777,6,1.176329333,4,2
4,bimodal,Task B ,1,3,1,0.01046166,1,1,53.38456989,1,0.225971196,1,2
4,bimodal,Task B ,2,4,1,3.064414448,4,2,94.5839021,2,-0.237218663,4,8
4,bimodal,Task B ,2,2,1,-2.840487854,1,2,24.12566224,3,-0.222699689,1,6
4,bimodal,Task B ,2,1,1,-1.625657569,1,2,79.96233044,4,-1.7155157,1,5
4,bimodal,Task B ,1,2,1,0.085536173,2,1,281.3121246,5,-0.215354107,2,3
4,bimodal,Task B ,1,2,1,0.286714412,2,1,282.3369462,6,-0.039549079,2,3
5,bimodal,Task B ,1,4,1,-0.245020233,4,1,186.7425063,1,0.001522303,4,1
5,bimodal,Task B ,2,3,0,-0.71118541,3,1,321.5776916,2,0.235417071,3,7
5,bimodal,Task B ,1,4,0,1.809128567,1,2,357.0161653,3,-0.216956233,1,1
5,bimodal,Task B ,1,4,0,-0.247705044,1,2,19.01374229,4,-1.619388161,1,1
5,bimodal,Task B ,2,1,0,0.170515474,2,1,322.0320458,5,0.693702598,2,5
5,bimodal,Task B ,2,4,1,-2.417559423,4,2,65.30660038,6,0.221310502,4,8
6,bimodal,Task B ,2,2,0,0.000644272,4,1,349.6677288,1,-0.43171982,4,6
6,bimodal,Task B ,1,2,1,0.085606914,4,1,263.8570682,2,0.402696879,4,3
6,bimodal,Task B ,2,2,1,-1.128195274,3,2,140.0786402,3,1.885203717,3,6
6,bimodal,Task B ,1,2,1,-0.182384088,1,1,169.528107,4,0.011898418,1,3
6,bimodal,Task B ,1,2,1,0.020490409,4,1,356.8868661,5,0.139445336,4,3
6,bimodal,Task B ,1,2,1,0.552320441,3,1,267.0203004,6,0.19615402,3,3
7,bimodal,Task B ,1,4,1,0.398667472,1,1,205.9604975,1,-0.130876014,1,1
7,bimodal,Task B ,2,1,0,0.754559174,1,1,55.52807376,2,0.153062307,1,5
7,bimodal,Task B ,1,1,1,-0.637116108,2,1,325.5743609,3,0.033302243,2,4
7,bimodal,Task B ,2,1,1,1.233945201,4,2,215.1257048,4,-0.56807676,4,5
7,bimodal,Task B ,1,1,1,-0.066249608,1,1,265.0474962,5,-0.144713313,1,4
7,bimodal,Task B ,1,1,0,-0.562055127,1,2,114.0310731,6,1.638655876,1,4
8,bimodal,Task B ,2,4,1,1.795821235,1,2,182.3660708,1,1.67106308,1,8
8,bimodal,Task B ,2,4,1,1.346988451,3,2,129.4937468,2,0.017395873,3,8
8,bimodal,Task B ,1,4,1,-0.333675714,4,1,58.97511112,3,0.299739874,4,1
8,bimodal,Task B ,1,4,1,-0.042508396,4,1,136.6330174,4,-0.22799548,4,1
8,bimodal,Task B ,2,1,0,0.053713671,1,1,208.3793201,5,0.222782507,1,5
8,bimodal,Task B ,2,4,1,-1.627285297,4,2,319.7357898,6,-1.316611854,4,8
9,bimodal,Task B ,1,1,0,-1.119420153,2,2,44.93718255,1,0.427375761,2,4
9,bimodal,Task B ,1,1,1,0.122842318,2,1,203.5181443,2,0.527810153,2,4
9,bimodal,Task B ,2,1,0,0.458493126,1,1,84.42322396,3,-0.439663508,1,5
9,bimodal,Task B ,1,1,1,0.048718671,2,1,272.7408702,4,-0.014930051,2,4
9,bimodal,Task B ,1,1,1,0.16431949,1,1,102.4472278,5,-0.073522426,1,4
9,bimodal,Task B ,2,1,1,1.97736876,4,2,2.618625983,6,0.211135118,4,5
10,bimodal,Task B ,1,1,0,-0.679389339,4,2,312.9715377,1,0.201306208,4,4
10,bimodal,Task B ,1,2,1,0.331456681,2,1,98.01176216,2,0.097607389,2,3
10,bimodal,Task B ,1,2,1,-0.153279036,2,1,8.639685896,3,0.062068447,2,3
10,bimodal,Task B ,1,2,1,-0.138581829,2,1,161.3433532,4,0.130341363,2,3
10,bimodal,Task B ,1,2,1,0.046474036,3,1,102.5370554,5,-0.68646435,3,3
10,bimodal,Task B ,1,2,1,-0.243404792,4,1,23.09450322,6,-0.005186649,4,3
1,bimodal,Task B ,1,2,1,-0.425102375,1,1,35.418756,1,0.185509793,1,3
1,bimodal,Task B ,1,4,1,0.067061764,3,1,115.000013,2,-0.066720717,3,1
1,bimodal,Task B ,1,3,1,-0.333040431,2,1,148.8839276,3,0.198542289,2,2
1,bimodal,Task B ,2,2,1,-2.041946688,1,2,234.7559538,4,-0.793275306,1,6
1,bimodal,Task B ,1,2,0,0.516405352,2,2,268.8354592,5,-0.260653605,2,3
1,bimodal,Task B ,1,1,1,0.060767221,1,1,148.0419878,6,-0.05757363,1,4
2,bimodal,Task B ,2,1,1,-0.594981415,2,2,148.6018969,1,-1.704357345,2,5
2,bimodal,Task B ,1,3,0,0.71502778,3,2,324.5408807,2,-0.093103172,3,2
2,bimodal,Task B ,1,3,0,0.323408297,1,2,286.2055097,3,0.030737064,1,2
2,bimodal,Task B ,2,3,0,0.79468859,4,1,348.6172472,4,-0.269022285,4,7
2,bimodal,Task B ,2,3,1,1.456042493,3,2,287.8938556,5,-2.331859657,3,7
2,bimodal,Task B ,1,4,0,-0.292902252,4,2,341.6071707,6,0.313695773,4,1
3,bimodal,Task B ,1,1,0,1.253008298,1,2,106.0817532,1,0.07729381,1,4
3,bimodal,Task B ,2,1,0,-0.406353242,3,1,229.3971147,2,0.098171897,3,5
3,bimodal,Task B ,2,2,1,-0.615936361,3,2,149.2436365,3,-0.026472855,3,6
3,bimodal,Task B ,1,3,1,-0.323013864,2,1,245.7316083,4,0.070214984,2,2
3,bimodal,Task B ,2,3,1,0.412406022,1,2,139.7678218,5,1.430848145,1,7
3,bimodal,Task B ,1,2,0,0.652636164,2,2,339.6238613,6,3.042987965,2,3
4,bimodal,Task B ,1,2,0,0.206252222,2,2,74.56248757,1,-0.221640567,2,3
4,bimodal,Task B ,1,4,0,0.168501451,4,2,320.7318842,2,1.506191499,4,1
4,bimodal,Task B ,2,2,1,0.746038583,2,2,284.0946985,3,-1.31066948,2,6
4,bimodal,Task B ,1,2,1,-0.30241566,1,1,351.0813972,4,0.541732971,1,3
4,bimodal,Task B ,1,3,1,0.02309444,2,1,300.1354309,5,-0.159168041,2,2
4,bimodal,Task B ,2,1,1,-1.677526643,1,2,158.0806119,6,0.090500162,1,5
5,bimodal,Task B ,1,4,1,0.011825586,4,1,186.931608,1,0.404063107,4,1
5,bimodal,Task B ,2,4,1,-0.97129103,2,2,155.6525603,2,2.165744069,2,8
5,bimodal,Task B ,1,4,1,0.195391214,2,1,225.1846809,3,0.017218205,2,1
5,bimodal,Task B ,2,2,0,-0.388117667,3,1,184.7549478,4,0.233236462,3,6
5,bimodal,Task B ,1,1,1,0.213648713,3,1,245.6225896,5,-0.204218475,3,4
5,bimodal,Task B ,1,4,1,0.098728244,2,1,189.0102845,6,0.66180555,2,1
6,bimodal,Task B ,1,2,1,-0.431536855,3,1,226.0240152,1,-0.490750909,3,3
6,bimodal,Task B ,1,2,0,-0.469352129,3,2,197.9287643,2,0.792329886,3,3
6,bimodal,Task B ,1,2,0,-1.24454188,2,2,76.55029572,3,0.752156189,2,3
6,bimodal,Task B ,1,2,0,-0.50871104,3,2,198.4134881,4,-0.855277311,3,3
6,bimodal,Task B ,1,2,1,0.133616087,4,1,203.2430464,5,-0.45438811,4,3
6,bimodal,Task B ,2,3,1,-2.114539094,4,2,91.17488542,6,-2.248687352,4,7
7,bimodal,Task B ,1,1,1,-0.554703857,4,1,74.14891216,1,0.626315202,4,4
7,bimodal,Task B ,1,3,0,0.078740325,2,2,93.09099672,2,1.463898156,2,2
7,bimodal,Task B ,1,4,0,0.006863608,1,2,310.4636046,3,0.71077981,1,1
7,bimodal,Task B ,1,1,0,-0.329692202,2,2,272.4533883,4,0.183168885,2,4
7,bimodal,Task B ,1,4,0,-1.12756845,2,2,110.6471693,5,1.649350103,2,1
7,bimodal,Task B ,1,4,0,1.217289691,2,2,144.2434519,6,0.143848908,2,1
8,bimodal,Task B ,1,4,1,0.536773105,3,1,262.6564749,1,0.132936182,3,1
8,bimodal,Task B ,1,4,1,-0.085123116,2,1,314.2905304,2,-0.077760256,2,1
8,bimodal,Task B ,1,4,1,-0.348234598,1,1,199.7412027,3,-0.03045372,1,1
8,bimodal,Task B ,1,4,1,-0.352977084,3,1,349.2127691,4,0.351681996,3,1
8,bimodal,Task B ,2,4,1,0.87703958,3,2,79.78962225,5,1.180523179,3,8
8,bimodal,Task B ,2,4,1,0.929296654,1,2,8.807103931,6,1.887465933,1,8
9,bimodal,Task B ,1,1,0,0.866395442,1,2,163.8927287,1,-1.710591086,1,4
9,bimodal,Task B ,1,2,1,-0.517638799,2,1,259.7770706,2,-0.321123765,2,3
9,bimodal,Task B ,1,3,0,0.662085189,3,2,76.66340476,3,-2.547383599,3,2
9,bimodal,Task B ,1,2,0,-1.877547061,2,2,234.6876916,4,-0.792519352,2,3
9,bimodal,Task B ,1,1,0,0.971720459,3,2,234.7298317,5,1.075717334,3,4
9,bimodal,Task B ,1,2,0,0.13015045,2,2,93.23675213,6,-0.746195949,2,3
10,bimodal,Task B ,2,1,1,-1.22021121,2,2,322.1128304,1,-0.41618319,2,5
10,bimodal,Task B ,1,1,1,0.411286808,1,1,91.84703481,2,0.092074527,1,4
10,bimodal,Task B ,2,1,1,0.478507054,4,2,215.1812515,3,0.742877363,4,5
10,bimodal,Task B ,1,2,1,0.175630319,2,1,81.98598521,4,0.122097192,2,3
10,bimodal,Task B ,1,2,1,0.682593722,4,1,171.6891298,5,0.321437048,4,3
10,bimodal,Task B ,1,1,0,-0.715954732,1,2,263.3528597,6,0.475054759,1,4
1,bimodal,Task B ,2,4,1,0.752858113,2,2,244.5736356,1,2.10920405,2,8
1,bimodal,Task B ,1,3,0,1.033316334,4,2,85.1229698,2,-0.75452078,4,2
1,bimodal,Task B ,1,3,1,-0.061785418,1,1,268.7393208,3,-0.09732971,1,2
1,bimodal,Task B ,2,2,1,-1.527786748,3,2,351.5806657,4,0.278473646,3,6
1,bimodal,Task B ,2,4,1,2.366367994,4,2,201.8424566,5,1.080489639,4,8
1,bimodal,Task B ,1,2,1,0.224570756,2,1,127.3896261,6,0.407883564,2,3
2,bimodal,Task B ,2,2,1,-0.513783533,4,2,333.142168,1,-0.132656546,4,6
2,bimodal,Task B ,2,4,1,-3.466910791,4,2,292.5211022,2,-1.781945146,4,8
2,bimodal,Task B ,2,2,1,0.270105031,1,2,307.1656464,3,-1.137261559,1,6
2,bimodal,Task B ,1,2,1,-0.190846285,3,1,35.47753995,4,0.879697248,3,3
2,bimodal,Task B ,2,4,1,-2.236999847,4,2,35.7105908,5,-2.173623929,4,8
2,bimodal,Task B ,1,3,1,0.107091986,4,1,196.711348,6,0.221498207,4,2
3,bimodal,Task B ,2,4,1,1.010364854,2,2,262.6648571,1,-1.35726822,2,8
3,bimodal,Task B ,1,3,1,0.005760595,3,1,160.5511464,2,0.10221207,3,2
3,bimodal,Task B ,1,4,1,0.00685149,4,1,252.4675794,3,0.135977824,4,1
3,bimodal,Task B ,2,4,1,-2.059462493,2,2,116.9760099,4,-0.873288092,2,8
3,bimodal,Task B ,2,3,1,0.283710423,2,2,131.9221477,5,1.400607416,2,7
3,bimodal,Task B ,2,3,0,-0.163853643,1,1,129.4053946,6,-0.484273029,1,7
4,bimodal,Task B ,2,1,1,1.62073172,1,2,143.8471963,1,0.354037004,1,5
4,bimodal,Task B ,1,2,0,-0.018010114,3,2,152.5573216,2,0.739171407,3,3
4,bimodal,Task B ,2,1,1,0.949052292,1,2,170.4740927,3,-0.201357124,1,5
4,bimodal,Task B ,1,1,1,0.022022351,1,1,255.972631,4,0.463402736,1,4
4,bimodal,Task B ,1,2,1,0.250702425,4,1,272.189571,5,0.143143122,4,3
4,bimodal,Task B ,2,3,1,1.823790474,2,2,18.35702309,6,1.364710809,2,7
5,bimodal,Task B ,1,1,1,0.344592951,2,1,72.65209025,1,-0.390029798,2,4
5,bimodal,Task B ,1,4,1,0.977610197,2,1,135.6108882,2,-0.310919724,2,1
5,bimodal,Task B ,1,1,1,0.547887471,4,1,190.3956102,3,-0.697236169,4,4
5,bimodal,Task B ,1,4,1,-0.286034012,1,1,343.3829086,4,0.214043513,1,1
5,bimodal,Task B ,2,2,1,0.166438294,4,2,135.9949642,5,-2.427006249,4,6
5,bimodal,Task B ,2,4,1,2.458207132,2,2,320.0785551,6,1.493121859,2,8
6,bimodal,Task B ,1,2,1,-0.342880119,1,1,298.2548152,1,0.528909469,1,3
6,bimodal,Task B ,1,2,1,0.676225894,3,1,231.2426608,2,-0.205636653,3,3
6,bimodal,Task B ,1,2,0,0.868717124,2,2,163.713745,3,-0.354937279,2,3
6,bimodal,Task B ,1,2,1,-0.236295653,3,1,150.9926249,4,-0.13297697,3,3
6,bimodal,Task B ,1,2,0,0.203759859,4,2,337.8486177,5,1.59554495,4,3
6,bimodal,Task B ,1,2,1,0.216593459,4,1,47.65020455,6,0.057443894,4,3
7,bimodal,Task B ,1,4,1,-0.027565551,3,1,323.235696,1,0.119257434,3,1
7,bimodal,Task B ,1,2,1,0.168756913,2,1,54.8514983,2,0.049931465,2,3
7,bimodal,Task B ,1,4,1,0.137571804,3,1,165.5764299,3,-0.416943102,3,1
7,bimodal,Task B ,1,1,0,-0.086279984,1,2,48.06823175,4,-1.848514389,1,4
7,bimodal,Task B ,1,4,0,0.367785032,2,2,248.5341854,5,-0.815434755,2,1
7,bimodal,Task B ,1,1,1,-0.368620778,3,1,310.0082603,6,0.306539982,3,4
8,bimodal,Task B ,1,4,1,-0.100280657,2,1,40.02092966,1,0.237613404,2,1
8,bimodal,Task B ,1,4,1,0.132168737,2,1,198.7248265,2,-0.199351028,2,1
8,bimodal,Task B ,1,4,1,-0.119187312,4,1,289.9972683,3,0.594421188,4,1
8,bimodal,Task B ,2,1,1,-0.745699603,1,2,29.98074374,4,0.854464499,1,5
8,bimodal,Task B ,1,4,1,-0.546619458,2,1,358.8627841,5,-0.057640007,2,1
8,bimodal,Task B ,1,4,1,-0.42027549,1,1,249.5564778,6,0.651606457,1,1
9,bimodal,Task B ,1,3,1,0.221641541,3,1,295.0272751,1,-0.029344263,3,2
9,bimodal,Task B ,2,3,1,-1.708927865,2,2,45.07019176,2,0.218028529,2,7
9,bimodal,Task B ,2,2,1,1.829156381,3,2,303.8141699,3,0.281505498,3,6
9,bimodal,Task B ,2,4,0,0.039093298,3,1,119.2026718,4,-0.040833472,3,8
9,bimodal,Task B ,1,2,1,0.226552915,2,1,103.0223445,5,-0.685260857,2,3
9,bimodal,Task B ,1,2,0,0.216230261,1,2,10.98238699,6,-0.195531646,1,3
10,bimodal,Task B ,2,1,1,1.463531474,2,2,199.5406417,1,0.378697555,2,5
10,bimodal,Task B ,1,1,0,1.721046896,3,2,2.762289915,2,0.450026809,3,4
10,bimodal,Task B ,2,2,1,0.805993835,4,2,202.7886198,3,1.249808142,4,6
10,bimodal,Task B ,1,2,0,-1.074835669,1,2,351.1838909,4,3.616065089,1,3
10,bimodal,Task B ,2,1,0,-0.372033276,3,1,307.5859867,5,0.270458276,3,5
10,bimodal,Task B ,1,1,0,0.513442456,2,2,193.1012828,6,-0.124326257,2,4
1,bimodal,Task B ,2,3,1,1.342398256,4,2,105.0814085,1,-0.065596849,4,7
1,bimodal,Task B ,1,2,1,-0.491092226,2,1,305.3377316,2,-0.167860625,2,3
1,bimodal,Task B ,2,1,0,-0.275992729,1,1,315.7939402,3,0.211714562,1,5
1,bimodal,Task B ,1,2,1,0.233598849,1,1,156.860508,4,-0.47919327,1,3
1,bimodal,Task B ,1,3,1,0.657002731,3,1,263.0732322,5,0.025576575,3,2
1,bimodal,Task B ,1,3,1,0.153362715,4,1,139.6459942,6,-0.193839038,4,2
2,bimodal,Task B ,1,1,0,-0.354328119,1,2,212.7250847,1,-2.806107003,1,4
2,bimodal,Task B ,2,4,1,-3.043625931,4,2,247.8171854,2,0.467126247,4,8
2,bimodal,Task B ,2,3,1,0.938432873,1,2,303.8792068,3,-0.246581223,1,7
2,bimodal,Task B ,2,3,1,-1.069382524,1,2,358.3361703,4,0.135858941,1,7
2,bimodal,Task B ,2,1,1,0.390164793,3,2,152.7960784,5,-2.038020752,3,5
2,bimodal,Task B ,2,2,0,0.610752293,3,1,63.60321751,6,-0.608210064,3,6
3,bimodal,Task B ,2,4,1,2.441649919,4,2,259.8661247,1,0.660183125,4,8
3,bimodal,Task B ,1,3,0,-0.135866726,2,2,261.6513073,2,-0.087886206,2,2
3,bimodal,Task B ,1,2,1,-0.604980457,2,1,263.2571666,3,0.450604465,2,3
3,bimodal,Task B ,1,1,1,0.292135367,2,1,129.1324463,4,-0.51262837,2,4
3,bimodal,Task B ,2,2,0,0.41426195,4,1,338.0085811,5,-0.534480232,4,6
3,bimodal,Task B ,1,3,1,-0.135811671,2,1,88.61081238,6,-0.090038753,2,2
4,bimodal,Task B ,1,2,0,-1.801517375,1,2,62.23286289,1,0.221542148,1,3
4,bimodal,Task B ,1,3,1,-0.231779704,1,1,346.6311248,2,0.245015969,1,2
4,bimodal,Task B ,1,2,1,0.097573577,3,1,120.0039785,3,0.050675714,3,3
4,bimodal,Task B ,1,2,1,-0.028747803,2,1,235.2879912,4,-0.029734082,2,3
4,bimodal,Task B ,1,1,0,-0.086647526,2,2,24.88998761,5,0.917537497,2,4
4,bimodal,Task B ,1,2,0,1.152812826,1,2,66.24661601,6,1.447948962,1,3
5,bimodal,Task B ,1,4,1,0.087967727,2,1,280.1260151,1,-0.02784964,2,1
5,bimodal,Task B ,1,4,1,-0.209376205,3,1,255.1412611,2,-0.144906192,3,1
5,bimodal,Task B ,2,4,0,-0.284466026,1,1,204.1450848,3,0.534442332,1,8
5,bimodal,Task B ,2,2,1,-1.272893931,1,2,304.755831,4,-0.570136331,1,6
5,bimodal,Task B ,1,4,1,0.959457484,1,1,233.1792878,5,0.06528582,1,1
5,bimodal,Task B ,2,4,1,3.574595982,1,2,340.7764129,6,1.772338355,1,8
6,bimodal,Task B ,1,2,0,0.553259803,1,2,336.4822535,1,2.837345345,1,3
6,bimodal,Task B ,1,2,1,0.331667531,4,1,90.20805421,2,0.5073678,4,3
6,bimodal,Task B ,2,2,1,0.148329847,4,2,0.943916257,3,-0.253383436,4,6
6,bimodal,Task B ,2,2,1,2.06573888,2,2,85.22563464,4,0.967167141,2,6
6,bimodal,Task B ,1,1,0,0.312244091,1,2,89.64313034,5,0.388658834,1,4
6,bimodal,Task B ,1,2,0,2.163590598,1,2,278.5810693,6,0.461738232,1,3
7,bimodal,Task B ,1,4,1,-0.065140197,3,1,209.2343,1,-0.494751289,3,1
7,bimodal,Task B ,1,1,1,-0.015897146,1,1,124.9448397,2,0.493663018,1,4
7,bimodal,Task B ,2,4,1,3.295555213,3,2,334.1327544,3,0.697079412,3,8
7,bimodal,Task B ,1,1,0,1.682902529,3,2,132.7252483,4,-1.707256996,3,4
7,bimodal,Task B ,2,4,1,-0.063034982,3,2,78.9429961,5,1.240972386,3,8
7,bimodal,Task B ,1,1,1,-0.075131797,1,1,210.5280957,6,-0.053661599,1,4
8,bimodal,Task B ,2,4,1,-1.183336302,2,2,134.5924673,1,0.655162706,2,8
8,bimodal,Task B ,1,4,1,0.038459366,4,1,190.7293921,2,-0.022729061,4,1
8,bimodal,Task B ,2,4,1,-2.171864704,3,2,122.1000958,3,0.049211179,3,8
8,bimodal,Task B ,1,4,0,-0.793411024,2,2,267.2474117,4,-1.955482986,2,1
8,bimodal,Task B ,1,1,0,0.064054921,1,2,238.5572367,5,1.051277112,1,4
8,bimodal,Task B ,2,4,1,0.901672193,3,2,117.9167969,6,1.709037633,3,8
9,bimodal,Task B ,1,3,0,0.458526048,2,2,88.97285433,1,-2.0350278,2,2
9,bimodal,Task B ,2,1,0,-0.22380839,3,1,229.5356365,2,-0.249442076,3,5
9,bimodal,Task B ,1,1,0,-0.345369669,3,2,120.6111383,3,0.239747574,3,4
9,bimodal,Task B ,2,3,1,1.090518667,3,2,50.82152916,4,-0.566938019,3,7
9,bimodal,Task B ,1,1,1,0.045830543,3,1,69.38472663,5,-0.255008579,3,4
9,bimodal,Task B ,1,3,1,-0.172147404,2,1,80.1982846,6,0.615708018,2,2
10,bimodal,Task B ,1,1,1,0.20843357,3,1,329.9263491,1,0.122646913,3,4
10,bimodal,Task B ,1,2,1,0.209705496,2,1,333.6243099,2,-0.395522093,2,3
10,bimodal,Task B ,1,2,1,0.388714217,2,1,9.911876577,3,0.500211013,2,3
10,bimodal,Task B ,2,2,1,-0.832758192,3,2,326.5322251,4,1.521011357,3,6
10,bimodal,Task B ,1,2,0,-1.789316628,1,2,351.3355903,5,1.623397931,1,3
10,bimodal,Task B ,1,2,0,0.232281432,3,2,117.8211939,6,-0.73997114,3,3
1,bimodal,Task B ,1,2,1,-0.017419202,3,1,15.39217881,1,-0.08587864,3,3
1,bimodal,Task B ,1,4,1,-0.079437552,4,1,277.1583776,2,0.141698134,4,1
1,bimodal,Task B ,2,4,1,-1.71099579,1,2,326.8629156,3,-1.573822543,1,8
1,bimodal,Task B ,1,2,1,0.16028556,3,1,118.9428634,4,-0.190764406,3,3
1,bimodal,Task B ,2,4,1,-2.598540299,3,2,222.1673917,5,-0.786413979,3,8
1,bimodal,Task B ,2,4,1,-0.077702424,1,2,161.8070779,6,-1.664541077,1,8
2,bimodal,Task B ,1,2,0,0.859540368,4,2,140.9471745,1,0.492163267,4,3
2,bimodal,Task B ,1,2,0,-0.738618419,2,2,23.58074829,2,-0.65100513,2,3
2,bimodal,Task B ,2,3,1,-0.749252139,3,2,158.7648031,3,-1.83812537,3,7
2,bimodal,Task B ,1,3,0,-0.746005467,1,2,51.24363766,4,1.270664166,1,2
2,bimodal,Task B ,1,2,1,-0.199568745,2,1,190.2005894,5,0.359121851,2,3
2,bimodal,Task B ,2,3,1,-0.683479009,2,2,194.1102522,6,0.935939662,2,7
3,bimodal,Task B ,2,1,1,0.561973969,1,2,93.78893255,1,-2.673152465,1,5
3,bimodal,Task B ,2,1,1,1.180097824,3,2,6.856386414,2,-0.023459136,3,5
3,bimodal,Task B ,1,3,1,0.24989705,1,1,57.12497358,3,-0.517623696,1,2
3,bimodal,Task B ,1,3,1,-0.91937408,2,1,278.2016442,4,-0.083800029,2,2
3,bimodal,Task B ,2,3,1,-0.464169898,2,2,306.2643105,5,1.60522963,2,7
3,bimodal,Task B ,1,3,1,0.067268305,1,1,247.4970495,6,-0.099317679,1,2
4,bimodal,Task B ,1,3,1,0.406619846,4,1,68.65620552,1,0.071230373,4,2
4,bimodal,Task B ,1,2,1,-0.30738285,1,1,300.7069701,2,-0.056986975,1,3
4,bimodal,Task B ,2,2,1,0.406778015,1,2,200.9265825,3,-1.112320735,1,6
4,bimodal,Task B ,1,2,1,0.012357111,3,1,294.4344594,4,-0.415316109,3,3
4,bimodal,Task B ,2,4,1,-3.005230347,4,2,62.0181652,5,0.414538266,4,8
4,bimodal,Task B ,1,2,1,-0.549778155,4,1,343.4400034,6,-0.065388385,4,3
5,bimodal,Task B ,2,1,0,-0.035690676,3,1,6.524800405,1,-0.276024887,3,5
5,bimodal,Task B ,1,2,0,0.41910291,4,2,265.5605573,2,0.196926749,4,3
5,bimodal,Task B ,2,2,0,-0.359096826,3,1,247.8407827,3,-0.079437831,3,6
5,bimodal,Task B ,1,4,0,0.19353321,4,2,26.69171978,4,-0.21780075,4,1
5,bimodal,Task B ,2,4,0,-0.847340171,2,1,94.43963087,5,0.062563186,2,8
5,bimodal,Task B ,1,1,0,0.542305388,3,2,73.219661,6,-1.294217205,3,4
6,bimodal,Task B ,2,2,0,0.516599499,2,1,235.040155,1,-0.138195947,2,6
6,bimodal,Task B ,1,2,1,-0.178613418,4,1,347.4825621,2,-0.608193096,4,3
6,bimodal,Task B ,2,2,0,0.188674079,1,1,216.5506645,3,-0.202390893,1,6
6,bimodal,Task B ,1,2,0,0.531611398,3,2,94.95426875,4,-0.90317298,3,3
6,bimodal,Task B ,2,2,1,-0.415749155,4,2,220.0137304,5,-1.936112201,4,6
6,bimodal,Task B ,2,1,1,0.904312968,1,2,115.9676728,6,-0.286389914,1,5
7,bimodal,Task B ,1,1,0,-0.274563285,2,2,210.535668,1,-2.06490919,2,4
7,bimodal,Task B ,1,1,0,-0.606518601,1,2,166.9269076,2,1.257455304,1,4
7,bimodal,Task B ,1,1,1,0.215492301,2,1,244.8670583,3,-0.184206252,2,4
7,bimodal,Task B ,1,4,1,-0.605947861,4,1,61.04301425,4,0.005770581,4,1
7,bimodal,Task B ,1,4,1,0.022898467,4,1,4.222361409,5,0.026972059,4,1
7,bimodal,Task B ,1,4,1,0.362778665,4,1,128.1858708,6,-0.512816062,4,1
8,bimodal,Task B ,2,4,1,-1.704699235,4,2,100.7759074,1,0.671900653,4,8
8,bimodal,Task B ,1,4,1,-0.500431222,1,1,159.4362459,2,0.527120074,1,1
8,bimodal,Task B ,1,4,1,0.047928779,3,1,36.586218,3,0.077525301,3,1
8,bimodal,Task B ,1,4,1,-0.274235723,1,1,321.56353,4,0.624363241,1,1
8,bimodal,Task B ,1,4,1,-0.190764861,4,1,306.0833097,5,-0.224323538,4,1
8,bimodal,Task B ,2,4,1,0.803663832,4,2,49.22065375,6,-0.052113458,4,8
9,bimodal,Task B ,1,1,1,0.101963045,4,1,296.0510612,1,-0.451269847,4,4
9,bimodal,Task B ,2,1,1,-2.212289258,2,2,44.81626783,2,-0.233753965,2,5
9,bimodal,Task B ,1,2,1,0.816116109,2,1,37.39105673,3,-0.276119302,2,3
9,bimodal,Task B ,1,4,0,-2.217875242,2,2,6.756062141,4,0.892284301,2,1
9,bimodal,Task B ,2,2,1,-0.928332861,2,2,135.8929328,5,0.313491494,2,6
9,bimodal,Task B ,1,3,1,0.238595525,2,1,183.1427798,6,-0.042728951,2,2
10,bimodal,Task B ,2,1,1,-1.761187967,2,2,1.66620328,1,0.545837219,2,5
10,bimodal,Task B ,1,1,0,0.645329218,2,2,233.5438902,2,-0.252948127,2,4
10,bimodal,Task B ,1,2,1,-0.390479672,3,1,149.0590701,3,0.08904623,3,3
10,bimodal,Task B ,1,1,1,0.769354093,1,1,191.5791142,4,0.224668172,1,4
10,bimodal,Task B ,2,2,1,-1.762914857,4,2,15.02120527,5,1.015409852,4,6
10,bimodal,Task B ,1,1,0,1.130347381,1,2,182.3932186,6,0.951921275,1,4
1,bimodal,Task B ,1,2,0,-0.778570953,1,2,142.992707,1,0.462989985,1,3
1,bimodal,Task B ,2,1,1,0.580679729,4,2,110.8176462,2,-0.673224422,4,5
1,bimodal,Task B ,2,1,1,-1.148293472,1,2,292.9958089,3,-3.49192936,1,5
1,bimodal,Task B ,1,3,0,0.515258331,2,2,68.28297226,4,0.407397365,2,2
1,bimodal,Task B ,1,2,0,-1.062904688,2,2,275.8324981,5,1.332108576,2,3
1,bimodal,Task B ,2,1,0,0.282962178,2,1,114.824623,6,0.095342827,2,5
2,bimodal,Task B ,1,2,1,0.465916407,4,1,59.15229989,1,-0.254228796,4,3
2,bimodal,Task B ,2,4,1,-0.306678886,3,2,255.5661318,2,3.462501614,3,8
2,bimodal,Task B ,2,2,1,-0.515512434,2,2,299.5210483,3,-3.0284508,2,6
2,bimodal,Task B ,2,3,1,-2.486259675,3,2,122.295652,4,-0.288968839,3,7
2,bimodal,Task B ,1,2,0,-0.262491267,3,2,168.8757479,5,0.82850236,3,3
2,bimodal,Task B ,1,3,1,-0.856841624,1,1,114.5810645,6,0.244551079,1,2
3,bimodal,Task B ,1,2,1,-0.101276727,1,1,213.9604542,1,-0.367927463,1,3
3,bimodal,Task B ,1,2,0,-0.396534297,1,2,237.7498092,2,-0.078585383,1,3
3,bimodal,Task B ,2,2,1,-0.879495462,4,2,162.7851235,3,0.079944729,4,6
3,bimodal,Task B ,1,3,1,-0.470277027,3,1,106.9161255,4,0.070867874,3,2
3,bimodal,Task B ,2,3,1,0.270549303,3,2,40.49790056,5,2.09545275,3,7
3,bimodal,Task B ,2,1,0,-0.199783544,4,1,292.1932986,6,0.271442916,4,5
4,bimodal,Task B ,1,2,1,-0.004376818,2,1,286.776864,1,-0.427648816,2,3
4,bimodal,Task B ,1,1,1,-0.41674181,1,1,273.1824346,2,0.727762709,1,4
4,bimodal,Task B ,1,3,1,-0.005808452,4,1,208.6303657,3,0.411033088,4,2
4,bimodal,Task B ,1,4,1,-0.601543375,4,1,348.6582124,4,0.454189014,4,1
4,bimodal,Task B ,2,1,1,-1.371493628,2,2,173.7622138,5,-3.29143239,2,5
4,bimodal,Task B ,1,1,1,-0.112421348,1,1,188.0567993,6,0.082616911,1,4
5,bimodal,Task B ,1,4,1,0.380307523,4,1,195.0568021,1,-0.064873802,4,1
5,bimodal,Task B ,1,4,1,-0.130567777,3,1,307.6710938,2,0.398665719,3,1
5,bimodal,Task B ,2,4,1,-2.141463748,2,2,183.7818417,3,0.005818558,2,8
5,bimodal,Task B ,2,4,1,2.024599662,3,2,191.9673259,4,-0.851283768,3,8
5,bimodal,Task B ,1,4,1,0.31098,3,1,161.8061885,5,0.036570691,3,1
5,bimodal,Task B ,2,1,0,-0.12520175,2,1,131.1230877,6,0.062634024,2,5
6,bimodal,Task B ,2,2,1,-1.207247755,3,2,37.45588927,1,1.366396304,3,6
6,bimodal,Task B ,1,2,1,0.413104521,4,1,91.23513656,2,0.132202744,4,3
6,bimodal,Task B ,1,2,0,0.022169943,3,2,47.92016055,3,1.36583401,3,3
6,bimodal,Task B ,1,2,1,0.4443203,1,1,173.6525262,4,-0.135351042,1,3
6,bimodal,Task B ,2,1,1,2.240675939,4,2,354.3152335,5,-1.17751741,4,5
6,bimodal,Task B ,1,1,0,0.366963802,1,2,55.01975347,6,0.327233036,1,4
7,bimodal,Task B ,2,2,0,-0.853776607,2,1,357.0518295,1,-0.522770703,2,6
7,bimodal,Task B ,1,2,1,0.007578179,3,1,150.3284653,2,-0.656872801,3,3
7,bimodal,Task B ,1,1,1,-0.020285542,2,1,63.43333014,3,-0.127587154,2,4
7,bimodal,Task B ,1,1,0,-0.53939751,2,2,53.18142723,4,-0.508403944,2,4
7,bimodal,Task B ,1,4,1,0.348536931,1,1,342.1552178,5,0.20506547,1,1
7,bimodal,Task B ,1,1,1,0.002498952,3,1,94.76853077,6,0.264482192,3,4
8,bimodal,Task B ,1,4,1,-0.299466465,4,1,232.3525772,1,0.097155382,4,1
8,bimodal,Task B ,1,4,1,-0.234906371,4,1,94.66899193,2,-0.360612837,4,1
8,bimodal,Task B ,2,4,1,-2.057801835,1,2,0.511991679,3,0.460846116,1,8
8,bimodal,Task B ,1,4,1,-0.269920848,2,1,105.4335095,4,-0.131804541,2,1
8,bimodal,Task B ,1,4,1,-0.293769624,4,1,311.0745489,5,0.289186679,4,1
8,bimodal,Task B ,1,4,1,0.232093843,1,1,88.84088762,6,0.58739738,1,1
9,bimodal,Task B ,1,1,0,-0.077570312,1,2,62.33947271,1,-1.307250574,1,4
9,bimodal,Task B ,1,1,0,-0.639398182,3,2,322.6031476,2,3.003012831,3,4
9,bimodal,Task B ,2,3,1,3.291143619,3,2,60.23077213,3,-1.968337968,3,7
9,bimodal,Task B ,1,3,0,0.516541641,1,2,239.742146,4,0.760103556,1,2
9,bimodal,Task B ,1,2,0,-1.12705728,3,2,129.7346837,5,1.125525797,3,3
9,bimodal,Task B ,2,2,0,-0.363679337,2,1,0.396384568,6,-0.046297347,2,6
10,bimodal,Task B ,1,1,0,0.242443846,1,2,193.9857503,1,-0.49658563,1,4
10,bimodal,Task B ,1,1,1,0.395660454,4,1,356.2596297,2,0.194466016,4,4
10,bimodal,Task B ,2,2,1,-0.316226557,4,2,289.2945667,3,2.226950782,4,6
10,bimodal,Task B ,1,2,1,0.327374544,2,1,150.3771273,4,-0.036997056,2,3
10,bimodal,Task B ,2,2,1,-1.901098068,4,2,195.7971627,5,1.595326293,4,6
10,bimodal,Task B ,2,1,1,-2.556671373,1,2,137.5438336,6,-0.563712793,1,5