subject_name,stim_type,task_type,resp_category,resp_confidence,resp_correct,stim_orientation,stim_reliability,stim_category,stim_phase,block_number,stim_frequency,stim_reliability_level,r
1,grate,Task B ,2,2,1,-0.780708441,0.135,2,112.6457452,0,0,4,6
1,grate,Task B ,1,4,1,-0.179783758,0.135,1,234.0149921,0,0,4,1
1,grate,Task B ,1,3,1,0.55903986,0.05,1,289.848422,0,0,2,2
1,grate,Task B ,1,1,0,-1.012914343,0.033,2,119.3076894,0,0,1,4
1,grate,Task B ,2,4,1,1.815593704,0.135,2,40.56981637,0,0,4,8
1,grate,Task B ,1,2,0,1.437750311,0.033,2,153.8716083,0,0,1,3
2,grate,Task B ,1,1,1,0.392355713,0.05,1,8.335031625,0,0,2,4
2,grate,Task B ,1,1,0,-1.212691236,0.067,2,228.5483699,0,0,3,4
2,grate,Task B ,2,2,0,0.227748972,0.067,1,331.532549,0,0,3,6
2,grate,Task B ,1,1,0,-0.438036907,0.033,2,169.7985379,0,0,1,4
2,grate,Task B ,2,2,1,0.817309633,0.05,2,292.6490698,0,0,2,6
2,grate,Task B ,1,2,1,-0.626251042,0.067,1,26.4886867,0,0,3,3
3,grate,Task B ,1,3,1,-0.173405715,0.067,1,181.8665399,0,0,3,2
3,grate,Task B ,2,1,1,-1.059897649,0.033,2,278.2519724,0,0,1,5
3,grate,Task B ,2,4,1,0.437369663,0.067,2,279.7888161,0,0,3,8
3,grate,Task B ,2,4,1,-0.730787094,0.067,2,22.0861006,0,0,3,8
3,grate,Task B ,1,3,0,0.190683284,0.135,2,99.93678113,0,0,4,2
3,grate,Task B ,2,1,1,1.451637377,0.05,2,193.4807462,0,0,2,5
4,grate,Task B ,1,1,1,-0.279112818,0.067,1,79.50148437,0,0,3,4
4,grate,Task B ,1,1,0,-0.913894594,0.033,2,167.1577223,0,0,1,4
4,grate,Task B ,1,1,1,-0.055847846,0.033,1,296.9238807,0,0,1,4
4,grate,Task B ,1,4,0,-1.85962049,0.05,2,34.91827124,0,0,2,1
4,grate,Task B ,1,1,0,1.033346647,0.033,2,226.6900524,0,0,1,4
4,grate,Task B ,2,4,1,0.352118256,0.135,2,213.2496595,0,0,4,8
5,grate,Task B ,2,3,0,-0.617750834,0.135,1,12.94958527,0,0,4,7
5,grate,Task B ,1,3,1,-0.243281103,0.05,1,177.1495846,0,0,2,2
5,grate,Task B ,1,4,0,-0.099046158,0.135,2,104.9993315,0,0,4,1
5,grate,Task B ,2,4,1,1.301773357,0.067,2,123.4925827,0,0,3,8
5,grate,Task B ,1,4,1,-0.250239363,0.05,1,50.28542827,0,0,2,1
5,grate,Task B ,1,2,0,0.413927377,0.135,2,178.5073032,0,0,4,3
6,grate,Task B ,2,2,0,0.448899588,0.067,1,24.20603496,0,0,3,6
6,grate,Task B ,1,3,0,-0.679802974,0.033,2,230.2361456,0,0,1,2
6,grate,Task B ,1,3,0,0.63768578,0.067,2,316.6999079,0,0,3,2
6,grate,Task B ,1,3,0,0.467427084,0.05,2,278.5571054,0,0,2,2
6,grate,Task B ,1,3,1,0.022017195,0.067,1,3.330936059,0,0,3,2
6,grate,Task B ,2,1,0,-0.127754399,0.033,1,66.17556596,0,0,1,5
7,grate,Task B ,1,1,1,0.1601789,0.135,1,181.0076054,0,0,4,4
7,grate,Task B ,1,4,0,-0.585332037,0.033,2,0.365903558,0,0,1,1
7,grate,Task B ,1,1,1,0.0302273,0.033,1,248.0406861,0,0,1,4
7,grate,Task B ,1,1,1,0.260247406,0.033,1,283.7856693,0,0,1,4
7,grate,Task B ,2,4,1,1.673621582,0.135,2,10.37438325,0,0,4,8
7,grate,Task B ,2,4,0,0.110419287,0.067,1,333.4286156,0,0,3,8
8,grate,Task B ,1,2,1,0.091866613,0.135,1,318.5441173,0,0,4,3
8,grate,Task B ,2,3,1,-0.048081613,0.067,2,308.2087271,0,0,3,7
8,grate,Task B ,2,4,0,-0.542188315,0.135,1,188.0925829,0,0,4,8
8,grate,Task B ,2,3,1,1.023254413,0.135,2,329.703987,0,0,4,7
8,grate,Task B ,2,2,1,-0.738448337,0.05,2,31.16274569,0,0,2,6
8,grate,Task B ,2,4,0,-0.386899594,0.135,1,96.23701407,0,0,4,8
9,grate,Task B ,2,2,1,-0.528552598,0.033,2,177.6850894,0,0,1,6
9,grate,Task B ,1,2,0,-3.851070876,0.05,2,281.1433965,0,0,2,3
9,grate,Task B ,1,1,1,-0.009110642,0.05,1,31.55492571,0,0,2,4
9,grate,Task B ,2,2,0,-0.158912945,0.067,1,247.9893892,0,0,3,6
9,grate,Task B ,1,1,1,-0.52986698,0.033,1,235.8461688,0,0,1,4
9,grate,Task B ,1,1,1,0.087123585,0.033,1,178.9214591,0,0,1,4
10,grate,Task B ,1,1,0,2.066053334,0.067,2,202.7937577,0,0,3,4
10,grate,Task B ,1,1,0,-0.063977886,0.033,2,346.1444089,0,0,1,4
10,grate,Task B ,2,3,1,-2.080762954,0.067,2,6.986621774,0,0,3,7
10,grate,Task B ,1,1,0,0.037240796,0.05,2,281.6164114,0,0,2,4
10,grate,Task B ,1,1,0,1.359388078,0.033,2,306.5406855,0,0,1,4
10,grate,Task B ,1,1,1,-0.315738856,0.033,1,70.39694387,0,0,1,4
1,grate,Task B ,1,4,0,0.600958643,0.135,2,279.1872459,0,0,4,1
1,grate,Task B ,1,3,1,0.441418418,0.067,1,37.21191896,0,0,3,2
1,grate,Task B ,1,1,1,-0.183974729,0.033,1,102.1497629,0,0,1,4
1,grate,Task B ,1,4,1,-0.01067968,0.135,1,206.5617444,0,0,4,1
1,grate,Task B ,2,1,0,0.114455029,0.135,1,232.4334097,0,0,4,5
1,grate,Task B ,2,1,0,0.637247787,0.05,1,97.30515958,0,0,2,5
2,grate,Task B ,1,1,1,-0.515589303,0.067,1,128.7275263,0,0,3,4
2,grate,Task B ,1,4,1,0.173355199,0.135,1,16.06141588,0,0,4,1
2,grate,Task B ,1,2,0,1.189894848,0.05,2,181.3346911,0,0,2,3
2,grate,Task B ,2,2,0,-0.05360807,0.033,1,245.4816668,0,0,1,6
2,grate,Task B ,1,4,1,-0.427815643,0.135,1,156.2912478,0,0,4,1
2,grate,Task B ,1,1,0,-0.761311106,0.033,2,95.92774608,0,0,1,4
3,grate,Task B ,1,3,1,-0.170375314,0.135,1,151.1018546,0,0,4,2
3,grate,Task B ,1,1,1,-0.78917117,0.033,1,282.7698776,0,0,1,4
3,grate,Task B ,1,3,1,0.29742942,0.05,1,190.4148786,0,0,2,2
3,grate,Task B ,1,4,0,0.149907889,0.067,2,270.1942779,0,0,3,1
3,grate,Task B ,2,2,1,1.00553298,0.05,2,237.3402106,0,0,2,6
3,grate,Task B ,1,2,1,-0.444163746,0.033,1,231.4898101,0,0,1,3
4,grate,Task B ,1,3,1,-0.293861821,0.135,1,127.6406179,0,0,4,2
4,grate,Task B ,2,4,1,-1.207024851,0.067,2,61.71636186,0,0,3,8
4,grate,Task B ,1,3,1,0.283143251,0.135,1,189.2450462,0,0,4,2
4,grate,Task B ,2,4,1,-1.276829251,0.135,2,275.6106771,0,0,4,8
4,grate,Task B ,1,1,1,-0.075067072,0.033,1,119.6326469,0,0,1,4
4,grate,Task B ,2,4,1,1.757248246,0.067,2,38.3222504,0,0,3,8
5,grate,Task B ,1,2,0,0.592887142,0.05,2,39.11731256,0,0,2,3
5,grate,Task B ,1,2,0,0.669355568,0.05,2,71.00130917,0,0,2,3
5,grate,Task B ,1,1,1,-0.397963084,0.033,1,106.6816846,0,0,1,4
5,grate,Task B ,1,4,1,0.122606586,0.067,1,28.02670076,0,0,3,1
5,grate,Task B ,1,3,1,-0.076251309,0.135,1,306.9429736,0,0,4,2
5,grate,Task B ,2,4,1,-2.216431185,0.033,2,28.19493895,0,0,1,8
6,grate,Task B ,2,3,1,-1.219810721,0.135,2,210.2698994,0,0,4,7
6,grate,Task B ,1,3,1,-0.477242211,0.067,1,178.3414538,0,0,3,2
6,grate,Task B ,1,3,1,-0.127619896,0.033,1,327.2712738,0,0,1,2
6,grate,Task B ,2,3,1,1.066762608,0.135,2,18.81683827,0,0,4,7
6,grate,Task B ,1,3,1,0.376832695,0.067,1,302.3453166,0,0,3,2
6,grate,Task B ,1,1,1,0.041952302,0.05,1,333.2438487,0,0,2,4
7,grate,Task B ,1,4,0,-0.710276196,0.033,2,73.78173815,0,0,1,1
7,grate,Task B ,1,1,1,-0.156824972,0.05,1,21.39335462,0,0,2,4
7,grate,Task B ,2,4,1,-0.041056941,0.135,2,67.27386299,0,0,4,8
7,grate,Task B ,1,4,0,-0.140484731,0.135,2,73.38990225,0,0,4,1
7,grate,Task B ,1,1,1,0.193009085,0.05,1,73.92363675,0,0,2,4
7,grate,Task B ,1,1,1,-0.370918403,0.05,1,229.2439986,0,0,2,4
8,grate,Task B ,2,4,1,1.842227228,0.135,2,58.35312352,0,0,4,8
8,grate,Task B ,2,2,1,0.163698749,0.067,2,209.7879283,0,0,3,6
8,grate,Task B ,1,4,1,0.253709193,0.135,1,333.4901522,0,0,4,1
8,grate,Task B ,1,1,1,0.416091163,0.033,1,132.6810175,0,0,1,4
8,grate,Task B ,2,4,1,-1.525804425,0.067,2,180.2446472,0,0,3,8
8,grate,Task B ,1,1,1,0.054229688,0.033,1,36.33426805,0,0,1,4
9,grate,Task B ,1,4,1,0.008202692,0.135,1,68.47938989,0,0,4,1
9,grate,Task B ,1,1,1,0.264739499,0.05,1,136.3880715,0,0,2,4
9,grate,Task B ,1,3,1,0.5122478,0.135,1,305.9099738,0,0,4,2
9,grate,Task B ,1,1,1,0.448134223,0.033,1,223.5538285,0,0,1,4
9,grate,Task B ,1,4,0,-0.109177443,0.067,2,143.4056159,0,0,3,1
9,grate,Task B ,1,2,0,1.032884088,0.05,2,319.0759002,0,0,2,3
10,grate,Task B ,1,2,1,0.685875915,0.067,1,217.6724037,0,0,3,3
10,grate,Task B ,1,1,1,0.510027674,0.033,1,273.604983,0,0,1,4
10,grate,Task B ,1,1,1,0.159602765,0.135,1,211.2347472,0,0,4,4
10,grate,Task B ,1,2,1,0.278367114,0.05,1,294.2293916,0,0,2,3
10,grate,Task B ,2,1,1,-1.478902945,0.135,2,342.3215551,0,0,4,5
10,grate,Task B ,1,2,1,0.024693503,0.067,1,343.6033522,0,0,3,3
1,grate,Task B ,1,3,0,-0.98017031,0.067,2,307.4622781,0,0,3,2
1,grate,Task B ,1,4,1,-0.165695287,0.135,1,75.36425493,0,0,4,1
1,grate,Task B ,1,1,0,-1.152764983,0.05,2,229.278103,0,0,2,4
1,grate,Task B ,1,2,0,0.55043133,0.135,2,21.84581493,0,0,4,3
1,grate,Task B ,2,1,0,0.679495908,0.05,1,42.78876514,0,0,2,5
1,grate,Task B ,2,4,1,-1.970792837,0.135,2,118.3769743,0,0,4,8
2,grate,Task B ,1,1,0,0.068580651,0.033,2,261.61094,0,0,1,4
2,grate,Task B ,1,1,1,-0.334160893,0.033,1,304.883747,0,0,1,4
2,grate,Task B ,1,1,0,1.54489068,0.033,2,301.0843768,0,0,1,4
2,grate,Task B ,1,1,1,0.084970215,0.033,1,52.95414777,0,0,1,4
2,grate,Task B ,1,1,0,-2.124932611,0.033,2,80.65560653,0,0,1,4
2,grate,Task B ,2,2,0,0.50928507,0.067,1,38.76505571,0,0,3,6
3,grate,Task B ,1,1,0,-1.708003338,0.033,2,178.0915552,0,0,1,4
3,grate,Task B ,2,2,1,-1.407771165,0.033,2,3.41530268,0,0,1,6
3,grate,Task B ,1,1,1,-0.52081332,0.135,1,300.7610995,0,0,4,4
3,grate,Task B ,2,4,1,0.719763169,0.135,2,50.80803873,0,0,4,8
3,grate,Task B ,2,1,1,-2.067184867,0.033,2,116.7875259,0,0,1,5
3,grate,Task B ,2,1,0,0.153233847,0.033,1,171.4614563,0,0,1,5
4,grate,Task B ,1,1,0,0.832398047,0.033,2,313.8627419,0,0,1,4
4,grate,Task B ,1,1,0,0.469705715,0.033,2,195.0558413,0,0,1,4
4,grate,Task B ,2,4,1,-1.800157542,0.067,2,117.3571876,0,0,3,8
4,grate,Task B ,2,4,0,-0.383378816,0.067,1,321.0687085,0,0,3,8
4,grate,Task B ,1,1,0,-0.350448339,0.033,2,72.13212731,0,0,1,4
4,grate,Task B ,2,3,1,-0.327796271,0.135,2,42.88052006,0,0,4,7
5,grate,Task B ,1,4,1,0.157170003,0.067,1,28.42159154,0,0,3,1
5,grate,Task B ,1,1,1,0.58821081,0.033,1,211.2873798,0,0,1,4
5,grate,Task B ,2,4,0,-0.482430419,0.067,1,161.7738357,0,0,3,8
5,grate,Task B ,2,4,0,-0.084007689,0.135,1,312.8950709,0,0,4,8
5,grate,Task B ,2,4,1,0.823046913,0.135,2,168.7337743,0,0,4,8
5,grate,Task B ,1,4,0,0.222104048,0.135,2,289.5577823,0,0,4,1
6,grate,Task B ,2,1,0,-0.714435937,0.067,1,84.3620156,0,0,3,5
6,grate,Task B ,1,3,0,0.219510935,0.033,2,120.8205484,0,0,1,2
6,grate,Task B ,1,3,1,0.128911206,0.067,1,300.1114902,0,0,3,2
6,grate,Task B ,1,3,1,-0.163267351,0.135,1,204.1660363,0,0,4,2
6,grate,Task B ,1,2,1,-0.257919465,0.05,1,341.3132697,0,0,2,3
6,grate,Task B ,1,1,0,1.997110724,0.033,2,218.4523806,0,0,1,4
7,grate,Task B ,1,1,1,0.596228763,0.033,1,133.773329,0,0,1,4
7,grate,Task B ,2,4,1,-2.442913059,0.135,2,187.8739025,0,0,4,8
7,grate,Task B ,1,4,0,1.188835256,0.135,2,7.488997605,0,0,4,1
7,grate,Task B ,2,4,0,0.362051138,0.135,1,102.7749666,0,0,4,8
7,grate,Task B ,1,4,1,0.110292769,0.05,1,100.1454507,0,0,2,1
7,grate,Task B ,2,4,1,2.639028503,0.135,2,35.15520394,0,0,4,8
8,grate,Task B ,1,1,0,0.156696302,0.033,2,54.48244972,0,0,1,4
8,grate,Task B ,2,4,0,-0.382537585,0.135,1,26.34424343,0,0,4,8
8,grate,Task B ,2,4,1,2.730342925,0.135,2,52.82937246,0,0,4,8
8,grate,Task B ,1,4,1,0.457941032,0.135,1,75.21641951,0,0,4,1
8,grate,Task B ,2,4,1,-0.303885487,0.067,2,89.29837773,0,0,3,8
8,grate,Task B ,1,1,0,-1.593126448,0.05,2,236.8582491,0,0,2,4
9,grate,Task B ,1,4,1,0.145469979,0.135,1,124.3716178,0,0,4,1
9,grate,Task B ,1,4,1,-0.266621925,0.067,1,356.484546,0,0,3,1
9,grate,Task B ,1,1,1,0.105879952,0.067,1,203.1920176,0,0,3,4
9,grate,Task B ,1,1,1,-0.134011802,0.067,1,278.9085641,0,0,3,4
9,grate,Task B ,1,3,0,-0.830963262,0.067,2,314.9095941,0,0,3,2
9,grate,Task B ,1,1,1,-0.121259066,0.033,1,309.455699,0,0,1,4
10,grate,Task B ,1,2,1,-0.005708939,0.033,1,265.1883175,0,0,1,3
10,grate,Task B ,1,1,0,3.815714275,0.033,2,159.9523402,0,0,1,4
10,grate,Task B ,1,1,1,-0.103908025,0.067,1,238.0341402,0,0,3,4
10,grate,Task B ,1,1,1,0.311987441,0.033,1,157.4090258,0,0,1,4
10,grate,Task B ,1,2,0,0.396744389,0.135,2,184.6280051,0,0,4,3
10,grate,Task B ,1,1,1,0.497797547,0.067,1,217.3335759,0,0,3,4
1,grate,Task B ,2,4,1,1.53695275,0.135,2,321.2853134,0,0,4,8
1,grate,Task B ,1,4,0,-0.246205163,0.067,2,9.259598362,0,0,3,1
1,grate,Task B ,1,2,1,-0.348229342,0.05,1,148.6340035,0,0,2,3
1,grate,Task B ,1,2,1,-0.047077898,0.067,1,67.08546042,0,0,3,3
1,grate,Task B ,1,2,0,-0.173560472,0.067,2,332.5905765,0,0,3,3
1,grate,Task B ,1,3,1,0.361623933,0.135,1,15.12955341,0,0,4,2
2,grate,Task B ,1,1,0,1.925384119,0.033,2,282.8114483,0,0,1,4
2,grate,Task B ,1,3,1,0.086990617,0.135,1,286.2461497,0,0,4,2
2,grate,Task B ,2,1,0,-0.763495101,0.05,1,31.15852593,0,0,2,5
2,grate,Task B ,2,2,1,-1.480565133,0.033,2,55.50006262,0,0,1,6
2,grate,Task B ,1,4,1,0.025727366,0.135,1,53.73448428,0,0,4,1
2,grate,Task B ,1,3,1,-0.15507973,0.135,1,351.7454141,0,0,4,2
3,grate,Task B ,2,2,1,0.420605062,0.05,2,85.06601932,0,0,2,6
3,grate,Task B ,2,2,0,-0.713287336,0.05,1,266.2036517,0,0,2,6
3,grate,Task B ,2,4,0,1.215415963,0.067,1,339.1055651,0,0,3,8
3,grate,Task B ,2,2,0,0.734385127,0.033,1,333.5687462,0,0,1,6
3,grate,Task B ,1,2,0,-0.951195544,0.05,2,180.3637041,0,0,2,3
3,grate,Task B ,2,1,0,0.379398782,0.033,1,274.1255028,0,0,1,5
4,grate,Task B ,1,1,0,1.53665285,0.067,2,215.8084973,0,0,3,4
4,grate,Task B ,1,3,0,0.672509581,0.067,2,3.874005935,0,0,3,2
4,grate,Task B ,2,4,1,0.629932544,0.067,2,122.2183737,0,0,3,8
4,grate,Task B ,2,3,1,0.043627689,0.067,2,350.9319681,0,0,3,7
4,grate,Task B ,1,3,0,-0.647311609,0.067,2,184.4960797,0,0,3,2
4,grate,Task B ,1,3,1,-0.390852164,0.067,1,190.3163078,0,0,3,2
5,grate,Task B ,1,1,1,0.266234568,0.05,1,221.9736406,0,0,2,4
5,grate,Task B ,1,3,0,0.409932989,0.05,2,7.291230558,0,0,2,2
5,grate,Task B ,2,4,1,-0.400213973,0.135,2,252.1956953,0,0,4,8
5,grate,Task B ,1,4,1,-0.086180314,0.135,1,21.45330327,0,0,4,1
5,grate,Task B ,1,3,1,-0.329572931,0.05,1,242.5068957,0,0,2,2
5,grate,Task B ,2,4,0,0.426115047,0.033,1,107.8118676,0,0,1,8
6,grate,Task B ,2,3,1,-2.003067001,0.135,2,149.8627437,0,0,4,7
6,grate,Task B ,2,3,1,-0.141249426,0.067,2,138.4870907,0,0,3,7
6,grate,Task B ,1,3,0,-0.003574646,0.033,2,73.67856855,0,0,1,2
6,grate,Task B ,1,2,0,-1.087663758,0.033,2,344.1723603,0,0,1,3
6,grate,Task B ,1,3,0,-1.071394005,0.05,2,19.96800665,0,0,2,2
6,grate,Task B ,1,3,1,0.205044224,0.067,1,154.8975379,0,0,3,2
7,grate,Task B ,1,2,0,0.183872896,0.135,2,294.7473229,0,0,4,3
7,grate,Task B ,2,4,0,-0.068177702,0.033,1,14.85978661,0,0,1,8
7,grate,Task B ,2,4,0,-0.401135022,0.067,1,156.5537064,0,0,3,8
7,grate,Task B ,1,1,1,0.185970491,0.067,1,161.5905393,0,0,3,4
7,grate,Task B ,1,4,1,-0.389285265,0.135,1,34.35764794,0,0,4,1
7,grate,Task B ,2,1,0,-0.075504473,0.05,1,226.3974277,0,0,2,5
8,grate,Task B ,1,1,0,-1.025468176,0.05,2,107.6540424,0,0,2,4
8,grate,Task B ,2,4,1,-0.593124195,0.135,2,132.7658072,0,0,4,8
8,grate,Task B ,2,2,0,-0.605067683,0.05,1,284.7597245,0,0,2,6
8,grate,Task B ,1,4,1,0.126129437,0.135,1,102.4005527,0,0,4,1
8,grate,Task B ,1,3,0,0.625504507,0.067,2,338.8742804,0,0,3,2
8,grate,Task B ,2,4,0,0.415549772,0.135,1,52.53619539,0,0,4,8
9,grate,Task B ,2,1,1,2.879004381,0.05,2,118.9227062,0,0,2,5
9,grate,Task B ,2,1,0,-0.09830785,0.05,1,152.7727174,0,0,2,5
9,grate,Task B ,1,1,0,-0.19251085,0.05,2,14.20094821,0,0,2,4
9,grate,Task B ,1,4,0,0.477943601,0.135,2,179.6550764,0,0,4,1
9,grate,Task B ,1,1,0,-0.566314286,0.05,2,253.3043156,0,0,2,4
9,grate,Task B ,1,1,1,0.20240236,0.05,1,257.423999,0,0,2,4
10,grate,Task B ,1,1,0,-1.810133877,0.033,2,314.8908155,0,0,1,4
10,grate,Task B ,1,1,0,-0.101053618,0.033,2,156.9381182,0,0,1,4
10,grate,Task B ,1,2,0,-0.140517519,0.135,2,181.8581958,0,0,4,3
10,grate,Task B ,1,1,1,0.110713261,0.05,1,279.3706117,0,0,2,4
10,grate,Task B ,1,1,0,0.206737773,0.05,2,94.11287774,0,0,2,4
10,grate,Task B ,1,1,0,-0.416465452,0.067,2,311.0907949,0,0,3,4
1,grate,Task B ,1,4,1,-0.144102116,0.067,1,128.8931377,0,0,3,1
1,grate,Task B ,1,1,1,-0.054768653,0.05,1,165.7748499,0,0,2,4
1,grate,Task B ,1,1,1,-0.201827949,0.05,1,189.6009449,0,0,2,4
1,grate,Task B ,1,3,1,-0.198472332,0.067,1,47.55900366,0,0,3,2
1,grate,Task B ,1,2,0,-0.770107702,0.05,2,15.56184664,0,0,2,3
1,grate,Task B ,1,2,1,0.498950429,0.033,1,117.5011953,0,0,1,3
2,grate,Task B ,2,1,1,1.250350918,0.135,2,238.7791134,0,0,4,5
2,grate,Task B ,1,4,0,1.056373522,0.135,2,258.7164811,0,0,4,1
2,grate,Task B ,1,2,0,1.992428728,0.067,2,174.5130005,0,0,3,3
2,grate,Task B ,2,2,0,-0.067648817,0.05,1,44.96250447,0,0,2,6
2,grate,Task B ,2,4,1,2.272297197,0.135,2,13.45306011,0,0,4,8
2,grate,Task B ,2,3,1,-0.734601988,0.135,2,53.90948818,0,0,4,7
3,grate,Task B ,1,2,1,-0.055765275,0.033,1,40.37065469,0,0,1,3
3,grate,Task B ,2,1,0,-0.184615592,0.033,1,92.8441315,0,0,1,5
3,grate,Task B ,2,2,0,-0.255017326,0.067,1,153.0672989,0,0,3,6
3,grate,Task B ,1,4,1,-0.218600217,0.067,1,28.32319975,0,0,3,1
3,grate,Task B ,2,1,1,0.842560953,0.033,2,118.5233654,0,0,1,5
3,grate,Task B ,1,3,1,0.004624616,0.135,1,20.05023495,0,0,4,2
4,grate,Task B ,1,3,0,-0.781121726,0.067,2,5.060532052,0,0,3,2
4,grate,Task B ,2,4,1,-1.928843241,0.067,2,289.8069235,0,0,3,8
4,grate,Task B ,1,4,1,-0.040299742,0.067,1,275.9589608,0,0,3,1
4,grate,Task B ,1,1,0,-0.767304151,0.033,2,331.7282305,0,0,1,4
4,grate,Task B ,1,2,0,-1.197205536,0.067,2,148.0687382,0,0,3,3
4,grate,Task B ,2,4,1,-1.558479438,0.135,2,98.14265886,0,0,4,8
5,grate,Task B ,1,3,0,1.174149521,0.033,2,198.2980133,0,0,1,2
5,grate,Task B ,2,4,1,1.291170471,0.135,2,82.18678846,0,0,4,8
5,grate,Task B ,1,4,1,-0.084014975,0.05,1,257.5676476,0,0,2,1
5,grate,Task B ,1,4,1,0.135221101,0.067,1,89.27888072,0,0,3,1
5,grate,Task B ,1,4,1,0.004433566,0.135,1,88.45730917,0,0,4,1
5,grate,Task B ,2,4,1,-0.75673789,0.067,2,15.1822852,0,0,3,8
6,grate,Task B ,1,2,1,-0.291006775,0.135,1,112.1118633,0,0,4,3
6,grate,Task B ,1,2,0,0.513311334,0.033,2,139.548285,0,0,1,3
6,grate,Task B ,2,3,1,-2.00994453,0.135,2,252.2196303,0,0,4,7
6,grate,Task B ,2,3,0,0.44627893,0.067,1,265.4678583,0,0,3,7
6,grate,Task B ,1,3,1,-0.075258254,0.135,1,107.4164697,0,0,4,2
6,grate,Task B ,1,3,1,0.115263985,0.135,1,177.6966306,0,0,4,2
7,grate,Task B ,2,4,0,0.048842464,0.135,1,143.9388589,0,0,4,8
7,grate,Task B ,2,4,1,2.236414196,0.135,2,242.1253204,0,0,4,8
7,grate,Task B ,1,4,1,0.398857482,0.033,1,222.201002,0,0,1,1
7,grate,Task B ,1,4,1,-0.309770752,0.067,1,144.7890729,0,0,3,1
7,grate,Task B ,1,4,1,0.323102631,0.033,1,305.511372,0,0,1,1
7,grate,Task B ,2,4,1,2.256789586,0.05,2,149.7504114,0,0,2,8
8,grate,Task B ,1,2,1,0.530546077,0.05,1,55.76279237,0,0,2,3
8,grate,Task B ,2,3,1,-0.633789396,0.135,2,223.9935014,0,0,4,7
8,grate,Task B ,1,4,1,0.285597686,0.135,1,210.6305497,0,0,4,1
8,grate,Task B ,1,1,0,1.611470093,0.05,2,212.7396981,0,0,2,4
8,grate,Task B ,2,3,0,0.003554726,0.067,1,84.06822938,0,0,3,7
8,grate,Task B ,2,3,1,2.036448695,0.067,2,269.8820088,0,0,3,7
9,grate,Task B ,2,4,0,0.606932248,0.135,1,336.6681424,0,0,4,8
9,grate,Task B ,2,3,1,-1.437997084,0.033,2,140.4755939,0,0,1,7
9,grate,Task B ,1,4,0,0.172795783,0.135,2,85.12006759,0,0,4,1
9,grate,Task B ,2,1,1,1.858556403,0.067,2,164.6394142,0,0,3,5
9,grate,Task B ,1,2,1,0.095697529,0.067,1,333.9990085,0,0,3,3
9,grate,Task B ,1,3,1,-0.237007873,0.067,1,66.97994007,0,0,3,2
10,grate,Task B ,2,3,1,1.504253677,0.067,2,37.14003999,0,0,3,7
10,grate,Task B ,1,1,0,0.114195519,0.033,2,312.0259036,0,0,1,4
10,grate,Task B ,1,1,0,-0.653620757,0.033,2,336.156038,0,0,1,4
10,grate,Task B ,2,1,1,-2.61895219,0.05,2,169.0922551,0,0,2,5
10,grate,Task B ,2,1,1,2.124117975,0.05,2,158.239848,0,0,2,5
10,grate,Task B ,1,2,1,0.035302674,0.05,1,23.89666031,0,0,2,3
1,grate,Task B ,1,3,0,1.55155245,0.05,2,343.7714458,0,0,2,2
1,grate,Task B ,1,1,1,0.417489778,0.033,1,272.0848613,0,0,1,4
1,grate,Task B ,1,3,1,0.355085125,0.05,1,262.6979243,0,0,2,2
1,grate,Task B ,1,2,1,0.093650927,0.05,1,249.7368506,0,0,2,3
1,grate,Task B ,1,3,0,0.38407751,0.135,2,353.061502,0,0,4,2
1,grate,Task B ,1,3,1,0.364444685,0.067,1,6.767546813,0,0,3,2
2,grate,Task B ,2,1,1,-1.233193704,0.067,2,17.23825199,0,0,3,5
2,grate,Task B ,1,1,1,0.416219122,0.067,1,309.3498052,0,0,3,4
2,grate,Task B ,1,2,1,-0.112028692,0.067,1,100.5119872,0,0,3,3
2,grate,Task B ,1,1,1,-0.043924111,0.05,1,85.09100165,0,0,2,4
2,grate,Task B ,1,2,0,0.195510856,0.067,2,327.2527159,0,0,3,3
2,grate,Task B ,1,2,1,-0.630360631,0.067,1,103.1333753,0,0,3,3
3,grate,Task B ,2,4,1,-0.674639743,0.135,2,91.94354234,0,0,4,8
3,grate,Task B ,2,4,1,1.472607759,0.05,2,23.8766813,0,0,2,8
3,grate,Task B ,2,1,1,-1.17827209,0.033,2,75.09010586,0,0,1,5
3,grate,Task B ,2,2,1,0.817231046,0.05,2,41.42858811,0,0,2,6
3,grate,Task B ,1,3,0,-0.024294881,0.067,2,52.95188871,0,0,3,2
3,grate,Task B ,1,2,1,-0.001915128,0.033,1,13.95214498,0,0,1,3
4,grate,Task B ,1,3,1,0.164950388,0.05,1,205.05136,0,0,2,2
4,grate,Task B ,2,3,1,-0.228419605,0.135,2,213.2345368,0,0,4,7
4,grate,Task B ,1,3,0,3.313260777,0.033,2,2.51843072,0,0,1,2
4,grate,Task B ,2,4,1,-1.456632028,0.067,2,38.78898255,0,0,3,8
4,grate,Task B ,1,2,1,-0.07132899,0.05,1,314.2259466,0,0,2,3
4,grate,Task B ,2,4,0,0.134841723,0.135,1,63.74849801,0,0,4,8
5,grate,Task B ,2,4,1,1.922380356,0.05,2,229.1465335,0,0,2,8
5,grate,Task B ,1,2,0,1.095167903,0.05,2,199.0004178,0,0,2,3
5,grate,Task B ,1,3,0,-1.059987757,0.05,2,7.625387841,0,0,2,2
5,grate,Task B ,1,1,1,-0.112299542,0.033,1,306.8167733,0,0,1,4
5,grate,Task B ,1,4,1,-0.011966929,0.05,1,278.90042,0,0,2,1
5,grate,Task B ,1,3,1,0.042320918,0.067,1,111.4717179,0,0,3,2
6,grate,Task B ,1,3,1,0.958089189,0.033,1,244.6749193,0,0,1,2
6,grate,Task B ,1,2,0,1.292113311,0.135,2,103.156254,0,0,4,3
6,grate,Task B ,1,3,1,-0.043000962,0.067,1,308.3403795,0,0,3,2
6,grate,Task B ,1,2,1,0.113345975,0.135,1,138.6147318,0,0,4,3
6,grate,Task B ,2,3,1,-0.992531771,0.033,2,341.4025143,0,0,1,7
6,grate,Task B ,2,2,1,0.79055382,0.033,2,217.5682174,0,0,1,6
7,grate,Task B ,1,1,1,0.518529916,0.05,1,312.1892701,0,0,2,4
7,grate,Task B ,1,4,1,-0.258856461,0.033,1,177.6583937,0,0,1,1
7,grate,Task B ,1,4,1,-0.228550357,0.067,1,198.5866469,0,0,3,1
7,grate,Task B ,1,4,1,0.075044383,0.05,1,265.3791104,0,0,2,1
7,grate,Task B ,1,4,1,0.07610811,0.033,1,131.3778477,0,0,1,1
7,grate,Task B ,2,4,1,3.311775198,0.067,2,185.2715622,0,0,3,8
8,grate,Task B ,2,1,1,-1.297130702,0.033,2,80.47040731,0,0,1,5
8,grate,Task B ,1,1,1,-0.619330966,0.05,1,167.5609728,0,0,2,4
8,grate,Task B ,2,1,0,-0.545759076,0.05,1,305.8092578,0,0,2,5
8,grate,Task B ,1,3,0,0.267656906,0.05,2,172.6569268,0,0,2,2
8,grate,Task B ,2,4,1,2.8336454,0.05,2,82.76940418,0,0,2,8
8,grate,Task B ,2,1,1,1.342639342,0.05,2,26.96000528,0,0,2,5
9,grate,Task B ,2,1,1,-1.100216704,0.033,2,42.95309151,0,0,1,5
9,grate,Task B ,1,2,1,-0.143219011,0.067,1,309.2545024,0,0,3,3
9,grate,Task B ,1,4,1,0.14129709,0.135,1,296.9875783,0,0,4,1
9,grate,Task B ,2,1,0,-0.29691837,0.033,1,64.40662186,0,0,1,5
9,grate,Task B ,2,1,0,0.051333628,0.033,1,1.458946853,0,0,1,5
9,grate,Task B ,1,1,0,1.02121242,0.033,2,158.3799622,0,0,1,4
10,grate,Task B ,1,2,0,-0.025002575,0.05,2,341.424407,0,0,2,3
10,grate,Task B ,1,1,1,-0.159590044,0.05,1,171.8362652,0,0,2,4
10,grate,Task B ,1,1,1,0.390848507,0.033,1,148.1487483,0,0,1,4
10,grate,Task B ,2,2,1,-2.381080672,0.135,2,265.9444884,0,0,4,6
10,grate,Task B ,1,2,0,0.138524752,0.05,2,26.53031599,0,0,2,3
10,grate,Task B ,1,1,0,1.108988597,0.05,2,288.784286,0,0,2,4
1,grate,Task B ,1,3,1,0.268994479,0.067,1,294.7238467,0,0,3,2
1,grate,Task B ,1,1,1,0.258474213,0.033,1,330.7642919,0,0,1,4
1,grate,Task B ,1,2,1,0.088346673,0.067,1,258.0848283,0,0,3,3
1,grate,Task B ,1,2,1,0.234606825,0.067,1,186.4308037,0,0,3,3
1,grate,Task B ,1,2,1,0.259903101,0.033,1,178.2786184,0,0,1,3
1,grate,Task B ,2,2,1,1.98330236,0.067,2,141.0104349,0,0,3,6
2,grate,Task B ,1,1,0,-0.340185825,0.05,2,104.2697761,0,0,2,4
2,grate,Task B ,1,1,0,-0.106252444,0.05,2,228.8670518,0,0,2,4
2,grate,Task B ,1,1,1,-0.477053987,0.067,1,65.06870269,0,0,3,4
2,grate,Task B ,2,2,0,-0.127612453,0.033,1,99.56178912,0,0,1,6
2,grate,Task B ,1,2,0,0.461346221,0.033,2,238.9190272,0,0,1,3
2,grate,Task B ,1,2,0,3.026040737,0.05,2,297.8502822,0,0,2,3
3,grate,Task B ,1,2,0,-0.700549474,0.05,2,264.7799666,0,0,2,3
3,grate,Task B ,1,1,0,-0.880057252,0.033,2,267.4919789,0,0,1,4
3,grate,Task B ,2,2,0,-0.711023466,0.05,1,285.9739861,0,0,2,6
3,grate,Task B ,1,3,1,0.393999145,0.05,1,69.44254687,0,0,2,2
3,grate,Task B ,2,2,0,-0.222366587,0.05,1,34.79836747,0,0,2,6
3,grate,Task B ,1,2,1,-0.073019069,0.067,1,209.4100996,0,0,3,3
4,grate,Task B ,1,2,0,-0.211734216,0.05,2,330.868782,0,0,2,3
4,grate,Task B ,1,3,1,0.569489923,0.067,1,315.8712475,0,0,3,2
4,grate,Task B ,1,3,1,-0.012445936,0.135,1,9.201790957,0,0,4,2
4,grate,Task B ,2,3,1,-1.856261144,0.05,2,149.8582928,0,0,2,7
4,grate,Task B ,1,3,0,-0.299165136,0.05,2,332.5390531,0,0,2,2
4,grate,Task B ,1,3,0,-0.436959746,0.067,2,243.5126175,0,0,3,2
5,grate,Task B ,2,4,1,0.332152479,0.033,2,197.84021,0,0,1,8
5,grate,Task B ,1,4,1,-0.23715254,0.067,1,61.80543328,0,0,3,1
5,grate,Task B ,1,2,1,0.262551126,0.05,1,3.286882664,0,0,2,3
5,grate,Task B ,2,4,1,1.364897644,0.135,2,199.8394166,0,0,4,8
5,grate,Task B ,1,1,1,-0.411293723,0.033,1,7.981857537,0,0,1,4
5,grate,Task B ,1,3,1,0.254764897,0.05,1,359.7889133,0,0,2,2
6,grate,Task B ,1,2,0,0.393906334,0.05,2,20.38477399,0,0,2,3
6,grate,Task B ,1,3,0,-2.890835353,0.033,2,56.48592855,0,0,1,2
6,grate,Task B ,2,3,0,0.314576418,0.135,1,135.0553907,0,0,4,7
6,grate,Task B ,1,3,0,-0.599588872,0.05,2,244.9329772,0,0,2,2
6,grate,Task B ,2,2,1,-0.032614873,0.067,2,288.642072,0,0,3,6
6,grate,Task B ,1,3,1,0.177203834,0.135,1,227.940394,0,0,4,2
7,grate,Task B ,1,1,1,0.263218334,0.067,1,77.33839652,0,0,3,4
7,grate,Task B ,1,4,1,0.073695324,0.135,1,23.4289715,0,0,4,1
7,grate,Task B ,1,4,0,0.354046156,0.135,2,69.00898278,0,0,4,1
7,grate,Task B ,1,4,0,0.082487383,0.135,2,262.5093594,0,0,4,1
7,grate,Task B ,2,4,1,1.068141345,0.05,2,84.52417108,0,0,2,8
7,grate,Task B ,2,4,1,-2.803812153,0.135,2,13.13361076,0,0,4,8
8,grate,Task B ,1,1,1,-0.274300336,0.05,1,171.6810788,0,0,2,4
8,grate,Task B ,1,1,1,-0.311043403,0.033,1,140.5510439,0,0,1,4
8,grate,Task B ,1,1,0,0.358113598,0.033,2,22.82674353,0,0,1,4
8,grate,Task B ,2,4,0,-0.053626843,0.135,1,51.56909189,0,0,4,8
8,grate,Task B ,1,3,0,-0.184086338,0.05,2,64.64896324,0,0,2,2
8,grate,Task B ,1,3,1,0.051365919,0.067,1,289.6320731,0,0,3,2
9,grate,Task B ,2,3,1,-1.701679148,0.135,2,166.9404641,0,0,4,7
9,grate,Task B ,2,4,0,-0.762764114,0.135,1,30.25348739,0,0,4,8
9,grate,Task B ,2,4,0,0.273392807,0.067,1,266.4938429,0,0,3,8
9,grate,Task B ,1,1,0,-0.393058144,0.033,2,44.23743877,0,0,1,4
9,grate,Task B ,2,3,0,-0.148125431,0.067,1,22.86586646,0,0,3,7
9,grate,Task B ,2,1,0,0.25831766,0.033,1,56.31453942,0,0,1,5
10,grate,Task B ,2,1,1,0.995212697,0.033,2,134.544588,0,0,1,5
10,grate,Task B ,1,2,0,0.150078646,0.067,2,237.6511127,0,0,3,3
10,grate,Task B ,2,2,1,0.924693727,0.135,2,87.88061942,0,0,4,6
10,grate,Task B ,1,1,1,-0.064612942,0.067,1,344.8163117,0,0,3,4
10,grate,Task B ,1,1,1,-0.004191873,0.05,1,269.9367631,0,0,2,4
10,grate,Task B ,1,1,1,0.247648572,0.033,1,113.9817592,0,0,1,4
1,grate,Task B ,1,2,0,-1.951815107,0.033,2,118.0225372,0,0,1,3
1,grate,Task B ,1,1,1,0.048242598,0.033,1,249.4754021,0,0,1,4
1,grate,Task B ,2,1,1,-0.205077014,0.033,2,203.2348658,0,0,1,5
1,grate,Task B ,1,4,1,0.166994544,0.067,1,221.7712085,0,0,3,1
1,grate,Task B ,1,2,0,0.00961359,0.05,2,326.5324808,0,0,2,3
1,grate,Task B ,1,3,0,-0.265394388,0.067,2,331.8611171,0,0,3,2
2,grate,Task B ,1,1,0,-1.471247009,0.05,2,74.87809455,0,0,2,4
2,grate,Task B ,2,1,1,0.583960579,0.05,2,282.8716584,0,0,2,5
2,grate,Task B ,1,2,1,0.259987985,0.05,1,316.8969387,0,0,2,3
2,grate,Task B ,2,2,1,1.76702535,0.05,2,353.9920826,0,0,2,6
2,grate,Task B ,1,2,1,0.549843728,0.135,1,26.68456027,0,0,4,3
2,grate,Task B ,1,2,0,0.188086473,0.135,2,14.14123509,0,0,4,3
3,grate,Task B ,1,1,1,-0.281087326,0.033,1,29.08196655,0,0,1,4
3,grate,Task B ,1,2,1,-0.184255041,0.067,1,156.8860184,0,0,3,3
3,grate,Task B ,2,4,1,0.655599005,0.033,2,329.8626134,0,0,1,8
3,grate,Task B ,2,2,0,-0.242150266,0.067,1,331.3966373,0,0,3,6
3,grate,Task B ,2,4,1,-1.642885912,0.135,2,239.3997737,0,0,4,8
3,grate,Task B ,1,4,1,-0.23885525,0.067,1,280.1077284,0,0,3,1
4,grate,Task B ,1,3,1,-0.354100223,0.067,1,75.27816268,0,0,3,2
4,grate,Task B ,1,3,0,0.798843119,0.05,2,50.34880964,0,0,2,2
4,grate,Task B ,1,4,1,-0.385233576,0.033,1,56.38240116,0,0,1,1
4,grate,Task B ,2,4,0,0.873557656,0.135,1,4.054944932,0,0,4,8
4,grate,Task B ,1,1,0,-0.676329807,0.033,2,82.01292362,0,0,1,4
4,grate,Task B ,1,1,1,-0.230031787,0.033,1,283.4092517,0,0,1,4
5,grate,Task B ,1,4,1,-0.252491726,0.067,1,196.7614226,0,0,3,1
5,grate,Task B ,2,4,1,3.193131098,0.067,2,157.5558424,0,0,3,8
5,grate,Task B ,1,4,1,0.147180066,0.05,1,213.6010587,0,0,2,1
5,grate,Task B ,2,4,1,0.785124709,0.135,2,337.6520219,0,0,4,8
5,grate,Task B ,1,4,0,0.016505897,0.033,2,254.2956241,0,0,1,1
5,grate,Task B ,2,4,1,3.689946794,0.033,2,285.94782,0,0,1,8
6,grate,Task B ,1,3,1,0.071298067,0.067,1,55.84408594,0,0,3,2
6,grate,Task B ,1,2,1,-0.135180282,0.033,1,286.8728564,0,0,1,3
6,grate,Task B ,1,3,1,-0.388007138,0.033,1,142.5946375,0,0,1,2
6,grate,Task B ,1,3,1,0.303789673,0.05,1,288.7411935,0,0,2,2
6,grate,Task B ,1,3,1,-0.3285499,0.05,1,23.04062624,0,0,2,2
6,grate,Task B ,1,3,0,-0.190567966,0.05,2,55.35221661,0,0,2,2
7,grate,Task B ,2,4,0,0.56681959,0.05,1,66.33500356,0,0,2,8
7,grate,Task B ,2,4,1,-2.766164508,0.05,2,153.5180448,0,0,2,8
7,grate,Task B ,1,4,1,0.398557037,0.033,1,269.9608071,0,0,1,1
7,grate,Task B ,2,4,1,1.690509262,0.067,2,263.7684277,0,0,3,8
7,grate,Task B ,1,4,1,0.01995942,0.135,1,29.64125976,0,0,4,1
7,grate,Task B ,2,4,0,-0.084211061,0.033,1,14.92309322,0,0,1,8
8,grate,Task B ,2,4,1,-2.3337424,0.067,2,30.63965099,0,0,3,8
8,grate,Task B ,1,3,1,-0.210321178,0.05,1,90.72063076,0,0,2,2
8,grate,Task B ,2,3,0,0.085655033,0.067,1,243.059137,0,0,3,7
8,grate,Task B ,2,1,1,1.186339003,0.033,2,228.5590211,0,0,1,5
8,grate,Task B ,2,3,0,0.806204806,0.033,1,357.2947801,0,0,1,7
8,grate,Task B ,1,2,1,-0.021528725,0.033,1,57.02796555,0,0,1,3
9,grate,Task B ,1,4,0,-1.641613401,0.033,2,35.85171816,0,0,1,1
9,grate,Task B ,2,4,1,0.495338378,0.135,2,40.79877952,0,0,4,8
9,grate,Task B ,2,1,0,0.176397153,0.05,1,70.42302867,0,0,2,5
9,grate,Task B ,1,1,1,-0.568628251,0.033,1,99.16920355,0,0,1,4
9,grate,Task B ,1,1,1,0.160923243,0.067,1,291.7421081,0,0,3,4
9,grate,Task B ,1,4,0,-0.150807338,0.135,2,304.0165314,0,0,4,1
10,grate,Task B ,1,2,1,0.307611555,0.033,1,350.8127279,0,0,1,3
10,grate,Task B ,1,1,0,-2.056109926,0.05,2,237.1819566,0,0,2,4
10,grate,Task B ,2,1,1,-0.420441326,0.135,2,148.5733897,0,0,4,5
10,grate,Task B ,2,1,0,-0.427074808,0.067,1,345.9885902,0,0,3,5
10,grate,Task B ,1,1,1,0.079435177,0.05,1,2.105680041,0,0,2,4
10,grate,Task B ,1,2,0,0.738975817,0.033,2,217.1307158,0,0,1,3
1,grate,Task B ,1,1,1,0.436759668,0.033,1,156.6334195,0,0,1,4
1,grate,Task B ,2,3,1,1.227516494,0.135,2,220.2353997,0,0,4,7
1,grate,Task B ,1,3,1,-0.028552457,0.067,1,104.0993364,0,0,3,2
1,grate,Task B ,2,1,0,-0.123056971,0.05,1,237.7471132,0,0,2,5
1,grate,Task B ,1,3,1,0.149522732,0.135,1,248.5543381,0,0,4,2
1,grate,Task B ,1,3,1,-0.26487426,0.05,1,20.94461852,0,0,2,2
2,grate,Task B ,1,1,1,0.244247314,0.033,1,233.7707171,0,0,1,4
2,grate,Task B ,2,2,1,-0.742472512,0.135,2,12.62910027,0,0,4,6
2,grate,Task B ,1,1,1,0.028684905,0.05,1,295.0866661,0,0,2,4
2,grate,Task B ,1,1,1,-0.481213814,0.05,1,345.3294855,0,0,2,4
2,grate,Task B ,2,2,0,-0.623316384,0.135,1,246.0731812,0,0,4,6
2,grate,Task B ,2,3,1,-1.332716376,0.067,2,117.4886786,0,0,3,7
3,grate,Task B ,1,2,1,-0.002436201,0.033,1,345.4786897,0,0,1,3
3,grate,Task B ,1,3,0,0.08352363,0.033,2,27.46607767,0,0,1,2
3,grate,Task B ,1,1,0,0.906174206,0.135,2,190.2522726,0,0,4,4
3,grate,Task B ,2,3,1,-1.551688074,0.05,2,142.0099549,0,0,2,7
3,grate,Task B ,2,3,1,-1.349483317,0.05,2,267.655131,0,0,2,7
3,grate,Task B ,2,1,0,0.452472967,0.05,1,7.788377426,0,0,2,5
4,grate,Task B ,2,4,1,-1.995900498,0.067,2,142.5653569,0,0,3,8
4,grate,Task B ,1,1,0,1.522506076,0.05,2,240.8016127,0,0,2,4
4,grate,Task B ,1,4,1,-0.443638509,0.067,1,63.03987788,0,0,3,1
4,grate,Task B ,2,4,1,-0.843196386,0.135,2,174.9736431,0,0,4,8
4,grate,Task B ,1,3,1,0.446000809,0.067,1,323.8032291,0,0,3,2
4,grate,Task B ,1,4,0,0.984728958,0.067,2,72.56118491,0,0,3,1
5,grate,Task B ,2,4,1,-1.149737251,0.135,2,206.7122072,0,0,4,8
5,grate,Task B ,1,2,0,1.071496404,0.067,2,68.27211152,0,0,3,3
5,grate,Task B ,1,3,1,0.226148812,0.067,1,162.7191399,0,0,3,2
5,grate,Task B ,2,4,1,2.11127361,0.067,2,185.5919571,0,0,3,8
5,grate,Task B ,1,2,0,1.263431658,0.033,2,73.0888008,0,0,1,3
5,grate,Task B ,1,4,1,0.145438784,0.067,1,93.94165979,0,0,3,1
6,grate,Task B ,1,1,1,-0.160167276,0.033,1,220.8324549,0,0,1,4
6,grate,Task B ,2,3,0,-0.251987734,0.135,1,128.7877466,0,0,4,7
6,grate,Task B ,2,3,1,-0.844827731,0.135,2,241.3995833,0,0,4,7
6,grate,Task B ,2,3,1,-0.544624703,0.067,2,17.63468025,0,0,3,7
6,grate,Task B ,1,3,1,-0.198028463,0.067,1,246.0403541,0,0,3,2
6,grate,Task B ,1,2,0,-2.031495227,0.033,2,107.0167679,0,0,1,3
7,grate,Task B ,1,4,0,0.665059395,0.067,2,2.816044459,0,0,3,1
7,grate,Task B ,1,4,1,-0.02032291,0.135,1,57.14574909,0,0,4,1
7,grate,Task B ,1,4,0,-1.167597206,0.067,2,272.407925,0,0,3,1
7,grate,Task B ,1,4,1,-0.724207832,0.05,1,167.1396521,0,0,2,1
7,grate,Task B ,1,4,0,0.351026352,0.033,2,150.4795865,0,0,1,1
7,grate,Task B ,1,4,1,0.155828628,0.033,1,306.641182,0,0,1,1
8,grate,Task B ,1,1,1,-0.043567283,0.033,1,109.1496819,0,0,1,4
8,grate,Task B ,1,3,1,-0.015892273,0.135,1,116.9040473,0,0,4,2
8,grate,Task B ,1,1,0,-0.179170112,0.033,2,300.2816826,0,0,1,4
8,grate,Task B ,2,2,0,-0.395422461,0.05,1,346.1266237,0,0,2,6
8,grate,Task B ,2,3,0,0.280082758,0.033,1,104.3794815,0,0,1,7
8,grate,Task B ,2,2,0,-0.329507343,0.05,1,312.5985845,0,0,2,6
9,grate,Task B ,1,1,0,2.062061491,0.067,2,328.1426985,0,0,3,4
9,grate,Task B ,1,4,0,0.192099729,0.135,2,240.0963067,0,0,4,1
9,grate,Task B ,2,4,1,-2.917289193,0.067,2,293.6099361,0,0,3,8
9,grate,Task B ,1,4,1,-0.330736885,0.135,1,286.7855737,0,0,4,1
9,grate,Task B ,2,1,0,0.174815713,0.033,1,322.8574254,0,0,1,5
9,grate,Task B ,1,1,1,0.134682862,0.067,1,192.9559432,0,0,3,4
10,grate,Task B ,1,2,1,-0.330062026,0.135,1,132.1338068,0,0,4,3
10,grate,Task B ,1,1,1,-0.296309291,0.135,1,119.8721571,0,0,4,4
10,grate,Task B ,1,1,1,0.422375785,0.05,1,209.5781099,0,0,2,4
10,grate,Task B ,1,1,1,-0.899458364,0.067,1,12.1720919,0,0,3,4
10,grate,Task B ,1,1,0,-0.846164893,0.067,2,22.21170428,0,0,3,4
10,grate,Task B ,1,1,0,0.655614733,0.033,2,153.4027555,0,0,1,4
1,grate,Task B ,1,3,0,1.110297666,0.05,2,344.0655726,0,0,2,2
1,grate,Task B ,1,4,1,-0.558291034,0.067,1,343.8159069,0,0,3,1
1,grate,Task B ,1,2,0,0.708757704,0.033,2,186.9988775,0,0,1,3
1,grate,Task B ,1,2,1,0.108276471,0.05,1,52.56296486,0,0,2,3
1,grate,Task B ,1,1,0,-0.233176596,0.033,2,39.0042627,0,0,1,4
1,grate,Task B ,1,2,1,0.266406128,0.033,1,23.82172373,0,0,1,3
2,grate,Task B ,1,1,1,0.066487858,0.033,1,110.5223405,0,0,1,4
2,grate,Task B ,1,2,1,-0.208841631,0.135,1,63.53050064,0,0,4,3
2,grate,Task B ,2,1,1,0.874902204,0.05,2,171.6327015,0,0,2,5
2,grate,Task B ,1,1,0,0.128666483,0.05,2,273.0430858,0,0,2,4
2,grate,Task B ,1,2,0,-0.887079909,0.05,2,72.527783,0,0,2,3
2,grate,Task B ,1,3,0,-0.825098102,0.067,2,246.3939736,0,0,3,2
3,grate,Task B ,2,2,0,-0.117400856,0.135,1,110.1260379,0,0,4,6
3,grate,Task B ,2,4,1,-2.603780315,0.135,2,143.8066305,0,0,4,8
3,grate,Task B ,2,4,1,1.658658937,0.135,2,104.9360029,0,0,4,8
3,grate,Task B ,2,4,1,0.853454496,0.067,2,198.2793308,0,0,3,8
3,grate,Task B ,1,4,1,0.386789065,0.135,1,27.14962883,0,0,4,1
3,grate,Task B ,1,3,1,0.090850245,0.067,1,186.7618114,0,0,3,2
4,grate,Task B ,1,1,0,-1.521841476,0.033,2,325.8926348,0,0,1,4
4,grate,Task B ,1,2,0,-0.41631468,0.033,2,180.7681101,0,0,1,3
4,grate,Task B ,2,4,1,-2.619624168,0.135,2,14.66070568,0,0,4,8
4,grate,Task B ,1,1,1,-0.33462257,0.05,1,236.2711875,0,0,2,4
4,grate,Task B ,2,4,1,0.775339861,0.135,2,65.91724595,0,0,4,8
4,grate,Task B ,1,3,0,-0.943470675,0.05,2,305.9765233,0,0,2,2
5,grate,Task B ,2,4,1,2.180622362,0.135,2,26.81397445,0,0,4,8
5,grate,Task B ,1,2,1,-0.498690292,0.067,1,271.339558,0,0,3,3
5,grate,Task B ,2,4,1,4.052867791,0.067,2,15.64254834,0,0,3,8
5,grate,Task B ,1,4,0,0.040437091,0.067,2,323.7489029,0,0,3,1
5,grate,Task B ,1,3,0,-0.439010166,0.05,2,99.82663658,0,0,2,2
5,grate,Task B ,2,4,1,2.15539293,0.135,2,167.9607627,0,0,4,8
6,grate,Task B ,2,3,1,-0.194145909,0.05,2,107.4141474,0,0,2,7
6,grate,Task B ,1,2,0,-0.754728907,0.05,2,152.8811783,0,0,2,3
6,grate,Task B ,1,2,1,0.452848504,0.067,1,350.5552262,0,0,3,3
6,grate,Task B ,1,3,1,-0.169817147,0.067,1,219.1433459,0,0,3,2
6,grate,Task B ,1,3,1,-0.568533802,0.067,1,358.3610446,0,0,3,2
6,grate,Task B ,1,3,1,-0.418592748,0.067,1,189.0089448,0,0,3,2
7,grate,Task B ,1,1,0,-0.318460059,0.05,2,359.0940466,0,0,2,4
7,grate,Task B ,1,4,0,0.525483482,0.033,2,202.6447897,0,0,1,1
7,grate,Task B ,1,4,0,-2.568092998,0.033,2,301.9078641,0,0,1,1
7,grate,Task B ,2,4,0,0.696861658,0.067,1,31.50761562,0,0,3,8
7,grate,Task B ,2,1,1,0.61164804,0.033,2,353.7780638,0,0,1,5
7,grate,Task B ,1,4,1,-0.049415381,0.05,1,139.6060032,0,0,2,1
8,grate,Task B ,1,1,0,-0.338788978,0.033,2,76.7748435,0,0,1,4
8,grate,Task B ,1,2,1,0.465594684,0.05,1,77.13259942,0,0,2,3
8,grate,Task B ,1,1,1,-0.969077951,0.033,1,242.0068563,0,0,1,4
8,grate,Task B ,1,4,0,0.312437955,0.135,2,95.23262083,0,0,4,1
8,grate,Task B ,1,4,1,0.066267458,0.067,1,292.1809637,0,0,3,1
8,grate,Task B ,2,4,1,-2.109810113,0.067,2,319.8719071,0,0,3,8
9,grate,Task B ,1,1,0,-0.562613787,0.05,2,200.1495228,0,0,2,4
9,grate,Task B ,1,4,1,-0.110542097,0.135,1,42.16600717,0,0,4,1
9,grate,Task B ,1,4,1,-0.090157153,0.135,1,57.54220099,0,0,4,1
9,grate,Task B ,1,1,0,-0.239271899,0.05,2,222.3076642,0,0,2,4
9,grate,Task B ,2,2,1,0.041071075,0.067,2,352.2828021,0,0,3,6
9,grate,Task B ,1,4,0,-0.412618365,0.135,2,96.91434152,0,0,4,1
10,grate,Task B ,1,1,1,0.245792197,0.05,1,148.2067242,0,0,2,4
10,grate,Task B ,1,1,0,-0.686039133,0.067,2,127.3809921,0,0,3,4
10,grate,Task B ,2,1,1,-1.148386296,0.135,2,218.2293606,0,0,4,5
10,grate,Task B ,1,1,0,-0.713414687,0.033,2,337.3388744,0,0,1,4
10,grate,Task B ,2,1,1,-1.928113735,0.067,2,129.9888513,0,0,3,5
10,grate,Task B ,2,1,1,-2.149039857,0.05,2,61.32540484,0,0,2,5
1,grate,Task B ,2,3,1,-0.713520201,0.135,2,110.0765867,0,0,4,7
1,grate,Task B ,1,1,1,-0.154598503,0.033,1,310.8537366,0,0,1,4
1,grate,Task B ,2,1,0,0.171152986,0.033,1,113.946536,0,0,1,5
1,grate,Task B ,1,1,0,0.920642528,0.033,2,218.6997813,0,0,1,4
1,grate,Task B ,1,2,1,0.191800514,0.05,1,235.0829566,0,0,2,3
1,grate,Task B ,1,3,0,0.481436126,0.05,2,344.7206095,0,0,2,2
2,grate,Task B ,2,1,0,-0.549359061,0.05,1,233.7938523,0,0,2,5
2,grate,Task B ,1,3,0,-0.490062317,0.05,2,194.2641673,0,0,2,2
2,grate,Task B ,1,2,0,1.070416891,0.05,2,111.2787196,0,0,2,3
2,grate,Task B ,1,2,1,0.244214692,0.033,1,88.03635926,0,0,1,3
2,grate,Task B ,1,1,1,-0.344738762,0.05,1,159.0202313,0,0,2,4
2,grate,Task B ,2,2,0,-0.084154393,0.05,1,311.0897658,0,0,2,6
3,grate,Task B ,2,1,1,-0.269719615,0.033,2,138.9711542,0,0,1,5
3,grate,Task B ,1,3,1,-0.264765281,0.05,1,263.3921007,0,0,2,2
3,grate,Task B ,2,2,1,-0.608865322,0.067,2,128.5261618,0,0,3,6
3,grate,Task B ,1,2,1,-0.147018987,0.135,1,99.81194276,0,0,4,3
3,grate,Task B ,1,2,1,-0.037533425,0.033,1,38.94524765,0,0,1,3
3,grate,Task B ,1,2,1,-0.001151205,0.033,1,299.5328208,0,0,1,3
4,grate,Task B ,1,3,1,-0.093146949,0.067,1,121.9993183,0,0,3,2
4,grate,Task B ,1,4,1,-0.04335371,0.135,1,136.7131972,0,0,4,1
4,grate,Task B ,1,4,0,0.112357415,0.135,2,113.4708781,0,0,4,1
4,grate,Task B ,1,3,1,0.273839122,0.135,1,269.8924404,0,0,4,2
4,grate,Task B ,1,2,1,0.130996704,0.05,1,228.06807,0,0,2,3
4,grate,Task B ,1,1,1,0.059836325,0.033,1,30.52919795,0,0,1,4
5,grate,Task B ,2,4,1,-1.446611367,0.067,2,57.95953104,0,0,3,8
5,grate,Task B ,1,2,1,-0.450043993,0.033,1,116.7350347,0,0,1,3
5,grate,Task B ,1,4,1,0.676932972,0.067,1,196.3134192,0,0,3,1
5,grate,Task B ,1,4,0,0.456069526,0.05,2,63.2500459,0,0,2,1
5,grate,Task B ,2,4,1,-1.325938115,0.05,2,291.6857255,0,0,2,8
5,grate,Task B ,1,3,1,0.539153556,0.135,1,88.14620278,0,0,4,2
6,grate,Task B ,1,3,1,-0.251472725,0.067,1,292.2696506,0,0,3,2
6,grate,Task B ,1,2,0,-0.754730326,0.067,2,119.0131949,0,0,3,3
6,grate,Task B ,1,3,1,0.189702515,0.033,1,103.4919342,0,0,1,2
6,grate,Task B ,2,3,0,-0.33443432,0.135,1,39.28193901,0,0,4,7
6,grate,Task B ,1,1,1,-0.386813213,0.033,1,191.4982338,0,0,1,4
6,grate,Task B ,1,3,1,-0.030860194,0.05,1,271.3579726,0,0,2,2
7,grate,Task B ,1,4,1,-0.634339567,0.033,1,61.16418672,0,0,1,1
7,grate,Task B ,1,4,1,-0.227575389,0.033,1,223.9628597,0,0,1,1
7,grate,Task B ,2,4,1,-2.047081034,0.135,2,177.4925118,0,0,4,8
7,grate,Task B ,2,4,1,1.283442499,0.135,2,10.56579235,0,0,4,8
7,grate,Task B ,1,4,0,-0.519379661,0.05,2,162.1088271,0,0,2,1
7,grate,Task B ,1,1,1,0.604498502,0.067,1,51.072252,0,0,3,4
8,grate,Task B ,1,2,0,-0.39240758,0.05,2,230.6735877,0,0,2,3
8,grate,Task B ,1,3,1,0.416178386,0.067,1,6.414221842,0,0,3,2
8,grate,Task B ,2,1,0,-0.070884098,0.05,1,359.5231953,0,0,2,5
8,grate,Task B ,2,2,1,-0.106130809,0.067,2,59.05228803,0,0,3,6
8,grate,Task B ,2,2,0,0.181770378,0.05,1,224.1538812,0,0,2,6
8,grate,Task B ,1,2,0,-1.044499978,0.033,2,75.65881112,0,0,1,3
9,grate,Task B ,2,2,0,0.154445784,0.033,1,60.67239508,0,0,1,6
9,grate,Task B ,1,1,1,-0.142283153,0.05,1,317.7847456,0,0,2,4
9,grate,Task B ,1,1,1,0.100549883,0.067,1,274.7506022,0,0,3,4
9,grate,Task B ,2,1,1,3.252138551,0.033,2,47.37452377,0,0,1,5
9,grate,Task B ,1,1,1,0.068060567,0.05,1,52.2872659,0,0,2,4
9,grate,Task B ,1,4,1,0.055864147,0.067,1,42.55763118,0,0,3,1
10,grate,Task B ,1,2,1,-0.187823986,0.05,1,112.5181692,0,0,2,3
10,grate,Task B ,1,1,1,-0.258283614,0.05,1,352.7449216,0,0,2,4
10,grate,Task B ,1,1,0,0.062810184,0.067,2,172.3208918,0,0,3,4
10,grate,Task B ,2,1,1,-0.873407473,0.135,2,297.5572497,0,0,4,5
10,grate,Task B ,2,1,1,1.575443366,0.067,2,54.67322207,0,0,3,5
10,grate,Task B ,1,2,1,-0.309170582,0.135,1,344.7961652,0,0,4,3
1,grate,Task B ,1,3,1,-0.1239002,0.067,1,92.86876212,0,0,3,2
1,grate,Task B ,1,3,1,-0.570322245,0.05,1,156.9486899,0,0,2,2
1,grate,Task B ,1,3,1,0.319028816,0.05,1,33.38618393,0,0,2,2
1,grate,Task B ,2,4,1,-1.989028194,0.135,2,11.99942072,0,0,4,8
1,grate,Task B ,2,4,1,2.167171337,0.135,2,136.3102104,0,0,4,8
1,grate,Task B ,1,3,1,0.505260681,0.05,1,103.8107273,0,0,2,2
2,grate,Task B ,1,1,0,0.797761838,0.05,2,38.26159613,0,0,2,4
2,grate,Task B ,2,2,1,1.194019481,0.067,2,73.30918078,0,0,3,6
2,grate,Task B ,1,1,1,0.170390389,0.05,1,0.780737759,0,0,2,4
2,grate,Task B ,1,2,1,-0.302336482,0.135,1,284.1643178,0,0,4,3
2,grate,Task B ,1,1,1,0.258713294,0.033,1,348.5109941,0,0,1,4
2,grate,Task B ,2,2,0,0.100877663,0.05,1,15.49236087,0,0,2,6
3,grate,Task B ,2,4,0,0.655464041,0.135,1,219.0274502,0,0,4,8
3,grate,Task B ,1,1,0,0.231696914,0.05,2,290.037833,0,0,2,4
3,grate,Task B ,2,1,1,-0.251376748,0.033,2,112.9606666,0,0,1,5
3,grate,Task B ,1,1,1,0.090474097,0.033,1,280.5604033,0,0,1,4
3,grate,Task B ,1,2,1,0.420588161,0.135,1,246.3300242,0,0,4,3
3,grate,Task B ,2,1,1,1.359182716,0.033,2,6.605699075,0,0,1,5
4,grate,Task B ,1,2,0,1.865372131,0.033,2,225.0582972,0,0,1,3
4,grate,Task B ,1,3,1,0.062658111,0.135,1,162.1445367,0,0,4,2
4,grate,Task B ,2,3,0,0.155879552,0.067,1,196.9202467,0,0,3,7
4,grate,Task B ,1,3,0,0.218659078,0.067,2,258.4954553,0,0,3,2
4,grate,Task B ,2,3,0,-0.578128783,0.135,1,49.51028284,0,0,4,7
4,grate,Task B ,1,2,1,0.251426397,0.033,1,349.4624918,0,0,1,3
5,grate,Task B ,1,4,0,-0.383291939,0.033,2,310.2300025,0,0,1,1
5,grate,Task B ,1,1,1,-0.027937427,0.033,1,261.6482069,0,0,1,4
5,grate,Task B ,1,4,1,-0.387394566,0.135,1,100.0666845,0,0,4,1
5,grate,Task B ,1,2,1,0.272961434,0.067,1,332.181448,0,0,3,3
5,grate,Task B ,2,4,1,-0.54658384,0.05,2,286.2547768,0,0,2,8
5,grate,Task B ,1,4,1,0.673361914,0.05,1,156.5196901,0,0,2,1
6,grate,Task B ,2,3,1,-2.075361954,0.135,2,5.875571712,0,0,4,7
6,grate,Task B ,2,2,0,-0.818018529,0.05,1,312.7466937,0,0,2,6
6,grate,Task B ,1,1,0,-0.159761738,0.033,2,316.9110781,0,0,1,4
6,grate,Task B ,2,3,0,-0.0502183,0.135,1,356.3574492,0,0,4,7
6,grate,Task B ,1,3,1,-0.309030007,0.05,1,104.570763,0,0,2,2
6,grate,Task B ,1,3,1,0.130011914,0.135,1,95.13163193,0,0,4,2
7,grate,Task B ,1,4,1,0.26248961,0.05,1,256.9583913,0,0,2,1
7,grate,Task B ,1,4,1,0.017889299,0.05,1,268.7145651,0,0,2,1
7,grate,Task B ,1,4,0,0.641557403,0.033,2,293.4795418,0,0,1,1
7,grate,Task B ,1,4,0,-0.022634208,0.135,2,209.2462301,0,0,4,1
7,grate,Task B ,2,4,1,-0.477725317,0.135,2,55.91168845,0,0,4,8
7,grate,Task B ,1,1,0,0.993633939,0.033,2,283.7897923,0,0,1,4
8,grate,Task B ,1,1,1,-0.003825151,0.033,1,105.2484589,0,0,1,4
8,grate,Task B ,2,2,0,-0.341452074,0.05,1,14.79446451,0,0,2,6
8,grate,Task B ,1,1,0,-0.848703307,0.05,2,92.23179094,0,0,2,4
8,grate,Task B ,1,4,1,0.146938131,0.135,1,213.5554675,0,0,4,1
8,grate,Task B ,2,4,0,-0.978932887,0.135,1,155.4685277,0,0,4,8
8,grate,Task B ,1,1,0,-1.497218443,0.033,2,339.2679806,0,0,1,4
9,grate,Task B ,2,4,0,0.294915763,0.05,1,354.5505749,0,0,2,8
9,grate,Task B ,2,4,1,0.518788689,0.05,2,169.9877182,0,0,2,8
9,grate,Task B ,1,4,0,-0.85248234,0.067,2,232.9535276,0,0,3,1
9,grate,Task B ,1,4,0,1.241718698,0.135,2,85.60300473,0,0,4,1
9,grate,Task B ,1,4,1,-0.508418759,0.135,1,181.9580845,0,0,4,1
9,grate,Task B ,1,4,0,0.122396479,0.067,2,13.79952428,0,0,3,1
10,grate,Task B ,2,2,1,-1.648369036,0.05,2,70.22588888,0,0,2,6
10,grate,Task B ,1,1,1,0.639232872,0.033,1,347.8902096,0,0,1,4
10,grate,Task B ,2,1,1,-0.904030677,0.067,2,331.9269456,0,0,3,5
10,grate,Task B ,1,1,1,-0.238062965,0.033,1,150.3853834,0,0,1,4
10,grate,Task B ,1,1,1,-0.01818557,0.135,1,56.09816602,0,0,4,4
10,grate,Task B ,1,1,1,0.224891299,0.135,1,321.7771725,0,0,4,4
1,grate,Task B ,1,2,0,0.500388204,0.033,2,302.9274651,0,0,1,3
1,grate,Task B ,1,2,1,-0.284906797,0.067,1,73.57176039,0,0,3,3
1,grate,Task B ,2,3,1,-0.450794435,0.05,2,163.0502341,0,0,2,7
1,grate,Task B ,2,3,0,-0.042554343,0.05,1,41.16453777,0,0,2,7
1,grate,Task B ,1,1,0,0.079709311,0.033,2,161.1156496,0,0,1,4
1,grate,Task B ,2,1,1,0.882097279,0.033,2,331.3641788,0,0,1,5
2,grate,Task B ,1,1,0,0.644103641,0.067,2,89.4529612,0,0,3,4
2,grate,Task B ,2,4,1,-1.142841854,0.067,2,256.72367,0,0,3,8
2,grate,Task B ,1,1,0,1.308741312,0.067,2,6.733253263,0,0,3,4
2,grate,Task B ,1,1,0,-0.258996276,0.05,2,100.270462,0,0,2,4
2,grate,Task B ,2,4,1,2.155221927,0.135,2,99.07610597,0,0,4,8
2,grate,Task B ,2,2,1,-0.233889712,0.067,2,312.7756712,0,0,3,6
3,grate,Task B ,1,3,1,-0.0856995,0.05,1,128.7652684,0,0,2,2
3,grate,Task B ,1,2,1,0.322410574,0.033,1,36.22032419,0,0,1,3
3,grate,Task B ,2,4,1,-1.08760792,0.135,2,90.15337049,0,0,4,8
3,grate,Task B ,1,1,0,-0.728005088,0.033,2,242.1883491,0,0,1,4
3,grate,Task B ,1,2,0,-0.064280136,0.033,2,181.7158277,0,0,1,3
3,grate,Task B ,2,2,1,0.28541153,0.135,2,43.65060969,0,0,4,6
4,grate,Task B ,2,1,0,-0.293562864,0.05,1,229.562306,0,0,2,5
4,grate,Task B ,1,2,1,-0.070013755,0.05,1,252.870317,0,0,2,3
4,grate,Task B ,2,4,1,0.575874009,0.067,2,44.46475678,0,0,3,8
4,grate,Task B ,2,3,0,-0.059158538,0.067,1,145.8537937,0,0,3,7
4,grate,Task B ,1,2,0,-0.167697177,0.033,2,140.1123109,0,0,1,3
4,grate,Task B ,1,3,0,-1.35026696,0.05,2,124.591783,0,0,2,2
5,grate,Task B ,1,2,0,0.289370316,0.05,2,158.212816,0,0,2,3
5,grate,Task B ,1,3,1,-0.081364488,0.135,1,206.6523392,0,0,4,2
5,grate,Task B ,2,4,1,1.326871305,0.033,2,192.4720067,0,0,1,8
5,grate,Task B ,2,4,1,-2.158167456,0.05,2,189.7959934,0,0,2,8
5,grate,Task B ,1,3,1,-0.594998883,0.05,1,58.37293366,0,0,2,2
5,grate,Task B ,1,1,0,0.239660242,0.033,2,212.2657907,0,0,1,4
6,grate,Task B ,1,3,1,0.024531721,0.067,1,19.1431177,0,0,3,2
6,grate,Task B ,1,3,1,-0.44212194,0.033,1,190.616228,0,0,1,2
6,grate,Task B ,2,3,0,-0.008142071,0.05,1,197.8684053,0,0,2,7
6,grate,Task B ,1,3,0,-0.141206971,0.05,2,107.2651623,0,0,2,2
6,grate,Task B ,2,3,1,-0.574909538,0.135,2,83.6317607,0,0,4,7
6,grate,Task B ,2,2,1,0.962472729,0.135,2,210.1947072,0,0,4,6
7,grate,Task B ,1,1,0,0.734876965,0.05,2,178.0189026,0,0,2,4
7,grate,Task B ,2,4,1,0.735989067,0.05,2,10.82274124,0,0,2,8
7,grate,Task B ,1,4,0,0.042066499,0.067,2,114.2962799,0,0,3,1
7,grate,Task B ,2,4,1,-0.763258835,0.05,2,26.9333757,0,0,2,8
7,grate,Task B ,2,4,1,-2.226011661,0.067,2,47.18953113,0,0,3,8
7,grate,Task B ,1,4,1,-0.27339248,0.067,1,129.2363123,0,0,3,1
8,grate,Task B ,1,2,1,-0.266794218,0.067,1,91.21503342,0,0,3,3
8,grate,Task B ,1,2,1,-0.009679638,0.067,1,225.1513581,0,0,3,3
8,grate,Task B ,2,2,0,-0.094999046,0.05,1,140.5832154,0,0,2,6
8,grate,Task B ,1,1,1,-0.409143226,0.033,1,304.8490732,0,0,1,4
8,grate,Task B ,2,2,0,0.141327391,0.067,1,304.621469,0,0,3,6
8,grate,Task B ,1,1,1,-0.148130024,0.033,1,70.63590522,0,0,1,4
9,grate,Task B ,2,4,1,1.640735417,0.135,2,144.4509556,0,0,4,8
9,grate,Task B ,1,1,0,1.369104929,0.033,2,342.8910731,0,0,1,4
9,grate,Task B ,1,1,0,0.921732551,0.033,2,202.4343659,0,0,1,4
9,grate,Task B ,2,3,1,1.338866214,0.05,2,68.60366922,0,0,2,7
9,grate,Task B ,1,4,1,-0.303057196,0.135,1,253.3515922,0,0,4,1
9,grate,Task B ,1,4,0,0.501203039,0.05,2,13.68556696,0,0,2,1
10,grate,Task B ,2,1,1,-0.706923279,0.067,2,9.012434224,0,0,3,5
10,grate,Task B ,1,1,1,-0.714390705,0.067,1,204.7181032,0,0,3,4
10,grate,Task B ,1,1,0,-0.049307081,0.033,2,337.9559506,0,0,1,4
10,grate,Task B ,1,1,0,-0.594307869,0.067,2,61.78370019,0,0,3,4
10,grate,Task B ,1,1,0,0.324139326,0.135,2,252.8115963,0,0,4,4
10,grate,Task B ,1,1,0,-0.649555109,0.067,2,88.13920807,0,0,3,4
1,grate,Task B ,2,4,1,-3.542289929,0.135,2,6.526587535,0,0,4,8
1,grate,Task B ,2,3,1,-0.975145203,0.067,2,0.358163416,0,0,3,7
1,grate,Task B ,2,1,0,-0.180299915,0.05,1,180.5265895,0,0,2,5
1,grate,Task B ,1,2,0,-0.238838726,0.067,2,84.50143488,0,0,3,3
1,grate,Task B ,1,1,1,-0.36090749,0.033,1,254.5348139,0,0,1,4
1,grate,Task B ,1,3,1,0.067730323,0.135,1,335.8675723,0,0,4,2
2,grate,Task B ,1,1,1,0.200833388,0.033,1,313.0660314,0,0,1,4
2,grate,Task B ,1,1,1,-0.231217622,0.05,1,124.5169548,0,0,2,4
2,grate,Task B ,1,2,0,-0.386530609,0.067,2,95.66815395,0,0,3,3
2,grate,Task B ,1,2,0,0.685327115,0.135,2,114.7648579,0,0,4,3
2,grate,Task B ,1,2,1,-0.0080573,0.067,1,169.8285343,0,0,3,3
2,grate,Task B ,2,2,1,-2.785139775,0.05,2,29.02006014,0,0,2,6
3,grate,Task B ,2,3,1,-0.595094712,0.05,2,265.6513016,0,0,2,7
3,grate,Task B ,1,3,1,0.184223423,0.067,1,159.0619615,0,0,3,2
3,grate,Task B ,1,3,1,0.111011838,0.05,1,96.77024695,0,0,2,2
3,grate,Task B ,2,4,0,-0.45846517,0.135,1,289.3438732,0,0,4,8
3,grate,Task B ,1,1,0,1.911217412,0.033,2,50.12338793,0,0,1,4
3,grate,Task B ,1,1,1,-0.404969905,0.067,1,51.94643882,0,0,3,4
4,grate,Task B ,1,3,0,0.328575502,0.067,2,84.64623569,0,0,3,2
4,grate,Task B ,1,4,1,-0.049402225,0.135,1,326.2244109,0,0,4,1
4,grate,Task B ,1,4,1,-0.742933384,0.067,1,48.59638593,0,0,3,1
4,grate,Task B ,1,1,0,-0.73791312,0.033,2,97.41121269,0,0,1,4
4,grate,Task B ,1,1,1,0.132504233,0.033,1,191.8103006,0,0,1,4
4,grate,Task B ,1,2,1,0.54099219,0.05,1,19.68004965,0,0,2,3
5,grate,Task B ,2,4,1,1.092274221,0.135,2,306.2142526,0,0,4,8
5,grate,Task B ,1,3,1,-0.193495295,0.05,1,277.8776765,0,0,2,2
5,grate,Task B ,1,1,1,-0.058042783,0.033,1,115.9480948,0,0,1,4
5,grate,Task B ,1,4,1,-0.351372572,0.067,1,354.9632748,0,0,3,1
5,grate,Task B ,2,4,1,-1.914973565,0.135,2,49.74058544,0,0,4,8
5,grate,Task B ,2,4,1,0.970576539,0.067,2,354.5760156,0,0,3,8
6,grate,Task B ,1,3,1,0.383178859,0.05,1,244.5548959,0,0,2,2
6,grate,Task B ,2,3,1,1.275001861,0.067,2,176.6817384,0,0,3,7
6,grate,Task B ,2,3,1,0.547367098,0.033,2,331.8496281,0,0,1,7
6,grate,Task B ,2,1,0,-0.088043747,0.135,1,153.3833147,0,0,4,5
6,grate,Task B ,2,1,0,-0.145847982,0.033,1,94.13552495,0,0,1,5
6,grate,Task B ,2,3,0,-0.153855228,0.067,1,197.1729237,0,0,3,7
7,grate,Task B ,2,4,1,-0.36094137,0.067,2,210.4005237,0,0,3,8
7,grate,Task B ,1,4,1,-0.030514683,0.033,1,327.7023581,0,0,1,1
7,grate,Task B ,1,4,1,0.625750421,0.067,1,159.3222602,0,0,3,1
7,grate,Task B ,1,4,0,-0.132027383,0.033,2,55.4516557,0,0,1,1
7,grate,Task B ,1,4,0,-0.199008349,0.05,2,46.82891749,0,0,2,1
7,grate,Task B ,2,1,0,0.108832099,0.033,1,150.1695796,0,0,1,5
8,grate,Task B ,1,2,1,0.172584406,0.033,1,119.9781727,0,0,1,3
8,grate,Task B ,1,2,0,1.25481348,0.05,2,86.16486198,0,0,2,3
8,grate,Task B ,2,2,1,1.085864282,0.067,2,30.80323312,0,0,3,6
8,grate,Task B ,2,3,1,-1.686683303,0.067,2,16.74635388,0,0,3,7
8,grate,Task B ,2,1,1,-1.201489877,0.033,2,353.8005331,0,0,1,5
8,grate,Task B ,1,4,0,0.070454719,0.05,2,299.5691138,0,0,2,1
9,grate,Task B ,1,4,1,-0.205818208,0.05,1,36.26041148,0,0,2,1
9,grate,Task B ,1,1,0,1.414793738,0.033,2,211.7211656,0,0,1,4
9,grate,Task B ,1,4,0,-1.129715633,0.067,2,184.3890391,0,0,3,1
9,grate,Task B ,1,4,1,0.30760521,0.067,1,359.9345082,0,0,3,1
9,grate,Task B ,1,4,0,-0.519920691,0.135,2,86.54337534,0,0,4,1
9,grate,Task B ,1,1,1,-0.026033663,0.05,1,61.47301527,0,0,2,4
10,grate,Task B ,1,2,1,0.005820273,0.05,1,156.3605281,0,0,2,3
10,grate,Task B ,1,1,0,1.003780375,0.05,2,137.1183387,0,0,2,4
10,grate,Task B ,1,2,0,-2.935255463,0.067,2,176.9556068,0,0,3,3
10,grate,Task B ,1,1,1,-0.237776005,0.067,1,266.9776753,0,0,3,4
10,grate,Task B ,1,2,0,-0.067868487,0.135,2,340.6952757,0,0,4,3
10,grate,Task B ,1,1,1,0.333148327,0.05,1,76.25896941,0,0,2,4
1,grate,Task B ,1,1,0,2.058521717,0.033,2,25.38988954,0,0,1,4
1,grate,Task B ,1,2,1,-0.35630988,0.033,1,343.2943111,0,0,1,3
1,grate,Task B ,1,3,1,0.338747355,0.067,1,356.2058054,0,0,3,2
1,grate,Task B ,1,2,1,0.484805615,0.067,1,81.68081295,0,0,3,3
1,grate,Task B ,1,3,1,-0.029783913,0.135,1,336.1160465,0,0,4,2
1,grate,Task B ,1,1,0,-0.722852783,0.033,2,55.93404264,0,0,1,4
2,grate,Task B ,2,1,0,0.091891729,0.05,1,99.91921604,0,0,2,5
2,grate,Task B ,1,1,0,0.935710275,0.067,2,351.1108515,0,0,3,4
2,grate,Task B ,1,4,1,-0.000674878,0.135,1,28.37745475,0,0,4,1
2,grate,Task B ,1,4,1,0.076094499,0.135,1,179.1583152,0,0,4,1
2,grate,Task B ,2,4,1,-1.520838269,0.135,2,209.6040074,0,0,4,8
2,grate,Task B ,2,4,1,1.945809317,0.135,2,44.49560566,0,0,4,8
3,grate,Task B ,1,3,1,-0.39884068,0.067,1,177.2997835,0,0,3,2
3,grate,Task B ,2,3,1,0.623313561,0.135,2,52.63911291,0,0,4,7
3,grate,Task B ,1,2,0,-0.428766193,0.033,2,243.4259705,0,0,1,3
3,grate,Task B ,1,1,1,0.180586383,0.135,1,287.9334233,0,0,4,4
3,grate,Task B ,1,1,1,-0.145459259,0.067,1,22.14281429,0,0,3,4
3,grate,Task B ,1,4,1,-0.084807531,0.135,1,327.2140769,0,0,4,1
4,grate,Task B ,2,4,1,0.799962496,0.067,2,284.5687754,0,0,3,8
4,grate,Task B ,1,3,1,0.307591923,0.067,1,282.7293252,0,0,3,2
4,grate,Task B ,2,4,1,-1.876178808,0.067,2,182.2198794,0,0,3,8
4,grate,Task B ,1,4,1,-0.210939916,0.067,1,86.77270123,0,0,3,1
4,grate,Task B ,1,3,0,0.674311255,0.05,2,36.07321715,0,0,2,2
4,grate,Task B ,2,3,0,-0.504177782,0.067,1,84.19551203,0,0,3,7
5,grate,Task B ,2,4,1,-1.883487959,0.067,2,256.9016032,0,0,3,8
5,grate,Task B ,2,4,1,-0.385078792,0.135,2,332.4411838,0,0,4,8
5,grate,Task B ,1,4,0,0.777373158,0.05,2,119.1149812,0,0,2,1
5,grate,Task B ,1,4,1,-0.202704024,0.033,1,238.9323071,0,0,1,1
5,grate,Task B ,2,4,0,-0.0677407,0.05,1,332.9171477,0,0,2,8
5,grate,Task B ,1,3,1,0.069424787,0.033,1,338.5876639,0,0,1,2
6,grate,Task B ,1,3,1,-0.070718786,0.067,1,106.5049331,0,0,3,2
6,grate,Task B ,1,3,0,-2.018820086,0.135,2,170.4610169,0,0,4,2
6,grate,Task B ,2,3,1,2.022850996,0.067,2,176.1436642,0,0,3,7
6,grate,Task B ,1,2,0,0.29117956,0.033,2,160.2040361,0,0,1,3
6,grate,Task B ,2,3,1,-0.8746648,0.067,2,214.3682799,0,0,3,7
6,grate,Task B ,1,2,1,0.103922591,0.05,1,120.6054191,0,0,2,3
7,grate,Task B ,2,4,1,-1.389947792,0.135,2,321.0809628,0,0,4,8
7,grate,Task B ,2,4,1,2.41592924,0.067,2,90.80553238,0,0,3,8
7,grate,Task B ,1,4,0,-1.576114317,0.067,2,177.7256119,0,0,3,1
7,grate,Task B ,1,4,1,0.121520811,0.05,1,200.1840128,0,0,2,1
7,grate,Task B ,1,4,0,-0.209429156,0.135,2,343.9570297,0,0,4,1
7,grate,Task B ,2,4,1,-0.631222161,0.135,2,15.91945698,0,0,4,8
8,grate,Task B ,2,1,0,0.760523238,0.033,1,343.7240487,0,0,1,5
8,grate,Task B ,1,2,0,-0.084143479,0.05,2,129.310149,0,0,2,3
8,grate,Task B ,1,3,0,-0.048210458,0.135,2,31.82832735,0,0,4,2
8,grate,Task B ,1,3,1,-0.194697495,0.05,1,13.98360889,0,0,2,2
8,grate,Task B ,2,2,1,0.814575097,0.033,2,102.1566729,0,0,1,6
8,grate,Task B ,2,2,0,-0.183923958,0.067,1,310.8937966,0,0,3,6
9,grate,Task B ,1,4,1,-0.566636749,0.067,1,222.5306839,0,0,3,1
9,grate,Task B ,1,1,1,-0.383098494,0.05,1,276.7064351,0,0,2,4
9,grate,Task B ,1,4,1,-0.397867866,0.135,1,333.5575305,0,0,4,1
9,grate,Task B ,2,1,0,-0.041633893,0.033,1,7.866198185,0,0,1,5
9,grate,Task B ,1,1,0,-1.350971937,0.033,2,44.29539221,0,0,1,4
9,grate,Task B ,1,1,1,-0.023450165,0.033,1,296.3381457,0,0,1,4
10,grate,Task B ,1,2,0,1.654362316,0.033,2,269.4319894,0,0,1,3
10,grate,Task B ,2,1,0,0.23841202,0.05,1,149.1575427,0,0,2,5
10,grate,Task B ,1,2,1,-0.321744853,0.05,1,110.190924,0,0,2,3
10,grate,Task B ,1,1,1,0.006514742,0.05,1,124.3519436,0,0,2,4
10,grate,Task B ,1,1,0,1.436935971,0.05,2,243.0197332,0,0,2,4
10,grate,Task B ,1,1,0,-0.781991696,0.033,2,189.5901733,0,0,1,4
1,grate,Task B ,1,3,1,-0.534491196,0.067,1,103.0849484,0,0,3,2
1,grate,Task B ,1,3,0,0.173751452,0.135,2,217.1094542,0,0,4,2
1,grate,Task B ,1,2,1,-0.166852195,0.033,1,312.4316194,0,0,1,3
1,grate,Task B ,1,2,0,-0.26727214,0.135,2,286.197552,0,0,4,3
1,grate,Task B ,2,2,1,1.449721141,0.033,2,102.2753115,0,0,1,6
1,grate,Task B ,1,2,0,2.644577758,0.033,2,193.7870872,0,0,1,3
2,grate,Task B ,1,1,1,-0.240548921,0.135,1,279.539048,0,0,4,4
2,grate,Task B ,1,1,0,-0.312773973,0.067,2,76.22270091,0,0,3,4
2,grate,Task B ,1,1,1,-0.127987126,0.067,1,146.8652277,0,0,3,4
2,grate,Task B ,2,1,1,-0.788917759,0.033,2,340.7544593,0,0,1,5
2,grate,Task B ,1,2,0,-0.053233897,0.033,2,219.2718504,0,0,1,3
2,grate,Task B ,2,2,1,-2.316881677,0.05,2,276.5258451,0,0,2,6
3,grate,Task B ,2,4,1,-2.527796748,0.05,2,61.01888112,0,0,2,8
3,grate,Task B ,2,4,0,0.329401121,0.135,1,176.4974855,0,0,4,8
3,grate,Task B ,1,2,1,-0.108172989,0.067,1,187.7176254,0,0,3,3
3,grate,Task B ,1,1,1,0.517229673,0.05,1,10.98610067,0,0,2,4
3,grate,Task B ,1,3,1,0.109051472,0.067,1,201.6143565,0,0,3,2
3,grate,Task B ,2,4,0,-0.558077194,0.05,1,138.6275941,0,0,2,8
4,grate,Task B ,1,2,1,0.019936366,0.067,1,180.7837068,0,0,3,3
4,grate,Task B ,2,3,0,-0.498515916,0.067,1,356.0686104,0,0,3,7
4,grate,Task B ,2,4,1,-1.733281205,0.067,2,259.9984895,0,0,3,8
4,grate,Task B ,1,1,0,-0.659849133,0.033,2,29.43663472,0,0,1,4
4,grate,Task B ,1,1,1,1.090444734,0.067,1,249.6333568,0,0,3,4
4,grate,Task B ,2,4,0,-0.242153908,0.067,1,74.04284124,0,0,3,8
5,grate,Task B ,1,3,0,0.328555771,0.05,2,357.9520812,0,0,2,2
5,grate,Task B ,1,2,0,-1.383487011,0.033,2,78.2439486,0,0,1,3
5,grate,Task B ,1,3,1,0.431378686,0.033,1,345.222117,0,0,1,2
5,grate,Task B ,1,4,1,0.021188622,0.05,1,37.11764122,0,0,2,1
5,grate,Task B ,2,4,1,0.802888919,0.067,2,131.3448585,0,0,3,8
5,grate,Task B ,1,2,1,0.495346511,0.033,1,167.9543435,0,0,1,3
6,grate,Task B ,1,2,1,-0.203613442,0.05,1,25.39054805,0,0,2,3
6,grate,Task B ,1,1,0,-1.700762599,0.033,2,58.1508513,0,0,1,4
6,grate,Task B ,2,3,1,-0.122598124,0.067,2,228.3724184,0,0,3,7
6,grate,Task B ,2,3,1,1.349380207,0.067,2,92.63933786,0,0,3,7
6,grate,Task B ,1,2,0,1.682303473,0.135,2,287.3228768,0,0,4,3
6,grate,Task B ,2,3,0,0.438593915,0.067,1,266.309105,0,0,3,7
7,grate,Task B ,2,4,1,-1.754578169,0.135,2,84.95995475,0,0,4,8
7,grate,Task B ,2,4,1,0.346683308,0.135,2,18.92882236,0,0,4,8
7,grate,Task B ,2,4,1,0.247612216,0.067,2,291.3821333,0,0,3,8
7,grate,Task B ,1,4,1,0.661713221,0.05,1,23.41255451,0,0,2,1
7,grate,Task B ,2,4,1,-1.217275871,0.135,2,260.3680923,0,0,4,8
7,grate,Task B ,2,4,1,-1.830851316,0.033,2,314.3317651,0,0,1,8
8,grate,Task B ,1,1,1,-0.145022445,0.033,1,11.23558588,0,0,1,4
8,grate,Task B ,2,4,1,1.355737295,0.135,2,151.0688848,0,0,4,8
8,grate,Task B ,2,1,1,0.871128459,0.033,2,352.0500835,0,0,1,5
8,grate,Task B ,2,4,1,-2.5296896,0.135,2,18.6910974,0,0,4,8
8,grate,Task B ,2,1,1,-0.771402033,0.033,2,212.785566,0,0,1,5
8,grate,Task B ,2,2,1,-1.898584609,0.05,2,157.3820713,0,0,2,6
9,grate,Task B ,1,1,0,1.443055424,0.033,2,122.0850303,0,0,1,4
9,grate,Task B ,1,1,0,-0.16489991,0.05,2,3.682293628,0,0,2,4
9,grate,Task B ,1,4,1,0.061789203,0.135,1,45.86707918,0,0,4,1
9,grate,Task B ,1,4,1,0.428252863,0.067,1,342.851867,0,0,3,1
9,grate,Task B ,1,1,1,0.092549382,0.05,1,358.0532726,0,0,2,4
9,grate,Task B ,1,1,1,-0.603141362,0.033,1,102.8729643,0,0,1,4
10,grate,Task B ,1,1,0,0.425613574,0.067,2,0.899774172,0,0,3,4
10,grate,Task B ,1,2,0,0.694793113,0.067,2,359.1674688,0,0,3,3
10,grate,Task B ,1,1,0,1.117643044,0.033,2,135.6832539,0,0,1,4
10,grate,Task B ,1,1,1,-0.422692195,0.033,1,36.37454926,0,0,1,4
10,grate,Task B ,1,2,1,0.077013249,0.067,1,268.9772853,0,0,3,3
10,grate,Task B ,2,1,1,2.323372304,0.05,2,124.3597259,0,0,2,5
1,grate,Task B ,1,4,1,-0.008842,0.135,1,121.1240839,0,0,4,1
1,grate,Task B ,2,4,1,2.309590523,0.135,2,240.5488543,0,0,4,8
1,grate,Task B ,2,1,1,1.632837956,0.033,2,281.0630023,0,0,1,5
1,grate,Task B ,1,2,1,-0.055259727,0.067,1,218.2440718,0,0,3,3
1,grate,Task B ,1,2,0,0.600186575,0.135,2,343.7373247,0,0,4,3
1,grate,Task B ,1,2,1,0.503704535,0.033,1,346.2357362,0,0,1,3
2,grate,Task B ,1,1,0,-0.03540259,0.033,2,126.6350656,0,0,1,4
2,grate,Task B ,2,1,0,-0.175993309,0.067,1,242.5437883,0,0,3,5
2,grate,Task B ,1,2,1,0.111122686,0.135,1,315.6699271,0,0,4,3
2,grate,Task B ,1,3,1,-0.179988669,0.067,1,348.9399071,0,0,3,2
2,grate,Task B ,1,2,1,0.305764137,0.135,1,33.30246017,0,0,4,3
2,grate,Task B ,1,1,1,-0.19404318,0.067,1,30.59095483,0,0,3,4
3,grate,Task B ,2,4,1,0.219289932,0.135,2,22.36004695,0,0,4,8
3,grate,Task B ,1,4,1,0.104804329,0.135,1,357.010019,0,0,4,1
3,grate,Task B ,2,3,1,-0.794229775,0.135,2,221.3547484,0,0,4,7
3,grate,Task B ,1,1,1,0.135425139,0.05,1,40.85217204,0,0,2,4
3,grate,Task B ,2,4,1,-1.108661723,0.135,2,176.1884062,0,0,4,8
3,grate,Task B ,1,2,0,-0.959641412,0.033,2,245.5405858,0,0,1,3
4,grate,Task B ,1,2,0,0.089091084,0.033,2,71.95912501,0,0,1,3
4,grate,Task B ,1,4,1,-0.362892334,0.05,1,22.84793011,0,0,2,1
4,grate,Task B ,2,4,1,-2.797940259,0.135,2,250.7452056,0,0,4,8
4,grate,Task B ,1,1,0,-3.352637819,0.033,2,156.5403922,0,0,1,4
4,grate,Task B ,2,2,1,2.044744675,0.067,2,273.9282596,0,0,3,6
4,grate,Task B ,1,1,1,0.21676504,0.033,1,140.2541886,0,0,1,4
5,grate,Task B ,1,1,0,0.489119056,0.033,2,108.4655717,0,0,1,4
5,grate,Task B ,2,4,1,-0.124306793,0.033,2,95.42533619,0,0,1,8
5,grate,Task B ,2,4,1,0.866569268,0.135,2,285.927896,0,0,4,8
5,grate,Task B ,1,4,0,0.463179359,0.067,2,237.6716567,0,0,3,1
5,grate,Task B ,1,1,0,-0.147233205,0.05,2,191.112715,0,0,2,4
5,grate,Task B ,1,4,1,0.105312316,0.067,1,151.9539742,0,0,3,1
6,grate,Task B ,2,3,1,1.208351955,0.135,2,302.3124691,0,0,4,7
6,grate,Task B ,2,3,0,-0.091329326,0.05,1,112.8748926,0,0,2,7
6,grate,Task B ,2,3,1,1.622602421,0.05,2,303.2767718,0,0,2,7
6,grate,Task B ,2,3,0,-0.233608755,0.033,1,62.13986932,0,0,1,7
6,grate,Task B ,2,1,1,0.146608973,0.067,2,297.0295857,0,0,3,5
6,grate,Task B ,2,3,1,1.125818818,0.067,2,196.3619883,0,0,3,7
7,grate,Task B ,2,4,1,-0.960622837,0.067,2,337.8161617,0,0,3,8
7,grate,Task B ,1,4,1,0.312699328,0.067,1,257.5290435,0,0,3,1
7,grate,Task B ,1,4,0,0.14496671,0.033,2,299.1739051,0,0,1,1
7,grate,Task B ,1,4,1,0.179410449,0.033,1,299.5231507,0,0,1,1
7,grate,Task B ,1,4,1,-0.107241699,0.033,1,246.9373165,0,0,1,1
7,grate,Task B ,2,4,1,2.360520226,0.05,2,276.9723935,0,0,2,8
8,grate,Task B ,2,3,0,-0.114775017,0.067,1,313.8083052,0,0,3,7
8,grate,Task B ,2,3,0,0.22978507,0.067,1,35.06974449,0,0,3,7
8,grate,Task B ,2,1,0,0.21954492,0.033,1,27.414221,0,0,1,5
8,grate,Task B ,2,1,0,0.048392828,0.033,1,161.4409575,0,0,1,5
8,grate,Task B ,1,1,1,-0.123345123,0.067,1,295.5314411,0,0,3,4
8,grate,Task B ,1,4,1,0.278845179,0.135,1,228.1558218,0,0,4,1
9,grate,Task B ,1,4,1,-0.175752689,0.05,1,72.78071834,0,0,2,1
9,grate,Task B ,1,4,0,0.919549349,0.067,2,101.0070111,0,0,3,1
9,grate,Task B ,1,4,0,0.014557725,0.067,2,187.7355473,0,0,3,1
9,grate,Task B ,2,4,1,1.707267739,0.135,2,135.9569844,0,0,4,8
9,grate,Task B ,1,1,1,-0.310590452,0.033,1,291.3093557,0,0,1,4
9,grate,Task B ,2,4,1,0.978268378,0.135,2,238.6265766,0,0,4,8
10,grate,Task B ,2,2,1,-2.976828812,0.05,2,283.6174346,0,0,2,6
10,grate,Task B ,1,1,1,0.656116909,0.135,1,119.9334275,0,0,4,4
10,grate,Task B ,1,2,0,-0.18007996,0.067,2,294.3128019,0,0,3,3
10,grate,Task B ,1,2,1,-0.358585764,0.05,1,260.488797,0,0,2,3
10,grate,Task B ,1,2,1,0.141377286,0.067,1,207.8428931,0,0,3,3
10,grate,Task B ,1,1,1,0.509093662,0.135,1,72.01678644,0,0,4,4
1,grate,Task B ,2,4,1,-1.275869792,0.067,2,83.47736452,0,0,3,8
1,grate,Task B ,1,3,0,-0.424068467,0.05,2,131.6288559,0,0,2,2
1,grate,Task B ,2,2,1,-2.232577275,0.05,2,270.9592999,0,0,2,6
1,grate,Task B ,1,2,1,0.144089297,0.067,1,196.6904506,0,0,3,3
1,grate,Task B ,1,3,1,-0.237299165,0.067,1,206.5734281,0,0,3,2
1,grate,Task B ,1,3,0,-0.574124919,0.067,2,74.84233508,0,0,3,2
2,grate,Task B ,1,1,0,1.002948724,0.067,2,216.5214737,0,0,3,4
2,grate,Task B ,2,1,0,-0.02527372,0.067,1,331.4790487,0,0,3,5
2,grate,Task B ,1,1,0,-0.044320358,0.05,2,30.81421744,0,0,2,4
2,grate,Task B ,2,2,1,1.096986117,0.135,2,189.9820592,0,0,4,6
2,grate,Task B ,2,4,1,-0.920171668,0.05,2,109.2705242,0,0,2,8
2,grate,Task B ,1,2,1,-0.020042917,0.067,1,233.6415202,0,0,3,3
3,grate,Task B ,1,4,1,0.465165539,0.05,1,84.81778237,0,0,2,1
3,grate,Task B ,2,2,1,-0.884178984,0.067,2,248.4094533,0,0,3,6
3,grate,Task B ,1,4,1,0.210608676,0.067,1,279.0911113,0,0,3,1
3,grate,Task B ,2,4,1,-1.223188311,0.135,2,172.0289407,0,0,4,8
3,grate,Task B ,2,3,1,2.561160159,0.067,2,67.9578594,0,0,3,7
3,grate,Task B ,2,4,0,-0.956525647,0.135,1,218.5111593,0,0,4,8
4,grate,Task B ,1,2,1,-0.075881681,0.033,1,170.3699316,0,0,1,3
4,grate,Task B ,2,3,0,0.368429034,0.135,1,56.03603451,0,0,4,7
4,grate,Task B ,2,2,1,2.215247622,0.05,2,275.1788773,0,0,2,6
4,grate,Task B ,1,4,1,0.219847489,0.05,1,209.891607,0,0,2,1
4,grate,Task B ,2,3,0,0.360152703,0.067,1,192.7450764,0,0,3,7
4,grate,Task B ,1,3,1,0.066011997,0.05,1,246.6384931,0,0,2,2
5,grate,Task B ,1,1,1,-0.290976133,0.033,1,217.4330098,0,0,1,4
5,grate,Task B ,2,4,0,0.119610586,0.05,1,98.87236909,0,0,2,8
5,grate,Task B ,1,4,1,0.007535659,0.067,1,142.5634134,0,0,3,1
5,grate,Task B ,2,4,1,-0.928554919,0.135,2,84.11991897,0,0,4,8
5,grate,Task B ,1,3,0,-1.720355,0.05,2,188.8775933,0,0,2,2
5,grate,Task B ,1,3,1,0.163092633,0.033,1,0.463285299,0,0,1,2
6,grate,Task B ,1,3,1,-0.345090444,0.05,1,254.9857842,0,0,2,2
6,grate,Task B ,1,3,0,3.827721036,0.05,2,217.8255479,0,0,2,2
6,grate,Task B ,1,1,1,-0.875831506,0.033,1,226.2519872,0,0,1,4
6,grate,Task B ,1,2,0,-0.098441535,0.033,2,78.01210967,0,0,1,3
6,grate,Task B ,2,3,0,0.204798564,0.135,1,126.6750303,0,0,4,7
6,grate,Task B ,1,2,1,0.566764744,0.033,1,49.66657111,0,0,1,3
7,grate,Task B ,1,4,1,-0.087038139,0.033,1,355.0664123,0,0,1,1
7,grate,Task B ,1,4,0,-2.832224191,0.033,2,283.8730834,0,0,1,1
7,grate,Task B ,1,4,1,0.510344805,0.033,1,227.0129102,0,0,1,1
7,grate,Task B ,2,4,0,0.076693973,0.05,1,306.4024206,0,0,2,8
7,grate,Task B ,2,4,1,-2.916572741,0.067,2,63.19495976,0,0,3,8
7,grate,Task B ,2,4,1,-1.402241077,0.135,2,299.5014872,0,0,4,8
8,grate,Task B ,1,2,0,0.841747176,0.067,2,216.6439936,0,0,3,3
8,grate,Task B ,2,4,1,2.069487406,0.135,2,317.9030653,0,0,4,8
8,grate,Task B ,2,1,0,0.417706802,0.033,1,262.8577838,0,0,1,5
8,grate,Task B ,1,2,0,1.808541826,0.067,2,272.1918409,0,0,3,3
8,grate,Task B ,1,1,0,1.373437989,0.033,2,267.4734685,0,0,1,4
8,grate,Task B ,2,4,0,-0.070818912,0.067,1,99.25038347,0,0,3,8
9,grate,Task B ,1,4,0,-1.427186229,0.05,2,353.4090009,0,0,2,1
9,grate,Task B ,1,3,1,0.245333242,0.05,1,340.7692123,0,0,2,2
9,grate,Task B ,1,4,1,-0.130763848,0.033,1,113.5811107,0,0,1,1
9,grate,Task B ,1,1,0,-1.994843003,0.033,2,244.5074508,0,0,1,4
9,grate,Task B ,1,4,1,-0.049624346,0.135,1,265.5087868,0,0,4,1
9,grate,Task B ,1,3,1,0.419792233,0.05,1,281.7227249,0,0,2,2
10,grate,Task B ,1,2,0,-1.206424117,0.05,2,35.07211634,0,0,2,3
10,grate,Task B ,2,1,1,-0.303622315,0.135,2,128.3905338,0,0,4,5
10,grate,Task B ,1,2,1,0.803019998,0.067,1,150.1148277,0,0,3,3
10,grate,Task B ,2,1,1,-1.073018136,0.067,2,1.244069949,0,0,3,5
10,grate,Task B ,1,1,1,0.067573576,0.033,1,240.7041311,0,0,1,4
10,grate,Task B ,1,1,1,-0.353985295,0.067,1,80.3221321,0,0,3,4
1,grate,Task B ,1,3,0,0.782010503,0.135,2,280.4102044,0,0,4,2
1,grate,Task B ,1,4,1,0.270130357,0.135,1,343.3508947,0,0,4,1
1,grate,Task B ,1,2,1,-0.090437639,0.05,1,6.144731179,0,0,2,3
1,grate,Task B ,1,3,0,-0.665511114,0.135,2,194.6369748,0,0,4,2
1,grate,Task B ,2,1,0,-0.238220324,0.033,1,20.20495103,0,0,1,5
1,grate,Task B ,1,3,1,0.054039121,0.05,1,30.43729887,0,0,2,2
2,grate,Task B ,1,1,0,-0.674112893,0.067,2,274.5731728,0,0,3,4
2,grate,Task B ,1,3,1,0.220971029,0.135,1,222.2424416,0,0,4,2
2,grate,Task B ,2,4,1,-2.590147358,0.135,2,97.72569255,0,0,4,8
2,grate,Task B ,1,1,0,-1.173263306,0.033,2,209.8239267,0,0,1,4
2,grate,Task B ,1,2,1,-0.601985141,0.05,1,45.09172042,0,0,2,3
2,grate,Task B ,2,3,1,0.98112405,0.135,2,294.9153675,0,0,4,7
3,grate,Task B ,2,4,1,-3.45172759,0.033,2,52.16125303,0,0,1,8
3,grate,Task B ,2,2,1,-0.898564488,0.067,2,341.549284,0,0,3,6
3,grate,Task B ,1,1,1,-0.673809436,0.067,1,299.4863896,0,0,3,4
3,grate,Task B ,1,4,1,0.421962408,0.05,1,251.9434614,0,0,2,1
3,grate,Task B ,2,2,0,0.137960823,0.05,1,239.2100955,0,0,2,6
3,grate,Task B ,2,4,1,1.584098932,0.135,2,199.2802284,0,0,4,8
4,grate,Task B ,1,1,1,-0.228256623,0.033,1,172.2180164,0,0,1,4
4,grate,Task B ,1,3,1,-0.489489531,0.067,1,137.9509492,0,0,3,2
4,grate,Task B ,2,3,0,-0.076519253,0.067,1,335.2812696,0,0,3,7
4,grate,Task B ,1,3,1,0.04151947,0.135,1,169.2138252,0,0,4,2
4,grate,Task B ,1,1,0,1.288379235,0.033,2,290.8673735,0,0,1,4
4,grate,Task B ,2,4,1,-0.778625718,0.135,2,321.5487624,0,0,4,8
5,grate,Task B ,1,2,0,0.660653541,0.135,2,265.944748,0,0,4,3
5,grate,Task B ,1,2,0,3.031188222,0.033,2,4.729071966,0,0,1,3
5,grate,Task B ,2,2,1,0.489344028,0.135,2,80.7147474,0,0,4,6
5,grate,Task B ,2,4,1,-3.428053654,0.05,2,74.48917345,0,0,2,8
5,grate,Task B ,1,1,1,-0.352683765,0.033,1,260.9466044,0,0,1,4
5,grate,Task B ,1,3,0,0.567597015,0.033,2,143.8142446,0,0,1,2
6,grate,Task B ,2,3,0,-0.185225145,0.05,1,249.5380747,0,0,2,7
6,grate,Task B ,1,3,1,0.320052424,0.067,1,32.65740422,0,0,3,2
6,grate,Task B ,1,2,1,-0.173005003,0.033,1,39.98599001,0,0,1,3
6,grate,Task B ,2,3,0,0.631306133,0.033,1,233.8363164,0,0,1,7
6,grate,Task B ,1,3,0,-0.135446386,0.067,2,76.89963962,0,0,3,2
6,grate,Task B ,1,3,0,-0.830075822,0.05,2,233.4975463,0,0,2,2
7,grate,Task B ,1,1,1,0.105687848,0.033,1,147.5243823,0,0,1,4
7,grate,Task B ,2,4,0,0.056208283,0.05,1,305.0408843,0,0,2,8
7,grate,Task B ,1,4,1,0.201605853,0.135,1,269.9200744,0,0,4,1
7,grate,Task B ,1,4,1,0.113811862,0.135,1,70.69353457,0,0,4,1
7,grate,Task B ,2,1,1,1.930559255,0.05,2,17.7013055,0,0,2,5
7,grate,Task B ,1,4,1,0.184305188,0.05,1,154.3228872,0,0,2,1
8,grate,Task B ,2,4,1,1.50072075,0.135,2,46.75834447,0,0,4,8
8,grate,Task B ,2,2,0,0.249753212,0.05,1,127.3170322,0,0,2,6
8,grate,Task B ,1,3,1,0.426261301,0.067,1,157.7098398,0,0,3,2
8,grate,Task B ,2,4,0,0.15014285,0.135,1,341.1648111,0,0,4,8
8,grate,Task B ,1,1,1,0.234435687,0.05,1,16.82724329,0,0,2,4
8,grate,Task B ,1,1,0,0.517798365,0.05,2,261.2674736,0,0,2,4
9,grate,Task B ,2,1,0,0.182161051,0.067,1,100.6056367,0,0,3,5
9,grate,Task B ,1,1,1,0.265162176,0.033,1,102.0333438,0,0,1,4
9,grate,Task B ,1,4,0,-0.31079368,0.067,2,90.98084342,0,0,3,1
9,grate,Task B ,2,4,1,-0.447393274,0.05,2,358.1796429,0,0,2,8
9,grate,Task B ,1,4,0,0.300390305,0.067,2,0.028334433,0,0,3,1
9,grate,Task B ,1,4,1,0.307757181,0.067,1,71.7662042,0,0,3,1
10,grate,Task B ,1,3,1,-0.180870492,0.135,1,74.8254887,0,0,4,2
10,grate,Task B ,1,2,0,0.064930601,0.067,2,273.3222921,0,0,3,3
10,grate,Task B ,1,1,1,-0.220917942,0.135,1,237.6314006,0,0,4,4
10,grate,Task B ,1,2,1,0.697589007,0.135,1,325.2626011,0,0,4,3
10,grate,Task B ,2,2,0,-0.417658757,0.135,1,328.3371768,0,0,4,6
10,grate,Task B ,1,1,1,0.242609227,0.067,1,22.40428379,0,0,3,4
1,grate,Task B ,1,4,1,0.004002911,0.135,1,128.5068682,0,0,4,1
1,grate,Task B ,1,4,1,0.095230713,0.067,1,220.9976956,0,0,3,1
1,grate,Task B ,2,1,0,-0.473638579,0.033,1,344.4893007,0,0,1,5
1,grate,Task B ,2,4,1,-2.555241233,0.135,2,119.2759086,0,0,4,8
1,grate,Task B ,2,1,1,1.723464535,0.067,2,296.971682,0,0,3,5
1,grate,Task B ,1,3,0,0.867000592,0.135,2,202.1175849,0,0,4,2
2,grate,Task B ,2,1,0,0.449207828,0.05,1,336.7011469,0,0,2,5
2,grate,Task B ,2,1,0,-0.389402546,0.033,1,276.8407463,0,0,1,5
2,grate,Task B ,2,3,1,0.407828607,0.135,2,200.865404,0,0,4,7
2,grate,Task B ,1,3,0,0.403738783,0.05,2,326.8149316,0,0,2,2
2,grate,Task B ,1,2,1,0.189529067,0.135,1,296.2517607,0,0,4,3
2,grate,Task B ,1,1,1,0.66194426,0.05,1,115.6244014,0,0,2,4
3,grate,Task B ,2,2,1,-0.939235039,0.067,2,170.8429347,0,0,3,6
3,grate,Task B ,2,1,1,-0.359821978,0.05,2,193.9311108,0,0,2,5
3,grate,Task B ,2,1,0,-0.373792688,0.033,1,247.507223,0,0,1,5
3,grate,Task B ,2,2,0,0.334958681,0.135,1,102.1340526,0,0,4,6
3,grate,Task B ,2,3,0,0.052009977,0.135,1,223.3602108,0,0,4,7
3,grate,Task B ,2,1,0,-0.309616334,0.067,1,46.16593717,0,0,3,5
4,grate,Task B ,2,4,1,-2.156108555,0.135,2,0.413031149,0,0,4,8
4,grate,Task B ,1,4,0,0.586826189,0.067,2,38.21576534,0,0,3,1
4,grate,Task B ,2,2,1,-1.241397123,0.05,2,145.1926397,0,0,2,6
4,grate,Task B ,1,2,1,-0.174123261,0.05,1,314.1157607,0,0,2,3
4,grate,Task B ,1,1,0,-0.024453466,0.033,2,54.27055816,0,0,1,4
4,grate,Task B ,1,3,1,0.058822692,0.05,1,242.478042,0,0,2,2
5,grate,Task B ,2,2,1,-0.321123439,0.033,2,211.6664967,0,0,1,6
5,grate,Task B ,1,2,1,-0.108243756,0.033,1,114.8987439,0,0,1,3
5,grate,Task B ,1,1,1,-0.112274622,0.033,1,94.1330898,0,0,1,4
5,grate,Task B ,1,3,1,0.158442885,0.135,1,27.36357613,0,0,4,2
5,grate,Task B ,1,3,1,0.440119133,0.135,1,339.2512289,0,0,4,2
5,grate,Task B ,2,4,1,1.420898258,0.135,2,319.014087,0,0,4,8
6,grate,Task B ,1,1,0,0.084750028,0.033,2,261.071129,0,0,1,4
6,grate,Task B ,2,3,1,0.117172547,0.135,2,247.9907716,0,0,4,7
6,grate,Task B ,1,3,0,-0.72931656,0.135,2,254.2189396,0,0,4,2
6,grate,Task B ,2,3,1,-0.462711363,0.067,2,26.06092338,0,0,3,7
6,grate,Task B ,1,3,1,0.307003745,0.033,1,199.2558399,0,0,1,2
6,grate,Task B ,2,3,1,1.568339454,0.067,2,67.77849631,0,0,3,7
7,grate,Task B ,1,1,0,2.385301206,0.033,2,181.1686352,0,0,1,4
7,grate,Task B ,1,4,1,-0.373634404,0.067,1,191.6275045,0,0,3,1
7,grate,Task B ,1,4,1,-0.509163389,0.067,1,350.254767,0,0,3,1
7,grate,Task B ,1,4,0,0.221594199,0.033,2,272.6116399,0,0,1,1
7,grate,Task B ,2,4,1,-2.532671554,0.05,2,314.991107,0,0,2,8
7,grate,Task B ,1,4,1,-0.201600418,0.05,1,260.0788805,0,0,2,1
8,grate,Task B ,2,3,0,-0.309248783,0.135,1,166.5591408,0,0,4,7
8,grate,Task B ,1,1,0,1.425534632,0.05,2,300.7813539,0,0,2,4
8,grate,Task B ,1,1,0,-0.175167064,0.033,2,232.386263,0,0,1,4
8,grate,Task B ,1,1,0,-0.821903652,0.033,2,77.38708416,0,0,1,4
8,grate,Task B ,2,4,1,1.76494862,0.135,2,60.41351193,0,0,4,8
8,grate,Task B ,2,2,1,-1.04237913,0.067,2,209.8815993,0,0,3,6
9,grate,Task B ,2,3,1,-1.866484073,0.033,2,284.4402238,0,0,1,7
9,grate,Task B ,2,2,1,-2.380204945,0.05,2,165.1620895,0,0,2,6
9,grate,Task B ,1,1,0,-1.61555513,0.135,2,259.8891371,0,0,4,4
9,grate,Task B ,1,1,1,0.317464937,0.05,1,339.8092127,0,0,2,4
9,grate,Task B ,1,1,0,-0.913717133,0.067,2,134.4553721,0,0,3,4
9,grate,Task B ,1,1,0,0.395927012,0.033,2,189.2764421,0,0,1,4
10,grate,Task B ,2,3,1,1.497966775,0.135,2,352.3507387,0,0,4,7
10,grate,Task B ,1,1,1,0.575113044,0.067,1,323.1809101,0,0,3,4
10,grate,Task B ,2,1,1,1.83151221,0.135,2,225.9017748,0,0,4,5
10,grate,Task B ,1,2,1,0.466684856,0.135,1,184.4966771,0,0,4,3
10,grate,Task B ,2,1,1,-0.828592327,0.135,2,359.908543,0,0,4,5
10,grate,Task B ,1,1,0,-0.33103552,0.067,2,69.71639072,0,0,3,4
1,grate,Task B ,1,2,1,-0.44370091,0.067,1,278.3820236,0,0,3,3
1,grate,Task B ,1,3,0,-0.275422445,0.135,2,62.3176131,0,0,4,2
1,grate,Task B ,2,2,0,-0.302303757,0.067,1,165.2381423,0,0,3,6
1,grate,Task B ,1,2,1,0.488835343,0.067,1,21.09184093,0,0,3,3
1,grate,Task B ,1,2,0,-1.203034258,0.033,2,234.9202219,0,0,1,3
1,grate,Task B ,1,2,1,0.125591111,0.05,1,78.1405959,0,0,2,3
2,grate,Task B ,2,1,1,3.512903544,0.067,2,123.0004646,0,0,3,5
2,grate,Task B ,2,1,0,-0.188397641,0.05,1,266.4499548,0,0,2,5
2,grate,Task B ,2,1,0,-0.701547366,0.033,1,114.5694245,0,0,1,5
2,grate,Task B ,1,3,0,0.128463889,0.135,2,36.17043494,0,0,4,2
2,grate,Task B ,1,1,1,-0.178710026,0.05,1,102.9561386,0,0,2,4
2,grate,Task B ,2,2,1,1.108286686,0.05,2,2.226275285,0,0,2,6
3,grate,Task B ,1,4,1,0.400634959,0.067,1,198.2455477,0,0,3,1
3,grate,Task B ,1,1,1,0.476243283,0.067,1,279.4691992,0,0,3,4
3,grate,Task B ,2,2,1,-1.067384318,0.067,2,45.46899083,0,0,3,6
3,grate,Task B ,2,3,1,-0.473356821,0.05,2,293.0742202,0,0,2,7
3,grate,Task B ,2,4,1,2.922948496,0.135,2,241.7121911,0,0,4,8
3,grate,Task B ,1,3,0,0.059561548,0.05,2,164.9717142,0,0,2,2
4,grate,Task B ,1,1,0,0.827917346,0.033,2,239.692719,0,0,1,4
4,grate,Task B ,1,1,0,-0.530523373,0.033,2,282.0593623,0,0,1,4
4,grate,Task B ,2,2,1,0.664874712,0.05,2,161.5580536,0,0,2,6
4,grate,Task B ,1,4,1,0.005228974,0.05,1,176.560997,0,0,2,1
4,grate,Task B ,1,1,0,0.820688612,0.033,2,293.8975462,0,0,1,4
4,grate,Task B ,1,3,1,-0.002741452,0.135,1,64.75449002,0,0,4,2
5,grate,Task B ,2,4,1,-1.257835188,0.135,2,43.07256405,0,0,4,8
5,grate,Task B ,1,1,1,-0.009841802,0.05,1,226.440878,0,0,2,4
5,grate,Task B ,1,2,0,1.800798238,0.05,2,113.4800818,0,0,2,3
5,grate,Task B ,2,4,1,1.390909591,0.067,2,242.3893674,0,0,3,8
5,grate,Task B ,1,1,0,-0.194402172,0.033,2,128.2407682,0,0,1,4
5,grate,Task B ,1,4,0,0.127983887,0.05,2,163.013343,0,0,2,1
6,grate,Task B ,2,3,1,-0.824264844,0.05,2,349.2044402,0,0,2,7
6,grate,Task B ,2,3,0,-0.243257536,0.033,1,106.303286,0,0,1,7
6,grate,Task B ,2,3,1,0.765606161,0.135,2,11.46117967,0,0,4,7
6,grate,Task B ,2,2,0,-0.263084702,0.05,1,4.049261756,0,0,2,6
6,grate,Task B ,1,3,1,0.330158091,0.033,1,350.9769362,0,0,1,2
6,grate,Task B ,1,1,0,1.67325767,0.033,2,5.648157147,0,0,1,4
7,grate,Task B ,1,4,0,-0.928046573,0.033,2,139.5302936,0,0,1,1
7,grate,Task B ,2,4,1,-0.128554688,0.05,2,187.7464808,0,0,2,8
7,grate,Task B ,1,4,1,-0.43227123,0.135,1,176.9781517,0,0,4,1
7,grate,Task B ,1,4,1,0.386103398,0.067,1,274.0739691,0,0,3,1
7,grate,Task B ,1,4,1,0.04397484,0.05,1,220.8172306,0,0,2,1
7,grate,Task B ,1,4,1,-0.218780672,0.067,1,79.81841735,0,0,3,1
8,grate,Task B ,1,1,1,-0.357107097,0.033,1,24.25936051,0,0,1,4
8,grate,Task B ,2,1,1,0.44653702,0.033,2,251.8568986,0,0,1,5
8,grate,Task B ,2,1,0,0.238856816,0.033,1,113.8754818,0,0,1,5
8,grate,Task B ,2,3,1,-1.050815,0.067,2,76.82988434,0,0,3,7
8,grate,Task B ,1,1,0,2.920212536,0.033,2,311.2498847,0,0,1,4
8,grate,Task B ,2,4,1,-1.219805938,0.067,2,13.2350256,0,0,3,8
9,grate,Task B ,2,1,0,-0.21743429,0.033,1,20.94800149,0,0,1,5
9,grate,Task B ,1,2,1,0.554967392,0.033,1,59.81164643,0,0,1,3
9,grate,Task B ,2,1,0,0.113492863,0.05,1,271.7629741,0,0,2,5
9,grate,Task B ,1,1,0,-1.156002673,0.033,2,264.1528626,0,0,1,4
9,grate,Task B ,1,4,1,0.041112503,0.05,1,321.2028297,0,0,2,1
9,grate,Task B ,1,1,1,0.363521368,0.067,1,199.3083363,0,0,3,4
10,grate,Task B ,1,2,0,2.061993901,0.033,2,175.0756734,0,0,1,3
10,grate,Task B ,1,2,1,-0.053999154,0.067,1,186.0649246,0,0,3,3
10,grate,Task B ,1,2,1,0.898192987,0.05,1,68.57581289,0,0,2,3
10,grate,Task B ,2,1,0,-0.494705627,0.135,1,340.2520066,0,0,4,5
10,grate,Task B ,1,1,0,2.477201619,0.033,2,246.726644,0,0,1,4
10,grate,Task B ,1,1,0,-0.29475262,0.033,2,178.9498294,0,0,1,4
1,grate,Task B ,2,4,1,-1.42077899,0.135,2,298.8897532,0,0,4,8
1,grate,Task B ,1,3,1,-0.209586971,0.067,1,228.316163,0,0,3,2
1,grate,Task B ,2,4,1,3.111661808,0.135,2,350.8416318,0,0,4,8
1,grate,Task B ,2,4,1,-1.272953613,0.033,2,31.45009017,0,0,1,8
1,grate,Task B ,1,1,1,-0.111746427,0.033,1,350.3011927,0,0,1,4
1,grate,Task B ,2,1,0,-0.311531843,0.033,1,62.70345485,0,0,1,5
2,grate,Task B ,1,1,0,1.496757099,0.033,2,90.09112161,0,0,1,4
2,grate,Task B ,1,1,1,0.14256568,0.067,1,245.0864508,0,0,3,4
2,grate,Task B ,2,4,1,-1.792314873,0.135,2,195.0917958,0,0,4,8
2,grate,Task B ,2,4,1,-0.980243787,0.135,2,172.0497052,0,0,4,8
2,grate,Task B ,1,1,0,2.460339527,0.033,2,270.2372021,0,0,1,4
2,grate,Task B ,2,2,0,0.173826386,0.135,1,280.1678194,0,0,4,6
3,grate,Task B ,2,3,1,-0.663732271,0.05,2,43.46079821,0,0,2,7
3,grate,Task B ,2,4,0,-0.242877409,0.067,1,53.77415821,0,0,3,8
3,grate,Task B ,1,2,1,-0.253362851,0.05,1,166.5720037,0,0,2,3
3,grate,Task B ,2,4,1,-1.920435235,0.067,2,14.46225919,0,0,3,8
3,grate,Task B ,2,1,0,0.073979977,0.033,1,1.005890891,0,0,1,5
3,grate,Task B ,2,2,0,0.198183886,0.05,1,166.7472553,0,0,2,6
4,grate,Task B ,1,1,0,0.152717107,0.033,2,140.1160492,0,0,1,4
4,grate,Task B ,1,2,1,0.331203862,0.033,1,355.2871541,0,0,1,3
4,grate,Task B ,2,4,1,-0.963247782,0.135,2,288.1072499,0,0,4,8
4,grate,Task B ,1,3,0,1.801085391,0.05,2,355.5811964,0,0,2,2
4,grate,Task B ,1,1,0,0.729843888,0.067,2,176.9245467,0,0,3,4
4,grate,Task B ,1,3,1,0.148321661,0.05,1,50.14326562,0,0,2,2
5,grate,Task B ,1,4,1,0.08101174,0.067,1,254.9177265,0,0,3,1
5,grate,Task B ,1,3,0,-0.032424297,0.067,2,136.2006832,0,0,3,2
5,grate,Task B ,2,4,1,2.624985297,0.033,2,20.59740323,0,0,1,8
5,grate,Task B ,1,3,0,-1.342361126,0.033,2,213.3933662,0,0,1,2
5,grate,Task B ,1,3,1,-0.389845807,0.135,1,50.48117098,0,0,4,2
5,grate,Task B ,2,4,1,1.418793842,0.067,2,42.75525568,0,0,3,8
6,grate,Task B ,2,3,1,0.991785494,0.067,2,203.6175406,0,0,3,7
6,grate,Task B ,2,3,1,-1.15176281,0.067,2,33.83693518,0,0,3,7
6,grate,Task B ,1,3,0,1.110296379,0.05,2,331.0844388,0,0,2,2
6,grate,Task B ,1,3,0,-0.46759443,0.067,2,201.4379833,0,0,3,2
6,grate,Task B ,2,3,0,0.158376615,0.135,1,176.6522347,0,0,4,7
6,grate,Task B ,1,2,1,0.489797043,0.05,1,101.5162973,0,0,2,3
7,grate,Task B ,1,4,0,0.305063376,0.135,2,81.12273334,0,0,4,1
7,grate,Task B ,1,4,1,0.346772161,0.135,1,38.06771595,0,0,4,1
7,grate,Task B ,1,4,0,0.004724898,0.05,2,241.4678407,0,0,2,1
7,grate,Task B ,1,4,1,-0.114495077,0.05,1,74.6850133,0,0,2,1
7,grate,Task B ,2,4,1,-0.600523902,0.033,2,138.0680679,0,0,1,8
7,grate,Task B ,1,4,0,1.689375011,0.033,2,101.2262211,0,0,1,1
8,grate,Task B ,2,2,1,-0.86688609,0.135,2,150.4414873,0,0,4,6
8,grate,Task B ,1,1,1,-0.04885979,0.033,1,177.6835397,0,0,1,4
8,grate,Task B ,1,3,1,0.624250229,0.067,1,20.32914202,0,0,3,2
8,grate,Task B ,2,1,1,-1.282172492,0.033,2,257.5042868,0,0,1,5
8,grate,Task B ,1,1,0,0.477300339,0.05,2,297.2132185,0,0,2,4
8,grate,Task B ,1,4,1,0.269144206,0.067,1,73.93411949,0,0,3,1
9,grate,Task B ,1,2,0,-1.225244887,0.05,2,73.28490136,0,0,2,3
9,grate,Task B ,1,4,0,-0.428582208,0.067,2,222.3758327,0,0,3,1
9,grate,Task B ,1,4,0,0.244066339,0.067,2,188.147214,0,0,3,1
9,grate,Task B ,1,2,1,0.033469365,0.05,1,150.4044367,0,0,2,3
9,grate,Task B ,1,4,0,-0.782052492,0.05,2,193.249915,0,0,2,1
9,grate,Task B ,1,4,1,0.181999362,0.067,1,273.5974862,0,0,3,1
10,grate,Task B ,1,3,1,-0.173293644,0.067,1,205.147523,0,0,3,2
10,grate,Task B ,1,2,1,0.051673144,0.135,1,43.47055819,0,0,4,3
10,grate,Task B ,2,1,1,1.804006541,0.05,2,122.4819064,0,0,2,5
10,grate,Task B ,1,2,1,-0.181827353,0.05,1,198.8274231,0,0,2,3
10,grate,Task B ,1,1,1,0.277900531,0.033,1,163.4701197,0,0,1,4
10,grate,Task B ,2,1,1,-2.926419016,0.067,2,38.55773094,0,0,3,5
1,grate,Task B ,1,2,1,0.025873647,0.033,1,344.4125242,0,0,1,3
1,grate,Task B ,1,1,0,0.436086043,0.033,2,4.224799452,0,0,1,4
1,grate,Task B ,1,3,1,0.253044257,0.067,1,358.7003065,0,0,3,2
1,grate,Task B ,1,3,0,-0.246389457,0.067,2,232.1398085,0,0,3,2
1,grate,Task B ,2,1,0,-0.559211557,0.033,1,190.6454123,0,0,1,5
1,grate,Task B ,1,3,0,0.798457955,0.067,2,128.3552934,0,0,3,2
2,grate,Task B ,1,1,1,-0.058334697,0.067,1,201.6914188,0,0,3,4
2,grate,Task B ,2,1,0,0.487481871,0.033,1,137.6704955,0,0,1,5
2,grate,Task B ,2,4,0,-0.027774754,0.135,1,261.1045335,0,0,4,8
2,grate,Task B ,1,3,0,0.13937224,0.067,2,64.78726402,0,0,3,2
2,grate,Task B ,1,2,1,-0.168648484,0.067,1,309.8150732,0,0,3,3
2,grate,Task B ,2,1,0,-0.381165169,0.033,1,27.25463891,0,0,1,5
3,grate,Task B ,2,4,1,-0.046198913,0.135,2,108.242317,0,0,4,8
3,grate,Task B ,1,3,1,0.326792713,0.067,1,215.3041497,0,0,3,2
3,grate,Task B ,2,1,1,1.112976886,0.135,2,181.4202844,0,0,4,5
3,grate,Task B ,1,2,1,-0.162784666,0.05,1,316.7750159,0,0,2,3
3,grate,Task B ,1,3,1,0.019529705,0.135,1,94.25451679,0,0,4,2
3,grate,Task B ,1,4,1,-0.071937927,0.067,1,55.25746995,0,0,3,1
4,grate,Task B ,2,3,0,-0.387213578,0.067,1,226.2468694,0,0,3,7
4,grate,Task B ,1,4,1,0.200613106,0.067,1,4.917426202,0,0,3,1
4,grate,Task B ,2,4,1,0.941079428,0.135,2,31.93009027,0,0,4,8
4,grate,Task B ,1,1,1,0.173999506,0.033,1,270.2185458,0,0,1,4
4,grate,Task B ,1,2,1,-0.314049251,0.05,1,60.08106716,0,0,2,3
4,grate,Task B ,2,4,1,0.835530139,0.135,2,148.3725036,0,0,4,8
5,grate,Task B ,1,4,0,-0.170068941,0.067,2,212.768687,0,0,3,1
5,grate,Task B ,1,1,1,0.280162994,0.033,1,117.0968303,0,0,1,4
5,grate,Task B ,2,4,1,1.861598479,0.135,2,346.1683172,0,0,4,8
5,grate,Task B ,1,4,1,-0.094708052,0.033,1,169.2670439,0,0,1,1
5,grate,Task B ,2,4,1,1.07041685,0.135,2,23.71205245,0,0,4,8
5,grate,Task B ,1,2,1,0.271507017,0.067,1,339.4829817,0,0,3,3
6,grate,Task B ,1,3,1,0.463550097,0.067,1,4.886110546,0,0,3,2
6,grate,Task B ,1,3,1,-0.531350068,0.067,1,199.6448903,0,0,3,2
6,grate,Task B ,2,3,1,1.504274226,0.067,2,84.34029786,0,0,3,7
6,grate,Task B ,1,2,1,0.600098629,0.033,1,137.2758407,0,0,1,3
6,grate,Task B ,2,2,0,-0.51004757,0.135,1,120.3117703,0,0,4,6
6,grate,Task B ,2,3,1,-1.756611405,0.067,2,197.1406538,0,0,3,7
7,grate,Task B ,2,4,0,0.10729417,0.067,1,110.2130503,0,0,3,8
7,grate,Task B ,2,4,1,1.969095227,0.05,2,162.0305598,0,0,2,8
7,grate,Task B ,1,4,0,0.16844915,0.05,2,65.63926368,0,0,2,1
7,grate,Task B ,1,4,0,0.107187641,0.135,2,153.7463325,0,0,4,1
7,grate,Task B ,1,4,0,-0.08337228,0.033,2,118.223505,0,0,1,1
7,grate,Task B ,2,4,0,-0.525428059,0.135,1,230.730742,0,0,4,8
8,grate,Task B ,1,3,1,0.238464616,0.135,1,171.8069462,0,0,4,2
8,grate,Task B ,2,2,1,-0.542952463,0.05,2,155.6486534,0,0,2,6
8,grate,Task B ,2,2,0,0.384281381,0.135,1,238.1068279,0,0,4,6
8,grate,Task B ,1,1,1,0.10340545,0.05,1,42.58257004,0,0,2,4
8,grate,Task B ,2,4,1,2.757137157,0.067,2,60.90516333,0,0,3,8
8,grate,Task B ,2,2,1,-0.1205015,0.05,2,304.3971666,0,0,2,6
9,grate,Task B ,2,4,1,0.847851696,0.135,2,345.5070912,0,0,4,8
9,grate,Task B ,1,4,1,-0.292367806,0.067,1,356.7051875,0,0,3,1
9,grate,Task B ,2,2,1,1.426851725,0.05,2,163.7257109,0,0,2,6
9,grate,Task B ,1,2,0,-0.095374077,0.067,2,118.2319573,0,0,3,3
9,grate,Task B ,1,3,1,-0.245243854,0.067,1,316.4529053,0,0,3,2
9,grate,Task B ,1,4,0,-1.818611713,0.067,2,229.745414,0,0,3,1
10,grate,Task B ,2,2,1,-1.060550233,0.05,2,253.6579591,0,0,2,6
10,grate,Task B ,1,1,0,-1.432884119,0.033,2,342.5207298,0,0,1,4
10,grate,Task B ,1,1,1,-0.337806329,0.033,1,303.0191134,0,0,1,4
10,grate,Task B ,1,2,1,-0.34575683,0.033,1,335.3372358,0,0,1,3
10,grate,Task B ,2,1,1,-0.665048345,0.067,2,70.2293091,0,0,3,5
10,grate,Task B ,1,1,1,-0.33717937,0.135,1,89.30801137,0,0,4,4
1,grate,Task B ,2,1,0,0.15376073,0.135,1,315.7360192,0,0,4,5
1,grate,Task B ,1,3,0,0.610114654,0.135,2,234.1922968,0,0,4,2
1,grate,Task B ,2,4,1,-2.455011517,0.135,2,140.9575986,0,0,4,8
1,grate,Task B ,2,3,1,1.473667418,0.067,2,59.19825057,0,0,3,7
1,grate,Task B ,1,2,1,-0.167983948,0.05,1,159.3669975,0,0,2,3
1,grate,Task B ,1,1,1,-0.27184723,0.05,1,114.4413229,0,0,2,4
2,grate,Task B ,1,1,1,0.636118679,0.05,1,319.230851,0,0,2,4
2,grate,Task B ,2,3,1,0.043965254,0.067,2,350.1316179,0,0,3,7
2,grate,Task B ,1,1,0,1.570710459,0.067,2,356.9743951,0,0,3,4
2,grate,Task B ,1,1,1,0.199817318,0.05,1,310.2248299,0,0,2,4
2,grate,Task B ,1,3,1,0.307224338,0.067,1,115.9242513,0,0,3,2
2,grate,Task B ,1,1,0,0.910464726,0.033,2,172.4596498,0,0,1,4
3,grate,Task B ,1,1,0,0.011027696,0.067,2,32.16423022,0,0,3,4
3,grate,Task B ,1,3,1,-0.011299213,0.135,1,308.2439792,0,0,4,2
3,grate,Task B ,2,1,1,-0.313154238,0.135,2,194.0793369,0,0,4,5
3,grate,Task B ,2,2,0,0.351300528,0.067,1,119.1676851,0,0,3,6
3,grate,Task B ,2,2,1,-0.632559348,0.067,2,52.05845695,0,0,3,6
3,grate,Task B ,2,4,1,-0.739706355,0.135,2,352.1818167,0,0,4,8
4,grate,Task B ,1,1,0,-0.813568225,0.033,2,54.79975771,0,0,1,4
4,grate,Task B ,2,4,1,-0.824441927,0.135,2,108.5289953,0,0,4,8
4,grate,Task B ,2,3,1,-0.85957607,0.05,2,133.0132304,0,0,2,7
4,grate,Task B ,1,3,1,0.260831468,0.05,1,339.8679507,0,0,2,2
4,grate,Task B ,2,4,1,2.816999797,0.135,2,207.0683898,0,0,4,8
4,grate,Task B ,1,3,1,0.265670091,0.067,1,49.49784857,0,0,3,2
5,grate,Task B ,1,4,1,0.640337273,0.067,1,324.6346065,0,0,3,1
5,grate,Task B ,1,4,1,-0.041957724,0.05,1,62.83182737,0,0,2,1
5,grate,Task B ,2,3,0,0.576158958,0.067,1,355.9433286,0,0,3,7
5,grate,Task B ,1,3,0,-0.34225841,0.033,2,71.10615743,0,0,1,2
5,grate,Task B ,1,1,1,0.544807425,0.033,1,310.622568,0,0,1,4
5,grate,Task B ,1,4,0,0.825341016,0.05,2,218.253543,0,0,2,1
6,grate,Task B ,2,3,1,-0.748874917,0.135,2,106.5977482,0,0,4,7
6,grate,Task B ,1,3,0,0.556001617,0.135,2,308.5877294,0,0,4,2
6,grate,Task B ,1,3,1,-0.078715426,0.135,1,67.70285969,0,0,4,2
6,grate,Task B ,2,3,0,0.407285009,0.05,1,350.3080056,0,0,2,7
6,grate,Task B ,2,3,0,-0.50336559,0.033,1,204.7626109,0,0,1,7
6,grate,Task B ,1,3,1,-0.120733182,0.05,1,73.73335821,0,0,2,2
7,grate,Task B ,2,4,0,0.115585553,0.067,1,113.8910583,0,0,3,8
7,grate,Task B ,2,1,1,0.866130488,0.033,2,32.71411023,0,0,1,5
7,grate,Task B ,1,4,1,-0.173254787,0.033,1,246.7135094,0,0,1,1
7,grate,Task B ,1,4,1,0.049092572,0.033,1,52.12362354,0,0,1,1
7,grate,Task B ,2,4,0,-0.37774289,0.067,1,233.6024617,0,0,3,8
7,grate,Task B ,1,4,1,-0.029595099,0.135,1,119.4272254,0,0,4,1
8,grate,Task B ,2,3,0,0.33036172,0.05,1,200.6522404,0,0,2,7
8,grate,Task B ,1,3,1,0.256032065,0.135,1,31.02124547,0,0,4,2
8,grate,Task B ,1,1,0,-1.117409682,0.05,2,185.7091351,0,0,2,4
8,grate,Task B ,2,4,0,-0.198065451,0.067,1,303.490829,0,0,3,8
8,grate,Task B ,2,4,0,0.08061186,0.067,1,316.9236733,0,0,3,8
8,grate,Task B ,2,4,1,-1.026885684,0.135,2,278.7296159,0,0,4,8
9,grate,Task B ,2,4,1,-0.814438341,0.135,2,289.9952073,0,0,4,8
9,grate,Task B ,1,4,1,-0.529693865,0.135,1,247.2648473,0,0,4,1
9,grate,Task B ,2,4,1,-1.452771477,0.135,2,111.382529,0,0,4,8
9,grate,Task B ,1,1,1,-0.129912098,0.033,1,284.547079,0,0,1,4
9,grate,Task B ,2,4,1,1.229492019,0.135,2,249.9330689,0,0,4,8
9,grate,Task B ,1,1,0,1.284171351,0.033,2,178.4253966,0,0,1,4
10,grate,Task B ,1,2,0,-0.495465209,0.067,2,285.3088228,0,0,3,3
10,grate,Task B ,2,2,1,2.039030776,0.067,2,359.379239,0,0,3,6
10,grate,Task B ,2,2,1,-1.578711258,0.067,2,151.8079692,0,0,3,6
10,grate,Task B ,1,1,0,-0.144392953,0.067,2,33.40556589,0,0,3,4
10,grate,Task B ,1,1,1,0.115134535,0.05,1,215.8629446,0,0,2,4
10,grate,Task B ,1,1,0,2.414917789,0.033,2,56.93649701,0,0,1,4
1,grate,Task B ,1,3,1,-0.046087604,0.135,1,8.134577786,0,0,4,2
1,grate,Task B ,1,3,1,-0.399552009,0.067,1,150.9256322,0,0,3,2
1,grate,Task B ,1,2,1,0.207643279,0.135,1,16.90315397,0,0,4,3
1,grate,Task B ,2,2,1,-0.409284895,0.067,2,86.73548944,0,0,3,6
1,grate,Task B ,1,2,0,1.091830523,0.067,2,62.18018974,0,0,3,3
1,grate,Task B ,2,2,1,1.403471309,0.135,2,124.0644672,0,0,4,6
2,grate,Task B ,1,1,0,-0.667689243,0.05,2,64.55417833,0,0,2,4
2,grate,Task B ,2,1,0,-0.167370084,0.05,1,44.2628211,0,0,2,5
2,grate,Task B ,2,2,0,-0.214092145,0.033,1,188.1794349,0,0,1,6
2,grate,Task B ,2,3,0,-0.414817484,0.135,1,146.2588018,0,0,4,7
2,grate,Task B ,1,1,1,-0.00539823,0.033,1,310.6634633,0,0,1,4
2,grate,Task B ,1,3,1,-0.070393398,0.135,1,189.6493311,0,0,4,2
3,grate,Task B ,2,3,0,-0.386180147,0.067,1,82.68064509,0,0,3,7
3,grate,Task B ,2,2,1,-0.807823604,0.067,2,2.765166921,0,0,3,6
3,grate,Task B ,2,1,0,-0.085798597,0.033,1,117.9857422,0,0,1,5
3,grate,Task B ,1,3,1,-0.088076268,0.067,1,55.91213915,0,0,3,2
3,grate,Task B ,2,3,0,0.486369382,0.067,1,135.108223,0,0,3,7
3,grate,Task B ,2,4,1,-3.2444623,0.05,2,202.9583331,0,0,2,8
4,grate,Task B ,1,1,0,0.23549275,0.05,2,8.155714427,0,0,2,4
4,grate,Task B ,2,3,1,-1.379713201,0.033,2,1.913261966,0,0,1,7
4,grate,Task B ,1,3,0,-1.472552203,0.033,2,293.7662822,0,0,1,2
4,grate,Task B ,1,2,1,-0.499519644,0.05,1,251.1959792,0,0,2,3
4,grate,Task B ,1,1,0,-0.388332858,0.033,2,73.05967282,0,0,1,4
4,grate,Task B ,1,3,0,1.261554132,0.05,2,310.0372169,0,0,2,2
5,grate,Task B ,1,2,0,1.047988279,0.05,2,140.6976516,0,0,2,3
5,grate,Task B ,1,3,1,0.331118127,0.135,1,220.8150249,0,0,4,2
5,grate,Task B ,1,4,0,0.534718268,0.067,2,72.57422182,0,0,3,1
5,grate,Task B ,2,4,1,0.411584745,0.033,2,103.8207105,0,0,1,8
5,grate,Task B ,2,4,1,2.001598554,0.033,2,228.4513361,0,0,1,8
5,grate,Task B ,1,3,1,0.150609019,0.05,1,37.78574549,0,0,2,2
6,grate,Task B ,1,2,1,-0.791355063,0.05,1,346.3797133,0,0,2,3
6,grate,Task B ,2,3,1,2.668399236,0.067,2,300.4105809,0,0,3,7
6,grate,Task B ,2,2,1,1.151723677,0.067,2,91.15401725,0,0,3,6
6,grate,Task B ,2,3,1,-0.902256075,0.067,2,82.24646075,0,0,3,7
6,grate,Task B ,2,3,1,1.699111712,0.05,2,174.7746069,0,0,2,7
6,grate,Task B ,2,3,0,-0.583251945,0.135,1,195.5039693,0,0,4,7
7,grate,Task B ,2,1,1,1.538149169,0.033,2,169.1916881,0,0,1,5
7,grate,Task B ,1,4,1,0.238775071,0.135,1,315.8561466,0,0,4,1
7,grate,Task B ,1,4,0,0.397172164,0.033,2,223.8211813,0,0,1,1
7,grate,Task B ,1,4,0,0.14014895,0.033,2,315.5715129,0,0,1,1
7,grate,Task B ,1,4,1,-0.143723465,0.135,1,108.1458854,0,0,4,1
7,grate,Task B ,1,4,0,-0.824976336,0.033,2,156.2305249,0,0,1,1
8,grate,Task B ,1,1,1,0.10900644,0.05,1,91.46881076,0,0,2,4
8,grate,Task B ,2,4,1,-0.900213456,0.135,2,139.8311096,0,0,4,8
8,grate,Task B ,2,4,1,1.386008614,0.135,2,313.7586343,0,0,4,8
8,grate,Task B ,2,4,1,-2.88809335,0.135,2,258.9680235,0,0,4,8
8,grate,Task B ,2,3,0,-0.628817922,0.067,1,246.0308114,0,0,3,7
8,grate,Task B ,2,3,1,-1.561382447,0.067,2,256.2736306,0,0,3,7
9,grate,Task B ,2,2,1,1.978077003,0.067,2,177.4335495,0,0,3,6
9,grate,Task B ,1,4,0,-0.55108659,0.05,2,63.89207373,0,0,2,1
9,grate,Task B ,1,4,1,-0.023743463,0.067,1,118.9245776,0,0,3,1
9,grate,Task B ,2,1,0,-0.036793067,0.05,1,60.18727695,0,0,2,5
9,grate,Task B ,2,1,1,-0.737376204,0.05,2,46.41034682,0,0,2,5
9,grate,Task B ,2,1,1,0.276522572,0.05,2,25.42362155,0,0,2,5
10,grate,Task B ,1,1,0,0.482929084,0.033,2,111.1110152,0,0,1,4
10,grate,Task B ,2,2,1,3.977968335,0.067,2,247.363326,0,0,3,6
10,grate,Task B ,1,1,1,0.207707265,0.135,1,52.67553585,0,0,4,4
10,grate,Task B ,1,2,1,-0.277913831,0.135,1,265.898005,0,0,4,3
10,grate,Task B ,2,1,0,-0.540953474,0.135,1,6.012466187,0,0,4,5
10,grate,Task B ,1,1,0,-0.717984961,0.067,2,30.96043063,0,0,3,4
1,grate,Task B ,1,2,0,-0.622063034,0.067,2,321.5516104,0,0,3,3
1,grate,Task B ,2,2,0,0.307937478,0.033,1,172.0817656,0,0,1,6
1,grate,Task B ,1,4,0,0.532472796,0.135,2,53.0982638,0,0,4,1
1,grate,Task B ,2,2,1,-1.461990421,0.033,2,271.6458516,0,0,1,6
1,grate,Task B ,1,3,1,0.160370657,0.135,1,3.231607758,0,0,4,2
1,grate,Task B ,1,3,1,-0.424795474,0.067,1,61.39639324,0,0,3,2
2,grate,Task B ,2,1,1,-1.088113304,0.05,2,44.17976185,0,0,2,5
2,grate,Task B ,1,3,0,-0.728867231,0.135,2,164.2994129,0,0,4,2
2,grate,Task B ,1,2,1,-0.248653123,0.05,1,328.1063417,0,0,2,3
2,grate,Task B ,1,3,0,0.355010743,0.067,2,214.2759937,0,0,3,2
2,grate,Task B ,2,3,0,0.457182247,0.067,1,242.2263139,0,0,3,7
2,grate,Task B ,1,1,1,0.40849241,0.033,1,79.01707465,0,0,1,4
3,grate,Task B ,1,1,0,-0.237125834,0.033,2,40.91936311,0,0,1,4
3,grate,Task B ,1,4,1,-0.07266136,0.135,1,335.8539235,0,0,4,1
3,grate,Task B ,2,3,0,-0.538031436,0.05,1,62.46917443,0,0,2,7
3,grate,Task B ,1,2,1,-0.365317504,0.067,1,46.21234658,0,0,3,3
3,grate,Task B ,2,3,0,0.283162989,0.05,1,133.0814048,0,0,2,7
3,grate,Task B ,2,4,1,-3.826112458,0.067,2,216.7072607,0,0,3,8
4,grate,Task B ,1,3,1,-0.445090183,0.135,1,52.61502116,0,0,4,2
4,grate,Task B ,1,4,0,0.257612661,0.067,2,182.6730465,0,0,3,1
4,grate,Task B ,1,4,1,-0.306599128,0.135,1,182.1260706,0,0,4,1
4,grate,Task B ,1,1,1,-0.051662897,0.05,1,42.92692954,0,0,2,4
4,grate,Task B ,1,3,1,0.026632734,0.05,1,292.7488466,0,0,2,2
4,grate,Task B ,2,2,0,-0.352562299,0.05,1,261.3924128,0,0,2,6
5,grate,Task B ,2,4,0,-0.273161379,0.033,1,74.26380429,0,0,1,8
5,grate,Task B ,2,4,1,0.714499375,0.067,2,73.02473395,0,0,3,8
5,grate,Task B ,1,1,1,0.43833501,0.067,1,253.4902047,0,0,3,4
5,grate,Task B ,1,1,1,0.173818439,0.033,1,33.88431597,0,0,1,4
5,grate,Task B ,1,1,0,-0.0659868,0.033,2,295.3755427,0,0,1,4
5,grate,Task B ,1,2,0,0.019215895,0.033,2,339.8943238,0,0,1,3
6,grate,Task B ,1,2,0,1.892143176,0.033,2,323.6919802,0,0,1,3
6,grate,Task B ,1,3,0,-0.113740113,0.067,2,5.416914701,0,0,3,2
6,grate,Task B ,1,3,1,0.075692681,0.135,1,337.0705504,0,0,4,2
6,grate,Task B ,1,2,1,-0.122562426,0.135,1,1.443293619,0,0,4,3
6,grate,Task B ,2,3,1,-0.149461292,0.033,2,244.6371203,0,0,1,7
6,grate,Task B ,2,3,0,0.456615192,0.033,1,17.02648831,0,0,1,7
7,grate,Task B ,2,4,1,-1.672184084,0.05,2,206.4566233,0,0,2,8
7,grate,Task B ,1,4,1,0.345831047,0.05,1,80.32318694,0,0,2,1
7,grate,Task B ,1,4,0,-0.373704677,0.067,2,151.2601854,0,0,3,1
7,grate,Task B ,1,4,1,0.138846004,0.033,1,49.74736315,0,0,1,1
7,grate,Task B ,1,4,1,-0.293323238,0.05,1,16.16516956,0,0,2,1
7,grate,Task B ,1,4,0,-1.840666034,0.033,2,321.9786396,0,0,1,1
8,grate,Task B ,2,4,1,0.504324533,0.067,2,23.96629623,0,0,3,8
8,grate,Task B ,2,4,0,-0.835021332,0.135,1,165.0494163,0,0,4,8
8,grate,Task B ,1,3,1,-0.231886915,0.067,1,246.7601411,0,0,3,2
8,grate,Task B ,1,2,0,-0.327693146,0.135,2,237.4396078,0,0,4,3
8,grate,Task B ,1,4,0,0.079196956,0.067,2,145.2807578,0,0,3,1
8,grate,Task B ,2,2,1,-0.785609995,0.067,2,250.7761909,0,0,3,6
9,grate,Task B ,2,2,1,-0.122845946,0.067,2,9.380883775,0,0,3,6
9,grate,Task B ,1,4,1,0.076533018,0.033,1,327.8391194,0,0,1,1
9,grate,Task B ,1,2,0,1.323840338,0.05,2,211.5074036,0,0,2,3
9,grate,Task B ,1,2,0,0.050322066,0.05,2,96.53856251,0,0,2,3
9,grate,Task B ,2,1,0,-0.210610997,0.05,1,55.43500156,0,0,2,5
9,grate,Task B ,1,1,1,-0.570354016,0.05,1,85.45231174,0,0,2,4
10,grate,Task B ,2,3,0,-0.159070513,0.135,1,262.7308789,0,0,4,7
10,grate,Task B ,1,1,1,0.259639622,0.05,1,215.6130015,0,0,2,4
10,grate,Task B ,1,1,1,0.230443592,0.05,1,186.5581051,0,0,2,4
10,grate,Task B ,1,2,0,1.813174206,0.067,2,272.8068074,0,0,3,3
10,grate,Task B ,1,2,1,-0.356541036,0.067,1,5.747853608,0,0,3,3
10,grate,Task B ,1,1,1,0.022880053,0.033,1,202.4327646,0,0,1,4
1,grate,Task B ,2,1,0,-0.924443388,0.033,1,175.6848983,0,0,1,5
1,grate,Task B ,1,2,1,0.06669298,0.033,1,78.13460671,0,0,1,3
1,grate,Task B ,2,2,1,-1.810587037,0.033,2,98.1376102,0,0,1,6
1,grate,Task B ,1,1,0,0.321552183,0.033,2,214.2947085,0,0,1,4
1,grate,Task B ,1,2,1,0.087297394,0.05,1,178.5365898,0,0,2,3
1,grate,Task B ,1,1,0,-1.136758622,0.05,2,242.1671662,0,0,2,4
2,grate,Task B ,1,1,0,-1.195593333,0.067,2,251.484019,0,0,3,4
2,grate,Task B ,1,1,1,0.027022722,0.067,1,85.17021855,0,0,3,4
2,grate,Task B ,2,1,1,-0.519053218,0.033,2,147.650873,0,0,1,5
2,grate,Task B ,1,3,1,-0.551086873,0.135,1,224.2815414,0,0,4,2
2,grate,Task B ,1,1,1,0.053002824,0.033,1,207.4792703,0,0,1,4
2,grate,Task B ,2,1,1,0.654014176,0.033,2,149.8757777,0,0,1,5
3,grate,Task B ,1,2,1,0.21252013,0.05,1,156.3858352,0,0,2,3
3,grate,Task B ,1,4,1,0.071890678,0.067,1,354.400324,0,0,3,1
3,grate,Task B ,1,1,1,0.706120404,0.033,1,285.9594051,0,0,1,4
3,grate,Task B ,2,1,1,-0.338085052,0.05,2,215.1809456,0,0,2,5
3,grate,Task B ,1,3,1,0.277810509,0.067,1,341.5402531,0,0,3,2
3,grate,Task B ,2,2,0,0.258226191,0.067,1,184.5634074,0,0,3,6
4,grate,Task B ,1,2,1,-0.000443686,0.033,1,161.3778006,0,0,1,3
4,grate,Task B ,2,4,1,-2.445794304,0.135,2,264.51301,0,0,4,8
4,grate,Task B ,2,3,1,0.663911418,0.05,2,341.6064006,0,0,2,7
4,grate,Task B ,1,2,1,0.052731582,0.067,1,61.71813221,0,0,3,3
4,grate,Task B ,1,1,0,-0.023853162,0.033,2,288.0613346,0,0,1,4
4,grate,Task B ,1,4,1,-0.161172804,0.135,1,79.90932633,0,0,4,1
5,grate,Task B ,1,3,1,-0.194675416,0.033,1,77.71928448,0,0,1,2
5,grate,Task B ,1,3,0,1.577048935,0.05,2,222.8579085,0,0,2,2
5,grate,Task B ,1,2,0,-0.434401702,0.05,2,260.490548,0,0,2,3
5,grate,Task B ,1,4,1,0.296676159,0.033,1,223.8632679,0,0,1,1
5,grate,Task B ,2,4,1,-0.005671239,0.05,2,219.4428941,0,0,2,8
5,grate,Task B ,2,4,0,-0.159488536,0.033,1,210.6855131,0,0,1,8
6,grate,Task B ,1,3,1,0.080204373,0.05,1,210.8044541,0,0,2,2
6,grate,Task B ,1,2,0,0.884611077,0.135,2,228.0752052,0,0,4,3
6,grate,Task B ,2,3,1,0.956331625,0.067,2,100.8074988,0,0,3,7
6,grate,Task B ,1,2,1,0.034663362,0.05,1,85.69212614,0,0,2,3
6,grate,Task B ,1,3,0,0.345215886,0.05,2,194.1019177,0,0,2,2
6,grate,Task B ,2,2,0,-0.392887448,0.033,1,7.470823223,0,0,1,6
7,grate,Task B ,1,4,1,-0.202658881,0.033,1,336.0891692,0,0,1,1
7,grate,Task B ,2,4,1,-3.258135941,0.135,2,44.70636432,0,0,4,8
7,grate,Task B ,1,4,0,-1.092858983,0.033,2,217.8991682,0,0,1,1
7,grate,Task B ,1,4,0,0.36928605,0.033,2,41.22970641,0,0,1,1
7,grate,Task B ,1,4,1,-0.321366798,0.067,1,313.7231659,0,0,3,1
7,grate,Task B ,1,4,0,0.89936867,0.05,2,19.99771914,0,0,2,1
8,grate,Task B ,2,2,0,0.200051876,0.033,1,183.0343298,0,0,1,6
8,grate,Task B ,1,2,1,0.538971132,0.067,1,230.7116489,0,0,3,3
8,grate,Task B ,1,1,1,0.321169871,0.135,1,327.3039003,0,0,4,4
8,grate,Task B ,1,2,1,0.491681365,0.05,1,299.6566708,0,0,2,3
8,grate,Task B ,2,2,0,-0.073468778,0.05,1,143.6206587,0,0,2,6
8,grate,Task B ,2,4,0,-0.01686654,0.067,1,51.86728613,0,0,3,8
9,grate,Task B ,1,3,0,0.021311518,0.033,2,42.32751832,0,0,1,2
9,grate,Task B ,1,4,1,0.415847519,0.135,1,282.3673978,0,0,4,1
9,grate,Task B ,2,1,1,-1.805120378,0.05,2,155.314909,0,0,2,5
9,grate,Task B ,2,1,1,2.77726524,0.067,2,50.56574278,0,0,3,5
9,grate,Task B ,1,4,0,-0.26609558,0.05,2,239.4218195,0,0,2,1
9,grate,Task B ,2,1,1,0.809855201,0.05,2,192.1382501,0,0,2,5
10,grate,Task B ,1,1,0,0.934992542,0.033,2,236.0782977,0,0,1,4
10,grate,Task B ,1,1,0,-1.507848775,0.033,2,68.41277598,0,0,1,4
10,grate,Task B ,1,1,1,-0.079459307,0.067,1,89.85063182,0,0,3,4
10,grate,Task B ,1,1,0,-0.530719123,0.135,2,277.2577828,0,0,4,4
10,grate,Task B ,1,1,1,0.3845099,0.05,1,233.2111412,0,0,2,4
10,grate,Task B ,1,1,1,0.110456549,0.033,1,119.6383329,0,0,1,4
1,grate,Task B ,1,3,0,1.690847376,0.05,2,137.8843822,0,0,2,2
1,grate,Task B ,1,2,0,0.395367066,0.033,2,324.457289,0,0,1,3
1,grate,Task B ,1,3,1,0.139294138,0.135,1,52.62363009,0,0,4,2
1,grate,Task B ,1,3,0,0.508072168,0.05,2,280.8309399,0,0,2,2
1,grate,Task B ,2,4,1,2.7057969,0.135,2,236.8072416,0,0,4,8
1,grate,Task B ,1,2,1,0.124682713,0.05,1,79.65123229,0,0,2,3
2,grate,Task B ,1,1,1,0.330438303,0.033,1,74.05219148,0,0,1,4
2,grate,Task B ,1,1,0,1.179563834,0.05,2,248.3373989,0,0,2,4
2,grate,Task B ,2,2,1,1.077579006,0.135,2,79.57665941,0,0,4,6
2,grate,Task B ,1,1,0,-1.477087914,0.033,2,103.0219471,0,0,1,4
2,grate,Task B ,2,2,1,1.961764869,0.067,2,213.1531181,0,0,3,6
2,grate,Task B ,1,3,1,-0.446047359,0.067,1,310.2233488,0,0,3,2
3,grate,Task B ,2,4,1,2.874676317,0.033,2,101.2516619,0,0,1,8
3,grate,Task B ,1,3,1,-0.106027639,0.067,1,219.3847114,0,0,3,2
3,grate,Task B ,2,3,0,0.66332482,0.135,1,327.0671116,0,0,4,7
3,grate,Task B ,1,3,1,-0.144641417,0.05,1,257.6510661,0,0,2,2
3,grate,Task B ,2,4,1,-1.391035219,0.067,2,271.0534244,0,0,3,8
3,grate,Task B ,2,4,1,-0.779143627,0.135,2,149.6093284,0,0,4,8
4,grate,Task B ,1,1,1,0.512385244,0.05,1,68.07669808,0,0,2,4
4,grate,Task B ,2,2,1,0.137209585,0.067,2,230.7023035,0,0,3,6
4,grate,Task B ,2,4,1,-1.094185052,0.067,2,57.45307953,0,0,3,8
4,grate,Task B ,1,1,0,-0.924561573,0.05,2,353.8306932,0,0,2,4
4,grate,Task B ,2,4,1,-0.96026371,0.135,2,325.7738858,0,0,4,8
4,grate,Task B ,1,1,0,0.812024427,0.033,2,56.05895434,0,0,1,4
5,grate,Task B ,1,3,1,-0.121236637,0.05,1,358.9771231,0,0,2,2
5,grate,Task B ,2,4,1,0.145650168,0.033,2,227.4652745,0,0,1,8
5,grate,Task B ,1,3,0,1.614862873,0.033,2,122.9696667,0,0,1,2
5,grate,Task B ,1,4,1,-0.077490034,0.135,1,187.5974886,0,0,4,1
5,grate,Task B ,2,4,1,-0.575625108,0.135,2,245.9246041,0,0,4,8
5,grate,Task B ,1,3,0,1.742950234,0.033,2,126.5113027,0,0,1,2
6,grate,Task B ,1,2,0,-1.81986638,0.05,2,349.7065769,0,0,2,3
6,grate,Task B ,1,2,0,-1.441245094,0.033,2,192.6239206,0,0,1,3
6,grate,Task B ,2,3,1,0.188181114,0.05,2,70.39800448,0,0,2,7
6,grate,Task B ,2,3,1,-1.279457939,0.05,2,58.69658214,0,0,2,7
6,grate,Task B ,1,2,1,-0.003661182,0.05,1,345.1242018,0,0,2,3
6,grate,Task B ,2,3,1,0.020152285,0.067,2,27.78510636,0,0,3,7
7,grate,Task B ,1,1,1,-0.584864589,0.033,1,113.5962632,0,0,1,4
7,grate,Task B ,1,4,0,-0.012297408,0.033,2,241.8231168,0,0,1,1
7,grate,Task B ,2,4,1,2.514195825,0.05,2,114.4906437,0,0,2,8
7,grate,Task B ,1,4,1,-0.233388569,0.135,1,234.874758,0,0,4,1
7,grate,Task B ,1,4,0,-0.776459123,0.067,2,146.6835243,0,0,3,1
7,grate,Task B ,2,4,1,-0.541960491,0.135,2,151.3294582,0,0,4,8
8,grate,Task B ,1,2,1,-0.010248362,0.135,1,33.49189827,0,0,4,3
8,grate,Task B ,2,3,0,-0.338072423,0.135,1,198.4305132,0,0,4,7
8,grate,Task B ,2,3,0,0.247043168,0.135,1,212.2645032,0,0,4,7
8,grate,Task B ,1,1,1,-0.306765658,0.033,1,307.406374,0,0,1,4
8,grate,Task B ,1,3,1,0.193979123,0.135,1,286.4208394,0,0,4,2
8,grate,Task B ,2,4,1,0.920095714,0.135,2,345.9495207,0,0,4,8
9,grate,Task B ,2,2,1,-2.061460283,0.135,2,330.7784145,0,0,4,6
9,grate,Task B ,1,4,1,0.129522355,0.067,1,55.30484951,0,0,3,1
9,grate,Task B ,2,1,0,-0.954975083,0.033,1,242.8476005,0,0,1,5
9,grate,Task B ,1,3,0,1.366074566,0.05,2,193.7975028,0,0,2,2
9,grate,Task B ,1,3,0,0.42585688,0.135,2,274.5788049,0,0,4,2
9,grate,Task B ,1,1,0,-2.306671104,0.033,2,95.00884158,0,0,1,4
10,grate,Task B ,2,3,1,-1.034726948,0.135,2,43.60444642,0,0,4,7
10,grate,Task B ,2,2,1,-1.620727729,0.067,2,22.76813367,0,0,3,6
10,grate,Task B ,1,1,1,-0.334303867,0.033,1,288.3182221,0,0,1,4
10,grate,Task B ,1,2,0,-1.784391516,0.05,2,137.9312292,0,0,2,3
10,grate,Task B ,1,1,1,-0.374801148,0.033,1,227.1475012,0,0,1,4
10,grate,Task B ,1,1,0,0.512519989,0.05,2,287.123229,0,0,2,4
1,grate,Task B ,2,3,1,-2.374619142,0.05,2,17.28479367,0,0,2,7
1,grate,Task B ,1,2,1,0.182282369,0.033,1,13.05092983,0,0,1,3
1,grate,Task B ,1,2,1,-0.170968283,0.033,1,83.1988057,0,0,1,3
1,grate,Task B ,2,1,0,-0.162797342,0.033,1,350.8594712,0,0,1,5
1,grate,Task B ,1,3,0,0.908378429,0.05,2,201.7534676,0,0,2,2
1,grate,Task B ,1,2,0,0.427510211,0.067,2,54.0007618,0,0,3,3
2,grate,Task B ,1,2,1,-0.45805795,0.067,1,282.00165,0,0,3,3
2,grate,Task B ,2,1,0,-0.448966958,0.05,1,40.56967951,0,0,2,5
2,grate,Task B ,1,3,1,0.426555317,0.135,1,94.22266291,0,0,4,2
2,grate,Task B ,1,4,1,-0.241668304,0.067,1,165.3389333,0,0,3,1
2,grate,Task B ,1,1,0,-0.978562454,0.05,2,83.71597559,0,0,2,4
2,grate,Task B ,1,1,1,0.188333269,0.05,1,61.25259712,0,0,2,4
3,grate,Task B ,1,1,0,1.020968664,0.05,2,105.1623698,0,0,2,4
3,grate,Task B ,1,1,1,-0.655337794,0.135,1,293.988532,0,0,4,4
3,grate,Task B ,1,1,1,-0.335992611,0.033,1,337.1507196,0,0,1,4
3,grate,Task B ,2,3,1,-1.697224017,0.05,2,230.2909397,0,0,2,7
3,grate,Task B ,2,3,1,-1.435914327,0.05,2,254.2717185,0,0,2,7
3,grate,Task B ,1,4,1,-0.190792455,0.135,1,234.1459572,0,0,4,1
4,grate,Task B ,1,3,1,-0.182274937,0.135,1,311.5682728,0,0,4,2
4,grate,Task B ,1,2,0,3.184894443,0.033,2,286.5307567,0,0,1,3
4,grate,Task B ,2,4,1,3.016614999,0.135,2,158.1752824,0,0,4,8
4,grate,Task B ,1,1,0,0.748526948,0.05,2,241.5810506,0,0,2,4
4,grate,Task B ,2,2,0,-0.202283461,0.05,1,207.8461003,0,0,2,6
4,grate,Task B ,1,1,0,1.368651833,0.033,2,253.5046004,0,0,1,4
5,grate,Task B ,1,3,1,-0.472592867,0.135,1,277.659986,0,0,4,2
5,grate,Task B ,1,4,1,0.289829939,0.067,1,212.3232667,0,0,3,1
5,grate,Task B ,1,1,0,-2.501656695,0.033,2,222.2859829,0,0,1,4
5,grate,Task B ,1,4,1,0.135497728,0.135,1,225.7554545,0,0,4,1
5,grate,Task B ,1,4,1,-0.124201779,0.067,1,161.351547,0,0,3,1
5,grate,Task B ,1,4,1,0.144685335,0.135,1,76.73941415,0,0,4,1
6,grate,Task B ,2,3,1,3.378146001,0.067,2,175.8383914,0,0,3,7
6,grate,Task B ,1,3,1,-0.792432013,0.033,1,345.0420131,0,0,1,2
6,grate,Task B ,1,3,1,0.089978319,0.05,1,185.944476,0,0,2,2
6,grate,Task B ,2,3,0,0.275623839,0.067,1,290.1737603,0,0,3,7
6,grate,Task B ,1,3,1,0.288112024,0.135,1,223.7561705,0,0,4,2
6,grate,Task B ,1,1,0,0.059337255,0.05,2,189.359763,0,0,2,4
7,grate,Task B ,2,4,0,-0.15423368,0.05,1,201.0843249,0,0,2,8
7,grate,Task B ,2,1,0,0.386850044,0.05,1,321.0499588,0,0,2,5
7,grate,Task B ,2,4,1,-1.030340307,0.033,2,20.16127311,0,0,1,8
7,grate,Task B ,1,4,0,1.712512738,0.033,2,68.73087379,0,0,1,1
7,grate,Task B ,1,4,0,1.71127644,0.067,2,258.5030023,0,0,3,1
7,grate,Task B ,1,4,0,-1.822644133,0.033,2,56.75056003,0,0,1,1
8,grate,Task B ,1,1,0,0.802139995,0.033,2,323.0987012,0,0,1,4
8,grate,Task B ,2,4,0,-0.110838104,0.067,1,321.5563958,0,0,3,8
8,grate,Task B ,1,1,0,0.646168264,0.033,2,276.9878049,0,0,1,4
8,grate,Task B ,1,2,1,-0.097744114,0.067,1,344.262204,0,0,3,3
8,grate,Task B ,2,4,0,-0.901857196,0.135,1,139.804331,0,0,4,8
8,grate,Task B ,1,4,0,-0.178896532,0.135,2,22.47880351,0,0,4,1
9,grate,Task B ,2,1,0,0.505867811,0.05,1,136.1253212,0,0,2,5
9,grate,Task B ,1,4,1,0.053273338,0.05,1,64.49771694,0,0,2,1
9,grate,Task B ,1,1,0,-0.826680997,0.033,2,21.03039245,0,0,1,4
9,grate,Task B ,1,1,0,0.825554575,0.033,2,150.0291783,0,0,1,4
9,grate,Task B ,2,1,0,-0.350625401,0.05,1,269.320098,0,0,2,5
9,grate,Task B ,2,1,1,-0.44918526,0.033,2,7.28473609,0,0,1,5
10,grate,Task B ,1,1,1,0.318781257,0.033,1,262.7400455,0,0,1,4
10,grate,Task B ,1,1,1,-0.207970707,0.067,1,260.0765103,0,0,3,4
10,grate,Task B ,1,1,0,-2.807439699,0.033,2,15.83238812,0,0,1,4
10,grate,Task B ,1,2,1,-0.397184959,0.067,1,239.7332572,0,0,3,3
10,grate,Task B ,1,2,1,0.019143517,0.05,1,349.3997041,0,0,2,3
10,grate,Task B ,1,1,1,0.408749425,0.033,1,358.6222395,0,0,1,4
1,grate,Task B ,1,3,1,-0.182291997,0.067,1,146.2059382,0,0,3,2
1,grate,Task B ,1,2,1,-0.410755842,0.05,1,323.254904,0,0,2,3
1,grate,Task B ,1,2,1,0.274350449,0.135,1,247.5348213,0,0,4,3
1,grate,Task B ,2,1,0,-0.169925066,0.033,1,45.87217392,0,0,1,5
1,grate,Task B ,1,2,0,-0.428540647,0.135,2,50.92801071,0,0,4,3
1,grate,Task B ,1,3,0,-0.089841983,0.135,2,23.32195956,0,0,4,2
2,grate,Task B ,2,1,1,-1.519013743,0.067,2,32.35691136,0,0,3,5
2,grate,Task B ,2,3,0,-0.356786596,0.033,1,28.49453408,0,0,1,7
2,grate,Task B ,1,1,0,1.010823407,0.033,2,148.8733332,0,0,1,4
2,grate,Task B ,1,3,1,0.389956927,0.067,1,308.6806073,0,0,3,2
2,grate,Task B ,2,4,1,-1.255684781,0.135,2,45.89394645,0,0,4,8
2,grate,Task B ,1,3,1,0.047770444,0.135,1,82.73894247,0,0,4,2
3,grate,Task B ,1,4,0,-1.045023707,0.135,2,282.029465,0,0,4,1
3,grate,Task B ,1,1,0,-1.10709654,0.135,2,279.0424806,0,0,4,4
3,grate,Task B ,2,1,0,-0.528555782,0.05,1,168.1522908,0,0,2,5
3,grate,Task B ,2,1,0,0.137103512,0.033,1,284.3448636,0,0,1,5
3,grate,Task B ,1,1,1,0.55329002,0.033,1,80.39466881,0,0,1,4
3,grate,Task B ,2,4,0,-0.525135701,0.135,1,336.9063814,0,0,4,8
4,grate,Task B ,2,4,1,1.916333582,0.135,2,343.5430131,0,0,4,8
4,grate,Task B ,2,4,1,0.505594725,0.067,2,211.3943095,0,0,3,8
4,grate,Task B ,1,1,1,-0.747125939,0.033,1,262.0362161,0,0,1,4
4,grate,Task B ,1,3,1,0.356507834,0.067,1,317.1094123,0,0,3,2
4,grate,Task B ,1,1,0,-1.958683471,0.05,2,39.56287728,0,0,2,4
4,grate,Task B ,1,3,0,-0.075675223,0.067,2,39.93163788,0,0,3,2
5,grate,Task B ,1,3,1,-0.273458066,0.067,1,42.22953088,0,0,3,2
5,grate,Task B ,1,4,0,0.18704856,0.05,2,8.720238261,0,0,2,1
5,grate,Task B ,2,4,1,0.92639199,0.135,2,48.78827305,0,0,4,8
5,grate,Task B ,1,4,1,0.081949703,0.067,1,288.2828096,0,0,3,1
5,grate,Task B ,1,3,1,-0.44952333,0.033,1,65.29133005,0,0,1,2
5,grate,Task B ,2,4,0,0.428508039,0.135,1,259.5150238,0,0,4,8
6,grate,Task B ,1,3,0,0.356473761,0.033,2,26.59983569,0,0,1,2
6,grate,Task B ,1,3,1,-0.135909162,0.135,1,43.75674845,0,0,4,2
6,grate,Task B ,1,1,0,1.427334113,0.033,2,135.375535,0,0,1,4
6,grate,Task B ,2,3,1,-0.071701083,0.033,2,58.31966405,0,0,1,7
6,grate,Task B ,1,3,0,2.329140503,0.033,2,236.1121738,0,0,1,2
6,grate,Task B ,1,3,0,1.541507309,0.05,2,35.73219456,0,0,2,2
7,grate,Task B ,2,4,1,-2.381642339,0.05,2,105.648292,0,0,2,8
7,grate,Task B ,1,4,0,-0.11766919,0.067,2,248.755486,0,0,3,1
7,grate,Task B ,2,4,1,1.203135662,0.135,2,46.88313224,0,0,4,8
7,grate,Task B ,1,4,1,-0.246013473,0.067,1,98.85087672,0,0,3,1
7,grate,Task B ,1,4,1,0.196892069,0.033,1,146.8669115,0,0,1,1
7,grate,Task B ,2,4,1,-1.525399233,0.135,2,21.44169299,0,0,4,8
8,grate,Task B ,2,1,1,2.529554935,0.033,2,281.9153353,0,0,1,5
8,grate,Task B ,2,1,1,0.234743473,0.033,2,236.5797222,0,0,1,5
8,grate,Task B ,1,1,1,-0.032546362,0.067,1,284.2233731,0,0,3,4
8,grate,Task B ,1,2,0,-0.654385113,0.033,2,165.4415844,0,0,1,3
8,grate,Task B ,1,2,0,0.736830891,0.05,2,128.5691745,0,0,2,3
8,grate,Task B ,1,1,1,-0.223485544,0.033,1,3.138856411,0,0,1,4
9,grate,Task B ,1,2,0,1.092856507,0.067,2,295.9396326,0,0,3,3
9,grate,Task B ,2,1,1,3.595321385,0.033,2,42.8691616,0,0,1,5
9,grate,Task B ,1,2,0,0.677986856,0.067,2,76.70422857,0,0,3,3
9,grate,Task B ,1,1,0,-0.074879976,0.05,2,108.010057,0,0,2,4
9,grate,Task B ,1,4,0,-2.028295387,0.033,2,143.3511267,0,0,1,1
9,grate,Task B ,1,4,0,0.83521503,0.135,2,274.6980081,0,0,4,1
10,grate,Task B ,1,1,1,0.244423038,0.033,1,315.3336845,0,0,1,4
10,grate,Task B ,2,3,1,-1.976491662,0.135,2,97.76726594,0,0,4,7
10,grate,Task B ,1,2,1,0.577664769,0.067,1,243.0541136,0,0,3,3
10,grate,Task B ,1,2,0,1.14070275,0.067,2,261.8094912,0,0,3,3
10,grate,Task B ,1,1,1,0.446878026,0.05,1,149.5116013,0,0,2,4
10,grate,Task B ,1,1,1,0.669582581,0.05,1,342.795358,0,0,2,4
1,grate,Task B ,1,2,1,0.032778315,0.033,1,253.3521329,0,0,1,3
1,grate,Task B ,2,2,0,0.0381019,0.033,1,41.61247434,0,0,1,6
1,grate,Task B ,1,3,0,-0.343474441,0.067,2,106.0209781,0,0,3,2
1,grate,Task B ,1,3,0,0.354077336,0.067,2,250.256066,0,0,3,2
1,grate,Task B ,2,1,0,-0.422764625,0.05,1,205.7824837,0,0,2,5
1,grate,Task B ,2,3,0,-0.185204094,0.033,1,90.89647712,0,0,1,7
2,grate,Task B ,1,1,0,-1.672246555,0.135,2,99.37697489,0,0,4,4
2,grate,Task B ,2,4,1,2.35556193,0.135,2,145.026309,0,0,4,8
2,grate,Task B ,2,2,0,0.076017742,0.033,1,344.5871483,0,0,1,6
2,grate,Task B ,1,1,1,-0.388873336,0.05,1,316.5443919,0,0,2,4
2,grate,Task B ,2,2,1,0.136092736,0.033,2,297.7318237,0,0,1,6
2,grate,Task B ,1,4,0,-0.931841559,0.05,2,226.9226599,0,0,2,1
3,grate,Task B ,2,2,1,-0.874331433,0.067,2,158.2265633,0,0,3,6
3,grate,Task B ,1,3,1,0.194947209,0.067,1,315.9718868,0,0,3,2
3,grate,Task B ,1,1,1,-0.446509228,0.033,1,132.0868212,0,0,1,4
3,grate,Task B ,2,2,1,-0.172240731,0.135,2,255.103535,0,0,4,6
3,grate,Task B ,1,2,1,-0.177982102,0.135,1,179.8653459,0,0,4,3
3,grate,Task B ,1,1,1,0.232737962,0.033,1,231.1795992,0,0,1,4
4,grate,Task B ,1,1,1,-0.127017295,0.05,1,48.26039069,0,0,2,4
4,grate,Task B ,1,3,1,-0.208513111,0.135,1,182.2492493,0,0,4,2
4,grate,Task B ,1,2,0,1.205261864,0.033,2,69.05466958,0,0,1,3
4,grate,Task B ,1,1,1,-0.14540482,0.05,1,313.2038133,0,0,2,4
4,grate,Task B ,2,2,0,-0.445840677,0.067,1,278.3497123,0,0,3,6
4,grate,Task B ,2,4,1,1.605587264,0.135,2,166.8962251,0,0,4,8
5,grate,Task B ,2,4,1,-2.201228614,0.033,2,139.5336957,0,0,1,8
5,grate,Task B ,2,4,1,1.728242859,0.135,2,19.50943431,0,0,4,8
5,grate,Task B ,1,3,1,0.133223824,0.135,1,248.4062822,0,0,4,2
5,grate,Task B ,2,2,0,0.453506444,0.067,1,119.3954097,0,0,3,6
5,grate,Task B ,1,4,0,-0.871896311,0.033,2,233.1002695,0,0,1,1
5,grate,Task B ,1,4,1,0.136873007,0.135,1,346.6303285,0,0,4,1
6,grate,Task B ,2,3,1,-1.8385374,0.135,2,351.7991933,0,0,4,7
6,grate,Task B ,1,3,1,0.025178595,0.05,1,80.71254434,0,0,2,2
6,grate,Task B ,1,2,1,-0.13081233,0.067,1,54.60341897,0,0,3,3
6,grate,Task B ,2,3,0,-0.331091153,0.135,1,31.96371064,0,0,4,7
6,grate,Task B ,2,3,1,3.405613867,0.067,2,2.628089386,0,0,3,7
6,grate,Task B ,1,3,1,-0.043336329,0.05,1,196.9318905,0,0,2,2
7,grate,Task B ,1,1,0,-1.414651819,0.05,2,143.4854772,0,0,2,4
7,grate,Task B ,2,4,1,-1.679823573,0.05,2,228.040749,0,0,2,8
7,grate,Task B ,1,4,1,-0.257893738,0.05,1,261.4192015,0,0,2,1
7,grate,Task B ,1,4,1,0.186716049,0.067,1,192.4319428,0,0,3,1
7,grate,Task B ,2,4,1,-1.36686369,0.135,2,12.59704454,0,0,4,8
7,grate,Task B ,1,4,0,1.375476384,0.033,2,258.6853904,0,0,1,1
8,grate,Task B ,2,4,1,2.39341299,0.067,2,256.3673725,0,0,3,8
8,grate,Task B ,1,1,0,-0.886070086,0.033,2,100.4637678,0,0,1,4
8,grate,Task B ,1,2,0,-0.201590105,0.05,2,204.8830863,0,0,2,3
8,grate,Task B ,2,2,1,-1.82052678,0.05,2,225.6298127,0,0,2,6
8,grate,Task B ,2,4,1,-0.825499251,0.135,2,64.05164909,0,0,4,8
8,grate,Task B ,1,1,0,0.266413382,0.033,2,147.4831053,0,0,1,4
9,grate,Task B ,1,3,0,-0.035566972,0.067,2,289.7141837,0,0,3,2
9,grate,Task B ,1,4,1,0.059436274,0.067,1,94.77666667,0,0,3,1
9,grate,Task B ,2,1,1,-3.572137309,0.033,2,180.5714468,0,0,1,5
9,grate,Task B ,1,2,0,1.290740682,0.033,2,122.4676442,0,0,1,3
9,grate,Task B ,1,4,1,0.050172218,0.067,1,22.76518887,0,0,3,1
9,grate,Task B ,1,1,0,1.889992186,0.067,2,136.371786,0,0,3,4
10,grate,Task B ,1,3,1,-0.044732508,0.135,1,252.4390245,0,0,4,2
10,grate,Task B ,1,1,0,-0.219636021,0.033,2,292.2347082,0,0,1,4
10,grate,Task B ,1,1,0,0.611501892,0.135,2,322.0827994,0,0,4,4
10,grate,Task B ,1,2,1,0.911575652,0.05,1,112.1658565,0,0,2,3
10,grate,Task B ,1,1,0,-0.059648228,0.135,2,185.8323641,0,0,4,4
10,grate,Task B ,1,1,0,0.571229941,0.033,2,229.8902282,0,0,1,4
1,grate,Task B ,1,3,0,0.109669363,0.135,2,260.353095,0,0,4,2
1,grate,Task B ,1,1,0,-1.659480171,0.05,2,200.9933004,0,0,2,4
1,grate,Task B ,1,3,0,-0.170608233,0.067,2,234.8200216,0,0,3,2
1,grate,Task B ,2,1,0,-0.892515362,0.033,1,51.60508874,0,0,1,5
1,grate,Task B ,1,2,0,2.064945122,0.05,2,186.5478506,0,0,2,3
1,grate,Task B ,2,1,1,1.067899051,0.067,2,201.8441599,0,0,3,5
2,grate,Task B ,1,1,1,0.564659864,0.033,1,159.4801072,0,0,1,4
2,grate,Task B ,2,2,1,-0.268419254,0.033,2,349.8984404,0,0,1,6
2,grate,Task B ,1,2,1,-0.011083892,0.067,1,76.90074945,0,0,3,3
2,grate,Task B ,1,3,0,-1.060105154,0.033,2,115.4754154,0,0,1,2
2,grate,Task B ,1,1,1,-0.001256381,0.033,1,268.2074145,0,0,1,4
2,grate,Task B ,2,3,0,-0.311622277,0.033,1,204.8972675,0,0,1,7
3,grate,Task B ,1,1,1,0.280497152,0.05,1,166.4756989,0,0,2,4
3,grate,Task B ,1,4,1,0.428379833,0.135,1,357.3529437,0,0,4,1
3,grate,Task B ,1,4,1,-0.477339393,0.05,1,321.7456021,0,0,2,1
3,grate,Task B ,2,1,1,-1.532493881,0.05,2,195.8929222,0,0,2,5
3,grate,Task B ,2,4,1,1.874902531,0.067,2,325.6085287,0,0,3,8
3,grate,Task B ,2,2,0,-0.376367223,0.135,1,196.8860618,0,0,4,6
4,grate,Task B ,2,4,1,-1.216550201,0.067,2,96.89631176,0,0,3,8
4,grate,Task B ,1,4,1,-0.241293312,0.067,1,205.3767747,0,0,3,1
4,grate,Task B ,1,4,1,0.180127564,0.067,1,76.63273851,0,0,3,1
4,grate,Task B ,1,1,0,0.661820336,0.033,2,25.50854526,0,0,1,4
4,grate,Task B ,2,4,0,0.296890665,0.135,1,129.9069831,0,0,4,8
4,grate,Task B ,1,1,1,-0.269235345,0.05,1,42.38793897,0,0,2,4
5,grate,Task B ,1,1,1,0.0356331,0.033,1,110.8240136,0,0,1,4
5,grate,Task B ,2,1,0,0.349602659,0.135,1,333.2555752,0,0,4,5
5,grate,Task B ,1,4,1,0.242630323,0.135,1,45.49384871,0,0,4,1
5,grate,Task B ,2,4,1,0.728716072,0.135,2,272.5087496,0,0,4,8
5,grate,Task B ,1,1,1,-0.691494779,0.033,1,218.0448584,0,0,1,4
5,grate,Task B ,2,4,1,-2.057552244,0.067,2,327.3867032,0,0,3,8
6,grate,Task B ,1,3,1,-0.118181337,0.033,1,13.81789053,0,0,1,2
6,grate,Task B ,1,3,1,-0.299863017,0.067,1,12.31143233,0,0,3,2
6,grate,Task B ,1,2,0,-0.444493995,0.033,2,29.4753261,0,0,1,3
6,grate,Task B ,1,1,0,0.70174606,0.135,2,113.3718308,0,0,4,4
6,grate,Task B ,1,3,1,-0.435305763,0.033,1,309.6802455,0,0,1,2
6,grate,Task B ,1,3,0,-0.184047427,0.05,2,243.9362094,0,0,2,2
7,grate,Task B ,2,1,0,0.666202926,0.067,1,264.2343598,0,0,3,5
7,grate,Task B ,1,4,1,-0.337245768,0.05,1,291.3349717,0,0,2,1
7,grate,Task B ,1,4,1,-0.175578545,0.05,1,103.4615825,0,0,2,1
7,grate,Task B ,1,4,0,0.464185278,0.05,2,79.37803073,0,0,2,1
7,grate,Task B ,1,4,0,0.04122461,0.033,2,78.52740662,0,0,1,1
7,grate,Task B ,1,4,1,-0.271884048,0.135,1,34.31980407,0,0,4,1
8,grate,Task B ,2,3,0,-0.085579376,0.135,1,15.18290066,0,0,4,7
8,grate,Task B ,2,4,0,-0.220886115,0.067,1,262.3083004,0,0,3,8
8,grate,Task B ,2,1,1,1.461538162,0.033,2,190.6435936,0,0,1,5
8,grate,Task B ,2,4,0,-0.504165773,0.067,1,319.4073363,0,0,3,8
8,grate,Task B ,2,3,1,-0.360810713,0.05,2,119.7735439,0,0,2,7
8,grate,Task B ,1,4,1,0.512042207,0.135,1,87.33687225,0,0,4,1
9,grate,Task B ,1,2,1,0.251145658,0.033,1,266.5767881,0,0,1,3
9,grate,Task B ,2,2,1,-0.827676911,0.033,2,287.1270763,0,0,1,6
9,grate,Task B ,1,4,1,0.340761635,0.067,1,233.411235,0,0,3,1
9,grate,Task B ,1,4,1,0.25237368,0.067,1,276.6429045,0,0,3,1
9,grate,Task B ,2,1,1,0.335761672,0.033,2,297.337674,0,0,1,5
9,grate,Task B ,1,3,0,-0.803588113,0.067,2,326.9094311,0,0,3,2
10,grate,Task B ,1,2,0,0.341758416,0.067,2,246.7437775,0,0,3,3
10,grate,Task B ,2,1,1,0.890056936,0.135,2,289.5248411,0,0,4,5
10,grate,Task B ,1,1,1,0.040040596,0.135,1,11.13618534,0,0,4,4
10,grate,Task B ,1,2,1,-0.275345868,0.067,1,109.6236024,0,0,3,3
10,grate,Task B ,1,1,0,0.802136147,0.135,2,92.46773512,0,0,4,4
10,grate,Task B ,1,1,0,0.564045437,0.033,2,167.1139719,0,0,1,4
1,grate,Task B ,1,4,0,0.84469277,0.067,2,284.3798025,0,0,3,1
1,grate,Task B ,1,4,1,0.188772922,0.135,1,14.08044879,0,0,4,1
1,grate,Task B ,1,2,1,-0.546565369,0.067,1,21.98928983,0,0,3,3
1,grate,Task B ,1,3,1,0.127398345,0.135,1,54.6625985,0,0,4,2
1,grate,Task B ,2,3,1,1.06616787,0.135,2,223.9408398,0,0,4,7
1,grate,Task B ,2,1,1,1.040815362,0.033,2,74.70654771,0,0,1,5
2,grate,Task B ,1,1,0,0.013369488,0.05,2,148.6126221,0,0,2,4
2,grate,Task B ,2,1,0,0.315918752,0.05,1,201.3919344,0,0,2,5
2,grate,Task B ,2,1,1,-1.023689539,0.033,2,249.9364258,0,0,1,5
2,grate,Task B ,1,3,0,-0.469230936,0.135,2,1.596943038,0,0,4,2
2,grate,Task B ,1,3,0,-0.510942159,0.05,2,134.4494339,0,0,2,2
2,grate,Task B ,2,1,1,-1.303713435,0.033,2,15.11670119,0,0,1,5
3,grate,Task B ,2,4,0,0.560131361,0.067,1,24.57494464,0,0,3,8
3,grate,Task B ,1,1,0,-1.461856366,0.135,2,21.2507207,0,0,4,4
3,grate,Task B ,1,4,0,-0.046119979,0.05,2,50.7838735,0,0,2,1
3,grate,Task B ,2,1,0,0.286724255,0.033,1,274.2933589,0,0,1,5
3,grate,Task B ,1,1,1,-0.08917988,0.05,1,339.0701754,0,0,2,4
3,grate,Task B ,2,3,0,0.013994006,0.135,1,303.2011201,0,0,4,7
4,grate,Task B ,1,2,0,-0.592053107,0.033,2,15.11960904,0,0,1,3
4,grate,Task B ,1,3,1,0.456980866,0.05,1,47.65786756,0,0,2,2
4,grate,Task B ,2,4,1,-2.072915739,0.135,2,276.3693385,0,0,4,8
4,grate,Task B ,2,4,1,-2.47039225,0.135,2,166.6365465,0,0,4,8
4,grate,Task B ,2,3,1,1.790059629,0.067,2,100.3377033,0,0,3,7
4,grate,Task B ,1,3,0,0.230613653,0.05,2,137.5014865,0,0,2,2
5,grate,Task B ,1,3,0,-0.770650093,0.033,2,88.95743037,0,0,1,2
5,grate,Task B ,1,4,1,0.140841477,0.05,1,358.8425508,0,0,2,1
5,grate,Task B ,2,4,0,-0.225980079,0.067,1,274.7690338,0,0,3,8
5,grate,Task B ,1,4,1,-0.178999562,0.05,1,25.56482275,0,0,2,1
5,grate,Task B ,2,4,1,-1.453585,0.067,2,64.67696235,0,0,3,8
5,grate,Task B ,2,4,0,0.379634282,0.135,1,165.6230143,0,0,4,8
6,grate,Task B ,2,3,0,0.202146223,0.135,1,346.9962001,0,0,4,7
6,grate,Task B ,1,3,1,-0.224008477,0.135,1,221.6562144,0,0,4,2
6,grate,Task B ,1,1,0,0.016697784,0.033,2,135.8089297,0,0,1,4
6,grate,Task B ,1,2,0,0.067769182,0.033,2,147.4780024,0,0,1,3
6,grate,Task B ,1,3,1,-0.037198004,0.135,1,32.89742704,0,0,4,2
6,grate,Task B ,1,3,1,0.349115639,0.135,1,41.28744213,0,0,4,2
7,grate,Task B ,1,1,0,0.401189484,0.05,2,312.9039864,0,0,2,4
7,grate,Task B ,1,4,0,2.613356347,0.033,2,98.82924338,0,0,1,1
7,grate,Task B ,1,4,1,-0.015657967,0.135,1,171.5109314,0,0,4,1
7,grate,Task B ,1,4,0,0.893591276,0.05,2,326.8037919,0,0,2,1
7,grate,Task B ,1,4,1,-0.70125316,0.135,1,59.28754417,0,0,4,1
7,grate,Task B ,1,4,1,0.085640161,0.067,1,101.1322163,0,0,3,1
8,grate,Task B ,1,1,1,-0.130718832,0.033,1,175.7862676,0,0,1,4
8,grate,Task B ,2,1,0,0.116856054,0.05,1,68.16819023,0,0,2,5
8,grate,Task B ,2,1,1,1.119047912,0.05,2,225.7530955,0,0,2,5
8,grate,Task B ,2,4,1,2.035880933,0.135,2,44.60897765,0,0,4,8
8,grate,Task B ,2,3,1,-1.760769207,0.05,2,292.9796877,0,0,2,7
8,grate,Task B ,2,4,1,-4.297398104,0.05,2,103.8853495,0,0,2,8
9,grate,Task B ,1,2,1,-0.513552859,0.067,1,357.8807832,0,0,3,3
9,grate,Task B ,2,1,1,-0.237530531,0.033,2,283.600926,0,0,1,5
9,grate,Task B ,1,4,1,-0.004458309,0.135,1,101.6251001,0,0,4,1
9,grate,Task B ,1,1,0,-1.504101769,0.05,2,62.41659864,0,0,2,4
9,grate,Task B ,1,4,1,-0.4628432,0.135,1,351.4306887,0,0,4,1
9,grate,Task B ,1,4,1,0.074127556,0.05,1,47.65225839,0,0,2,1
10,grate,Task B ,1,1,1,0.020282481,0.05,1,280.8647326,0,0,2,4
10,grate,Task B ,1,1,1,-0.21076674,0.033,1,339.5059819,0,0,1,4
10,grate,Task B ,1,1,1,-0.087089188,0.033,1,74.32377298,0,0,1,4
10,grate,Task B ,1,1,0,-1.578768075,0.033,2,21.15377805,0,0,1,4
10,grate,Task B ,1,1,0,0.674326676,0.135,2,67.28681437,0,0,4,4
10,grate,Task B ,2,2,1,-1.134822167,0.067,2,280.0134938,0,0,3,6
1,grate,Task B ,1,2,0,-1.238449584,0.05,2,128.331243,0,0,2,3
1,grate,Task B ,1,3,1,0.063603691,0.135,1,3.857581076,0,0,4,2
1,grate,Task B ,1,1,1,0.118639627,0.033,1,262.5431349,0,0,1,4
1,grate,Task B ,2,2,1,-0.749105523,0.135,2,185.7936219,0,0,4,6
1,grate,Task B ,2,1,1,0.536327578,0.033,2,141.8237351,0,0,1,5
1,grate,Task B ,1,2,1,0.404319941,0.033,1,341.8135009,0,0,1,3
2,grate,Task B ,1,1,0,0.474474181,0.135,2,217.6992103,0,0,4,4
2,grate,Task B ,1,1,0,-0.413071728,0.05,2,67.36253427,0,0,2,4
2,grate,Task B ,1,3,1,-0.291795875,0.135,1,345.4074798,0,0,4,2
2,grate,Task B ,2,1,0,0.4509943,0.05,1,264.6243772,0,0,2,5
2,grate,Task B ,1,1,1,0.569708922,0.033,1,63.17595899,0,0,1,4
2,grate,Task B ,2,3,0,0.805169429,0.135,1,186.0100291,0,0,4,7
3,grate,Task B ,1,3,0,0.527216869,0.05,2,323.7644008,0,0,2,2
3,grate,Task B ,1,1,0,0.540914559,0.135,2,74.48065703,0,0,4,4
3,grate,Task B ,1,4,1,0.09646676,0.135,1,291.6384901,0,0,4,1
3,grate,Task B ,2,2,0,-0.068160893,0.135,1,85.40541773,0,0,4,6
3,grate,Task B ,1,1,1,-0.251673342,0.067,1,298.175085,0,0,3,4
3,grate,Task B ,2,1,0,0.366130521,0.033,1,91.53923991,0,0,1,5
4,grate,Task B ,1,1,1,-0.29085429,0.033,1,274.8737267,0,0,1,4
4,grate,Task B ,1,2,0,1.567609651,0.033,2,189.2031948,0,0,1,3
4,grate,Task B ,1,2,1,-0.009077615,0.033,1,162.2921437,0,0,1,3
4,grate,Task B ,1,3,1,0.36067594,0.067,1,251.9911557,0,0,3,2
4,grate,Task B ,1,1,1,0.26434426,0.033,1,38.8862905,0,0,1,4
4,grate,Task B ,1,3,0,-0.660114835,0.135,2,146.7905093,0,0,4,2
5,grate,Task B ,2,2,1,-1.399061273,0.05,2,261.5123484,0,0,2,6
5,grate,Task B ,1,3,1,0.243203328,0.033,1,348.6020927,0,0,1,2
5,grate,Task B ,1,1,0,-0.37735314,0.033,2,89.84463796,0,0,1,4
5,grate,Task B ,1,4,0,0.721952794,0.033,2,52.28645408,0,0,1,1
5,grate,Task B ,1,3,1,0.142635837,0.067,1,169.42429,0,0,3,2
5,grate,Task B ,1,4,1,-0.010667522,0.05,1,183.7299696,0,0,2,1
6,grate,Task B ,2,3,1,0.698343779,0.135,2,109.6537618,0,0,4,7
6,grate,Task B ,2,3,0,-0.12545014,0.135,1,238.9383994,0,0,4,7
6,grate,Task B ,1,3,1,-0.213676731,0.05,1,42.82885466,0,0,2,2
6,grate,Task B ,1,3,1,-0.101027612,0.033,1,35.75908267,0,0,1,2
6,grate,Task B ,1,3,1,0.429485193,0.05,1,92.18576241,0,0,2,2
6,grate,Task B ,1,3,1,-0.490084659,0.05,1,20.16452947,0,0,2,2
7,grate,Task B ,1,4,1,-0.335243834,0.067,1,308.9778402,0,0,3,1
7,grate,Task B ,2,4,1,-0.653926827,0.067,2,63.84803864,0,0,3,8
7,grate,Task B ,1,4,0,-0.714361084,0.05,2,130.3264789,0,0,2,1
7,grate,Task B ,1,4,1,-0.272064926,0.067,1,238.7025995,0,0,3,1
7,grate,Task B ,1,4,0,0.645982369,0.05,2,356.720197,0,0,2,1
7,grate,Task B ,1,4,1,-0.032859695,0.05,1,129.732631,0,0,2,1
8,grate,Task B ,1,2,0,0.177470956,0.05,2,19.79606975,0,0,2,3
8,grate,Task B ,2,3,1,2.688230872,0.05,2,48.28281158,0,0,2,7
8,grate,Task B ,1,2,1,-0.09256941,0.05,1,272.3124257,0,0,2,3
8,grate,Task B ,1,3,1,-0.303616983,0.067,1,104.2920359,0,0,3,2
8,grate,Task B ,2,2,0,0.160887708,0.05,1,290.901226,0,0,2,6
8,grate,Task B ,2,4,1,1.5669439,0.135,2,219.1154214,0,0,4,8
9,grate,Task B ,1,2,1,0.34725157,0.033,1,51.07532279,0,0,1,3
9,grate,Task B ,1,4,0,-1.086511021,0.135,2,250.0715631,0,0,4,1
9,grate,Task B ,1,4,0,0.108366128,0.067,2,228.5978602,0,0,3,1
9,grate,Task B ,1,2,0,0.09223383,0.067,2,113.7398121,0,0,3,3
9,grate,Task B ,1,4,0,-1.185887382,0.067,2,181.9443867,0,0,3,1
9,grate,Task B ,1,1,0,-0.227728322,0.067,2,39.61114394,0,0,3,4
10,grate,Task B ,1,1,1,-0.445535721,0.05,1,79.3683765,0,0,2,4
10,grate,Task B ,1,1,1,0.404972811,0.067,1,232.5224616,0,0,3,4
10,grate,Task B ,1,1,1,-0.44059811,0.135,1,15.20143941,0,0,4,4
10,grate,Task B ,1,2,0,-2.082318132,0.033,2,312.170918,0,0,1,3
10,grate,Task B ,1,1,1,-0.36364736,0.067,1,21.88525195,0,0,3,4
10,grate,Task B ,1,1,0,-0.097608741,0.05,2,238.6790837,0,0,2,4
1,grate,Task B ,2,2,1,1.356737347,0.05,2,248.530182,0,0,2,6
1,grate,Task B ,1,4,0,0.187821572,0.135,2,242.8256472,0,0,4,1
1,grate,Task B ,1,3,1,0.162371309,0.067,1,217.8106853,0,0,3,2
1,grate,Task B ,1,3,1,-0.089702281,0.135,1,345.2774299,0,0,4,2
1,grate,Task B ,2,4,1,-2.356392742,0.135,2,231.6658646,0,0,4,8
1,grate,Task B ,1,2,1,-0.114513585,0.067,1,259.5348207,0,0,3,3
2,grate,Task B ,1,1,0,0.776643594,0.033,2,71.10263126,0,0,1,4
2,grate,Task B ,2,1,0,-0.430182418,0.05,1,151.6252149,0,0,2,5
2,grate,Task B ,1,3,0,1.505879278,0.033,2,127.105376,0,0,1,2
2,grate,Task B ,1,3,0,1.675156651,0.067,2,218.6855602,0,0,3,2
2,grate,Task B ,2,4,1,-2.921300427,0.135,2,44.04473906,0,0,4,8
2,grate,Task B ,2,4,1,2.589182734,0.067,2,299.9401047,0,0,3,8
3,grate,Task B ,2,4,1,1.392934101,0.135,2,178.5384773,0,0,4,8
3,grate,Task B ,2,3,0,-0.014244117,0.033,1,300.4721036,0,0,1,7
3,grate,Task B ,2,4,1,-1.316712508,0.05,2,133.2194867,0,0,2,8
3,grate,Task B ,2,2,0,0.143237223,0.05,1,76.9348315,0,0,2,6
3,grate,Task B ,2,2,1,-0.475759156,0.033,2,275.2062457,0,0,1,6
3,grate,Task B ,2,2,1,-2.456424607,0.033,2,194.5415824,0,0,1,6
4,grate,Task B ,1,3,1,0.041942005,0.05,1,224.8241523,0,0,2,2
4,grate,Task B ,1,4,0,-1.103159495,0.05,2,233.8286945,0,0,2,1
4,grate,Task B ,2,2,0,0.691279788,0.05,1,231.6612056,0,0,2,6
4,grate,Task B ,1,1,1,-0.166862807,0.033,1,2.151668237,0,0,1,4
4,grate,Task B ,1,1,0,-1.40363837,0.033,2,253.9303268,0,0,1,4
4,grate,Task B ,2,4,1,2.362818067,0.067,2,308.5213377,0,0,3,8
5,grate,Task B ,2,4,1,1.835759168,0.135,2,119.7230794,0,0,4,8
5,grate,Task B ,1,3,0,0.289643166,0.135,2,129.8232869,0,0,4,2
5,grate,Task B ,1,3,1,0.141740105,0.05,1,355.4995894,0,0,2,2
5,grate,Task B ,1,1,0,-0.63305975,0.033,2,214.0646227,0,0,1,4
5,grate,Task B ,1,3,1,0.243946399,0.033,1,2.600956421,0,0,1,2
5,grate,Task B ,1,4,1,-0.003296676,0.135,1,320.9391101,0,0,4,1
6,grate,Task B ,2,3,1,-0.317078257,0.033,2,269.7755848,0,0,1,7
6,grate,Task B ,2,3,1,2.609755275,0.05,2,319.9601958,0,0,2,7
6,grate,Task B ,1,3,1,0.228159885,0.135,1,327.671396,0,0,4,2
6,grate,Task B ,2,1,1,-1.734113906,0.067,2,205.8950159,0,0,3,5
6,grate,Task B ,2,3,1,1.080951794,0.135,2,308.6324983,0,0,4,7
6,grate,Task B ,2,1,0,-0.133026057,0.033,1,128.3472522,0,0,1,5
7,grate,Task B ,2,1,1,0.78302608,0.135,2,165.4685172,0,0,4,5
7,grate,Task B ,1,4,1,-0.334701403,0.135,1,304.7850153,0,0,4,1
7,grate,Task B ,2,4,1,-2.965092308,0.135,2,230.1299322,0,0,4,8
7,grate,Task B ,2,4,1,-3.182958043,0.05,2,352.5652685,0,0,2,8
7,grate,Task B ,1,4,0,0.1787152,0.067,2,67.5742172,0,0,3,1
7,grate,Task B ,1,4,1,-0.061100791,0.033,1,107.0593636,0,0,1,1
8,grate,Task B ,2,4,1,-1.513900699,0.135,2,86.10090181,0,0,4,8
8,grate,Task B ,1,3,1,0.610679068,0.067,1,226.9740562,0,0,3,2
8,grate,Task B ,2,1,1,-1.874794397,0.05,2,210.1638032,0,0,2,5
8,grate,Task B ,2,1,0,-0.011437749,0.05,1,210.537707,0,0,2,5
8,grate,Task B ,1,1,0,0.047761818,0.05,2,270.6409725,0,0,2,4
8,grate,Task B ,2,1,0,-0.24029971,0.05,1,229.7764086,0,0,2,5
9,grate,Task B ,1,1,0,-0.436432962,0.05,2,313.1212184,0,0,2,4
9,grate,Task B ,1,4,1,-0.034183806,0.135,1,352.7969321,0,0,4,1
9,grate,Task B ,1,1,1,-0.338647488,0.05,1,10.1545211,0,0,2,4
9,grate,Task B ,1,4,1,-0.570636128,0.135,1,77.83581569,0,0,4,1
9,grate,Task B ,1,4,1,-0.25848807,0.135,1,255.0942993,0,0,4,1
9,grate,Task B ,1,3,0,-0.299398883,0.135,2,209.7972394,0,0,4,2
10,grate,Task B ,2,3,1,-1.052607564,0.067,2,75.92892449,0,0,3,7
10,grate,Task B ,1,1,0,-0.918619484,0.05,2,342.6064711,0,0,2,4
10,grate,Task B ,1,1,0,0.285622312,0.067,2,188.4628283,0,0,3,4
10,grate,Task B ,1,1,0,1.777719072,0.033,2,62.03096017,0,0,1,4
10,grate,Task B ,1,1,0,-0.388708396,0.135,2,52.14460873,0,0,4,4
10,grate,Task B ,1,1,0,1.236533235,0.033,2,63.42272777,0,0,1,4
1,grate,Task B ,1,4,0,-0.350228915,0.067,2,224.2687242,0,0,3,1
1,grate,Task B ,1,4,1,0.217414977,0.135,1,238.8972342,0,0,4,1
1,grate,Task B ,1,2,0,0.19991721,0.05,2,61.80983103,0,0,2,3
1,grate,Task B ,1,3,0,0.358205877,0.05,2,118.5558931,0,0,2,2
1,grate,Task B ,1,2,1,-0.396946522,0.067,1,297.7148479,0,0,3,3
1,grate,Task B ,2,4,1,-1.58706039,0.135,2,169.8127938,0,0,4,8
2,grate,Task B ,1,1,1,-0.395320412,0.033,1,169.9699938,0,0,1,4
2,grate,Task B ,1,4,0,-0.046338987,0.135,2,164.9443287,0,0,4,1
2,grate,Task B ,2,1,0,-0.240323036,0.067,1,45.42426832,0,0,3,5
2,grate,Task B ,2,4,1,-3.858246458,0.135,2,117.9899203,0,0,4,8
2,grate,Task B ,1,3,1,0.150116613,0.067,1,258.3723638,0,0,3,2
2,grate,Task B ,1,1,1,-0.018379222,0.067,1,330.4861671,0,0,3,4
3,grate,Task B ,2,4,1,0.603818171,0.067,2,83.92294811,0,0,3,8
3,grate,Task B ,1,3,1,0.040430362,0.05,1,154.5958193,0,0,2,2
3,grate,Task B ,1,2,0,0.498619497,0.05,2,236.3102231,0,0,2,3
3,grate,Task B ,2,2,0,0.355397642,0.067,1,150.3474198,0,0,3,6
3,grate,Task B ,1,1,0,0.697049707,0.067,2,126.9936275,0,0,3,4
3,grate,Task B ,1,2,0,-0.930456192,0.033,2,290.6260485,0,0,1,3
4,grate,Task B ,2,4,1,-1.857708475,0.067,2,233.5216639,0,0,3,8
4,grate,Task B ,2,3,1,-0.937205827,0.067,2,134.9892665,0,0,3,7
4,grate,Task B ,2,2,0,0.369575941,0.05,1,276.2158886,0,0,2,6
4,grate,Task B ,2,4,1,-0.981385706,0.135,2,273.6081567,0,0,4,8
4,grate,Task B ,2,3,1,-0.44693773,0.135,2,18.70679738,0,0,4,7
4,grate,Task B ,1,1,0,0.164067911,0.033,2,70.24198255,0,0,1,4
5,grate,Task B ,1,4,1,0.048443079,0.135,1,112.8504486,0,0,4,1
5,grate,Task B ,1,4,0,-0.028526168,0.135,2,353.3523895,0,0,4,1
5,grate,Task B ,1,1,0,-1.095150334,0.067,2,212.0290561,0,0,3,4
5,grate,Task B ,2,4,1,-1.051186837,0.033,2,80.41669986,0,0,1,8
5,grate,Task B ,2,4,1,-2.808881259,0.067,2,176.2769664,0,0,3,8
5,grate,Task B ,1,4,1,-0.232263518,0.05,1,291.068533,0,0,2,1
6,grate,Task B ,1,3,1,-0.535807587,0.05,1,23.77383243,0,0,2,2
6,grate,Task B ,1,3,1,-0.4271684,0.067,1,4.971390669,0,0,3,2
6,grate,Task B ,2,3,0,-0.134434413,0.05,1,56.91056609,0,0,2,7
6,grate,Task B ,1,3,1,0.223699848,0.033,1,191.6553192,0,0,1,2
6,grate,Task B ,2,3,1,0.74974874,0.033,2,3.615209701,0,0,1,7
6,grate,Task B ,2,3,1,1.330576783,0.05,2,190.501206,0,0,2,7
7,grate,Task B ,1,1,1,-0.149017868,0.067,1,116.3968131,0,0,3,4
7,grate,Task B ,1,4,1,-0.13586896,0.067,1,70.68390309,0,0,3,1
7,grate,Task B ,2,4,0,-0.324746736,0.135,1,263.3247506,0,0,4,8
7,grate,Task B ,1,4,0,0.259381479,0.033,2,193.1390174,0,0,1,1
7,grate,Task B ,2,4,1,-1.127892461,0.067,2,300.6484897,0,0,3,8
7,grate,Task B ,1,4,0,-1.311220572,0.067,2,66.66164936,0,0,3,1
8,grate,Task B ,2,1,0,-0.647510185,0.033,1,346.3355476,0,0,1,5
8,grate,Task B ,2,2,0,-0.201006401,0.05,1,269.4534722,0,0,2,6
8,grate,Task B ,1,2,1,-0.356404993,0.067,1,29.28076607,0,0,3,3
8,grate,Task B ,2,3,1,-0.261685097,0.067,2,187.2469628,0,0,3,7
8,grate,Task B ,1,4,1,-0.449877246,0.135,1,273.1082353,0,0,4,1
8,grate,Task B ,2,1,0,-0.113331499,0.033,1,167.3178951,0,0,1,5
9,grate,Task B ,2,2,1,-0.056731608,0.05,2,223.9225962,0,0,2,6
9,grate,Task B ,1,4,1,0.142804382,0.05,1,340.6730277,0,0,2,1
9,grate,Task B ,1,4,0,-1.058240737,0.05,2,255.1449684,0,0,2,1
9,grate,Task B ,2,1,1,-1.729421262,0.033,2,207.2216666,0,0,1,5
9,grate,Task B ,1,1,0,0.522881474,0.067,2,336.4392079,0,0,3,4
9,grate,Task B ,1,4,1,-0.065830882,0.067,1,83.5025042,0,0,3,1
10,grate,Task B ,1,2,1,0.121666223,0.135,1,355.0464299,0,0,4,3
10,grate,Task B ,2,1,0,0.611742697,0.05,1,270.7372942,0,0,2,5
10,grate,Task B ,1,1,1,0.234186183,0.033,1,5.228421066,0,0,1,4
10,grate,Task B ,1,1,0,-0.270613559,0.067,2,26.14558213,0,0,3,4
10,grate,Task B ,1,1,1,-0.187869716,0.135,1,300.83576,0,0,4,4
10,grate,Task B ,1,1,0,-0.406651842,0.05,2,12.78744565,0,0,2,4
1,grate,Task B ,1,2,1,0.660469142,0.067,1,244.8015205,0,0,3,3
1,grate,Task B ,1,3,1,0.353695192,0.05,1,87.86901059,0,0,2,2
1,grate,Task B ,1,3,1,0.03754587,0.067,1,322.4966513,0,0,3,2
1,grate,Task B ,1,3,1,-0.469981899,0.135,1,146.8531987,0,0,4,2
1,grate,Task B ,1,2,0,0.148972247,0.067,2,116.1943269,0,0,3,3
1,grate,Task B ,2,3,1,-1.986220913,0.05,2,253.9925568,0,0,2,7
2,grate,Task B ,1,1,0,1.455534799,0.135,2,147.6956889,0,0,4,4
2,grate,Task B ,2,2,0,-0.69656348,0.05,1,35.00337575,0,0,2,6
2,grate,Task B ,1,1,0,1.37665244,0.033,2,254.8377367,0,0,1,4
2,grate,Task B ,1,2,1,-0.401627659,0.135,1,209.1443114,0,0,4,3
2,grate,Task B ,2,1,0,-0.277579117,0.033,1,36.89469815,0,0,1,5
2,grate,Task B ,2,4,1,1.838976161,0.135,2,131.8431164,0,0,4,8
3,grate,Task B ,1,2,1,-0.236880396,0.067,1,253.0361223,0,0,3,3
3,grate,Task B ,2,2,0,-0.095503253,0.05,1,83.89275814,0,0,2,6
3,grate,Task B ,2,2,1,-1.458886745,0.05,2,257.8565413,0,0,2,6
3,grate,Task B ,1,2,1,-0.204790366,0.033,1,190.9904898,0,0,1,3
3,grate,Task B ,2,4,1,0.708729857,0.135,2,1.358049092,0,0,4,8
3,grate,Task B ,1,1,0,-0.360773111,0.05,2,278.385853,0,0,2,4
4,grate,Task B ,1,1,1,-0.078226953,0.05,1,168.5997202,0,0,2,4
4,grate,Task B ,1,1,1,-0.128806806,0.033,1,134.32883,0,0,1,4
4,grate,Task B ,1,1,1,-0.258635148,0.033,1,120.9447746,0,0,1,4
4,grate,Task B ,1,4,0,-0.124748654,0.135,2,110.0790142,0,0,4,1
4,grate,Task B ,1,2,0,1.718890559,0.067,2,206.9813488,0,0,3,3
4,grate,Task B ,2,4,0,0.405812305,0.135,1,289.4066779,0,0,4,8
5,grate,Task B ,2,4,1,-2.570780087,0.067,2,117.799677,0,0,3,8
5,grate,Task B ,2,4,1,-4.220588441,0.135,2,203.5241048,0,0,4,8
5,grate,Task B ,1,4,1,-0.118964288,0.135,1,25.74374643,0,0,4,1
5,grate,Task B ,1,2,0,1.644016507,0.033,2,57.20993525,0,0,1,3
5,grate,Task B ,2,4,1,-0.608922572,0.05,2,215.9886244,0,0,2,8
5,grate,Task B ,1,4,1,0.200945588,0.067,1,294.5903848,0,0,3,1
6,grate,Task B ,1,2,1,-0.182944832,0.067,1,285.7378327,0,0,3,3
6,grate,Task B ,1,2,0,2.01155247,0.135,2,7.024054021,0,0,4,3
6,grate,Task B ,2,3,1,-2.254024219,0.135,2,197.9033952,0,0,4,7
6,grate,Task B ,1,3,0,-3.063106852,0.033,2,74.38300797,0,0,1,2
6,grate,Task B ,1,1,0,1.858311347,0.05,2,220.4156515,0,0,2,4
6,grate,Task B ,2,3,0,0.727029136,0.05,1,122.928842,0,0,2,7
7,grate,Task B ,1,4,0,0.194605711,0.067,2,136.7884898,0,0,3,1
7,grate,Task B ,1,4,0,-0.135158856,0.05,2,58.44971574,0,0,2,1
7,grate,Task B ,1,4,1,0.523878698,0.05,1,87.0111387,0,0,2,1
7,grate,Task B ,1,4,1,0.078071382,0.033,1,50.00627845,0,0,1,1
7,grate,Task B ,2,4,1,-1.146271173,0.067,2,24.13010792,0,0,3,8
7,grate,Task B ,1,4,0,-0.612472037,0.067,2,219.2930339,0,0,3,1
8,grate,Task B ,1,3,1,-0.313951829,0.05,1,208.8276114,0,0,2,2
8,grate,Task B ,2,3,1,-1.199302703,0.067,2,277.5491717,0,0,3,7
8,grate,Task B ,2,1,1,-2.172986436,0.033,2,302.6575944,0,0,1,5
8,grate,Task B ,1,2,1,-0.130519345,0.05,1,33.14642517,0,0,2,3
8,grate,Task B ,2,4,1,-1.662276416,0.067,2,254.0852352,0,0,3,8
8,grate,Task B ,1,2,1,0.08821922,0.067,1,299.914561,0,0,3,3
9,grate,Task B ,1,2,0,0.045100618,0.067,2,183.9554767,0,0,3,3
9,grate,Task B ,2,4,1,-1.478705944,0.067,2,5.087567542,0,0,3,8
9,grate,Task B ,1,1,0,-0.320188065,0.05,2,187.6385245,0,0,2,4
9,grate,Task B ,1,1,1,0.408788428,0.05,1,84.46481337,0,0,2,4
9,grate,Task B ,1,1,1,0.305398704,0.033,1,116.9400482,0,0,1,4
9,grate,Task B ,2,1,0,0.396898623,0.033,1,228.1378322,0,0,1,5
10,grate,Task B ,1,3,1,-0.457707899,0.067,1,118.3279149,0,0,3,2
10,grate,Task B ,1,1,1,-0.650490045,0.067,1,353.1207515,0,0,3,4
10,grate,Task B ,1,1,1,-0.173720503,0.135,1,38.70126722,0,0,4,4
10,grate,Task B ,1,2,1,0.027559686,0.067,1,164.7396962,0,0,3,3
10,grate,Task B ,1,1,1,0.080526519,0.135,1,97.18471259,0,0,4,4
10,grate,Task B ,2,1,1,-0.752877532,0.135,2,8.807452507,0,0,4,5
1,grate,Task B ,2,2,0,-0.524628508,0.033,1,13.51114888,0,0,1,6
1,grate,Task B ,1,3,1,-0.841549314,0.067,1,88.75345472,0,0,3,2
1,grate,Task B ,1,4,0,0.122870686,0.067,2,254.433888,0,0,3,1
1,grate,Task B ,1,2,0,-0.315666268,0.05,2,149.9358177,0,0,2,3
1,grate,Task B ,1,2,0,0.552224788,0.135,2,197.2264027,0,0,4,3
1,grate,Task B ,1,2,1,-0.243189576,0.135,1,263.0244344,0,0,4,3
2,grate,Task B ,1,1,1,0.176026998,0.033,1,216.3859917,0,0,1,4
2,grate,Task B ,2,1,1,2.785475239,0.067,2,155.5607226,0,0,3,5
2,grate,Task B ,1,2,1,-0.009186434,0.135,1,350.5868005,0,0,4,3
2,grate,Task B ,1,4,0,-0.464856324,0.067,2,298.1466223,0,0,3,1
2,grate,Task B ,1,1,1,-0.766433587,0.067,1,43.05315976,0,0,3,4
2,grate,Task B ,2,2,1,0.460579251,0.067,2,355.4359082,0,0,3,6
3,grate,Task B ,1,1,0,0.040251746,0.067,2,328.4620505,0,0,3,4
3,grate,Task B ,2,2,1,-1.966284004,0.033,2,109.147135,0,0,1,6
3,grate,Task B ,2,2,0,0.006717494,0.067,1,340.3047447,0,0,3,6
3,grate,Task B ,2,2,1,-0.005987914,0.067,2,309.934665,0,0,3,6
3,grate,Task B ,1,1,0,0.248017983,0.05,2,118.457993,0,0,2,4
3,grate,Task B ,1,3,0,0.156105488,0.067,2,55.81456339,0,0,3,2
4,grate,Task B ,2,3,0,-0.215773443,0.067,1,120.0296528,0,0,3,7
4,grate,Task B ,1,1,0,0.136643701,0.033,2,74.03369974,0,0,1,4
4,grate,Task B ,1,3,1,0.465688615,0.067,1,127.784239,0,0,3,2
4,grate,Task B ,1,3,0,-0.214154305,0.067,2,87.38579574,0,0,3,2
4,grate,Task B ,2,3,0,0.056578939,0.05,1,96.22020685,0,0,2,7
4,grate,Task B ,1,4,0,0.020847857,0.067,2,27.56853038,0,0,3,1
5,grate,Task B ,1,4,1,0.535078597,0.067,1,308.0403958,0,0,3,1
5,grate,Task B ,1,4,1,-0.209961314,0.05,1,141.0283416,0,0,2,1
5,grate,Task B ,2,4,1,-2.436942815,0.033,2,214.1683291,0,0,1,8
5,grate,Task B ,1,3,1,0.262476658,0.067,1,238.0043884,0,0,3,2
5,grate,Task B ,1,1,0,2.104280649,0.033,2,343.7061312,0,0,1,4
5,grate,Task B ,2,4,0,0.490582824,0.135,1,136.1174962,0,0,4,8
6,grate,Task B ,1,2,0,-0.902240564,0.05,2,21.19755432,0,0,2,3
6,grate,Task B ,1,3,0,0.0006629,0.033,2,188.3821306,0,0,1,2
6,grate,Task B ,1,2,0,-1.08102865,0.05,2,309.296477,0,0,2,3
6,grate,Task B ,2,3,1,0.177252483,0.067,2,328.3403375,0,0,3,7
6,grate,Task B ,1,3,1,-0.091252036,0.05,1,197.5692202,0,0,2,2
6,grate,Task B ,1,3,1,-0.454273722,0.033,1,338.6582724,0,0,1,2
7,grate,Task B ,1,4,0,0.35068677,0.135,2,277.3828931,0,0,4,1
7,grate,Task B ,2,4,1,1.627688982,0.135,2,253.565756,0,0,4,8
7,grate,Task B ,1,4,0,-2.408315014,0.033,2,201.8190175,0,0,1,1
7,grate,Task B ,2,4,0,-0.575391824,0.05,1,89.6334839,0,0,2,8
7,grate,Task B ,1,4,1,0.312837171,0.033,1,302.2790244,0,0,1,1
7,grate,Task B ,2,4,0,0.201767189,0.067,1,188.7109976,0,0,3,8
8,grate,Task B ,2,1,0,0.321517365,0.033,1,296.4325953,0,0,1,5
8,grate,Task B ,2,3,0,0.13477586,0.067,1,321.9737328,0,0,3,7
8,grate,Task B ,2,4,1,-1.325030845,0.135,2,250.9138841,0,0,4,8
8,grate,Task B ,2,2,0,-0.144770803,0.05,1,51.94360003,0,0,2,6
8,grate,Task B ,1,2,0,-0.392441723,0.135,2,241.7053026,0,0,4,3
8,grate,Task B ,2,1,0,0.416213398,0.05,1,177.8282864,0,0,2,5
9,grate,Task B ,1,3,1,-0.612517457,0.067,1,19.77286124,0,0,3,2
9,grate,Task B ,1,4,1,0.129795691,0.067,1,225.676122,0,0,3,1
9,grate,Task B ,1,2,0,-2.500185295,0.067,2,289.9042265,0,0,3,3
9,grate,Task B ,2,3,0,0.671326927,0.067,1,181.5480878,0,0,3,7
9,grate,Task B ,1,4,0,-0.420318734,0.067,2,21.56629679,0,0,3,1
9,grate,Task B ,1,1,0,0.787022396,0.033,2,201.3364122,0,0,1,4
10,grate,Task B ,1,3,1,0.075114236,0.067,1,151.5202409,0,0,3,2
10,grate,Task B ,1,1,1,0.057127785,0.067,1,254.77651,0,0,3,4
10,grate,Task B ,2,1,1,0.759352312,0.05,2,82.9375625,0,0,2,5
10,grate,Task B ,1,1,0,-0.360182673,0.135,2,280.5166302,0,0,4,4
10,grate,Task B ,2,2,1,-1.312192427,0.135,2,234.6402084,0,0,4,6
10,grate,Task B ,1,1,0,-3.667075724,0.05,2,274.0324552,0,0,2,4
1,grate,Task B ,1,4,0,-0.569328247,0.05,2,298.1679109,0,0,2,1
1,grate,Task B ,1,3,0,-1.095707721,0.05,2,289.7250009,0,0,2,2
1,grate,Task B ,1,2,1,0.667316445,0.067,1,2.294554577,0,0,3,3
1,grate,Task B ,1,1,1,0.403531394,0.05,1,282.6132941,0,0,2,4
1,grate,Task B ,1,3,1,-0.208055353,0.135,1,82.6142755,0,0,4,2
1,grate,Task B ,1,3,1,0.282441419,0.067,1,172.053815,0,0,3,2
2,grate,Task B ,1,3,1,0.40917985,0.135,1,168.9001015,0,0,4,2
2,grate,Task B ,2,2,0,0.01869374,0.067,1,60.48690976,0,0,3,6
2,grate,Task B ,1,1,1,-0.329423448,0.05,1,236.1024611,0,0,2,4
2,grate,Task B ,1,1,0,-4.516572867,0.05,2,98.69156521,0,0,2,4
2,grate,Task B ,2,1,1,-0.777265908,0.033,2,215.2470428,0,0,1,5
2,grate,Task B ,1,1,0,-1.895551,0.033,2,248.104158,0,0,1,4
3,grate,Task B ,2,2,0,0.12712592,0.067,1,330.5540756,0,0,3,6
3,grate,Task B ,2,2,0,-0.119895156,0.033,1,285.6704463,0,0,1,6
3,grate,Task B ,1,1,1,-0.190653154,0.135,1,71.34021376,0,0,4,4
3,grate,Task B ,2,2,1,-0.63603126,0.05,2,58.64073453,0,0,2,6
3,grate,Task B ,2,4,1,1.087609724,0.135,2,12.81759481,0,0,4,8
3,grate,Task B ,2,4,0,0.908673292,0.135,1,353.9661615,0,0,4,8
4,grate,Task B ,2,4,0,0.152939833,0.135,1,85.58374204,0,0,4,8
4,grate,Task B ,1,2,1,-0.042757214,0.05,1,182.4874238,0,0,2,3
4,grate,Task B ,1,3,1,0.158554341,0.05,1,219.6645874,0,0,2,2
4,grate,Task B ,1,2,1,-0.150958753,0.033,1,274.8891598,0,0,1,3
4,grate,Task B ,1,1,0,0.892266092,0.033,2,17.16884957,0,0,1,4
4,grate,Task B ,2,4,1,0.780842509,0.067,2,54.84815116,0,0,3,8
5,grate,Task B ,2,1,0,0.131454759,0.033,1,203.0798678,0,0,1,5
5,grate,Task B ,1,2,1,-0.063322808,0.05,1,18.93927188,0,0,2,3
5,grate,Task B ,2,4,1,-1.180564475,0.05,2,313.4145926,0,0,2,8
5,grate,Task B ,1,1,0,0.736894876,0.05,2,2.082738422,0,0,2,4
5,grate,Task B ,1,2,1,-0.386700522,0.067,1,234.5215591,0,0,3,3
5,grate,Task B ,1,4,1,0.660915792,0.067,1,141.248246,0,0,3,1
6,grate,Task B ,1,1,1,0.22741708,0.033,1,190.388832,0,0,1,4
6,grate,Task B ,2,3,1,0.999345907,0.033,2,265.1047069,0,0,1,7
6,grate,Task B ,1,3,1,-0.230063279,0.067,1,241.869037,0,0,3,2
6,grate,Task B ,1,3,0,0.194018743,0.05,2,39.13861435,0,0,2,2
6,grate,Task B ,2,2,1,-0.75019546,0.135,2,354.5493028,0,0,4,6
6,grate,Task B ,1,3,0,-0.981239491,0.033,2,91.57937436,0,0,1,2
7,grate,Task B ,1,1,1,0.111686202,0.05,1,296.2586372,0,0,2,4
7,grate,Task B ,1,4,1,0.038640065,0.067,1,315.8634026,0,0,3,1
7,grate,Task B ,1,4,1,-0.231714915,0.05,1,289.9254738,0,0,2,1
7,grate,Task B ,1,4,1,0.443958347,0.067,1,257.7988659,0,0,3,1
7,grate,Task B ,1,4,1,0.283199131,0.135,1,177.5303291,0,0,4,1
7,grate,Task B ,1,4,0,1.652046707,0.033,2,225.2612401,0,0,1,1
8,grate,Task B ,2,1,1,0.537554117,0.033,2,280.5252041,0,0,1,5
8,grate,Task B ,1,2,0,-0.592153251,0.067,2,75.73579392,0,0,3,3
8,grate,Task B ,1,2,1,0.219854257,0.05,1,306.3599346,0,0,2,3
8,grate,Task B ,2,1,0,0.757935079,0.033,1,259.167698,0,0,1,5
8,grate,Task B ,2,3,1,-0.542992101,0.067,2,134.1138246,0,0,3,7
8,grate,Task B ,1,1,1,-0.001108886,0.05,1,300.1352221,0,0,2,4
9,grate,Task B ,2,4,1,-1.751877049,0.135,2,341.9080577,0,0,4,8
9,grate,Task B ,1,4,1,0.369043797,0.067,1,284.0004874,0,0,3,1
9,grate,Task B ,1,2,0,-0.742309899,0.135,2,281.0503504,0,0,4,3
9,grate,Task B ,1,1,1,0.136058979,0.05,1,172.4472097,0,0,2,4
9,grate,Task B ,1,1,1,-0.05698527,0.033,1,165.4648933,0,0,1,4
9,grate,Task B ,2,4,1,-1.960757842,0.067,2,161.9969672,0,0,3,8
10,grate,Task B ,1,2,1,-0.459591592,0.05,1,353.4705245,0,0,2,3
10,grate,Task B ,1,1,1,0.146396435,0.135,1,42.60482995,0,0,4,4
10,grate,Task B ,1,1,1,0.272014436,0.05,1,275.6082519,0,0,2,4
10,grate,Task B ,2,1,1,2.438474737,0.135,2,327.7971065,0,0,4,5
10,grate,Task B ,1,1,1,-0.107135571,0.033,1,356.6448947,0,0,1,4
10,grate,Task B ,2,1,1,1.382056709,0.067,2,321.8708548,0,0,3,5
1,grate,Task B ,1,3,0,-0.720012193,0.05,2,350.737893,0,0,2,2
1,grate,Task B ,1,2,0,0.376374978,0.05,2,300.5487678,0,0,2,3
1,grate,Task B ,1,3,1,0.611418652,0.067,1,162.9417094,0,0,3,2
1,grate,Task B ,1,3,1,0.218952045,0.067,1,264.8309007,0,0,3,2
1,grate,Task B ,2,1,0,-1.154960037,0.033,1,320.4212126,0,0,1,5
1,grate,Task B ,1,1,0,0.407013908,0.067,2,178.320688,0,0,3,4
2,grate,Task B ,1,1,0,0.423203581,0.033,2,151.9579676,0,0,1,4
2,grate,Task B ,1,1,0,1.399660368,0.033,2,310.258793,0,0,1,4
2,grate,Task B ,1,4,1,-0.132313305,0.135,1,110.4483844,0,0,4,1
2,grate,Task B ,1,3,1,0.412505241,0.067,1,149.5010013,0,0,3,2
2,grate,Task B ,1,1,0,3.216893758,0.05,2,195.6853203,0,0,2,4
2,grate,Task B ,2,4,1,-2.636545883,0.067,2,260.4333338,0,0,3,8
3,grate,Task B ,1,2,0,0.089765442,0.067,2,138.9592002,0,0,3,3
3,grate,Task B ,2,3,1,-1.041393542,0.135,2,309.3620806,0,0,4,7
3,grate,Task B ,1,2,1,-0.16327722,0.033,1,266.0570986,0,0,1,3
3,grate,Task B ,2,3,1,-0.157432424,0.067,2,133.2469401,0,0,3,7
3,grate,Task B ,2,2,0,0.213036959,0.033,1,211.7376591,0,0,1,6
3,grate,Task B ,1,3,1,-0.087372578,0.067,1,294.8375415,0,0,3,2
4,grate,Task B ,2,2,0,0.736706737,0.135,1,125.1839465,0,0,4,6
4,grate,Task B ,1,2,0,0.000709827,0.05,2,95.16094798,0,0,2,3
4,grate,Task B ,1,3,1,-0.011374093,0.135,1,176.341513,0,0,4,2
4,grate,Task B ,1,2,1,-0.138784263,0.05,1,182.4765513,0,0,2,3
4,grate,Task B ,2,4,1,0.749391967,0.135,2,246.4516827,0,0,4,8
4,grate,Task B ,1,1,1,-0.743453867,0.033,1,238.4995986,0,0,1,4
5,grate,Task B ,1,2,1,0.753390152,0.135,1,272.0160786,0,0,4,3
5,grate,Task B ,1,2,0,-0.171701592,0.067,2,318.0199926,0,0,3,3
5,grate,Task B ,1,3,0,1.4529004,0.067,2,336.9639153,0,0,3,2
5,grate,Task B ,2,4,1,-3.102050487,0.067,2,175.9310026,0,0,3,8
5,grate,Task B ,2,4,1,1.91634391,0.067,2,156.8408798,0,0,3,8
5,grate,Task B ,1,4,0,-0.212968423,0.033,2,82.64154211,0,0,1,1
6,grate,Task B ,1,3,1,-0.078802952,0.135,1,200.4206501,0,0,4,2
6,grate,Task B ,1,1,0,3.179373935,0.067,2,357.4788024,0,0,3,4
6,grate,Task B ,1,2,1,0.130155403,0.05,1,95.88183868,0,0,2,3
6,grate,Task B ,2,3,0,-0.356958691,0.033,1,65.96123266,0,0,1,7
6,grate,Task B ,1,1,0,-0.01777803,0.067,2,18.1444815,0,0,3,4
6,grate,Task B ,1,3,0,-0.061175548,0.135,2,53.6821139,0,0,4,2
7,grate,Task B ,1,4,0,0.089635725,0.05,2,320.8294144,0,0,2,1
7,grate,Task B ,2,4,1,0.351843024,0.067,2,69.4359192,0,0,3,8
7,grate,Task B ,1,1,1,0.436816944,0.033,1,191.0998758,0,0,1,4
7,grate,Task B ,1,4,0,-0.803298732,0.05,2,180.0359798,0,0,2,1
7,grate,Task B ,1,4,1,0.488148685,0.05,1,110.804075,0,0,2,1
7,grate,Task B ,1,4,1,-0.064522463,0.05,1,118.4322401,0,0,2,1
8,grate,Task B ,2,1,0,-0.262699849,0.033,1,307.6067878,0,0,1,5
8,grate,Task B ,2,4,0,-0.546837322,0.067,1,266.1423479,0,0,3,8
8,grate,Task B ,2,2,1,-1.275331526,0.05,2,3.344802808,0,0,2,6
8,grate,Task B ,1,3,0,-0.260212201,0.067,2,103.0096354,0,0,3,2
8,grate,Task B ,2,2,1,-1.829864279,0.05,2,284.4864515,0,0,2,6
8,grate,Task B ,1,1,0,-0.077286737,0.033,2,53.30105654,0,0,1,4
9,grate,Task B ,1,4,0,0.395183025,0.067,2,244.7021731,0,0,3,1
9,grate,Task B ,1,4,1,0.206562654,0.135,1,298.1030288,0,0,4,1
9,grate,Task B ,1,4,1,0.21826226,0.135,1,306.4639786,0,0,4,1
9,grate,Task B ,2,1,1,-0.35396639,0.05,2,218.8892941,0,0,2,5
9,grate,Task B ,1,4,1,-0.184346455,0.135,1,216.6843548,0,0,4,1
9,grate,Task B ,1,1,1,-0.265017351,0.067,1,144.0021278,0,0,3,4
10,grate,Task B ,1,3,1,-0.06769943,0.067,1,78.93170204,0,0,3,2
10,grate,Task B ,1,1,1,-0.138049589,0.135,1,185.1312512,0,0,4,4
10,grate,Task B ,1,1,1,-0.173069541,0.033,1,89.24492345,0,0,1,4
10,grate,Task B ,1,1,0,0.300841338,0.05,2,94.62965934,0,0,2,4
10,grate,Task B ,1,1,0,1.352357431,0.05,2,237.6023459,0,0,2,4
10,grate,Task B ,2,1,1,-1.360604572,0.135,2,145.8341313,0,0,4,5
1,grate,Task B ,1,4,1,-0.387732023,0.135,1,169.3715518,0,0,4,1
1,grate,Task B ,1,4,1,-0.01550838,0.135,1,272.3625352,0,0,4,1
1,grate,Task B ,1,4,0,0.94648078,0.067,2,47.7269068,0,0,3,1
1,grate,Task B ,1,3,1,-0.219937875,0.033,1,9.751559226,0,0,1,2
1,grate,Task B ,1,2,1,-0.339020627,0.067,1,358.9537014,0,0,3,3
1,grate,Task B ,1,2,1,0.243493098,0.135,1,224.7766894,0,0,4,3
2,grate,Task B ,1,2,1,-0.082376973,0.067,1,137.7858078,0,0,3,3
2,grate,Task B ,2,2,1,0.941129612,0.135,2,195.7823447,0,0,4,6
2,grate,Task B ,1,2,0,0.203430463,0.067,2,337.6242904,0,0,3,3
2,grate,Task B ,1,3,1,-0.052329819,0.05,1,341.3113455,0,0,2,2
2,grate,Task B ,1,2,1,-0.260897127,0.067,1,86.74715699,0,0,3,3
2,grate,Task B ,1,1,0,0.727352299,0.05,2,61.10089477,0,0,2,4
3,grate,Task B ,1,2,1,-0.159277941,0.135,1,246.3047044,0,0,4,3
3,grate,Task B ,1,1,1,0.385587267,0.033,1,304.6703189,0,0,1,4
3,grate,Task B ,1,4,1,-0.011682604,0.135,1,77.92233253,0,0,4,1
3,grate,Task B ,2,4,1,2.049560516,0.135,2,158.0775755,0,0,4,8
3,grate,Task B ,2,4,1,-0.754127884,0.135,2,319.6050265,0,0,4,8
3,grate,Task B ,1,4,0,0.208019236,0.05,2,253.9721763,0,0,2,1
4,grate,Task B ,1,2,1,0.03943896,0.05,1,307.1555037,0,0,2,3
4,grate,Task B ,1,4,1,-0.028483681,0.067,1,218.9159568,0,0,3,1
4,grate,Task B ,1,3,1,-0.51710311,0.135,1,289.8654131,0,0,4,2
4,grate,Task B ,2,4,1,-0.712872911,0.135,2,126.5615281,0,0,4,8
4,grate,Task B ,1,1,0,-0.994832469,0.05,2,352.3043737,0,0,2,4
4,grate,Task B ,1,1,1,0.383523274,0.033,1,85.7772633,0,0,1,4
5,grate,Task B ,2,4,1,1.624773496,0.033,2,337.0926234,0,0,1,8
5,grate,Task B ,2,4,1,0.80505408,0.135,2,168.9513858,0,0,4,8
5,grate,Task B ,2,4,1,-2.824826062,0.135,2,259.5228499,0,0,4,8
5,grate,Task B ,2,4,1,2.566445254,0.067,2,146.4564805,0,0,3,8
5,grate,Task B ,2,4,1,-2.398401763,0.067,2,198.036941,0,0,3,8
5,grate,Task B ,1,3,0,0.89537349,0.05,2,213.2390018,0,0,2,2
6,grate,Task B ,1,2,1,0.170750609,0.135,1,295.4239744,0,0,4,3
6,grate,Task B ,2,3,1,2.10557181,0.033,2,18.42568719,0,0,1,7
6,grate,Task B ,2,3,1,-1.288667741,0.05,2,270.6858977,0,0,2,7
6,grate,Task B ,1,2,1,-0.156713889,0.033,1,221.1393628,0,0,1,3
6,grate,Task B ,1,3,1,0.029067239,0.05,1,179.5472886,0,0,2,2
6,grate,Task B ,1,2,0,-0.334646903,0.033,2,183.3477711,0,0,1,3
7,grate,Task B ,2,4,0,-0.331231778,0.067,1,240.7879518,0,0,3,8
7,grate,Task B ,1,4,1,-0.284561313,0.033,1,42.3857395,0,0,1,1
7,grate,Task B ,2,4,1,1.468131336,0.135,2,237.9667565,0,0,4,8
7,grate,Task B ,1,4,0,0.771899628,0.033,2,254.6094412,0,0,1,1
7,grate,Task B ,1,4,0,1.385537143,0.033,2,46.29010737,0,0,1,1
7,grate,Task B ,1,1,0,-1.475632385,0.067,2,152.3664415,0,0,3,4
8,grate,Task B ,2,3,1,0.030707559,0.05,2,109.1345647,0,0,2,7
8,grate,Task B ,1,1,0,-0.23818948,0.05,2,243.8874884,0,0,2,4
8,grate,Task B ,2,4,1,-2.478421248,0.067,2,33.88667454,0,0,3,8
8,grate,Task B ,1,3,1,-0.01139593,0.067,1,271.2032394,0,0,3,2
8,grate,Task B ,1,3,1,-0.011671931,0.135,1,268.1974947,0,0,4,2
8,grate,Task B ,1,4,1,0.183904369,0.135,1,167.5659371,0,0,4,1
9,grate,Task B ,2,1,0,-0.256336368,0.033,1,213.0810573,0,0,1,5
9,grate,Task B ,1,4,0,1.503905113,0.05,2,252.5784077,0,0,2,1
9,grate,Task B ,1,4,1,0.042824243,0.135,1,325.6523962,0,0,4,1
9,grate,Task B ,1,4,1,-0.111679506,0.135,1,312.2736037,0,0,4,1
9,grate,Task B ,1,4,0,0.230966888,0.067,2,327.3009937,0,0,3,1
9,grate,Task B ,2,4,1,2.450447931,0.067,2,260.8149574,0,0,3,8
10,grate,Task B ,1,1,0,-0.84987546,0.033,2,271.1613217,0,0,1,4
10,grate,Task B ,1,1,1,0.230532269,0.135,1,163.7976687,0,0,4,4
10,grate,Task B ,1,1,0,0.506112496,0.135,2,46.87579497,0,0,4,4
10,grate,Task B ,1,2,0,0.561241728,0.05,2,119.9439142,0,0,2,3
10,grate,Task B ,2,2,1,2.84980534,0.067,2,154.1292689,0,0,3,6
10,grate,Task B ,1,1,0,0.511560416,0.033,2,276.2826289,0,0,1,4
1,grate,Task B ,1,4,1,-0.4190177,0.135,1,233.1814262,0,0,4,1
1,grate,Task B ,1,2,0,1.781775924,0.067,2,229.3960024,0,0,3,3
1,grate,Task B ,1,3,1,0.124532762,0.135,1,307.1040025,0,0,4,2
1,grate,Task B ,1,3,1,-0.076135197,0.05,1,276.5520328,0,0,2,2
1,grate,Task B ,1,2,0,1.330278543,0.067,2,269.2660468,0,0,3,3
1,grate,Task B ,2,2,1,1.137400628,0.05,2,281.3801739,0,0,2,6
2,grate,Task B ,1,1,0,-0.69354246,0.05,2,340.4461891,0,0,2,4
2,grate,Task B ,1,3,0,3.253537009,0.067,2,220.9341742,0,0,3,2
2,grate,Task B ,1,1,0,-1.900048834,0.067,2,295.6706007,0,0,3,4
2,grate,Task B ,1,2,0,0.60044064,0.05,2,18.5874233,0,0,2,3
2,grate,Task B ,2,1,0,-0.28180058,0.05,1,310.2381898,0,0,2,5
2,grate,Task B ,1,1,0,1.716152376,0.067,2,109.658582,0,0,3,4
3,grate,Task B ,2,4,1,2.625677524,0.135,2,295.6459162,0,0,4,8
3,grate,Task B ,1,1,0,0.666006213,0.067,2,302.7215617,0,0,3,4
3,grate,Task B ,1,1,1,0.168585518,0.05,1,284.4129814,0,0,2,4
3,grate,Task B ,2,3,0,-0.521304032,0.067,1,330.1949075,0,0,3,7
3,grate,Task B ,2,2,1,1.249965413,0.067,2,292.6648392,0,0,3,6
3,grate,Task B ,2,2,1,0.887360494,0.135,2,58.93096992,0,0,4,6
4,grate,Task B ,2,4,1,2.823608947,0.067,2,262.4899648,0,0,3,8
4,grate,Task B ,1,2,1,-0.268913986,0.033,1,51.57226615,0,0,1,3
4,grate,Task B ,1,2,0,1.266815763,0.033,2,234.9613641,0,0,1,3
4,grate,Task B ,2,1,1,0.367129722,0.033,2,115.7207526,0,0,1,5
4,grate,Task B ,1,2,1,0.345266921,0.067,1,254.9654616,0,0,3,3
4,grate,Task B ,2,4,1,1.46789358,0.067,2,243.5927259,0,0,3,8
5,grate,Task B ,2,4,1,-2.69042431,0.067,2,133.9023147,0,0,3,8
5,grate,Task B ,2,4,0,-0.355649218,0.135,1,151.7482876,0,0,4,8
5,grate,Task B ,1,4,1,-0.038073644,0.067,1,321.7982723,0,0,3,1
5,grate,Task B ,2,4,1,-1.681294196,0.033,2,297.3642333,0,0,1,8
5,grate,Task B ,1,3,1,-0.71784847,0.067,1,238.0658451,0,0,3,2
5,grate,Task B ,1,2,0,0.739329676,0.135,2,104.3123494,0,0,4,3
6,grate,Task B ,2,1,1,0.855546371,0.033,2,273.6791614,0,0,1,5
6,grate,Task B ,2,3,0,-0.316163344,0.05,1,262.7699259,0,0,2,7
6,grate,Task B ,2,3,1,-1.389569396,0.05,2,55.57710342,0,0,2,7
6,grate,Task B ,2,3,0,-0.256568067,0.033,1,189.7601513,0,0,1,7
6,grate,Task B ,1,3,0,-0.122589745,0.135,2,320.574892,0,0,4,2
6,grate,Task B ,2,3,1,-0.182821725,0.033,2,329.9014542,0,0,1,7
7,grate,Task B ,2,4,0,0.5818166,0.033,1,348.7016902,0,0,1,8
7,grate,Task B ,1,1,1,-0.407887385,0.067,1,161.0998177,0,0,3,4
7,grate,Task B ,2,4,1,2.757852302,0.05,2,128.8564202,0,0,2,8
7,grate,Task B ,1,4,0,0.430122702,0.135,2,311.7822739,0,0,4,1
7,grate,Task B ,1,1,0,-0.729068686,0.135,2,182.3965999,0,0,4,4
7,grate,Task B ,1,4,1,0.432263544,0.033,1,209.1584718,0,0,1,1
8,grate,Task B ,2,4,0,-0.69373303,0.067,1,213.5145661,0,0,3,8
8,grate,Task B ,2,1,1,1.342190471,0.033,2,219.4244333,0,0,1,5
8,grate,Task B ,1,1,1,0.239868031,0.05,1,198.0070325,0,0,2,4
8,grate,Task B ,1,1,1,0.278624071,0.033,1,286.3564833,0,0,1,4
8,grate,Task B ,1,4,0,0.919314668,0.067,2,44.73764773,0,0,3,1
8,grate,Task B ,1,1,1,0.388099933,0.067,1,276.0199143,0,0,3,4
9,grate,Task B ,1,2,1,0.705633349,0.067,1,63.02349951,0,0,3,3
9,grate,Task B ,1,2,0,0.895834188,0.135,2,214.730426,0,0,4,3
9,grate,Task B ,2,1,0,-0.071060462,0.033,1,217.5099207,0,0,1,5
9,grate,Task B ,1,1,0,-1.012424574,0.135,2,329.3188249,0,0,4,4
9,grate,Task B ,1,1,1,-0.324388131,0.033,1,305.4701341,0,0,1,4
9,grate,Task B ,1,4,1,-0.296048166,0.135,1,324.0648216,0,0,4,1
10,grate,Task B ,1,1,1,-0.253047331,0.033,1,264.7079847,0,0,1,4
10,grate,Task B ,1,1,0,1.907134611,0.05,2,329.2334653,0,0,2,4
10,grate,Task B ,2,2,1,0.825364846,0.135,2,18.19827697,0,0,4,6
10,grate,Task B ,1,1,1,-0.354284781,0.067,1,224.2169325,0,0,3,4
10,grate,Task B ,1,1,1,0.482229114,0.067,1,221.5390598,0,0,3,4
10,grate,Task B ,2,1,1,1.655057644,0.135,2,269.692015,0,0,4,5
1,grate,Task B ,1,3,1,0.344376605,0.135,1,135.3290832,0,0,4,2
1,grate,Task B ,2,2,1,-1.002484288,0.067,2,116.7460545,0,0,3,6
1,grate,Task B ,2,2,0,-0.287072774,0.033,1,216.168069,0,0,1,6
1,grate,Task B ,1,1,0,-3.022294836,0.033,2,284.0569295,0,0,1,4
1,grate,Task B ,1,2,1,0.268590887,0.067,1,357.8657992,0,0,3,3
1,grate,Task B ,1,2,0,-0.661951618,0.067,2,48.987498,0,0,3,3
2,grate,Task B ,1,1,1,-0.220473687,0.05,1,282.3432749,0,0,2,4
2,grate,Task B ,1,1,1,-0.293609237,0.067,1,333.2089992,0,0,3,4
2,grate,Task B ,1,2,0,0.596878332,0.067,2,287.559298,0,0,3,3
2,grate,Task B ,1,3,1,-0.052945,0.067,1,149.8051118,0,0,3,2
2,grate,Task B ,2,1,1,0.745685879,0.067,2,299.9263424,0,0,3,5
2,grate,Task B ,1,2,0,-0.445795483,0.033,2,220.7793154,0,0,1,3
3,grate,Task B ,1,3,1,0.14582727,0.067,1,56.16780966,0,0,3,2
3,grate,Task B ,2,2,0,0.469622986,0.033,1,283.4417688,0,0,1,6
3,grate,Task B ,2,1,1,0.859667718,0.033,2,159.2913682,0,0,1,5
3,grate,Task B ,2,2,0,0.309408474,0.135,1,188.5336746,0,0,4,6
3,grate,Task B ,2,1,1,-2.67686109,0.033,2,2.568503669,0,0,1,5
3,grate,Task B ,2,1,0,-0.406644395,0.033,1,109.3408289,0,0,1,5
4,grate,Task B ,2,3,0,0.447599953,0.135,1,180.0807623,0,0,4,7
4,grate,Task B ,1,3,1,-0.075857624,0.067,1,24.17091574,0,0,3,2
4,grate,Task B ,1,4,1,-0.056242458,0.135,1,303.9684134,0,0,4,1
4,grate,Task B ,1,2,0,0.52303991,0.05,2,341.4073009,0,0,2,3
4,grate,Task B ,2,4,1,2.32988299,0.067,2,14.80541855,0,0,3,8
4,grate,Task B ,2,4,1,-2.892571021,0.135,2,303.7758751,0,0,4,8
5,grate,Task B ,1,3,1,0.032740762,0.05,1,159.2939876,0,0,2,2
5,grate,Task B ,2,4,1,-0.303931589,0.067,2,129.3234663,0,0,3,8
5,grate,Task B ,1,1,1,-0.083818866,0.033,1,169.8516791,0,0,1,4
5,grate,Task B ,2,4,1,-1.458039577,0.135,2,300.0334223,0,0,4,8
5,grate,Task B ,2,1,0,0.059102361,0.067,1,123.5857843,0,0,3,5
5,grate,Task B ,1,2,1,0.320121127,0.067,1,121.0985441,0,0,3,3
6,grate,Task B ,1,3,1,0.569750489,0.05,1,236.1735352,0,0,2,2
6,grate,Task B ,2,1,1,-1.267689734,0.033,2,328.2456457,0,0,1,5
6,grate,Task B ,2,3,0,-0.396377233,0.05,1,241.6562577,0,0,2,7
6,grate,Task B ,1,3,1,0.318921645,0.05,1,354.2263574,0,0,2,2
6,grate,Task B ,2,1,0,-0.509377766,0.135,1,129.2676897,0,0,4,5
6,grate,Task B ,1,3,1,-0.204330249,0.067,1,193.4003325,0,0,3,2
7,grate,Task B ,1,4,1,-0.179007341,0.033,1,277.7737905,0,0,1,1
7,grate,Task B ,1,4,1,-0.346288981,0.033,1,317.303109,0,0,1,1
7,grate,Task B ,1,4,0,0.092177309,0.05,2,5.987911593,0,0,2,1
7,grate,Task B ,2,4,0,-0.261520502,0.067,1,66.63246411,0,0,3,8
7,grate,Task B ,1,4,1,-0.126126859,0.135,1,61.65998787,0,0,4,1
7,grate,Task B ,1,1,0,-1.805793715,0.05,2,96.873965,0,0,2,4
8,grate,Task B ,1,1,1,0.148159095,0.05,1,228.9252599,0,0,2,4
8,grate,Task B ,2,4,1,1.657314746,0.067,2,343.5897801,0,0,3,8
8,grate,Task B ,2,4,1,-0.8993649,0.135,2,332.4742186,0,0,4,8
8,grate,Task B ,1,2,1,-0.090843044,0.033,1,132.7714883,0,0,1,3
8,grate,Task B ,2,3,1,0.294594922,0.135,2,152.2991135,0,0,4,7
8,grate,Task B ,1,1,1,0.464521421,0.05,1,135.9153024,0,0,2,4
9,grate,Task B ,1,4,0,-0.163709327,0.135,2,202.3005069,0,0,4,1
9,grate,Task B ,1,2,1,0.221740247,0.05,1,150.3435152,0,0,2,3
9,grate,Task B ,1,1,0,-1.397640842,0.033,2,355.6636593,0,0,1,4
9,grate,Task B ,2,4,1,2.641460009,0.135,2,236.4940384,0,0,4,8
9,grate,Task B ,1,1,0,0.721765788,0.05,2,201.4113581,0,0,2,4
9,grate,Task B ,1,4,0,1.218030719,0.067,2,127.7137217,0,0,3,1
10,grate,Task B ,1,2,1,0.276964169,0.067,1,153.9109718,0,0,3,3
10,grate,Task B ,2,1,1,-1.176413685,0.05,2,196.8553729,0,0,2,5
10,grate,Task B ,1,1,1,0.021665607,0.135,1,167.850601,0,0,4,4
10,grate,Task B ,1,1,0,-0.937472678,0.05,2,91.87786425,0,0,2,4
10,grate,Task B ,1,1,0,0.542915942,0.05,2,236.3773831,0,0,2,4
10,grate,Task B ,1,1,1,0.303410248,0.067,1,38.50347964,0,0,3,4
1,grate,Task B ,1,4,1,0.22994583,0.05,1,134.1536818,0,0,2,1
1,grate,Task B ,1,4,0,-0.573005154,0.067,2,88.69909308,0,0,3,1
1,grate,Task B ,1,1,0,-0.462984802,0.033,2,30.48311363,0,0,1,4
1,grate,Task B ,1,3,0,0.69211254,0.135,2,32.2805881,0,0,4,2
1,grate,Task B ,1,2,1,0.165109576,0.05,1,119.3175562,0,0,2,3
1,grate,Task B ,1,1,0,-0.014423295,0.033,2,50.03577393,0,0,1,4
2,grate,Task B ,2,1,1,0.337383384,0.067,2,121.5123829,0,0,3,5
2,grate,Task B ,2,1,0,0.224399844,0.033,1,119.8982595,0,0,1,5
2,grate,Task B ,1,2,0,-0.390257295,0.033,2,331.4749985,0,0,1,3
2,grate,Task B ,2,4,1,-0.106104948,0.135,2,148.8040053,0,0,4,8
2,grate,Task B ,1,2,0,-0.539509201,0.05,2,321.9226712,0,0,2,3
2,grate,Task B ,1,1,0,-0.903100269,0.05,2,99.64561955,0,0,2,4
3,grate,Task B ,1,1,0,0.91537485,0.135,2,153.9307779,0,0,4,4
3,grate,Task B ,1,1,1,-0.059453857,0.033,1,277.9256996,0,0,1,4
3,grate,Task B ,1,1,1,-0.005059948,0.033,1,78.57274799,0,0,1,4
3,grate,Task B ,2,4,1,2.821467523,0.067,2,339.7592615,0,0,3,8
3,grate,Task B ,2,1,1,-2.583794604,0.033,2,230.5732117,0,0,1,5
3,grate,Task B ,2,1,1,-1.270041707,0.033,2,182.8489271,0,0,1,5
4,grate,Task B ,1,3,1,0.289095205,0.05,1,203.3265124,0,0,2,2
4,grate,Task B ,1,2,1,-0.144495127,0.033,1,162.3687332,0,0,1,3
4,grate,Task B ,2,4,1,0.976656828,0.135,2,90.23573173,0,0,4,8
4,grate,Task B ,2,3,0,0.124577542,0.135,1,118.0999157,0,0,4,7
4,grate,Task B ,1,1,1,-0.587841047,0.033,1,327.6243876,0,0,1,4
4,grate,Task B ,1,1,1,-0.032220988,0.05,1,184.4402568,0,0,2,4
5,grate,Task B ,1,4,0,0.333353344,0.05,2,294.0761111,0,0,2,1
5,grate,Task B ,1,1,0,-1.654503859,0.067,2,51.74752012,0,0,3,4
5,grate,Task B ,1,4,1,-0.026055567,0.05,1,13.62591315,0,0,2,1
5,grate,Task B ,1,3,0,0.642236274,0.067,2,65.90836689,0,0,3,2
5,grate,Task B ,2,4,1,0.339563847,0.067,2,337.9943744,0,0,3,8
5,grate,Task B ,2,4,1,-1.699832645,0.135,2,181.5960697,0,0,4,8
6,grate,Task B ,1,3,1,-0.017496066,0.067,1,71.37051293,0,0,3,2
6,grate,Task B ,2,3,1,0.765222183,0.135,2,194.6768862,0,0,4,7
6,grate,Task B ,1,3,0,0.803926591,0.05,2,272.7532726,0,0,2,2
6,grate,Task B ,2,3,1,-0.250287525,0.135,2,155.8406322,0,0,4,7
6,grate,Task B ,1,3,1,-0.034697634,0.135,1,234.942217,0,0,4,2
6,grate,Task B ,1,3,1,-0.350007915,0.067,1,112.8784773,0,0,3,2
7,grate,Task B ,2,4,0,0.615610162,0.135,1,225.198955,0,0,4,8
7,grate,Task B ,1,4,0,1.330099428,0.067,2,6.357048777,0,0,3,1
7,grate,Task B ,1,4,1,-0.097512822,0.067,1,78.09224091,0,0,3,1
7,grate,Task B ,2,4,1,1.690889741,0.067,2,122.1191796,0,0,3,8
7,grate,Task B ,2,4,1,2.386475076,0.135,2,237.2565179,0,0,4,8
7,grate,Task B ,1,1,1,0.310379681,0.033,1,245.7268966,0,0,1,4
8,grate,Task B ,2,4,1,-1.414521186,0.067,2,260.9202298,0,0,3,8
8,grate,Task B ,2,4,1,2.497123567,0.135,2,355.7731345,0,0,4,8
8,grate,Task B ,2,1,1,-1.137890932,0.033,2,136.6188479,0,0,1,5
8,grate,Task B ,1,3,1,-0.312571965,0.135,1,232.1386233,0,0,4,2
8,grate,Task B ,2,1,0,0.682398559,0.033,1,178.3772367,0,0,1,5
8,grate,Task B ,1,4,1,0.147023174,0.067,1,261.614345,0,0,3,1
9,grate,Task B ,2,1,1,0.843884753,0.05,2,215.6742265,0,0,2,5
9,grate,Task B ,2,1,1,0.416923988,0.033,2,32.24157848,0,0,1,5
9,grate,Task B ,1,4,1,-0.13719347,0.135,1,131.8318137,0,0,4,1
9,grate,Task B ,1,1,1,-0.151454139,0.033,1,180.7850065,0,0,1,4
9,grate,Task B ,1,1,0,-0.399368213,0.067,2,72.14849234,0,0,3,4
9,grate,Task B ,1,4,1,-0.020855173,0.05,1,275.4772483,0,0,2,1
10,grate,Task B ,2,2,1,-2.174951828,0.067,2,300.5307988,0,0,3,6
10,grate,Task B ,1,1,1,-0.015947944,0.05,1,322.0073773,0,0,2,4
10,grate,Task B ,1,1,1,-0.25504274,0.135,1,244.2572805,0,0,4,4
10,grate,Task B ,1,1,1,0.020377255,0.135,1,296.56901,0,0,4,4
10,grate,Task B ,1,1,0,1.501190835,0.05,2,181.8226176,0,0,2,4
10,grate,Task B ,2,1,1,3.084264903,0.067,2,29.12151923,0,0,3,5
1,grate,Task B ,1,2,1,0.618018669,0.05,1,312.9194012,0,0,2,3
1,grate,Task B ,2,4,1,-1.318099011,0.135,2,128.7268467,0,0,4,8
1,grate,Task B ,1,3,1,0.34271614,0.135,1,35.17689313,0,0,4,2
1,grate,Task B ,1,1,1,0.135694175,0.033,1,175.207486,0,0,1,4
1,grate,Task B ,1,1,0,3.816619494,0.033,2,195.2549684,0,0,1,4
1,grate,Task B ,1,3,1,0.455656812,0.135,1,340.0648293,0,0,4,2
2,grate,Task B ,1,3,0,0.824259146,0.135,2,308.8385684,0,0,4,2
2,grate,Task B ,2,1,1,-1.006520195,0.05,2,159.6781111,0,0,2,5
2,grate,Task B ,2,2,1,-0.950299277,0.067,2,89.62573703,0,0,3,6
2,grate,Task B ,1,1,1,0.108975444,0.05,1,19.18495863,0,0,2,4
2,grate,Task B ,1,1,1,0.351294446,0.033,1,340.4443408,0,0,1,4
2,grate,Task B ,1,1,1,0.211636508,0.033,1,35.54539729,0,0,1,4
3,grate,Task B ,1,1,1,-0.087516338,0.033,1,171.3096356,0,0,1,4
3,grate,Task B ,2,3,1,-0.683674139,0.067,2,32.04063462,0,0,3,7
3,grate,Task B ,2,3,0,-0.569941612,0.135,1,177.2950037,0,0,4,7
3,grate,Task B ,2,1,0,-0.154716275,0.033,1,333.7841721,0,0,1,5
3,grate,Task B ,1,3,0,-0.220487389,0.033,2,49.08242993,0,0,1,2
3,grate,Task B ,1,1,1,-0.275114571,0.033,1,7.716573355,0,0,1,4
4,grate,Task B ,1,3,0,-0.210413895,0.05,2,331.8761907,0,0,2,2
4,grate,Task B ,2,3,0,0.144556232,0.135,1,140.0915142,0,0,4,7
4,grate,Task B ,2,4,0,-1.015005197,0.135,1,136.432725,0,0,4,8
4,grate,Task B ,1,1,1,0.113247737,0.033,1,117.5753463,0,0,1,4
4,grate,Task B ,1,1,0,-1.642618379,0.067,2,92.02952273,0,0,3,4
4,grate,Task B ,2,2,0,0.014501023,0.135,1,92.04522077,0,0,4,6
5,grate,Task B ,1,4,1,0.122812951,0.135,1,36.54538148,0,0,4,1
5,grate,Task B ,2,4,1,-2.615472866,0.05,2,300.0824482,0,0,2,8
5,grate,Task B ,1,3,0,0.365618134,0.05,2,68.23151511,0,0,2,2
5,grate,Task B ,2,2,0,-0.297007408,0.135,1,203.6758694,0,0,4,6
5,grate,Task B ,1,3,1,0.210300092,0.135,1,17.72624296,0,0,4,2
5,grate,Task B ,1,4,0,-0.437630033,0.05,2,70.77151313,0,0,2,1
6,grate,Task B ,1,3,0,-0.848426725,0.033,2,35.10664432,0,0,1,2
6,grate,Task B ,1,3,1,-0.232955825,0.135,1,18.26386484,0,0,4,2
6,grate,Task B ,1,3,0,0.114362009,0.067,2,295.042614,0,0,3,2
6,grate,Task B ,1,3,0,1.126337661,0.135,2,99.34193142,0,0,4,2
6,grate,Task B ,1,3,1,-0.124864719,0.067,1,284.7102626,0,0,3,2
6,grate,Task B ,1,2,1,-0.525188595,0.033,1,316.7136084,0,0,1,3
7,grate,Task B ,2,1,0,-0.411761628,0.033,1,19.14720034,0,0,1,5
7,grate,Task B ,1,4,0,1.731288482,0.05,2,308.3269034,0,0,2,1
7,grate,Task B ,1,4,1,-0.031862973,0.05,1,202.6517709,0,0,2,1
7,grate,Task B ,1,4,0,-0.636825044,0.135,2,68.08448656,0,0,4,1
7,grate,Task B ,2,3,1,1.03285419,0.067,2,248.2128234,0,0,3,7
7,grate,Task B ,2,4,0,0.278015964,0.135,1,288.1344083,0,0,4,8
8,grate,Task B ,2,4,1,0.883554534,0.067,2,232.1547319,0,0,3,8
8,grate,Task B ,1,4,1,0.343469529,0.135,1,161.2934081,0,0,4,1
8,grate,Task B ,2,4,1,-1.758639196,0.067,2,137.1988099,0,0,3,8
8,grate,Task B ,2,2,0,0.331206299,0.067,1,39.20070898,0,0,3,6
8,grate,Task B ,2,2,0,-0.041739613,0.05,1,246.6719448,0,0,2,6
8,grate,Task B ,2,4,1,-1.605643025,0.067,2,170.7649701,0,0,3,8
9,grate,Task B ,1,2,1,-0.1509433,0.067,1,69.33522655,0,0,3,3
9,grate,Task B ,1,4,0,1.271720123,0.067,2,278.80957,0,0,3,1
9,grate,Task B ,1,1,0,-0.292617257,0.05,2,354.2327742,0,0,2,4
9,grate,Task B ,1,1,1,0.712470392,0.033,1,333.8956026,0,0,1,4
9,grate,Task B ,1,4,1,0.380099579,0.135,1,245.9395158,0,0,4,1
9,grate,Task B ,1,4,0,-0.295347236,0.05,2,274.9012311,0,0,2,1
10,grate,Task B ,2,1,1,1.019676116,0.135,2,196.242331,0,0,4,5
10,grate,Task B ,1,1,0,-1.142059308,0.05,2,351.6066118,0,0,2,4
10,grate,Task B ,1,2,0,0.563358104,0.067,2,268.6901888,0,0,3,3
10,grate,Task B ,1,1,1,-0.213836661,0.05,1,190.3191562,0,0,2,4
10,grate,Task B ,1,1,0,0.424025658,0.067,2,82.77736178,0,0,3,4
10,grate,Task B ,1,1,0,-0.276469284,0.135,2,259.4007079,0,0,4,4
1,grate,Task B ,1,3,1,0.049248701,0.05,1,74.79461073,0,0,2,2
1,grate,Task B ,1,2,1,0.044143134,0.05,1,317.6760417,0,0,2,3
1,grate,Task B ,2,3,1,2.616473154,0.05,2,286.7120657,0,0,2,7
1,grate,Task B ,1,3,1,-0.398878335,0.135,1,194.3176561,0,0,4,2
1,grate,Task B ,1,2,0,-1.943602052,0.033,2,47.74438503,0,0,1,3
1,grate,Task B ,1,3,1,0.56411742,0.067,1,64.41411369,0,0,3,2
2,grate,Task B ,2,1,0,0.029760506,0.033,1,121.2330788,0,0,1,5
2,grate,Task B ,1,1,0,-1.754168545,0.033,2,296.3940569,0,0,1,4
2,grate,Task B ,1,2,1,-0.318751121,0.067,1,270.1267196,0,0,3,3
2,grate,Task B ,1,2,1,-0.038613468,0.067,1,230.4819249,0,0,3,3
2,grate,Task B ,2,3,1,0.106716523,0.067,2,88.4136985,0,0,3,7
2,grate,Task B ,2,3,1,-0.440841296,0.033,2,23.68671093,0,0,1,7
3,grate,Task B ,1,4,1,0.065323398,0.05,1,318.6130261,0,0,2,1
3,grate,Task B ,2,4,1,-1.349385889,0.067,2,222.0550262,0,0,3,8
3,grate,Task B ,1,2,0,-0.890847354,0.05,2,225.3042296,0,0,2,3
3,grate,Task B ,1,2,0,1.600995484,0.033,2,162.2202845,0,0,1,3
3,grate,Task B ,1,1,1,0.151782223,0.033,1,168.6600631,0,0,1,4
3,grate,Task B ,1,4,1,0.292729103,0.135,1,236.6971406,0,0,4,1
4,grate,Task B ,2,2,1,0.639836245,0.05,2,70.74211953,0,0,2,6
4,grate,Task B ,1,3,1,-0.139442098,0.05,1,145.2383795,0,0,2,2
4,grate,Task B ,1,3,1,0.017537889,0.033,1,35.66577752,0,0,1,2
4,grate,Task B ,2,4,1,-1.417016478,0.135,2,31.78355046,0,0,4,8
4,grate,Task B ,2,4,1,-1.950873167,0.135,2,117.2259511,0,0,4,8
4,grate,Task B ,1,3,1,-0.273219673,0.033,1,190.3923821,0,0,1,2
5,grate,Task B ,2,4,1,-1.976625308,0.135,2,156.3199752,0,0,4,8
5,grate,Task B ,1,3,1,-0.311442186,0.05,1,215.0590719,0,0,2,2
5,grate,Task B ,2,4,1,-1.628807866,0.067,2,199.8246009,0,0,3,8
5,grate,Task B ,1,4,1,0.28032058,0.05,1,282.0149446,0,0,2,1
5,grate,Task B ,1,1,0,0.688934555,0.033,2,299.1446251,0,0,1,4
5,grate,Task B ,1,1,0,-1.708075548,0.033,2,79.20122856,0,0,1,4
6,grate,Task B ,2,2,0,0.770891185,0.033,1,60.68264165,0,0,1,6
6,grate,Task B ,1,3,1,-0.34900917,0.05,1,345.6792955,0,0,2,2
6,grate,Task B ,2,3,1,0.501571303,0.135,2,18.47338466,0,0,4,7
6,grate,Task B ,1,3,0,-0.027801339,0.033,2,299.9878937,0,0,1,2
6,grate,Task B ,1,2,0,-2.088886421,0.067,2,316.1006035,0,0,3,3
6,grate,Task B ,2,3,1,2.594329459,0.067,2,348.3632513,0,0,3,7
7,grate,Task B ,1,4,0,0.629717121,0.05,2,198.0045387,0,0,2,1
7,grate,Task B ,1,1,1,-0.650227476,0.067,1,70.07477619,0,0,3,4
7,grate,Task B ,1,4,0,1.171101804,0.033,2,56.59845189,0,0,1,1
7,grate,Task B ,2,4,0,0.137440512,0.033,1,298.0856877,0,0,1,8
7,grate,Task B ,1,4,1,0.285886638,0.135,1,301.1747336,0,0,4,1
7,grate,Task B ,2,4,0,0.309491664,0.135,1,147.0925247,0,0,4,8
8,grate,Task B ,1,2,0,0.079934445,0.033,2,153.2420616,0,0,1,3
8,grate,Task B ,1,1,0,-0.433827866,0.033,2,19.24917247,0,0,1,4
8,grate,Task B ,1,1,0,1.61970087,0.033,2,42.88627217,0,0,1,4
8,grate,Task B ,1,3,0,0.127137169,0.067,2,327.120605,0,0,3,2
8,grate,Task B ,1,2,1,0.211828999,0.067,1,22.39693773,0,0,3,3
8,grate,Task B ,1,1,0,-0.905625875,0.05,2,288.1788802,0,0,2,4
9,grate,Task B ,1,4,1,-0.005029415,0.067,1,165.1473572,0,0,3,1
9,grate,Task B ,2,2,1,-1.370029976,0.067,2,82.36203469,0,0,3,6
9,grate,Task B ,1,4,1,0.162924932,0.067,1,38.79864966,0,0,3,1
9,grate,Task B ,1,4,1,-0.031855971,0.05,1,88.5369065,0,0,2,1
9,grate,Task B ,2,1,0,-0.128962713,0.033,1,342.6989337,0,0,1,5
9,grate,Task B ,1,3,0,-0.311060633,0.067,2,79.85783876,0,0,3,2
10,grate,Task B ,1,1,1,-0.385763471,0.033,1,184.3414692,0,0,1,4
10,grate,Task B ,2,2,1,-1.768739859,0.135,2,322.8616926,0,0,4,6
10,grate,Task B ,1,1,0,0.238137272,0.05,2,276.8798933,0,0,2,4
10,grate,Task B ,1,1,1,0.478909611,0.033,1,91.57513951,0,0,1,4
10,grate,Task B ,1,1,0,-2.858901798,0.033,2,343.4405826,0,0,1,4
10,grate,Task B ,1,1,0,-0.446661271,0.135,2,216.3137793,0,0,4,4
1,grate,Task B ,1,3,0,-0.478433079,0.05,2,347.7191673,0,0,2,2
1,grate,Task B ,1,4,1,-0.146441046,0.067,1,115.0171654,0,0,3,1
1,grate,Task B ,2,1,0,0.135308655,0.033,1,293.9121952,0,0,1,5
1,grate,Task B ,2,3,1,-3.27071908,0.05,2,240.4365558,0,0,2,7
1,grate,Task B ,1,2,1,0.393017314,0.067,1,161.047184,0,0,3,3
1,grate,Task B ,2,1,1,-0.434790568,0.067,2,139.4066053,0,0,3,5
2,grate,Task B ,1,1,0,-2.633679978,0.033,2,290.3666465,0,0,1,4
2,grate,Task B ,2,1,0,-0.255046458,0.033,1,30.50169471,0,0,1,5
2,grate,Task B ,2,3,1,0.538723159,0.05,2,311.3700811,0,0,2,7
2,grate,Task B ,1,3,0,0.224949335,0.135,2,251.6913758,0,0,4,2
2,grate,Task B ,1,2,1,0.512412868,0.033,1,65.48060987,0,0,1,3
2,grate,Task B ,1,2,0,-0.323735685,0.135,2,34.47832408,0,0,4,3
3,grate,Task B ,2,4,1,-0.384123924,0.135,2,322.6539163,0,0,4,8
3,grate,Task B ,2,2,1,1.766899168,0.05,2,310.3764237,0,0,2,6
3,grate,Task B ,1,4,1,0.038082691,0.135,1,88.7073363,0,0,4,1
3,grate,Task B ,1,1,1,-0.078656919,0.033,1,280.2785286,0,0,1,4
3,grate,Task B ,2,3,1,-1.539578691,0.135,2,115.7930004,0,0,4,7
3,grate,Task B ,1,4,1,-0.010322892,0.05,1,254.2887352,0,0,2,1
4,grate,Task B ,1,1,1,-0.61157577,0.033,1,243.2847946,0,0,1,4
4,grate,Task B ,2,4,1,2.100001417,0.135,2,82.02147684,0,0,4,8
4,grate,Task B ,1,2,0,-1.279602095,0.033,2,201.6870717,0,0,1,3
4,grate,Task B ,2,2,1,-1.008393218,0.05,2,232.0528507,0,0,2,6
4,grate,Task B ,1,1,0,-3.409923824,0.05,2,286.895239,0,0,2,4
4,grate,Task B ,1,4,1,0.366756886,0.05,1,263.1470972,0,0,2,1
5,grate,Task B ,1,3,1,0.040641622,0.135,1,19.20777575,0,0,4,2
5,grate,Task B ,2,4,1,3.020874458,0.033,2,26.83315403,0,0,1,8
5,grate,Task B ,2,4,0,-0.69807195,0.067,1,319.642588,0,0,3,8
5,grate,Task B ,1,4,1,0.559926827,0.05,1,156.2947559,0,0,2,1
5,grate,Task B ,2,1,1,0.855760075,0.033,2,262.5423253,0,0,1,5
5,grate,Task B ,2,4,1,-0.427355614,0.135,2,117.8774231,0,0,4,8
6,grate,Task B ,2,3,1,-0.58815318,0.033,2,113.5435897,0,0,1,7
6,grate,Task B ,2,3,1,-0.230162289,0.135,2,331.2308822,0,0,4,7
6,grate,Task B ,1,1,0,-1.15804632,0.033,2,54.23665318,0,0,1,4
6,grate,Task B ,1,2,0,1.113146409,0.033,2,196.6786452,0,0,1,3
6,grate,Task B ,2,3,0,0.016230585,0.135,1,97.59226055,0,0,4,7
6,grate,Task B ,2,3,1,-0.698196219,0.135,2,288.2397669,0,0,4,7
7,grate,Task B ,2,1,0,0.381808158,0.067,1,107.3720138,0,0,3,5
7,grate,Task B ,1,4,1,-0.261659215,0.135,1,37.79218578,0,0,4,1
7,grate,Task B ,1,4,0,0.04272616,0.05,2,23.34876478,0,0,2,1
7,grate,Task B ,2,4,0,0.251934866,0.067,1,232.2540945,0,0,3,8
7,grate,Task B ,1,4,0,1.440425652,0.033,2,290.3964706,0,0,1,1
7,grate,Task B ,1,1,1,0.114607781,0.135,1,91.43809221,0,0,4,4
8,grate,Task B ,1,2,1,-0.164812142,0.067,1,148.3370812,0,0,3,3
8,grate,Task B ,1,1,1,-0.296067027,0.033,1,236.0934012,0,0,1,4
8,grate,Task B ,2,1,1,0.742829706,0.05,2,327.4738717,0,0,2,5
8,grate,Task B ,1,3,0,-0.23686668,0.135,2,36.40246837,0,0,4,2
8,grate,Task B ,2,1,0,0.474064505,0.033,1,147.4432711,0,0,1,5
8,grate,Task B ,2,2,1,-0.837530337,0.067,2,207.5119286,0,0,3,6
9,grate,Task B ,2,4,1,1.225047726,0.135,2,20.96166364,0,0,4,8
9,grate,Task B ,1,2,0,-1.489464305,0.033,2,55.5312499,0,0,1,3
9,grate,Task B ,2,4,1,2.551591824,0.135,2,207.861505,0,0,4,8
9,grate,Task B ,1,1,0,0.532704228,0.05,2,260.0683813,0,0,2,4
9,grate,Task B ,2,3,1,-2.790109507,0.067,2,130.3234568,0,0,3,7
9,grate,Task B ,1,4,1,-0.084116406,0.067,1,336.9137,0,0,3,1
10,grate,Task B ,1,1,0,1.04816149,0.033,2,17.63045736,0,0,1,4
10,grate,Task B ,1,1,0,2.230042388,0.05,2,336.1583697,0,0,2,4
10,grate,Task B ,2,2,1,-1.540941539,0.067,2,295.1784883,0,0,3,6
10,grate,Task B ,1,1,0,0.541358694,0.033,2,292.6015333,0,0,1,4
10,grate,Task B ,1,1,0,1.493929703,0.05,2,245.4354609,0,0,2,4
10,grate,Task B ,1,2,1,0.350041937,0.135,1,223.8651605,0,0,4,3
1,grate,Task B ,1,1,0,2.829469529,0.033,2,139.5427278,0,0,1,4
1,grate,Task B ,1,3,1,0.147414363,0.135,1,279.6367696,0,0,4,2
1,grate,Task B ,1,1,1,0.50324883,0.033,1,271.3142235,0,0,1,4
1,grate,Task B ,1,1,0,-3.772892897,0.033,2,10.42992912,0,0,1,4
1,grate,Task B ,1,2,1,-0.331996278,0.05,1,100.1654913,0,0,2,3
1,grate,Task B ,2,1,1,1.515039865,0.033,2,139.2854482,0,0,1,5
2,grate,Task B ,1,3,0,-0.322089872,0.135,2,241.4098116,0,0,4,2
2,grate,Task B ,2,4,1,0.874238034,0.135,2,235.6527171,0,0,4,8
2,grate,Task B ,1,1,0,-0.232531547,0.05,2,213.7882855,0,0,2,4
2,grate,Task B ,1,1,1,0.44642215,0.067,1,31.21951745,0,0,3,4
2,grate,Task B ,1,4,1,0.279160275,0.135,1,259.4180018,0,0,4,1
2,grate,Task B ,2,2,0,0.265938233,0.135,1,179.1587598,0,0,4,6
3,grate,Task B ,1,2,1,0.282202604,0.135,1,126.6168506,0,0,4,3
3,grate,Task B ,1,3,0,0.165478495,0.067,2,118.3550787,0,0,3,2
3,grate,Task B ,1,1,1,-0.718688984,0.05,1,308.3943558,0,0,2,4
3,grate,Task B ,2,1,0,-0.631502166,0.033,1,214.5230863,0,0,1,5
3,grate,Task B ,1,4,1,-0.284946836,0.067,1,115.044938,0,0,3,1
3,grate,Task B ,2,4,1,-3.70355449,0.067,2,254.4081709,0,0,3,8
4,grate,Task B ,2,4,1,-0.121133056,0.135,2,31.91547113,0,0,4,8
4,grate,Task B ,2,1,0,0.315651438,0.135,1,171.3474383,0,0,4,5
4,grate,Task B ,2,3,1,1.521524184,0.05,2,5.96084822,0,0,2,7
4,grate,Task B ,1,4,0,0.442595601,0.067,2,164.3652523,0,0,3,1
4,grate,Task B ,2,3,0,0.558413072,0.135,1,357.1063859,0,0,4,7
4,grate,Task B ,1,2,0,1.288294319,0.033,2,36.75088469,0,0,1,3
5,grate,Task B ,1,4,1,0.145776512,0.05,1,238.0464633,0,0,2,1
5,grate,Task B ,1,3,1,-0.025916622,0.135,1,128.6896663,0,0,4,2
5,grate,Task B ,2,4,1,1.700278577,0.05,2,167.0600257,0,0,2,8
5,grate,Task B ,1,4,1,-0.347198734,0.05,1,350.9183391,0,0,2,1
5,grate,Task B ,1,4,1,0.046330492,0.05,1,116.1259959,0,0,2,1
5,grate,Task B ,1,4,0,-0.114245942,0.067,2,326.6582462,0,0,3,1
6,grate,Task B ,1,2,1,0.627124278,0.135,1,17.9738435,0,0,4,3
6,grate,Task B ,1,3,1,-0.124225573,0.033,1,25.36775142,0,0,1,2
6,grate,Task B ,1,3,1,-0.06943192,0.05,1,191.1905063,0,0,2,2
6,grate,Task B ,1,2,1,-0.0211727,0.05,1,247.4995609,0,0,2,3
6,grate,Task B ,2,3,1,-1.323947871,0.067,2,27.24763095,0,0,3,7
6,grate,Task B ,2,2,0,0.7754576,0.135,1,256.2500624,0,0,4,6
7,grate,Task B ,2,4,0,0.654786682,0.05,1,264.181722,0,0,2,8
7,grate,Task B ,1,4,1,0.355058451,0.033,1,195.7389343,0,0,1,1
7,grate,Task B ,1,4,1,-0.073739532,0.05,1,117.7314807,0,0,2,1
7,grate,Task B ,1,4,0,0.076093533,0.033,2,181.2438103,0,0,1,1
7,grate,Task B ,1,4,1,-0.070924771,0.05,1,104.0160385,0,0,2,1
7,grate,Task B ,1,4,1,0.033528907,0.067,1,359.6339738,0,0,3,1
8,grate,Task B ,2,2,1,0.075668618,0.033,2,209.7247623,0,0,1,6
8,grate,Task B ,1,4,1,0.395788011,0.135,1,85.00191306,0,0,4,1
8,grate,Task B ,2,4,1,2.79024819,0.067,2,242.0892312,0,0,3,8
8,grate,Task B ,2,1,1,-1.062188044,0.05,2,227.2274531,0,0,2,5
8,grate,Task B ,1,3,1,-0.11584745,0.135,1,135.4434585,0,0,4,2
8,grate,Task B ,1,1,1,-0.091321054,0.033,1,11.71489861,0,0,1,4
9,grate,Task B ,2,1,1,-0.167765166,0.05,2,119.980988,0,0,2,5
9,grate,Task B ,2,4,0,0.700390318,0.135,1,265.0270442,0,0,4,8
9,grate,Task B ,1,4,1,-0.076855764,0.135,1,329.4232394,0,0,4,1
9,grate,Task B ,1,1,0,1.223230695,0.05,2,1.385679002,0,0,2,4
9,grate,Task B ,1,4,1,0.61698498,0.135,1,14.73459931,0,0,4,1
9,grate,Task B ,2,4,1,1.573607242,0.135,2,254.6358836,0,0,4,8
10,grate,Task B ,2,1,0,0.365383589,0.05,1,124.6864822,0,0,2,5
10,grate,Task B ,2,2,1,-1.189441059,0.135,2,196.1386839,0,0,4,6
10,grate,Task B ,1,2,1,0.633218345,0.135,1,47.43166597,0,0,4,3
10,grate,Task B ,1,1,0,0.045857543,0.135,2,8.424149829,0,0,4,4
10,grate,Task B ,1,1,1,0.144876833,0.135,1,33.06939767,0,0,4,4
10,grate,Task B ,1,1,1,0.079483881,0.033,1,244.9497062,0,0,1,4
1,grate,Task B ,2,4,0,-0.167646277,0.05,1,139.3716631,0,0,2,8
1,grate,Task B ,2,3,0,0.477240323,0.067,1,238.2887487,0,0,3,7
1,grate,Task B ,1,3,1,-0.080084638,0.067,1,141.7523656,0,0,3,2
1,grate,Task B ,1,3,0,0.511181414,0.05,2,78.2525211,0,0,2,2
1,grate,Task B ,1,3,1,0.08495354,0.067,1,204.803404,0,0,3,2
1,grate,Task B ,1,1,1,-0.321608597,0.033,1,287.6145999,0,0,1,4
2,grate,Task B ,2,1,1,1.074319662,0.05,2,135.9449128,0,0,2,5
2,grate,Task B ,2,2,1,-0.263992723,0.135,2,351.6339393,0,0,4,6
2,grate,Task B ,1,2,0,0.921293451,0.067,2,272.0672076,0,0,3,3
2,grate,Task B ,1,4,0,-0.416084126,0.135,2,280.230067,0,0,4,1
2,grate,Task B ,1,2,0,0.442338295,0.067,2,70.12275552,0,0,3,3
2,grate,Task B ,1,2,1,0.216244139,0.067,1,280.5994637,0,0,3,3
3,grate,Task B ,2,2,1,0.742797513,0.135,2,246.8451204,0,0,4,6
3,grate,Task B ,1,3,1,-0.249238003,0.135,1,136.5447136,0,0,4,2
3,grate,Task B ,1,2,0,-1.45765004,0.05,2,250.2108165,0,0,2,3
3,grate,Task B ,1,4,0,0.012750088,0.067,2,255.0457725,0,0,3,1
3,grate,Task B ,1,1,1,-0.004075767,0.135,1,333.2577759,0,0,4,4
3,grate,Task B ,2,3,1,-2.175578426,0.067,2,270.7316975,0,0,3,7
4,grate,Task B ,1,1,1,-0.09521713,0.033,1,101.0935337,0,0,1,4
4,grate,Task B ,2,4,1,2.106243584,0.067,2,249.8177159,0,0,3,8
4,grate,Task B ,1,3,1,-0.007076722,0.067,1,171.7708281,0,0,3,2
4,grate,Task B ,2,3,1,-1.028010345,0.05,2,13.11867058,0,0,2,7
4,grate,Task B ,2,3,1,-0.977458793,0.05,2,358.8724267,0,0,2,7
4,grate,Task B ,1,1,0,-1.428095289,0.033,2,261.957953,0,0,1,4
5,grate,Task B ,1,1,0,-0.00670234,0.033,2,45.57128237,0,0,1,4
5,grate,Task B ,1,3,0,-0.591680099,0.033,2,288.7184293,0,0,1,2
5,grate,Task B ,1,3,1,-0.365094158,0.033,1,20.79410552,0,0,1,2
5,grate,Task B ,1,1,1,0.028614458,0.033,1,318.0795432,0,0,1,4
5,grate,Task B ,1,4,1,-0.345808533,0.033,1,270.4463133,0,0,1,1
5,grate,Task B ,1,3,1,0.43712106,0.067,1,106.9700682,0,0,3,2
6,grate,Task B ,1,3,0,1.881472605,0.033,2,36.43048636,0,0,1,2
6,grate,Task B ,2,3,0,-0.115720159,0.05,1,56.7858683,0,0,2,7
6,grate,Task B ,1,3,0,0.837125948,0.05,2,34.93917882,0,0,2,2
6,grate,Task B ,1,3,0,0.471374227,0.05,2,119.3965014,0,0,2,2
6,grate,Task B ,2,3,1,2.333836202,0.033,2,330.8009626,0,0,1,7
6,grate,Task B ,1,3,1,-0.289203093,0.067,1,321.8747986,0,0,3,2
7,grate,Task B ,1,3,0,-0.662709805,0.135,2,128.3415981,0,0,4,2
7,grate,Task B ,2,4,0,-0.505465129,0.05,1,221.6354365,0,0,2,8
7,grate,Task B ,1,4,1,-0.095027852,0.135,1,130.9772202,0,0,4,1
7,grate,Task B ,1,4,0,-2.341379178,0.067,2,44.07568054,0,0,3,1
7,grate,Task B ,1,4,1,-0.802782553,0.067,1,317.2740549,0,0,3,1
7,grate,Task B ,2,4,1,1.441403639,0.067,2,63.51873175,0,0,3,8
8,grate,Task B ,2,4,1,-1.098131014,0.135,2,99.5016935,0,0,4,8
8,grate,Task B ,2,4,1,1.281195774,0.067,2,52.26200932,0,0,3,8
8,grate,Task B ,1,1,1,-0.259974208,0.033,1,354.9431079,0,0,1,4
8,grate,Task B ,1,2,0,0.488179228,0.05,2,111.31246,0,0,2,3
8,grate,Task B ,2,3,0,-0.340785069,0.135,1,27.93805551,0,0,4,7
8,grate,Task B ,1,3,0,1.210540398,0.05,2,61.48038901,0,0,2,2
9,grate,Task B ,1,4,1,0.193178559,0.067,1,248.5879185,0,0,3,1
9,grate,Task B ,2,2,1,-2.629925613,0.05,2,280.0332354,0,0,2,6
9,grate,Task B ,2,1,1,1.016681149,0.033,2,46.28942058,0,0,1,5
9,grate,Task B ,2,4,1,-0.54556399,0.033,2,162.532755,0,0,1,8
9,grate,Task B ,1,4,0,-1.022799739,0.033,2,168.2673303,0,0,1,1
9,grate,Task B ,1,4,0,0.155842855,0.135,2,72.63618305,0,0,4,1
10,grate,Task B ,1,1,0,1.248508621,0.05,2,149.86288,0,0,2,4
10,grate,Task B ,1,1,1,-0.381956806,0.135,1,320.6216881,0,0,4,4
10,grate,Task B ,1,1,0,0.654976895,0.135,2,252.6749577,0,0,4,4
10,grate,Task B ,1,1,1,0.210387749,0.067,1,14.26216492,0,0,3,4
10,grate,Task B ,1,2,1,-0.05611696,0.067,1,256.4389878,0,0,3,3
10,grate,Task B ,1,1,1,-0.313774628,0.05,1,140.7596569,0,0,2,4
1,grate,Task B ,1,1,1,0.246148687,0.033,1,8.882762846,0,0,1,4
1,grate,Task B ,1,3,1,-0.175400567,0.05,1,266.272718,0,0,2,2
1,grate,Task B ,1,1,1,0.094674599,0.033,1,30.27243741,0,0,1,4
1,grate,Task B ,2,3,0,0.193154639,0.05,1,112.2896279,0,0,2,7
1,grate,Task B ,1,2,1,-0.719274383,0.067,1,272.4233908,0,0,3,3
1,grate,Task B ,1,2,1,-0.423590626,0.067,1,332.0194683,0,0,3,3
2,grate,Task B ,1,3,1,-0.171192824,0.135,1,7.498515182,0,0,4,2
2,grate,Task B ,2,1,0,-0.075688167,0.033,1,292.2492901,0,0,1,5
2,grate,Task B ,1,2,1,0.272128837,0.135,1,188.137438,0,0,4,3
2,grate,Task B ,2,4,1,0.96398617,0.067,2,35.08488591,0,0,3,8
2,grate,Task B ,1,2,0,0.834617091,0.033,2,180.4332912,0,0,1,3
2,grate,Task B ,2,2,1,0.440828768,0.033,2,91.3945444,0,0,1,6
3,grate,Task B ,2,4,1,1.532443828,0.033,2,285.1666962,0,0,1,8
3,grate,Task B ,2,1,0,-0.654306021,0.05,1,250.3011001,0,0,2,5
3,grate,Task B ,1,2,0,0.707880045,0.067,2,100.9060192,0,0,3,3
3,grate,Task B ,2,1,1,2.380189976,0.05,2,195.1209769,0,0,2,5
3,grate,Task B ,2,3,1,-0.367743273,0.067,2,37.84194528,0,0,3,7
3,grate,Task B ,2,4,0,0.83413839,0.135,1,55.96651995,0,0,4,8
4,grate,Task B ,1,3,1,0.41866258,0.067,1,21.62673417,0,0,3,2
4,grate,Task B ,1,1,1,-0.087039192,0.033,1,167.6792305,0,0,1,4
4,grate,Task B ,1,4,1,0.164579329,0.135,1,269.1875284,0,0,4,1
4,grate,Task B ,1,1,1,0.175217705,0.033,1,216.1724517,0,0,1,4
4,grate,Task B ,1,1,1,0.032413586,0.05,1,9.223214411,0,0,2,4
4,grate,Task B ,1,3,1,0.37025843,0.067,1,140.5501486,0,0,3,2
5,grate,Task B ,1,3,1,0.230816238,0.135,1,251.8912813,0,0,4,2
5,grate,Task B ,1,2,1,-0.138816136,0.135,1,64.83662041,0,0,4,3
5,grate,Task B ,2,4,1,-0.905447814,0.135,2,279.8759513,0,0,4,8
5,grate,Task B ,1,4,0,-0.129614224,0.05,2,224.9121881,0,0,2,1
5,grate,Task B ,2,4,1,-0.822963652,0.135,2,309.5284451,0,0,4,8
5,grate,Task B ,1,3,0,0.890938816,0.033,2,308.3805565,0,0,1,2
6,grate,Task B ,2,2,1,-1.347155919,0.067,2,39.25266037,0,0,3,6
6,grate,Task B ,2,3,0,-0.224036359,0.05,1,220.2661831,0,0,2,7
6,grate,Task B ,2,3,1,0.07553979,0.067,2,186.6697053,0,0,3,7
6,grate,Task B ,1,3,1,0.194742794,0.05,1,304.1534618,0,0,2,2
6,grate,Task B ,1,3,0,1.053748803,0.033,2,315.716745,0,0,1,2
6,grate,Task B ,2,3,1,1.399782297,0.05,2,100.1293803,0,0,2,7
7,grate,Task B ,2,4,1,0.52410997,0.135,2,262.4883175,0,0,4,8
7,grate,Task B ,1,4,1,-0.284488893,0.05,1,248.0019496,0,0,2,1
7,grate,Task B ,1,4,0,-0.075480451,0.135,2,23.9229631,0,0,4,1
7,grate,Task B ,1,4,1,-0.113745121,0.033,1,206.0169741,0,0,1,1
7,grate,Task B ,1,4,0,2.367461521,0.05,2,54.93826761,0,0,2,1
7,grate,Task B ,1,1,1,-0.261713079,0.05,1,215.3191518,0,0,2,4
8,grate,Task B ,1,2,0,1.679593481,0.067,2,292.0549311,0,0,3,3
8,grate,Task B ,2,2,0,0.312090315,0.05,1,160.5785731,0,0,2,6
8,grate,Task B ,1,3,1,-0.19427343,0.135,1,250.9369125,0,0,4,2
8,grate,Task B ,2,3,1,-1.416029881,0.05,2,319.2280426,0,0,2,7
8,grate,Task B ,2,2,1,-1.264745474,0.067,2,317.9032773,0,0,3,6
8,grate,Task B ,2,1,0,0.586800837,0.033,1,192.4193655,0,0,1,5
9,grate,Task B ,1,1,1,0.283764111,0.05,1,192.7063314,0,0,2,4
9,grate,Task B ,1,4,1,0.315590938,0.067,1,197.6367222,0,0,3,1
9,grate,Task B ,1,3,1,-0.719185856,0.067,1,175.8329963,0,0,3,2
9,grate,Task B ,1,1,0,-0.365703024,0.05,2,88.50617534,0,0,2,4
9,grate,Task B ,2,1,1,-1.910526239,0.033,2,272.9815899,0,0,1,5
9,grate,Task B ,1,4,1,0.021660888,0.135,1,162.5267622,0,0,4,1
10,grate,Task B ,1,2,1,-0.118625693,0.05,1,159.9167574,0,0,2,3
10,grate,Task B ,1,1,0,0.301807943,0.135,2,165.8380739,0,0,4,4
10,grate,Task B ,1,1,0,0.871698144,0.033,2,251.0641798,0,0,1,4
10,grate,Task B ,2,2,1,1.136509755,0.05,2,6.512242006,0,0,2,6
10,grate,Task B ,1,2,0,0.285453905,0.067,2,172.6611066,0,0,3,3
10,grate,Task B ,1,2,1,-0.926403642,0.05,1,69.32464694,0,0,2,3
1,grate,Task B ,1,2,0,0.076696199,0.05,2,205.7329783,0,0,2,3
1,grate,Task B ,2,2,0,-0.129663698,0.05,1,46.82412995,0,0,2,6
1,grate,Task B ,1,2,0,0.572598953,0.05,2,124.1669846,0,0,2,3
1,grate,Task B ,2,2,0,0.255195259,0.135,1,139.4242932,0,0,4,6
1,grate,Task B ,2,4,1,2.516980117,0.135,2,129.6535866,0,0,4,8
1,grate,Task B ,1,3,1,-0.002858419,0.067,1,0.786123921,0,0,3,2
2,grate,Task B ,1,3,1,0.235061203,0.135,1,189.3284051,0,0,4,2
2,grate,Task B ,2,4,1,-0.832302853,0.067,2,358.0671198,0,0,3,8
2,grate,Task B ,2,2,1,0.244883566,0.067,2,8.562815448,0,0,3,6
2,grate,Task B ,1,1,1,0.4084077,0.033,1,141.8529876,0,0,1,4
2,grate,Task B ,1,4,0,-0.704450214,0.05,2,5.766868507,0,0,2,1
2,grate,Task B ,2,3,1,-0.774565378,0.135,2,320.5462795,0,0,4,7
3,grate,Task B ,2,2,1,-0.209323154,0.067,2,265.2892299,0,0,3,6
3,grate,Task B ,2,2,1,1.266696192,0.05,2,100.1482097,0,0,2,6
3,grate,Task B ,1,1,0,-0.086836324,0.033,2,57.14792743,0,0,1,4
3,grate,Task B ,2,2,1,1.00605462,0.067,2,298.2267622,0,0,3,6
3,grate,Task B ,2,3,1,-0.704271081,0.135,2,235.5301177,0,0,4,7
3,grate,Task B ,1,2,1,0.241607222,0.067,1,231.3625762,0,0,3,3
4,grate,Task B ,2,3,1,-1.119829874,0.05,2,80.9947416,0,0,2,7
4,grate,Task B ,1,4,1,0.294043283,0.135,1,179.690267,0,0,4,1
4,grate,Task B ,2,2,0,0.03908863,0.05,1,199.4152298,0,0,2,6
4,grate,Task B ,1,4,0,-0.609149326,0.067,2,308.7887782,0,0,3,1
4,grate,Task B ,1,1,0,0.315307698,0.05,2,317.2503326,0,0,2,4
4,grate,Task B ,1,1,1,0.2284467,0.033,1,10.33660494,0,0,1,4
5,grate,Task B ,1,2,0,-0.711238295,0.033,2,323.2107299,0,0,1,3
5,grate,Task B ,1,2,1,0.132937667,0.135,1,225.3249444,0,0,4,3
5,grate,Task B ,2,4,1,1.330015561,0.05,2,250.588805,0,0,2,8
5,grate,Task B ,1,4,1,-0.387062395,0.135,1,255.4013232,0,0,4,1
5,grate,Task B ,1,1,0,0.3214386,0.033,2,80.00604019,0,0,1,4
5,grate,Task B ,1,4,1,-0.046659111,0.067,1,243.0819121,0,0,3,1
6,grate,Task B ,2,3,0,-0.232471883,0.033,1,323.1402165,0,0,1,7
6,grate,Task B ,1,3,1,-0.219771478,0.135,1,134.1183324,0,0,4,2
6,grate,Task B ,1,3,1,-0.384929853,0.033,1,30.84137118,0,0,1,2
6,grate,Task B ,2,3,0,-0.165471835,0.05,1,299.1663554,0,0,2,7
6,grate,Task B ,2,3,0,0.101171544,0.05,1,52.96795366,0,0,2,7
6,grate,Task B ,1,3,1,-0.120026975,0.135,1,340.2244612,0,0,4,2
7,grate,Task B ,2,4,0,-0.417248799,0.033,1,268.5302962,0,0,1,8
7,grate,Task B ,1,4,1,-0.009110113,0.05,1,331.8528358,0,0,2,1
7,grate,Task B ,1,4,1,-0.071283526,0.033,1,173.5987544,0,0,1,1
7,grate,Task B ,1,4,0,0.218049132,0.135,2,37.60612299,0,0,4,1
7,grate,Task B ,1,4,1,0.429860837,0.033,1,309.4626907,0,0,1,1
7,grate,Task B ,2,4,1,-2.584018721,0.135,2,175.8305816,0,0,4,8
8,grate,Task B ,1,1,0,-2.738089179,0.033,2,346.841245,0,0,1,4
8,grate,Task B ,1,3,0,0.298597348,0.067,2,36.45067273,0,0,3,2
8,grate,Task B ,2,4,1,0.782697219,0.135,2,175.2257941,0,0,4,8
8,grate,Task B ,1,2,1,0.279057739,0.135,1,258.1560312,0,0,4,3
8,grate,Task B ,1,4,0,-0.244195417,0.135,2,131.1254246,0,0,4,1
8,grate,Task B ,2,2,1,-1.05914678,0.05,2,47.53977122,0,0,2,6
9,grate,Task B ,2,1,1,0.557925375,0.05,2,175.3846469,0,0,2,5
9,grate,Task B ,2,1,0,-0.207666173,0.033,1,199.5776225,0,0,1,5
9,grate,Task B ,1,4,0,0.878665905,0.067,2,292.3052637,0,0,3,1
9,grate,Task B ,2,1,0,-0.013369093,0.033,1,338.1739969,0,0,1,5
9,grate,Task B ,2,4,0,-0.546239954,0.135,1,6.628667494,0,0,4,8
9,grate,Task B ,1,4,1,-0.550696941,0.135,1,156.2799584,0,0,4,1
10,grate,Task B ,1,1,0,-0.308873912,0.033,2,105.0377386,0,0,1,4
10,grate,Task B ,2,2,1,-2.947877765,0.067,2,238.3792886,0,0,3,6
10,grate,Task B ,1,2,1,-0.074351704,0.05,1,303.8477337,0,0,2,3
10,grate,Task B ,1,1,1,0.567808453,0.033,1,302.8990375,0,0,1,4
10,grate,Task B ,1,1,0,1.075744727,0.05,2,354.4892256,0,0,2,4
10,grate,Task B ,2,1,1,-1.416995989,0.135,2,25.1424814,0,0,4,5
1,grate,Task B ,1,1,1,-0.077850148,0.033,1,146.3583814,0,0,1,4
1,grate,Task B ,1,1,1,-0.594548596,0.033,1,266.7846696,0,0,1,4
1,grate,Task B ,1,1,1,-0.165545844,0.05,1,199.9181755,0,0,2,4
1,grate,Task B ,1,1,0,-1.297151508,0.033,2,258.5622024,0,0,1,4
1,grate,Task B ,1,3,1,-0.189318187,0.067,1,294.9705476,0,0,3,2
1,grate,Task B ,2,2,1,-0.53473302,0.135,2,301.6309,0,0,4,6
2,grate,Task B ,1,1,1,0.284553916,0.135,1,339.641342,0,0,4,4
2,grate,Task B ,1,1,1,0.023686092,0.05,1,317.7385143,0,0,2,4
2,grate,Task B ,1,4,1,-0.230028617,0.067,1,314.0494522,0,0,3,1
2,grate,Task B ,1,2,0,-1.210933035,0.05,2,0.901576292,0,0,2,3
2,grate,Task B ,1,4,1,0.294886068,0.135,1,272.2024119,0,0,4,1
2,grate,Task B ,2,2,0,-0.180986308,0.05,1,134.8929743,0,0,2,6
3,grate,Task B ,1,4,1,0.08422873,0.135,1,106.9705683,0,0,4,1
3,grate,Task B ,1,3,1,0.154282977,0.033,1,300.208848,0,0,1,2
3,grate,Task B ,1,1,0,-1.050225471,0.033,2,11.54362669,0,0,1,4
3,grate,Task B ,1,4,1,-0.23573093,0.05,1,267.2490971,0,0,2,1
3,grate,Task B ,1,3,1,-0.157318761,0.067,1,74.43046012,0,0,3,2
3,grate,Task B ,2,1,1,-0.351609844,0.033,2,11.10587753,0,0,1,5
4,grate,Task B ,1,3,1,-0.376757389,0.067,1,39.94701248,0,0,3,2
4,grate,Task B ,1,2,1,-0.441761622,0.033,1,85.49092704,0,0,1,3
4,grate,Task B ,2,4,1,3.617382581,0.05,2,283.1277572,0,0,2,8
4,grate,Task B ,1,2,1,0.66321246,0.033,1,48.28009352,0,0,1,3
4,grate,Task B ,1,4,1,-0.322762828,0.135,1,251.6903867,0,0,4,1
4,grate,Task B ,1,1,0,-0.167232934,0.033,2,42.24422422,0,0,1,4
5,grate,Task B ,1,4,1,0.53982225,0.05,1,94.4290133,0,0,2,1
5,grate,Task B ,2,4,1,-0.618730006,0.135,2,267.2996014,0,0,4,8
5,grate,Task B ,1,1,1,0.665519717,0.033,1,349.5187861,0,0,1,4
5,grate,Task B ,2,4,1,1.300058294,0.135,2,159.9567715,0,0,4,8
5,grate,Task B ,2,4,1,-0.668362534,0.135,2,41.73572656,0,0,4,8
5,grate,Task B ,2,4,0,-0.252634092,0.135,1,320.8132457,0,0,4,8
6,grate,Task B ,2,3,1,-0.762466196,0.033,2,23.80455352,0,0,1,7
6,grate,Task B ,2,3,1,1.728871402,0.067,2,320.0141446,0,0,3,7
6,grate,Task B ,1,2,1,0.041129118,0.033,1,358.6135537,0,0,1,3
6,grate,Task B ,2,3,1,0.893128015,0.135,2,258.1513018,0,0,4,7
6,grate,Task B ,1,2,0,-0.406483473,0.05,2,116.8774336,0,0,2,3
6,grate,Task B ,1,3,1,0.493492537,0.033,1,339.6647726,0,0,1,2
7,grate,Task B ,1,3,0,-0.252079648,0.067,2,65.49261057,0,0,3,2
7,grate,Task B ,2,4,0,0.776923415,0.135,1,313.7060726,0,0,4,8
7,grate,Task B ,2,4,1,-1.221841165,0.135,2,129.1986002,0,0,4,8
7,grate,Task B ,2,1,0,0.196110549,0.135,1,58.77008423,0,0,4,5
7,grate,Task B ,1,4,0,-1.496082505,0.033,2,37.90170865,0,0,1,1
7,grate,Task B ,2,4,0,-0.327685086,0.067,1,8.548119719,0,0,3,8
8,grate,Task B ,1,3,0,-0.082379578,0.135,2,19.83150092,0,0,4,2
8,grate,Task B ,1,1,1,0.185704913,0.05,1,25.78237182,0,0,2,4
8,grate,Task B ,1,1,1,0.042748264,0.033,1,73.98216961,0,0,1,4
8,grate,Task B ,2,1,1,-0.894500742,0.033,2,135.4058439,0,0,1,5
8,grate,Task B ,2,2,0,0.097753753,0.05,1,17.59777646,0,0,2,6
8,grate,Task B ,2,4,1,2.581784101,0.135,2,241.9939948,0,0,4,8
9,grate,Task B ,2,2,0,0.557506012,0.067,1,280.380875,0,0,3,6
9,grate,Task B ,1,1,1,0.18798458,0.033,1,294.5744902,0,0,1,4
9,grate,Task B ,2,4,1,1.669493835,0.135,2,217.1220944,0,0,4,8
9,grate,Task B ,2,1,0,-0.437260265,0.05,1,80.47103978,0,0,2,5
9,grate,Task B ,1,1,1,-0.267993443,0.05,1,344.714454,0,0,2,4
9,grate,Task B ,2,1,0,-0.503900184,0.033,1,182.6126217,0,0,1,5
10,grate,Task B ,1,2,0,1.596885012,0.05,2,127.8262036,0,0,2,3
10,grate,Task B ,1,2,1,-0.388570344,0.135,1,42.90824569,0,0,4,3
10,grate,Task B ,1,1,0,-1.92058675,0.033,2,108.473036,0,0,1,4
10,grate,Task B ,1,1,1,-0.097772135,0.033,1,359.9144563,0,0,1,4
10,grate,Task B ,1,2,1,-0.166289204,0.067,1,164.784776,0,0,3,3
10,grate,Task B ,1,2,1,0.160384258,0.05,1,27.66457944,0,0,2,3
1,grate,Task B ,2,3,0,-0.055475558,0.067,1,153.884205,0,0,3,7
1,grate,Task B ,1,3,0,0.934904362,0.067,2,342.2500788,0,0,3,2
1,grate,Task B ,1,1,0,0.682548316,0.05,2,161.4096565,0,0,2,4
1,grate,Task B ,2,1,1,-1.258313616,0.033,2,65.74928524,0,0,1,5
1,grate,Task B ,1,2,1,-0.306814405,0.05,1,93.17500034,0,0,2,3
1,grate,Task B ,2,1,1,-2.585137569,0.033,2,289.3492108,0,0,1,5
2,grate,Task B ,1,3,1,-0.062529809,0.067,1,21.48161629,0,0,3,2
2,grate,Task B ,2,1,1,-2.377246827,0.05,2,65.82786803,0,0,2,5
2,grate,Task B ,1,2,1,0.007464598,0.05,1,160.9305956,0,0,2,3
2,grate,Task B ,1,3,1,-0.297708952,0.067,1,255.7193379,0,0,3,2
2,grate,Task B ,2,1,1,0.74128008,0.05,2,179.4245631,0,0,2,5
2,grate,Task B ,1,2,0,0.226203676,0.067,2,156.5125323,0,0,3,3
3,grate,Task B ,2,2,0,-0.123666569,0.033,1,277.578637,0,0,1,6
3,grate,Task B ,2,1,1,0.843260356,0.067,2,347.6104063,0,0,3,5
3,grate,Task B ,1,1,1,-0.081671854,0.067,1,132.6694005,0,0,3,4
3,grate,Task B ,1,1,0,-2.745616923,0.05,2,51.29104202,0,0,2,4
3,grate,Task B ,2,1,1,0.137711899,0.05,2,280.1966926,0,0,2,5
3,grate,Task B ,1,4,0,0.260275346,0.067,2,316.0794455,0,0,3,1
4,grate,Task B ,1,3,0,-0.319279444,0.135,2,64.14779801,0,0,4,2
4,grate,Task B ,2,3,1,0.308403677,0.135,2,319.1661577,0,0,4,7
4,grate,Task B ,1,2,1,0.018369052,0.05,1,327.0031036,0,0,2,3
4,grate,Task B ,2,4,0,-0.299508241,0.135,1,221.2040354,0,0,4,8
4,grate,Task B ,2,4,1,0.588137821,0.135,2,69.18463269,0,0,4,8
4,grate,Task B ,2,4,1,-1.994437831,0.135,2,48.17817666,0,0,4,8
5,grate,Task B ,1,2,1,0.240871504,0.033,1,186.5943299,0,0,1,3
5,grate,Task B ,2,4,1,-2.203510038,0.135,2,95.82990511,0,0,4,8
5,grate,Task B ,1,2,0,-1.825092146,0.033,2,144.0038074,0,0,1,3
5,grate,Task B ,1,2,1,0.306247845,0.067,1,14.88439356,0,0,3,3
5,grate,Task B ,2,4,1,-1.311499042,0.135,2,269.3656448,0,0,4,8
5,grate,Task B ,2,1,1,0.733297167,0.033,2,72.61902958,0,0,1,5
6,grate,Task B ,1,3,0,-0.70411659,0.067,2,106.6677616,0,0,3,2
6,grate,Task B ,2,2,0,0.445084098,0.067,1,229.4025173,0,0,3,6
6,grate,Task B ,1,2,0,-0.100938821,0.033,2,168.8373071,0,0,1,3
6,grate,Task B ,2,3,1,1.446025396,0.135,2,327.0096784,0,0,4,7
6,grate,Task B ,2,3,0,0.384804954,0.135,1,28.54011588,0,0,4,7
6,grate,Task B ,1,3,1,-0.090788033,0.135,1,9.99237553,0,0,4,2
7,grate,Task B ,1,4,1,-0.074051191,0.067,1,190.4111294,0,0,3,1
7,grate,Task B ,1,4,0,-1.461417067,0.033,2,56.12211882,0,0,1,1
7,grate,Task B ,2,4,1,0.018260504,0.067,2,182.9826941,0,0,3,8
7,grate,Task B ,1,4,1,0.391302837,0.135,1,180.3081755,0,0,4,1
7,grate,Task B ,1,4,0,0.356141382,0.067,2,304.2332696,0,0,3,1
7,grate,Task B ,1,4,1,-0.496288739,0.05,1,274.0949355,0,0,2,1
8,grate,Task B ,1,3,1,-0.352756638,0.135,1,338.7851062,0,0,4,2
8,grate,Task B ,2,1,0,-0.049852492,0.033,1,246.4769633,0,0,1,5
8,grate,Task B ,2,4,0,-0.605528251,0.135,1,121.345717,0,0,4,8
8,grate,Task B ,2,1,1,1.195427635,0.05,2,269.6885804,0,0,2,5
8,grate,Task B ,2,4,1,0.807796372,0.135,2,181.3187296,0,0,4,8
8,grate,Task B ,1,3,0,-0.694364557,0.05,2,202.9800594,0,0,2,2
9,grate,Task B ,2,4,1,1.094485836,0.135,2,288.2245484,0,0,4,8
9,grate,Task B ,2,4,1,0.020547007,0.067,2,80.30268878,0,0,3,8
9,grate,Task B ,1,4,1,-0.041008364,0.033,1,49.36261481,0,0,1,1
9,grate,Task B ,1,3,1,-0.376528847,0.135,1,22.12382553,0,0,4,2
9,grate,Task B ,1,4,1,-0.212269167,0.135,1,231.1475141,0,0,4,1
9,grate,Task B ,2,1,1,-1.028978464,0.135,2,301.4463393,0,0,4,5
10,grate,Task B ,1,2,0,0.172616788,0.135,2,147.1743568,0,0,4,3
10,grate,Task B ,2,1,1,-0.709009569,0.135,2,248.9245828,0,0,4,5
10,grate,Task B ,1,1,1,-0.304324552,0.067,1,90.61103481,0,0,3,4
10,grate,Task B ,1,1,1,-0.242787081,0.135,1,211.1462632,0,0,4,4
10,grate,Task B ,1,1,0,0.03816181,0.033,2,162.67321,0,0,1,4
10,grate,Task B ,1,1,0,0.691027084,0.033,2,69.72457841,0,0,1,4
1,grate,Task B ,1,1,1,-0.571820925,0.033,1,124.6469109,0,0,1,4
1,grate,Task B ,1,2,1,-0.567236737,0.067,1,23.18022518,0,0,3,3
1,grate,Task B ,1,3,0,0.001617368,0.067,2,42.94933403,0,0,3,2
1,grate,Task B ,2,1,1,-2.94609629,0.033,2,79.55291377,0,0,1,5
1,grate,Task B ,1,2,0,0.316721318,0.067,2,263.6842821,0,0,3,3
1,grate,Task B ,1,2,1,0.486979712,0.05,1,342.432207,0,0,2,3
2,grate,Task B ,2,1,1,-2.219151138,0.05,2,158.4652968,0,0,2,5
2,grate,Task B ,1,1,0,0.146289744,0.05,2,89.40860079,0,0,2,4
2,grate,Task B ,1,2,0,0.865946014,0.05,2,185.4708299,0,0,2,3
2,grate,Task B ,2,1,0,0.019882816,0.033,1,12.77749922,0,0,1,5
2,grate,Task B ,1,1,0,-0.717340219,0.067,2,91.69165955,0,0,3,4
2,grate,Task B ,2,3,0,-0.144188732,0.05,1,222.9492377,0,0,2,7
3,grate,Task B ,2,4,1,2.272669052,0.067,2,62.82777589,0,0,3,8
3,grate,Task B ,1,4,1,0.249041667,0.05,1,196.2837686,0,0,2,1
3,grate,Task B ,1,2,0,0.733246419,0.05,2,185.9755926,0,0,2,3
3,grate,Task B ,1,1,1,0.158538825,0.05,1,15.22250325,0,0,2,4
3,grate,Task B ,1,3,0,0.421431242,0.067,2,259.1442443,0,0,3,2
3,grate,Task B ,1,1,0,1.351388536,0.033,2,88.24866406,0,0,1,4
4,grate,Task B ,1,3,0,-0.104107083,0.135,2,316.4588216,0,0,4,2
4,grate,Task B ,1,1,0,-0.262564409,0.033,2,325.1040004,0,0,1,4
4,grate,Task B ,2,4,1,-1.824084171,0.05,2,236.0992825,0,0,2,8
4,grate,Task B ,1,2,0,-1.18847755,0.135,2,243.5545463,0,0,4,3
4,grate,Task B ,2,3,1,-0.781146339,0.135,2,92.30461557,0,0,4,7
4,grate,Task B ,1,1,1,0.788767133,0.033,1,172.4939671,0,0,1,4
5,grate,Task B ,1,4,1,-0.295396452,0.05,1,47.44215232,0,0,2,1
5,grate,Task B ,1,1,1,0.015509485,0.033,1,50.58465157,0,0,1,4
5,grate,Task B ,2,4,1,-2.135997769,0.05,2,202.3132406,0,0,2,8
5,grate,Task B ,1,4,1,0.189071374,0.135,1,68.82452945,0,0,4,1
5,grate,Task B ,1,3,1,-0.047255533,0.05,1,167.7158351,0,0,2,2
5,grate,Task B ,1,1,0,1.30717534,0.05,2,221.5257237,0,0,2,4
6,grate,Task B ,1,3,1,0.289971096,0.135,1,208.4878038,0,0,4,2
6,grate,Task B ,2,3,0,0.038941264,0.033,1,158.7278544,0,0,1,7
6,grate,Task B ,2,3,1,2.002602602,0.135,2,262.7335552,0,0,4,7
6,grate,Task B ,1,2,1,-0.087973494,0.135,1,12.81425664,0,0,4,3
6,grate,Task B ,1,3,0,-0.02396127,0.05,2,76.47472276,0,0,2,2
6,grate,Task B ,2,3,1,-1.323486819,0.135,2,245.7582053,0,0,4,7
7,grate,Task B ,2,4,0,-0.034633145,0.033,1,281.5843474,0,0,1,8
7,grate,Task B ,1,4,0,0.233272353,0.135,2,43.02486415,0,0,4,1
7,grate,Task B ,1,4,0,-0.726992363,0.067,2,144.6126774,0,0,3,1
7,grate,Task B ,1,4,1,0.091851661,0.033,1,312.3418281,0,0,1,1
7,grate,Task B ,1,4,0,-1.306141501,0.033,2,156.5805152,0,0,1,1
7,grate,Task B ,1,4,1,0.116215287,0.033,1,148.6616981,0,0,1,1
8,grate,Task B ,2,4,1,-1.546134124,0.05,2,152.2304301,0,0,2,8
8,grate,Task B ,1,2,0,-0.618905596,0.05,2,85.89219793,0,0,2,3
8,grate,Task B ,1,4,0,-0.390857729,0.067,2,190.4115876,0,0,3,1
8,grate,Task B ,2,2,0,-0.140085124,0.033,1,344.173695,0,0,1,6
8,grate,Task B ,2,4,1,-1.603998547,0.135,2,88.87992553,0,0,4,8
8,grate,Task B ,1,2,0,-0.385031573,0.135,2,97.00616638,0,0,4,3
9,grate,Task B ,1,1,1,0.223669924,0.05,1,337.1277751,0,0,2,4
9,grate,Task B ,2,1,1,0.637977186,0.033,2,167.8256726,0,0,1,5
9,grate,Task B ,1,2,1,0.28665117,0.033,1,114.2934874,0,0,1,3
9,grate,Task B ,2,1,0,0.241491197,0.05,1,222.350498,0,0,2,5
9,grate,Task B ,1,1,0,-0.728265007,0.033,2,224.1278818,0,0,1,4
9,grate,Task B ,1,4,1,0.017773145,0.135,1,279.3445331,0,0,4,1
10,grate,Task B ,1,2,1,0.497745373,0.05,1,304.556183,0,0,2,3
10,grate,Task B ,1,1,1,0.451340311,0.033,1,70.31915595,0,0,1,4
10,grate,Task B ,2,2,1,-1.805963101,0.05,2,215.0683814,0,0,2,6
10,grate,Task B ,1,1,0,0.804329653,0.135,2,91.94509593,0,0,4,4
10,grate,Task B ,1,1,1,-0.281029832,0.067,1,309.581564,0,0,3,4
10,grate,Task B ,1,1,1,0.142449725,0.067,1,85.61449333,0,0,3,4
1,grate,Task B ,1,2,1,-0.013584537,0.05,1,58.20423725,0,0,2,3
1,grate,Task B ,1,1,0,-2.196798055,0.05,2,273.4504429,0,0,2,4
1,grate,Task B ,1,3,1,-0.038512242,0.135,1,307.1770679,0,0,4,2
1,grate,Task B ,1,1,0,1.62535903,0.033,2,245.3332282,0,0,1,4
1,grate,Task B ,1,4,1,0.098476466,0.135,1,87.38565768,0,0,4,1
1,grate,Task B ,1,2,0,-0.003496864,0.033,2,130.2142769,0,0,1,3
2,grate,Task B ,2,1,0,0.035483916,0.067,1,13.418373,0,0,3,5
2,grate,Task B ,1,3,1,-0.570950297,0.135,1,116.7447365,0,0,4,2
2,grate,Task B ,1,4,0,0.895628891,0.05,2,32.32963634,0,0,2,1
2,grate,Task B ,1,3,0,1.588735805,0.067,2,197.4675148,0,0,3,2
2,grate,Task B ,1,2,1,0.09541396,0.05,1,140.3073621,0,0,2,3
2,grate,Task B ,1,3,0,0.006687601,0.067,2,105.3200739,0,0,3,2
3,grate,Task B ,1,2,1,0.201050207,0.033,1,51.84246461,0,0,1,3
3,grate,Task B ,2,4,1,2.97068948,0.135,2,272.0082748,0,0,4,8
3,grate,Task B ,1,3,0,0.739888383,0.135,2,82.47149933,0,0,4,2
3,grate,Task B ,2,3,1,1.38465856,0.067,2,321.7949598,0,0,3,7
3,grate,Task B ,2,4,0,0.33361731,0.033,1,17.59707038,0,0,1,8
3,grate,Task B ,1,1,0,-0.342637491,0.033,2,166.5732599,0,0,1,4
4,grate,Task B ,1,3,1,0.158833262,0.067,1,206.3352016,0,0,3,2
4,grate,Task B ,2,4,1,-1.766380273,0.135,2,174.0030575,0,0,4,8
4,grate,Task B ,1,3,1,0.444304599,0.05,1,165.3900049,0,0,2,2
4,grate,Task B ,1,1,1,0.078938008,0.033,1,320.1712958,0,0,1,4
4,grate,Task B ,1,3,0,1.239703264,0.067,2,154.1327002,0,0,3,2
4,grate,Task B ,2,4,0,0.443332995,0.135,1,16.16353437,0,0,4,8
5,grate,Task B ,2,2,1,-1.683979648,0.033,2,16.98495259,0,0,1,6
5,grate,Task B ,1,3,0,0.562698309,0.135,2,235.1697283,0,0,4,2
5,grate,Task B ,1,2,1,0.22658422,0.05,1,256.9076355,0,0,2,3
5,grate,Task B ,1,1,1,0.062737378,0.033,1,131.4246498,0,0,1,4
5,grate,Task B ,2,4,1,-2.386905793,0.067,2,192.2873519,0,0,3,8
5,grate,Task B ,2,4,1,1.038097721,0.05,2,274.0837965,0,0,2,8
6,grate,Task B ,1,2,1,-0.174797937,0.033,1,248.8912044,0,0,1,3
6,grate,Task B ,1,3,0,-2.451621914,0.135,2,261.2329093,0,0,4,2
6,grate,Task B ,1,3,0,-1.361641098,0.033,2,135.3301944,0,0,1,2
6,grate,Task B ,1,3,0,-1.001144226,0.033,2,10.3249377,0,0,1,2
6,grate,Task B ,2,3,1,-1.281942353,0.033,2,110.7696677,0,0,1,7
6,grate,Task B ,2,3,1,2.49268272,0.05,2,96.40640205,0,0,2,7
7,grate,Task B ,2,4,1,1.879002083,0.067,2,306.5759514,0,0,3,8
7,grate,Task B ,2,4,1,0.092722998,0.135,2,32.16351513,0,0,4,8
7,grate,Task B ,1,1,1,0.243861829,0.033,1,284.7819462,0,0,1,4
7,grate,Task B ,1,4,1,0.211612241,0.033,1,188.0932599,0,0,1,1
7,grate,Task B ,1,4,1,0.210357194,0.05,1,183.0127307,0,0,2,1
7,grate,Task B ,1,1,0,0.246782921,0.067,2,357.5374668,0,0,3,4
8,grate,Task B ,1,2,0,-0.129576988,0.05,2,123.2809467,0,0,2,3
8,grate,Task B ,1,1,1,0.14898985,0.033,1,286.7464253,0,0,1,4
8,grate,Task B ,1,4,1,0.023768856,0.135,1,127.3067995,0,0,4,1
8,grate,Task B ,1,3,1,0.492087076,0.067,1,318.5964921,0,0,3,2
8,grate,Task B ,2,1,0,0.432876234,0.05,1,36.02629167,0,0,2,5
8,grate,Task B ,2,3,0,-0.271390366,0.135,1,13.97918262,0,0,4,7
9,grate,Task B ,2,2,0,-0.317109095,0.033,1,89.51669961,0,0,1,6
9,grate,Task B ,1,4,1,0.411963966,0.135,1,97.62256186,0,0,4,1
9,grate,Task B ,1,1,1,-0.470052163,0.033,1,65.97588776,0,0,1,4
9,grate,Task B ,1,4,1,0.472334538,0.067,1,165.519697,0,0,3,1
9,grate,Task B ,2,1,1,-0.285787848,0.033,2,264.8279595,0,0,1,5
9,grate,Task B ,2,1,1,-0.338940184,0.05,2,222.2305135,0,0,2,5
10,grate,Task B ,1,2,1,-0.362357145,0.067,1,195.0183255,0,0,3,3
10,grate,Task B ,1,2,1,-0.208613328,0.067,1,306.2951068,0,0,3,3
10,grate,Task B ,1,1,0,-0.810537662,0.033,2,233.7545037,0,0,1,4
10,grate,Task B ,1,1,0,2.066035334,0.033,2,101.3486236,0,0,1,4
10,grate,Task B ,1,1,0,0.291617311,0.033,2,302.8055113,0,0,1,4
10,grate,Task B ,1,1,1,-0.10567821,0.033,1,317.354283,0,0,1,4
1,grate,Task B ,2,1,0,0.507437588,0.033,1,11.38511458,0,0,1,5
1,grate,Task B ,1,4,1,-0.144958583,0.067,1,339.8442052,0,0,3,1
1,grate,Task B ,2,4,1,-2.835415708,0.135,2,97.19461681,0,0,4,8
1,grate,Task B ,2,1,1,0.590159696,0.05,2,3.831828541,0,0,2,5
1,grate,Task B ,1,2,1,0.173942892,0.135,1,92.5401546,0,0,4,3
1,grate,Task B ,2,1,0,0.162154024,0.033,1,261.5079517,0,0,1,5
2,grate,Task B ,2,3,1,-0.942858488,0.135,2,187.0549093,0,0,4,7
2,grate,Task B ,2,1,1,-0.076155515,0.05,2,284.2842853,0,0,2,5
2,grate,Task B ,2,2,0,-0.087747504,0.067,1,48.68332916,0,0,3,6
2,grate,Task B ,2,4,1,1.063999053,0.135,2,179.3773103,0,0,4,8
2,grate,Task B ,2,2,1,1.387507721,0.067,2,138.4187692,0,0,3,6
2,grate,Task B ,1,3,1,0.081891317,0.135,1,319.1832128,0,0,4,2
3,grate,Task B ,2,2,0,-0.11821812,0.05,1,25.91555484,0,0,2,6
3,grate,Task B ,1,2,0,1.281570529,0.033,2,246.2203761,0,0,1,3
3,grate,Task B ,2,3,0,0.627215723,0.067,1,126.3398045,0,0,3,7
3,grate,Task B ,1,3,1,-0.388045597,0.135,1,143.0510934,0,0,4,2
3,grate,Task B ,2,1,0,-0.330881478,0.033,1,303.5971442,0,0,1,5
3,grate,Task B ,2,4,0,-0.682665957,0.135,1,20.30944877,0,0,4,8
4,grate,Task B ,2,4,1,-1.169741931,0.135,2,311.1889435,0,0,4,8
4,grate,Task B ,1,2,1,-0.823519846,0.033,1,65.03892812,0,0,1,3
4,grate,Task B ,2,1,1,0.762631258,0.033,2,219.4676726,0,0,1,5
4,grate,Task B ,2,4,1,1.847555542,0.135,2,180.6546337,0,0,4,8
4,grate,Task B ,2,3,0,0.132098196,0.135,1,48.33395883,0,0,4,7
4,grate,Task B ,1,3,1,0.378469188,0.067,1,206.0699883,0,0,3,2
5,grate,Task B ,1,2,1,-0.466712703,0.067,1,211.4716893,0,0,3,3
5,grate,Task B ,1,4,1,-0.162300877,0.135,1,305.666884,0,0,4,1
5,grate,Task B ,1,4,0,-0.15966855,0.067,2,126.7985114,0,0,3,1
5,grate,Task B ,2,4,1,1.968439923,0.067,2,281.1339802,0,0,3,8
5,grate,Task B ,2,4,0,-0.775200764,0.067,1,125.9934131,0,0,3,8
5,grate,Task B ,2,4,1,1.549788534,0.135,2,56.05077687,0,0,4,8
6,grate,Task B ,1,2,1,-0.400505378,0.05,1,125.8496493,0,0,2,3
6,grate,Task B ,1,2,0,0.271147936,0.067,2,313.1657612,0,0,3,3
6,grate,Task B ,1,3,0,-1.177177422,0.033,2,301.9339925,0,0,1,2
6,grate,Task B ,1,3,1,0.007814675,0.05,1,112.0881737,0,0,2,2
6,grate,Task B ,2,3,1,-0.394483113,0.135,2,88.87635223,0,0,4,7
6,grate,Task B ,1,3,0,0.016960835,0.135,2,280.8607431,0,0,4,2
7,grate,Task B ,1,4,0,-0.313928179,0.135,2,158.7980868,0,0,4,1
7,grate,Task B ,2,4,0,-0.312324519,0.135,1,295.641221,0,0,4,8
7,grate,Task B ,2,4,0,-0.110592556,0.05,1,3.683560474,0,0,2,8
7,grate,Task B ,2,4,1,-2.261928964,0.033,2,343.6289635,0,0,1,8
7,grate,Task B ,2,1,0,-0.100141586,0.05,1,335.3406401,0,0,2,5
7,grate,Task B ,1,4,1,-0.10958312,0.135,1,226.4377243,0,0,4,1
8,grate,Task B ,2,3,1,-1.036162799,0.067,2,274.8879853,0,0,3,7
8,grate,Task B ,2,2,0,-0.454123091,0.067,1,308.9885178,0,0,3,6
8,grate,Task B ,2,3,1,1.811636099,0.067,2,77.955652,0,0,3,7
8,grate,Task B ,1,4,0,0.721540375,0.067,2,307.6686612,0,0,3,1
8,grate,Task B ,1,3,1,0.485576305,0.135,1,57.16616628,0,0,4,2
8,grate,Task B ,2,4,0,-0.508189315,0.135,1,332.9850622,0,0,4,8
9,grate,Task B ,1,4,1,0.208384113,0.135,1,285.5402256,0,0,4,1
9,grate,Task B ,1,4,1,-0.404142113,0.135,1,21.94945002,0,0,4,1
9,grate,Task B ,1,4,1,0.199751989,0.067,1,272.2218127,0,0,3,1
9,grate,Task B ,1,1,0,1.007641477,0.067,2,276.8088231,0,0,3,4
9,grate,Task B ,1,1,0,-2.05645952,0.067,2,266.40384,0,0,3,4
9,grate,Task B ,2,4,1,2.520533158,0.067,2,358.2330501,0,0,3,8
10,grate,Task B ,1,2,0,0.724919055,0.05,2,228.0348271,0,0,2,3
10,grate,Task B ,1,1,1,-0.123241338,0.135,1,279.2760842,0,0,4,4
10,grate,Task B ,1,1,0,0.834792559,0.033,2,162.6455225,0,0,1,4
10,grate,Task B ,2,2,1,2.198745912,0.135,2,24.50283333,0,0,4,6
10,grate,Task B ,2,1,1,-0.742204499,0.05,2,160.7945908,0,0,2,5
10,grate,Task B ,1,1,0,-0.641402652,0.033,2,287.7441559,0,0,1,4
1,grate,Task B ,1,2,0,-1.001117177,0.067,2,40.11669373,0,0,3,3
1,grate,Task B ,1,1,0,-0.582714309,0.033,2,130.2777289,0,0,1,4
1,grate,Task B ,2,4,1,1.760608255,0.05,2,93.75664194,0,0,2,8
1,grate,Task B ,1,2,1,0.144060665,0.05,1,163.5546812,0,0,2,3
1,grate,Task B ,1,2,0,-0.002072832,0.067,2,92.27635223,0,0,3,3
1,grate,Task B ,2,4,1,-1.47640092,0.135,2,65.53894392,0,0,4,8
2,grate,Task B ,1,2,1,0.323525085,0.067,1,217.0031716,0,0,3,3
2,grate,Task B ,1,3,1,0.176803772,0.05,1,326.2802309,0,0,2,2
2,grate,Task B ,1,2,1,0.037964067,0.033,1,176.818834,0,0,1,3
2,grate,Task B ,2,3,0,0.040332304,0.135,1,196.146804,0,0,4,7
2,grate,Task B ,2,3,1,0.733822685,0.135,2,46.66758453,0,0,4,7
2,grate,Task B ,2,2,0,-0.148926559,0.067,1,159.1668427,0,0,3,6
3,grate,Task B ,1,2,0,0.081400394,0.033,2,3.794179436,0,0,1,3
3,grate,Task B ,1,1,1,-0.182840129,0.05,1,323.152423,0,0,2,4
3,grate,Task B ,1,4,1,0.011723308,0.135,1,313.0248303,0,0,4,1
3,grate,Task B ,2,3,1,1.878312062,0.135,2,74.65925425,0,0,4,7
3,grate,Task B ,2,3,1,0.669340714,0.135,2,78.25991959,0,0,4,7
3,grate,Task B ,1,3,0,-0.308789301,0.067,2,294.1611632,0,0,3,2
4,grate,Task B ,1,3,0,-0.178191279,0.05,2,178.1581267,0,0,2,2
4,grate,Task B ,1,2,1,-0.018783939,0.033,1,295.0319122,0,0,1,3
4,grate,Task B ,1,3,1,-0.375586784,0.05,1,208.5520297,0,0,2,2
4,grate,Task B ,1,3,0,-0.24361518,0.05,2,221.3609554,0,0,2,2
4,grate,Task B ,1,1,0,0.027191165,0.033,2,221.2048879,0,0,1,4
4,grate,Task B ,1,1,0,0.413751378,0.033,2,333.7532615,0,0,1,4
5,grate,Task B ,1,4,1,-0.378614432,0.05,1,326.1299233,0,0,2,1
5,grate,Task B ,1,4,0,-0.558010907,0.033,2,69.86291595,0,0,1,1
5,grate,Task B ,1,4,1,-0.116535088,0.135,1,169.7052103,0,0,4,1
5,grate,Task B ,1,3,1,0.908839318,0.067,1,79.6637204,0,0,3,2
5,grate,Task B ,1,3,1,-0.25227961,0.067,1,55.01684536,0,0,3,2
5,grate,Task B ,1,1,0,-1.465238767,0.067,2,255.7981972,0,0,3,4
6,grate,Task B ,1,2,1,0.099599108,0.033,1,309.8872743,0,0,1,3
6,grate,Task B ,1,3,0,-0.122853181,0.033,2,45.06565308,0,0,1,2
6,grate,Task B ,1,3,0,0.449575797,0.05,2,95.28618648,0,0,2,2
6,grate,Task B ,1,3,0,-0.450541865,0.033,2,115.6150533,0,0,1,2
6,grate,Task B ,2,3,1,-0.820450139,0.135,2,338.0080196,0,0,4,7
6,grate,Task B ,2,3,1,1.232858694,0.135,2,257.9185087,0,0,4,7
7,grate,Task B ,1,1,0,-2.291544325,0.067,2,233.0525739,0,0,3,4
7,grate,Task B ,2,4,1,-1.893139506,0.135,2,327.9043823,0,0,4,8
7,grate,Task B ,1,4,0,0.608606617,0.135,2,38.47136557,0,0,4,1
7,grate,Task B ,1,4,0,-0.4926425,0.033,2,9.318110559,0,0,1,1
7,grate,Task B ,1,4,1,0.600354076,0.033,1,286.3020281,0,0,1,1
7,grate,Task B ,1,4,1,-0.057179889,0.05,1,201.2179366,0,0,2,1
8,grate,Task B ,2,3,0,-0.008560029,0.135,1,21.05543976,0,0,4,7
8,grate,Task B ,1,1,0,2.007762976,0.05,2,169.0890797,0,0,2,4
8,grate,Task B ,2,4,0,0.379783873,0.067,1,351.1166287,0,0,3,8
8,grate,Task B ,2,1,0,-0.262612949,0.033,1,200.1410511,0,0,1,5
8,grate,Task B ,2,3,0,0.675718251,0.05,1,161.4293455,0,0,2,7
8,grate,Task B ,2,2,0,-0.155074108,0.067,1,37.21961451,0,0,3,6
9,grate,Task B ,1,1,0,-0.45760422,0.067,2,273.9657794,0,0,3,4
9,grate,Task B ,1,3,0,0.355413035,0.033,2,153.8171676,0,0,1,2
9,grate,Task B ,1,2,1,0.227491369,0.033,1,50.79784557,0,0,1,3
9,grate,Task B ,1,4,0,-1.062107133,0.135,2,59.63880417,0,0,4,1
9,grate,Task B ,1,1,0,1.071366254,0.05,2,188.4214216,0,0,2,4
9,grate,Task B ,1,1,1,-0.203753697,0.033,1,103.6049675,0,0,1,4
10,grate,Task B ,2,2,1,-1.514824046,0.067,2,317.861591,0,0,3,6
10,grate,Task B ,1,1,0,0.837781932,0.05,2,187.5276296,0,0,2,4
10,grate,Task B ,1,1,1,-0.37392078,0.033,1,122.8321225,0,0,1,4
10,grate,Task B ,1,1,0,-3.014958355,0.033,2,66.02420982,0,0,1,4
10,grate,Task B ,1,1,1,-0.488504412,0.05,1,121.231576,0,0,2,4
10,grate,Task B ,1,1,1,-0.59771574,0.135,1,261.486466,0,0,4,4
1,grate,Task B ,1,2,0,0.283007742,0.033,2,346.1021552,0,0,1,3
1,grate,Task B ,2,2,0,0.538825252,0.05,1,87.80958013,0,0,2,6
1,grate,Task B ,2,4,1,-1.145221814,0.135,2,90.21942965,0,0,4,8
1,grate,Task B ,1,4,0,0.129132269,0.135,2,257.1174388,0,0,4,1
1,grate,Task B ,1,4,1,-0.115448296,0.135,1,100.6878245,0,0,4,1
1,grate,Task B ,1,2,1,0.110495402,0.067,1,237.8077353,0,0,3,3
2,grate,Task B ,2,1,0,0.070909843,0.067,1,51.93275936,0,0,3,5
2,grate,Task B ,2,1,0,-0.273466453,0.05,1,43.67904288,0,0,2,5
2,grate,Task B ,2,4,1,-2.333726368,0.135,2,251.7391484,0,0,4,8
2,grate,Task B ,1,3,0,1.60552297,0.05,2,220.1770517,0,0,2,2
2,grate,Task B ,2,2,0,-0.042986594,0.05,1,287.9758817,0,0,2,6
2,grate,Task B ,2,3,1,-1.268232851,0.067,2,237.9124465,0,0,3,7
3,grate,Task B ,1,3,1,-0.319350926,0.067,1,167.4219753,0,0,3,2
3,grate,Task B ,1,3,1,0.093532045,0.05,1,91.34773926,0,0,2,2
3,grate,Task B ,1,1,1,-0.498187797,0.033,1,211.5718871,0,0,1,4
3,grate,Task B ,1,3,0,0.285145946,0.05,2,64.15530674,0,0,2,2
3,grate,Task B ,2,2,0,0.089106971,0.033,1,277.1585952,0,0,1,6
3,grate,Task B ,1,1,0,1.10055266,0.05,2,224.7583737,0,0,2,4
4,grate,Task B ,1,1,0,-0.208655787,0.033,2,232.4694601,0,0,1,4
4,grate,Task B ,1,3,0,-0.762041109,0.05,2,193.039165,0,0,2,2
4,grate,Task B ,1,3,0,0.877822501,0.033,2,223.9701868,0,0,1,2
4,grate,Task B ,2,3,0,-0.582678372,0.135,1,137.4804708,0,0,4,7
4,grate,Task B ,1,3,1,0.52079832,0.067,1,53.30260296,0,0,3,2
4,grate,Task B ,2,2,0,-0.371374957,0.05,1,217.0018826,0,0,2,6
5,grate,Task B ,1,3,1,-0.831829399,0.05,1,299.710334,0,0,2,2
5,grate,Task B ,1,2,1,0.107752126,0.135,1,130.0541126,0,0,4,3
5,grate,Task B ,1,3,0,-0.472942399,0.05,2,259.5621288,0,0,2,2
5,grate,Task B ,1,4,1,-0.438184301,0.135,1,230.4549193,0,0,4,1
5,grate,Task B ,2,4,0,0.2766786,0.135,1,180.6576579,0,0,4,8
5,grate,Task B ,1,3,1,-0.132309193,0.033,1,11.08431458,0,0,1,2
6,grate,Task B ,2,3,0,-0.22289083,0.067,1,143.0432179,0,0,3,7
6,grate,Task B ,2,3,1,-1.958462288,0.05,2,207.4389573,0,0,2,7
6,grate,Task B ,2,2,1,-2.685932413,0.067,2,222.9441636,0,0,3,6
6,grate,Task B ,1,3,0,-0.332236565,0.067,2,46.59298632,0,0,3,2
6,grate,Task B ,2,3,0,0.115449505,0.033,1,242.5337406,0,0,1,7
6,grate,Task B ,1,3,1,0.4405712,0.05,1,343.0314416,0,0,2,2
7,grate,Task B ,1,2,0,-0.521127264,0.033,2,346.5944938,0,0,1,3
7,grate,Task B ,2,4,1,-1.942616093,0.067,2,79.28856959,0,0,3,8
7,grate,Task B ,1,4,1,-0.117536561,0.033,1,279.4294296,0,0,1,1
7,grate,Task B ,1,4,1,0.198570227,0.135,1,344.0371366,0,0,4,1
7,grate,Task B ,1,4,1,0.111340742,0.135,1,289.2229017,0,0,4,1
7,grate,Task B ,1,4,0,1.663954197,0.033,2,21.95084821,0,0,1,1
8,grate,Task B ,1,2,0,1.552269696,0.05,2,94.55309042,0,0,2,3
8,grate,Task B ,1,2,0,1.324818485,0.067,2,18.24604802,0,0,3,3
8,grate,Task B ,2,1,0,-0.369201319,0.033,1,338.3323948,0,0,1,5
8,grate,Task B ,1,1,0,0.096261054,0.05,2,265.014355,0,0,2,4
8,grate,Task B ,2,3,0,-0.730999604,0.135,1,194.4369327,0,0,4,7
8,grate,Task B ,2,3,0,-0.035699991,0.067,1,295.9433296,0,0,3,7
9,grate,Task B ,2,3,0,-0.097457665,0.05,1,359.3507996,0,0,2,7
9,grate,Task B ,1,4,1,0.282876057,0.135,1,14.4100177,0,0,4,1
9,grate,Task B ,1,4,0,0.353035191,0.067,2,137.6937469,0,0,3,1
9,grate,Task B ,1,4,1,0.286621296,0.067,1,302.8680506,0,0,3,1
9,grate,Task B ,1,2,0,0.751519693,0.033,2,225.6684408,0,0,1,3
9,grate,Task B ,1,1,1,-0.025696851,0.033,1,131.3099462,0,0,1,4
10,grate,Task B ,2,4,1,-1.677791163,0.135,2,4.867802781,0,0,4,8
10,grate,Task B ,1,2,1,-0.257284625,0.033,1,107.9603138,0,0,1,3
10,grate,Task B ,2,1,1,1.270720211,0.135,2,143.2196468,0,0,4,5
10,grate,Task B ,1,1,0,1.487080593,0.05,2,201.3078989,0,0,2,4
10,grate,Task B ,2,1,1,-0.76146893,0.067,2,301.1682535,0,0,3,5
10,grate,Task B ,1,1,0,0.330972883,0.05,2,249.2544466,0,0,2,4
1,grate,Task B ,1,2,1,0.279632381,0.135,1,24.34039553,0,0,4,3
1,grate,Task B ,1,4,0,-0.042107421,0.067,2,232.8277758,0,0,3,1
1,grate,Task B ,1,3,1,0.161643281,0.05,1,300.5758198,0,0,2,2
1,grate,Task B ,1,2,0,0.557633798,0.067,2,289.7763429,0,0,3,3
1,grate,Task B ,1,2,0,-0.846143833,0.05,2,37.69397189,0,0,2,3
1,grate,Task B ,2,2,1,-1.632618593,0.067,2,252.4896622,0,0,3,6
2,grate,Task B ,1,3,0,0.439171747,0.05,2,43.32655399,0,0,2,2
2,grate,Task B ,2,1,0,0.744308767,0.033,1,331.256991,0,0,1,5
2,grate,Task B ,2,3,0,-0.867460523,0.135,1,23.94380317,0,0,4,7
2,grate,Task B ,2,3,0,-0.132541239,0.067,1,284.7052141,0,0,3,7
2,grate,Task B ,1,1,1,-0.078097519,0.05,1,238.7166449,0,0,2,4
2,grate,Task B ,1,3,0,-2.272880519,0.033,2,127.5039659,0,0,1,2
3,grate,Task B ,2,4,1,2.351833727,0.05,2,129.1109722,0,0,2,8
3,grate,Task B ,1,2,1,0.098449062,0.05,1,15.66512672,0,0,2,3
3,grate,Task B ,2,4,0,0.017186013,0.05,1,143.009839,0,0,2,8
3,grate,Task B ,1,1,1,0.317719731,0.033,1,168.5481861,0,0,1,4
3,grate,Task B ,2,1,1,-1.199492027,0.033,2,15.15286824,0,0,1,5
3,grate,Task B ,1,3,1,0.006587791,0.05,1,150.7172896,0,0,2,2
4,grate,Task B ,1,2,1,-0.279856811,0.033,1,242.9348868,0,0,1,3
4,grate,Task B ,2,4,1,1.807541993,0.135,2,105.0938808,0,0,4,8
4,grate,Task B ,2,1,0,0.010536145,0.033,1,266.2032432,0,0,1,5
4,grate,Task B ,2,3,0,-0.196377114,0.05,1,117.9977348,0,0,2,7
4,grate,Task B ,1,1,1,0.01714809,0.05,1,185.8365709,0,0,2,4
4,grate,Task B ,2,4,0,0.211008494,0.135,1,197.1091768,0,0,4,8
5,grate,Task B ,2,2,1,-0.452436372,0.067,2,283.8588091,0,0,3,6
5,grate,Task B ,1,4,0,0.876355059,0.033,2,239.7188067,0,0,1,1
5,grate,Task B ,1,4,0,0.296223367,0.067,2,198.9798785,0,0,3,1
5,grate,Task B ,2,4,1,-2.2443401,0.067,2,108.3557293,0,0,3,8
5,grate,Task B ,1,4,1,-0.016289364,0.05,1,252.3273245,0,0,2,1
5,grate,Task B ,1,3,1,0.347482122,0.135,1,10.42131915,0,0,4,2
6,grate,Task B ,2,3,1,1.488823225,0.135,2,199.0727352,0,0,4,7
6,grate,Task B ,1,3,0,1.604212177,0.067,2,126.3563068,0,0,3,2
6,grate,Task B ,1,3,1,-0.693524693,0.067,1,249.7569488,0,0,3,2
6,grate,Task B ,1,3,0,-0.39281169,0.05,2,83.37632037,0,0,2,2
6,grate,Task B ,1,3,0,0.353116869,0.05,2,72.03091497,0,0,2,2
6,grate,Task B ,2,1,1,0.5821795,0.033,2,157.6465866,0,0,1,5
7,grate,Task B ,1,1,1,-0.096763566,0.05,1,213.4733559,0,0,2,4
7,grate,Task B ,2,4,0,0.739617812,0.067,1,297.0434379,0,0,3,8
7,grate,Task B ,1,4,1,0.348614509,0.135,1,104.2120425,0,0,4,1
7,grate,Task B ,1,4,0,0.085605281,0.067,2,310.6155485,0,0,3,1
7,grate,Task B ,1,4,0,-0.050407575,0.135,2,280.8309204,0,0,4,1
7,grate,Task B ,1,1,0,1.025359891,0.033,2,263.4664551,0,0,1,4
8,grate,Task B ,1,1,1,-0.05444929,0.05,1,317.266615,0,0,2,4
8,grate,Task B ,2,4,1,2.074339567,0.135,2,237.6489948,0,0,4,8
8,grate,Task B ,1,4,0,-1.25138179,0.067,2,255.1792693,0,0,3,1
8,grate,Task B ,2,2,1,0.038637395,0.05,2,21.29605652,0,0,2,6
8,grate,Task B ,2,1,1,0.285893302,0.067,2,352.0785615,0,0,3,5
8,grate,Task B ,2,4,1,-0.150614145,0.067,2,137.4257703,0,0,3,8
9,grate,Task B ,1,4,1,0.197212189,0.067,1,337.4245373,0,0,3,1
9,grate,Task B ,1,4,0,-0.772275573,0.135,2,157.1708922,0,0,4,1
9,grate,Task B ,1,4,1,0.140667955,0.05,1,20.01008714,0,0,2,1
9,grate,Task B ,1,3,0,0.411404567,0.067,2,353.1864121,0,0,3,2
9,grate,Task B ,1,1,1,0.256655989,0.05,1,97.69924367,0,0,2,4
9,grate,Task B ,1,1,0,0.140325647,0.05,2,67.5148093,0,0,2,4
10,grate,Task B ,1,3,1,0.117326195,0.05,1,253.5476115,0,0,2,2
10,grate,Task B ,1,1,1,0.119239778,0.135,1,120.6964949,0,0,4,4
10,grate,Task B ,1,1,1,0.065146519,0.067,1,117.7906128,0,0,3,4
10,grate,Task B ,1,1,0,1.227010603,0.033,2,243.2466434,0,0,1,4
10,grate,Task B ,2,1,1,-0.434602851,0.033,2,211.063398,0,0,1,5
10,grate,Task B ,1,1,0,-0.792052563,0.05,2,281.6137254,0,0,2,4
1,grate,Task B ,1,3,1,-0.157108662,0.05,1,159.7958077,0,0,2,2
1,grate,Task B ,1,3,1,-0.307201126,0.135,1,236.5168922,0,0,4,2
1,grate,Task B ,1,3,1,0.201875931,0.05,1,41.92478257,0,0,2,2
1,grate,Task B ,1,3,0,-0.829673894,0.05,2,184.8950899,0,0,2,2
1,grate,Task B ,1,2,1,-0.180346111,0.067,1,8.29907616,0,0,3,3
1,grate,Task B ,1,2,1,-0.152086825,0.067,1,237.4047162,0,0,3,3
2,grate,Task B ,1,2,1,-0.674868314,0.135,1,32.30432277,0,0,4,3
2,grate,Task B ,1,1,0,-1.183765767,0.033,2,18.95596097,0,0,1,4
2,grate,Task B ,1,4,1,-0.204843513,0.135,1,140.5008772,0,0,4,1
2,grate,Task B ,1,1,1,-0.574717807,0.067,1,330.5926382,0,0,3,4
2,grate,Task B ,1,1,1,0.083297783,0.033,1,151.928589,0,0,1,4
2,grate,Task B ,1,1,1,-0.005043215,0.05,1,245.1474995,0,0,2,4
3,grate,Task B ,2,3,0,0.573850554,0.135,1,331.4991916,0,0,4,7
3,grate,Task B ,2,4,1,1.132839561,0.135,2,236.5643896,0,0,4,8
3,grate,Task B ,2,2,0,0.867366695,0.033,1,330.1543744,0,0,1,6
3,grate,Task B ,1,1,0,0.295801594,0.135,2,62.06866919,0,0,4,4
3,grate,Task B ,2,1,1,-0.673013837,0.033,2,86.33649141,0,0,1,5
3,grate,Task B ,2,1,0,0.152473487,0.033,1,330.3481006,0,0,1,5
4,grate,Task B ,1,4,1,-0.166118028,0.067,1,128.0712449,0,0,3,1
4,grate,Task B ,2,4,1,-3.151785828,0.135,2,193.9439333,0,0,4,8
4,grate,Task B ,1,3,1,0.108204184,0.033,1,92.70892875,0,0,1,2
4,grate,Task B ,1,1,1,0.268569462,0.067,1,159.3115818,0,0,3,4
4,grate,Task B ,2,2,1,1.327433074,0.067,2,197.2668923,0,0,3,6
4,grate,Task B ,1,4,1,-0.100543341,0.135,1,348.9815482,0,0,4,1
5,grate,Task B ,2,4,0,-0.706855126,0.05,1,156.6700066,0,0,2,8
5,grate,Task B ,1,4,0,0.714105197,0.05,2,333.0999009,0,0,2,1
5,grate,Task B ,2,4,1,1.217174511,0.067,2,79.52078704,0,0,3,8
5,grate,Task B ,2,4,1,-1.04697164,0.033,2,245.4777864,0,0,1,8
5,grate,Task B ,2,4,1,-1.269091463,0.135,2,190.6332646,0,0,4,8
5,grate,Task B ,2,4,1,2.791508495,0.067,2,343.0381035,0,0,3,8
6,grate,Task B ,2,3,1,-1.892094616,0.135,2,121.7841931,0,0,4,7
6,grate,Task B ,1,3,0,-0.783754503,0.033,2,247.7913244,0,0,1,2
6,grate,Task B ,2,3,1,0.543213181,0.135,2,58.11316738,0,0,4,7
6,grate,Task B ,1,2,1,0.191094921,0.05,1,140.715753,0,0,2,3
6,grate,Task B ,2,3,0,0.683323732,0.135,1,298.9880681,0,0,4,7
6,grate,Task B ,2,3,1,-1.523352881,0.067,2,139.3535204,0,0,3,7
7,grate,Task B ,2,1,1,-0.837261048,0.033,2,113.518921,0,0,1,5
7,grate,Task B ,1,4,0,1.03135956,0.067,2,347.8573638,0,0,3,1
7,grate,Task B ,1,4,1,0.583077299,0.135,1,1.60992813,0,0,4,1
7,grate,Task B ,2,4,1,-1.841282442,0.067,2,162.4367426,0,0,3,8
7,grate,Task B ,1,4,1,0.298753354,0.05,1,55.56699952,0,0,2,1
7,grate,Task B ,1,4,1,0.143647363,0.067,1,62.79554043,0,0,3,1
8,grate,Task B ,1,1,0,0.103375612,0.033,2,28.62896251,0,0,1,4
8,grate,Task B ,2,3,1,1.793655356,0.067,2,353.4721031,0,0,3,7
8,grate,Task B ,1,4,1,0.115216688,0.05,1,69.17389382,0,0,2,1
8,grate,Task B ,2,1,0,0.124920877,0.05,1,11.91758992,0,0,2,5
8,grate,Task B ,2,2,1,0.563712099,0.033,2,103.4915446,0,0,1,6
8,grate,Task B ,2,1,1,1.75917303,0.033,2,254.3850424,0,0,1,5
9,grate,Task B ,1,2,0,1.870076329,0.033,2,320.1246625,0,0,1,3
9,grate,Task B ,1,1,0,0.513983638,0.033,2,346.3057712,0,0,1,4
9,grate,Task B ,2,1,0,0.253502263,0.033,1,123.8717368,0,0,1,5
9,grate,Task B ,1,4,0,-0.136613983,0.067,2,62.30283145,0,0,3,1
9,grate,Task B ,2,4,1,1.170531309,0.135,2,32.53551175,0,0,4,8
9,grate,Task B ,1,4,1,0.209899481,0.135,1,251.8785184,0,0,4,1
10,grate,Task B ,1,2,1,-0.127833299,0.135,1,314.2088528,0,0,4,3
10,grate,Task B ,1,1,1,-0.010885586,0.135,1,175.9849621,0,0,4,4
10,grate,Task B ,2,2,1,-3.607651376,0.05,2,99.35556564,0,0,2,6
10,grate,Task B ,1,1,1,0.401320091,0.135,1,144.2077335,0,0,4,4
10,grate,Task B ,1,1,1,-0.795112764,0.05,1,191.7522267,0,0,2,4
10,grate,Task B ,1,1,1,-0.096047531,0.135,1,295.3560395,0,0,4,4
1,grate,Task B ,2,3,0,-0.307055432,0.135,1,353.4978546,0,0,4,7
1,grate,Task B ,1,1,0,-0.373916737,0.033,2,37.2279779,0,0,1,4
1,grate,Task B ,2,2,0,-0.412012293,0.135,1,81.27754985,0,0,4,6
1,grate,Task B ,1,4,1,-0.140646633,0.135,1,177.4785792,0,0,4,1
1,grate,Task B ,1,4,1,0.054648806,0.067,1,338.0237349,0,0,3,1
1,grate,Task B ,2,1,0,0.083189257,0.033,1,183.4557681,0,0,1,5
2,grate,Task B ,2,1,1,0.109155366,0.033,2,104.1272471,0,0,1,5
2,grate,Task B ,1,2,1,-0.060032428,0.135,1,42.77388932,0,0,4,3
2,grate,Task B ,1,2,0,-2.650478452,0.067,2,295.8941074,0,0,3,3
2,grate,Task B ,1,3,0,0.841828588,0.067,2,102.9158794,0,0,3,2
2,grate,Task B ,1,2,0,1.900776139,0.05,2,98.64202265,0,0,2,3
2,grate,Task B ,1,2,1,-0.041634979,0.033,1,259.7263166,0,0,1,3
3,grate,Task B ,1,4,1,-0.424982935,0.05,1,204.1536342,0,0,2,1
3,grate,Task B ,1,2,1,-0.426446988,0.067,1,203.9068787,0,0,3,3
3,grate,Task B ,1,1,1,0.265594846,0.067,1,91.97601188,0,0,3,4
3,grate,Task B ,1,3,0,-0.034663276,0.067,2,270.4620807,0,0,3,2
3,grate,Task B ,2,4,1,-3.189801129,0.067,2,77.75385294,0,0,3,8
3,grate,Task B ,2,3,1,-0.673377586,0.067,2,39.22768559,0,0,3,7
4,grate,Task B ,1,3,1,0.184310266,0.135,1,202.3827932,0,0,4,2
4,grate,Task B ,2,4,1,-1.246723717,0.135,2,219.4269862,0,0,4,8
4,grate,Task B ,1,3,1,0.090503745,0.05,1,268.0267203,0,0,2,2
4,grate,Task B ,1,1,1,0.614662281,0.033,1,194.9978048,0,0,1,4
4,grate,Task B ,1,2,1,-0.361998993,0.033,1,284.5753734,0,0,1,3
4,grate,Task B ,2,4,0,0.427861806,0.135,1,22.5307833,0,0,4,8
5,grate,Task B ,2,4,1,-2.146753447,0.05,2,179.663304,0,0,2,8
5,grate,Task B ,1,4,1,0.09264431,0.135,1,69.81199637,0,0,4,1
5,grate,Task B ,1,1,1,-0.164583329,0.033,1,125.965718,0,0,1,4
5,grate,Task B ,1,2,0,0.608100272,0.033,2,188.6483491,0,0,1,3
5,grate,Task B ,2,4,1,-0.80496569,0.135,2,180.5267684,0,0,4,8
5,grate,Task B ,1,4,1,0.81522184,0.033,1,120.0448286,0,0,1,1
6,grate,Task B ,2,3,1,-0.611387749,0.067,2,198.8320588,0,0,3,7
6,grate,Task B ,2,3,1,1.540299993,0.135,2,104.270946,0,0,4,7
6,grate,Task B ,1,3,1,-0.179937178,0.067,1,224.784342,0,0,3,2
6,grate,Task B ,1,2,0,0.347244278,0.05,2,298.9788933,0,0,2,3
6,grate,Task B ,1,3,1,0.529946459,0.033,1,186.9880059,0,0,1,2
6,grate,Task B ,2,3,1,1.530208742,0.067,2,299.3074876,0,0,3,7
7,grate,Task B ,2,1,0,0.055079766,0.067,1,298.7880658,0,0,3,5
7,grate,Task B ,2,4,1,-1.395579473,0.135,2,215.6905376,0,0,4,8
7,grate,Task B ,1,4,1,0.221056907,0.067,1,213.6952912,0,0,3,1
7,grate,Task B ,1,4,0,1.224749005,0.05,2,83.57657267,0,0,2,1
7,grate,Task B ,1,4,1,0.347453504,0.067,1,295.681481,0,0,3,1
7,grate,Task B ,2,4,1,-1.748765373,0.067,2,109.8098749,0,0,3,8
8,grate,Task B ,1,2,0,0.921817374,0.05,2,86.41226478,0,0,2,3
8,grate,Task B ,2,1,0,0.442435748,0.033,1,297.0582649,0,0,1,5
8,grate,Task B ,2,4,0,-0.14954331,0.067,1,14.18497211,0,0,3,8
8,grate,Task B ,2,1,0,-0.469945822,0.05,1,14.86302416,0,0,2,5
8,grate,Task B ,2,4,1,3.235861107,0.135,2,126.7106462,0,0,4,8
8,grate,Task B ,1,4,1,0.002940141,0.067,1,195.3405259,0,0,3,1
9,grate,Task B ,2,2,0,0.24608207,0.067,1,73.61476428,0,0,3,6
9,grate,Task B ,1,4,1,0.184173227,0.05,1,17.67281865,0,0,2,1
9,grate,Task B ,1,2,1,0.418357729,0.05,1,57.85346025,0,0,2,3
9,grate,Task B ,1,1,1,0.033936796,0.033,1,255.4917621,0,0,1,4
9,grate,Task B ,1,4,1,0.182324803,0.067,1,65.49940603,0,0,3,1
9,grate,Task B ,1,4,1,-0.161806029,0.067,1,127.1454493,0,0,3,1
10,grate,Task B ,2,2,1,0.054908729,0.05,2,325.3093827,0,0,2,6
10,grate,Task B ,1,2,0,-0.26308989,0.135,2,268.9277004,0,0,4,3
10,grate,Task B ,1,1,1,-0.082626396,0.05,1,105.4199829,0,0,2,4
10,grate,Task B ,1,1,1,0.240570415,0.135,1,307.5075173,0,0,4,4
10,grate,Task B ,1,1,1,0.092818598,0.05,1,238.5822767,0,0,2,4
10,grate,Task B ,1,1,0,-1.051850499,0.067,2,12.05502309,0,0,3,4
1,grate,Task B ,2,2,0,0.074955238,0.033,1,251.8253996,0,0,1,6
1,grate,Task B ,1,2,1,0.08755265,0.05,1,132.3169714,0,0,2,3
1,grate,Task B ,1,3,0,0.593384712,0.067,2,241.8367278,0,0,3,2
1,grate,Task B ,1,2,0,-1.006102839,0.067,2,179.9606725,0,0,3,3
1,grate,Task B ,1,2,0,0.31830699,0.033,2,146.6463996,0,0,1,3
1,grate,Task B ,1,2,1,0.070897565,0.05,1,234.776616,0,0,2,3
2,grate,Task B ,1,3,1,-0.326469412,0.135,1,138.6815756,0,0,4,2
2,grate,Task B ,2,2,1,-1.583686684,0.067,2,327.6394558,0,0,3,6
2,grate,Task B ,1,2,1,-0.153749105,0.067,1,281.3285067,0,0,3,3
2,grate,Task B ,2,2,0,0.082910043,0.05,1,265.0693548,0,0,2,6
2,grate,Task B ,1,2,1,-0.177550835,0.067,1,248.6842326,0,0,3,3
2,grate,Task B ,2,3,1,-3.213989556,0.067,2,313.3181166,0,0,3,7
3,grate,Task B ,1,4,1,0.004820548,0.05,1,116.9430735,0,0,2,1
3,grate,Task B ,2,4,1,-1.070795083,0.135,2,250.1167454,0,0,4,8
3,grate,Task B ,1,2,0,-0.062334845,0.067,2,317.808817,0,0,3,3
3,grate,Task B ,2,1,1,-1.320131628,0.033,2,304.0562966,0,0,1,5
3,grate,Task B ,2,3,0,-0.685691633,0.067,1,127.777282,0,0,3,7
3,grate,Task B ,2,3,1,1.023116564,0.05,2,291.1304385,0,0,2,7
4,grate,Task B ,1,2,0,1.217894453,0.033,2,286.0362524,0,0,1,3
4,grate,Task B ,2,4,1,-1.713929354,0.05,2,292.6622284,0,0,2,8
4,grate,Task B ,1,1,1,-0.463721909,0.05,1,176.3270523,0,0,2,4
4,grate,Task B ,1,3,1,-0.165603299,0.135,1,20.57462115,0,0,4,2
4,grate,Task B ,2,2,0,0.198471822,0.067,1,168.7260789,0,0,3,6
4,grate,Task B ,2,3,1,1.253638517,0.05,2,39.82771661,0,0,2,7
5,grate,Task B ,1,4,0,-0.156443547,0.05,2,296.8723988,0,0,2,1
5,grate,Task B ,2,2,0,0.17930512,0.067,1,230.9737516,0,0,3,6
5,grate,Task B ,1,3,1,-0.348472695,0.033,1,46.32992015,0,0,1,2
5,grate,Task B ,2,4,1,-2.119997773,0.067,2,43.49724114,0,0,3,8
5,grate,Task B ,2,4,0,-0.198996106,0.067,1,169.6851695,0,0,3,8
5,grate,Task B ,2,1,0,0.219936834,0.067,1,106.0586434,0,0,3,5
6,grate,Task B ,1,3,1,0.34595428,0.067,1,127.0265498,0,0,3,2
6,grate,Task B ,1,3,0,2.073446921,0.05,2,346.9914162,0,0,2,2
6,grate,Task B ,2,3,1,0.828017471,0.067,2,14.40646473,0,0,3,7
6,grate,Task B ,2,3,1,0.901823518,0.05,2,306.3984699,0,0,2,7
6,grate,Task B ,2,3,0,-0.641652876,0.067,1,195.0419814,0,0,3,7
6,grate,Task B ,1,3,0,1.064855331,0.067,2,23.58241336,0,0,3,2
7,grate,Task B ,2,4,1,2.194704583,0.067,2,299.7306895,0,0,3,8
7,grate,Task B ,2,4,0,-0.17612874,0.067,1,274.1878634,0,0,3,8
7,grate,Task B ,1,4,0,0.903745575,0.05,2,45.62831388,0,0,2,1
7,grate,Task B ,1,4,1,-0.000146681,0.033,1,236.4897172,0,0,1,1
7,grate,Task B ,2,4,1,-0.967190263,0.135,2,116.1979126,0,0,4,8
7,grate,Task B ,1,4,1,-0.687657528,0.05,1,122.0852754,0,0,2,1
8,grate,Task B ,1,1,1,-0.332367433,0.05,1,24.38748232,0,0,2,4
8,grate,Task B ,1,1,1,-0.604951472,0.033,1,279.2191473,0,0,1,4
8,grate,Task B ,2,3,1,1.521519178,0.067,2,184.0953924,0,0,3,7
8,grate,Task B ,1,2,1,-0.166921405,0.033,1,121.2842985,0,0,1,3
8,grate,Task B ,2,4,1,-1.184402837,0.135,2,53.90979002,0,0,4,8
8,grate,Task B ,2,4,0,0.276237611,0.05,1,320.3011846,0,0,2,8
9,grate,Task B ,2,2,0,-0.457897817,0.05,1,239.2437146,0,0,2,6
9,grate,Task B ,1,4,1,-0.007055541,0.05,1,180.8488495,0,0,2,1
9,grate,Task B ,1,2,0,0.773771112,0.033,2,219.8310169,0,0,1,3
9,grate,Task B ,2,4,1,1.907183292,0.135,2,182.1634771,0,0,4,8
9,grate,Task B ,1,3,0,0.183488976,0.05,2,72.76756551,0,0,2,2
9,grate,Task B ,2,4,0,0.372261882,0.135,1,65.28051387,0,0,4,8
10,grate,Task B ,1,3,0,0.843096706,0.135,2,237.3034752,0,0,4,2
10,grate,Task B ,1,1,1,-0.000127769,0.05,1,350.3225192,0,0,2,4
10,grate,Task B ,1,1,1,0.373320322,0.135,1,59.18612501,0,0,4,4
10,grate,Task B ,2,2,1,-1.357953213,0.067,2,155.5765105,0,0,3,6
10,grate,Task B ,1,1,1,-0.144771374,0.033,1,104.3725182,0,0,1,4
10,grate,Task B ,1,1,0,-0.090202297,0.033,2,326.7814926,0,0,1,4
1,grate,Task B ,2,4,1,-2.92847287,0.067,2,157.4071399,0,0,3,8
1,grate,Task B ,2,2,1,0.837127067,0.135,2,174.7319489,0,0,4,6
1,grate,Task B ,2,4,1,-2.592666824,0.067,2,77.70840228,0,0,3,8
1,grate,Task B ,2,4,1,-2.148618152,0.135,2,307.7494333,0,0,4,8
1,grate,Task B ,2,3,1,1.403917045,0.135,2,37.07590163,0,0,4,7
1,grate,Task B ,2,4,1,1.490082055,0.135,2,321.2449636,0,0,4,8
2,grate,Task B ,2,1,1,2.105876138,0.05,2,54.35219234,0,0,2,5
2,grate,Task B ,2,3,1,-0.279213715,0.067,2,72.34869134,0,0,3,7
2,grate,Task B ,1,1,0,1.867957726,0.05,2,345.5679137,0,0,2,4
2,grate,Task B ,2,2,0,0.129621719,0.135,1,335.5881634,0,0,4,6
2,grate,Task B ,2,2,0,0.203361398,0.05,1,219.1727526,0,0,2,6
2,grate,Task B ,1,1,0,0.638867815,0.033,2,25.97940173,0,0,1,4
3,grate,Task B ,2,2,0,0.339453439,0.067,1,74.26880058,0,0,3,6
3,grate,Task B ,1,2,1,-0.661762811,0.033,1,336.9519032,0,0,1,3
3,grate,Task B ,1,1,1,0.115133094,0.135,1,112.2289908,0,0,4,4
3,grate,Task B ,1,1,0,-0.945543535,0.033,2,92.58919283,0,0,1,4
3,grate,Task B ,1,3,1,-0.037055994,0.135,1,44.7764949,0,0,4,2
3,grate,Task B ,1,2,1,0.187075593,0.135,1,93.74544482,0,0,4,3
4,grate,Task B ,1,2,1,-0.094424915,0.033,1,211.5146119,0,0,1,3
4,grate,Task B ,1,1,1,0.010721718,0.033,1,49.85437184,0,0,1,4
4,grate,Task B ,2,4,1,1.692532148,0.067,2,328.8562161,0,0,3,8
4,grate,Task B ,2,4,1,-1.580455304,0.135,2,42.43864533,0,0,4,8
4,grate,Task B ,2,2,1,-0.746068271,0.067,2,254.2398814,0,0,3,6
4,grate,Task B ,1,3,1,0.144061324,0.067,1,111.3062575,0,0,3,2
5,grate,Task B ,2,4,1,-0.355317532,0.05,2,354.4026579,0,0,2,8
5,grate,Task B ,2,4,1,0.372947304,0.135,2,183.8170413,0,0,4,8
5,grate,Task B ,1,3,1,-0.060103628,0.067,1,49.03826018,0,0,3,2
5,grate,Task B ,2,4,0,-0.311902086,0.05,1,292.5312912,0,0,2,8
5,grate,Task B ,1,1,1,-0.250340555,0.033,1,194.4992742,0,0,1,4
5,grate,Task B ,1,4,0,-0.291456702,0.05,2,300.1010833,0,0,2,1
6,grate,Task B ,1,3,1,0.408497015,0.135,1,139.5706211,0,0,4,2
6,grate,Task B ,2,2,0,0.3284695,0.033,1,61.84812409,0,0,1,6
6,grate,Task B ,1,3,1,-0.273724368,0.135,1,9.982181939,0,0,4,2
6,grate,Task B ,2,3,1,-0.688218944,0.067,2,227.464467,0,0,3,7
6,grate,Task B ,1,3,1,-0.307387298,0.067,1,249.8444442,0,0,3,2
6,grate,Task B ,1,2,1,0.164838085,0.033,1,26.48899426,0,0,1,3
7,grate,Task B ,2,4,1,-1.219518242,0.067,2,153.058795,0,0,3,8
7,grate,Task B ,2,4,1,-1.333068449,0.033,2,101.6274578,0,0,1,8
7,grate,Task B ,2,4,0,-0.567815533,0.135,1,163.0654985,0,0,4,8
7,grate,Task B ,1,4,1,0.112650849,0.033,1,297.5350953,0,0,1,1
7,grate,Task B ,1,1,0,-2.387989737,0.067,2,358.3117369,0,0,3,4
7,grate,Task B ,1,4,0,-0.10473469,0.033,2,302.4580978,0,0,1,1
8,grate,Task B ,2,4,1,0.977262067,0.135,2,285.2944801,0,0,4,8
8,grate,Task B ,1,2,1,0.193417201,0.135,1,245.526882,0,0,4,3
8,grate,Task B ,1,2,0,0.715293728,0.05,2,35.93935025,0,0,2,3
8,grate,Task B ,1,1,0,1.478219457,0.033,2,322.02512,0,0,1,4
8,grate,Task B ,2,3,1,-1.623974168,0.05,2,157.6932115,0,0,2,7
8,grate,Task B ,1,1,1,-0.034839073,0.05,1,226.3563415,0,0,2,4
9,grate,Task B ,2,2,0,0.329663447,0.135,1,281.3622574,0,0,4,6
9,grate,Task B ,1,1,1,0.268556208,0.033,1,314.8286604,0,0,1,4
9,grate,Task B ,2,4,0,-0.331726812,0.067,1,285.4166599,0,0,3,8
9,grate,Task B ,1,4,1,-0.24238999,0.067,1,268.8002533,0,0,3,1
9,grate,Task B ,1,1,1,-0.092437547,0.033,1,194.0322628,0,0,1,4
9,grate,Task B ,1,1,0,-0.829056638,0.033,2,319.8519229,0,0,1,4
10,grate,Task B ,1,2,1,0.507153076,0.135,1,230.4767379,0,0,4,3
10,grate,Task B ,1,1,0,0.427781246,0.067,2,112.3265161,0,0,3,4
10,grate,Task B ,1,1,1,-0.449201485,0.05,1,187.7815377,0,0,2,4
10,grate,Task B ,2,1,1,2.757057307,0.135,2,245.8791747,0,0,4,5
10,grate,Task B ,1,1,1,-0.037276359,0.033,1,191.7170004,0,0,1,4
10,grate,Task B ,1,2,1,0.443885188,0.05,1,172.7950862,0,0,2,3
1,grate,Task B ,2,2,1,0.610330059,0.033,2,109.6597835,0,0,1,6
1,grate,Task B ,2,2,1,-2.874648036,0.05,2,19.91037059,0,0,2,6
1,grate,Task B ,1,3,0,-0.626195953,0.067,2,347.1655603,0,0,3,2
1,grate,Task B ,1,1,0,-0.317156628,0.033,2,249.7915533,0,0,1,4
1,grate,Task B ,1,2,0,1.166048261,0.05,2,312.6447122,0,0,2,3
1,grate,Task B ,1,2,0,-0.003296146,0.135,2,67.71248973,0,0,4,3
2,grate,Task B ,1,1,1,-0.139312229,0.135,1,144.4405635,0,0,4,4
2,grate,Task B ,1,2,0,-0.142341978,0.033,2,101.919,0,0,1,3
2,grate,Task B ,1,4,1,-0.169829194,0.135,1,172.9253288,0,0,4,1
2,grate,Task B ,1,4,1,-0.121598184,0.135,1,202.7075847,0,0,4,1
2,grate,Task B ,2,3,1,-2.382040855,0.067,2,24.78727264,0,0,3,7
2,grate,Task B ,1,2,1,-0.083096739,0.067,1,187.5970861,0,0,3,3
3,grate,Task B ,2,1,0,-0.587716273,0.05,1,91.44264525,0,0,2,5
3,grate,Task B ,2,3,0,0.20857587,0.135,1,314.6041033,0,0,4,7
3,grate,Task B ,2,3,1,1.179973956,0.135,2,233.7142643,0,0,4,7
3,grate,Task B ,1,3,1,-0.019765962,0.067,1,292.1248848,0,0,3,2
3,grate,Task B ,1,1,1,0.445517588,0.033,1,125.7439481,0,0,1,4
3,grate,Task B ,2,3,1,-1.77091073,0.033,2,306.8580534,0,0,1,7
4,grate,Task B ,1,2,0,-1.471960729,0.05,2,53.58239888,0,0,2,3
4,grate,Task B ,2,3,0,0.18330675,0.135,1,23.2989203,0,0,4,7
4,grate,Task B ,1,3,0,1.124241474,0.033,2,150.0334854,0,0,1,2
4,grate,Task B ,1,1,0,-0.175504489,0.033,2,314.6282171,0,0,1,4
4,grate,Task B ,1,2,1,0.157882265,0.05,1,305.5202315,0,0,2,3
4,grate,Task B ,1,3,1,-0.11976704,0.067,1,121.299528,0,0,3,2
5,grate,Task B ,2,2,1,-1.188994008,0.067,2,70.24465974,0,0,3,6
5,grate,Task B ,1,1,1,0.071109092,0.033,1,166.4300231,0,0,1,4
5,grate,Task B ,1,4,1,0.017745456,0.135,1,313.2811822,0,0,4,1
5,grate,Task B ,1,3,1,0.071386428,0.135,1,63.71959086,0,0,4,2
5,grate,Task B ,2,4,1,1.842863784,0.135,2,70.18696939,0,0,4,8
5,grate,Task B ,2,4,1,0.768361407,0.05,2,191.4794438,0,0,2,8
6,grate,Task B ,1,2,0,-0.435901302,0.067,2,293.6092071,0,0,3,3
6,grate,Task B ,1,3,0,0.500094059,0.033,2,18.52773893,0,0,1,2
6,grate,Task B ,2,3,0,0.492636713,0.067,1,91.23643577,0,0,3,7
6,grate,Task B ,2,3,1,-2.724745779,0.135,2,299.8590199,0,0,4,7
6,grate,Task B ,1,3,1,0.034467323,0.05,1,219.9153492,0,0,2,2
6,grate,Task B ,2,3,1,1.057236573,0.05,2,53.41906474,0,0,2,7
7,grate,Task B ,2,4,0,-0.6466041,0.135,1,292.7512056,0,0,4,8
7,grate,Task B ,2,4,1,-0.818016139,0.067,2,173.1012336,0,0,3,8
7,grate,Task B ,1,4,0,0.172969657,0.033,2,329.7480184,0,0,1,1
7,grate,Task B ,1,4,1,0.129265204,0.135,1,334.3979223,0,0,4,1
7,grate,Task B ,1,2,0,-0.364931323,0.135,2,5.546000144,0,0,4,3
7,grate,Task B ,1,4,0,-0.050186958,0.135,2,78.8529143,0,0,4,1
8,grate,Task B ,2,3,1,0.566816089,0.135,2,106.3698818,0,0,4,7
8,grate,Task B ,2,4,1,-2.055989884,0.135,2,71.76561858,0,0,4,8
8,grate,Task B ,2,4,0,-0.110568698,0.05,1,194.419045,0,0,2,8
8,grate,Task B ,1,3,1,-0.318144671,0.067,1,146.5240077,0,0,3,2
8,grate,Task B ,1,1,1,0.092760011,0.05,1,200.2561535,0,0,2,4
8,grate,Task B ,1,4,1,0.480219842,0.067,1,12.37702747,0,0,3,1
9,grate,Task B ,1,3,1,-0.245835449,0.05,1,355.3384618,0,0,2,2
9,grate,Task B ,2,4,1,2.979711524,0.135,2,236.7815837,0,0,4,8
9,grate,Task B ,1,1,0,1.280893722,0.05,2,122.9403255,0,0,2,4
9,grate,Task B ,1,3,1,-0.357196044,0.05,1,69.42989624,0,0,2,2
9,grate,Task B ,2,4,1,1.226686106,0.135,2,32.5034282,0,0,4,8
9,grate,Task B ,1,4,1,0.028180501,0.135,1,227.4324802,0,0,4,1
10,grate,Task B ,1,2,0,0.345975195,0.033,2,211.3461968,0,0,1,3
10,grate,Task B ,2,2,1,-3.44236497,0.135,2,99.28386992,0,0,4,6
10,grate,Task B ,1,1,0,-0.614164399,0.05,2,224.3993522,0,0,2,4
10,grate,Task B ,2,1,1,1.194337352,0.067,2,197.5487818,0,0,3,5
10,grate,Task B ,2,1,1,2.031865071,0.067,2,158.8551638,0,0,3,5
10,grate,Task B ,1,1,0,0.703830063,0.067,2,143.0304689,0,0,3,4
1,grate,Task B ,1,2,1,-0.706043215,0.05,1,281.139982,0,0,2,3
1,grate,Task B ,1,1,1,0.131536596,0.033,1,44.38327466,0,0,1,4
1,grate,Task B ,1,2,1,0.111593405,0.05,1,223.4478835,0,0,2,3
1,grate,Task B ,1,2,1,-0.060526378,0.135,1,3.1151687,0,0,4,3
1,grate,Task B ,1,3,0,0.070584907,0.135,2,242.7702004,0,0,4,2
1,grate,Task B ,2,2,1,-0.86657999,0.05,2,196.847616,0,0,2,6
2,grate,Task B ,1,3,1,-0.03613555,0.135,1,136.9120619,0,0,4,2
2,grate,Task B ,2,1,1,-1.995030011,0.033,2,17.72700434,0,0,1,5
2,grate,Task B ,2,3,1,-0.476092344,0.135,2,226.2165958,0,0,4,7
2,grate,Task B ,1,2,0,-0.545493301,0.05,2,91.53850295,0,0,2,3
2,grate,Task B ,1,2,1,0.160743445,0.05,1,23.3041589,0,0,2,3
2,grate,Task B ,1,2,1,-0.124838511,0.05,1,254.8766606,0,0,2,3
3,grate,Task B ,1,2,0,-0.038738423,0.033,2,107.3525515,0,0,1,3
3,grate,Task B ,1,2,0,0.064736273,0.033,2,341.5233634,0,0,1,3
3,grate,Task B ,1,1,0,0.724120181,0.033,2,166.7132646,0,0,1,4
3,grate,Task B ,2,2,0,0.318373992,0.135,1,276.6333854,0,0,4,6
3,grate,Task B ,2,4,1,1.13630067,0.135,2,217.5771295,0,0,4,8
3,grate,Task B ,2,4,1,1.009100881,0.135,2,3.731084466,0,0,4,8
4,grate,Task B ,1,1,1,-0.238016654,0.05,1,316.8852669,0,0,2,4
4,grate,Task B ,2,4,0,-0.68178337,0.067,1,336.5738929,0,0,3,8
4,grate,Task B ,1,1,1,-0.363596739,0.05,1,128.1913092,0,0,2,4
4,grate,Task B ,1,1,1,-0.118788679,0.05,1,226.6857595,0,0,2,4
4,grate,Task B ,2,1,0,-0.215065415,0.135,1,58.68837779,0,0,4,5
4,grate,Task B ,2,4,0,-0.367429635,0.135,1,61.16450421,0,0,4,8
5,grate,Task B ,1,4,1,-0.198189902,0.067,1,175.5108713,0,0,3,1
5,grate,Task B ,1,4,0,0.520549183,0.033,2,10.20399682,0,0,1,1
5,grate,Task B ,1,1,0,1.056306483,0.135,2,148.0811285,0,0,4,4
5,grate,Task B ,1,4,0,0.3939899,0.05,2,178.7680061,0,0,2,1
5,grate,Task B ,1,4,1,-0.580323649,0.067,1,74.77818682,0,0,3,1
5,grate,Task B ,1,4,1,0.157354474,0.033,1,213.3256361,0,0,1,1
6,grate,Task B ,1,2,1,-0.129135416,0.033,1,219.1696762,0,0,1,3
6,grate,Task B ,1,3,1,-0.111385518,0.135,1,57.06964386,0,0,4,2
6,grate,Task B ,2,3,0,0.059038516,0.05,1,270.0406721,0,0,2,7
6,grate,Task B ,2,3,1,-3.469879675,0.135,2,60.97953362,0,0,4,7
6,grate,Task B ,2,3,1,1.987325065,0.05,2,353.0519984,0,0,2,7
6,grate,Task B ,1,3,1,-0.084973509,0.135,1,52.71203865,0,0,4,2
7,grate,Task B ,1,1,0,1.256349446,0.067,2,259.4726766,0,0,3,4
7,grate,Task B ,2,4,1,-1.58086737,0.067,2,241.6944581,0,0,3,8
7,grate,Task B ,2,4,1,-0.837906883,0.067,2,328.1407764,0,0,3,8
7,grate,Task B ,2,4,1,1.993134205,0.05,2,58.06549304,0,0,2,8
7,grate,Task B ,1,4,1,-0.070011978,0.05,1,296.2713757,0,0,2,1
7,grate,Task B ,1,1,1,-0.124707937,0.033,1,237.0914199,0,0,1,4
8,grate,Task B ,2,3,1,1.281571608,0.067,2,254.4287764,0,0,3,7
8,grate,Task B ,1,1,0,-0.296375391,0.033,2,156.8802484,0,0,1,4
8,grate,Task B ,2,4,1,-1.502390753,0.067,2,70.5217751,0,0,3,8
8,grate,Task B ,1,3,1,0.021706988,0.067,1,324.7951413,0,0,3,2
8,grate,Task B ,2,4,0,0.276219699,0.135,1,136.1566205,0,0,4,8
8,grate,Task B ,1,1,1,-0.261016694,0.05,1,328.4408094,0,0,2,4
9,grate,Task B ,2,4,1,-0.273470953,0.05,2,167.2728038,0,0,2,8
9,grate,Task B ,2,4,1,-1.502205225,0.135,2,262.4846018,0,0,4,8
9,grate,Task B ,1,1,1,-0.115397172,0.05,1,334.701515,0,0,2,4
9,grate,Task B ,1,1,0,-0.661886855,0.067,2,89.06618702,0,0,3,4
9,grate,Task B ,1,4,1,-0.236659484,0.033,1,117.9381827,0,0,1,1
9,grate,Task B ,1,1,1,0.188788295,0.05,1,179.1834716,0,0,2,4
10,grate,Task B ,1,2,1,-0.094214147,0.067,1,230.8995624,0,0,3,3
10,grate,Task B ,2,1,1,2.391099043,0.067,2,53.74555822,0,0,3,5
10,grate,Task B ,1,1,0,0.538736854,0.05,2,6.513420702,0,0,2,4
10,grate,Task B ,1,2,1,0.011939828,0.033,1,97.486082,0,0,1,3
10,grate,Task B ,1,1,0,-2.450080931,0.033,2,107.1936235,0,0,1,4
10,grate,Task B ,1,1,0,0.078776748,0.135,2,165.0956222,0,0,4,4
1,grate,Task B ,1,2,1,0.334552072,0.067,1,111.6358421,0,0,3,3
1,grate,Task B ,1,1,1,0.506758469,0.033,1,27.38213132,0,0,1,4
1,grate,Task B ,1,3,1,0.170121002,0.067,1,185.3560381,0,0,3,2
1,grate,Task B ,1,2,1,-0.073761979,0.067,1,56.51124823,0,0,3,3
1,grate,Task B ,1,2,0,-0.234541162,0.033,2,186.08396,0,0,1,3
1,grate,Task B ,1,1,0,0.109157471,0.033,2,171.6299578,0,0,1,4
2,grate,Task B ,1,2,1,0.021704646,0.067,1,349.0470831,0,0,3,3
2,grate,Task B ,1,1,1,-0.073754416,0.05,1,210.4303725,0,0,2,4
2,grate,Task B ,1,1,0,-0.169010233,0.033,2,211.6409397,0,0,1,4
2,grate,Task B ,1,1,0,-0.71780714,0.05,2,128.0834065,0,0,2,4
2,grate,Task B ,2,4,1,-1.224662147,0.135,2,119.9375209,0,0,4,8
2,grate,Task B ,2,3,1,-1.037188105,0.067,2,301.2776192,0,0,3,7
3,grate,Task B ,1,4,1,-0.324768248,0.067,1,115.85895,0,0,3,1
3,grate,Task B ,2,4,1,2.24832086,0.135,2,66.86872921,0,0,4,8
3,grate,Task B ,1,4,0,-0.205106649,0.067,2,261.9105494,0,0,3,1
3,grate,Task B ,1,1,1,0.295396992,0.05,1,8.750248067,0,0,2,4
3,grate,Task B ,1,1,0,1.306943919,0.033,2,26.2138142,0,0,1,4
3,grate,Task B ,1,1,0,-0.400417969,0.135,2,192.8644745,0,0,4,4
4,grate,Task B ,1,2,1,0.452418563,0.033,1,252.4335297,0,0,1,3
4,grate,Task B ,2,2,0,0.173536854,0.05,1,109.1109586,0,0,2,6
4,grate,Task B ,1,4,1,0.010964844,0.135,1,348.9490626,0,0,4,1
4,grate,Task B ,1,1,0,0.347293007,0.05,2,334.0985235,0,0,2,4
4,grate,Task B ,2,4,1,-0.851089219,0.135,2,91.83810135,0,0,4,8
4,grate,Task B ,1,4,1,-0.217910068,0.067,1,148.0616715,0,0,3,1
5,grate,Task B ,1,2,1,-0.038112429,0.067,1,340.5906387,0,0,3,3
5,grate,Task B ,2,1,1,2.300477454,0.033,2,82.4564192,0,0,1,5
5,grate,Task B ,1,4,1,-0.44398631,0.135,1,96.64529019,0,0,4,1
5,grate,Task B ,1,3,0,-0.558896433,0.033,2,194.9781361,0,0,1,2
5,grate,Task B ,1,3,0,-0.99095474,0.05,2,38.99040608,0,0,2,2
5,grate,Task B ,2,4,1,-0.759708675,0.067,2,282.4392455,0,0,3,8
6,grate,Task B ,2,3,1,1.780174383,0.067,2,288.7177767,0,0,3,7
6,grate,Task B ,1,2,1,-0.10198417,0.033,1,210.8115746,0,0,1,3
6,grate,Task B ,2,3,1,-1.684694303,0.05,2,320.733731,0,0,2,7
6,grate,Task B ,2,3,1,-1.342340516,0.135,2,4.988218044,0,0,4,7
6,grate,Task B ,2,3,1,1.209045151,0.033,2,173.9080433,0,0,1,7
6,grate,Task B ,1,3,0,0.200759711,0.135,2,239.1460756,0,0,4,2
7,grate,Task B ,1,4,1,0.261119062,0.135,1,102.3982344,0,0,4,1
7,grate,Task B ,1,1,1,-0.085915377,0.033,1,107.6392782,0,0,1,4
7,grate,Task B ,1,4,0,2.349982646,0.067,2,45.47746242,0,0,3,1
7,grate,Task B ,1,4,1,0.006206727,0.135,1,1.903858033,0,0,4,1
7,grate,Task B ,2,4,1,1.269417791,0.135,2,91.28128873,0,0,4,8
7,grate,Task B ,1,4,0,-1.296460229,0.033,2,220.8042734,0,0,1,1
8,grate,Task B ,2,1,1,1.140015656,0.033,2,330.9669203,0,0,1,5
8,grate,Task B ,2,2,1,-0.909775655,0.05,2,107.1461668,0,0,2,6
8,grate,Task B ,2,3,1,1.148260699,0.135,2,291.1277323,0,0,4,7
8,grate,Task B ,1,1,0,0.105395767,0.05,2,28.95994168,0,0,2,4
8,grate,Task B ,1,1,1,0.080632305,0.05,1,213.441532,0,0,2,4
8,grate,Task B ,1,4,1,-0.104289912,0.067,1,146.6970244,0,0,3,1
9,grate,Task B ,1,2,1,-0.200981051,0.05,1,145.5793196,0,0,2,3
9,grate,Task B ,2,4,1,-1.275642578,0.135,2,240.7059602,0,0,4,8
9,grate,Task B ,1,1,0,0.963478361,0.05,2,276.2232626,0,0,2,4
9,grate,Task B ,1,4,1,0.580330071,0.135,1,11.26272945,0,0,4,1
9,grate,Task B ,1,1,1,0.161628253,0.05,1,329.31962,0,0,2,4
9,grate,Task B ,1,1,1,0.550709217,0.067,1,125.200894,0,0,3,4
10,grate,Task B ,1,1,1,-0.089630632,0.033,1,278.2253963,0,0,1,4
10,grate,Task B ,1,1,1,0.133802709,0.033,1,22.50455429,0,0,1,4
10,grate,Task B ,1,1,0,-0.519954862,0.033,2,259.5634081,0,0,1,4
10,grate,Task B ,1,1,0,1.062719819,0.135,2,198.4522171,0,0,4,4
10,grate,Task B ,1,1,1,-0.143227024,0.135,1,92.99356172,0,0,4,4
10,grate,Task B ,1,1,1,-0.086003419,0.05,1,25.42092662,0,0,2,4
1,grate,Task B ,1,2,0,-1.542061934,0.05,2,265.9120809,0,0,2,3
1,grate,Task B ,2,1,1,4.457161861,0.033,2,155.7844179,0,0,1,5
1,grate,Task B ,1,1,0,-2.016842316,0.033,2,202.5670609,0,0,1,4
1,grate,Task B ,2,2,0,-0.190591798,0.067,1,101.1030843,0,0,3,6
1,grate,Task B ,2,2,1,0.701104688,0.05,2,172.38338,0,0,2,6
1,grate,Task B ,1,2,1,0.123415395,0.135,1,156.150621,0,0,4,3
2,grate,Task B ,1,1,0,0.201578761,0.135,2,64.96585791,0,0,4,4
2,grate,Task B ,1,1,0,-1.384327346,0.033,2,68.73244689,0,0,1,4
2,grate,Task B ,2,2,0,0.277726338,0.033,1,183.9988027,0,0,1,6
2,grate,Task B ,1,3,1,0.321772159,0.135,1,242.0140889,0,0,4,2
2,grate,Task B ,1,2,1,-0.026495769,0.135,1,73.36033064,0,0,4,3
2,grate,Task B ,1,3,1,-0.188804577,0.067,1,198.8751958,0,0,3,2
3,grate,Task B ,2,2,1,1.77034641,0.033,2,140.393541,0,0,1,6
3,grate,Task B ,2,3,0,0.272738816,0.135,1,152.6975372,0,0,4,7
3,grate,Task B ,1,1,0,-0.924224951,0.05,2,264.7239457,0,0,2,4
3,grate,Task B ,1,3,1,0.082812837,0.05,1,274.4678209,0,0,2,2
3,grate,Task B ,2,3,1,1.114544689,0.05,2,197.4585918,0,0,2,7
3,grate,Task B ,1,2,0,-0.064554228,0.05,2,114.5132384,0,0,2,3
4,grate,Task B ,1,1,1,0.473506348,0.033,1,103.6445179,0,0,1,4
4,grate,Task B ,1,2,1,0.018926314,0.05,1,60.30600442,0,0,2,3
4,grate,Task B ,1,2,0,-0.49193637,0.033,2,155.0136229,0,0,1,3
4,grate,Task B ,2,1,1,1.617640453,0.033,2,203.407831,0,0,1,5
4,grate,Task B ,1,2,1,0.199675851,0.033,1,53.9401995,0,0,1,3
4,grate,Task B ,1,2,1,0.147520607,0.033,1,201.1059007,0,0,1,3
5,grate,Task B ,1,1,0,-0.897939571,0.033,2,175.6804832,0,0,1,4
5,grate,Task B ,2,2,0,-0.696969232,0.033,1,148.4875857,0,0,1,6
5,grate,Task B ,2,4,1,-2.326479985,0.135,2,255.2768481,0,0,4,8
5,grate,Task B ,2,4,1,1.943763452,0.05,2,287.7795561,0,0,2,8
5,grate,Task B ,2,4,1,-1.823215439,0.067,2,50.72061165,0,0,3,8
5,grate,Task B ,2,4,1,-1.530377096,0.05,2,255.837925,0,0,2,8
6,grate,Task B ,1,3,0,-2.489025603,0.135,2,44.36082024,0,0,4,2
6,grate,Task B ,2,3,1,0.323505079,0.05,2,90.64580764,0,0,2,7
6,grate,Task B ,1,2,1,-0.613891492,0.067,1,114.4099557,0,0,3,3
6,grate,Task B ,2,3,1,-0.403415359,0.05,2,271.5121338,0,0,2,7
6,grate,Task B ,1,3,1,0.065620188,0.033,1,214.5894818,0,0,1,2
6,grate,Task B ,2,3,1,-1.462080977,0.135,2,135.5472208,0,0,4,7
7,grate,Task B ,2,1,0,0.093110885,0.05,1,227.0647416,0,0,2,5
7,grate,Task B ,1,4,0,0.221544398,0.05,2,7.792138772,0,0,2,1
7,grate,Task B ,2,4,1,0.54349359,0.05,2,80.94423486,0,0,2,8
7,grate,Task B ,1,4,0,0.245057455,0.135,2,88.98757917,0,0,4,1
7,grate,Task B ,1,4,1,0.264236353,0.067,1,132.9051989,0,0,3,1
7,grate,Task B ,2,4,0,-0.446912026,0.135,1,284.4459379,0,0,4,8
8,grate,Task B ,1,2,1,0.237013331,0.067,1,99.24175601,0,0,3,3
8,grate,Task B ,2,1,0,0.381142169,0.033,1,2.078434319,0,0,1,5
8,grate,Task B ,2,1,0,0.310256566,0.033,1,336.3360426,0,0,1,5
8,grate,Task B ,1,3,0,0.777328336,0.135,2,335.6276823,0,0,4,2
8,grate,Task B ,2,2,1,1.24079157,0.067,2,111.1516504,0,0,3,6
8,grate,Task B ,1,4,0,-0.83809127,0.067,2,256.2700257,0,0,3,1
9,grate,Task B ,2,2,1,0.943017451,0.05,2,62.99034681,0,0,2,6
9,grate,Task B ,2,4,0,0.610944976,0.05,1,59.68372713,0,0,2,8
9,grate,Task B ,1,2,1,0.340333467,0.05,1,160.3772146,0,0,2,3
9,grate,Task B ,1,2,1,0.411111685,0.067,1,349.3071241,0,0,3,3
9,grate,Task B ,1,2,1,-0.404387741,0.05,1,223.296345,0,0,2,3
9,grate,Task B ,1,4,1,-0.054645181,0.05,1,259.1986056,0,0,2,1
10,grate,Task B ,1,3,1,-0.367406443,0.135,1,57.95196719,0,0,4,2
10,grate,Task B ,2,2,1,-1.631300107,0.135,2,125.3029314,0,0,4,6
10,grate,Task B ,1,1,1,0.201887735,0.05,1,213.352508,0,0,2,4
10,grate,Task B ,1,1,0,-1.096423656,0.067,2,328.5444165,0,0,3,4
10,grate,Task B ,1,1,1,-0.254870322,0.067,1,82.86486706,0,0,3,4
10,grate,Task B ,1,1,1,0.173065419,0.067,1,328.8294658,0,0,3,4
1,grate,Task B ,2,2,0,-0.149617282,0.05,1,343.2901967,0,0,2,6
1,grate,Task B ,1,2,1,0.309019412,0.135,1,50.06708992,0,0,4,3
1,grate,Task B ,1,3,0,0.005910141,0.135,2,196.2181947,0,0,4,2
1,grate,Task B ,1,3,1,0.478330375,0.067,1,331.6976554,0,0,3,2
1,grate,Task B ,2,2,1,1.835169562,0.05,2,335.0122821,0,0,2,6
1,grate,Task B ,1,2,1,0.306218895,0.067,1,332.1596781,0,0,3,3
2,grate,Task B ,2,3,0,-0.487720951,0.135,1,279.3359177,0,0,4,7
2,grate,Task B ,2,4,1,1.341319574,0.135,2,94.61739499,0,0,4,8
2,grate,Task B ,2,4,1,-0.73691124,0.135,2,343.213415,0,0,4,8
2,grate,Task B ,2,4,1,1.611916816,0.067,2,137.349164,0,0,3,8
2,grate,Task B ,1,2,0,0.169455332,0.05,2,39.69337404,0,0,2,3
2,grate,Task B ,1,2,0,1.311410232,0.05,2,8.320431762,0,0,2,3
3,grate,Task B ,2,2,1,-0.782248235,0.05,2,18.14122168,0,0,2,6
3,grate,Task B ,1,4,1,0.713493206,0.067,1,154.7968122,0,0,3,1
3,grate,Task B ,2,2,1,1.65282129,0.05,2,82.0486454,0,0,2,6
3,grate,Task B ,2,3,1,-0.974649783,0.067,2,35.85093361,0,0,3,7
3,grate,Task B ,1,2,1,-0.133320716,0.135,1,145.8130662,0,0,4,3
3,grate,Task B ,2,3,1,0.799376931,0.135,2,178.0407303,0,0,4,7
4,grate,Task B ,1,1,1,-0.074738155,0.033,1,222.6162247,0,0,1,4
4,grate,Task B ,2,3,0,-0.001303604,0.067,1,274.7403449,0,0,3,7
4,grate,Task B ,1,4,0,-0.032428995,0.135,2,291.7471886,0,0,4,1
4,grate,Task B ,1,1,1,0.257237096,0.05,1,3.01492635,0,0,2,4
4,grate,Task B ,2,4,1,-3.374456854,0.135,2,141.5544517,0,0,4,8
4,grate,Task B ,2,2,1,-0.666321082,0.05,2,0.031811365,0,0,2,6
5,grate,Task B ,2,2,0,-0.019481432,0.067,1,212.0187087,0,0,3,6
5,grate,Task B ,1,1,0,-0.106291598,0.033,2,214.3442078,0,0,1,4
5,grate,Task B ,1,3,1,0.206075093,0.135,1,181.3003412,0,0,4,2
5,grate,Task B ,1,4,1,-0.509523226,0.033,1,84.69608275,0,0,1,1
5,grate,Task B ,2,4,0,0.210955557,0.033,1,153.3294314,0,0,1,8
5,grate,Task B ,1,4,0,0.251302956,0.05,2,122.7928701,0,0,2,1
6,grate,Task B ,1,3,0,0.630059713,0.05,2,60.52449532,0,0,2,2
6,grate,Task B ,1,3,1,0.127672008,0.067,1,123.4961986,0,0,3,2
6,grate,Task B ,2,3,0,-0.104007299,0.033,1,13.42982455,0,0,1,7
6,grate,Task B ,1,3,0,-1.952889263,0.033,2,347.5547353,0,0,1,2
6,grate,Task B ,1,3,0,-0.335102077,0.135,2,285.477418,0,0,4,2
6,grate,Task B ,2,3,1,-0.665938677,0.135,2,261.0841746,0,0,4,7
7,grate,Task B ,2,1,0,0.322445319,0.05,1,266.0980445,0,0,2,5
7,grate,Task B ,2,4,1,-1.892967167,0.135,2,95.10292458,0,0,4,8
7,grate,Task B ,1,4,0,1.006517284,0.05,2,27.48411783,0,0,2,1
7,grate,Task B ,1,4,1,-0.002517371,0.033,1,346.5363932,0,0,1,1
7,grate,Task B ,2,4,1,-1.225508279,0.05,2,116.9583782,0,0,2,8
7,grate,Task B ,1,4,0,-0.885274885,0.135,2,56.7554319,0,0,4,1
8,grate,Task B ,2,4,0,-0.244035147,0.135,1,344.6725908,0,0,4,8
8,grate,Task B ,1,2,0,0.635407223,0.135,2,319.8872293,0,0,4,3
8,grate,Task B ,1,4,0,-0.403870076,0.135,2,248.5121367,0,0,4,1
8,grate,Task B ,2,2,1,2.01566018,0.067,2,317.3753986,0,0,3,6
8,grate,Task B ,1,1,0,1.86611964,0.05,2,354.9922255,0,0,2,4
8,grate,Task B ,1,1,0,-1.609225567,0.033,2,324.297192,0,0,1,4
9,grate,Task B ,2,1,1,1.467630013,0.033,2,143.2515576,0,0,1,5
9,grate,Task B ,2,4,1,2.625135023,0.067,2,4.851949083,0,0,3,8
9,grate,Task B ,2,4,1,3.58156266,0.135,2,186.736459,0,0,4,8
9,grate,Task B ,2,2,1,-1.236430907,0.135,2,71.39696529,0,0,4,6
9,grate,Task B ,2,3,0,0.49339401,0.135,1,271.602421,0,0,4,7
9,grate,Task B ,1,1,1,0.223273704,0.033,1,329.0728519,0,0,1,4
10,grate,Task B ,1,2,1,-0.059442454,0.067,1,207.4423812,0,0,3,3
10,grate,Task B ,1,1,0,1.214373809,0.05,2,130.9585691,0,0,2,4
10,grate,Task B ,2,1,1,-0.56511141,0.135,2,45.0094566,0,0,4,5
10,grate,Task B ,1,2,0,-1.80181645,0.033,2,153.0146246,0,0,1,3
10,grate,Task B ,1,1,1,-0.604641056,0.033,1,342.6160714,0,0,1,4
10,grate,Task B ,2,1,1,1.979941184,0.067,2,73.10022268,0,0,3,5
1,grate,Task B ,2,4,1,-3.352878886,0.067,2,71.71861942,0,0,3,8
1,grate,Task B ,1,1,0,1.200577479,0.033,2,352.9421306,0,0,1,4
1,grate,Task B ,2,2,1,-0.894778428,0.033,2,321.5017072,0,0,1,6
1,grate,Task B ,1,2,0,-1.185798592,0.05,2,47.11225051,0,0,2,3
1,grate,Task B ,1,2,0,0.816116742,0.067,2,199.6301456,0,0,3,3
1,grate,Task B ,2,3,1,2.179613747,0.135,2,213.3273233,0,0,4,7
2,grate,Task B ,2,1,0,0.054035886,0.033,1,351.5882972,0,0,1,5
2,grate,Task B ,1,1,1,-0.219739524,0.067,1,61.28284156,0,0,3,4
2,grate,Task B ,1,4,1,-0.100619104,0.135,1,39.0938081,0,0,4,1
2,grate,Task B ,1,1,0,-2.401908851,0.067,2,153.294644,0,0,3,4
2,grate,Task B ,1,4,0,0.189596582,0.135,2,154.7218236,0,0,4,1
2,grate,Task B ,1,1,0,-3.03859522,0.05,2,350.7792421,0,0,2,4
3,grate,Task B ,2,2,0,0.825440932,0.135,1,8.480605646,0,0,4,6
3,grate,Task B ,1,1,1,0.01439009,0.067,1,156.3756706,0,0,3,4
3,grate,Task B ,1,3,1,-0.664029235,0.05,1,28.42921901,0,0,2,2
3,grate,Task B ,2,3,1,1.360509824,0.135,2,245.3590242,0,0,4,7
3,grate,Task B ,1,1,0,0.297402943,0.033,2,203.3802632,0,0,1,4
3,grate,Task B ,1,1,0,0.84626472,0.05,2,108.3758826,0,0,2,4
4,grate,Task B ,2,3,1,0.91951755,0.05,2,94.80756932,0,0,2,7
4,grate,Task B ,1,3,0,-0.224171821,0.067,2,2.422945189,0,0,3,2
4,grate,Task B ,2,4,0,-0.540695536,0.067,1,248.1227786,0,0,3,8
4,grate,Task B ,2,3,1,-1.281200004,0.067,2,243.8886113,0,0,3,7
4,grate,Task B ,1,2,0,-0.72632008,0.05,2,221.24894,0,0,2,3
4,grate,Task B ,1,2,0,1.41184957,0.033,2,162.3324608,0,0,1,3
5,grate,Task B ,1,3,0,-0.593888224,0.135,2,63.56344784,0,0,4,2
5,grate,Task B ,1,4,1,0.021614618,0.135,1,154.1048598,0,0,4,1
5,grate,Task B ,1,4,0,-0.333922084,0.05,2,52.74768389,0,0,2,1
5,grate,Task B ,1,4,0,-0.26188273,0.135,2,249.4116096,0,0,4,1
5,grate,Task B ,1,1,0,1.400201097,0.05,2,67.25925182,0,0,2,4
5,grate,Task B ,1,3,0,1.701789728,0.05,2,70.65284937,0,0,2,2
6,grate,Task B ,1,3,1,0.244751574,0.135,1,349.684498,0,0,4,2
6,grate,Task B ,1,3,1,-0.083594131,0.067,1,48.18243199,0,0,3,2
6,grate,Task B ,1,3,1,-0.182750946,0.033,1,311.5774507,0,0,1,2
6,grate,Task B ,1,3,0,0.01286882,0.135,2,121.6744457,0,0,4,2
6,grate,Task B ,1,3,0,0.594069537,0.067,2,84.3557324,0,0,3,2
6,grate,Task B ,1,2,0,-0.023280415,0.05,2,355.9065962,0,0,2,3
7,grate,Task B ,1,4,1,0.018327069,0.135,1,197.8877368,0,0,4,1
7,grate,Task B ,1,4,0,1.453738208,0.033,2,296.0769095,0,0,1,1
7,grate,Task B ,2,4,1,0.350358543,0.05,2,179.8463832,0,0,2,8
7,grate,Task B ,2,3,0,0.016711478,0.135,1,4.952776896,0,0,4,7
7,grate,Task B ,1,4,1,0.902578114,0.05,1,122.0284337,0,0,2,1
7,grate,Task B ,1,1,0,-1.024084129,0.067,2,210.2750059,0,0,3,4
8,grate,Task B ,2,4,1,-2.440075534,0.135,2,306.2141323,0,0,4,8
8,grate,Task B ,2,1,1,-0.292685403,0.033,2,10.65279705,0,0,1,5
8,grate,Task B ,1,3,1,0.228157434,0.033,1,45.37917182,0,0,1,2
8,grate,Task B ,1,4,1,0.031339772,0.135,1,307.2437746,0,0,4,1
8,grate,Task B ,1,1,1,-0.032528027,0.05,1,94.57962672,0,0,2,4
8,grate,Task B ,1,2,0,-1.017159423,0.033,2,66.81963632,0,0,1,3
9,grate,Task B ,2,4,1,1.556034218,0.135,2,343.5100186,0,0,4,8
9,grate,Task B ,2,4,1,-1.911214374,0.067,2,227.8641843,0,0,3,8
9,grate,Task B ,1,1,0,1.969829377,0.05,2,297.9042105,0,0,2,4
9,grate,Task B ,2,1,1,1.645735039,0.05,2,191.2444579,0,0,2,5
9,grate,Task B ,2,4,1,1.345219882,0.135,2,19.61444356,0,0,4,8
9,grate,Task B ,1,2,0,1.595037029,0.05,2,109.6203677,0,0,2,3
10,grate,Task B ,2,2,1,1.955690559,0.05,2,50.43202919,0,0,2,6
10,grate,Task B ,1,1,1,0.210593024,0.05,1,93.59097158,0,0,2,4
10,grate,Task B ,2,2,1,2.528636352,0.067,2,182.864429,0,0,3,6
10,grate,Task B ,1,1,1,-0.600782328,0.067,1,248.8112804,0,0,3,4
10,grate,Task B ,1,1,1,-0.07852659,0.067,1,126.6422931,0,0,3,4
10,grate,Task B ,1,1,1,-0.299925827,0.05,1,354.7726131,0,0,2,4
1,grate,Task B ,1,2,1,0.086006419,0.05,1,167.1872649,0,0,2,3
1,grate,Task B ,1,2,1,-0.398506851,0.05,1,78.49488485,0,0,2,3
1,grate,Task B ,1,2,0,2.500740385,0.033,2,238.9343702,0,0,1,3
1,grate,Task B ,2,3,1,1.170611437,0.067,2,122.2324903,0,0,3,7
1,grate,Task B ,1,2,1,0.717251836,0.05,1,68.76737869,0,0,2,3
1,grate,Task B ,1,2,1,-0.323731835,0.135,1,86.75205994,0,0,4,3
2,grate,Task B ,2,1,0,0.301037088,0.067,1,73.67907969,0,0,3,5
2,grate,Task B ,2,1,0,-0.036353147,0.067,1,241.9889274,0,0,3,5
2,grate,Task B ,1,2,1,-0.080927949,0.033,1,66.2941603,0,0,1,3
2,grate,Task B ,1,3,0,-0.789837176,0.067,2,93.33144083,0,0,3,2
2,grate,Task B ,1,2,1,-0.014326964,0.033,1,230.0968922,0,0,1,3
2,grate,Task B ,1,1,1,-0.479009376,0.135,1,252.3237968,0,0,4,4
3,grate,Task B ,2,1,0,0.363154696,0.05,1,82.64909444,0,0,2,5
3,grate,Task B ,2,4,1,-1.929211523,0.05,2,51.73260331,0,0,2,8
3,grate,Task B ,1,1,0,-0.451595422,0.067,2,196.3088158,0,0,3,4
3,grate,Task B ,2,2,0,-0.004281737,0.05,1,117.4469817,0,0,2,6
3,grate,Task B ,1,4,1,0.012409318,0.135,1,188.7137346,0,0,4,1
3,grate,Task B ,1,2,0,-0.708285262,0.033,2,177.0132899,0,0,1,3
4,grate,Task B ,1,2,0,0.534272627,0.05,2,170.8492072,0,0,2,3
4,grate,Task B ,2,1,0,0.07352401,0.05,1,149.1313338,0,0,2,5
4,grate,Task B ,1,3,0,0.174565577,0.067,2,28.62512033,0,0,3,2
4,grate,Task B ,2,4,1,1.342584898,0.135,2,148.7646587,0,0,4,8
4,grate,Task B ,1,3,1,0.169275568,0.067,1,150.8003443,0,0,3,2
4,grate,Task B ,1,4,0,-0.345618733,0.135,2,75.91437944,0,0,4,1
5,grate,Task B ,1,2,0,0.143617486,0.135,2,288.2969289,0,0,4,3
5,grate,Task B ,1,2,1,0.072262428,0.067,1,121.7885896,0,0,3,3
5,grate,Task B ,1,2,1,-0.08655067,0.05,1,270.0258629,0,0,2,3
5,grate,Task B ,2,4,0,-0.696747649,0.067,1,296.4370164,0,0,3,8
5,grate,Task B ,1,4,0,-0.194345815,0.135,2,310.2225336,0,0,4,1
5,grate,Task B ,1,3,1,0.492907396,0.033,1,314.4804912,0,0,1,2
6,grate,Task B ,2,3,0,-0.019367428,0.05,1,294.3452211,0,0,2,7
6,grate,Task B ,2,2,0,0.03004448,0.033,1,70.15010344,0,0,1,6
6,grate,Task B ,1,3,1,0.455294466,0.05,1,14.33504321,0,0,2,2
6,grate,Task B ,2,3,1,1.267941077,0.135,2,97.42796924,0,0,4,7
6,grate,Task B ,2,3,1,-1.566581445,0.05,2,248.6940433,0,0,2,7
6,grate,Task B ,1,3,0,-0.535588057,0.067,2,131.1845983,0,0,3,2
7,grate,Task B ,2,1,0,-0.24496789,0.05,1,70.8828683,0,0,2,5
7,grate,Task B ,2,4,0,0.124688093,0.067,1,101.1952535,0,0,3,8
7,grate,Task B ,1,4,0,-0.171553907,0.05,2,23.89480891,0,0,2,1
7,grate,Task B ,1,4,0,-0.764193519,0.033,2,175.9063065,0,0,1,1
7,grate,Task B ,2,4,1,-0.094576638,0.067,2,330.6502989,0,0,3,8
7,grate,Task B ,1,1,0,1.595517025,0.05,2,344.523752,0,0,2,4
8,grate,Task B ,1,3,0,-0.396989534,0.135,2,215.7476641,0,0,4,2
8,grate,Task B ,2,1,0,0.425895732,0.05,1,176.1830254,0,0,2,5
8,grate,Task B ,2,1,1,-1.496437398,0.033,2,66.73528608,0,0,1,5
8,grate,Task B ,1,3,0,1.849110621,0.05,2,74.16096562,0,0,2,2
8,grate,Task B ,2,2,0,0.218493516,0.067,1,57.70850566,0,0,3,6
8,grate,Task B ,1,1,0,-0.170389747,0.033,2,186.049505,0,0,1,4
9,grate,Task B ,1,4,0,2.458682226,0.135,2,208.0861605,0,0,4,1
9,grate,Task B ,1,2,1,-0.057686079,0.033,1,159.7590869,0,0,1,3
9,grate,Task B ,1,1,0,-0.992849216,0.05,2,237.5475458,0,0,2,4
9,grate,Task B ,1,1,0,1.482742841,0.033,2,54.11847095,0,0,1,4
9,grate,Task B ,1,4,1,-0.143718662,0.067,1,91.66126296,0,0,3,1
9,grate,Task B ,1,4,0,-1.173859679,0.067,2,267.1986525,0,0,3,1
10,grate,Task B ,2,4,1,1.637658361,0.135,2,313.8946591,0,0,4,8
10,grate,Task B ,1,1,0,-0.140935367,0.05,2,127.6832709,0,0,2,4
10,grate,Task B ,1,1,1,0.236965666,0.135,1,207.451883,0,0,4,4
10,grate,Task B ,2,1,1,-1.042969403,0.135,2,89.57925565,0,0,4,5
10,grate,Task B ,1,1,0,-0.107088613,0.033,2,299.2224891,0,0,1,4
10,grate,Task B ,1,1,1,-0.146086046,0.05,1,154.1554737,0,0,2,4
1,grate,Task B ,1,3,1,-0.05659121,0.135,1,109.267325,0,0,4,2
1,grate,Task B ,1,1,0,-0.476894221,0.033,2,62.74946225,0,0,1,4
1,grate,Task B ,1,1,1,-0.278915136,0.033,1,113.6078073,0,0,1,4
1,grate,Task B ,2,1,1,0.29336484,0.05,2,8.025603385,0,0,2,5
1,grate,Task B ,1,2,0,-0.411690425,0.067,2,94.50739069,0,0,3,3
1,grate,Task B ,2,1,0,0.065214101,0.05,1,268.4187917,0,0,2,5
2,grate,Task B ,2,3,0,-0.157663888,0.05,1,302.2321711,0,0,2,7
2,grate,Task B ,2,1,1,-1.789986453,0.05,2,348.0817556,0,0,2,5
2,grate,Task B ,1,1,1,-0.250578926,0.05,1,173.5978549,0,0,2,4
2,grate,Task B ,1,2,1,-0.219691662,0.05,1,298.6892679,0,0,2,3
2,grate,Task B ,1,2,1,-0.496817412,0.067,1,179.6912488,0,0,3,3
2,grate,Task B ,1,2,0,-1.561814797,0.05,2,182.0236097,0,0,2,3
3,grate,Task B ,2,2,1,1.009164909,0.067,2,266.7702602,0,0,3,6
3,grate,Task B ,2,4,1,-0.471760098,0.05,2,104.2649528,0,0,2,8
3,grate,Task B ,1,3,0,0.231314857,0.067,2,141.5413205,0,0,3,2
3,grate,Task B ,1,3,1,-0.037250203,0.135,1,145.1419548,0,0,4,2
3,grate,Task B ,1,2,1,-0.299332275,0.067,1,8.911421407,0,0,3,3
3,grate,Task B ,2,3,0,0.517390482,0.067,1,127.706191,0,0,3,7
4,grate,Task B ,1,3,1,-0.127425537,0.05,1,39.28362731,0,0,2,2
4,grate,Task B ,1,4,1,-0.367223759,0.135,1,349.2296333,0,0,4,1
4,grate,Task B ,2,3,1,-1.354942514,0.067,2,324.3918128,0,0,3,7
4,grate,Task B ,1,4,1,-0.005933372,0.135,1,296.6633577,0,0,4,1
4,grate,Task B ,1,1,1,0.314017412,0.033,1,110.1618326,0,0,1,4
4,grate,Task B ,2,4,1,-0.920163476,0.135,2,169.705554,0,0,4,8
5,grate,Task B ,1,4,0,-0.617312263,0.067,2,218.7743697,0,0,3,1
5,grate,Task B ,1,3,0,1.286620208,0.033,2,19.10965282,0,0,1,2
5,grate,Task B ,2,2,0,0.095016931,0.033,1,255.6602565,0,0,1,6
5,grate,Task B ,1,2,1,0.078709434,0.05,1,12.03069369,0,0,2,3
5,grate,Task B ,2,4,1,-2.335334491,0.05,2,142.5245648,0,0,2,8
5,grate,Task B ,1,3,1,-0.537633273,0.05,1,199.0045532,0,0,2,2
6,grate,Task B ,2,3,1,1.919330438,0.05,2,78.14141557,0,0,2,7
6,grate,Task B ,1,3,1,-0.001612209,0.05,1,286.2476573,0,0,2,2
6,grate,Task B ,1,3,0,0.130528207,0.067,2,64.06387655,0,0,3,2
6,grate,Task B ,1,3,1,0.438566323,0.135,1,139.3758046,0,0,4,2
6,grate,Task B ,1,3,1,-0.079823596,0.067,1,90.05508928,0,0,3,2
6,grate,Task B ,1,1,0,0.964121951,0.05,2,160.4971344,0,0,2,4
7,grate,Task B ,2,1,1,0.477383383,0.135,2,227.1265893,0,0,4,5
7,grate,Task B ,2,4,1,3.526867323,0.135,2,198.5306991,0,0,4,8
7,grate,Task B ,1,4,1,0.301306313,0.067,1,155.3362899,0,0,3,1
7,grate,Task B ,1,4,0,-0.116568907,0.135,2,194.6610341,0,0,4,1
7,grate,Task B ,1,4,0,-0.275945325,0.05,2,351.2656161,0,0,2,1
7,grate,Task B ,1,4,1,-0.226201654,0.05,1,140.2200769,0,0,2,1
8,grate,Task B ,1,1,1,0.024858524,0.05,1,221.8886235,0,0,2,4
8,grate,Task B ,2,1,0,-0.368730084,0.033,1,237.2961012,0,0,1,5
8,grate,Task B ,2,4,1,-1.295297968,0.135,2,196.7497533,0,0,4,8
8,grate,Task B ,2,2,0,-0.249405745,0.135,1,43.61080583,0,0,4,6
8,grate,Task B ,1,1,0,-1.039677578,0.033,2,195.1743047,0,0,1,4
8,grate,Task B ,1,4,1,-0.199660202,0.135,1,9.922983555,0,0,4,1
9,grate,Task B ,2,4,1,-2.025768479,0.135,2,265.4406897,0,0,4,8
9,grate,Task B ,2,4,0,-0.728097464,0.135,1,173.823391,0,0,4,8
9,grate,Task B ,1,1,1,-0.530352706,0.067,1,44.08816385,0,0,3,4
9,grate,Task B ,2,4,1,1.231588039,0.135,2,19.09932064,0,0,4,8
9,grate,Task B ,1,1,0,0.565998538,0.033,2,107.3096016,0,0,1,4
9,grate,Task B ,1,1,0,0.470594936,0.033,2,115.0190621,0,0,1,4
10,grate,Task B ,1,2,1,-0.111300859,0.033,1,208.1602667,0,0,1,3
10,grate,Task B ,2,2,1,-1.372910013,0.135,2,1.964866803,0,0,4,6
10,grate,Task B ,1,1,1,0.20260095,0.033,1,115.0878453,0,0,1,4
10,grate,Task B ,1,1,0,0.903188138,0.05,2,291.5105077,0,0,2,4
10,grate,Task B ,1,1,0,-0.810724424,0.033,2,17.00049122,0,0,1,4
10,grate,Task B ,1,1,1,-0.209268052,0.067,1,287.1861922,0,0,3,4
1,grate,Task B ,1,2,1,0.079293272,0.067,1,296.6792307,0,0,3,3
1,grate,Task B ,1,2,0,-0.618197679,0.067,2,169.3204486,0,0,3,3
1,grate,Task B ,2,2,1,1.751540546,0.05,2,242.7631229,0,0,2,6
1,grate,Task B ,2,1,0,-0.453700512,0.033,1,147.6638586,0,0,1,5
1,grate,Task B ,1,2,1,-0.127429929,0.05,1,97.28984919,0,0,2,3
1,grate,Task B ,1,3,0,0.811031038,0.033,2,6.665333611,0,0,1,2
2,grate,Task B ,1,3,1,-0.169732163,0.135,1,128.0211308,0,0,4,2
2,grate,Task B ,2,4,1,-2.48615273,0.135,2,129.4994577,0,0,4,8
2,grate,Task B ,1,4,0,1.263387331,0.067,2,351.8163936,0,0,3,1
2,grate,Task B ,2,1,1,0.380871362,0.033,2,71.84630958,0,0,1,5
2,grate,Task B ,1,2,1,0.025606884,0.067,1,241.2766907,0,0,3,3
2,grate,Task B ,2,2,0,0.182959964,0.05,1,86.09519829,0,0,2,6
3,grate,Task B ,1,4,1,0.016932242,0.05,1,259.3692981,0,0,2,1
3,grate,Task B ,2,2,1,0.963338631,0.067,2,349.6855898,0,0,3,6
3,grate,Task B ,2,1,0,0.530162383,0.067,1,193.6535158,0,0,3,5
3,grate,Task B ,1,2,1,-0.721329513,0.033,1,316.5321012,0,0,1,3
3,grate,Task B ,2,3,1,-1.369871002,0.05,2,291.263889,0,0,2,7
3,grate,Task B ,2,4,1,-2.478825322,0.067,2,211.1269335,0,0,3,8
4,grate,Task B ,2,3,0,0.108032515,0.067,1,190.670486,0,0,3,7
4,grate,Task B ,1,1,0,-1.190634358,0.033,2,48.8531338,0,0,1,4
4,grate,Task B ,1,3,1,0.102921086,0.05,1,47.79977795,0,0,2,2
4,grate,Task B ,1,3,0,-0.151134097,0.067,2,192.6446268,0,0,3,2
4,grate,Task B ,1,4,1,0.184503452,0.135,1,41.59171356,0,0,4,1
4,grate,Task B ,1,4,1,0.251839895,0.135,1,164.047535,0,0,4,1
5,grate,Task B ,1,1,0,1.766339567,0.067,2,53.70639854,0,0,3,4
5,grate,Task B ,1,4,0,-1.06593122,0.05,2,85.10972763,0,0,2,1
5,grate,Task B ,1,1,0,1.490419384,0.033,2,219.1404638,0,0,1,4
5,grate,Task B ,1,4,1,-0.018816222,0.135,1,237.4795231,0,0,4,1
5,grate,Task B ,1,2,1,0.287677932,0.135,1,291.7391672,0,0,4,3
5,grate,Task B ,1,4,1,-0.530082052,0.05,1,252.9045814,0,0,2,1
6,grate,Task B ,2,3,0,0.302396031,0.05,1,258.323087,0,0,2,7
6,grate,Task B ,1,3,0,0.455965389,0.135,2,131.4615485,0,0,4,2
6,grate,Task B ,1,3,1,0.051929132,0.067,1,120.2360797,0,0,3,2
6,grate,Task B ,2,3,1,2.264427974,0.067,2,78.49125096,0,0,3,7
6,grate,Task B ,2,3,1,1.868409792,0.05,2,304.8198917,0,0,2,7
6,grate,Task B ,2,3,0,0.275807718,0.135,1,132.2694406,0,0,4,7
7,grate,Task B ,1,4,0,-2.422422867,0.067,2,47.81570968,0,0,3,1
7,grate,Task B ,2,4,1,2.30955193,0.067,2,49.54661744,0,0,3,8
7,grate,Task B ,1,4,1,0.245783204,0.033,1,334.4353929,0,0,1,1
7,grate,Task B ,2,4,1,-0.94575194,0.033,2,74.51356192,0,0,1,8
7,grate,Task B ,1,4,1,-0.392329529,0.067,1,333.1060317,0,0,3,1
7,grate,Task B ,1,1,1,-0.121377218,0.05,1,148.7039161,0,0,2,4
8,grate,Task B ,1,2,0,-0.039011811,0.067,2,307.2938054,0,0,3,3
8,grate,Task B ,1,1,0,1.270523944,0.05,2,292.9524266,0,0,2,4
8,grate,Task B ,2,3,1,1.192586523,0.067,2,100.0014168,0,0,3,7
8,grate,Task B ,1,3,1,-0.360990904,0.067,1,213.041699,0,0,3,2
8,grate,Task B ,2,2,1,1.096798151,0.033,2,99.3922517,0,0,1,6
8,grate,Task B ,2,1,1,-0.849726179,0.033,2,210.1647601,0,0,1,5
9,grate,Task B ,1,1,0,0.99094021,0.033,2,291.84807,0,0,1,4
9,grate,Task B ,2,4,1,-2.514969685,0.135,2,333.5573682,0,0,4,8
9,grate,Task B ,2,3,0,-0.068437377,0.05,1,146.7173561,0,0,2,7
9,grate,Task B ,1,1,0,-1.863536268,0.05,2,338.3236798,0,0,2,4
9,grate,Task B ,1,4,0,-0.163021653,0.135,2,306.0023189,0,0,4,1
9,grate,Task B ,1,3,1,-0.440009019,0.135,1,301.8101212,0,0,4,2
10,grate,Task B ,1,2,0,0.945209707,0.067,2,261.1089824,0,0,3,3
10,grate,Task B ,1,1,0,-2.57075787,0.033,2,33.38070194,0,0,1,4
10,grate,Task B ,2,2,1,-2.760987671,0.067,2,259.482987,0,0,3,6
10,grate,Task B ,1,2,1,0.289868281,0.135,1,211.4819446,0,0,4,3
10,grate,Task B ,2,1,0,0.565304196,0.135,1,244.1779366,0,0,4,5
10,grate,Task B ,1,1,1,0.515873117,0.05,1,96.35142865,0,0,2,4
1,grate,Task B ,2,2,1,0.437216656,0.033,2,289.9883683,0,0,1,6
1,grate,Task B ,2,2,1,1.771112865,0.05,2,265.2333971,0,0,2,6
1,grate,Task B ,1,4,1,0.475030425,0.067,1,17.311727,0,0,3,1
1,grate,Task B ,2,2,1,-0.099042441,0.05,2,230.1598076,0,0,2,6
1,grate,Task B ,2,4,1,-2.889132192,0.135,2,179.3984242,0,0,4,8
1,grate,Task B ,1,2,1,0.083329431,0.05,1,278.4068578,0,0,2,3
2,grate,Task B ,2,1,0,-0.08219395,0.05,1,359.2362109,0,0,2,5
2,grate,Task B ,2,1,0,-0.436032135,0.067,1,353.4193463,0,0,3,5
2,grate,Task B ,2,4,1,1.960192083,0.135,2,244.5677329,0,0,4,8
2,grate,Task B ,1,3,0,-1.837950341,0.067,2,56.49313789,0,0,3,2
2,grate,Task B ,2,1,1,1.108309735,0.05,2,260.7210738,0,0,2,5
2,grate,Task B ,1,2,1,-0.166723271,0.135,1,106.1213992,0,0,4,3
3,grate,Task B ,1,1,1,0.011065669,0.135,1,216.537324,0,0,4,4
3,grate,Task B ,1,3,0,-0.376748599,0.033,2,271.626581,0,0,1,2
3,grate,Task B ,1,2,1,0.69533409,0.033,1,346.5985661,0,0,1,3
3,grate,Task B ,1,4,0,0.450599459,0.05,2,93.68087371,0,0,2,1
3,grate,Task B ,1,2,0,-0.246804464,0.05,2,212.8931752,0,0,2,3
3,grate,Task B ,2,1,1,-0.116553675,0.033,2,177.5474468,0,0,1,5
4,grate,Task B ,2,3,1,-0.940145804,0.135,2,359.8299774,0,0,4,7
4,grate,Task B ,2,4,1,-2.110637765,0.067,2,353.6914424,0,0,3,8
4,grate,Task B ,1,3,1,0.076244907,0.033,1,343.9664877,0,0,1,2
4,grate,Task B ,2,2,1,3.116087858,0.033,2,227.2612563,0,0,1,6
4,grate,Task B ,1,2,1,0.079588362,0.033,1,12.79480199,0,0,1,3
4,grate,Task B ,1,2,1,-0.59151782,0.033,1,37.15313554,0,0,1,3
5,grate,Task B ,1,3,0,-0.863083174,0.033,2,140.6409163,0,0,1,2
5,grate,Task B ,1,3,1,0.206793107,0.135,1,7.325477276,0,0,4,2
5,grate,Task B ,1,2,1,-0.167317418,0.05,1,3.81736059,0,0,2,3
5,grate,Task B ,2,4,1,0.968374535,0.135,2,39.11637546,0,0,4,8
5,grate,Task B ,1,4,1,-0.046748713,0.033,1,60.87767207,0,0,1,1
5,grate,Task B ,2,4,1,-1.412904613,0.067,2,19.43069107,0,0,3,8
6,grate,Task B ,2,2,0,-0.158301622,0.135,1,172.6304231,0,0,4,6
6,grate,Task B ,1,3,0,-1.252155011,0.135,2,253.6480717,0,0,4,2
6,grate,Task B ,1,3,1,-0.683857245,0.05,1,175.2820603,0,0,2,2
6,grate,Task B ,2,3,0,-0.464533563,0.067,1,155.1891551,0,0,3,7
6,grate,Task B ,2,3,1,-0.080220991,0.067,2,236.3142974,0,0,3,7
6,grate,Task B ,2,3,0,0.239433825,0.033,1,11.3187871,0,0,1,7
7,grate,Task B ,1,4,1,0.11332107,0.05,1,272.133621,0,0,2,1
7,grate,Task B ,1,1,0,-0.780413334,0.033,2,23.38474987,0,0,1,4
7,grate,Task B ,2,4,0,0.156894039,0.067,1,21.71453445,0,0,3,8
7,grate,Task B ,1,4,1,-0.507141844,0.033,1,259.6840795,0,0,1,1
7,grate,Task B ,2,4,1,-0.533190568,0.033,2,140.1527395,0,0,1,8
7,grate,Task B ,2,4,1,0.635197537,0.05,2,88.23385569,0,0,2,8
8,grate,Task B ,2,2,0,0.078302878,0.067,1,263.1914347,0,0,3,6
8,grate,Task B ,2,2,0,0.391123778,0.067,1,244.1143209,0,0,3,6
8,grate,Task B ,2,2,1,3.026480888,0.05,2,209.3472393,0,0,2,6
8,grate,Task B ,2,1,0,0.01448269,0.05,1,79.20173789,0,0,2,5
8,grate,Task B ,2,1,1,0.16197132,0.135,2,15.39762013,0,0,4,5
8,grate,Task B ,2,4,1,3.025588437,0.135,2,154.8617793,0,0,4,8
9,grate,Task B ,2,2,0,-0.627206767,0.033,1,19.48535755,0,0,1,6
9,grate,Task B ,1,1,1,0.235926283,0.033,1,237.9719598,0,0,1,4
9,grate,Task B ,2,4,1,-1.076759444,0.135,2,298.9029395,0,0,4,8
9,grate,Task B ,1,1,1,0.44375713,0.05,1,91.4049637,0,0,2,4
9,grate,Task B ,1,1,0,-0.47667431,0.033,2,299.9579487,0,0,1,4
9,grate,Task B ,1,4,0,-0.496347411,0.033,2,179.1500747,0,0,1,1
10,grate,Task B ,1,2,1,0.676609903,0.033,1,115.9463734,0,0,1,3
10,grate,Task B ,2,2,1,-3.19088111,0.067,2,128.9749219,0,0,3,6
10,grate,Task B ,1,1,1,-0.23511525,0.05,1,208.8861908,0,0,2,4
10,grate,Task B ,1,1,1,0.313242988,0.033,1,124.8917378,0,0,1,4
10,grate,Task B ,1,1,1,0.083759685,0.067,1,297.8586704,0,0,3,4
10,grate,Task B ,1,1,0,0.43798442,0.033,2,188.8391189,0,0,1,4
1,grate,Task B ,1,3,1,-0.286115228,0.067,1,79.48404655,0,0,3,2
1,grate,Task B ,2,1,1,1.214760006,0.05,2,356.5529418,0,0,2,5
1,grate,Task B ,2,4,1,1.366599051,0.135,2,48.18809178,0,0,4,8
1,grate,Task B ,1,3,1,0.309994064,0.067,1,352.5809917,0,0,3,2
1,grate,Task B ,1,2,0,0.261654879,0.067,2,155.1950246,0,0,3,3
1,grate,Task B ,2,1,0,-0.08951317,0.05,1,2.533349626,0,0,2,5
2,grate,Task B ,2,3,1,1.349263573,0.067,2,36.79444417,0,0,3,7
2,grate,Task B ,1,1,1,-0.151964545,0.05,1,314.9881458,0,0,2,4
2,grate,Task B ,1,1,0,-1.639173361,0.067,2,232.9385075,0,0,3,4
2,grate,Task B ,2,1,0,0.639256542,0.067,1,30.1876826,0,0,3,5
2,grate,Task B ,1,1,0,0.514470301,0.033,2,86.64625103,0,0,1,4
2,grate,Task B ,2,4,0,-0.292050939,0.135,1,4.614464457,0,0,4,8
3,grate,Task B ,2,4,1,-0.661998947,0.135,2,329.4767513,0,0,4,8
3,grate,Task B ,1,1,0,-0.610274459,0.033,2,242.3150776,0,0,1,4
3,grate,Task B ,2,2,0,0.262250117,0.135,1,119.5553308,0,0,4,6
3,grate,Task B ,2,2,0,0.163996386,0.05,1,196.3014977,0,0,2,6
3,grate,Task B ,1,2,1,0.132036375,0.067,1,210.0399432,0,0,3,3
3,grate,Task B ,2,3,1,1.033047763,0.05,2,240.7242712,0,0,2,7
4,grate,Task B ,2,2,1,0.359861828,0.067,2,78.69090104,0,0,3,6
4,grate,Task B ,1,4,1,0.337722079,0.135,1,216.5307312,0,0,4,1
4,grate,Task B ,1,2,1,-0.502998832,0.033,1,176.3088504,0,0,1,3
4,grate,Task B ,1,3,1,0.682743887,0.05,1,123.1726566,0,0,2,2
4,grate,Task B ,1,3,1,0.074995777,0.067,1,194.4226994,0,0,3,2
4,grate,Task B ,1,3,0,0.248945173,0.05,2,16.90170564,0,0,2,2
5,grate,Task B ,1,4,1,-0.242521059,0.135,1,197.2174377,0,0,4,1
5,grate,Task B ,2,2,1,0.69444647,0.067,2,229.122441,0,0,3,6
5,grate,Task B ,1,4,0,0.985355106,0.05,2,232.8363883,0,0,2,1
5,grate,Task B ,2,4,0,0.748565875,0.033,1,106.2253692,0,0,1,8
5,grate,Task B ,2,4,1,-1.208776061,0.135,2,348.3396318,0,0,4,8
5,grate,Task B ,1,3,1,0.504168683,0.135,1,262.8616986,0,0,4,2
6,grate,Task B ,1,2,1,0.325698103,0.033,1,331.858284,0,0,1,3
6,grate,Task B ,2,3,0,0.033442759,0.067,1,114.2246383,0,0,3,7
6,grate,Task B ,1,3,1,-0.111409519,0.135,1,72.50935731,0,0,4,2
6,grate,Task B ,1,3,1,-0.135082008,0.05,1,342.2771695,0,0,2,2
6,grate,Task B ,1,3,0,0.170679773,0.067,2,285.6128817,0,0,3,2
6,grate,Task B ,2,3,1,1.25452893,0.135,2,31.47769623,0,0,4,7
7,grate,Task B ,2,2,1,-0.049610922,0.067,2,38.88491846,0,0,3,6
7,grate,Task B ,1,3,0,-0.401934128,0.033,2,192.7051389,0,0,1,2
7,grate,Task B ,1,4,0,-0.377519369,0.067,2,69.66998375,0,0,3,1
7,grate,Task B ,2,4,1,-2.159812552,0.067,2,303.6160644,0,0,3,8
7,grate,Task B ,2,4,1,0.218216498,0.033,2,247.3233324,0,0,1,8
7,grate,Task B ,1,4,1,0.477086238,0.033,1,273.9778613,0,0,1,1
8,grate,Task B ,2,3,1,-0.763078766,0.05,2,137.6912065,0,0,2,7
8,grate,Task B ,2,2,0,-0.277974481,0.05,1,97.01229159,0,0,2,6
8,grate,Task B ,1,4,1,0.223500585,0.135,1,334.9016452,0,0,4,1
8,grate,Task B ,2,2,0,-0.397325849,0.067,1,42.96050925,0,0,3,6
8,grate,Task B ,2,1,0,-0.182421894,0.033,1,84.13136313,0,0,1,5
8,grate,Task B ,1,4,1,-0.234460239,0.135,1,87.55596505,0,0,4,1
9,grate,Task B ,1,3,1,0.384652962,0.05,1,183.0282354,0,0,2,2
9,grate,Task B ,2,4,1,1.397379727,0.067,2,222.6423851,0,0,3,8
9,grate,Task B ,1,2,1,-0.101840836,0.067,1,283.7657362,0,0,3,3
9,grate,Task B ,1,1,0,1.265809654,0.033,2,147.4222941,0,0,1,4
9,grate,Task B ,1,1,1,0.391198511,0.05,1,30.17762484,0,0,2,4
9,grate,Task B ,2,1,1,-0.563654816,0.033,2,338.711077,0,0,1,5
10,grate,Task B ,1,2,1,0.226815468,0.05,1,262.1804712,0,0,2,3
10,grate,Task B ,1,1,1,0.288129568,0.033,1,125.5471132,0,0,1,4
10,grate,Task B ,1,1,1,-0.244549697,0.05,1,275.6502562,0,0,2,4
10,grate,Task B ,1,1,1,-0.289045741,0.067,1,191.3140538,0,0,3,4
10,grate,Task B ,1,1,0,-0.591797771,0.067,2,241.7932051,0,0,3,4
10,grate,Task B ,1,1,1,0.151300307,0.05,1,311.0031189,0,0,2,4
1,grate,Task B ,1,2,0,-0.03618712,0.033,2,335.2930032,0,0,1,3
1,grate,Task B ,2,4,1,-2.26814743,0.135,2,114.3536564,0,0,4,8
1,grate,Task B ,1,2,0,0.767854677,0.067,2,334.5140085,0,0,3,3
1,grate,Task B ,2,1,0,-0.113053935,0.033,1,65.53434733,0,0,1,5
1,grate,Task B ,2,1,1,0.241479608,0.05,2,284.6338959,0,0,2,5
1,grate,Task B ,1,1,1,-0.222862629,0.05,1,41.99235287,0,0,2,4
2,grate,Task B ,1,1,0,-0.92235769,0.067,2,232.629291,0,0,3,4
2,grate,Task B ,2,1,0,-0.225080366,0.067,1,243.4741571,0,0,3,5
2,grate,Task B ,2,4,1,2.342279853,0.135,2,101.7423769,0,0,4,8
2,grate,Task B ,1,2,1,-0.000963174,0.067,1,235.6793857,0,0,3,3
2,grate,Task B ,1,3,1,0.02479616,0.135,1,197.211913,0,0,4,2
2,grate,Task B ,1,1,1,0.198785774,0.033,1,232.9320098,0,0,1,4
3,grate,Task B ,1,3,1,0.097120225,0.033,1,84.62195693,0,0,1,2
3,grate,Task B ,2,1,0,0.171602395,0.135,1,175.8417691,0,0,4,5
3,grate,Task B ,1,3,1,0.228306435,0.05,1,289.8090101,0,0,2,2
3,grate,Task B ,2,1,1,0.84977386,0.033,2,39.06675194,0,0,1,5
3,grate,Task B ,2,1,1,0.479845065,0.033,2,111.9871476,0,0,1,5
3,grate,Task B ,2,1,0,-0.225080159,0.033,1,148.4876991,0,0,1,5
4,grate,Task B ,1,3,0,0.175925025,0.05,2,294.3425085,0,0,2,2
4,grate,Task B ,1,3,1,-0.116377398,0.135,1,164.0974229,0,0,4,2
4,grate,Task B ,2,3,1,-1.362330328,0.067,2,285.1370397,0,0,3,7
4,grate,Task B ,2,4,1,1.760503354,0.135,2,308.2686517,0,0,4,8
4,grate,Task B ,1,1,1,-0.076723716,0.033,1,170.4970611,0,0,1,4
4,grate,Task B ,1,1,1,-0.503163449,0.033,1,108.8962753,0,0,1,4
5,grate,Task B ,2,4,0,0.91967439,0.135,1,97.17563654,0,0,4,8
5,grate,Task B ,1,2,0,-0.63698701,0.05,2,306.6828511,0,0,2,3
5,grate,Task B ,2,4,0,-0.628697061,0.033,1,23.21003992,0,0,1,8
5,grate,Task B ,1,1,1,0.122000019,0.05,1,141.7938746,0,0,2,4
5,grate,Task B ,1,3,1,0.0086933,0.05,1,47.71768571,0,0,2,2
5,grate,Task B ,2,4,1,-1.286144699,0.135,2,273.9367075,0,0,4,8
6,grate,Task B ,2,2,1,-1.082613043,0.067,2,39.99186981,0,0,3,6
6,grate,Task B ,2,3,1,-1.058582498,0.135,2,351.9668106,0,0,4,7
6,grate,Task B ,2,3,1,-2.509207438,0.05,2,95.89942115,0,0,2,7
6,grate,Task B ,1,3,0,2.626834796,0.033,2,231.4690784,0,0,1,2
6,grate,Task B ,1,3,0,0.819879895,0.05,2,145.4534727,0,0,2,2
6,grate,Task B ,1,2,0,-1.646735758,0.033,2,200.4406066,0,0,1,3
7,grate,Task B ,1,4,0,0.683319452,0.05,2,67.6849247,0,0,2,1
7,grate,Task B ,2,4,1,-2.132410592,0.05,2,266.4988477,0,0,2,8
7,grate,Task B ,1,4,0,0.955417509,0.033,2,107.4458357,0,0,1,1
7,grate,Task B ,2,4,0,0.03564005,0.067,1,307.169617,0,0,3,8
7,grate,Task B ,1,4,1,0.100538586,0.033,1,268.0609597,0,0,1,1
7,grate,Task B ,2,4,0,-0.020875358,0.067,1,261.9663089,0,0,3,8
8,grate,Task B ,2,4,1,1.24984856,0.135,2,55.71209253,0,0,4,8
8,grate,Task B ,2,1,1,-0.142704448,0.033,2,101.1740409,0,0,1,5
8,grate,Task B ,1,1,1,-0.296891817,0.05,1,82.82448729,0,0,2,4
8,grate,Task B ,1,4,1,-0.235996996,0.067,1,170.6358867,0,0,3,1
8,grate,Task B ,2,1,1,-0.138143455,0.033,2,159.300875,0,0,1,5
8,grate,Task B ,2,1,1,2.438222444,0.033,2,165.4374418,0,0,1,5
9,grate,Task B ,2,1,0,-0.335596981,0.033,1,359.0096522,0,0,1,5
9,grate,Task B ,1,1,0,-1.934058917,0.033,2,210.6258404,0,0,1,4
9,grate,Task B ,2,2,0,0.504320199,0.067,1,253.1740596,0,0,3,6
9,grate,Task B ,2,4,1,1.611681732,0.135,2,120.0182477,0,0,4,8
9,grate,Task B ,1,2,0,-0.604374335,0.033,2,0.742622746,0,0,1,3
9,grate,Task B ,1,1,1,-0.058494127,0.033,1,17.51609177,0,0,1,4
10,grate,Task B ,1,1,0,2.737597052,0.033,2,172.6597863,0,0,1,4
10,grate,Task B ,1,1,0,0.696772936,0.067,2,111.2162987,0,0,3,4
10,grate,Task B ,1,2,0,-0.580972394,0.033,2,279.7838934,0,0,1,3
10,grate,Task B ,1,3,0,-0.579302783,0.135,2,46.9468921,0,0,4,2
10,grate,Task B ,1,1,1,-0.407259602,0.033,1,349.7366713,0,0,1,4
10,grate,Task B ,1,1,0,0.03211336,0.05,2,267.1751701,0,0,2,4
1,grate,Task B ,2,4,1,1.963885299,0.067,2,28.61000374,0,0,3,8
1,grate,Task B ,2,2,1,1.430858907,0.067,2,121.9382129,0,0,3,6
1,grate,Task B ,2,3,1,0.946021314,0.135,2,98.61573838,0,0,4,7
1,grate,Task B ,1,2,1,0.193730469,0.033,1,160.0771452,0,0,1,3
1,grate,Task B ,2,2,1,0.581834498,0.05,2,232.8063994,0,0,2,6
1,grate,Task B ,1,2,1,0.296850351,0.067,1,31.33596487,0,0,3,3
2,grate,Task B ,2,1,0,0.366304343,0.067,1,78.50788336,0,0,3,5
2,grate,Task B ,1,1,1,0.202036384,0.033,1,310.4674635,0,0,1,4
2,grate,Task B ,1,2,0,1.720468791,0.05,2,50.7490695,0,0,2,3
2,grate,Task B ,1,3,0,-1.78534214,0.067,2,124.1853256,0,0,3,2
2,grate,Task B ,2,3,1,0.517673979,0.135,2,27.52443227,0,0,4,7
2,grate,Task B ,2,2,0,-0.343492217,0.067,1,191.0449101,0,0,3,6
3,grate,Task B ,2,1,0,0.155024182,0.067,1,49.6535915,0,0,3,5
3,grate,Task B ,1,3,0,-0.253603042,0.067,2,110.5685316,0,0,3,2
3,grate,Task B ,1,4,1,0.352834097,0.135,1,51.74473537,0,0,4,1
3,grate,Task B ,2,4,0,0.308792534,0.135,1,344.3748723,0,0,4,8
3,grate,Task B ,2,4,1,-1.43908237,0.135,2,357.0769469,0,0,4,8
3,grate,Task B ,2,4,1,2.385121184,0.067,2,217.1178708,0,0,3,8
4,grate,Task B ,1,3,1,-0.165020706,0.033,1,38.95507058,0,0,1,2
4,grate,Task B ,2,3,1,-0.53519167,0.067,2,165.0476297,0,0,3,7
4,grate,Task B ,1,1,1,-0.197519087,0.033,1,54.26531554,0,0,1,4
4,grate,Task B ,2,2,1,-1.099647567,0.067,2,325.4020667,0,0,3,6
4,grate,Task B ,1,1,0,-0.25283437,0.033,2,303.2750656,0,0,1,4
4,grate,Task B ,2,2,1,0.875018508,0.067,2,71.26285894,0,0,3,6
5,grate,Task B ,1,2,1,0.183480544,0.033,1,130.6571446,0,0,1,3
5,grate,Task B ,1,2,1,0.039168325,0.05,1,71.53972845,0,0,2,3
5,grate,Task B ,2,4,1,-0.989379384,0.067,2,193.6209202,0,0,3,8
5,grate,Task B ,1,1,1,0.103768286,0.067,1,179.4673765,0,0,3,4
5,grate,Task B ,1,4,1,-0.45180355,0.05,1,130.7368779,0,0,2,1
5,grate,Task B ,2,4,1,1.845013179,0.135,2,190.8567028,0,0,4,8
6,grate,Task B ,1,3,1,0.359812638,0.05,1,128.731276,0,0,2,2
6,grate,Task B ,2,3,1,0.264894549,0.033,2,104.2913178,0,0,1,7
6,grate,Task B ,2,3,0,0.023190921,0.05,1,115.269952,0,0,2,7
6,grate,Task B ,1,3,1,-0.21502532,0.05,1,212.3604638,0,0,2,2
6,grate,Task B ,1,3,0,-0.20768914,0.135,2,23.71975211,0,0,4,2
6,grate,Task B ,1,3,1,-0.153654723,0.067,1,6.295514632,0,0,3,2
7,grate,Task B ,1,4,1,-0.215335209,0.067,1,301.5289927,0,0,3,1
7,grate,Task B ,2,4,1,-0.471038877,0.135,2,10.69657519,0,0,4,8
7,grate,Task B ,1,4,0,-0.935485781,0.067,2,12.79180502,0,0,3,1
7,grate,Task B ,1,4,1,-0.016511094,0.05,1,255.6808557,0,0,2,1
7,grate,Task B ,1,4,1,0.432350129,0.067,1,67.86316568,0,0,3,1
7,grate,Task B ,2,4,1,0.956699487,0.05,2,137.2622405,0,0,2,8
8,grate,Task B ,1,2,1,0.220384517,0.067,1,249.1357607,0,0,3,3
8,grate,Task B ,1,2,1,0.240303595,0.067,1,253.9017259,0,0,3,3
8,grate,Task B ,1,3,1,0.335357929,0.067,1,281.058427,0,0,3,2
8,grate,Task B ,1,2,1,-0.222655413,0.135,1,285.2139919,0,0,4,3
8,grate,Task B ,2,2,1,1.718796596,0.05,2,276.1797762,0,0,2,6
8,grate,Task B ,2,4,1,-0.663035271,0.135,2,21.20183447,0,0,4,8
9,grate,Task B ,1,2,1,0.200156206,0.05,1,337.4460541,0,0,2,3
9,grate,Task B ,1,4,1,0.240342313,0.135,1,258.8701397,0,0,4,1
9,grate,Task B ,1,1,0,0.110987893,0.05,2,110.6995619,0,0,2,4
9,grate,Task B ,1,4,1,0.24857013,0.135,1,71.6086145,0,0,4,1
9,grate,Task B ,2,1,0,-0.456962089,0.05,1,205.0702033,0,0,2,5
9,grate,Task B ,1,1,0,-0.183369057,0.033,2,21.94835078,0,0,1,4
10,grate,Task B ,1,3,0,-0.113773934,0.135,2,47.03065591,0,0,4,2
10,grate,Task B ,2,2,1,-0.305467038,0.05,2,331.6670077,0,0,2,6
10,grate,Task B ,1,1,0,-0.020760181,0.067,2,47.74918445,0,0,3,4
10,grate,Task B ,1,1,1,0.464391635,0.05,1,208.2040664,0,0,2,4
10,grate,Task B ,2,1,1,-1.84642863,0.05,2,257.6660476,0,0,2,5
10,grate,Task B ,1,1,0,-0.69773336,0.05,2,350.3605155,0,0,2,4
1,grate,Task B ,2,4,1,1.312480481,0.135,2,108.1558295,0,0,4,8
1,grate,Task B ,2,1,1,0.058107004,0.033,2,91.83910975,0,0,1,5
1,grate,Task B ,1,3,1,-0.4521454,0.135,1,263.190621,0,0,4,2
1,grate,Task B ,1,3,0,-0.431782019,0.067,2,178.6760631,0,0,3,2
1,grate,Task B ,1,1,1,-0.29609385,0.033,1,263.7329971,0,0,1,4
1,grate,Task B ,1,4,1,-0.309366697,0.067,1,78.58156284,0,0,3,1
2,grate,Task B ,1,3,1,0.235298562,0.135,1,10.00325228,0,0,4,2
2,grate,Task B ,1,4,1,0.615275313,0.135,1,206.4977117,0,0,4,1
2,grate,Task B ,2,1,0,-0.267688914,0.033,1,348.2513097,0,0,1,5
2,grate,Task B ,2,1,0,0.112992771,0.033,1,227.5891833,0,0,1,5
2,grate,Task B ,1,1,0,-0.430372738,0.033,2,127.7677081,0,0,1,4
2,grate,Task B ,1,3,1,0.245187046,0.05,1,73.25583294,0,0,2,2
3,grate,Task B ,2,1,0,0.422917629,0.033,1,307.7002967,0,0,1,5
3,grate,Task B ,1,4,1,-0.045629837,0.05,1,164.0853333,0,0,2,1
3,grate,Task B ,2,4,1,-0.528108971,0.135,2,261.3636969,0,0,4,8
3,grate,Task B ,1,2,0,0.483864289,0.05,2,10.34916922,0,0,2,3
3,grate,Task B ,1,1,1,0.249619336,0.135,1,148.2206768,0,0,4,4
3,grate,Task B ,1,1,0,0.598758711,0.033,2,351.8906159,0,0,1,4
4,grate,Task B ,2,4,1,1.347490159,0.135,2,102.1454017,0,0,4,8
4,grate,Task B ,1,2,1,-0.080789789,0.033,1,227.4746409,0,0,1,3
4,grate,Task B ,2,1,1,0.245994944,0.067,2,126.8928804,0,0,3,5
4,grate,Task B ,1,1,1,-0.541608047,0.033,1,99.02389545,0,0,1,4
4,grate,Task B ,2,4,1,0.324017955,0.135,2,82.56725598,0,0,4,8
4,grate,Task B ,1,3,1,0.235605849,0.05,1,329.6525065,0,0,2,2
5,grate,Task B ,2,4,1,-1.28521248,0.067,2,173.0515181,0,0,3,8
5,grate,Task B ,1,4,1,0.125862482,0.033,1,346.8042985,0,0,1,1
5,grate,Task B ,1,4,1,0.384510995,0.05,1,350.4214625,0,0,2,1
5,grate,Task B ,1,2,0,-1.018167012,0.033,2,187.1927181,0,0,1,3
5,grate,Task B ,1,1,1,-0.041569361,0.033,1,62.09783271,0,0,1,4
5,grate,Task B ,1,2,0,0.948582819,0.135,2,60.75933697,0,0,4,3
6,grate,Task B ,1,3,0,-0.658711729,0.067,2,281.3917858,0,0,3,2
6,grate,Task B ,1,2,1,-0.374169268,0.135,1,105.3913118,0,0,4,3
6,grate,Task B ,2,3,1,-0.706157221,0.05,2,273.0812476,0,0,2,7
6,grate,Task B ,2,3,1,1.41485182,0.067,2,233.84564,0,0,3,7
6,grate,Task B ,1,3,0,1.503057045,0.033,2,13.60203826,0,0,1,2
6,grate,Task B ,2,2,0,-0.047281559,0.033,1,123.9516003,0,0,1,6
7,grate,Task B ,1,1,0,0.370264678,0.033,2,352.1734684,0,0,1,4
7,grate,Task B ,1,2,0,0.245045406,0.033,2,309.628719,0,0,1,3
7,grate,Task B ,1,4,1,0.079835957,0.033,1,325.6578248,0,0,1,1
7,grate,Task B ,1,4,0,1.052722568,0.135,2,44.15802059,0,0,4,1
7,grate,Task B ,1,4,0,-1.70265657,0.05,2,90.23412391,0,0,2,1
7,grate,Task B ,2,4,1,3.494292458,0.135,2,106.7105238,0,0,4,8
8,grate,Task B ,2,1,0,-0.211850814,0.05,1,52.25988227,0,0,2,5
8,grate,Task B ,1,2,0,0.297066276,0.067,2,33.05136654,0,0,3,3
8,grate,Task B ,1,2,1,0.123681985,0.05,1,296.9492999,0,0,2,3
8,grate,Task B ,1,4,1,-0.125614757,0.135,1,283.6284473,0,0,4,1
8,grate,Task B ,2,1,0,-0.208573481,0.05,1,185.774813,0,0,2,5
8,grate,Task B ,1,1,1,0.061737008,0.033,1,116.8950464,0,0,1,4
9,grate,Task B ,1,4,1,0.105936983,0.067,1,67.94756017,0,0,3,1
9,grate,Task B ,1,4,0,0.573845427,0.067,2,101.9420826,0,0,3,1
9,grate,Task B ,1,2,0,0.021941221,0.05,2,170.943229,0,0,2,3
9,grate,Task B ,1,1,1,-0.087995594,0.05,1,3.49565899,0,0,2,4
9,grate,Task B ,1,4,0,-1.171811503,0.067,2,307.5618562,0,0,3,1
9,grate,Task B ,1,4,1,0.234582785,0.135,1,240.0819071,0,0,4,1
10,grate,Task B ,1,2,0,-0.494427523,0.135,2,27.93675624,0,0,4,3
10,grate,Task B ,1,2,1,-0.339068197,0.067,1,88.06646588,0,0,3,3
10,grate,Task B ,1,1,0,-2.046096803,0.033,2,98.48734266,0,0,1,4
10,grate,Task B ,1,2,1,0.079186917,0.135,1,210.1834133,0,0,4,3
10,grate,Task B ,2,2,1,-0.791979256,0.135,2,280.0188447,0,0,4,6
10,grate,Task B ,1,1,0,0.794488767,0.033,2,205.9141456,0,0,1,4
1,grate,Task B ,2,4,1,-0.60102839,0.135,2,93.43140354,0,0,4,8
1,grate,Task B ,1,2,0,-0.241796283,0.067,2,12.43608238,0,0,3,3
1,grate,Task B ,2,3,1,-1.206986904,0.067,2,301.7999135,0,0,3,7
1,grate,Task B ,2,3,1,1.058795919,0.135,2,104.64021,0,0,4,7
1,grate,Task B ,1,3,1,0.580058778,0.067,1,305.1103545,0,0,3,2
1,grate,Task B ,2,2,1,1.40592729,0.05,2,29.84644856,0,0,2,6
2,grate,Task B ,1,3,0,-0.658234237,0.033,2,198.5502332,0,0,1,2
2,grate,Task B ,1,1,1,0.539492532,0.05,1,85.86407491,0,0,2,4
2,grate,Task B ,1,3,1,-0.094667478,0.067,1,347.1392341,0,0,3,2
2,grate,Task B ,1,2,1,0.315970981,0.135,1,204.873001,0,0,4,3
2,grate,Task B ,1,1,0,1.9535842,0.067,2,171.2755202,0,0,3,4
2,grate,Task B ,1,2,0,0.084273344,0.033,2,240.395373,0,0,1,3
3,grate,Task B ,1,2,0,-0.208330041,0.033,2,319.466518,0,0,1,3
3,grate,Task B ,1,3,1,0.187880114,0.05,1,45.41038393,0,0,2,2
3,grate,Task B ,2,4,1,-2.235563902,0.05,2,28.18353037,0,0,2,8
3,grate,Task B ,1,1,0,0.086097255,0.033,2,255.2340176,0,0,1,4
3,grate,Task B ,1,2,1,0.141891213,0.033,1,9.287511919,0,0,1,3
3,grate,Task B ,1,1,1,-0.462955187,0.033,1,184.7912797,0,0,1,4
4,grate,Task B ,1,3,1,-0.160656528,0.05,1,334.7293454,0,0,2,2
4,grate,Task B ,2,4,0,-0.627028601,0.135,1,60.51522031,0,0,4,8
4,grate,Task B ,1,1,0,-2.68489274,0.033,2,215.687633,0,0,1,4
4,grate,Task B ,1,3,1,0.036177073,0.067,1,186.7405488,0,0,3,2
4,grate,Task B ,1,2,1,-0.023302551,0.033,1,258.0792753,0,0,1,3
4,grate,Task B ,1,1,0,-0.426026641,0.05,2,158.5338883,0,0,2,4
5,grate,Task B ,1,3,1,0.231066045,0.135,1,147.4868038,0,0,4,2
5,grate,Task B ,2,3,1,-0.080269964,0.135,2,48.37536614,0,0,4,7
5,grate,Task B ,1,3,1,-0.147055716,0.067,1,203.7831122,0,0,3,2
5,grate,Task B ,2,4,1,2.508791179,0.05,2,81.37153461,0,0,2,8
5,grate,Task B ,1,4,1,0.13344106,0.067,1,56.83146219,0,0,3,1
5,grate,Task B ,2,1,0,-0.020375147,0.033,1,204.7415643,0,0,1,5
6,grate,Task B ,2,2,1,0.849053906,0.05,2,131.1791475,0,0,2,6
6,grate,Task B ,1,3,0,0.998656574,0.05,2,175.5342092,0,0,2,2
6,grate,Task B ,1,3,1,0.155333786,0.135,1,225.0158668,0,0,4,2
6,grate,Task B ,2,3,1,-0.822501777,0.135,2,142.231641,0,0,4,7
6,grate,Task B ,1,3,1,-0.338736973,0.067,1,341.8522334,0,0,3,2
6,grate,Task B ,2,2,0,0.0092999,0.067,1,228.4986269,0,0,3,6
7,grate,Task B ,1,4,0,0.90309618,0.033,2,36.2627986,0,0,1,1
7,grate,Task B ,1,1,1,-0.137630041,0.05,1,70.48373482,0,0,2,4
7,grate,Task B ,2,4,1,2.842094758,0.067,2,322.6539585,0,0,3,8
7,grate,Task B ,1,4,0,1.154175492,0.067,2,212.4908576,0,0,3,1
7,grate,Task B ,1,4,0,1.046494717,0.05,2,207.0468843,0,0,2,1
7,grate,Task B ,1,4,0,1.375470519,0.135,2,189.7607512,0,0,4,1
8,grate,Task B ,1,2,1,0.222485343,0.067,1,243.7190376,0,0,3,3
8,grate,Task B ,1,3,1,0.395176776,0.135,1,107.9836711,0,0,4,2
8,grate,Task B ,1,1,0,2.193083078,0.033,2,183.7732865,0,0,1,4
8,grate,Task B ,1,1,0,0.234591066,0.033,2,191.4419171,0,0,1,4
8,grate,Task B ,2,4,1,0.980713357,0.135,2,4.651400702,0,0,4,8
8,grate,Task B ,2,1,0,-0.141386157,0.033,1,44.31067642,0,0,1,5
9,grate,Task B ,1,1,0,-2.492290779,0.135,2,253.7488368,0,0,4,4
9,grate,Task B ,2,2,1,2.723370527,0.05,2,65.64831802,0,0,2,6
9,grate,Task B ,1,1,0,-1.452774409,0.033,2,138.7006617,0,0,1,4
9,grate,Task B ,1,2,0,0.007330432,0.067,2,298.3105542,0,0,3,3
9,grate,Task B ,1,4,1,-0.084734985,0.05,1,334.2929621,0,0,2,1
9,grate,Task B ,2,4,1,-1.922351361,0.135,2,267.4667929,0,0,4,8
10,grate,Task B ,1,1,1,-0.255618906,0.033,1,208.8879243,0,0,1,4
10,grate,Task B ,1,1,1,0.351882848,0.067,1,112.8100062,0,0,3,4
10,grate,Task B ,2,2,1,-0.924471371,0.135,2,84.95479286,0,0,4,6
10,grate,Task B ,1,3,1,-0.090329233,0.05,1,288.1421367,0,0,2,2
10,grate,Task B ,1,1,1,0.304608405,0.067,1,253.5527376,0,0,3,4
10,grate,Task B ,1,1,0,-0.275341734,0.135,2,58.02518485,0,0,4,4
1,grate,Task B ,2,4,1,-3.244624605,0.067,2,16.72797532,0,0,3,8
1,grate,Task B ,1,3,1,-0.208172084,0.05,1,322.125315,0,0,2,2
1,grate,Task B ,1,3,0,-0.657813041,0.067,2,247.3688068,0,0,3,2
1,grate,Task B ,1,3,0,0.249677685,0.135,2,45.77996263,0,0,4,2
1,grate,Task B ,1,2,1,0.109106939,0.067,1,109.1438295,0,0,3,3
1,grate,Task B ,1,1,1,0.49118843,0.033,1,106.2682053,0,0,1,4
2,grate,Task B ,2,1,1,0.770567804,0.05,2,22.4136358,0,0,2,5
2,grate,Task B ,1,3,0,1.028413164,0.135,2,271.7567261,0,0,4,2
2,grate,Task B ,1,3,1,0.280092021,0.135,1,140.5474693,0,0,4,2
2,grate,Task B ,1,3,1,0.326552977,0.05,1,358.9718349,0,0,2,2
2,grate,Task B ,1,1,1,-0.194163301,0.033,1,242.5667106,0,0,1,4
2,grate,Task B ,1,2,1,0.07381883,0.067,1,162.6971133,0,0,3,3
3,grate,Task B ,2,1,1,0.971203365,0.067,2,196.059663,0,0,3,5
3,grate,Task B ,1,3,1,-0.364047219,0.067,1,40.23797904,0,0,3,2
3,grate,Task B ,1,3,0,-1.224218036,0.033,2,279.3678517,0,0,1,2
3,grate,Task B ,2,2,1,1.561952198,0.033,2,324.0292684,0,0,1,6
3,grate,Task B ,2,1,0,-0.029826103,0.033,1,74.84903256,0,0,1,5
3,grate,Task B ,1,3,1,-0.267552347,0.067,1,51.42077712,0,0,3,2
4,grate,Task B ,1,3,0,0.428532321,0.135,2,308.3217727,0,0,4,2
4,grate,Task B ,1,2,1,-0.060124356,0.033,1,83.62220084,0,0,1,3
4,grate,Task B ,1,3,0,-0.180544559,0.05,2,160.6203967,0,0,2,2
4,grate,Task B ,1,1,1,0.004072765,0.033,1,98.55499182,0,0,1,4
4,grate,Task B ,2,3,0,0.282364201,0.135,1,118.6036476,0,0,4,7
4,grate,Task B ,1,4,1,0.021254899,0.135,1,355.2427196,0,0,4,1
5,grate,Task B ,2,1,0,-0.021500794,0.033,1,85.89100256,0,0,1,5
5,grate,Task B ,1,3,0,0.6918238,0.067,2,195.6883973,0,0,3,2
5,grate,Task B ,1,1,0,-1.771445863,0.033,2,347.2725134,0,0,1,4
5,grate,Task B ,1,1,0,1.747807289,0.135,2,74.85419797,0,0,4,4
5,grate,Task B ,1,3,1,-0.330848676,0.05,1,304.4555747,0,0,2,2
5,grate,Task B ,2,4,1,0.515680724,0.05,2,100.7251513,0,0,2,8
6,grate,Task B ,2,3,1,-2.698820422,0.067,2,281.7873255,0,0,3,7
6,grate,Task B ,2,2,1,-0.573015286,0.05,2,107.3368738,0,0,2,6
6,grate,Task B ,1,2,0,2.234643975,0.033,2,0.888707456,0,0,1,3
6,grate,Task B ,1,3,1,-0.128988026,0.067,1,55.91904346,0,0,3,2
6,grate,Task B ,2,3,0,0.737285621,0.135,1,133.7752136,0,0,4,7
6,grate,Task B ,2,3,1,0.994680692,0.135,2,82.19535495,0,0,4,7
7,grate,Task B ,1,4,1,-0.680823385,0.033,1,8.741723013,0,0,1,1
7,grate,Task B ,2,4,1,-1.704918245,0.05,2,257.8321671,0,0,2,8
7,grate,Task B ,1,4,1,-0.043893577,0.067,1,353.3012004,0,0,3,1
7,grate,Task B ,1,4,1,0.04305861,0.067,1,163.3784265,0,0,3,1
7,grate,Task B ,1,4,1,0.354576963,0.067,1,241.9720571,0,0,3,1
7,grate,Task B ,2,4,0,-0.028524957,0.033,1,33.72552055,0,0,1,8
8,grate,Task B ,1,2,1,0.17233394,0.05,1,115.0223429,0,0,2,3
8,grate,Task B ,2,3,1,-0.716134725,0.067,2,218.1025546,0,0,3,7
8,grate,Task B ,1,3,1,0.013682501,0.067,1,44.10911621,0,0,3,2
8,grate,Task B ,2,4,1,-1.770358179,0.135,2,99.12671521,0,0,4,8
8,grate,Task B ,2,2,0,-0.419233377,0.05,1,82.87554679,0,0,2,6
8,grate,Task B ,2,2,1,0.642353198,0.067,2,44.7461138,0,0,3,6
9,grate,Task B ,1,3,0,0.855352789,0.067,2,346.3174196,0,0,3,2
9,grate,Task B ,1,2,1,-0.530285343,0.05,1,48.12733542,0,0,2,3
9,grate,Task B ,2,1,0,0.105150308,0.05,1,331.2989028,0,0,2,5
9,grate,Task B ,1,4,1,-0.321480679,0.135,1,56.88226811,0,0,4,1
9,grate,Task B ,1,2,1,-0.359772501,0.033,1,145.857392,0,0,1,3
9,grate,Task B ,1,4,0,0.600741431,0.05,2,271.2429952,0,0,2,1
10,grate,Task B ,1,2,1,-0.22229229,0.033,1,306.3807812,0,0,1,3
10,grate,Task B ,1,1,1,-0.339445855,0.05,1,50.74380002,0,0,2,4
10,grate,Task B ,1,1,1,-0.590326337,0.033,1,237.2373511,0,0,1,4
10,grate,Task B ,2,1,1,0.96664342,0.135,2,318.5979981,0,0,4,5
10,grate,Task B ,2,1,1,-1.770195803,0.067,2,45.163499,0,0,3,5
10,grate,Task B ,1,1,0,0.581753916,0.067,2,213.9057876,0,0,3,4
1,grate,Task B ,2,4,1,-1.066801022,0.135,2,171.1225026,0,0,4,8
1,grate,Task B ,2,2,1,-1.711304394,0.033,2,95.39902653,0,0,1,6
1,grate,Task B ,1,3,0,-0.215395698,0.067,2,2.88388722,0,0,3,2
1,grate,Task B ,1,3,0,-1.219557583,0.05,2,262.9340968,0,0,2,2
1,grate,Task B ,1,2,1,0.066693844,0.067,1,89.45352479,0,0,3,3
1,grate,Task B ,1,1,0,2.958900354,0.05,2,205.5847191,0,0,2,4
2,grate,Task B ,2,3,0,0.278272586,0.135,1,63.28823865,0,0,4,7
2,grate,Task B ,2,1,0,-0.011760869,0.033,1,48.26127414,0,0,1,5
2,grate,Task B ,2,1,0,0.204280413,0.05,1,290.1768838,0,0,2,5
2,grate,Task B ,2,1,1,2.802092657,0.05,2,316.8045531,0,0,2,5
2,grate,Task B ,1,1,0,-0.673666094,0.033,2,66.08611156,0,0,1,4
2,grate,Task B ,1,2,0,-2.149416889,0.033,2,312.899641,0,0,1,3
3,grate,Task B ,2,4,1,1.218888248,0.067,2,216.2266663,0,0,3,8
3,grate,Task B ,1,4,0,-0.950401636,0.067,2,36.52932905,0,0,3,1
3,grate,Task B ,1,3,0,-0.782221507,0.05,2,238.1887039,0,0,2,2
3,grate,Task B ,1,4,0,0.452991377,0.033,2,147.5826816,0,0,1,1
3,grate,Task B ,2,4,1,1.544505055,0.067,2,111.963548,0,0,3,8
3,grate,Task B ,1,3,0,0.72407606,0.05,2,293.0649278,0,0,2,2
4,grate,Task B ,1,2,0,-0.19307153,0.033,2,137.7507995,0,0,1,3
4,grate,Task B ,1,2,0,-0.660681756,0.05,2,178.4974297,0,0,2,3
4,grate,Task B ,1,3,0,0.228930556,0.05,2,345.1747436,0,0,2,2
4,grate,Task B ,1,3,1,0.099128262,0.067,1,216.6024824,0,0,3,2
4,grate,Task B ,2,4,0,0.289173695,0.135,1,184.8721548,0,0,4,8
4,grate,Task B ,2,3,1,0.956031094,0.067,2,30.61156708,0,0,3,7
5,grate,Task B ,1,2,0,1.551499995,0.033,2,291.9575118,0,0,1,3
5,grate,Task B ,1,4,1,0.078155532,0.067,1,293.2516609,0,0,3,1
5,grate,Task B ,1,4,1,0.049219215,0.067,1,243.4222564,0,0,3,1
5,grate,Task B ,1,4,0,-0.026468278,0.135,2,218.027818,0,0,4,1
5,grate,Task B ,2,4,1,1.025252373,0.135,2,201.5606533,0,0,4,8
5,grate,Task B ,1,3,0,-0.012596066,0.067,2,85.09672587,0,0,3,2
6,grate,Task B ,1,3,0,-0.431565877,0.067,2,350.0395554,0,0,3,2
6,grate,Task B ,2,2,0,0.265368139,0.067,1,149.5522748,0,0,3,6
6,grate,Task B ,1,3,0,0.495603288,0.05,2,165.4577507,0,0,2,2
6,grate,Task B ,1,3,1,0.474160991,0.033,1,259.2708979,0,0,1,2
6,grate,Task B ,2,3,1,1.545219818,0.067,2,256.7136149,0,0,3,7
6,grate,Task B ,2,3,0,0.444391053,0.067,1,329.212622,0,0,3,7
7,grate,Task B ,2,4,1,1.544698718,0.135,2,117.4943799,0,0,4,8
7,grate,Task B ,1,2,0,2.111582003,0.05,2,120.8840179,0,0,2,3
7,grate,Task B ,2,4,1,0.488704899,0.135,2,280.0906877,0,0,4,8
7,grate,Task B ,1,4,1,0.275606306,0.135,1,320.6655729,0,0,4,1
7,grate,Task B ,1,4,1,-0.161145789,0.033,1,63.4059526,0,0,1,1
7,grate,Task B ,1,4,0,-0.102188763,0.05,2,255.5881033,0,0,2,1
8,grate,Task B ,2,3,0,0.08408731,0.05,1,309.0372239,0,0,2,7
8,grate,Task B ,2,2,1,-1.516102721,0.05,2,290.9808315,0,0,2,6
8,grate,Task B ,2,1,1,0.986576254,0.05,2,248.0786685,0,0,2,5
8,grate,Task B ,1,4,1,0.242670025,0.067,1,134.0838699,0,0,3,1
8,grate,Task B ,2,2,1,-0.245914077,0.135,2,32.46094506,0,0,4,6
8,grate,Task B ,1,2,1,-0.377515339,0.05,1,75.08671073,0,0,2,3
9,grate,Task B ,2,4,1,-1.626674262,0.135,2,95.08767822,0,0,4,8
9,grate,Task B ,2,1,0,0.35022405,0.05,1,228.4985274,0,0,2,5
9,grate,Task B ,1,1,1,-0.415653359,0.05,1,163.7055005,0,0,2,4
9,grate,Task B ,2,1,1,-0.46158588,0.033,2,168.7855115,0,0,1,5
9,grate,Task B ,1,1,0,1.990586983,0.033,2,273.200093,0,0,1,4
9,grate,Task B ,1,3,1,0.414933991,0.067,1,227.3399018,0,0,3,2
10,grate,Task B ,1,2,1,0.22254255,0.135,1,225.4867888,0,0,4,3
10,grate,Task B ,1,1,1,-0.468015987,0.033,1,72.80472476,0,0,1,4
10,grate,Task B ,1,1,0,0.2321687,0.05,2,15.98430848,0,0,2,4
10,grate,Task B ,1,1,1,0.257861469,0.05,1,229.2799572,0,0,2,4
10,grate,Task B ,1,1,1,-0.023759668,0.135,1,330.8288684,0,0,4,4
10,grate,Task B ,1,1,1,0.245102479,0.05,1,143.3971919,0,0,2,4
1,grate,Task B ,1,1,0,1.034002381,0.033,2,258.2182611,0,0,1,4
1,grate,Task B ,1,3,1,0.287608446,0.135,1,306.239345,0,0,4,2
1,grate,Task B ,1,2,0,-0.072387693,0.135,2,15.98293724,0,0,4,3
1,grate,Task B ,1,1,1,-0.78241362,0.033,1,48.31477365,0,0,1,4
1,grate,Task B ,2,2,1,1.220252435,0.05,2,263.2080621,0,0,2,6
1,grate,Task B ,2,2,1,-0.943699296,0.067,2,46.59020049,0,0,3,6
2,grate,Task B ,1,3,1,0.302454549,0.067,1,67.54371526,0,0,3,2
2,grate,Task B ,1,1,1,0.752601694,0.05,1,318.8909835,0,0,2,4
2,grate,Task B ,1,3,1,-0.122060228,0.05,1,136.7731845,0,0,2,2
2,grate,Task B ,2,2,0,0.263434932,0.033,1,283.0076315,0,0,1,6
2,grate,Task B ,1,1,1,-0.172196966,0.067,1,79.57160582,0,0,3,4
2,grate,Task B ,2,4,1,-2.450950537,0.135,2,115.5716807,0,0,4,8
3,grate,Task B ,1,1,1,0.116616844,0.067,1,191.4155853,0,0,3,4
3,grate,Task B ,1,1,0,-1.313302053,0.05,2,195.6413197,0,0,2,4
3,grate,Task B ,2,2,0,0.586268041,0.05,1,317.2569866,0,0,2,6
3,grate,Task B ,2,2,1,1.451152605,0.05,2,284.3433296,0,0,2,6
3,grate,Task B ,1,3,1,0.14185678,0.067,1,188.7258078,0,0,3,2
3,grate,Task B ,2,4,1,-2.018914831,0.067,2,219.8280919,0,0,3,8
4,grate,Task B ,1,3,1,0.040015459,0.135,1,242.9795568,0,0,4,2
4,grate,Task B ,1,3,0,-1.827005228,0.05,2,153.1061026,0,0,2,2
4,grate,Task B ,2,4,1,0.722016398,0.135,2,33.62722659,0,0,4,8
4,grate,Task B ,2,2,0,0.142134958,0.05,1,229.004088,0,0,2,6
4,grate,Task B ,1,2,1,-0.032550167,0.05,1,147.162124,0,0,2,3
4,grate,Task B ,2,3,1,1.206474471,0.067,2,144.5420852,0,0,3,7
5,grate,Task B ,1,4,1,-0.158457668,0.033,1,106.5347821,0,0,1,1
5,grate,Task B ,2,4,0,0.256568337,0.05,1,155.4190598,0,0,2,8
5,grate,Task B ,2,4,0,-0.343591378,0.135,1,184.3932068,0,0,4,8
5,grate,Task B ,2,4,1,-1.462140704,0.067,2,106.2849453,0,0,3,8
5,grate,Task B ,2,4,1,-0.919934062,0.05,2,119.4772386,0,0,2,8
5,grate,Task B ,1,1,1,0.265722808,0.05,1,272.9152804,0,0,2,4
6,grate,Task B ,1,3,1,0.243408693,0.05,1,279.1366164,0,0,2,2
6,grate,Task B ,1,2,0,1.037763516,0.067,2,351.5589745,0,0,3,3
6,grate,Task B ,1,3,1,-0.048043985,0.135,1,286.7565413,0,0,4,2
6,grate,Task B ,1,2,1,0.366175028,0.135,1,302.9060603,0,0,4,3
6,grate,Task B ,2,3,0,-0.349840647,0.135,1,215.4698727,0,0,4,7
6,grate,Task B ,1,3,0,0.291778053,0.05,2,260.0344125,0,0,2,2
7,grate,Task B ,1,4,0,1.169503225,0.067,2,302.7407345,0,0,3,1
7,grate,Task B ,2,4,1,-0.897519163,0.135,2,203.9957757,0,0,4,8
7,grate,Task B ,1,4,1,-0.21256666,0.135,1,36.59395343,0,0,4,1
7,grate,Task B ,1,4,1,0.174056515,0.05,1,0.271577772,0,0,2,1
7,grate,Task B ,1,4,0,0.545547115,0.033,2,220.3002972,0,0,1,1
7,grate,Task B ,1,4,0,0.334154383,0.033,2,169.3830914,0,0,1,1
8,grate,Task B ,1,1,1,-0.149246667,0.033,1,88.01213069,0,0,1,4
8,grate,Task B ,2,1,0,0.468742225,0.033,1,218.8559538,0,0,1,5
8,grate,Task B ,1,4,1,0.340315386,0.135,1,2.012121612,0,0,4,1
8,grate,Task B ,1,4,0,0.119874718,0.135,2,331.1082833,0,0,4,1
8,grate,Task B ,2,1,1,-1.700567489,0.033,2,280.9594022,0,0,1,5
8,grate,Task B ,2,4,1,1.312769265,0.135,2,24.00743485,0,0,4,8
9,grate,Task B ,2,3,1,1.916212606,0.033,2,311.7676186,0,0,1,7
9,grate,Task B ,2,2,1,-1.571182189,0.067,2,133.9717246,0,0,3,6
9,grate,Task B ,1,1,0,1.904405358,0.033,2,227.5459397,0,0,1,4
9,grate,Task B ,1,1,0,1.15441514,0.05,2,185.8270545,0,0,2,4
9,grate,Task B ,1,1,1,0.110242353,0.033,1,207.4455119,0,0,1,4
9,grate,Task B ,2,4,1,-3.043273317,0.135,2,252.7187107,0,0,4,8
10,grate,Task B ,1,1,1,-0.514895299,0.05,1,357.533732,0,0,2,4
10,grate,Task B ,1,2,1,-0.592439338,0.135,1,322.1231271,0,0,4,3
10,grate,Task B ,1,2,1,-0.253447094,0.067,1,126.8261459,0,0,3,3
10,grate,Task B ,1,3,1,0.145682983,0.067,1,252.5254244,0,0,3,2
10,grate,Task B ,1,1,1,-0.218992492,0.05,1,321.5268225,0,0,2,4
10,grate,Task B ,1,1,1,-0.042673802,0.033,1,242.3477912,0,0,1,4
1,grate,Task B ,1,2,0,-1.108751165,0.033,2,90.74114094,0,0,1,3
1,grate,Task B ,1,1,0,-1.633719649,0.033,2,147.4958442,0,0,1,4
1,grate,Task B ,1,4,1,0.271960054,0.067,1,326.7968769,0,0,3,1
1,grate,Task B ,2,4,1,-1.462041592,0.135,2,21.62924785,0,0,4,8
1,grate,Task B ,1,1,1,-0.053399643,0.033,1,152.3895798,0,0,1,4
1,grate,Task B ,2,1,0,-0.139445466,0.033,1,347.1287771,0,0,1,5
2,grate,Task B ,1,1,0,-0.302668136,0.05,2,199.2439735,0,0,2,4
2,grate,Task B ,1,3,1,-0.242795091,0.135,1,354.1955524,0,0,4,2
2,grate,Task B ,2,2,1,1.922066623,0.033,2,139.855606,0,0,1,6
2,grate,Task B ,1,3,1,-0.156038357,0.135,1,268.664091,0,0,4,2
2,grate,Task B ,2,2,0,0.017157172,0.067,1,318.032727,0,0,3,6
2,grate,Task B ,2,4,1,-1.491895897,0.135,2,238.306877,0,0,4,8
3,grate,Task B ,2,2,0,-0.309501736,0.033,1,252.8442004,0,0,1,6
3,grate,Task B ,1,3,1,-0.212195673,0.135,1,348.3461323,0,0,4,2
3,grate,Task B ,2,1,1,3.310910783,0.033,2,261.9422995,0,0,1,5
3,grate,Task B ,1,2,1,-0.769383175,0.067,1,211.8053052,0,0,3,3
3,grate,Task B ,1,1,0,1.176120738,0.067,2,353.9278537,0,0,3,4
3,grate,Task B ,2,4,1,-2.961576782,0.135,2,303.7715088,0,0,4,8
4,grate,Task B ,1,4,1,0.262396285,0.135,1,234.0147071,0,0,4,1
4,grate,Task B ,1,2,1,0.352911991,0.033,1,145.2297623,0,0,1,3
4,grate,Task B ,1,2,0,-0.39359511,0.033,2,22.44153424,0,0,1,3
4,grate,Task B ,1,1,1,-0.107465242,0.033,1,274.4596917,0,0,1,4
4,grate,Task B ,2,4,1,-1.48925058,0.135,2,67.13209066,0,0,4,8
4,grate,Task B ,2,4,1,-2.347312629,0.135,2,90.43118831,0,0,4,8
5,grate,Task B ,1,4,1,0.097172651,0.05,1,151.4614051,0,0,2,1
5,grate,Task B ,1,2,1,-0.105101561,0.067,1,65.21512484,0,0,3,3
5,grate,Task B ,1,3,1,0.213517815,0.135,1,17.91048225,0,0,4,2
5,grate,Task B ,1,4,1,-0.03944158,0.05,1,81.17313172,0,0,2,1
5,grate,Task B ,1,3,1,-0.05056054,0.05,1,148.2725682,0,0,2,2
5,grate,Task B ,2,4,1,0.836952201,0.135,2,85.82102124,0,0,4,8
6,grate,Task B ,2,3,1,3.555275033,0.067,2,114.0820801,0,0,3,7
6,grate,Task B ,2,2,0,-0.144073942,0.135,1,168.1978228,0,0,4,6
6,grate,Task B ,1,3,1,-0.010574951,0.135,1,68.62621636,0,0,4,2
6,grate,Task B ,1,3,0,0.727400171,0.05,2,270.6900967,0,0,2,2
6,grate,Task B ,2,3,1,2.246265849,0.033,2,9.359044509,0,0,1,7
6,grate,Task B ,1,3,1,0.346921536,0.135,1,140.8370571,0,0,4,2
7,grate,Task B ,1,4,1,0.012567519,0.135,1,295.7172237,0,0,4,1
7,grate,Task B ,1,4,0,1.179148635,0.067,2,84.2912247,0,0,3,1
7,grate,Task B ,1,4,1,-0.330443631,0.033,1,55.19719376,0,0,1,1
7,grate,Task B ,2,4,1,1.070063173,0.05,2,118.1311071,0,0,2,8
7,grate,Task B ,1,4,0,1.706846273,0.033,2,36.7494951,0,0,1,1
7,grate,Task B ,2,4,1,-0.27058482,0.05,2,205.8465759,0,0,2,8
8,grate,Task B ,1,2,1,-0.100135588,0.05,1,255.9876175,0,0,2,3
8,grate,Task B ,1,1,1,0.718100774,0.033,1,312.4866505,0,0,1,4
8,grate,Task B ,2,1,0,-0.571331513,0.033,1,271.3525488,0,0,1,5
8,grate,Task B ,2,1,0,0.492467913,0.05,1,224.9134859,0,0,2,5
8,grate,Task B ,1,2,1,0.193405784,0.135,1,166.3854072,0,0,4,3
8,grate,Task B ,1,1,1,0.222087441,0.033,1,284.2167881,0,0,1,4
9,grate,Task B ,1,3,1,-0.193700357,0.135,1,326.9310412,0,0,4,2
9,grate,Task B ,1,2,1,0.785290967,0.033,1,269.0523235,0,0,1,3
9,grate,Task B ,1,1,1,0.260476904,0.033,1,47.26752707,0,0,1,4
9,grate,Task B ,1,4,1,0.089509168,0.067,1,340.2247557,0,0,3,1
9,grate,Task B ,2,4,1,-1.961903638,0.135,2,280.1334723,0,0,4,8
9,grate,Task B ,2,4,0,0.065369605,0.067,1,14.02233542,0,0,3,8
10,grate,Task B ,2,4,1,3.31520293,0.135,2,93.24345117,0,0,4,8
10,grate,Task B ,1,1,1,-0.26621244,0.067,1,204.7279592,0,0,3,4
10,grate,Task B ,1,1,0,0.587839427,0.033,2,199.1032884,0,0,1,4
10,grate,Task B ,1,1,1,-0.402750857,0.033,1,325.6691899,0,0,1,4
10,grate,Task B ,1,1,0,0.051115469,0.067,2,23.01649176,0,0,3,4
10,grate,Task B ,2,2,1,-1.033482378,0.135,2,12.33033155,0,0,4,6
1,grate,Task B ,2,4,1,2.802556752,0.05,2,305.9564551,0,0,2,8
1,grate,Task B ,1,2,1,0.316590057,0.033,1,265.8051704,0,0,1,3
1,grate,Task B ,1,1,1,0.114069911,0.033,1,351.4407362,0,0,1,4
1,grate,Task B ,2,2,0,0.562657481,0.135,1,3.763700954,0,0,4,6
1,grate,Task B ,2,2,0,-0.940474468,0.05,1,0.471129705,0,0,2,6
1,grate,Task B ,1,2,1,0.402427415,0.067,1,0.443967267,0,0,3,3
2,grate,Task B ,1,3,1,-0.00825971,0.05,1,70.51051983,0,0,2,2
2,grate,Task B ,1,2,1,-0.067743901,0.033,1,345.7694271,0,0,1,3
2,grate,Task B ,1,1,1,-0.075633472,0.067,1,315.1886472,0,0,3,4
2,grate,Task B ,2,3,1,-1.449611868,0.135,2,344.5054569,0,0,4,7
2,grate,Task B ,1,1,0,-0.40091312,0.033,2,6.675307748,0,0,1,4
2,grate,Task B ,1,2,0,1.296052601,0.05,2,24.44814853,0,0,2,3
3,grate,Task B ,2,2,0,0.575444758,0.05,1,325.3274791,0,0,2,6
3,grate,Task B ,1,4,1,0.07361903,0.05,1,359.1187026,0,0,2,1
3,grate,Task B ,2,2,0,-0.874908033,0.067,1,112.2575212,0,0,3,6
3,grate,Task B ,1,2,0,0.049335574,0.033,2,118.1900988,0,0,1,3
3,grate,Task B ,2,4,0,-0.54022521,0.067,1,208.1233153,0,0,3,8
3,grate,Task B ,1,2,1,0.214414647,0.05,1,315.9358892,0,0,2,3
4,grate,Task B ,2,4,1,-0.74870674,0.05,2,1.898923394,0,0,2,8
4,grate,Task B ,2,4,1,0.930379278,0.135,2,288.5204207,0,0,4,8
4,grate,Task B ,2,1,1,3.593086061,0.067,2,209.9272765,0,0,3,5
4,grate,Task B ,1,1,0,-0.719925242,0.05,2,326.0105068,0,0,2,4
4,grate,Task B ,2,4,0,0.119201247,0.135,1,280.0464463,0,0,4,8
4,grate,Task B ,2,4,1,-0.600134304,0.135,2,118.6016367,0,0,4,8
5,grate,Task B ,2,4,1,2.227816189,0.067,2,31.98978337,0,0,3,8
5,grate,Task B ,1,2,1,0.301951061,0.05,1,216.0216998,0,0,2,3
5,grate,Task B ,2,4,0,-0.580944947,0.05,1,109.1187725,0,0,2,8
5,grate,Task B ,1,2,1,0.36989369,0.067,1,186.3946354,0,0,3,3
5,grate,Task B ,2,4,1,2.390641154,0.067,2,128.0931045,0,0,3,8
5,grate,Task B ,2,4,0,-0.212831718,0.135,1,312.3336329,0,0,4,8
6,grate,Task B ,1,3,0,-0.471014338,0.05,2,243.8436241,0,0,2,2
6,grate,Task B ,1,3,1,0.422215538,0.067,1,261.8111186,0,0,3,2
6,grate,Task B ,2,3,1,-0.788183263,0.135,2,219.7008565,0,0,4,7
6,grate,Task B ,2,1,0,0.169306272,0.033,1,209.2817743,0,0,1,5
6,grate,Task B ,2,3,1,0.55208025,0.033,2,352.359979,0,0,1,7
6,grate,Task B ,2,3,1,-1.027643723,0.067,2,123.2675772,0,0,3,7
7,grate,Task B ,1,4,0,-0.585057045,0.033,2,154.6540732,0,0,1,1
7,grate,Task B ,1,4,0,-1.508885305,0.033,2,170.6974843,0,0,1,1
7,grate,Task B ,2,4,1,-0.464265427,0.033,2,29.94999618,0,0,1,8
7,grate,Task B ,2,4,0,0.22859269,0.067,1,235.4217024,0,0,3,8
7,grate,Task B ,1,4,1,-0.006365184,0.135,1,254.0658689,0,0,4,1
7,grate,Task B ,1,4,1,0.178194092,0.067,1,152.8414425,0,0,3,1
8,grate,Task B ,1,3,1,0.53806492,0.067,1,43.8513524,0,0,3,2
8,grate,Task B ,1,3,0,0.295782942,0.067,2,335.9279519,0,0,3,2
8,grate,Task B ,1,2,0,0.642616254,0.135,2,318.7642454,0,0,4,3
8,grate,Task B ,1,3,0,-0.255331216,0.067,2,152.2252517,0,0,3,2
8,grate,Task B ,2,2,0,-0.366702173,0.135,1,340.647604,0,0,4,6
8,grate,Task B ,2,4,1,1.114888458,0.135,2,304.6499627,0,0,4,8
9,grate,Task B ,2,4,0,0.028249243,0.05,1,84.18214914,0,0,2,8
9,grate,Task B ,1,4,1,0.46955968,0.067,1,296.2256016,0,0,3,1
9,grate,Task B ,1,1,0,-2.72100273,0.033,2,337.5294902,0,0,1,4
9,grate,Task B ,1,4,0,-0.403204708,0.135,2,348.8263399,0,0,4,1
9,grate,Task B ,1,4,1,0.118750296,0.135,1,253.2467443,0,0,4,1
9,grate,Task B ,1,4,0,0.271213855,0.05,2,184.1242329,0,0,2,1
10,grate,Task B ,2,2,1,1.114848658,0.067,2,215.1962827,0,0,3,6
10,grate,Task B ,1,1,1,0.11352425,0.067,1,122.4710356,0,0,3,4
10,grate,Task B ,1,1,1,-0.470065005,0.05,1,313.5749291,0,0,2,4
10,grate,Task B ,1,1,0,0.574153845,0.135,2,356.9042746,0,0,4,4
10,grate,Task B ,2,2,1,-1.000323801,0.135,2,352.372363,0,0,4,6
10,grate,Task B ,1,1,1,0.12664547,0.033,1,311.813293,0,0,1,4
1,grate,Task B ,2,2,1,-0.431982055,0.067,2,248.1779662,0,0,3,6
1,grate,Task B ,1,2,1,-0.082453757,0.135,1,38.43165906,0,0,4,3
1,grate,Task B ,2,2,1,0.317649261,0.033,2,145.543218,0,0,1,6
1,grate,Task B ,1,2,1,-0.048508227,0.033,1,100.542293,0,0,1,3
1,grate,Task B ,1,2,1,0.209589173,0.033,1,290.1082673,0,0,1,3
1,grate,Task B ,2,1,1,-0.914266313,0.135,2,4.726081255,0,0,4,5
2,grate,Task B ,1,1,1,0.161521832,0.05,1,229.6883799,0,0,2,4
2,grate,Task B ,1,1,1,0.323991246,0.033,1,60.903365,0,0,1,4
2,grate,Task B ,2,4,1,-1.41950194,0.067,2,57.36110203,0,0,3,8
2,grate,Task B ,1,2,1,-0.15687889,0.135,1,183.4820763,0,0,4,3
2,grate,Task B ,1,1,0,0.718491023,0.033,2,195.3138857,0,0,1,4
2,grate,Task B ,2,4,1,1.471673708,0.135,2,36.34045767,0,0,4,8
3,grate,Task B ,1,4,0,-0.982079934,0.05,2,141.1863566,0,0,2,1
3,grate,Task B ,1,3,1,-0.287209209,0.067,1,56.75869737,0,0,3,2
3,grate,Task B ,2,3,1,-0.242227065,0.135,2,216.3097027,0,0,4,7
3,grate,Task B ,1,1,1,-0.514034698,0.033,1,225.0507635,0,0,1,4
3,grate,Task B ,2,1,1,1.344782599,0.033,2,131.1486733,0,0,1,5
3,grate,Task B ,1,3,1,0.366640662,0.067,1,151.8056809,0,0,3,2
4,grate,Task B ,1,3,0,-0.38904023,0.05,2,295.9732658,0,0,2,2
4,grate,Task B ,1,1,1,-0.022557807,0.05,1,164.9936962,0,0,2,4
4,grate,Task B ,1,1,1,0.272545196,0.05,1,32.18960115,0,0,2,4
4,grate,Task B ,1,1,0,-1.083960919,0.05,2,188.3165539,0,0,2,4
4,grate,Task B ,1,1,0,0.169092836,0.05,2,137.7213048,0,0,2,4
4,grate,Task B ,1,4,1,-0.202715491,0.067,1,80.6575517,0,0,3,1
5,grate,Task B ,1,4,0,-0.266912583,0.05,2,62.53148251,0,0,2,1
5,grate,Task B ,2,4,1,-1.967639405,0.067,2,305.3564015,0,0,3,8
5,grate,Task B ,2,4,1,-1.379713024,0.135,2,270.246829,0,0,4,8
5,grate,Task B ,2,4,1,-2.192007325,0.135,2,40.96832147,0,0,4,8
5,grate,Task B ,2,4,1,1.791552151,0.135,2,351.6424762,0,0,4,8
5,grate,Task B ,2,4,1,0.611061925,0.033,2,311.1542282,0,0,1,8
6,grate,Task B ,1,3,1,-0.106399333,0.067,1,233.2268432,0,0,3,2
6,grate,Task B ,1,2,0,2.666556807,0.067,2,356.5412754,0,0,3,3
6,grate,Task B ,1,3,1,-0.085279963,0.067,1,288.5509172,0,0,3,2
6,grate,Task B ,1,3,1,0.038414708,0.067,1,123.1701773,0,0,3,2
6,grate,Task B ,2,3,0,-0.11480456,0.067,1,316.657874,0,0,3,7
6,grate,Task B ,2,3,0,-0.204588196,0.135,1,115.7979084,0,0,4,7
7,grate,Task B ,1,4,1,0.176247717,0.135,1,76.46533702,0,0,4,1
7,grate,Task B ,1,4,1,0.260794313,0.033,1,108.8604057,0,0,1,1
7,grate,Task B ,2,4,0,0.694290999,0.033,1,223.3116047,0,0,1,8
7,grate,Task B ,2,4,1,0.681661297,0.05,2,124.2643369,0,0,2,8
7,grate,Task B ,2,4,1,-3.26598532,0.135,2,313.1867795,0,0,4,8
7,grate,Task B ,2,1,0,0.199417174,0.05,1,266.3180731,0,0,2,5
8,grate,Task B ,2,3,0,-0.504880927,0.135,1,110.5919899,0,0,4,7
8,grate,Task B ,1,1,0,0.333371069,0.067,2,352.2886399,0,0,3,4
8,grate,Task B ,2,3,0,0.187246107,0.05,1,17.11889775,0,0,2,7
8,grate,Task B ,1,3,1,0.01444152,0.05,1,155.2317652,0,0,2,2
8,grate,Task B ,1,1,0,0.018122938,0.033,2,201.8376501,0,0,1,4
8,grate,Task B ,1,4,0,-0.115471259,0.135,2,105.0120643,0,0,4,1
9,grate,Task B ,1,3,1,-0.32896629,0.067,1,259.8968011,0,0,3,2
9,grate,Task B ,1,1,1,-0.28272753,0.033,1,178.6246465,0,0,1,4
9,grate,Task B ,1,1,1,-0.242602583,0.05,1,295.4553137,0,0,2,4
9,grate,Task B ,1,4,0,0.260081066,0.135,2,68.86106171,0,0,4,1
9,grate,Task B ,1,1,1,0.252727892,0.05,1,216.4752217,0,0,2,4
9,grate,Task B ,2,4,1,3.465517611,0.067,2,38.76314066,0,0,3,8
10,grate,Task B ,1,2,0,-0.261400211,0.135,2,129.7178667,0,0,4,3
10,grate,Task B ,1,2,1,-0.259609417,0.033,1,311.6814839,0,0,1,3
10,grate,Task B ,1,1,0,-2.236871956,0.033,2,39.30427313,0,0,1,4
10,grate,Task B ,1,3,0,0.466845812,0.067,2,16.34694723,0,0,3,2
10,grate,Task B ,1,1,1,-0.040926127,0.05,1,84.41734089,0,0,2,4
10,grate,Task B ,1,1,1,0.016173204,0.033,1,148.9718477,0,0,1,4
1,grate,Task B ,2,1,1,2.446842381,0.033,2,40.94444216,0,0,1,5
1,grate,Task B ,2,4,1,-2.117890885,0.05,2,352.0088686,0,0,2,8
1,grate,Task B ,1,1,0,-0.857353277,0.033,2,313.9143215,0,0,1,4
1,grate,Task B ,2,4,1,-3.058797493,0.067,2,122.448342,0,0,3,8
1,grate,Task B ,1,1,1,0.07956419,0.033,1,297.0123464,0,0,1,4
1,grate,Task B ,1,1,0,-0.68472451,0.033,2,30.87015446,0,0,1,4
2,grate,Task B ,1,1,0,-0.042392368,0.067,2,109.6166664,0,0,3,4
2,grate,Task B ,1,2,1,0.102740686,0.033,1,265.7877212,0,0,1,3
2,grate,Task B ,2,4,1,1.794458202,0.135,2,55.61129239,0,0,4,8
2,grate,Task B ,1,3,0,-0.102739132,0.033,2,35.45407374,0,0,1,2
2,grate,Task B ,1,1,1,0.017545935,0.05,1,232.4498356,0,0,2,4
2,grate,Task B ,1,1,0,0.096988204,0.05,2,289.232268,0,0,2,4
3,grate,Task B ,1,3,1,0.163229512,0.135,1,80.59092208,0,0,4,2
3,grate,Task B ,1,1,1,-0.435962584,0.033,1,223.8223355,0,0,1,4
3,grate,Task B ,2,2,1,-0.204038005,0.05,2,251.7139848,0,0,2,6
3,grate,Task B ,2,3,1,-1.337530574,0.135,2,57.86924648,0,0,4,7
3,grate,Task B ,1,2,1,0.104406187,0.135,1,299.1807337,0,0,4,3
3,grate,Task B ,1,2,1,0.457989776,0.033,1,100.8726081,0,0,1,3
4,grate,Task B ,1,1,0,-2.279410912,0.033,2,87.38892799,0,0,1,4
4,grate,Task B ,1,3,0,0.105685256,0.067,2,175.0104984,0,0,3,2
4,grate,Task B ,1,4,1,-0.386314046,0.135,1,327.8482049,0,0,4,1
4,grate,Task B ,2,2,0,-0.064304289,0.033,1,72.18584062,0,0,1,6
4,grate,Task B ,2,1,0,0.400191013,0.033,1,26.04251044,0,0,1,5
4,grate,Task B ,2,3,0,0.014869326,0.067,1,165.9868298,0,0,3,7
5,grate,Task B ,2,4,0,0.068045484,0.033,1,306.1551898,0,0,1,8
5,grate,Task B ,1,2,1,-0.23609715,0.033,1,92.97953867,0,0,1,3
5,grate,Task B ,1,3,0,1.117207445,0.067,2,186.0519605,0,0,3,2
5,grate,Task B ,2,4,1,-1.87057228,0.135,2,86.39320396,0,0,4,8
5,grate,Task B ,1,3,1,-0.273413506,0.067,1,248.6933303,0,0,3,2
5,grate,Task B ,1,1,1,0.162658239,0.05,1,4.028178905,0,0,2,4
6,grate,Task B ,1,2,0,0.537140963,0.05,2,160.1210795,0,0,2,3
6,grate,Task B ,1,3,1,-0.097075996,0.135,1,163.2107674,0,0,4,2
6,grate,Task B ,1,3,1,-0.602595464,0.135,1,193.0513252,0,0,4,2
6,grate,Task B ,2,3,0,0.703671767,0.033,1,356.2882967,0,0,1,7
6,grate,Task B ,1,3,1,0.048303055,0.033,1,346.170652,0,0,1,2
6,grate,Task B ,1,3,1,0.110820687,0.05,1,29.34362472,0,0,2,2
7,grate,Task B ,1,4,0,-0.009882755,0.033,2,282.3228376,0,0,1,1
7,grate,Task B ,2,4,0,-0.211399404,0.135,1,329.2203246,0,0,4,8
7,grate,Task B ,2,4,0,-0.057926766,0.067,1,195.8951681,0,0,3,8
7,grate,Task B ,1,4,1,0.340417839,0.067,1,304.3374664,0,0,3,1
7,grate,Task B ,1,4,1,0.100341955,0.135,1,62.72594979,0,0,4,1
7,grate,Task B ,2,4,0,-0.065442755,0.067,1,266.1274312,0,0,3,8
8,grate,Task B ,1,4,1,0.189760767,0.135,1,356.6455878,0,0,4,1
8,grate,Task B ,2,1,0,-0.408328282,0.033,1,20.74515173,0,0,1,5
8,grate,Task B ,2,1,0,0.51796366,0.033,1,260.0778693,0,0,1,5
8,grate,Task B ,1,1,1,0.324940446,0.05,1,240.551535,0,0,2,4
8,grate,Task B ,1,3,1,-0.259777975,0.135,1,203.0419673,0,0,4,2
8,grate,Task B ,2,4,1,-2.183026717,0.067,2,318.1925512,0,0,3,8
9,grate,Task B ,1,4,0,-2.274299378,0.067,2,84.09273262,0,0,3,1
9,grate,Task B ,1,3,1,0.382456429,0.067,1,135.6196962,0,0,3,2
9,grate,Task B ,2,4,0,0.448463248,0.135,1,284.1064329,0,0,4,8
9,grate,Task B ,2,4,1,-2.911802674,0.067,2,207.9368603,0,0,3,8
9,grate,Task B ,1,1,0,-0.750368392,0.05,2,59.19612746,0,0,2,4
9,grate,Task B ,1,1,1,-0.346889136,0.033,1,354.7515662,0,0,1,4
10,grate,Task B ,1,2,1,0.023661347,0.033,1,165.0811254,0,0,1,3
10,grate,Task B ,1,2,0,1.948800835,0.05,2,9.827056708,0,0,2,3
10,grate,Task B ,1,1,1,-0.271412394,0.05,1,89.57033935,0,0,2,4
10,grate,Task B ,1,1,0,-0.684241845,0.033,2,56.91537914,0,0,1,4
10,grate,Task B ,1,1,1,-0.222699728,0.05,1,345.1762626,0,0,2,4
10,grate,Task B ,1,1,1,-0.038663605,0.033,1,191.5100875,0,0,1,4
1,grate,Task B ,1,2,1,0.502985651,0.05,1,348.9568175,0,0,2,3
1,grate,Task B ,1,2,1,0.248384004,0.05,1,75.0247672,0,0,2,3
1,grate,Task B ,1,3,1,0.50212039,0.05,1,152.9124682,0,0,2,2
1,grate,Task B ,2,2,1,-2.292741804,0.05,2,341.2969422,0,0,2,6
1,grate,Task B ,2,2,0,-0.2109073,0.135,1,142.0477237,0,0,4,6
1,grate,Task B ,2,2,1,-2.465007245,0.067,2,8.735646559,0,0,3,6
2,grate,Task B ,1,1,0,0.033993081,0.033,2,248.0587993,0,0,1,4
2,grate,Task B ,1,1,1,-0.18416171,0.067,1,160.4223649,0,0,3,4
2,grate,Task B ,1,1,1,-0.301497681,0.05,1,118.5019347,0,0,2,4
2,grate,Task B ,1,1,0,2.280525371,0.033,2,125.635224,0,0,1,4
2,grate,Task B ,1,3,1,0.663287627,0.067,1,335.6271096,0,0,3,2
2,grate,Task B ,2,4,1,-1.530557401,0.135,2,152.5629075,0,0,4,8
3,grate,Task B ,1,2,1,0.001389011,0.135,1,286.9647551,0,0,4,3
3,grate,Task B ,2,4,1,0.913419496,0.067,2,304.8879506,0,0,3,8
3,grate,Task B ,1,4,1,-0.160477518,0.05,1,150.2137921,0,0,2,1
3,grate,Task B ,2,4,1,-1.201162361,0.135,2,335.4519292,0,0,4,8
3,grate,Task B ,2,2,0,-0.196970142,0.033,1,288.8125471,0,0,1,6
3,grate,Task B ,2,1,0,-0.102740986,0.05,1,185.4371446,0,0,2,5
4,grate,Task B ,2,3,0,-0.128441599,0.135,1,236.8607015,0,0,4,7
4,grate,Task B ,1,3,1,0.137011125,0.05,1,225.6319414,0,0,2,2
4,grate,Task B ,1,3,1,0.230120807,0.067,1,87.82600319,0,0,3,2
4,grate,Task B ,1,3,1,0.231750962,0.067,1,288.5161466,0,0,3,2
4,grate,Task B ,1,2,0,0.533329454,0.05,2,356.1248789,0,0,2,3
4,grate,Task B ,1,3,0,0.951529833,0.067,2,220.4102946,0,0,3,2
5,grate,Task B ,2,4,1,-2.089309103,0.067,2,112.0149506,0,0,3,8
5,grate,Task B ,1,4,1,-0.54796165,0.067,1,16.74268142,0,0,3,1
5,grate,Task B ,1,4,1,-0.540671598,0.067,1,113.1158639,0,0,3,1
5,grate,Task B ,2,4,0,0.046148346,0.033,1,136.951843,0,0,1,8
5,grate,Task B ,2,4,1,-0.613142135,0.135,2,251.7876479,0,0,4,8
5,grate,Task B ,1,1,0,-1.979797954,0.033,2,262.3454919,0,0,1,4
6,grate,Task B ,1,3,1,0.183211692,0.033,1,357.9053783,0,0,1,2
6,grate,Task B ,1,3,0,1.696671081,0.05,2,169.1377111,0,0,2,2
6,grate,Task B ,2,3,1,2.848483683,0.067,2,354.5700811,0,0,3,7
6,grate,Task B ,2,3,0,0.148460204,0.135,1,137.8773701,0,0,4,7
6,grate,Task B ,1,2,1,-0.33521883,0.05,1,130.621366,0,0,2,3
6,grate,Task B ,1,1,1,0.400169914,0.067,1,75.19361939,0,0,3,4
7,grate,Task B ,1,4,0,0.21312736,0.05,2,188.6758976,0,0,2,1
7,grate,Task B ,1,3,1,0.159831404,0.05,1,335.1792384,0,0,2,2
7,grate,Task B ,1,4,1,-0.427696023,0.135,1,137.879952,0,0,4,1
7,grate,Task B ,2,4,0,0.389505403,0.05,1,132.2365945,0,0,2,8
7,grate,Task B ,1,4,0,0.140602001,0.135,2,252.2678603,0,0,4,1
7,grate,Task B ,2,4,0,-0.512060514,0.135,1,109.4585211,0,0,4,8
8,grate,Task B ,2,4,1,-0.926986798,0.067,2,146.9138445,0,0,3,8
8,grate,Task B ,2,4,0,-0.521673691,0.135,1,332.5533352,0,0,4,8
8,grate,Task B ,1,1,1,-0.260111986,0.033,1,218.0952881,0,0,1,4
8,grate,Task B ,2,1,1,-0.895030693,0.033,2,301.5483659,0,0,1,5
8,grate,Task B ,2,2,1,0.983158291,0.05,2,198.1096574,0,0,2,6
8,grate,Task B ,2,1,1,0.935830441,0.033,2,231.2503972,0,0,1,5
9,grate,Task B ,1,1,0,-0.610595868,0.05,2,80.77382369,0,0,2,4
9,grate,Task B ,1,4,1,0.100304572,0.05,1,340.3915038,0,0,2,1
9,grate,Task B ,2,1,1,-1.56402678,0.033,2,61.09373296,0,0,1,5
9,grate,Task B ,1,4,1,-0.1115436,0.135,1,21.90795503,0,0,4,1
9,grate,Task B ,1,4,0,-0.310685113,0.135,2,316.3186137,0,0,4,1
9,grate,Task B ,2,4,1,2.504604994,0.05,2,341.32575,0,0,2,8
10,grate,Task B ,1,2,1,-0.222940214,0.033,1,171.7233792,0,0,1,3
10,grate,Task B ,1,1,1,0.269919884,0.067,1,32.2882676,0,0,3,4
10,grate,Task B ,1,1,0,0.754699116,0.05,2,352.3037297,0,0,2,4
10,grate,Task B ,1,1,1,-0.138922684,0.05,1,146.8335562,0,0,2,4
10,grate,Task B ,1,1,0,0.642496761,0.033,2,149.6626876,0,0,1,4
10,grate,Task B ,1,1,1,-0.45953481,0.135,1,332.5448744,0,0,4,4
1,grate,Task B ,1,3,0,0.212198343,0.135,2,78.2334573,0,0,4,2
1,grate,Task B ,1,3,1,-0.198721018,0.067,1,199.752634,0,0,3,2
1,grate,Task B ,2,2,1,2.455189394,0.05,2,289.9692429,0,0,2,6
1,grate,Task B ,1,4,1,-0.018032847,0.135,1,8.326472774,0,0,4,1
1,grate,Task B ,1,1,1,0.015983085,0.033,1,339.6810423,0,0,1,4
1,grate,Task B ,2,2,0,0.220088349,0.033,1,355.4855448,0,0,1,6
2,grate,Task B ,1,3,0,-1.06422142,0.067,2,168.7722862,0,0,3,2
2,grate,Task B ,2,1,1,0.42742983,0.05,2,222.7122051,0,0,2,5
2,grate,Task B ,2,4,1,-0.561254181,0.033,2,313.3973872,0,0,1,8
2,grate,Task B ,1,2,0,-1.860512088,0.067,2,22.0715547,0,0,3,3
2,grate,Task B ,2,1,0,-0.481666738,0.05,1,73.02475083,0,0,2,5
2,grate,Task B ,2,3,0,0.307077032,0.135,1,98.40491503,0,0,4,7
3,grate,Task B ,1,2,1,-0.003842474,0.033,1,246.9194427,0,0,1,3
3,grate,Task B ,1,4,1,0.072208324,0.067,1,175.1678775,0,0,3,1
3,grate,Task B ,1,1,1,-0.059920804,0.067,1,257.8467678,0,0,3,4
3,grate,Task B ,2,2,0,0.200529066,0.05,1,330.1306749,0,0,2,6
3,grate,Task B ,2,3,0,-0.603828307,0.05,1,132.0297814,0,0,2,7
3,grate,Task B ,1,3,1,-0.101207735,0.05,1,52.63568482,0,0,2,2
4,grate,Task B ,2,4,0,-0.170285518,0.135,1,341.3632207,0,0,4,8
4,grate,Task B ,1,1,1,0.011803941,0.05,1,218.0933229,0,0,2,4
4,grate,Task B ,2,2,1,-2.205306049,0.033,2,216.8702567,0,0,1,6
4,grate,Task B ,2,4,0,0.041495486,0.135,1,225.0259947,0,0,4,8
4,grate,Task B ,1,3,0,-0.13233747,0.067,2,262.8306134,0,0,3,2
4,grate,Task B ,1,4,1,-0.221798245,0.05,1,342.3700959,0,0,2,1
5,grate,Task B ,1,4,1,-0.273898765,0.067,1,165.8141412,0,0,3,1
5,grate,Task B ,1,1,0,0.892358672,0.033,2,99.36170831,0,0,1,4
5,grate,Task B ,1,2,1,0.308899176,0.05,1,170.8948521,0,0,2,3
5,grate,Task B ,1,1,0,2.096620142,0.033,2,102.6184002,0,0,1,4
5,grate,Task B ,1,1,0,1.186682536,0.033,2,261.1582622,0,0,1,4
5,grate,Task B ,1,2,1,0.248741951,0.067,1,17.006356,0,0,3,3
6,grate,Task B ,1,2,1,-0.721718711,0.067,1,268.5554401,0,0,3,3
6,grate,Task B ,1,3,1,-0.135686023,0.135,1,338.6685812,0,0,4,2
6,grate,Task B ,2,3,1,0.473722196,0.05,2,148.4831136,0,0,2,7
6,grate,Task B ,1,3,1,-0.279933023,0.135,1,293.9598015,0,0,4,2
6,grate,Task B ,2,3,1,2.397407402,0.135,2,93.62768957,0,0,4,7
6,grate,Task B ,2,3,1,-0.387629633,0.067,2,274.8558528,0,0,3,7
7,grate,Task B ,2,1,1,0.61025519,0.033,2,285.5451906,0,0,1,5
7,grate,Task B ,1,4,1,-0.344743645,0.033,1,110.4021886,0,0,1,1
7,grate,Task B ,1,4,1,-0.355676779,0.135,1,262.2409779,0,0,4,1
7,grate,Task B ,1,4,1,-0.109709946,0.05,1,154.6794976,0,0,2,1
7,grate,Task B ,2,4,1,-0.988549519,0.067,2,5.483148937,0,0,3,8
7,grate,Task B ,1,1,1,0.395456385,0.033,1,188.605994,0,0,1,4
8,grate,Task B ,1,2,1,0.069426983,0.067,1,62.36238189,0,0,3,3
8,grate,Task B ,1,1,1,0.61251586,0.033,1,197.1733527,0,0,1,4
8,grate,Task B ,2,2,1,-1.279149015,0.05,2,281.6990984,0,0,2,6
8,grate,Task B ,2,1,1,-2.382645567,0.033,2,22.8411222,0,0,1,5
8,grate,Task B ,2,1,1,0.995234973,0.033,2,227.6438944,0,0,1,5
8,grate,Task B ,1,1,0,0.820710868,0.033,2,170.627197,0,0,1,4
9,grate,Task B ,2,1,1,0.841046193,0.067,2,149.094749,0,0,3,5
9,grate,Task B ,1,4,0,0.549789697,0.067,2,131.7191819,0,0,3,1
9,grate,Task B ,2,4,0,0.28962286,0.135,1,75.02884251,0,0,4,8
9,grate,Task B ,1,1,0,-0.266949211,0.05,2,174.2995324,0,0,2,4
9,grate,Task B ,1,4,1,-0.225327825,0.067,1,292.3259006,0,0,3,1
9,grate,Task B ,2,4,1,-1.503282991,0.067,2,35.44732419,0,0,3,8
10,grate,Task B ,1,2,0,-0.083801883,0.033,2,46.19296433,0,0,1,3
10,grate,Task B ,1,2,1,0.191988476,0.05,1,86.72685107,0,0,2,3
10,grate,Task B ,1,2,1,-0.094773074,0.033,1,112.2599457,0,0,1,3
10,grate,Task B ,1,3,1,-0.183124242,0.135,1,207.8726639,0,0,4,2
10,grate,Task B ,1,1,1,-0.093007245,0.05,1,215.0574575,0,0,2,4
10,grate,Task B ,1,2,1,0.335155577,0.135,1,199.4514036,0,0,4,3
1,grate,Task B ,2,1,1,-1.640677335,0.033,2,288.0678761,0,0,1,5
1,grate,Task B ,1,2,1,0.055445846,0.067,1,15.82362349,0,0,3,3
1,grate,Task B ,2,4,1,-2.71673982,0.135,2,77.95592068,0,0,4,8
1,grate,Task B ,2,2,1,1.146533896,0.033,2,7.230612593,0,0,1,6
1,grate,Task B ,1,3,0,1.124361092,0.067,2,14.65164956,0,0,3,2
1,grate,Task B ,2,1,0,-0.292887541,0.05,1,297.7679034,0,0,2,5
2,grate,Task B ,1,1,1,-0.060828157,0.05,1,109.0054159,0,0,2,4
2,grate,Task B ,1,1,0,1.570449011,0.05,2,277.063805,0,0,2,4
2,grate,Task B ,2,4,1,-3.693228729,0.135,2,179.8888632,0,0,4,8
2,grate,Task B ,1,2,1,0.222724199,0.05,1,165.233164,0,0,2,3
2,grate,Task B ,1,2,1,-0.318626695,0.135,1,116.8968205,0,0,4,3
2,grate,Task B ,2,1,0,0.145276583,0.033,1,75.55404565,0,0,1,5
3,grate,Task B ,2,4,1,-2.210392097,0.067,2,77.92761434,0,0,3,8
3,grate,Task B ,1,3,0,-0.944423999,0.033,2,19.66737059,0,0,1,2
3,grate,Task B ,2,4,1,2.005164478,0.135,2,117.4797524,0,0,4,8
3,grate,Task B ,2,2,0,0.304577746,0.033,1,236.8734237,0,0,1,6
3,grate,Task B ,1,1,1,0.128778182,0.067,1,321.3502447,0,0,3,4
3,grate,Task B ,2,2,1,0.673221562,0.135,2,294.5585396,0,0,4,6
4,grate,Task B ,1,4,0,-0.04930079,0.135,2,267.1645155,0,0,4,1
4,grate,Task B ,1,3,1,0.261867677,0.135,1,227.3799642,0,0,4,2
4,grate,Task B ,2,3,1,-1.218355088,0.033,2,40.00506419,0,0,1,7
4,grate,Task B ,1,1,0,0.485090433,0.05,2,356.5434097,0,0,2,4
4,grate,Task B ,2,4,1,-2.020771704,0.135,2,169.7650661,0,0,4,8
4,grate,Task B ,1,2,0,-1.877438513,0.033,2,237.0547771,0,0,1,3
5,grate,Task B ,1,2,0,0.64421301,0.05,2,55.68469752,0,0,2,3
5,grate,Task B ,2,4,0,-0.590842367,0.067,1,228.9362266,0,0,3,8
5,grate,Task B ,1,1,0,0.336274279,0.033,2,279.6260506,0,0,1,4
5,grate,Task B ,1,4,0,-0.591017416,0.05,2,300.7227816,0,0,2,1
5,grate,Task B ,1,1,0,2.555215099,0.033,2,178.6637719,0,0,1,4
5,grate,Task B ,2,4,1,-0.884554247,0.067,2,321.2612836,0,0,3,8
6,grate,Task B ,1,3,1,0.448225676,0.135,1,237.6768298,0,0,4,2
6,grate,Task B ,2,3,0,-0.207062918,0.05,1,151.9245636,0,0,2,7
6,grate,Task B ,1,3,1,-0.103817833,0.067,1,342.2822779,0,0,3,2
6,grate,Task B ,2,2,0,-0.317364664,0.067,1,165.4600487,0,0,3,6
6,grate,Task B ,1,3,1,0.783379372,0.067,1,192.4191835,0,0,3,2
6,grate,Task B ,2,3,1,-0.289587446,0.067,2,245.8952121,0,0,3,7
7,grate,Task B ,1,4,1,0.157376881,0.05,1,302.4421928,0,0,2,1
7,grate,Task B ,2,4,1,1.51160762,0.135,2,11.63455769,0,0,4,8
7,grate,Task B ,1,4,1,0.091733171,0.067,1,16.99971017,0,0,3,1
7,grate,Task B ,2,4,1,-1.828753157,0.135,2,3.368551608,0,0,4,8
7,grate,Task B ,1,4,1,-0.272226634,0.033,1,4.428278489,0,0,1,1
7,grate,Task B ,2,4,1,-1.20434955,0.05,2,292.1189693,0,0,2,8
8,grate,Task B ,1,4,1,0.156577264,0.135,1,277.2439228,0,0,4,1
8,grate,Task B ,2,3,0,0.34852669,0.135,1,35.8936199,0,0,4,7
8,grate,Task B ,2,2,0,0.000283431,0.135,1,334.2378453,0,0,4,6
8,grate,Task B ,2,4,1,-1.626885478,0.067,2,288.6083077,0,0,3,8
8,grate,Task B ,1,1,0,-0.251239624,0.033,2,353.6179711,0,0,1,4
8,grate,Task B ,1,4,1,-0.160485583,0.135,1,221.6713252,0,0,4,1
9,grate,Task B ,2,3,0,-0.613846834,0.135,1,31.1982507,0,0,4,7
9,grate,Task B ,1,4,0,0.183260614,0.135,2,153.6037812,0,0,4,1
9,grate,Task B ,1,1,1,0.64712176,0.033,1,80.50692359,0,0,1,4
9,grate,Task B ,2,4,1,-1.546480385,0.135,2,67.42699912,0,0,4,8
9,grate,Task B ,1,2,0,0.932935431,0.033,2,266.9919928,0,0,1,3
9,grate,Task B ,1,1,0,1.148171602,0.05,2,151.1964229,0,0,2,4
10,grate,Task B ,2,3,1,-0.143274189,0.067,2,312.3655197,0,0,3,7
10,grate,Task B ,1,2,0,1.010112451,0.135,2,314.9660688,0,0,4,3
10,grate,Task B ,1,1,0,-0.674650541,0.033,2,115.0497546,0,0,1,4
10,grate,Task B ,2,1,1,-1.256157677,0.067,2,36.09643522,0,0,3,5
10,grate,Task B ,1,1,0,2.430804915,0.033,2,226.8313337,0,0,1,4
10,grate,Task B ,1,1,1,-0.265431338,0.033,1,237.4099748,0,0,1,4
1,grate,Task B ,2,4,1,1.489665126,0.135,2,212.6102733,0,0,4,8
1,grate,Task B ,1,2,0,-0.212095572,0.067,2,167.2055454,0,0,3,3
1,grate,Task B ,1,3,1,-0.33665896,0.135,1,38.32718659,0,0,4,2
1,grate,Task B ,2,3,1,1.826303867,0.135,2,158.9713634,0,0,4,7
1,grate,Task B ,2,1,1,-1.893432056,0.033,2,164.4234807,0,0,1,5
1,grate,Task B ,2,2,1,1.685221633,0.05,2,316.7178386,0,0,2,6
2,grate,Task B ,2,1,0,0.416777661,0.05,1,282.0494033,0,0,2,5
2,grate,Task B ,2,1,0,0.258000629,0.067,1,17.42294847,0,0,3,5
2,grate,Task B ,2,1,0,0.258723836,0.033,1,319.5632227,0,0,1,5
2,grate,Task B ,2,3,1,-0.3122751,0.067,2,144.6046787,0,0,3,7
2,grate,Task B ,1,3,1,-0.013832501,0.05,1,188.6297738,0,0,2,2
2,grate,Task B ,1,2,0,0.724370705,0.067,2,245.4090302,0,0,3,3
3,grate,Task B ,1,4,0,-0.078039185,0.067,2,326.0811392,0,0,3,1
3,grate,Task B ,2,3,1,0.691423996,0.135,2,219.5098353,0,0,4,7
3,grate,Task B ,1,4,0,0.269074563,0.135,2,185.2335528,0,0,4,1
3,grate,Task B ,1,1,0,-0.239443848,0.135,2,289.2034562,0,0,4,4
3,grate,Task B ,2,1,0,-0.750097775,0.05,1,112.5485734,0,0,2,5
3,grate,Task B ,1,3,1,-0.232851338,0.05,1,289.7000948,0,0,2,2
4,grate,Task B ,1,3,1,-0.158866946,0.067,1,317.3404093,0,0,3,2
4,grate,Task B ,2,3,0,0.073112109,0.135,1,112.2566476,0,0,4,7
4,grate,Task B ,1,1,0,1.91784855,0.135,2,165.0106247,0,0,4,4
4,grate,Task B ,1,4,0,0.753641334,0.05,2,87.41096353,0,0,2,1
4,grate,Task B ,1,3,1,0.470818285,0.067,1,57.0604299,0,0,3,2
4,grate,Task B ,1,2,0,-0.806371249,0.05,2,267.8868571,0,0,2,3
5,grate,Task B ,2,4,1,0.928420841,0.135,2,326.3347724,0,0,4,8
5,grate,Task B ,2,4,1,-1.035478815,0.067,2,359.6149705,0,0,3,8
5,grate,Task B ,2,4,1,1.951412683,0.033,2,96.17232999,0,0,1,8
5,grate,Task B ,1,4,1,0.259598694,0.05,1,139.974655,0,0,2,1
5,grate,Task B ,2,4,1,-1.183957153,0.067,2,29.40631232,0,0,3,8
5,grate,Task B ,1,2,1,0.198018567,0.033,1,261.6688278,0,0,1,3
6,grate,Task B ,2,3,1,0.323265651,0.033,2,1.71497919,0,0,1,7
6,grate,Task B ,1,3,1,-0.421194016,0.135,1,268.4107904,0,0,4,2
6,grate,Task B ,1,3,0,1.024839708,0.033,2,346.6416706,0,0,1,2
6,grate,Task B ,2,3,1,1.747402772,0.067,2,94.74700619,0,0,3,7
6,grate,Task B ,1,2,1,-0.077544674,0.033,1,303.1937643,0,0,1,3
6,grate,Task B ,1,3,1,-0.320652359,0.067,1,275.6287996,0,0,3,2
7,grate,Task B ,1,4,1,-0.184173054,0.135,1,81.19729669,0,0,4,1
7,grate,Task B ,1,4,1,-0.289010891,0.135,1,349.1298005,0,0,4,1
7,grate,Task B ,2,4,1,1.378608856,0.135,2,348.1715161,0,0,4,8
7,grate,Task B ,2,4,1,-1.450900962,0.135,2,145.1615342,0,0,4,8
7,grate,Task B ,1,4,0,-2.839646087,0.067,2,17.40034284,0,0,3,1
7,grate,Task B ,1,4,0,1.069277926,0.033,2,198.4510076,0,0,1,1
8,grate,Task B ,2,3,1,-0.884354062,0.05,2,297.8924512,0,0,2,7
8,grate,Task B ,1,2,1,0.480660214,0.05,1,272.2465443,0,0,2,3
8,grate,Task B ,2,3,1,-0.38309918,0.135,2,335.3962063,0,0,4,7
8,grate,Task B ,2,1,1,0.812304439,0.05,2,278.8781965,0,0,2,5
8,grate,Task B ,1,1,1,-0.550511268,0.033,1,117.5909869,0,0,1,4
8,grate,Task B ,1,4,1,-0.664459663,0.135,1,298.2376591,0,0,4,1
9,grate,Task B ,2,4,0,0.002454303,0.067,1,247.9843618,0,0,3,8
9,grate,Task B ,1,1,1,-0.176284954,0.033,1,325.0359365,0,0,1,4
9,grate,Task B ,2,4,1,1.202945549,0.135,2,103.2978386,0,0,4,8
9,grate,Task B ,1,2,0,-1.634026496,0.067,2,158.1941473,0,0,3,3
9,grate,Task B ,1,4,1,-0.41401322,0.067,1,145.9434895,0,0,3,1
9,grate,Task B ,1,1,0,-3.473456241,0.033,2,1.281898751,0,0,1,4
10,grate,Task B ,1,2,0,-1.972843749,0.05,2,32.09996401,0,0,2,3
10,grate,Task B ,1,1,0,-1.958852428,0.033,2,219.0818388,0,0,1,4
10,grate,Task B ,1,2,1,0.440107957,0.135,1,262.8353336,0,0,4,3
10,grate,Task B ,1,1,1,0.050693084,0.05,1,32.85092067,0,0,2,4
10,grate,Task B ,1,2,1,0.058063157,0.135,1,232.3607008,0,0,4,3
10,grate,Task B ,1,1,1,0.088210882,0.033,1,152.6224162,0,0,1,4
1,grate,Task B ,2,2,0,0.388695434,0.05,1,279.778433,0,0,2,6
1,grate,Task B ,1,3,0,-0.822061565,0.05,2,317.2952498,0,0,2,2
1,grate,Task B ,2,3,1,-3.658735664,0.067,2,40.5194112,0,0,3,7
1,grate,Task B ,1,3,1,-0.103055392,0.05,1,191.1920037,0,0,2,2
1,grate,Task B ,2,1,0,-0.114260343,0.033,1,34.6848849,0,0,1,5
1,grate,Task B ,2,2,1,-1.696958371,0.067,2,150.0069712,0,0,3,6
2,grate,Task B ,1,3,0,-0.311592927,0.067,2,83.54947788,0,0,3,2
2,grate,Task B ,2,3,0,0.184331771,0.135,1,293.1402111,0,0,4,7
2,grate,Task B ,1,3,1,0.938271427,0.067,1,161.4760498,0,0,3,2
2,grate,Task B ,1,2,0,-1.600348133,0.033,2,315.4278504,0,0,1,3
2,grate,Task B ,2,1,1,1.595531895,0.05,2,61.28780141,0,0,2,5
2,grate,Task B ,1,2,0,-1.142802382,0.067,2,68.28367253,0,0,3,3
3,grate,Task B ,2,4,1,-0.991138926,0.135,2,193.2383922,0,0,4,8
3,grate,Task B ,2,4,1,-1.844347983,0.05,2,253.4622781,0,0,2,8
3,grate,Task B ,2,4,1,2.825718702,0.067,2,239.6382663,0,0,3,8
3,grate,Task B ,1,1,0,-1.13021831,0.033,2,291.8890656,0,0,1,4
3,grate,Task B ,1,4,1,0.181336045,0.05,1,281.01209,0,0,2,1
3,grate,Task B ,1,1,1,0.377321616,0.033,1,117.9513992,0,0,1,4
4,grate,Task B ,1,3,1,0.472737697,0.05,1,330.4061134,0,0,2,2
4,grate,Task B ,1,1,1,0.315258486,0.067,1,302.2754858,0,0,3,4
4,grate,Task B ,2,2,1,-0.820289656,0.05,2,25.27765554,0,0,2,6
4,grate,Task B ,1,2,0,-0.387003551,0.033,2,331.7458603,0,0,1,3
4,grate,Task B ,1,1,1,-0.323436206,0.05,1,248.6236444,0,0,2,4
4,grate,Task B ,1,1,1,0.466751331,0.033,1,57.3608818,0,0,1,4
5,grate,Task B ,1,1,1,0.059336779,0.033,1,119.8887193,0,0,1,4
5,grate,Task B ,1,2,1,-0.002235354,0.067,1,345.5952646,0,0,3,3
5,grate,Task B ,1,3,1,-0.274921668,0.135,1,358.1552952,0,0,4,2
5,grate,Task B ,1,3,0,0.960640153,0.05,2,280.8931698,0,0,2,2
5,grate,Task B ,1,3,1,-0.332122036,0.033,1,84.50223459,0,0,1,2
5,grate,Task B ,1,4,1,0.037068135,0.135,1,282.1871519,0,0,4,1
6,grate,Task B ,2,3,0,-0.004826075,0.135,1,193.1143844,0,0,4,7
6,grate,Task B ,1,2,1,-0.010313512,0.05,1,200.4985873,0,0,2,3
6,grate,Task B ,1,3,1,0.051225172,0.05,1,90.32690473,0,0,2,2
6,grate,Task B ,2,3,0,-0.679519206,0.135,1,354.1568114,0,0,4,7
6,grate,Task B ,1,3,1,0.469389301,0.135,1,151.9079253,0,0,4,2
6,grate,Task B ,1,3,1,0.095189414,0.05,1,86.79181322,0,0,2,2
7,grate,Task B ,1,4,0,0.064338499,0.033,2,231.8869219,0,0,1,1
7,grate,Task B ,1,4,1,-0.26687172,0.067,1,135.4349576,0,0,3,1
7,grate,Task B ,1,4,0,-0.40061657,0.05,2,159.4727348,0,0,2,1
7,grate,Task B ,2,4,0,-0.283644176,0.05,1,64.79861161,0,0,2,8
7,grate,Task B ,1,4,1,0.324320795,0.067,1,64.63323474,0,0,3,1
7,grate,Task B ,2,4,0,-0.143809873,0.135,1,14.60647964,0,0,4,8
8,grate,Task B ,1,2,1,0.209450497,0.05,1,348.7648879,0,0,2,3
8,grate,Task B ,1,2,1,0.622867479,0.135,1,36.03172937,0,0,4,3
8,grate,Task B ,2,2,1,-0.421727088,0.033,2,354.6291167,0,0,1,6
8,grate,Task B ,2,1,0,-0.752198581,0.033,1,62.58458173,0,0,1,5
8,grate,Task B ,2,4,0,-0.237197874,0.135,1,283.3625767,0,0,4,8
8,grate,Task B ,2,1,0,0.065371795,0.033,1,53.88641142,0,0,1,5
9,grate,Task B ,1,1,0,-0.418484296,0.05,2,183.4119517,0,0,2,4
9,grate,Task B ,1,4,1,0.04126882,0.067,1,353.9458344,0,0,3,1
9,grate,Task B ,2,2,1,1.14382609,0.033,2,169.4771734,0,0,1,6
9,grate,Task B ,1,4,1,0.425622157,0.135,1,177.5264684,0,0,4,1
9,grate,Task B ,1,1,0,1.903060631,0.05,2,244.9781445,0,0,2,4
9,grate,Task B ,1,2,1,0.160414546,0.067,1,213.1839647,0,0,3,3
10,grate,Task B ,1,1,0,-1.165929029,0.05,2,268.424843,0,0,2,4
10,grate,Task B ,1,2,0,0.001203414,0.067,2,242.3707026,0,0,3,3
10,grate,Task B ,1,1,0,-0.920249799,0.067,2,306.2398954,0,0,3,4
10,grate,Task B ,2,2,1,-1.305121501,0.067,2,118.7471191,0,0,3,6
10,grate,Task B ,1,1,1,0.362639837,0.05,1,107.2308259,0,0,2,4
10,grate,Task B ,1,2,0,0.424185863,0.135,2,189.1136827,0,0,4,3
1,grate,Task B ,2,1,0,-0.268836521,0.033,1,27.84620064,0,0,1,5
1,grate,Task B ,1,2,0,-0.779225135,0.05,2,322.3769999,0,0,2,3
1,grate,Task B ,1,2,1,-0.625423973,0.135,1,312.8236394,0,0,4,3
1,grate,Task B ,2,3,1,-1.742757663,0.067,2,273.2890026,0,0,3,7
1,grate,Task B ,1,3,1,0.000635361,0.05,1,278.1716889,0,0,2,2
1,grate,Task B ,2,1,0,-0.119439003,0.033,1,107.5601008,0,0,1,5
2,grate,Task B ,2,1,1,1.341004651,0.05,2,25.39634739,0,0,2,5
2,grate,Task B ,1,1,0,0.111898926,0.033,2,120.2809879,0,0,1,4
2,grate,Task B ,1,2,1,-0.040204061,0.067,1,344.3713222,0,0,3,3
2,grate,Task B ,1,2,0,1.552101362,0.05,2,181.1085214,0,0,2,3
2,grate,Task B ,2,3,1,-2.563186635,0.067,2,202.7946647,0,0,3,7
2,grate,Task B ,2,1,0,-0.176494687,0.033,1,20.6423207,0,0,1,5
3,grate,Task B ,1,2,0,-0.595201821,0.05,2,47.08625161,0,0,2,3
3,grate,Task B ,1,2,0,-0.678646938,0.033,2,264.4276985,0,0,1,3
3,grate,Task B ,1,3,0,0.17486038,0.05,2,96.89049561,0,0,2,2
3,grate,Task B ,1,1,1,-0.227609627,0.135,1,233.9456089,0,0,4,4
3,grate,Task B ,2,3,0,-0.277161964,0.067,1,146.4298733,0,0,3,7
3,grate,Task B ,1,2,1,-0.104715321,0.05,1,238.2474878,0,0,2,3
4,grate,Task B ,2,3,1,-1.405103285,0.067,2,9.743647266,0,0,3,7
4,grate,Task B ,1,4,1,0.206400782,0.05,1,222.3122502,0,0,2,1
4,grate,Task B ,2,3,1,-0.101882643,0.05,2,188.1275507,0,0,2,7
4,grate,Task B ,1,1,1,-0.5368579,0.033,1,169.1621902,0,0,1,4
4,grate,Task B ,1,1,1,0.318840622,0.033,1,256.8615866,0,0,1,4
4,grate,Task B ,2,4,1,1.898014005,0.135,2,288.4096631,0,0,4,8
5,grate,Task B ,1,4,1,-0.216296337,0.135,1,9.774871836,0,0,4,1
5,grate,Task B ,2,4,1,-2.274347734,0.05,2,11.40718229,0,0,2,8
5,grate,Task B ,2,4,1,2.184300631,0.135,2,277.5863037,0,0,4,8
5,grate,Task B ,1,4,1,0.3427453,0.05,1,300.6516914,0,0,2,1
5,grate,Task B ,1,2,1,0.417798606,0.033,1,13.29638092,0,0,1,3
5,grate,Task B ,1,2,0,-0.30648232,0.033,2,320.461683,0,0,1,3
6,grate,Task B ,2,3,1,3.439951329,0.033,2,5.602005459,0,0,1,7
6,grate,Task B ,1,3,0,-0.342593357,0.05,2,336.2514879,0,0,2,2
6,grate,Task B ,1,3,1,0.25365025,0.033,1,52.36167192,0,0,1,2
6,grate,Task B ,1,3,1,-0.071462511,0.067,1,294.7409417,0,0,3,2
6,grate,Task B ,2,3,1,-1.412731446,0.135,2,242.5761927,0,0,4,7
6,grate,Task B ,1,3,1,-0.3351223,0.05,1,180.3511764,0,0,2,2
7,grate,Task B ,1,4,1,-0.016656107,0.135,1,269.6870715,0,0,4,1
7,grate,Task B ,2,4,1,-0.770981577,0.067,2,174.5453498,0,0,3,8
7,grate,Task B ,1,4,1,-0.504110163,0.067,1,13.3370723,0,0,3,1
7,grate,Task B ,2,4,1,2.097477062,0.05,2,354.639159,0,0,2,8
7,grate,Task B ,1,4,0,1.908288742,0.067,2,83.325531,0,0,3,1
7,grate,Task B ,2,4,1,0.245295624,0.05,2,46.76208364,0,0,2,8
8,grate,Task B ,1,4,0,0.61412291,0.067,2,256.7652429,0,0,3,1
8,grate,Task B ,2,3,1,0.667397757,0.135,2,27.23634071,0,0,4,7
8,grate,Task B ,2,2,0,-0.184600709,0.067,1,93.78810442,0,0,3,6
8,grate,Task B ,1,4,1,0.439055644,0.135,1,217.7742321,0,0,4,1
8,grate,Task B ,2,1,0,0.293384228,0.033,1,86.74059067,0,0,1,5
8,grate,Task B ,1,4,1,-0.322242147,0.135,1,188.6416885,0,0,4,1
9,grate,Task B ,1,1,1,0.402233962,0.033,1,91.41143499,0,0,1,4
9,grate,Task B ,1,4,0,-0.061039959,0.05,2,89.15060369,0,0,2,1
9,grate,Task B ,1,1,1,0.411669186,0.05,1,138.8659033,0,0,2,4
9,grate,Task B ,1,4,1,-0.154541494,0.135,1,193.1286149,0,0,4,1
9,grate,Task B ,1,1,1,0.584109863,0.067,1,24.97959737,0,0,3,4
9,grate,Task B ,1,1,1,-0.669290252,0.033,1,184.3745615,0,0,1,4
10,grate,Task B ,1,3,1,0.618046051,0.135,1,53.91296833,0,0,4,2
10,grate,Task B ,1,1,0,3.048206523,0.033,2,206.4698968,0,0,1,4
10,grate,Task B ,1,1,1,0.139319509,0.067,1,128.60279,0,0,3,4
10,grate,Task B ,1,1,0,0.147213188,0.05,2,101.4469235,0,0,2,4
10,grate,Task B ,1,1,0,0.484030636,0.033,2,157.4375475,0,0,1,4
10,grate,Task B ,1,1,1,-0.181221712,0.033,1,268.4421776,0,0,1,4
1,grate,Task B ,1,2,1,-0.417878938,0.05,1,58.35660055,0,0,2,3
1,grate,Task B ,1,3,1,-0.354081153,0.135,1,57.52479964,0,0,4,2
1,grate,Task B ,1,1,0,-0.59855078,0.033,2,59.39218115,0,0,1,4
1,grate,Task B ,2,1,0,-0.321280827,0.033,1,277.0211036,0,0,1,5
1,grate,Task B ,1,2,1,0.217794197,0.135,1,15.13329141,0,0,4,3
1,grate,Task B ,1,3,0,-0.288083296,0.135,2,333.6953157,0,0,4,2
2,grate,Task B ,1,3,1,-0.047662675,0.135,1,238.0189946,0,0,4,2
2,grate,Task B ,2,3,1,-1.604586737,0.135,2,249.6803234,0,0,4,7
2,grate,Task B ,2,1,0,-0.728908848,0.033,1,357.3510614,0,0,1,5
2,grate,Task B ,1,1,1,0.359520441,0.033,1,226.5529405,0,0,1,4
2,grate,Task B ,2,3,1,-1.379262308,0.067,2,227.0167961,0,0,3,7
2,grate,Task B ,1,2,1,0.178532295,0.033,1,132.0675942,0,0,1,3
3,grate,Task B ,1,2,1,0.117156054,0.135,1,115.8085455,0,0,4,3
3,grate,Task B ,1,4,1,-0.067652573,0.135,1,130.2104999,0,0,4,1
3,grate,Task B ,2,4,1,-2.343237379,0.135,2,282.3391266,0,0,4,8
3,grate,Task B ,1,1,0,0.096044888,0.033,2,50.76101798,0,0,1,4
3,grate,Task B ,1,2,1,-0.283444237,0.05,1,10.83504508,0,0,2,3
3,grate,Task B ,1,2,1,0.227301299,0.05,1,99.32839505,0,0,2,3
4,grate,Task B ,2,4,1,-2.130325686,0.135,2,148.6496014,0,0,4,8
4,grate,Task B ,2,2,1,2.782058642,0.05,2,170.3531747,0,0,2,6
4,grate,Task B ,2,4,0,-0.39421646,0.135,1,174.5245635,0,0,4,8
4,grate,Task B ,1,4,1,-0.652895937,0.067,1,283.8264945,0,0,3,1
4,grate,Task B ,1,1,1,0.309613384,0.033,1,148.1755719,0,0,1,4
4,grate,Task B ,1,1,0,-0.835573052,0.05,2,124.9843076,0,0,2,4
5,grate,Task B ,2,4,1,0.900446804,0.135,2,205.6674517,0,0,4,8
5,grate,Task B ,1,3,1,-0.586243918,0.05,1,244.2641718,0,0,2,2
5,grate,Task B ,2,4,1,-0.235888472,0.135,2,297.1530319,0,0,4,8
5,grate,Task B ,2,4,1,1.963526419,0.05,2,356.2011986,0,0,2,8
5,grate,Task B ,2,4,1,2.070231972,0.067,2,223.5581177,0,0,3,8
5,grate,Task B ,1,3,1,0.134530585,0.067,1,49.62262909,0,0,3,2
6,grate,Task B ,2,3,1,-0.650508057,0.135,2,87.9026765,0,0,4,7
6,grate,Task B ,2,2,1,-0.24305192,0.067,2,200.6627678,0,0,3,6
6,grate,Task B ,2,3,1,-0.384497812,0.135,2,316.4052011,0,0,4,7
6,grate,Task B ,2,3,1,1.027863461,0.05,2,178.9789767,0,0,2,7
6,grate,Task B ,1,3,1,0.421834557,0.067,1,342.8652855,0,0,3,2
6,grate,Task B ,1,3,1,-0.078682169,0.033,1,149.0231469,0,0,1,2
7,grate,Task B ,1,4,1,-0.167084337,0.135,1,136.6711257,0,0,4,1
7,grate,Task B ,2,4,1,-0.224503914,0.033,2,88.65651361,0,0,1,8
7,grate,Task B ,1,4,0,0.959032141,0.135,2,135.654168,0,0,4,1
7,grate,Task B ,2,4,1,-1.432712585,0.067,2,300.3150145,0,0,3,8
7,grate,Task B ,1,4,1,-0.056058036,0.067,1,41.76663586,0,0,3,1
7,grate,Task B ,2,4,1,-2.242180972,0.067,2,62.25440099,0,0,3,8
8,grate,Task B ,1,1,0,-1.138052557,0.033,2,39.20099032,0,0,1,4
8,grate,Task B ,1,2,0,1.710123544,0.05,2,147.6035747,0,0,2,3
8,grate,Task B ,2,1,1,-0.947016029,0.033,2,80.6389319,0,0,1,5
8,grate,Task B ,1,4,0,0.031201892,0.135,2,101.8342316,0,0,4,1
8,grate,Task B ,1,1,0,0.533117862,0.067,2,58.42731564,0,0,3,4
8,grate,Task B ,1,3,0,0.96362821,0.05,2,9.825670937,0,0,2,2
9,grate,Task B ,1,1,0,0.383397813,0.033,2,60.17176834,0,0,1,4
9,grate,Task B ,2,1,1,-0.748735121,0.067,2,49.67744536,0,0,3,5
9,grate,Task B ,1,1,0,-0.114078893,0.05,2,244.3438,0,0,2,4
9,grate,Task B ,1,4,1,0.079064445,0.05,1,337.3670152,0,0,2,1
9,grate,Task B ,2,2,0,0.691995644,0.135,1,352.5012668,0,0,4,6
9,grate,Task B ,2,4,0,0.342849277,0.135,1,253.0532948,0,0,4,8
10,grate,Task B ,1,2,0,-1.356551787,0.05,2,197.1587108,0,0,2,3
10,grate,Task B ,1,1,0,1.242256323,0.033,2,61.46114416,0,0,1,4
10,grate,Task B ,1,1,0,0.216296411,0.05,2,41.89340661,0,0,2,4
10,grate,Task B ,2,2,1,-1.303454294,0.067,2,106.821199,0,0,3,6
10,grate,Task B ,2,2,1,-1.851600607,0.05,2,272.3367558,0,0,2,6
10,grate,Task B ,1,1,1,-0.361163517,0.067,1,207.0913205,0,0,3,4
1,grate,Task B ,1,1,1,0.630251952,0.05,1,302.925737,0,0,2,4
1,grate,Task B ,1,1,0,0.514150323,0.033,2,202.0574151,0,0,1,4
1,grate,Task B ,1,3,1,-0.028433699,0.05,1,131.7798716,0,0,2,2
1,grate,Task B ,1,1,1,0.308924453,0.05,1,238.0674367,0,0,2,4
1,grate,Task B ,1,3,1,0.361936579,0.135,1,321.6609829,0,0,4,2
1,grate,Task B ,1,3,1,0.072618699,0.135,1,237.6588613,0,0,4,2
2,grate,Task B ,1,4,0,0.49116665,0.135,2,335.8121382,0,0,4,1
2,grate,Task B ,1,1,0,0.483206992,0.067,2,116.0269633,0,0,3,4
2,grate,Task B ,1,2,0,-1.255884205,0.033,2,348.7355393,0,0,1,3
2,grate,Task B ,1,2,1,-0.108671181,0.033,1,343.5300955,0,0,1,3
2,grate,Task B ,2,3,0,-0.190402489,0.135,1,165.5892534,0,0,4,7
2,grate,Task B ,2,3,1,-0.82972617,0.135,2,290.1031518,0,0,4,7
3,grate,Task B ,1,3,0,-0.443798318,0.05,2,76.94420196,0,0,2,2
3,grate,Task B ,1,3,1,0.109472147,0.135,1,269.1615359,0,0,4,2
3,grate,Task B ,1,2,0,0.037639138,0.05,2,95.47485566,0,0,2,3
3,grate,Task B ,1,1,0,-0.338912891,0.067,2,122.05052,0,0,3,4
3,grate,Task B ,1,2,1,0.081841636,0.033,1,184.5047794,0,0,1,3
3,grate,Task B ,1,1,0,0.808701139,0.033,2,96.92053185,0,0,1,4
4,grate,Task B ,1,3,1,0.097664722,0.067,1,73.38319153,0,0,3,2
4,grate,Task B ,1,1,1,0.165388172,0.033,1,309.6573424,0,0,1,4
4,grate,Task B ,1,2,1,0.496688203,0.033,1,351.6552332,0,0,1,3
4,grate,Task B ,2,4,0,0.386481422,0.135,1,38.27958289,0,0,4,8
4,grate,Task B ,1,4,1,0.286336316,0.067,1,274.2681823,0,0,3,1
4,grate,Task B ,2,4,0,0.03215686,0.067,1,116.3708972,0,0,3,8
5,grate,Task B ,1,4,1,0.281001421,0.033,1,29.27801876,0,0,1,1
5,grate,Task B ,2,4,1,-0.964667569,0.05,2,250.6076533,0,0,2,8
5,grate,Task B ,1,3,0,-0.508977626,0.05,2,275.0172979,0,0,2,2
5,grate,Task B ,1,2,1,-0.231535624,0.033,1,160.1034359,0,0,1,3
5,grate,Task B ,1,3,1,-0.416838691,0.067,1,123.5291852,0,0,3,2
5,grate,Task B ,2,2,0,-0.402547076,0.033,1,277.9154715,0,0,1,6
6,grate,Task B ,2,3,0,-0.177514684,0.033,1,91.22492217,0,0,1,7
6,grate,Task B ,1,3,0,-0.126264162,0.067,2,308.7170215,0,0,3,2
6,grate,Task B ,2,2,1,0.294878625,0.135,2,63.41799281,0,0,4,6
6,grate,Task B ,2,3,0,0.126678292,0.067,1,269.0159497,0,0,3,7
6,grate,Task B ,1,3,1,0.435525486,0.05,1,129.4193009,0,0,2,2
6,grate,Task B ,1,2,1,0.287364759,0.033,1,136.0487609,0,0,1,3
7,grate,Task B ,2,4,1,0.745313426,0.135,2,152.0266977,0,0,4,8
7,grate,Task B ,1,4,1,-0.404567045,0.05,1,242.0402483,0,0,2,1
7,grate,Task B ,2,4,0,-0.498835362,0.135,1,265.8897368,0,0,4,8
7,grate,Task B ,1,4,1,0.482486225,0.135,1,133.8021508,0,0,4,1
7,grate,Task B ,1,4,1,-0.271937985,0.067,1,183.2157184,0,0,3,1
7,grate,Task B ,1,4,0,-0.702997886,0.05,2,104.8521531,0,0,2,1
8,grate,Task B ,2,1,1,0.444169627,0.033,2,121.8570261,0,0,1,5
8,grate,Task B ,1,3,1,0.145977504,0.067,1,63.24001566,0,0,3,2
8,grate,Task B ,2,3,0,-0.098025563,0.135,1,63.54765302,0,0,4,7
8,grate,Task B ,2,1,0,0.19040256,0.033,1,118.6273924,0,0,1,5
8,grate,Task B ,2,3,0,-0.091643142,0.067,1,189.8472015,0,0,3,7
8,grate,Task B ,2,1,1,0.207781341,0.05,2,192.4266606,0,0,2,5
9,grate,Task B ,1,4,1,-0.026669607,0.135,1,120.6148125,0,0,4,1
9,grate,Task B ,2,1,0,0.176785554,0.033,1,310.7667376,0,0,1,5
9,grate,Task B ,2,2,1,-2.376095294,0.05,2,248.5223276,0,0,2,6
9,grate,Task B ,1,1,0,-0.53700417,0.135,2,328.8102767,0,0,4,4
9,grate,Task B ,2,3,0,-0.4670395,0.067,1,5.632251527,0,0,3,7
9,grate,Task B ,2,2,1,0.80652817,0.067,2,288.8729535,0,0,3,6
10,grate,Task B ,2,2,1,-0.917844327,0.135,2,34.75339905,0,0,4,6
10,grate,Task B ,1,1,0,-0.470801012,0.033,2,148.9665323,0,0,1,4
10,grate,Task B ,1,2,1,0.108379031,0.067,1,3.49135455,0,0,3,3
10,grate,Task B ,1,2,1,0.028918546,0.05,1,330.8916918,0,0,2,3
10,grate,Task B ,1,1,0,-1.337525447,0.05,2,351.499058,0,0,2,4
10,grate,Task B ,1,2,1,0.128913798,0.067,1,50.99736693,0,0,3,3
1,grate,Task B ,2,2,0,-0.106445657,0.033,1,277.5757365,0,0,1,6
1,grate,Task B ,2,2,1,-0.380893553,0.067,2,164.6346298,0,0,3,6
1,grate,Task B ,1,2,1,0.625214974,0.067,1,315.2015389,0,0,3,3
1,grate,Task B ,2,4,1,1.847820704,0.135,2,212.9560256,0,0,4,8
1,grate,Task B ,2,2,1,-3.605730027,0.067,2,269.7020159,0,0,3,6
1,grate,Task B ,1,2,1,0.010445628,0.135,1,45.9519251,0,0,4,3
2,grate,Task B ,1,1,0,-1.228496499,0.033,2,26.60123942,0,0,1,4
2,grate,Task B ,1,1,0,-1.79160315,0.033,2,209.5297735,0,0,1,4
2,grate,Task B ,1,2,0,0.576775313,0.033,2,149.9760584,0,0,1,3
2,grate,Task B ,2,2,1,-3.076958197,0.05,2,248.9138992,0,0,2,6
2,grate,Task B ,2,3,0,-0.709974424,0.05,1,175.6857481,0,0,2,7
2,grate,Task B ,1,3,1,-0.134999894,0.135,1,296.0578079,0,0,4,2
3,grate,Task B ,1,2,0,-0.894372372,0.033,2,23.19358042,0,0,1,3
3,grate,Task B ,2,4,1,1.741644615,0.05,2,91.0077811,0,0,2,8
3,grate,Task B ,2,4,1,2.257319605,0.067,2,270.6701188,0,0,3,8
3,grate,Task B ,2,4,1,1.935207584,0.067,2,126.839237,0,0,3,8
3,grate,Task B ,1,2,0,0.3474028,0.05,2,96.11097497,0,0,2,3
3,grate,Task B ,1,3,0,1.161303501,0.05,2,253.3333318,0,0,2,2
4,grate,Task B ,2,4,1,-1.016291142,0.135,2,43.20855241,0,0,4,8
4,grate,Task B ,1,4,0,0.883952535,0.05,2,305.2623649,0,0,2,1
4,grate,Task B ,2,4,1,-1.755033259,0.067,2,161.449957,0,0,3,8
4,grate,Task B ,1,1,1,-0.504592746,0.067,1,60.48280384,0,0,3,4
4,grate,Task B ,1,1,1,0.272954022,0.033,1,226.055255,0,0,1,4
4,grate,Task B ,1,4,1,0.009816967,0.067,1,207.2407939,0,0,3,1
5,grate,Task B ,1,1,1,0.005916519,0.033,1,297.2041247,0,0,1,4
5,grate,Task B ,1,2,1,0.38898187,0.067,1,99.9435157,0,0,3,3
5,grate,Task B ,2,4,1,-1.088536281,0.067,2,231.9307599,0,0,3,8
5,grate,Task B ,1,4,0,0.357798326,0.05,2,214.7257844,0,0,2,1
5,grate,Task B ,1,2,1,-0.255376632,0.067,1,203.5282101,0,0,3,3
5,grate,Task B ,1,1,1,-0.034114504,0.033,1,219.8996128,0,0,1,4
6,grate,Task B ,1,2,0,2.222786318,0.033,2,11.98629618,0,0,1,3
6,grate,Task B ,2,2,0,-0.432808689,0.067,1,301.5507115,0,0,3,6
6,grate,Task B ,1,3,1,-0.300260703,0.033,1,115.1466074,0,0,1,2
6,grate,Task B ,1,3,0,0.932818156,0.033,2,284.8482255,0,0,1,2
6,grate,Task B ,1,3,1,0.10366844,0.05,1,301.6466798,0,0,2,2
6,grate,Task B ,1,3,1,0.395725886,0.135,1,52.37587337,0,0,4,2
7,grate,Task B ,1,4,1,0.060470288,0.067,1,344.2333654,0,0,3,1
7,grate,Task B ,1,1,0,-0.000579067,0.067,2,96.37600136,0,0,3,4
7,grate,Task B ,1,4,1,0.065605149,0.05,1,266.5355845,0,0,2,1
7,grate,Task B ,1,4,0,-0.187843677,0.033,2,143.1266642,0,0,1,1
7,grate,Task B ,1,4,1,0.358875161,0.135,1,155.375563,0,0,4,1
7,grate,Task B ,2,4,1,1.139711978,0.067,2,54.15343019,0,0,3,8
8,grate,Task B ,2,4,1,-1.597964421,0.135,2,160.7321934,0,0,4,8
8,grate,Task B ,1,1,1,0.3529869,0.033,1,105.9997044,0,0,1,4
8,grate,Task B ,1,1,0,2.162411428,0.05,2,263.9811675,0,0,2,4
8,grate,Task B ,1,3,1,0.49352969,0.067,1,90.45995846,0,0,3,2
8,grate,Task B ,2,1,1,1.77241479,0.05,2,57.71781803,0,0,2,5
8,grate,Task B ,2,2,0,-0.501155618,0.067,1,322.0901703,0,0,3,6
9,grate,Task B ,2,1,0,-0.104221736,0.033,1,339.9845913,0,0,1,5
9,grate,Task B ,2,1,1,0.562384697,0.05,2,273.857182,0,0,2,5
9,grate,Task B ,1,4,1,0.132278227,0.067,1,37.97180897,0,0,3,1
9,grate,Task B ,1,4,1,0.374551703,0.067,1,137.1036593,0,0,3,1
9,grate,Task B ,1,1,0,1.90378964,0.033,2,107.4500936,0,0,1,4
9,grate,Task B ,1,4,1,-0.220169966,0.135,1,259.2373879,0,0,4,1
10,grate,Task B ,1,3,1,0.394646888,0.067,1,205.1384375,0,0,3,2
10,grate,Task B ,1,1,1,-0.065692706,0.033,1,175.093257,0,0,1,4
10,grate,Task B ,1,1,1,0.066467472,0.135,1,130.4688935,0,0,4,4
10,grate,Task B ,1,1,1,0.503229014,0.135,1,92.32670324,0,0,4,4
10,grate,Task B ,1,1,1,0.261125749,0.033,1,280.2405458,0,0,1,4
10,grate,Task B ,1,1,1,0.095527182,0.05,1,220.1303286,0,0,2,4
1,grate,Task B ,1,2,1,-0.139871917,0.067,1,85.13829174,0,0,3,3
1,grate,Task B ,1,1,0,-3.736139954,0.033,2,175.7554435,0,0,1,4
1,grate,Task B ,2,4,1,3.35635253,0.135,2,36.95549759,0,0,4,8
1,grate,Task B ,1,2,1,0.350587637,0.05,1,201.98765,0,0,2,3
1,grate,Task B ,1,1,0,0.693687707,0.033,2,81.90721586,0,0,1,4
1,grate,Task B ,1,3,1,-0.284198513,0.067,1,36.89831561,0,0,3,2
2,grate,Task B ,2,1,0,0.293155071,0.033,1,194.703961,0,0,1,5
2,grate,Task B ,2,4,1,-2.52497074,0.135,2,131.0583525,0,0,4,8
2,grate,Task B ,2,3,1,2.214793172,0.135,2,11.11236225,0,0,4,7
2,grate,Task B ,2,1,1,1.362492911,0.067,2,230.5853788,0,0,3,5
2,grate,Task B ,1,1,0,-0.392357256,0.033,2,296.8454545,0,0,1,4
2,grate,Task B ,1,2,1,-0.867326365,0.033,1,198.1111237,0,0,1,3
3,grate,Task B ,2,1,0,-0.443461968,0.135,1,260.4202072,0,0,4,5
3,grate,Task B ,1,2,1,-0.275550673,0.033,1,347.886535,0,0,1,3
3,grate,Task B ,2,3,0,0.292747082,0.135,1,212.4993887,0,0,4,7
3,grate,Task B ,1,3,1,0.029896085,0.135,1,78.03476977,0,0,4,2
3,grate,Task B ,1,3,1,0.057851428,0.135,1,264.972954,0,0,4,2
3,grate,Task B ,2,1,1,-0.409193594,0.135,2,165.2488104,0,0,4,5
4,grate,Task B ,1,1,1,-0.07288005,0.05,1,87.58283062,0,0,2,4
4,grate,Task B ,1,1,0,0.089597424,0.033,2,342.3586675,0,0,1,4
4,grate,Task B ,2,4,1,1.271056952,0.067,2,330.3209438,0,0,3,8
4,grate,Task B ,1,4,0,0.259740104,0.067,2,312.8038542,0,0,3,1
4,grate,Task B ,1,3,1,-0.082563964,0.067,1,181.3319631,0,0,3,2
4,grate,Task B ,1,2,1,-0.301503222,0.067,1,258.099027,0,0,3,3
5,grate,Task B ,1,4,1,0.495672963,0.05,1,38.01003173,0,0,2,1
5,grate,Task B ,1,4,1,-0.145599841,0.067,1,140.9146212,0,0,3,1
5,grate,Task B ,2,4,0,-0.319437646,0.135,1,22.16082554,0,0,4,8
5,grate,Task B ,2,1,0,0.081227585,0.135,1,169.4844293,0,0,4,5
5,grate,Task B ,1,3,1,0.396649419,0.135,1,299.4129871,0,0,4,2
5,grate,Task B ,1,2,0,0.395682745,0.033,2,12.68777615,0,0,1,3
6,grate,Task B ,2,3,0,0.275996453,0.05,1,163.6719744,0,0,2,7
6,grate,Task B ,1,3,0,0.200862209,0.05,2,54.74198138,0,0,2,2
6,grate,Task B ,1,3,1,-0.023627719,0.067,1,77.66869331,0,0,3,2
6,grate,Task B ,1,3,0,0.051146395,0.135,2,137.6358018,0,0,4,2
6,grate,Task B ,2,3,1,-1.916916248,0.135,2,240.3076007,0,0,4,7
6,grate,Task B ,1,3,0,-0.613324619,0.033,2,190.2138458,0,0,1,2
7,grate,Task B ,1,4,1,-0.092312854,0.067,1,314.795935,0,0,3,1
7,grate,Task B ,1,4,1,0.095900123,0.033,1,20.15079338,0,0,1,1
7,grate,Task B ,1,4,0,1.084382996,0.05,2,304.9296179,0,0,2,1
7,grate,Task B ,1,4,1,-0.524009869,0.135,1,259.4437801,0,0,4,1
7,grate,Task B ,1,4,1,-0.27611319,0.033,1,81.31819377,0,0,1,1
7,grate,Task B ,2,4,1,1.803619646,0.067,2,224.8615175,0,0,3,8
8,grate,Task B ,1,1,0,-2.874814685,0.033,2,89.16613219,0,0,1,4
8,grate,Task B ,1,3,1,-0.339451161,0.135,1,258.7821762,0,0,4,2
8,grate,Task B ,2,1,0,0.854594177,0.033,1,133.398441,0,0,1,5
8,grate,Task B ,2,2,1,-1.112901224,0.067,2,256.4294969,0,0,3,6
8,grate,Task B ,2,1,0,-0.077899827,0.033,1,147.7805412,0,0,1,5
8,grate,Task B ,2,1,0,-0.277503151,0.033,1,314.2822342,0,0,1,5
9,grate,Task B ,2,1,0,-0.268855767,0.033,1,77.78240607,0,0,1,5
9,grate,Task B ,2,4,1,1.264273545,0.135,2,259.7907376,0,0,4,8
9,grate,Task B ,1,2,1,-0.203471643,0.033,1,23.96161308,0,0,1,3
9,grate,Task B ,1,4,1,0.367052901,0.135,1,282.4276083,0,0,4,1
9,grate,Task B ,1,4,1,-0.065943186,0.067,1,33.76741608,0,0,3,1
9,grate,Task B ,2,1,1,-1.777362656,0.033,2,109.5424101,0,0,1,5
10,grate,Task B ,1,2,1,-0.163593306,0.05,1,295.2074121,0,0,2,3
10,grate,Task B ,1,1,1,0.278613971,0.033,1,7.189344755,0,0,1,4
10,grate,Task B ,1,1,0,0.887320491,0.033,2,54.70977185,0,0,1,4
10,grate,Task B ,1,1,1,-0.079087565,0.033,1,315.4788775,0,0,1,4
10,grate,Task B ,2,2,0,-0.395641216,0.135,1,249.5001215,0,0,4,6
10,grate,Task B ,1,2,1,-0.081534182,0.067,1,119.799023,0,0,3,3
1,grate,Task B ,1,1,0,-0.510589343,0.033,2,61.24613421,0,0,1,4
1,grate,Task B ,1,2,1,0.827829694,0.135,1,180.8084315,0,0,4,3
1,grate,Task B ,1,2,0,-0.48889279,0.135,2,63.03784366,0,0,4,3
1,grate,Task B ,1,3,0,0.891604925,0.067,2,103.3487777,0,0,3,2
1,grate,Task B ,1,3,1,0.477317815,0.135,1,169.0160885,0,0,4,2
1,grate,Task B ,1,3,1,-0.075859508,0.135,1,290.8272501,0,0,4,2
2,grate,Task B ,1,1,1,-0.22459415,0.033,1,60.12463408,0,0,1,4
2,grate,Task B ,1,1,0,0.728944334,0.05,2,14.75943973,0,0,2,4
2,grate,Task B ,1,1,1,0.375642242,0.033,1,143.7862992,0,0,1,4
2,grate,Task B ,2,3,0,-0.661136199,0.135,1,104.9416243,0,0,4,7
2,grate,Task B ,1,1,0,0.989455866,0.05,2,180.1813795,0,0,2,4
2,grate,Task B ,2,3,1,1.222878132,0.135,2,222.6296058,0,0,4,7
3,grate,Task B ,2,1,1,-1.717055324,0.033,2,14.99538594,0,0,1,5
3,grate,Task B ,2,4,1,-0.77872514,0.067,2,267.3301827,0,0,3,8
3,grate,Task B ,1,1,0,2.875402646,0.033,2,206.0024567,0,0,1,4
3,grate,Task B ,2,4,1,-1.070110966,0.135,2,312.4524829,0,0,4,8
3,grate,Task B ,1,1,1,0.174574682,0.033,1,358.0526774,0,0,1,4
3,grate,Task B ,1,4,1,-0.047291101,0.135,1,140.4751237,0,0,4,1
4,grate,Task B ,2,4,1,-1.332807473,0.135,2,336.4970237,0,0,4,8
4,grate,Task B ,1,2,0,1.125358875,0.05,2,102.1899174,0,0,2,3
4,grate,Task B ,2,2,0,-0.020537684,0.067,1,45.94416427,0,0,3,6
4,grate,Task B ,2,4,1,-1.048489781,0.067,2,234.0285534,0,0,3,8
4,grate,Task B ,1,3,1,-0.038594374,0.067,1,28.92731126,0,0,3,2
4,grate,Task B ,1,4,1,-0.019599785,0.135,1,189.3459763,0,0,4,1
5,grate,Task B ,1,2,0,0.533601435,0.135,2,40.76763946,0,0,4,3
5,grate,Task B ,2,4,0,0.367157698,0.033,1,234.5446084,0,0,1,8
5,grate,Task B ,1,3,1,0.109938725,0.05,1,264.580941,0,0,2,2
5,grate,Task B ,1,4,1,-0.101248883,0.05,1,40.27630219,0,0,2,1
5,grate,Task B ,1,3,1,-0.447653848,0.135,1,216.9105675,0,0,4,2
5,grate,Task B ,2,2,0,-0.716666109,0.05,1,310.0907349,0,0,2,6
6,grate,Task B ,2,3,1,-0.572255285,0.135,2,309.8319297,0,0,4,7
6,grate,Task B ,1,3,1,0.656369527,0.033,1,209.5871283,0,0,1,2
6,grate,Task B ,2,3,1,-1.689180378,0.05,2,274.7582623,0,0,2,7
6,grate,Task B ,1,3,1,0.355318595,0.067,1,199.9898814,0,0,3,2
6,grate,Task B ,2,3,1,-0.266570099,0.033,2,330.8116481,0,0,1,7
6,grate,Task B ,2,3,1,-0.61687698,0.067,2,206.8605467,0,0,3,7
7,grate,Task B ,1,4,1,0.102073461,0.033,1,353.1654877,0,0,1,1
7,grate,Task B ,1,4,1,-0.524068795,0.067,1,51.526389,0,0,3,1
7,grate,Task B ,1,4,1,-0.384536106,0.135,1,216.0923584,0,0,4,1
7,grate,Task B ,2,4,1,-1.348940785,0.067,2,354.6903054,0,0,3,8
7,grate,Task B ,2,4,1,1.174802091,0.135,2,310.696761,0,0,4,8
7,grate,Task B ,2,4,1,-1.009681972,0.135,2,346.8437232,0,0,4,8
8,grate,Task B ,1,1,1,-0.08882398,0.033,1,47.34510406,0,0,1,4
8,grate,Task B ,1,4,1,-0.179784611,0.135,1,304.9851513,0,0,4,1
8,grate,Task B ,2,3,1,-0.425168681,0.067,2,62.14894079,0,0,3,7
8,grate,Task B ,2,2,0,-0.48804443,0.067,1,40.75300678,0,0,3,6
8,grate,Task B ,2,2,0,-0.346516421,0.05,1,138.0177955,0,0,2,6
8,grate,Task B ,2,1,0,0.205479977,0.033,1,14.67271351,0,0,1,5
9,grate,Task B ,1,1,0,0.506129887,0.033,2,216.1435617,0,0,1,4
9,grate,Task B ,1,4,0,0.363141865,0.135,2,225.1012388,0,0,4,1
9,grate,Task B ,2,3,1,-2.814754638,0.135,2,233.7800267,0,0,4,7
9,grate,Task B ,1,4,0,0.063061417,0.033,2,25.17086945,0,0,1,1
9,grate,Task B ,2,2,1,0.330566244,0.05,2,278.3903444,0,0,2,6
9,grate,Task B ,2,3,1,2.689514242,0.05,2,79.62531322,0,0,2,7
10,grate,Task B ,2,2,1,2.950677574,0.067,2,136.3187041,0,0,3,6
10,grate,Task B ,1,2,1,-0.003150306,0.05,1,119.5968671,0,0,2,3
10,grate,Task B ,1,2,1,0.093338334,0.033,1,275.7942783,0,0,1,3
10,grate,Task B ,1,2,0,-1.500708191,0.05,2,172.3773175,0,0,2,3
10,grate,Task B ,1,1,1,0.025124065,0.033,1,98.72354147,0,0,1,4
10,grate,Task B ,2,1,1,-1.153848232,0.067,2,42.72129179,0,0,3,5
1,grate,Task B ,1,3,1,-0.363501071,0.135,1,301.4913989,0,0,4,2
1,grate,Task B ,1,2,1,-0.583300801,0.067,1,90.81157783,0,0,3,3
1,grate,Task B ,1,3,0,0.173745772,0.05,2,135.3892794,0,0,2,2
1,grate,Task B ,1,1,0,1.720105536,0.033,2,264.6940339,0,0,1,4
1,grate,Task B ,2,1,1,-2.116374326,0.05,2,173.1871601,0,0,2,5
1,grate,Task B ,1,3,1,0.083385559,0.135,1,314.2038245,0,0,4,2
2,grate,Task B ,1,2,0,0.195050566,0.135,2,9.533201505,0,0,4,3
2,grate,Task B ,1,3,1,-0.033989239,0.067,1,327.0440586,0,0,3,2
2,grate,Task B ,1,2,0,-0.811634207,0.033,2,97.9183287,0,0,1,3
2,grate,Task B ,2,3,1,0.515572653,0.135,2,166.9846157,0,0,4,7
2,grate,Task B ,2,3,1,-1.162395559,0.135,2,347.0742389,0,0,4,7
2,grate,Task B ,1,3,1,-0.075399746,0.033,1,33.76394009,0,0,1,2
3,grate,Task B ,2,4,1,1.730157675,0.067,2,94.25706524,0,0,3,8
3,grate,Task B ,2,2,1,0.841112813,0.135,2,131.0387563,0,0,4,6
3,grate,Task B ,1,2,1,0.871784081,0.033,1,106.4955024,0,0,1,3
3,grate,Task B ,2,3,0,-0.220283163,0.135,1,305.9612681,0,0,4,7
3,grate,Task B ,1,3,1,-0.029031706,0.135,1,14.56923729,0,0,4,2
3,grate,Task B ,2,2,1,0.588028817,0.067,2,202.2098472,0,0,3,6
4,grate,Task B ,1,3,0,0.471474936,0.067,2,105.9962295,0,0,3,2
4,grate,Task B ,1,2,0,0.33242023,0.033,2,26.53841906,0,0,1,3
4,grate,Task B ,2,3,0,-0.345756817,0.067,1,192.1099454,0,0,3,7
4,grate,Task B ,2,1,1,-1.009557371,0.067,2,289.1315133,0,0,3,5
4,grate,Task B ,2,2,1,-4.940023937,0.05,2,60.93582732,0,0,2,6
4,grate,Task B ,1,1,0,-0.097312879,0.05,2,216.2131067,0,0,2,4
5,grate,Task B ,1,4,1,-0.08085854,0.05,1,350.0677995,0,0,2,1
5,grate,Task B ,1,3,0,-0.213837291,0.05,2,244.8586341,0,0,2,2
5,grate,Task B ,1,4,1,0.290883279,0.05,1,11.13206712,0,0,2,1
5,grate,Task B ,1,4,1,0.407035174,0.067,1,215.5775288,0,0,3,1
5,grate,Task B ,1,4,1,0.140747806,0.05,1,72.1819522,0,0,2,1
5,grate,Task B ,1,3,0,0.975961123,0.05,2,143.4863149,0,0,2,2
6,grate,Task B ,1,3,0,0.162101322,0.135,2,59.94507263,0,0,4,2
6,grate,Task B ,1,3,1,-0.630805905,0.05,1,335.6787702,0,0,2,2
6,grate,Task B ,1,3,1,-0.183666082,0.135,1,178.5824885,0,0,4,2
6,grate,Task B ,2,3,0,-0.057628157,0.067,1,204.1936938,0,0,3,7
6,grate,Task B ,2,2,1,1.496832328,0.033,2,65.23401368,0,0,1,6
6,grate,Task B ,1,3,1,0.619646212,0.067,1,207.8497989,0,0,3,2
7,grate,Task B ,1,4,0,0.017845589,0.05,2,211.5659003,0,0,2,1
7,grate,Task B ,2,4,0,0.456051428,0.067,1,149.6840306,0,0,3,8
7,grate,Task B ,1,1,1,0.571648882,0.135,1,233.0635393,0,0,4,4
7,grate,Task B ,2,4,1,-0.218084779,0.05,2,188.0146847,0,0,2,8
7,grate,Task B ,1,1,1,-0.16674134,0.135,1,38.56865418,0,0,4,4
7,grate,Task B ,1,1,0,1.331082807,0.135,2,291.1328581,0,0,4,4
8,grate,Task B ,2,2,0,0.559909236,0.033,1,300.4658986,0,0,1,6
8,grate,Task B ,2,1,1,-0.213664548,0.05,2,235.4341178,0,0,2,5
8,grate,Task B ,2,4,1,-0.930054245,0.067,2,285.7257374,0,0,3,8
8,grate,Task B ,1,1,1,-0.054938152,0.033,1,240.9406871,0,0,1,4
8,grate,Task B ,2,3,0,-0.37568312,0.135,1,131.8113134,0,0,4,7
8,grate,Task B ,1,3,1,0.154673507,0.05,1,111.979508,0,0,2,2
9,grate,Task B ,2,4,0,-0.656174758,0.135,1,159.0981113,0,0,4,8
9,grate,Task B ,1,4,1,0.194631087,0.067,1,250.5172884,0,0,3,1
9,grate,Task B ,1,4,1,-0.287257432,0.067,1,272.865188,0,0,3,1
9,grate,Task B ,1,2,1,0.559392449,0.033,1,256.4444508,0,0,1,3
9,grate,Task B ,1,1,0,-0.734463895,0.033,2,244.138435,0,0,1,4
9,grate,Task B ,1,4,0,0.499297447,0.135,2,323.2423088,0,0,4,1
10,grate,Task B ,1,3,1,0.247967485,0.05,1,115.3981164,0,0,2,2
10,grate,Task B ,1,1,1,0.01191944,0.067,1,153.9836566,0,0,3,4
10,grate,Task B ,1,1,1,0.139329818,0.067,1,271.9378992,0,0,3,4
10,grate,Task B ,1,1,0,-0.274710278,0.033,2,191.2199117,0,0,1,4
10,grate,Task B ,1,1,1,0.077085165,0.05,1,121.6730627,0,0,2,4
10,grate,Task B ,2,2,1,2.55344752,0.135,2,191.4456564,0,0,4,6
1,grate,Task B ,2,3,1,-2.375250639,0.05,2,141.6702182,0,0,2,7
1,grate,Task B ,1,2,0,-0.800745792,0.05,2,138.2003338,0,0,2,3
1,grate,Task B ,2,2,0,-0.448269504,0.033,1,122.6164685,0,0,1,6
1,grate,Task B ,1,1,1,0.378662357,0.033,1,293.6884621,0,0,1,4
1,grate,Task B ,2,1,0,-0.473083839,0.033,1,232.0588569,0,0,1,5
1,grate,Task B ,1,3,0,-1.000432596,0.05,2,158.8613548,0,0,2,2
2,grate,Task B ,2,3,1,2.644521953,0.135,2,186.6098315,0,0,4,7
2,grate,Task B ,2,2,1,1.888387555,0.067,2,316.6480182,0,0,3,6
2,grate,Task B ,1,1,0,0.108037812,0.05,2,269.0836611,0,0,2,4
2,grate,Task B ,2,4,1,1.516321448,0.135,2,200.0662889,0,0,4,8
2,grate,Task B ,1,1,1,-0.433145594,0.067,1,249.6196325,0,0,3,4
2,grate,Task B ,1,2,1,0.019763069,0.033,1,44.05228518,0,0,1,3
3,grate,Task B ,1,1,0,1.340015959,0.033,2,306.2320227,0,0,1,4
3,grate,Task B ,1,1,0,-1.901307036,0.033,2,302.8386153,0,0,1,4
3,grate,Task B ,1,1,1,-0.560022331,0.033,1,153.3614573,0,0,1,4
3,grate,Task B ,1,1,0,0.902095759,0.033,2,11.09690301,0,0,1,4
3,grate,Task B ,2,3,1,-1.325270171,0.05,2,298.2782425,0,0,2,7
3,grate,Task B ,1,1,0,-0.494403675,0.033,2,268.794017,0,0,1,4
4,grate,Task B ,2,3,0,-0.471372013,0.135,1,115.4310073,0,0,4,7
4,grate,Task B ,1,1,0,-3.994240267,0.033,2,155.8311366,0,0,1,4
4,grate,Task B ,1,3,1,0.3846835,0.135,1,163.6359243,0,0,4,2
4,grate,Task B ,2,3,1,0.462744292,0.135,2,212.452173,0,0,4,7
4,grate,Task B ,2,4,1,2.889252799,0.067,2,146.694031,0,0,3,8
4,grate,Task B ,2,2,1,1.1785863,0.05,2,305.7021549,0,0,2,6
5,grate,Task B ,1,3,1,0.017268391,0.05,1,103.1956254,0,0,2,2
5,grate,Task B ,1,2,1,-0.090817008,0.033,1,301.3964055,0,0,1,3
5,grate,Task B ,1,3,1,-0.150073606,0.05,1,83.0054361,0,0,2,2
5,grate,Task B ,2,2,1,-0.295251436,0.135,2,0.299235968,0,0,4,6
5,grate,Task B ,1,1,0,1.445970862,0.033,2,275.6544079,0,0,1,4
5,grate,Task B ,1,4,0,-0.030065572,0.067,2,268.9082631,0,0,3,1
6,grate,Task B ,1,3,1,-0.30676334,0.067,1,245.2651939,0,0,3,2
6,grate,Task B ,2,3,0,-0.347841288,0.067,1,298.5382485,0,0,3,7
6,grate,Task B ,2,3,1,0.709828468,0.067,2,288.3109806,0,0,3,7
6,grate,Task B ,2,3,1,0.548754333,0.067,2,274.1029497,0,0,3,7
6,grate,Task B ,1,3,1,-0.34956429,0.067,1,144.172364,0,0,3,2
6,grate,Task B ,1,3,1,-0.248834969,0.067,1,350.1511537,0,0,3,2
7,grate,Task B ,1,4,1,-0.296241239,0.135,1,213.6909261,0,0,4,1
7,grate,Task B ,1,1,1,0.035795727,0.033,1,264.212831,0,0,1,4
7,grate,Task B ,2,4,1,-1.298119841,0.067,2,95.5164788,0,0,3,8
7,grate,Task B ,1,4,0,0.135560297,0.135,2,149.0991692,0,0,4,1
7,grate,Task B ,1,4,1,0.096051556,0.067,1,156.0415538,0,0,3,1
7,grate,Task B ,2,1,0,0.157796896,0.135,1,92.92718035,0,0,4,5
8,grate,Task B ,2,1,0,0.98573005,0.033,1,240.4097657,0,0,1,5
8,grate,Task B ,2,1,0,-0.106047791,0.033,1,41.7699579,0,0,1,5
8,grate,Task B ,1,4,1,0.084118294,0.135,1,15.36961384,0,0,4,1
8,grate,Task B ,1,1,0,-0.340405289,0.05,2,350.5990162,0,0,2,4
8,grate,Task B ,2,1,1,-0.847559735,0.067,2,212.6080787,0,0,3,5
8,grate,Task B ,2,3,1,-1.130823708,0.067,2,161.3224098,0,0,3,7
9,grate,Task B ,2,1,0,-0.330155789,0.05,1,351.1274563,0,0,2,5
9,grate,Task B ,1,1,1,-0.253070561,0.033,1,313.4266743,0,0,1,4
9,grate,Task B ,1,4,0,0.231515898,0.135,2,177.7361618,0,0,4,1
9,grate,Task B ,1,4,1,-0.175462075,0.135,1,206.6917158,0,0,4,1
9,grate,Task B ,1,4,0,-0.272851784,0.05,2,15.51981305,0,0,2,1
9,grate,Task B ,1,1,1,0.156036772,0.05,1,20.10579425,0,0,2,4
10,grate,Task B ,1,2,1,-0.10141043,0.067,1,184.464211,0,0,3,3
10,grate,Task B ,1,1,0,1.250466452,0.05,2,113.9937289,0,0,2,4
10,grate,Task B ,1,2,1,-0.121862334,0.067,1,223.7379665,0,0,3,3
10,grate,Task B ,1,1,0,-0.795826721,0.033,2,121.6558212,0,0,1,4
10,grate,Task B ,1,1,0,-0.885365006,0.067,2,259.2112206,0,0,3,4
10,grate,Task B ,1,2,0,0.009261451,0.05,2,326.995192,0,0,2,3
1,grate,Task B ,1,2,0,-0.772590964,0.067,2,348.9664045,0,0,3,3
1,grate,Task B ,1,1,0,1.596651706,0.033,2,142.335312,0,0,1,4
1,grate,Task B ,2,4,1,-2.466686274,0.135,2,302.528479,0,0,4,8
1,grate,Task B ,1,2,1,-0.125646831,0.05,1,250.268951,0,0,2,3
1,grate,Task B ,1,3,0,-0.864338101,0.067,2,108.6698798,0,0,3,2
1,grate,Task B ,1,1,1,-0.17861091,0.033,1,338.8219105,0,0,1,4
2,grate,Task B ,1,3,1,-0.006818551,0.135,1,16.9034122,0,0,4,2
2,grate,Task B ,1,1,0,-2.850846856,0.067,2,319.6598863,0,0,3,4
2,grate,Task B ,1,2,1,0.024542096,0.033,1,155.8094376,0,0,1,3
2,grate,Task B ,2,1,1,-0.109211128,0.033,2,125.7970881,0,0,1,5
2,grate,Task B ,2,2,1,-2.291243991,0.05,2,199.9531912,0,0,2,6
2,grate,Task B ,2,2,1,-0.196688217,0.033,2,274.486808,0,0,1,6
3,grate,Task B ,1,1,0,-1.360444403,0.135,2,304.5523529,0,0,4,4
3,grate,Task B ,1,3,1,-0.04603112,0.05,1,190.9808206,0,0,2,2
3,grate,Task B ,1,3,1,0.00267864,0.135,1,246.9355468,0,0,4,2
3,grate,Task B ,1,2,1,-0.196159188,0.033,1,290.7511268,0,0,1,3
3,grate,Task B ,2,3,0,0.911434219,0.05,1,305.3291109,0,0,2,7
3,grate,Task B ,1,3,0,0.226186425,0.05,2,269.7168179,0,0,2,2
4,grate,Task B ,1,1,1,-0.17852894,0.05,1,109.6414696,0,0,2,4
4,grate,Task B ,1,3,1,-0.643190383,0.067,1,103.0679364,0,0,3,2
4,grate,Task B ,2,2,0,-0.564921547,0.067,1,62.36232102,0,0,3,6
4,grate,Task B ,2,3,0,-0.129021443,0.067,1,293.1872749,0,0,3,7
4,grate,Task B ,1,1,0,-3.117379397,0.05,2,58.99441383,0,0,2,4
4,grate,Task B ,1,3,1,-0.39524797,0.05,1,238.1792211,0,0,2,2
5,grate,Task B ,1,3,0,0.316966253,0.067,2,154.8151911,0,0,3,2
5,grate,Task B ,1,4,0,0.106037889,0.05,2,158.2272358,0,0,2,1
5,grate,Task B ,2,4,1,-3.733761167,0.033,2,346.2659639,0,0,1,8
5,grate,Task B ,1,3,0,0.035944184,0.05,2,253.3674477,0,0,2,2
5,grate,Task B ,1,2,0,0.545926617,0.067,2,49.31479676,0,0,3,3
5,grate,Task B ,1,4,1,0.341225619,0.135,1,314.126786,0,0,4,1
6,grate,Task B ,1,3,0,0.628099266,0.05,2,298.7950502,0,0,2,2
6,grate,Task B ,1,2,0,-0.370976539,0.05,2,279.9650761,0,0,2,3
6,grate,Task B ,1,3,0,0.1174855,0.067,2,292.0460382,0,0,3,2
6,grate,Task B ,2,3,1,1.370959137,0.05,2,320.9290589,0,0,2,7
6,grate,Task B ,1,3,1,0.073872161,0.05,1,55.25580141,0,0,2,2
6,grate,Task B ,2,3,0,-0.819722567,0.135,1,220.5214304,0,0,4,7
7,grate,Task B ,1,4,1,-0.417795279,0.067,1,225.8486314,0,0,3,1
7,grate,Task B ,1,1,1,0.126844236,0.067,1,267.7752627,0,0,3,4
7,grate,Task B ,2,4,1,4.451574738,0.135,2,14.86186273,0,0,4,8
7,grate,Task B ,2,4,1,0.239219075,0.05,2,300.2811019,0,0,2,8
7,grate,Task B ,2,4,0,-0.334414823,0.135,1,315.2681683,0,0,4,8
7,grate,Task B ,1,4,0,-0.545917976,0.05,2,121.6318792,0,0,2,1
8,grate,Task B ,2,2,0,-0.048104383,0.067,1,58.32689811,0,0,3,6
8,grate,Task B ,2,4,1,1.475979945,0.135,2,78.18016027,0,0,4,8
8,grate,Task B ,1,1,1,-0.362977905,0.033,1,158.0953907,0,0,1,4
8,grate,Task B ,1,1,1,0.002600501,0.05,1,11.62791388,0,0,2,4
8,grate,Task B ,2,4,1,-3.156012564,0.135,2,78.34679284,0,0,4,8
8,grate,Task B ,1,4,1,-0.323052435,0.135,1,39.02107536,0,0,4,1
9,grate,Task B ,2,1,1,2.656538569,0.067,2,239.1372695,0,0,3,5
9,grate,Task B ,1,4,1,0.15255523,0.067,1,102.7253445,0,0,3,1
9,grate,Task B ,2,4,0,-0.259137976,0.135,1,184.1380393,0,0,4,8
9,grate,Task B ,1,4,1,-0.385437656,0.05,1,344.3713123,0,0,2,1
9,grate,Task B ,1,1,0,-0.64722989,0.05,2,102.2376272,0,0,2,4
9,grate,Task B ,2,1,0,0.178720622,0.05,1,268.1061009,0,0,2,5
10,grate,Task B ,1,2,1,0.289690178,0.135,1,208.1992899,0,0,4,3
10,grate,Task B ,1,1,1,0.254251194,0.033,1,348.4578203,0,0,1,4
10,grate,Task B ,1,2,0,-0.583335772,0.067,2,220.795076,0,0,3,3
10,grate,Task B ,1,2,0,-0.504004889,0.033,2,173.5368736,0,0,1,3
10,grate,Task B ,1,1,1,0.249987587,0.033,1,251.2635068,0,0,1,4
10,grate,Task B ,2,1,1,-2.396005708,0.135,2,76.99986046,0,0,4,5
1,grate,Task B ,1,2,1,-0.595526949,0.067,1,292.4161028,0,0,3,3
1,grate,Task B ,1,2,1,-0.653600895,0.033,1,39.15859714,0,0,1,3
1,grate,Task B ,2,2,1,-0.93946911,0.067,2,340.3827664,0,0,3,6
1,grate,Task B ,1,1,1,-0.678817327,0.033,1,240.6159761,0,0,1,4
1,grate,Task B ,2,1,1,1.614262153,0.033,2,272.3086265,0,0,1,5
1,grate,Task B ,2,1,0,0.360876327,0.135,1,355.6418045,0,0,4,5
2,grate,Task B ,2,1,1,1.250408908,0.033,2,2.656930815,0,0,1,5
2,grate,Task B ,1,1,0,0.239647829,0.033,2,62.72627672,0,0,1,4
2,grate,Task B ,2,2,0,0.068031969,0.033,1,64.46824292,0,0,1,6
2,grate,Task B ,1,2,0,-0.268732606,0.033,2,51.71461853,0,0,1,3
2,grate,Task B ,1,2,1,0.137637727,0.135,1,251.6225233,0,0,4,3
2,grate,Task B ,1,1,1,0.439417149,0.05,1,202.0933185,0,0,2,4
3,grate,Task B ,2,3,0,0.182248182,0.05,1,205.907713,0,0,2,7
3,grate,Task B ,2,4,0,-0.376175655,0.033,1,100.4092304,0,0,1,8
3,grate,Task B ,2,2,1,1.781649699,0.067,2,311.7388588,0,0,3,6
3,grate,Task B ,1,1,1,0.15189264,0.067,1,55.28276818,0,0,3,4
3,grate,Task B ,2,4,1,1.281148179,0.067,2,334.2622978,0,0,3,8
3,grate,Task B ,1,3,0,-0.213497107,0.067,2,209.0237033,0,0,3,2
4,grate,Task B ,1,3,1,-0.129951763,0.135,1,228.8533274,0,0,4,2
4,grate,Task B ,2,4,1,2.775567113,0.05,2,258.2943244,0,0,2,8
4,grate,Task B ,1,1,1,0.262810024,0.033,1,259.2796728,0,0,1,4
4,grate,Task B ,2,4,0,0.642879081,0.135,1,296.9824768,0,0,4,8
4,grate,Task B ,1,4,1,-0.221179571,0.135,1,180.5664026,0,0,4,1
4,grate,Task B ,1,3,1,0.292733008,0.05,1,291.5569801,0,0,2,2
5,grate,Task B ,2,4,1,1.116026288,0.135,2,0.723396048,0,0,4,8
5,grate,Task B ,1,1,0,0.497514687,0.067,2,45.94975568,0,0,3,4
5,grate,Task B ,2,4,1,0.582271522,0.033,2,328.4284603,0,0,1,8
5,grate,Task B ,1,4,0,0.023971417,0.067,2,51.44009229,0,0,3,1
5,grate,Task B ,1,3,0,-0.773451421,0.05,2,358.9912137,0,0,2,2
5,grate,Task B ,1,4,1,0.522583148,0.05,1,18.82618803,0,0,2,1
6,grate,Task B ,2,3,1,1.224274329,0.135,2,100.0544933,0,0,4,7
6,grate,Task B ,1,3,0,-0.247271143,0.135,2,158.5721764,0,0,4,2
6,grate,Task B ,1,3,1,0.357674363,0.135,1,21.00600312,0,0,4,2
6,grate,Task B ,1,2,0,1.809829426,0.05,2,115.2839513,0,0,2,3
6,grate,Task B ,1,2,1,0.65792691,0.067,1,110.9574553,0,0,3,3
6,grate,Task B ,1,3,1,0.514411548,0.05,1,261.4779037,0,0,2,2
7,grate,Task B ,1,4,0,-3.14034293,0.033,2,316.0772854,0,0,1,1
7,grate,Task B ,1,4,1,-0.208892312,0.05,1,181.979518,0,0,2,1
7,grate,Task B ,1,4,1,-0.144692244,0.067,1,341.4506323,0,0,3,1
7,grate,Task B ,2,4,1,0.843880113,0.05,2,299.4201421,0,0,2,8
7,grate,Task B ,2,1,0,-0.621717108,0.05,1,344.3064558,0,0,2,5
7,grate,Task B ,1,4,1,-0.023640593,0.033,1,139.5125825,0,0,1,1
8,grate,Task B ,2,4,0,0.221024758,0.135,1,290.5613091,0,0,4,8
8,grate,Task B ,2,1,1,0.474497161,0.033,2,169.5460086,0,0,1,5
8,grate,Task B ,2,4,1,1.033846672,0.135,2,15.0311175,0,0,4,8
8,grate,Task B ,2,4,1,1.31444619,0.135,2,142.1101994,0,0,4,8
8,grate,Task B ,1,4,0,-0.594984316,0.135,2,245.7478827,0,0,4,1
8,grate,Task B ,1,2,0,1.641882594,0.05,2,100.929281,0,0,2,3
9,grate,Task B ,1,4,1,-0.298956095,0.135,1,2.268075258,0,0,4,1
9,grate,Task B ,1,4,1,-0.18295833,0.033,1,63.05687713,0,0,1,1
9,grate,Task B ,2,1,1,0.815033849,0.033,2,214.4747816,0,0,1,5
9,grate,Task B ,2,1,0,-0.091902673,0.033,1,231.5533864,0,0,1,5
9,grate,Task B ,1,4,1,0.154594403,0.067,1,52.26066323,0,0,3,1
9,grate,Task B ,1,1,0,-0.962355783,0.05,2,227.8364685,0,0,2,4
10,grate,Task B ,1,3,0,-0.531399997,0.067,2,223.4265464,0,0,3,2
10,grate,Task B ,1,1,1,-0.132896079,0.135,1,270.707976,0,0,4,4
10,grate,Task B ,1,1,1,-0.392039528,0.033,1,248.0448771,0,0,1,4
10,grate,Task B ,2,1,1,1.83887853,0.067,2,298.7135432,0,0,3,5
10,grate,Task B ,2,1,0,-0.48504118,0.135,1,88.5189964,0,0,4,5
10,grate,Task B ,1,2,1,-0.191655708,0.067,1,301.4604669,0,0,3,3
1,grate,Task B ,1,1,1,-0.22746701,0.033,1,344.344014,0,0,1,4
1,grate,Task B ,2,2,1,-0.854951463,0.05,2,91.80639554,0,0,2,6
1,grate,Task B ,2,3,1,-0.881287549,0.135,2,118.5061738,0,0,4,7
1,grate,Task B ,1,3,1,0.311606485,0.135,1,349.9860629,0,0,4,2
1,grate,Task B ,1,2,1,0.379130429,0.067,1,284.2190047,0,0,3,3
1,grate,Task B ,1,3,1,-0.463164522,0.135,1,120.876833,0,0,4,2
2,grate,Task B ,2,2,0,-0.193581931,0.067,1,293.0447504,0,0,3,6
2,grate,Task B ,1,3,1,0.216574275,0.135,1,248.2050034,0,0,4,2
2,grate,Task B ,1,1,0,-1.606174209,0.05,2,308.0236949,0,0,2,4
2,grate,Task B ,1,1,1,0.473655511,0.033,1,52.61322365,0,0,1,4
2,grate,Task B ,2,2,1,-0.782735473,0.067,2,224.4930225,0,0,3,6
2,grate,Task B ,2,4,1,-1.264017818,0.135,2,327.3378769,0,0,4,8
3,grate,Task B ,1,1,0,-0.18165459,0.05,2,18.14188343,0,0,2,4
3,grate,Task B ,2,4,1,-2.578399683,0.135,2,2.36915145,0,0,4,8
3,grate,Task B ,1,2,1,-0.285168439,0.033,1,194.6565864,0,0,1,3
3,grate,Task B ,2,4,1,2.417263512,0.05,2,86.24995959,0,0,2,8
3,grate,Task B ,2,4,1,1.179577428,0.135,2,148.7286967,0,0,4,8
3,grate,Task B ,1,4,1,0.596088156,0.05,1,274.6931218,0,0,2,1
4,grate,Task B ,2,3,1,-1.588089957,0.135,2,271.5242789,0,0,4,7
4,grate,Task B ,1,2,1,0.117827197,0.067,1,243.3392153,0,0,3,3
4,grate,Task B ,2,3,0,-0.347968564,0.05,1,138.142349,0,0,2,7
4,grate,Task B ,2,3,1,-0.010164538,0.067,2,89.63697433,0,0,3,7
4,grate,Task B ,1,1,0,0.87393057,0.033,2,166.9554067,0,0,1,4
4,grate,Task B ,1,1,1,-0.053467814,0.033,1,354.5640323,0,0,1,4
5,grate,Task B ,1,2,1,0.481887701,0.067,1,236.7451592,0,0,3,3
5,grate,Task B ,1,3,1,0.79842278,0.05,1,84.69879684,0,0,2,2
5,grate,Task B ,1,4,0,-0.529539045,0.033,2,285.6272266,0,0,1,1
5,grate,Task B ,2,4,1,1.91579873,0.067,2,176.7034637,0,0,3,8
5,grate,Task B ,1,1,0,0.160933964,0.067,2,20.16537175,0,0,3,4
5,grate,Task B ,1,3,0,0.85045705,0.067,2,180.9065312,0,0,3,2
6,grate,Task B ,1,3,0,-1.345603739,0.033,2,353.776881,0,0,1,2
6,grate,Task B ,1,2,0,-0.404843521,0.033,2,205.2208347,0,0,1,3
6,grate,Task B ,1,3,1,-0.230687442,0.05,1,31.33969556,0,0,2,2
6,grate,Task B ,1,2,1,-0.145022082,0.033,1,347.0316753,0,0,1,3
6,grate,Task B ,1,3,1,0.085696859,0.05,1,329.2325839,0,0,2,2
6,grate,Task B ,2,3,1,-0.695561532,0.067,2,348.3982224,0,0,3,7
7,grate,Task B ,1,4,0,0.961033032,0.05,2,211.6005204,0,0,2,1
7,grate,Task B ,2,4,1,-1.117530561,0.135,2,132.8166905,0,0,4,8
7,grate,Task B ,1,4,1,-0.107851608,0.05,1,265.2779389,0,0,2,1
7,grate,Task B ,2,4,1,3.106603604,0.05,2,42.05598058,0,0,2,8
7,grate,Task B ,1,4,1,0.146462842,0.067,1,98.20282891,0,0,3,1
7,grate,Task B ,1,4,1,-0.494844244,0.067,1,118.1470161,0,0,3,1
8,grate,Task B ,2,3,0,-0.122650706,0.067,1,6.106230482,0,0,3,7
8,grate,Task B ,2,1,0,-0.597280185,0.05,1,32.53927616,0,0,2,5
8,grate,Task B ,2,3,1,0.140755833,0.05,2,309.7866099,0,0,2,7
8,grate,Task B ,1,1,0,-1.922345709,0.033,2,195.9614248,0,0,1,4
8,grate,Task B ,1,1,1,0.084973858,0.033,1,150.7402707,0,0,1,4
8,grate,Task B ,2,4,1,-1.802837763,0.135,2,101.3544005,0,0,4,8
9,grate,Task B ,1,2,1,-0.077080282,0.033,1,177.3553,0,0,1,3
9,grate,Task B ,1,1,0,-1.310269113,0.033,2,218.9150862,0,0,1,4
9,grate,Task B ,2,4,1,-1.228593827,0.135,2,158.2833486,0,0,4,8
9,grate,Task B ,1,2,1,0.229357907,0.05,1,299.330509,0,0,2,3
9,grate,Task B ,1,4,0,-0.456203102,0.067,2,38.16117334,0,0,3,1
9,grate,Task B ,1,4,1,-0.400287201,0.135,1,341.4828612,0,0,4,1
10,grate,Task B ,1,2,0,-0.251000134,0.033,2,88.72899001,0,0,1,3
10,grate,Task B ,1,1,1,-0.374001906,0.05,1,219.1021308,0,0,2,4
10,grate,Task B ,2,2,0,-0.579661856,0.135,1,219.6923299,0,0,4,6
10,grate,Task B ,1,1,1,-0.070529661,0.135,1,4.466066029,0,0,4,4
10,grate,Task B ,1,2,0,0.322421404,0.05,2,0.533871063,0,0,2,3
10,grate,Task B ,1,2,1,0.207057384,0.067,1,116.2321717,0,0,3,3
1,grate,Task B ,1,3,0,0.06418957,0.135,2,321.3990478,0,0,4,2
1,grate,Task B ,2,3,1,-1.773880744,0.067,2,56.29439589,0,0,3,7
1,grate,Task B ,1,2,0,-0.045034875,0.033,2,1.120397767,0,0,1,3
1,grate,Task B ,1,1,1,-0.154712324,0.033,1,357.9123004,0,0,1,4
1,grate,Task B ,2,2,1,-2.39574718,0.05,2,316.6766489,0,0,2,6
1,grate,Task B ,2,1,1,-0.748784567,0.033,2,72.16669846,0,0,1,5
2,grate,Task B ,1,1,0,-0.50478646,0.05,2,60.92877474,0,0,2,4
2,grate,Task B ,2,3,0,0.027225155,0.135,1,342.6769643,0,0,4,7
2,grate,Task B ,2,2,0,-0.140213659,0.067,1,45.75562869,0,0,3,6
2,grate,Task B ,2,1,1,-0.904600397,0.033,2,273.5339775,0,0,1,5
2,grate,Task B ,1,1,0,0.105739513,0.033,2,16.65697697,0,0,1,4
2,grate,Task B ,1,2,1,-0.230766311,0.135,1,142.7517952,0,0,4,3
3,grate,Task B ,1,3,0,0.274532709,0.05,2,48.6175401,0,0,2,2
3,grate,Task B ,1,2,1,-0.052532808,0.135,1,217.6294116,0,0,4,3
3,grate,Task B ,1,3,1,0.222363427,0.067,1,260.4548235,0,0,3,2
3,grate,Task B ,1,3,1,0.178152682,0.135,1,357.8369173,0,0,4,2
3,grate,Task B ,2,3,0,0.431136422,0.135,1,75.06020036,0,0,4,7
3,grate,Task B ,2,4,1,2.673023278,0.135,2,190.6528379,0,0,4,8
4,grate,Task B ,1,3,1,0.465689767,0.05,1,190.4300591,0,0,2,2
4,grate,Task B ,1,1,1,-0.504186391,0.033,1,161.8219756,0,0,1,4
4,grate,Task B ,1,4,0,0.131840993,0.135,2,341.10778,0,0,4,1
4,grate,Task B ,1,2,0,-0.344982698,0.033,2,296.904263,0,0,1,3
4,grate,Task B ,1,3,1,-0.187875738,0.067,1,339.109961,0,0,3,2
4,grate,Task B ,1,4,1,-0.20911286,0.135,1,212.1388734,0,0,4,1
5,grate,Task B ,2,4,1,-1.098710892,0.067,2,95.90614783,0,0,3,8
5,grate,Task B ,2,4,1,-1.912759237,0.135,2,84.58437909,0,0,4,8
5,grate,Task B ,1,3,1,0.267413361,0.135,1,202.1264523,0,0,4,2
5,grate,Task B ,1,4,0,1.496907358,0.033,2,62.98331294,0,0,1,1
5,grate,Task B ,1,2,1,-0.239389838,0.135,1,288.4308922,0,0,4,3
5,grate,Task B ,1,1,1,-0.003319399,0.033,1,16.39648471,0,0,1,4
6,grate,Task B ,1,1,0,-1.93371481,0.067,2,246.6122269,0,0,3,4
6,grate,Task B ,2,3,0,0.002220026,0.05,1,79.83087664,0,0,2,7
6,grate,Task B ,2,3,0,-0.297159889,0.135,1,77.24389372,0,0,4,7
6,grate,Task B ,2,3,1,-0.32031393,0.135,2,5.424322577,0,0,4,7
6,grate,Task B ,1,3,1,0.154498181,0.05,1,324.221903,0,0,2,2
6,grate,Task B ,1,2,1,-0.556686688,0.05,1,24.35106306,0,0,2,3
7,grate,Task B ,1,4,0,-0.032841551,0.05,2,358.120066,0,0,2,1
7,grate,Task B ,1,1,0,3.34348378,0.05,2,39.37014765,0,0,2,4
7,grate,Task B ,1,4,1,0.2869852,0.033,1,272.4846029,0,0,1,1
7,grate,Task B ,2,4,1,-0.683087921,0.05,2,224.3665925,0,0,2,8
7,grate,Task B ,1,1,0,0.670842007,0.033,2,41.51041153,0,0,1,4
7,grate,Task B ,2,4,1,-1.67088238,0.067,2,80.07288002,0,0,3,8
8,grate,Task B ,1,2,0,0.678908295,0.067,2,88.14429226,0,0,3,3
8,grate,Task B ,1,2,1,0.0209522,0.135,1,124.6258753,0,0,4,3
8,grate,Task B ,1,2,0,0.601064211,0.067,2,77.59519368,0,0,3,3
8,grate,Task B ,2,4,1,-1.029968226,0.135,2,81.44458911,0,0,4,8
8,grate,Task B ,1,1,1,-0.146542525,0.033,1,9.643326532,0,0,1,4
8,grate,Task B ,1,1,1,0.15467012,0.033,1,97.07143669,0,0,1,4
9,grate,Task B ,1,1,1,-0.505079737,0.05,1,221.1630383,0,0,2,4
9,grate,Task B ,1,4,1,0.187305613,0.135,1,320.8277684,0,0,4,1
9,grate,Task B ,2,1,0,-0.419368223,0.033,1,19.2608773,0,0,1,5
9,grate,Task B ,2,1,0,-0.324110183,0.033,1,249.6251846,0,0,1,5
9,grate,Task B ,1,4,1,-0.065238219,0.135,1,125.1883146,0,0,4,1
9,grate,Task B ,1,1,1,-0.400660016,0.05,1,2.650180068,0,0,2,4
10,grate,Task B ,1,1,1,-0.464657549,0.135,1,204.3564341,0,0,4,4
10,grate,Task B ,1,2,1,-0.256971384,0.033,1,49.19387371,0,0,1,3
10,grate,Task B ,1,2,0,0.037652757,0.05,2,41.07183791,0,0,2,3
10,grate,Task B ,1,2,0,0.937384218,0.033,2,145.7085639,0,0,1,3
10,grate,Task B ,1,1,0,0.141719623,0.05,2,322.0880189,0,0,2,4
10,grate,Task B ,1,1,1,-0.301352541,0.135,1,52.77719088,0,0,4,4
1,grate,Task B ,1,4,0,-0.115967672,0.067,2,296.0010005,0,0,3,1
1,grate,Task B ,2,4,1,2.554008938,0.135,2,327.2545006,0,0,4,8
1,grate,Task B ,1,1,0,0.07663205,0.033,2,124.8525934,0,0,1,4
1,grate,Task B ,2,4,0,-0.867131662,0.067,1,249.6669184,0,0,3,8
1,grate,Task B ,1,2,0,-1.047639393,0.067,2,186.6321443,0,0,3,3
1,grate,Task B ,1,3,1,0.227359319,0.135,1,214.7497951,0,0,4,2
2,grate,Task B ,2,1,0,-0.214242891,0.067,1,134.8461584,0,0,3,5
2,grate,Task B ,1,1,1,-0.057010127,0.05,1,41.64274236,0,0,2,4
2,grate,Task B ,1,2,0,-0.288074421,0.05,2,127.7128091,0,0,2,3
2,grate,Task B ,2,3,0,0.006156193,0.05,1,183.3149245,0,0,2,7
2,grate,Task B ,2,3,1,-2.429758754,0.135,2,272.8316225,0,0,4,7
2,grate,Task B ,2,1,0,0.091302475,0.033,1,135.3667986,0,0,1,5
3,grate,Task B ,2,2,0,0.234399587,0.135,1,213.361737,0,0,4,6
3,grate,Task B ,2,4,1,0.232021669,0.033,2,145.0806662,0,0,1,8
3,grate,Task B ,2,1,0,-0.173068706,0.033,1,205.6065686,0,0,1,5
3,grate,Task B ,1,1,1,-0.202140568,0.067,1,26.66521396,0,0,3,4
3,grate,Task B ,2,2,1,-1.479986916,0.05,2,244.2165271,0,0,2,6
3,grate,Task B ,1,3,1,-0.341050777,0.05,1,335.083291,0,0,2,2
4,grate,Task B ,2,4,1,1.413000691,0.067,2,264.5826132,0,0,3,8
4,grate,Task B ,1,3,1,0.022520225,0.05,1,243.3059468,0,0,2,2
4,grate,Task B ,1,1,1,-0.728880481,0.033,1,329.0707655,0,0,1,4
4,grate,Task B ,1,4,1,0.207004944,0.135,1,169.0868839,0,0,4,1
4,grate,Task B ,2,4,0,-0.075545309,0.135,1,251.2563958,0,0,4,8
4,grate,Task B ,2,4,1,2.541602697,0.067,2,94.13551847,0,0,3,8
5,grate,Task B ,2,4,1,1.225594412,0.135,2,291.1106456,0,0,4,8
5,grate,Task B ,2,3,0,-0.601556918,0.05,1,305.144377,0,0,2,7
5,grate,Task B ,1,1,1,0.52424408,0.033,1,265.2825893,0,0,1,4
5,grate,Task B ,1,4,1,-0.318255966,0.05,1,289.7115468,0,0,2,1
5,grate,Task B ,1,3,1,-0.434843749,0.135,1,244.6868047,0,0,4,2
5,grate,Task B ,1,4,1,-0.063501624,0.05,1,341.3125408,0,0,2,1
6,grate,Task B ,1,2,1,-0.068915418,0.033,1,177.55908,0,0,1,3
6,grate,Task B ,2,3,0,-0.103976896,0.135,1,87.96411038,0,0,4,7
6,grate,Task B ,1,3,0,1.126497808,0.135,2,28.18415461,0,0,4,2
6,grate,Task B ,2,3,0,-0.169168814,0.067,1,1.192203325,0,0,3,7
6,grate,Task B ,2,3,0,-0.160675932,0.135,1,216.4277478,0,0,4,7
6,grate,Task B ,2,3,1,0.396348333,0.05,2,136.0557309,0,0,2,7
7,grate,Task B ,2,4,1,-3.689752362,0.067,2,338.9867071,0,0,3,8
7,grate,Task B ,1,4,1,-0.128582466,0.135,1,224.940417,0,0,4,1
7,grate,Task B ,1,4,1,0.656321831,0.05,1,157.3014651,0,0,2,1
7,grate,Task B ,1,4,1,-0.561494831,0.05,1,64.71439605,0,0,2,1
7,grate,Task B ,2,4,0,0.12887165,0.05,1,62.38811037,0,0,2,8
7,grate,Task B ,1,4,1,-0.062074579,0.05,1,185.5920048,0,0,2,1
8,grate,Task B ,2,4,1,-2.00874626,0.067,2,135.0932561,0,0,3,8
8,grate,Task B ,1,1,0,0.396615643,0.033,2,340.891484,0,0,1,4
8,grate,Task B ,2,3,0,0.150604539,0.067,1,193.0496812,0,0,3,7
8,grate,Task B ,2,4,1,2.278311555,0.067,2,88.32731453,0,0,3,8
8,grate,Task B ,1,1,1,0.244652291,0.033,1,163.9040692,0,0,1,4
8,grate,Task B ,2,4,1,-0.574059338,0.135,2,163.1342862,0,0,4,8
9,grate,Task B ,2,4,1,0.096005483,0.067,2,353.2588647,0,0,3,8
9,grate,Task B ,1,4,0,0.517597492,0.067,2,205.411373,0,0,3,1
9,grate,Task B ,2,1,1,1.00915621,0.033,2,240.335173,0,0,1,5
9,grate,Task B ,1,4,1,0.059593566,0.135,1,92.13037279,0,0,4,1
9,grate,Task B ,1,4,0,0.316642045,0.067,2,352.3735138,0,0,3,1
9,grate,Task B ,1,1,1,-0.085527168,0.05,1,316.2168297,0,0,2,4
10,grate,Task B ,1,2,1,-0.270454158,0.067,1,1.197855676,0,0,3,3
10,grate,Task B ,1,1,1,0.305746503,0.135,1,329.8967721,0,0,4,4
10,grate,Task B ,2,2,1,1.97579127,0.135,2,210.2930108,0,0,4,6
10,grate,Task B ,1,2,0,0.508531771,0.05,2,250.9086047,0,0,2,3
10,grate,Task B ,2,1,1,1.30068846,0.135,2,76.43004392,0,0,4,5
10,grate,Task B ,1,2,1,-0.06155282,0.067,1,172.6443808,0,0,3,3
1,grate,Task B ,1,1,0,0.157061827,0.033,2,140.7643283,0,0,1,4
1,grate,Task B ,2,4,1,-0.826393395,0.135,2,333.1767502,0,0,4,8
1,grate,Task B ,1,1,0,1.333700359,0.135,2,267.4363471,0,0,4,4
1,grate,Task B ,1,2,0,0.97287758,0.067,2,308.1566056,0,0,3,3
1,grate,Task B ,1,3,0,0.699634452,0.135,2,12.52174369,0,0,4,2
1,grate,Task B ,2,2,1,-0.545946899,0.033,2,99.50669687,0,0,1,6
2,grate,Task B ,2,1,0,0.096696021,0.05,1,141.051612,0,0,2,5
2,grate,Task B ,1,1,0,-1.638008151,0.033,2,28.38577749,0,0,1,4
2,grate,Task B ,2,1,1,0.635486828,0.033,2,68.97441409,0,0,1,5
2,grate,Task B ,2,2,0,0.013509845,0.135,1,272.5976906,0,0,4,6
2,grate,Task B ,2,3,1,-1.839603065,0.067,2,299.4686085,0,0,3,7
2,grate,Task B ,1,2,1,0.405956436,0.135,1,314.6297998,0,0,4,3
3,grate,Task B ,1,2,1,0.568751352,0.033,1,236.9237646,0,0,1,3
3,grate,Task B ,1,2,1,-0.128824634,0.05,1,207.3101941,0,0,2,3
3,grate,Task B ,1,1,1,0.090279531,0.033,1,220.24809,0,0,1,4
3,grate,Task B ,2,2,0,-0.01780687,0.033,1,353.1136144,0,0,1,6
3,grate,Task B ,1,3,1,-0.061098121,0.05,1,188.959503,0,0,2,2
3,grate,Task B ,1,2,0,0.096868529,0.135,2,214.1181778,0,0,4,3
4,grate,Task B ,2,3,1,0.103554055,0.067,2,13.20528156,0,0,3,7
4,grate,Task B ,1,2,0,1.334686108,0.05,2,277.2651044,0,0,2,3
4,grate,Task B ,2,3,0,0.188189056,0.067,1,239.6011024,0,0,3,7
4,grate,Task B ,1,3,1,-0.095370834,0.05,1,271.6687615,0,0,2,2
4,grate,Task B ,1,4,0,-0.439170102,0.135,2,330.9830301,0,0,4,1
4,grate,Task B ,1,1,1,0.52022534,0.05,1,35.83367937,0,0,2,4
5,grate,Task B ,2,4,1,1.487677184,0.05,2,53.74947906,0,0,2,8
5,grate,Task B ,1,3,1,0.000241528,0.067,1,95.82740669,0,0,3,2
5,grate,Task B ,1,4,0,0.801064686,0.05,2,48.4252821,0,0,2,1
5,grate,Task B ,1,3,1,0.950171448,0.033,1,11.4101022,0,0,1,2
5,grate,Task B ,1,4,0,-0.182749205,0.05,2,230.2611347,0,0,2,1
5,grate,Task B ,2,4,1,0.846871343,0.135,2,117.9167609,0,0,4,8
6,grate,Task B ,1,3,1,0.379802328,0.135,1,336.1279354,0,0,4,2
6,grate,Task B ,1,3,0,0.602204857,0.05,2,71.46625189,0,0,2,2
6,grate,Task B ,1,3,1,-0.233586964,0.135,1,212.1124693,0,0,4,2
6,grate,Task B ,2,3,1,-1.139608602,0.135,2,186.3765364,0,0,4,7
6,grate,Task B ,1,3,0,0.842655008,0.05,2,199.0258025,0,0,2,2
6,grate,Task B ,2,3,1,-1.039509425,0.05,2,89.1317623,0,0,2,7
7,grate,Task B ,2,4,0,0.81633987,0.135,1,351.3690789,0,0,4,8
7,grate,Task B ,1,4,1,0.123583416,0.067,1,222.407223,0,0,3,1
7,grate,Task B ,1,4,0,-1.781911941,0.033,2,235.0866308,0,0,1,1
7,grate,Task B ,1,4,1,0.02763956,0.135,1,188.8618095,0,0,4,1
7,grate,Task B ,1,1,0,-0.338155425,0.067,2,278.532392,0,0,3,4
7,grate,Task B ,2,4,0,0.325597933,0.135,1,77.30145953,0,0,4,8
8,grate,Task B ,1,2,0,0.602795174,0.033,2,186.6609202,0,0,1,3
8,grate,Task B ,1,1,0,-0.314490377,0.067,2,335.6194426,0,0,3,4
8,grate,Task B ,1,3,0,0.600524646,0.135,2,0.765237823,0,0,4,2
8,grate,Task B ,2,2,1,-0.672898166,0.033,2,126.3012837,0,0,1,6
8,grate,Task B ,1,1,1,-0.73675572,0.033,1,299.5433689,0,0,1,4
8,grate,Task B ,1,3,1,-0.15799786,0.135,1,234.2102025,0,0,4,2
9,grate,Task B ,1,4,1,0.533606758,0.067,1,162.9772862,0,0,3,1
9,grate,Task B ,1,1,1,-0.154865148,0.033,1,6.048645078,0,0,1,4
9,grate,Task B ,1,4,1,0.142123849,0.135,1,36.75922021,0,0,4,1
9,grate,Task B ,1,1,1,-0.217111624,0.033,1,49.22543078,0,0,1,4
9,grate,Task B ,1,3,1,0.272685762,0.05,1,129.5743019,0,0,2,2
9,grate,Task B ,1,4,0,-0.333085638,0.135,2,146.1024917,0,0,4,1
10,grate,Task B ,1,2,1,-0.092183456,0.067,1,199.9429,0,0,3,3
10,grate,Task B ,1,1,1,-0.42740653,0.135,1,218.7731971,0,0,4,4
10,grate,Task B ,1,2,1,0.073216219,0.067,1,332.281878,0,0,3,3
10,grate,Task B ,2,2,1,2.087335812,0.135,2,262.4334931,0,0,4,6
10,grate,Task B ,1,2,0,-1.243691399,0.033,2,78.03974232,0,0,1,3
10,grate,Task B ,1,1,1,0.157937184,0.135,1,187.0879028,0,0,4,4
1,grate,Task B ,1,3,1,-0.08166549,0.067,1,22.28207529,0,0,3,2
1,grate,Task B ,2,3,1,-0.795622088,0.135,2,100.2376306,0,0,4,7
1,grate,Task B ,1,2,0,-0.029694866,0.05,2,354.8382682,0,0,2,3
1,grate,Task B ,2,1,1,1.134983716,0.067,2,348.9526079,0,0,3,5
1,grate,Task B ,1,3,1,0.190970695,0.067,1,232.1750267,0,0,3,2
1,grate,Task B ,2,2,1,-0.441420534,0.05,2,308.8305455,0,0,2,6
2,grate,Task B ,1,1,0,-0.00889596,0.135,2,181.8814532,0,0,4,4
2,grate,Task B ,1,1,0,-0.658422179,0.05,2,307.0778368,0,0,2,4
2,grate,Task B ,1,1,1,0.057018935,0.05,1,164.4358696,0,0,2,4
2,grate,Task B ,2,1,0,0.686999436,0.033,1,87.91904266,0,0,1,5
2,grate,Task B ,2,4,1,-0.939369368,0.135,2,351.4656501,0,0,4,8
2,grate,Task B ,1,2,1,-0.340659329,0.135,1,151.6689372,0,0,4,3
3,grate,Task B ,1,2,1,0.391632456,0.033,1,118.7298732,0,0,1,3
3,grate,Task B ,2,2,1,-0.327244049,0.05,2,96.07804931,0,0,2,6
3,grate,Task B ,2,3,1,-0.871478649,0.05,2,254.6096753,0,0,2,7
3,grate,Task B ,2,4,1,2.116244269,0.135,2,239.2999432,0,0,4,8
3,grate,Task B ,1,2,1,0.33070633,0.05,1,40.85289897,0,0,2,3
3,grate,Task B ,1,1,1,0.255500044,0.05,1,101.302097,0,0,2,4
4,grate,Task B ,1,2,1,0.077041938,0.033,1,263.4551151,0,0,1,3
4,grate,Task B ,2,3,1,-0.550620174,0.135,2,242.3909762,0,0,4,7
4,grate,Task B ,1,2,1,-0.10166916,0.033,1,15.87389144,0,0,1,3
4,grate,Task B ,2,2,1,0.181325077,0.033,2,29.81118996,0,0,1,6
4,grate,Task B ,2,4,0,0.324959492,0.135,1,205.7713874,0,0,4,8
4,grate,Task B ,1,4,0,0.044221847,0.135,2,294.4712173,0,0,4,1
5,grate,Task B ,1,4,0,-0.583041708,0.05,2,323.818225,0,0,2,1
5,grate,Task B ,2,2,0,0.223352979,0.067,1,263.2642895,0,0,3,6
5,grate,Task B ,1,4,0,-0.03563088,0.135,2,113.5852642,0,0,4,1
5,grate,Task B ,2,4,1,-0.772062237,0.05,2,175.4563893,0,0,2,8
5,grate,Task B ,2,4,1,1.371347198,0.033,2,318.3752071,0,0,1,8
5,grate,Task B ,2,1,1,-1.214481183,0.033,2,140.079273,0,0,1,5
6,grate,Task B ,2,3,1,-0.138810333,0.05,2,201.4442695,0,0,2,7
6,grate,Task B ,2,3,0,-0.124857779,0.135,1,187.5531549,0,0,4,7
6,grate,Task B ,1,1,0,3.560253155,0.033,2,36.23722465,0,0,1,4
6,grate,Task B ,1,1,1,0.24801294,0.033,1,162.2058987,0,0,1,4
6,grate,Task B ,2,3,1,-0.899485222,0.05,2,232.0004643,0,0,2,7
6,grate,Task B ,2,3,1,0.582226856,0.135,2,165.2712272,0,0,4,7
7,grate,Task B ,1,4,1,-0.629836491,0.067,1,310.0447295,0,0,3,1
7,grate,Task B ,1,1,0,0.114808854,0.067,2,137.9656256,0,0,3,4
7,grate,Task B ,1,4,0,-0.935390825,0.067,2,37.77187071,0,0,3,1
7,grate,Task B ,2,4,0,-0.115423154,0.135,1,275.1776588,0,0,4,8
7,grate,Task B ,2,4,0,0.078038999,0.067,1,254.199635,0,0,3,8
7,grate,Task B ,1,4,1,-0.264568258,0.033,1,279.2500516,0,0,1,1
8,grate,Task B ,1,2,1,-0.121033453,0.067,1,182.481824,0,0,3,3
8,grate,Task B ,1,2,1,0.090337656,0.05,1,180.6289917,0,0,2,3
8,grate,Task B ,2,4,1,2.552929966,0.067,2,337.6904739,0,0,3,8
8,grate,Task B ,2,2,1,-0.903426918,0.033,2,201.7738259,0,0,1,6
8,grate,Task B ,1,1,1,0.006714256,0.033,1,100.7737767,0,0,1,4
8,grate,Task B ,2,1,1,2.064733316,0.033,2,206.8287512,0,0,1,5
9,grate,Task B ,2,1,1,-0.935714845,0.05,2,98.78078906,0,0,2,5
9,grate,Task B ,2,1,1,0.548291731,0.033,2,289.024062,0,0,1,5
9,grate,Task B ,1,1,1,0.509862425,0.033,1,247.5908006,0,0,1,4
9,grate,Task B ,1,4,1,0.583429224,0.135,1,337.3392116,0,0,4,1
9,grate,Task B ,1,1,0,-1.68420161,0.05,2,200.8494529,0,0,2,4
9,grate,Task B ,1,1,1,0.414282807,0.05,1,236.8255432,0,0,2,4
10,grate,Task B ,1,2,0,0.693165392,0.135,2,126.3529134,0,0,4,3
10,grate,Task B ,1,1,0,0.845854078,0.033,2,3.426517872,0,0,1,4
10,grate,Task B ,1,1,1,0.275010549,0.05,1,264.9724681,0,0,2,4
10,grate,Task B ,2,1,1,-1.057780725,0.05,2,187.1072038,0,0,2,5
10,grate,Task B ,1,1,1,0.638809871,0.067,1,27.74732933,0,0,3,4
10,grate,Task B ,1,2,0,0.889223546,0.05,2,224.7047832,0,0,2,3
1,grate,Task B ,1,2,1,0.42394604,0.033,1,151.0720636,0,0,1,3
1,grate,Task B ,2,4,1,0.68487478,0.067,2,210.9257765,0,0,3,8
1,grate,Task B ,1,2,1,-0.110983008,0.135,1,259.7207928,0,0,4,3
1,grate,Task B ,2,3,1,1.354029196,0.05,2,220.7752354,0,0,2,7
1,grate,Task B ,1,2,1,-0.189003542,0.05,1,117.0434382,0,0,2,3
1,grate,Task B ,1,2,1,-0.412228522,0.05,1,94.8027042,0,0,2,3
2,grate,Task B ,1,1,0,-0.400822643,0.135,2,199.3161364,0,0,4,4
2,grate,Task B ,2,1,1,0.969537003,0.033,2,156.3901612,0,0,1,5
2,grate,Task B ,1,2,1,-0.271180178,0.033,1,149.3286606,0,0,1,3
2,grate,Task B ,2,3,0,-0.245492369,0.033,1,357.5838378,0,0,1,7
2,grate,Task B ,2,3,1,1.602222798,0.067,2,173.9143252,0,0,3,7
2,grate,Task B ,1,1,1,-0.439898785,0.067,1,62.01169009,0,0,3,4
3,grate,Task B ,1,2,1,0.126751685,0.05,1,248.3971969,0,0,2,3
3,grate,Task B ,1,3,0,-0.659007538,0.05,2,117.3023315,0,0,2,2
3,grate,Task B ,2,1,1,2.778200243,0.067,2,33.08743559,0,0,3,5
3,grate,Task B ,2,1,0,-0.397809728,0.033,1,43.12758514,0,0,1,5
3,grate,Task B ,2,2,0,0.073521114,0.033,1,10.37360246,0,0,1,6
3,grate,Task B ,2,1,1,-0.605750377,0.033,2,186.8899368,0,0,1,5
4,grate,Task B ,1,2,0,0.849253659,0.033,2,117.1376536,0,0,1,3
4,grate,Task B ,1,4,0,-0.498952147,0.05,2,14.557468,0,0,2,1
4,grate,Task B ,2,4,1,-1.269117898,0.135,2,221.6378283,0,0,4,8
4,grate,Task B ,1,1,1,0.13661953,0.033,1,223.3382783,0,0,1,4
4,grate,Task B ,1,3,1,-0.042193275,0.135,1,172.9722187,0,0,4,2
4,grate,Task B ,2,4,1,-1.599546899,0.05,2,61.01691087,0,0,2,8
5,grate,Task B ,1,2,1,-0.246696424,0.135,1,272.6359153,0,0,4,3
5,grate,Task B ,1,4,0,-2.069400265,0.05,2,117.111016,0,0,2,1
5,grate,Task B ,1,4,1,0.243788156,0.05,1,295.182832,0,0,2,1
5,grate,Task B ,1,1,1,-0.292569434,0.033,1,137.8258886,0,0,1,4
5,grate,Task B ,1,4,1,0.084705766,0.135,1,226.327439,0,0,4,1
5,grate,Task B ,1,4,1,0.479525408,0.05,1,310.9430646,0,0,2,1
6,grate,Task B ,2,3,0,1.08101429,0.05,1,256.3093788,0,0,2,7
6,grate,Task B ,1,2,0,-1.403131455,0.135,2,199.6500979,0,0,4,3
6,grate,Task B ,1,3,0,-1.870160305,0.033,2,197.7827295,0,0,1,2
6,grate,Task B ,1,2,1,0.088954231,0.033,1,87.06964938,0,0,1,3
6,grate,Task B ,1,3,0,-0.590013057,0.05,2,291.290154,0,0,2,2
6,grate,Task B ,2,3,1,0.717032794,0.067,2,300.0468941,0,0,3,7
7,grate,Task B ,2,1,0,-0.00501172,0.05,1,250.410609,0,0,2,5
7,grate,Task B ,1,4,1,0.06569718,0.033,1,334.4360229,0,0,1,1
7,grate,Task B ,1,4,1,0.290397008,0.05,1,195.1159478,0,0,2,1
7,grate,Task B ,2,4,1,-0.651524075,0.067,2,28.98851838,0,0,3,8
7,grate,Task B ,1,4,0,0.157039699,0.135,2,263.1468613,0,0,4,1
7,grate,Task B ,1,4,0,-0.165362588,0.135,2,299.0582336,0,0,4,1
8,grate,Task B ,2,2,1,-1.406315681,0.05,2,257.0296235,0,0,2,6
8,grate,Task B ,1,1,0,0.558690342,0.033,2,325.6049912,0,0,1,4
8,grate,Task B ,1,3,0,0.831962754,0.135,2,117.923865,0,0,4,2
8,grate,Task B ,2,4,1,-0.749490846,0.135,2,101.5029577,0,0,4,8
8,grate,Task B ,2,1,0,0.455997018,0.033,1,289.0491576,0,0,1,5
8,grate,Task B ,1,3,1,-0.227917887,0.067,1,118.453454,0,0,3,2
9,grate,Task B ,1,2,1,0.133613492,0.033,1,41.66886866,0,0,1,3
9,grate,Task B ,1,1,1,-0.087344487,0.05,1,286.2604745,0,0,2,4
9,grate,Task B ,1,4,0,-0.514483713,0.067,2,65.28971783,0,0,3,1
9,grate,Task B ,2,2,1,-1.111338076,0.067,2,343.7282116,0,0,3,6
9,grate,Task B ,1,4,1,-0.460106238,0.135,1,238.437064,0,0,4,1
9,grate,Task B ,1,4,1,0.107201699,0.135,1,174.307407,0,0,4,1
10,grate,Task B ,1,3,1,-0.064878116,0.135,1,56.2092821,0,0,4,2
10,grate,Task B ,2,1,1,-1.234121638,0.135,2,148.3727699,0,0,4,5
10,grate,Task B ,1,1,1,-0.339285545,0.033,1,340.573001,0,0,1,4
10,grate,Task B ,1,2,0,0.133385119,0.067,2,101.4146521,0,0,3,3
10,grate,Task B ,1,1,0,-0.410653618,0.033,2,176.7111458,0,0,1,4
10,grate,Task B ,2,2,1,3.98875166,0.067,2,275.9322487,0,0,3,6
1,grate,Task B ,1,3,1,-0.333727212,0.135,1,12.23633161,0,0,4,2
1,grate,Task B ,1,2,1,0.073719042,0.033,1,133.3511782,0,0,1,3
1,grate,Task B ,1,1,1,0.091299229,0.135,1,207.6471216,0,0,4,4
1,grate,Task B ,2,1,0,0.085962165,0.033,1,72.85415988,0,0,1,5
1,grate,Task B ,1,3,1,0.104285428,0.05,1,126.5938988,0,0,2,2
1,grate,Task B ,1,3,1,0.401135354,0.135,1,103.1359381,0,0,4,2
2,grate,Task B ,1,1,0,1.494894447,0.033,2,151.5671575,0,0,1,4
2,grate,Task B ,1,2,0,-0.912478369,0.033,2,39.34824936,0,0,1,3
2,grate,Task B ,1,1,0,-1.128872949,0.033,2,92.79946516,0,0,1,4
2,grate,Task B ,1,3,1,-0.247109808,0.135,1,143.1683351,0,0,4,2
2,grate,Task B ,2,4,1,3.643108538,0.135,2,195.6001989,0,0,4,8
2,grate,Task B ,1,1,0,-3.619268498,0.033,2,95.74226571,0,0,1,4
3,grate,Task B ,1,1,1,0.279474546,0.05,1,216.5907015,0,0,2,4
3,grate,Task B ,1,1,0,1.761408444,0.05,2,350.4418977,0,0,2,4
3,grate,Task B ,1,4,0,-0.257370957,0.067,2,209.5159914,0,0,3,1
3,grate,Task B ,1,4,0,-0.139921618,0.135,2,317.4274802,0,0,4,1
3,grate,Task B ,2,4,1,1.974642788,0.05,2,224.2213005,0,0,2,8
3,grate,Task B ,2,4,1,-2.332527247,0.067,2,244.9658389,0,0,3,8
4,grate,Task B ,1,1,1,0.342938893,0.033,1,326.6809315,0,0,1,4
4,grate,Task B ,2,2,0,-0.096214664,0.067,1,321.1928644,0,0,3,6
4,grate,Task B ,1,2,1,-0.460070742,0.05,1,180.6155179,0,0,2,3
4,grate,Task B ,1,3,1,-0.014848773,0.067,1,29.72203509,0,0,3,2
4,grate,Task B ,2,4,1,1.791785497,0.135,2,185.2372383,0,0,4,8
4,grate,Task B ,1,1,1,-0.706026689,0.033,1,314.2790659,0,0,1,4
5,grate,Task B ,1,3,0,0.531573518,0.067,2,51.73290144,0,0,3,2
5,grate,Task B ,1,1,0,0.452566457,0.033,2,70.14580197,0,0,1,4
5,grate,Task B ,1,4,1,0.417353213,0.033,1,205.2776541,0,0,1,1
5,grate,Task B ,2,4,1,-0.775826596,0.067,2,215.4545945,0,0,3,8
5,grate,Task B ,1,4,1,0.184377333,0.033,1,69.41190819,0,0,1,1
5,grate,Task B ,1,1,0,-0.295936778,0.05,2,184.7911813,0,0,2,4
6,grate,Task B ,2,3,1,-0.801516989,0.135,2,322.4644926,0,0,4,7
6,grate,Task B ,2,3,0,0.186691437,0.05,1,154.0547164,0,0,2,7
6,grate,Task B ,1,3,1,0.178644721,0.135,1,96.52734318,0,0,4,2
6,grate,Task B ,1,2,1,-0.423982,0.05,1,78.54106341,0,0,2,3
6,grate,Task B ,2,2,1,-0.634553513,0.135,2,239.9507678,0,0,4,6
6,grate,Task B ,2,3,0,-0.469885888,0.135,1,40.84802604,0,0,4,7
7,grate,Task B ,1,4,1,0.317720395,0.05,1,166.2474436,0,0,2,1
7,grate,Task B ,1,4,1,-0.273463144,0.05,1,147.0647012,0,0,2,1
7,grate,Task B ,1,4,0,-0.513645593,0.067,2,243.9992309,0,0,3,1
7,grate,Task B ,1,4,1,0.385137733,0.05,1,339.1174381,0,0,2,1
7,grate,Task B ,1,4,1,0.049544366,0.05,1,94.8284894,0,0,2,1
7,grate,Task B ,2,4,0,-0.445015693,0.135,1,297.5154852,0,0,4,8
8,grate,Task B ,1,2,1,0.331498555,0.067,1,284.401509,0,0,3,3
8,grate,Task B ,1,1,0,-1.182185444,0.033,2,209.1454947,0,0,1,4
8,grate,Task B ,2,4,1,2.949988246,0.135,2,231.9946687,0,0,4,8
8,grate,Task B ,2,2,0,0.357801465,0.033,1,71.97356982,0,0,1,6
8,grate,Task B ,2,3,0,-0.103353249,0.067,1,13.48423046,0,0,3,7
8,grate,Task B ,2,1,0,0.229120119,0.05,1,84.35751519,0,0,2,5
9,grate,Task B ,2,1,0,0.085990666,0.033,1,355.3234082,0,0,1,5
9,grate,Task B ,2,3,1,-2.141101564,0.067,2,59.08291517,0,0,3,7
9,grate,Task B ,1,1,1,0.378384276,0.033,1,272.7949275,0,0,1,4
9,grate,Task B ,1,1,0,-0.229966638,0.067,2,340.6025638,0,0,3,4
9,grate,Task B ,1,4,1,0.571493384,0.067,1,320.1420379,0,0,3,1
9,grate,Task B ,2,4,1,2.477725439,0.135,2,189.4428246,0,0,4,8
10,grate,Task B ,1,2,0,0.626429124,0.033,2,226.2616585,0,0,1,3
10,grate,Task B ,1,1,1,0.034279172,0.033,1,336.0063699,0,0,1,4
10,grate,Task B ,1,2,1,0.294870342,0.067,1,172.0834157,0,0,3,3
10,grate,Task B ,1,1,1,0.274141234,0.135,1,8.076323778,0,0,4,4
10,grate,Task B ,1,2,1,0.038113248,0.033,1,34.18005456,0,0,1,3
10,grate,Task B ,2,1,1,-2.344500681,0.05,2,310.5890961,0,0,2,5
1,grate,Task B ,1,4,1,0.225478174,0.135,1,288.4369242,0,0,4,1
1,grate,Task B ,2,3,1,-1.604577085,0.05,2,96.42142483,0,0,2,7
1,grate,Task B ,1,1,1,-0.045942053,0.033,1,198.4476672,0,0,1,4
1,grate,Task B ,1,3,0,-0.732408883,0.05,2,278.5717056,0,0,2,2
1,grate,Task B ,1,3,1,0.48788127,0.135,1,224.04976,0,0,4,2
1,grate,Task B ,1,2,1,0.289943799,0.067,1,3.566105463,0,0,3,3
2,grate,Task B ,1,1,1,0.342076164,0.033,1,77.08982558,0,0,1,4
2,grate,Task B ,2,3,0,0.093298655,0.033,1,48.20474383,0,0,1,7
2,grate,Task B ,1,1,1,-0.189162383,0.05,1,22.7812916,0,0,2,4
2,grate,Task B ,2,2,0,0.035321304,0.067,1,96.39515966,0,0,3,6
2,grate,Task B ,2,4,1,1.185811925,0.135,2,148.4352766,0,0,4,8
2,grate,Task B ,2,3,0,-0.481800971,0.067,1,253.4672838,0,0,3,7
3,grate,Task B ,2,3,0,-0.190533433,0.135,1,45.14958498,0,0,4,7
3,grate,Task B ,1,1,0,-0.459966924,0.05,2,185.9854257,0,0,2,4
3,grate,Task B ,1,2,1,-0.213751859,0.135,1,251.3716206,0,0,4,3
3,grate,Task B ,2,3,1,0.608656702,0.135,2,152.2058152,0,0,4,7
3,grate,Task B ,2,4,1,-1.14894149,0.135,2,334.8717978,0,0,4,8
3,grate,Task B ,2,1,1,-0.246050793,0.05,2,193.7557543,0,0,2,5
4,grate,Task B ,2,4,1,0.684852235,0.067,2,63.95847314,0,0,3,8
4,grate,Task B ,1,3,1,-0.331658006,0.067,1,84.82392522,0,0,3,2
4,grate,Task B ,2,4,1,0.54302314,0.135,2,149.0189554,0,0,4,8
4,grate,Task B ,1,1,1,-0.37914381,0.067,1,222.4949513,0,0,3,4
4,grate,Task B ,1,3,1,0.157623819,0.067,1,75.8355505,0,0,3,2
4,grate,Task B ,1,2,0,-0.779444196,0.05,2,327.8421749,0,0,2,3
5,grate,Task B ,2,2,1,-0.39686252,0.135,2,92.31699526,0,0,4,6
5,grate,Task B ,2,3,1,-1.416719895,0.05,2,227.7886138,0,0,2,7
5,grate,Task B ,2,4,1,-2.472346731,0.067,2,191.763015,0,0,3,8
5,grate,Task B ,1,1,1,0.05440767,0.05,1,215.5440594,0,0,2,4
5,grate,Task B ,1,2,1,-0.040177419,0.135,1,290.7039082,0,0,4,3
5,grate,Task B ,1,4,1,-0.00925152,0.067,1,98.8527603,0,0,3,1
6,grate,Task B ,1,3,1,-0.164566965,0.135,1,63.58745234,0,0,4,2
6,grate,Task B ,1,3,0,-0.345998797,0.067,2,224.3421,0,0,3,2
6,grate,Task B ,1,1,0,-0.032173271,0.033,2,33.65911054,0,0,1,4
6,grate,Task B ,1,3,1,-0.035772341,0.067,1,142.8473076,0,0,3,2
6,grate,Task B ,2,3,1,2.189080704,0.033,2,279.830632,0,0,1,7
6,grate,Task B ,1,3,1,0.345323135,0.067,1,317.3871869,0,0,3,2
7,grate,Task B ,1,1,0,-0.231109787,0.05,2,306.0248587,0,0,2,4
7,grate,Task B ,1,1,0,-1.576732231,0.05,2,310.5469952,0,0,2,4
7,grate,Task B ,1,4,0,-0.284754255,0.033,2,40.79419137,0,0,1,1
7,grate,Task B ,2,4,1,-1.053480718,0.033,2,321.300887,0,0,1,8
7,grate,Task B ,2,4,0,0.05863726,0.135,1,148.3155184,0,0,4,8
7,grate,Task B ,2,4,1,-1.654970708,0.067,2,144.7414047,0,0,3,8
8,grate,Task B ,2,4,1,0.660443979,0.135,2,163.6998719,0,0,4,8
8,grate,Task B ,2,4,1,-0.89934966,0.135,2,243.0021456,0,0,4,8
8,grate,Task B ,1,4,1,0.253219127,0.067,1,100.8871616,0,0,3,1
8,grate,Task B ,2,2,1,2.54890414,0.05,2,84.71970546,0,0,2,6
8,grate,Task B ,2,2,0,-0.11356574,0.067,1,150.1167052,0,0,3,6
8,grate,Task B ,1,2,1,0.307008995,0.135,1,40.55876452,0,0,4,3
9,grate,Task B ,1,2,0,0.826673023,0.05,2,212.1029474,0,0,2,3
9,grate,Task B ,2,1,0,-0.692170735,0.067,1,2.574211928,0,0,3,5
9,grate,Task B ,2,1,0,-0.358930924,0.05,1,109.4000625,0,0,2,5
9,grate,Task B ,1,1,0,-1.352189489,0.033,2,343.6409894,0,0,1,4
9,grate,Task B ,2,1,0,-0.07085061,0.033,1,116.6465374,0,0,1,5
9,grate,Task B ,1,1,1,0.098680477,0.05,1,352.2232122,0,0,2,4
10,grate,Task B ,2,2,1,0.956839715,0.067,2,68.58327525,0,0,3,6
10,grate,Task B ,1,1,1,-0.730595923,0.05,1,33.79842417,0,0,2,4
10,grate,Task B ,1,1,1,-0.058624603,0.067,1,287.9041331,0,0,3,4
10,grate,Task B ,1,2,1,0.232135109,0.135,1,72.99481505,0,0,4,3
10,grate,Task B ,1,2,1,-0.470119262,0.135,1,104.3546809,0,0,4,3
10,grate,Task B ,2,1,1,1.382493301,0.135,2,140.0377565,0,0,4,5
1,grate,Task B ,1,2,1,-0.072873581,0.135,1,309.7584806,0,0,4,3
1,grate,Task B ,2,4,1,-1.402982512,0.135,2,20.58402077,0,0,4,8
1,grate,Task B ,1,3,0,1.307111466,0.05,2,0.468776486,0,0,2,2
1,grate,Task B ,1,3,1,-0.549238543,0.135,1,242.1949322,0,0,4,2
1,grate,Task B ,1,1,1,-0.001066611,0.033,1,167.8168197,0,0,1,4
1,grate,Task B ,1,2,0,-1.083495925,0.067,2,40.11021414,0,0,3,3
2,grate,Task B ,1,1,0,0.498924339,0.135,2,160.6606144,0,0,4,4
2,grate,Task B ,1,1,0,1.225130888,0.05,2,143.4751747,0,0,2,4
2,grate,Task B ,1,3,1,-0.046291741,0.135,1,188.6834987,0,0,4,2
2,grate,Task B ,2,3,0,-0.261293751,0.033,1,187.2590631,0,0,1,7
2,grate,Task B ,2,3,1,0.397435863,0.067,2,242.0514046,0,0,3,7
2,grate,Task B ,2,1,0,-0.831829402,0.05,1,210.7694688,0,0,2,5
3,grate,Task B ,1,1,1,0.570817158,0.033,1,78.9955745,0,0,1,4
3,grate,Task B ,1,1,1,0.045054579,0.033,1,140.3180491,0,0,1,4
3,grate,Task B ,1,2,1,0.195607836,0.067,1,192.7857234,0,0,3,3
3,grate,Task B ,1,1,1,0.276927332,0.067,1,193.7986599,0,0,3,4
3,grate,Task B ,2,4,1,0.700888095,0.067,2,188.3228586,0,0,3,8
3,grate,Task B ,2,3,0,-0.856837885,0.067,1,97.60971026,0,0,3,7
4,grate,Task B ,1,1,1,0.604557866,0.033,1,215.0051457,0,0,1,4
4,grate,Task B ,1,3,0,-0.682203813,0.067,2,68.76097365,0,0,3,2
4,grate,Task B ,2,3,0,-0.346595314,0.067,1,65.11809292,0,0,3,7
4,grate,Task B ,1,1,0,-0.471730343,0.033,2,183.5200639,0,0,1,4
4,grate,Task B ,2,4,1,1.203489814,0.067,2,259.5731733,0,0,3,8
4,grate,Task B ,2,1,1,-0.905363688,0.033,2,90.50959608,0,0,1,5
5,grate,Task B ,2,4,1,0.604998055,0.033,2,139.2672362,0,0,1,8
5,grate,Task B ,2,4,1,0.947951625,0.135,2,102.7409498,0,0,4,8
5,grate,Task B ,2,4,1,-0.707691075,0.135,2,7.451718344,0,0,4,8
5,grate,Task B ,2,4,0,-0.815987792,0.135,1,274.6966838,0,0,4,8
5,grate,Task B ,1,4,1,0.533609472,0.05,1,298.6536972,0,0,2,1
5,grate,Task B ,1,4,1,-0.759340224,0.05,1,310.301362,0,0,2,1
6,grate,Task B ,2,3,1,1.40405193,0.05,2,97.56353352,0,0,2,7
6,grate,Task B ,2,2,0,0.07669498,0.033,1,182.503122,0,0,1,6
6,grate,Task B ,2,3,1,-2.0569724,0.135,2,75.31214238,0,0,4,7
6,grate,Task B ,1,3,1,-0.407736528,0.067,1,211.9361754,0,0,3,2
6,grate,Task B ,2,3,0,0.024040048,0.033,1,355.3076995,0,0,1,7
6,grate,Task B ,1,3,0,-0.298186268,0.033,2,223.7267948,0,0,1,2
7,grate,Task B ,2,4,1,0.535901812,0.033,2,38.15361082,0,0,1,8
7,grate,Task B ,1,4,1,-0.326260419,0.067,1,322.1340527,0,0,3,1
7,grate,Task B ,1,4,1,-0.384996265,0.067,1,279.7710459,0,0,3,1
7,grate,Task B ,1,4,0,-0.685959399,0.067,2,55.99680903,0,0,3,1
7,grate,Task B ,2,4,1,-2.772901669,0.05,2,50.8250937,0,0,2,8
7,grate,Task B ,1,4,0,0.208818655,0.05,2,86.19245582,0,0,2,1
8,grate,Task B ,2,4,1,-3.458411552,0.05,2,246.1640595,0,0,2,8
8,grate,Task B ,2,1,0,0.379184299,0.05,1,247.2202819,0,0,2,5
8,grate,Task B ,1,3,0,0.461471675,0.05,2,50.6568228,0,0,2,2
8,grate,Task B ,2,4,1,1.289299993,0.067,2,271.0204257,0,0,3,8
8,grate,Task B ,2,4,1,-1.196285368,0.067,2,89.83280611,0,0,3,8
8,grate,Task B ,2,4,1,-0.924576776,0.067,2,153.2441238,0,0,3,8
9,grate,Task B ,1,2,0,-0.382194941,0.033,2,75.56717958,0,0,1,3
9,grate,Task B ,1,4,1,0.240212022,0.135,1,288.6540114,0,0,4,1
9,grate,Task B ,1,4,0,-1.204897434,0.135,2,240.0015892,0,0,4,1
9,grate,Task B ,1,1,1,-0.294575917,0.067,1,291.3805375,0,0,3,4
9,grate,Task B ,1,4,0,-0.266925978,0.135,2,22.5941639,0,0,4,1
9,grate,Task B ,2,4,1,-0.979664715,0.135,2,154.7687702,0,0,4,8
10,grate,Task B ,1,2,1,0.012295882,0.067,1,354.9620231,0,0,3,3
10,grate,Task B ,2,1,1,-2.1540939,0.135,2,273.5336287,0,0,4,5
10,grate,Task B ,1,2,1,0.067321108,0.067,1,130.8206796,0,0,3,3
10,grate,Task B ,1,2,1,-0.006130306,0.067,1,201.1363916,0,0,3,3
10,grate,Task B ,1,1,1,0.046520206,0.067,1,248.4178721,0,0,3,4
10,grate,Task B ,1,1,1,-0.305762402,0.067,1,187.2761424,0,0,3,4
1,grate,Task B ,1,2,0,-1.026663168,0.05,2,324.5487728,0,0,2,3
1,grate,Task B ,2,4,1,-1.673492292,0.135,2,93.35798141,0,0,4,8
1,grate,Task B ,1,1,1,-0.416775954,0.05,1,271.98344,0,0,2,4
1,grate,Task B ,2,1,0,0.190678969,0.05,1,229.1490395,0,0,2,5
1,grate,Task B ,1,3,0,1.509307023,0.033,2,176.3284205,0,0,1,2
1,grate,Task B ,2,1,1,1.119228759,0.135,2,3.300146939,0,0,4,5
2,grate,Task B ,1,1,1,0.452808362,0.033,1,178.0686763,0,0,1,4
2,grate,Task B ,1,3,0,-0.703455334,0.135,2,157.9140321,0,0,4,2
2,grate,Task B ,2,4,1,-2.254578035,0.135,2,243.3550801,0,0,4,8
2,grate,Task B ,1,1,1,-0.513361763,0.067,1,235.5340475,0,0,3,4
2,grate,Task B ,2,2,0,0.079910259,0.033,1,127.1415995,0,0,1,6
2,grate,Task B ,1,3,0,1.432509147,0.067,2,354.9804657,0,0,3,2
3,grate,Task B ,2,3,1,-0.828437555,0.135,2,113.4850577,0,0,4,7
3,grate,Task B ,2,2,1,-1.920340728,0.033,2,208.5106254,0,0,1,6
3,grate,Task B ,1,3,0,1.031455102,0.067,2,178.4620578,0,0,3,2
3,grate,Task B ,1,2,1,-0.339301323,0.05,1,127.6235541,0,0,2,3
3,grate,Task B ,2,2,0,-0.296644401,0.05,1,237.8427679,0,0,2,6
3,grate,Task B ,1,4,1,-0.174159745,0.067,1,278.6495086,0,0,3,1
4,grate,Task B ,1,1,0,0.147167002,0.033,2,306.4230176,0,0,1,4
4,grate,Task B ,2,4,1,1.451162693,0.135,2,299.9114846,0,0,4,8
4,grate,Task B ,2,3,0,0.515434117,0.135,1,163.3844547,0,0,4,7
4,grate,Task B ,1,1,0,1.227854507,0.05,2,240.9439538,0,0,2,4
4,grate,Task B ,1,2,1,0.014342696,0.05,1,223.7599936,0,0,2,3
4,grate,Task B ,1,3,1,0.877507958,0.05,1,279.7950243,0,0,2,2
5,grate,Task B ,1,4,1,-0.090363873,0.05,1,123.2091279,0,0,2,1
5,grate,Task B ,1,4,0,0.564096022,0.067,2,255.2547746,0,0,3,1
5,grate,Task B ,1,4,0,0.585819011,0.033,2,247.7319516,0,0,1,1
5,grate,Task B ,1,3,1,0.371208727,0.067,1,135.0267833,0,0,3,2
5,grate,Task B ,2,4,1,2.769536873,0.05,2,264.3167303,0,0,2,8
5,grate,Task B ,1,4,1,0.201582482,0.067,1,286.9707662,0,0,3,1
6,grate,Task B ,1,3,1,0.167223589,0.135,1,336.5812524,0,0,4,2
6,grate,Task B ,1,3,1,-0.275105653,0.033,1,332.5714691,0,0,1,2
6,grate,Task B ,1,3,1,0.121952323,0.067,1,265.8725678,0,0,3,2
6,grate,Task B ,1,1,1,0.06128817,0.05,1,200.911037,0,0,2,4
6,grate,Task B ,2,3,1,-0.785697737,0.135,2,346.8771283,0,0,4,7
6,grate,Task B ,1,2,0,0.427644222,0.033,2,34.26332001,0,0,1,3
7,grate,Task B ,1,4,0,1.815474361,0.05,2,17.62140627,0,0,2,1
7,grate,Task B ,1,4,1,1.033021976,0.033,1,45.67547109,0,0,1,1
7,grate,Task B ,1,4,1,0.520284353,0.033,1,354.6388541,0,0,1,1
7,grate,Task B ,1,4,0,-1.443614223,0.067,2,351.4673913,0,0,3,1
7,grate,Task B ,1,4,1,-0.184847507,0.033,1,80.35368237,0,0,1,1
7,grate,Task B ,1,4,1,-0.353303057,0.033,1,347.1481964,0,0,1,1
8,grate,Task B ,2,3,0,0.51060917,0.067,1,161.4576078,0,0,3,7
8,grate,Task B ,1,1,0,-1.608798085,0.033,2,258.7612574,0,0,1,4
8,grate,Task B ,2,3,1,-0.076973235,0.05,2,327.8725134,0,0,2,7
8,grate,Task B ,1,1,0,0.532379332,0.033,2,178.7804541,0,0,1,4
8,grate,Task B ,2,1,1,-2.619181365,0.033,2,52.26722544,0,0,1,5
8,grate,Task B ,2,1,1,0.524087372,0.033,2,49.4812469,0,0,1,5
9,grate,Task B ,2,1,1,-1.60011565,0.033,2,338.5735517,0,0,1,5
9,grate,Task B ,1,2,0,1.287787759,0.05,2,21.6031299,0,0,2,3
9,grate,Task B ,1,4,0,-0.539743899,0.135,2,178.2979612,0,0,4,1
9,grate,Task B ,2,1,0,-0.315665533,0.05,1,269.6612001,0,0,2,5
9,grate,Task B ,1,4,0,-1.340890156,0.05,2,150.01166,0,0,2,1
9,grate,Task B ,1,4,1,0.102423069,0.05,1,47.0231986,0,0,2,1
10,grate,Task B ,1,2,1,-0.288075747,0.033,1,149.0667075,0,0,1,3
10,grate,Task B ,1,1,1,-0.32204528,0.05,1,271.9444933,0,0,2,4
10,grate,Task B ,1,2,1,-0.133502402,0.05,1,103.1138872,0,0,2,3
10,grate,Task B ,1,1,0,0.291542087,0.05,2,253.5150229,0,0,2,4
10,grate,Task B ,1,2,1,-0.209776166,0.033,1,354.2868862,0,0,1,3
10,grate,Task B ,1,1,0,-0.409315602,0.05,2,327.8998345,0,0,2,4
1,grate,Task B ,1,1,0,0.993456483,0.067,2,325.2774617,0,0,3,4
1,grate,Task B ,2,2,0,-0.128361689,0.05,1,32.62031646,0,0,2,6
1,grate,Task B ,2,1,1,-0.936523369,0.05,2,289.5837839,0,0,2,5
1,grate,Task B ,2,2,0,0.441109926,0.05,1,3.713431179,0,0,2,6
1,grate,Task B ,1,3,1,-0.151627224,0.135,1,83.54288725,0,0,4,2
1,grate,Task B ,1,2,0,1.503070279,0.05,2,99.27282808,0,0,2,3
2,grate,Task B ,2,2,1,2.051844563,0.135,2,228.9588246,0,0,4,6
2,grate,Task B ,1,2,0,0.457197208,0.033,2,270.921549,0,0,1,3
2,grate,Task B ,2,3,1,-1.060672898,0.05,2,79.78427394,0,0,2,7
2,grate,Task B ,1,1,0,1.230993553,0.05,2,221.8299264,0,0,2,4
2,grate,Task B ,1,2,1,-0.066367659,0.135,1,127.122288,0,0,4,3
2,grate,Task B ,1,2,0,-0.837344283,0.05,2,348.716068,0,0,2,3
3,grate,Task B ,1,3,1,-0.199937616,0.067,1,323.3150797,0,0,3,2
3,grate,Task B ,2,3,1,1.612009188,0.05,2,69.19579326,0,0,2,7
3,grate,Task B ,1,1,1,-0.023814706,0.067,1,200.7081531,0,0,3,4
3,grate,Task B ,2,3,0,0.141295037,0.135,1,1.637048271,0,0,4,7
3,grate,Task B ,2,2,1,-1.71672006,0.033,2,21.57045471,0,0,1,6
3,grate,Task B ,1,2,1,0.371895166,0.135,1,80.57303394,0,0,4,3
4,grate,Task B ,2,4,1,-0.972788515,0.067,2,248.5086107,0,0,3,8
4,grate,Task B ,1,4,0,0.221908292,0.135,2,283.4893882,0,0,4,1
4,grate,Task B ,1,4,1,-0.641470601,0.05,1,67.58107425,0,0,2,1
4,grate,Task B ,1,4,1,-0.585987691,0.135,1,321.1454235,0,0,4,1
4,grate,Task B ,1,1,0,0.260892276,0.05,2,62.6781717,0,0,2,4
4,grate,Task B ,2,4,1,-1.700016017,0.067,2,285.7750481,0,0,3,8
5,grate,Task B ,1,1,1,-0.160331301,0.033,1,152.8102674,0,0,1,4
5,grate,Task B ,1,1,0,0.199857613,0.033,2,352.0800932,0,0,1,4
5,grate,Task B ,1,1,1,0.243615395,0.033,1,152.641852,0,0,1,4
5,grate,Task B ,1,3,1,0.792128809,0.067,1,153.0995765,0,0,3,2
5,grate,Task B ,1,1,1,0.155109064,0.033,1,233.5307723,0,0,1,4
5,grate,Task B ,2,4,1,1.729062201,0.067,2,51.3784831,0,0,3,8
6,grate,Task B ,1,3,0,-0.546024603,0.05,2,262.3735304,0,0,2,2
6,grate,Task B ,1,3,1,-0.28447968,0.135,1,184.9730842,0,0,4,2
6,grate,Task B ,2,3,0,-0.175370855,0.033,1,113.5340468,0,0,1,7
6,grate,Task B ,1,3,1,0.151995882,0.033,1,322.0738202,0,0,1,2
6,grate,Task B ,1,3,1,0.169577898,0.067,1,332.1909473,0,0,3,2
6,grate,Task B ,1,1,0,-0.561747083,0.033,2,215.6840997,0,0,1,4
7,grate,Task B ,2,4,1,0.638892299,0.135,2,183.8132588,0,0,4,8
7,grate,Task B ,1,1,0,1.968936776,0.05,2,118.5977813,0,0,2,4
7,grate,Task B ,2,4,0,-0.364928002,0.05,1,225.8539053,0,0,2,8
7,grate,Task B ,2,4,1,1.154319302,0.033,2,357.1107592,0,0,1,8
7,grate,Task B ,1,1,1,-0.021606354,0.033,1,328.1933686,0,0,1,4
7,grate,Task B ,2,4,0,-0.091374545,0.067,1,19.00289639,0,0,3,8
8,grate,Task B ,2,3,0,0.444785987,0.135,1,281.0608377,0,0,4,7
8,grate,Task B ,2,2,1,1.07726444,0.05,2,189.4321881,0,0,2,6
8,grate,Task B ,1,2,0,-0.898250006,0.033,2,147.1140865,0,0,1,3
8,grate,Task B ,1,3,1,-0.002164187,0.05,1,134.8727141,0,0,2,2
8,grate,Task B ,2,4,1,-1.117294223,0.135,2,58.46480813,0,0,4,8
8,grate,Task B ,1,2,0,1.849580965,0.067,2,36.3288127,0,0,3,3
9,grate,Task B ,1,4,1,0.822914139,0.135,1,146.6010879,0,0,4,1
9,grate,Task B ,2,1,1,-0.103034067,0.05,2,272.4075767,0,0,2,5
9,grate,Task B ,2,1,0,-0.153670647,0.05,1,179.6676667,0,0,2,5
9,grate,Task B ,1,2,1,-0.00741283,0.033,1,5.316245655,0,0,1,3
9,grate,Task B ,2,4,1,-1.371709578,0.135,2,70.26781645,0,0,4,8
9,grate,Task B ,2,4,1,1.395544919,0.135,2,67.98177498,0,0,4,8
10,grate,Task B ,1,2,1,-0.271109594,0.135,1,254.5824598,0,0,4,3
10,grate,Task B ,1,1,0,0.348590993,0.033,2,323.6822553,0,0,1,4
10,grate,Task B ,1,1,0,-0.314487848,0.067,2,195.4054353,0,0,3,4
10,grate,Task B ,1,1,1,0.417732067,0.033,1,36.1398498,0,0,1,4
10,grate,Task B ,2,2,1,-0.880073117,0.135,2,269.1299367,0,0,4,6
10,grate,Task B ,2,1,1,-1.405668309,0.067,2,2.596417504,0,0,3,5
1,grate,Task B ,1,3,0,1.622316105,0.05,2,51.48109587,0,0,2,2
1,grate,Task B ,2,2,1,-1.33966791,0.05,2,183.4635673,0,0,2,6
1,grate,Task B ,1,1,1,-0.196327186,0.033,1,318.0738625,0,0,1,4
1,grate,Task B ,2,3,1,1.940870163,0.05,2,158.9442251,0,0,2,7
1,grate,Task B ,1,4,0,0.610765546,0.135,2,96.96214904,0,0,4,1
1,grate,Task B ,1,2,0,-0.298358356,0.135,2,309.5044035,0,0,4,3
2,grate,Task B ,2,1,1,1.340463719,0.067,2,303.8441297,0,0,3,5
2,grate,Task B ,1,4,1,0.380914504,0.135,1,12.4305252,0,0,4,1
2,grate,Task B ,1,3,1,0.472519267,0.05,1,350.256192,0,0,2,2
2,grate,Task B ,2,4,1,1.72018015,0.05,2,349.0513042,0,0,2,8
2,grate,Task B ,2,3,0,-0.000574203,0.135,1,140.4037067,0,0,4,7
2,grate,Task B ,1,2,1,-0.181040358,0.05,1,121.6546153,0,0,2,3
3,grate,Task B ,1,2,0,-1.914028748,0.033,2,301.8277101,0,0,1,3
3,grate,Task B ,2,4,1,-1.266987465,0.067,2,69.67512205,0,0,3,8
3,grate,Task B ,1,1,0,0.682523143,0.067,2,323.7782928,0,0,3,4
3,grate,Task B ,1,1,0,-1.635792541,0.05,2,231.9436536,0,0,2,4
3,grate,Task B ,1,2,1,0.217782968,0.067,1,275.2584668,0,0,3,3
3,grate,Task B ,1,2,0,-0.236933902,0.05,2,291.2606827,0,0,2,3
4,grate,Task B ,1,1,0,0.08435955,0.05,2,30.64224248,0,0,2,4
4,grate,Task B ,2,2,0,0.115977417,0.033,1,246.9771159,0,0,1,6
4,grate,Task B ,2,1,1,-0.257308913,0.033,2,340.2806583,0,0,1,5
4,grate,Task B ,2,4,1,0.829296324,0.067,2,332.4618619,0,0,3,8
4,grate,Task B ,2,1,1,0.291254413,0.033,2,24.25624418,0,0,1,5
4,grate,Task B ,1,1,0,1.960568863,0.033,2,328.5246581,0,0,1,4
5,grate,Task B ,1,4,1,-0.124979014,0.067,1,341.6245482,0,0,3,1
5,grate,Task B ,2,2,0,-0.222555757,0.135,1,23.51540585,0,0,4,6
5,grate,Task B ,1,1,1,0.239937738,0.033,1,175.0192994,0,0,1,4
5,grate,Task B ,1,2,1,-0.23541808,0.033,1,183.2785892,0,0,1,3
5,grate,Task B ,1,3,1,0.489861916,0.067,1,143.922555,0,0,3,2
5,grate,Task B ,1,4,1,0.15247432,0.135,1,189.9345093,0,0,4,1
6,grate,Task B ,2,3,1,2.232176488,0.067,2,80.50790454,0,0,3,7
6,grate,Task B ,2,2,0,-0.32133011,0.033,1,321.4391561,0,0,1,6
6,grate,Task B ,1,3,0,0.782618573,0.067,2,92.9116197,0,0,3,2
6,grate,Task B ,2,3,1,1.528277382,0.067,2,153.5682733,0,0,3,7
6,grate,Task B ,2,3,0,-0.004001375,0.033,1,358.3406288,0,0,1,7
6,grate,Task B ,2,3,0,0.148887244,0.033,1,214.5997416,0,0,1,7
7,grate,Task B ,2,1,0,-0.179606643,0.033,1,289.4849617,0,0,1,5
7,grate,Task B ,1,4,0,2.058399412,0.033,2,257.3734572,0,0,1,1
7,grate,Task B ,2,4,1,3.313228844,0.033,2,41.33174504,0,0,1,8
7,grate,Task B ,2,4,1,-0.417406826,0.067,2,98.29784533,0,0,3,8
7,grate,Task B ,1,4,0,2.069491511,0.05,2,107.1957522,0,0,2,1
7,grate,Task B ,2,4,1,1.344398775,0.05,2,88.08086462,0,0,2,8
8,grate,Task B ,2,3,1,-1.829066687,0.05,2,11.38209469,0,0,2,7
8,grate,Task B ,2,2,0,-0.234396284,0.067,1,29.99088334,0,0,3,6
8,grate,Task B ,1,4,1,0.42540868,0.135,1,271.7504321,0,0,4,1
8,grate,Task B ,1,4,1,-0.104170154,0.135,1,105.2567152,0,0,4,1
8,grate,Task B ,2,3,0,-0.369561317,0.067,1,90.64448332,0,0,3,7
8,grate,Task B ,1,1,0,-0.011384156,0.033,2,347.9947133,0,0,1,4
9,grate,Task B ,1,2,0,-0.704492085,0.033,2,12.43941754,0,0,1,3
9,grate,Task B ,1,4,1,0.337863394,0.067,1,290.2407718,0,0,3,1
9,grate,Task B ,1,1,0,-0.392346277,0.033,2,115.1480477,0,0,1,4
9,grate,Task B ,1,4,1,0.060112466,0.135,1,181.4545458,0,0,4,1
9,grate,Task B ,1,4,0,-1.246989834,0.135,2,15.75769001,0,0,4,1
9,grate,Task B ,1,3,1,-0.401541798,0.067,1,46.58658003,0,0,3,2
10,grate,Task B ,2,3,1,-1.479509209,0.05,2,185.8793818,0,0,2,7
10,grate,Task B ,1,1,1,-0.495651231,0.033,1,38.38218417,0,0,1,4
10,grate,Task B ,2,2,1,1.697959441,0.135,2,342.4283514,0,0,4,6
10,grate,Task B ,1,2,1,0.372469839,0.033,1,308.8672882,0,0,1,3
10,grate,Task B ,1,1,1,-0.057538268,0.033,1,279.7259397,0,0,1,4
10,grate,Task B ,1,2,0,0.101536955,0.135,2,320.0183138,0,0,4,3
1,grate,Task B ,1,1,1,-0.219161946,0.05,1,282.4736881,0,0,2,4
1,grate,Task B ,1,4,1,-0.18266881,0.135,1,256.5440475,0,0,4,1
1,grate,Task B ,1,4,1,-0.11077837,0.135,1,52.02429216,0,0,4,1
1,grate,Task B ,1,2,1,-0.161098574,0.135,1,276.4285406,0,0,4,3
1,grate,Task B ,1,3,1,-0.43439278,0.05,1,342.2234117,0,0,2,2
1,grate,Task B ,2,4,1,2.048192164,0.135,2,30.55996951,0,0,4,8
2,grate,Task B ,1,1,1,0.022760704,0.033,1,199.1529507,0,0,1,4
2,grate,Task B ,2,3,1,-1.293294276,0.135,2,89.26709376,0,0,4,7
2,grate,Task B ,2,3,0,0.109233868,0.135,1,157.7523134,0,0,4,7
2,grate,Task B ,1,2,0,1.163420435,0.033,2,232.2283488,0,0,1,3
2,grate,Task B ,1,1,1,-0.027910391,0.033,1,126.9348421,0,0,1,4
2,grate,Task B ,1,3,1,0.195345481,0.05,1,27.07357795,0,0,2,2
3,grate,Task B ,2,4,1,1.320735098,0.067,2,9.398924887,0,0,3,8
3,grate,Task B ,1,4,1,0.14926147,0.067,1,355.8460577,0,0,3,1
3,grate,Task B ,1,2,0,0.81823781,0.033,2,20.87671359,0,0,1,3
3,grate,Task B ,1,1,0,-1.034725525,0.033,2,308.098461,0,0,1,4
3,grate,Task B ,1,2,1,-0.118298892,0.05,1,91.3520857,0,0,2,3
3,grate,Task B ,2,4,1,1.868145397,0.135,2,1.746889443,0,0,4,8
4,grate,Task B ,1,3,1,0.506580451,0.067,1,235.7496022,0,0,3,2
4,grate,Task B ,2,2,0,0.43386312,0.05,1,35.62380367,0,0,2,6
4,grate,Task B ,1,3,1,0.277653384,0.135,1,259.9205244,0,0,4,2
4,grate,Task B ,2,4,1,-1.932607719,0.135,2,283.040032,0,0,4,8
4,grate,Task B ,2,3,1,-1.260894246,0.05,2,292.2794548,0,0,2,7
4,grate,Task B ,1,2,0,2.411159898,0.033,2,118.9751895,0,0,1,3
5,grate,Task B ,1,4,1,-0.02069673,0.135,1,137.2648178,0,0,4,1
5,grate,Task B ,1,4,0,0.354613849,0.135,2,90.51110743,0,0,4,1
5,grate,Task B ,2,4,1,-0.965951831,0.067,2,224.8072647,0,0,3,8
5,grate,Task B ,2,4,1,-1.904082568,0.05,2,227.865775,0,0,2,8
5,grate,Task B ,1,4,1,-0.441422209,0.135,1,77.17254317,0,0,4,1
5,grate,Task B ,2,4,1,-1.255190964,0.05,2,61.99493899,0,0,2,8
6,grate,Task B ,1,1,1,-0.628639063,0.033,1,111.2094419,0,0,1,4
6,grate,Task B ,2,3,0,-0.350575685,0.033,1,5.846729162,0,0,1,7
6,grate,Task B ,2,1,0,-0.396542617,0.033,1,61.2885384,0,0,1,5
6,grate,Task B ,2,3,1,2.277265697,0.05,2,270.4746931,0,0,2,7
6,grate,Task B ,2,3,1,1.527246081,0.067,2,245.4269269,0,0,3,7
6,grate,Task B ,1,1,0,-0.773419683,0.05,2,229.9639163,0,0,2,4
7,grate,Task B ,1,4,0,-1.478122389,0.067,2,224.7243449,0,0,3,1
7,grate,Task B ,1,4,1,0.12704921,0.135,1,261.83661,0,0,4,1
7,grate,Task B ,1,4,1,0.022876819,0.05,1,82.39149064,0,0,2,1
7,grate,Task B ,1,4,0,-0.131221197,0.135,2,308.3192193,0,0,4,1
7,grate,Task B ,1,4,1,-0.175509552,0.067,1,309.7601775,0,0,3,1
7,grate,Task B ,1,4,1,0.274709515,0.135,1,339.460567,0,0,4,1
8,grate,Task B ,1,1,0,0.992118497,0.05,2,6.824343651,0,0,2,4
8,grate,Task B ,2,1,1,-2.25467028,0.033,2,149.4965312,0,0,1,5
8,grate,Task B ,1,2,1,0.049122266,0.05,1,193.9032596,0,0,2,3
8,grate,Task B ,1,4,1,0.277086357,0.135,1,227.0125516,0,0,4,1
8,grate,Task B ,1,1,1,0.472739654,0.033,1,212.4116839,0,0,1,4
8,grate,Task B ,2,1,1,-1.45478086,0.05,2,279.7706011,0,0,2,5
9,grate,Task B ,2,4,1,-1.575541002,0.135,2,354.629144,0,0,4,8
9,grate,Task B ,1,4,0,0.11310023,0.135,2,108.8355618,0,0,4,1
9,grate,Task B ,2,1,1,-0.934904372,0.033,2,106.7641041,0,0,1,5
9,grate,Task B ,1,1,0,0.43793092,0.033,2,92.65641301,0,0,1,4
9,grate,Task B ,1,2,1,0.502167113,0.033,1,41.00609048,0,0,1,3
9,grate,Task B ,2,4,1,-2.026903424,0.033,2,171.0146274,0,0,1,8
10,grate,Task B ,2,2,1,-0.401999994,0.135,2,352.3463724,0,0,4,6
10,grate,Task B ,1,1,0,-2.813098958,0.033,2,31.93208336,0,0,1,4
10,grate,Task B ,1,2,1,0.767435407,0.033,1,105.8787043,0,0,1,3
10,grate,Task B ,1,1,1,-0.451076733,0.067,1,167.4195059,0,0,3,4
10,grate,Task B ,1,1,1,0.179731433,0.067,1,184.4778744,0,0,3,4
10,grate,Task B ,1,1,1,0.028717038,0.135,1,61.5719835,0,0,4,4
1,grate,Task B ,2,4,1,1.966956688,0.135,2,176.5782043,0,0,4,8
1,grate,Task B ,2,4,1,1.06605049,0.135,2,334.5442084,0,0,4,8
1,grate,Task B ,2,3,1,-1.993933205,0.067,2,332.837548,0,0,3,7
1,grate,Task B ,1,2,1,-0.117759464,0.05,1,258.7994832,0,0,2,3
1,grate,Task B ,1,1,0,-1.576938525,0.033,2,260.7557795,0,0,1,4
1,grate,Task B ,1,1,0,-1.342043271,0.033,2,296.9094868,0,0,1,4
2,grate,Task B ,1,1,1,0.237924443,0.05,1,204.2157326,0,0,2,4
2,grate,Task B ,1,1,1,0.255517582,0.135,1,105.5257878,0,0,4,4
2,grate,Task B ,2,3,0,-0.168081733,0.033,1,278.3814075,0,0,1,7
2,grate,Task B ,2,4,1,-1.485083461,0.135,2,353.282195,0,0,4,8
2,grate,Task B ,1,2,1,-0.44603403,0.033,1,186.0124003,0,0,1,3
2,grate,Task B ,2,3,1,1.150548471,0.135,2,137.8222499,0,0,4,7
3,grate,Task B ,2,2,0,-0.002732845,0.033,1,206.1376893,0,0,1,6
3,grate,Task B ,2,2,0,-0.336877239,0.05,1,38.80836477,0,0,2,6
3,grate,Task B ,1,1,0,-0.460091293,0.033,2,11.03930109,0,0,1,4
3,grate,Task B ,1,2,1,0.244047399,0.067,1,125.9193661,0,0,3,3
3,grate,Task B ,1,1,1,0.194249068,0.05,1,145.0846761,0,0,2,4
3,grate,Task B ,1,4,0,-0.261089885,0.067,2,287.4089814,0,0,3,1
4,grate,Task B ,2,4,0,0.628902751,0.135,1,25.37891454,0,0,4,8
4,grate,Task B ,1,2,0,1.753507727,0.05,2,37.84304725,0,0,2,3
4,grate,Task B ,2,4,1,1.599434331,0.067,2,267.9517088,0,0,3,8
4,grate,Task B ,2,4,1,1.079298801,0.135,2,117.977652,0,0,4,8
4,grate,Task B ,1,1,1,0.266803205,0.05,1,217.307344,0,0,2,4
4,grate,Task B ,1,3,1,-0.18805389,0.135,1,112.2392256,0,0,4,2
5,grate,Task B ,1,4,1,-0.065869562,0.135,1,223.5262052,0,0,4,1
5,grate,Task B ,1,4,1,0.010252934,0.135,1,262.3451608,0,0,4,1
5,grate,Task B ,1,4,1,0.030183724,0.067,1,343.9193371,0,0,3,1
5,grate,Task B ,2,4,1,1.148447948,0.135,2,13.48884585,0,0,4,8
5,grate,Task B ,1,2,0,2.419561662,0.033,2,63.67093586,0,0,1,3
5,grate,Task B ,2,4,0,-0.716672401,0.135,1,291.0391262,0,0,4,8
6,grate,Task B ,1,3,1,-0.219724437,0.067,1,225.2935212,0,0,3,2
6,grate,Task B ,1,3,1,-0.258795377,0.033,1,210.4916586,0,0,1,2
6,grate,Task B ,1,2,1,0.241825375,0.05,1,71.27163608,0,0,2,3
6,grate,Task B ,2,3,0,-0.275613667,0.135,1,15.97664351,0,0,4,7
6,grate,Task B ,1,3,0,-0.582023884,0.033,2,282.1977323,0,0,1,2
6,grate,Task B ,2,3,1,0.832743332,0.135,2,146.6705223,0,0,4,7
7,grate,Task B ,2,4,1,-1.570379525,0.135,2,203.8443645,0,0,4,8
7,grate,Task B ,1,4,1,-0.297192142,0.033,1,300.4324884,0,0,1,1
7,grate,Task B ,1,4,1,-0.425299766,0.05,1,234.7229496,0,0,2,1
7,grate,Task B ,2,4,1,-1.284141048,0.067,2,17.71088484,0,0,3,8
7,grate,Task B ,2,1,0,-0.165984227,0.033,1,109.0777515,0,0,1,5
7,grate,Task B ,2,4,0,-0.007395715,0.067,1,278.4928929,0,0,3,8
8,grate,Task B ,1,2,1,0.113294005,0.05,1,329.961282,0,0,2,3
8,grate,Task B ,2,1,1,-1.255720209,0.033,2,310.3814512,0,0,1,5
8,grate,Task B ,1,2,0,0.253762833,0.033,2,132.6390736,0,0,1,3
8,grate,Task B ,1,1,0,0.255904912,0.033,2,324.1530492,0,0,1,4
8,grate,Task B ,2,3,0,-0.017163458,0.067,1,100.4968766,0,0,3,7
8,grate,Task B ,2,1,0,0.464313024,0.033,1,260.9576418,0,0,1,5
9,grate,Task B ,1,4,0,0.038158396,0.067,2,161.3517239,0,0,3,1
9,grate,Task B ,2,4,1,1.887924175,0.135,2,338.5010453,0,0,4,8
9,grate,Task B ,2,3,1,0.102114924,0.067,2,187.2691611,0,0,3,7
9,grate,Task B ,1,4,0,1.018539602,0.067,2,350.053332,0,0,3,1
9,grate,Task B ,2,4,1,-1.484228911,0.135,2,241.2633293,0,0,4,8
9,grate,Task B ,1,1,0,-0.232644429,0.033,2,34.22963674,0,0,1,4
10,grate,Task B ,1,1,0,1.608927877,0.05,2,214.7267196,0,0,2,4
10,grate,Task B ,1,1,0,1.783075227,0.05,2,19.13159502,0,0,2,4
10,grate,Task B ,1,1,0,1.549282226,0.05,2,232.0553008,0,0,2,4
10,grate,Task B ,1,1,0,0.141782687,0.05,2,36.44673735,0,0,2,4
10,grate,Task B ,1,2,0,0.262822296,0.067,2,311.0153212,0,0,3,3
10,grate,Task B ,1,2,1,-0.174043317,0.135,1,139.5787224,0,0,4,3
1,grate,Task B ,1,3,1,-0.136876892,0.05,1,155.4743469,0,0,2,2
1,grate,Task B ,1,3,1,0.041779515,0.067,1,336.5579728,0,0,3,2
1,grate,Task B ,2,1,1,-1.324656684,0.033,2,344.1621837,0,0,1,5
1,grate,Task B ,1,3,1,-0.281640712,0.135,1,58.25187897,0,0,4,2
1,grate,Task B ,1,2,0,0.73543668,0.05,2,51.29785209,0,0,2,3
1,grate,Task B ,2,1,1,3.483680469,0.05,2,161.0199633,0,0,2,5
2,grate,Task B ,1,1,1,0.489793179,0.067,1,12.74332187,0,0,3,4
2,grate,Task B ,1,4,1,0.276502296,0.135,1,341.3499794,0,0,4,1
2,grate,Task B ,1,4,0,0.488092071,0.135,2,273.5260226,0,0,4,1
2,grate,Task B ,1,3,1,0.351318529,0.067,1,176.690669,0,0,3,2
2,grate,Task B ,1,1,1,0.169663117,0.05,1,346.1488878,0,0,2,4
2,grate,Task B ,1,2,1,-0.266127101,0.033,1,152.2186745,0,0,1,3
3,grate,Task B ,2,1,1,-2.461530118,0.033,2,245.5962432,0,0,1,5
3,grate,Task B ,2,2,1,-1.300164739,0.033,2,296.210053,0,0,1,6
3,grate,Task B ,1,1,0,0.932430894,0.033,2,195.5297231,0,0,1,4
3,grate,Task B ,2,1,0,0.113283666,0.067,1,153.838022,0,0,3,5
3,grate,Task B ,2,3,1,1.859729924,0.05,2,125.0789599,0,0,2,7
3,grate,Task B ,1,2,1,0.482430446,0.05,1,115.4612993,0,0,2,3
4,grate,Task B ,1,3,0,0.435144731,0.135,2,112.9777917,0,0,4,2
4,grate,Task B ,1,1,0,-0.643210029,0.033,2,284.9997683,0,0,1,4
4,grate,Task B ,2,3,1,0.628550823,0.135,2,214.8751291,0,0,4,7
4,grate,Task B ,1,1,0,-0.734419724,0.033,2,47.02914259,0,0,1,4
4,grate,Task B ,2,2,0,0.099499131,0.05,1,27.78065831,0,0,2,6
4,grate,Task B ,2,2,1,1.410623146,0.067,2,187.9966396,0,0,3,6
5,grate,Task B ,1,2,1,0.592967348,0.067,1,229.2063759,0,0,3,3
5,grate,Task B ,2,4,1,-1.277255548,0.067,2,52.24969942,0,0,3,8
5,grate,Task B ,1,3,0,-0.214226673,0.067,2,130.0939524,0,0,3,2
5,grate,Task B ,1,4,1,0.040809966,0.135,1,214.4798934,0,0,4,1
5,grate,Task B ,2,4,1,1.673699599,0.067,2,220.0080195,0,0,3,8
5,grate,Task B ,1,4,1,0.377209011,0.033,1,187.3685949,0,0,1,1
6,grate,Task B ,1,2,0,1.7558598,0.033,2,225.3276727,0,0,1,3
6,grate,Task B ,1,3,1,0.075794085,0.067,1,191.3363432,0,0,3,2
6,grate,Task B ,1,3,1,0.01954545,0.067,1,68.66343476,0,0,3,2
6,grate,Task B ,2,3,1,-0.178435295,0.067,2,157.7749027,0,0,3,7
6,grate,Task B ,1,3,0,-1.405577987,0.135,2,284.0234086,0,0,4,2
6,grate,Task B ,2,1,1,0.699890346,0.033,2,162.9792123,0,0,1,5
7,grate,Task B ,2,4,1,2.902410705,0.135,2,261.9564165,0,0,4,8
7,grate,Task B ,1,4,1,0.375355798,0.135,1,150.9301673,0,0,4,1
7,grate,Task B ,1,4,0,0.115598309,0.033,2,153.8274329,0,0,1,1
7,grate,Task B ,2,4,0,-0.098950444,0.05,1,112.4341833,0,0,2,8
7,grate,Task B ,1,4,1,0.124631962,0.05,1,238.2864282,0,0,2,1
7,grate,Task B ,2,4,1,-0.214781283,0.033,2,324.0956793,0,0,1,8
8,grate,Task B ,2,3,1,-0.918586626,0.05,2,114.4610826,0,0,2,7
8,grate,Task B ,2,3,1,0.933983599,0.067,2,154.4754079,0,0,3,7
8,grate,Task B ,1,1,1,0.24936471,0.033,1,101.6518145,0,0,1,4
8,grate,Task B ,1,1,0,-0.066938842,0.033,2,346.6415535,0,0,1,4
8,grate,Task B ,2,3,1,-0.445695684,0.05,2,163.6908283,0,0,2,7
8,grate,Task B ,2,4,1,1.329368722,0.135,2,292.2368631,0,0,4,8
9,grate,Task B ,2,4,0,0.869415692,0.135,1,58.82403173,0,0,4,8
9,grate,Task B ,2,2,1,-1.922935334,0.05,2,267.0028472,0,0,2,6
9,grate,Task B ,1,4,1,-0.000787799,0.135,1,26.52982367,0,0,4,1
9,grate,Task B ,1,4,0,-0.714528324,0.135,2,2.421424538,0,0,4,1
9,grate,Task B ,2,4,1,-1.163243807,0.135,2,91.55822096,0,0,4,8
9,grate,Task B ,1,4,1,-0.002003945,0.135,1,183.2056967,0,0,4,1
10,grate,Task B ,1,3,1,0.146122094,0.05,1,346.2802453,0,0,2,2
10,grate,Task B ,1,1,1,0.31560515,0.05,1,190.4053528,0,0,2,4
10,grate,Task B ,2,2,1,0.527935964,0.05,2,118.430295,0,0,2,6
10,grate,Task B ,1,2,1,-0.02999916,0.067,1,317.5732407,0,0,3,3
10,grate,Task B ,1,1,1,-0.412121839,0.135,1,179.5261124,0,0,4,4
10,grate,Task B ,1,2,1,0.360161627,0.135,1,174.0370692,0,0,4,3
1,grate,Task B ,1,1,0,1.718677774,0.033,2,299.0507869,0,0,1,4
1,grate,Task B ,1,1,0,-0.499840813,0.033,2,56.68083428,0,0,1,4
1,grate,Task B ,1,4,1,0.141242595,0.135,1,111.424384,0,0,4,1
1,grate,Task B ,1,3,1,0.268261064,0.067,1,188.4179283,0,0,3,2
1,grate,Task B ,1,3,1,-0.103026338,0.135,1,325.6451908,0,0,4,2
1,grate,Task B ,2,1,1,1.503567243,0.05,2,243.8263186,0,0,2,5
2,grate,Task B ,1,1,1,0.011765373,0.033,1,119.0197179,0,0,1,4
2,grate,Task B ,2,3,0,-0.046596396,0.067,1,259.7159853,0,0,3,7
2,grate,Task B ,1,1,0,-2.184327696,0.067,2,177.4747467,0,0,3,4
2,grate,Task B ,2,1,0,0.612312346,0.033,1,44.60993665,0,0,1,5
2,grate,Task B ,1,2,1,0.084626131,0.067,1,246.3867309,0,0,3,3
2,grate,Task B ,2,2,1,-0.155770042,0.05,2,120.844815,0,0,2,6
3,grate,Task B ,2,4,1,1.19214202,0.135,2,144.0791819,0,0,4,8
3,grate,Task B ,1,2,1,0.113085486,0.033,1,30.46995903,0,0,1,3
3,grate,Task B ,2,1,1,-0.444962326,0.033,2,315.6769187,0,0,1,5
3,grate,Task B ,1,4,0,0.144056708,0.135,2,253.7431838,0,0,4,1
3,grate,Task B ,2,4,1,2.989098885,0.135,2,297.5018601,0,0,4,8
3,grate,Task B ,1,2,1,-0.390181123,0.033,1,141.7169664,0,0,1,3
4,grate,Task B ,1,3,0,-0.657327741,0.05,2,187.5604017,0,0,2,2
4,grate,Task B ,2,1,1,2.057891033,0.067,2,168.4470125,0,0,3,5
4,grate,Task B ,1,3,0,1.536868668,0.033,2,291.6968258,0,0,1,2
4,grate,Task B ,1,3,0,0.614617962,0.067,2,224.3363066,0,0,3,2
4,grate,Task B ,1,2,0,0.927522659,0.05,2,203.1475076,0,0,2,3
4,grate,Task B ,1,3,1,-0.099547053,0.067,1,36.89806749,0,0,3,2
5,grate,Task B ,1,1,1,0.045969592,0.067,1,287.3334502,0,0,3,4
5,grate,Task B ,1,2,1,-0.19837039,0.033,1,222.5021179,0,0,1,3
5,grate,Task B ,1,3,1,0.34188469,0.135,1,206.4381785,0,0,4,2
5,grate,Task B ,1,1,0,-1.861300606,0.033,2,346.4761914,0,0,1,4
5,grate,Task B ,1,2,0,0.790111185,0.05,2,231.6265964,0,0,2,3
5,grate,Task B ,2,4,1,-1.043635298,0.135,2,90.9424741,0,0,4,8
6,grate,Task B ,2,3,1,0.51712146,0.067,2,67.95492804,0,0,3,7
6,grate,Task B ,1,3,1,-0.364439744,0.05,1,229.1213697,0,0,2,2
6,grate,Task B ,2,3,1,1.08017925,0.135,2,269.4434462,0,0,4,7
6,grate,Task B ,2,1,1,-0.927367634,0.033,2,143.3673248,0,0,1,5
6,grate,Task B ,1,3,1,0.048761497,0.033,1,30.30510122,0,0,1,2
6,grate,Task B ,1,2,0,0.835376628,0.033,2,206.1112149,0,0,1,3
7,grate,Task B ,1,4,1,0.435960089,0.05,1,357.230025,0,0,2,1
7,grate,Task B ,1,4,1,-0.143193855,0.05,1,133.4447977,0,0,2,1
7,grate,Task B ,1,4,0,0.878626923,0.05,2,120.5888461,0,0,2,1
7,grate,Task B ,1,4,1,-0.007850156,0.067,1,348.3108806,0,0,3,1
7,grate,Task B ,1,4,0,0.066179317,0.033,2,249.8585392,0,0,1,1
7,grate,Task B ,1,4,1,0.206982345,0.135,1,144.7053668,0,0,4,1
8,grate,Task B ,1,3,0,0.855057909,0.067,2,37.02698208,0,0,3,2
8,grate,Task B ,2,4,1,2.840633443,0.135,2,138.7185805,0,0,4,8
8,grate,Task B ,2,3,0,-0.201956672,0.067,1,4.031828166,0,0,3,7
8,grate,Task B ,1,4,1,0.191566013,0.135,1,292.3918732,0,0,4,1
8,grate,Task B ,2,1,0,-0.00560682,0.05,1,166.7035476,0,0,2,5
8,grate,Task B ,2,4,1,-1.427334022,0.135,2,334.5898789,0,0,4,8
9,grate,Task B ,1,1,1,-0.084941744,0.033,1,274.93827,0,0,1,4
9,grate,Task B ,2,1,1,0.836839346,0.033,2,32.3787387,0,0,1,5
9,grate,Task B ,1,2,0,-1.397458262,0.067,2,166.2770495,0,0,3,3
9,grate,Task B ,2,4,0,0.093279578,0.067,1,67.21486416,0,0,3,8
9,grate,Task B ,2,1,0,0.111319779,0.033,1,344.8148314,0,0,1,5
9,grate,Task B ,1,1,1,-0.179409365,0.033,1,43.18567602,0,0,1,4
10,grate,Task B ,2,2,1,1.774361219,0.135,2,63.60897385,0,0,4,6
10,grate,Task B ,2,2,0,-0.345688679,0.067,1,3.977349396,0,0,3,6
10,grate,Task B ,1,2,0,-1.075281002,0.05,2,336.0330351,0,0,2,3
10,grate,Task B ,1,1,1,0.029860069,0.033,1,271.3975388,0,0,1,4
10,grate,Task B ,1,1,1,0.678172926,0.135,1,201.9205798,0,0,4,4
10,grate,Task B ,1,1,0,2.279831492,0.033,2,58.39886572,0,0,1,4
1,grate,Task B ,1,3,0,-0.802212085,0.067,2,193.1332567,0,0,3,2
1,grate,Task B ,1,3,1,0.086490187,0.05,1,27.70910035,0,0,2,2
1,grate,Task B ,1,2,1,-0.093816984,0.135,1,183.3138829,0,0,4,3
1,grate,Task B ,1,2,0,-0.394333877,0.135,2,121.0263005,0,0,4,3
1,grate,Task B ,1,2,0,0.609804583,0.05,2,52.95980038,0,0,2,3
1,grate,Task B ,1,2,0,-0.247664736,0.067,2,325.5460662,0,0,3,3
2,grate,Task B ,2,2,1,2.856066499,0.033,2,45.74688524,0,0,1,6
2,grate,Task B ,1,3,1,0.122324512,0.135,1,267.1904111,0,0,4,2
2,grate,Task B ,1,1,0,2.533233211,0.05,2,252.1730929,0,0,2,4
2,grate,Task B ,1,1,1,-0.788776977,0.05,1,212.1638906,0,0,2,4
2,grate,Task B ,1,2,1,-0.099272065,0.033,1,229.2887576,0,0,1,3
2,grate,Task B ,1,2,0,-0.527366886,0.05,2,311.0596042,0,0,2,3
3,grate,Task B ,2,3,0,-0.125650808,0.033,1,8.574551446,0,0,1,7
3,grate,Task B ,2,4,1,-1.137068256,0.135,2,74.02404308,0,0,4,8
3,grate,Task B ,2,3,0,-0.479093973,0.135,1,95.11030666,0,0,4,7
3,grate,Task B ,2,2,1,0.985410109,0.033,2,125.1923228,0,0,1,6
3,grate,Task B ,2,2,1,-0.361148702,0.05,2,24.62739199,0,0,2,6
3,grate,Task B ,1,3,1,-0.190613126,0.067,1,43.69323774,0,0,3,2
4,grate,Task B ,2,1,1,-0.431220694,0.05,2,10.09865262,0,0,2,5
4,grate,Task B ,1,4,1,-0.281334194,0.05,1,170.2565723,0,0,2,1
4,grate,Task B ,2,4,1,2.672277631,0.05,2,226.2282602,0,0,2,8
4,grate,Task B ,1,2,1,-0.534614807,0.033,1,274.3194729,0,0,1,3
4,grate,Task B ,2,3,1,-2.31291564,0.067,2,127.1779561,0,0,3,7
4,grate,Task B ,1,1,0,0.131813294,0.033,2,305.3789751,0,0,1,4
5,grate,Task B ,1,2,1,0.018328421,0.05,1,192.9778189,0,0,2,3
5,grate,Task B ,1,4,1,-0.140151389,0.033,1,128.9833836,0,0,1,1
5,grate,Task B ,1,3,1,-0.222894736,0.135,1,95.962849,0,0,4,2
5,grate,Task B ,1,2,0,0.057095156,0.135,2,278.3439775,0,0,4,3
5,grate,Task B ,1,2,1,0.171937169,0.067,1,352.7701686,0,0,3,3
5,grate,Task B ,1,4,1,-0.099152921,0.067,1,165.3140638,0,0,3,1
6,grate,Task B ,1,3,0,-0.717568941,0.05,2,217.1144897,0,0,2,2
6,grate,Task B ,1,3,1,0.293635609,0.067,1,169.4550209,0,0,3,2
6,grate,Task B ,2,3,1,0.055356649,0.135,2,106.5707717,0,0,4,7
6,grate,Task B ,1,3,1,-0.321693436,0.135,1,307.0402919,0,0,4,2
6,grate,Task B ,2,3,1,-0.600137794,0.05,2,164.6711226,0,0,2,7
6,grate,Task B ,2,3,1,-0.399713311,0.135,2,181.7698548,0,0,4,7
7,grate,Task B ,2,4,0,-0.271914413,0.135,1,80.765889,0,0,4,8
7,grate,Task B ,2,4,1,2.711380592,0.067,2,144.964265,0,0,3,8
7,grate,Task B ,1,4,1,0.409412034,0.135,1,140.1464932,0,0,4,1
7,grate,Task B ,1,1,1,-0.424245757,0.135,1,189.7627552,0,0,4,4
7,grate,Task B ,2,4,0,-0.260421769,0.135,1,156.6225387,0,0,4,8
7,grate,Task B ,2,4,1,-1.305810345,0.135,2,306.4706898,0,0,4,8
8,grate,Task B ,2,4,1,0.930651686,0.135,2,90.75172167,0,0,4,8
8,grate,Task B ,2,4,1,2.017814501,0.135,2,311.0517291,0,0,4,8
8,grate,Task B ,2,2,0,-0.461754356,0.05,1,131.2526656,0,0,2,6
8,grate,Task B ,1,1,0,0.261955956,0.05,2,108.5073919,0,0,2,4
8,grate,Task B ,2,1,1,-0.504100067,0.033,2,22.29138559,0,0,1,5
8,grate,Task B ,1,1,1,0.045449468,0.05,1,125.4963664,0,0,2,4
9,grate,Task B ,1,4,1,0.182891669,0.135,1,1.832268076,0,0,4,1
9,grate,Task B ,1,4,1,-0.47289785,0.135,1,104.8870584,0,0,4,1
9,grate,Task B ,2,1,0,0.350625975,0.033,1,292.1829288,0,0,1,5
9,grate,Task B ,1,2,0,-0.100687038,0.033,2,156.4176971,0,0,1,3
9,grate,Task B ,1,1,1,0.15432678,0.05,1,121.4179167,0,0,2,4
9,grate,Task B ,1,1,0,-0.229219868,0.05,2,213.9515394,0,0,2,4
10,grate,Task B ,1,1,0,0.868680136,0.033,2,269.6526937,0,0,1,4
10,grate,Task B ,2,2,1,0.115939287,0.067,2,219.9118027,0,0,3,6
10,grate,Task B ,1,1,0,-2.231782552,0.05,2,354.9682128,0,0,2,4
10,grate,Task B ,1,1,1,0.037996891,0.05,1,112.6127665,0,0,2,4
10,grate,Task B ,1,1,0,-0.398392865,0.033,2,8.552418286,0,0,1,4
10,grate,Task B ,1,2,1,0.084843434,0.135,1,337.083809,0,0,4,3
1,grate,Task B ,1,3,1,-0.249141929,0.067,1,283.4704812,0,0,3,2
1,grate,Task B ,1,3,1,0.201145071,0.05,1,39.37713833,0,0,2,2
1,grate,Task B ,2,1,1,2.52235555,0.033,2,224.8601845,0,0,1,5
1,grate,Task B ,2,2,1,1.829779507,0.067,2,106.0614736,0,0,3,6
1,grate,Task B ,1,2,0,-1.129850782,0.033,2,90.7477432,0,0,1,3
1,grate,Task B ,2,1,1,-1.627274657,0.05,2,181.7659068,0,0,2,5
2,grate,Task B ,1,1,0,-0.814224566,0.067,2,171.1321578,0,0,3,4
2,grate,Task B ,1,1,1,-0.049651406,0.033,1,174.2177572,0,0,1,4
2,grate,Task B ,1,4,1,-0.319922425,0.05,1,93.31995318,0,0,2,1
2,grate,Task B ,1,2,0,-1.307685425,0.033,2,206.9481829,0,0,1,3
2,grate,Task B ,1,1,0,-0.147097322,0.033,2,81.66425082,0,0,1,4
2,grate,Task B ,1,2,1,0.071510614,0.033,1,31.0871483,0,0,1,3
3,grate,Task B ,1,2,1,0.357956517,0.067,1,262.7978792,0,0,3,3
3,grate,Task B ,1,4,1,0.241785768,0.135,1,146.3648767,0,0,4,1
3,grate,Task B ,1,2,0,-0.422029379,0.135,2,252.3115439,0,0,4,3
3,grate,Task B ,1,1,0,0.135758756,0.067,2,23.28367338,0,0,3,4
3,grate,Task B ,1,2,1,-0.119358723,0.135,1,92.99216274,0,0,4,3
3,grate,Task B ,1,3,0,0.49241519,0.135,2,163.0492422,0,0,4,2
4,grate,Task B ,1,3,1,-0.222184738,0.135,1,279.464647,0,0,4,2
4,grate,Task B ,1,2,0,0.616083312,0.033,2,93.32478005,0,0,1,3
4,grate,Task B ,2,4,0,0.665115099,0.135,1,32.28702376,0,0,4,8
4,grate,Task B ,1,4,1,-0.128201615,0.135,1,283.8436685,0,0,4,1
4,grate,Task B ,1,3,1,-0.137268758,0.135,1,101.7630626,0,0,4,2
4,grate,Task B ,1,1,0,1.647290969,0.05,2,90.99185703,0,0,2,4
5,grate,Task B ,2,2,0,0.323655891,0.033,1,8.611577786,0,0,1,6
5,grate,Task B ,1,4,1,0.215502069,0.067,1,112.2884219,0,0,3,1
5,grate,Task B ,1,4,0,-0.18840192,0.05,2,235.3924064,0,0,2,1
5,grate,Task B ,1,4,1,0.038547353,0.05,1,283.3030075,0,0,2,1
5,grate,Task B ,1,3,1,-0.055876737,0.05,1,130.3949552,0,0,2,2
5,grate,Task B ,2,4,1,0.434759596,0.067,2,20.08149631,0,0,3,8
6,grate,Task B ,1,3,1,0.289154563,0.135,1,345.0224513,0,0,4,2
6,grate,Task B ,1,3,1,0.223588405,0.05,1,6.076173903,0,0,2,2
6,grate,Task B ,2,3,0,-0.339753547,0.033,1,223.8866563,0,0,1,7
6,grate,Task B ,1,2,0,1.231780477,0.033,2,237.9258018,0,0,1,3
6,grate,Task B ,1,3,1,0.074431042,0.033,1,0.527626597,0,0,1,2
6,grate,Task B ,1,1,1,-0.276899889,0.033,1,338.4683753,0,0,1,4
7,grate,Task B ,2,4,0,0.725605012,0.033,1,78.33812352,0,0,1,8
7,grate,Task B ,1,4,1,0.288003796,0.135,1,41.75531425,0,0,4,1
7,grate,Task B ,1,4,1,-0.562186707,0.05,1,328.1505957,0,0,2,1
7,grate,Task B ,1,4,1,0.197124008,0.033,1,56.59441995,0,0,1,1
7,grate,Task B ,1,4,0,0.598490459,0.05,2,120.686635,0,0,2,1
7,grate,Task B ,2,4,0,-0.206816468,0.033,1,353.7062913,0,0,1,8
8,grate,Task B ,2,4,1,-0.03982037,0.135,2,349.0329318,0,0,4,8
8,grate,Task B ,2,4,1,0.97102467,0.135,2,0.815532213,0,0,4,8
8,grate,Task B ,1,2,1,-0.282242406,0.05,1,334.6164697,0,0,2,3
8,grate,Task B ,2,4,1,-2.870631058,0.067,2,123.2148557,0,0,3,8
8,grate,Task B ,1,3,1,0.292599391,0.067,1,251.7810497,0,0,3,2
8,grate,Task B ,1,2,1,0.790195366,0.05,1,126.3989491,0,0,2,3
9,grate,Task B ,2,4,1,0.36780787,0.067,2,97.24960236,0,0,3,8
9,grate,Task B ,1,2,0,1.137994302,0.05,2,36.15983352,0,0,2,3
9,grate,Task B ,1,4,0,-0.959754713,0.067,2,234.3855708,0,0,3,1
9,grate,Task B ,1,4,0,-0.692668724,0.067,2,169.0436685,0,0,3,1
9,grate,Task B ,1,4,0,-1.972379814,0.05,2,86.02040475,0,0,2,1
9,grate,Task B ,1,2,0,-0.537787842,0.067,2,334.6684705,0,0,3,3
10,grate,Task B ,1,3,1,-0.036397876,0.033,1,330.9484882,0,0,1,2
10,grate,Task B ,1,1,0,1.085933276,0.067,2,78.7217389,0,0,3,4
10,grate,Task B ,2,1,1,1.221158816,0.135,2,163.9750541,0,0,4,5
10,grate,Task B ,1,2,1,0.245614109,0.05,1,179.0409657,0,0,2,3
10,grate,Task B ,1,1,0,1.505263293,0.067,2,40.7984673,0,0,3,4
10,grate,Task B ,1,2,1,-0.765761237,0.05,1,146.4623653,0,0,2,3
1,grate,Task B ,1,3,1,-0.013387972,0.135,1,176.1002692,0,0,4,2
1,grate,Task B ,1,2,0,2.56359362,0.033,2,90.60522123,0,0,1,3
1,grate,Task B ,1,3,1,-0.33618061,0.05,1,337.8470173,0,0,2,2
1,grate,Task B ,2,1,1,-0.972741312,0.033,2,190.3839549,0,0,1,5
1,grate,Task B ,1,4,0,0.321240438,0.067,2,228.406216,0,0,3,1
1,grate,Task B ,1,2,0,-0.187030759,0.05,2,181.817731,0,0,2,3
2,grate,Task B ,1,1,1,0.454784156,0.05,1,252.1176456,0,0,2,4
2,grate,Task B ,1,1,0,1.937473197,0.033,2,289.8047584,0,0,1,4
2,grate,Task B ,1,1,1,0.307875768,0.033,1,279.1649942,0,0,1,4
2,grate,Task B ,2,1,1,-0.860228698,0.135,2,328.3055863,0,0,4,5
2,grate,Task B ,2,4,1,1.508658946,0.135,2,49.79287852,0,0,4,8
2,grate,Task B ,2,2,1,1.002184492,0.033,2,93.11678004,0,0,1,6
3,grate,Task B ,2,4,1,1.700136178,0.135,2,301.1863497,0,0,4,8
3,grate,Task B ,2,3,1,0.248213133,0.135,2,52.83579412,0,0,4,7
3,grate,Task B ,1,2,1,0.399588806,0.05,1,183.2876714,0,0,2,3
3,grate,Task B ,1,2,1,-0.139810776,0.067,1,286.0810663,0,0,3,3
3,grate,Task B ,1,1,1,0.413696101,0.05,1,98.75326279,0,0,2,4
3,grate,Task B ,2,4,1,0.61238143,0.067,2,34.01532947,0,0,3,8
4,grate,Task B ,1,2,0,-0.540278004,0.033,2,158.4012023,0,0,1,3
4,grate,Task B ,2,4,1,-0.87875445,0.135,2,229.8365676,0,0,4,8
4,grate,Task B ,1,3,0,0.301609081,0.05,2,241.154695,0,0,2,2
4,grate,Task B ,2,3,0,-0.588813014,0.135,1,41.79556769,0,0,4,7
4,grate,Task B ,2,2,0,0.608695351,0.05,1,134.8314222,0,0,2,6
4,grate,Task B ,1,1,0,1.431630034,0.033,2,31.4386697,0,0,1,4
5,grate,Task B ,1,4,1,-0.022143472,0.135,1,181.5130225,0,0,4,1
5,grate,Task B ,2,4,1,2.295849485,0.067,2,93.02280179,0,0,3,8
5,grate,Task B ,2,4,1,0.812098516,0.067,2,319.9323303,0,0,3,8
5,grate,Task B ,1,4,1,-0.183155672,0.033,1,59.78943608,0,0,1,1
5,grate,Task B ,1,3,1,-0.119079477,0.135,1,261.3418279,0,0,4,2
5,grate,Task B ,1,4,1,0.35719545,0.05,1,214.4832054,0,0,2,1
6,grate,Task B ,1,2,1,-0.616460273,0.033,1,40.28324546,0,0,1,3
6,grate,Task B ,2,3,1,1.280354815,0.05,2,317.9652812,0,0,2,7
6,grate,Task B ,1,3,1,-0.270622056,0.05,1,9.234024148,0,0,2,2
6,grate,Task B ,1,3,1,-0.035740428,0.05,1,308.1025955,0,0,2,2
6,grate,Task B ,1,2,0,2.185267065,0.067,2,295.9778403,0,0,3,3
6,grate,Task B ,2,3,1,1.153051083,0.135,2,67.30924433,0,0,4,7
7,grate,Task B ,1,4,1,0.158345403,0.135,1,13.65559988,0,0,4,1
7,grate,Task B ,1,4,1,-0.156331507,0.135,1,260.6336799,0,0,4,1
7,grate,Task B ,1,4,1,0.063650001,0.067,1,347.684651,0,0,3,1
7,grate,Task B ,1,4,1,-0.235750822,0.033,1,250.758525,0,0,1,1
7,grate,Task B ,1,4,1,0.114363112,0.033,1,225.9342627,0,0,1,1
7,grate,Task B ,1,4,0,1.036615513,0.067,2,292.3109064,0,0,3,1
8,grate,Task B ,2,4,0,-0.316389321,0.135,1,339.1187433,0,0,4,8
8,grate,Task B ,2,1,1,0.131274876,0.05,2,209.9569186,0,0,2,5
8,grate,Task B ,1,2,1,0.261731332,0.067,1,14.20318388,0,0,3,3
8,grate,Task B ,2,4,1,-1.452327253,0.135,2,68.45577488,0,0,4,8
8,grate,Task B ,2,3,0,-0.245511613,0.067,1,106.7575972,0,0,3,7
8,grate,Task B ,1,1,1,-0.370551571,0.05,1,47.97218724,0,0,2,4
9,grate,Task B ,1,4,1,0.209329111,0.135,1,337.2617801,0,0,4,1
9,grate,Task B ,2,4,1,-0.136319977,0.135,2,1.923224344,0,0,4,8
9,grate,Task B ,1,4,0,-0.001631607,0.135,2,177.5078908,0,0,4,1
9,grate,Task B ,1,1,1,-0.153172242,0.067,1,141.6593205,0,0,3,4
9,grate,Task B ,1,4,1,0.24441838,0.067,1,299.0940144,0,0,3,1
9,grate,Task B ,1,4,1,-0.183482957,0.135,1,188.6110553,0,0,4,1
10,grate,Task B ,1,2,1,0.33956004,0.135,1,201.4581383,0,0,4,3
10,grate,Task B ,1,1,0,-0.398386773,0.05,2,214.9515724,0,0,2,4
10,grate,Task B ,1,1,1,-0.319900818,0.033,1,298.0055484,0,0,1,4
10,grate,Task B ,1,1,0,0.388641269,0.033,2,359.7898005,0,0,1,4
10,grate,Task B ,2,1,1,0.822873509,0.135,2,193.5845674,0,0,4,5
10,grate,Task B ,1,1,1,0.186307092,0.033,1,160.7130802,0,0,1,4
1,grate,Task B ,1,1,1,-0.160455041,0.033,1,312.9548049,0,0,1,4
1,grate,Task B ,1,2,0,1.003897574,0.067,2,99.12998112,0,0,3,3
1,grate,Task B ,1,1,0,2.64801965,0.05,2,331.3171185,0,0,2,4
1,grate,Task B ,2,1,0,-0.389668281,0.135,1,211.1763894,0,0,4,5
1,grate,Task B ,1,1,1,0.203297817,0.033,1,278.398758,0,0,1,4
1,grate,Task B ,1,1,1,0.36498848,0.033,1,302.3794421,0,0,1,4
2,grate,Task B ,1,1,0,1.651541689,0.033,2,122.9130784,0,0,1,4
2,grate,Task B ,1,1,0,-1.122755402,0.067,2,81.75938078,0,0,3,4
2,grate,Task B ,2,4,1,1.808721593,0.135,2,116.2239111,0,0,4,8
2,grate,Task B ,1,1,1,0.604511897,0.05,1,238.6013966,0,0,2,4
2,grate,Task B ,1,2,1,0.018242159,0.05,1,84.67679468,0,0,2,3
2,grate,Task B ,1,2,1,-0.722461821,0.05,1,193.7577387,0,0,2,3
3,grate,Task B ,1,4,0,0.705491127,0.05,2,105.7741879,0,0,2,1
3,grate,Task B ,2,4,1,2.076132451,0.067,2,224.5716215,0,0,3,8
3,grate,Task B ,2,4,1,-2.88135582,0.135,2,114.6088435,0,0,4,8
3,grate,Task B ,1,1,0,-0.062161999,0.033,2,259.9435557,0,0,1,4
3,grate,Task B ,2,4,1,2.114219449,0.067,2,226.5570513,0,0,3,8
3,grate,Task B ,1,3,1,0.066028437,0.135,1,51.73536382,0,0,4,2
4,grate,Task B ,1,3,1,0.213684484,0.067,1,8.16065734,0,0,3,2
4,grate,Task B ,1,4,0,-0.351915195,0.135,2,93.49757711,0,0,4,1
4,grate,Task B ,1,1,0,0.660786563,0.05,2,143.2203626,0,0,2,4
4,grate,Task B ,1,1,0,-2.283665914,0.033,2,212.3866315,0,0,1,4
4,grate,Task B ,1,1,1,0.309423651,0.033,1,280.1878799,0,0,1,4
4,grate,Task B ,1,1,0,0.078743302,0.033,2,185.317923,0,0,1,4
5,grate,Task B ,2,3,1,1.080389426,0.05,2,141.4675652,0,0,2,7
5,grate,Task B ,1,2,1,0.34925678,0.135,1,336.2357482,0,0,4,3
5,grate,Task B ,1,4,1,-0.258656566,0.067,1,234.0142773,0,0,3,1
5,grate,Task B ,1,3,1,-0.354165935,0.135,1,228.5166945,0,0,4,2
5,grate,Task B ,2,4,1,2.442869215,0.067,2,152.6703972,0,0,3,8
5,grate,Task B ,2,4,1,0.57507816,0.135,2,94.15943452,0,0,4,8
6,grate,Task B ,2,2,1,-0.538101055,0.033,2,103.4590902,0,0,1,6
6,grate,Task B ,1,3,0,-0.650534027,0.05,2,130.0877461,0,0,2,2
6,grate,Task B ,1,3,1,0.236241383,0.033,1,183.9886936,0,0,1,2
6,grate,Task B ,2,3,0,0.060970894,0.067,1,51.9229102,0,0,3,7
6,grate,Task B ,2,3,1,2.981617418,0.067,2,46.11532268,0,0,3,7
6,grate,Task B ,2,3,0,-0.677671955,0.05,1,89.83135742,0,0,2,7
7,grate,Task B ,1,4,0,2.184890734,0.033,2,180.3807498,0,0,1,1
7,grate,Task B ,2,4,1,-0.156571328,0.05,2,235.6143973,0,0,2,8
7,grate,Task B ,1,4,0,0.084901976,0.135,2,160.477307,0,0,4,1
7,grate,Task B ,1,1,0,0.212965973,0.067,2,212.1689728,0,0,3,4
7,grate,Task B ,2,1,1,0.392625902,0.05,2,109.56087,0,0,2,5
7,grate,Task B ,2,4,1,-0.114182513,0.067,2,9.583719572,0,0,3,8
8,grate,Task B ,1,3,1,0.180947322,0.135,1,79.95976139,0,0,4,2
8,grate,Task B ,1,3,1,-0.386431726,0.067,1,156.8153354,0,0,3,2
8,grate,Task B ,2,3,1,0.767388174,0.067,2,181.1205711,0,0,3,7
8,grate,Task B ,2,1,0,-0.335782039,0.033,1,173.6643742,0,0,1,5
8,grate,Task B ,2,1,1,-0.860499459,0.067,2,212.343353,0,0,3,5
8,grate,Task B ,1,1,1,0.171509086,0.05,1,314.8820616,0,0,2,4
9,grate,Task B ,1,4,1,-0.549019563,0.135,1,208.9530018,0,0,4,1
9,grate,Task B ,1,1,0,1.341417545,0.05,2,101.6384441,0,0,2,4
9,grate,Task B ,2,4,0,0.415970986,0.067,1,217.387128,0,0,3,8
9,grate,Task B ,1,1,1,0.167056417,0.033,1,184.8001827,0,0,1,4
9,grate,Task B ,1,4,0,-0.261717465,0.135,2,236.307635,0,0,4,1
9,grate,Task B ,1,1,1,-0.157062859,0.033,1,324.6943579,0,0,1,4
10,grate,Task B ,1,2,1,-0.252640205,0.067,1,65.84358828,0,0,3,3
10,grate,Task B ,1,1,0,-0.235720981,0.135,2,233.2724505,0,0,4,4
10,grate,Task B ,1,1,1,-0.04530967,0.135,1,51.09693165,0,0,4,4
10,grate,Task B ,1,1,1,-0.368138121,0.033,1,3.829495237,0,0,1,4
10,grate,Task B ,1,1,1,0.62355417,0.033,1,269.535693,0,0,1,4
10,grate,Task B ,1,1,0,0.051295808,0.135,2,114.6841559,0,0,4,4