subject_name,stim_type,task_type,resp_category,resp_confidence,resp_correct,stim_orientation,stim_reliability,stim_category,stim_phase,block_number,stim_frequency,stim_reliability_level,cat1_evidence,cat2_evidence,evi_cat2,evi_allcat,visual_mostevidence,r
1,bimodal,Task B ,1,2,1,0.085483766,1,1,306.6360692,1,-0.564904108,1,0.000107274,2.43E-05,0.18494072,0.81505928,0,3
1,bimodal,Task B ,2,2,0,-0.621146837,3,1,304.1420608,2,0.323218665,3,5.65E-05,2.34E-05,0.292892462,0.707107538,1,6
1,bimodal,Task B ,1,4,1,0.077061419,3,1,144.9971372,3,-0.149430888,3,0.000376025,2.63E-05,0.065430189,0.934569811,0,1
1,bimodal,Task B ,1,4,1,-0.246497164,4,1,146.5599234,4,-0.118061171,4,0.000314965,2.60E-05,0.076351633,0.923648367,1,1
1,bimodal,Task B ,1,4,1,-0.147388453,4,1,120.0732726,5,0.287843569,4,0.000274347,2.58E-05,0.085995053,0.914004947,0,1
1,bimodal,Task B ,1,3,1,-1.77E-05,2,1,32.01485908,6,0.075228083,2,0.000413987,2.65E-05,0.060127869,0.939872131,0,2
2,bimodal,Task B ,1,3,0,-0.753129296,2,2,39.93219486,1,-0.14186936,2,3.84E-05,2.28E-05,0.372887963,0.627112037,1,2
2,bimodal,Task B ,2,3,1,-1.869935421,4,2,25.89971421,2,0.025991788,4,2.29E-10,1.08E-05,0.999978744,0.999978744,0,7
2,bimodal,Task B ,1,2,0,-0.005498552,2,2,207.499309,3,-2.012510708,2,1.63E-11,9.12E-06,0.999998213,0.999998213,1,3
2,bimodal,Task B ,1,1,0,-0.666551926,1,2,213.1535039,4,-0.503531191,1,2.39E-05,2.22E-05,0.48138156,0.51861844,1,4
2,bimodal,Task B ,1,2,0,0.847602434,2,2,277.6151173,5,-0.107160899,2,1.97E-05,2.19E-05,0.526547411,0.526547411,0,3
2,bimodal,Task B ,2,4,1,-2.900172081,2,2,9.523184387,6,1.573342314,2,9.42E-24,1.57E-06,1,1,0,8
3,bimodal,Task B ,2,4,1,-2.339261601,3,2,239.2477034,1,1.701994743,3,3.08E-19,3.00E-06,1,1,0,8
3,bimodal,Task B ,2,4,1,-2.005200281,3,2,212.7774274,2,0.122026443,3,2.46E-11,9.36E-06,0.999997375,0.999997375,0,8
3,bimodal,Task B ,1,4,1,-0.111764805,3,1,231.4001905,3,-0.101351095,3,0.0003883,2.64E-05,0.063612635,0.936387365,1,1
3,bimodal,Task B ,1,3,1,0.264761285,3,1,226.1972914,4,-0.410288719,3,0.00015461,2.49E-05,0.138727731,0.861272269,0,2
3,bimodal,Task B ,2,1,1,-0.876494481,2,2,25.71570393,5,1.903685115,2,4.05E-12,8.36E-06,0.999999516,0.999999516,1,5
3,bimodal,Task B ,1,4,1,0.394026105,2,1,169.0148726,6,-0.232803682,2,0.000174338,2.51E-05,0.125814494,0.874185506,1,1
4,bimodal,Task B ,1,3,0,-0.928009156,2,2,198.429522,1,0.701748037,2,1.54E-06,1.87E-05,0.92378153,0.92378153,0,2
4,bimodal,Task B ,1,2,1,-0.155940494,2,1,111.6709338,2,0.190250253,2,0.000330988,2.61E-05,0.073134884,0.926865116,0,3
4,bimodal,Task B ,1,2,1,0.274070144,3,1,146.7187624,3,0.204637942,3,0.000256361,2.57E-05,0.091125006,0.908874994,1,3
4,bimodal,Task B ,1,3,1,0.564175126,4,1,262.1584396,4,0.222039555,4,8.93E-05,2.41E-05,0.212344329,0.787655671,1,2
4,bimodal,Task B ,1,3,1,0.523004063,2,1,260.0879659,5,0.120838512,2,0.000124829,2.46E-05,0.164473869,0.835526131,1,2
4,bimodal,Task B ,1,1,1,0.161351004,3,1,11.65000456,6,0.079700865,3,0.000367636,2.63E-05,0.066735626,0.933264374,1,4
5,bimodal,Task B ,1,2,1,1.122770509,3,1,241.9518836,1,0.073212111,3,2.09E-06,1.90E-05,0.900857613,0.900857613,0,3
5,bimodal,Task B ,1,4,0,0.380938277,1,2,314.3035228,2,0.05004562,1,0.000225604,2.55E-05,0.101546426,0.898453574,1,1
5,bimodal,Task B ,1,2,0,0.616990611,3,2,219.5685768,3,0.368257295,3,4.77E-05,2.31E-05,0.326832741,0.673167259,1,3
5,bimodal,Task B ,1,2,1,-0.425718957,1,1,34.93403303,4,-0.072545488,1,0.000199705,2.53E-05,0.112461801,0.887538199,1,3
5,bimodal,Task B ,2,3,1,-1.808301967,4,2,186.0978625,5,-0.942838665,4,1.39E-11,9.03E-06,0.999998461,0.999998461,0,7
5,bimodal,Task B ,2,4,1,-2.105827137,1,2,355.3609238,6,0.482340655,1,1.76E-12,7.94E-06,0.999999778,0.999999778,0,8
6,bimodal,Task B ,1,3,1,-0.107545599,3,1,261.5188739,1,0.075397297,3,0.000396552,2.64E-05,0.062448294,0.937551706,1,2
6,bimodal,Task B ,1,1,1,0.141624211,1,1,326.53037,2,-0.272906666,1,0.000284067,2.59E-05,0.083464198,0.916535802,0,4
6,bimodal,Task B ,1,2,0,-0.705067265,3,2,206.1048153,3,1.282663124,3,5.29E-08,1.51E-05,0.996514613,0.996514613,1,3
6,bimodal,Task B ,1,2,1,-0.089275066,4,1,44.30809216,4,0.577896598,4,0.000100032,2.42E-05,0.195023492,0.804976508,0,3
6,bimodal,Task B ,1,2,1,-0.072952285,2,1,22.70491838,5,-0.458652863,2,0.000172269,2.51E-05,0.127050943,0.872949057,0,3
6,bimodal,Task B ,1,2,0,-0.619202371,4,2,164.8681618,6,-0.703872363,4,1.11E-05,2.11E-05,0.656062088,0.656062088,1,3
7,bimodal,Task B ,1,2,1,-0.41944142,4,1,9.688367086,1,-0.37724098,4,0.00011483,2.44E-05,0.175514016,0.824485984,1,3
7,bimodal,Task B ,1,4,0,0.62880132,4,2,131.6119102,2,1.839874693,4,4.86E-11,9.77E-06,0.999995023,0.999995023,1,1
7,bimodal,Task B ,1,1,0,0.203885997,3,2,303.8449634,3,-0.261092343,3,0.000265981,2.58E-05,0.088304713,0.911695287,0,4
7,bimodal,Task B ,1,1,1,-0.093329315,1,1,309.2290842,4,0.120305718,1,0.000386213,2.64E-05,0.063914259,0.936085741,0,4
7,bimodal,Task B ,1,4,1,0.387464485,4,1,276.8923996,5,0.296177188,4,0.000153726,2.49E-05,0.139370761,0.860629239,1,1
7,bimodal,Task B ,2,1,1,-3.033591672,1,2,96.81197757,6,-1.122726904,1,6.16E-23,1.76E-06,1,1,0,5
8,bimodal,Task B ,2,1,0,0.06217214,4,1,135.9091529,1,0.442889451,4,0.000181018,2.52E-05,0.121988359,0.878011641,0,5
8,bimodal,Task B ,1,4,1,-0.074910443,2,1,40.94500375,2,-0.098469221,2,0.000399811,2.64E-05,0.062000567,0.937999433,0,1
8,bimodal,Task B ,2,4,1,-0.953385255,4,2,328.7742561,3,1.227550032,4,1.74E-08,1.41E-05,0.998770204,0.998770204,1,8
8,bimodal,Task B ,2,4,0,0.723826762,4,1,86.61066844,4,-0.108959063,4,4.43E-05,2.30E-05,0.341894492,0.658105508,1,8
8,bimodal,Task B ,1,4,1,0.104988156,4,1,19.207578,5,0.497890965,4,0.000140865,2.48E-05,0.149489194,0.850510806,0,1
8,bimodal,Task B ,1,4,1,0.224152264,2,1,283.3682847,6,0.128176247,2,0.000317508,2.60E-05,0.075821634,0.924178366,1,1
9,bimodal,Task B ,1,1,0,2.709714278,3,2,90.20652102,1,2.097860365,3,1.79E-25,1.22E-06,1,1,0,4
9,bimodal,Task B ,1,1,1,-0.134369134,2,1,349.359525,2,-0.332338132,2,0.000249499,2.57E-05,0.093253581,0.906746419,0,4
9,bimodal,Task B ,2,3,1,0.960014804,4,2,125.9005702,3,0.497409487,4,3.09E-06,1.95E-05,0.863224251,0.863224251,0,7
9,bimodal,Task B ,1,2,1,0.457849136,3,1,17.3305811,4,-0.0743139,3,0.000170019,2.51E-05,0.12842416,0.87157584,1,3
9,bimodal,Task B ,1,1,1,0.176830052,1,1,330.3716822,5,-0.077252396,1,0.000360682,2.63E-05,0.06785923,0.93214077,1,4
9,bimodal,Task B ,1,1,1,0.492476801,2,1,250.5788912,6,0.394900726,2,7.81E-05,2.39E-05,0.23413564,0.76586436,1,4
10,bimodal,Task B ,1,1,1,-0.417572636,3,1,185.548412,1,-0.612785339,3,4.33E-05,2.30E-05,0.346909427,0.653090573,0,4
10,bimodal,Task B ,2,1,1,-1.800117621,1,2,118.9746015,2,-0.616140826,1,1.34E-10,1.04E-05,0.99998709,0.99998709,0,5
10,bimodal,Task B ,1,1,1,-0.392561725,1,1,264.857772,3,0.290574393,1,0.00015912,2.49E-05,0.135537698,0.864462302,1,4
10,bimodal,Task B ,1,1,0,0.140792565,2,2,59.41815219,4,1.601115604,2,7.61E-09,1.34E-05,0.999432116,0.999432116,1,4
10,bimodal,Task B ,2,1,1,0.682350641,3,2,347.844324,5,2.661050121,3,6.02E-18,3.62E-06,1,1,1,5
10,bimodal,Task B ,1,1,0,0.061149111,1,2,150.0518736,6,0.286081005,1,0.000293963,2.59E-05,0.081040872,0.918959128,0,4
1,bimodal,Task B ,1,2,0,-1.059494507,1,2,180.5906723,1,-2.238089739,1,2.84E-15,5.31E-06,0.999999999,0.999999999,1,3
1,bimodal,Task B ,1,3,0,0.365387047,3,2,222.5439691,2,-0.040210828,3,0.000238047,2.56E-05,0.097045632,0.902954368,1,2
1,bimodal,Task B ,1,4,1,-0.200298932,4,1,217.5643947,3,0.193793,4,0.00030883,2.60E-05,0.077662228,0.922337772,0,1
1,bimodal,Task B ,1,4,1,-0.146753743,3,1,166.6234866,4,-0.191547241,3,0.000335416,2.61E-05,0.072294927,0.927705073,0,1
1,bimodal,Task B ,1,4,1,0.124819087,3,1,90.81616428,5,-0.03090346,3,0.000393963,2.64E-05,0.062808851,0.937191149,1,1
1,bimodal,Task B ,1,4,1,0.389203414,4,1,312.1689542,6,-0.385412455,4,0.000119147,2.45E-05,0.170564257,0.829435743,1,1
2,bimodal,Task B ,2,2,0,-0.156596453,3,1,249.1839114,1,-0.043463133,3,0.000383251,2.64E-05,0.064347345,0.935652655,1,6
2,bimodal,Task B ,2,3,1,-0.890263286,4,2,341.2457489,2,1.812524523,4,1.53E-11,9.09E-06,0.999998314,0.999998314,1,7
2,bimodal,Task B ,1,2,1,0.233693361,2,1,47.16768653,3,0.205508493,2,0.000279253,2.58E-05,0.08469815,0.91530185,1,3
2,bimodal,Task B ,2,2,1,-0.772081151,3,2,326.0867629,4,-0.624746712,3,7.18E-06,2.06E-05,0.741111577,0.741111577,0,6
2,bimodal,Task B ,2,2,1,-2.059293356,3,2,187.8547367,5,0.303312532,3,7.13E-12,8.66E-06,0.999999178,0.999999178,0,6
2,bimodal,Task B ,1,2,1,-0.289596927,4,1,56.14249222,6,0.441678321,4,0.000132642,2.47E-05,0.156800486,0.843199514,0,3
3,bimodal,Task B ,2,4,1,-1.375389317,2,2,54.98952698,1,-2.102101216,2,1.43E-15,5.09E-06,1,1,1,8
3,bimodal,Task B ,1,3,1,0.375031936,1,1,210.2695384,2,0.31370105,1,0.000152905,2.49E-05,0.139974307,0.860025693,1,2
3,bimodal,Task B ,2,1,1,-1.04669684,2,2,187.7968741,3,-0.976792156,2,8.50E-08,1.56E-05,0.994575602,0.994575602,0,5
3,bimodal,Task B ,2,4,1,1.790994338,4,2,281.673727,4,1.906896765,4,1.35E-16,4.39E-06,1,1,1,8
3,bimodal,Task B ,1,3,0,-0.269110614,3,2,116.7390428,5,0.670897945,3,4.72E-05,2.31E-05,0.328667341,0.671332659,0,2
3,bimodal,Task B ,2,1,0,0.178326291,1,1,48.04870648,6,-0.036939096,1,0.000366758,2.63E-05,0.06687533,0.93312467,1,5
4,bimodal,Task B ,1,4,1,0.155469684,4,1,173.9404442,1,0.073142649,4,0.000372193,2.63E-05,0.066019795,0.933980205,1,1
4,bimodal,Task B ,1,1,0,-0.318987124,1,2,125.1581222,2,0.8957177,1,9.45E-06,2.09E-05,0.688677962,0.688677962,1,4
4,bimodal,Task B ,1,2,1,-0.44767528,1,1,171.2697014,3,0.051932685,1,0.000186363,2.52E-05,0.119096287,0.880903713,1,3
4,bimodal,Task B ,2,4,1,0.430383454,4,2,49.53834449,4,-1.619570903,4,3.05E-09,1.27E-05,0.999759196,0.999759196,1,8
4,bimodal,Task B ,2,4,1,2.768800873,4,2,128.1805168,5,0.964777689,4,1.08E-19,2.81E-06,1,1,0,8
4,bimodal,Task B ,1,1,1,0.334452815,2,1,3.064795254,6,0.53492424,2,7.80E-05,2.39E-05,0.234314545,0.765685455,0,4
5,bimodal,Task B ,2,4,1,-2.195687823,1,2,323.0295956,1,0.060977189,1,9.38E-13,7.63E-06,0.999999877,0.999999877,0,8
5,bimodal,Task B ,1,4,1,-0.267218688,4,1,112.5183662,2,0.030699244,4,0.000318124,2.61E-05,0.075694375,0.924305625,1,1
5,bimodal,Task B ,2,4,1,-1.241712041,4,2,151.4971718,3,-1.073943575,4,5.80E-09,1.32E-05,0.999559605,0.999559605,0,8
5,bimodal,Task B ,1,4,1,-0.326874482,4,1,10.77231235,4,0.106522872,4,0.000263313,2.57E-05,0.08906854,0.91093146,1,1
5,bimodal,Task B ,2,4,1,1.627768464,3,2,47.46435369,5,-0.404890934,3,3.29E-09,1.27E-05,0.999741132,0.999741132,0,8
5,bimodal,Task B ,1,3,0,-0.587674594,3,2,352.4169892,6,0.250555888,3,7.96E-05,2.39E-05,0.230915026,0.769084974,1,2
6,bimodal,Task B ,2,1,0,-0.27297239,3,1,14.72202447,1,-0.611353431,3,6.56E-05,2.36E-05,0.264669742,0.735330258,0,5
6,bimodal,Task B ,2,2,1,1.804886609,3,2,322.9404933,2,0.223823093,3,4.20E-10,1.12E-05,0.999962444,0.999962444,0,6
6,bimodal,Task B ,2,2,1,-3.300094323,3,2,57.59785902,3,-2.86912489,3,9.53E-39,1.81E-07,1,1,0,6
6,bimodal,Task B ,1,2,0,0.348185455,2,2,130.8495824,4,-3.502069328,2,8.60E-27,1.01E-06,1,1,1,3
6,bimodal,Task B ,1,1,0,0.511202872,3,2,351.2439314,5,2.100181552,3,1.12E-12,7.72E-06,0.999999855,0.999999855,1,4
6,bimodal,Task B ,2,2,1,-0.712464651,4,2,173.0403396,6,-1.761972103,4,1.11E-10,1.03E-05,0.999989238,0.999989238,1,6
7,bimodal,Task B ,1,4,1,-0.27088729,1,1,94.73237214,1,0.458658723,1,0.000129747,2.46E-05,0.159555759,0.840444241,0,1
7,bimodal,Task B ,1,1,1,0.705541117,1,1,283.2236095,2,-0.280640156,1,3.74E-05,2.28E-05,0.378829705,0.621170295,1,4
7,bimodal,Task B ,2,1,1,0.016757023,3,2,0.178661658,3,-2.85344857,3,5.17E-19,3.10E-06,1,1,1,5
7,bimodal,Task B ,1,4,1,-0.273404607,4,1,172.0722115,4,-0.519849372,4,0.000101312,2.43E-05,0.193158738,0.806841262,0,1
7,bimodal,Task B ,2,4,1,-1.246589493,3,2,122.0129523,5,1.979351789,3,4.56E-14,6.32E-06,0.999999993,0.999999993,1,8
7,bimodal,Task B ,1,4,0,-0.326052564,4,2,254.3815515,6,2.822155549,4,6.73E-19,3.15E-06,1,1,1,1
8,bimodal,Task B ,1,4,1,-0.204349586,4,1,337.6644124,1,0.063454088,4,0.000353956,2.62E-05,0.068984144,0.931015856,1,1
8,bimodal,Task B ,1,4,1,-0.379087491,3,1,94.67374789,2,-0.514155798,3,7.84E-05,2.39E-05,0.233415185,0.766584815,0,1
8,bimodal,Task B ,2,1,1,0.135471236,1,2,180.4623427,3,-1.426614711,1,7.37E-08,1.54E-05,0.995248049,0.995248049,1,5
8,bimodal,Task B ,1,4,0,0.450061215,3,2,235.2554807,4,1.598655792,3,3.63E-09,1.28E-05,0.9997162,0.9997162,1,1
8,bimodal,Task B ,1,4,1,-0.227122783,3,1,242.5554892,5,-0.109738739,3,0.000329492,2.61E-05,0.073423336,0.926576664,1,1
8,bimodal,Task B ,1,4,1,0.274186583,3,1,182.9987626,6,0.45158076,3,0.00012896,2.46E-05,0.160322433,0.839677567,0,1
9,bimodal,Task B ,2,3,1,-1.058122527,2,2,249.6404028,1,-1.562525468,2,1.45E-10,1.05E-05,0.999986113,0.999986113,1,7
9,bimodal,Task B ,1,1,0,1.008379524,3,2,159.9931641,2,1.415318258,3,1.24E-09,1.20E-05,0.999896193,0.999896193,1,4
9,bimodal,Task B ,1,1,1,-0.162619397,4,1,115.7201502,3,0.065334977,4,0.000376054,2.63E-05,0.065425753,0.934574247,1,4
9,bimodal,Task B ,2,2,1,1.844441274,3,2,300.3097855,4,0.099245764,3,2.73E-10,1.09E-05,0.999974903,0.999974903,0,6
9,bimodal,Task B ,2,2,1,1.097225837,4,2,117.4136781,5,-0.947458217,4,6.21E-08,1.53E-05,0.995952186,0.995952186,0,6
9,bimodal,Task B ,1,1,1,0.265774865,3,1,146.0297732,6,-0.023958352,3,0.000311837,2.60E-05,0.077013977,0.922986023,1,4
10,bimodal,Task B ,1,1,1,0.384106095,1,1,147.2541764,1,-0.075192064,1,0.000220671,2.55E-05,0.10345303,0.89654697,1,4
10,bimodal,Task B ,1,2,1,0.509032179,1,1,356.4034864,2,-0.032754936,1,0.000140655,2.48E-05,0.149667114,0.850332886,1,3
10,bimodal,Task B ,1,2,1,0.024544307,2,1,92.17348065,3,-0.142947135,2,0.000388478,2.64E-05,0.063586992,0.936413008,0,3
10,bimodal,Task B ,1,1,1,-0.00308819,1,1,33.15011013,4,0.295062035,1,0.000292908,2.59E-05,0.081292165,0.918707835,0,4
10,bimodal,Task B ,2,2,1,2.764454886,3,2,328.9882145,5,1.20394084,3,1.34E-20,2.47E-06,1,1,0,6
10,bimodal,Task B ,1,1,1,-0.224398403,3,1,257.3181426,6,-0.535930203,3,0.000104134,2.43E-05,0.189175462,0.810824538,0,4
1,bimodal,Task B ,1,3,0,-0.744551779,3,2,305.6563246,1,0.78786609,3,3.17E-06,1.95E-05,0.860224202,0.860224202,1,2
1,bimodal,Task B ,1,2,1,-0.335725358,2,1,154.8768245,2,-0.647758419,2,4.63E-05,2.31E-05,0.332940152,0.667059848,0,3
1,bimodal,Task B ,1,3,1,-0.481948176,2,1,209.4821871,3,0.022609437,2,0.000165105,2.50E-05,0.131532811,0.868467189,1,2
1,bimodal,Task B ,2,1,1,0.709852234,2,2,207.0404256,4,1.84244193,2,2.97E-11,9.47E-06,0.999996869,0.999996869,1,5
1,bimodal,Task B ,2,1,0,-0.280480971,2,1,286.5431819,5,0.186235759,2,0.000267398,2.58E-05,0.08790454,0.91209546,1,5
1,bimodal,Task B ,1,3,1,-0.225625994,4,1,14.82995033,6,0.482122322,4,0.000129451,2.46E-05,0.159842697,0.840157303,0,2
2,bimodal,Task B ,1,2,1,-0.344524624,4,1,53.00501853,1,-0.380477663,4,0.000143629,2.48E-05,0.147187763,0.852812237,0,3
2,bimodal,Task B ,1,3,1,-0.273246334,4,1,56.44585214,2,-0.215609997,4,0.000259743,2.57E-05,0.090112411,0.909887589,1,2
2,bimodal,Task B ,2,1,0,-0.004668401,1,1,357.2549484,3,-0.27847326,1,0.00030688,2.60E-05,0.078088653,0.921911347,0,5
2,bimodal,Task B ,1,2,1,0.424497842,1,1,206.6495135,4,-0.222292532,1,0.000160142,2.50E-05,0.134836547,0.865163453,1,3
2,bimodal,Task B ,1,2,1,0.129870328,3,1,167.8822868,5,-0.126123726,3,0.000368198,2.63E-05,0.066646382,0.933353618,1,3
2,bimodal,Task B ,1,3,1,0.201733839,3,1,109.4525446,6,-0.03553726,3,0.00035321,2.62E-05,0.069111232,0.930888768,1,2
3,bimodal,Task B ,1,3,1,-0.143801822,4,1,339.728474,1,-0.072386962,4,0.000383838,2.64E-05,0.06426105,0.93573895,1,2
3,bimodal,Task B ,2,1,0,0.751945043,1,1,352.5583532,2,0.250710075,1,2.99E-05,2.25E-05,0.428850834,0.571149166,1,5
3,bimodal,Task B ,1,3,1,-0.297828168,2,1,94.02548362,3,0.010425926,2,0.000297622,2.59E-05,0.080181325,0.919818675,1,2
3,bimodal,Task B ,2,1,1,1.236904643,2,2,70.57078664,4,-0.962730223,2,1.41E-08,1.39E-05,0.998989381,0.998989381,0,5
3,bimodal,Task B ,2,1,1,-0.397649566,3,2,335.2785733,5,2.229157559,3,1.70E-13,6.86E-06,0.999999975,0.999999975,1,5
3,bimodal,Task B ,2,3,1,1.618497544,4,2,352.0254036,6,1.672706357,4,5.41E-14,6.39E-06,0.999999992,0.999999992,1,7
4,bimodal,Task B ,1,3,1,-0.391822031,4,1,292.034278,1,-0.164734056,4,0.000204177,2.53E-05,0.110405744,0.889594256,1,2
4,bimodal,Task B ,1,1,1,-0.046151879,2,1,13.23312012,2,0.077961478,2,0.000410503,2.65E-05,0.060577158,0.939422842,0,4
4,bimodal,Task B ,1,3,1,-0.016459323,4,1,295.5481626,3,0.371043848,4,0.000236255,2.56E-05,0.097668322,0.902331678,0,2
4,bimodal,Task B ,1,1,1,-0.000639225,1,1,149.902906,4,0.066135179,1,0.000416293,2.65E-05,0.059834207,0.940165793,0,4
4,bimodal,Task B ,1,3,1,-0.267634012,4,1,110.4541453,5,0.282690177,4,0.000227093,2.55E-05,0.100985248,0.899014752,0,2
4,bimodal,Task B ,2,1,1,1.547047149,2,2,324.2006449,6,-1.638807109,2,2.31E-13,6.99E-06,0.999999967,0.999999967,1,5
5,bimodal,Task B ,1,2,0,-0.890348521,4,2,99.65705743,1,-0.430595376,4,7.56E-06,2.06E-05,0.731649908,0.731649908,0,3
5,bimodal,Task B ,2,4,1,-1.882856221,1,2,274.2909293,2,0.722149446,1,2.06E-11,9.26E-06,0.999997774,0.999997774,0,8
5,bimodal,Task B ,2,4,1,-1.158654954,2,2,201.9936776,3,1.871377443,2,6.33E-13,7.45E-06,0.999999915,0.999999915,1,8
5,bimodal,Task B ,1,2,0,-1.012626465,2,2,67.4634454,4,0.95038559,2,1.38E-07,1.61E-05,0.991495375,0.991495375,0,3
5,bimodal,Task B ,2,4,1,0.697309797,3,2,275.4368179,5,1.744678367,3,1.40E-10,1.04E-05,0.999986541,0.999986541,1,8
5,bimodal,Task B ,1,2,1,-0.175801967,1,1,160.245314,6,-0.256442511,1,0.000285958,2.59E-05,0.082989364,0.917010636,0,3
6,bimodal,Task B ,2,1,0,0.215145017,2,1,51.41086721,1,0.456722925,2,0.00014295,2.48E-05,0.147746266,0.852253734,0,5
6,bimodal,Task B ,2,2,0,-0.185381201,3,1,199.2328869,2,0.120250454,3,0.000348727,2.62E-05,0.069885746,0.930114254,1,6
6,bimodal,Task B ,1,2,1,-0.374633863,1,1,341.2073903,3,-0.82568054,1,1.37E-05,2.14E-05,0.609820618,0.609820618,1,3
6,bimodal,Task B ,1,2,0,0.11581306,1,2,210.1607295,4,-0.534178977,1,0.000120398,2.45E-05,0.169183014,0.830816986,0,3
6,bimodal,Task B ,2,2,1,-0.821070356,4,2,189.3855754,5,-0.350655164,4,1.60E-05,2.16E-05,0.574011029,0.574011029,0,6
6,bimodal,Task B ,2,2,1,2.056823175,4,2,125.5706328,6,-0.543464745,4,2.62E-12,8.14E-06,0.999999679,0.999999679,0,6
7,bimodal,Task B ,1,1,0,0.801698637,3,2,116.7408482,1,-1.153144091,3,1.05E-07,1.58E-05,0.993409648,0.993409648,1,4
7,bimodal,Task B ,2,1,1,-3.114141823,3,2,318.9479645,2,0.037524217,3,1.59E-21,2.16E-06,1,1,0,5
7,bimodal,Task B ,1,1,1,0.175535501,2,1,202.6582766,3,0.127409715,2,0.000345272,2.62E-05,0.07049488,0.92950512,1,4
7,bimodal,Task B ,1,1,1,0.349863187,3,1,279.0837948,4,-0.152533945,3,0.000227962,2.55E-05,0.100660769,0.899339231,1,4
7,bimodal,Task B ,1,1,1,-0.418187692,1,1,233.9011789,5,-0.714285102,1,2.45E-05,2.22E-05,0.475349739,0.524650261,0,4
7,bimodal,Task B ,1,4,1,-0.174710693,3,1,55.43005846,6,0.200883754,3,0.000317198,2.60E-05,0.075885697,0.924114303,0,1
8,bimodal,Task B ,2,4,0,0.354013841,4,1,284.0052925,1,0.248524637,4,0.000190539,2.52E-05,0.116934142,0.883065858,1,8
8,bimodal,Task B ,1,4,0,0.653014322,3,2,328.2807007,2,2.616214263,3,1.93E-17,3.89E-06,1,1,1,1
8,bimodal,Task B ,1,4,1,-0.135780188,4,1,299.9945208,3,0.111333378,4,0.000374988,2.63E-05,0.065588671,0.934411329,1,1
8,bimodal,Task B ,2,1,1,0.656487412,4,2,320.0717278,4,0.952329271,4,1.48E-06,1.86E-05,0.926464195,0.926464195,1,5
8,bimodal,Task B ,1,1,1,0.329017209,3,1,227.0659599,5,-0.329882348,3,0.000168976,2.50E-05,0.129071141,0.870928859,1,4
8,bimodal,Task B ,1,4,1,0.0811923,2,1,169.4440402,6,0.09027488,2,0.000396995,2.64E-05,0.062387094,0.937612906,0,1
9,bimodal,Task B ,1,2,0,0.430546149,2,2,3.627312866,1,-0.266961816,2,0.000142957,2.48E-05,0.147740573,0.852259427,1,3
9,bimodal,Task B ,1,1,1,-0.010425842,1,1,147.7725952,2,0.005937792,1,0.00042428,2.65E-05,0.058839857,0.941160143,0,4
9,bimodal,Task B ,2,3,1,0.609868287,3,2,41.23086767,3,2.553637966,3,9.48E-17,4.30E-06,1,1,1,7
9,bimodal,Task B ,1,2,0,0.68728499,2,2,106.9869994,4,1.149814725,2,2.15E-07,1.65E-05,0.987144727,0.987144727,1,3
9,bimodal,Task B ,1,2,1,0.695755793,3,1,157.799497,5,-0.322828766,3,3.56E-05,2.27E-05,0.389831843,0.610168157,1,3
9,bimodal,Task B ,1,2,1,0.28040428,3,1,143.7237691,6,-0.146379543,3,0.000276428,2.58E-05,0.085439952,0.914560048,1,3
10,bimodal,Task B ,1,1,0,-0.845668169,1,2,357.8056783,1,0.854870444,1,1.03E-06,1.82E-05,0.946591493,0.946591493,1,4
10,bimodal,Task B ,1,1,0,1.547978296,1,2,336.0778286,2,-2.483344729,1,9.57E-20,2.79E-06,1,1,1,4
10,bimodal,Task B ,1,1,1,0.247545044,1,1,238.9174118,3,0.270503087,1,0.000238044,2.56E-05,0.097046914,0.902953086,0,4
10,bimodal,Task B ,1,2,1,-0.35158373,1,1,287.064411,4,-0.250684084,1,0.000198646,2.53E-05,0.112960128,0.887039872,1,3
10,bimodal,Task B ,1,2,1,0.129046757,3,1,226.8936281,5,0.076021451,3,0.000383769,2.64E-05,0.064271285,0.935728715,1,3
10,bimodal,Task B ,1,1,1,0.541794606,3,1,177.3914351,6,0.1486904,3,0.00011116,2.44E-05,0.179964794,0.820035206,1,4
1,bimodal,Task B ,2,4,1,1.813109311,3,2,197.9110192,1,-0.969440563,3,8.79E-12,8.78E-06,0.999998999,0.999998999,0,8
1,bimodal,Task B ,1,2,1,-0.349566149,4,1,221.2286153,2,-0.254261778,4,0.000198287,2.53E-05,0.11313007,0.88686993,1,3
1,bimodal,Task B ,1,3,1,-0.161611788,2,1,109.405858,3,-0.473994467,2,0.000149409,2.49E-05,0.142605168,0.857394832,0,2
1,bimodal,Task B ,1,3,1,-0.227666598,3,1,273.6309556,4,-0.710818809,3,4.13E-05,2.29E-05,0.356931443,0.643068557,0,2
1,bimodal,Task B ,1,3,1,0.519121693,1,1,57.17067913,5,-0.113605266,1,0.000128215,2.46E-05,0.161054808,0.838945192,1,2
1,bimodal,Task B ,2,2,1,0.243119929,4,2,31.10916121,6,2.260308032,4,1.38E-13,6.77E-06,0.99999998,0.99999998,1,6
2,bimodal,Task B ,2,3,1,0.258595003,2,2,1.975433248,1,0.159578613,2,0.00028467,2.59E-05,0.083312159,0.916687841,1,7
2,bimodal,Task B ,1,1,0,0.640072012,1,2,122.6362831,2,-1.708327327,1,3.42E-10,1.10E-05,0.999969028,0.999969028,1,4
2,bimodal,Task B ,2,1,1,0.205448505,1,2,52.72142558,3,1.081866513,1,2.49E-06,1.92E-05,0.885371384,0.885371384,1,5
2,bimodal,Task B ,1,2,0,-0.698860191,2,2,27.83235674,4,-1.266224417,2,6.73E-08,1.54E-05,0.995633886,0.995633886,1,3
2,bimodal,Task B ,1,2,1,-0.189364651,2,1,129.7374601,5,0.186417853,2,0.000317946,2.61E-05,0.075730983,0.924269017,0,3
2,bimodal,Task B ,1,2,1,-0.006325111,1,1,333.6217206,6,0.272268162,1,0.000309429,2.60E-05,0.077532165,0.922467835,0,3
3,bimodal,Task B ,1,4,1,0.131585121,3,1,42.59880519,1,0.25327957,3,0.000298505,2.59E-05,0.079976693,0.920023307,0,1
3,bimodal,Task B ,1,2,1,0.149947859,3,1,238.4181652,2,-0.340842482,3,0.000235918,2.56E-05,0.097786197,0.902213803,0,3
3,bimodal,Task B ,2,2,0,0.675610745,1,1,195.9910402,3,0.393601116,1,3.20E-05,2.26E-05,0.413796485,0.586203515,1,6
3,bimodal,Task B ,2,2,1,1.213417378,1,2,318.8128228,4,-0.743864648,1,8.64E-08,1.56E-05,0.994487562,0.994487562,0,6
3,bimodal,Task B ,1,3,1,-0.650216459,2,1,72.82743427,5,-0.195481819,2,6.45E-05,2.36E-05,0.267675098,0.732324902,1,2
3,bimodal,Task B ,2,1,1,0.49221859,2,2,214.3594437,6,-0.727453618,2,1.64E-05,2.16E-05,0.569356921,0.569356921,1,5
4,bimodal,Task B ,2,1,1,0.896222813,1,2,190.0192481,1,1.049820878,1,1.37E-07,1.60E-05,0.99156429,0.99156429,1,5
4,bimodal,Task B ,1,4,1,0.098516066,4,1,44.75125874,2,-0.021943884,4,0.000404964,2.64E-05,0.061306092,0.938693908,1,1
4,bimodal,Task B ,1,2,1,-0.238354021,2,1,1.451317268,3,-0.026943585,2,0.00033806,2.62E-05,0.071802722,0.928197278,1,3
4,bimodal,Task B ,2,4,1,-2.639042503,4,2,16.67586603,4,-0.04202052,4,1.32E-16,4.38E-06,1,1,0,8
4,bimodal,Task B ,2,4,1,-0.545139769,3,2,51.09416873,5,1.271535675,3,1.36E-07,1.60E-05,0.991606641,0.991606641,1,8
4,bimodal,Task B ,2,2,1,-0.835729587,3,2,45.52712085,6,1.031336471,3,2.69E-07,1.67E-05,0.984162176,0.984162176,1,6
5,bimodal,Task B ,2,2,1,-1.331440181,2,2,244.9609883,1,1.930059201,2,4.17E-14,6.28E-06,0.999999993,0.999999993,1,6
5,bimodal,Task B ,1,4,1,0.049443346,3,1,144.6918396,2,-0.09813436,3,0.000402828,2.64E-05,0.06159202,0.93840798,0,1
5,bimodal,Task B ,1,3,1,-0.732828452,3,1,0.863961824,3,-0.041371298,3,4.69E-05,2.31E-05,0.329997226,0.670002774,1,2
5,bimodal,Task B ,1,3,0,0.593439836,4,2,184.8149219,4,-0.175461165,4,8.41E-05,2.40E-05,0.221816675,0.778183325,1,2
5,bimodal,Task B ,2,4,0,-0.3215308,3,1,203.075298,5,0.761331144,3,2.41E-05,2.22E-05,0.479385747,0.520614253,0,8
5,bimodal,Task B ,2,4,1,1.361861936,4,2,58.44628065,6,2.002053809,4,7.89E-15,5.66E-06,0.999999999,0.999999999,1,8
6,bimodal,Task B ,1,2,0,-2.21831417,2,2,306.3867651,1,0.216736656,2,5.16E-13,7.35E-06,0.99999993,0.99999993,0,3
6,bimodal,Task B ,2,2,1,-0.735176323,4,2,30.4161543,2,0.693172471,4,6.08E-06,2.03E-05,0.769866642,0.769866642,0,6
6,bimodal,Task B ,1,2,0,-0.205411539,4,2,105.8017381,3,1.769131264,4,6.45E-10,1.15E-05,0.999943848,0.999943848,1,3
6,bimodal,Task B ,1,2,0,-0.842768934,4,2,49.13129406,4,-0.340295371,4,1.42E-05,2.15E-05,0.600989377,0.600989377,0,3
6,bimodal,Task B ,1,2,1,-0.406685747,2,1,116.6845109,5,-0.516379871,2,7.10E-05,2.37E-05,0.250322992,0.749677008,0,3
6,bimodal,Task B ,1,1,1,-0.0119966,3,1,34.69636009,6,-0.437037172,3,0.000190404,2.52E-05,0.11700268,0.88299732,0,4
7,bimodal,Task B ,1,1,0,-1.076758154,2,2,347.0297391,1,0.755291496,2,3.23E-07,1.69E-05,0.981264045,0.981264045,0,4
7,bimodal,Task B ,1,1,0,-1.309945307,1,2,241.9130269,2,-2.246068396,1,2.10E-16,4.51E-06,1,1,1,4
7,bimodal,Task B ,1,1,1,0.445808667,2,1,235.5898519,3,-0.397017495,2,9.40E-05,2.41E-05,0.204353361,0.795646639,1,4
7,bimodal,Task B ,1,1,1,-0.551680034,3,1,28.99002234,4,0.048232002,3,0.000121835,2.45E-05,0.16762553,0.83237447,1,4
7,bimodal,Task B ,1,1,0,-0.40716076,2,2,14.67587209,5,-0.32061235,2,0.000141346,2.48E-05,0.149083132,0.850916868,1,4
7,bimodal,Task B ,1,1,1,-0.39441723,3,1,194.9944168,6,0.048841112,3,0.000224245,2.55E-05,0.102064576,0.897935424,1,4
8,bimodal,Task B ,2,1,0,-0.271850217,1,1,307.9078726,1,-0.535272742,1,9.49E-05,2.42E-05,0.202845454,0.797154546,0,5
8,bimodal,Task B ,2,4,1,-2.058941408,1,2,224.1943806,2,-1.606356839,1,2.01E-16,4.50E-06,1,1,0,8
8,bimodal,Task B ,2,4,1,1.10624024,4,2,296.1832566,3,-1.186270023,4,6.67E-09,1.33E-05,0.999498453,0.999498453,1,8
8,bimodal,Task B ,1,4,0,-0.294590652,3,2,311.6418253,4,1.760198931,3,6.15E-10,1.14E-05,0.999946305,0.999946305,1,1
8,bimodal,Task B ,1,4,1,0.393934118,3,1,196.5976331,5,0.119635383,3,0.000205558,2.54E-05,0.109786843,0.890213157,1,1
8,bimodal,Task B ,1,4,1,-0.205453274,4,1,190.7234145,6,0.21176551,4,0.000296896,2.59E-05,0.080350316,0.919649684,0,1
9,bimodal,Task B ,1,3,1,-0.289299388,3,1,342.8027379,1,0.27810136,3,0.000218591,2.54E-05,0.104279707,0.895720293,1,2
9,bimodal,Task B ,2,1,0,0.202885419,3,1,258.4409508,2,-0.094758378,3,0.000341437,2.62E-05,0.071184093,0.928815907,1,5
9,bimodal,Task B ,1,1,1,-0.185620881,4,1,15.00172458,3,-0.179383268,4,0.000324565,2.61E-05,0.074390017,0.925609983,1,4
9,bimodal,Task B ,2,2,1,0.103750716,1,2,299.8392932,4,0.631268417,1,7.46E-05,2.38E-05,0.241905137,0.758094863,0,6
9,bimodal,Task B ,1,2,1,-0.337610813,2,1,154.0121321,5,-0.058695866,2,0.000264922,2.58E-05,0.088606352,0.911393648,1,3
9,bimodal,Task B ,1,1,0,0.084491311,2,2,102.2897468,6,0.062749048,2,0.000403262,2.64E-05,0.061533705,0.938466295,1,4
10,bimodal,Task B ,1,1,1,0.031747803,1,1,88.35835044,1,-0.027313462,1,0.000420745,2.65E-05,0.059275699,0.940724301,1,4
10,bimodal,Task B ,1,2,1,0.34532146,4,1,103.2305111,2,-0.187139244,4,0.000219922,2.55E-05,0.103749392,0.896250608,1,3
10,bimodal,Task B ,2,1,1,1.010728483,3,2,26.95411233,3,0.252056304,3,4.44E-06,1.99E-05,0.818075054,0.818075054,0,5
10,bimodal,Task B ,1,2,1,0.063665049,2,1,75.69337509,4,0.046124104,2,0.000412078,2.65E-05,0.060373171,0.939626829,1,3
10,bimodal,Task B ,1,1,0,0.053721077,2,2,242.9751317,5,-4.143194417,2,1.48E-35,2.87E-07,1,1,1,4
10,bimodal,Task B ,1,1,1,-0.133102264,1,1,162.2016148,6,0.577230746,1,9.66E-05,2.42E-05,0.200246185,0.799753815,0,4
1,bimodal,Task B ,1,2,1,-0.160474245,3,1,139.4284828,1,-0.3670533,3,0.000218467,2.54E-05,0.10432943,0.89567057,0,3
1,bimodal,Task B ,1,3,1,0.06889042,1,1,76.34744705,2,-0.330707894,1,0.000262331,2.57E-05,0.089353235,0.910646765,0,2
1,bimodal,Task B ,2,2,1,1.362879228,3,2,2.716018519,3,-0.402385376,3,9.02E-08,1.56E-05,0.994264656,0.994264656,0,6
1,bimodal,Task B ,1,2,1,-0.225488638,1,1,95.15195558,4,0.492543243,1,0.000124035,2.46E-05,0.165297415,0.834702585,0,3
1,bimodal,Task B ,2,4,1,0.958215059,3,2,128.2298179,5,-2.350237695,3,6.87E-16,4.86E-06,1,1,1,8
1,bimodal,Task B ,1,3,0,0.203012231,3,2,232.2005683,6,1.432583532,3,6.02E-08,1.52E-05,0.996065159,0.996065159,1,2
2,bimodal,Task B ,1,1,0,1.315032957,1,2,28.12144107,1,0.458732932,1,1.24E-07,1.60E-05,0.992274723,0.992274723,0,4
2,bimodal,Task B ,1,2,1,0.02804668,3,1,256.3711194,2,0.339664607,3,0.000258565,2.57E-05,0.090462437,0.909537563,0,3
2,bimodal,Task B ,1,2,1,0.43771074,2,1,56.94204428,3,0.261427716,2,0.000140163,2.48E-05,0.150085194,0.849914806,1,3
2,bimodal,Task B ,1,2,1,-0.312388489,3,1,18.42451529,4,-0.708456274,3,3.48E-05,2.27E-05,0.394696006,0.605303994,0,3
2,bimodal,Task B ,1,1,1,0.873472378,3,1,232.4975849,5,-0.152010094,3,1.56E-05,2.16E-05,0.580857212,0.580857212,0,4
2,bimodal,Task B ,1,3,0,1.572349317,1,2,29.0874314,6,-0.262313308,1,1.03E-08,1.37E-05,0.999247323,0.999247323,0,2
3,bimodal,Task B ,2,4,1,-0.146622599,2,2,44.73687814,1,-2.287929965,2,1.02E-13,6.64E-06,0.999999985,0.999999985,1,8
3,bimodal,Task B ,1,2,1,0.182793099,4,1,302.0548898,2,-0.263633386,4,0.000273881,2.58E-05,0.086120463,0.913879537,0,3
3,bimodal,Task B ,2,4,1,3.54564715,3,2,199.1849404,3,-0.96024723,3,1.58E-28,7.89E-07,1,1,0,8
3,bimodal,Task B ,2,1,0,-0.256564681,3,1,359.7589733,4,0.539180748,3,9.52E-05,2.42E-05,0.202379569,0.797620431,0,5
3,bimodal,Task B ,2,2,1,-0.883838832,3,2,346.0830765,5,1.086394992,3,1.17E-07,1.59E-05,0.992690896,0.992690896,1,6
3,bimodal,Task B ,1,3,0,0.181104891,3,2,2.177980156,6,0.508201599,3,0.000122714,2.45E-05,0.166686965,0.833313035,0,2
4,bimodal,Task B ,1,3,0,1.814423448,1,2,274.0877862,1,-0.828578191,1,2.51E-11,9.37E-06,0.999997326,0.999997326,0,2
4,bimodal,Task B ,1,3,0,0.31855557,4,2,103.8686259,2,-0.425431932,4,0.000128355,2.46E-05,0.160916411,0.839083589,0,2
4,bimodal,Task B ,1,2,0,-0.517117421,2,2,232.3519857,3,0.813087016,2,8.71E-06,2.08E-05,0.704813547,0.704813547,1,3
4,bimodal,Task B ,2,1,1,0.506873793,1,2,159.6073746,4,-0.214385461,1,0.000117691,2.45E-05,0.172201331,0.827798669,1,5
4,bimodal,Task B ,2,3,1,-1.933752627,3,2,349.0764367,5,-1.056313793,3,7.65E-13,7.54E-06,0.999999898,0.999999898,0,7
4,bimodal,Task B ,1,1,1,0.250200059,3,1,313.6498116,6,-0.40163562,3,0.000164398,2.50E-05,0.131993235,0.868006765,0,4
5,bimodal,Task B ,1,4,0,0.209351525,2,2,190.6949077,1,-0.165855919,2,0.000312426,2.60E-05,0.076888498,0.923111502,1,1
5,bimodal,Task B ,2,2,1,-0.931308297,4,2,277.7172064,2,-0.974499807,4,2.22E-07,1.65E-05,0.986749638,0.986749638,1,6
5,bimodal,Task B ,1,4,1,0.450998673,3,1,193.3092864,3,-0.254076379,3,0.000136306,2.47E-05,0.153453022,0.846546978,1,1
5,bimodal,Task B ,1,2,1,-0.363291398,3,1,264.8229471,4,0.243292316,3,0.000193876,2.53E-05,0.115263487,0.884736513,1,3
5,bimodal,Task B ,1,4,0,0.104052705,2,2,296.2898559,5,2.915973097,2,1.01E-19,2.80E-06,1,1,1,1
5,bimodal,Task B ,1,2,1,0.540131597,4,1,335.6209778,6,-0.314267346,4,8.15E-05,2.39E-05,0.227030475,0.772969525,1,3
6,bimodal,Task B ,1,2,1,-0.044935182,1,1,68.66841456,1,0.141930162,1,0.000386717,2.64E-05,0.063841097,0.936158903,0,3
6,bimodal,Task B ,2,2,0,0.186089812,1,1,246.75689,2,0.070804945,1,0.000356373,2.62E-05,0.068575466,0.931424534,1,6
6,bimodal,Task B ,2,2,1,-1.392608155,2,2,86.61346592,3,1.165085891,2,4.62E-10,1.12E-05,0.999958887,0.999958887,0,6
6,bimodal,Task B ,1,2,0,-0.01363744,2,2,82.82419277,4,-0.712660701,2,5.01E-05,2.32E-05,0.316508516,0.683491484,0,3
6,bimodal,Task B ,1,2,0,-0.224224593,4,2,83.80840018,5,-0.054829859,4,0.000343909,2.62E-05,0.070738294,0.929261706,1,3
6,bimodal,Task B ,1,1,0,0.018652145,4,2,45.33364482,6,-1.121935072,4,2.11E-06,1.90E-05,0.900195271,0.900195271,1,4
7,bimodal,Task B ,1,4,1,-0.08678271,3,1,32.14030556,1,-0.049159603,3,0.00040902,2.65E-05,0.060770605,0.939229395,1,1
7,bimodal,Task B ,1,1,1,-0.00085957,1,1,222.947107,2,-0.176885235,1,0.000372599,2.63E-05,0.065956928,0.934043072,0,4
7,bimodal,Task B ,1,4,1,0.388371271,4,1,145.9754267,3,-0.10523583,4,0.000212777,2.54E-05,0.106663928,0.893336072,1,1
7,bimodal,Task B ,1,1,0,-0.637796028,1,2,113.6578694,4,-1.461572268,1,9.96E-09,1.36E-05,0.999269653,0.999269653,1,4
7,bimodal,Task B ,1,4,1,0.281818625,3,1,84.88936219,5,0.069976445,3,0.000294695,2.59E-05,0.080867257,0.919132743,1,1
7,bimodal,Task B ,1,4,0,-0.314750502,4,2,132.9044377,6,1.276734899,4,2.89E-07,1.68E-05,0.983100749,0.983100749,1,1
8,bimodal,Task B ,2,4,1,1.627408826,4,2,136.8808419,1,-1.025831241,4,7.83E-11,1.01E-05,0.999992218,0.999992218,0,8
8,bimodal,Task B ,1,4,0,0.738907236,2,2,313.0732581,2,0.454301579,2,1.77E-05,2.17E-05,0.551660004,0.551660004,0,1
8,bimodal,Task B ,1,4,0,-0.287103786,4,2,92.77288401,3,0.282118281,4,0.000217632,2.54E-05,0.104665084,0.895334916,0,1
8,bimodal,Task B ,2,4,1,1.421688125,4,2,70.50723602,4,-2.365036868,4,5.14E-18,3.58E-06,1,1,1,8
8,bimodal,Task B ,1,4,1,-0.265918048,2,1,161.5937613,5,0.35750021,2,0.000186061,2.52E-05,0.119255993,0.880744007,0,1
8,bimodal,Task B ,1,4,1,-0.009260389,2,1,38.25739252,6,-0.183697494,2,0.0003688,2.63E-05,0.066551224,0.933448776,0,1
9,bimodal,Task B ,1,1,0,-1.723783731,1,2,168.5057246,1,2.418674291,1,3.70E-20,2.63E-06,1,1,1,4
9,bimodal,Task B ,2,4,1,-0.09576011,3,2,301.7580205,2,-0.203644524,3,0.000345244,2.62E-05,0.070499859,0.929500141,0,8
9,bimodal,Task B ,2,1,0,0.405811211,2,1,90.26975438,3,-0.258220488,2,0.000158999,2.49E-05,0.135621661,0.864378339,1,5
9,bimodal,Task B ,2,1,0,0.368568381,2,1,70.8479498,4,-0.26467091,2,0.000177018,2.51E-05,0.12424977,0.87575023,1,5
9,bimodal,Task B ,1,2,0,0.687301398,1,2,188.2334375,5,0.324003308,1,3.70E-05,2.28E-05,0.381277887,0.618722113,1,3
9,bimodal,Task B ,2,2,0,0.185457588,2,1,0.66233129,6,-0.346099315,2,0.000220778,2.55E-05,0.103410895,0.896589105,0,6
10,bimodal,Task B ,1,1,0,0.410423582,2,2,148.2353097,1,3.720011524,2,8.46E-30,6.57E-07,1,1,1,4
10,bimodal,Task B ,1,1,0,-1.519221254,2,2,28.62590848,2,-0.101678549,2,3.01E-08,1.46E-05,0.997942777,0.997942777,0,4
10,bimodal,Task B ,1,2,0,0.795693934,1,2,250.9197742,3,0.129651448,1,2.74E-05,2.24E-05,0.449047763,0.550952237,1,3
10,bimodal,Task B ,1,1,1,-0.238845615,2,1,144.4993127,4,0.363220482,2,0.000193265,2.53E-05,0.115565746,0.884434254,0,4
10,bimodal,Task B ,2,1,1,0.859836772,4,2,144.1430879,5,-1.558573424,4,6.78E-10,1.15E-05,0.99994117,0.99994117,1,5
10,bimodal,Task B ,1,2,0,-0.872509561,4,2,318.1063724,6,-0.619518402,4,3.74E-06,1.97E-05,0.840845497,0.840845497,0,3
1,bimodal,Task B ,1,3,1,-0.351958194,4,1,339.28591,1,0.082925306,4,0.000250377,2.57E-05,0.092975498,0.907024502,1,2
1,bimodal,Task B ,1,3,1,-0.253254581,3,1,136.4199419,2,-0.517865669,3,0.000106695,2.43E-05,0.185706469,0.814293531,0,2
1,bimodal,Task B ,2,1,1,-0.744906477,1,2,270.2658507,3,-0.643566656,1,7.70E-06,2.06E-05,0.728446857,0.728446857,0,5
1,bimodal,Task B ,2,4,1,2.04285959,2,2,239.6288436,4,-2.078417924,2,1.41E-19,2.86E-06,1,1,1,8
1,bimodal,Task B ,2,4,1,-2.683627658,2,2,94.26934261,5,-0.754448056,2,4.53E-18,3.55E-06,1,1,0,8
1,bimodal,Task B ,2,1,0,0.251509595,1,1,220.5041694,6,0.408513405,1,0.000158685,2.49E-05,0.135838698,0.864161302,0,5
2,bimodal,Task B ,1,1,1,-0.001026646,1,1,104.8451478,1,-0.000483277,1,0.000424373,2.65E-05,0.058828433,0.941171567,1,4
2,bimodal,Task B ,1,3,1,0.627424729,1,1,317.8009294,2,-0.311528807,1,5.35E-05,2.33E-05,0.303376005,0.696623995,1,2
2,bimodal,Task B ,1,2,1,0.600946962,4,1,62.77237261,3,-0.035407327,4,9.16E-05,2.41E-05,0.208287244,0.791712756,1,3
2,bimodal,Task B ,1,2,1,0.148951376,4,1,250.1425158,4,0.099557926,4,0.00036812,2.63E-05,0.066658736,0.933341264,1,3
2,bimodal,Task B ,1,3,1,-0.348852327,2,1,331.1413606,5,-0.158314338,2,0.000234577,2.56E-05,0.098258817,0.901741183,1,2
2,bimodal,Task B ,1,4,1,-0.167164162,3,1,43.24729414,6,0.07784712,3,0.000370934,2.63E-05,0.066216057,0.933783943,1,1
3,bimodal,Task B ,2,4,1,-1.261736924,2,2,156.395024,1,0.094814185,2,5.83E-07,1.76E-05,0.967863813,0.967863813,0,8
3,bimodal,Task B ,1,1,1,-0.69744073,1,1,296.9341903,2,0.329167309,1,3.67E-05,2.28E-05,0.382785262,0.617214738,1,4
3,bimodal,Task B ,2,1,1,0.900521326,1,2,7.593349398,3,-1.766282866,1,2.73E-11,9.42E-06,0.999997104,0.999997104,1,5
3,bimodal,Task B ,2,3,1,-2.297829492,2,2,286.7348586,4,-0.243767844,2,1.11E-13,6.68E-06,0.999999983,0.999999983,0,7
3,bimodal,Task B ,1,2,1,-0.25506163,1,1,87.75778549,5,-0.38281562,1,0.000177364,2.51E-05,0.124050635,0.875949365,0,3
3,bimodal,Task B ,1,4,1,-0.216161879,2,1,17.73772488,6,0.171672061,2,0.000311216,2.60E-05,0.077146944,0.922853056,1,1
4,bimodal,Task B ,1,2,1,0.454797831,2,1,128.1912335,1,0.206766497,2,0.000146543,2.48E-05,0.144840009,0.855159991,1,3
4,bimodal,Task B ,2,2,1,-1.434115119,2,2,152.3233089,2,-0.816575525,2,5.37E-09,1.31E-05,0.99959048,0.99959048,0,6
4,bimodal,Task B ,1,2,1,-0.214573978,1,1,47.41291669,3,0.212591425,1,0.000291903,2.59E-05,0.081533279,0.918466721,0,3
4,bimodal,Task B ,2,2,1,2.370149524,3,2,219.8686922,4,0.502477552,3,9.62E-15,5.73E-06,0.999999998,0.999999998,0,6
4,bimodal,Task B ,1,3,0,-0.436323205,3,2,99.86632073,5,-1.397493461,3,5.25E-08,1.51E-05,0.996541513,0.996541513,1,2
4,bimodal,Task B ,2,2,1,1.604935435,4,2,141.1926154,6,-0.57094019,4,2.26E-09,1.24E-05,0.999817777,0.999817777,0,6
5,bimodal,Task B ,2,4,1,-1.85870666,1,2,127.4605278,1,-2.021311843,1,9.03E-18,3.71E-06,1,1,1,8
5,bimodal,Task B ,1,2,1,0.506346632,1,1,296.8086882,2,0.494957888,1,5.05E-05,2.32E-05,0.3149346,0.6850654,1,3
5,bimodal,Task B ,1,4,1,0.018717452,2,1,149.7042569,3,0.554106713,2,0.000115116,2.44E-05,0.17517729,0.82482271,0,1
5,bimodal,Task B ,2,4,0,0.256190284,3,1,158.9165113,4,0.322493857,3,0.000205046,2.53E-05,0.110015459,0.889984541,0,8
5,bimodal,Task B ,2,2,0,0.335365887,2,1,69.05577198,5,0.075094344,2,0.000255438,2.57E-05,0.091405361,0.908594639,1,6
5,bimodal,Task B ,1,4,1,0.108420529,3,1,190.2523479,6,0.051183986,3,0.000397412,2.64E-05,0.062329604,0.937670396,1,1
6,bimodal,Task B ,2,1,1,0.984907156,4,2,292.8372336,1,0.499921157,4,2.50E-06,1.92E-05,0.885120769,0.885120769,0,5
6,bimodal,Task B ,1,1,1,-0.191192628,1,1,127.6053802,2,-0.017533169,1,0.000367514,2.63E-05,0.066754992,0.933245008,1,4
6,bimodal,Task B ,1,2,1,-0.10565024,1,1,38.57355469,3,-0.345229411,1,0.000247148,2.56E-05,0.094007019,0.905992981,0,3
6,bimodal,Task B ,1,2,1,0.124296014,3,1,290.3992664,4,0.551320859,3,0.00010899,2.44E-05,0.18270805,0.81729195,0,3
6,bimodal,Task B ,1,2,0,1.076836998,1,2,332.7311154,5,0.658836011,1,5.19E-07,1.74E-05,0.971088069,0.971088069,0,3
6,bimodal,Task B ,1,2,1,-0.145675074,2,1,158.576529,6,0.041849545,2,0.000388195,2.64E-05,0.063627729,0.936372271,1,3
7,bimodal,Task B ,1,1,0,-0.319331971,4,2,311.4851815,1,-1.994213029,4,1.48E-11,9.07E-06,0.999998371,0.999998371,1,4
7,bimodal,Task B ,1,4,1,-0.205964655,4,1,358.4815923,2,0.236987168,4,0.000282725,2.59E-05,0.083804396,0.916195604,0,1
7,bimodal,Task B ,1,4,0,-0.440585463,4,2,110.8080218,3,-1.225744384,4,3.45E-07,1.70E-05,0.980093945,0.980093945,1,1
7,bimodal,Task B ,1,1,1,-0.523186612,4,1,270.8684567,4,-0.016602332,4,0.000139472,2.47E-05,0.150677413,0.849322587,1,4
7,bimodal,Task B ,1,4,0,0.179807312,4,2,215.5419855,5,-2.44589059,4,4.08E-15,5.43E-06,0.999999999,0.999999999,1,1
7,bimodal,Task B ,1,4,1,-0.238507864,3,1,215.9809075,6,0.629933185,3,6.30E-05,2.35E-05,0.271971313,0.728028687,0,1
8,bimodal,Task B ,2,4,1,-2.7075619,4,2,293.0489119,1,-0.262876218,4,2.18E-17,3.92E-06,1,1,0,8
8,bimodal,Task B ,1,4,1,0.140251732,2,1,45.33177785,2,-0.228703161,2,0.000312306,2.60E-05,0.076913898,0.923086102,0,1
8,bimodal,Task B ,1,4,0,0.000555522,2,2,348.7931667,3,-0.220209755,2,0.000346644,2.62E-05,0.070251717,0.929748283,0,1
8,bimodal,Task B ,2,1,0,0.55521412,2,1,203.2917412,4,0.053436845,2,0.000113471,2.44E-05,0.177135772,0.822864228,1,5
8,bimodal,Task B ,1,4,1,-0.230372883,1,1,36.34755924,5,-0.027927123,1,0.000343148,2.62E-05,0.070874977,0.929125023,1,1
8,bimodal,Task B ,1,4,1,-0.503198926,3,1,128.8046652,6,-0.533494179,3,4.60E-05,2.31E-05,0.334385694,0.665614306,0,1
9,bimodal,Task B ,2,3,1,1.154431164,3,2,331.0153983,1,0.458971381,3,6.49E-07,1.77E-05,0.964611895,0.964611895,0,7
9,bimodal,Task B ,2,1,0,-0.00210572,4,1,268.5894832,2,-0.261554874,4,0.000318871,2.61E-05,0.075540695,0.924459305,0,5
9,bimodal,Task B ,2,2,1,2.30547183,2,2,40.12801823,3,-0.288419361,2,6.98E-14,6.49E-06,0.999999989,0.999999989,0,6
9,bimodal,Task B ,1,3,1,-0.34623569,4,1,318.2842994,4,-0.352590786,4,0.000155771,2.49E-05,0.137891275,0.862108725,0,2
9,bimodal,Task B ,2,3,1,-0.882431248,4,2,327.007457,5,0.965645867,4,3.37E-07,1.70E-05,0.980541605,0.980541605,1,7
9,bimodal,Task B ,2,2,1,-2.710592345,2,2,118.6553697,6,2.093306345,2,2.46E-25,1.25E-06,1,1,0,6
10,bimodal,Task B ,1,1,0,-0.850424451,3,2,137.8656561,1,-2.013261188,3,8.32E-13,7.58E-06,0.99999989,0.99999989,1,4
10,bimodal,Task B ,1,1,0,1.033475561,2,2,174.2394371,2,-0.831780783,2,2.61E-07,1.67E-05,0.984641568,0.984641568,0,4
10,bimodal,Task B ,1,1,1,0.289211481,3,1,302.1891089,3,-0.211652291,3,0.000245373,2.56E-05,0.094583911,0.905416089,1,4
10,bimodal,Task B ,1,2,1,-0.201920901,4,1,302.4902585,4,-0.043729635,4,0.000358984,2.62E-05,0.068139732,0.931860268,1,3
10,bimodal,Task B ,1,2,1,-0.083306017,4,1,97.50083489,5,0.179273228,4,0.000360695,2.63E-05,0.067857123,0.932142877,0,3
10,bimodal,Task B ,1,1,0,0.135351034,2,2,355.2317507,6,-0.260615182,2,0.000294202,2.59E-05,0.080984153,0.919015847,0,4
1,bimodal,Task B ,1,2,1,0.182240493,3,1,90.25150621,1,0.248085942,3,0.000281863,2.59E-05,0.08402428,0.91597572,0,3
1,bimodal,Task B ,2,3,1,-2.108629673,3,2,202.774037,2,2.427515828,3,6.89E-23,1.78E-06,1,1,1,7
1,bimodal,Task B ,2,2,0,-0.632651801,1,1,32.98359401,3,-0.119393107,1,7.82E-05,2.39E-05,0.233724002,0.766275998,1,6
1,bimodal,Task B ,1,3,0,1.105894052,3,2,84.02100008,4,0.45928555,3,1.02E-06,1.82E-05,0.94671083,0.94671083,0,2
1,bimodal,Task B ,1,4,0,0.164105691,4,2,225.2070899,5,0.32701886,4,0.000238855,2.56E-05,0.096767722,0.903232278,0,1
1,bimodal,Task B ,1,3,1,0.099019295,3,1,5.290123592,6,-0.372322204,3,0.000226815,2.55E-05,0.101089391,0.898910609,0,2
2,bimodal,Task B ,1,1,1,0.464415188,1,1,136.5844147,1,-0.091495748,1,0.000163795,2.50E-05,0.132388372,0.867611628,1,4
2,bimodal,Task B ,1,2,1,-0.52842274,1,1,289.0515349,2,0.052890221,1,0.000134805,2.47E-05,0.154806696,0.845193304,1,3
2,bimodal,Task B ,1,2,0,1.223488384,1,2,159.827521,3,-0.042392746,1,7.94E-07,1.79E-05,0.957542317,0.957542317,0,3
2,bimodal,Task B ,1,2,0,0.468020816,4,2,199.7733594,4,1.040488933,4,1.71E-06,1.88E-05,0.91655285,0.91655285,1,3
2,bimodal,Task B ,1,1,0,-1.103736389,1,2,223.9884234,5,-1.698401994,1,1.49E-11,9.07E-06,0.999998356,0.999998356,1,4
2,bimodal,Task B ,1,2,0,0.187451882,1,2,236.3659537,6,0.514831857,1,0.000118053,2.45E-05,0.171790544,0.828209456,0,3
3,bimodal,Task B ,2,2,0,0.992966386,1,1,323.3713835,1,0.361381456,1,3.87E-06,1.98E-05,0.836248637,0.836248637,0,6
3,bimodal,Task B ,2,3,1,0.84927658,2,2,141.3448124,2,-0.180532523,2,1.78E-05,2.18E-05,0.549881101,0.549881101,0,7
3,bimodal,Task B ,2,3,1,1.112856296,3,2,344.8511744,3,3.230994176,3,1.65E-25,1.22E-06,1,1,1,7
3,bimodal,Task B ,2,2,1,0.637550317,2,2,63.5767562,4,1.272721202,2,8.05E-08,1.55E-05,0.994841617,0.994841617,1,6
3,bimodal,Task B ,2,1,1,-0.433796313,1,2,105.4591017,5,-0.942269995,1,4.72E-06,2.00E-05,0.80916886,0.80916886,1,5
3,bimodal,Task B ,1,3,0,0.792952697,2,2,127.1776202,6,-0.00010429,2,3.00E-05,2.25E-05,0.428132083,0.571867917,1,2
4,bimodal,Task B ,1,2,1,-0.041278563,2,1,55.75971823,1,-0.272036588,2,0.000309853,2.60E-05,0.07744047,0.92255953,0,3
4,bimodal,Task B ,1,3,1,-0.042542318,4,1,92.22274986,2,0.011331984,4,0.000421745,2.65E-05,0.059151684,0.940848316,1,2
4,bimodal,Task B ,2,3,1,1.878664366,4,2,178.6737807,3,-0.582090389,4,4.04E-11,9.66E-06,0.999995819,0.999995819,0,7
4,bimodal,Task B ,1,2,1,-0.671586634,3,1,54.58549605,4,0.312232394,3,4.45E-05,2.30E-05,0.341292653,0.658707347,1,3
4,bimodal,Task B ,1,3,1,0.191306504,4,1,245.3275528,5,-0.130746069,4,0.000336571,2.61E-05,0.072078899,0.927921101,1,2
4,bimodal,Task B ,1,3,0,-0.72537903,4,2,183.0323651,6,0.258228927,4,3.72E-05,2.28E-05,0.379918825,0.620081175,1,2
5,bimodal,Task B ,1,4,1,-0.182103686,1,1,36.19847548,1,-0.064248873,1,0.000366798,2.63E-05,0.066868912,0.933131088,1,1
5,bimodal,Task B ,2,4,1,-1.24786868,2,2,244.5563701,2,-0.581006954,2,1.70E-07,1.63E-05,0.989682115,0.989682115,0,8
5,bimodal,Task B ,2,4,1,1.023459832,4,2,163.2049356,3,1.761586641,4,1.05E-11,8.88E-06,0.99999882,0.99999882,1,8
5,bimodal,Task B ,1,3,1,0.500345381,1,1,31.37526079,4,-0.110253477,1,0.000139381,2.47E-05,0.150755779,0.849244221,1,2
5,bimodal,Task B ,2,2,0,-0.456222285,1,1,287.7558633,5,0.579767796,1,4.39E-05,2.30E-05,0.343838258,0.656161742,0,6
5,bimodal,Task B ,1,3,1,0.103712445,3,1,64.20588206,6,0.299500178,3,0.000275606,2.58E-05,0.085658306,0.914341694,0,2
6,bimodal,Task B ,2,3,1,1.49155687,2,2,2.9024664,1,0.719754675,2,4.28E-09,1.29E-05,0.999668665,0.999668665,0,7
6,bimodal,Task B ,2,2,1,1.12566567,3,2,279.5758383,2,0.095596361,3,2.01E-06,1.90E-05,0.90443016,0.90443016,0,6
6,bimodal,Task B ,2,2,1,3.111449762,4,2,176.4077615,3,-0.916122492,4,3.73E-23,1.71E-06,1,1,0,6
6,bimodal,Task B ,1,2,1,0.007955464,4,1,131.0225567,4,-0.182923294,4,0.000368972,2.63E-05,0.066524152,0.933475848,0,3
6,bimodal,Task B ,1,2,1,-0.41723963,1,1,43.42651414,5,-0.063133486,1,0.000206728,2.54E-05,0.109268029,0.890731971,1,3
6,bimodal,Task B ,2,2,0,-0.483677927,1,1,171.8538612,6,0.697119749,1,2.10E-05,2.20E-05,0.511806413,0.511806413,1,6
7,bimodal,Task B ,1,3,0,1.196550115,2,2,346.0480048,1,0.879661965,2,3.97E-08,1.49E-05,0.997337309,0.997337309,0,2
7,bimodal,Task B ,1,1,0,-1.376208877,2,2,105.6549728,2,-1.239255316,2,2.70E-10,1.09E-05,0.999975176,0.999975176,0,4
7,bimodal,Task B ,2,4,1,1.342252306,4,2,331.6053823,3,0.64531766,4,3.84E-08,1.48E-05,0.997415066,0.997415066,0,8
7,bimodal,Task B ,1,1,1,0.286875089,2,1,259.7882191,4,-0.065453632,2,0.000292324,2.59E-05,0.081432136,0.918567864,1,4
7,bimodal,Task B ,1,1,1,-0.724788,2,1,253.4856654,5,-0.422817291,2,2.34E-05,2.21E-05,0.485819272,0.514180728,1,4
7,bimodal,Task B ,2,1,1,2.003299098,3,2,232.6284014,6,2.041841888,3,4.97E-19,3.09E-06,1,1,1,5
8,bimodal,Task B ,1,1,0,2.793892133,1,2,152.5152637,1,2.31106896,1,4.91E-28,8.46E-07,1,1,0,4
8,bimodal,Task B ,2,4,1,-2.787581254,3,2,304.6554569,2,-0.008830797,3,4.70E-18,3.56E-06,1,1,0,8
8,bimodal,Task B ,1,4,0,0.104736228,3,2,355.9804869,3,-1.678217412,3,2.82E-09,1.26E-05,0.999775903,0.999775903,1,1
8,bimodal,Task B ,1,4,0,-0.309668101,1,2,12.35326954,4,0.771641452,1,2.32E-05,2.21E-05,0.487885941,0.512114059,0,1
8,bimodal,Task B ,1,4,0,-1.174646897,3,2,12.42121974,5,-0.40053216,3,7.44E-07,1.78E-05,0.959964055,0.959964055,0,1
8,bimodal,Task B ,1,4,1,0.145764,2,1,66.99020083,6,0.366739289,2,0.000217796,2.54E-05,0.104598981,0.895401019,0,1
9,bimodal,Task B ,2,1,1,-0.262391402,1,2,167.1824614,1,-0.480872617,1,0.00012229,2.45E-05,0.167138164,0.832861836,0,5
9,bimodal,Task B ,1,1,0,-0.890862641,3,2,84.52557173,2,-1.309968462,3,1.19E-08,1.38E-05,0.999137372,0.999137372,1,4
9,bimodal,Task B ,1,3,1,0.022001677,2,1,95.01260477,3,0.410689428,2,0.00020663,2.54E-05,0.109311266,0.890688734,0,2
9,bimodal,Task B ,1,1,0,0.507627933,1,2,276.9886504,4,-0.24238182,1,0.000111183,2.44E-05,0.179936207,0.820063793,1,4
9,bimodal,Task B ,1,2,1,-0.046533376,2,1,73.21975165,5,0.144025188,2,0.000385527,2.64E-05,0.064014078,0.935985922,0,3
9,bimodal,Task B ,2,1,0,0.720298603,1,1,359.9268433,6,0.165427486,1,4.23E-05,2.30E-05,0.351908474,0.648091526,1,5
10,bimodal,Task B ,2,1,1,-2.325711914,3,2,249.2878296,1,1.39921012,3,2.12E-17,3.91E-06,1,1,0,5
10,bimodal,Task B ,1,2,0,-0.43966409,2,2,196.5154277,2,-0.655695528,2,3.19E-05,2.26E-05,0.414605629,0.585394371,0,3
10,bimodal,Task B ,1,2,1,-0.234592241,3,1,116.7119753,3,-0.057879263,3,0.000336871,2.61E-05,0.072023121,0.927976879,1,3
10,bimodal,Task B ,1,2,0,0.12899649,1,2,4.644668276,4,1.431375502,1,6.79E-08,1.54E-05,0.995597985,0.995597985,1,3
10,bimodal,Task B ,1,1,0,0.165183699,1,2,132.0044842,5,-0.508447219,1,0.000126953,2.46E-05,0.162311457,0.837688543,0,4
10,bimodal,Task B ,1,1,0,-0.53279646,1,2,212.7585572,6,-0.751092756,1,1.25E-05,2.13E-05,0.630312857,0.630312857,1,4
1,bimodal,Task B ,2,3,1,-0.956238311,4,2,139.3708854,1,-1.126329229,4,4.77E-08,1.50E-05,0.996837345,0.996837345,1,7
1,bimodal,Task B ,2,2,1,-1.224351334,2,2,175.8947786,2,-0.688088364,2,1.22E-07,1.59E-05,0.992422098,0.992422098,0,6
1,bimodal,Task B ,1,3,1,-0.044399648,3,1,105.4199114,3,-0.177173567,3,0.000370169,2.63E-05,0.066335758,0.933664242,0,2
1,bimodal,Task B ,1,2,0,-0.660841222,2,2,276.1514869,4,0.431748476,2,3.24E-05,2.26E-05,0.411043567,0.588956433,1,3
1,bimodal,Task B ,2,1,1,1.314974147,1,2,30.4000544,5,0.605335942,1,6.42E-08,1.53E-05,0.995822196,0.995822196,0,5
1,bimodal,Task B ,1,4,1,-0.066168111,4,1,325.2050744,6,0.316803427,4,0.000272685,2.58E-05,0.086443959,0.913556041,0,1
2,bimodal,Task B ,2,3,1,1.455263057,3,2,118.5106734,1,-0.557958868,3,1.62E-08,1.40E-05,0.998845098,0.998845098,0,7
2,bimodal,Task B ,1,2,0,0.620164939,2,2,147.4937536,2,-0.237488032,2,6.59E-05,2.36E-05,0.263676293,0.736323707,1,3
2,bimodal,Task B ,2,2,1,1.12322932,2,2,110.7635561,3,-0.750383969,2,2.00E-07,1.64E-05,0.98798293,0.98798293,0,6
2,bimodal,Task B ,2,2,0,0.012588843,2,1,130.6381581,4,0.067613868,2,0.000415405,2.65E-05,0.059946964,0.940053036,0,6
2,bimodal,Task B ,1,1,1,-0.12101649,4,1,333.8902583,5,0.248914056,4,0.000308332,2.60E-05,0.077770766,0.922229234,0,4
2,bimodal,Task B ,2,3,1,-0.723152762,2,2,127.5078685,6,0.683684539,2,6.91E-06,2.05E-05,0.748012292,0.748012292,0,7
3,bimodal,Task B ,1,3,1,0.734622397,4,1,246.2384564,1,0.18338523,4,3.77E-05,2.28E-05,0.376619777,0.623380223,1,2
3,bimodal,Task B ,2,2,1,-0.001086851,2,2,228.1671237,2,0.944109289,2,9.75E-06,2.10E-05,0.682407955,0.682407955,1,6
3,bimodal,Task B ,2,2,1,1.141638688,2,2,19.56293228,3,0.423764101,2,8.37E-07,1.80E-05,0.955514156,0.955514156,0,6
3,bimodal,Task B ,1,3,0,0.046555968,1,2,14.68394065,4,0.448835523,1,0.000178384,2.51E-05,0.123467758,0.876532242,0,2
3,bimodal,Task B ,1,4,1,-0.230919733,2,1,28.78610366,5,-0.305935539,2,0.000232395,2.55E-05,0.099037733,0.900962267,0,1
3,bimodal,Task B ,2,1,1,-0.331821596,1,2,55.93958088,6,2.013376353,1,9.88E-12,8.84E-06,0.999998883,0.999998883,1,5
4,bimodal,Task B ,1,4,1,0.517361213,2,1,78.95432826,1,0.159033787,2,0.000122246,2.45E-05,0.16718518,0.83281482,1,1
4,bimodal,Task B ,1,2,1,0.633199563,3,1,163.9203341,2,-0.75556529,3,7.06E-06,2.05E-05,0.744184829,0.744184829,1,3
4,bimodal,Task B ,2,3,1,2.507434378,2,2,244.0677007,3,0.255133692,2,1.31E-15,5.06E-06,1,1,0,7
4,bimodal,Task B ,2,1,0,0.109627805,1,1,227.4710013,4,-0.36747427,1,0.000228041,2.55E-05,0.100631078,0.899368922,0,5
4,bimodal,Task B ,1,3,1,0.442040835,4,1,191.992072,5,0.163579616,4,0.000164585,2.50E-05,0.131871398,0.868128602,1,2
4,bimodal,Task B ,1,3,1,0.28239227,3,1,26.5716249,6,-0.164689188,3,0.00026864,2.58E-05,0.087556865,0.912443135,1,2
5,bimodal,Task B ,1,2,1,-0.371827919,3,1,170.0395221,1,0.207730451,3,0.000202284,2.53E-05,0.11126658,0.88873342,1,3
5,bimodal,Task B ,2,1,1,0.694942813,3,2,341.8305433,2,0.901766599,3,1.77E-06,1.88E-05,0.914204367,0.914204367,1,5
5,bimodal,Task B ,1,4,0,0.689114793,3,2,228.8235745,3,-0.237477743,3,4.52E-05,2.31E-05,0.33794198,0.66205802,1,1
5,bimodal,Task B ,1,3,1,-0.027462771,2,1,147.3320631,4,-0.174470056,2,0.000373229,2.63E-05,0.065859365,0.934140635,0,2
5,bimodal,Task B ,1,4,1,-0.465627764,3,1,317.8882376,5,0.37726464,3,9.63E-05,2.42E-05,0.200689291,0.799310709,1,1
5,bimodal,Task B ,1,4,1,0.115467678,4,1,268.905238,6,0.026274204,4,0.000398023,2.64E-05,0.062245431,0.937754569,1,1
6,bimodal,Task B ,1,2,0,0.404360411,4,2,234.0231871,1,0.212271407,4,0.000174138,2.51E-05,0.125933101,0.874066899,1,3
6,bimodal,Task B ,1,2,0,0.623470339,4,2,118.279791,2,-0.267718466,4,6.08E-05,2.35E-05,0.278749233,0.721250767,1,3
6,bimodal,Task B ,2,2,1,1.784951914,4,2,27.17423802,3,1.988936799,4,3.83E-17,4.06E-06,1,1,1,6
6,bimodal,Task B ,2,2,1,-0.6345853,2,2,43.94883944,4,-0.180422595,2,7.18E-05,2.37E-05,0.248584321,0.751415679,1,6
6,bimodal,Task B ,2,2,1,-1.257555836,4,2,150.4337464,5,2.5957527,4,2.73E-19,2.98E-06,1,1,1,6
6,bimodal,Task B ,1,2,1,0.266880059,4,1,90.7783293,6,0.388637404,4,0.000164057,2.50E-05,0.132216574,0.867783426,0,3
7,bimodal,Task B ,1,4,1,-0.101255422,4,1,312.4301769,1,-0.777841927,4,3.21E-05,2.26E-05,0.413192618,0.586807382,0,1
7,bimodal,Task B ,1,1,1,0.091758988,3,1,120.357265,2,-0.362073867,3,0.000235542,2.56E-05,0.097918308,0.902081692,0,4
7,bimodal,Task B ,1,4,0,-0.497020515,2,2,204.4446337,3,1.706149391,2,7.04E-10,1.15E-05,0.99993902,0.99993902,1,1
7,bimodal,Task B ,1,1,0,-0.151821548,2,2,251.4498588,4,0.510586943,2,0.000128492,2.46E-05,0.160781,0.839219,0,4
7,bimodal,Task B ,1,4,1,0.380442846,2,1,73.42192495,5,-0.012295141,2,0.000228378,2.55E-05,0.100505884,0.899494116,1,1
7,bimodal,Task B ,1,4,1,-0.3926329,4,1,143.5257505,6,0.071531441,4,0.000222895,2.55E-05,0.102584422,0.897415578,1,1
8,bimodal,Task B ,1,4,0,-0.459698957,1,2,61.15952123,1,0.090474576,1,0.000174054,2.51E-05,0.125982588,0.874017412,1,1
8,bimodal,Task B ,1,4,1,0.189697398,2,1,50.45374633,2,0.341600028,2,0.000220462,2.55E-05,0.103535456,0.896464544,0,1
8,bimodal,Task B ,1,4,1,-0.083902412,1,1,183.2447796,3,0.187301215,1,0.000356073,2.62E-05,0.068625983,0.931374017,0,1
8,bimodal,Task B ,2,4,1,1.343209452,4,2,136.8849538,4,-0.874656272,4,8.88E-09,1.35E-05,0.999344277,0.999344277,0,8
8,bimodal,Task B ,2,1,0,-0.280931978,2,1,300.1966556,5,0.217299806,2,0.000253267,2.57E-05,0.092072068,0.907927932,1,5
8,bimodal,Task B ,1,4,0,0.482717136,1,2,143.139449,6,-0.51069749,1,5.27E-05,2.33E-05,0.306384339,0.693615661,0,1
9,bimodal,Task B ,1,1,1,-0.767845909,1,1,84.83292159,1,-0.228862221,1,3.06E-05,2.25E-05,0.423933136,0.576066864,1,4
9,bimodal,Task B ,1,2,1,0.363366111,4,1,28.94286007,2,-0.181584202,4,0.000210166,2.54E-05,0.107771863,0.892228137,1,3
9,bimodal,Task B ,1,1,0,-0.755164803,1,2,234.6793958,3,-0.037815787,1,4.10E-05,2.29E-05,0.358728183,0.641271817,1,4
9,bimodal,Task B ,1,2,0,-0.146636944,1,2,349.568874,4,0.356463523,1,0.000227665,2.55E-05,0.100771223,0.899228777,0,3
9,bimodal,Task B ,2,3,1,-2.316111164,3,2,203.4175907,5,-1.506471934,3,7.06E-18,3.65E-06,1,1,0,7
9,bimodal,Task B ,1,1,1,-0.523952019,4,1,334.490984,6,0.119266828,4,0.000130866,2.46E-05,0.158479454,0.841520546,1,4
10,bimodal,Task B ,2,1,1,-1.618012126,3,2,236.5296853,1,-0.869456033,3,3.62E-10,1.11E-05,0.999967333,0.999967333,0,5
10,bimodal,Task B ,1,1,1,-0.037053724,2,1,329.9589594,2,-0.098050385,2,0.000406318,2.65E-05,0.061126175,0.938873825,0,4
10,bimodal,Task B ,1,1,0,0.529280769,2,2,54.62742745,3,0.540445102,2,3.75E-05,2.28E-05,0.378291566,0.621708434,0,4
10,bimodal,Task B ,1,2,1,-0.336765739,1,1,289.5536161,4,0.69412078,1,3.50E-05,2.27E-05,0.39365562,0.60634438,0,3
10,bimodal,Task B ,1,1,1,-0.171424849,1,1,20.86537908,5,0.22520977,1,0.000304926,2.60E-05,0.078521003,0.921478997,0,4
10,bimodal,Task B ,1,1,1,-0.174635804,4,1,197.4097376,6,0.448424947,4,0.000160513,2.50E-05,0.134583684,0.865416316,0,4
1,bimodal,Task B ,1,4,1,-0.09289803,2,1,40.69200337,1,-0.212292971,2,0.000340791,2.62E-05,0.071301588,0.928698412,0,1
1,bimodal,Task B ,1,3,1,-0.318148103,3,1,212.3063448,2,-0.500246158,3,9.90E-05,2.42E-05,0.196627694,0.803372306,0,2
1,bimodal,Task B ,2,1,1,-1.761796394,1,2,206.1978761,3,0.052094212,1,1.15E-09,1.19E-05,0.999903241,0.999903241,0,5
1,bimodal,Task B ,1,2,0,0.706190918,1,2,67.75308798,4,-0.296942585,1,3.58E-05,2.27E-05,0.388451527,0.611548473,1,3
1,bimodal,Task B ,2,2,1,-0.023258344,2,2,324.8675228,5,0.247596663,2,0.000326318,2.61E-05,0.074043106,0.925956894,0,6
1,bimodal,Task B ,2,1,1,-0.014171949,4,2,135.1013527,6,-0.178539107,4,0.000371608,2.63E-05,0.066110806,0.933889194,0,5
2,bimodal,Task B ,2,1,1,-0.725259783,3,2,104.0065393,1,0.053114792,3,4.88E-05,2.32E-05,0.321815997,0.678184003,1,5
2,bimodal,Task B ,1,3,1,0.044618759,4,1,199.7203778,2,-0.011494981,4,0.000419788,2.65E-05,0.059394907,0.940605093,1,2
2,bimodal,Task B ,1,3,1,-0.009690156,2,1,49.3149881,3,0.087711005,2,0.000410419,2.65E-05,0.060588102,0.939411898,0,2
2,bimodal,Task B ,1,2,0,-0.687131411,1,2,256.1849404,4,-1.245444129,1,8.97E-08,1.56E-05,0.99429342,0.99429342,1,3
2,bimodal,Task B ,2,1,1,0.394568407,1,2,56.25206307,5,-1.544623594,1,9.38E-09,1.36E-05,0.999309192,0.999309192,1,5
2,bimodal,Task B ,2,3,0,0.5537587,4,1,298.4310468,6,0.286162109,4,8.16E-05,2.39E-05,0.226704913,0.773295087,1,7
3,bimodal,Task B ,2,1,1,-1.163104169,1,2,327.0375181,1,0.729191734,1,1.71E-07,1.63E-05,0.989582728,0.989582728,0,5
3,bimodal,Task B ,1,4,1,0.154630953,4,1,42.17463704,2,-0.009618351,4,0.000381325,2.63E-05,0.064632413,0.935367587,1,1
3,bimodal,Task B ,1,3,1,0.44260384,1,1,334.6503433,3,-0.415567339,1,8.93E-05,2.41E-05,0.212307372,0.787692628,1,2
3,bimodal,Task B ,2,3,1,-0.83108998,1,2,302.391398,4,-2.048741677,1,5.18E-13,7.35E-06,0.99999993,0.99999993,1,7
3,bimodal,Task B ,2,4,1,-1.773063821,1,2,67.07056554,5,-1.418098883,1,2.07E-13,6.94E-06,0.99999997,0.99999997,0,8
3,bimodal,Task B ,1,1,1,0.159758305,3,1,162.4389343,6,-0.561062085,3,0.000100931,2.42E-05,0.19370868,0.80629132,0,4
4,bimodal,Task B ,1,3,1,-0.57017602,3,1,65.2569736,1,-0.376840531,3,6.23E-05,2.35E-05,0.27403124,0.72596876,1,2
4,bimodal,Task B ,1,2,1,0.612860173,2,1,144.3691806,2,0.046781638,2,8.58E-05,2.40E-05,0.218590637,0.781409363,1,3
4,bimodal,Task B ,2,4,1,-0.028894402,3,2,262.1659577,3,-1.534773951,3,2.07E-08,1.43E-05,0.99855092,0.99855092,1,8
4,bimodal,Task B ,2,2,0,0.830866888,3,1,137.9181178,4,0.615881475,3,4.65E-06,2.00E-05,0.811446661,0.811446661,0,6
4,bimodal,Task B ,2,2,1,0.821868108,1,2,284.9595588,5,2.16969266,1,5.65E-14,6.40E-06,0.999999991,0.999999991,1,6
4,bimodal,Task B ,1,1,1,0.219232099,2,1,11.74498789,6,-0.799570024,2,2.34E-05,2.21E-05,0.48652518,0.51347482,0,4
5,bimodal,Task B ,2,4,1,0.461400937,4,2,324.6912069,1,0.8794097,4,6.49E-06,2.04E-05,0.758889496,0.758889496,1,8
5,bimodal,Task B ,1,4,0,-0.203837284,4,2,255.2231139,2,0.442623318,4,0.000156923,2.49E-05,0.137072402,0.862927598,0,1
5,bimodal,Task B ,1,4,1,-0.065295841,3,1,196.2941325,3,-0.258655422,3,0.00031622,2.60E-05,0.076089077,0.923910923,0,1
5,bimodal,Task B ,1,3,0,-0.636179333,2,2,80.36629861,4,1.035268088,2,8.73E-07,1.80E-05,0.953783252,0.953783252,1,2
5,bimodal,Task B ,1,4,1,0.31615049,1,1,318.1026917,5,-0.329719012,1,0.000175088,2.51E-05,0.125372501,0.874627499,0,1
5,bimodal,Task B ,1,2,1,0.306385033,4,1,230.8576315,6,-0.370823829,4,0.000159158,2.49E-05,0.135511474,0.864488526,0,3
6,bimodal,Task B ,1,2,1,0.217444322,2,1,303.9322364,1,-0.515300444,2,0.000113156,2.44E-05,0.177516183,0.822483817,0,3
6,bimodal,Task B ,1,2,0,-0.604525856,4,2,252.525064,2,0.888347044,4,3.39E-06,1.96E-05,0.852661016,0.852661016,1,3
6,bimodal,Task B ,2,2,1,2.523634921,3,2,195.9505588,3,1.779645274,3,1.89E-21,2.18E-06,1,1,0,6
6,bimodal,Task B ,2,2,0,-0.191092081,3,1,187.8892416,4,-0.086270451,3,0.000356939,2.62E-05,0.068480574,0.931519426,1,6
6,bimodal,Task B ,1,2,0,0.199737099,1,2,104.0118305,5,-1.066533827,1,2.96E-06,1.94E-05,0.867860078,0.867860078,1,3
6,bimodal,Task B ,2,2,1,1.872611274,2,2,157.4520109,6,0.615572864,2,3.70E-11,9.60E-06,0.999996151,0.999996151,0,6
7,bimodal,Task B ,1,1,1,0.153469351,3,1,133.0860938,1,0.149854964,3,0.000346889,2.62E-05,0.070208418,0.929791582,1,4
7,bimodal,Task B ,1,4,1,-0.082541155,3,1,330.6654635,2,0.280094157,3,0.000296454,2.59E-05,0.080453663,0.919546337,0,1
7,bimodal,Task B ,2,1,1,-1.287110928,2,2,75.8838646,3,-0.816611175,2,2.81E-08,1.45E-05,0.998072627,0.998072627,0,5
7,bimodal,Task B ,1,1,1,-0.365537436,1,1,127.0411191,4,-0.372965518,1,0.000138391,2.47E-05,0.15161306,0.84838694,0,4
7,bimodal,Task B ,1,4,1,-0.373997583,3,1,180.6314523,5,0.788202396,3,1.74E-05,2.17E-05,0.555341565,0.555341565,1,1
7,bimodal,Task B ,1,4,1,-0.018140213,1,1,297.8429226,6,0.27180406,1,0.000309563,2.60E-05,0.077503195,0.922496805,0,1
8,bimodal,Task B ,1,4,1,0.014634264,2,1,45.4757059,1,0.34109106,2,0.000258281,2.57E-05,0.090547395,0.909452605,0,1
8,bimodal,Task B ,1,4,0,-0.23306169,1,2,345.2616319,2,-1.694880789,1,1.89E-09,1.23E-05,0.999846118,0.999846118,1,1
8,bimodal,Task B ,2,4,1,2.04746991,1,2,14.82240431,3,-0.419662871,1,5.07E-12,8.48E-06,0.999999402,0.999999402,0,8
8,bimodal,Task B ,2,1,1,-0.541918108,1,2,22.56789788,4,-1.175179807,1,3.83E-07,1.71E-05,0.978113562,0.978113562,1,5
8,bimodal,Task B ,1,4,1,-0.006361006,4,1,118.3545355,5,-0.155815496,4,0.000383735,2.64E-05,0.06427615,0.93572385,0,1
8,bimodal,Task B ,1,4,1,0.192001741,2,1,149.8120153,6,-0.484673005,2,0.000134582,2.47E-05,0.155009954,0.844990046,0,1
9,bimodal,Task B ,1,1,1,-0.437786456,1,1,120.2813146,1,0.113500111,1,0.000184916,2.52E-05,0.119865119,0.880134881,1,4
9,bimodal,Task B ,2,3,1,1.354579321,4,2,26.9019352,2,-2.304106652,4,3.71E-17,4.05E-06,1,1,1,7
9,bimodal,Task B ,2,1,1,-0.893485721,3,2,289.9966168,3,-1.614784978,3,2.72E-10,1.09E-05,0.999975028,0.999975028,1,5
9,bimodal,Task B ,2,1,1,0.572210359,1,2,26.86812026,4,-2.342271384,1,9.53E-15,5.73E-06,0.999999998,0.999999998,1,5
9,bimodal,Task B ,1,1,0,-0.675286388,4,2,316.5689178,5,0.861319768,4,2.85E-06,1.94E-05,0.871867892,0.871867892,1,4
9,bimodal,Task B ,1,2,0,-0.83317029,3,2,260.7108353,6,1.558675783,3,8.54E-10,1.17E-05,0.999926898,0.999926898,1,3
10,bimodal,Task B ,2,2,1,-1.630311467,4,2,299.3636578,1,-0.383133424,4,3.99E-09,1.29E-05,0.999689946,0.999689946,0,6
10,bimodal,Task B ,2,3,1,-2.715170947,4,2,53.49812906,2,1.33242137,4,1.34E-20,2.47E-06,1,1,0,7
10,bimodal,Task B ,1,1,1,0.158054433,2,1,156.6049827,3,-0.496054371,2,0.000135116,2.47E-05,0.154523687,0.845476313,0,4
10,bimodal,Task B ,1,2,0,0.134789365,3,2,170.6099032,4,-0.890224986,3,1.39E-05,2.14E-05,0.606170504,0.606170504,1,3
10,bimodal,Task B ,2,2,1,1.265577569,4,2,206.7908484,5,-0.504215113,4,1.78E-07,1.63E-05,0.989225287,0.989225287,0,6
10,bimodal,Task B ,1,1,0,-2.282890468,2,2,262.0402744,6,-2.060435309,2,3.19E-21,2.26E-06,1,1,0,4
1,bimodal,Task B ,2,2,0,-0.722077447,3,1,107.9086055,1,0.081536641,3,4.90E-05,2.32E-05,0.321304486,0.678695514,1,6
1,bimodal,Task B ,1,2,1,0.070514601,2,1,272.8107318,2,0.224855296,2,0.000333828,2.61E-05,0.072593819,0.927406181,0,3
1,bimodal,Task B ,2,2,1,1.41276121,3,2,69.19170836,3,-0.260443583,3,7.52E-08,1.55E-05,0.995158622,0.995158622,0,6
1,bimodal,Task B ,1,4,1,0.032509623,3,1,25.19030829,4,-0.089714093,3,0.00040816,2.65E-05,0.060883328,0.939116672,0,1
1,bimodal,Task B ,2,2,1,-1.337398387,1,2,195.0470588,5,-0.46935818,1,1.07E-07,1.58E-05,0.993291154,0.993291154,0,6
1,bimodal,Task B ,2,2,1,-0.797516954,3,2,217.7074714,6,-1.420678846,3,6.37E-09,1.32E-05,0.999519662,0.999519662,1,6
2,bimodal,Task B ,1,2,1,0.03935219,2,1,113.3872824,1,0.118062804,2,0.000396274,2.64E-05,0.062486912,0.937513088,0,3
2,bimodal,Task B ,2,2,1,-1.072159395,3,2,224.2681705,2,-1.643559534,3,4.29E-11,9.69E-06,0.999995572,0.999995572,1,6
2,bimodal,Task B ,1,2,1,0.267686221,2,1,120.9706732,3,0.007995547,2,0.00031105,2.60E-05,0.077182655,0.922817345,1,3
2,bimodal,Task B ,1,1,1,-0.322402407,1,1,42.89159575,4,-0.214297821,1,0.000231092,2.55E-05,0.099508982,0.900491018,1,4
2,bimodal,Task B ,1,2,1,0.459366303,1,1,74.24893668,5,0.219686312,1,0.000140661,2.48E-05,0.149661547,0.850338453,1,3
2,bimodal,Task B ,2,3,1,-2.993751062,3,2,160.8098602,6,0.621580706,3,6.55E-21,2.36E-06,1,1,0,7
3,bimodal,Task B ,2,1,1,-1.614596483,1,2,215.9621565,1,0.674484667,1,1.33E-09,1.20E-05,0.999889588,0.999889588,0,5
3,bimodal,Task B ,1,3,1,0.247178278,2,1,276.6213133,2,-0.526815366,2,0.000101439,2.43E-05,0.19297476,0.80702524,0,2
3,bimodal,Task B ,1,1,0,0.190650949,4,2,320.3766704,3,1.136684226,4,1.53E-06,1.87E-05,0.924330896,0.924330896,1,4
3,bimodal,Task B ,1,4,1,0.006602519,2,1,86.33003648,4,0.269133563,2,0.000311469,2.60E-05,0.077092794,0.922907206,0,1
3,bimodal,Task B ,1,1,0,0.234871741,1,2,329.8139771,5,-0.86035401,1,1.48E-05,2.15E-05,0.592205429,0.592205429,1,4
3,bimodal,Task B ,2,2,1,-0.997533553,1,2,28.99907498,6,0.528798524,1,2.18E-06,1.91E-05,0.89741763,0.89741763,0,6
4,bimodal,Task B ,2,2,1,-0.833367272,2,2,38.06003241,1,-1.684536761,2,1.58E-10,1.05E-05,0.999984982,0.999984982,1,6
4,bimodal,Task B ,1,1,0,0.411027158,1,2,268.7128693,2,1.795929532,1,2.47E-10,1.08E-05,0.999977152,0.999977152,1,4
4,bimodal,Task B ,1,3,0,0.718390247,1,2,66.43120193,3,3.077542404,1,2.01E-22,1.90E-06,1,1,1,2
4,bimodal,Task B ,2,3,1,-0.263020136,4,2,245.3283374,4,1.69647355,4,1.67E-09,1.22E-05,0.999862618,0.999862618,1,7
4,bimodal,Task B ,2,3,1,-1.648597661,4,2,302.058907,5,-0.097175374,4,5.54E-09,1.31E-05,0.999578172,0.999578172,0,7
4,bimodal,Task B ,2,4,0,0.257742347,4,1,217.1769691,6,-0.785281851,4,2.38E-05,2.22E-05,0.482467366,0.517532634,0,8
5,bimodal,Task B ,1,4,1,-0.097534242,2,1,163.7035596,1,0.199602869,2,0.000345601,2.62E-05,0.070436464,0.929563536,0,1
5,bimodal,Task B ,2,4,0,-0.550000082,1,1,310.1944104,2,0.059801526,1,0.000122103,2.45E-05,0.167338009,0.832661991,1,8
5,bimodal,Task B ,1,4,1,-0.191150413,4,1,82.7158387,3,-0.049695283,4,0.000364329,2.63E-05,0.06726508,0.93273492,1,1
5,bimodal,Task B ,1,3,0,-0.885408181,3,2,43.06407066,4,-2.209835497,3,1.95E-14,5.99E-06,0.999999997,0.999999997,1,2
5,bimodal,Task B ,1,3,1,0.202490529,3,1,28.28559724,5,-0.393980122,3,0.000184909,2.52E-05,0.119868906,0.880131094,0,2
5,bimodal,Task B ,2,3,1,0.882138146,4,2,316.8967528,6,-0.593281455,4,3.66E-06,1.97E-05,0.843274318,0.843274318,0,7
6,bimodal,Task B ,1,3,0,-0.60207115,3,2,239.7134205,1,-1.29369614,3,8.40E-08,1.56E-05,0.994630734,0.994630734,1,2
6,bimodal,Task B ,2,2,1,1.340934992,4,2,298.8964542,2,0.308724565,4,1.52E-07,1.62E-05,0.990689713,0.990689713,0,6
6,bimodal,Task B ,1,2,0,-0.567479731,3,2,290.2543975,3,0.775316778,3,8.97E-06,2.08E-05,0.699074428,0.699074428,1,3
6,bimodal,Task B ,1,2,1,0.062516033,1,1,76.05001169,4,0.296781948,1,0.00028607,2.59E-05,0.082961449,0.917038551,0,3
6,bimodal,Task B ,1,2,0,0.138727424,2,2,102.8915899,5,-1.931016835,2,5.80E-11,9.88E-06,0.999994127,0.999994127,1,3
6,bimodal,Task B ,2,2,1,-1.038392289,1,2,4.388838035,6,1.368773457,1,1.83E-09,1.23E-05,0.99985042,0.99985042,1,6
7,bimodal,Task B ,1,1,1,-0.269237607,2,1,344.239384,1,-0.249354929,2,0.000245348,2.56E-05,0.094592225,0.905407775,1,4
7,bimodal,Task B ,1,1,1,0.153344826,2,1,125.4613025,2,1.105276698,2,2.17E-06,1.91E-05,0.897715023,0.897715023,1,4
7,bimodal,Task B ,1,1,1,-0.284348272,1,1,325.7111852,3,0.092103953,1,0.000296339,2.59E-05,0.080480449,0.919519551,1,4
7,bimodal,Task B ,1,1,0,-0.201159476,1,2,10.9709136,4,-0.587350301,1,8.50E-05,2.40E-05,0.220149126,0.779850874,0,4
7,bimodal,Task B ,1,1,0,-0.555960683,1,2,154.5236247,5,0.992468669,1,1.87E-06,1.89E-05,0.910070326,0.910070326,1,4
7,bimodal,Task B ,1,4,0,-1.991670656,2,2,153.1037848,6,0.086682269,2,3.17E-11,9.51E-06,0.999996665,0.999996665,0,1
8,bimodal,Task B ,2,2,1,1.398844019,3,2,308.093533,1,1.834709222,3,7.77E-14,6.53E-06,0.999999988,0.999999988,1,6
8,bimodal,Task B ,2,4,1,-1.697367695,4,2,209.9301731,2,-3.025333615,4,5.04E-26,1.13E-06,1,1,1,8
8,bimodal,Task B ,2,1,0,0.380093963,4,1,189.8424144,3,-0.165239656,4,0.000204223,2.53E-05,0.110385408,0.889614592,1,5
8,bimodal,Task B ,2,4,1,-1.434735807,3,2,305.2319112,4,2.117441517,3,5.19E-16,4.78E-06,1,1,1,8
8,bimodal,Task B ,1,4,1,-0.356840073,3,1,62.44666878,5,-0.060189249,3,0.000250678,2.57E-05,0.092880721,0.907119279,1,1
8,bimodal,Task B ,1,4,1,0.022089319,4,1,185.3424438,6,-0.013351432,4,0.000422794,2.65E-05,0.059022216,0.940977784,1,1
9,bimodal,Task B ,1,2,1,-0.271409205,3,1,227.8549952,1,-0.417285038,3,0.000152507,2.49E-05,0.140268519,0.859731481,0,3
9,bimodal,Task B ,1,1,1,-0.110267722,3,1,116.8340066,2,-0.118971521,3,0.000382564,2.64E-05,0.064448758,0.935551242,0,4
9,bimodal,Task B ,1,3,1,0.289509906,2,1,327.0275861,3,0.585311486,2,6.91E-05,2.37E-05,0.255144151,0.744855849,0,2
9,bimodal,Task B ,2,1,0,-0.168365801,2,1,22.76965064,4,0.041104549,2,0.000377385,2.63E-05,0.065223497,0.934776503,1,5
9,bimodal,Task B ,2,2,0,0.765162986,4,1,83.70333285,5,0.150465029,4,3.27E-05,2.26E-05,0.409001517,0.590998483,1,6
9,bimodal,Task B ,1,1,0,-2.430244071,3,2,132.4903336,6,1.257572172,3,1.32E-17,3.80E-06,1,1,0,4
10,bimodal,Task B ,1,1,0,0.030949231,3,2,113.0475759,1,-0.703714611,3,5.26E-05,2.33E-05,0.306842,0.693158,0,4
10,bimodal,Task B ,1,2,0,0.276500374,4,2,74.94196421,2,0.515850772,4,9.86E-05,2.42E-05,0.19717721,0.80282279,0,3
10,bimodal,Task B ,1,2,1,0.717754662,3,1,61.01691128,3,-0.305632308,3,3.27E-05,2.26E-05,0.40888393,0.59111607,1,3
10,bimodal,Task B ,2,2,0,0.76295788,3,1,326.9288319,4,-0.15113188,3,3.32E-05,2.26E-05,0.405240852,0.594759148,1,6
10,bimodal,Task B ,2,2,1,-2.033585313,1,2,315.5630285,5,1.170469615,1,4.95E-14,6.35E-06,0.999999992,0.999999992,0,6
10,bimodal,Task B ,1,1,0,0.059819441,2,2,33.99784594,6,-1.37148741,2,1.51E-07,1.61E-05,0.990748598,0.990748598,1,4
1,bimodal,Task B ,2,4,1,-1.719699274,2,2,148.8266237,1,-0.839766171,2,1.10E-10,1.03E-05,0.9999893,0.9999893,0,8
1,bimodal,Task B ,1,3,1,-0.658386557,4,1,39.25827981,2,-0.449952003,4,3.09E-05,2.25E-05,0.42119442,0.57880558,1,2
1,bimodal,Task B ,1,3,1,0.234159225,2,1,118.8374879,3,-0.166466207,2,0.000297869,2.59E-05,0.080124057,0.919875943,1,2
1,bimodal,Task B ,2,4,1,-0.947915228,4,2,304.1338914,4,-1.242219203,4,1.60E-08,1.40E-05,0.998861527,0.998861527,1,8
1,bimodal,Task B ,2,2,1,-0.59482966,4,2,37.88628564,5,1.036929078,4,1.06E-06,1.82E-05,0.945029848,0.945029848,1,6
1,bimodal,Task B ,2,1,0,-0.444503188,1,1,354.1464279,6,-0.299786726,1,0.000131005,2.46E-05,0.158346261,0.841653739,1,5
2,bimodal,Task B ,2,3,1,0.442227204,2,2,154.8237862,1,0.987757973,2,2.97E-06,1.95E-05,0.867616994,0.867616994,1,7
2,bimodal,Task B ,1,2,1,-0.085073315,4,1,84.80053256,2,0.113423655,4,0.000391106,2.64E-05,0.063211672,0.936788328,0,3
2,bimodal,Task B ,2,1,0,0.106243133,2,1,60.02253469,3,0.314426707,2,0.000264488,2.58E-05,0.088730485,0.911269515,0,5
2,bimodal,Task B ,1,2,1,0.33680781,3,1,61.40908214,4,-0.133345875,3,0.000242248,2.56E-05,0.095618,0.904382,1,3
2,bimodal,Task B ,1,2,0,1.196437759,3,2,32.0542683,5,-0.096409142,3,1.01E-06,1.82E-05,0.947297031,0.947297031,0,3
2,bimodal,Task B ,1,2,1,0.212493564,2,1,155.5529315,6,-0.363023869,2,0.000200483,2.53E-05,0.112098538,0.887901462,0,3
3,bimodal,Task B ,2,3,1,0.836125503,4,2,18.10958556,1,1.972091598,4,1.62E-12,7.90E-06,0.999999795,0.999999795,1,7
3,bimodal,Task B ,1,3,0,-0.085076319,1,2,104.5840216,2,2.182455812,1,7.48E-13,7.53E-06,0.999999901,0.999999901,1,2
3,bimodal,Task B ,2,2,1,-0.741068569,3,2,31.0406789,3,1.770992161,3,7.84E-11,1.01E-05,0.999992214,0.999992214,1,6
3,bimodal,Task B ,1,4,1,-0.17030851,4,1,57.54336146,4,0.304386424,4,0.000255624,2.57E-05,0.091348815,0.908651185,0,1
3,bimodal,Task B ,2,2,1,0.627984271,3,2,254.2268703,5,-0.940942489,3,1.93E-06,1.89E-05,0.907598253,0.907598253,1,6
3,bimodal,Task B ,2,4,1,-2.673914667,2,2,214.8220642,6,-3.042842912,2,6.76E-34,3.64E-07,1,1,1,8
4,bimodal,Task B ,1,3,1,0.312701532,1,1,316.5856452,1,-0.301730404,1,0.000190328,2.52E-05,0.117041052,0.882958948,1,2
4,bimodal,Task B ,2,2,1,1.874678175,1,2,243.5944064,2,-0.655480728,1,2.93E-11,9.46E-06,0.999996904,0.999996904,0,6
4,bimodal,Task B ,1,2,0,-0.700522465,2,2,274.4323823,3,1.825957445,2,4.32E-11,9.70E-06,0.999995541,0.999995541,1,3
4,bimodal,Task B ,1,3,0,0.006751964,3,2,241.4465903,4,0.308176171,3,0.000283072,2.59E-05,0.083716087,0.916283913,0,2
4,bimodal,Task B ,2,3,1,2.611758671,2,2,157.8109625,5,1.417385856,2,3.83E-20,2.64E-06,1,1,0,7
4,bimodal,Task B ,1,1,0,-0.225717902,1,2,56.54888173,6,0.544900065,1,9.85E-05,2.42E-05,0.197272559,0.802727441,0,4
5,bimodal,Task B ,1,3,1,0.124208762,2,1,155.0006129,1,0.052431914,2,0.000390884,2.64E-05,0.063243164,0.936756836,1,2
5,bimodal,Task B ,1,4,1,0.174572559,1,1,167.9778813,2,0.424270639,1,0.000172626,2.51E-05,0.126835649,0.873164351,0,1
5,bimodal,Task B ,2,2,1,1.130094005,1,2,205.5545782,3,0.730907652,1,2.08E-07,1.65E-05,0.98752171,0.98752171,0,6
5,bimodal,Task B ,1,4,1,0.718309675,2,1,118.3134338,4,0.676324122,2,6.93E-06,2.05E-05,0.747508942,0.747508942,0,1
5,bimodal,Task B ,2,1,0,-0.40454441,4,1,192.5907708,5,-0.223035353,4,0.000178171,2.51E-05,0.123589133,0.876410867,1,5
5,bimodal,Task B ,1,4,1,-0.276610308,4,1,75.73731828,6,0.287088444,4,0.000220274,2.55E-05,0.103609805,0.896390195,0,1
6,bimodal,Task B ,2,1,1,1.146399618,3,2,66.64477977,1,-0.632420177,3,3.19E-07,1.69E-05,0.981490192,0.981490192,0,5
6,bimodal,Task B ,1,2,0,1.037862048,2,2,140.8564789,2,0.752875901,2,4.18E-07,1.72E-05,0.976292107,0.976292107,0,3
6,bimodal,Task B ,2,1,1,0.039026211,1,2,216.1216169,3,1.059921069,1,3.63E-06,1.97E-05,0.844523216,0.844523216,1,5
6,bimodal,Task B ,2,2,1,1.356686493,4,2,239.1436241,4,-0.480631016,4,7.23E-08,1.54E-05,0.995331,0.995331,0,6
6,bimodal,Task B ,1,2,1,-0.129215251,3,1,248.3559994,5,-0.03544171,3,0.000396417,2.64E-05,0.06246697,0.93753303,1,3
6,bimodal,Task B ,1,2,1,0.288981376,1,1,299.9357958,6,-0.088188725,1,0.000286642,2.59E-05,0.082819183,0.917180817,1,3
7,bimodal,Task B ,2,4,1,-3.003593063,4,2,176.2097277,1,-0.016192404,4,2.63E-20,2.57E-06,1,1,0,8
7,bimodal,Task B ,1,1,0,0.062431552,4,2,228.5503233,2,-0.497046865,4,0.000147536,2.48E-05,0.144057062,0.855942938,0,4
7,bimodal,Task B ,1,4,0,0.949844703,4,2,54.00737231,3,0.081288906,4,9.30E-06,2.09E-05,0.69187815,0.69187815,0,1
7,bimodal,Task B ,2,4,1,-0.90333237,4,2,272.5916335,4,-3.223888333,4,1.37E-24,1.39E-06,1,1,1,8
7,bimodal,Task B ,1,4,0,0.396407834,2,2,110.98654,5,-0.753471173,2,1.99E-05,2.19E-05,0.523916892,0.523916892,1,1
7,bimodal,Task B ,1,4,1,-0.281094778,3,1,226.817974,6,-0.371606099,3,0.000173653,2.51E-05,0.126220995,0.873779005,0,1
8,bimodal,Task B ,1,4,1,0.238733219,4,1,75.00918919,1,0.426197561,4,0.000153091,2.49E-05,0.139837477,0.860162523,0,1
8,bimodal,Task B ,2,4,1,1.731291649,4,2,66.44834173,2,0.464256179,4,6.16E-10,1.14E-05,0.999946218,0.999946218,0,8
8,bimodal,Task B ,1,4,0,-0.884370132,4,2,193.8363387,3,-1.7287046,4,5.83E-11,9.88E-06,0.999994104,0.999994104,1,1
8,bimodal,Task B ,2,4,0,0.013489627,4,1,31.5312836,4,0.187845212,4,0.00036435,2.63E-05,0.067261689,0.932738311,0,8
8,bimodal,Task B ,2,4,1,1.278358887,3,2,226.3477557,5,2.262325184,3,1.82E-16,4.47E-06,1,1,1,8
8,bimodal,Task B ,1,4,0,0.677232347,1,2,335.9189844,6,-0.856851754,1,2.79E-06,1.94E-05,0.874316136,0.874316136,1,1
9,bimodal,Task B ,2,4,1,-1.665683575,4,2,119.933384,1,-0.684395853,4,6.36E-10,1.15E-05,0.999944569,0.999944569,0,8
9,bimodal,Task B ,1,1,0,0.338369842,1,2,98.62384146,2,1.429178736,1,4.60E-08,1.50E-05,0.9969411,0.9969411,1,4
9,bimodal,Task B ,1,3,1,-0.504830776,4,1,219.7119278,3,-0.360671493,4,8.75E-05,2.40E-05,0.215543209,0.784456791,1,2
9,bimodal,Task B ,1,1,1,0.142400402,1,1,121.0461238,4,0.40946542,1,0.000190047,2.52E-05,0.117184513,0.882815487,0,4
9,bimodal,Task B ,1,2,0,1.014593324,3,2,274.5521771,5,1.823937187,3,4.39E-12,8.41E-06,0.999999477,0.999999477,1,3
9,bimodal,Task B ,1,3,1,-0.399296807,1,1,51.96084105,6,-0.229309691,1,0.000179128,2.51E-05,0.123046349,0.876953651,1,2
10,bimodal,Task B ,1,1,0,-1.014178419,1,2,189.0639361,1,-0.050907156,1,6.16E-06,2.04E-05,0.767816394,0.767816394,0,4
10,bimodal,Task B ,1,1,0,0.589842501,4,2,194.2813489,2,-0.875622076,4,3.86E-06,1.98E-05,0.836612209,0.836612209,1,4
10,bimodal,Task B ,1,1,0,-1.418423464,2,2,198.8928311,3,-0.521357171,2,3.41E-08,1.47E-05,0.997686166,0.997686166,0,4
10,bimodal,Task B ,1,1,0,0.720555388,1,2,2.320460632,4,-1.771516626,1,8.55E-11,1.01E-05,0.999991554,0.999991554,1,4
10,bimodal,Task B ,1,2,1,0.125920011,4,1,320.7117602,5,0.54314154,4,0.000112999,2.44E-05,0.177706284,0.822293716,0,3
10,bimodal,Task B ,1,2,1,-0.852278411,2,1,311.2013711,6,0.668022615,2,3.27E-06,1.96E-05,0.856956757,0.856956757,0,3
1,bimodal,Task B ,2,1,0,-0.156558049,1,1,262.4805563,1,-0.027026167,1,0.000385078,2.64E-05,0.064079459,0.935920541,1,5
1,bimodal,Task B ,2,1,0,-0.948864607,3,1,278.347221,2,0.39681566,3,5.41E-06,2.02E-05,0.788751599,0.788751599,0,5
1,bimodal,Task B ,2,4,1,-1.088281764,4,2,4.536660967,3,3.532028448,4,4.23E-29,7.26E-07,1,1,1,8
1,bimodal,Task B ,1,3,1,-0.246307255,1,1,21.40697544,4,0.678615323,1,4.74E-05,2.31E-05,0.327908737,0.672091263,0,2
1,bimodal,Task B ,2,1,0,-0.046341977,2,1,57.60750846,5,-0.286599421,2,0.000298962,2.60E-05,0.079871213,0.920128787,0,5
1,bimodal,Task B ,2,2,1,1.82608395,4,2,54.16419109,6,-1.12969264,4,1.75E-12,7.94E-06,0.99999978,0.99999978,0,6
2,bimodal,Task B ,1,1,1,0.082873221,1,1,153.601586,1,0.101353984,1,0.000392923,2.64E-05,0.062954936,0.937045064,0,4
2,bimodal,Task B ,1,3,1,0.436451719,2,1,359.6093512,2,0.473653863,2,7.27E-05,2.38E-05,0.246258177,0.753741823,0,2
2,bimodal,Task B ,1,3,1,-0.513168671,2,1,245.2030714,3,0.318489954,2,9.46E-05,2.42E-05,0.203361447,0.796638553,1,2
2,bimodal,Task B ,2,2,1,-0.79320014,3,2,143.3265439,4,1.344154663,3,1.55E-08,1.40E-05,0.998893745,0.998893745,1,6
2,bimodal,Task B ,2,3,1,3.182614225,1,2,202.9269562,5,0.180963917,1,1.72E-22,1.88E-06,1,1,0,7
2,bimodal,Task B ,2,1,1,-0.490526676,3,2,334.4092719,6,-0.290432304,3,0.000112386,2.44E-05,0.178452411,0.821547589,1,5
3,bimodal,Task B ,1,1,0,-0.899988791,4,2,169.3833648,1,-0.37616507,4,8.47E-06,2.08E-05,0.710241181,0.710241181,0,4
3,bimodal,Task B ,1,2,1,-0.259874342,2,1,250.4417151,2,-0.363706338,2,0.000186447,2.52E-05,0.119051741,0.880948259,0,3
3,bimodal,Task B ,1,1,0,-0.495812329,4,2,110.1052102,3,-0.7941276,4,1.10E-05,2.11E-05,0.656972549,0.656972549,1,4
3,bimodal,Task B ,2,4,1,3.69812744,4,2,159.1887729,4,3.230844945,4,5.46E-48,4.79E-08,1,1,0,8
3,bimodal,Task B ,2,3,1,1.275566409,1,2,17.11240606,5,0.965307333,1,9.00E-09,1.35E-05,0.99933556,0.99933556,0,7
3,bimodal,Task B ,1,4,0,-0.613247796,3,2,72.49262789,6,1.356822216,3,3.81E-08,1.48E-05,0.997436943,0.997436943,1,1
4,bimodal,Task B ,1,4,1,-0.387221615,3,1,176.1516921,1,-0.325855703,3,0.000148678,2.48E-05,0.143168221,0.856831779,1,1
4,bimodal,Task B ,1,3,1,-0.264468849,4,1,165.9557115,2,-0.494496241,4,0.000115124,2.44E-05,0.175167971,0.824832029,0,2
4,bimodal,Task B ,2,3,1,-1.865935051,3,2,262.8795673,3,-0.981406148,3,4.23E-12,8.39E-06,0.999999495,0.999999495,0,7
4,bimodal,Task B ,1,3,1,-0.068953836,4,1,357.7412904,4,-0.691113729,4,5.60E-05,2.34E-05,0.294418656,0.705581344,0,2
4,bimodal,Task B ,1,1,0,1.776181303,1,2,258.9363644,5,1.537249582,1,3.65E-14,6.23E-06,0.999999994,0.999999994,0,4
4,bimodal,Task B ,1,1,1,-0.479549912,1,1,269.647072,6,-0.12691037,1,0.000156317,2.49E-05,0.137502158,0.862497842,1,4
5,bimodal,Task B ,1,4,1,0.404269701,4,1,222.889854,1,0.156258324,4,0.00019017,2.52E-05,0.117121598,0.882878402,1,1
5,bimodal,Task B ,1,4,1,0.296832517,1,1,256.8041213,2,-0.805993434,1,1.89E-05,2.18E-05,0.536480849,0.536480849,1,1
5,bimodal,Task B ,1,4,1,0.397984211,3,1,253.3666519,3,0.183222238,3,0.000186833,2.52E-05,0.118848923,0.881151077,1,1
5,bimodal,Task B ,1,3,1,-0.290418303,1,1,119.3795785,4,0.444149939,1,0.000131164,2.46E-05,0.158194871,0.841805129,0,2
5,bimodal,Task B ,2,4,1,0.898651137,4,2,299.2928771,5,1.539635942,4,6.30E-10,1.15E-05,0.999945021,0.999945021,1,8
5,bimodal,Task B ,1,3,1,-0.001590531,4,1,214.0303237,6,0.18466566,4,0.000366725,2.63E-05,0.066880574,0.933119426,0,2
6,bimodal,Task B ,1,2,0,1.941428162,2,2,277.0767783,1,-0.606549665,2,1.32E-11,9.00E-06,0.999998538,0.999998538,0,3
6,bimodal,Task B ,1,2,0,1.982982014,2,2,326.0116758,2,-0.567651721,2,8.09E-12,8.73E-06,0.999999074,0.999999074,0,3
6,bimodal,Task B ,1,2,1,0.408577,1,1,177.060494,3,-0.423302952,1,9.81E-05,2.42E-05,0.197858247,0.802141753,0,3
6,bimodal,Task B ,1,2,0,0.504418001,1,2,66.4628089,4,-0.750224476,1,1.35E-05,2.14E-05,0.613019686,0.613019686,1,3
6,bimodal,Task B ,1,2,0,-0.69450642,4,2,326.3705313,5,-0.897860955,4,1.99E-06,1.90E-05,0.905095251,0.905095251,1,3
6,bimodal,Task B ,1,1,1,0.308540255,4,1,234.7255507,6,-0.379453715,4,0.000154016,2.49E-05,0.139158933,0.860841067,0,4
7,bimodal,Task B ,1,1,1,0.285086122,3,1,164.1892848,1,0.031146807,3,0.000297408,2.59E-05,0.080231078,0.919768922,1,4
7,bimodal,Task B ,1,1,1,0.08510107,2,1,350.3549548,2,-0.224346986,2,0.000332451,2.61E-05,0.072855093,0.927144907,0,4
7,bimodal,Task B ,2,1,1,-2.713082878,3,2,143.1772013,3,1.071767437,3,1.99E-19,2.92E-06,1,1,0,5
7,bimodal,Task B ,1,1,0,1.664220585,3,2,271.2630737,4,-0.018339624,3,3.97E-09,1.29E-05,0.999691751,0.999691751,0,4
7,bimodal,Task B ,1,4,1,0.291707094,4,1,145.0008506,5,0.364046053,4,0.000167312,2.50E-05,0.130117668,0.869882332,0,1
7,bimodal,Task B ,1,4,1,-0.093278795,3,1,43.44107465,6,0.22976951,3,0.000328139,2.61E-05,0.073686083,0.926313917,0,1
8,bimodal,Task B ,1,4,1,-0.834609126,4,1,101.5874773,1,0.126388642,4,2.29E-05,2.21E-05,0.491626028,0.508373972,1,1
8,bimodal,Task B ,1,4,1,-0.084941168,3,1,228.2195779,2,0.375894246,3,0.000226781,2.55E-05,0.101102449,0.898897551,0,1
8,bimodal,Task B ,1,4,1,-0.748783875,1,1,117.5005308,3,0.38895235,1,2.25E-05,2.21E-05,0.494888674,0.505111326,1,1
8,bimodal,Task B ,2,1,1,1.278760971,2,2,147.942744,4,0.112122118,2,4.26E-07,1.72E-05,0.975895861,0.975895861,0,5
8,bimodal,Task B ,2,4,1,1.872892208,2,2,96.37371631,5,-0.999832695,2,2.73E-12,8.16E-06,0.999999666,0.999999666,0,8
8,bimodal,Task B ,2,4,0,0.352984104,3,1,209.7031017,6,0.154171756,3,0.000224611,2.55E-05,0.101924295,0.898075705,1,8
9,bimodal,Task B ,2,3,1,1.920592988,3,2,243.4543067,1,-2.519884375,3,2.03E-22,1.90E-06,1,1,1,7
9,bimodal,Task B ,2,3,0,0.299484183,3,1,143.9454177,2,0.254999065,3,0.000218454,2.54E-05,0.104334344,0.895665656,1,7
9,bimodal,Task B ,1,1,1,0.150657843,3,1,130.8065624,3,-0.349878908,3,0.000229595,2.55E-05,0.100056299,0.899943701,0,4
9,bimodal,Task B ,1,1,0,1.100891229,4,2,32.00372137,4,-0.615149656,4,5.35E-07,1.75E-05,0.970273604,0.970273604,0,4
9,bimodal,Task B ,2,2,1,1.635156582,3,2,26.98780776,5,1.745083351,3,1.52E-14,5.90E-06,0.999999997,0.999999997,1,6
9,bimodal,Task B ,1,3,1,0.313617225,3,1,199.2945547,6,0.025096691,3,0.000277085,2.58E-05,0.08526611,0.91473389,1,2
10,bimodal,Task B ,1,1,1,-0.576195861,4,1,235.3342846,1,-0.135689686,4,0.000101816,2.43E-05,0.192433603,0.807566397,1,4
10,bimodal,Task B ,1,2,1,0.259750823,1,1,306.4494944,2,0.015030049,1,0.000316381,2.60E-05,0.076055541,0.923944459,1,3
10,bimodal,Task B ,1,2,1,-0.299338571,1,1,290.9188851,3,-0.18719967,1,0.000256439,2.57E-05,0.091101528,0.908898472,1,3
10,bimodal,Task B ,1,1,1,0.546682231,1,1,14.94476697,4,-0.325493739,1,7.67E-05,2.38E-05,0.237063982,0.762936018,1,4
10,bimodal,Task B ,1,2,1,0.258772597,1,1,164.9085013,5,-0.291312979,1,0.000222571,2.55E-05,0.102710275,0.897289725,0,3
10,bimodal,Task B ,1,1,0,1.69018976,1,2,296.5398125,6,1.007853177,1,3.75E-11,9.61E-06,0.999996097,0.999996097,0,4
1,bimodal,Task B ,1,3,1,0.14055288,2,1,292.3895599,1,-0.124457389,2,0.000364258,2.63E-05,0.067276541,0.932723459,1,2
1,bimodal,Task B ,1,2,0,-0.722343267,4,2,26.66951595,2,1.201272637,4,1.12E-07,1.59E-05,0.992966273,0.992966273,1,3
1,bimodal,Task B ,2,2,1,-1.114580379,2,2,321.1992903,3,0.839900518,2,1.30E-07,1.60E-05,0.991952924,0.991952924,0,6
1,bimodal,Task B ,1,4,1,0.602892647,2,1,42.96292965,4,-0.148351577,2,8.32E-05,2.40E-05,0.223545313,0.776454687,1,1
1,bimodal,Task B ,2,4,1,1.383342746,4,2,79.71562287,5,-3.739747942,4,3.36E-33,4.03E-07,1,1,1,8
1,bimodal,Task B ,2,2,1,0.939860805,2,2,297.3401595,6,2.521879647,2,2.21E-17,3.92E-06,1,1,1,6
2,bimodal,Task B ,1,2,1,-0.112020302,3,1,257.1449716,1,0.04871008,3,0.000400703,2.64E-05,0.061879188,0.938120812,1,3
2,bimodal,Task B ,1,3,1,0.347143829,3,1,62.06556045,2,-0.227440899,3,0.000203948,2.53E-05,0.110509427,0.889490573,1,2
2,bimodal,Task B ,1,2,0,-1.160317937,1,2,136.9162764,3,1.581927608,1,4.25E-11,9.69E-06,0.999995613,0.999995613,1,3
2,bimodal,Task B ,1,2,1,0.075797571,4,1,210.4243983,4,-0.387295195,4,0.000220137,2.55E-05,0.103663938,0.896336062,0,3
2,bimodal,Task B ,1,2,0,1.55083283,3,2,304.4334067,5,-0.682172837,3,2.56E-09,1.25E-05,0.999795249,0.999795249,0,3
2,bimodal,Task B ,1,2,1,-0.429489041,4,1,226.7121735,6,-0.096182257,4,0.000193845,2.53E-05,0.11527876,0.88472124,1,3
3,bimodal,Task B ,1,1,1,-0.204750623,1,1,253.8241508,1,0.210789153,1,0.000297763,2.59E-05,0.080148546,0.919851454,0,4
3,bimodal,Task B ,1,1,1,-0.273426742,3,1,57.04269892,2,0.002701131,3,0.000315154,2.60E-05,0.076311997,0.923688003,1,4
3,bimodal,Task B ,1,4,1,0.243502694,4,1,30.73403748,3,-0.224843894,4,0.000265576,2.58E-05,0.088419994,0.911580006,1,1
3,bimodal,Task B ,1,4,1,0.156117715,2,1,69.81348008,4,0.294251701,2,0.000263264,2.57E-05,0.08908276,0.91091724,0,1
3,bimodal,Task B ,1,3,0,-0.612086396,3,2,34.09404284,5,1.9008893,3,2.14E-11,9.28E-06,0.999997691,0.999997691,1,2
3,bimodal,Task B ,1,4,1,0.124137175,4,1,236.4432868,6,-0.251026956,4,0.000304138,2.60E-05,0.07869652,0.92130348,0,1
4,bimodal,Task B ,2,2,0,-0.419323349,3,1,144.7464327,1,-0.129647334,3,0.000194587,2.53E-05,0.114914201,0.885085799,1,6
4,bimodal,Task B ,1,2,0,0.65711697,3,2,315.8800432,2,-0.081899299,3,6.66E-05,2.36E-05,0.261806664,0.738193336,1,3
4,bimodal,Task B ,2,3,1,-1.093436091,4,2,107.0494689,3,3.702596318,4,2.20E-31,5.23E-07,1,1,1,7
4,bimodal,Task B ,2,3,0,0.567294226,2,1,336.2076853,4,-0.18800846,2,9.37E-05,2.41E-05,0.204810344,0.795189656,1,7
4,bimodal,Task B ,1,2,1,-0.369706484,2,1,80.83819165,5,0.025609483,2,0.000244088,2.56E-05,0.095006411,0.904993589,1,3
4,bimodal,Task B ,1,1,0,0.61726465,1,2,43.43671912,6,0.135739807,1,7.82E-05,2.39E-05,0.233720291,0.766279709,1,4
5,bimodal,Task B ,2,3,1,0.638654741,1,2,251.6387811,1,-1.998731031,1,3.67E-12,8.31E-06,0.999999558,0.999999558,1,7
5,bimodal,Task B ,1,2,1,0.593195713,3,1,64.9968925,2,0.097729595,3,9.18E-05,2.41E-05,0.20793376,0.79206624,1,3
5,bimodal,Task B ,2,4,1,1.945999377,2,2,44.98525967,3,0.406086737,2,2.85E-11,9.45E-06,0.999996987,0.999996987,0,8
5,bimodal,Task B ,2,1,1,-1.314752184,3,2,85.98267324,4,1.017004057,3,4.33E-09,1.29E-05,0.999665241,0.999665241,0,5
5,bimodal,Task B ,1,3,0,-0.346416629,1,2,324.3070759,5,-4.111024964,1,2.85E-35,2.99E-07,1,1,1,2
5,bimodal,Task B ,2,4,1,-1.730609711,2,2,232.8999359,6,-1.042450551,2,1.89E-11,9.21E-06,0.999997953,0.999997953,0,8
6,bimodal,Task B ,1,2,1,-0.28833551,4,1,356.952905,1,-0.457858708,4,0.000126373,2.46E-05,0.162895789,0.837104211,0,3
6,bimodal,Task B ,1,2,1,0.091983363,3,1,199.5373857,2,0.381432052,3,0.000219783,2.55E-05,0.103804488,0.896195512,0,3
6,bimodal,Task B ,1,2,0,-0.537464099,2,2,74.64684129,3,-0.777434802,2,1.03E-05,2.10E-05,0.670813726,0.670813726,1,3
6,bimodal,Task B ,2,2,1,1.367109697,3,2,187.8261816,4,-2.140021079,3,6.98E-16,4.87E-06,1,1,1,6
6,bimodal,Task B ,2,2,1,2.529998831,3,2,147.4304209,5,-0.713515575,3,1.27E-16,4.37E-06,1,1,0,6
6,bimodal,Task B ,1,3,1,0.231574387,3,1,148.203651,6,-0.250408587,3,0.000258526,2.57E-05,0.090474245,0.909525755,0,2
7,bimodal,Task B ,1,3,1,-0.110650531,2,1,268.6718178,1,0.65003174,2,6.76E-05,2.36E-05,0.259088185,0.740911815,0,2
7,bimodal,Task B ,1,1,1,0.520854942,1,1,257.3696628,2,0.338789926,1,8.24E-05,2.39E-05,0.22523632,0.77476368,1,4
7,bimodal,Task B ,1,1,0,-0.425743823,2,2,178.756235,3,0.094489647,2,0.000196255,2.53E-05,0.114102896,0.885897104,1,4
7,bimodal,Task B ,1,1,1,-0.075182851,2,1,8.92579634,4,-0.422436847,2,0.000196779,2.53E-05,0.113850062,0.886149938,0,4
7,bimodal,Task B ,1,1,1,-0.767273123,1,1,316.6796098,5,0.021995192,1,3.81E-05,2.28E-05,0.374540655,0.625459345,1,4
7,bimodal,Task B ,2,4,1,-1.088898809,3,2,279.3930819,6,0.059535303,3,3.20E-06,1.95E-05,0.859282214,0.859282214,0,8
8,bimodal,Task B ,1,1,1,0.314954123,3,1,73.10825899,1,0.023091852,3,0.000276222,2.58E-05,0.085494714,0.914505286,1,4
8,bimodal,Task B ,1,4,1,0.364962714,3,1,225.6173784,2,-0.103336676,3,0.000229575,2.55E-05,0.100063726,0.899936274,1,1
8,bimodal,Task B ,1,4,0,-0.687527629,1,2,155.5853089,3,-2.042974926,1,1.41E-12,7.83E-06,0.99999982,0.99999982,1,1
8,bimodal,Task B ,1,4,0,0.00259133,2,2,138.225833,4,-1.365970785,2,1.64E-07,1.62E-05,0.990023805,0.990023805,1,1
8,bimodal,Task B ,1,4,0,0.886589715,4,2,306.7518534,5,-0.235305044,4,1.23E-05,2.13E-05,0.632638202,0.632638202,0,1
8,bimodal,Task B ,1,1,0,0.655346963,4,2,46.02244565,6,-0.122556726,4,6.50E-05,2.36E-05,0.266344222,0.733655778,1,4
9,bimodal,Task B ,2,1,1,-0.823751763,3,2,53.38268101,1,0.847254338,3,1.26E-06,1.84E-05,0.935959952,0.935959952,1,5
9,bimodal,Task B ,1,1,0,-1.005972245,2,2,226.4341681,2,-0.932700861,2,1.71E-07,1.63E-05,0.989595789,0.989595789,0,4
9,bimodal,Task B ,1,2,1,-0.347423386,3,1,320.6338639,3,0.17660571,3,0.000228661,2.55E-05,0.100400915,0.899599085,1,3
9,bimodal,Task B ,2,4,1,1.653967621,4,2,55.40220191,4,0.191828892,4,3.91E-09,1.29E-05,0.999695916,0.999695916,0,8
9,bimodal,Task B ,1,1,1,0.312565403,2,1,231.2588181,5,-0.093493049,2,0.000268862,2.58E-05,0.087495136,0.912504864,1,4
9,bimodal,Task B ,2,1,1,-0.265192371,1,2,189.5230815,6,-0.331244218,1,0.00020269,2.53E-05,0.111081003,0.888918997,0,5
10,bimodal,Task B ,1,1,1,0.457632893,2,1,103.7153077,1,-0.304603314,2,0.000118033,2.45E-05,0.171813829,0.828186171,1,4
10,bimodal,Task B ,1,2,0,-1.344128705,4,2,65.59023121,2,0.734869448,4,2.53E-08,1.44E-05,0.998248481,0.998248481,0,3
10,bimodal,Task B ,2,3,1,0.159017495,3,2,279.905909,3,0.741490836,3,3.69E-05,2.28E-05,0.381469982,0.618530018,0,7
10,bimodal,Task B ,2,2,1,-1.196216998,4,2,350.9711384,4,-0.336208564,4,7.35E-07,1.78E-05,0.960393972,0.960393972,0,6
10,bimodal,Task B ,1,1,1,0.069479798,2,1,204.8994101,5,-0.053156744,2,0.000409888,2.65E-05,0.060657176,0.939342824,1,4
10,bimodal,Task B ,2,2,1,2.165095364,4,2,310.1201984,6,-0.848108118,4,6.54E-14,6.46E-06,0.99999999,0.99999999,0,6
1,bimodal,Task B ,1,2,1,0.390765632,2,1,268.7031207,1,0.10678914,2,0.000210319,2.54E-05,0.10770645,0.89229355,1,3
1,bimodal,Task B ,1,2,1,0.178296042,1,1,331.8354891,2,-0.041710952,1,0.000366214,2.63E-05,0.066962242,0.933037758,1,3
1,bimodal,Task B ,1,3,0,-0.293093496,4,2,31.1178072,3,-0.412990187,4,0.000147292,2.48E-05,0.144248356,0.855751644,0,2
1,bimodal,Task B ,2,4,1,3.144360559,2,2,50.36710051,4,-1.550302657,2,2.16E-26,1.07E-06,1,1,0,8
1,bimodal,Task B ,2,1,1,-0.648375184,1,2,301.7950399,5,-1.504420382,1,5.51E-09,1.31E-05,0.999580594,0.999580594,1,5
1,bimodal,Task B ,2,2,0,-0.292926716,2,1,191.2459759,6,0.186422027,2,0.000259668,2.57E-05,0.090134789,0.909865211,1,6
2,bimodal,Task B ,1,2,0,-0.110579373,4,2,122.0808152,1,-0.179200711,4,0.000354777,2.62E-05,0.068844775,0.931155225,0,3
2,bimodal,Task B ,2,3,1,1.822071501,2,2,331.3287926,2,0.720764644,2,4.44E-11,9.71E-06,0.99999543,0.99999543,0,7
2,bimodal,Task B ,1,1,1,0.441370964,1,1,0.451835162,3,0.561968949,1,4.85E-05,2.32E-05,0.323275352,0.676724648,0,4
2,bimodal,Task B ,1,2,1,0.217476701,4,1,26.25729896,4,-0.114067059,4,0.000327077,2.61E-05,0.073893807,0.926106193,1,3
2,bimodal,Task B ,1,3,1,0.142029329,4,1,171.3838882,5,-0.182354286,4,0.000337553,2.61E-05,0.071896499,0.928103501,0,2
2,bimodal,Task B ,2,4,0,-0.231593222,2,1,192.5117476,6,0.487981249,2,0.000124986,2.46E-05,0.164311869,0.835688131,0,8
3,bimodal,Task B ,1,4,1,0.142085821,1,1,114.1657553,1,0.309160278,1,0.000258025,2.57E-05,0.09062379,0.90937621,0,1
3,bimodal,Task B ,2,3,0,0.722514017,4,1,139.1600047,2,-0.287016266,4,3.33E-05,2.26E-05,0.404884892,0.595115108,1,7
3,bimodal,Task B ,2,4,1,2.328519828,3,2,236.0732122,3,1.015579283,3,8.06E-16,4.91E-06,1,1,0,8
3,bimodal,Task B ,2,4,1,1.401577769,3,2,63.93674791,4,-2.44393925,3,1.31E-18,3.29E-06,1,1,1,8
3,bimodal,Task B ,1,3,1,-0.331911126,3,1,163.6226752,5,0.322203269,3,0.000175399,2.51E-05,0.125190449,0.874809551,0,2
3,bimodal,Task B ,1,3,0,-0.123229587,1,2,7.896653244,6,0.237290305,1,0.000315142,2.60E-05,0.076314397,0.923685603,0,2
4,bimodal,Task B ,1,3,0,0.604831815,2,2,105.9416017,1,-0.089510633,2,8.74E-05,2.40E-05,0.215735484,0.784264516,1,2
4,bimodal,Task B ,1,2,1,0.229715407,1,1,113.9107915,2,0.100469873,1,0.000322727,2.61E-05,0.074757556,0.925242444,1,3
4,bimodal,Task B ,2,3,1,1.342499379,3,2,116.333051,3,0.038821234,3,2.22E-07,1.65E-05,0.986739784,0.986739784,0,7
4,bimodal,Task B ,2,2,1,1.739669781,4,2,103.4135168,4,-3.925321996,4,8.05E-38,2.07E-07,1,1,1,6
4,bimodal,Task B ,1,2,1,-0.13967211,1,1,74.28453736,5,0.501370706,1,0.000135568,2.47E-05,0.154115662,0.845884338,0,3
4,bimodal,Task B ,1,2,1,0.181013571,3,1,325.4376463,6,0.419398226,3,0.000173941,2.51E-05,0.126049601,0.873950399,0,3
5,bimodal,Task B ,2,4,1,-1.932213301,2,2,81.3376305,1,1.89970021,2,2.04E-17,3.90E-06,1,1,0,8
5,bimodal,Task B ,1,4,0,0.742735907,1,2,184.5578124,2,-1.446668589,1,6.14E-09,1.32E-05,0.999536076,0.999536076,1,1
5,bimodal,Task B ,2,3,1,-0.567081248,1,2,156.8338253,3,-0.480651581,1,4.35E-05,2.30E-05,0.346008119,0.653991881,1,7
5,bimodal,Task B ,2,4,1,0.718627118,3,2,281.0819725,4,1.514724452,3,2.94E-09,1.26E-05,0.999767347,0.999767347,1,8
5,bimodal,Task B ,2,4,1,-1.36695746,2,2,100.9919266,5,0.25450168,2,1.47E-07,1.61E-05,0.990982739,0.990982739,0,8
5,bimodal,Task B ,1,2,0,0.736323913,1,2,23.81535056,6,-1.344034256,1,2.14E-08,1.43E-05,0.998507325,0.998507325,1,3
6,bimodal,Task B ,1,3,1,-0.233842931,3,1,258.9104083,1,-0.432558239,3,0.000155963,2.49E-05,0.137754448,0.862245552,0,2
6,bimodal,Task B ,2,2,0,-0.497265591,4,1,331.3410599,2,0.097951851,4,0.000149283,2.48E-05,0.142701476,0.857298524,1,6
6,bimodal,Task B ,2,2,1,0.921674655,4,2,345.1610989,3,0.616924891,4,2.38E-06,1.92E-05,0.889740551,0.889740551,0,6
6,bimodal,Task B ,2,2,1,-2.02860393,4,2,72.66580424,4,-0.231226208,4,1.42E-11,9.05E-06,0.999998432,0.999998432,0,6
6,bimodal,Task B ,1,2,1,-0.069062548,1,1,297.7976419,5,-0.208735527,1,0.000348086,2.62E-05,0.069997896,0.930002104,0,3
6,bimodal,Task B ,2,1,1,1.146605801,2,2,244.6630899,6,-0.421488169,2,8.12E-07,1.79E-05,0.956689062,0.956689062,0,5
7,bimodal,Task B ,1,4,0,0.687190577,2,2,336.6983545,1,-1.525749921,2,3.17E-09,1.27E-05,0.999749824,0.999749824,1,1
7,bimodal,Task B ,1,1,0,-1.151066346,4,2,50.80521295,2,0.258790719,4,1.37E-06,1.85E-05,0.930974381,0.930974381,0,4
7,bimodal,Task B ,2,1,1,-2.604828747,2,2,61.1856956,3,0.975061219,2,4.99E-18,3.57E-06,1,1,0,5
7,bimodal,Task B ,1,4,1,0.300062727,1,1,77.56093504,4,0.146861518,1,0.000262371,2.57E-05,0.089341594,0.910658406,1,1
7,bimodal,Task B ,2,4,1,-1.137351513,4,2,177.017427,5,0.388740088,4,1.10E-06,1.83E-05,0.943457462,0.943457462,0,8
7,bimodal,Task B ,1,4,1,-0.315638344,2,1,333.536381,6,0.409707145,2,0.00013959,2.47E-05,0.150575879,0.849424121,0,1
8,bimodal,Task B ,1,4,1,-0.20207904,4,1,222.2974364,1,0.177832636,4,0.000315803,2.60E-05,0.076176105,0.923823895,1,1
8,bimodal,Task B ,1,4,1,-0.336341569,4,1,52.43427293,2,-0.320030894,4,0.000175572,2.51E-05,0.125089258,0.874910742,1,1
8,bimodal,Task B ,1,4,1,0.13501815,2,1,218.823998,3,-0.569244867,2,0.000100178,2.42E-05,0.194808422,0.805191578,0,1
8,bimodal,Task B ,1,4,1,0.08504255,2,1,18.73043794,4,-0.391830801,2,0.000215459,2.54E-05,0.105550064,0.894449936,0,1
8,bimodal,Task B ,1,4,1,0.102565248,3,1,45.97841423,5,-0.404752917,3,0.000203361,2.53E-05,0.110775402,0.889224598,0,1
8,bimodal,Task B ,2,4,1,1.902241806,2,2,209.1066374,6,-0.616490303,2,2.34E-11,9.33E-06,0.999997492,0.999997492,0,8
9,bimodal,Task B ,1,1,0,0.436774365,1,2,268.2082835,1,-0.522732634,1,5.97E-05,2.35E-05,0.282017823,0.717982177,0,4
9,bimodal,Task B ,2,2,1,-1.336414337,3,2,284.3665211,2,-1.765959412,3,5.32E-13,7.37E-06,0.999999928,0.999999928,1,6
9,bimodal,Task B ,2,2,1,-0.591875681,4,2,280.3336174,3,0.182481383,4,8.84E-05,2.40E-05,0.213925518,0.786074482,1,6
9,bimodal,Task B ,1,3,1,-0.374781349,1,1,330.7473636,4,-0.088362584,1,0.000233496,2.56E-05,0.098643173,0.901356827,1,2
9,bimodal,Task B ,1,3,0,0.534936483,4,2,340.9555432,5,0.573367853,4,3.13E-05,2.25E-05,0.41881028,0.58118972,0,2
9,bimodal,Task B ,1,1,1,-0.216081686,1,1,199.4729368,6,-0.227334821,1,0.000284671,2.59E-05,0.083311871,0.916688129,0,4
10,bimodal,Task B ,1,1,1,0.128405383,1,1,316.3404835,1,-0.131385127,1,0.000366721,2.63E-05,0.066881187,0.933118813,1,4
10,bimodal,Task B ,1,2,1,-0.137393399,3,1,291.8963875,2,0.07108684,3,0.000386288,2.64E-05,0.063903358,0.936096642,1,3
10,bimodal,Task B ,1,2,1,0.641399699,4,1,100.5856917,3,-0.050742603,4,7.38E-05,2.38E-05,0.24364922,0.75635078,1,3
10,bimodal,Task B ,2,2,1,2.17833047,4,2,235.6254858,4,-1.510899245,4,7.05E-17,4.22E-06,1,1,0,6
10,bimodal,Task B ,1,2,1,-0.305626929,3,1,59.07820953,5,0.066256582,3,0.000286563,2.59E-05,0.082838915,0.917161085,1,3
10,bimodal,Task B ,1,2,1,0.289953867,3,1,181.5925004,6,-0.064410681,3,0.000290296,2.59E-05,0.081921569,0.918078431,1,3
1,bimodal,Task B ,1,2,1,-0.275068553,3,1,76.43672421,1,-0.285186434,3,0.00022348,2.55E-05,0.102358327,0.897641673,0,3
1,bimodal,Task B ,2,1,0,-1.029250696,4,1,300.0850907,2,-0.080899538,4,5.33E-06,2.02E-05,0.790935679,0.790935679,0,5
1,bimodal,Task B ,2,3,1,-2.335825975,2,2,53.9755817,3,-0.253684625,2,5.25E-14,6.37E-06,0.999999992,0.999999992,0,7
1,bimodal,Task B ,1,3,1,0.055047278,2,1,313.3475488,4,0.394371456,2,0.000215815,2.54E-05,0.105403917,0.894596083,0,2
1,bimodal,Task B ,2,2,1,0.115064829,1,2,77.27291014,5,1.438896138,1,6.29E-08,1.53E-05,0.995901105,0.995901105,1,6
1,bimodal,Task B ,2,2,1,-0.196331606,4,2,147.8507194,6,-1.105439993,4,2.12E-06,1.90E-05,0.899645317,0.899645317,1,6
2,bimodal,Task B ,1,2,0,-0.548787132,4,2,250.4027317,1,-2.325463052,4,1.56E-14,5.91E-06,0.999999997,0.999999997,1,3
2,bimodal,Task B ,2,2,1,0.854075393,1,2,104.9899435,2,2.421221616,1,3.43E-16,4.65E-06,1,1,1,6
2,bimodal,Task B ,1,3,0,-1.094221218,3,2,348.3911586,3,0.520574539,3,9.81E-07,1.82E-05,0.948709992,0.948709992,0,2
2,bimodal,Task B ,1,2,1,-0.284548555,1,1,7.135551038,4,0.42578038,1,0.000142287,2.48E-05,0.14829571,0.85170429,0,3
2,bimodal,Task B ,1,2,0,-0.127620464,3,2,296.04486,5,0.512469732,3,0.000130928,2.46E-05,0.158419652,0.841580348,0,3
2,bimodal,Task B ,1,3,0,-0.34751016,2,2,248.7334062,6,0.759859839,2,2.26E-05,2.21E-05,0.493782156,0.506217844,0,2
3,bimodal,Task B ,1,2,1,0.727981228,4,1,9.247176763,1,0.154251516,4,4.10E-05,2.29E-05,0.358642345,0.641357655,1,3
3,bimodal,Task B ,2,2,1,-0.570789153,3,2,109.3085936,2,2.154680069,3,3.39E-13,7.16E-06,0.999999953,0.999999953,1,6
3,bimodal,Task B ,1,4,1,-0.146803311,1,1,62.6440633,3,-0.233325892,1,0.000311328,2.60E-05,0.077122909,0.922877091,0,1
3,bimodal,Task B ,2,3,1,1.737735698,3,2,41.70740279,4,0.030661953,3,1.39E-09,1.20E-05,0.999884258,0.999884258,0,7
3,bimodal,Task B ,1,3,1,-0.098045242,1,1,171.343857,5,0.240917049,1,0.000319771,2.61E-05,0.075356373,0.924643627,0,2
3,bimodal,Task B ,1,4,1,-0.058420513,2,1,20.8807774,6,0.192433952,2,0.000358059,2.62E-05,0.068293373,0.931706627,0,1
4,bimodal,Task B ,1,3,0,0.409697066,2,2,153.9344457,1,0.883319391,2,7.62E-06,2.06E-05,0.73032784,0.73032784,1,2
4,bimodal,Task B ,2,2,1,0.914554856,2,2,354.6125605,2,-0.414464322,2,6.13E-06,2.04E-05,0.768470133,0.768470133,0,6
4,bimodal,Task B ,1,2,0,0.520649511,1,2,128.162573,3,-1.172246854,1,4.12E-07,1.72E-05,0.976612616,0.976612616,1,3
4,bimodal,Task B ,1,2,1,0.119140348,3,1,190.6087006,4,-0.218740072,3,0.000325849,2.61E-05,0.07413566,0.92586434,0,3
4,bimodal,Task B ,1,3,1,-0.233430683,4,1,153.9336714,5,-0.890995199,4,1.21E-05,2.12E-05,0.636835692,0.636835692,1,2
4,bimodal,Task B ,2,4,1,1.23051037,4,2,87.20396881,6,-2.751310049,4,1.02E-20,2.43E-06,1,1,1,8
5,bimodal,Task B ,1,3,0,-0.192724717,2,2,273.8306129,1,0.990371713,2,5.78E-06,2.03E-05,0.778261225,0.778261225,1,2
5,bimodal,Task B ,1,4,1,0.225906879,2,1,159.341649,2,0.55897938,2,9.03E-05,2.41E-05,0.210597394,0.789402606,0,1
5,bimodal,Task B ,2,4,1,2.724057502,1,2,223.686427,3,0.900133065,1,5.02E-19,3.10E-06,1,1,0,8
5,bimodal,Task B ,1,4,1,0.042872635,3,1,1.863992384,4,-0.003295604,3,0.000420265,2.65E-05,0.059335354,0.940664646,1,1
5,bimodal,Task B ,1,4,1,-0.557487236,4,1,64.91918793,5,-0.130586078,4,0.000111724,2.44E-05,0.179265838,0.820734162,1,1
5,bimodal,Task B ,1,4,1,-0.110912637,1,1,152.4702764,6,-0.018319572,1,0.00040486,2.64E-05,0.061319868,0.938680132,1,1
6,bimodal,Task B ,2,2,0,-0.160749481,3,1,303.19264,1,-0.359332564,3,0.000223602,2.55E-05,0.102311522,0.897688478,0,6
6,bimodal,Task B ,1,2,0,-0.28312412,2,2,100.6918121,2,-0.401262134,2,0.000156958,2.49E-05,0.137047617,0.862952383,0,3
6,bimodal,Task B ,1,2,0,-0.196671642,4,2,318.3719483,3,2.949721886,4,3.95E-20,2.64E-06,1,1,1,3
6,bimodal,Task B ,2,2,1,-4.144750239,2,2,331.8496478,4,1.083564576,2,3.77E-37,2.28E-07,1,1,0,6
6,bimodal,Task B ,2,2,1,0.466977804,1,2,126.8338433,5,-1.230755889,1,2.84E-07,1.68E-05,0.983356539,0.983356539,1,6
6,bimodal,Task B ,2,2,1,-1.484026032,4,2,183.3473418,6,2.784580012,4,2.87E-22,1.94E-06,1,1,1,6
7,bimodal,Task B ,1,1,0,0.877314742,1,2,310.5836631,1,-1.774284432,1,2.88E-11,9.45E-06,0.999996957,0.999996957,1,4
7,bimodal,Task B ,1,1,0,2.138896972,1,2,194.1596935,2,-3.081183789,1,8.79E-30,6.58E-07,1,1,1,4
7,bimodal,Task B ,1,1,1,0.14583495,1,1,75.2305147,3,-0.365489301,1,0.000220417,2.55E-05,0.1035535,0.8964465,0,4
7,bimodal,Task B ,1,1,0,-1.105292214,1,2,330.6962479,4,-0.250080095,1,2.16E-06,1.91E-05,0.898335281,0.898335281,0,4
7,bimodal,Task B ,1,1,0,0.426857152,1,2,84.63929067,5,4.03E-05,1,0.000195139,2.53E-05,0.114644274,0.885355726,1,4
7,bimodal,Task B ,1,4,1,0.208680396,1,1,279.593221,6,0.003126195,1,0.000350638,2.62E-05,0.069553455,0.930446545,1,1
8,bimodal,Task B ,1,4,0,-0.295522609,2,2,276.3210545,1,-3.559810871,2,1.83E-27,9.19E-07,1,1,1,1
8,bimodal,Task B ,2,4,1,-0.907981491,3,2,356.3294128,2,0.171694555,3,1.27E-05,2.13E-05,0.625948161,0.625948161,0,8
8,bimodal,Task B ,1,4,1,0.042471581,1,1,242.1982018,3,0.302962424,1,0.000284352,2.59E-05,0.08339225,0.91660775,0,1
8,bimodal,Task B ,1,4,1,0.335779489,1,1,128.2247875,4,-0.064818925,1,0.000257094,2.57E-05,0.090903581,0.909096419,1,1
8,bimodal,Task B ,2,4,1,-1.897995064,3,2,310.5717122,5,-1.997989097,3,7.28E-18,3.66E-06,1,1,1,8
8,bimodal,Task B ,1,4,1,-0.036974306,3,1,76.74788576,6,-0.115862877,3,0.000399923,2.64E-05,0.061985339,0.938014661,0,1
9,bimodal,Task B ,1,3,1,-0.54229044,4,1,242.3742782,1,0.132460071,4,0.000119067,2.45E-05,0.170653198,0.829346802,1,2
9,bimodal,Task B ,1,1,1,0.675651965,1,1,251.3483035,2,-0.519655493,1,1.99E-05,2.19E-05,0.524465238,0.524465238,0,4
9,bimodal,Task B ,1,1,1,0.339975901,4,1,330.416998,3,-0.216665505,4,0.000212456,2.54E-05,0.106798791,0.893201209,1,4
9,bimodal,Task B ,1,2,0,-0.631442241,4,2,237.5984256,4,-0.807723413,4,5.37E-06,2.02E-05,0.79001194,0.79001194,1,3
9,bimodal,Task B ,1,1,1,0.042416781,1,1,96.42341649,5,0.047834388,1,0.000416083,2.65E-05,0.059860864,0.940139136,0,4
9,bimodal,Task B ,1,1,1,-0.286017762,3,1,282.5176861,6,-0.263521652,3,0.000229126,2.55E-05,0.100229067,0.899770933,1,4
10,bimodal,Task B ,2,2,1,1.092855164,3,2,179.7284044,1,0.798751181,3,1.90E-07,1.64E-05,0.988555265,0.988555265,0,6
10,bimodal,Task B ,2,1,1,0.967380863,3,2,176.9554625,2,-0.245823146,3,6.47E-06,2.04E-05,0.759536581,0.759536581,0,5
10,bimodal,Task B ,2,2,1,-0.264646246,3,2,339.8102278,3,-1.040855145,3,3.36E-06,1.96E-05,0.853826697,0.853826697,1,6
10,bimodal,Task B ,2,2,1,2.106607596,4,2,150.2439665,4,0.400163209,4,1.93E-12,7.99E-06,0.999999758,0.999999758,0,6
10,bimodal,Task B ,1,1,0,-0.941588415,1,2,202.3685363,5,-1.620436974,1,1.75E-10,1.06E-05,0.999983489,0.999983489,1,4
10,bimodal,Task B ,1,1,1,-0.030283721,2,1,302.0159008,6,0.246393683,2,0.00032674,2.61E-05,0.073959985,0.926040015,0,4
1,bimodal,Task B ,2,2,1,3.109517563,1,2,90.69287597,1,-1.290794571,1,1.20E-24,1.38E-06,1,1,0,6
1,bimodal,Task B ,1,3,0,-0.551816435,4,2,152.1055362,2,2.538612242,4,1.83E-16,4.48E-06,1,1,1,2
1,bimodal,Task B ,2,4,0,0.287131334,1,1,128.1834073,3,0.006201838,1,0.000297187,2.59E-05,0.080282628,0.919717372,1,8
1,bimodal,Task B ,2,4,1,3.66039687,2,2,96.0983278,4,0.129338999,2,2.29E-28,8.07E-07,1,1,0,8
1,bimodal,Task B ,1,3,1,-0.394458493,4,1,269.6547844,5,-0.078425037,4,0.000220994,2.55E-05,0.103326186,0.896673814,1,2
1,bimodal,Task B ,2,4,1,-2.525008413,4,2,58.67432201,6,-0.164050838,4,1.36E-15,5.07E-06,1,1,0,8
2,bimodal,Task B ,1,3,1,-0.232926528,3,1,141.1463852,1,-0.167087875,3,0.000305016,2.60E-05,0.078500816,0.921499184,1,2
2,bimodal,Task B ,2,3,1,2.024685342,3,2,321.4204184,2,1.729249746,3,5.05E-17,4.13E-06,1,1,0,7
2,bimodal,Task B ,1,2,1,-0.396738998,3,1,303.0225485,3,0.283512056,3,0.000159711,2.50E-05,0.135131605,0.864868395,1,3
2,bimodal,Task B ,1,2,0,-0.021495644,3,2,274.6553888,4,-0.597892312,3,9.44E-05,2.41E-05,0.203723899,0.796276101,0,3
2,bimodal,Task B ,2,2,0,-0.261971599,1,1,49.24692144,5,-0.286784497,1,0.000229079,2.55E-05,0.10024661,0.89975339,0,6
2,bimodal,Task B ,1,2,1,-0.500084891,1,1,164.3205114,6,-0.232044713,1,0.000122879,2.45E-05,0.166512183,0.833487817,1,3
3,bimodal,Task B ,1,3,1,-0.050891316,2,1,147.0124868,1,0.099002018,2,0.000403326,2.64E-05,0.061524996,0.938475004,0,2
3,bimodal,Task B ,2,3,0,-0.253283451,1,1,300.5381231,2,0.409592856,1,0.000161329,2.50E-05,0.13403056,0.86596944,0,7
3,bimodal,Task B ,2,4,1,-0.387860068,1,2,268.4077744,3,-1.599525692,1,4.81E-09,1.30E-05,0.999630962,0.999630962,1,8
3,bimodal,Task B ,2,3,1,1.354201439,1,2,11.24465299,4,-0.564902938,1,5.13E-08,1.51E-05,0.996610244,0.996610244,0,7
3,bimodal,Task B ,1,4,1,-0.159026083,1,1,350.6577442,5,-0.213372576,1,0.0003184,2.61E-05,0.075637443,0.924362557,0,1
3,bimodal,Task B ,1,3,0,-0.611677408,4,2,58.79375426,6,1.042047892,4,9.33E-07,1.81E-05,0.950966365,0.950966365,1,2
4,bimodal,Task B ,1,3,1,-0.442086037,3,1,129.6360737,1,0.09934934,3,0.00018443,2.52E-05,0.120125623,0.879874377,1,2
4,bimodal,Task B ,1,2,1,0.083440393,3,1,180.8817747,2,-0.477070244,3,0.000157949,2.49E-05,0.136351451,0.863648549,0,3
4,bimodal,Task B ,2,2,1,0.614185476,2,2,201.0815526,3,-1.138794949,2,3.65E-07,1.71E-05,0.97903412,0.97903412,1,6
4,bimodal,Task B ,1,4,1,-0.218197873,4,1,340.1634151,4,0.130781854,4,0.000326875,2.61E-05,0.073933613,0.926066387,1,1
4,bimodal,Task B ,1,1,1,0.136016878,1,1,346.3759865,5,0.151277654,1,0.000353891,2.62E-05,0.068995275,0.931004725,0,4
4,bimodal,Task B ,1,2,0,-1.190898563,2,2,21.93312872,6,0.547262425,2,3.49E-07,1.70E-05,0.979892443,0.979892443,0,3
5,bimodal,Task B ,2,4,0,-0.952854651,1,1,123.0187292,1,-0.359534919,1,5.95E-06,2.03E-05,0.773338698,0.773338698,0,8
5,bimodal,Task B ,2,4,1,-0.854948337,4,2,21.08002243,2,-1.276430682,4,2.22E-08,1.43E-05,0.99845203,0.99845203,1,8
5,bimodal,Task B ,2,2,1,1.329095847,2,2,11.476407,3,0.573449455,2,6.44E-08,1.53E-05,0.995809256,0.995809256,0,6
5,bimodal,Task B ,1,4,1,0.299946906,4,1,44.86764379,4,0.436716313,4,0.000128095,2.46E-05,0.161173725,0.838826275,0,1
5,bimodal,Task B ,1,4,1,-0.121680437,2,1,135.9428245,5,0.056750256,2,0.000395692,2.64E-05,0.062567605,0.937432395,1,1
5,bimodal,Task B ,1,4,1,0.485284314,3,1,159.3237888,6,-0.3637037,3,8.96E-05,2.41E-05,0.211749928,0.788250072,1,1
6,bimodal,Task B ,1,3,1,-0.410987896,1,1,180.1740575,1,0.203911533,1,0.000179634,2.51E-05,0.122760884,0.877239116,1,2
6,bimodal,Task B ,1,2,0,-1.36259654,1,2,218.5162136,2,0.380346153,1,1.10E-07,1.58E-05,0.993110911,0.993110911,0,3
6,bimodal,Task B ,1,2,1,0.144653626,4,1,23.54300999,3,-0.160418428,4,0.000347224,2.62E-05,0.070149409,0.929850591,0,3
6,bimodal,Task B ,1,2,1,0.003914647,3,1,199.8937482,4,-0.234432354,3,0.000337288,2.61E-05,0.071945581,0.928054419,0,3
6,bimodal,Task B ,1,2,1,0.10193346,4,1,27.56367744,5,0.002759782,4,0.000404445,2.64E-05,0.061375312,0.938624688,1,3
6,bimodal,Task B ,2,3,1,1.003434433,2,2,253.3429872,6,1.53992738,2,2.73E-10,1.09E-05,0.999974899,0.999974899,1,7
7,bimodal,Task B ,1,1,0,-2.001344161,4,2,236.8248876,1,-1.979203502,4,1.88E-18,3.36E-06,1,1,0,4
7,bimodal,Task B ,1,1,1,-0.308499204,2,1,84.73381763,2,0.360171984,2,0.00016707,2.50E-05,0.130271477,0.869728523,0,4
7,bimodal,Task B ,1,1,1,0.638310566,1,1,48.73457597,3,-0.536241616,1,2.27E-05,2.21E-05,0.493603259,0.506396741,1,4
7,bimodal,Task B ,1,1,0,-0.753591875,2,2,220.1634768,4,-1.144703042,2,1.67E-07,1.62E-05,0.989832503,0.989832503,1,4
7,bimodal,Task B ,1,1,0,0.310531306,3,2,230.4503565,5,-0.794424975,3,1.97E-05,2.19E-05,0.526483358,0.526483358,1,4
7,bimodal,Task B ,1,4,1,-0.103046288,4,1,220.3746806,6,-0.523110123,4,0.000129293,2.46E-05,0.15999691,0.84000309,0,1
8,bimodal,Task B ,2,1,1,1.955528937,1,2,186.6904014,1,-0.415328032,1,2.38E-11,9.34E-06,0.999997449,0.999997449,0,5
8,bimodal,Task B ,1,4,1,0.767282112,1,1,166.523483,2,-0.061674555,1,3.50E-05,2.27E-05,0.393619057,0.606380943,1,1
8,bimodal,Task B ,2,4,1,-1.441103847,2,2,171.3076611,3,2.390939921,2,2.63E-18,3.43E-06,1,1,1,8
8,bimodal,Task B ,1,4,0,0.836795639,2,2,247.755237,4,-1.775068508,2,3.80E-11,9.62E-06,0.999996049,0.999996049,1,1
8,bimodal,Task B ,1,4,0,0.654616726,3,2,72.9367843,5,-0.179762993,3,6.07E-05,2.35E-05,0.279053109,0.720946891,1,1
8,bimodal,Task B ,2,4,1,-0.835936495,1,2,286.189284,6,-2.951463701,1,2.69E-21,2.23E-06,1,1,1,8
9,bimodal,Task B ,1,2,1,-0.337959545,3,1,36.75074454,1,0.120827309,3,0.000251988,2.57E-05,0.092469647,0.907530353,1,3
9,bimodal,Task B ,1,4,1,-0.061227369,4,1,23.12725167,2,-0.003117838,4,0.000419012,2.65E-05,0.059491771,0.940508229,1,1
9,bimodal,Task B ,2,2,1,0.918184774,2,2,99.59201863,3,0.493055132,2,4.37E-06,1.99E-05,0.820173055,0.820173055,0,6
9,bimodal,Task B ,1,3,1,0.022475648,3,1,160.9978939,4,-0.280901765,3,0.000304129,2.60E-05,0.078698503,0.921301497,0,2
9,bimodal,Task B ,2,3,1,1.673918077,3,2,94.79459497,5,-1.173243189,3,1.05E-11,8.88E-06,0.999998814,0.999998814,0,7
9,bimodal,Task B ,1,2,0,2.379323789,1,2,262.7488124,6,-0.289586986,1,1.65E-14,5.93E-06,0.999999997,0.999999997,0,3
10,bimodal,Task B ,2,1,1,-2.378754358,1,2,316.8409958,1,0.529599882,1,9.04E-15,5.71E-06,0.999999998,0.999999998,0,5
10,bimodal,Task B ,1,2,1,0.047525185,4,1,234.6391806,2,0.416096808,4,0.000201022,2.53E-05,0.111848079,0.888151921,0,3
10,bimodal,Task B ,1,2,1,-0.417439468,2,1,301.0538464,3,-0.101203717,2,0.000201288,2.53E-05,0.111725195,0.888274805,1,3
10,bimodal,Task B ,2,2,1,1.951472406,3,2,330.6456168,4,-2.628237768,3,1.17E-23,1.59E-06,1,1,1,6
10,bimodal,Task B ,1,1,0,1.167570901,2,2,216.6266304,5,-0.655063885,2,2.30E-07,1.66E-05,0.986313384,0.986313384,0,4
10,bimodal,Task B ,1,1,1,-0.316906162,4,1,203.7066795,6,0.263207967,4,0.000211288,2.54E-05,0.107292982,0.892707018,1,4
1,bimodal,Task B ,2,3,1,1.392825462,1,2,203.6977008,1,1.327961146,1,7.26E-11,1.00E-05,0.999992748,0.999992748,0,7
1,bimodal,Task B ,2,4,1,1.164903848,4,2,305.7438746,2,-2.259069729,4,6.48E-16,4.84E-06,1,1,1,8
1,bimodal,Task B ,1,2,0,-0.084185709,2,2,60.57015696,3,-0.758912256,2,3.67E-05,2.28E-05,0.382896921,0.617103079,0,3
1,bimodal,Task B ,1,3,1,0.352333797,2,1,85.24342257,4,-0.32788891,2,0.000158887,2.49E-05,0.135698869,0.864301131,1,2
1,bimodal,Task B ,2,2,1,-0.407299245,2,2,5.581837056,5,0.52209807,2,6.83E-05,2.37E-05,0.25719672,0.74280328,0,6
1,bimodal,Task B ,1,3,1,0.395986514,3,1,12.89696755,6,0.280511495,3,0.0001553,2.49E-05,0.138229568,0.861770432,1,2
2,bimodal,Task B ,1,1,1,0.133099059,1,1,92.03067152,1,-0.508935462,1,0.000132025,2.47E-05,0.157380054,0.842619946,0,4
2,bimodal,Task B ,1,2,1,0.336618432,2,1,355.4023765,2,0.110848342,2,0.000247389,2.56E-05,0.093929052,0.906070948,1,3
2,bimodal,Task B ,1,1,0,1.415908758,1,2,224.8042693,3,-0.364577481,1,5.51E-08,1.52E-05,0.996377587,0.996377587,0,4
2,bimodal,Task B ,2,3,0,0.062796417,4,1,196.8301864,4,-0.349571878,4,0.000249453,2.57E-05,0.093268389,0.906731611,0,7
2,bimodal,Task B ,1,2,1,-0.334452326,2,1,333.4437747,5,0.242515126,2,0.00021082,2.54E-05,0.107492081,0.892507919,1,3
2,bimodal,Task B ,1,3,1,-0.25068825,1,1,303.6060163,6,0.067435865,1,0.00032427,2.61E-05,0.074448845,0.925551155,1,2
3,bimodal,Task B ,2,3,1,1.270207904,3,2,322.7069196,1,-0.218195887,3,4.03E-07,1.72E-05,0.977043363,0.977043363,0,7
3,bimodal,Task B ,1,4,1,0.14201604,4,1,36.23087741,2,0.479345251,4,0.000146171,2.48E-05,0.145135105,0.854864895,0,1
3,bimodal,Task B ,1,3,1,-0.270662608,1,1,306.6104684,3,0.436738105,1,0.000141059,2.48E-05,0.149324817,0.850675183,0,2
3,bimodal,Task B ,2,2,1,1.745811142,3,2,238.1032719,4,0.072311004,3,1.22E-09,1.19E-05,0.999898089,0.999898089,0,6
3,bimodal,Task B ,1,4,1,-0.058472148,3,1,330.5216257,5,-0.212464352,3,0.00034757,2.62E-05,0.070088463,0.929911537,0,1
3,bimodal,Task B ,2,4,1,-1.482697189,2,2,226.4881158,6,-2.507859842,2,1.50E-19,2.87E-06,1,1,1,8
4,bimodal,Task B ,1,2,1,-0.487598959,1,1,287.981818,1,0.032032501,1,0.000161068,2.50E-05,0.134207115,0.865792885,1,3
4,bimodal,Task B ,2,1,1,0.273766544,2,2,222.0599878,2,0.878054485,2,1.17E-05,2.12E-05,0.643784241,0.643784241,1,5
4,bimodal,Task B ,1,2,1,0.180182067,3,1,163.5520393,3,0.632996727,3,6.73E-05,2.36E-05,0.260048722,0.739951278,0,3
4,bimodal,Task B ,2,2,1,0.461994123,1,2,319.0898589,4,1.089307469,1,1.13E-06,1.83E-05,0.941931184,0.941931184,1,6
4,bimodal,Task B ,1,2,1,0.265534085,2,1,242.8732366,5,0.295667419,2,0.000215476,2.54E-05,0.105542989,0.894457011,0,3
4,bimodal,Task B ,1,3,1,-0.170354255,3,1,337.6366986,6,0.42834651,3,0.000173962,2.51E-05,0.12603702,0.87396298,0,2
5,bimodal,Task B ,2,1,1,1.685629996,1,2,236.7157731,1,-0.424619742,1,1.38E-09,1.20E-05,0.99988522,0.99988522,0,5
5,bimodal,Task B ,2,4,1,-2.16877602,2,2,225.5871523,2,-3.069124914,2,8.64E-30,6.58E-07,1,1,1,8
5,bimodal,Task B ,1,1,0,0.960369986,1,2,8.84967395,3,-2.348490101,1,6.99E-16,4.87E-06,1,1,1,4
5,bimodal,Task B ,1,4,1,-0.011612996,3,1,173.6310925,4,0.029074812,3,0.0004227,2.65E-05,0.059033832,0.940966168,0,1
5,bimodal,Task B ,1,3,1,-0.645672098,3,1,238.6774146,5,0.214266803,3,6.37E-05,2.36E-05,0.270040531,0.729959469,1,2
5,bimodal,Task B ,1,2,0,1.068340442,1,2,13.49671778,6,0.836415484,1,1.82E-07,1.63E-05,0.988964114,0.988964114,0,3
6,bimodal,Task B ,1,2,0,-0.174188895,2,2,212.1708114,1,-0.930226233,2,9.88E-06,2.10E-05,0.679752829,0.679752829,1,3
6,bimodal,Task B ,1,2,1,-0.086444143,3,1,344.0000818,2,-0.11189129,3,0.000392307,2.64E-05,0.063041729,0.936958271,0,3
6,bimodal,Task B ,1,1,1,0.075552233,2,1,83.15038001,3,-0.078738582,2,0.000402616,2.64E-05,0.061620557,0.938379443,1,4
6,bimodal,Task B ,1,2,1,-0.130876328,2,1,33.75290059,4,0.515775905,2,0.000128628,2.46E-05,0.160648019,0.839351981,0,3
6,bimodal,Task B ,2,2,1,3.327604687,2,2,205.1085314,5,-1.243064509,2,5.81E-27,9.88E-07,1,1,0,6
6,bimodal,Task B ,2,2,0,0.417425062,1,1,311.0243919,6,0.330000021,1,0.000126956,2.46E-05,0.162308922,0.837691078,1,6
7,bimodal,Task B ,1,4,0,0.11720972,4,2,1.799960081,1,-1.039758169,4,4.20E-06,1.99E-05,0.825456295,0.825456295,1,1
7,bimodal,Task B ,1,1,1,-0.086123845,2,1,286.1854988,2,0.059852611,2,0.000406696,2.65E-05,0.061076198,0.938923802,1,4
7,bimodal,Task B ,2,4,1,-1.705388881,4,2,338.2811724,3,-0.605683026,4,5.61E-10,1.14E-05,0.99995075,0.99995075,0,8
7,bimodal,Task B ,2,4,1,-0.158285476,3,2,292.2747358,4,3.759118261,3,4.59E-30,6.32E-07,1,1,1,8
7,bimodal,Task B ,1,4,1,0.145040607,4,1,36.13610853,5,-0.686253816,4,5.33E-05,2.33E-05,0.304164199,0.695835801,0,1
7,bimodal,Task B ,1,4,0,1.075380744,3,2,75.16851584,6,-0.461089542,3,1.36E-06,1.85E-05,0.931740204,0.931740204,0,1
8,bimodal,Task B ,2,4,1,1.36490276,4,2,351.8732998,1,-2.232876135,4,1.29E-16,4.38E-06,1,1,1,8
8,bimodal,Task B ,2,4,1,0.496543812,3,2,234.0441597,2,-0.691532711,3,1.99E-05,2.19E-05,0.523664138,0.523664138,1,8
8,bimodal,Task B ,1,4,0,0.669525415,1,2,313.8923571,3,1.616022606,1,1.02E-09,1.18E-05,0.999913419,0.999913419,1,1
8,bimodal,Task B ,1,4,1,0.435072502,1,1,327.2026333,4,0.162774428,1,0.00016906,2.50E-05,0.129018606,0.870981394,1,1
8,bimodal,Task B ,1,4,1,-0.004371826,3,1,139.9300337,5,-0.039206834,3,0.000421847,2.65E-05,0.059139142,0.940860858,0,1
8,bimodal,Task B ,1,4,0,-0.611103195,1,2,235.2646711,6,2.201317243,1,1.18E-13,6.71E-06,0.999999982,0.999999982,1,1
9,bimodal,Task B ,1,4,1,0.100713548,4,1,30.36026837,1,0.242006613,4,0.000315364,2.60E-05,0.076267942,0.923732058,0,1
9,bimodal,Task B ,1,1,0,-0.267831924,4,2,289.5515837,2,-0.895396927,4,1.09E-05,2.11E-05,0.658883654,0.658883654,1,4
9,bimodal,Task B ,1,1,1,0.507221611,2,1,62.74108669,3,0.070844179,2,0.000139243,2.47E-05,0.150874883,0.849125117,1,4
9,bimodal,Task B ,2,1,0,-0.368075383,4,1,193.9412641,4,0.052335216,4,0.000243071,2.56E-05,0.095343311,0.904656689,1,5
9,bimodal,Task B ,2,3,1,-0.457116286,3,2,89.07428877,5,1.221150987,3,3.32E-07,1.70E-05,0.980825613,0.980825613,1,7
9,bimodal,Task B ,2,1,0,0.27106804,3,1,310.2180094,6,0.696219033,3,3.96E-05,2.29E-05,0.366146698,0.633853302,0,5
10,bimodal,Task B ,2,1,1,1.230465392,4,2,102.8008577,1,-0.345978597,4,4.51E-07,1.73E-05,0.974574346,0.974574346,0,5
10,bimodal,Task B ,1,2,0,0.239627389,3,2,46.89892829,2,0.489287715,3,0.000119664,2.45E-05,0.16998999,0.83001001,0,3
10,bimodal,Task B ,1,2,1,0.326081894,4,1,110.5892032,3,-0.007257216,4,0.000268654,2.58E-05,0.087553071,0.912446929,1,3
10,bimodal,Task B ,1,1,0,-0.488549575,4,2,128.5861579,4,0.146385931,4,0.000147026,2.48E-05,0.144457585,0.855542415,1,4
10,bimodal,Task B ,1,2,1,-0.078423311,2,1,38.6022885,5,-0.052753095,2,0.00041059,2.65E-05,0.060565905,0.939434095,1,3
10,bimodal,Task B ,2,3,1,-0.514938312,2,2,177.512708,6,1.259571043,2,1.76E-07,1.63E-05,0.989319823,0.989319823,1,7
1,bimodal,Task B ,2,2,1,-1.566938627,3,2,329.6141932,1,-1.073035901,3,1.34E-10,1.04E-05,0.999987136,0.999987136,0,6
1,bimodal,Task B ,2,2,1,1.526641657,2,2,266.1930455,2,-1.403867193,2,6.12E-12,8.58E-06,0.999999286,0.999999286,0,6
1,bimodal,Task B ,2,4,1,2.234787874,2,2,107.1676118,3,-2.822860767,2,9.56E-28,8.82E-07,1,1,1,8
1,bimodal,Task B ,1,3,1,-0.208601712,2,1,109.6934063,4,-0.195311817,2,0.000305193,2.60E-05,0.078461578,0.921538422,1,2
1,bimodal,Task B ,1,3,0,0.146505758,3,2,293.6140719,5,-0.952194979,3,8.48E-06,2.08E-05,0.710083325,0.710083325,1,2
1,bimodal,Task B ,1,2,1,-0.085084706,1,1,185.5807524,6,0.115502514,1,0.000390309,2.64E-05,0.063325,0.936675,0,3
2,bimodal,Task B ,1,2,1,0.141781774,3,1,331.0179198,1,0.062820876,3,0.000381076,2.63E-05,0.06466946,0.93533054,1,3
2,bimodal,Task B ,2,2,0,0.103501114,2,1,219.6159894,2,-0.128141396,2,0.000377392,2.63E-05,0.065222502,0.934777498,0,6
2,bimodal,Task B ,2,2,1,-0.247551622,3,2,262.0530377,3,-0.557316682,3,9.03E-05,2.41E-05,0.210557741,0.789442259,0,6
2,bimodal,Task B ,1,3,1,-0.515237039,2,1,215.1493524,4,0.578090281,2,3.50E-05,2.27E-05,0.393315856,0.606684144,0,2
2,bimodal,Task B ,1,3,0,-0.003078158,3,2,67.3164024,5,-0.48690087,3,0.000156861,2.49E-05,0.137116422,0.862883578,0,2
2,bimodal,Task B ,1,1,0,1.318634076,1,2,125.9364006,6,-1.277985885,1,3.00E-10,1.09E-05,0.999972605,0.999972605,0,4
3,bimodal,Task B ,1,4,1,0.115731646,3,1,140.2568398,1,0.216436771,3,0.000326779,2.61E-05,0.073952298,0.926047702,0,1
3,bimodal,Task B ,2,1,1,-0.74341828,3,2,319.3775443,2,-0.58362731,3,1.06E-05,2.11E-05,0.665461416,0.665461416,0,5
3,bimodal,Task B ,1,4,1,-0.327971833,3,1,152.2278739,3,0.091006066,3,0.000266008,2.58E-05,0.088297223,0.911702777,1,1
3,bimodal,Task B ,1,1,1,0.018154062,4,1,286.1855107,4,-0.715020327,4,4.93E-05,2.32E-05,0.31982373,0.68017627,0,4
3,bimodal,Task B ,1,3,1,0.198930184,2,1,320.0958206,5,0.202377418,2,0.000299359,2.60E-05,0.079779996,0.920220004,0,2
3,bimodal,Task B ,1,4,1,0.141153582,3,1,349.7197716,6,-0.134502853,3,0.000360057,2.63E-05,0.067962177,0.932037823,1,1
4,bimodal,Task B ,1,3,1,-0.081387859,4,1,292.1781503,1,-0.541476348,4,0.000120941,2.45E-05,0.168590395,0.831409605,0,2
4,bimodal,Task B ,1,3,1,-0.418469976,3,1,63.51998143,2,0.515878729,3,6.76E-05,2.36E-05,0.259073084,0.740926916,0,2
4,bimodal,Task B ,1,2,1,-0.556100206,3,1,202.1007901,3,-0.310144793,3,8.07E-05,2.39E-05,0.2286448,0.7713552,1,3
4,bimodal,Task B ,1,1,1,-0.568009239,1,1,160.5003986,4,0.106195368,1,0.000108754,2.44E-05,0.183012078,0.816987922,1,4
4,bimodal,Task B ,1,3,0,0.008879249,2,2,137.4373606,5,1.899849857,2,1.00E-10,1.02E-05,0.999990193,0.999990193,1,2
4,bimodal,Task B ,1,2,1,-0.072056405,2,1,294.2149429,6,0.214636308,2,0.000342256,2.62E-05,0.071035769,0.928964231,0,3
5,bimodal,Task B ,2,4,1,-1.276250549,3,2,40.88717355,1,-1.319622483,3,3.39E-10,1.10E-05,0.999969232,0.999969232,1,8
5,bimodal,Task B ,1,4,1,-0.004395399,3,1,275.9070205,2,-0.063176424,3,0.000417611,2.65E-05,0.059667742,0.940332258,0,1
5,bimodal,Task B ,1,4,1,-0.122940638,2,1,214.9105045,3,0.017977807,2,0.000400246,2.64E-05,0.061941276,0.938058724,1,1
5,bimodal,Task B ,1,4,1,-0.14085496,1,1,213.2896052,4,0.238585617,1,0.00030856,2.60E-05,0.077720951,0.922279049,0,1
5,bimodal,Task B ,1,3,1,0.738159153,1,1,49.83932622,5,0.008386448,1,4.26E-05,2.30E-05,0.350206368,0.649793632,1,2
5,bimodal,Task B ,1,4,1,-0.51711526,2,1,40.02134989,6,-0.023984698,2,0.000142968,2.48E-05,0.147731417,0.852268583,1,1
6,bimodal,Task B ,1,2,0,0.718584435,3,2,336.6639655,1,0.8852768,3,1.74E-06,1.88E-05,0.915323215,0.915323215,1,3
6,bimodal,Task B ,1,2,1,0.422844167,2,1,4.784879,2,-0.178344194,2,0.000173433,2.51E-05,0.126352278,0.873647722,1,3
6,bimodal,Task B ,1,2,1,0.204017525,4,1,175.442632,3,-0.091282726,4,0.000341684,2.62E-05,0.07113922,0.92886078,1,3
6,bimodal,Task B ,1,2,1,-0.254865282,4,1,307.7060163,4,-0.274207178,4,0.000239517,2.56E-05,0.096541299,0.903458701,0,3
6,bimodal,Task B ,1,1,0,0.951778497,2,2,274.0600134,5,-2.17448273,2,2.07E-14,6.01E-06,0.999999997,0.999999997,1,4
6,bimodal,Task B ,1,1,1,-0.48446514,3,1,24.06465768,6,0.963732345,3,3.21E-06,1.95E-05,0.858798429,0.858798429,1,4
7,bimodal,Task B ,2,4,1,-2.967255398,2,2,24.26441266,1,0.751150947,2,5.94E-21,2.35E-06,1,1,0,8
7,bimodal,Task B ,1,4,1,-0.128372221,3,1,105.7890384,2,0.373129474,3,0.0002206,2.55E-05,0.103481197,0.896518803,0,1
7,bimodal,Task B ,2,4,0,-0.587914618,4,1,287.2811343,3,-0.062809636,4,0.000102241,2.43E-05,0.191827514,0.808172486,1,8
7,bimodal,Task B ,1,1,1,-0.257450578,3,1,268.8595615,4,-0.0577708,3,0.000321866,2.61E-05,0.074930816,0.925069184,1,4
7,bimodal,Task B ,1,1,0,2.04838537,1,2,295.0219024,5,1.172951269,1,3.10E-14,6.17E-06,0.999999995,0.999999995,0,4
7,bimodal,Task B ,1,4,0,1.40370114,2,2,32.51406292,6,-0.073354784,2,1.09E-07,1.58E-05,0.993178176,0.993178176,0,1
8,bimodal,Task B ,1,4,1,-0.279237923,3,1,154.3581323,1,0.577463209,3,7.56E-05,2.38E-05,0.239461845,0.760538155,0,1
8,bimodal,Task B ,1,4,1,0.155669203,4,1,17.77496898,2,-0.278292562,4,0.00027554,2.58E-05,0.085676053,0.914323947,0,1
8,bimodal,Task B ,1,4,1,-0.069374207,2,1,182.5219588,3,0.023112801,2,0.000416282,2.65E-05,0.05983566,0.94016434,1,1
8,bimodal,Task B ,1,4,1,0.314950426,4,1,81.2235397,4,0.476228782,4,0.000105745,2.43E-05,0.186977792,0.813022208,0,1
8,bimodal,Task B ,2,4,1,0.542736888,3,2,124.0658814,5,-2.198369526,3,1.72E-13,6.87E-06,0.999999975,0.999999975,1,8
8,bimodal,Task B ,2,4,1,1.779702265,1,2,326.3168184,6,-0.008785652,1,7.57E-10,1.16E-05,0.999934716,0.999934716,0,8
9,bimodal,Task B ,1,2,0,0.993959794,4,2,90.39515669,1,1.005053923,4,9.31E-08,1.57E-05,0.994093596,0.994093596,1,3
9,bimodal,Task B ,1,2,1,0.19747644,4,1,73.79775553,2,-0.108538391,4,0.000340611,2.62E-05,0.071334412,0.928665588,1,3
9,bimodal,Task B ,2,2,1,-1.5270197,1,2,7.703965585,3,0.432614379,1,1.29E-08,1.38E-05,0.999072245,0.999072245,0,6
9,bimodal,Task B ,1,2,0,-1.211657118,2,2,299.6728539,4,0.798684832,2,6.79E-08,1.54E-05,0.995598582,0.995598582,0,3
9,bimodal,Task B ,1,4,0,0.067271425,1,2,301.8335229,5,1.96084217,1,3.63E-11,9.59E-06,0.999996216,0.999996216,1,1
9,bimodal,Task B ,1,2,1,-0.088996192,3,1,47.95732347,6,0.69556505,3,5.31E-05,2.33E-05,0.304993997,0.695006003,0,3
10,bimodal,Task B ,2,1,1,-1.349274954,3,2,199.2305594,1,-1.963565259,3,2.06E-14,6.01E-06,0.999999997,0.999999997,1,5
10,bimodal,Task B ,2,1,1,-1.422647863,1,2,130.7818936,2,-0.878695384,1,3.95E-09,1.29E-05,0.999693263,0.999693263,0,5
10,bimodal,Task B ,1,2,0,0.974056128,2,2,349.5392529,3,-0.853549857,2,3.67E-07,1.71E-05,0.978929341,0.978929341,0,3
10,bimodal,Task B ,1,1,1,-0.611393051,4,1,161.375504,4,0.183629851,4,8.01E-05,2.39E-05,0.229843174,0.770156826,1,4
10,bimodal,Task B ,2,2,1,-3.274123544,4,2,336.6461344,5,1.167344388,4,7.25E-26,1.16E-06,1,1,0,6
10,bimodal,Task B ,2,2,0,-0.218589665,3,1,250.8059281,6,-0.164681305,3,0.000314161,2.60E-05,0.076520641,0.923479359,1,6
1,bimodal,Task B ,1,2,0,0.60316686,3,2,198.0558905,1,-0.720418068,3,1.03E-05,2.10E-05,0.671950627,0.671950627,1,3
1,bimodal,Task B ,1,3,1,0.035912483,1,1,54.14750114,2,0.418678442,1,0.000200109,2.53E-05,0.112272628,0.887727372,0,2
1,bimodal,Task B ,2,2,1,-0.409191723,3,2,264.3977168,3,1.293685694,3,1.82E-07,1.63E-05,0.988991207,0.988991207,1,6
1,bimodal,Task B ,2,2,0,0.142651916,4,1,10.31004798,4,-0.980852443,4,6.75E-06,2.05E-05,0.752167883,0.752167883,1,6
1,bimodal,Task B ,1,3,0,0.289642375,4,2,278.729137,5,-1.085303472,4,2.07E-06,1.90E-05,0.901773603,0.901773603,1,2
1,bimodal,Task B ,2,2,1,-0.569106739,4,2,260.6928086,6,2.545583804,4,1.46E-16,4.41E-06,1,1,1,6
2,bimodal,Task B ,2,4,1,-0.859280548,4,2,243.2930369,1,-0.655023093,4,3.39E-06,1.96E-05,0.852538525,0.852538525,0,8
2,bimodal,Task B ,1,2,1,-0.012769894,2,1,131.5601295,2,-0.476310714,2,0.000163714,2.50E-05,0.132441648,0.867558352,0,3
2,bimodal,Task B ,1,2,1,-0.824589142,1,1,294.7927572,3,-0.143381392,1,2.41E-05,2.22E-05,0.479397676,0.520602324,1,3
2,bimodal,Task B ,2,2,1,-0.57511335,1,2,332.5675722,4,1.197520384,1,2.56E-07,1.67E-05,0.984891381,0.984891381,1,6
2,bimodal,Task B ,2,3,1,-1.411992984,4,2,213.5375312,5,1.121659425,4,5.62E-10,1.14E-05,0.999950647,0.999950647,0,7
2,bimodal,Task B ,1,2,0,-0.434012368,3,2,216.8126242,6,-0.128747917,3,0.000185027,2.52E-05,0.119805958,0.880194042,1,3
3,bimodal,Task B ,2,4,1,-0.365057161,4,2,37.10489709,1,-1.572787575,4,7.37E-09,1.34E-05,0.99944889,0.99944889,1,8
3,bimodal,Task B ,1,4,1,-0.240387301,4,1,184.2730067,2,0.038255593,4,0.000335437,2.61E-05,0.072290822,0.927709178,1,1
3,bimodal,Task B ,2,4,1,-1.23307817,4,2,30.8536939,3,-0.864621934,4,3.51E-08,1.47E-05,0.997626281,0.997626281,0,8
3,bimodal,Task B ,2,4,1,0.884661089,3,2,136.6257721,4,-2.626082079,3,3.70E-18,3.51E-06,1,1,1,8
3,bimodal,Task B ,1,3,1,-0.159305876,3,1,311.7534139,5,0.257059028,3,0.000290307,2.59E-05,0.081918861,0.918081139,0,2
3,bimodal,Task B ,2,4,1,-1.016946213,4,2,261.5655943,6,-2.581601246,4,3.78E-18,3.51E-06,1,1,1,8
4,bimodal,Task B ,1,1,1,0.428138094,4,1,334.0084571,1,0.445743011,4,8.35E-05,2.40E-05,0.222896475,0.777103525,0,4
4,bimodal,Task B ,2,3,1,-1.153307371,2,2,213.3536955,2,1.028279622,2,2.04E-08,1.42E-05,0.998570856,0.998570856,0,7
4,bimodal,Task B ,1,2,0,0.859954358,4,2,358.2566853,3,-0.632567222,4,3.51E-06,1.97E-05,0.848327213,0.848327213,0,3
4,bimodal,Task B ,1,4,1,-0.484289076,4,1,156.5579042,4,0.5059049,4,5.53E-05,2.34E-05,0.296742994,0.703257006,0,1
4,bimodal,Task B ,1,1,1,-0.462399101,2,1,251.7478244,5,0.254034866,2,0.000135567,2.47E-05,0.154116274,0.845883726,1,4
4,bimodal,Task B ,1,1,1,-0.140666539,1,1,243.3978468,6,-0.415608886,1,0.000190677,2.52E-05,0.116863682,0.883136318,0,4
5,bimodal,Task B ,1,3,1,0.425441723,4,1,279.0158046,1,-0.040996052,4,0.000194835,2.53E-05,0.114792754,0.885207246,1,2
5,bimodal,Task B ,1,3,0,0.044593308,1,2,110.0155204,2,0.777233842,1,3.25E-05,2.26E-05,0.410015351,0.589984649,0,2
5,bimodal,Task B ,1,4,0,-0.272903659,2,2,201.8121552,3,2.485174868,2,1.46E-15,5.10E-06,1,1,1,1
5,bimodal,Task B ,1,3,0,0.90192419,2,2,219.5834953,4,-1.031353053,2,1.57E-07,1.62E-05,0.990368675,0.990368675,1,2
5,bimodal,Task B ,2,4,1,0.793373358,4,2,182.4508275,5,1.483321558,4,2.73E-09,1.26E-05,0.99978315,0.99978315,1,8
5,bimodal,Task B ,2,4,1,-2.54860336,3,2,96.36270357,6,-0.990209811,3,1.49E-17,3.83E-06,1,1,0,8
6,bimodal,Task B ,1,3,1,-0.461009137,2,1,220.6686169,1,-0.275094079,2,0.000130792,2.46E-05,0.158550066,0.841449934,1,2
6,bimodal,Task B ,1,2,1,-0.352623281,2,1,271.7023881,2,0.077583958,2,0.000250819,2.57E-05,0.092836083,0.907163917,1,3
6,bimodal,Task B ,2,2,1,0.721344229,4,2,218.6188244,3,-0.801719133,4,3.16E-06,1.95E-05,0.860625748,0.860625748,1,6
6,bimodal,Task B ,1,2,0,0.516754248,2,2,232.5762378,4,-0.645408408,2,2.37E-05,2.21E-05,0.482954564,0.517045436,0,3
6,bimodal,Task B ,1,2,0,1.154818643,1,2,311.1516408,5,0.804312943,1,1.02E-07,1.58E-05,0.99356134,0.99356134,0,3
6,bimodal,Task B ,1,1,1,0.671660863,4,1,24.05170305,6,-0.115105599,4,5.98E-05,2.35E-05,0.281874812,0.718125188,1,4
7,bimodal,Task B ,2,2,1,-0.87789527,2,2,122.6693659,1,1.817761163,2,1.55E-11,9.09E-06,0.999998299,0.999998299,1,6
7,bimodal,Task B ,1,1,1,-0.162825773,3,1,199.6786926,2,-0.332707766,3,0.000240966,2.56E-05,0.096048962,0.903951038,0,4
7,bimodal,Task B ,1,1,0,0.893717952,3,2,188.3128309,3,-0.429464331,3,6.81E-06,2.05E-05,0.750640394,0.750640394,0,4
7,bimodal,Task B ,1,1,1,0.524608512,3,1,297.4089313,4,-0.301535229,3,9.02E-05,2.41E-05,0.210638434,0.789361566,1,4
7,bimodal,Task B ,1,1,1,0.463565887,2,1,84.70400972,5,0.156679109,2,0.000153066,2.49E-05,0.139855607,0.860144393,1,4
7,bimodal,Task B ,1,1,1,0.202432491,2,1,259.9630913,6,0.197166097,2,0.000300211,2.60E-05,0.079584443,0.920415557,1,4
8,bimodal,Task B ,2,2,1,-1.313365626,1,2,140.2958493,1,-0.994857232,1,5.43E-09,1.31E-05,0.999586411,0.999586411,0,6
8,bimodal,Task B ,1,4,0,-0.016573148,2,2,139.1515808,2,-1.831718176,2,3.06E-10,1.10E-05,0.999972097,0.999972097,1,1
8,bimodal,Task B ,1,4,1,-0.212752657,3,1,104.800119,3,-0.294337672,3,0.000247226,2.56E-05,0.09398167,0.90601833,0,1
8,bimodal,Task B ,1,4,1,0.553647396,2,1,86.0037568,4,0.524643358,2,3.60E-05,2.27E-05,0.387039832,0.612960168,1,1
8,bimodal,Task B ,2,4,1,1.222647847,3,2,357.6909942,5,-2.695213133,3,4.00E-20,2.64E-06,1,1,1,8
8,bimodal,Task B ,2,4,1,-0.952828339,3,2,303.1316109,6,-1.351557524,3,4.65E-09,1.30E-05,0.999641869,0.999641869,1,8
9,bimodal,Task B ,2,1,1,0.25118099,2,2,79.34540333,1,0.222734532,2,0.000261059,2.57E-05,0.089724871,0.910275129,1,5
9,bimodal,Task B ,2,1,0,0.405660968,2,1,114.6411839,2,0.34344611,2,0.000127259,2.46E-05,0.162004558,0.837995442,1,5
9,bimodal,Task B ,1,2,1,0.386057177,2,1,156.439837,3,0.023184442,2,0.00022382,2.55E-05,0.102227739,0.897772261,1,3
9,bimodal,Task B ,2,2,1,-0.01868633,2,2,91.94459728,4,1.177740677,2,1.20E-06,1.84E-05,0.938757778,0.938757778,1,6
9,bimodal,Task B ,2,4,1,-1.941412405,3,2,125.8858094,5,1.823942146,3,5.80E-17,4.17E-06,1,1,0,8
9,bimodal,Task B ,1,3,1,-0.204736857,4,1,347.7619309,6,0.051958134,4,0.000355762,2.62E-05,0.068678311,0.931321689,1,2
10,bimodal,Task B ,1,1,0,-2.349429489,2,2,359.6912864,1,-0.581863334,2,1.27E-14,5.83E-06,0.999999998,0.999999998,0,4
10,bimodal,Task B ,1,2,1,-0.24915472,2,1,74.82540854,2,-0.006003653,2,0.000331806,2.61E-05,0.07297817,0.92702183,1,3
10,bimodal,Task B ,2,1,1,-2.370978515,1,2,344.8475046,3,-1.958641084,1,3.28E-21,2.26E-06,1,1,0,5
10,bimodal,Task B ,1,1,1,-0.832987471,1,1,195.1157033,4,0.18747259,1,2.13E-05,2.20E-05,0.508138919,0.508138919,0,4
10,bimodal,Task B ,1,1,1,0.514330806,2,1,1.677164453,5,-0.518239632,2,4.47E-05,2.30E-05,0.340215009,0.659784991,0,4
10,bimodal,Task B ,1,1,1,0.031947019,2,1,181.2152246,6,0.366973018,2,0.000237989,2.56E-05,0.097065602,0.902934398,0,4
1,bimodal,Task B ,2,2,1,0.698569025,3,2,55.75324711,1,-0.533894397,3,1.63E-05,2.16E-05,0.569735766,0.569735766,0,6
1,bimodal,Task B ,1,2,0,0.529722318,3,2,224.8765687,2,-0.377277536,3,7.11E-05,2.37E-05,0.250267488,0.749732512,1,3
1,bimodal,Task B ,1,3,1,0.419258924,2,1,188.9574147,3,-0.370183213,2,0.000112893,2.44E-05,0.177834919,0.822165081,1,2
1,bimodal,Task B ,2,1,1,1.853457654,1,2,212.912307,4,1.213396955,1,4.89E-13,7.33E-06,0.999999933,0.999999933,0,5
1,bimodal,Task B ,1,3,1,-0.322631077,3,1,252.9942113,5,0.108470143,3,0.000265814,2.58E-05,0.088352077,0.911647923,1,2
1,bimodal,Task B ,1,3,1,0.349116518,2,1,69.53379675,6,-0.084120461,2,0.000244437,2.56E-05,0.094891131,0.905108869,1,2
2,bimodal,Task B ,1,1,0,-0.717168825,1,2,126.9855672,1,-2.091198909,1,5.11E-13,7.35E-06,0.999999931,0.999999931,1,4
2,bimodal,Task B ,2,2,1,1.320710099,2,2,138.0103261,2,-1.297756108,2,2.36E-10,1.08E-05,0.999978075,0.999978075,0,6
2,bimodal,Task B ,1,2,0,1.063842675,3,2,108.881317,3,1.899195406,3,8.77E-13,7.60E-06,0.999999885,0.999999885,1,3
2,bimodal,Task B ,1,2,1,-0.050020721,4,1,165.8754249,4,-0.370957677,4,0.000236466,2.56E-05,0.097594433,0.902405567,0,3
2,bimodal,Task B ,1,2,0,0.206640213,2,2,35.26276928,5,0.805651658,2,2.25E-05,2.21E-05,0.495027438,0.504972562,0,3
2,bimodal,Task B ,1,2,0,-1.299027167,1,2,225.431503,6,-0.531314665,1,1.25E-07,1.60E-05,0.992234052,0.992234052,0,3
3,bimodal,Task B ,2,3,0,0.121605937,2,1,105.2021522,1,-0.107870611,2,0.000378218,2.63E-05,0.065097669,0.934902331,1,7
3,bimodal,Task B ,1,4,1,0.136438216,3,1,2.798933015,2,0.228154918,3,0.000312466,2.60E-05,0.076879782,0.923120218,0,1
3,bimodal,Task B ,1,4,0,-0.977622214,1,2,357.6291548,3,-0.041890766,1,8.34E-06,2.08E-05,0.713203053,0.713203053,0,1
3,bimodal,Task B ,2,3,1,-1.88679901,4,2,203.1851477,4,0.879991291,4,6.65E-12,8.63E-06,0.999999229,0.999999229,0,7
3,bimodal,Task B ,1,3,1,0.186589763,2,1,233.7217697,5,1.17281543,2,1.08E-06,1.83E-05,0.944126264,0.944126264,1,2
3,bimodal,Task B ,1,3,0,0.061527895,4,2,261.1561946,6,0.415118945,4,0.000200307,2.53E-05,0.112180408,0.887819592,0,2
4,bimodal,Task B ,2,4,1,-3.806253697,4,2,218.2963459,1,-1.184338162,4,1.04E-32,4.32E-07,1,1,0,8
4,bimodal,Task B ,1,2,0,0.188505121,1,2,198.4359215,2,-3.676577409,1,6.26E-29,7.44E-07,1,1,1,3
4,bimodal,Task B ,1,2,0,0.834655095,2,2,72.88502692,3,1.13638009,2,9.58E-08,1.57E-05,0.993934382,0.993934382,1,3
4,bimodal,Task B ,1,2,0,0.426435381,2,2,5.094059998,4,-0.786192099,2,1.45E-05,2.15E-05,0.596834208,0.596834208,1,3
4,bimodal,Task B ,1,2,1,0.467498518,3,1,20.68466944,5,0.050250861,3,0.00016561,2.50E-05,0.131206534,0.868793466,1,3
4,bimodal,Task B ,2,2,0,-0.160724519,2,1,158.1837676,6,0.04714385,2,0.000380326,2.63E-05,0.064781272,0.935218728,1,6
5,bimodal,Task B ,1,2,0,0.823257734,1,2,146.4449161,1,-1.629486505,1,3.38E-10,1.10E-05,0.999969368,0.999969368,1,3
5,bimodal,Task B ,1,4,1,-0.291974569,1,1,31.30350452,2,-0.256038444,1,0.000229657,2.55E-05,0.100033474,0.899966526,1,1
5,bimodal,Task B ,1,4,1,0.149135462,1,1,19.57431188,3,0.059995487,1,0.000378139,2.63E-05,0.06510953,0.93489047,1,1
5,bimodal,Task B ,1,2,0,0.6442678,3,2,91.66912996,4,-0.481196812,3,2.78E-05,2.24E-05,0.44605078,0.55394922,1,3
5,bimodal,Task B ,2,4,1,-0.769445396,2,2,16.49314267,5,1.416859015,2,7.74E-09,1.34E-05,0.999423179,0.999423179,1,8
5,bimodal,Task B ,1,4,1,-0.083923085,3,1,138.9081168,6,-0.212449203,3,0.000342802,2.62E-05,0.070937131,0.929062869,0,1
6,bimodal,Task B ,2,2,1,-2.266835753,4,2,301.5691203,1,-0.503868044,4,8.81E-14,6.58E-06,0.999999987,0.999999987,0,6
6,bimodal,Task B ,1,2,1,-0.015411609,2,1,194.3402679,2,-0.070386731,2,0.000415791,2.65E-05,0.059897881,0.940102119,0,3
6,bimodal,Task B ,1,1,0,0.50948779,3,2,104.3725853,3,0.752807633,3,1.28E-05,2.13E-05,0.625129002,0.625129002,1,4
6,bimodal,Task B ,1,2,1,0.181249424,3,1,264.3278349,4,0.111011774,3,0.000348028,2.62E-05,0.070008037,0.929991963,1,3
6,bimodal,Task B ,1,2,1,0.004005794,4,1,215.2375451,5,0.036882814,4,0.00042164,2.65E-05,0.059164675,0.940835325,0,3
6,bimodal,Task B ,1,1,1,-0.03872072,4,1,336.3226443,6,-0.017101269,4,0.000422055,2.65E-05,0.059113433,0.940886567,1,4
7,bimodal,Task B ,1,4,1,0.103641197,2,1,320.5645114,1,0.205176584,2,0.000337322,2.61E-05,0.071939283,0.928060717,0,1
7,bimodal,Task B ,2,4,1,2.299541102,4,2,288.917921,2,-0.54828869,4,3.13E-14,6.17E-06,0.999999995,0.999999995,0,8
7,bimodal,Task B ,1,1,1,0.076928476,1,1,155.4051212,3,-0.087970279,1,0.000399675,2.64E-05,0.062019119,0.937980881,0,4
7,bimodal,Task B ,1,4,0,1.172874329,1,2,127.0188028,4,-0.455955619,1,5.55E-07,1.75E-05,0.969313097,0.969313097,0,1
7,bimodal,Task B ,1,4,0,-0.235576282,2,2,14.47904581,5,-1.853288592,2,1.76E-10,1.06E-05,0.999983404,0.999983404,1,1
7,bimodal,Task B ,1,4,1,0.12503461,2,1,243.4581197,6,0.179411123,2,0.000344408,2.62E-05,0.07064898,0.92935102,0,1
8,bimodal,Task B ,2,4,1,-2.461889743,1,2,27.98611525,1,1.437357543,1,9.00E-19,3.21E-06,1,1,0,8
8,bimodal,Task B ,2,4,1,0.635209984,4,2,218.6803788,2,1.137798912,4,3.22E-07,1.69E-05,0.981325519,0.981325519,1,8
8,bimodal,Task B ,1,4,1,0.519131726,3,1,334.7701967,3,-0.587080646,3,3.18E-05,2.26E-05,0.415226583,0.584773417,0,1
8,bimodal,Task B ,1,4,0,-1.072099325,1,2,143.6487027,4,-1.390140286,1,1.10E-09,1.19E-05,0.999907418,0.999907418,1,1
8,bimodal,Task B ,1,4,1,-0.740212939,2,1,279.8184835,5,-0.05066786,2,4.47E-05,2.30E-05,0.340089887,0.659910113,1,1
8,bimodal,Task B ,1,4,1,-0.015127202,1,1,146.6325149,6,-0.037448281,1,0.000421927,2.65E-05,0.059129256,0.940870744,0,1
9,bimodal,Task B ,2,3,1,1.283161022,1,2,210.5223085,1,-1.6456011,1,4.74E-12,8.45E-06,0.999999439,0.999999439,1,7
9,bimodal,Task B ,1,2,0,2.392422465,4,2,178.5934463,2,-0.367380556,4,1.03E-14,5.76E-06,0.999999998,0.999999998,0,3
9,bimodal,Task B ,1,2,1,0.247141388,3,1,224.980821,3,0.288932296,3,0.000228052,2.55E-05,0.100627033,0.899372967,0,3
9,bimodal,Task B ,1,2,1,0.292012081,3,1,58.26933337,4,-0.036454328,3,0.000292195,2.59E-05,0.081463063,0.918536937,1,3
9,bimodal,Task B ,1,2,0,-0.171546728,3,2,73.50978528,5,1.288925538,3,3.36E-07,1.70E-05,0.980595142,0.980595142,1,3
9,bimodal,Task B ,2,4,1,1.93206306,1,2,350.8430348,6,-0.548945589,1,2.03E-11,9.25E-06,0.99999781,0.99999781,0,8
10,bimodal,Task B ,1,1,1,0.371906298,3,1,120.7982063,1,-0.041008767,3,0.000233209,2.56E-05,0.098745546,0.901254454,1,4
10,bimodal,Task B ,1,2,1,0.153069384,1,1,171.0565282,2,0.337162752,1,0.000235653,2.56E-05,0.097879161,0.902120839,0,3
10,bimodal,Task B ,2,1,0,-0.565303342,3,1,198.6542793,3,0.709672173,3,1.37E-05,2.14E-05,0.60990802,0.60990802,1,5
10,bimodal,Task B ,1,1,0,0.746398364,4,2,20.12944856,4,-0.11044743,4,3.85E-05,2.28E-05,0.372057853,0.627942147,1,4
10,bimodal,Task B ,1,2,1,0.21393893,3,1,82.05155615,5,0.501097505,3,0.000119676,2.45E-05,0.169977449,0.830022551,0,3
10,bimodal,Task B ,1,2,1,0.397811091,4,1,101.6776535,6,0.136250988,4,0.000199271,2.53E-05,0.112665546,0.887334454,1,3
1,bimodal,Task B ,2,2,1,-0.008560484,2,2,16.80142008,1,1.12905499,2,1.93E-06,1.89E-05,0.90755428,0.90755428,1,6
1,bimodal,Task B ,1,2,0,0.36378999,3,2,257.9141984,2,-0.557562532,3,6.52E-05,2.36E-05,0.265683877,0.734316123,0,3
1,bimodal,Task B ,2,1,1,0.695033165,1,2,111.3674072,3,0.590893876,1,1.26E-05,2.13E-05,0.628770226,0.628770226,0,5
1,bimodal,Task B ,2,4,1,1.23595073,2,2,14.6776359,4,-3.896184702,2,1.09E-34,3.25E-07,1,1,1,8
1,bimodal,Task B ,1,3,0,0.035591487,3,2,357.2089604,5,0.025313358,3,0.000420156,2.65E-05,0.059348997,0.940651003,1,2
1,bimodal,Task B ,2,2,0,-0.606728308,4,1,119.0273437,6,-0.206127635,4,7.93E-05,2.39E-05,0.231387779,0.768612221,1,6
2,bimodal,Task B ,1,2,1,0.542147831,2,1,106.9421833,1,-0.31355072,2,8.09E-05,2.39E-05,0.228227995,0.771772005,1,3
2,bimodal,Task B ,2,3,1,-0.892076419,4,2,67.29534949,2,1.568955767,4,4.90E-10,1.13E-05,0.999956553,0.999956553,1,7
2,bimodal,Task B ,1,2,1,0.363887202,1,1,130.6742554,3,0.285715193,1,0.000169977,2.51E-05,0.128449563,0.871550437,1,3
2,bimodal,Task B ,2,2,1,0.081435837,2,2,255.1087562,4,-0.166222307,2,0.000366641,2.63E-05,0.066894028,0.933105972,0,6
2,bimodal,Task B ,1,3,1,-0.111850359,3,1,229.3647768,5,0.353785992,3,0.000237845,2.56E-05,0.097115592,0.902884408,0,2
2,bimodal,Task B ,1,1,0,0.299393176,3,2,292.4456512,6,0.096644229,3,0.000276895,2.58E-05,0.085316362,0.914683638,1,4
3,bimodal,Task B ,1,2,0,0.473674265,3,2,353.9754361,1,0.534674704,3,4.86E-05,2.32E-05,0.322786203,0.677213797,0,3
3,bimodal,Task B ,1,4,1,-0.094371859,2,1,14.03013594,2,0.150574916,2,0.000372663,2.63E-05,0.065946903,0.934053097,0,1
3,bimodal,Task B ,1,2,1,0.303427906,2,1,355.9731101,3,-0.022547848,2,0.00028485,2.59E-05,0.083266947,0.916733053,1,3
3,bimodal,Task B ,1,3,1,0.209620943,4,1,266.2228536,4,-0.098484824,4,0.000336403,2.61E-05,0.072110391,0.927889609,1,2
3,bimodal,Task B ,2,3,0,-0.417058329,2,1,148.0630115,5,-0.407758698,2,0.000104672,2.43E-05,0.188435491,0.811564509,1,7
3,bimodal,Task B ,1,2,0,0.668574035,3,2,98.58957095,6,0.284794276,3,4.55E-05,2.31E-05,0.336555125,0.663444875,1,3
4,bimodal,Task B ,1,3,0,0.345771122,1,2,18.028908,1,-0.028461007,1,0.000253307,2.57E-05,0.092059941,0.907940059,1,2
4,bimodal,Task B ,1,2,0,0.818625355,2,2,182.5418019,2,-0.960857048,2,5.18E-07,1.74E-05,0.971150191,0.971150191,1,3
4,bimodal,Task B ,1,2,1,-0.132105391,2,1,260.4145437,3,0.496928801,2,0.000139271,2.47E-05,0.150850889,0.849149111,0,3
4,bimodal,Task B ,1,1,0,-1.205060156,2,2,169.465838,4,3.034728907,2,1.37E-23,1.60E-06,1,1,1,4
4,bimodal,Task B ,2,4,1,-3.065068442,4,2,243.8296172,5,-1.492729503,4,4.70E-25,1.30E-06,1,1,0,8
4,bimodal,Task B ,2,4,1,-1.954245553,3,2,312.6200761,6,-2.706837336,3,2.30E-24,1.44E-06,1,1,1,8
5,bimodal,Task B ,1,3,0,-0.104033582,4,2,283.1438888,1,0.70150656,4,5.07E-05,2.32E-05,0.314301215,0.685698785,0,2
5,bimodal,Task B ,1,2,1,-0.216549174,3,1,307.7426622,2,0.039009352,3,0.000350471,2.62E-05,0.069582331,0.930417669,1,3
5,bimodal,Task B ,1,4,0,0.015327667,1,2,170.7963945,3,0.368830686,1,0.000237576,2.56E-05,0.097208576,0.902791424,0,1
5,bimodal,Task B ,1,4,1,0.275102074,3,1,236.4642394,4,-0.186119065,3,0.000264833,2.58E-05,0.088631801,0.911368199,1,1
5,bimodal,Task B ,1,4,1,-0.194444591,3,1,346.2732147,5,0.365030235,3,0.000207733,2.54E-05,0.108826215,0.891173785,0,1
5,bimodal,Task B ,1,4,1,-0.395247401,4,1,32.14352714,6,-0.077263274,4,0.000220597,2.55E-05,0.10348254,0.89651746,1,1
6,bimodal,Task B ,2,2,0,0.041874235,3,1,231.2345533,1,0.390513835,3,0.0002199,2.55E-05,0.103757729,0.896242271,0,6
6,bimodal,Task B ,2,2,1,-1.192126809,3,2,90.15180166,2,-0.770849474,3,1.01E-07,1.57E-05,0.993632688,0.993632688,0,6
6,bimodal,Task B ,1,2,0,-0.171619319,1,2,26.04177273,3,-0.970523795,1,7.18E-06,2.06E-05,0.741157668,0.741157668,1,3
6,bimodal,Task B ,2,2,1,2.114028325,1,2,129.2521306,4,-1.784705065,1,4.95E-18,3.57E-06,1,1,0,6
6,bimodal,Task B ,2,1,1,-1.227977674,1,2,319.8670688,5,-0.960113872,1,1.77E-08,1.41E-05,0.998746878,0.998746878,0,5
6,bimodal,Task B ,1,2,1,0.404349946,1,1,175.3762041,6,0.211219387,1,0.000174474,2.51E-05,0.125734269,0.874265731,1,3
7,bimodal,Task B ,2,1,1,-1.931438921,1,2,6.815213382,1,-3.171899522,1,3.24E-29,7.14E-07,1,1,1,5
7,bimodal,Task B ,1,4,1,-0.534497995,3,1,329.6210357,2,0.122568942,3,0.000124576,2.46E-05,0.164735429,0.835264571,1,1
7,bimodal,Task B ,1,4,0,-1.439356485,1,2,109.3237913,3,-0.269938396,1,6.15E-08,1.53E-05,0.995985349,0.995985349,0,1
7,bimodal,Task B ,1,1,1,0.120207038,1,1,177.260449,4,-0.081999012,1,0.000386599,2.64E-05,0.063858238,0.936141762,1,4
7,bimodal,Task B ,1,1,0,-0.389457546,2,2,7.764148584,5,0.214223585,2,0.000189264,2.52E-05,0.117585366,0.882414634,1,4
7,bimodal,Task B ,1,1,0,2.023714798,1,2,130.8750196,6,0.522678042,1,4.98E-12,8.47E-06,0.999999412,0.999999412,0,4
8,bimodal,Task B ,2,4,1,-1.523053328,3,2,233.9535604,1,0.354404793,3,1.75E-08,1.41E-05,0.998758863,0.998758863,0,8
8,bimodal,Task B ,2,4,0,0.460943584,1,1,191.1443588,2,-0.105062448,1,0.000164189,2.50E-05,0.132130261,0.867869739,1,8
8,bimodal,Task B ,1,4,0,-0.551706666,4,2,221.4297803,3,0.527182796,4,3.79E-05,2.28E-05,0.375954339,0.624045661,1,1
8,bimodal,Task B ,1,4,1,-0.489081425,3,1,9.375811056,4,-0.114304783,3,0.000152429,2.49E-05,0.140326741,0.859673259,1,1
8,bimodal,Task B ,2,4,1,0.790805979,4,2,309.7038848,5,0.956454409,4,6.34E-07,1.77E-05,0.965361429,0.965361429,1,8
8,bimodal,Task B ,1,4,1,-0.190043193,2,1,113.83561,6,0.058409591,2,0.000363062,2.63E-05,0.067470371,0.932529629,1,1
9,bimodal,Task B ,1,1,1,-0.419259849,1,1,253.8239897,1,0.125236845,1,0.000194999,2.53E-05,0.114712759,0.885287241,1,4
9,bimodal,Task B ,2,1,1,-0.115800944,4,2,71.63854081,2,0.306406437,4,0.0002706,2.58E-05,0.08701393,0.91298607,0,5
9,bimodal,Task B ,1,1,0,-1.61394208,3,2,229.2278814,3,0.421539794,3,4.32E-09,1.29E-05,0.999665718,0.999665718,0,4
9,bimodal,Task B ,2,1,0,-0.163245081,1,1,139.7368538,4,0.045920829,1,0.000379271,2.63E-05,0.064939167,0.935060833,1,5
9,bimodal,Task B ,1,1,1,-0.004148261,2,1,46.56261925,5,-0.035239778,2,0.000422353,2.65E-05,0.059076595,0.940923405,0,4
9,bimodal,Task B ,2,2,1,2.003787395,1,2,11.88577421,6,-1.239094276,1,3.44E-14,6.21E-06,0.999999994,0.999999994,0,6
10,bimodal,Task B ,1,1,0,1.269146588,2,2,194.8686088,1,1.204338401,2,1.08E-09,1.19E-05,0.999909215,0.999909215,0,4
10,bimodal,Task B ,1,1,1,-0.408495473,3,1,305.7250488,2,0.314029198,3,0.000142209,2.48E-05,0.148360924,0.851639076,1,4
10,bimodal,Task B ,1,2,1,0.229091695,4,1,207.6093604,3,-0.012792052,4,0.00033738,2.61E-05,0.071928635,0.928071365,1,3
10,bimodal,Task B ,1,2,1,-0.18051398,3,1,264.3230917,4,-0.149917094,3,0.000340576,2.62E-05,0.071340768,0.928659232,1,3
10,bimodal,Task B ,1,2,1,0.266741399,1,1,234.507243,5,-0.244983966,1,0.000242704,2.56E-05,0.095465782,0.904534218,1,3
10,bimodal,Task B ,2,2,1,4.536154947,4,2,224.4806965,6,2.384432115,4,9.85E-52,2.80E-08,1,1,0,6
1,bimodal,Task B ,2,4,1,0.519050707,3,2,50.49346127,1,-1.232702097,3,2.25E-07,1.66E-05,0.986614427,0.986614427,1,8
1,bimodal,Task B ,1,2,0,0.115797691,2,2,286.4949459,2,-0.428668826,2,0.000184654,2.52E-05,0.120005524,0.879994476,0,3
1,bimodal,Task B ,2,2,1,-0.311983364,4,2,43.20769172,3,2.063098694,4,4.42E-12,8.41E-06,0.999999474,0.999999474,1,6
1,bimodal,Task B ,1,3,1,0.009541139,4,1,349.5825245,4,0.156093812,4,0.000381891,2.64E-05,0.06454839,0.93545161,0,2
1,bimodal,Task B ,2,3,1,0.733766678,1,2,84.92091935,5,-2.500748468,1,1.54E-16,4.43E-06,1,1,1,7
1,bimodal,Task B ,1,2,0,1.135780747,3,2,66.97693615,6,-0.920506935,3,5.36E-08,1.51E-05,0.996471779,0.996471779,0,3
2,bimodal,Task B ,2,4,1,1.704679986,4,2,97.97075665,1,-1.062095065,4,1.95E-11,9.23E-06,0.99999789,0.99999789,0,8
2,bimodal,Task B ,1,2,1,0.249463209,1,1,175.1252785,2,0.009429484,1,0.000323704,2.61E-05,0.074561757,0.925438243,1,3
2,bimodal,Task B ,1,2,1,0.855869195,4,1,151.427553,3,-0.150807584,4,1.77E-05,2.17E-05,0.551214238,0.551214238,0,3
2,bimodal,Task B ,1,2,1,0.307327087,4,1,98.53489883,4,0.488008807,4,0.000102823,2.43E-05,0.191004047,0.808995953,0,3
2,bimodal,Task B ,2,3,1,-1.943441804,3,2,218.509315,5,-0.010004095,3,7.19E-11,1.00E-05,0.999992819,0.999992819,0,7
2,bimodal,Task B ,1,2,1,0.069097962,4,1,313.0017767,6,0.168193447,4,0.000367293,2.63E-05,0.066790114,0.933209886,0,3
3,bimodal,Task B ,1,2,1,0.064704041,1,1,19.32294268,1,0.237722032,1,0.000326652,2.61E-05,0.073977332,0.926022668,0,3
3,bimodal,Task B ,2,3,1,-1.498803574,2,2,245.0479895,2,0.548219641,2,1.13E-08,1.37E-05,0.999176125,0.999176125,0,7
3,bimodal,Task B ,1,3,1,0.399092259,2,1,137.5678574,3,-0.260556185,2,0.000161836,2.50E-05,0.133689629,0.866310371,1,2
3,bimodal,Task B ,1,3,1,0.027473818,1,1,341.9809127,4,0.013437101,1,0.000422087,2.65E-05,0.059109389,0.940890611,1,2
3,bimodal,Task B ,2,3,1,-1.154242677,4,2,42.94303305,5,-0.506099593,4,6.05E-07,1.76E-05,0.966776599,0.966776599,0,7
3,bimodal,Task B ,2,3,1,-1.131839444,3,2,62.96047673,6,0.56020932,3,5.79E-07,1.76E-05,0.968072925,0.968072925,0,7
4,bimodal,Task B ,2,2,1,0.777209455,2,2,206.1881491,1,0.258212658,2,2.51E-05,2.22E-05,0.470076471,0.529923529,1,6
4,bimodal,Task B ,1,4,0,-0.034448986,4,2,292.4055778,2,0.228793056,4,0.000338237,2.62E-05,0.071770047,0.928229953,0,1
4,bimodal,Task B ,2,2,0,-0.408730876,4,1,105.8558732,3,0.095903669,4,0.000207764,2.54E-05,0.108812643,0.891187357,1,6
4,bimodal,Task B ,1,3,0,0.050859355,4,2,301.8275551,4,0.780290617,4,3.18E-05,2.26E-05,0.415221514,0.584778486,0,2
4,bimodal,Task B ,2,3,1,-1.048323152,1,2,297.3453861,5,-0.984420319,1,7.87E-08,1.55E-05,0.994952117,0.994952117,0,7
4,bimodal,Task B ,1,1,0,1.200551863,1,2,263.0105378,6,1.449307261,1,1.40E-10,1.04E-05,0.999986591,0.999986591,1,4
5,bimodal,Task B ,1,3,0,0.143509958,2,2,139.6003755,1,-1.369583393,2,1.43E-07,1.61E-05,0.991190018,0.991190018,1,2
5,bimodal,Task B ,2,4,1,-2.089755363,4,2,184.6874414,2,1.642837807,4,6.91E-17,4.21E-06,1,1,0,8
5,bimodal,Task B ,1,3,1,0.239700823,4,1,276.04123,3,-0.556556354,4,8.99E-05,2.41E-05,0.211134522,0.788865478,0,2
5,bimodal,Task B ,1,4,1,0.327743912,1,1,310.1467237,4,-0.220638326,1,0.000218316,2.54E-05,0.104390064,0.895609936,1,1
5,bimodal,Task B ,2,4,0,-1.028954138,1,1,183.3927547,5,-0.015089067,1,5.49E-06,2.02E-05,0.786490945,0.786490945,0,8
5,bimodal,Task B ,1,2,1,-0.373787556,2,1,44.75142643,6,-0.22999907,2,0.00019392,2.53E-05,0.115242062,0.884757938,1,3
6,bimodal,Task B ,1,3,1,0.196676879,3,1,59.50485456,1,0.335830585,3,0.000221575,2.55E-05,0.103098236,0.896901764,0,2
6,bimodal,Task B ,1,2,1,-0.625687105,3,1,3.92723264,2,0.668329128,3,1.30E-05,2.13E-05,0.622058772,0.622058772,1,3
6,bimodal,Task B ,2,2,1,-1.331644828,2,2,24.16784447,3,2.5715276,2,2.10E-19,2.93E-06,1,1,1,6
6,bimodal,Task B ,1,2,1,-0.037236294,1,1,102.2141705,4,-0.137640007,1,0.000390779,2.64E-05,0.063258112,0.936741888,0,3
6,bimodal,Task B ,1,1,1,-0.686157419,2,1,39.59319791,5,-0.023525505,2,6.19E-05,2.35E-05,0.275216486,0.724783514,1,4
6,bimodal,Task B ,1,2,0,0.05493619,4,2,229.6094758,6,2.695606155,4,1.94E-17,3.89E-06,1,1,1,3
7,bimodal,Task B ,2,2,0,-0.20161814,1,1,99.44893099,1,0.072990984,1,0.000353558,2.62E-05,0.069051915,0.930948085,1,6
7,bimodal,Task B ,2,4,1,2.219593675,3,2,177.6920329,2,0.507344184,3,1.67E-13,6.85E-06,0.999999976,0.999999976,0,8
7,bimodal,Task B ,1,1,1,0.357368306,4,1,212.3058408,3,-0.110660314,4,0.000233419,2.56E-05,0.098670596,0.901329404,1,4
7,bimodal,Task B ,1,1,1,0.188488391,1,1,285.5682395,4,0.005643303,1,0.000362814,2.63E-05,0.067510606,0.932489394,1,4
7,bimodal,Task B ,2,4,1,-2.808384512,3,2,291.8416314,5,0.715556786,3,3.32E-19,3.02E-06,1,1,0,8
7,bimodal,Task B ,1,1,1,-0.015560236,1,1,306.1038013,6,-0.160497855,1,0.000381211,2.63E-05,0.064649307,0.935350693,0,4
8,bimodal,Task B ,1,3,0,-0.028876226,3,2,236.5651468,1,1.869303323,3,1.63E-10,1.05E-05,0.999984547,0.999984547,1,2
8,bimodal,Task B ,1,4,1,-0.166299614,4,1,201.7900834,2,-0.270590121,4,0.000280781,2.58E-05,0.084302218,0.915697782,0,1
8,bimodal,Task B ,2,4,1,-3.307948062,3,2,351.7171567,3,-0.203462615,3,7.73E-24,1.55E-06,1,1,0,8
8,bimodal,Task B ,1,4,1,-0.631183983,2,1,298.6658601,4,-0.391916536,2,4.39E-05,2.30E-05,0.343899632,0.656100368,1,1
8,bimodal,Task B ,1,4,1,-0.155226143,1,1,36.36638663,5,0.376842134,1,0.000211497,2.54E-05,0.107204327,0.892795673,0,1
8,bimodal,Task B ,2,4,0,-0.328341244,4,1,243.5815445,6,0.626652764,4,5.21E-05,2.33E-05,0.308580132,0.691419868,0,8
9,bimodal,Task B ,1,4,1,-0.207344434,4,1,350.7045014,1,-0.515045025,4,0.000117668,2.45E-05,0.172226921,0.827773079,0,1
9,bimodal,Task B ,1,1,0,-0.910370496,1,2,119.0887718,2,0.577428044,1,3.45E-06,1.96E-05,0.850532046,0.850532046,0,4
9,bimodal,Task B ,2,1,1,2.027252143,1,2,122.5595683,3,-0.612605706,1,3.09E-12,8.22E-06,0.999999624,0.999999624,0,5
9,bimodal,Task B ,2,2,1,-0.147977311,2,2,312.7077879,4,-3.639515453,2,2.11E-28,8.03E-07,1,1,1,6
9,bimodal,Task B ,1,2,1,0.347290998,3,1,58.13626386,5,0.175746825,3,0.000221607,2.55E-05,0.103085525,0.896914475,1,3
9,bimodal,Task B ,2,2,0,-0.534882859,1,1,290.8812738,6,-0.242336487,1,0.000103836,2.43E-05,0.189587865,0.810412135,1,6
10,bimodal,Task B ,1,1,1,-0.406991028,4,1,155.3293441,1,-0.462171708,4,8.87E-05,2.41E-05,0.213275222,0.786724778,0,4
10,bimodal,Task B ,2,2,1,-1.374412864,2,2,325.9719528,2,1.238904162,2,2.69E-10,1.09E-05,0.999975259,0.999975259,0,6
10,bimodal,Task B ,2,1,1,2.357215073,2,2,251.9461381,3,-1.319142274,2,2.37E-17,3.94E-06,1,1,0,5
10,bimodal,Task B ,1,1,0,-0.185339393,1,2,282.9062814,4,-0.657929623,1,6.01E-05,2.35E-05,0.280737096,0.719262904,0,4
10,bimodal,Task B ,1,1,1,-0.110394166,2,1,237.6922011,5,0.348581113,2,0.000241866,2.56E-05,0.095746161,0.904253839,0,4
10,bimodal,Task B ,2,1,1,1.462668288,2,2,253.9293303,6,0.609826959,2,1.13E-08,1.37E-05,0.99917473,0.99917473,0,5
1,bimodal,Task B ,2,4,1,-3.019211925,2,2,266.8302702,1,-0.420858272,2,8.49E-21,2.40E-06,1,1,0,8
1,bimodal,Task B ,1,3,1,0.536791721,4,1,348.1037614,2,-0.123376236,4,0.000117417,2.45E-05,0.172512931,0.827487069,1,2
1,bimodal,Task B ,1,3,1,0.308846655,4,1,56.58450846,3,0.597701188,4,6.19E-05,2.35E-05,0.275413935,0.724586065,0,2
1,bimodal,Task B ,2,1,0,0.19748903,1,1,352.2605643,4,0.117352855,1,0.000336901,2.61E-05,0.072017562,0.927982438,1,5
1,bimodal,Task B ,1,3,0,0.309527372,2,2,11.87741084,5,-0.237371375,2,0.000222037,2.55E-05,0.102917696,0.897082304,1,2
1,bimodal,Task B ,2,1,0,-0.293691861,1,1,59.92777986,6,-0.259699284,1,0.000226913,2.55E-05,0.101052856,0.898947144,1,5
2,bimodal,Task B ,1,2,1,-0.321923057,3,1,188.0956331,1,-0.229353237,3,0.000224989,2.55E-05,0.101780342,0.898219658,1,3
2,bimodal,Task B ,2,3,1,0.129188023,1,2,47.84054179,2,2.439112938,1,4.75E-15,5.49E-06,0.999999999,0.999999999,1,7
2,bimodal,Task B ,2,4,1,-1.708652351,4,2,311.9126101,3,-0.877679817,4,9.78E-11,1.02E-05,0.999990418,0.999990418,0,8
2,bimodal,Task B ,2,3,0,-0.889149796,3,1,141.5349456,4,0.037951244,3,1.65E-05,2.17E-05,0.567486917,0.567486917,0,7
2,bimodal,Task B ,1,2,0,1.494756982,2,2,70.51972404,5,0.534311545,2,1.10E-08,1.37E-05,0.999197606,0.999197606,0,3
2,bimodal,Task B ,1,3,1,-0.163792163,4,1,93.65041415,6,-1.022688464,4,4.68E-06,2.00E-05,0.810468277,0.810468277,1,2
3,bimodal,Task B ,2,4,1,-0.317139461,4,2,103.0618889,1,-1.518501772,4,1.71E-08,1.41E-05,0.998788109,0.998788109,1,8
3,bimodal,Task B ,2,2,1,-0.951216376,2,2,264.9976419,2,0.079510723,2,1.01E-05,2.10E-05,0.675517226,0.675517226,0,6
3,bimodal,Task B ,2,1,1,1.692596065,4,2,60.80855953,3,-0.638942072,4,4.80E-10,1.13E-05,0.999957422,0.999957422,0,5
3,bimodal,Task B ,1,4,1,-0.217064607,4,1,142.8779225,4,0.472606149,4,0.000136605,2.47E-05,0.153186264,0.846813736,0,1
3,bimodal,Task B ,1,2,1,-0.109738428,1,1,136.4563868,5,-0.080388586,1,0.0003952,2.64E-05,0.06263601,0.93736399,1,3
3,bimodal,Task B ,2,3,1,-0.370235413,3,2,138.8055744,6,1.664522256,3,2.00E-09,1.23E-05,0.999837847,0.999837847,1,7
4,bimodal,Task B ,1,3,1,0.115730555,2,1,331.679397,1,0.107563458,2,0.000379711,2.63E-05,0.064873213,0.935126787,1,2
4,bimodal,Task B ,1,3,0,-0.501716076,3,2,57.87085774,2,-0.906049544,3,4.83E-06,2.01E-05,0.806023704,0.806023704,1,2
4,bimodal,Task B ,1,2,0,-0.988737452,4,2,265.4563713,3,-0.030993077,4,7.65E-06,2.06E-05,0.729591259,0.729591259,0,3
4,bimodal,Task B ,1,3,1,-0.007080681,2,1,44.31259234,4,-0.038452959,2,0.000421947,2.65E-05,0.059126697,0.940873303,0,2
4,bimodal,Task B ,2,3,1,0.42276008,4,2,352.9593447,5,1.29068265,4,1.72E-07,1.63E-05,0.989525081,0.989525081,1,7
4,bimodal,Task B ,2,1,1,1.486723374,1,2,153.0731408,6,-3.338024554,1,1.59E-28,7.89E-07,1,1,1,5
5,bimodal,Task B ,1,4,0,0.236791699,1,2,331.624313,1,3.133392586,1,3.21E-22,1.95E-06,1,1,1,1
5,bimodal,Task B ,1,4,1,-0.36961646,2,1,76.24021434,2,0.59522485,2,5.45E-05,2.33E-05,0.29969289,0.70030711,0,1
5,bimodal,Task B ,1,4,1,0.063612777,4,1,220.6453691,3,0.251120714,4,0.000317898,2.61E-05,0.075741021,0.924258979,0,1
5,bimodal,Task B ,1,3,1,-0.437049455,4,1,213.2264735,4,0.183792466,4,0.000169617,2.50E-05,0.128672494,0.871327506,1,2
5,bimodal,Task B ,1,2,0,-0.002780651,2,2,328.9938007,5,0.295209102,2,0.000292798,2.59E-05,0.081318439,0.918681561,0,3
5,bimodal,Task B ,1,2,0,-0.432440501,4,2,66.17117406,6,0.159614835,4,0.000178624,2.51E-05,0.123331438,0.876668562,1,3
6,bimodal,Task B ,2,2,1,1.586871125,4,2,30.87751727,1,1.376580473,4,3.74E-12,8.32E-06,0.99999955,0.99999955,0,6
6,bimodal,Task B ,1,2,1,0.713980652,1,1,339.2094862,2,0.029167887,1,4.92E-05,2.32E-05,0.32025949,0.67974051,1,3
6,bimodal,Task B ,1,2,0,-0.737056045,2,2,191.8949178,3,1.137811571,2,1.92E-07,1.64E-05,0.98839669,0.98839669,1,3
6,bimodal,Task B ,1,1,0,0.217315298,3,2,15.4358944,4,-2.368860774,3,1.83E-14,5.97E-06,0.999999997,0.999999997,1,4
6,bimodal,Task B ,2,2,1,0.544049527,4,2,146.0780996,5,1.091541322,4,7.82E-07,1.79E-05,0.958137988,0.958137988,1,6
6,bimodal,Task B ,1,2,1,0.056173987,2,1,125.2800222,6,-0.009140468,2,0.000417608,2.65E-05,0.059668175,0.940331825,1,3
7,bimodal,Task B ,1,4,1,0.038436677,2,1,229.4348982,1,-0.65050854,2,7.11E-05,2.37E-05,0.250272596,0.749727404,0,1
7,bimodal,Task B ,2,4,1,4.020462423,4,2,3.158430919,2,1.283822115,4,2.33E-36,2.56E-07,1,1,0,8
7,bimodal,Task B ,1,1,1,0.16678394,3,1,330.4230528,3,0.05649167,3,0.000369827,2.63E-05,0.066389504,0.933610496,1,4
7,bimodal,Task B ,2,4,1,-1.846422373,3,2,252.3000266,4,-0.065170432,3,3.24E-10,1.10E-05,0.999970554,0.999970554,0,8
7,bimodal,Task B ,1,4,1,0.33238625,2,1,274.9773474,5,0.189108905,2,0.000226547,2.55E-05,0.101190435,0.898809565,1,1
7,bimodal,Task B ,1,4,1,-0.141102622,3,1,201.6659866,6,0.334753352,3,0.000244158,2.56E-05,0.094983305,0.905016695,0,1
8,bimodal,Task B ,1,4,1,-0.875876269,2,1,113.9686319,1,-0.226859284,2,1.48E-05,2.15E-05,0.592954595,0.592954595,0,1
8,bimodal,Task B ,1,4,1,0.294646891,2,1,269.6966361,2,0.130077271,2,0.000271293,2.58E-05,0.086823572,0.913176428,1,1
8,bimodal,Task B ,1,4,0,1.1404889,2,2,142.1536349,3,-1.055301644,2,1.67E-08,1.41E-05,0.998816306,0.998816306,0,1
8,bimodal,Task B ,2,4,1,1.348946265,3,2,137.6382725,4,-0.219083322,3,1.70E-07,1.63E-05,0.989633465,0.989633465,0,8
8,bimodal,Task B ,1,4,1,0.073338683,4,1,24.45657644,5,0.695237794,4,5.33E-05,2.33E-05,0.304047501,0.695952499,0,1
8,bimodal,Task B ,2,4,1,2.348189343,3,2,141.1778253,6,1.078040109,3,3.16E-16,4.63E-06,1,1,0,8
9,bimodal,Task B ,1,2,0,-0.35522351,3,2,83.82323038,1,-0.182641897,3,0.000222453,2.55E-05,0.102755744,0.897244256,1,3
9,bimodal,Task B ,1,1,0,-1.569017734,4,2,140.7315877,2,1.069141648,4,1.32E-10,1.04E-05,0.999987324,0.999987324,0,4
9,bimodal,Task B ,1,1,1,0.087300943,1,1,26.75662431,3,-0.235878039,1,0.000324583,2.61E-05,0.074386513,0.925613487,0,4
9,bimodal,Task B ,2,2,0,0.529715346,4,1,322.9754058,4,-0.082218036,4,0.000125545,2.46E-05,0.1637384,0.8362616,1,6
9,bimodal,Task B ,2,3,0,-0.786218678,2,1,266.3679131,5,-0.000484335,2,3.38E-05,2.26E-05,0.401022051,0.598977949,1,7
9,bimodal,Task B ,1,2,1,-0.243264776,2,1,313.9223624,6,-0.08642433,2,0.000325654,2.61E-05,0.074174104,0.925825896,1,3
10,bimodal,Task B ,1,2,1,0.128971387,4,1,91.20893636,1,0.002695826,4,0.00039359,2.64E-05,0.062861176,0.937138824,1,3
10,bimodal,Task B ,1,2,1,-0.350579988,2,1,71.814904,2,0.152288744,2,0.000234458,2.56E-05,0.098300954,0.901699046,1,3
10,bimodal,Task B ,2,1,1,0.634685383,4,2,48.20024975,3,3.30436805,4,7.16E-25,1.33E-06,1,1,1,5
10,bimodal,Task B ,1,1,0,1.189419575,2,2,94.03911036,4,-2.174182355,2,2.49E-15,5.27E-06,1,1,1,4
10,bimodal,Task B ,1,1,0,0.954400147,3,2,271.3179138,5,1.001294675,3,1.33E-07,1.60E-05,0.991789561,0.991789561,1,4
10,bimodal,Task B ,1,2,0,0.569273952,2,2,105.3108006,6,0.443865869,2,4.66E-05,2.31E-05,0.331541084,0.668458916,1,3
1,bimodal,Task B ,1,3,0,1.086453331,1,2,180.4051802,1,0.133080828,1,2.78E-06,1.94E-05,0.874610125,0.874610125,0,2
1,bimodal,Task B ,1,1,0,-0.39153038,1,2,43.5988767,2,2.261998755,1,9.29E-14,6.61E-06,0.999999986,0.999999986,1,4
1,bimodal,Task B ,2,1,0,-0.195676102,1,1,77.32243102,3,0.008296291,1,0.000365216,2.63E-05,0.067122172,0.932877828,1,5
1,bimodal,Task B ,2,1,1,0.881128988,1,2,163.6320061,4,-2.479845903,1,8.86E-17,4.28E-06,1,1,1,5
1,bimodal,Task B ,1,3,1,0.095849908,1,1,129.2839607,5,0.121164892,1,0.000381662,2.64E-05,0.064582306,0.935417694,0,2
1,bimodal,Task B ,1,2,1,-0.411585952,2,1,312.3028601,6,0.249376834,2,0.000164252,2.50E-05,0.13208855,0.86791145,1,3
2,bimodal,Task B ,1,3,0,-0.424092044,2,2,277.8911842,1,0.184505083,2,0.000177353,2.51E-05,0.124056952,0.875943048,1,2
2,bimodal,Task B ,2,3,1,1.772638502,2,2,223.2083268,2,2.321668785,2,1.08E-19,2.81E-06,1,1,1,7
2,bimodal,Task B ,2,2,0,0.199037163,3,1,132.9551759,3,-0.485629473,3,0.00013249,2.47E-05,0.156943255,0.843056745,0,6
2,bimodal,Task B ,2,3,1,-1.967051926,2,2,19.78550437,4,-1.603725183,2,9.63E-16,4.96E-06,1,1,0,7
2,bimodal,Task B ,1,3,1,-0.442973475,4,1,279.7781264,5,0.163718357,4,0.000171032,2.51E-05,0.127801919,0.872198081,1,2
2,bimodal,Task B ,1,2,1,-0.210322101,2,1,36.95490652,6,-0.044564534,2,0.000353893,2.62E-05,0.068994932,0.931005068,1,3
3,bimodal,Task B ,2,1,1,-1.45598393,3,2,117.2255108,1,0.249085826,3,5.25E-08,1.51E-05,0.996540117,0.996540117,0,5
3,bimodal,Task B ,2,4,1,2.376175095,1,2,355.883017,2,1.484416689,1,2.24E-18,3.40E-06,1,1,0,8
3,bimodal,Task B ,2,1,1,-1.06608504,2,2,200.2816643,3,-0.871724197,2,1.63E-07,1.62E-05,0.990072662,0.990072662,0,5
3,bimodal,Task B ,1,4,1,0.058231958,2,1,295.5049797,4,0.002992809,2,0.000417234,2.65E-05,0.059715331,0.940284669,1,1
3,bimodal,Task B ,2,3,1,-1.483891266,2,2,158.0317034,5,-0.656617657,2,7.95E-09,1.34E-05,0.999408592,0.999408592,0,7
3,bimodal,Task B ,1,3,1,0.109483054,4,1,118.5352953,6,-0.028492811,4,0.000400408,2.64E-05,0.061919339,0.938080661,1,2
4,bimodal,Task B ,2,4,1,3.096761643,4,2,106.5390541,1,-0.42590281,4,8.70E-22,2.08E-06,1,1,0,8
4,bimodal,Task B ,1,2,0,-1.214121328,4,2,207.5698523,2,3.209888427,4,1.23E-25,1.20E-06,1,1,1,3
4,bimodal,Task B ,2,4,1,-1.321416967,4,2,17.06846774,3,1.717401134,4,1.23E-12,7.76E-06,0.999999841,0.999999841,1,8
4,bimodal,Task B ,1,1,1,-0.062426647,4,1,93.81914504,4,-0.814544254,4,2.57E-05,2.23E-05,0.464338887,0.535661113,0,4
4,bimodal,Task B ,1,3,1,-0.068577621,4,1,7.621327481,5,-0.200283608,4,0.000353259,2.62E-05,0.069102885,0.930897115,0,2
4,bimodal,Task B ,1,1,0,-0.35972962,1,2,23.0152901,6,0.70181465,1,3.13E-05,2.25E-05,0.418691241,0.581308759,0,4
5,bimodal,Task B ,2,4,1,-1.391163458,3,2,29.34078009,1,1.094199985,3,9.25E-10,1.17E-05,0.999921239,0.999921239,0,8
5,bimodal,Task B ,1,3,0,0.844715569,1,2,128.6752244,2,2.806912981,1,7.34E-20,2.75E-06,1,1,1,2
5,bimodal,Task B ,1,4,0,0.400509715,2,2,90.35942581,3,-1.03099381,2,2.44E-06,1.92E-05,0.887514155,0.887514155,1,1
5,bimodal,Task B ,1,4,1,0.21249824,4,1,38.48274829,4,0.221373791,4,0.000282485,2.59E-05,0.083865449,0.916134551,0,1
5,bimodal,Task B ,1,4,1,0.46557215,3,1,100.2421966,5,-0.565512381,3,4.40E-05,2.30E-05,0.343385095,0.656614905,0,1
5,bimodal,Task B ,2,4,1,0.502148974,3,2,347.0621298,6,1.43841852,3,2.30E-08,1.44E-05,0.998397776,0.998397776,1,8
6,bimodal,Task B ,1,2,0,-1.400738465,2,2,271.0136789,1,0.625387444,2,2.50E-08,1.44E-05,0.99826908,0.99826908,0,3
6,bimodal,Task B ,1,2,0,0.857677391,2,2,126.6397265,2,-0.939011895,2,4.69E-07,1.73E-05,0.973633246,0.973633246,1,3
6,bimodal,Task B ,1,2,0,-0.505043184,3,2,109.3580724,3,0.455139085,3,6.25E-05,2.35E-05,0.273395768,0.726604232,1,3
6,bimodal,Task B ,2,2,1,-0.486041025,1,2,195.9253921,4,-0.524846272,1,5.12E-05,2.32E-05,0.312200065,0.687799935,0,6
6,bimodal,Task B ,1,2,0,-1.045022095,1,2,248.9563744,5,0.447230323,1,2.05E-06,1.90E-05,0.902771775,0.902771775,0,3
6,bimodal,Task B ,2,3,1,1.489154056,3,2,49.53928891,6,-0.804452242,3,2.60E-09,1.25E-05,0.999792254,0.999792254,0,7
7,bimodal,Task B ,2,1,1,1.554361819,2,2,212.2255985,1,1.037143116,2,1.83E-10,1.06E-05,0.999982783,0.999982783,0,5
7,bimodal,Task B ,2,4,1,1.62104697,4,2,173.1359546,2,0.638777472,4,1.27E-09,1.20E-05,0.999893854,0.999893854,0,8
7,bimodal,Task B ,1,4,0,0.276057414,4,2,1.739044035,3,-2.233986198,4,2.22E-13,6.98E-06,0.999999968,0.999999968,1,1
7,bimodal,Task B ,1,1,0,0.639991661,3,2,16.0672172,4,-0.048966499,3,7.44E-05,2.38E-05,0.242220472,0.757779528,1,4
7,bimodal,Task B ,2,4,1,-2.696525993,4,2,299.1889819,5,-0.629021755,4,7.06E-18,3.65E-06,1,1,0,8
7,bimodal,Task B ,1,4,0,0.551005376,4,2,35.87727002,6,-0.58474615,4,2.79E-05,2.24E-05,0.445466897,0.554533103,0,1
8,bimodal,Task B ,1,4,1,-0.500797078,3,1,296.786639,1,-0.625940744,3,2.95E-05,2.25E-05,0.431807727,0.568192273,0,1
8,bimodal,Task B ,1,4,1,-0.668956084,3,1,140.5018946,2,0.306691199,3,4.58E-05,2.31E-05,0.335195366,0.664804634,1,1
8,bimodal,Task B ,2,4,1,1.374327414,4,2,41.53549413,3,-3.580918481,4,5.04E-31,5.51E-07,1,1,1,8
8,bimodal,Task B ,1,1,1,-0.503513494,1,1,222.2027047,4,0.075716791,1,0.000147929,2.48E-05,0.143750329,0.856249671,1,4
8,bimodal,Task B ,1,4,0,-0.109946214,2,2,188.0103195,5,0.91895502,2,1.14E-05,2.12E-05,0.650522467,0.650522467,1,1
8,bimodal,Task B ,1,4,0,-0.18325397,3,2,94.30356736,6,-1.558065993,3,1.34E-08,1.39E-05,0.999033463,0.999033463,1,1
9,bimodal,Task B ,2,2,0,0.310013172,1,1,10.25033531,1,0.22585005,1,0.000225636,2.55E-05,0.10153439,0.89846561,1,6
9,bimodal,Task B ,2,3,1,-2.274327808,3,2,358.4570322,2,0.458650752,3,9.10E-14,6.60E-06,0.999999986,0.999999986,0,7
9,bimodal,Task B ,1,4,0,0.226576826,2,2,286.8323924,3,-0.724265504,2,3.74E-05,2.28E-05,0.378910157,0.621089843,0,1
9,bimodal,Task B ,1,2,0,-2.140661331,2,2,300.2780847,4,0.127792219,2,2.39E-12,8.09E-06,0.999999705,0.999999705,0,3
9,bimodal,Task B ,2,2,1,-2.574298208,1,2,67.3517585,5,-0.747558936,1,5.12E-17,4.13E-06,1,1,0,6
9,bimodal,Task B ,1,1,1,-0.190694592,3,1,44.14783094,6,-0.232409854,3,0.000293893,2.59E-05,0.081057477,0.918942523,0,4
10,bimodal,Task B ,1,2,0,1.783510964,3,2,45.54269968,1,0.062875176,3,7.03E-10,1.15E-05,0.999939074,0.999939074,0,3
10,bimodal,Task B ,1,1,1,-0.278225478,1,1,77.64785625,2,0.488908738,1,0.000113054,2.44E-05,0.177639246,0.822360754,0,4
10,bimodal,Task B ,1,1,1,-0.008560642,1,1,333.0698118,3,0.397346931,1,0.000216967,2.54E-05,0.104934358,0.895065642,0,4
10,bimodal,Task B ,1,2,0,-1.101571962,2,2,289.0420335,4,-1.858741,2,1.37E-12,7.82E-06,0.999999824,0.999999824,1,3
10,bimodal,Task B ,1,2,0,1.452929349,1,2,62.72513417,5,-2.323902599,1,7.97E-18,3.68E-06,1,1,1,3
10,bimodal,Task B ,1,2,1,-0.469616548,4,1,201.384019,6,0.537169865,4,5.11E-05,2.32E-05,0.312748982,0.687251018,0,3
1,bimodal,Task B ,1,2,1,-0.714495053,2,1,147.651983,1,-0.225477166,2,4.26E-05,2.30E-05,0.350195936,0.649804064,1,3
1,bimodal,Task B ,1,3,1,-0.240579219,2,1,77.67925888,2,0.022576698,2,0.000336724,2.61E-05,0.072050554,0.927949446,1,2
1,bimodal,Task B ,1,3,1,-0.163162051,3,1,233.4507997,3,-0.220328006,3,0.000312723,2.60E-05,0.076825285,0.923174715,0,2
1,bimodal,Task B ,2,3,1,-3.339786141,1,2,117.3609917,4,-1.337059636,1,2.05E-27,9.26E-07,1,1,0,7
1,bimodal,Task B ,2,2,1,1.044952285,1,2,17.68724985,5,-2.299370801,1,9.03E-16,4.94E-06,1,1,1,6
1,bimodal,Task B ,2,1,0,0.692987963,2,1,79.66385753,6,-0.189848611,2,4.81E-05,2.32E-05,0.324862114,0.675137886,1,5
2,bimodal,Task B ,1,2,1,0.070887592,1,1,205.5291071,1,-0.217289087,1,0.000340173,2.62E-05,0.071414414,0.928585586,0,3
2,bimodal,Task B ,1,2,1,-0.201284851,1,1,83.79290693,2,0.430529369,1,0.000164785,2.50E-05,0.131741219,0.868258781,0,3
2,bimodal,Task B ,2,3,1,-1.364624962,3,2,63.19509363,3,-2.417906016,3,3.90E-18,3.52E-06,1,1,1,7
2,bimodal,Task B ,2,1,1,-0.128828925,3,2,63.42885856,4,0.129650969,3,0.000370689,2.63E-05,0.066254341,0.933745659,0,5
2,bimodal,Task B ,2,3,1,-1.448449559,4,2,13.75220788,5,-0.351564842,4,4.46E-08,1.50E-05,0.997027896,0.997027896,0,7
2,bimodal,Task B ,1,3,1,0.203838803,3,1,86.60894229,6,0.411469888,3,0.000172268,2.51E-05,0.127050971,0.872949029,0,2
3,bimodal,Task B ,2,3,1,-1.022258372,2,2,9.638343433,1,0.501075126,2,2.00E-06,1.90E-05,0.904553154,0.904553154,0,7
3,bimodal,Task B ,2,4,1,-0.652636224,2,2,345.8439484,2,0.564890218,2,1.93E-05,2.19E-05,0.531281363,0.531281363,0,8
3,bimodal,Task B ,1,2,1,-0.795724277,3,1,63.65779465,3,-0.225667669,3,2.57E-05,2.23E-05,0.464082438,0.535917562,1,3
3,bimodal,Task B ,1,1,0,-1.207877935,1,2,159.5603072,4,1.235282941,1,1.65E-09,1.22E-05,0.999864297,0.999864297,1,4
3,bimodal,Task B ,2,2,1,1.529805926,2,2,194.1649194,5,1.151230471,2,8.72E-11,1.01E-05,0.999991393,0.999991393,0,6
3,bimodal,Task B ,1,4,1,0.232146329,4,1,49.72732005,6,-0.034947591,4,0.000333952,2.61E-05,0.072570387,0.927429613,1,1
4,bimodal,Task B ,2,2,1,1.883437367,3,2,76.33075329,1,-1.1617589,3,5.29E-13,7.36E-06,0.999999928,0.999999928,0,6
4,bimodal,Task B ,1,2,0,-0.500152854,2,2,132.3739383,2,0.741034343,2,1.50E-05,2.15E-05,0.589039174,0.589039174,1,3
4,bimodal,Task B ,1,3,0,1.610193049,1,2,266.9775959,3,0.889732104,1,2.91E-10,1.09E-05,0.999973391,0.999973391,0,2
4,bimodal,Task B ,1,3,1,-0.00845888,4,1,226.0932954,4,-0.01531221,4,0.00042405,2.65E-05,0.058868032,0.941131968,0,2
4,bimodal,Task B ,2,4,1,-1.158916971,4,2,190.2605522,5,-1.450643351,4,2.39E-10,1.08E-05,0.999977836,0.999977836,1,8
4,bimodal,Task B ,1,3,1,0.1900088,4,1,8.89936604,6,-0.156395176,4,0.000327054,2.61E-05,0.073898468,0.926101532,1,2
5,bimodal,Task B ,1,4,1,-0.231529517,2,1,294.445874,1,0.330902208,2,0.000215522,2.54E-05,0.105524438,0.894475562,0,1
5,bimodal,Task B ,1,2,0,0.369062723,1,2,132.2743283,2,-1.077020798,1,1.79E-06,1.88E-05,0.913210653,0.913210653,1,3
5,bimodal,Task B ,1,4,1,0.70260947,2,1,311.0773471,3,0.110448763,2,5.01E-05,2.32E-05,0.316472665,0.683527335,1,1
5,bimodal,Task B ,2,4,1,1.291289567,3,2,144.5444978,4,2.286887045,3,9.89E-17,4.31E-06,1,1,1,8
5,bimodal,Task B ,2,4,1,1.239379874,1,2,5.726054445,5,-2.251284373,1,3.56E-16,4.67E-06,1,1,1,8
5,bimodal,Task B ,1,2,0,-0.666427086,1,2,252.149793,6,-1.257746548,1,8.84E-08,1.56E-05,0.994369915,0.994369915,1,3
6,bimodal,Task B ,1,3,1,0.165055447,3,1,52.63982675,1,-0.251596774,3,0.000288646,2.59E-05,0.082324378,0.917675622,0,2
6,bimodal,Task B ,2,2,1,0.786630377,3,2,281.7054525,2,1.489512554,3,2.64E-09,1.25E-05,0.999789795,0.999789795,1,6
6,bimodal,Task B ,1,2,0,0.223717278,3,2,52.83994806,3,0.05887045,3,0.000335905,2.61E-05,0.072203231,0.927796769,1,3
6,bimodal,Task B ,1,2,1,-0.177373475,1,1,7.56552537,4,-0.25642038,1,0.000285335,2.59E-05,0.083145192,0.916854808,0,3
6,bimodal,Task B ,2,1,1,0.627131589,3,2,306.1329523,5,-0.577001063,3,1.99E-05,2.19E-05,0.524477743,0.524477743,0,5
6,bimodal,Task B ,2,2,0,0.181529942,1,1,135.7675079,6,-0.027140341,1,0.000365879,2.63E-05,0.067015765,0.932984235,1,6
7,bimodal,Task B ,1,1,1,0.434519326,4,1,56.4409057,1,0.446837022,4,8.13E-05,2.39E-05,0.227360249,0.772639751,0,4
7,bimodal,Task B ,2,4,1,-1.777273809,4,2,326.2292637,2,-0.815027406,4,5.68E-11,9.86E-06,0.999994241,0.999994241,0,8
7,bimodal,Task B ,1,4,1,-0.20352117,3,1,66.51805001,3,-0.100659549,3,0.000346054,2.62E-05,0.070355981,0.929644019,1,1
7,bimodal,Task B ,1,1,0,0.445915769,2,2,339.9777276,4,-1.245174103,2,2.65E-07,1.67E-05,0.984392813,0.984392813,1,4
7,bimodal,Task B ,1,4,1,-0.418675475,4,1,43.38834446,5,-0.166103434,4,0.000186419,2.52E-05,0.119066885,0.880933115,1,1
7,bimodal,Task B ,1,4,0,1.797891534,1,2,232.4559069,6,-1.779013408,1,9.29E-16,4.95E-06,1,1,0,1
8,bimodal,Task B ,1,3,1,-0.238508869,2,1,204.3013406,1,-0.234693161,2,0.000269292,2.58E-05,0.087375433,0.912624567,0,2
8,bimodal,Task B ,2,4,1,1.598741502,2,2,209.1130269,2,1.72322689,2,3.41E-14,6.21E-06,0.999999994,0.999999994,1,8
8,bimodal,Task B ,1,4,1,0.241710805,2,1,1.890945895,3,0.08973762,2,0.000317822,2.61E-05,0.07575666,0.92424334,1,1
8,bimodal,Task B ,2,4,1,-1.502793911,2,2,105.8163247,4,-0.911754935,2,1.17E-09,1.19E-05,0.999902177,0.999902177,0,8
8,bimodal,Task B ,1,4,0,0.370431744,2,2,309.2880003,5,-0.059983163,2,0.00023245,2.55E-05,0.099018022,0.900981978,1,1
8,bimodal,Task B ,1,4,0,-0.138353995,3,2,165.2920182,6,0.21712112,3,0.000322541,2.61E-05,0.074794958,0.925205042,0,1
9,bimodal,Task B ,1,1,1,0.155927802,3,1,314.9401073,1,-0.159576578,3,0.000342575,2.62E-05,0.070978169,0.929021831,1,4
9,bimodal,Task B ,2,1,1,-0.471056952,2,2,276.9887634,2,0.063464655,2,0.000169671,2.50E-05,0.128638823,0.871361177,1,5
9,bimodal,Task B ,2,4,0,-0.093482092,4,1,15.96032664,3,-0.034203449,4,0.000409183,2.65E-05,0.060749225,0.939250775,1,8
9,bimodal,Task B ,1,2,1,-0.347193229,2,1,328.6918767,4,-0.567843273,2,6.75E-05,2.36E-05,0.25950318,0.74049682,0,3
9,bimodal,Task B ,1,1,1,0.002168159,3,1,46.78882181,5,0.29600954,3,0.000292146,2.59E-05,0.081474697,0.918525303,0,4
9,bimodal,Task B ,1,3,1,0.549379149,1,1,161.6083291,6,-0.092314637,1,0.000114011,2.44E-05,0.176487755,0.823512245,1,2
10,bimodal,Task B ,1,1,1,0.196826591,2,1,300.6699323,1,0.41791889,2,0.000170443,2.51E-05,0.128162622,0.871837378,0,4
10,bimodal,Task B ,1,1,0,-1.435916912,1,2,242.8013153,2,-0.906914068,1,2.73E-09,1.26E-05,0.999782998,0.999782998,0,4
10,bimodal,Task B ,2,1,1,1.941366883,2,2,104.3843957,3,-0.680481245,2,8.82E-12,8.78E-06,0.999998995,0.999998995,0,5
10,bimodal,Task B ,2,2,1,1.51684252,2,2,56.26941005,4,-1.548603232,2,1.14E-12,7.73E-06,0.999999852,0.999999852,1,6
10,bimodal,Task B ,1,1,1,0.317214085,3,1,342.0282965,5,-0.130343825,3,0.000256573,2.57E-05,0.091060923,0.908939077,1,4
10,bimodal,Task B ,1,1,1,-0.164314522,1,1,248.3720414,6,-0.417812172,1,0.000183834,2.52E-05,0.120446842,0.879553158,0,4
1,bimodal,Task B ,1,2,1,-0.463872334,2,1,176.8600819,1,0.338697044,2,0.000108972,2.44E-05,0.182731926,0.817268074,1,3
1,bimodal,Task B ,2,2,1,1.093379688,1,2,185.524693,2,-0.106767234,1,2.69E-06,1.93E-05,0.878033946,0.878033946,0,6
1,bimodal,Task B ,2,4,1,1.439261778,2,2,339.636921,3,2.0371493,2,1.76E-15,5.15E-06,1,1,1,8
1,bimodal,Task B ,1,2,0,-0.01094261,4,2,235.4031441,4,0.884801236,4,1.54E-05,2.16E-05,0.582974798,0.582974798,1,3
1,bimodal,Task B ,2,1,1,-0.153457539,1,2,323.2448271,5,1.441792167,1,5.89E-08,1.52E-05,0.996143566,0.996143566,1,5
1,bimodal,Task B ,1,3,0,-0.119091462,4,2,187.9109625,6,-0.670823532,4,6.07E-05,2.35E-05,0.279146546,0.720853454,0,2
2,bimodal,Task B ,1,3,1,0.289980665,4,1,271.2526984,1,0.033356918,4,0.0002937,2.59E-05,0.081103357,0.918896643,1,2
2,bimodal,Task B ,1,2,0,-0.487236404,1,2,150.0574244,2,0.857530184,1,7.20E-06,2.06E-05,0.740607685,0.740607685,1,3
2,bimodal,Task B ,2,4,1,1.517403339,3,2,343.5235953,3,-1.002182483,3,4.05E-10,1.12E-05,0.999963658,0.999963658,0,8
2,bimodal,Task B ,1,2,1,0.007479143,1,1,95.81084987,4,-0.332238565,1,0.000267129,2.58E-05,0.087980212,0.912019788,0,3
2,bimodal,Task B ,1,2,1,-0.327645022,1,1,259.3842355,5,0.188923469,1,0.000236891,2.56E-05,0.0974465,0.9025535,1,3
2,bimodal,Task B ,2,1,0,0.40250446,3,1,68.09331241,6,0.085941266,3,0.000205736,2.54E-05,0.109707434,0.890292566,1,5
3,bimodal,Task B ,1,4,1,-0.108217231,2,1,19.98952165,1,-0.624206547,2,7.90E-05,2.39E-05,0.232140767,0.767859233,0,1
3,bimodal,Task B ,2,3,1,2.195026232,1,2,108.3662105,2,0.504141033,1,2.66E-13,7.06E-06,0.999999962,0.999999962,0,7
3,bimodal,Task B ,1,4,1,0.021090534,4,1,207.1030596,3,-0.15511746,4,0.00038294,2.64E-05,0.064393233,0.935606767,0,1
3,bimodal,Task B ,1,3,0,0.188900918,2,2,17.55925774,4,0.547723201,2,0.000101586,2.43E-05,0.192764103,0.807235897,0,2
3,bimodal,Task B ,2,2,1,0.314920205,4,2,297.5707797,5,-1.243246017,4,4.12E-07,1.72E-05,0.976603999,0.976603999,1,6
3,bimodal,Task B ,1,3,1,-0.066373892,2,1,65.64862938,6,-0.115938681,2,0.000395432,2.64E-05,0.062603767,0.937396233,0,2
4,bimodal,Task B ,1,4,1,-0.054156389,4,1,350.4043543,1,0.273785579,4,0.000305355,2.60E-05,0.078425571,0.921574429,0,1
4,bimodal,Task B ,1,2,1,0.457409437,1,1,221.2589121,2,-0.124016739,1,0.000163456,2.50E-05,0.132611837,0.867388163,1,3
4,bimodal,Task B ,1,3,1,0.093257681,2,1,172.9982168,3,-0.121759294,2,0.000383293,2.64E-05,0.064341191,0.935658809,0,2
4,bimodal,Task B ,1,2,1,-0.118435121,1,1,19.12669329,4,-0.545341984,1,0.000115427,2.45E-05,0.174812443,0.825187557,0,3
4,bimodal,Task B ,1,2,0,0.816821395,1,2,136.9723015,5,-1.143421444,1,1.04E-07,1.58E-05,0.993459811,0.993459811,1,3
4,bimodal,Task B ,1,3,1,0.3825305,4,1,188.2894167,6,-0.0538116,4,0.000224341,2.55E-05,0.102027549,0.897972451,1,2
5,bimodal,Task B ,2,2,1,2.120952263,3,2,359.0144183,1,-0.042934127,3,2.94E-12,8.20E-06,0.999999641,0.999999641,0,6
5,bimodal,Task B ,1,4,1,0.102183723,4,1,143.8966624,2,-0.332399382,4,0.000254592,2.57E-05,0.091664217,0.908335783,0,1
5,bimodal,Task B ,2,2,0,0.206905246,4,1,121.4067922,3,-0.538153345,4,0.000104216,2.43E-05,0.189062827,0.810937173,0,6
5,bimodal,Task B ,2,4,1,-1.164278556,3,2,231.3598503,4,-0.089690552,3,1.56E-06,1.87E-05,0.922969096,0.922969096,0,8
5,bimodal,Task B ,1,3,0,-0.694398724,3,2,51.67480708,5,0.535834592,3,1.75E-05,2.17E-05,0.553678515,0.553678515,0,2
5,bimodal,Task B ,2,4,1,-0.378178583,4,2,223.0877086,6,-1.589462703,4,5.67E-09,1.32E-05,0.999568974,0.999568974,1,8
6,bimodal,Task B ,1,3,1,0.441799068,3,1,93.05252244,1,-0.244289854,3,0.000144016,2.48E-05,0.14687142,0.85312858,1,2
6,bimodal,Task B ,1,2,0,-0.746285768,4,2,315.5692384,2,1.714862416,4,1.73E-10,1.06E-05,0.999983601,0.999983601,1,3
6,bimodal,Task B ,2,2,0,-0.237976626,2,1,177.2683375,3,0.492668028,2,0.000121099,2.45E-05,0.168419926,0.831580074,0,6
6,bimodal,Task B ,2,2,0,-0.555666335,2,1,110.7422026,4,0.320788924,2,7.80E-05,2.39E-05,0.234217501,0.765782499,1,6
6,bimodal,Task B ,2,2,0,0.317313326,3,1,39.48927366,5,0.230553762,3,0.000219301,2.55E-05,0.103995912,0.896004088,1,6
6,bimodal,Task B ,1,2,0,0.889789247,2,2,68.15927891,6,-1.280262099,2,1.52E-08,1.40E-05,0.998912003,0.998912003,1,3
7,bimodal,Task B ,1,4,0,-0.260839661,3,2,242.6936508,1,0.109231322,3,0.000307618,2.60E-05,0.077926727,0.922073273,1,1
7,bimodal,Task B ,2,4,1,-0.809278537,3,2,12.47899106,2,0.428975045,3,1.33E-05,2.14E-05,0.616268372,0.616268372,0,8
7,bimodal,Task B ,1,1,0,1.005114098,2,2,176.7161573,3,-1.524480639,2,3.40E-10,1.10E-05,0.99996915,0.99996915,1,4
7,bimodal,Task B ,2,4,1,1.823096258,4,2,219.5074183,4,-0.049450984,4,3.91E-10,1.11E-05,0.999964861,0.999964861,0,8
7,bimodal,Task B ,1,4,0,2.364964855,1,2,218.8929933,5,-0.432289067,1,1.42E-14,5.87E-06,0.999999998,0.999999998,0,1
7,bimodal,Task B ,1,4,1,0.101194958,4,1,47.71955784,6,-0.108313114,4,0.000385647,2.64E-05,0.063996485,0.936003515,0,1
8,bimodal,Task B ,1,4,0,-0.580743434,1,2,345.3764826,1,2.040095751,1,2.46E-12,8.11E-06,0.999999696,0.999999696,1,1
8,bimodal,Task B ,1,4,0,0.22296145,1,2,202.163499,2,0.1623701,1,0.000305042,2.60E-05,0.078495119,0.921504881,1,1
8,bimodal,Task B ,1,4,1,-0.384246623,2,1,27.20210949,3,-0.148029371,2,0.000213772,2.54E-05,0.10624796,0.89375204,1,1
8,bimodal,Task B ,1,4,1,-0.040045563,2,1,29.72056197,4,-0.035170682,2,0.000420304,2.65E-05,0.059330485,0.940669515,1,1
8,bimodal,Task B ,1,4,1,-0.808120305,1,1,82.91159481,5,-0.509732236,1,9.84E-06,2.10E-05,0.680629484,0.680629484,0,1
8,bimodal,Task B ,2,4,1,1.306084924,3,2,285.1927342,6,1.277527066,3,3.36E-10,1.10E-05,0.999969522,0.999969522,0,8
9,bimodal,Task B ,2,3,1,-1.933142351,2,2,44.38121937,1,2.099088398,2,6.93E-19,3.16E-06,1,1,1,7
9,bimodal,Task B ,2,1,1,0.912752599,2,2,282.9761903,2,1.411905263,2,2.79E-09,1.26E-05,0.999778584,0.999778584,1,5
9,bimodal,Task B ,2,1,1,-0.684975428,4,2,228.7653947,3,-1.289085787,4,5.70E-08,1.52E-05,0.996265039,0.996265039,1,5
9,bimodal,Task B ,2,3,1,1.648632673,4,2,7.442371471,4,-2.177749391,4,1.02E-17,3.74E-06,1,1,1,7
9,bimodal,Task B ,2,3,1,-1.754901771,4,2,94.72434773,5,-1.359583807,4,5.35E-13,7.37E-06,0.999999927,0.999999927,0,7
9,bimodal,Task B ,2,3,1,-1.769570388,4,2,197.7823801,6,0.258324585,4,7.83E-10,1.16E-05,0.999932628,0.999932628,0,7
10,bimodal,Task B ,1,1,1,0.228257949,3,1,36.63880958,1,0.230528098,3,0.000269473,2.58E-05,0.087325212,0.912674788,1,4
10,bimodal,Task B ,1,2,1,-0.444174693,1,1,34.10352992,2,0.103784471,1,0.000182332,2.52E-05,0.121263801,0.878736199,1,3
10,bimodal,Task B ,1,1,0,-0.823974119,1,2,339.1416365,3,-1.742928861,1,7.24E-11,1.00E-05,0.999992772,0.999992772,1,4
10,bimodal,Task B ,1,1,1,0.278001997,4,1,116.3453166,4,-0.086963044,4,0.000294564,2.59E-05,0.080898332,0.919101668,1,4
10,bimodal,Task B ,2,1,1,-0.21947678,4,2,143.9779966,5,2.061119033,4,5.59E-12,8.53E-06,0.999999345,0.999999345,1,5
10,bimodal,Task B ,1,2,1,-0.013722492,2,1,35.14527919,6,-0.69572009,2,5.54E-05,2.34E-05,0.296483048,0.703516952,0,3
1,bimodal,Task B ,2,4,1,-1.502022436,3,2,290.3086193,1,-1.931462036,3,5.76E-15,5.55E-06,0.999999999,0.999999999,1,8
1,bimodal,Task B ,1,2,0,1.861486123,1,2,158.4298505,2,1.552660607,1,8.19E-15,5.68E-06,0.999999999,0.999999999,0,3
1,bimodal,Task B ,1,3,1,0.590354943,4,1,296.899848,3,0.248950369,4,7.45E-05,2.38E-05,0.242029661,0.757970339,1,2
1,bimodal,Task B ,2,3,1,-1.295359453,4,2,245.6686417,4,-0.378535827,4,2.33E-07,1.66E-05,0.98614041,0.98614041,0,7
1,bimodal,Task B ,2,2,1,-1.131459215,4,2,75.45739865,5,-0.145990817,4,2.01E-06,1.90E-05,0.904086136,0.904086136,0,6
1,bimodal,Task B ,1,2,0,0.872613136,2,2,56.17828217,6,-0.084081386,2,1.68E-05,2.17E-05,0.564060753,0.564060753,0,3
2,bimodal,Task B ,2,1,1,1.019122596,2,2,100.9733302,1,-1.717357301,2,2.16E-11,9.29E-06,0.99999767,0.99999767,1,5
2,bimodal,Task B ,2,3,0,0.48376327,2,1,102.8253113,2,0.0194626,2,0.000156651,2.49E-05,0.13726475,0.86273525,1,7
2,bimodal,Task B ,2,4,1,-2.902830006,4,2,357.7373959,3,1.626199053,4,4.33E-24,1.49E-06,1,1,0,8
2,bimodal,Task B ,1,1,1,-0.040597043,2,1,268.4931647,4,-0.547699993,2,0.000119759,2.45E-05,0.169885001,0.830114999,0,4
2,bimodal,Task B ,1,3,0,-0.572140482,1,2,65.04639542,5,-0.017110553,1,0.000111885,2.44E-05,0.179066593,0.820933407,1,2
2,bimodal,Task B ,1,3,1,-0.270578528,1,1,171.1887294,6,-0.476311444,1,0.00012237,2.45E-05,0.167053449,0.832946551,0,2
3,bimodal,Task B ,1,3,0,0.990241718,3,2,150.7074591,1,0.411610463,3,3.36E-06,1.96E-05,0.853660252,0.853660252,0,2
3,bimodal,Task B ,1,3,0,0.827235456,3,2,341.5372598,2,0.857635792,3,1.06E-06,1.82E-05,0.945222338,0.945222338,1,2
3,bimodal,Task B ,1,3,1,0.120404469,1,1,210.944829,3,0.01132126,1,0.000397017,2.64E-05,0.062383992,0.937616008,1,2
3,bimodal,Task B ,1,2,1,0.158691232,3,1,298.4186716,4,0.417015853,3,0.000181218,2.52E-05,0.121877257,0.878122743,0,3
3,bimodal,Task B ,2,4,1,-0.961213918,2,2,251.0479131,5,-2.263403118,2,3.99E-15,5.43E-06,0.999999999,0.999999999,1,8
3,bimodal,Task B ,2,1,1,-0.627988003,1,2,281.1734481,6,0.838823223,1,4.32E-06,1.99E-05,0.821731644,0.821731644,1,5
4,bimodal,Task B ,1,3,1,0.580473071,3,1,88.0931618,1,-0.198504007,3,8.65E-05,2.40E-05,0.217366032,0.782633968,1,2
4,bimodal,Task B ,1,2,1,0.223646759,1,1,196.1942817,2,0.377902822,1,0.000185895,2.52E-05,0.119344007,0.880655993,0,3
4,bimodal,Task B ,2,3,1,1.164445975,3,2,326.0705969,3,-0.917368239,3,4.17E-08,1.49E-05,0.997209061,0.997209061,0,7
4,bimodal,Task B ,2,3,1,-1.278491583,4,2,294.0749412,4,0.497393361,4,1.78E-07,1.63E-05,0.989204404,0.989204404,0,7
4,bimodal,Task B ,1,2,1,0.610081126,3,1,141.6635795,5,-0.28114575,3,6.32E-05,2.35E-05,0.271596117,0.728403883,1,3
4,bimodal,Task B ,1,2,1,-0.298507476,3,1,99.50926869,6,-0.468780464,3,0.000118195,2.45E-05,0.171630346,0.828369654,0,3
5,bimodal,Task B ,2,4,1,-2.482756376,4,2,301.6940427,1,-0.585807196,4,8.65E-16,4.93E-06,1,1,0,8
5,bimodal,Task B ,2,1,0,-0.084392155,4,1,313.4709846,2,-0.711853633,4,4.91E-05,2.32E-05,0.320700095,0.679299905,0,5
5,bimodal,Task B ,2,4,1,2.058534795,1,2,113.9567175,3,-0.591378267,1,2.02E-12,8.01E-06,0.999999748,0.999999748,0,8
5,bimodal,Task B ,2,4,1,-1.950816149,1,2,352.1858072,4,-0.915642602,1,1.87E-12,7.97E-06,0.999999765,0.999999765,0,8
5,bimodal,Task B ,1,3,1,0.213676677,1,1,288.4347454,5,-0.42053386,1,0.000165505,2.50E-05,0.131274517,0.868725483,0,2
5,bimodal,Task B ,2,1,1,1.274495006,4,2,123.5399872,6,-0.326233316,4,3.01E-07,1.69E-05,0.982453937,0.982453937,0,5
6,bimodal,Task B ,2,2,0,-0.508249021,2,1,96.42244109,1,0.223882881,2,0.000120063,2.45E-05,0.169550432,0.830449568,1,6
6,bimodal,Task B ,1,2,0,-0.581704761,3,2,81.36891973,2,-0.122806251,3,0.000100571,2.42E-05,0.194233472,0.805766528,1,3
6,bimodal,Task B ,1,2,0,0.193968548,3,2,266.7260493,3,0.944221188,3,8.26E-06,2.07E-05,0.715213295,0.715213295,1,3
6,bimodal,Task B ,2,2,1,-1.039557089,4,2,312.7678388,4,0.550717773,4,1.39E-06,1.85E-05,0.93048077,0.93048077,0,6
6,bimodal,Task B ,2,2,0,0.521318428,4,1,91.01509707,5,0.204363852,4,0.000112027,2.44E-05,0.178892817,0.821107183,1,6
6,bimodal,Task B ,1,1,0,-1.568984245,1,2,357.4910341,6,-0.067348891,1,1.63E-08,1.41E-05,0.998839508,0.998839508,0,4
7,bimodal,Task B ,1,4,1,-0.197410477,4,1,217.7192939,1,0.473121339,4,0.000140882,2.48E-05,0.149474552,0.850525448,0,1
7,bimodal,Task B ,1,4,0,-0.333889426,1,2,125.3980254,2,-0.200504664,1,0.000229536,2.55E-05,0.100078296,0.899921704,1,1
7,bimodal,Task B ,1,1,0,1.884359065,2,2,305.1809848,3,0.703955629,2,1.88E-11,9.21E-06,0.99999796,0.99999796,0,4
7,bimodal,Task B ,1,1,1,0.113579193,3,1,200.201608,4,-0.070371943,3,0.000392087,2.64E-05,0.0630727,0.9369273,1,4
7,bimodal,Task B ,1,1,1,0.217948316,1,1,178.5072082,5,-0.016528577,1,0.000344469,2.62E-05,0.070638139,0.929361861,1,4
7,bimodal,Task B ,1,1,1,0.173018308,2,1,183.6710551,6,-0.197666735,2,0.000315866,2.60E-05,0.076162832,0.923837168,0,4
8,bimodal,Task B ,1,4,1,0.408404448,2,1,69.48845315,1,0.310174873,2,0.00013824,2.47E-05,0.151744587,0.848255413,1,1
8,bimodal,Task B ,1,4,1,-0.320964554,2,1,19.37100836,2,0.44445494,2,0.000121414,2.45E-05,0.168078543,0.831921457,0,1
8,bimodal,Task B ,1,4,1,0.018963072,2,1,258.8322069,3,-0.749398132,2,3.99E-05,2.29E-05,0.364576267,0.635423733,0,1
8,bimodal,Task B ,2,4,1,-1.843542682,2,2,229.3793701,4,2.409702284,2,7.58E-21,2.38E-06,1,1,1,8
8,bimodal,Task B ,2,4,1,2.641578942,2,2,230.7056137,5,-0.205406698,2,8.19E-17,4.26E-06,1,1,0,8
8,bimodal,Task B ,2,4,1,2.841773502,2,2,295.3931307,6,-0.499665327,2,3.56E-19,3.03E-06,1,1,0,8
9,bimodal,Task B ,1,1,1,-0.174653704,1,1,217.7957231,1,0.068777303,1,0.000369246,2.63E-05,0.066480827,0.933519173,1,4
9,bimodal,Task B ,2,3,1,-1.989133052,4,2,37.05170483,2,-0.233980564,4,2.72E-11,9.42E-06,0.999997113,0.999997113,0,7
9,bimodal,Task B ,1,2,1,0.351219261,2,1,272.7460869,3,-0.021494468,2,0.000249626,2.57E-05,0.093213192,0.906786808,1,3
9,bimodal,Task B ,2,1,0,-0.081126231,3,1,228.6598991,4,-0.188791109,3,0.00035736,2.62E-05,0.068410018,0.931589982,0,5
9,bimodal,Task B ,1,3,0,1.427910484,2,2,113.4221952,5,-0.365691359,2,4.76E-08,1.50E-05,0.996838652,0.996838652,0,2
9,bimodal,Task B ,1,1,1,-0.055200698,2,1,151.4816269,6,0.02593268,2,0.000418805,2.65E-05,0.059517759,0.940482241,1,4
10,bimodal,Task B ,1,2,1,-0.003879528,2,1,157.5575486,1,0.385313511,2,0.000225801,2.55E-05,0.101471706,0.898528294,0,3
10,bimodal,Task B ,1,1,1,-0.423034782,1,1,116.425409,2,-0.033187095,1,0.000205059,2.53E-05,0.110009576,0.889990424,1,4
10,bimodal,Task B ,1,1,1,-0.356724944,1,1,20.64279143,3,0.624258012,1,4.88E-05,2.32E-05,0.322082791,0.677917209,0,4
10,bimodal,Task B ,1,2,1,-0.364472945,4,1,69.98998961,4,0.183629273,4,0.00021527,2.54E-05,0.105627622,0.894372378,1,3
10,bimodal,Task B ,1,1,0,0.096748352,4,2,358.6844769,5,-1.457709014,4,5.25E-08,1.51E-05,0.996537555,0.996537555,1,4
10,bimodal,Task B ,2,2,1,-0.766961891,3,2,78.09223683,6,-0.617819426,3,7.69E-06,2.06E-05,0.728558275,0.728558275,0,6
1,bimodal,Task B ,1,2,1,-0.323329712,4,1,25.72192371,1,-0.187602003,4,0.000241138,2.56E-05,0.095991183,0.904008817,1,3
1,bimodal,Task B ,2,4,1,-2.75492672,4,2,141.0499051,2,-1.492513758,4,8.35E-22,2.08E-06,1,1,0,8
1,bimodal,Task B ,2,2,1,0.67752735,1,2,215.9879638,3,2.352064174,1,4.29E-15,5.45E-06,0.999999999,0.999999999,1,6
1,bimodal,Task B ,1,3,0,-0.285528232,4,2,300.0374989,4,0.966731169,4,5.87E-06,2.03E-05,0.775712833,0.775712833,1,2
1,bimodal,Task B ,1,3,1,0.41508482,4,1,145.1865575,5,0.130389557,4,0.000189086,2.52E-05,0.117677016,0.882322984,1,2
1,bimodal,Task B ,1,3,1,-0.465420656,4,1,293.9617137,6,0.026630658,4,0.000175903,2.51E-05,0.124895814,0.875104186,1,2
2,bimodal,Task B ,1,2,1,-0.121216407,2,1,66.08639607,1,0.197079307,2,0.00034007,2.62E-05,0.071433136,0.928566864,0,3
2,bimodal,Task B ,1,2,1,0.325364434,3,1,126.1688486,2,0.379089134,3,0.000146154,2.48E-05,0.145148209,0.854851791,0,3
2,bimodal,Task B ,2,3,1,-0.003425704,4,2,246.6479259,3,2.320442727,4,5.56E-14,6.40E-06,0.999999991,0.999999991,1,7
2,bimodal,Task B ,1,2,0,-0.40235782,3,2,256.7910886,4,-1.147126034,3,8.65E-07,1.80E-05,0.954149778,0.954149778,1,3
2,bimodal,Task B ,2,3,1,-0.415447561,3,2,202.4125907,5,2.212165208,3,2.20E-13,6.97E-06,0.999999968,0.999999968,1,7
2,bimodal,Task B ,2,2,1,0.512048765,4,2,309.6565917,6,-2.087057672,4,1.48E-12,7.85E-06,0.999999812,0.999999812,1,6
3,bimodal,Task B ,2,4,1,-2.002104126,1,2,161.930532,1,0.081344363,1,2.68E-11,9.41E-06,0.999997153,0.999997153,0,8
3,bimodal,Task B ,1,3,0,0.196340217,1,2,351.8631649,2,-2.026697293,1,1.08E-11,8.89E-06,0.999998785,0.999998785,1,2
3,bimodal,Task B ,1,4,1,-0.036232884,4,1,357.4381984,3,-0.086018038,4,0.000410166,2.65E-05,0.060621017,0.939378983,0,1
3,bimodal,Task B ,1,2,1,-0.320486422,3,1,247.1222751,4,-0.54885011,3,7.93E-05,2.39E-05,0.231383779,0.768616221,0,3
3,bimodal,Task B ,1,3,0,-0.097644774,3,2,59.38408672,5,0.998782195,3,6.01E-06,2.03E-05,0.77182063,0.77182063,1,2
3,bimodal,Task B ,2,1,0,0.171881065,4,1,325.5828517,6,-0.469519229,4,0.000147584,2.48E-05,0.144019678,0.855980322,0,5
4,bimodal,Task B ,1,3,1,-0.148160087,3,1,247.7332012,1,-0.035013136,3,0.000388258,2.64E-05,0.063618596,0.936381404,1,2
4,bimodal,Task B ,1,2,1,-0.01508242,3,1,317.2601268,2,-0.121624983,3,0.000399116,2.64E-05,0.062095548,0.937904452,0,3
4,bimodal,Task B ,1,3,1,-0.205227683,4,1,353.2536541,3,-0.172423611,4,0.000317938,2.61E-05,0.075732797,0.924267203,1,2
4,bimodal,Task B ,2,4,1,5.349326213,4,2,66.7061634,4,-1.466074566,4,9.59E-60,8.83E-09,1,1,0,8
4,bimodal,Task B ,1,3,1,0.196297469,3,1,11.75936535,5,0.178547246,3,0.000312521,2.60E-05,0.07686808,0.92313192,1,2
4,bimodal,Task B ,1,1,0,-0.321134666,1,2,132.5554996,6,3.849872311,1,1.81E-31,5.16E-07,1,1,1,4
5,bimodal,Task B ,1,2,1,0.010880496,3,1,4.433836494,1,-0.162371071,3,0.000379965,2.63E-05,0.064835185,0.935164815,0,3
5,bimodal,Task B ,2,4,1,1.878475346,1,2,289.6405256,2,0.066380761,1,1.65E-10,1.05E-05,0.999984359,0.999984359,0,8
5,bimodal,Task B ,2,1,1,0.692788465,2,2,193.0862147,3,-2.620411451,2,1.49E-17,3.83E-06,1,1,1,5
5,bimodal,Task B ,2,4,1,3.515417895,1,2,359.0050806,4,-2.400456049,1,5.22E-37,2.33E-07,1,1,0,8
5,bimodal,Task B ,1,2,1,0.225726692,3,1,133.399069,5,-0.065953896,3,0.000333835,2.61E-05,0.072592475,0.927407525,1,3
5,bimodal,Task B ,2,1,0,0.049831409,4,1,195.9560408,6,0.068304726,4,0.000410521,2.65E-05,0.060574809,0.939425191,0,5
6,bimodal,Task B ,2,3,1,0.379082472,1,2,273.3865909,1,1.797201017,1,2.70E-10,1.09E-05,0.99997521,0.99997521,1,7
6,bimodal,Task B ,1,2,0,-0.065072732,2,2,226.2830293,2,-2.762494449,2,4.41E-18,3.55E-06,1,1,1,3
6,bimodal,Task B ,1,1,1,0.42980451,3,1,24.22388102,3,0.071826985,3,0.000188766,2.52E-05,0.117842043,0.882157957,1,4
6,bimodal,Task B ,2,2,0,0.171480159,4,1,111.6383386,4,0.05946347,4,0.000366767,2.63E-05,0.066873847,0.933126153,1,6
6,bimodal,Task B ,1,2,0,-0.063038039,3,2,124.7345725,5,-1.463605153,3,5.03E-08,1.51E-05,0.996672931,0.996672931,1,3
6,bimodal,Task B ,2,2,1,-1.237496738,2,2,257.1798776,6,-0.710656484,2,9.32E-08,1.57E-05,0.994088891,0.994088891,0,6
7,bimodal,Task B ,2,2,0,0.159956747,4,1,322.0577062,1,-0.313030819,4,0.000251284,2.57E-05,0.092689952,0.907310048,0,6
7,bimodal,Task B ,2,4,0,-0.957076126,3,1,8.386278504,2,0.206618307,3,8.25E-06,2.07E-05,0.715403961,0.715403961,0,8
7,bimodal,Task B ,1,1,0,-0.560309805,2,2,50.04439923,3,-0.441825368,2,5.22E-05,2.33E-05,0.308448282,0.691551718,1,4
7,bimodal,Task B ,1,1,1,-0.104899567,3,1,41.37200334,4,0.165845826,3,0.000362091,2.63E-05,0.067628423,0.932371577,0,4
7,bimodal,Task B ,1,1,0,0.823275079,1,2,24.37630503,5,-1.174595857,1,7.33E-08,1.54E-05,0.995276027,0.995276027,1,4
7,bimodal,Task B ,1,1,1,0.531163609,1,1,25.9561006,6,0.706484309,1,1.55E-05,2.16E-05,0.582280584,0.582280584,1,4
8,bimodal,Task B ,1,1,1,-0.302947971,4,1,230.9519713,1,0.01388253,4,0.000293801,2.59E-05,0.081079337,0.918920663,1,4
8,bimodal,Task B ,2,4,1,1.697286295,1,2,275.1499834,2,-1.864190797,1,1.09E-15,5.00E-06,1,1,1,8
8,bimodal,Task B ,2,4,1,-0.573257164,3,2,342.5985608,3,0.215743826,3,9.13E-05,2.41E-05,0.208783954,0.791216046,1,8
8,bimodal,Task B ,2,4,1,-1.220706727,4,2,132.4260874,4,-1.532081415,4,4.68E-11,9.75E-06,0.999995201,0.999995201,1,8
8,bimodal,Task B ,2,4,1,2.023805322,1,2,335.5369806,5,0.235435509,1,1.25E-11,8.97E-06,0.999998606,0.999998606,0,8
8,bimodal,Task B ,1,4,1,-0.226443888,4,1,227.2749845,6,-0.294726824,4,0.000241054,2.56E-05,0.096019304,0.903980696,0,1
9,bimodal,Task B ,2,1,0,-0.132512807,3,1,223.4595306,1,0.533838924,3,0.000118507,2.45E-05,0.171279036,0.828720964,0,5
9,bimodal,Task B ,1,4,0,-0.136015208,4,2,155.8536933,2,-0.615893063,4,8.03E-05,2.39E-05,0.229385436,0.770614564,0,1
9,bimodal,Task B ,2,4,0,-0.670756259,4,1,314.5642748,3,-0.108100376,4,6.45E-05,2.36E-05,0.267800478,0.732199522,1,8
9,bimodal,Task B ,1,3,1,0.235943933,4,1,48.41751182,4,0.370619117,4,0.000185717,2.52E-05,0.119438179,0.880561821,0,2
9,bimodal,Task B ,1,3,1,-0.220999005,4,1,201.8767331,5,0.208379371,4,0.0002908,2.59E-05,0.081799266,0.918200734,1,2
9,bimodal,Task B ,1,1,1,-0.536268667,1,1,127.6569189,6,0.018917619,1,0.000131656,2.47E-05,0.157728157,0.842271843,1,4
10,bimodal,Task B ,1,1,0,-0.548407913,3,2,341.6464577,1,1.791196275,3,1.61E-10,1.05E-05,0.999984732,0.999984732,1,4
10,bimodal,Task B ,2,2,0,-1.010857617,3,1,83.86780795,2,-0.24613859,3,4.97E-06,2.01E-05,0.801779039,0.801779039,0,6
10,bimodal,Task B ,1,2,0,-0.133179828,4,2,107.4978694,3,0.041499348,4,0.000393668,2.64E-05,0.062850131,0.937149869,1,3
10,bimodal,Task B ,2,1,0,-0.255771947,3,1,93.86333293,4,-0.31491072,3,0.000216151,2.54E-05,0.105266825,0.894733175,0,5
10,bimodal,Task B ,1,1,1,0.359711208,2,1,64.49820209,5,-0.210646436,2,0.000202604,2.53E-05,0.111120285,0.888879715,1,4
10,bimodal,Task B ,1,1,0,-1.480782941,1,2,41.42612131,6,0.739714993,1,4.98E-09,1.30E-05,0.999618304,0.999618304,0,4
1,bimodal,Task B ,2,4,1,2.061644125,1,2,129.1178774,1,-2.014047643,1,3.12E-19,3.00E-06,1,1,0,8
1,bimodal,Task B ,1,3,1,-0.005768862,4,1,126.5240969,2,0.251926233,4,0.00032375,2.61E-05,0.074552539,0.925447461,0,2
1,bimodal,Task B ,1,2,1,-0.541679007,4,1,308.4550311,3,-0.742183576,4,1.27E-05,2.13E-05,0.626623835,0.626623835,1,3
1,bimodal,Task B ,2,1,1,-0.531134217,1,2,42.6074016,4,-3.973703904,1,1.59E-33,3.84E-07,1,1,1,5
1,bimodal,Task B ,1,2,1,0.325030294,1,1,85.4610282,5,0.166944043,1,0.000239114,2.56E-05,0.096678823,0.903321177,1,3
1,bimodal,Task B ,2,2,1,-0.718164089,2,2,217.1132765,6,2.482826288,2,2.51E-16,4.56E-06,1,1,1,6
2,bimodal,Task B ,1,3,1,-0.006025386,4,1,16.7375048,1,0.502752424,4,0.000145199,2.48E-05,0.145913127,0.854086873,0,2
2,bimodal,Task B ,2,3,1,1.348387286,4,2,51.21309774,2,-1.37081962,4,7.64E-11,1.00E-05,0.999992401,0.999992401,1,7
2,bimodal,Task B ,2,4,1,-1.645672416,3,2,357.9226248,3,1.953343684,3,5.93E-16,4.82E-06,1,1,1,8
2,bimodal,Task B ,1,1,0,-1.107085255,1,2,356.1350884,4,2.364497383,1,1.51E-16,4.42E-06,1,1,1,4
2,bimodal,Task B ,1,3,1,-0.254650109,3,1,204.6237375,5,-0.297453248,3,0.00022661,2.55E-05,0.10116651,0.89883349,0,2
2,bimodal,Task B ,1,2,1,0.384900372,4,1,150.8455213,6,-0.32254173,4,0.000145704,2.48E-05,0.145507685,0.854492315,1,3
3,bimodal,Task B ,1,3,0,0.041693173,2,2,336.9261348,1,0.62193655,2,8.16E-05,2.39E-05,0.226787267,0.773212733,0,2
3,bimodal,Task B ,1,4,1,-0.156023466,2,1,100.7356478,2,-0.030987254,2,0.000384979,2.64E-05,0.064093928,0.935906072,1,1
3,bimodal,Task B ,1,3,1,-0.246593033,3,1,34.50971488,3,0.305612229,3,0.000224103,2.55E-05,0.102118911,0.897881089,0,2
3,bimodal,Task B ,1,4,1,-0.081624975,1,1,102.2641765,4,0.274044096,1,0.000300874,2.60E-05,0.079433077,0.920566923,0,1
3,bimodal,Task B ,2,2,0,0.242833946,1,1,167.4033957,5,0.622782819,1,6.34E-05,2.36E-05,0.270788939,0.729211061,0,6
3,bimodal,Task B ,1,3,1,-0.124633445,2,1,36.07289993,6,0.039140788,2,0.000397455,2.64E-05,0.062323634,0.937676366,1,2
4,bimodal,Task B ,1,2,0,1.033141697,2,2,275.1382729,1,1.735540582,2,1.42E-11,9.04E-06,0.999998434,0.999998434,1,3
4,bimodal,Task B ,2,3,1,-1.140812794,3,2,242.1017615,2,0.565108501,3,5.20E-07,1.74E-05,0.971047222,0.971047222,0,7
4,bimodal,Task B ,1,2,0,-1.195849061,1,2,256.4294924,3,1.063547248,1,9.88E-09,1.36E-05,0.999275071,0.999275071,0,3
4,bimodal,Task B ,1,3,1,0.143617423,3,1,287.4976425,4,0.534745951,3,0.00011501,2.44E-05,0.175301631,0.824698369,0,2
4,bimodal,Task B ,2,4,1,2.217817597,3,2,85.8916793,5,1.425300312,3,9.57E-17,4.30E-06,1,1,0,8
4,bimodal,Task B ,2,1,1,2.858518752,2,2,281.7406069,6,3.57176756,2,2.68E-42,1.09E-07,1,1,1,5
5,bimodal,Task B ,1,3,0,0.336795006,1,2,301.6214602,1,-2.372637638,1,1.28E-14,5.84E-06,0.999999998,0.999999998,1,2
5,bimodal,Task B ,1,2,1,-0.292114303,4,1,265.8916807,2,-0.080079813,4,0.000294109,2.59E-05,0.081006204,0.918993796,1,3
5,bimodal,Task B ,2,4,1,-2.719783479,1,2,158.8214978,3,0.683958216,1,3.04E-18,3.46E-06,1,1,0,8
5,bimodal,Task B ,2,4,1,-1.420586949,1,2,289.5574345,4,3.227948511,1,7.94E-27,1.01E-06,1,1,1,8
5,bimodal,Task B ,2,4,0,0.481581334,4,1,162.7765222,5,-0.351398109,4,9.44E-05,2.41E-05,0.203719526,0.796280474,1,8
5,bimodal,Task B ,1,3,1,0.703968711,4,1,345.2662685,6,-0.103821202,4,5.02E-05,2.32E-05,0.316394249,0.683605751,1,2
6,bimodal,Task B ,1,2,1,0.247738246,2,1,304.3835862,1,-0.042327837,2,0.000322745,2.61E-05,0.074753853,0.925246147,1,3
6,bimodal,Task B ,1,2,1,0.104905491,2,1,225.3352682,2,-0.379048979,2,0.000220878,2.55E-05,0.103371545,0.896628455,0,3
6,bimodal,Task B ,1,2,1,-0.040000102,1,1,186.7346349,3,-0.112923373,1,0.000400717,2.64E-05,0.061877353,0.938122647,0,3
6,bimodal,Task B ,1,2,1,-0.170933295,1,1,219.650828,4,-0.239701406,1,0.000298121,2.59E-05,0.08006556,0.91993444,0,3
6,bimodal,Task B ,1,1,0,0.283210306,3,2,339.3145046,5,0.512611876,3,9.84E-05,2.42E-05,0.197446762,0.802553238,0,4
6,bimodal,Task B ,1,2,0,-1.2715261,1,2,228.3728689,6,-0.492254822,1,1.98E-07,1.64E-05,0.988090438,0.988090438,0,3
7,bimodal,Task B ,1,4,1,0.003697491,1,1,60.80864241,1,0.449367794,1,0.000179989,2.51E-05,0.122562048,0.877437952,0,1
7,bimodal,Task B ,1,4,1,-0.435491038,4,1,355.2029793,2,-0.250564993,4,0.000151645,2.49E-05,0.140910958,0.859089042,1,1
7,bimodal,Task B ,1,4,1,0.216801952,4,1,55.98818002,3,-0.302419128,4,0.000235664,2.56E-05,0.097875482,0.902124518,0,1
7,bimodal,Task B ,1,4,1,0.47181773,3,1,255.1274437,4,0.805693362,3,1.05E-05,2.11E-05,0.666531357,0.666531357,1,1
7,bimodal,Task B ,1,4,0,0.315331881,3,2,235.5367126,5,0.875878551,3,1.07E-05,2.11E-05,0.662369232,0.662369232,1,1
7,bimodal,Task B ,1,4,0,-0.010713588,1,2,152.8654521,6,3.458136544,1,4.87E-26,1.13E-06,1,1,1,1
8,bimodal,Task B ,1,4,0,-0.042679624,1,2,259.0675217,1,0.433004983,1,0.000190323,2.52E-05,0.117043879,0.882956121,0,1
8,bimodal,Task B ,1,4,0,-0.240563763,1,2,22.47264031,2,0.7482875,1,3.15E-05,2.25E-05,0.417237438,0.582762562,0,1
8,bimodal,Task B ,2,4,1,2.932267254,3,2,35.57306869,3,-0.563691075,3,3.04E-20,2.60E-06,1,1,0,8
8,bimodal,Task B ,1,4,0,-0.613045481,4,2,134.155514,4,0.288267438,4,6.44E-05,2.36E-05,0.267982093,0.732017907,1,1
8,bimodal,Task B ,2,4,0,0.109639841,1,1,292.6529499,5,-0.925854221,1,1.09E-05,2.11E-05,0.659684879,0.659684879,1,8
8,bimodal,Task B ,1,1,1,-0.389304846,4,1,357.1990801,6,-0.263004813,4,0.000172551,2.51E-05,0.126880597,0.873119403,1,4
9,bimodal,Task B ,1,4,0,-0.997702519,4,2,307.115414,1,1.361123342,4,2.82E-09,1.26E-05,0.999776104,0.999776104,1,1
9,bimodal,Task B ,1,1,0,0.20995482,1,2,310.6405713,2,3.399971548,1,2.16E-25,1.24E-06,1,1,1,4
9,bimodal,Task B ,1,1,0,0.052293118,4,2,240.3623569,3,0.761646478,4,3.59E-05,2.27E-05,0.387995335,0.612004665,0,4
9,bimodal,Task B ,1,1,0,0.392398902,4,2,105.6282623,4,0.88638703,4,7.89E-06,2.07E-05,0.723726357,0.723726357,1,4
9,bimodal,Task B ,2,2,1,-2.546876987,1,2,335.5114502,5,0.074397988,1,9.39E-16,4.96E-06,1,1,0,6
9,bimodal,Task B ,1,2,1,0.150834837,4,1,165.0669246,6,0.161393624,4,0.000342808,2.62E-05,0.070936196,0.929063804,0,3
10,bimodal,Task B ,1,1,1,0.274543619,3,1,249.2375303,1,0.267208734,3,0.000225915,2.55E-05,0.101428919,0.898571081,1,4
10,bimodal,Task B ,1,2,0,0.24716085,1,2,133.9677608,2,-0.577536762,1,8.01E-05,2.39E-05,0.229756547,0.770243453,0,3
10,bimodal,Task B ,2,1,1,-0.922773545,3,2,71.50966342,3,0.991174916,3,2.02E-07,1.64E-05,0.987865454,0.987865454,1,5
10,bimodal,Task B ,1,2,1,0.03885755,4,1,64.86618879,4,-0.142504324,4,0.000386959,2.64E-05,0.063806137,0.936193863,0,3
10,bimodal,Task B ,1,2,1,-0.092083664,2,1,32.12605933,5,-0.108537317,2,0.000391982,2.64E-05,0.063087666,0.936912334,0,3
10,bimodal,Task B ,1,2,1,0.118146875,3,1,154.7102417,6,0.392503939,3,0.000206908,2.54E-05,0.109188666,0.890811334,0,3
1,bimodal,Task B ,1,3,1,0.194159802,4,1,89.22397534,1,-0.841741553,4,1.82E-05,2.18E-05,0.54440887,0.54440887,1,2
1,bimodal,Task B ,1,3,1,-0.160379576,1,1,244.8378972,2,-0.083221777,1,0.000373558,2.63E-05,0.065808485,0.934191515,1,2
1,bimodal,Task B ,1,3,1,-0.59296463,4,1,95.2339018,3,0.257721238,4,7.64E-05,2.38E-05,0.237834901,0.762165099,1,2
1,bimodal,Task B ,2,3,1,-2.697646911,1,2,335.5243705,4,-1.728793688,1,1.23E-22,1.84E-06,1,1,0,7
1,bimodal,Task B ,1,1,1,0.00083155,2,1,21.63777734,5,-0.816713531,2,2.56E-05,2.23E-05,0.464744599,0.535255401,0,4
1,bimodal,Task B ,1,2,1,-0.078417194,4,1,106.6042944,6,-0.333436785,4,0.000260645,2.57E-05,0.089846421,0.910153579,0,3
2,bimodal,Task B ,1,2,1,-0.059768004,1,1,229.6866974,1,-0.139043719,1,0.000387035,2.64E-05,0.063795139,0.936204861,0,3
2,bimodal,Task B ,1,2,1,-0.225137761,3,1,139.5412423,2,0.072874641,3,0.000339529,2.62E-05,0.071532155,0.928467845,1,3
2,bimodal,Task B ,2,2,1,0.548158064,4,2,287.1921401,3,1.383154386,4,3.64E-08,1.48E-05,0.997545184,0.997545184,1,6
2,bimodal,Task B ,1,2,1,0.423296402,1,1,155.1730758,4,0.337666298,1,0.000121677,2.45E-05,0.16779519,0.83220481,1,3
2,bimodal,Task B ,2,2,1,0.171392422,3,2,101.871066,5,1.795129457,3,4.52E-10,1.12E-05,0.999959786,0.999959786,1,6
2,bimodal,Task B ,1,2,1,0.325452166,3,1,283.2870841,6,-0.191415053,3,0.000231081,2.55E-05,0.099512977,0.900487023,1,3
3,bimodal,Task B ,2,2,0,-0.197731441,2,1,311.9831458,1,-0.244859856,2,0.000283513,2.59E-05,0.08360428,0.91639572,0,6
3,bimodal,Task B ,1,3,0,0.641751249,2,2,185.4504858,2,0.789737786,2,5.30E-06,2.02E-05,0.791804093,0.791804093,1,2
3,bimodal,Task B ,1,1,0,0.530933605,3,2,293.6290763,3,1.008230036,3,1.74E-06,1.88E-05,0.915442132,0.915442132,1,4
3,bimodal,Task B ,2,2,1,0.465480284,4,2,40.84265353,4,0.9909228,4,2.65E-06,1.93E-05,0.87953845,0.87953845,1,6
3,bimodal,Task B ,2,2,1,-0.096136147,2,2,265.3075052,5,-1.621976392,2,6.28E-09,1.32E-05,0.999525888,0.999525888,1,6
3,bimodal,Task B ,2,3,1,-1.914206976,1,2,156.9905323,6,0.424955699,1,5.33E-11,9.83E-06,0.999994579,0.999994579,0,7
4,bimodal,Task B ,1,2,1,-0.193100906,2,1,282.2072208,1,-0.094103393,2,0.000353746,2.62E-05,0.069019914,0.930980086,1,3
4,bimodal,Task B ,2,2,1,-1.523734472,3,2,290.2140252,2,1.737729426,3,8.47E-14,6.57E-06,0.999999987,0.999999987,1,6
4,bimodal,Task B ,1,1,0,1.952565051,1,2,140.1798509,3,-0.352052857,1,3.07E-11,9.49E-06,0.999996768,0.999996768,0,4
4,bimodal,Task B ,2,2,0,0.088601576,3,1,330.8256779,4,0.035076858,3,0.000406739,2.65E-05,0.061070447,0.938929553,1,6
4,bimodal,Task B ,1,2,1,-0.572572481,1,1,118.8095143,5,0.307580681,1,7.47E-05,2.38E-05,0.241562159,0.758437841,1,3
4,bimodal,Task B ,1,3,1,-0.189460815,4,1,130.8694804,6,0.2799388,4,0.000264167,2.58E-05,0.088822602,0.911177398,0,2
5,bimodal,Task B ,2,2,1,1.249024086,3,2,238.9937047,1,0.961139528,3,1.23E-08,1.38E-05,0.999108803,0.999108803,0,6
5,bimodal,Task B ,1,4,1,-0.244951019,3,1,43.18822219,2,-0.045800429,3,0.000331861,2.61E-05,0.072967582,0.927032418,1,1
5,bimodal,Task B ,2,3,1,-0.473942629,2,2,80.80131624,3,-1.972282034,2,1.29E-11,8.99E-06,0.999998565,0.999998565,1,7
5,bimodal,Task B ,2,3,1,-1.600630577,1,2,163.6745573,4,0.631516364,1,2.03E-09,1.23E-05,0.999835835,0.999835835,0,7
5,bimodal,Task B ,1,4,1,0.228112182,1,1,211.7157811,5,0.133897497,1,0.000313088,2.60E-05,0.076747662,0.923252338,1,1
5,bimodal,Task B ,1,3,0,-0.807267358,2,2,335.8994919,6,-0.194040707,2,2.52E-05,2.22E-05,0.468889427,0.531110573,1,2
6,bimodal,Task B ,1,2,1,-0.202607668,1,1,40.43286628,1,-0.212742478,1,0.000299186,2.60E-05,0.079819804,0.920180196,0,3
6,bimodal,Task B ,1,2,0,-0.34045823,2,2,334.8835823,2,-0.100094635,2,0.000255767,2.57E-05,0.091305265,0.908694735,1,3
6,bimodal,Task B ,1,2,0,0.501864671,2,2,124.0598674,3,-0.140346217,2,0.000134198,2.47E-05,0.155360482,0.844639518,1,3
6,bimodal,Task B ,1,2,0,0.724475618,4,2,340.2416097,4,-0.853818625,4,2.16E-06,1.91E-05,0.898353018,0.898353018,1,3
6,bimodal,Task B ,2,2,1,-1.125423247,2,2,222.1564959,5,1.16393508,2,7.54E-09,1.34E-05,0.999436884,0.999436884,1,6
6,bimodal,Task B ,2,3,0,-0.227109809,3,1,18.35219044,6,-0.120908734,3,0.000325976,2.61E-05,0.074110434,0.925889566,1,7
7,bimodal,Task B ,2,4,1,-0.725247658,3,2,263.4052075,1,-1.775139303,3,8.43E-11,1.01E-05,0.999991662,0.999991662,1,8
7,bimodal,Task B ,2,4,1,-2.43256796,2,2,16.73525062,2,0.100070432,2,9.73E-15,5.74E-06,0.999999998,0.999999998,0,8
7,bimodal,Task B ,1,1,0,2.398065679,3,2,128.2604089,3,-0.402397744,3,8.19E-15,5.68E-06,0.999999999,0.999999999,0,4
7,bimodal,Task B ,1,1,1,-0.209099205,1,1,296.1565456,4,0.228191609,1,0.000286171,2.59E-05,0.082936336,0.917063664,0,4
7,bimodal,Task B ,1,1,0,0.036915262,1,2,97.83209102,5,0.737044185,1,4.22E-05,2.30E-05,0.352527786,0.647472214,0,4
7,bimodal,Task B ,1,4,0,-1.332635034,2,2,337.4548424,6,-0.370717874,2,1.59E-07,1.62E-05,0.990256813,0.990256813,0,1
8,bimodal,Task B ,1,4,0,0.304356008,4,2,255.355789,1,1.433998201,4,4.76E-08,1.50E-05,0.996842082,0.996842082,1,1
8,bimodal,Task B ,1,4,1,-0.07837979,1,1,54.92042703,2,-0.042705533,1,0.00041222,2.65E-05,0.060354872,0.939645128,1,1
8,bimodal,Task B ,1,4,1,-0.623430082,1,1,171.5734136,3,0.277730666,1,6.27E-05,2.35E-05,0.273075334,0.726924666,1,1
8,bimodal,Task B ,1,4,1,0.46114536,1,1,265.949521,4,-0.203726154,1,0.000144421,2.48E-05,0.146541927,0.853458073,1,1
8,bimodal,Task B ,1,4,0,1.575094783,1,2,99.25421652,5,0.09959887,1,1.27E-08,1.38E-05,0.999084958,0.999084958,0,1
8,bimodal,Task B ,1,4,1,0.159181032,2,1,127.5527517,6,-0.268319349,2,0.000280584,2.58E-05,0.084353003,0.915646997,0,1
9,bimodal,Task B ,1,1,1,-0.460800319,2,1,99.20030734,1,0.439071439,2,7.92E-05,2.39E-05,0.231677404,0.768322596,1,4
9,bimodal,Task B ,1,3,0,0.7130838,1,2,146.563136,2,0.458202759,1,2.04E-05,2.19E-05,0.518591031,0.518591031,0,2
9,bimodal,Task B ,2,2,1,1.290686924,1,2,222.6359234,3,0.841761232,1,1.97E-08,1.42E-05,0.998617945,0.998617945,0,6
9,bimodal,Task B ,1,1,0,0.181193777,2,2,213.3698592,4,1.016275565,2,4.64E-06,2.00E-05,0.811748562,0.811748562,1,4
9,bimodal,Task B ,1,2,1,-0.256995251,2,1,153.3940105,5,0.210765009,2,0.000270063,2.58E-05,0.087161995,0.912838005,1,3
9,bimodal,Task B ,2,1,0,0.067312755,1,1,137.9277411,6,-0.186674918,1,0.000359077,2.63E-05,0.06812423,0.93187577,0,5
10,bimodal,Task B ,1,2,1,-0.026202428,3,1,188.3546614,1,0.00671567,3,0.000423559,2.65E-05,0.058928189,0.941071811,1,3
10,bimodal,Task B ,1,1,0,0.062421184,1,2,218.9937577,2,-0.674930487,1,6.13E-05,2.35E-05,0.277113032,0.722886968,0,4
10,bimodal,Task B ,2,1,1,-0.972222598,2,2,339.080211,3,0.381685222,2,4.72E-06,2.00E-05,0.80911673,0.80911673,0,5
10,bimodal,Task B ,1,2,0,-0.240129343,4,2,133.5372087,4,0.229256055,4,0.000269917,2.58E-05,0.087202271,0.912797729,1,3
10,bimodal,Task B ,1,2,0,-0.506444239,2,2,103.623186,5,1.218963679,2,2.79E-07,1.68E-05,0.983641304,0.983641304,1,3
10,bimodal,Task B ,1,2,1,-0.010800585,4,1,328.8796938,6,-0.531621574,4,0.000129477,2.46E-05,0.15981762,0.84018238,0,3
1,bimodal,Task B ,2,2,1,-2.36081513,1,2,239.4223045,1,-0.306527427,1,2.85E-14,6.14E-06,0.999999995,0.999999995,0,6
1,bimodal,Task B ,1,2,0,-0.74262234,1,2,136.5665794,2,0.28115873,1,3.18E-05,2.26E-05,0.415096433,0.584903567,1,3
1,bimodal,Task B ,2,1,1,-0.871368808,4,2,62.05464547,3,-0.298750694,4,1.30E-05,2.13E-05,0.621171333,0.621171333,0,5
1,bimodal,Task B ,1,3,0,-0.617808094,2,2,135.1597596,4,-0.54992797,2,2.51E-05,2.22E-05,0.469264279,0.530735721,1,2
1,bimodal,Task B ,1,3,0,0.320643997,4,2,87.94917428,5,1.147589515,4,1.04E-06,1.82E-05,0.94613572,0.94613572,1,2
1,bimodal,Task B ,1,3,1,0.133577612,3,1,327.5269445,6,0.405041663,3,0.000195012,2.53E-05,0.114706377,0.885293623,0,2
2,bimodal,Task B ,2,2,0,0.582220994,2,1,335.8405559,1,0.179244002,2,8.80E-05,2.40E-05,0.214514146,0.785485854,1,6
2,bimodal,Task B ,1,3,1,0.399112558,4,1,210.3641235,2,0.310172668,4,0.000142679,2.48E-05,0.147970145,0.852029855,1,2
2,bimodal,Task B ,1,2,0,1.071645166,2,2,30.63026876,3,2.707957737,2,1.20E-19,2.83E-06,1,1,1,3
2,bimodal,Task B ,1,1,0,0.147963518,2,2,141.1247595,4,0.371999216,2,0.000213644,2.54E-05,0.106301199,0.893698801,0,4
2,bimodal,Task B ,1,2,0,1.608284936,2,2,183.4039989,5,-3.066399974,2,5.09E-26,1.13E-06,1,1,1,3
2,bimodal,Task B ,2,3,1,0.13633626,2,2,348.2326578,6,4.44088966,2,2.60E-40,1.45E-07,1,1,1,7
3,bimodal,Task B ,2,1,0,0.306760195,2,1,76.89124093,1,-0.330765457,2,0.000178952,2.51E-05,0.123145698,0.876854302,0,5
3,bimodal,Task B ,1,4,1,-0.426377373,1,1,286.0304366,2,-0.21714368,1,0.000167224,2.50E-05,0.130173458,0.869826542,1,1
3,bimodal,Task B ,2,2,1,-2.577560535,4,2,145.9234347,3,-0.221427438,4,4.09E-16,4.71E-06,1,1,0,6
3,bimodal,Task B ,1,4,1,0.155294271,4,1,185.3081169,4,0.151789889,4,0.000345189,2.62E-05,0.070509613,0.929490387,1,1
3,bimodal,Task B ,1,3,0,0.600901169,3,2,254.3267366,5,0.95261553,3,1.98E-06,1.90E-05,0.905613115,0.905613115,1,2
3,bimodal,Task B ,2,3,1,-0.807945994,1,2,27.07766978,6,-1.040033993,1,3.09E-07,1.69E-05,0.982056918,0.982056918,1,7
4,bimodal,Task B ,2,2,1,0.990004892,1,2,190.9755841,1,1.530130493,1,3.47E-10,1.10E-05,0.999968599,0.999968599,1,6
4,bimodal,Task B ,1,2,1,0.558483689,3,1,63.61465245,2,-0.365756403,3,6.46E-05,2.36E-05,0.26740548,0.73259452,1,3
4,bimodal,Task B ,1,3,0,0.801479207,4,2,333.2548619,3,0.122285946,4,2.66E-05,2.23E-05,0.456184506,0.543815494,1,2
4,bimodal,Task B ,1,1,1,-0.397167894,2,1,181.5825067,4,-0.278478687,2,0.000162421,2.50E-05,0.133298219,0.866701781,1,4
4,bimodal,Task B ,1,2,0,-0.992405806,2,2,262.0829497,5,-0.976585419,2,1.34E-07,1.60E-05,0.9916845,0.9916845,0,3
4,bimodal,Task B ,2,2,1,-0.105520767,2,2,9.858542768,6,1.08474569,2,2.80E-06,1.94E-05,0.873714864,0.873714864,1,6
5,bimodal,Task B ,1,3,1,0.090909019,3,1,81.97117301,1,-0.206768391,3,0.000341643,2.62E-05,0.071146727,0.928853273,0,2
5,bimodal,Task B ,2,4,1,1.994387918,4,2,316.4453956,2,0.488348285,4,9.42E-12,8.82E-06,0.999998931,0.999998931,0,8
5,bimodal,Task B ,2,4,1,2.446042387,3,2,39.7994452,3,2.702511544,3,2.43E-28,8.10E-07,1,1,1,8
5,bimodal,Task B ,2,4,1,-2.158135994,1,2,315.3646427,4,2.087959275,1,1.87E-20,2.52E-06,1,1,0,8
5,bimodal,Task B ,1,3,0,-0.707869627,1,2,316.9053034,5,1.137058833,1,2.31E-07,1.66E-05,0.986280776,0.986280776,1,2
5,bimodal,Task B ,1,2,1,0.051094401,1,1,270.5177207,6,0.297517296,1,0.000287239,2.59E-05,0.082671077,0.917328923,0,3
6,bimodal,Task B ,1,3,1,0.257570498,2,1,204.248714,1,-0.46307662,2,0.000129388,2.46E-05,0.159904324,0.840095676,0,2
6,bimodal,Task B ,2,2,1,2.002155378,1,2,278.3576062,2,-0.756196358,1,2.06E-12,8.02E-06,0.999999744,0.999999744,0,6
6,bimodal,Task B ,1,2,1,-0.048581084,2,1,211.9743909,3,0.0349551,2,0.000418855,2.65E-05,0.059511553,0.940488447,1,3
6,bimodal,Task B ,1,2,1,-0.406191589,4,1,90.16407687,4,-0.222432215,4,0.000177399,2.51E-05,0.12403045,0.87596955,1,3
6,bimodal,Task B ,1,2,1,-0.383350452,4,1,51.13772227,5,-0.081867344,4,0.000228421,2.55E-05,0.10048998,0.89951002,1,3
6,bimodal,Task B ,2,2,0,0.274804653,4,1,170.1449337,6,-0.377827051,4,0.000168268,2.50E-05,0.129514181,0.870485819,0,6
7,bimodal,Task B ,1,4,1,-0.354864018,1,1,318.6477029,1,-0.140068044,1,0.00023587,2.56E-05,0.097803089,0.902196911,1,1
7,bimodal,Task B ,2,4,1,1.462401833,4,2,7.55530292,2,0.729217389,4,5.79E-09,1.32E-05,0.999560686,0.999560686,0,8
7,bimodal,Task B ,2,4,0,-0.00165881,4,1,119.8211406,3,0.05199005,4,0.000419323,2.65E-05,0.059452986,0.940547014,0,8
7,bimodal,Task B ,1,1,0,0.94916477,1,2,327.3660378,4,1.260428293,1,1.16E-08,1.38E-05,0.999156597,0.999156597,1,4
7,bimodal,Task B ,1,4,1,-0.123207575,3,1,181.5049529,5,-0.146607994,3,0.000366608,2.63E-05,0.066899322,0.933100678,0,1
7,bimodal,Task B ,1,1,1,0.240055728,1,1,39.72861527,6,0.002781095,1,0.000330238,2.61E-05,0.073279149,0.926720851,1,4
8,bimodal,Task B ,1,3,1,0.307751788,3,1,189.5715926,1,0.122013637,3,0.000264666,2.58E-05,0.088679526,0.911320474,1,2
8,bimodal,Task B ,2,4,1,1.447353298,4,2,112.4522492,2,1.868401621,4,2.58E-14,6.10E-06,0.999999996,0.999999996,1,8
8,bimodal,Task B ,2,4,1,1.691201506,3,2,128.8208142,3,-0.78666173,3,2.02E-10,1.07E-05,0.999981123,0.999981123,0,8
8,bimodal,Task B ,2,4,1,2.470393438,2,2,208.8722439,4,-0.085019495,2,3.62E-15,5.39E-06,0.999999999,0.999999999,0,8
8,bimodal,Task B ,1,4,0,-0.610104448,3,2,78.64439894,5,0.20801896,3,7.74E-05,2.38E-05,0.235554291,0.764445709,1,1
8,bimodal,Task B ,2,4,0,0.681692891,4,1,294.0262544,6,0.233368211,4,4.73E-05,2.31E-05,0.328464654,0.671535346,1,8
9,bimodal,Task B ,1,1,1,-0.677291767,4,1,179.5755822,1,-0.326931671,4,4.17E-05,2.29E-05,0.354949431,0.645050569,1,4
9,bimodal,Task B ,2,3,1,1.676884958,2,2,264.1900497,2,1.419621223,2,6.62E-13,7.47E-06,0.999999911,0.999999911,0,7
9,bimodal,Task B ,2,2,1,-1.720922751,4,2,5.244224926,3,-0.15897138,4,1.89E-09,1.23E-05,0.999845927,0.999845927,0,6
9,bimodal,Task B ,1,1,0,-0.457894881,3,2,154.7524239,4,1.585348325,3,4.40E-09,1.29E-05,0.999660055,0.999660055,1,4
9,bimodal,Task B ,2,3,1,2.022080947,1,2,229.5202074,5,1.794620891,1,1.99E-17,3.90E-06,1,1,0,7
9,bimodal,Task B ,1,4,1,-0.226277499,4,1,95.69578127,6,-0.377731019,4,0.000190687,2.52E-05,0.116858578,0.883141422,0,1
10,bimodal,Task B ,2,1,0,0.651232296,4,1,331.3805039,1,-0.293506011,4,4.93E-05,2.32E-05,0.3198034,0.6801966,1,5
10,bimodal,Task B ,1,1,1,-0.09558004,4,1,2.318070538,2,-0.674695789,4,6.05E-05,2.35E-05,0.27954477,0.72045523,0,4
10,bimodal,Task B ,1,2,1,-0.173656476,2,1,276.3271119,3,-0.108028782,2,0.000359797,2.63E-05,0.068005134,0.931994866,1,3
10,bimodal,Task B ,2,2,1,0.396590926,4,2,69.6699759,4,0.024922595,4,0.000216099,2.54E-05,0.105288005,0.894711995,1,6
10,bimodal,Task B ,1,1,0,1.57074996,1,2,163.2188498,5,-1.682506798,1,9.22E-14,6.60E-06,0.999999986,0.999999986,1,4
10,bimodal,Task B ,1,1,0,-2.138347699,1,2,96.10994315,6,-1.250061136,1,3.69E-15,5.40E-06,0.999999999,0.999999999,0,4
1,bimodal,Task B ,1,2,1,-0.244941165,3,1,2.229615423,1,0.318524163,3,0.000217291,2.54E-05,0.104803224,0.895196776,0,3
1,bimodal,Task B ,1,3,1,0.289174217,1,1,133.8617212,2,0.142954663,1,0.000270898,2.58E-05,0.086932084,0.913067916,1,2
1,bimodal,Task B ,1,3,1,0.011621786,2,1,179.1862322,3,-0.289563969,2,0.000298492,2.59E-05,0.079979747,0.920020253,0,2
1,bimodal,Task B ,1,3,1,-0.335508463,4,1,256.8190978,4,0.02353284,4,0.000269481,2.58E-05,0.08732306,0.91267694,1,2
1,bimodal,Task B ,1,2,0,-2.311429603,1,2,260.1668614,5,0.523572076,1,3.43E-14,6.21E-06,0.999999994,0.999999994,0,3
1,bimodal,Task B ,1,3,1,-0.303268933,4,1,16.48873213,6,0.131896988,4,0.000272644,2.58E-05,0.086455128,0.913544872,1,2
2,bimodal,Task B ,2,4,1,2.85710435,2,2,302.931809,1,1.35471303,2,3.00E-22,1.95E-06,1,1,0,8
2,bimodal,Task B ,1,2,1,0.06612057,1,1,321.0586651,2,-0.445554281,1,0.000180592,2.51E-05,0.122224861,0.877775139,0,3
2,bimodal,Task B ,2,2,0,-0.19969104,3,1,281.895677,3,-0.419843839,3,0.00017331,2.51E-05,0.126425587,0.873574413,0,6
2,bimodal,Task B ,2,3,1,-1.209449361,3,2,290.6243435,4,-1.34877658,3,4.86E-10,1.13E-05,0.999956953,0.999956953,1,7
2,bimodal,Task B ,2,2,1,2.19929211,3,2,114.6210168,5,-1.237406593,3,1.15E-15,5.02E-06,1,1,0,6
2,bimodal,Task B ,1,3,1,-0.450342384,2,1,86.24836635,6,0.088125292,2,0.000180562,2.51E-05,0.122241676,0.877758324,1,2
3,bimodal,Task B ,1,3,1,0.004468893,2,1,176.8568454,1,0.065442498,2,0.000416322,2.65E-05,0.05983059,0.94016941,0,2
3,bimodal,Task B ,1,2,1,-0.626050566,1,1,100.6511091,2,0.296576682,1,5.90E-05,2.34E-05,0.28426254,0.71573746,1,3
3,bimodal,Task B ,1,4,0,-0.586178307,4,2,353.6726528,3,-0.183691139,4,9.10E-05,2.41E-05,0.20926164,0.79073836,1,1
3,bimodal,Task B ,2,2,0,-0.265208975,2,1,244.6977127,4,-0.323969269,2,0.000206785,2.54E-05,0.10924265,0.89075735,0,6
3,bimodal,Task B ,1,3,1,0.212051812,4,1,215.6193763,5,-0.037297696,4,0.000346653,2.62E-05,0.070250083,0.929749917,1,2
3,bimodal,Task B ,1,1,0,-0.007330492,4,2,75.64785996,6,0.929870889,4,1.09E-05,2.11E-05,0.659045167,0.659045167,1,4
4,bimodal,Task B ,1,2,1,-0.454169827,3,1,251.2621313,1,0.205125631,3,0.000153813,2.49E-05,0.139307182,0.860692818,1,3
4,bimodal,Task B ,2,3,1,-1.630786987,3,2,206.9461404,2,-0.95460502,3,1.58E-10,1.05E-05,0.999984947,0.999984947,0,7
4,bimodal,Task B ,1,1,1,-0.183901356,1,1,275.9836082,3,-0.014349344,1,0.000371728,2.63E-05,0.066092097,0.933907903,1,4
4,bimodal,Task B ,1,3,1,0.268604279,3,1,72.74899254,4,-0.252729647,3,0.000237799,2.56E-05,0.097131455,0.902868545,1,2
4,bimodal,Task B ,2,2,0,0.007706009,1,1,11.74329111,5,-0.496039833,1,0.000150931,2.49E-05,0.141447356,0.858552644,0,6
4,bimodal,Task B ,1,2,1,-0.199017291,2,1,143.7140563,6,0.492270142,2,0.000129944,2.46E-05,0.159364891,0.840635109,0,3
5,bimodal,Task B ,1,4,1,-0.595349746,4,1,79.17831269,1,-0.167410235,4,8.92E-05,2.41E-05,0.212477063,0.787522937,1,1
5,bimodal,Task B ,2,3,1,1.818031967,4,2,309.2616558,2,-0.182628612,4,3.71E-10,1.11E-05,0.999966539,0.999966539,0,7
5,bimodal,Task B ,1,4,1,0.036002488,2,1,105.5411224,3,0.189684045,2,0.000361213,2.63E-05,0.067772065,0.932227935,0,1
5,bimodal,Task B ,1,3,1,-0.397128893,3,1,184.5933461,4,-0.709025194,3,2.71E-05,2.23E-05,0.45161376,0.54838624,0,2
5,bimodal,Task B ,2,2,0,-0.494702711,2,1,295.7326903,5,-0.063806665,2,0.000154687,2.49E-05,0.138671614,0.861328386,1,6
5,bimodal,Task B ,1,4,1,0.416093077,4,1,1.680823038,6,-0.068307946,4,0.000198933,2.53E-05,0.11282474,0.88717526,1,1
6,bimodal,Task B ,1,2,0,-0.632002998,1,2,297.5590043,1,2.637421451,1,1.43E-17,3.82E-06,1,1,1,3
6,bimodal,Task B ,2,2,0,-0.404773046,4,1,245.1652525,2,0.222329239,4,0.000177387,2.51E-05,0.124037504,0.875962496,1,6
6,bimodal,Task B ,1,2,0,0.151050802,3,2,153.2422502,3,1.433240092,3,6.47E-08,1.53E-05,0.995795824,0.995795824,1,3
6,bimodal,Task B ,2,2,0,0.45664895,4,1,118.3105102,4,0.123591679,4,0.000163554,2.50E-05,0.132547276,0.867452724,1,6
6,bimodal,Task B ,1,1,0,0.495580928,3,2,301.5361757,5,1.82699873,3,1.11E-10,1.03E-05,0.999989185,0.999989185,1,4
6,bimodal,Task B ,1,2,1,-0.19180725,1,1,189.180674,6,-0.282238034,1,0.000263435,2.57E-05,0.089033389,0.910966611,0,3
7,bimodal,Task B ,1,1,0,-0.034036248,3,2,225.8545731,1,1.494215258,3,3.36E-08,1.47E-05,0.997721525,0.997721525,1,4
7,bimodal,Task B ,1,4,1,-0.177211877,3,1,135.2897702,2,0.125885212,3,0.000350823,2.62E-05,0.069521363,0.930478637,1,1
7,bimodal,Task B ,1,4,1,-0.395118502,4,1,137.814836,3,-0.555035851,4,6.20E-05,2.35E-05,0.275084027,0.724915973,0,1
7,bimodal,Task B ,1,1,1,-0.420680851,3,1,172.7552832,4,-0.607632729,3,4.40E-05,2.30E-05,0.343557639,0.656442361,0,4
7,bimodal,Task B ,2,4,1,0.659674764,4,2,56.97768705,5,0.266203613,4,4.99E-05,2.32E-05,0.31738247,0.68261753,1,8
7,bimodal,Task B ,1,4,0,1.409820067,3,2,173.6557029,6,-2.054460443,3,1.93E-15,5.19E-06,1,1,1,1
8,bimodal,Task B ,2,4,1,1.908332953,2,2,15.67554851,1,-1.279839811,2,1.06E-13,6.66E-06,0.999999984,0.999999984,0,8
8,bimodal,Task B ,2,4,1,-1.050700124,3,2,99.06705367,2,0.446627257,3,1.95E-06,1.89E-05,0.906560054,0.906560054,0,8
8,bimodal,Task B ,1,4,0,-0.036288223,4,2,9.947794909,3,0.894124441,4,1.43E-05,2.15E-05,0.599711222,0.599711222,1,1
8,bimodal,Task B ,1,4,1,-0.067183822,1,1,300.2546794,4,-0.499044582,1,0.000146833,2.48E-05,0.144610238,0.855389762,0,1
8,bimodal,Task B ,1,4,1,-0.700233237,4,1,241.8185087,5,0.195037838,4,4.87E-05,2.32E-05,0.322493804,0.677506196,1,1
8,bimodal,Task B ,1,4,1,-0.270600968,3,1,61.51034673,6,-0.04770103,3,0.000314284,2.60E-05,0.076494707,0.923505293,1,1
9,bimodal,Task B ,2,3,1,2.387814924,3,2,99.09069553,1,-0.72476212,3,2.17E-15,5.22E-06,1,1,0,7
9,bimodal,Task B ,2,1,1,-1.718809904,1,2,107.9434336,2,0.596652893,1,4.79E-10,1.13E-05,0.999957522,0.999957522,0,5
9,bimodal,Task B ,2,2,0,0.041876622,1,1,174.5031808,3,-0.27407944,1,0.000307125,2.60E-05,0.078034874,0.921965126,0,6
9,bimodal,Task B ,2,2,1,-1.67666683,1,2,189.5999026,4,-0.385820955,1,2.10E-09,1.24E-05,0.999830296,0.999830296,0,6
9,bimodal,Task B ,1,1,0,0.588825961,1,2,19.73143642,5,0.960755876,1,1.97E-06,1.90E-05,0.906062031,0.906062031,1,4
9,bimodal,Task B ,1,1,1,-0.132269411,3,1,354.6917602,6,-0.042719214,3,0.000394247,2.64E-05,0.062769118,0.937230882,1,4
10,bimodal,Task B ,1,1,1,-0.585135357,4,1,86.33333537,1,-0.364422195,4,6.04E-05,2.35E-05,0.280102501,0.719897499,1,4
10,bimodal,Task B ,1,2,1,0.043433886,3,1,280.6108034,2,-0.057692254,3,0.000414578,2.65E-05,0.060052275,0.939947725,0,3
10,bimodal,Task B ,1,1,1,0.173462955,2,1,306.6753082,3,-0.178221964,2,0.000325478,2.61E-05,0.074208909,0.925791091,1,4
10,bimodal,Task B ,1,1,0,-0.220641566,1,2,95.70984416,4,-2.128951744,1,1.76E-12,7.94E-06,0.999999778,0.999999778,1,4
10,bimodal,Task B ,1,1,1,-0.00387375,3,1,153.9020174,5,-0.020058345,3,0.000423779,2.65E-05,0.05890121,0.94109879,0,4
10,bimodal,Task B ,1,2,0,1.07652744,1,2,242.6381445,6,-0.796617577,1,2.27E-07,1.66E-05,0.98647918,0.98647918,0,3
1,bimodal,Task B ,2,2,1,0.596522837,2,2,12.17989268,1,-0.91327611,2,2.81E-06,1.94E-05,0.873311479,0.873311479,1,6
1,bimodal,Task B ,1,3,1,-0.456371242,4,1,95.80750046,2,-0.565522609,4,4.76E-05,2.31E-05,0.326890687,0.673109313,0,2
1,bimodal,Task B ,1,3,1,-0.043392874,3,1,171.9308841,3,-0.132160309,3,0.000392507,2.64E-05,0.063013515,0.936986485,0,2
1,bimodal,Task B ,2,2,1,2.119567243,2,2,307.4312991,4,-0.32420696,2,1.96E-12,7.99E-06,0.999999755,0.999999755,0,6
1,bimodal,Task B ,2,3,1,0.769438316,2,2,309.832604,5,-2.753256822,2,4.58E-19,3.08E-06,1,1,1,7
1,bimodal,Task B ,1,3,1,-0.509527319,3,1,204.778079,6,-0.02230508,3,0.00014766,2.48E-05,0.143959837,0.856040163,1,2
2,bimodal,Task B ,1,2,1,0.640801777,1,1,184.8550602,1,-0.127761714,1,6.99E-05,2.37E-05,0.253092637,0.746907363,1,3
2,bimodal,Task B ,2,3,1,-2.20816538,4,2,81.15410298,2,0.379648329,4,4.11E-13,7.25E-06,0.999999943,0.999999943,0,7
2,bimodal,Task B ,2,2,1,1.02318431,3,2,354.3491421,3,0.242523623,3,4.07E-06,1.98E-05,0.829738602,0.829738602,0,6
2,bimodal,Task B ,1,2,0,0.675140457,2,2,332.1627122,4,2.562618151,2,5.50E-17,4.15E-06,1,1,1,3
2,bimodal,Task B ,1,2,1,-0.008990375,3,1,262.4295928,5,-0.852690817,3,1.99E-05,2.19E-05,0.523964082,0.523964082,1,3
2,bimodal,Task B ,1,2,1,0.074556147,2,1,85.50602333,6,0.192528299,2,0.000352594,2.62E-05,0.069216623,0.930783377,0,3
3,bimodal,Task B ,1,4,0,0.411726769,1,2,215.1916257,1,-0.252968366,1,0.000157561,2.49E-05,0.136623492,0.863376508,1,1
3,bimodal,Task B ,2,1,0,0.41432064,4,1,271.5233214,2,-0.230292904,4,0.000163497,2.50E-05,0.13258488,0.86741512,1,5
3,bimodal,Task B ,1,4,1,-0.15716474,4,1,345.1066831,3,0.142873614,4,0.000353435,2.62E-05,0.069072839,0.930927161,1,1
3,bimodal,Task B ,2,4,1,-1.512816268,4,2,77.62182768,4,-4.127414339,4,2.09E-39,1.65E-07,1,1,1,8
3,bimodal,Task B ,1,2,1,-0.345897487,4,1,268.6057764,5,-0.210316225,4,0.000218291,2.54E-05,0.104399969,0.895600031,1,3
3,bimodal,Task B ,2,4,1,1.620101575,1,2,334.0141552,6,3.208067416,1,9.50E-28,8.82E-07,1,1,1,8
4,bimodal,Task B ,2,3,1,-0.649530759,1,2,193.4436263,1,2.566197193,1,6.24E-17,4.18E-06,1,1,1,7
4,bimodal,Task B ,1,3,1,-0.167823886,3,1,54.00109252,2,0.490134761,3,0.000137279,2.47E-05,0.152588557,0.847411443,0,2
4,bimodal,Task B ,1,2,0,0.96493743,2,2,232.819723,3,1.58906264,2,1.96E-10,1.07E-05,0.999981631,0.999981631,1,3
4,bimodal,Task B ,1,3,1,-0.735620994,3,1,86.94291647,4,0.363205986,3,2.65E-05,2.23E-05,0.456900196,0.543099804,1,2
4,bimodal,Task B ,1,2,1,0.233890331,3,1,135.2460829,5,0.045757875,3,0.000331277,2.61E-05,0.073079502,0.926920498,1,3
4,bimodal,Task B ,2,2,0,-1.036045382,2,1,341.297923,6,-0.212809388,2,4.28E-06,1.99E-05,0.823005118,0.823005118,0,6
5,bimodal,Task B ,1,4,1,-0.111029825,3,1,120.4580597,1,0.495481701,3,0.00014299,2.48E-05,0.147713248,0.852286752,0,1
5,bimodal,Task B ,2,4,1,-1.051376619,4,2,159.2674541,2,1.714147315,4,1.82E-11,9.19E-06,0.999998015,0.999998015,1,8
5,bimodal,Task B ,1,4,1,-0.549977456,1,1,202.2390756,3,-0.0400013,1,0.000123276,2.46E-05,0.166092964,0.833907036,1,1
5,bimodal,Task B ,1,1,1,0.455001427,1,1,89.34666149,4,-0.002040443,1,0.000175796,2.51E-05,0.124958243,0.875041757,1,4
5,bimodal,Task B ,1,2,0,-0.862871752,3,2,18.59521097,5,-0.414217782,3,9.78E-06,2.10E-05,0.681814797,0.681814797,0,3
5,bimodal,Task B ,1,3,1,0.029626586,2,1,48.22606196,6,0.438973813,2,0.000186265,2.52E-05,0.119148304,0.880851696,0,2
6,bimodal,Task B ,1,2,1,-0.015205882,1,1,255.5718857,1,-0.194596095,1,0.000362365,2.63E-05,0.067583813,0.932416187,0,3
6,bimodal,Task B ,2,2,0,-0.484893053,3,1,290.4481949,2,0.105763845,3,0.000155853,2.49E-05,0.137833218,0.862166782,1,6
6,bimodal,Task B ,1,1,0,-2.103761194,1,2,166.030076,3,-0.792940014,1,3.48E-13,7.17E-06,0.999999952,0.999999952,0,4
6,bimodal,Task B ,2,2,1,1.448836778,4,2,276.8766375,4,-0.630564549,4,1.22E-08,1.38E-05,0.999116198,0.999116198,0,6
6,bimodal,Task B ,2,2,1,-0.029985158,1,2,279.6825585,5,-0.801942508,1,2.83E-05,2.24E-05,0.441865004,0.558134996,0,6
6,bimodal,Task B ,1,2,1,-0.013874748,2,1,231.5297085,6,0.021989347,2,0.000423324,2.65E-05,0.058957085,0.941042915,0,3
7,bimodal,Task B ,1,4,0,0.665637647,3,2,349.3323712,1,1.56668319,3,2.03E-09,1.23E-05,0.999835427,0.999835427,1,1
7,bimodal,Task B ,1,2,1,-0.306633043,3,1,159.0416133,2,0.021387792,3,0.000290775,2.59E-05,0.08180548,0.91819452,1,3
7,bimodal,Task B ,1,4,1,0.344954692,2,1,88.90566179,3,0.240196632,2,0.000199109,2.53E-05,0.112741778,0.887258222,1,1
7,bimodal,Task B ,2,4,0,-0.115473781,4,1,98.36652453,4,0.59082022,4,9.19E-05,2.41E-05,0.207827753,0.792172247,0,8
7,bimodal,Task B ,1,1,0,1.415519602,2,2,128.3803887,5,0.697468181,2,1.23E-08,1.38E-05,0.999109605,0.999109605,0,4
7,bimodal,Task B ,2,1,1,-2.912300985,3,2,208.8537408,6,-1.172317294,3,7.57E-22,2.06E-06,1,1,0,5
8,bimodal,Task B ,2,4,1,1.154937634,4,2,197.5037692,1,3.421314983,4,5.28E-28,8.50E-07,1,1,1,8
8,bimodal,Task B ,1,4,0,-0.191356512,2,2,292.7522972,2,-0.392064253,2,0.000193082,2.53E-05,0.115656285,0.884343715,0,1
8,bimodal,Task B ,1,4,1,0.195033528,1,1,302.9273456,3,-0.346096925,1,0.000217366,2.54E-05,0.104772747,0.895227253,0,1
8,bimodal,Task B ,2,4,1,-1.371238179,1,2,88.6391749,4,-1.393010982,1,5.18E-11,9.81E-06,0.999994716,0.999994716,1,8
8,bimodal,Task B ,1,4,0,0.541851346,2,2,328.7654533,5,-2.194944301,2,1.84E-13,6.89E-06,0.999999973,0.999999973,1,1
8,bimodal,Task B ,1,4,1,-0.292425258,1,1,49.83810971,6,0.167779253,1,0.000267383,2.58E-05,0.087908941,0.912091059,1,1
9,bimodal,Task B ,1,3,1,-0.427866917,2,1,161.9528904,1,-0.587110514,2,4.76E-05,2.31E-05,0.32719913,0.67280087,0,2
9,bimodal,Task B ,1,3,1,0.20607489,2,1,291.6832631,2,-0.567292756,2,9.11E-05,2.41E-05,0.209108067,0.790891933,0,2
9,bimodal,Task B ,2,3,1,2.007520845,4,2,311.9860723,3,-0.140389917,4,1.92E-11,9.22E-06,0.999997917,0.999997917,0,7
9,bimodal,Task B ,1,4,0,-1.048629143,4,2,257.092032,4,1.502053315,4,3.33E-10,1.10E-05,0.999969746,0.999969746,1,1
9,bimodal,Task B ,1,4,0,0.995771736,4,2,165.7254544,5,-0.058653298,4,6.50E-06,2.04E-05,0.758559817,0.758559817,0,1
9,bimodal,Task B ,1,3,1,0.155965114,4,1,230.4930018,6,0.408902384,4,0.000187124,2.52E-05,0.118696022,0.881303978,0,2
10,bimodal,Task B ,1,2,1,-0.351098974,1,1,229.0704911,1,-0.671544351,1,3.88E-05,2.28E-05,0.370386602,0.629613398,0,3
10,bimodal,Task B ,2,1,0,-0.289349997,4,1,4.567615553,2,0.587162899,4,7.04E-05,2.37E-05,0.251826704,0.748173296,0,5
10,bimodal,Task B ,1,2,0,0.184366132,4,2,156.7549938,3,0.294506953,4,0.000252457,2.57E-05,0.092323471,0.907676529,0,3
10,bimodal,Task B ,2,1,1,-2.067795039,2,2,204.5313937,4,-0.754598515,2,8.31E-13,7.58E-06,0.99999989,0.99999989,0,5
10,bimodal,Task B ,1,2,0,-0.732674277,4,2,75.34013206,5,0.716965261,4,5.36E-06,2.02E-05,0.79024455,0.79024455,0,3
10,bimodal,Task B ,2,2,1,-1.552570764,3,2,99.45494477,6,-0.73810352,3,2.08E-09,1.24E-05,0.99983178,0.99983178,0,6
1,bimodal,Task B ,2,2,0,-0.054974469,1,1,302.0019457,1,0.898381547,1,1.38E-05,2.14E-05,0.608333362,0.608333362,1,6
1,bimodal,Task B ,2,2,1,-0.564488434,4,2,238.1157131,2,0.399355609,4,5.89E-05,2.34E-05,0.284583633,0.715416367,1,6
1,bimodal,Task B ,2,2,1,1.776240882,4,2,14.2583479,3,0.161054981,4,7.13E-10,1.16E-05,0.999938275,0.999938275,0,6
1,bimodal,Task B ,1,1,1,-0.382780606,1,1,159.9229111,4,0.217221926,1,0.000192239,2.52E-05,0.11607651,0.88392349,1,4
1,bimodal,Task B ,1,2,1,-0.610409866,2,1,134.2253645,5,0.278115917,2,6.69E-05,2.36E-05,0.261115201,0.738884799,1,3
1,bimodal,Task B ,1,2,0,1.053350036,2,2,19.64702173,6,-0.775366166,2,3.21E-07,1.69E-05,0.981380104,0.981380104,0,3
2,bimodal,Task B ,2,2,1,-1.213517041,2,2,257.1640688,1,0.077465757,2,9.68E-07,1.81E-05,0.949339552,0.949339552,0,6
2,bimodal,Task B ,2,2,1,-1.271545684,1,2,313.906198,2,-0.014939759,1,5.47E-07,1.75E-05,0.969691707,0.969691707,0,6
2,bimodal,Task B ,2,2,0,-0.491928408,4,1,93.50047164,3,-0.437801333,4,7.12E-05,2.37E-05,0.250039528,0.749960472,1,6
2,bimodal,Task B ,2,2,1,-2.212463904,1,2,160.06144,4,-0.052349854,1,6.94E-13,7.49E-06,0.999999907,0.999999907,0,6
2,bimodal,Task B ,1,1,1,-0.199405683,1,1,359.8595555,5,-0.098936363,1,0.000348877,2.62E-05,0.069859547,0.930140453,1,4
2,bimodal,Task B ,1,4,1,0.006234002,1,1,51.49797303,6,-0.126098976,1,0.000397182,2.64E-05,0.062361324,0.937638676,0,1
3,bimodal,Task B ,1,2,1,-0.054221903,1,1,198.8244904,1,0.06976809,1,0.000411416,2.65E-05,0.060458771,0.939541229,0,3
3,bimodal,Task B ,2,2,1,-0.286200781,2,2,269.1480256,2,-0.376905121,2,0.000168779,2.50E-05,0.129194065,0.870805935,0,6
3,bimodal,Task B ,2,3,1,-0.610659238,1,2,151.3319469,3,0.586227428,1,2.16E-05,2.20E-05,0.504538401,0.504538401,0,7
3,bimodal,Task B ,1,4,1,-0.112065691,1,1,121.8538579,4,-0.060232085,1,0.000399055,2.64E-05,0.062103838,0.937896162,1,1
3,bimodal,Task B ,2,4,1,-2.801588178,1,2,10.68372277,5,-0.08087339,1,3.31E-18,3.48E-06,1,1,0,8
3,bimodal,Task B ,1,3,1,0.339178111,4,1,82.21964999,6,0.126983939,4,0.000241599,2.56E-05,0.095835863,0.904164137,1,2
4,bimodal,Task B ,1,2,0,0.305604506,1,2,36.53922875,1,0.033778477,1,0.000282324,2.59E-05,0.08390663,0.91609337,1,3
4,bimodal,Task B ,2,3,1,-2.942394257,1,2,164.1799367,2,-0.872044559,1,4.85E-21,2.32E-06,1,1,0,7
4,bimodal,Task B ,2,3,1,0.580525747,4,2,158.4717564,3,0.452751979,4,4.27E-05,2.30E-05,0.350068933,0.649931067,1,7
4,bimodal,Task B ,2,2,1,1.281791046,3,2,114.3236021,4,-0.062080497,3,4.28E-07,1.72E-05,0.975754627,0.975754627,0,6
4,bimodal,Task B ,1,2,1,0.371931749,1,1,173.4668571,5,-0.267342219,1,0.000174126,2.51E-05,0.125939731,0.874060269,1,3
4,bimodal,Task B ,2,3,1,0.290669496,4,2,95.30488656,6,2.361787713,4,1.71E-14,5.94E-06,0.999999997,0.999999997,1,7
5,bimodal,Task B ,1,3,0,0.193565457,3,2,283.4183655,1,1.867540924,3,1.42E-10,1.04E-05,0.999986382,0.999986382,1,2
5,bimodal,Task B ,2,4,1,-0.733001896,2,2,178.1972106,2,-0.683842662,2,6.61E-06,2.04E-05,0.755830348,0.755830348,0,8
5,bimodal,Task B ,2,4,1,0.784452502,3,2,258.3969013,3,1.489854248,3,2.66E-09,1.25E-05,0.999787814,0.999787814,1,8
5,bimodal,Task B ,2,4,1,0.463987373,4,2,15.12947281,4,2.537270961,4,2.60E-16,4.58E-06,1,1,1,8
5,bimodal,Task B ,1,4,1,0.057492741,2,1,356.091473,5,0.920071588,2,1.16E-05,2.12E-05,0.64628356,0.64628356,1,1
5,bimodal,Task B ,2,3,1,1.028255099,3,2,316.2268167,6,-0.98421233,3,8.49E-08,1.56E-05,0.99458079,0.99458079,0,7
6,bimodal,Task B ,1,3,1,-0.3077249,4,1,315.2402542,1,-0.158891083,4,0.000261697,2.57E-05,0.089537905,0.910462095,1,2
6,bimodal,Task B ,1,2,0,1.028942058,1,2,238.2988719,2,2.32975925,1,5.44E-16,4.79E-06,1,1,1,3
6,bimodal,Task B ,2,2,1,0.305687216,1,2,282.9365103,3,-2.097337953,1,2.50E-12,8.12E-06,0.999999691,0.999999691,1,6
6,bimodal,Task B ,1,2,1,0.362588048,1,1,34.81246847,4,-0.369041001,1,0.000136546,2.47E-05,0.153239087,0.846760913,0,3
6,bimodal,Task B ,2,2,1,-1.455543624,2,2,79.94594692,5,-0.773575251,2,5.55E-09,1.31E-05,0.999577989,0.999577989,0,6
6,bimodal,Task B ,2,2,1,-0.244203761,2,2,168.025188,6,-1.374797716,2,1.17E-07,1.59E-05,0.992712674,0.992712674,1,6
7,bimodal,Task B ,1,4,1,-0.092483741,4,1,33.90404363,1,-0.78650941,4,3.05E-05,2.25E-05,0.424717006,0.575282994,0,1
7,bimodal,Task B ,1,4,0,0.8701065,3,2,218.4200397,2,2.610292274,3,5.50E-18,3.60E-06,1,1,1,1
7,bimodal,Task B ,1,4,0,0.431796704,1,2,287.0383911,3,0.156634112,1,0.000172526,2.51E-05,0.126895635,0.873104365,1,1
7,bimodal,Task B ,2,1,1,0.402413482,3,2,212.6982912,4,0.120977036,3,0.000199519,2.53E-05,0.112548955,0.887451045,1,5
7,bimodal,Task B ,1,4,1,0.328812172,3,1,281.7916506,5,0.198032575,3,0.000225484,2.55E-05,0.101591966,0.898408034,1,1
7,bimodal,Task B ,1,4,0,-0.987182451,3,2,334.3785531,6,-0.066750552,3,7.64E-06,2.06E-05,0.729899987,0.729899987,0,1
8,bimodal,Task B ,1,3,1,0.018823095,1,1,33.91548372,1,0.565633771,1,0.000108995,2.44E-05,0.182701813,0.817298187,0,2
8,bimodal,Task B ,2,4,0,0.783321705,2,1,137.9422607,2,-0.103382036,2,3.06E-05,2.25E-05,0.423654993,0.576345007,1,8
8,bimodal,Task B ,2,4,1,-1.544915968,3,2,349.3335984,3,-0.962474448,3,4.59E-10,1.12E-05,0.999959159,0.999959159,0,8
8,bimodal,Task B ,1,4,1,-0.178563495,1,1,173.5201052,4,0.604017582,1,7.98E-05,2.39E-05,0.23038774,0.76961226,0,1
8,bimodal,Task B ,2,4,1,0.612745763,4,2,146.0461164,5,0.488706914,4,3.15E-05,2.25E-05,0.417438404,0.582561596,1,8
8,bimodal,Task B ,2,4,1,0.918946221,2,2,188.0385504,6,3.290009092,2,1.68E-25,1.22E-06,1,1,1,8
9,bimodal,Task B ,1,2,1,0.006477298,2,1,224.7365267,1,-0.197857488,2,0.000360337,2.63E-05,0.067916042,0.932083958,0,3
9,bimodal,Task B ,1,1,1,0.254507613,1,1,53.27357302,2,-0.39519462,1,0.000166443,2.50E-05,0.130671141,0.869328859,0,4
9,bimodal,Task B ,1,2,1,-0.70854798,1,1,128.2616704,3,0.299912177,1,3.72E-05,2.28E-05,0.379755804,0.620244196,1,3
9,bimodal,Task B ,1,2,1,-0.040306419,4,1,229.9583103,4,0.104222079,4,0.000402911,2.64E-05,0.061580833,0.938419167,0,3
9,bimodal,Task B ,1,1,0,-0.384533256,2,2,56.10513019,5,0.112037118,2,0.000221542,2.55E-05,0.103111035,0.896888965,1,4
9,bimodal,Task B ,2,2,0,-0.458242019,1,1,334.7358773,6,-0.334466454,1,0.000113514,2.44E-05,0.177083722,0.822916278,1,6
10,bimodal,Task B ,1,1,1,0.112747488,3,1,359.73523,1,0.032516901,3,0.000398456,2.64E-05,0.062185928,0.937814072,1,4
10,bimodal,Task B ,2,2,1,-1.923113255,4,2,341.748267,2,0.119116779,4,9.37E-11,1.02E-05,0.999990798,0.999990798,0,6
10,bimodal,Task B ,1,2,1,0.123127741,3,1,19.21057227,3,-0.126563968,3,0.000370762,2.63E-05,0.066242869,0.933757131,1,3
10,bimodal,Task B ,1,2,0,1.336242182,2,2,14.84234241,4,-0.095068778,2,2.31E-07,1.66E-05,0.986245128,0.986245128,0,3
10,bimodal,Task B ,1,1,0,0.600964828,3,2,215.9154811,5,-0.203404446,3,7.75E-05,2.39E-05,0.235378845,0.764621155,1,4
10,bimodal,Task B ,1,1,0,0.562558676,3,2,329.8218919,6,-2.122354663,3,6.28E-13,7.44E-06,0.999999916,0.999999916,1,4
1,bimodal,Task B ,2,4,1,-0.653650612,4,2,79.25033905,1,-4.619492826,4,5.91E-44,8.56E-08,1,1,1,8
1,bimodal,Task B ,1,3,1,0.097284447,4,1,236.8630829,2,0.236440734,4,0.000319901,2.61E-05,0.075329746,0.924670254,0,2
1,bimodal,Task B ,1,3,1,0.150136549,2,1,27.5049379,3,0.384908348,2,0.00020441,2.53E-05,0.110301024,0.889698976,0,2
1,bimodal,Task B ,1,3,1,0.336172429,1,1,332.6787794,4,0.19947537,1,0.000220333,2.55E-05,0.103586541,0.896413459,1,2
1,bimodal,Task B ,1,3,1,-0.171087301,4,1,57.39811841,5,-0.111500772,4,0.000359933,2.63E-05,0.067982738,0.932017262,1,2
1,bimodal,Task B ,2,3,1,2.034410549,2,2,224.6676737,6,0.532940953,2,3.97E-12,8.35E-06,0.999999525,0.999999525,0,7
2,bimodal,Task B ,1,1,1,0.307141522,1,1,290.9988501,1,-0.250721534,1,0.000217394,2.54E-05,0.10476147,0.89523853,1,4
2,bimodal,Task B ,2,2,0,-0.1929292,4,1,14.6923518,2,0.44347162,4,0.000159178,2.49E-05,0.135497645,0.864502355,0,6
2,bimodal,Task B ,1,3,0,-0.3318179,2,2,126.144332,3,-0.160729214,2,0.000245156,2.56E-05,0.094655122,0.905344878,1,2
2,bimodal,Task B ,1,2,1,-0.34027621,1,1,196.7451178,4,0.137267394,1,0.000245887,2.56E-05,0.09441604,0.90558396,1,3
2,bimodal,Task B ,2,3,1,-0.773179454,4,2,166.1268224,5,-0.582228183,4,8.85E-06,2.08E-05,0.701754063,0.701754063,0,7
2,bimodal,Task B ,2,1,0,-0.167326865,1,1,90.98403653,6,-0.144137235,1,0.000349383,2.62E-05,0.069771266,0.930228734,1,5
3,bimodal,Task B ,2,2,1,-0.40814366,4,2,0.376033214,1,1.468786373,4,2.36E-08,1.44E-05,0.998359006,0.998359006,1,6
3,bimodal,Task B ,2,1,1,-0.224864055,1,2,327.0564792,2,1.117490424,1,1.76E-06,1.88E-05,0.914362808,0.914362808,1,5
3,bimodal,Task B ,1,3,1,-0.416132827,4,1,180.1266048,3,0.27207576,4,0.000153819,2.49E-05,0.139303256,0.860696744,1,2
3,bimodal,Task B ,1,1,0,2.202173797,3,2,340.8932865,4,0.67203241,3,1.01E-13,6.64E-06,0.999999985,0.999999985,0,4
3,bimodal,Task B ,2,2,1,1.17594787,4,2,238.9868561,5,1.575947009,4,3.54E-11,9.58E-06,0.999996304,0.999996304,1,6
3,bimodal,Task B ,2,1,1,0.205613625,2,2,65.91254875,6,1.143773695,2,1.39E-06,1.86E-05,0.93024787,0.93024787,1,5
4,bimodal,Task B ,2,2,0,-0.165689633,4,1,196.2658164,1,0.756922403,4,3.37E-05,2.26E-05,0.401871837,0.598128163,0,6
4,bimodal,Task B ,1,2,0,1.423639905,1,2,275.9988748,2,-0.711579427,1,1.04E-08,1.37E-05,0.999236615,0.999236615,0,3
4,bimodal,Task B ,1,2,1,0.429862739,3,1,32.02135724,3,-0.751832867,3,1.79E-05,2.18E-05,0.548619571,0.548619571,1,3
4,bimodal,Task B ,1,3,0,1.483290686,3,2,322.6562812,4,0.211452158,3,3.52E-08,1.47E-05,0.997617976,0.997617976,0,2
4,bimodal,Task B ,1,1,0,0.127030575,1,2,77.75519969,5,1.446520978,1,5.66E-08,1.52E-05,0.996285863,0.996285863,1,4
4,bimodal,Task B ,1,3,0,0.042933012,4,2,107.1722651,6,-0.45369762,4,0.000177155,2.51E-05,0.124171202,0.875828798,0,2
5,bimodal,Task B ,1,2,1,0.354517932,2,1,47.74600266,1,0.303331868,2,0.000167345,2.50E-05,0.130096587,0.869903413,1,3
5,bimodal,Task B ,1,4,1,-0.085023299,2,1,6.615959,2,-0.441482196,2,0.000182502,2.52E-05,0.121170748,0.878829252,0,1
5,bimodal,Task B ,1,4,0,0.119503013,1,2,299.7649892,3,2.476437372,1,2.21E-15,5.23E-06,1,1,1,1
5,bimodal,Task B ,2,2,1,-1.482789197,4,2,76.73742215,4,-0.162057334,4,4.43E-08,1.50E-05,0.997048833,0.997048833,0,6
5,bimodal,Task B ,2,4,1,1.688441865,2,2,2.559867803,5,-3.444131936,2,5.27E-31,5.52E-07,1,1,1,8
5,bimodal,Task B ,2,4,0,0.107796163,1,1,76.74455633,6,0.01589101,1,0.000401798,2.64E-05,0.061730816,0.938269184,1,8
6,bimodal,Task B ,1,2,0,-0.00096675,2,2,273.9476551,1,-1.235281245,2,6.86E-07,1.78E-05,0.962793208,0.962793208,1,3
6,bimodal,Task B ,1,2,0,-0.742311256,2,2,280.2211852,2,-1.571530911,2,1.35E-09,1.20E-05,0.999887993,0.999887993,1,3
6,bimodal,Task B ,1,2,0,0.073121312,1,2,298.1107204,3,0.083065044,1,0.00040135,2.64E-05,0.061791411,0.938208589,0,3
6,bimodal,Task B ,1,2,0,-0.309018845,3,2,98.9740115,4,-0.40587592,3,0.000145165,2.48E-05,0.145939964,0.854060036,0,3
6,bimodal,Task B ,2,2,1,-1.623281993,1,2,235.338617,5,-1.318938588,1,5.33E-12,8.51E-06,0.999999374,0.999999374,0,6
6,bimodal,Task B ,1,1,0,-1.093330998,2,2,310.4413798,6,0.141674692,2,2.87E-06,1.94E-05,0.871362715,0.871362715,0,4
7,bimodal,Task B ,1,1,0,-0.489106148,3,2,84.29608992,1,1.518307341,3,9.39E-09,1.36E-05,0.99930847,0.99930847,1,4
7,bimodal,Task B ,1,4,1,0.117529169,4,1,143.3222384,2,-0.681002635,4,5.67E-05,2.34E-05,0.292091076,0.707908924,0,1
7,bimodal,Task B ,1,4,1,-0.326111313,4,1,223.3429969,3,-0.088878195,4,0.000268303,2.58E-05,0.087650985,0.912349015,1,1
7,bimodal,Task B ,1,4,1,-0.12209212,4,1,80.01435602,4,-0.013909884,4,0.000400938,2.64E-05,0.061847266,0.938152734,1,1
7,bimodal,Task B ,1,1,1,0.153102774,2,1,292.3640504,5,0.359758184,2,0.000220432,2.55E-05,0.103547257,0.896452743,0,4
7,bimodal,Task B ,1,4,1,0.062212241,4,1,266.094886,6,-0.134359892,4,0.000386385,2.64E-05,0.063889247,0.936110753,0,1
8,bimodal,Task B ,1,4,1,0.49381596,2,1,265.0019575,1,0.355648461,2,8.79E-05,2.40E-05,0.214686395,0.785313605,1,1
8,bimodal,Task B ,2,4,1,-1.680470863,4,2,212.6871372,2,-0.419615608,4,1.77E-09,1.22E-05,0.999854937,0.999854937,0,8
8,bimodal,Task B ,1,4,0,-0.078852214,3,2,289.5082896,3,-0.354091006,3,0.000245472,2.56E-05,0.094551686,0.905448314,0,1
8,bimodal,Task B ,1,4,1,-0.20063068,1,1,333.9071862,4,0.036704762,1,0.000360272,2.63E-05,0.067926848,0.932073152,1,1
8,bimodal,Task B ,2,4,1,-1.24620606,4,2,177.7802586,5,-1.107618157,4,4.07E-09,1.29E-05,0.999684519,0.999684519,0,8
8,bimodal,Task B ,1,4,1,-0.339628545,3,1,182.7535963,6,-0.853432454,3,1.25E-05,2.13E-05,0.630627263,0.630627263,1,1
9,bimodal,Task B ,1,2,0,-0.743366508,2,2,321.9720274,1,-1.340229086,2,2.29E-08,1.44E-05,0.998406095,0.998406095,1,3
9,bimodal,Task B ,1,3,0,1.101705017,2,2,350.7724035,2,2.063424645,2,3.99E-14,6.27E-06,0.999999994,0.999999994,1,2
9,bimodal,Task B ,1,3,1,-0.360905916,4,1,354.0512041,3,0.273168325,4,0.000182877,2.52E-05,0.120966236,0.879033764,1,2
9,bimodal,Task B ,2,2,1,-1.989185799,4,2,13.99119171,4,2.207118743,4,3.91E-20,2.64E-06,1,1,1,6
9,bimodal,Task B ,1,1,1,-0.121711586,4,1,33.85683053,5,0.200157497,4,0.000338147,2.62E-05,0.071786657,0.928213343,0,4
9,bimodal,Task B ,1,2,0,-0.462868734,2,2,22.90834868,6,-0.883862309,2,6.65E-06,2.05E-05,0.754601873,0.754601873,1,3
10,bimodal,Task B ,2,2,1,-2.412218643,3,2,166.8691514,1,0.27048828,3,1.12E-14,5.79E-06,0.999999998,0.999999998,0,6
10,bimodal,Task B ,1,2,1,-0.215044251,4,1,220.2128665,2,0.121028679,4,0.000332146,2.61E-05,0.072913161,0.927086839,1,3
10,bimodal,Task B ,1,2,1,-0.436901698,3,1,260.6731837,3,-0.038581535,3,0.000194975,2.53E-05,0.114724481,0.885275519,1,3
10,bimodal,Task B ,2,3,1,-1.631094991,4,2,65.72869923,4,1.578348702,4,1.95E-13,6.92E-06,0.999999972,0.999999972,0,7
10,bimodal,Task B ,1,1,1,0.196632767,3,1,242.6520968,5,0.217500939,3,0.000292525,2.59E-05,0.081383864,0.918616136,0,4
10,bimodal,Task B ,2,2,1,-0.20793091,2,2,265.6000423,6,3.97811167,2,3.33E-33,4.02E-07,1,1,1,6
1,bimodal,Task B ,1,3,1,-0.423006983,4,1,273.7094455,1,-0.405684522,4,0.000103282,2.43E-05,0.190359582,0.809640418,1,2
1,bimodal,Task B ,2,2,1,-1.901925389,1,2,342.4966477,2,-0.067253478,1,1.37E-10,1.04E-05,0.99998688,0.99998688,0,6
1,bimodal,Task B ,1,3,1,-0.094439914,2,1,181.8260968,3,0.560480059,2,0.000108384,2.44E-05,0.183490579,0.816509421,0,2
1,bimodal,Task B ,1,2,1,-0.19750066,1,1,123.9809434,4,-0.140616573,1,0.000335655,2.61E-05,0.072249976,0.927750024,1,3
1,bimodal,Task B ,1,3,1,-0.424990328,3,1,188.3850599,5,-0.147584465,3,0.000186884,2.52E-05,0.118821903,0.881178097,1,2
1,bimodal,Task B ,1,3,1,-0.518969477,2,1,89.38720292,6,-0.065048307,2,0.000139736,2.47E-05,0.150450547,0.849549453,1,2
2,bimodal,Task B ,1,3,1,0.423809298,3,1,42.64660763,1,0.012817768,3,0.000197115,2.53E-05,0.113689139,0.886310861,1,2
2,bimodal,Task B ,1,2,1,0.526921332,3,1,156.3451709,2,-0.012260739,3,0.000130604,2.46E-05,0.15872947,0.84127053,1,3
2,bimodal,Task B ,2,2,0,-0.207480281,3,1,159.2675439,3,0.418445858,3,0.000170351,2.51E-05,0.128219652,0.871780348,0,6
2,bimodal,Task B ,2,1,0,0.005100513,2,1,148.162055,4,-0.149856646,2,0.000386484,2.64E-05,0.063874852,0.936125148,0,5
2,bimodal,Task B ,2,3,1,-1.844701698,3,2,299.9570134,5,-0.041846405,3,3.36E-10,1.10E-05,0.999969527,0.999969527,0,7
2,bimodal,Task B ,2,4,1,-2.290480187,4,2,89.09657455,6,0.431398992,4,7.43E-14,6.51E-06,0.999999989,0.999999989,0,8
3,bimodal,Task B ,2,3,1,1.217763552,1,2,231.9955193,1,-0.775392974,1,6.76E-08,1.54E-05,0.995617647,0.995617647,0,7
3,bimodal,Task B ,1,3,1,0.038086891,4,1,144.6099748,2,-0.401020792,4,0.000214509,2.54E-05,0.105941678,0.894058322,0,2
3,bimodal,Task B ,2,4,1,-0.589908451,2,2,240.3992354,3,2.426578606,2,1.61E-15,5.13E-06,1,1,1,8
3,bimodal,Task B ,1,4,0,-0.071926353,1,2,328.505475,4,-0.025211494,1,0.000415756,2.65E-05,0.059902361,0.940097639,1,1
3,bimodal,Task B ,1,3,1,0.464672945,4,1,283.5677633,5,0.595757865,4,3.76E-05,2.28E-05,0.377453232,0.622546768,0,2
3,bimodal,Task B ,1,2,1,0.432990445,1,1,276.5011891,6,0.250588592,1,0.000146006,2.48E-05,0.145266571,0.854733429,1,3
4,bimodal,Task B ,1,4,0,-0.02003163,3,2,228.9121463,1,0.724651279,3,4.58E-05,2.31E-05,0.334913763,0.665086237,0,1
4,bimodal,Task B ,1,2,0,0.415263538,2,2,168.233174,2,0.146519298,2,0.000185405,2.52E-05,0.119604176,0.880395824,1,3
4,bimodal,Task B ,1,1,1,0.260984292,1,1,172.3477732,3,0.262348391,1,0.000235538,2.56E-05,0.09791976,0.90208024,1,4
4,bimodal,Task B ,1,1,0,1.857312888,4,2,198.6408953,4,-0.072645058,4,2.29E-10,1.08E-05,0.999978745,0.999978745,0,4
4,bimodal,Task B ,1,2,0,-0.569389689,4,2,62.22927208,5,0.203400518,4,9.51E-05,2.42E-05,0.202635137,0.797364863,1,3
4,bimodal,Task B ,1,2,1,-0.042452996,2,1,190.3595839,6,-0.315519395,2,0.000278212,2.58E-05,0.08496991,0.91503009,0,3
5,bimodal,Task B ,1,4,1,0.213698424,1,1,32.13164143,1,-0.407894204,1,0.000172953,2.51E-05,0.126639298,0.873360702,0,1
5,bimodal,Task B ,1,4,1,0.05368725,2,1,110.1815215,2,0.338017645,2,0.000257227,2.57E-05,0.090863586,0.909136414,0,1
5,bimodal,Task B ,2,1,0,-0.344239428,3,1,344.5719139,3,0.04764967,3,0.000261061,2.57E-05,0.089724226,0.910275774,1,5
5,bimodal,Task B ,1,4,0,0.674578397,2,2,208.1808654,4,3.165696092,2,2.54E-23,1.67E-06,1,1,1,1
5,bimodal,Task B ,1,4,1,-0.144592362,2,1,272.5193849,5,0.609649554,2,8.10E-05,2.39E-05,0.227895103,0.772104897,0,1
5,bimodal,Task B ,1,3,1,-0.137683345,1,1,303.8808163,6,-0.72808995,1,4.25E-05,2.30E-05,0.351031731,0.648968269,0,2
6,bimodal,Task B ,1,2,1,0.051047481,3,1,223.6440038,1,0.344733547,3,0.000252598,2.57E-05,0.092279617,0.907720383,0,3
6,bimodal,Task B ,2,2,1,1.657471324,3,2,76.13666587,2,-1.503680516,3,3.17E-13,7.13E-06,0.999999956,0.999999956,0,6
6,bimodal,Task B ,2,2,1,0.7109976,4,2,331.9440404,3,-0.573765763,4,1.26E-05,2.13E-05,0.628055342,0.628055342,0,6
6,bimodal,Task B ,1,2,1,-0.077198469,2,1,76.72673104,4,-0.010069402,2,0.00041537,2.65E-05,0.059951384,0.940048616,1,3
6,bimodal,Task B ,1,2,1,0.528081463,2,1,277.7496711,5,-0.112570639,2,0.000123384,2.46E-05,0.165979695,0.834020305,1,3
6,bimodal,Task B ,2,1,1,-0.710494707,3,2,358.3735381,6,-0.205721307,3,4.52E-05,2.31E-05,0.337669778,0.662330222,1,5
7,bimodal,Task B ,1,4,0,2.40312228,3,2,38.28565557,1,-0.011981924,3,1.46E-14,5.88E-06,0.999999998,0.999999998,0,1
7,bimodal,Task B ,1,1,1,-0.211954679,2,1,54.84554842,2,-0.188519993,2,0.000306794,2.60E-05,0.078107599,0.921892401,1,4
7,bimodal,Task B ,1,1,1,0.133133877,3,1,115.1837614,3,-0.309585589,3,0.000262308,2.57E-05,0.089359983,0.910640017,0,4
7,bimodal,Task B ,1,4,1,-0.013915962,4,1,44.23701751,4,-0.034325714,4,0.000422349,2.65E-05,0.059077137,0.940922863,0,1
7,bimodal,Task B ,1,1,0,-1.42838788,2,2,86.51558143,5,1.311273278,2,6.60E-11,9.96E-06,0.999993375,0.999993375,0,4
7,bimodal,Task B ,1,4,1,-0.228633153,4,1,10.56025796,6,-0.381199137,4,0.000187771,2.52E-05,0.118357774,0.881642226,0,1
8,bimodal,Task B ,1,4,0,-0.92350146,4,2,127.5204053,1,-0.973862068,4,2.37E-07,1.66E-05,0.985928892,0.985928892,1,1
8,bimodal,Task B ,2,4,1,-1.040542831,2,2,339.5268552,2,-0.552853685,2,1.38E-06,1.85E-05,0.930848621,0.930848621,0,8
8,bimodal,Task B ,2,4,1,1.773607686,2,2,116.588017,3,1.120256489,2,4.10E-12,8.37E-06,0.999999511,0.999999511,0,8
8,bimodal,Task B ,1,4,1,-0.03214632,3,1,64.68709464,4,0.056951783,3,0.000417161,2.65E-05,0.059724508,0.940275492,0,1
8,bimodal,Task B ,1,4,1,0.231402223,4,1,350.5542745,5,-0.01531938,4,0.000335764,2.61E-05,0.072229573,0.927770427,1,1
8,bimodal,Task B ,1,4,0,0.474555547,4,2,222.1439382,6,0.628955779,4,3.04E-05,2.25E-05,0.424934559,0.575065441,0,1
9,bimodal,Task B ,2,1,1,0.881610092,3,2,328.9918744,1,-1.148928078,3,6.22E-08,1.53E-05,0.995947524,0.995947524,1,5
9,bimodal,Task B ,1,1,0,0.761145071,2,2,48.64163916,2,1.244182248,2,5.29E-08,1.51E-05,0.996515178,0.996515178,1,4
9,bimodal,Task B ,1,4,1,0.158335224,3,1,23.88443765,3,0.1247847,3,0.000354894,2.62E-05,0.068824979,0.931175021,1,1
9,bimodal,Task B ,2,3,0,-0.205625611,3,1,350.8694614,4,0.300999379,3,0.000244435,2.56E-05,0.094891957,0.905108043,0,7
9,bimodal,Task B ,1,2,1,-0.167865748,2,1,338.3513245,5,-0.161235965,2,0.000341584,2.62E-05,0.07115744,0.92884256,1,3
9,bimodal,Task B ,2,2,1,-1.667882289,3,2,18.81274223,6,-0.465824575,3,1.78E-09,1.22E-05,0.999854634,0.999854634,0,6
10,bimodal,Task B ,1,2,1,0.638884271,1,1,20.39773312,1,-0.279232452,1,5.46E-05,2.33E-05,0.299550066,0.700449934,1,3
10,bimodal,Task B ,1,1,1,-0.392237642,2,1,138.987963,2,0.276182366,2,0.000164893,2.50E-05,0.131670964,0.868329036,1,4
10,bimodal,Task B ,2,1,1,-1.503955696,2,2,52.17430138,3,-0.557576541,2,1.03E-08,1.37E-05,0.999246493,0.999246493,0,5
10,bimodal,Task B ,1,2,0,0.341599827,4,2,36.42288099,4,-0.475291287,4,9.96E-05,2.42E-05,0.19560805,0.80439195,0,3
10,bimodal,Task B ,2,1,1,1.214279858,2,2,207.108696,5,-1.449703544,2,1.25E-10,1.04E-05,0.999987913,0.999987913,1,5
10,bimodal,Task B ,1,2,1,0.017136898,1,1,198.417846,6,0.314738032,1,0.000277786,2.58E-05,0.085081761,0.914918239,0,3
1,bimodal,Task B ,1,2,1,0.773156466,3,1,6.253804129,1,0.272509364,3,2.49E-05,2.22E-05,0.471455834,0.528544166,1,3
1,bimodal,Task B ,2,1,1,-1.442042512,3,2,144.628819,2,1.598989047,3,1.63E-12,7.90E-06,0.999999794,0.999999794,1,5
1,bimodal,Task B ,2,1,1,-2.010454341,1,2,100.5174562,3,-0.43061151,1,1.10E-11,8.90E-06,0.999998761,0.999998761,0,5
1,bimodal,Task B ,1,2,1,0.139967946,3,1,167.9353463,4,-0.176302267,3,0.000341494,2.62E-05,0.07117379,0.92882621,0,3
1,bimodal,Task B ,1,3,1,0.28593137,2,1,50.9636558,5,0.311427556,2,0.000197277,2.53E-05,0.113611268,0.886388732,0,2
1,bimodal,Task B ,2,3,1,-1.365502131,2,2,181.2649411,6,0.696462454,2,2.52E-08,1.44E-05,0.998259872,0.998259872,0,7
2,bimodal,Task B ,1,1,1,-0.296810088,1,1,275.05162,1,0.155591048,1,0.00026906,2.58E-05,0.08743998,0.91256002,1,4
2,bimodal,Task B ,2,2,0,-0.394903537,3,1,252.7220389,2,-0.392497012,3,0.000118613,2.45E-05,0.171161004,0.828838996,0,6
2,bimodal,Task B ,1,2,0,1.281240448,2,2,154.9599003,3,0.625423545,2,8.33E-08,1.56E-05,0.994671827,0.994671827,0,3
2,bimodal,Task B ,2,2,0,0.419340618,2,1,100.0472973,4,-0.608377135,2,4.23E-05,2.30E-05,0.351859545,0.648140455,0,6
2,bimodal,Task B ,1,2,1,-0.401822829,3,1,247.7798775,5,0.303356948,3,0.00014951,2.49E-05,0.142527653,0.857472347,1,3
2,bimodal,Task B ,1,3,1,0.011025922,1,1,20.51234205,6,-0.34984477,1,0.000253863,2.57E-05,0.091888113,0.908111887,0,2
3,bimodal,Task B ,2,4,1,-0.753368355,4,2,126.8970482,1,-2.289655946,4,1.05E-14,5.76E-06,0.999999998,0.999999998,1,8
3,bimodal,Task B ,1,4,1,0.159254671,1,1,315.4139262,2,0.088154196,1,0.000366463,2.63E-05,0.06692236,0.93307764,1,1
3,bimodal,Task B ,1,1,0,-1.168507786,4,2,109.5709955,3,0.231716627,4,1.23E-06,1.84E-05,0.937357814,0.937357814,0,4
3,bimodal,Task B ,1,3,1,-0.060500831,1,1,152.9004032,4,-0.014958474,1,0.000418829,2.65E-05,0.059514773,0.940485227,1,2
3,bimodal,Task B ,1,3,1,-0.223627218,2,1,234.8436086,5,0.026701621,2,0.000347314,2.62E-05,0.07013356,0.92986644,1,2
3,bimodal,Task B ,1,3,1,0.022322761,4,1,300.0229327,6,-0.666653663,4,6.53E-05,2.36E-05,0.265475944,0.734524056,0,2
4,bimodal,Task B ,1,2,0,-0.398959176,1,2,296.7022989,1,0.779974457,1,1.70E-05,2.17E-05,0.560975974,0.560975974,1,3
4,bimodal,Task B ,2,4,1,1.952139497,4,2,248.8994605,2,-1.269897135,4,5.82E-14,6.42E-06,0.999999991,0.999999991,0,8
4,bimodal,Task B ,1,3,0,0.576582246,3,2,206.5526177,3,1.248432049,3,1.42E-07,1.61E-05,0.991237677,0.991237677,1,2
4,bimodal,Task B ,1,3,1,-0.180437315,2,1,127.1532561,4,-0.15143303,2,0.000339963,2.62E-05,0.07145266,0.92854734,1,2
4,bimodal,Task B ,1,3,1,-0.384074413,4,1,254.7070396,5,-0.163725089,4,0.000209552,2.54E-05,0.108036132,0.891963868,1,2
4,bimodal,Task B ,1,1,1,0.259515794,2,1,118.0401591,6,0.176499153,2,0.000277303,2.58E-05,0.085208701,0.914791299,1,4
5,bimodal,Task B ,1,4,1,0.188937169,4,1,6.440813326,1,0.057004971,4,0.000357455,2.62E-05,0.068394221,0.931605779,1,1
5,bimodal,Task B ,2,3,1,-1.825999196,3,2,15.61599624,2,-0.687601148,3,6.16E-11,9.91E-06,0.999993792,0.999993792,0,7
5,bimodal,Task B ,1,3,1,0.169613279,1,1,359.5536428,3,-0.262032258,1,0.000280379,2.58E-05,0.084406099,0.915593901,0,2
5,bimodal,Task B ,2,4,1,1.619742622,4,2,111.9003241,4,-2.035745814,4,1.89E-16,4.48E-06,1,1,1,8
5,bimodal,Task B ,1,4,1,-0.431782845,2,1,136.9892741,5,-0.024512974,2,0.000199274,2.53E-05,0.112664109,0.887335891,1,1
5,bimodal,Task B ,1,4,1,0.315751078,2,1,349.3786328,6,-0.287916616,2,0.000195366,2.53E-05,0.114533469,0.885466531,1,1
6,bimodal,Task B ,2,3,1,1.717733624,1,2,148.1236997,1,2.135505547,1,7.95E-18,3.68E-06,1,1,1,7
6,bimodal,Task B ,1,2,1,-0.032996901,2,1,324.482937,2,-0.385629758,2,0.000226823,2.55E-05,0.101086527,0.898913473,0,3
6,bimodal,Task B ,2,2,0,0.090442729,3,1,219.8533771,3,0.298730931,3,0.000279291,2.58E-05,0.084688267,0.915311733,0,6
6,bimodal,Task B ,1,2,0,-0.354291573,1,2,310.7832497,4,1.378692256,1,8.27E-08,1.56E-05,0.994712872,0.994712872,1,3
6,bimodal,Task B ,2,2,1,1.545095344,4,2,331.1718198,5,0.376814866,4,1.07E-08,1.37E-05,0.999220033,0.999220033,0,6
6,bimodal,Task B ,1,2,0,3.086681166,4,2,345.4017184,6,-1.214140061,4,4.86E-24,1.50E-06,1,1,0,3
7,bimodal,Task B ,1,4,0,1.522672617,4,2,348.4678348,1,0.27066242,4,1.90E-08,1.42E-05,0.998659795,0.998659795,0,1
7,bimodal,Task B ,1,4,1,0.321351446,3,1,311.1693676,2,0.470683933,3,0.000106276,2.43E-05,0.186264882,0.813735118,0,1
7,bimodal,Task B ,1,1,1,-0.315974449,3,1,111.4483352,3,-0.470962508,3,0.000112165,2.44E-05,0.178723374,0.821276626,0,4
7,bimodal,Task B ,1,1,1,-0.24902376,2,1,106.4888422,4,-0.105439926,2,0.000317078,2.60E-05,0.075910626,0.924089374,1,4
7,bimodal,Task B ,2,1,1,-1.351670438,2,2,132.0891077,5,0.550853896,2,6.34E-08,1.53E-05,0.995873075,0.995873075,0,5
7,bimodal,Task B ,1,4,1,0.197765001,2,1,176.7330606,6,0.496498961,2,0.000125539,2.46E-05,0.163743821,0.836256179,0,1
8,bimodal,Task B ,2,4,1,2.886378511,2,2,279.681298,1,-0.87145495,2,1.43E-20,2.48E-06,1,1,0,8
8,bimodal,Task B ,1,4,1,-0.156397373,3,1,109.1778671,2,0.062890437,3,0.000379567,2.63E-05,0.064894837,0.935105163,1,1
8,bimodal,Task B ,1,4,1,-0.042347777,4,1,333.1431409,3,-0.276142602,4,0.000306839,2.60E-05,0.078097792,0.921902208,0,1
8,bimodal,Task B ,1,1,0,-2.931219399,2,2,122.648634,4,1.68242776,2,9.92E-25,1.36E-06,1,1,0,4
8,bimodal,Task B ,1,4,0,0.199891965,3,2,162.8519726,5,0.341503393,3,0.000216812,2.54E-05,0.10499731,0.89500269,0,1
8,bimodal,Task B ,2,4,1,-3.675567579,2,2,333.3118242,6,-0.908869585,2,6.78E-30,6.48E-07,1,1,0,8
9,bimodal,Task B ,2,1,0,-0.182709241,2,1,209.1561742,1,0.198421045,2,0.000314888,2.60E-05,0.076367821,0.923632179,0,5
9,bimodal,Task B ,2,1,1,-0.535727857,3,2,103.763133,2,0.527658445,3,4.06E-05,2.29E-05,0.360846095,0.639153905,0,5
9,bimodal,Task B ,1,1,0,0.115968828,2,2,126.2638522,3,-0.020754599,2,0.000398467,2.64E-05,0.062184384,0.937815616,1,4
9,bimodal,Task B ,2,2,1,-0.562897014,3,2,277.8991795,4,-1.328409719,3,6.91E-08,1.54E-05,0.995528852,0.995528852,1,6
9,bimodal,Task B ,1,3,1,-0.099383101,1,1,187.6717259,5,0.697788407,1,5.20E-05,2.33E-05,0.309129763,0.690870237,0,2
9,bimodal,Task B ,1,3,1,0.265549614,2,1,58.53403242,6,0.022757801,2,0.000311907,2.60E-05,0.076999173,0.923000827,1,2
10,bimodal,Task B ,1,1,0,-1.344093503,2,2,191.5981269,1,-1.031473944,2,2.83E-09,1.26E-05,0.999775179,0.999775179,0,4
10,bimodal,Task B ,1,1,1,0.104297539,3,1,284.4950237,2,-0.882253538,3,1.52E-05,2.15E-05,0.585568091,0.585568091,1,4
10,bimodal,Task B ,2,3,1,1.272952423,2,2,57.90368293,3,1.649865687,2,4.80E-12,8.45E-06,0.999999432,0.999999432,1,7
10,bimodal,Task B ,1,1,0,1.736095069,1,2,56.27315186,4,0.504767277,1,4.87E-10,1.13E-05,0.999956874,0.999956874,0,4
10,bimodal,Task B ,2,1,1,1.25949423,4,2,170.0147467,5,-1.416727583,4,1.17E-10,1.03E-05,0.999988659,0.999988659,1,5
10,bimodal,Task B ,1,1,1,0.295462999,1,1,56.74933016,6,0.41134533,1,0.000141908,2.48E-05,0.148612041,0.851387959,0,4
1,bimodal,Task B ,2,2,1,2.561456999,1,2,332.2467412,1,-0.42107096,1,2.63E-16,4.58E-06,1,1,0,6
1,bimodal,Task B ,2,2,1,1.163667767,2,2,115.336453,2,0.845749512,2,7.02E-08,1.54E-05,0.995459891,0.995459891,0,6
1,bimodal,Task B ,2,2,1,0.648552603,2,2,359.2029936,3,-1.216885532,2,1.40E-07,1.61E-05,0.991348366,0.991348366,1,6
1,bimodal,Task B ,1,3,1,0.191464322,1,1,220.8996202,4,0.390591327,1,0.000188836,2.52E-05,0.117806058,0.882193942,0,2
1,bimodal,Task B ,2,1,1,-0.763927449,1,2,42.99441804,5,2.316172237,1,5.56E-15,5.54E-06,0.999999999,0.999999999,1,5
1,bimodal,Task B ,2,2,1,-0.186998265,1,2,207.1615219,6,0.462922095,1,0.000149077,2.48E-05,0.142860262,0.857139738,0,6
2,bimodal,Task B ,1,2,1,0.396396548,3,1,27.82856117,1,-0.817740303,3,1.30E-05,2.13E-05,0.621203357,0.621203357,1,3
2,bimodal,Task B ,1,2,1,-0.081854533,2,1,308.2082531,2,0.026914376,2,0.000412928,2.65E-05,0.060263714,0.939736286,1,3
2,bimodal,Task B ,1,3,1,0.440504038,4,1,326.4473532,3,0.485442864,4,6.83E-05,2.37E-05,0.257350476,0.742649524,0,2
2,bimodal,Task B ,1,2,1,-0.296048937,2,1,20.22966589,4,0.002648304,2,0.00029906,2.60E-05,0.079848748,0.920151252,1,3
2,bimodal,Task B ,1,2,1,-0.692362802,3,1,319.9352138,5,-0.359344243,3,3.49E-05,2.27E-05,0.394131176,0.605868824,1,3
2,bimodal,Task B ,2,1,0,-0.059476134,2,1,47.04091829,6,-0.260275201,2,0.00031597,2.60E-05,0.076141256,0.923858744,0,5
3,bimodal,Task B ,1,4,1,-0.144613693,4,1,47.23350156,1,-0.01927844,4,0.00039121,2.64E-05,0.063196968,0.936803032,1,1
3,bimodal,Task B ,1,1,1,-0.574806722,1,1,171.1021377,2,-0.190098637,1,9.52E-05,2.42E-05,0.202481389,0.797518611,1,4
3,bimodal,Task B ,1,2,0,-0.581947351,1,2,228.3783074,3,0.474101193,1,4.12E-05,2.29E-05,0.357657804,0.642342196,1,3
3,bimodal,Task B ,2,4,1,1.461180686,2,2,286.4374134,4,2.119875264,2,3.15E-16,4.63E-06,1,1,1,8
3,bimodal,Task B ,2,1,0,0.325081478,2,1,326.8981321,5,0.074992228,2,0.000262891,2.57E-05,0.089190804,0.910809196,1,5
3,bimodal,Task B ,1,3,0,-0.375201971,2,2,191.1978375,6,-0.405573642,2,0.000120786,2.45E-05,0.168759809,0.831240191,0,2
4,bimodal,Task B ,1,4,0,0.669534722,4,2,81.50784765,1,0.05048948,4,6.32E-05,2.35E-05,0.271507815,0.728492185,1,1
4,bimodal,Task B ,2,4,1,0.727112619,3,2,207.2969237,2,1.274380766,3,4.74E-08,1.50E-05,0.996854014,0.996854014,1,8
4,bimodal,Task B ,1,4,1,0.613352409,4,1,239.3615305,3,0.101203253,4,8.27E-05,2.39E-05,0.224595343,0.775404657,1,1
4,bimodal,Task B ,2,1,1,2.289457732,2,2,94.47737549,4,-1.050674484,2,1.29E-15,5.06E-06,1,1,0,5
4,bimodal,Task B ,1,1,1,-0.184481393,4,1,70.87482232,5,0.532764024,4,0.000111485,2.44E-05,0.179561041,0.820438959,0,4
4,bimodal,Task B ,1,1,1,0.11015881,2,1,212.6978146,6,-0.833579068,2,2.16E-05,2.20E-05,0.505205014,0.505205014,1,4
5,bimodal,Task B ,1,4,0,0.006593203,2,2,320.5905028,1,-0.996200803,2,6.50E-06,2.04E-05,0.758601657,0.758601657,1,1
5,bimodal,Task B ,1,4,1,0.184641554,2,1,67.16911857,2,-0.176742708,2,0.000320647,2.61E-05,0.075177773,0.924822227,1,1
5,bimodal,Task B ,1,2,0,-0.241655846,4,2,78.73382104,3,0.507345189,4,0.000112993,2.44E-05,0.17771257,0.82228743,0,3
5,bimodal,Task B ,1,1,0,-1.097829537,2,2,32.02352855,4,-3.075300478,2,1.42E-23,1.61E-06,1,1,1,4
5,bimodal,Task B ,2,4,1,2.252468144,3,2,144.2752812,5,-1.689740412,3,1.61E-18,3.33E-06,1,1,0,8
5,bimodal,Task B ,2,4,1,-1.988496055,3,2,239.8076786,6,0.447103777,3,1.48E-11,9.07E-06,0.99999837,0.99999837,0,8
6,bimodal,Task B ,2,2,1,2.462430519,4,2,105.0967605,1,-0.123324642,4,4.12E-15,5.44E-06,0.999999999,0.999999999,0,6
6,bimodal,Task B ,1,2,1,0.143540653,4,1,140.1669998,2,0.083234324,4,0.000375409,2.63E-05,0.065524217,0.934475783,1,3
6,bimodal,Task B ,1,2,0,-0.542718539,2,2,326.8459361,3,-1.012742925,2,1.71E-06,1.88E-05,0.916699214,0.916699214,1,3
6,bimodal,Task B ,2,2,1,-0.202937444,3,2,23.11645413,4,-1.368876099,3,1.35E-07,1.60E-05,0.991674559,0.991674559,1,6
6,bimodal,Task B ,2,2,0,-0.801427467,2,1,27.5846276,5,0.088290872,2,2.96E-05,2.25E-05,0.43140734,0.56859266,1,6
6,bimodal,Task B ,2,2,1,-0.486225682,4,2,353.5174929,6,-0.846148681,4,8.00E-06,2.07E-05,0.721266472,0.721266472,1,6
7,bimodal,Task B ,2,1,1,-0.697176316,4,2,183.0356691,1,0.225008395,4,4.70E-05,2.31E-05,0.329887753,0.670112247,1,5
7,bimodal,Task B ,1,4,0,0.629229217,1,2,170.8218045,2,1.739998623,1,2.20E-10,1.07E-05,0.999979533,0.999979533,1,1
7,bimodal,Task B ,1,4,0,0.693384585,1,2,264.0944643,3,-2.425089845,1,9.47E-16,4.96E-06,1,1,1,1
7,bimodal,Task B ,2,4,1,-2.69127949,2,2,205.1346429,4,0.090209168,2,4.04E-17,4.07E-06,1,1,0,8
7,bimodal,Task B ,1,1,1,0.53342877,1,1,266.8007673,5,-0.053109115,1,0.000125511,2.46E-05,0.163772538,0.836227462,1,4
7,bimodal,Task B ,1,1,1,0.559284229,2,1,356.5178903,6,0.516176538,2,3.64E-05,2.28E-05,0.38460106,0.61539894,1,4
8,bimodal,Task B ,2,4,1,-1.766749596,1,2,179.9794531,1,-1.432810468,1,1.90E-13,6.91E-06,0.999999973,0.999999973,0,8
8,bimodal,Task B ,1,4,0,1.83627725,1,2,179.4196834,2,-0.965288795,1,6.39E-12,8.61E-06,0.999999257,0.999999257,0,1
8,bimodal,Task B ,1,4,0,0.198047943,2,2,219.8585535,3,-0.840517684,2,1.83E-05,2.18E-05,0.543906415,0.543906415,1,1
8,bimodal,Task B ,2,4,1,1.637215574,3,2,355.7443405,4,-0.741020367,3,5.72E-10,1.14E-05,0.999949839,0.999949839,0,8
8,bimodal,Task B ,2,4,0,-0.714875177,1,1,226.8994789,5,0.007812497,1,5.26E-05,2.33E-05,0.306912997,0.693087003,1,8
8,bimodal,Task B ,2,4,1,-1.319887737,2,2,75.17707768,6,-0.31774917,2,2.14E-07,1.65E-05,0.987214519,0.987214519,0,8
9,bimodal,Task B ,2,2,0,-0.079542547,2,1,2.123552892,1,-0.010277044,2,0.000414777,2.65E-05,0.060026969,0.939973031,1,6
9,bimodal,Task B ,1,3,1,-0.266038299,3,1,213.1392662,2,0.100061172,3,0.00030672,2.60E-05,0.078123796,0.921876204,1,2
9,bimodal,Task B ,2,3,1,-2.606693943,3,2,86.12314451,3,-1.304378159,3,2.07E-19,2.93E-06,1,1,0,7
9,bimodal,Task B ,1,2,1,0.589736033,4,1,31.22268735,4,0.131683432,4,9.04E-05,2.41E-05,0.210431152,0.789568848,1,3
9,bimodal,Task B ,1,1,0,-0.872139373,2,2,351.0505228,5,0.880569955,2,7.05E-07,1.78E-05,0.96185629,0.96185629,1,4
9,bimodal,Task B ,2,2,0,0.095404524,2,1,261.4161207,6,0.475007928,2,0.000156095,2.49E-05,0.137660277,0.862339723,0,6
10,bimodal,Task B ,2,2,1,1.762600856,2,2,69.26941259,1,1.571971763,2,2.83E-14,6.13E-06,0.999999995,0.999999995,0,6
10,bimodal,Task B ,1,2,1,-0.268835026,4,1,188.1873335,2,-0.072677541,4,0.000311611,2.60E-05,0.07706229,0.92293771,1,3
10,bimodal,Task B ,1,1,1,-0.06294431,1,1,85.72025871,3,-0.275051515,1,0.000305156,2.60E-05,0.078469833,0.921530167,0,4
10,bimodal,Task B ,1,1,1,0.253104134,1,1,138.4336928,4,-0.073681602,1,0.00031433,2.60E-05,0.076485002,0.923514998,1,4
10,bimodal,Task B ,1,1,1,0.657899771,4,1,204.3308381,5,-0.075567557,4,6.66E-05,2.36E-05,0.2618381,0.7381619,1,4
10,bimodal,Task B ,1,2,0,0.406648001,4,2,178.9185744,6,-2.254710991,4,1.03E-13,6.65E-06,0.999999985,0.999999985,1,3
1,bimodal,Task B ,1,2,0,1.287864318,4,2,354.5842204,1,-0.532470162,4,1.24E-07,1.59E-05,0.99229282,0.99229282,0,3
1,bimodal,Task B ,2,4,1,-1.768235255,4,2,193.8269154,2,-1.862878908,4,4.71E-16,4.75E-06,1,1,1,8
1,bimodal,Task B ,2,2,1,1.027577696,4,2,115.5301756,3,0.058544915,4,4.96E-06,2.01E-05,0.801852189,0.801852189,0,6
1,bimodal,Task B ,1,3,1,-0.151472016,4,1,242.7215419,4,0.027046776,4,0.000387262,2.64E-05,0.063762276,0.936237724,1,2
1,bimodal,Task B ,1,1,1,-0.312983107,1,1,346.1662373,5,0.037066153,1,0.000284994,2.59E-05,0.083230652,0.916769348,1,4
1,bimodal,Task B ,1,3,1,-0.190632801,1,1,159.2504795,6,0.560767547,1,9.70E-05,2.42E-05,0.199546098,0.800453902,0,2
2,bimodal,Task B ,2,3,1,-2.795710098,1,2,240.0289358,1,0.410988644,1,1.90E-18,3.36E-06,1,1,0,7
2,bimodal,Task B ,1,2,1,0.149579119,3,1,172.661768,2,-0.450026259,3,0.000164132,2.50E-05,0.132167262,0.867832738,0,3
2,bimodal,Task B ,2,1,0,-0.083384792,4,1,337.4922711,3,-0.617687582,4,8.33E-05,2.40E-05,0.223454249,0.776545751,0,5
2,bimodal,Task B ,2,3,1,-1.793872568,3,2,69.85150918,4,-0.270236907,3,5.36E-10,1.14E-05,0.999952779,0.999952779,0,7
2,bimodal,Task B ,2,4,1,-0.39015542,4,2,21.42270383,5,0.911338751,4,6.83E-06,2.05E-05,0.750093933,0.750093933,1,8
2,bimodal,Task B ,1,2,1,-0.180367186,2,1,271.7202429,6,-0.1133507,2,0.000354632,2.62E-05,0.068869374,0.931130626,1,3
3,bimodal,Task B ,1,4,1,0.016242078,2,1,48.2386935,1,-0.155193861,2,0.000383278,2.64E-05,0.064343395,0.935656605,0,1
3,bimodal,Task B ,1,3,1,0.171230145,3,1,201.1306012,2,-0.338914635,3,0.000230351,2.55E-05,0.099779443,0.900220557,0,2
3,bimodal,Task B ,2,4,1,0.177654102,2,2,196.7607379,3,-0.538411501,2,0.000109223,2.44E-05,0.182409768,0.817590232,0,8
3,bimodal,Task B ,2,4,1,2.102239482,2,2,46.77938527,4,-0.985932088,2,6.88E-14,6.48E-06,0.999999989,0.999999989,0,8
3,bimodal,Task B ,2,4,1,-2.163402852,2,2,170.8210401,5,0.042221026,2,1.69E-12,7.92E-06,0.999999786,0.999999786,0,8
3,bimodal,Task B ,1,3,1,0.271753073,2,1,188.4854579,6,-0.389091307,2,0.000163414,2.50E-05,0.132639479,0.867360521,0,2
4,bimodal,Task B ,1,2,1,-0.06815586,2,1,172.0282592,1,0.978354041,2,7.26E-06,2.06E-05,0.739013459,0.739013459,1,3
4,bimodal,Task B ,1,4,1,-0.010616743,4,1,342.6252346,2,0.297289045,4,0.000291254,2.59E-05,0.081689639,0.918310361,0,1
4,bimodal,Task B ,1,1,1,-0.162768766,2,1,136.8540055,3,-0.301469365,2,0.000261912,2.57E-05,0.089475197,0.910524803,0,4
4,bimodal,Task B ,1,2,0,0.478610506,3,2,197.2391257,4,-0.834076774,3,8.58E-06,2.08E-05,0.707852611,0.707852611,1,3
4,bimodal,Task B ,1,2,1,-0.130278905,2,1,106.0476156,5,-0.10007811,2,0.000381885,2.64E-05,0.06454932,0.93545068,1,3
4,bimodal,Task B ,1,2,1,-0.373661203,1,1,229.5701134,6,-0.36255948,1,0.000139453,2.47E-05,0.150693548,0.849306452,1,3
5,bimodal,Task B ,1,4,1,0.097214506,2,1,74.7351414,1,0.154218672,2,0.000366714,2.63E-05,0.066882289,0.933117711,0,1
5,bimodal,Task B ,2,4,1,-1.142974635,3,2,234.0334207,2,0.990950413,3,3.09E-08,1.46E-05,0.997889369,0.997889369,0,8
5,bimodal,Task B ,2,4,1,3.130054774,1,2,207.6832458,3,-1.380128519,1,2.57E-25,1.25E-06,1,1,0,8
5,bimodal,Task B ,2,4,1,1.338211289,4,2,76.59491964,4,-1.303872112,4,1.82E-10,1.06E-05,0.999982836,0.999982836,0,8
5,bimodal,Task B ,1,4,1,-0.348393428,4,1,80.3663878,5,-0.071492776,4,0.000255276,2.57E-05,0.091454938,0.908545062,1,1
5,bimodal,Task B ,1,4,1,-0.106314079,4,1,322.9601838,6,-0.253920155,4,0.000310863,2.60E-05,0.077222872,0.922777128,0,1
6,bimodal,Task B ,1,2,1,0.022989494,3,1,147.9084993,1,-0.034521558,3,0.000421,2.65E-05,0.059244038,0.940755962,0,3
6,bimodal,Task B ,1,2,1,-0.132248877,3,1,3.359446588,2,0.058151184,3,0.000391232,2.64E-05,0.06319386,0.93680614,1,3
6,bimodal,Task B ,1,2,1,-0.090840868,4,1,121.5934211,3,-0.392316646,4,0.000216002,2.54E-05,0.10532738,0.89467262,0,3
6,bimodal,Task B ,1,2,1,-0.171506533,3,1,186.091625,4,0.11962448,3,0.000355964,2.62E-05,0.068644226,0.931355774,1,3
6,bimodal,Task B ,1,1,0,0.314730875,2,2,200.5776603,5,1.107647549,2,1.54E-06,1.87E-05,0.923729113,0.923729113,1,4
6,bimodal,Task B ,2,2,1,-1.798371129,3,2,64.48888189,6,0.172818494,3,5.99E-10,1.14E-05,0.999947632,0.999947632,0,6
7,bimodal,Task B ,1,4,1,-0.295593219,1,1,64.96191255,1,0.652939066,1,4.91E-05,2.32E-05,0.32050362,0.67949638,0,1
7,bimodal,Task B ,1,1,1,0.923908107,1,1,292.5782947,2,0.204090087,1,9.82E-06,2.10E-05,0.681039371,0.681039371,0,4
7,bimodal,Task B ,1,4,0,0.725507002,4,2,299.2803516,3,1.26711368,4,5.18E-08,1.51E-05,0.996585005,0.996585005,1,1
7,bimodal,Task B ,1,2,1,0.022804217,2,1,180.8118684,4,-0.135810951,2,0.000391889,2.64E-05,0.063100718,0.936899282,0,3
7,bimodal,Task B ,1,4,0,-0.583579088,2,2,85.76042009,5,-1.827198296,2,8.20E-11,1.01E-05,0.999991877,0.999991877,1,1
7,bimodal,Task B ,1,1,0,-0.601529811,1,2,98.51351009,6,1.509748559,1,6.33E-09,1.32E-05,0.999522064,0.999522064,1,4
8,bimodal,Task B ,1,4,0,0.863911925,1,2,331.2375357,1,-0.22456093,1,1.49E-05,2.15E-05,0.591112945,0.591112945,0,1
8,bimodal,Task B ,2,4,1,1.01361873,4,2,245.2376674,2,-0.178295551,4,4.97E-06,2.01E-05,0.801569383,0.801569383,0,8
8,bimodal,Task B ,1,4,1,-0.238489226,4,1,156.8250723,3,0.213035227,4,0.000279154,2.58E-05,0.084723834,0.915276166,1,1
8,bimodal,Task B ,1,4,0,-0.171169695,4,2,239.1840995,4,2.128485236,4,1.83E-12,7.96E-06,0.99999977,0.99999977,1,1
8,bimodal,Task B ,1,4,0,-0.565291841,4,2,180.7869365,5,0.562489249,4,3.02E-05,2.25E-05,0.426617285,0.573382715,0,1
8,bimodal,Task B ,1,4,0,0.007364666,3,2,136.6366079,6,1.390722106,3,1.19E-07,1.59E-05,0.992585244,0.992585244,1,1
9,bimodal,Task B ,1,1,0,0.529759469,2,2,40.45891004,1,-1.676269824,2,9.28E-10,1.17E-05,0.999921008,0.999921008,1,4
9,bimodal,Task B ,1,3,1,0.481156056,3,1,81.21827261,2,-0.113384714,3,0.000150416,2.49E-05,0.141836541,0.858163459,1,2
9,bimodal,Task B ,1,3,0,-2.243317116,1,2,110.4788917,3,0.688077052,1,5.34E-14,6.38E-06,0.999999992,0.999999992,0,2
9,bimodal,Task B ,1,3,0,-0.123503652,4,2,110.775116,4,-2.344796265,4,3.42E-14,6.21E-06,0.999999994,0.999999994,1,2
9,bimodal,Task B ,2,4,1,-1.543838,4,2,114.7605468,5,2.354096618,4,1.55E-18,3.32E-06,1,1,1,8
9,bimodal,Task B ,1,3,0,-0.311923716,4,2,206.9938984,6,-0.723489663,4,3.18E-05,2.26E-05,0.414913705,0.585086295,0,2
10,bimodal,Task B ,1,2,1,-0.361863887,2,1,141.0015585,1,-0.454406913,2,0.00010537,2.43E-05,0.187485357,0.812514643,0,3
10,bimodal,Task B ,2,3,1,1.336125432,3,2,349.7978535,2,1.580038332,3,6.26E-12,8.59E-06,0.999999272,0.999999272,1,7
10,bimodal,Task B ,2,1,1,2.008314883,2,2,84.7159107,3,-0.8045245,2,1.35E-12,7.81E-06,0.999999827,0.999999827,0,5
10,bimodal,Task B ,1,2,1,0.259172482,2,1,105.5381301,4,0.155636885,2,0.000285817,2.59E-05,0.083024783,0.916975217,1,3
10,bimodal,Task B ,1,2,1,-0.265139062,1,1,283.3774825,5,0.305062615,1,0.00021594,2.54E-05,0.105352759,0.894647241,0,3
10,bimodal,Task B ,1,1,0,1.025784358,1,2,317.1534818,6,-3.413084717,1,2.34E-27,9.33E-07,1,1,1,4
1,bimodal,Task B ,2,2,1,-0.465226102,4,2,103.1917305,1,1.404834104,4,4.19E-08,1.49E-05,0.997197355,0.997197355,1,6
1,bimodal,Task B ,2,2,1,-0.185609185,2,2,330.2693305,2,-1.739172116,2,1.08E-09,1.19E-05,0.999909077,0.999909077,1,6
1,bimodal,Task B ,1,2,1,-0.151609783,2,1,7.688857135,3,-0.315137082,2,0.000256371,2.57E-05,0.091122111,0.908877889,0,3
1,bimodal,Task B ,1,2,1,0.192788112,3,1,134.8876957,4,-0.124450275,3,0.000338015,2.62E-05,0.071811084,0.928188916,1,3
1,bimodal,Task B ,1,3,1,-0.221348967,4,1,352.7435046,5,-0.456229505,4,0.000146071,2.48E-05,0.145214644,0.854785356,0,2
1,bimodal,Task B ,2,4,1,-3.427161549,3,2,220.9790221,6,-0.775552618,3,2.62E-26,1.09E-06,1,1,0,8
2,bimodal,Task B ,2,3,0,-0.475047665,2,1,275.9465293,1,0.357275619,2,9.88E-05,2.42E-05,0.196828817,0.803171183,1,7
2,bimodal,Task B ,1,3,0,0.290633669,3,2,101.4846793,2,1.13947062,3,1.21E-06,1.84E-05,0.938173431,0.938173431,1,2
2,bimodal,Task B ,1,2,1,0.167887478,4,1,92.71966509,3,0.069906908,4,0.000366552,2.63E-05,0.066908181,0.933091819,1,3
2,bimodal,Task B ,1,2,1,0.206429341,3,1,236.5299238,4,-0.121623832,3,0.000331203,2.61E-05,0.073093549,0.926906451,1,3
2,bimodal,Task B ,2,1,0,0.111417718,4,1,180.2947463,5,-0.246046908,4,0.000311351,2.60E-05,0.077118005,0.922881995,0,5
2,bimodal,Task B ,2,1,0,-0.19498313,2,1,319.5762908,6,-0.687784346,2,5.00E-05,2.32E-05,0.316851727,0.683148273,0,5
3,bimodal,Task B ,1,1,1,-0.467162188,1,1,332.6296662,1,-0.57398004,1,4.39E-05,2.30E-05,0.343910103,0.656089897,0,4
3,bimodal,Task B ,2,4,1,-2.785772554,2,2,248.1557994,2,1.256470485,2,6.17E-21,2.35E-06,1,1,0,8
3,bimodal,Task B ,2,4,1,2.1227398,4,2,187.3313739,3,0.374110396,4,1.58E-12,7.89E-06,0.999999799,0.999999799,0,8
3,bimodal,Task B ,1,3,1,0.247945597,4,1,205.8077993,4,0.211406473,4,0.000268403,2.58E-05,0.08762292,0.91237708,1,2
3,bimodal,Task B ,1,3,0,-0.245303173,1,2,146.0682098,5,0.460939761,1,0.000135684,2.47E-05,0.154011142,0.845988858,0,2
3,bimodal,Task B ,1,3,1,-0.075800705,1,1,176.0406526,6,0.61636324,1,8.31E-05,2.40E-05,0.223819459,0.776180541,0,2
4,bimodal,Task B ,1,1,0,-1.076062622,1,2,93.94872305,1,-1.124591579,1,1.77E-08,1.41E-05,0.998746221,0.998746221,1,4
4,bimodal,Task B ,2,3,1,1.017035411,4,2,239.7607802,2,-0.261988137,4,4.14E-06,1.99E-05,0.827532888,0.827532888,0,7
4,bimodal,Task B ,1,4,1,-0.110963277,4,1,203.6718732,3,-0.046490021,4,0.000401861,2.64E-05,0.061722374,0.938277626,1,1
4,bimodal,Task B ,1,2,1,-0.592206368,3,1,301.0970236,4,-0.36338933,3,5.85E-05,2.34E-05,0.286013485,0.713986515,1,3
4,bimodal,Task B ,1,3,1,0.364378992,2,1,3.110355928,5,0.18027043,2,0.000209087,2.54E-05,0.108236744,0.891763256,1,2
4,bimodal,Task B ,1,1,1,0.354531982,3,1,257.9889872,6,-0.200689732,3,0.000209356,2.54E-05,0.108120643,0.891879357,1,4
5,bimodal,Task B ,1,4,1,0.21865553,3,1,140.1117652,1,-0.352354193,3,0.000204692,2.53E-05,0.110174388,0.889825612,0,1
5,bimodal,Task B ,1,4,1,0.088554673,2,1,287.0372445,2,0.195624363,2,0.000347257,2.62E-05,0.070143615,0.929856385,0,1
5,bimodal,Task B ,1,4,1,0.327302594,4,1,247.5307018,3,-0.567472215,4,6.92E-05,2.37E-05,0.254946769,0.745053231,0,1
5,bimodal,Task B ,1,3,0,0.295372321,4,2,341.3075332,4,-0.485667559,4,0.000108203,2.44E-05,0.183725884,0.816274116,0,2
5,bimodal,Task B ,1,4,1,0.04774806,4,1,147.9285803,5,0.102239158,4,0.00040084,2.64E-05,0.061860636,0.938139364,0,1
5,bimodal,Task B ,2,3,1,0.721816893,4,2,347.2324192,6,0.807670074,4,2.97E-06,1.95E-05,0.86737459,0.86737459,1,7
6,bimodal,Task B ,1,3,1,-0.407468997,3,1,216.6087124,1,-0.450696261,3,9.26E-05,2.41E-05,0.206666478,0.793333522,0,2
6,bimodal,Task B ,2,2,0,0.367443084,4,1,282.7853139,2,0.056086322,4,0.000234765,2.56E-05,0.098192205,0.901807795,1,6
6,bimodal,Task B ,1,2,1,-1.017859008,4,1,261.4543273,3,-0.011031164,4,6.03E-06,2.03E-05,0.771291136,0.771291136,0,3
6,bimodal,Task B ,2,2,1,0.676954072,4,2,108.6049961,4,-3.976462811,4,6.58E-34,3.64E-07,1,1,1,6
6,bimodal,Task B ,2,2,1,0.695607283,4,2,175.5879686,5,-0.878480468,4,2.14E-06,1.91E-05,0.899075824,0.899075824,1,6
6,bimodal,Task B ,1,2,1,-0.276464473,1,1,345.8316415,6,0.275143624,1,0.000226713,2.55E-05,0.101127969,0.898872031,0,3
7,bimodal,Task B ,1,4,0,-0.142984567,3,2,68.82715181,1,-0.619061673,3,7.84E-05,2.39E-05,0.233424768,0.766575232,0,1
7,bimodal,Task B ,1,4,1,0.386732549,1,1,38.45381438,2,-0.392909542,1,0.0001172,2.45E-05,0.172759782,0.827240218,0,1
7,bimodal,Task B ,1,4,1,-0.108715469,2,1,187.7322911,3,0.372023922,2,0.000225486,2.55E-05,0.101591286,0.898408714,0,1
7,bimodal,Task B ,1,4,1,0.205965586,4,1,299.2520981,4,0.03055795,4,0.000350847,2.62E-05,0.069517309,0.930482691,1,1
7,bimodal,Task B ,1,4,1,0.259354563,4,1,328.2418548,5,0.466399955,4,0.000125898,2.46E-05,0.163378096,0.836621904,0,1
7,bimodal,Task B ,2,4,1,1.412809219,3,2,228.113339,6,1.074109857,3,7.57E-10,1.16E-05,0.999934773,0.999934773,0,8
8,bimodal,Task B ,2,3,1,1.418482316,4,2,234.9661667,1,3.733486184,4,2.50E-33,3.95E-07,1,1,1,7
8,bimodal,Task B ,1,4,0,-0.513048516,4,2,44.99521964,2,0.174137914,4,0.000128,2.46E-05,0.161267569,0.838732431,1,1
8,bimodal,Task B ,1,4,1,0.18079509,2,1,283.2796572,3,0.351623111,2,0.00021711,2.54E-05,0.104876536,0.895123464,0,1
8,bimodal,Task B ,2,4,0,0.484208767,2,1,144.4656679,4,0.414734765,2,7.54E-05,2.38E-05,0.239914297,0.760085703,1,8
8,bimodal,Task B ,1,4,1,0.213347095,3,1,317.5630824,5,0.010073902,3,0.000347543,2.62E-05,0.070093189,0.929906811,1,1
8,bimodal,Task B ,1,4,1,0.431964454,4,1,255.2212266,6,-0.517378651,4,6.22E-05,2.35E-05,0.27429552,0.72570448,0,1
9,bimodal,Task B ,1,2,0,0.756736318,3,2,253.5477436,1,-0.681980209,3,5.37E-06,2.02E-05,0.789829195,0.789829195,0,3
9,bimodal,Task B ,1,2,1,-0.248032261,1,1,194.3244224,2,0.247979001,1,0.000255838,2.57E-05,0.09128369,0.90871631,0,3
9,bimodal,Task B ,1,2,0,-0.803136971,2,2,247.8985047,3,1.571005262,2,8.89E-10,1.17E-05,0.999924133,0.999924133,1,3
9,bimodal,Task B ,1,1,1,-0.146303581,1,1,277.7818407,4,-0.28815148,1,0.000276264,2.58E-05,0.085483446,0.914516554,0,4
9,bimodal,Task B ,2,3,0,-0.03126428,4,1,231.7572671,5,0.246892003,4,0.000326333,2.61E-05,0.074040109,0.925959891,0,7
9,bimodal,Task B ,1,2,0,0.123136675,4,2,301.8389852,6,-0.236009899,4,0.000313959,2.60E-05,0.076563244,0.923436756,0,3
10,bimodal,Task B ,1,1,1,0.019691281,4,1,109.4633039,1,-0.204441643,4,0.000355622,2.62E-05,0.068701906,0.931298094,0,4
10,bimodal,Task B ,2,2,1,1.386737607,4,2,319.445993,2,-0.597645458,4,3.02E-08,1.46E-05,0.997939004,0.997939004,0,6
10,bimodal,Task B ,1,2,0,-0.048548473,2,2,9.929778309,3,-0.06612677,2,0.000413792,2.65E-05,0.060152786,0.939847214,0,3
10,bimodal,Task B ,1,1,0,-0.006451004,2,2,124.6072514,4,-0.785419504,2,3.17E-05,2.26E-05,0.41592858,0.58407142,0,4
10,bimodal,Task B ,1,1,0,-0.078516523,3,2,15.81098974,5,0.331257687,3,0.000260286,2.57E-05,0.089951983,0.910048017,0,4
10,bimodal,Task B ,2,2,1,-1.406440122,4,2,77.46186578,6,-1.695687731,4,6.71E-13,7.47E-06,0.99999991,0.99999991,1,6
1,bimodal,Task B ,1,3,1,0.178470287,2,1,209.9881397,1,0.271510815,2,0.000269241,2.58E-05,0.087389654,0.912610346,0,2
1,bimodal,Task B ,1,4,1,0.212008928,2,1,247.6603868,2,-0.303918436,2,0.000236831,2.56E-05,0.097467232,0.902532768,0,1
1,bimodal,Task B ,2,2,1,-0.187586401,1,2,200.7192289,3,2.004528902,1,1.56E-11,9.10E-06,0.99999829,0.99999829,1,6
1,bimodal,Task B ,2,1,1,1.17317019,4,2,40.93409598,4,-1.36316671,4,5.27E-10,1.13E-05,0.99995355,0.99995355,1,5
1,bimodal,Task B ,2,2,0,-0.221774465,2,1,42.64231995,5,0.177788426,2,0.00030535,2.60E-05,0.078426772,0.921573228,1,6
1,bimodal,Task B ,2,1,1,1.513070608,1,2,233.5140676,6,-0.276150295,1,2.14E-08,1.43E-05,0.998507543,0.998507543,0,5
2,bimodal,Task B ,1,2,1,-0.116917902,4,1,192.852963,1,-0.559426483,4,0.000108258,2.44E-05,0.18365345,0.81634655,0,3
2,bimodal,Task B ,2,2,0,-0.300314074,1,1,244.5867575,2,0.352343541,1,0.000174574,2.51E-05,0.125675233,0.874324767,0,6
2,bimodal,Task B ,1,3,1,0.219439087,1,1,349.380153,3,0.123714745,1,0.000321887,2.61E-05,0.074926592,0.925073408,1,2
2,bimodal,Task B ,1,3,1,-0.113972113,3,1,310.6195435,4,-0.540489567,3,0.000118501,2.45E-05,0.17128653,0.82871347,0,2
2,bimodal,Task B ,2,3,1,-4.476647534,3,2,250.1144405,5,0.654426643,3,6.21E-41,1.32E-07,1,1,0,7
2,bimodal,Task B ,2,3,1,1.553845846,4,2,302.7535845,6,1.0122949,4,2.28E-10,1.08E-05,0.999978801,0.999978801,0,7
3,bimodal,Task B ,2,4,1,-2.166788321,1,2,356.2714039,1,-0.784404337,1,1.21E-13,6.71E-06,0.999999982,0.999999982,0,8
3,bimodal,Task B ,2,3,1,-1.396606246,4,2,40.16394353,2,-0.206481859,4,1.15E-07,1.59E-05,0.992787914,0.992787914,0,7
3,bimodal,Task B ,2,4,1,2.2601518,2,2,248.1407011,3,0.769807171,2,1.90E-14,5.98E-06,0.999999997,0.999999997,0,8
3,bimodal,Task B ,2,4,1,-0.91407859,2,2,223.9938772,4,-1.452401524,2,1.90E-09,1.23E-05,0.999845063,0.999845063,1,8
3,bimodal,Task B ,1,3,0,0.416892439,3,2,26.3884358,5,0.647365498,3,3.42E-05,2.27E-05,0.398423518,0.601576482,0,2
3,bimodal,Task B ,1,3,0,-0.085818546,1,2,268.6033404,6,-2.251903309,1,2.14E-13,6.96E-06,0.999999969,0.999999969,1,2
4,bimodal,Task B ,1,2,0,1.125388197,3,2,12.15388289,1,2.974457383,3,1.22E-22,1.84E-06,1,1,1,3
4,bimodal,Task B ,2,2,1,-2.942452218,2,2,147.3680763,2,-2.275690218,2,3.91E-29,7.23E-07,1,1,0,6
4,bimodal,Task B ,2,2,1,-1.566612417,1,2,296.6917505,3,-0.5853233,1,4.06E-09,1.29E-05,0.999684605,0.999684605,0,6
4,bimodal,Task B ,2,2,1,-2.147017762,1,2,75.21879736,4,2.047774194,1,4.59E-20,2.67E-06,1,1,0,6
4,bimodal,Task B ,2,2,1,-1.945633475,3,2,80.75321778,5,-3.283961217,3,1.22E-30,5.82E-07,1,1,1,6
4,bimodal,Task B ,1,1,1,-0.30132394,4,1,351.5112311,6,0.297479859,4,0.000202549,2.53E-05,0.11114521,0.88885479,0,4
5,bimodal,Task B ,2,4,1,-0.982612457,2,2,222.4970245,1,2.46355734,2,5.87E-17,4.17E-06,1,1,1,8
5,bimodal,Task B ,1,3,1,-0.24273023,1,1,277.9477068,2,0.201353963,1,0.000282606,2.59E-05,0.08383452,0.91616548,1,2
5,bimodal,Task B ,1,3,1,-0.244694312,1,1,321.740314,3,0.424703264,1,0.000155619,2.49E-05,0.138000085,0.861999915,0,2
5,bimodal,Task B ,2,4,1,-0.515578864,2,2,183.386896,4,-0.487020106,2,5.33E-05,2.33E-05,0.304263796,0.695736204,1,8
5,bimodal,Task B ,1,3,0,0.35657081,4,2,345.4465564,5,1.085996932,4,1.67E-06,1.88E-05,0.918125423,0.918125423,1,2
5,bimodal,Task B ,1,4,1,-0.221252208,4,1,78.37573517,6,-0.012995503,4,0.000349759,2.62E-05,0.069705882,0.930294118,1,1
6,bimodal,Task B ,1,2,1,0.058678901,1,1,295.6450616,1,0.025673001,1,0.000415886,2.65E-05,0.059885913,0.940114087,1,3
6,bimodal,Task B ,1,2,1,-0.308190641,4,1,276.6817956,2,0.047526089,4,0.000287364,2.59E-05,0.082640162,0.917359838,1,3
6,bimodal,Task B ,1,2,0,-1.002233567,4,2,79.53709036,3,0.820874867,4,3.96E-07,1.72E-05,0.977431235,0.977431235,0,3
6,bimodal,Task B ,2,2,1,-1.949371338,3,2,185.3288204,4,-1.217740155,3,1.27E-13,6.74E-06,0.999999981,0.999999981,0,6
6,bimodal,Task B ,1,2,0,0.454563154,3,2,31.00815378,5,1.90978088,3,3.55E-11,9.58E-06,0.999996296,0.999996296,1,3
6,bimodal,Task B ,2,2,0,-0.779569452,2,1,76.54852087,6,0.068222154,2,3.46E-05,2.27E-05,0.395965904,0.604034096,1,6
7,bimodal,Task B ,1,4,1,-0.033754527,4,1,250.8758042,1,0.380673103,4,0.000228483,2.55E-05,0.100466903,0.899533097,0,1
7,bimodal,Task B ,1,4,0,-0.091408139,3,2,215.7360656,2,2.898066431,3,1.60E-19,2.88E-06,1,1,1,1
7,bimodal,Task B ,1,4,0,0.635559336,3,2,50.35161211,3,-0.762360237,3,6.67E-06,2.05E-05,0.754052006,0.754052006,1,1
7,bimodal,Task B ,1,4,1,0.055431031,4,1,274.9110434,4,0.450545194,4,0.000176487,2.51E-05,0.124556459,0.875443541,0,1
7,bimodal,Task B ,2,1,1,-2.536536882,4,2,276.337511,5,-0.814545809,4,7.33E-17,4.23E-06,1,1,0,5
7,bimodal,Task B ,1,1,1,-0.260854614,3,1,164.0376789,6,0.577843022,3,7.86E-05,2.39E-05,0.232950945,0.767049055,0,4
8,bimodal,Task B ,2,4,1,2.051605504,2,2,257.1037751,1,-0.443557335,2,4.33E-12,8.40E-06,0.999999484,0.999999484,0,8
8,bimodal,Task B ,1,4,0,0.559023857,3,2,307.674597,2,0.727629078,3,1.20E-05,2.12E-05,0.639188915,0.639188915,1,1
8,bimodal,Task B ,2,1,0,-0.158176584,1,1,291.9320978,3,-0.660328312,1,6.16E-05,2.35E-05,0.276191471,0.723808529,0,5
8,bimodal,Task B ,2,4,0,0.267134003,3,1,187.22663,4,-0.124876919,3,0.000292111,2.59E-05,0.081483259,0.918516741,1,8
8,bimodal,Task B ,1,4,1,-0.181959945,1,1,275.5480555,5,0.228535351,1,0.00029848,2.59E-05,0.079982561,0.920017439,0,1
8,bimodal,Task B ,2,4,1,-0.92832669,4,2,261.4139138,6,-1.646285917,4,1.36E-10,1.04E-05,0.999986986,0.999986986,1,8
9,bimodal,Task B ,1,1,0,0.77783428,1,2,224.3550308,1,0.688860136,1,4.44E-06,1.99E-05,0.817955908,0.817955908,0,4
9,bimodal,Task B ,1,2,1,0.212361849,3,1,200.6613981,2,-0.039011345,3,0.000346274,2.62E-05,0.070317098,0.929682902,1,3
9,bimodal,Task B ,1,2,1,-0.309214239,1,1,95.51546161,3,-0.002523304,1,0.000289525,2.59E-05,0.082109252,0.917890748,1,3
9,bimodal,Task B ,1,2,0,-0.853164317,2,2,246.7877983,4,0.709643809,2,2.55E-06,1.93E-05,0.88323631,0.88323631,0,3
9,bimodal,Task B ,1,2,1,-0.307035174,1,1,5.541487129,5,0.092137094,1,0.000280577,2.58E-05,0.084354959,0.915645041,1,3
9,bimodal,Task B ,1,1,0,-1.100053387,1,2,189.520802,6,0.097815916,1,2.82E-06,1.94E-05,0.873042519,0.873042519,0,4
10,bimodal,Task B ,2,2,1,0.759118095,3,2,256.3910285,1,3.222774122,3,3.28E-24,1.47E-06,1,1,1,6
10,bimodal,Task B ,1,2,1,-0.832507966,1,1,258.9183163,2,0.652018648,1,4.10E-06,1.98E-05,0.828876326,0.828876326,0,3
10,bimodal,Task B ,1,2,0,0.357813931,4,2,39.78599921,3,0.343542982,4,0.000148398,2.48E-05,0.143384763,0.856615237,1,3
10,bimodal,Task B ,1,1,1,0.236261937,2,1,254.235484,4,-0.032043013,2,0.000331486,2.61E-05,0.073039412,0.926960588,1,4
10,bimodal,Task B ,1,1,1,-0.578178551,4,1,35.08596562,5,-0.195126686,4,9.29E-05,2.41E-05,0.206154828,0.793845172,1,4
10,bimodal,Task B ,2,2,1,1.565752076,4,2,11.02591884,6,-1.22125465,4,2.79E-11,9.44E-06,0.99999704,0.99999704,0,6
1,bimodal,Task B ,2,1,0,0.594655107,1,1,317.9176355,1,-0.220513211,1,7.76E-05,2.39E-05,0.235176436,0.764823564,1,5
1,bimodal,Task B ,2,1,0,-0.393616297,1,1,233.0219439,2,0.216410395,1,0.000186013,2.52E-05,0.119281083,0.880718917,1,5
1,bimodal,Task B ,2,1,1,-1.541933369,3,2,196.3659585,3,-0.194919386,3,2.01E-08,1.42E-05,0.998589556,0.998589556,0,5
1,bimodal,Task B ,1,3,1,-0.366192324,4,1,288.9369578,4,-0.5034924,4,8.53E-05,2.40E-05,0.219463304,0.780536696,0,2
1,bimodal,Task B ,1,3,1,0.021735449,4,1,120.463551,5,0.30275495,4,0.000286362,2.59E-05,0.082888697,0.917111303,0,2
1,bimodal,Task B ,1,2,1,-0.760608097,1,1,121.0518118,6,-0.267562564,1,2.95E-05,2.25E-05,0.431982972,0.568017028,1,3
2,bimodal,Task B ,1,2,1,0.161142561,4,1,47.42559369,1,-0.482488618,4,0.000142278,2.48E-05,0.148303419,0.851696581,0,3
2,bimodal,Task B ,1,2,1,-0.263372253,3,1,166.3373962,2,0.216246527,3,0.000263812,2.57E-05,0.088924684,0.911075316,1,3
2,bimodal,Task B ,1,3,1,-0.36724427,4,1,78.06895824,3,0.174215562,4,0.000216574,2.54E-05,0.105094151,0.894905849,1,2
2,bimodal,Task B ,1,2,1,-0.289115719,3,1,317.2787701,4,-0.131037648,3,0.000283213,2.59E-05,0.083680139,0.916319861,1,3
2,bimodal,Task B ,2,4,1,-1.413641695,1,2,186.2034223,5,0.572055124,1,2.82E-08,1.45E-05,0.998063367,0.998063367,0,8
2,bimodal,Task B ,2,3,1,-1.4881049,3,2,252.9395846,6,-0.105934915,3,4.42E-08,1.50E-05,0.997055609,0.997055609,0,7
3,bimodal,Task B ,2,4,1,-3.148933648,1,2,270.174112,1,1.168353028,1,2.01E-24,1.42E-06,1,1,0,8
3,bimodal,Task B ,1,4,1,0.812621088,2,1,45.07893458,2,-0.187678539,2,2.27E-05,2.21E-05,0.49294006,0.50705994,1,1
3,bimodal,Task B ,1,3,1,0.125565998,4,1,69.20561604,3,-0.181603296,4,0.000344448,2.62E-05,0.070641793,0.929358207,0,2
3,bimodal,Task B ,2,3,1,1.642304543,3,2,339.2539034,4,2.351230063,3,3.83E-19,3.04E-06,1,1,1,7
3,bimodal,Task B ,2,3,1,-1.220097268,4,2,10.43791203,5,2.092435535,4,8.54E-15,5.69E-06,0.999999998,0.999999998,1,7
3,bimodal,Task B ,2,4,1,1.104968545,4,2,182.0221639,6,1.868360652,4,9.87E-13,7.66E-06,0.999999871,0.999999871,1,8
4,bimodal,Task B ,2,3,1,1.272453966,3,2,162.2380491,1,-1.594398977,3,1.07E-11,8.89E-06,0.999998797,0.999998797,1,7
4,bimodal,Task B ,1,3,1,-0.077874918,2,1,184.4862513,2,-0.827316817,2,2.33E-05,2.21E-05,0.486932864,0.513067136,0,2
4,bimodal,Task B ,1,1,1,-1.013519712,1,1,324.1085874,3,0.385852307,1,3.32E-06,1.96E-05,0.855000289,0.855000289,0,4
4,bimodal,Task B ,1,1,1,0.317030234,1,1,342.9730161,4,0.779378334,1,2.10E-05,2.20E-05,0.511242492,0.511242492,1,4
4,bimodal,Task B ,2,3,1,-1.951222109,2,2,236.9996554,5,-0.754311638,2,5.79E-12,8.55E-06,0.999999323,0.999999323,0,7
4,bimodal,Task B ,2,2,0,0.571207258,1,1,164.7009517,6,-0.058703658,1,0.000105082,2.43E-05,0.187875789,0.812124211,1,6
5,bimodal,Task B ,2,1,1,2.182736632,2,2,289.4223132,1,-0.416177041,2,4.74E-13,7.31E-06,0.999999935,0.999999935,0,5
5,bimodal,Task B ,1,4,1,-0.199670667,3,1,82.0650069,2,-0.330648227,3,0.000229682,2.55E-05,0.100024619,0.899975381,0,1
5,bimodal,Task B ,2,4,1,-0.617816655,4,2,166.8419338,3,1.481404372,4,8.35E-09,1.35E-05,0.99938071,0.99938071,1,8
5,bimodal,Task B ,1,3,0,0.693785852,2,2,220.9864419,4,-1.060418546,2,4.89E-07,1.74E-05,0.972647008,0.972647008,1,2
5,bimodal,Task B ,2,3,1,-0.854167725,1,2,246.2575657,5,-0.509528243,1,7.18E-06,2.06E-05,0.741113089,0.741113089,0,7
5,bimodal,Task B ,1,1,1,-0.078543992,1,1,91.03330253,6,0.394814116,1,0.00021406,2.54E-05,0.106128061,0.893871939,0,4
6,bimodal,Task B ,2,1,1,-1.928380742,3,2,358.6934647,1,1.1849967,3,2.41E-13,7.01E-06,0.999999966,0.999999966,0,5
6,bimodal,Task B ,1,2,1,0.191781183,1,1,293.0279797,2,-0.093288893,1,0.000348291,2.62E-05,0.069961962,0.930038038,1,3
6,bimodal,Task B ,1,2,0,-0.411356167,1,2,206.3645723,3,-0.185735904,1,0.000185663,2.52E-05,0.11946677,0.88053323,1,3
6,bimodal,Task B ,1,2,1,0.215877652,3,1,244.9804355,4,0.022617529,3,0.000345291,2.62E-05,0.070491519,0.929508481,1,3
6,bimodal,Task B ,1,2,1,-0.742425833,2,1,277.3501257,5,0.42611244,2,2.06E-05,2.20E-05,0.5157903,0.5157903,0,3
6,bimodal,Task B ,1,3,0,0.314521075,3,2,184.1147727,6,-1.183958506,3,7.56E-07,1.79E-05,0.959365308,0.959365308,1,2
7,bimodal,Task B ,1,4,0,0.119717655,4,2,165.0261539,1,-1.65728958,4,3.73E-09,1.28E-05,0.99970872,0.99970872,1,1
7,bimodal,Task B ,1,1,1,0.553859349,2,1,331.2536876,2,0.0794611,2,0.000112501,2.44E-05,0.178312266,0.821687734,1,4
7,bimodal,Task B ,1,4,1,0.251449186,3,1,263.2169159,3,0.289978367,3,0.000225402,2.55E-05,0.10162331,0.89837669,0,1
7,bimodal,Task B ,1,1,1,0.228712156,2,1,56.37142805,4,0.070990726,2,0.000330441,2.61E-05,0.073240022,0.926759978,1,4
7,bimodal,Task B ,1,1,0,0.123114972,3,2,200.6470923,5,-1.109624742,3,2.22E-06,1.91E-05,0.895959068,0.895959068,1,4
7,bimodal,Task B ,1,1,1,0.424944305,3,1,288.5680114,6,-0.020990272,3,0.000196163,2.53E-05,0.114147382,0.885852618,1,4
8,bimodal,Task B ,1,4,0,-0.478677912,1,2,247.2318265,1,0.71823435,1,1.88E-05,2.18E-05,0.53673741,0.53673741,1,1
8,bimodal,Task B ,2,4,1,1.326267211,2,2,41.48271196,2,-1.302840855,2,2.10E-10,1.07E-05,0.999980355,0.999980355,0,8
8,bimodal,Task B ,1,4,1,0.397103581,1,1,146.8425485,3,0.081289468,1,0.000210213,2.54E-05,0.107751973,0.892248027,1,1
8,bimodal,Task B ,2,4,1,1.779487966,3,2,293.572696,4,-1.042566167,3,7.82E-12,8.71E-06,0.999999103,0.999999103,0,8
8,bimodal,Task B ,2,4,0,0.654600203,3,1,235.9852452,5,0.238968878,3,5.44E-05,2.33E-05,0.300115346,0.699884654,1,8
8,bimodal,Task B ,1,4,1,-0.276322888,3,1,70.85526434,6,-0.137691609,3,0.0002895,2.59E-05,0.082115418,0.917884582,1,1
9,bimodal,Task B ,2,2,0,-0.644815071,1,1,226.0464376,1,-0.278518087,1,5.63E-05,2.34E-05,0.293479012,0.706520988,1,6
9,bimodal,Task B ,1,1,0,-0.643758243,2,2,127.751986,2,1.023336253,2,9.31E-07,1.81E-05,0.951069502,0.951069502,1,4
9,bimodal,Task B ,1,4,1,-0.152235831,1,1,168.2105037,3,0.399219126,1,0.000197221,2.53E-05,0.113638018,0.886361982,0,1
9,bimodal,Task B ,2,1,0,0.141539833,3,1,12.71984788,4,-0.036084991,3,0.000385894,2.64E-05,0.06396062,0.93603938,1,5
9,bimodal,Task B ,1,2,1,-0.086648413,1,1,197.037798,5,0.019722733,1,0.000412255,2.65E-05,0.060350323,0.939649677,1,3
9,bimodal,Task B ,1,1,1,-0.468455735,1,1,316.7686128,6,0.083962172,1,0.00016917,2.50E-05,0.12895034,0.87104966,1,4
10,bimodal,Task B ,1,1,0,-0.405695505,1,2,34.88383118,1,-2.201190512,1,2.93E-13,7.10E-06,0.999999959,0.999999959,1,4
10,bimodal,Task B ,1,2,1,0.580118992,3,1,297.8315408,2,0.25597051,3,7.72E-05,2.38E-05,0.236028609,0.763971391,1,3
10,bimodal,Task B ,1,2,1,0.108032856,2,1,330.761257,3,0.051398787,2,0.000397519,2.64E-05,0.062314733,0.937685267,1,3
10,bimodal,Task B ,1,2,1,0.295179792,3,1,175.6680497,4,-0.181042027,3,0.000254275,2.57E-05,0.091761511,0.908238489,1,3
10,bimodal,Task B ,2,1,1,1.233049421,2,2,207.9386601,5,0.667992125,2,1.09E-07,1.58E-05,0.993131573,0.993131573,0,5
10,bimodal,Task B ,1,2,1,-0.366910922,3,1,183.0353884,6,0.575365344,3,6.07E-05,2.35E-05,0.279165213,0.720834787,0,3
1,bimodal,Task B ,1,3,1,-0.325262937,2,1,280.3464015,1,0.211747002,2,0.000229313,2.55E-05,0.100160408,0.899839592,1,2
1,bimodal,Task B ,2,2,1,1.188510845,2,2,62.65386611,2,0.331126959,2,7.13E-07,1.78E-05,0.96145453,0.96145453,0,6
1,bimodal,Task B ,2,1,1,1.112907723,4,2,349.9049105,3,-0.610273715,4,4.91E-07,1.74E-05,0.972509468,0.972509468,0,5
1,bimodal,Task B ,2,2,0,0.074460138,2,1,7.888815743,4,0.174811563,2,0.00036251,2.63E-05,0.06756013,0.93243987,0,6
1,bimodal,Task B ,2,2,1,0.893798236,4,2,259.8233466,5,-1.588422894,4,3.55E-10,1.11E-05,0.999967867,0.999967867,1,6
1,bimodal,Task B ,1,3,0,0.063295109,4,2,278.502757,6,-0.058151114,4,0.000410468,2.65E-05,0.060581758,0.939418242,1,2
2,bimodal,Task B ,1,2,1,0.127257632,2,1,76.96302153,1,0.216902625,2,0.000322548,2.61E-05,0.074793501,0.925206499,0,3
2,bimodal,Task B ,1,3,1,-0.080643524,2,1,24.47269232,2,0.633320393,2,7.57E-05,2.38E-05,0.239254509,0.760745491,0,2
2,bimodal,Task B ,2,3,1,-2.704266759,1,2,127.124726,3,-0.395589736,1,1.62E-17,3.85E-06,1,1,0,7
2,bimodal,Task B ,2,1,1,0.593406455,3,2,104.1015135,4,0.176765775,3,8.36E-05,2.40E-05,0.222742265,0.777257735,1,5
2,bimodal,Task B ,2,2,1,-1.770414383,1,2,152.4390627,5,-1.977748059,1,7.09E-17,4.22E-06,1,1,1,6
2,bimodal,Task B ,2,4,1,-0.771982813,3,2,206.8889588,6,0.85546981,3,1.67E-06,1.88E-05,0.918207447,0.918207447,1,8
3,bimodal,Task B ,1,1,0,-0.772382244,3,2,164.602892,1,-0.533514793,3,1.12E-05,2.11E-05,0.65392091,0.65392091,0,4
3,bimodal,Task B ,2,2,1,-0.463182788,3,2,138.8887485,2,0.565190442,3,4.59E-05,2.31E-05,0.334513967,0.665486033,0,6
3,bimodal,Task B ,1,3,1,-0.459064478,1,1,346.8333786,3,-0.776860083,1,1.43E-05,2.15E-05,0.600536088,0.600536088,1,2
3,bimodal,Task B ,2,1,0,0.317779146,1,1,232.3747533,4,-0.232323726,1,0.000219403,2.55E-05,0.103955256,0.896044744,1,5
3,bimodal,Task B ,1,4,1,0.034260311,4,1,322.5193695,5,0.775865965,4,3.29E-05,2.26E-05,0.407102699,0.592897301,0,1
3,bimodal,Task B ,1,2,1,-0.64978044,3,1,47.6711293,6,0.757512741,3,6.67E-06,2.05E-05,0.754178245,0.754178245,1,3
4,bimodal,Task B ,2,3,1,-0.299406082,2,2,242.3805797,1,0.692600497,2,3.89E-05,2.28E-05,0.370240183,0.629759817,0,7
4,bimodal,Task B ,2,2,1,-2.093917963,4,2,70.86384514,2,0.434289584,4,2.61E-12,8.14E-06,0.999999679,0.999999679,0,6
4,bimodal,Task B ,1,2,0,0.869853263,3,2,15.41746626,3,0.312887935,3,1.16E-05,2.12E-05,0.646212129,0.646212129,0,3
4,bimodal,Task B ,1,3,1,0.286309443,4,1,158.2526194,4,0.455418637,4,0.000123467,2.46E-05,0.165892194,0.834107806,0,2
4,bimodal,Task B ,2,4,1,-1.375901699,4,2,126.6027604,5,1.789002747,4,2.32E-13,7.00E-06,0.999999967,0.999999967,1,8
4,bimodal,Task B ,1,3,0,1.008903133,3,2,275.7830382,6,1.644941944,3,6.35E-11,9.93E-06,0.999993607,0.999993607,1,2
5,bimodal,Task B ,1,2,1,0.12150759,1,1,191.519203,1,0.033779484,1,0.000394766,2.64E-05,0.062696588,0.937303412,1,3
5,bimodal,Task B ,1,4,0,0.118796129,1,2,210.0976225,2,0.017883964,1,0.000397332,2.64E-05,0.062340608,0.937659392,1,1
5,bimodal,Task B ,2,4,1,2.061034691,4,2,351.2901552,3,0.142178189,4,7.71E-12,8.71E-06,0.999999114,0.999999114,0,8
5,bimodal,Task B ,1,4,1,0.063811916,4,1,148.1044211,4,0.023715843,4,0.000414878,2.65E-05,0.060014017,0.939985983,1,1
5,bimodal,Task B ,2,2,1,0.802162905,4,2,72.40023224,5,0.888790807,4,9.96E-07,1.82E-05,0.948026185,0.948026185,1,6
5,bimodal,Task B ,2,3,1,-1.118286523,2,2,166.7692119,6,-1.506120022,2,1.76E-10,1.06E-05,0.999983419,0.999983419,1,7
6,bimodal,Task B ,2,3,0,-0.011611703,1,1,13.58933095,1,-0.035450914,1,0.000422271,2.65E-05,0.059086731,0.940913269,0,7
6,bimodal,Task B ,1,2,0,0.562045396,3,2,330.6690473,2,-1.090686238,3,7.43E-07,1.78E-05,0.960022721,0.960022721,1,3
6,bimodal,Task B ,2,2,0,-0.069065639,3,1,292.2922425,3,0.124578774,3,0.000390384,2.64E-05,0.063314296,0.936685704,0,6
6,bimodal,Task B ,2,2,1,2.097232387,1,2,259.1065853,4,-1.330291927,1,2.60E-15,5.28E-06,1,1,0,6
6,bimodal,Task B ,2,2,0,-0.509841842,2,1,86.66667201,5,-0.048908478,2,0.000146335,2.48E-05,0.145004658,0.854995342,1,6
6,bimodal,Task B ,1,2,0,1.162466075,4,2,143.9689787,6,-1.635428494,4,1.87E-11,9.20E-06,0.99999797,0.99999797,1,3
7,bimodal,Task B ,1,4,1,0.628648713,3,1,140.1160758,1,-0.294949948,3,5.55E-05,2.34E-05,0.296326809,0.703673191,1,1
7,bimodal,Task B ,1,4,1,0.127444646,3,1,2.534091911,2,0.159726731,3,0.000353395,2.62E-05,0.069079741,0.930920259,0,1
7,bimodal,Task B ,1,1,1,-0.392216674,1,1,85.79939647,3,-0.238760863,1,0.000179911,2.51E-05,0.122605515,0.877394485,1,4
7,bimodal,Task B ,1,1,0,0.263709736,2,2,348.9341597,4,-0.08749086,2,0.000304278,2.60E-05,0.078665387,0.921334613,1,4
7,bimodal,Task B ,1,4,1,-0.053008454,2,1,173.9050718,5,0.009920235,2,0.000420266,2.65E-05,0.059335229,0.940664771,1,1
7,bimodal,Task B ,1,4,1,0.096033541,3,1,358.5169239,6,-0.149889941,3,0.000370385,2.63E-05,0.066301881,0.933698119,0,1
8,bimodal,Task B ,1,4,1,0.023117451,4,1,83.92689826,1,0.081314071,4,0.000410932,2.65E-05,0.060521542,0.939478458,0,1
8,bimodal,Task B ,1,4,0,0.12002652,2,2,231.4985806,2,0.17626455,2,0.000347902,2.62E-05,0.070030205,0.929969795,0,1
8,bimodal,Task B ,1,4,0,-0.239828489,4,2,123.1994986,3,0.308535095,4,0.000225391,2.55E-05,0.101627315,0.898372685,0,1
8,bimodal,Task B ,2,4,1,1.265279423,2,2,126.0749727,4,1.738848836,2,1.46E-12,7.85E-06,0.999999814,0.999999814,1,8
8,bimodal,Task B ,1,4,1,0.283942534,1,1,296.9523887,5,0.033788474,1,0.000298004,2.59E-05,0.080092636,0.919907364,1,1
8,bimodal,Task B ,1,4,0,0.139535014,4,2,326.2485532,6,1.782774033,4,5.68E-10,1.14E-05,0.999950138,0.999950138,1,1
9,bimodal,Task B ,1,1,1,0.364916773,3,1,56.07731323,1,0.067910901,3,0.000235113,2.56E-05,0.098069336,0.901930664,1,4
9,bimodal,Task B ,1,2,0,-2.129224142,1,2,177.6637875,2,1.060425416,1,2.69E-14,6.11E-06,0.999999996,0.999999996,0,3
9,bimodal,Task B ,2,1,1,-0.871090349,3,2,203.3117926,3,1.913803841,3,3.58E-12,8.30E-06,0.999999569,0.999999569,1,5
9,bimodal,Task B ,1,3,0,0.970800055,3,2,170.082327,4,0.236459996,3,6.38E-06,2.04E-05,0.761927072,0.761927072,0,2
9,bimodal,Task B ,1,1,1,-0.66908303,1,1,233.6988026,5,-0.7809589,1,5.25E-06,2.02E-05,0.793456829,0.793456829,1,4
9,bimodal,Task B ,2,2,1,-0.550255919,2,2,122.8680245,6,0.865601926,2,5.19E-06,2.01E-05,0.795103542,0.795103542,1,6
10,bimodal,Task B ,1,1,1,-0.045716568,2,1,209.795021,1,-0.031939974,2,0.000419939,2.65E-05,0.059376071,0.940623929,1,4
10,bimodal,Task B ,1,2,1,-0.355763997,4,1,247.946956,2,-0.268514324,4,0.000188777,2.52E-05,0.117836272,0.882163728,1,3
10,bimodal,Task B ,2,1,0,-0.303804843,4,1,21.51287909,3,-1.266556698,4,3.41E-07,1.70E-05,0.980323858,0.980323858,1,5
10,bimodal,Task B ,1,1,1,0.157765211,3,1,164.8054282,4,-0.193831964,3,0.000324826,2.61E-05,0.074338228,0.925661772,0,4
10,bimodal,Task B ,1,1,0,-1.160944362,3,2,338.6153067,5,1.214559833,3,3.24E-09,1.27E-05,0.999744768,0.999744768,1,4
10,bimodal,Task B ,2,2,1,-1.883877586,4,2,122.2171479,6,2.641674408,4,2.89E-23,1.68E-06,1,1,1,6
1,bimodal,Task B ,1,2,0,1.494319305,3,2,103.345771,1,-0.994829924,3,5.76E-10,1.14E-05,0.999949466,0.999949466,0,3
1,bimodal,Task B ,1,2,0,0.601649552,1,2,324.9505867,2,0.700084922,1,1.15E-05,2.12E-05,0.648036402,0.648036402,1,3
1,bimodal,Task B ,1,3,1,-0.453522342,4,1,252.0817751,3,-0.47564819,4,7.14E-05,2.37E-05,0.249435916,0.750564084,0,2
1,bimodal,Task B ,1,2,1,-0.208594441,4,1,184.7875183,4,0.284377838,4,0.000253469,2.57E-05,0.092009642,0.907990358,0,3
1,bimodal,Task B ,1,2,1,-0.198267734,3,1,293.7300191,5,-0.033739002,3,0.000362248,2.63E-05,0.067602834,0.932397166,1,3
1,bimodal,Task B ,1,2,1,0.701789972,3,1,78.27136294,6,0.448897571,3,2.26E-05,2.21E-05,0.494547778,0.505452222,1,3
2,bimodal,Task B ,2,3,1,-0.171894848,4,2,43.61599539,1,-2.042568197,4,8.69E-12,8.77E-06,0.999999009,0.999999009,1,7
2,bimodal,Task B ,2,3,1,-0.7274222,2,2,324.9878586,2,2.319327461,2,6.54E-15,5.60E-06,0.999999999,0.999999999,1,7
2,bimodal,Task B ,2,2,0,0.347933673,1,1,279.0486838,3,0.430566643,1,0.00011489,2.44E-05,0.175443201,0.824556799,0,6
2,bimodal,Task B ,2,4,0,0.297925045,4,1,225.7559679,4,0.760957266,4,2.49E-05,2.22E-05,0.471507506,0.528492494,0,8
2,bimodal,Task B ,1,2,1,0.106495673,4,1,285.2220777,5,-0.413032888,4,0.000196938,2.53E-05,0.113773681,0.886226319,0,3
2,bimodal,Task B ,1,2,1,0.368341263,4,1,298.8921194,6,0.511736787,4,7.81E-05,2.39E-05,0.2339439,0.7660561,0,3
3,bimodal,Task B ,1,3,1,-0.0440539,4,1,300.5016246,1,-0.31685406,4,0.000277088,2.58E-05,0.085265354,0.914734646,0,2
3,bimodal,Task B ,2,1,0,-0.296698524,1,1,336.948813,2,-0.030844986,1,0.000297515,2.59E-05,0.080206288,0.919793712,1,5
3,bimodal,Task B ,2,3,1,-0.372164742,3,2,155.1800802,3,-1.839591409,3,1.55E-10,1.05E-05,0.999985236,0.999985236,1,7
3,bimodal,Task B ,2,4,1,1.327908212,3,2,260.8802172,4,-0.577540666,3,6.48E-08,1.53E-05,0.995785134,0.995785134,0,8
3,bimodal,Task B ,1,3,1,0.462141058,3,1,111.9604594,5,-0.381103114,3,9.30E-05,2.41E-05,0.205920844,0.794079156,1,2
3,bimodal,Task B ,1,3,0,-0.269966653,1,2,175.5042717,6,-0.233320826,1,0.000253046,2.57E-05,0.092140732,0.907859268,1,2
4,bimodal,Task B ,1,2,0,-0.043721035,4,2,352.4913499,1,3.312879803,4,3.08E-24,1.46E-06,1,1,1,3
4,bimodal,Task B ,1,3,1,-0.368718394,1,1,219.2880874,2,0.076808087,1,0.000239321,2.56E-05,0.096608296,0.903391704,1,2
4,bimodal,Task B ,1,3,1,0.909326596,3,1,58.36436971,3,0.306544688,3,8.79E-06,2.08E-05,0.703070183,0.703070183,0,2
4,bimodal,Task B ,2,2,1,0.929014798,1,2,71.48626514,4,-0.828857691,1,6.26E-07,1.76E-05,0.96573462,0.96573462,0,6
4,bimodal,Task B ,1,2,0,0.595707717,3,2,96.34399293,5,-3.475694692,3,7.00E-27,9.99E-07,1,1,1,3
4,bimodal,Task B ,2,4,1,1.847077354,3,2,51.68993768,6,-1.27795752,3,2.81E-13,7.08E-06,0.99999996,0.99999996,0,8
5,bimodal,Task B ,2,2,0,-0.991006699,4,1,182.5973889,1,0.413660434,4,3.64E-06,1.97E-05,0.843958133,0.843958133,0,6
5,bimodal,Task B ,1,3,0,0.971005148,1,2,237.5165617,2,0.925031493,1,2.16E-07,1.65E-05,0.987094573,0.987094573,0,2
5,bimodal,Task B ,1,4,0,-0.210366443,4,2,228.3539141,3,0.365793135,4,0.000201923,2.53E-05,0.111432487,0.888567513,0,1
5,bimodal,Task B ,2,2,0,-0.708727744,2,1,231.6308654,4,-0.32039775,2,3.55E-05,2.27E-05,0.390356772,0.609643228,1,6
5,bimodal,Task B ,2,4,1,-3.305430628,1,2,231.2935984,5,-3.367890106,1,1.64E-44,7.90E-08,1,1,0,8
5,bimodal,Task B ,2,4,1,0.620643208,4,2,290.3996321,6,-1.137654418,4,3.57E-07,1.70E-05,0.979462194,0.979462194,1,8
6,bimodal,Task B ,1,2,1,0.2680336,1,1,325.5213092,1,0.387084712,1,0.000164465,2.50E-05,0.131949526,0.868050474,0,3
6,bimodal,Task B ,1,2,1,0.439555925,4,1,209.3690454,2,0.175365517,4,0.000163309,2.50E-05,0.132708697,0.867291303,1,3
6,bimodal,Task B ,2,2,1,-2.399501595,2,2,351.0060682,3,1.017699532,2,2.46E-16,4.56E-06,1,1,0,6
6,bimodal,Task B ,2,2,1,-2.981451686,3,2,299.0984951,4,3.338656962,3,1.62E-40,1.40E-07,1,1,1,6
6,bimodal,Task B ,2,2,0,0.447767699,1,1,205.8018491,5,0.462835645,1,7.28E-05,2.38E-05,0.24611844,0.75388156,0,6
6,bimodal,Task B ,1,2,0,-2.752051869,3,2,178.3324473,6,1.625288507,3,1.50E-22,1.86E-06,1,1,0,3
7,bimodal,Task B ,1,3,1,0.415468575,1,1,198.6181071,1,-0.229449299,1,0.000163108,2.50E-05,0.132841913,0.867158087,1,2
7,bimodal,Task B ,1,4,0,-0.12442,2,2,6.619582399,2,-0.483641291,2,0.000149935,2.49E-05,0.142202619,0.857797381,0,1
7,bimodal,Task B ,1,1,0,2.162299913,1,2,141.8021149,3,0.410722362,1,6.92E-13,7.49E-06,0.999999908,0.999999908,0,4
7,bimodal,Task B ,2,1,1,-3.461268743,2,2,54.59554518,4,-0.763723654,2,1.07E-26,1.03E-06,1,1,0,5
7,bimodal,Task B ,1,1,0,0.307935726,2,2,223.0160522,5,-0.630733353,2,5.30E-05,2.33E-05,0.30537291,0.69462709,0,4
7,bimodal,Task B ,1,4,1,0.054625304,4,1,25.60001691,6,-0.029477389,4,0.000416648,2.65E-05,0.05978937,0.94021063,1,1
8,bimodal,Task B ,1,4,1,-0.637942819,1,1,48.40762243,1,-0.469406636,1,3.20E-05,2.26E-05,0.413492027,0.586507973,1,1
8,bimodal,Task B ,2,4,1,0.837550187,4,2,290.8166652,2,-2.079901596,4,2.66E-13,7.05E-06,0.999999962,0.999999962,1,8
8,bimodal,Task B ,1,1,0,-0.648305168,3,2,138.4035553,3,-0.148748131,3,6.97E-05,2.37E-05,0.25365723,0.74634277,1,4
8,bimodal,Task B ,1,4,0,-1.302963776,3,2,209.8992179,4,0.153629273,3,3.54E-07,1.70E-05,0.979634056,0.979634056,0,1
8,bimodal,Task B ,1,4,0,-0.773334769,1,2,187.4744273,5,1.54160373,1,1.59E-09,1.21E-05,0.999869292,0.999869292,1,1
8,bimodal,Task B ,1,4,1,0.112866274,3,1,170.3853061,6,-0.543996678,3,0.000115488,2.45E-05,0.174740603,0.825259397,0,1
9,bimodal,Task B ,2,1,0,0.018821585,1,1,12.85890957,1,0.792420895,1,2.96E-05,2.25E-05,0.431210859,0.568789141,0,5
9,bimodal,Task B ,1,1,0,-1.084544201,1,2,318.7620141,2,-1.736617555,1,1.02E-11,8.86E-06,0.999998849,0.999998849,1,4
9,bimodal,Task B ,1,3,0,-1.407556027,2,2,111.695991,3,0.613652226,2,2.46E-08,1.44E-05,0.998297459,0.998297459,0,2
9,bimodal,Task B ,1,3,1,-0.190295802,4,1,144.6795357,4,0.54175292,4,0.000106086,2.43E-05,0.186520102,0.813479898,0,2
9,bimodal,Task B ,1,2,1,-0.102346988,1,1,125.6676884,5,-0.125491667,1,0.000382549,2.64E-05,0.064450974,0.935549026,0,3
9,bimodal,Task B ,1,2,0,-0.264743888,1,2,261.8242502,6,-1.853144419,1,1.66E-10,1.05E-05,0.999984267,0.999984267,1,3
10,bimodal,Task B ,1,1,1,-0.720337728,4,1,110.3221947,1,-0.154292223,4,4.61E-05,2.31E-05,0.333578515,0.666421485,1,4
10,bimodal,Task B ,1,2,0,-0.921005851,1,2,171.7654965,2,0.970243811,1,2.44E-07,1.66E-05,0.985573961,0.985573961,1,3
10,bimodal,Task B ,1,2,0,0.439210423,3,2,49.30720482,3,-2.252327803,3,9.58E-14,6.62E-06,0.999999986,0.999999986,1,3
10,bimodal,Task B ,1,2,1,-0.063723219,2,1,190.6457412,4,-0.033214352,2,0.000416733,2.65E-05,0.059778602,0.940221398,1,3
10,bimodal,Task B ,1,1,1,0.298662602,3,1,263.730521,5,0.479336036,3,0.000108933,2.44E-05,0.182781238,0.817218762,0,4
10,bimodal,Task B ,1,2,0,-1.448067575,3,2,286.0142318,6,0.087342087,3,7.28E-08,1.54E-05,0.995306506,0.995306506,0,3
1,bimodal,Task B ,1,2,0,-0.629984914,4,2,129.9041375,1,-0.624794142,4,1.63E-05,2.16E-05,0.570225144,0.570225144,1,3
1,bimodal,Task B ,1,3,0,-1.094574856,2,2,181.9346516,2,1.03942101,2,3.19E-08,1.47E-05,0.997826442,0.997826442,0,2
1,bimodal,Task B ,2,4,1,-0.583666749,3,2,78.89570637,3,-1.529576787,3,5.54E-09,1.31E-05,0.999578209,0.999578209,1,8
1,bimodal,Task B ,1,3,1,0.088131614,2,1,170.0650881,4,0.369629148,2,0.000228893,2.55E-05,0.100315215,0.899684785,0,2
1,bimodal,Task B ,2,4,1,2.376304221,2,2,221.5755575,5,-2.160609692,2,7.05E-23,1.78E-06,1,1,0,8
1,bimodal,Task B ,1,3,1,0.786787605,4,1,59.63239866,6,-0.18804213,4,2.70E-05,2.23E-05,0.452717359,0.547282641,1,2
2,bimodal,Task B ,1,3,1,-0.532659229,2,1,258.6533351,1,-0.115334276,2,0.000126837,2.46E-05,0.162428444,0.837571556,1,2
2,bimodal,Task B ,2,2,1,-0.373253954,3,2,296.2993138,2,-2.417905052,3,4.76E-15,5.49E-06,0.999999999,0.999999999,1,6
2,bimodal,Task B ,2,2,1,2.093664646,3,2,186.3143984,3,1.457804023,3,5.98E-16,4.82E-06,1,1,0,6
2,bimodal,Task B ,2,1,0,0.209577858,2,1,271.0476259,4,-0.673233578,2,5.21E-05,2.33E-05,0.308851123,0.691148877,0,5
2,bimodal,Task B ,1,3,1,0.60868397,3,1,237.6328054,5,-0.76619952,3,7.49E-06,2.06E-05,0.733442067,0.733442067,1,2
2,bimodal,Task B ,1,2,1,-0.123978862,1,1,74.93792337,6,-0.059502018,1,0.000394788,2.64E-05,0.062693431,0.937306569,1,3
3,bimodal,Task B ,1,3,1,0.014292164,2,1,358.6654071,1,0.363490896,2,0.000241587,2.56E-05,0.095839709,0.904160291,0,2
3,bimodal,Task B ,1,4,1,-0.179158561,3,1,38.64196082,2,-0.155051263,3,0.000339016,2.62E-05,0.071626524,0.928373476,1,1
3,bimodal,Task B ,2,3,1,0.64625476,3,2,287.6752871,3,-1.686071009,3,4.55E-10,1.12E-05,0.999959529,0.999959529,1,7
3,bimodal,Task B ,2,3,0,0.77467613,1,1,294.9244624,4,0.141811897,1,3.10E-05,2.25E-05,0.420493799,0.579506201,1,7
3,bimodal,Task B ,1,4,1,-0.012960815,3,1,48.94296553,5,-0.033850893,3,0.00042243,2.65E-05,0.059067103,0.940932897,0,1
3,bimodal,Task B ,1,2,1,0.012942247,3,1,120.4956451,6,-0.299498633,3,0.000291183,2.59E-05,0.081706643,0.918293357,0,3
4,bimodal,Task B ,1,2,0,-1.55330772,3,2,230.9925443,1,-1.871963392,3,7.83E-15,5.66E-06,0.999999999,0.999999999,1,3
4,bimodal,Task B ,1,1,0,-2.128079855,1,2,50.89912852,2,0.596873442,1,7.06E-13,7.50E-06,0.999999906,0.999999906,0,4
4,bimodal,Task B ,1,2,0,0.229345354,2,2,114.3078807,3,-0.083379331,2,0.000327945,2.61E-05,0.073723939,0.926276061,1,3
4,bimodal,Task B ,2,3,1,-1.911275624,4,2,347.4598426,4,2.991185955,4,4.60E-27,9.73E-07,1,1,1,7
4,bimodal,Task B ,2,3,1,-2.661952046,2,2,238.5551477,5,-1.67386344,2,5.97E-22,2.03E-06,1,1,0,7
4,bimodal,Task B ,2,4,1,0.645710698,4,2,258.1145353,6,0.705058893,4,8.87E-06,2.08E-05,0.70141378,0.70141378,1,8
5,bimodal,Task B ,2,4,1,-1.971670487,4,2,331.8827414,1,0.726142239,4,4.87E-12,8.46E-06,0.999999424,0.999999424,0,8
5,bimodal,Task B ,1,3,0,-0.11658481,2,2,247.5886363,2,0.565668702,2,0.000103814,2.43E-05,0.189618422,0.810381578,0,2
5,bimodal,Task B ,2,3,1,-1.266594668,3,2,352.7479513,3,1.287463151,3,5.20E-10,1.13E-05,0.999954117,0.999954117,1,7
5,bimodal,Task B ,1,4,1,-0.032712242,3,1,44.3365044,4,-0.380771185,3,0.000230419,2.55E-05,0.099754508,0.900245492,0,1
5,bimodal,Task B ,1,2,1,0.60894948,1,1,324.3418796,5,0.170616277,1,7.80E-05,2.39E-05,0.234184117,0.765815883,1,3
5,bimodal,Task B ,1,3,0,-1.02274781,3,2,340.2337448,6,-0.22870796,3,4.65E-06,2.00E-05,0.81129931,0.81129931,0,2
6,bimodal,Task B ,2,2,1,-2.217727148,3,2,345.2464513,1,-0.152901677,3,5.78E-13,7.41E-06,0.999999922,0.999999922,0,6
6,bimodal,Task B ,1,2,1,-0.055383972,4,1,322.2890034,2,-0.053816704,4,0.000415231,2.65E-05,0.059969134,0.940030866,0,3
6,bimodal,Task B ,2,2,1,-1.142461289,4,2,326.640927,3,-1.100621695,4,1.21E-08,1.38E-05,0.999124621,0.999124621,0,6
6,bimodal,Task B ,2,2,1,1.162342814,3,2,78.65139595,4,2.011349939,3,5.51E-14,6.39E-06,0.999999991,0.999999991,1,6
6,bimodal,Task B ,2,2,1,4.448876942,3,2,253.2752342,5,-2.09094719,3,6.90E-48,4.86E-08,1,1,0,6
6,bimodal,Task B ,2,3,1,-1.473202835,2,2,212.4844186,6,2.183690273,2,9.81E-17,4.30E-06,1,1,1,7
7,bimodal,Task B ,1,4,1,-0.29224153,1,1,50.34218388,1,-0.041109953,1,0.00029981,2.60E-05,0.079676421,0.920323579,1,1
7,bimodal,Task B ,1,1,1,-0.332296328,2,1,333.723832,2,-0.493820653,2,9.79E-05,2.42E-05,0.198209425,0.801790575,0,4
7,bimodal,Task B ,1,4,0,0.93595376,3,2,146.8083485,3,0.322749673,3,6.86E-06,2.05E-05,0.749311318,0.749311318,0,1
7,bimodal,Task B ,1,1,0,-1.310294441,1,2,103.635779,4,-2.945822712,1,4.61E-23,1.73E-06,1,1,1,4
7,bimodal,Task B ,2,4,1,-2.929601903,3,2,74.88099884,5,-0.440076147,3,7.22E-20,2.74E-06,1,1,0,8
7,bimodal,Task B ,1,1,0,0.236088503,2,2,4.963868532,6,-3.422483222,2,1.16E-25,1.19E-06,1,1,1,4
8,bimodal,Task B ,1,4,1,0.348021772,1,1,133.0194577,1,-0.302459659,1,0.000172142,2.51E-05,0.127127389,0.872872611,1,1
8,bimodal,Task B ,1,4,1,-0.036312971,3,1,55.26797051,2,0.057794024,3,0.000416576,2.65E-05,0.059798461,0.940201539,0,1
8,bimodal,Task B ,1,4,1,0.141403327,3,1,161.1664282,3,0.198693376,3,0.000327651,2.61E-05,0.07378153,0.92621847,0,1
8,bimodal,Task B ,2,4,0,0.596593405,4,1,316.2441004,4,-0.247114609,4,7.29E-05,2.38E-05,0.245773183,0.754226817,1,8
8,bimodal,Task B ,1,4,1,0.073563038,4,1,153.6071104,5,0.373824789,4,0.000228267,2.55E-05,0.100547358,0.899452642,0,1
8,bimodal,Task B ,2,4,1,0.819783266,3,2,178.7354369,6,0.724215549,3,2.72E-06,1.93E-05,0.876900392,0.876900392,0,8
9,bimodal,Task B ,2,3,1,1.17043467,3,2,356.1592361,1,-1.564494463,3,4.50E-11,9.72E-06,0.999995368,0.999995368,1,7
9,bimodal,Task B ,1,1,0,-1.406731496,2,2,81.4510409,2,-1.245063214,2,1.79E-10,1.06E-05,0.999983131,0.999983131,0,4
9,bimodal,Task B ,2,4,0,-0.239200629,4,1,77.92979513,3,-0.486291829,4,0.000125403,2.46E-05,0.163883736,0.836116264,0,8
9,bimodal,Task B ,1,1,1,0.315295008,4,1,96.42675432,4,-0.266704915,4,0.000205515,2.54E-05,0.109806074,0.890193926,1,4
9,bimodal,Task B ,1,1,0,-2.050224642,2,2,125.2728216,5,-0.933470625,2,3.14E-13,7.13E-06,0.999999956,0.999999956,0,4
9,bimodal,Task B ,2,2,1,-1.822674146,4,2,41.86962107,6,-1.848599627,4,2.62E-16,4.58E-06,1,1,1,6
10,bimodal,Task B ,2,1,1,-1.577413662,2,2,338.261273,1,-0.491239713,2,5.41E-09,1.31E-05,0.999587652,0.999587652,0,5
10,bimodal,Task B ,2,3,1,-1.12660299,3,2,138.2507446,2,1.022218005,3,2.76E-08,1.45E-05,0.998100345,0.998100345,0,7
10,bimodal,Task B ,2,2,1,-1.548054874,3,2,160.5310761,3,-0.706585792,3,2.67E-09,1.25E-05,0.999787403,0.999787403,0,6
10,bimodal,Task B ,1,2,1,-0.044197263,3,1,250.0750209,4,0.411509348,3,0.000205432,2.53E-05,0.109842811,0.890157189,0,3
10,bimodal,Task B ,1,2,1,0.681396669,4,1,282.2025802,5,0.387577492,4,3.16E-05,2.25E-05,0.416743517,0.583256483,1,3
10,bimodal,Task B ,1,2,1,-0.123300423,1,1,121.2179452,6,0.378859182,1,0.000217709,2.54E-05,0.104634305,0.895365695,0,3
1,bimodal,Task B ,2,2,1,-0.165810605,2,2,279.5996824,1,1.430920557,2,6.62E-08,1.53E-05,0.995701757,0.995701757,1,6
1,bimodal,Task B ,1,2,0,-0.279573428,3,2,72.22967185,2,1.40937397,3,6.99E-08,1.54E-05,0.99548127,0.99548127,1,3
1,bimodal,Task B ,1,3,1,-0.090286266,2,1,237.3316357,3,0.33210578,2,0.000257677,2.57E-05,0.090728167,0.909271833,0,2
1,bimodal,Task B ,1,2,1,-0.090773998,4,1,136.0233492,4,0.080493445,4,0.000400379,2.64E-05,0.061923227,0.938076773,1,3
1,bimodal,Task B ,1,3,1,0.290883325,2,1,56.25664396,5,0.151650364,2,0.000266836,2.58E-05,0.088063003,0.911936997,1,2
1,bimodal,Task B ,2,4,1,2.132504621,4,2,110.7166247,6,-0.54608323,4,6.90E-13,7.49E-06,0.999999908,0.999999908,0,8
2,bimodal,Task B ,2,4,1,1.906451227,4,2,156.6679937,1,-0.567914454,4,2.79E-11,9.44E-06,0.999997043,0.999997043,0,8
2,bimodal,Task B ,1,2,0,0.888949133,1,2,69.23830685,2,0.668896198,1,2.30E-06,1.91E-05,0.892925894,0.892925894,0,3
2,bimodal,Task B ,1,2,1,0.245196618,2,1,284.7431025,3,-0.294694509,2,0.000227232,2.55E-05,0.100933209,0.899066791,0,3
2,bimodal,Task B ,2,2,1,-1.432788428,3,2,73.34265069,4,-1.027698768,3,1.06E-09,1.18E-05,0.999910758,0.999910758,0,6
2,bimodal,Task B ,2,1,1,-1.105105787,1,2,280.8131718,5,-1.795913009,1,3.50E-12,8.29E-06,0.999999578,0.999999578,1,5
2,bimodal,Task B ,2,4,1,2.671514182,4,2,278.6884119,6,-1.252915888,4,6.77E-20,2.73E-06,1,1,0,8
3,bimodal,Task B ,1,4,1,0.302240369,1,1,204.9707769,1,0.230741594,1,0.000228051,2.55E-05,0.100627443,0.899372557,1,1
3,bimodal,Task B ,1,4,1,0.274755727,1,1,260.4496906,2,0.392103672,1,0.00015928,2.49E-05,0.135427543,0.864572457,0,1
3,bimodal,Task B ,1,3,1,-0.133326142,1,1,230.7518764,3,0.145917773,1,0.000361976,2.63E-05,0.067647307,0.932352693,0,2
3,bimodal,Task B ,2,2,1,0.810677657,2,2,181.71622,4,0.469264555,2,1.05E-05,2.10E-05,0.667822528,0.667822528,0,6
3,bimodal,Task B ,2,1,1,0.786940396,2,2,42.66526191,5,0.276643368,2,2.25E-05,2.21E-05,0.494763035,0.505236965,1,5
3,bimodal,Task B ,2,3,1,-1.393094257,4,2,196.121997,6,-1.274308387,4,1.53E-10,1.05E-05,0.999985382,0.999985382,0,7
4,bimodal,Task B ,2,4,1,-1.100121975,4,2,351.586123,1,-3.051896185,4,2.55E-23,1.67E-06,1,1,1,8
4,bimodal,Task B ,1,3,1,-0.31174301,3,1,203.4005194,2,-0.344031681,3,0.000175224,2.51E-05,0.125292991,0.874707009,0,2
4,bimodal,Task B ,1,1,1,-0.458500542,1,1,284.9069198,3,-0.536328945,1,5.41E-05,2.33E-05,0.301158354,0.698841646,0,4
4,bimodal,Task B ,1,3,0,-1.654816935,4,2,121.4846334,4,-0.199140969,4,4.49E-09,1.30E-05,0.999653988,0.999653988,0,2
4,bimodal,Task B ,2,2,1,1.219714353,2,2,225.1437924,5,0.780856431,2,6.28E-08,1.53E-05,0.995906825,0.995906825,0,6
4,bimodal,Task B ,1,3,0,-0.604064616,4,2,30.7295928,6,0.61491294,4,1.93E-05,2.19E-05,0.530940669,0.530940669,1,2
5,bimodal,Task B ,2,3,1,0.479282576,4,2,232.9983093,1,1.588567701,4,3.71E-09,1.28E-05,0.999710372,0.999710372,1,7
5,bimodal,Task B ,1,2,0,0.368791765,2,2,220.843419,2,0.65613627,2,3.82E-05,2.28E-05,0.373797739,0.626202261,0,3
5,bimodal,Task B ,1,2,1,-0.035947014,3,1,250.528408,3,0.035619889,3,0.000420377,2.65E-05,0.059321436,0.940678564,0,3
5,bimodal,Task B ,2,1,0,0.405833102,4,1,90.32830514,4,0.631407251,4,3.88E-05,2.28E-05,0.370778762,0.629221238,0,5
5,bimodal,Task B ,2,3,1,-0.616409176,3,2,186.220037,5,-0.000576303,3,9.02E-05,2.41E-05,0.210681816,0.789318184,1,7
5,bimodal,Task B ,1,1,0,0.91295055,2,2,352.0513361,6,-1.560485885,2,4.46E-10,1.12E-05,0.999960267,0.999960267,1,4
6,bimodal,Task B ,1,2,1,0.527605777,2,1,323.8055326,1,-0.430872585,2,5.98E-05,2.35E-05,0.281882232,0.718117768,1,3
6,bimodal,Task B ,1,2,1,-0.075244624,1,1,217.3927059,2,0.34360685,1,0.00025174,2.57E-05,0.092547181,0.907452819,0,3
6,bimodal,Task B ,2,2,0,-0.022823669,3,1,351.9713148,3,-0.10586016,3,0.000404788,2.64E-05,0.061329497,0.938670503,0,6
6,bimodal,Task B ,1,2,1,0.127810857,2,1,134.4705335,4,0.702966684,2,4.86E-05,2.32E-05,0.322966844,0.677033156,0,3
6,bimodal,Task B ,1,1,1,0.075034292,4,1,199.5267545,5,0.192600999,4,0.000352439,2.62E-05,0.069243126,0.930756874,0,4
6,bimodal,Task B ,1,1,1,0.42607845,1,1,34.33574076,6,0.191865825,1,0.000167162,2.50E-05,0.130212544,0.869787456,1,4
7,bimodal,Task B ,1,4,0,0.422272087,2,2,25.42700429,1,0.500612197,2,6.85E-05,2.37E-05,0.256836441,0.743163559,0,1
7,bimodal,Task B ,2,4,1,-2.352735761,2,2,338.1267574,2,1.152836032,2,1.79E-16,4.47E-06,1,1,0,8
7,bimodal,Task B ,1,1,1,0.315704065,2,1,329.176493,3,-0.022350347,2,0.000275849,2.58E-05,0.085593663,0.914406337,1,4
7,bimodal,Task B ,1,1,1,-0.079174586,1,1,330.1017757,4,-0.709936582,1,4.98E-05,2.32E-05,0.317688996,0.682311004,0,4
7,bimodal,Task B ,1,4,1,0.147694768,2,1,18.7637248,5,0.663661889,2,5.95E-05,2.35E-05,0.282732464,0.717267536,0,1
7,bimodal,Task B ,2,1,1,-0.350992225,2,2,3.003818949,6,-0.980477153,2,4.52E-06,2.00E-05,0.815427063,0.815427063,1,5
8,bimodal,Task B ,2,4,1,-1.907615048,2,2,52.16316094,1,-0.530512354,2,3.90E-11,9.64E-06,0.999995949,0.999995949,0,8
8,bimodal,Task B ,2,4,1,-2.363897462,2,2,178.6726773,2,-1.531774151,2,2.02E-18,3.38E-06,1,1,0,8
8,bimodal,Task B ,1,4,1,0.196921853,1,1,331.5523912,3,-0.049836119,1,0.000354343,2.62E-05,0.068918433,0.931081567,1,1
8,bimodal,Task B ,2,4,1,1.64416176,3,2,212.2907607,4,-0.505928773,3,1.79E-09,1.22E-05,0.999853977,0.999853977,0,8
8,bimodal,Task B ,2,4,1,-1.15819826,2,2,189.2356605,5,-0.513122583,2,5.65E-07,1.75E-05,0.968762433,0.968762433,0,8
8,bimodal,Task B ,1,4,0,0.192328756,4,2,223.0216866,6,-0.216273792,4,0.000296724,2.59E-05,0.080390548,0.919609452,0,1
9,bimodal,Task B ,2,4,1,-0.521185759,4,2,329.5835209,1,1.570794451,4,4.15E-09,1.29E-05,0.999678713,0.999678713,1,8
9,bimodal,Task B ,1,1,0,-0.927880102,1,2,301.1858555,2,-0.319445909,1,8.11E-06,2.07E-05,0.718741372,0.718741372,0,4
9,bimodal,Task B ,1,2,1,-0.280116468,3,1,70.10759267,3,-0.153945413,3,0.00028139,2.59E-05,0.084145605,0.915854395,1,3
9,bimodal,Task B ,1,3,1,-0.32442816,1,1,355.9757732,4,-0.083755951,1,0.000270496,2.58E-05,0.087042486,0.912957514,1,2
9,bimodal,Task B ,2,2,1,0.410523442,1,2,169.3225175,5,-2.503304723,1,6.90E-16,4.86E-06,1,1,1,6
9,bimodal,Task B ,2,2,1,-1.326418366,2,2,3.668887682,6,0.092396696,2,2.93E-07,1.68E-05,0.982910948,0.982910948,0,6
10,bimodal,Task B ,1,1,1,0.045298689,4,1,319.4108312,1,0.113155044,4,0.000397254,2.64E-05,0.062351264,0.937648736,0,4
10,bimodal,Task B ,1,2,1,-0.410026798,4,1,119.8552421,2,0.195280645,4,0.000182874,2.52E-05,0.120967973,0.879032027,1,3
10,bimodal,Task B ,1,2,1,-0.193858032,4,1,62.38827513,3,0.048175267,4,0.000362633,2.63E-05,0.067540052,0.932459948,1,3
10,bimodal,Task B ,1,1,1,-0.166349949,3,1,331.7051329,4,-0.04665834,3,0.000378001,2.63E-05,0.06513042,0.93486958,1,4
10,bimodal,Task B ,1,1,1,-0.365545174,4,1,328.7220287,5,0.114482649,4,0.000234272,2.56E-05,0.098366768,0.901633232,1,4
10,bimodal,Task B ,1,1,1,-0.392652747,4,1,177.3385346,6,0.23470589,4,0.000180165,2.51E-05,0.122463265,0.877536735,1,4
1,bimodal,Task B ,2,3,1,-2.096658079,4,2,124.4873937,1,-0.448225826,4,2.39E-12,8.09E-06,0.999999705,0.999999705,0,7
1,bimodal,Task B ,1,3,1,0.034295962,4,1,277.7838025,2,-0.161305185,4,0.000378425,2.63E-05,0.065066366,0.934933634,0,2
1,bimodal,Task B ,2,1,1,-0.838976113,1,2,188.3462995,3,-2.690654787,1,1.31E-18,3.29E-06,1,1,1,5
1,bimodal,Task B ,1,3,0,-0.167933479,1,2,11.87696706,4,0.922379041,1,1.04E-05,2.10E-05,0.66961994,0.66961994,1,2
1,bimodal,Task B ,1,2,1,-0.002840022,3,1,108.8977576,5,-0.198522831,3,0.000360149,2.63E-05,0.067947057,0.932052943,0,3
1,bimodal,Task B ,1,2,1,0.082871874,3,1,299.019261,6,0.108732096,3,0.000390328,2.64E-05,0.063322307,0.936677693,0,3
2,bimodal,Task B ,1,2,1,0.518688185,2,1,206.3553223,1,0.282708016,2,9.64E-05,2.42E-05,0.200560126,0.799439874,1,3
2,bimodal,Task B ,2,3,0,-0.893549228,4,1,261.1988741,2,0.040176184,4,1.60E-05,2.16E-05,0.57509039,0.57509039,0,7
2,bimodal,Task B ,1,2,1,-0.026980525,3,1,2.324324394,3,0.226748798,3,0.000340104,2.62E-05,0.071427044,0.928572956,0,3
2,bimodal,Task B ,1,1,1,-0.46458314,2,1,205.5471194,4,0.206716974,2,0.000147485,2.48E-05,0.144097456,0.855902544,1,4
2,bimodal,Task B ,2,1,1,0.556335437,4,2,329.5575644,5,-3.197802721,4,2.12E-23,1.65E-06,1,1,1,5
2,bimodal,Task B ,1,3,0,1.126336271,1,2,305.1879076,6,-0.01789774,1,2.07E-06,1.90E-05,0.901789565,0.901789565,0,2
3,bimodal,Task B ,2,4,1,-1.385486018,2,2,134.1463575,1,-1.044377845,2,1.59E-09,1.21E-05,0.999869477,0.999869477,0,8
3,bimodal,Task B ,2,1,0,0.385331959,3,1,227.33317,2,-0.332373614,3,0.000141614,2.48E-05,0.148858018,0.851141982,1,5
3,bimodal,Task B ,1,1,0,-0.072193532,2,2,13.91897123,3,-0.920502725,2,1.18E-05,2.12E-05,0.642961049,0.642961049,1,4
3,bimodal,Task B ,2,2,0,0.815899072,2,1,20.10734089,4,-0.355483712,2,1.52E-05,2.15E-05,0.587013262,0.587013262,0,6
3,bimodal,Task B ,2,4,1,1.954566302,2,2,256.8980607,5,1.545268155,2,2.06E-15,5.21E-06,1,1,0,8
3,bimodal,Task B ,1,3,1,-0.049743207,4,1,196.1832838,6,0.021805661,4,0.000420062,2.65E-05,0.059360697,0.940639303,1,2
4,bimodal,Task B ,1,2,0,-0.381476778,2,2,141.946468,1,-1.029179767,2,2.73E-06,1.94E-05,0.87632288,0.87632288,1,3
4,bimodal,Task B ,2,4,1,1.571846148,3,2,33.44405588,2,-2.30496255,3,2.58E-18,3.43E-06,1,1,1,8
4,bimodal,Task B ,1,4,1,0.251418273,4,1,204.4380061,3,0.051500543,4,0.000318741,2.61E-05,0.075567403,0.924432597,1,1
4,bimodal,Task B ,2,3,1,-1.193126236,3,2,137.1470081,4,0.195414276,3,1.03E-06,1.82E-05,0.946298091,0.946298091,0,7
4,bimodal,Task B ,1,1,1,0.113594207,1,1,287.6395539,5,-0.15520814,1,0.000361996,2.63E-05,0.067643926,0.932356074,0,4
4,bimodal,Task B ,1,2,1,0.418349709,4,1,49.67157272,6,-0.222146409,4,0.000163717,2.50E-05,0.132439825,0.867560175,1,3
5,bimodal,Task B ,1,2,1,0.004931868,1,1,56.49229077,1,0.252980271,1,0.000322867,2.61E-05,0.074729281,0.925270719,0,3
5,bimodal,Task B ,1,4,1,-0.132960209,3,1,141.0951361,2,0.396536333,3,0.000203421,2.53E-05,0.110747805,0.889252195,0,1
5,bimodal,Task B ,1,1,1,0.626032399,4,1,31.25905076,3,0.124068025,4,7.57E-05,2.38E-05,0.239263762,0.760736238,1,4
5,bimodal,Task B ,1,4,1,0.136512483,1,1,36.8121108,4,-0.182968836,1,0.000339483,2.62E-05,0.07154062,0.92845938,0,1
5,bimodal,Task B ,2,4,1,-1.158467198,3,2,291.3772825,5,1.032815003,3,1.87E-08,1.42E-05,0.998684858,0.998684858,0,8
5,bimodal,Task B ,1,4,1,-0.117083099,2,1,115.717215,6,0.599971794,2,8.76E-05,2.40E-05,0.215267569,0.784732431,0,1
6,bimodal,Task B ,1,2,0,0.105561376,3,2,177.4572543,1,0.935013722,3,9.96E-06,2.10E-05,0.678142334,0.678142334,1,3
6,bimodal,Task B ,1,2,1,0.34787417,2,1,317.6796763,2,0.280123689,2,0.00018076,2.51E-05,0.122131582,0.877868418,1,3
6,bimodal,Task B ,1,2,1,-0.58796163,2,1,279.8290788,3,-0.078515849,2,0.000101283,2.43E-05,0.193200597,0.806799403,1,3
6,bimodal,Task B ,1,2,1,-0.17440722,2,1,49.31713519,4,0.570191021,2,9.50E-05,2.42E-05,0.202750425,0.797249575,0,3
6,bimodal,Task B ,1,1,1,0.067822774,3,1,215.1705407,5,0.344188567,3,0.000250714,2.57E-05,0.092869164,0.907130836,0,4
6,bimodal,Task B ,2,2,0,0.579318748,2,1,3.45292479,6,0.07230623,2,0.000100145,2.42E-05,0.194856611,0.805143389,1,6
7,bimodal,Task B ,1,3,1,-0.216040508,1,1,177.8893312,1,-0.405914975,1,0.000176979,2.51E-05,0.124272199,0.875727801,0,2
7,bimodal,Task B ,1,4,1,-0.433467017,3,1,103.8870543,2,-0.04602819,3,0.00019687,2.53E-05,0.113806644,0.886193356,1,1
7,bimodal,Task B ,1,1,0,0.38633759,1,2,97.54415432,3,-0.321757902,1,0.000145333,2.48E-05,0.145804911,0.854195089,1,4
7,bimodal,Task B ,2,1,1,2.400450122,1,2,98.0168801,4,-1.533815769,1,7.62E-19,3.18E-06,1,1,0,5
7,bimodal,Task B ,1,4,1,0.337574102,4,1,146.0841265,5,-0.297929107,4,0.000179467,2.51E-05,0.122855181,0.877144819,1,1
7,bimodal,Task B ,1,4,1,0.204383079,4,1,317.6013345,6,-0.027611568,4,0.000352304,2.62E-05,0.069266348,0.930733652,1,1
8,bimodal,Task B ,1,4,1,0.126696935,3,1,156.50855,1,0.260060412,3,0.000295743,2.59E-05,0.080620232,0.919379768,0,1
8,bimodal,Task B ,1,4,1,0.110604138,3,1,316.9712171,2,0.014962706,3,0.000400776,2.64E-05,0.061869347,0.938130653,1,1
8,bimodal,Task B ,1,4,1,0.314640205,4,1,118.3283078,3,-0.652349829,4,4.63E-05,2.31E-05,0.332753535,0.667246465,0,1
8,bimodal,Task B ,1,4,1,-0.11910635,4,1,4.629849923,4,0.585488734,4,9.40E-05,2.41E-05,0.204274605,0.795725395,0,1
8,bimodal,Task B ,2,4,0,0.5647874,1,1,60.61278131,5,0.034390601,1,0.000109272,2.44E-05,0.182346568,0.817653432,1,8
8,bimodal,Task B ,2,4,0,-0.49662768,2,1,358.1368727,6,0.167556953,2,0.000138332,2.47E-05,0.151664627,0.848335373,1,8
9,bimodal,Task B ,2,3,0,-0.315396951,4,1,234.6234022,1,-0.142806183,4,0.000261912,2.57E-05,0.089475313,0.910524687,1,7
9,bimodal,Task B ,2,2,1,-1.649719373,4,2,114.3253928,2,0.298352921,4,3.88E-09,1.28E-05,0.999697731,0.999697731,0,6
9,bimodal,Task B ,2,1,1,0.484496712,1,2,46.42704752,3,1.46606319,1,1.77E-08,1.41E-05,0.998751077,0.998751077,1,5
9,bimodal,Task B ,2,2,0,0.054997044,1,1,103.4212372,4,0.625914227,1,7.94E-05,2.39E-05,0.231251678,0.768748322,0,6
9,bimodal,Task B ,2,2,1,-3.700365433,2,2,352.4578069,5,1.869754749,2,3.92E-35,3.05E-07,1,1,0,6
9,bimodal,Task B ,2,1,1,-0.963301565,1,2,229.3855715,6,0.458983143,1,3.85E-06,1.98E-05,0.836913097,0.836913097,0,5
10,bimodal,Task B ,1,1,0,0.384831882,1,2,139.9988596,1,-2.997234809,1,7.91E-21,2.39E-06,1,1,1,4
10,bimodal,Task B ,1,2,1,-0.487542201,4,1,140.0391844,2,0.384455746,4,8.64E-05,2.40E-05,0.217566833,0.782433167,1,3
10,bimodal,Task B ,2,2,1,0.56038121,3,2,40.35396985,3,1.610476039,3,1.94E-09,1.23E-05,0.999842519,0.999842519,1,6
10,bimodal,Task B ,1,2,1,-0.329979726,1,1,147.6583279,4,0.345721774,1,0.00016496,2.50E-05,0.131627183,0.868372817,0,3
10,bimodal,Task B ,1,2,1,-0.196046017,3,1,87.47558469,5,0.429876127,3,0.00016657,2.50E-05,0.130590127,0.869409873,0,3
10,bimodal,Task B ,1,2,1,-0.113934629,1,1,2.411698543,6,-0.104894321,1,0.000386373,2.64E-05,0.063891055,0.936108945,1,3
1,bimodal,Task B ,2,2,1,-0.455122986,2,2,235.8122216,1,-1.712431317,2,7.87E-10,1.16E-05,0.999932319,0.999932319,1,6
1,bimodal,Task B ,2,1,0,-0.066261763,1,1,224.4023997,2,0.09719283,1,0.000401223,2.64E-05,0.061808611,0.938191389,0,5
1,bimodal,Task B ,1,2,1,-0.669131232,1,1,297.2914065,3,0.393219122,1,3.54E-05,2.27E-05,0.390955723,0.609044277,1,3
1,bimodal,Task B ,2,1,1,1.737054076,1,2,219.9534963,4,0.993217635,1,2.17E-11,9.29E-06,0.999997659,0.999997659,0,5
1,bimodal,Task B ,1,2,1,0.354506673,2,1,283.5290331,5,-0.120077015,2,0.000233309,2.56E-05,0.098709963,0.901290037,1,3
1,bimodal,Task B ,1,3,1,0.305196181,4,1,317.3050262,6,0.651887531,4,4.69E-05,2.31E-05,0.330111063,0.669888937,0,2
2,bimodal,Task B ,2,2,1,-1.544517295,1,2,8.733674066,1,-0.231957709,1,1.82E-08,1.41E-05,0.998714796,0.998714796,0,6
2,bimodal,Task B ,1,2,1,-0.031756106,4,1,179.0015992,2,0.171719888,4,0.000372967,2.63E-05,0.065899907,0.934100093,0,3
2,bimodal,Task B ,2,2,1,-2.311239934,2,2,123.2366712,3,1.49705371,2,8.44E-18,3.69E-06,1,1,0,6
2,bimodal,Task B ,2,1,0,-0.154528352,4,1,171.8784152,4,-0.342164363,4,0.000237072,2.56E-05,0.097383535,0.902616465,0,5
2,bimodal,Task B ,1,2,0,-0.157481636,2,2,306.0675846,5,-1.936970005,2,5.22E-11,9.81E-06,0.999994683,0.999994683,1,3
2,bimodal,Task B ,1,2,0,-0.307144736,1,2,332.7221642,6,-0.350120481,1,0.000174145,2.51E-05,0.125928855,0.874071145,0,3
3,bimodal,Task B ,1,2,1,0.291096618,3,1,351.5133242,1,0.223015843,3,0.00023804,2.56E-05,0.097048157,0.902951843,1,3
3,bimodal,Task B ,1,4,1,0.235276947,4,1,343.1408818,2,-0.201692209,4,0.000281482,2.59E-05,0.084121922,0.915878078,1,1
3,bimodal,Task B ,2,4,1,1.752519989,1,2,255.6955856,3,0.81676281,1,6.70E-11,9.97E-06,0.999993278,0.999993278,0,8
3,bimodal,Task B ,2,1,0,-0.053111202,2,1,225.887117,4,-0.587903235,2,9.84E-05,2.42E-05,0.197470715,0.802529285,0,5
3,bimodal,Task B ,1,4,1,-0.29839633,3,1,287.0125433,5,0.103179265,3,0.000283987,2.59E-05,0.083484381,0.916515619,1,1
3,bimodal,Task B ,1,3,1,-0.066602667,3,1,104.491463,6,0.348830999,3,0.000249074,2.57E-05,0.093389036,0.906610964,0,2
4,bimodal,Task B ,1,2,1,-0.268068225,1,1,339.3589075,1,0.127736489,1,0.000297261,2.59E-05,0.080265384,0.919734616,1,3
4,bimodal,Task B ,1,2,1,0.577565659,4,1,347.5459236,2,0.319488197,4,6.69E-05,2.36E-05,0.260980355,0.739019645,1,3
4,bimodal,Task B ,1,1,1,0.289274808,4,1,65.90557025,3,-0.185178928,4,0.000256384,2.57E-05,0.091118041,0.908881959,1,4
4,bimodal,Task B ,2,2,1,-0.537690245,2,2,89.58739684,4,-0.228497779,2,0.000105404,2.43E-05,0.187439442,0.812560558,1,6
4,bimodal,Task B ,1,2,0,0.470997725,3,2,96.38201301,5,0.601426507,3,3.56E-05,2.27E-05,0.389328202,0.610671798,0,3
4,bimodal,Task B ,2,4,1,1.762352059,3,2,28.33978605,6,-2.073691242,3,1.31E-17,3.80E-06,1,1,1,8
5,bimodal,Task B ,2,2,1,-0.865055937,1,2,64.75341803,1,1.460252789,1,2.40E-09,1.25E-05,0.999807655,0.999807655,1,6
5,bimodal,Task B ,1,4,1,0.205592573,4,1,32.06364547,2,0.123262278,4,0.000330225,2.61E-05,0.073281777,0.926718223,1,1
5,bimodal,Task B ,1,4,1,-0.237560242,1,1,29.70906674,3,-0.088609124,1,0.000328772,2.61E-05,0.073562996,0.926437004,1,1
5,bimodal,Task B ,1,4,0,-0.051070572,2,2,57.88108205,4,-2.792530402,2,2.19E-18,3.39E-06,1,1,1,1
5,bimodal,Task B ,1,4,1,0.285969634,3,1,186.09076,5,-0.233298839,3,0.000237522,2.56E-05,0.097227231,0.902772769,1,1
5,bimodal,Task B ,1,4,1,0.31448306,3,1,327.3411295,6,-0.564510737,3,7.27E-05,2.38E-05,0.24633885,0.75366115,0,1
6,bimodal,Task B ,2,2,1,-1.689822534,1,2,152.9652404,1,-1.311000006,1,2.34E-12,8.08E-06,0.999999711,0.999999711,0,6
6,bimodal,Task B ,1,2,1,0.130263297,1,1,128.6850753,2,-1.204437246,1,8.73E-07,1.80E-05,0.953812741,0.953812741,1,3
6,bimodal,Task B ,2,2,0,-1.132013701,4,1,219.4452006,3,0.002076738,4,2.19E-06,1.91E-05,0.897113598,0.897113598,0,6
6,bimodal,Task B ,1,2,1,-0.375091742,3,1,97.03731981,4,0.137706205,3,0.000221982,2.55E-05,0.10293922,0.89706078,1,3
6,bimodal,Task B ,1,2,0,0.529771896,3,2,212.601749,5,0.557659908,3,3.45E-05,2.27E-05,0.396572215,0.603427785,0,3
6,bimodal,Task B ,1,1,1,0.08257261,4,1,118.6930195,6,0.410084134,4,0.00020111,2.53E-05,0.11180719,0.88819281,0,4
7,bimodal,Task B ,1,4,0,1.050971018,1,2,31.47485374,1,0.943856853,1,9.47E-08,1.57E-05,0.993997308,0.993997308,0,1
7,bimodal,Task B ,1,1,1,-0.426753408,4,1,238.4109174,2,-0.241955619,4,0.000159208,2.49E-05,0.135477264,0.864522736,1,4
7,bimodal,Task B ,1,4,1,0.14051259,2,1,339.0082654,3,-0.061482551,2,0.000382465,2.64E-05,0.064463364,0.935536636,1,1
7,bimodal,Task B ,2,4,1,0.861260705,4,2,143.7100137,4,1.279574563,4,1.84E-08,1.42E-05,0.998703071,0.998703071,1,8
7,bimodal,Task B ,1,1,0,0.313551988,1,2,327.7708797,5,1.015952362,1,3.52E-06,1.97E-05,0.848079389,0.848079389,1,4
7,bimodal,Task B ,1,1,0,1.303837315,1,2,337.0802232,6,1.145454106,1,1.33E-09,1.20E-05,0.999889207,0.999889207,0,4
8,bimodal,Task B ,2,4,1,-1.090091779,2,2,94.67522786,1,-0.274689524,2,2.35E-06,1.92E-05,0.890950381,0.890950381,0,8
8,bimodal,Task B ,1,4,0,-0.406419472,2,2,192.6473972,2,1.318271698,2,1.40E-07,1.61E-05,0.991368858,0.991368858,1,1
8,bimodal,Task B ,2,4,1,-1.941007537,3,2,73.35208873,3,1.976417252,3,5.05E-18,3.58E-06,1,1,1,8
8,bimodal,Task B ,2,4,1,2.495951568,2,2,52.00176142,4,-3.001656022,2,6.90E-32,4.86E-07,1,1,1,8
8,bimodal,Task B ,2,4,1,0.605909401,4,2,17.19464144,5,-1.394894333,4,2.47E-08,1.44E-05,0.998289437,0.998289437,1,8
8,bimodal,Task B ,1,4,1,-0.101045474,2,1,342.9804966,6,-0.462151023,2,0.000166756,2.50E-05,0.130470959,0.869529041,0,1
9,bimodal,Task B ,1,4,0,0.598844186,3,2,268.4595945,1,1.415910028,3,1.93E-08,1.42E-05,0.998640124,0.998640124,1,1
9,bimodal,Task B ,2,1,0,-0.508029394,1,1,314.802601,2,0.514289209,1,4.85E-05,2.32E-05,0.323382698,0.676617302,0,5
9,bimodal,Task B ,2,4,0,-0.698481855,4,1,189.5696958,3,-0.06685649,4,5.68E-05,2.34E-05,0.291648787,0.708351213,1,8
9,bimodal,Task B ,2,2,0,-0.396028281,2,1,336.3418409,4,0.292215105,2,0.000156714,2.49E-05,0.137220575,0.862779425,1,6
9,bimodal,Task B ,1,3,1,-0.539947698,4,1,17.84296733,5,-0.340628191,4,7.98E-05,2.39E-05,0.230411537,0.769588463,1,2
9,bimodal,Task B ,1,3,1,0.155105475,1,1,13.5864796,6,0.147869439,1,0.000347008,2.62E-05,0.070187399,0.929812601,1,2
10,bimodal,Task B ,1,2,1,0.08727057,4,1,190.9170502,1,-0.399702897,4,0.000209528,2.54E-05,0.108046415,0.891953585,0,3
10,bimodal,Task B ,1,1,0,1.187720975,3,2,218.6992915,2,-1.429018643,3,2.10E-10,1.07E-05,0.99998037,0.99998037,1,4
10,bimodal,Task B ,1,2,1,-0.601408352,4,1,225.437492,3,-0.544768614,4,2.80E-05,2.24E-05,0.444603319,0.555396681,1,3
10,bimodal,Task B ,1,2,1,-0.174824625,4,1,289.809204,4,0.14249349,4,0.000345384,2.62E-05,0.070474949,0.929525051,1,3
10,bimodal,Task B ,1,2,0,-0.14739752,1,2,44.08278284,5,1.744126181,1,1.01E-09,1.18E-05,0.999914111,0.999914111,1,3
10,bimodal,Task B ,1,2,1,0.376640561,4,1,345.3118661,6,-0.111979453,4,0.000219633,2.55E-05,0.103863978,0.896136022,1,3
1,bimodal,Task B ,1,2,1,-0.088035947,2,1,357.7440033,1,-0.219350826,2,0.000337616,2.61E-05,0.071884799,0.928115201,0,3
1,bimodal,Task B ,1,2,1,-0.715116988,3,1,359.3643067,2,0.311099493,3,3.48E-05,2.27E-05,0.394770479,0.605229521,1,3
1,bimodal,Task B ,2,4,1,3.287708056,1,2,26.70953326,3,0.495734109,1,4.12E-24,1.49E-06,1,1,0,8
1,bimodal,Task B ,2,4,1,-1.46226221,4,2,231.2564239,4,-2.659298358,4,7.08E-21,2.37E-06,1,1,1,8
1,bimodal,Task B ,2,1,0,-0.543638945,1,1,223.6252197,5,0.47725232,1,4.85E-05,2.32E-05,0.323049026,0.676950974,1,5
1,bimodal,Task B ,2,1,1,-1.013806737,1,2,293.7016098,6,1.039594057,1,6.44E-08,1.53E-05,0.995812019,0.995812019,1,5
2,bimodal,Task B ,1,3,1,0.172091051,4,1,55.88797246,1,0.254181792,4,0.000282547,2.59E-05,0.083849679,0.916150321,0,2
2,bimodal,Task B ,1,2,1,-0.09622572,2,1,44.9894525,2,-0.076863326,2,0.000400458,2.64E-05,0.06191254,0.93808746,1,3
2,bimodal,Task B ,2,3,1,-1.596104082,2,2,244.6702546,3,1.40678471,2,2.70E-12,8.15E-06,0.999999669,0.999999669,0,7
2,bimodal,Task B ,1,2,1,0.273877473,3,1,31.27021084,4,-0.132841277,3,0.000285171,2.59E-05,0.083186362,0.916813638,1,3
2,bimodal,Task B ,2,2,1,-2.169516997,1,2,206.6709439,5,-1.117638002,1,7.95E-15,5.66E-06,0.999999999,0.999999999,0,6
2,bimodal,Task B ,1,3,0,-0.62641532,1,2,70.44984821,6,0.22191754,1,6.95E-05,2.37E-05,0.254333773,0.745666227,1,2
3,bimodal,Task B ,1,4,1,-0.177727879,1,1,66.38383047,1,0.205925563,1,0.000313106,2.60E-05,0.076743908,0.923256092,0,1
3,bimodal,Task B ,1,1,0,-0.622235464,1,2,150.2554875,2,0.008720245,1,8.75E-05,2.40E-05,0.215414733,0.784585267,1,4
3,bimodal,Task B ,2,3,1,-0.180196025,1,2,146.5357547,3,1.752684174,1,8.56E-10,1.17E-05,0.999926728,0.999926728,1,7
3,bimodal,Task B ,2,4,1,-2.212279615,4,2,115.4427598,4,-1.850235372,4,3.81E-19,3.04E-06,1,1,0,8
3,bimodal,Task B ,1,3,0,0.697778116,4,2,31.62169491,5,1.111355581,4,2.92E-07,1.68E-05,0.982935619,0.982935619,1,2
3,bimodal,Task B ,2,1,1,0.564543584,3,2,134.8254413,6,1.622211485,3,1.62E-09,1.22E-05,0.999866959,0.999866959,1,5
4,bimodal,Task B ,2,4,0,0.974779282,1,1,349.8056767,1,0.029318051,1,7.81E-06,2.07E-05,0.725825247,0.725825247,0,8
4,bimodal,Task B ,1,3,1,0.140462667,4,1,35.44467723,2,0.401881864,4,0.000195527,2.53E-05,0.114455574,0.885544426,0,2
4,bimodal,Task B ,1,1,1,0.253167752,1,1,55.41382082,3,0.28116523,1,0.000229419,2.55E-05,0.100121376,0.899878624,0,4
4,bimodal,Task B ,2,3,1,-1.679932173,1,2,23.74943322,4,-0.243364017,1,2.92E-09,1.26E-05,0.999768473,0.999768473,0,7
4,bimodal,Task B ,1,3,0,0.460868752,3,2,185.3238261,5,0.272059496,3,0.000125366,2.46E-05,0.163921045,0.836078955,1,2
4,bimodal,Task B ,1,2,1,-0.121160721,1,1,147.3598926,6,0.232769707,1,0.000318635,2.61E-05,0.075589207,0.924410793,0,3
5,bimodal,Task B ,1,4,1,-0.145016013,3,1,118.1557308,1,-0.186022334,3,0.000339046,2.62E-05,0.071620866,0.928379134,0,1
5,bimodal,Task B ,1,3,1,-0.183344864,4,1,286.2575217,2,-0.317913968,4,0.000243862,2.56E-05,0.095080969,0.904919031,0,2
5,bimodal,Task B ,2,4,0,-0.406844128,1,1,345.4615075,3,-0.074041104,1,0.000212786,2.54E-05,0.106660291,0.893339709,1,8
5,bimodal,Task B ,2,4,0,-0.611272322,1,1,314.2132642,4,0.24258501,1,7.20E-05,2.37E-05,0.247925583,0.752074417,1,8
5,bimodal,Task B ,1,4,0,-0.114499488,2,2,141.4916446,5,-1.645400292,2,4.48E-09,1.30E-05,0.999654603,0.999654603,1,1
5,bimodal,Task B ,2,4,1,-1.558372855,4,2,82.52812525,6,1.562256955,4,6.29E-13,7.44E-06,0.999999916,0.999999916,1,8
6,bimodal,Task B ,2,2,0,-0.397045655,1,1,125.4120859,1,0.192750247,1,0.000191685,2.52E-05,0.116354651,0.883645349,1,6
6,bimodal,Task B ,2,2,1,0.814157699,4,2,309.4966507,2,-1.432887089,4,4.56E-09,1.30E-05,0.999649031,0.999649031,1,6
6,bimodal,Task B ,1,2,0,1.461751711,3,2,352.93361,3,1.735071945,3,1.65E-13,6.85E-06,0.999999976,0.999999976,1,3
6,bimodal,Task B ,1,2,1,0.405127236,2,1,48.26578263,4,-0.004830292,2,0.00021056,2.54E-05,0.107603354,0.892396646,1,3
6,bimodal,Task B ,1,2,1,0.120660041,3,1,84.11933642,5,0.352521902,3,0.000234124,2.56E-05,0.09841953,0.90158047,0,3
6,bimodal,Task B ,1,1,0,0.318994349,3,2,275.4775779,6,0.830854186,3,1.47E-05,2.15E-05,0.593510029,0.593510029,1,4
7,bimodal,Task B ,1,4,1,-0.387239684,2,1,329.7160733,1,0.281551349,2,0.000165428,2.50E-05,0.131324235,0.868675765,1,1
7,bimodal,Task B ,1,4,0,0.495315488,4,2,56.01608217,2,1.4877826,4,1.29E-08,1.38E-05,0.999070647,0.999070647,1,1
7,bimodal,Task B ,1,4,1,-0.323388072,3,1,299.4342413,3,-0.661641947,3,4.43E-05,2.30E-05,0.342038222,0.657961778,0,1
7,bimodal,Task B ,2,1,1,-0.204318726,4,2,229.3671721,4,0.036368451,4,0.000358146,2.62E-05,0.068278994,0.931721006,1,5
7,bimodal,Task B ,2,4,1,-2.20338489,4,2,26.73914887,5,-0.176633964,4,7.28E-13,7.51E-06,0.999999903,0.999999903,0,8
7,bimodal,Task B ,2,1,1,2.079802742,2,2,326.7125203,6,-0.806197331,2,3.95E-13,7.23E-06,0.999999945,0.999999945,0,5
8,bimodal,Task B ,2,4,1,-2.008290984,2,2,31.95892021,1,0.893623045,2,8.47E-13,7.58E-06,0.999999888,0.999999888,0,8
8,bimodal,Task B ,1,4,1,-0.240898452,1,1,354.6749201,2,0.028112169,1,0.000336095,2.61E-05,0.072167816,0.927832184,1,1
8,bimodal,Task B ,1,4,0,-0.440309538,2,2,14.79116793,3,-0.050705869,2,0.000191748,2.52E-05,0.116322757,0.883677243,1,1
8,bimodal,Task B ,2,4,1,0.674356795,3,2,288.4115623,4,1.526518852,3,3.27E-09,1.27E-05,0.999742897,0.999742897,1,8
8,bimodal,Task B ,1,4,0,0.425186076,2,2,245.4343562,5,2.124083648,2,1.03E-12,7.68E-06,0.999999866,0.999999866,1,1
8,bimodal,Task B ,1,4,0,0.191753229,2,2,139.0227437,6,1.281054557,2,3.49E-07,1.70E-05,0.979910389,0.979910389,1,1
9,bimodal,Task B ,1,1,1,-0.724642546,1,1,36.09593808,1,0.363532606,1,2.83E-05,2.24E-05,0.441814117,0.558185883,1,4
9,bimodal,Task B ,2,1,0,0.33572347,2,1,302.1114173,2,-0.043444248,2,0.000259597,2.57E-05,0.090155755,0.909844245,1,5
9,bimodal,Task B ,2,1,0,0.092389121,1,1,32.53694183,3,-0.581511067,1,9.85E-05,2.42E-05,0.197345813,0.802654187,0,5
9,bimodal,Task B ,1,3,1,0.087931125,3,1,153.1737712,4,-0.27484729,3,0.000298411,2.59E-05,0.079998412,0.920001588,0,2
9,bimodal,Task B ,2,2,0,0.197198503,3,1,330.3225813,5,-0.103040284,3,0.000342427,2.62E-05,0.071004853,0.928995147,1,6
9,bimodal,Task B ,1,2,1,0.144633977,3,1,60.95639718,6,-0.200958965,3,0.000326556,2.61E-05,0.073996124,0.926003876,0,3
10,bimodal,Task B ,2,1,0,0.710938407,2,1,221.2800093,1,0.32206512,2,3.24E-05,2.26E-05,0.411106135,0.588893865,1,5
10,bimodal,Task B ,1,2,0,-1.120533859,3,2,300.8586348,2,-0.630758158,3,4.57E-07,1.73E-05,0.974250688,0.974250688,0,3
10,bimodal,Task B ,1,2,1,-0.119407546,2,1,161.5528853,3,0.065580964,2,0.000394707,2.64E-05,0.062704748,0.937295252,1,3
10,bimodal,Task B ,1,1,1,-0.192294083,4,1,58.17452164,4,0.25210031,4,0.000280076,2.58E-05,0.084484537,0.915515463,0,4
10,bimodal,Task B ,1,1,1,0.088171872,2,1,336.6195913,5,0.300336627,2,0.000278653,2.58E-05,0.084854573,0.915145427,0,4
10,bimodal,Task B ,1,2,1,0.03917005,3,1,32.24971162,6,0.164271443,3,0.000374872,2.63E-05,0.065606506,0.934393494,0,3
1,bimodal,Task B ,1,3,1,0.120185326,3,1,259.9251516,1,0.31500612,3,0.000260468,2.57E-05,0.089898426,0.910101574,0,2
1,bimodal,Task B ,2,1,0,-0.13325376,2,1,207.7425105,2,0.374013844,2,0.000218871,2.55E-05,0.104167712,0.895832288,0,5
1,bimodal,Task B ,2,1,1,0.857273785,1,2,227.3764632,3,2.05071848,1,3.67E-13,7.20E-06,0.999999949,0.999999949,1,5
1,bimodal,Task B ,1,4,0,-0.673022786,4,2,23.06714761,4,0.187159924,4,5.75E-05,2.34E-05,0.289342124,0.710657876,1,1
1,bimodal,Task B ,1,2,0,0.876962704,1,2,19.72479162,5,-0.589276231,1,3.88E-06,1.98E-05,0.835953411,0.835953411,0,3
1,bimodal,Task B ,1,3,1,-0.348078264,4,1,187.8487292,6,0.235316396,4,0.000205951,2.54E-05,0.109612019,0.890387981,1,2
2,bimodal,Task B ,2,3,1,0.885594473,2,2,141.232943,1,2.084747565,2,1.65E-13,6.85E-06,0.999999976,0.999999976,1,7
2,bimodal,Task B ,2,3,1,-0.335289346,4,2,259.2853228,2,-2.801867815,4,1.13E-18,3.26E-06,1,1,1,7
2,bimodal,Task B ,1,2,1,-0.644163818,1,1,93.62756329,3,-0.173069805,1,6.90E-05,2.37E-05,0.255568182,0.744431818,1,3
2,bimodal,Task B ,2,2,0,-0.466254312,2,1,31.12289819,4,-0.279844461,2,0.000126797,2.46E-05,0.162468616,0.837531384,1,6
2,bimodal,Task B ,1,2,1,-0.286165546,4,1,286.3466227,5,-0.314700399,4,0.000202266,2.53E-05,0.111274974,0.888725026,0,3
2,bimodal,Task B ,1,3,1,-0.068316138,4,1,204.9378303,6,0.163022373,4,0.000372569,2.63E-05,0.065961544,0.934038456,0,2
3,bimodal,Task B ,1,3,1,0.582753563,4,1,242.9595156,1,0.207369178,4,8.38E-05,2.40E-05,0.222326238,0.777673762,1,2
3,bimodal,Task B ,1,3,1,-0.05297433,3,1,273.6088081,2,0.45939129,3,0.000171645,2.51E-05,0.127428578,0.872571422,0,2
3,bimodal,Task B ,1,3,1,-0.214662529,2,1,81.38071211,3,-0.125870905,2,0.000331608,2.61E-05,0.073016128,0.926983872,1,2
3,bimodal,Task B ,1,2,1,-0.353438842,2,1,26.74200552,4,-0.190411193,2,0.000220906,2.55E-05,0.103360742,0.896639258,1,3
3,bimodal,Task B ,1,3,1,-0.086949412,4,1,100.3959492,5,0.274373511,4,0.000299601,2.60E-05,0.079724248,0.920275752,0,2
3,bimodal,Task B ,2,3,1,-1.338666694,4,2,308.8163473,6,-1.440382979,4,4.24E-11,9.69E-06,0.999995624,0.999995624,1,7
4,bimodal,Task B ,2,3,0,0.403125954,1,1,29.40472325,1,0.066283669,1,0.000207958,2.54E-05,0.108727592,0.891272408,1,7
4,bimodal,Task B ,1,2,1,-0.531661714,1,1,307.1441722,2,0.219776716,1,0.000109483,2.44E-05,0.182077566,0.817922434,1,3
4,bimodal,Task B ,2,2,1,0.379633097,4,2,287.6452719,3,-0.512437116,4,7.60E-05,2.38E-05,0.238542313,0.761457687,0,6
4,bimodal,Task B ,2,2,0,0.729868085,2,1,327.3389191,4,0.415343327,2,2.16E-05,2.20E-05,0.505201939,0.505201939,0,6
4,bimodal,Task B ,1,1,1,0.160839581,1,1,45.03684855,5,0.659297705,1,5.99E-05,2.35E-05,0.28141176,0.71858824,0,4
4,bimodal,Task B ,2,4,1,2.039096199,4,2,52.55264814,6,1.931768403,4,1.73E-18,3.34E-06,1,1,0,8
5,bimodal,Task B ,1,4,0,0.099372137,4,2,78.07362921,1,1.940490392,4,4.96E-11,9.78E-06,0.999994932,0.999994932,1,1
5,bimodal,Task B ,1,4,1,-0.273157726,2,1,85.51171027,2,0.134662842,2,0.000291682,2.59E-05,0.081586393,0.918413607,1,1
5,bimodal,Task B ,1,4,1,0.003401674,4,1,0.82781723,3,-0.105169578,4,0.000405386,2.64E-05,0.061249857,0.938750143,0,1
5,bimodal,Task B ,2,4,1,-2.305343312,2,2,311.6558593,4,1.28569736,2,1.13E-16,4.34E-06,1,1,0,8
5,bimodal,Task B ,1,4,1,-0.094311171,4,1,131.7558218,5,-0.449025086,4,0.00017627,2.51E-05,0.124682476,0.875317524,0,1
5,bimodal,Task B ,2,4,0,-0.992569753,3,1,50.3866063,6,-0.211857703,3,6.17E-06,2.04E-05,0.767431735,0.767431735,0,8
6,bimodal,Task B ,2,2,1,-0.79519617,3,2,259.5605314,1,-1.521408776,3,1.85E-09,1.23E-05,0.999848991,0.999848991,1,6
6,bimodal,Task B ,1,2,1,0.385612183,2,1,132.3955775,2,-0.040332359,2,0.000223274,2.55E-05,0.102437934,0.897562066,1,3
6,bimodal,Task B ,1,2,0,-0.255103008,2,2,15.72439659,3,-1.368185891,2,1.23E-07,1.59E-05,0.992334267,0.992334267,1,3
6,bimodal,Task B ,2,2,1,1.815095827,4,2,26.7470525,4,-0.304425308,4,3.02E-10,1.10E-05,0.999972379,0.999972379,0,6
6,bimodal,Task B ,2,1,1,-2.336371852,1,2,235.2578149,5,1.578837739,1,1.80E-18,3.35E-06,1,1,0,5
6,bimodal,Task B ,1,2,1,0.392554414,3,1,107.3530354,6,0.454264709,3,9.15E-05,2.41E-05,0.208549557,0.791450443,0,3
7,bimodal,Task B ,1,1,0,-2.365834339,1,2,293.008448,1,-0.182902443,1,3.33E-14,6.20E-06,0.999999995,0.999999995,0,4
7,bimodal,Task B ,1,4,0,0.471484908,3,2,308.5036723,2,-2.960553391,3,1.46E-20,2.48E-06,1,1,1,1
7,bimodal,Task B ,1,1,1,0.262745688,4,1,329.6299053,3,0.076400589,4,0.00030672,2.60E-05,0.078123947,0.921876053,1,4
7,bimodal,Task B ,1,4,1,0.590032147,3,1,289.9903914,4,-0.093410699,3,9.38E-05,2.41E-05,0.204661906,0.795338094,1,1
7,bimodal,Task B ,1,4,1,-0.132796652,3,1,52.8299197,5,-0.258897023,3,0.000299945,2.60E-05,0.079645501,0.920354499,0,1
7,bimodal,Task B ,1,1,1,0.68657279,2,1,116.4183426,6,0.333867689,2,3.61E-05,2.27E-05,0.386447084,0.613552916,1,4
8,bimodal,Task B ,2,4,1,-2.068139366,2,2,276.5412276,1,-0.447458033,2,3.91E-12,8.35E-06,0.999999531,0.999999531,0,8
8,bimodal,Task B ,2,4,1,-2.553309107,2,2,291.6779593,2,1.364740325,2,3.18E-19,3.01E-06,1,1,0,8
8,bimodal,Task B ,1,4,1,0.33585645,3,1,165.2047771,3,-0.35651676,3,0.000153496,2.49E-05,0.139539506,0.860460494,0,1
8,bimodal,Task B ,2,4,1,-1.575410431,2,2,259.3280766,4,2.231808755,2,1.10E-17,3.75E-06,1,1,1,8
8,bimodal,Task B ,2,4,1,-0.046890101,2,2,162.291802,5,0.670757081,2,6.26E-05,2.35E-05,0.273203962,0.726796038,0,8
8,bimodal,Task B ,1,4,1,0.266199905,4,1,19.7929568,6,0.164464366,4,0.000278011,2.58E-05,0.08502269,0.91497731,1,1
9,bimodal,Task B ,1,2,0,-1.073247569,4,2,3.141330676,1,1.932497479,4,5.21E-13,7.36E-06,0.999999929,0.999999929,1,3
9,bimodal,Task B ,1,1,1,-0.272394684,4,1,88.58142884,2,0.052169404,4,0.000312105,2.60E-05,0.07695688,0.92304312,1,4
9,bimodal,Task B ,1,2,1,0.807718676,1,1,245.3316644,3,-0.423890377,1,1.28E-05,2.13E-05,0.624768499,0.624768499,0,3
9,bimodal,Task B ,1,3,1,0.087549414,4,1,27.7236398,4,-0.357858313,4,0.000239364,2.56E-05,0.096593276,0.903406724,0,2
9,bimodal,Task B ,1,2,0,-0.153415278,1,2,247.3875122,5,1.118471238,1,1.95E-06,1.89E-05,0.906765615,0.906765615,1,3
9,bimodal,Task B ,1,1,1,-0.42845208,2,1,231.7400042,6,0.155467128,2,0.000182165,2.52E-05,0.121355348,0.878644652,1,4
10,bimodal,Task B ,1,2,1,-0.406816051,4,1,110.5758523,1,0.05781996,4,0.000214419,2.54E-05,0.105978978,0.894021022,1,3
10,bimodal,Task B ,2,1,1,2.042161949,2,2,211.3198296,2,-1.867827513,2,4.77E-18,3.56E-06,1,1,0,5
10,bimodal,Task B ,1,1,1,0.221965915,1,1,194.1473356,3,-0.109226022,1,0.000325806,2.61E-05,0.07414413,0.92585587,1,4
10,bimodal,Task B ,2,1,1,-2.449585926,2,2,237.7362866,4,0.025913173,2,7.18E-15,5.63E-06,0.999999999,0.999999999,0,5
10,bimodal,Task B ,1,1,1,-0.333862944,1,1,195.1306285,5,0.711328931,1,3.18E-05,2.26E-05,0.414952793,0.585047207,0,4
10,bimodal,Task B ,1,2,1,0.563283904,1,1,311.9030978,6,0.370371087,1,6.18E-05,2.35E-05,0.275779801,0.724220199,1,3
1,bimodal,Task B ,1,3,1,-0.498026256,4,1,255.4209777,1,-0.02090182,4,0.000154891,2.49E-05,0.13852384,0.86147616,1,2
1,bimodal,Task B ,1,2,1,-0.672488173,4,1,180.4655264,2,0.458157082,4,2.75E-05,2.24E-05,0.448572941,0.551427059,1,3
1,bimodal,Task B ,2,2,1,-1.854823633,1,2,104.2350415,3,-0.580733687,1,7.02E-11,1.00E-05,0.999992975,0.999992975,0,6
1,bimodal,Task B ,1,3,1,-0.307566536,3,1,226.1481685,4,-0.013692608,3,0.000290541,2.59E-05,0.081862161,0.918137839,1,2
1,bimodal,Task B ,2,4,1,1.472178742,1,2,343.7511861,5,3.453157949,1,6.48E-30,6.46E-07,1,1,1,8
1,bimodal,Task B ,2,4,1,-3.076214842,2,2,26.48413829,6,-1.581968141,2,1.11E-25,1.19E-06,1,1,0,8
2,bimodal,Task B ,1,2,1,-0.017036219,2,1,269.2469985,1,0.352358684,2,0.000250166,2.57E-05,0.093042101,0.906957899,0,3
2,bimodal,Task B ,1,3,1,0.448345071,2,1,124.2389505,2,-0.633191681,2,3.34E-05,2.26E-05,0.403729345,0.596270655,0,2
2,bimodal,Task B ,2,1,1,-1.419945212,3,2,288.8985899,3,2.644506206,3,1.54E-20,2.49E-06,1,1,1,5
2,bimodal,Task B ,1,2,1,-0.33186695,3,1,301.7339025,4,-0.146706719,3,0.000249586,2.57E-05,0.093226117,0.906773883,1,3
2,bimodal,Task B ,2,3,1,0.182946033,1,2,33.16576289,5,2.255312403,1,1.69E-13,6.86E-06,0.999999975,0.999999975,1,7
2,bimodal,Task B ,2,3,0,0.555941515,3,1,63.23522073,6,0.358885015,3,6.62E-05,2.36E-05,0.262874986,0.737125014,1,7
3,bimodal,Task B ,1,4,1,-0.136888965,4,1,66.31699594,1,-0.032253882,4,0.000393558,2.64E-05,0.062865611,0.937134389,1,1
3,bimodal,Task B ,2,2,0,0.449280628,2,1,154.7235409,2,0.327090658,2,0.000113953,2.44E-05,0.176557285,0.823442715,1,6
3,bimodal,Task B ,1,3,0,0.383945956,3,2,310.0089293,3,1.282967596,3,2.14E-07,1.65E-05,0.987206784,0.987206784,1,2
3,bimodal,Task B ,2,3,1,1.445431063,4,2,150.9826934,4,1.102829427,4,3.94E-10,1.11E-05,0.999964633,0.999964633,0,7
3,bimodal,Task B ,1,3,0,0.193963261,1,2,6.600153953,5,0.584083619,1,8.46E-05,2.40E-05,0.220778475,0.779221525,0,2
3,bimodal,Task B ,1,2,1,0.07194972,2,1,173.3247475,6,-0.307304578,2,0.000278785,2.58E-05,0.084819933,0.915180067,0,3
4,bimodal,Task B ,1,1,0,0.264356526,3,2,275.7757305,1,0.50455175,3,0.000106438,2.43E-05,0.186049582,0.813950418,0,4
4,bimodal,Task B ,1,1,1,-0.320531683,2,1,326.5421325,2,0.581140115,2,6.72E-05,2.36E-05,0.260347578,0.739652422,0,4
4,bimodal,Task B ,1,2,1,-0.357901052,3,1,325.8235499,3,0.076924119,3,0.000247114,2.56E-05,0.094017808,0.905982192,1,3
4,bimodal,Task B ,1,1,1,0.147943229,2,1,325.5181923,4,0.242816972,2,0.000299182,2.60E-05,0.079820668,0.920179332,0,4
4,bimodal,Task B ,2,4,1,2.219366691,4,2,275.5017456,5,1.033257996,4,5.46E-15,5.53E-06,0.999999999,0.999999999,0,8
4,bimodal,Task B ,1,2,1,-0.036902888,1,1,347.8231131,6,-0.700863543,1,5.36E-05,2.33E-05,0.303181686,0.696818314,0,3
5,bimodal,Task B ,1,1,1,0.347399617,1,1,138.4316945,1,0.153590815,1,0.000228524,2.55E-05,0.10045203,0.89954797,1,4
5,bimodal,Task B ,1,2,1,-0.553003128,1,1,188.6528819,2,-0.756017253,1,1.11E-05,2.11E-05,0.656421526,0.656421526,1,3
5,bimodal,Task B ,1,4,1,-0.224290616,2,1,106.1249311,3,0.03276307,2,0.000346345,2.62E-05,0.070304428,0.929695572,1,1
5,bimodal,Task B ,2,4,1,-1.0394057,4,2,340.9107201,4,-1.104669108,4,2.95E-08,1.46E-05,0.997983853,0.997983853,1,8
5,bimodal,Task B ,1,4,1,0.069779349,3,1,34.66504824,5,-0.440837497,3,0.000183387,2.52E-05,0.120688552,0.879311448,0,1
5,bimodal,Task B ,2,1,1,0.163549229,1,2,38.70872107,6,-2.683027398,1,2.47E-17,3.95E-06,1,1,1,5
6,bimodal,Task B ,1,2,1,0.573109009,4,1,346.08162,1,-0.309929136,4,7.06E-05,2.37E-05,0.251345788,0.748654212,1,3
6,bimodal,Task B ,1,2,1,0.176394447,2,1,8.678908753,2,0.702691201,2,4.56E-05,2.31E-05,0.335812926,0.664187074,0,3
6,bimodal,Task B ,2,2,0,-0.468818917,1,1,94.53573253,3,0.414474986,1,8.40E-05,2.40E-05,0.22208705,0.77791295,1,6
6,bimodal,Task B ,1,2,1,-0.156712344,3,1,235.4445064,4,0.136378749,3,0.00035638,2.62E-05,0.068574349,0.931425651,1,3
6,bimodal,Task B ,1,2,1,-0.090217601,3,1,265.9300247,5,0.25668957,3,0.000311078,2.60E-05,0.07717655,0.92282345,0,3
6,bimodal,Task B ,2,3,1,-0.082639834,2,2,272.3436308,6,1.242615302,2,6.03E-07,1.76E-05,0.966887751,0.966887751,1,7
7,bimodal,Task B ,1,1,0,0.447223888,3,2,151.8045573,1,1.276725948,3,1.83E-07,1.63E-05,0.988906366,0.988906366,1,4
7,bimodal,Task B ,1,1,1,0.526678892,4,1,252.8589083,2,-0.355908892,4,7.69E-05,2.38E-05,0.236563039,0.763436961,1,4
7,bimodal,Task B ,1,4,1,0.024549228,4,1,18.70004783,3,-0.66138474,4,6.72E-05,2.36E-05,0.260219186,0.739780814,0,1
7,bimodal,Task B ,1,1,1,0.381290908,3,1,346.6283184,4,-0.044508526,3,0.000226086,2.55E-05,0.101364022,0.898635978,1,4
7,bimodal,Task B ,1,1,0,-0.962694964,1,2,87.95623772,5,-1.948715344,1,1.06E-12,7.69E-06,0.999999863,0.999999863,1,4
7,bimodal,Task B ,1,1,1,0.615796206,3,1,53.86589173,6,-0.580246237,3,2.07E-05,2.20E-05,0.514362884,0.514362884,0,4
8,bimodal,Task B ,1,4,1,-0.242906734,3,1,317.1542018,1,-0.377450583,3,0.000184919,2.52E-05,0.119863361,0.880136639,0,1
8,bimodal,Task B ,1,4,1,0.263641385,1,1,171.9240902,2,0.123692177,1,0.000293965,2.59E-05,0.081040362,0.918959638,1,1
8,bimodal,Task B ,1,4,1,-0.266561875,3,1,262.2293213,3,-0.458492875,3,0.000132413,2.47E-05,0.157015002,0.842984998,0,1
8,bimodal,Task B ,2,4,1,2.301810218,3,2,359.8719443,4,-0.414909945,3,5.15E-14,6.37E-06,0.999999992,0.999999992,0,8
8,bimodal,Task B ,2,4,1,0.658862254,2,2,28.84308264,5,-1.1406127,2,2.83E-07,1.68E-05,0.983429815,0.983429815,1,8
8,bimodal,Task B ,1,4,1,0.404998059,3,1,101.7893072,6,0.351394767,3,0.000124597,2.46E-05,0.164713246,0.835286754,1,1
9,bimodal,Task B ,1,2,1,0.238696931,2,1,237.4529298,1,0.008961901,2,0.000331028,2.61E-05,0.07312712,0.92687288,1,3
9,bimodal,Task B ,1,3,0,0.519362583,4,2,351.9772335,2,0.43405015,4,6.07E-05,2.35E-05,0.279052537,0.720947463,1,2
9,bimodal,Task B ,2,4,0,0.804760381,3,1,110.9856583,3,0.20360061,3,2.32E-05,2.21E-05,0.487670583,0.512329417,1,8
9,bimodal,Task B ,1,3,0,2.462720541,4,2,281.9304719,4,0.67556052,4,6.31E-16,4.84E-06,1,1,0,2
9,bimodal,Task B ,1,2,0,-0.03493356,2,2,113.7990602,5,0.417689924,2,0.000201546,2.53E-05,0.111605839,0.888394161,0,3
9,bimodal,Task B ,1,1,1,0.114921557,1,1,325.1591958,6,-0.121120305,1,0.000376039,2.63E-05,0.065428066,0.934571934,0,4
10,bimodal,Task B ,1,1,1,-0.260223636,1,1,337.6683351,1,0.076534752,1,0.000316135,2.60E-05,0.076106874,0.923893126,1,4
10,bimodal,Task B ,1,1,1,0.619749483,1,1,18.64740777,2,0.683692562,1,1.15E-05,2.12E-05,0.647334382,0.647334382,1,4
10,bimodal,Task B ,2,1,1,-1.089220816,1,2,32.03642284,3,0.584142845,1,7.63E-07,1.79E-05,0.959062444,0.959062444,0,5
10,bimodal,Task B ,1,2,0,-0.341092932,4,2,237.285275,4,0.251319496,4,0.00020321,2.53E-05,0.110843697,0.889156303,1,3
10,bimodal,Task B ,1,2,1,-0.320674833,3,1,252.5977531,5,0.456028994,3,0.000116261,2.45E-05,0.173840403,0.826159597,0,3
10,bimodal,Task B ,1,2,1,0.223000599,2,1,138.5697261,6,0.207650608,2,0.000284048,2.59E-05,0.083468969,0.916531031,1,3
1,bimodal,Task B ,1,2,0,-0.758582181,3,2,190.0596321,1,0.489155989,3,1.46E-05,2.15E-05,0.595290264,0.595290264,0,3
1,bimodal,Task B ,2,4,1,-1.502341674,4,2,64.13358275,2,-1.604335772,4,7.55E-13,7.53E-06,0.9999999,0.9999999,1,8
1,bimodal,Task B ,2,2,1,1.1262514,4,2,100.8501915,3,1.938407026,4,2.63E-13,7.05E-06,0.999999963,0.999999963,1,6
1,bimodal,Task B ,2,2,1,-1.407961234,2,2,186.0424784,4,-0.642549523,2,2.13E-08,1.43E-05,0.99851202,0.99851202,0,6
1,bimodal,Task B ,1,3,1,-0.227443647,2,1,128.1436984,5,0.047561408,2,0.000342574,2.62E-05,0.070978225,0.929021775,1,2
1,bimodal,Task B ,2,2,1,-1.181196176,3,2,356.3056308,6,-1.488154604,3,1.21E-10,1.03E-05,0.999988288,0.999988288,1,6
2,bimodal,Task B ,1,1,1,-0.155364893,1,1,264.0584718,1,0.190204356,1,0.00033125,2.61E-05,0.073084638,0.926915362,0,4
2,bimodal,Task B ,1,3,1,-0.003719274,3,1,167.8185215,2,-0.300476521,3,0.000290882,2.59E-05,0.081779555,0.918220445,0,2
2,bimodal,Task B ,1,2,0,-0.173415122,2,2,57.72005826,3,1.446011369,2,5.45E-08,1.52E-05,0.996413257,0.996413257,1,3
2,bimodal,Task B ,1,3,1,0.401436183,3,1,285.4061034,4,-0.149794947,3,0.000194281,2.53E-05,0.115064289,0.884935711,1,2
2,bimodal,Task B ,1,2,1,-0.163344408,2,1,129.9277765,5,-0.114522293,2,0.000362655,2.63E-05,0.067536501,0.932463499,1,3
2,bimodal,Task B ,1,3,1,0.074428419,1,1,187.8177773,6,0.365899885,1,0.000233873,2.56E-05,0.098508904,0.901491096,0,2
3,bimodal,Task B ,1,4,1,-0.284356237,2,1,5.642426548,1,0.014110271,2,0.000307148,2.60E-05,0.078029879,0.921970121,1,1
3,bimodal,Task B ,1,4,1,-0.371730083,4,1,257.2445654,2,-0.099748998,4,0.000233589,2.56E-05,0.098609943,0.901390057,1,1
3,bimodal,Task B ,2,1,1,0.789215533,1,2,239.1760442,3,1.728547011,1,1.01E-10,1.02E-05,0.999990168,0.999990168,1,5
3,bimodal,Task B ,2,2,0,0.632159101,1,1,150.5409611,4,-0.129323916,1,7.31E-05,2.38E-05,0.245302521,0.754697479,1,6
3,bimodal,Task B ,2,4,1,-0.101695752,1,2,208.9846502,5,-1.282794114,1,3.99E-07,1.72E-05,0.977292584,0.977292584,1,8
3,bimodal,Task B ,1,3,1,-0.23430149,4,1,77.80413451,6,-0.360718616,4,0.000198049,2.53E-05,0.113243452,0.886756548,0,2
4,bimodal,Task B ,2,3,0,-0.288178672,3,1,159.9363347,1,0.392205731,3,0.00015849,2.49E-05,0.135974164,0.864025836,0,7
4,bimodal,Task B ,1,4,0,1.640675811,2,2,6.184640506,2,-0.818450354,2,3.28E-10,1.10E-05,0.999970218,0.999970218,0,1
4,bimodal,Task B ,2,4,1,0.713628672,4,2,92.6238591,3,2.027990706,4,1.40E-12,7.83E-06,0.999999822,0.999999822,1,8
4,bimodal,Task B ,2,2,1,-0.336263431,3,2,127.131202,4,-1.529605433,3,1.41E-08,1.39E-05,0.998989175,0.998989175,1,6
4,bimodal,Task B ,2,2,1,-2.150637778,1,2,62.07419653,5,-0.555236562,1,5.87E-13,7.41E-06,0.999999921,0.999999921,0,6
4,bimodal,Task B ,1,3,1,0.00753629,3,1,326.6541684,6,0.436580556,3,0.000188764,2.52E-05,0.117842924,0.882157076,0,2
5,bimodal,Task B ,2,4,0,-0.837138813,3,1,224.1936675,1,-0.123951183,3,2.26E-05,2.21E-05,0.494453314,0.505546686,1,8
5,bimodal,Task B ,2,4,1,1.425884474,3,2,335.9318242,2,0.68316607,3,1.18E-08,1.38E-05,0.999141759,0.999141759,0,8
5,bimodal,Task B ,2,4,1,-1.94078577,4,2,151.6455357,3,-2.139779167,4,3.10E-19,3.00E-06,1,1,1,8
5,bimodal,Task B ,1,4,1,-0.244576602,2,1,295.0935735,4,0.744438065,2,3.20E-05,2.26E-05,0.413502389,0.586497611,0,1
5,bimodal,Task B ,1,4,1,0.10946321,1,1,148.4790893,5,0.039854832,1,0.0003988,2.64E-05,0.062138784,0.937861216,1,1
5,bimodal,Task B ,1,2,1,0.623392818,3,1,33.6258423,6,0.692699547,3,1.07E-05,2.11E-05,0.662463466,0.662463466,1,3
6,bimodal,Task B ,1,2,0,-0.812318389,1,2,90.87119748,1,0.510001836,1,9.45E-06,2.09E-05,0.688847235,0.688847235,0,3
6,bimodal,Task B ,1,2,1,0.176810005,4,1,287.976046,2,-0.031086744,4,0.0003682,2.63E-05,0.066646182,0.933353818,1,3
6,bimodal,Task B ,2,2,0,-0.23362016,2,1,351.2097461,3,-0.255318517,2,0.00026053,2.57E-05,0.089880339,0.910119661,0,6
6,bimodal,Task B ,2,2,0,0.299884221,2,1,49.27716972,4,-0.266431492,2,0.000214054,2.54E-05,0.106130651,0.893869349,1,6
6,bimodal,Task B ,1,2,0,-0.24727474,2,2,212.2367071,5,-0.556662799,2,9.06E-05,2.41E-05,0.209993664,0.790006336,0,3
6,bimodal,Task B ,1,2,1,0.015538112,2,1,161.5823399,6,-0.251174136,2,0.000325485,2.61E-05,0.074207562,0.925792438,0,3
7,bimodal,Task B ,1,1,0,-0.629847008,1,2,105.0586301,1,-1.248844731,1,1.18E-07,1.59E-05,0.992629101,0.992629101,1,4
7,bimodal,Task B ,1,4,1,0.030071611,2,1,110.7897382,2,-0.004399945,2,0.000422145,2.65E-05,0.059102313,0.940897687,1,1
7,bimodal,Task B ,1,4,0,1.206276243,4,2,120.402665,3,0.330750122,4,5.98E-07,1.76E-05,0.96713798,0.96713798,0,1
7,bimodal,Task B ,1,1,1,-0.329346558,3,1,104.8713595,4,-0.564816382,3,7.19E-05,2.37E-05,0.248188926,0.751811074,0,4
7,bimodal,Task B ,1,4,1,0.437442142,4,1,241.2463356,5,-0.123604751,4,0.000176286,2.51E-05,0.124672939,0.875327061,1,1
7,bimodal,Task B ,2,1,1,0.532948444,1,2,249.2990102,6,1.605100712,1,2.36E-09,1.25E-05,0.999810249,0.999810249,1,5
8,bimodal,Task B ,1,4,1,0.081240858,3,1,240.917951,1,0.080522691,3,0.000399826,2.64E-05,0.061998587,0.938001413,1,1
8,bimodal,Task B ,1,4,0,-1.268778511,2,2,50.1494309,2,0.167748535,2,5.00E-07,1.74E-05,0.972096659,0.972096659,0,1
8,bimodal,Task B ,1,4,1,-0.158452338,1,1,165.5793763,3,-0.065593397,1,0.000378574,2.63E-05,0.065043971,0.934956029,1,1
8,bimodal,Task B ,1,4,0,-0.470686776,4,2,235.6809197,4,-0.383976153,4,9.32E-05,2.41E-05,0.205619247,0.794380753,1,1
8,bimodal,Task B ,1,4,1,-0.085186598,2,1,334.6406652,5,-0.596017921,2,9.29E-05,2.41E-05,0.206131497,0.793868503,0,1
8,bimodal,Task B ,1,4,1,-0.077072306,1,1,7.67248947,6,-0.160168774,1,0.000373552,2.63E-05,0.065809453,0.934190547,0,1
9,bimodal,Task B ,1,1,0,-0.176485371,2,2,204.1651928,1,-1.685698918,2,2.37E-09,1.25E-05,0.999810086,0.999810086,1,4
9,bimodal,Task B ,2,2,1,-0.774639475,2,2,317.4091694,2,-1.433901976,2,6.30E-09,1.32E-05,0.999524558,0.999524558,1,6
9,bimodal,Task B ,1,2,0,-1.067688074,3,2,6.974478864,3,1.473231234,3,4.05E-10,1.12E-05,0.999963653,0.999963653,1,3
9,bimodal,Task B ,1,1,1,-0.081542485,1,1,133.4418385,4,-0.413734448,1,0.000202121,2.53E-05,0.111341275,0.888658725,0,4
9,bimodal,Task B ,2,2,1,1.256402825,2,2,59.25620407,5,1.480196427,2,5.39E-11,9.83E-06,0.999994521,0.999994521,1,6
9,bimodal,Task B ,2,1,1,0.770826671,4,2,168.9566556,6,1.056943944,4,3.07E-07,1.69E-05,0.982135968,0.982135968,1,5
10,bimodal,Task B ,1,1,1,-0.511885028,4,1,259.4995952,1,0.318320178,4,9.52E-05,2.42E-05,0.202472746,0.797527254,1,4
10,bimodal,Task B ,1,1,1,0.136932718,1,1,16.11863313,2,-0.529340516,1,0.000120218,2.45E-05,0.169380751,0.830619249,0,4
10,bimodal,Task B ,1,2,1,-0.200926588,4,1,79.2839507,3,-0.226149886,4,0.000292689,2.59E-05,0.081344583,0.918655417,0,3
10,bimodal,Task B ,1,1,1,0.309949147,4,1,260.8207295,4,-0.043560586,4,0.000278499,2.58E-05,0.084894809,0.915105191,1,4
10,bimodal,Task B ,1,1,0,0.155875318,2,2,350.4836175,5,-3.440440022,2,7.90E-26,1.16E-06,1,1,1,4
10,bimodal,Task B ,1,1,1,-0.451669526,2,1,49.72407949,6,-0.027176097,2,0.000185327,2.52E-05,0.119645655,0.880354345,1,4
1,bimodal,Task B ,1,2,0,0.440095213,2,2,73.28911343,1,-0.651193167,2,3.13E-05,2.25E-05,0.418839803,0.581160197,0,3
1,bimodal,Task B ,2,4,1,0.106780377,2,2,330.0194507,2,-3.229394152,2,3.17E-23,1.69E-06,1,1,1,8
1,bimodal,Task B ,1,2,1,-0.547758805,3,1,308.4442974,3,0.213125507,3,0.000103194,2.43E-05,0.190482583,0.809517417,1,3
1,bimodal,Task B ,2,1,0,-0.047305279,1,1,321.03024,4,0.033657808,1,0.000419205,2.65E-05,0.059467618,0.940532382,1,5
1,bimodal,Task B ,1,3,1,0.386587782,2,1,45.38201693,5,0.635393365,2,4.05E-05,2.29E-05,0.361450275,0.638549725,0,2
1,bimodal,Task B ,1,3,1,0.435293234,3,1,355.416953,6,-0.140653974,3,0.000174369,2.51E-05,0.125796384,0.874203616,1,2
2,bimodal,Task B ,2,2,1,0.350233357,4,2,42.91427917,1,-0.429341606,4,0.00011573,2.45E-05,0.174457579,0.825542421,0,6
2,bimodal,Task B ,2,3,0,-0.157461396,1,1,280.2736143,2,0.249645528,1,0.000295662,2.59E-05,0.08063929,0.91936071,0,7
2,bimodal,Task B ,1,2,1,0.480179684,3,1,97.87853125,3,-0.122489369,3,0.000149663,2.49E-05,0.142410335,0.857589665,1,3
2,bimodal,Task B ,1,2,0,1.845341663,2,2,295.6139926,4,0.002225124,2,2.81E-10,1.09E-05,0.999974216,0.999974216,0,3
2,bimodal,Task B ,1,3,1,-0.2912315,4,1,271.2756238,5,0.198946524,4,0.000255423,2.57E-05,0.091410133,0.908589867,1,2
2,bimodal,Task B ,2,2,1,-0.897247149,4,2,290.4448242,6,-0.86797975,4,6.57E-07,1.77E-05,0.964218113,0.964218113,0,6
3,bimodal,Task B ,1,2,1,-0.105359686,3,1,216.7339409,1,0.069653861,3,0.000398703,2.64E-05,0.062152028,0.937847972,1,3
3,bimodal,Task B ,2,2,1,1.531927546,2,2,260.725198,2,-1.873511692,2,8.68E-15,5.70E-06,0.999999998,0.999999998,1,6
3,bimodal,Task B ,1,2,1,0.468266929,4,1,287.358436,3,0.077957563,4,0.000162602,2.50E-05,0.133177523,0.866822477,1,3
3,bimodal,Task B ,1,3,1,0.258645273,3,1,317.2651084,4,-0.185430669,3,0.00027518,2.58E-05,0.085772007,0.914227993,1,2
3,bimodal,Task B ,1,4,1,0.365045982,3,1,66.4765677,5,0.538161886,3,7.02E-05,2.37E-05,0.25243703,0.74756297,0,1
3,bimodal,Task B ,2,4,1,-1.915971827,1,2,144.3517942,6,1.109007475,1,6.13E-13,7.43E-06,0.999999918,0.999999918,0,8
4,bimodal,Task B ,1,4,0,-0.183321768,4,2,349.5486471,1,-0.475917754,4,0.000143873,2.48E-05,0.146987728,0.853012272,0,1
4,bimodal,Task B ,1,2,0,-0.564470921,3,2,189.8349217,2,0.060707548,3,0.000114219,2.44E-05,0.176239614,0.823760386,1,3
4,bimodal,Task B ,2,2,1,-1.822443419,3,2,13.92711926,3,2.207459633,3,5.39E-19,3.11E-06,1,1,1,6
4,bimodal,Task B ,1,1,0,-2.21040824,2,2,132.6589234,4,0.652615863,2,1.20E-13,6.71E-06,0.999999982,0.999999982,0,4
4,bimodal,Task B ,2,3,1,-2.312163984,1,2,288.1952601,5,-1.778618314,1,1.75E-19,2.90E-06,1,1,0,7
4,bimodal,Task B ,1,3,0,-0.133455149,3,2,32.68664322,6,-0.924615382,3,1.09E-05,2.11E-05,0.66027966,0.66027966,1,2
5,bimodal,Task B ,2,2,1,-0.014882454,4,2,331.3793176,1,-0.55183471,4,0.000118042,2.45E-05,0.17180303,0.82819697,0,6
5,bimodal,Task B ,1,2,1,0.229991,4,1,233.3038762,2,0.67343325,4,4.93E-05,2.32E-05,0.319845975,0.680154025,0,3
5,bimodal,Task B ,2,4,1,-0.841389183,3,2,20.35569522,3,0.851304653,3,1.09E-06,1.83E-05,0.943899379,0.943899379,1,8
5,bimodal,Task B ,1,3,1,-0.319589463,2,1,167.4858449,4,-0.277111839,2,0.000204503,2.53E-05,0.110259007,0.889740993,1,2
5,bimodal,Task B ,1,4,1,-0.537879696,4,1,169.7091727,5,-0.355781065,4,7.70E-05,2.38E-05,0.236318433,0.763681567,1,1
5,bimodal,Task B ,1,2,1,-0.272086068,1,1,254.479571,6,0.738385548,1,3.14E-05,2.25E-05,0.418001373,0.581998627,0,3
6,bimodal,Task B ,1,2,1,-0.150002468,2,1,356.7761655,1,0.140642121,2,0.00035752,2.62E-05,0.068383371,0.931616629,1,3
6,bimodal,Task B ,1,2,1,0.212610483,2,1,83.97695878,2,-0.473427229,2,0.000135901,2.47E-05,0.153815969,0.846184031,0,3
6,bimodal,Task B ,1,2,0,1.338092704,1,2,109.719472,3,-0.230830274,1,1.88E-07,1.64E-05,0.988632148,0.988632148,0,3
6,bimodal,Task B ,2,2,1,-0.111423817,2,2,311.1771529,4,1.349342827,2,1.83E-07,1.63E-05,0.988909667,0.988909667,1,6
6,bimodal,Task B ,1,2,1,0.544387942,2,1,263.911524,5,-0.110784961,2,0.000114844,2.44E-05,0.175498502,0.824501498,1,3
6,bimodal,Task B ,2,2,1,2.342986569,4,2,129.9472389,6,-0.04362827,4,4.75E-14,6.33E-06,0.999999993,0.999999993,0,6
7,bimodal,Task B ,2,1,0,-0.461240646,2,1,163.7600578,1,-0.592072421,2,4.11E-05,2.29E-05,0.358069113,0.641930887,0,5
7,bimodal,Task B ,1,1,0,1.628564416,1,2,196.9813238,2,0.904194635,1,2.03E-10,1.07E-05,0.999980971,0.999980971,0,4
7,bimodal,Task B ,1,1,1,-0.081638868,4,1,351.0634073,3,-0.033957784,4,0.000412518,2.65E-05,0.060316469,0.939683531,1,4
7,bimodal,Task B ,1,1,0,0.180258898,2,2,165.5438455,4,-1.061545828,2,3.20E-06,1.95E-05,0.859426291,0.859426291,1,4
7,bimodal,Task B ,1,1,1,-0.268327346,1,1,86.22195536,5,-0.223985259,1,0.000258546,2.57E-05,0.09046818,0.90953182,1,4
7,bimodal,Task B ,1,1,0,2.390209573,3,2,182.9232001,6,-1.241516941,3,2.86E-17,3.99E-06,1,1,0,4
8,bimodal,Task B ,2,4,1,-1.036317909,1,2,275.5431723,1,-0.006375184,1,5.16E-06,2.01E-05,0.796105154,0.796105154,0,8
8,bimodal,Task B ,1,4,1,-0.425222745,1,1,189.9322295,2,-0.21952289,1,0.000167169,2.50E-05,0.130208599,0.869791401,1,1
8,bimodal,Task B ,2,4,1,2.722982182,4,2,297.9939268,3,2.086818935,4,1.61E-25,1.22E-06,1,1,0,8
8,bimodal,Task B ,2,4,1,-0.706337231,4,2,223.93737,4,0.074819324,4,5.39E-05,2.33E-05,0.301780793,0.698219207,1,8
8,bimodal,Task B ,1,4,1,-0.201570799,1,1,27.81587397,5,0.069972951,1,0.000354242,2.62E-05,0.068935565,0.931064435,1,1
8,bimodal,Task B ,1,4,1,-0.535329997,1,1,169.464452,6,0.076317374,1,0.000129102,2.46E-05,0.160182789,0.839817211,1,1
9,bimodal,Task B ,1,1,1,0.312292157,1,1,308.4047965,1,0.214741051,1,0.000228998,2.55E-05,0.100276606,0.899723394,1,4
9,bimodal,Task B ,2,1,0,0.298017142,3,1,5.406269863,2,-0.29919253,3,0.000198958,2.53E-05,0.112812707,0.887187293,1,5
9,bimodal,Task B ,2,1,1,0.18537899,4,2,273.5234331,3,-1.409950018,4,8.40E-08,1.56E-05,0.994632958,0.994632958,1,5
9,bimodal,Task B ,1,4,1,-0.137532723,3,1,81.02310332,4,-0.094390024,3,0.000380696,2.63E-05,0.064725939,0.935274061,1,1
9,bimodal,Task B ,1,2,1,-0.508038264,3,1,339.5251938,5,-0.315022052,3,9.83E-05,2.42E-05,0.197670749,0.802329251,1,3
9,bimodal,Task B ,1,1,0,1.935362431,3,2,126.0575569,6,0.430572522,3,3.10E-11,9.50E-06,0.999996737,0.999996737,0,4
10,bimodal,Task B ,2,1,1,-0.982172895,4,2,292.0119143,1,-0.275747593,4,5.89E-06,2.03E-05,0.775045569,0.775045569,0,5
10,bimodal,Task B ,2,1,1,0.432604233,1,2,331.0080802,2,1.004770302,1,2.66E-06,1.93E-05,0.87880672,0.87880672,1,5
10,bimodal,Task B ,1,2,1,0.285266682,4,1,114.6505094,3,0.473770011,4,0.000115159,2.44E-05,0.175127236,0.824872764,0,3
10,bimodal,Task B ,2,2,1,-2.534604934,2,2,10.78821294,4,-0.399579652,2,6.37E-16,4.84E-06,1,1,0,6
10,bimodal,Task B ,2,1,1,0.323103569,2,2,307.6336682,5,-0.31708043,2,0.000177837,2.51E-05,0.123779603,0.876220397,1,5
10,bimodal,Task B ,1,2,0,-3.210111973,3,2,303.863506,6,-1.053261248,3,1.21E-24,1.38E-06,1,1,0,3
1,bimodal,Task B ,1,3,1,0.386368279,2,1,68.92508625,1,-0.184491338,2,0.000194559,2.53E-05,0.114927606,0.885072394,1,2
1,bimodal,Task B ,1,3,1,-0.199618086,3,1,166.104079,2,0.200465722,3,0.000305732,2.60E-05,0.07834196,0.92165804,0,2
1,bimodal,Task B ,2,1,0,0.021519733,1,1,91.84253397,3,-0.283765077,1,0.000302137,2.60E-05,0.079146457,0.920853543,0,5
1,bimodal,Task B ,2,2,1,-0.940168493,2,2,82.18824272,4,-0.651088286,2,1.90E-06,1.89E-05,0.908657866,0.908657866,0,6
1,bimodal,Task B ,2,1,0,-0.570702339,2,1,263.7074527,5,0.590774089,2,2.57E-05,2.23E-05,0.464412194,0.535587806,0,5
1,bimodal,Task B ,2,4,1,2.222752474,2,2,357.6413203,6,-1.603672593,2,9.23E-18,3.71E-06,1,1,0,8
2,bimodal,Task B ,2,3,1,1.03159505,4,2,188.3701302,1,0.089230396,4,4.70E-06,2.00E-05,0.809776632,0.809776632,0,7
2,bimodal,Task B ,2,3,1,0.979496226,4,2,334.4891128,2,0.815544593,4,4.51E-07,1.73E-05,0.974584279,0.974584279,0,7
2,bimodal,Task B ,1,3,1,-0.303895435,4,1,316.9768775,3,0.427296863,4,0.0001351,2.47E-05,0.154538436,0.845461564,0,2
2,bimodal,Task B ,2,2,1,-1.519843404,4,2,200.8473997,4,0.695137542,4,4.02E-09,1.29E-05,0.999687759,0.999687759,0,6
2,bimodal,Task B ,1,3,1,0.504042698,2,1,238.60494,5,0.184198328,2,0.000124763,2.46E-05,0.164542262,0.835457738,1,2
2,bimodal,Task B ,2,4,1,1.849868032,3,2,5.806847597,6,-1.525672735,3,1.44E-14,5.88E-06,0.999999998,0.999999998,0,8
3,bimodal,Task B ,2,3,0,0.131399731,4,1,37.29865751,1,-0.283252673,4,0.000280651,2.58E-05,0.08433586,0.91566414,0,7
3,bimodal,Task B ,2,4,1,-0.151308408,4,2,172.0064943,2,2.332549374,4,4.02E-14,6.27E-06,0.999999994,0.999999994,1,8
3,bimodal,Task B ,1,4,1,0.37378686,2,1,202.2127102,3,-0.216612562,2,0.000191909,2.52E-05,0.116242337,0.883757663,1,1
3,bimodal,Task B ,1,3,1,-0.314996863,3,1,45.84425888,4,0.269989833,3,0.000209097,2.54E-05,0.108232367,0.891767633,1,2
3,bimodal,Task B ,1,3,1,0.24420825,3,1,273.3836884,5,0.275534817,3,0.000236932,2.56E-05,0.097432268,0.902567732,0,2
3,bimodal,Task B ,2,3,1,1.317771726,1,2,163.8166367,6,-0.612403827,1,6.09E-08,1.53E-05,0.996025517,0.996025517,0,7
4,bimodal,Task B ,1,3,1,0.174588256,4,1,219.0574726,1,0.528167418,4,0.000113548,2.44E-05,0.177043483,0.822956517,0,2
4,bimodal,Task B ,1,1,1,0.290795816,2,1,44.88420776,2,0.032587129,2,0.000293177,2.59E-05,0.081227921,0.918772079,1,4
4,bimodal,Task B ,2,4,0,0.194996602,4,1,359.3200767,3,-0.555558158,4,9.82E-05,2.42E-05,0.197796866,0.802203134,0,8
4,bimodal,Task B ,1,1,1,-0.143821906,4,1,239.0562234,4,0.370111535,4,0.000219012,2.55E-05,0.104111302,0.895888698,0,4
4,bimodal,Task B ,1,2,1,-0.261173482,3,1,64.51203728,5,-0.146134024,3,0.000296257,2.59E-05,0.080499874,0.919500126,1,3
4,bimodal,Task B ,2,4,1,0.920140568,4,2,20.87582516,6,-1.887568981,4,3.62E-12,8.31E-06,0.999999564,0.999999564,1,8
5,bimodal,Task B ,1,1,0,-0.577176409,1,2,291.7638884,1,0.769989017,1,8.88E-06,2.08E-05,0.70120272,0.70120272,1,4
5,bimodal,Task B ,2,4,1,2.749613449,4,2,346.7838539,2,1.695794127,4,4.54E-23,1.73E-06,1,1,0,8
5,bimodal,Task B ,1,4,1,-0.197978951,3,1,307.1869068,3,-0.152869866,3,0.000330392,2.61E-05,0.073249568,0.926750432,1,1
5,bimodal,Task B ,1,2,0,0.80950066,4,2,109.89594,4,0.380550141,4,1.45E-05,2.15E-05,0.596665522,0.596665522,0,3
5,bimodal,Task B ,1,4,1,0.564520537,2,1,178.1643844,5,-0.290453339,2,7.73E-05,2.38E-05,0.235783956,0.764216044,1,1
5,bimodal,Task B ,1,4,1,0.244390578,4,1,211.086269,6,0.085324425,4,0.000317116,2.60E-05,0.07590288,0.92409712,1,1
6,bimodal,Task B ,2,2,1,1.566098902,4,2,277.3405444,1,-1.401190158,4,3.80E-12,8.33E-06,0.999999544,0.999999544,0,6
6,bimodal,Task B ,2,2,1,-2.824251433,4,2,155.0194156,2,-0.630327521,4,3.77E-19,3.04E-06,1,1,0,6
6,bimodal,Task B ,2,1,0,-0.300275041,3,1,5.89702298,3,0.446264919,3,0.000127074,2.46E-05,0.162190365,0.837809635,0,5
6,bimodal,Task B ,1,2,0,0.363552793,2,2,192.408258,4,-1.363389038,2,9.57E-08,1.57E-05,0.99394156,0.99394156,1,3
6,bimodal,Task B ,2,3,0,-0.192967815,4,1,113.0066289,5,-0.874099737,4,1.47E-05,2.15E-05,0.593499802,0.593499802,1,7
6,bimodal,Task B ,1,2,1,0.811184649,3,1,137.0611642,6,-0.042363952,3,2.64E-05,2.23E-05,0.458060013,0.541939987,1,3
7,bimodal,Task B ,1,4,0,0.094080986,1,2,192.9775748,1,1.732021467,1,1.26E-09,1.20E-05,0.999894465,0.999894465,1,1
7,bimodal,Task B ,1,2,1,0.059268473,1,1,79.10088158,2,0.284733164,1,0.000295227,2.59E-05,0.080741681,0.919258319,0,3
7,bimodal,Task B ,1,4,0,-1.584521338,1,2,342.4198677,3,-1.194411033,1,3.34E-11,9.54E-06,0.999996504,0.999996504,0,1
7,bimodal,Task B ,1,1,0,-0.628838161,1,2,358.4806991,4,0.475740434,1,3.24E-05,2.26E-05,0.410852128,0.589147872,1,4
7,bimodal,Task B ,1,1,1,0.245460448,1,1,98.26749393,5,0.474673918,1,0.000125499,2.46E-05,0.163785663,0.836214337,0,4
7,bimodal,Task B ,1,1,1,-0.031778005,1,1,149.5985559,6,0.355542515,1,0.000247223,2.56E-05,0.093982811,0.906017189,0,4
8,bimodal,Task B ,1,4,1,-0.511378912,2,1,36.58292286,1,0.195797228,2,0.000124585,2.46E-05,0.164726295,0.835273705,1,1
8,bimodal,Task B ,2,4,1,0.583347345,1,2,41.56966063,2,-2.723096635,1,2.64E-18,3.43E-06,1,1,1,8
8,bimodal,Task B ,1,4,1,0.231328895,1,1,1.362423951,3,0.080255738,1,0.00032678,2.61E-05,0.07395218,0.92604782,1,1
8,bimodal,Task B ,1,4,1,-0.421168277,2,1,335.8067445,4,-0.367775975,2,0.000117586,2.45E-05,0.172319819,0.827680181,1,1
8,bimodal,Task B ,1,4,1,-0.364460848,1,1,127.6836938,5,-0.591354842,1,5.72E-05,2.34E-05,0.290311383,0.709688617,0,1
8,bimodal,Task B ,1,4,0,-0.271171161,2,2,249.4684378,6,0.316423476,2,0.000206836,2.54E-05,0.109220398,0.890779602,0,1
9,bimodal,Task B ,1,1,0,0.590235343,2,2,346.5669459,1,3.039821386,2,1.08E-21,2.11E-06,1,1,1,4
9,bimodal,Task B ,1,2,1,-0.227220232,3,1,98.56555567,2,-0.698687198,3,4.44E-05,2.30E-05,0.341408866,0.658591134,0,3
9,bimodal,Task B ,1,3,0,-0.060104928,3,2,321.6739567,3,-1.073748879,3,3.27E-06,1.96E-05,0.856975687,0.856975687,1,2
9,bimodal,Task B ,2,1,0,-0.071500108,2,1,253.2956281,4,0.812857654,2,2.54E-05,2.22E-05,0.466956296,0.533043704,0,5
9,bimodal,Task B ,2,3,1,2.590105285,3,2,307.1434662,5,0.142961987,3,2.74E-16,4.59E-06,1,1,0,7
9,bimodal,Task B ,2,1,1,-1.515006302,3,2,285.0880801,6,0.430386589,3,1.51E-08,1.40E-05,0.998922955,0.998922955,0,5
10,bimodal,Task B ,2,3,1,-0.361554878,4,2,218.4166634,1,1.092028409,4,1.61E-06,1.87E-05,0.920645219,0.920645219,1,7
10,bimodal,Task B ,1,2,1,0.150735348,3,1,311.6472523,2,-0.392535508,3,0.000200941,2.53E-05,0.111885652,0.888114348,0,3
10,bimodal,Task B ,2,1,1,2.604893072,2,2,316.7307535,3,-1.589382393,2,5.18E-21,2.33E-06,1,1,0,5
10,bimodal,Task B ,2,3,1,1.48971974,4,2,121.5899324,4,1.094674602,4,2.47E-10,1.08E-05,0.999977154,0.999977154,0,7
10,bimodal,Task B ,1,2,1,-0.731650793,1,1,59.97311717,5,-0.442224931,1,2.09E-05,2.20E-05,0.512023078,0.512023078,0,3
10,bimodal,Task B ,1,2,0,0.253832138,3,2,348.3902359,6,2.467411563,3,2.15E-15,5.22E-06,1,1,1,3
1,bimodal,Task B ,1,2,0,-0.692097948,4,2,243.7220291,1,0.284132716,4,4.25E-05,2.30E-05,0.350650527,0.649349473,1,3
1,bimodal,Task B ,2,2,0,0.060904471,2,1,70.7845827,2,-0.327311942,2,0.00026605,2.58E-05,0.088285092,0.911714908,0,6
1,bimodal,Task B ,2,2,1,0.50164131,2,2,73.90903896,3,-1.648645939,2,1.54E-09,1.21E-05,0.999872688,0.999872688,1,6
1,bimodal,Task B ,1,3,1,0.330605472,3,1,251.748303,4,-0.189353953,3,0.000228555,2.55E-05,0.100440333,0.899559667,1,2
1,bimodal,Task B ,1,3,0,-0.660669441,4,2,20.40777773,5,-0.463279026,4,2.90E-05,2.24E-05,0.435799759,0.564200241,1,2
1,bimodal,Task B ,2,2,1,-1.155502285,3,2,288.0345589,6,0.259147427,3,1.32E-06,1.85E-05,0.933523724,0.933523724,0,6
2,bimodal,Task B ,2,2,1,-1.982660162,3,2,252.1084522,1,-1.13571688,3,1.66E-13,6.85E-06,0.999999976,0.999999976,0,6
2,bimodal,Task B ,1,2,0,0.399583093,1,2,230.0539542,2,-2.029736752,1,6.15E-12,8.58E-06,0.999999284,0.999999284,1,3
2,bimodal,Task B ,1,2,1,0.242443295,3,1,209.3102658,3,-0.046619227,3,0.000325814,2.61E-05,0.074142402,0.925857598,1,3
2,bimodal,Task B ,2,3,1,1.168680239,2,2,240.8224707,4,-0.031521039,2,1.38E-06,1.85E-05,0.93085994,0.93085994,0,7
2,bimodal,Task B ,1,3,1,0.46107296,1,1,53.70302254,5,0.456992516,1,7.08E-05,2.37E-05,0.251037125,0.748962875,1,2
2,bimodal,Task B ,1,3,0,0.882345862,3,2,227.2117219,6,-0.434423787,3,7.27E-06,2.06E-05,0.738812092,0.738812092,0,2
3,bimodal,Task B ,1,1,1,-0.322557186,1,1,26.59308556,1,-0.166817488,1,0.000249203,2.57E-05,0.093347905,0.906652095,1,4
3,bimodal,Task B ,1,3,1,-0.20330969,4,1,97.09772207,2,-0.075987194,4,0.000352505,2.62E-05,0.069231882,0.930768118,1,2
3,bimodal,Task B ,2,4,1,1.750998825,2,2,201.8833736,3,-1.637826445,2,1.42E-14,5.87E-06,0.999999998,0.999999998,0,8
3,bimodal,Task B ,2,3,1,0.318565054,3,2,323.5852803,4,1.469090653,3,2.98E-08,1.46E-05,0.99796111,0.99796111,1,7
3,bimodal,Task B ,1,3,1,0.451397997,2,1,6.044217781,5,0.293689334,2,0.000123429,2.46E-05,0.1659318,0.8340682,1,2
3,bimodal,Task B ,1,3,1,0.105934035,2,1,74.47110645,6,0.147572607,2,0.000366997,2.63E-05,0.066837154,0.933162846,0,2
4,bimodal,Task B ,2,2,1,2.457468608,3,2,72.54057662,1,0.413366281,3,2.35E-15,5.25E-06,1,1,0,6
4,bimodal,Task B ,1,1,1,0.125079569,2,1,20.9282629,2,0.120102137,2,0.000371455,2.63E-05,0.066134707,0.933865293,1,4
4,bimodal,Task B ,2,2,1,0.676824704,4,2,50.42659424,3,1.393235089,4,1.67E-08,1.41E-05,0.998815675,0.998815675,1,6
4,bimodal,Task B ,1,2,0,1.084019269,3,2,232.7138825,4,-0.927888009,3,8.17E-08,1.55E-05,0.994768222,0.994768222,0,3
4,bimodal,Task B ,1,2,1,0.074006268,3,1,8.61522106,5,0.982746042,3,6.93E-06,2.05E-05,0.747353847,0.747353847,1,3
4,bimodal,Task B ,1,2,0,1.423065724,2,2,299.5756932,6,0.012448458,2,8.83E-08,1.56E-05,0.994375313,0.994375313,0,3
5,bimodal,Task B ,1,3,1,0.011876,3,1,3.741809909,1,0.523444965,3,0.000132548,2.47E-05,0.156888462,0.843111538,0,2
5,bimodal,Task B ,1,3,1,-0.141088037,4,1,19.91413235,2,0.487918761,4,0.000143196,2.48E-05,0.147543224,0.852456776,0,2
5,bimodal,Task B ,1,4,0,0.054266525,3,2,72.18501605,3,-0.50641643,3,0.000142428,2.48E-05,0.148178795,0.851821205,0,1
5,bimodal,Task B ,1,2,1,0.564381733,2,1,80.06703458,4,0.444870976,2,4.75E-05,2.31E-05,0.327506395,0.672493605,1,3
5,bimodal,Task B ,2,4,1,0.775250734,2,2,177.4469969,5,1.529806052,2,1.70E-09,1.22E-05,0.999860793,0.999860793,1,8
5,bimodal,Task B ,1,2,0,-0.631147811,1,2,32.07722755,6,1.942000356,1,9.98E-12,8.85E-06,0.999998873,0.999998873,1,3
6,bimodal,Task B ,1,2,0,0.755086979,3,2,123.9559678,1,2.386296193,3,1.36E-15,5.07E-06,1,1,1,3
6,bimodal,Task B ,1,2,1,0.047975514,1,1,46.25209953,2,0.255126156,1,0.000317702,2.61E-05,0.07578147,0.92421853,0,3
6,bimodal,Task B ,2,2,0,0.142321617,4,1,170.0674925,3,-0.361594715,4,0.000224035,2.55E-05,0.102145183,0.897854817,0,6
6,bimodal,Task B ,1,2,1,0.182113108,1,1,198.4914065,4,0.45977392,1,0.000149413,2.49E-05,0.142602257,0.857397743,0,3
6,bimodal,Task B ,2,2,0,-0.071572129,3,1,166.4140484,5,-0.378785517,3,0.000228437,2.55E-05,0.100483972,0.899516028,0,6
6,bimodal,Task B ,1,1,1,0.124025708,3,1,78.38060773,6,0.157149057,3,0.000355952,2.62E-05,0.068646374,0.931353626,0,4
7,bimodal,Task B ,2,4,1,-2.137612424,2,2,125.0183658,1,0.413735087,2,1.31E-12,7.79E-06,0.999999832,0.999999832,0,8
7,bimodal,Task B ,2,4,1,-0.934019723,2,2,188.6379528,2,0.063460038,2,1.16E-05,2.12E-05,0.645326841,0.645326841,0,8
7,bimodal,Task B ,1,4,0,-1.289490718,1,2,307.3880024,3,-0.769988587,1,3.74E-08,1.48E-05,0.997480521,0.997480521,0,1
7,bimodal,Task B ,1,1,1,-0.359604895,1,1,356.6957018,4,0.059856394,1,0.000248365,2.57E-05,0.093615292,0.906384708,1,4
7,bimodal,Task B ,1,4,1,-0.204120725,2,1,96.9314926,5,0.076035005,2,0.000351427,2.62E-05,0.069417191,0.930582809,1,1
7,bimodal,Task B ,1,1,1,0.219706365,2,1,29.813977,6,0.184921716,2,0.000296864,2.59E-05,0.080357874,0.919642126,1,4
8,bimodal,Task B ,1,4,0,-1.330593815,3,2,36.1936567,1,-1.557935294,3,1.05E-11,8.88E-06,0.999998819,0.999998819,1,1
8,bimodal,Task B ,1,4,1,0.550911171,4,1,240.0761357,2,-0.262782262,4,8.78E-05,2.40E-05,0.214851218,0.785148782,1,1
8,bimodal,Task B ,2,4,1,2.65830134,2,2,58.68089769,3,0.78913089,2,4.83E-18,3.57E-06,1,1,0,8
8,bimodal,Task B ,2,4,1,1.353815767,4,2,316.2880796,4,-0.031415927,4,1.96E-07,1.64E-05,0.988180626,0.988180626,0,8
8,bimodal,Task B ,2,4,1,1.39998729,2,2,274.859262,5,-0.93156475,2,3.01E-09,1.26E-05,0.999762271,0.999762271,0,8
8,bimodal,Task B ,1,1,1,-0.14664904,3,1,12.73457791,6,0.098481986,3,0.000374724,2.63E-05,0.065629117,0.934370883,1,4
9,bimodal,Task B ,1,1,1,0.057317186,1,1,163.4449641,1,0.806210779,1,2.66E-05,2.23E-05,0.456013608,0.543986392,0,4
9,bimodal,Task B ,1,1,0,-1.913174996,1,2,9.222263093,2,0.70454956,1,1.42E-11,9.05E-06,0.999998427,0.999998427,0,4
9,bimodal,Task B ,1,1,1,0.376648729,2,1,283.6657836,3,0.101290543,2,0.000221223,2.55E-05,0.103236268,0.896763732,1,4
9,bimodal,Task B ,1,1,0,-2.281605351,3,2,313.4171406,4,0.142130155,3,1.78E-13,6.88E-06,0.999999974,0.999999974,0,4
9,bimodal,Task B ,1,3,1,0.03780973,2,1,38.92475151,5,-0.198733284,2,0.000357213,2.62E-05,0.068434584,0.931565416,0,2
9,bimodal,Task B ,1,2,0,0.566142044,2,2,312.9101397,6,0.921207165,2,3.00E-06,1.95E-05,0.866285738,0.866285738,1,3
10,bimodal,Task B ,1,1,1,-0.160455845,3,1,163.283791,1,-0.302812884,3,0.000261803,2.57E-05,0.089507111,0.910492889,0,4
10,bimodal,Task B ,1,1,1,-0.27683659,3,1,228.0852485,2,0.334542084,3,0.000194282,2.53E-05,0.115063776,0.884936224,0,4
10,bimodal,Task B ,1,2,0,0.778074608,1,2,1.024092128,3,1.97413514,1,2.32E-12,8.08E-06,0.999999713,0.999999713,1,3
10,bimodal,Task B ,2,1,1,0.730065175,3,2,84.12736079,4,1.877544337,3,1.51E-11,9.08E-06,0.999998334,0.999998334,1,5
10,bimodal,Task B ,1,1,0,-0.559318556,2,2,231.4754961,5,-1.449065015,2,1.71E-08,1.41E-05,0.998789013,0.998789013,1,4
10,bimodal,Task B ,1,2,0,0.449675142,2,2,209.992391,6,0.735001821,2,1.82E-05,2.18E-05,0.544967642,0.544967642,1,3
1,bimodal,Task B ,2,2,1,-0.440129117,3,2,303.4985116,1,-1.635175514,3,2.47E-09,1.25E-05,0.999801867,0.999801867,1,6
1,bimodal,Task B ,1,2,1,-0.032460271,2,1,274.2035296,2,0.115878161,2,0.000399316,2.64E-05,0.062068166,0.937931834,0,3
1,bimodal,Task B ,2,4,1,-1.014481149,3,2,265.9898466,3,-2.25595488,3,2.97E-15,5.33E-06,0.999999999,0.999999999,1,8
1,bimodal,Task B ,1,2,1,-0.255165953,1,1,151.7245934,4,-0.059121144,1,0.00032319,2.61E-05,0.074664614,0.925335386,1,3
1,bimodal,Task B ,2,1,0,-0.520094645,4,1,42.83138835,5,0.044655244,4,0.000140214,2.48E-05,0.150041622,0.849958378,1,5
1,bimodal,Task B ,1,1,1,0.03339845,1,1,164.2013423,6,-0.33351092,1,0.000264685,2.58E-05,0.088674158,0.911325842,0,4
2,bimodal,Task B ,2,2,0,0.686891731,3,1,34.49211406,1,-0.72464345,3,6.36E-06,2.04E-05,0.762299102,0.762299102,1,6
2,bimodal,Task B ,2,3,1,-0.952147522,2,2,44.34428094,2,0.251540781,2,7.86E-06,2.07E-05,0.724578633,0.724578633,0,7
2,bimodal,Task B ,2,3,1,0.689419387,3,2,332.3179626,3,1.70059066,3,2.79E-10,1.09E-05,0.99997436,0.99997436,1,7
2,bimodal,Task B ,2,3,1,0.824152174,4,2,214.8431251,4,1.041576865,4,2.47E-07,1.67E-05,0.985408598,0.985408598,1,7
2,bimodal,Task B ,1,2,1,0.148755117,2,1,166.6379458,5,-0.019467296,2,0.000383843,2.64E-05,0.064260367,0.935739633,1,3
2,bimodal,Task B ,1,2,1,0.479427261,1,1,289.6403867,6,-0.556733814,1,4.34E-05,2.30E-05,0.346251832,0.653748168,0,3
3,bimodal,Task B ,1,1,0,0.703946533,4,2,206.137077,1,-0.55416998,4,1.44E-05,2.15E-05,0.598078654,0.598078654,0,4
3,bimodal,Task B ,1,2,0,0.113738435,4,2,0.79576387,2,-0.359458031,4,0.000232765,2.55E-05,0.098904893,0.901095107,0,3
3,bimodal,Task B ,1,4,1,-0.095962444,2,1,300.6419837,3,0.257921815,2,0.000308952,2.60E-05,0.077635757,0.922364243,0,1
3,bimodal,Task B ,2,1,1,1.038917205,4,2,308.7637125,4,-0.083841082,4,4.44E-06,1.99E-05,0.817931708,0.817931708,0,5
3,bimodal,Task B ,2,3,1,-0.92630514,4,2,166.4922326,5,-0.554993948,4,3.45E-06,1.96E-05,0.850635199,0.850635199,0,7
3,bimodal,Task B ,2,3,1,1.135861945,3,2,69.38783058,6,-1.607294446,3,3.54E-11,9.58E-06,0.999996301,0.999996301,1,7
4,bimodal,Task B ,1,4,0,0.150013056,1,2,49.00715151,1,-1.114425595,1,2.05E-06,1.90E-05,0.902482009,0.902482009,1,1
4,bimodal,Task B ,1,2,1,0.286458545,2,1,116.6432155,2,0.281143589,2,0.000212602,2.54E-05,0.106737243,0.893262757,1,3
4,bimodal,Task B ,1,1,1,-0.15492686,4,1,251.4566081,3,0.349984673,4,0.000229817,2.55E-05,0.099974913,0.900025087,0,4
4,bimodal,Task B ,1,1,0,0.42699848,1,2,52.11362531,4,0.087341784,1,0.000188675,2.52E-05,0.117888984,0.882111016,1,4
4,bimodal,Task B ,1,4,1,0.543691895,4,1,286.2117741,5,0.335959392,4,7.50E-05,2.38E-05,0.240974904,0.759025096,1,1
4,bimodal,Task B ,1,3,1,-0.000955351,4,1,27.19314286,6,-0.66076386,4,6.77E-05,2.37E-05,0.258927531,0.741072469,0,2
5,bimodal,Task B ,1,3,1,0.073907613,1,1,156.9369595,1,0.741040927,1,4.04E-05,2.29E-05,0.361947963,0.638052037,0,2
5,bimodal,Task B ,2,4,1,-1.932349229,2,2,341.3016615,2,1.171777699,2,2.58E-13,7.04E-06,0.999999963,0.999999963,0,8
5,bimodal,Task B ,1,2,0,1.175040495,1,2,59.02830169,3,-1.175006936,1,3.87E-09,1.28E-05,0.999698434,0.999698434,1,3
5,bimodal,Task B ,2,2,1,-1.434931037,1,2,182.3201832,4,-0.114397632,1,8.33E-08,1.56E-05,0.994672418,0.994672418,0,6
5,bimodal,Task B ,2,4,1,2.823282726,1,2,63.35155489,5,1.093593488,1,9.95E-21,2.42E-06,1,1,0,8
5,bimodal,Task B ,2,4,0,0.919076915,3,1,220.5354727,6,0.381080201,3,6.57E-06,2.04E-05,0.756834952,0.756834952,0,8
6,bimodal,Task B ,1,2,1,0.126433975,4,1,127.6910974,1,-0.060221449,4,0.000388987,2.64E-05,0.063513992,0.936486008,1,3
6,bimodal,Task B ,2,2,1,-0.783801458,4,2,246.8713801,2,-1.991986332,4,1.87E-12,7.97E-06,0.999999766,0.999999766,1,6
6,bimodal,Task B ,1,2,1,-0.118226775,2,1,340.1588236,3,-0.497992165,2,0.000142144,2.48E-05,0.148414693,0.851585307,0,3
6,bimodal,Task B ,1,2,1,0.192276152,3,1,358.835861,4,0.077393122,3,0.000351346,2.62E-05,0.069431173,0.930568827,1,3
6,bimodal,Task B ,2,1,1,-2.301130088,1,2,254.1484695,5,0.466457284,1,5.31E-14,6.38E-06,0.999999992,0.999999992,0,5
6,bimodal,Task B ,1,2,0,0.601398115,3,2,42.22645665,6,-1.358784522,3,3.85E-08,1.48E-05,0.997413051,0.997413051,1,3
7,bimodal,Task B ,1,4,1,0.278213134,3,1,125.8569651,1,0.050079496,3,0.000300307,2.60E-05,0.079562643,0.920437357,1,1
7,bimodal,Task B ,2,1,1,-0.476815734,3,2,269.9591215,2,1.746295257,3,4.25E-10,1.12E-05,0.99996201,0.99996201,1,5
7,bimodal,Task B ,1,4,1,0.526884764,1,1,284.7507314,3,0.067452759,1,0.000128108,2.46E-05,0.161160705,0.838839295,1,1
7,bimodal,Task B ,1,4,0,0.267089313,1,2,334.806377,4,2.883430738,1,1.73E-19,2.90E-06,1,1,1,1
7,bimodal,Task B ,1,1,1,0.301692609,1,1,140.164741,5,-0.070445004,1,0.000280939,2.59E-05,0.084261593,0.915738407,1,4
7,bimodal,Task B ,1,4,0,-0.304448841,2,2,238.3216527,6,-0.53141388,2,8.95E-05,2.41E-05,0.21195622,0.78804378,0,1
8,bimodal,Task B ,1,4,0,-1.157512766,4,2,274.9819529,1,-0.960260953,4,3.55E-08,1.47E-05,0.997602125,0.997602125,0,1
8,bimodal,Task B ,2,4,1,-0.999334868,3,2,100.7272977,2,0.191267439,3,6.02E-06,2.03E-05,0.771605162,0.771605162,0,8
8,bimodal,Task B ,1,4,1,-0.001543381,2,1,165.7986408,3,0.124415022,2,0.000396984,2.64E-05,0.062388668,0.937611332,0,1
8,bimodal,Task B ,1,4,1,0.355950538,2,1,160.3701619,4,0.118284763,2,0.000232101,2.55E-05,0.099143623,0.900856377,1,1
8,bimodal,Task B ,2,1,0,0.216466779,4,1,230.9015084,5,-0.405462492,4,0.000173515,2.51E-05,0.126303139,0.873696861,0,5
8,bimodal,Task B ,2,4,0,0.663912197,2,1,10.01242566,6,0.253309498,2,5.02E-05,2.32E-05,0.316381689,0.683618311,1,8
9,bimodal,Task B ,1,4,1,0.045261679,4,1,36.28210416,1,-0.022652291,4,0.000419052,2.65E-05,0.059486843,0.940513157,1,1
9,bimodal,Task B ,1,1,1,-0.39932926,2,1,234.5364407,2,-0.307477212,2,0.000150166,2.49E-05,0.14202645,0.85797355,1,4
9,bimodal,Task B ,1,1,0,-1.081722394,2,2,299.674623,3,-1.841797847,2,2.14E-12,8.04E-06,0.999999734,0.999999734,1,4
9,bimodal,Task B ,1,4,0,-0.19899647,3,2,20.74113747,4,-0.905157187,3,1.16E-05,2.12E-05,0.646969313,0.646969313,1,1
9,bimodal,Task B ,1,3,0,1.545742163,2,2,178.2259548,5,-0.534935977,2,5.82E-09,1.32E-05,0.999558227,0.999558227,0,2
9,bimodal,Task B ,2,3,1,3.559259374,2,2,36.51490867,6,-1.704922347,2,2.45E-32,4.56E-07,1,1,0,7
10,bimodal,Task B ,2,2,0,-0.364576758,3,1,343.395218,1,0.662707442,3,3.87E-05,2.28E-05,0.371382939,0.628617061,0,6
10,bimodal,Task B ,1,2,1,-0.137842218,2,1,354.508017,2,0.563481721,2,0.000102679,2.43E-05,0.191207982,0.808792018,0,3
10,bimodal,Task B ,1,2,1,0.244535495,4,1,290.2866653,3,0.254642401,4,0.000248162,2.57E-05,0.093680338,0.906319662,0,3
10,bimodal,Task B ,2,1,1,-1.684800502,1,2,209.8934084,4,2.668808335,1,2.97E-22,1.95E-06,1,1,1,5
10,bimodal,Task B ,1,2,1,0.372696227,1,1,73.62233388,5,0.283956943,1,0.000166094,2.50E-05,0.130894945,0.869105055,1,3
10,bimodal,Task B ,2,3,1,-3.3719669,4,2,25.84754982,6,-1.967655023,4,1.27E-31,5.05E-07,1,1,0,7
1,bimodal,Task B ,1,3,1,0.184889765,4,1,265.1108744,1,-0.27100565,4,0.000268497,2.58E-05,0.087596901,0.912403099,0,2
1,bimodal,Task B ,1,3,1,-0.38105251,4,1,95.19392763,2,-0.427090493,4,0.000110006,2.44E-05,0.181413279,0.818586721,0,2
1,bimodal,Task B ,2,1,0,0.202055116,1,1,219.6875387,3,-0.416015874,1,0.00017166,2.51E-05,0.127419318,0.872580682,0,5
1,bimodal,Task B ,1,2,0,2.235703864,3,2,259.0304344,4,-1.7841634,3,5.51E-19,3.11E-06,1,1,0,3
1,bimodal,Task B ,2,1,1,1.219071318,2,2,26.46610294,5,1.706095647,2,3.78E-12,8.33E-06,0.999999546,0.999999546,1,5
1,bimodal,Task B ,1,3,0,-1.007095625,3,2,91.30324305,6,0.490961157,3,2.37E-06,1.92E-05,0.88992268,0.88992268,0,2
2,bimodal,Task B ,1,2,1,-0.736737609,2,1,100.1541874,1,-0.08661084,2,4.47E-05,2.30E-05,0.33993819,0.66006181,1,3
2,bimodal,Task B ,1,2,1,0.199985279,3,1,147.1097406,2,-0.25461862,3,0.000271557,2.58E-05,0.086751277,0.913248723,0,3
2,bimodal,Task B ,2,2,1,1.766783726,2,2,121.0395724,3,-1.155759293,2,3.30E-12,8.26E-06,0.9999996,0.9999996,0,6
2,bimodal,Task B ,1,1,1,-0.374059743,3,1,145.4772347,4,0.380874613,3,0.000130415,2.46E-05,0.158911041,0.841088959,0,4
2,bimodal,Task B ,2,4,1,-1.318617867,4,2,139.5113272,5,-0.411358082,4,1.63E-07,1.62E-05,0.990074874,0.990074874,0,8
2,bimodal,Task B ,1,3,1,-0.005057836,4,1,98.24678456,6,-0.242226454,4,0.000332196,2.61E-05,0.072903622,0.927096378,0,2
3,bimodal,Task B ,2,3,0,-0.065230011,1,1,274.1224711,1,0.792576275,1,2.92E-05,2.24E-05,0.434258981,0.565741019,0,7
3,bimodal,Task B ,2,4,1,-0.939759588,4,2,73.78853411,2,0.979314104,4,1.96E-07,1.64E-05,0.988217322,0.988217322,1,8
3,bimodal,Task B ,2,3,1,-1.733580077,2,2,193.4655722,3,0.680426295,2,2.47E-10,1.08E-05,0.999977197,0.999977197,0,7
3,bimodal,Task B ,2,4,1,-2.834877116,3,2,77.84891538,4,-1.196285537,3,3.77E-21,2.28E-06,1,1,0,8
3,bimodal,Task B ,1,3,1,0.357996925,4,1,115.7577952,5,0.012801653,4,0.000244829,2.56E-05,0.094762391,0.905237609,1,2
3,bimodal,Task B ,1,3,1,0.003709341,1,1,190.5844729,6,0.056749391,1,0.000418259,2.65E-05,0.059586207,0.940413793,0,2
4,bimodal,Task B ,1,2,0,-1.161064375,3,2,259.3465937,1,1.249652681,3,2.25E-09,1.24E-05,0.999818986,0.999818986,1,3
4,bimodal,Task B ,1,2,0,0.106258013,4,2,307.1299395,2,-0.374268864,4,0.000223969,2.55E-05,0.102170209,0.897829791,0,3
4,bimodal,Task B ,1,3,0,-0.554726107,1,2,162.9521837,3,1.028854877,1,1.38E-06,1.85E-05,0.930903904,0.930903904,1,2
4,bimodal,Task B ,1,1,0,-0.065968536,2,2,145.6880249,4,-0.307434272,2,0.000281487,2.59E-05,0.084120858,0.915879142,0,4
4,bimodal,Task B ,1,2,1,0.409200473,1,1,90.44708258,5,-0.62896441,1,3.94E-05,2.29E-05,0.367388377,0.632611623,0,3
4,bimodal,Task B ,2,2,1,0.886107122,1,2,206.9135679,6,-0.26955573,1,1.15E-05,2.12E-05,0.647546703,0.647546703,0,6
5,bimodal,Task B ,1,4,1,0.632413834,4,1,341.2652487,1,0.247863074,4,6.02E-05,2.35E-05,0.280564714,0.719435286,1,1
5,bimodal,Task B ,1,4,1,-0.135894462,4,1,304.5638153,2,0.439865215,4,0.000173934,2.51E-05,0.126053721,0.873946279,0,1
5,bimodal,Task B ,2,4,1,2.680228615,4,2,309.9282719,3,2.355294279,4,2.73E-27,9.42E-07,1,1,0,8
5,bimodal,Task B ,2,4,1,-1.477571937,3,2,144.7040137,4,-0.397994992,3,2.71E-08,1.45E-05,0.998136002,0.998136002,0,8
5,bimodal,Task B ,1,4,1,-0.142549136,1,1,103.6742586,5,0.894975075,1,1.32E-05,2.14E-05,0.61763847,0.61763847,1,1
5,bimodal,Task B ,1,2,0,-0.166430801,1,2,153.0797691,6,0.113393156,1,0.000360651,2.63E-05,0.06786438,0.93213562,1,3
6,bimodal,Task B ,1,2,1,-0.074552367,1,1,322.9352306,1,0.54253194,1,0.000119398,2.45E-05,0.170285323,0.829714677,0,3
6,bimodal,Task B ,1,2,1,0.053471331,1,1,297.7721118,2,0.915751858,1,1.20E-05,2.12E-05,0.638624148,0.638624148,1,3
6,bimodal,Task B ,1,2,1,0.461558275,1,1,185.306514,3,0.089315552,1,0.000165568,2.50E-05,0.13123367,0.86876633,1,3
6,bimodal,Task B ,2,2,1,2.989445492,4,2,317.3604539,4,-0.668715273,4,4.30E-21,2.30E-06,1,1,0,6
6,bimodal,Task B ,2,1,0,-0.380473136,2,1,267.0441822,5,-0.108462904,2,0.000225678,2.55E-05,0.101518452,0.898481548,1,5
6,bimodal,Task B ,1,1,0,-0.275851004,3,2,87.69079742,6,-1.261822455,3,3.83E-07,1.71E-05,0.978104242,0.978104242,1,4
7,bimodal,Task B ,2,4,1,-1.21164701,3,2,338.4219733,1,1.165158537,3,3.24E-09,1.27E-05,0.999744835,0.999744835,0,8
7,bimodal,Task B ,1,2,0,1.45297381,2,2,219.4677041,2,-0.472997036,2,2.41E-08,1.44E-05,0.998325916,0.998325916,0,3
7,bimodal,Task B ,1,4,1,-0.057679443,1,1,202.9633254,3,0.02279891,1,0.000418652,2.65E-05,0.059536882,0.940463118,1,1
7,bimodal,Task B ,1,1,0,0.295996282,3,2,190.6555811,4,0.258109278,3,0.000218896,2.55E-05,0.104157647,0.895842353,1,4
7,bimodal,Task B ,2,4,1,0.882049463,3,2,18.0561552,5,1.095420988,3,1.00E-07,1.57E-05,0.993667303,0.993667303,1,8
7,bimodal,Task B ,1,1,0,-1.949532736,3,2,158.3886959,6,-2.416542351,3,1.32E-21,2.14E-06,1,1,1,4
8,bimodal,Task B ,1,4,0,-0.855024422,3,2,194.4028089,1,1.424658633,3,3.97E-09,1.29E-05,0.999691214,0.999691214,1,1
8,bimodal,Task B ,1,4,0,-0.137922298,2,2,47.04464407,2,-0.157560783,2,0.000356059,2.62E-05,0.068628369,0.931371631,0,1
8,bimodal,Task B ,1,4,1,0.586811383,2,1,52.26224274,3,0.039025398,2,9.81E-05,2.42E-05,0.197907805,0.802092195,1,1
8,bimodal,Task B ,1,4,1,0.141540572,1,1,351.6279273,4,0.185188576,1,0.000334894,2.61E-05,0.072392735,0.927607265,0,1
8,bimodal,Task B ,2,4,1,1.214848179,3,2,53.03438958,5,-0.031662228,3,8.70E-07,1.80E-05,0.953930223,0.953930223,0,8
8,bimodal,Task B ,1,4,1,-1.019167703,1,1,138.68287,6,0.355010437,1,3.49E-06,1.96E-05,0.849164077,0.849164077,0,1
9,bimodal,Task B ,2,1,1,-1.438458036,3,2,38.25230863,1,-0.468063819,3,3.36E-08,1.47E-05,0.9977178,0.9977178,0,5
9,bimodal,Task B ,1,2,1,-0.223684929,2,1,211.1981964,2,0.092460685,2,0.000335731,2.61E-05,0.07223581,0.92776419,1,3
9,bimodal,Task B ,1,3,0,0.465058428,4,2,44.02004981,3,-1.882425478,4,5.51E-11,9.85E-06,0.999994406,0.999994406,1,2
9,bimodal,Task B ,1,1,1,-0.422621941,2,1,278.3445346,4,-0.125438438,2,0.000193251,2.53E-05,0.115572819,0.884427181,1,4
9,bimodal,Task B ,1,2,1,0.480962634,3,1,111.0065369,5,-0.217595797,3,0.000130289,2.46E-05,0.159032562,0.840967438,1,3
9,bimodal,Task B ,1,1,1,-0.192020399,1,1,188.2314295,6,-0.61303208,1,7.57E-05,2.38E-05,0.239277133,0.760722867,0,4
10,bimodal,Task B ,2,2,1,-1.233573591,4,2,96.79727694,1,-1.037067846,4,8.76E-09,1.35E-05,0.999352444,0.999352444,0,6
10,bimodal,Task B ,2,2,1,-0.636750763,4,2,67.80917271,2,0.466423983,4,3.23E-05,2.26E-05,0.411771065,0.588228935,1,6
10,bimodal,Task B ,2,1,1,-0.594574636,2,2,51.01641431,3,1.005994535,2,1.39E-06,1.85E-05,0.930398861,0.930398861,1,5
10,bimodal,Task B ,1,2,1,-0.087757619,2,1,357.4606821,4,0.108823219,2,0.000392112,2.64E-05,0.063069228,0.936930772,0,3
10,bimodal,Task B ,1,2,1,0.29522056,1,1,234.0353073,5,0.113869855,1,0.000275514,2.58E-05,0.085682846,0.914317154,1,3
10,bimodal,Task B ,1,2,1,0.266522664,4,1,33.94603721,6,0.174712806,4,0.00027373,2.58E-05,0.086161243,0.913838757,1,3
1,bimodal,Task B ,1,2,0,0.043256598,4,2,123.7471869,1,-0.01018827,4,0.000420068,2.65E-05,0.059359996,0.940640004,1,3
1,bimodal,Task B ,1,2,0,-0.270467978,4,2,147.7814475,2,-0.283972622,4,0.000226428,2.55E-05,0.101234944,0.898765056,0,3
1,bimodal,Task B ,2,2,1,-0.853197614,2,2,240.2718014,3,2.461810247,2,1.62E-16,4.44E-06,1,1,1,6
1,bimodal,Task B ,2,1,1,0.10538902,4,2,92.28189196,4,-1.13784893,4,1.73E-06,1.88E-05,0.91585315,0.91585315,1,5
1,bimodal,Task B ,1,4,0,1.067590739,3,2,308.8638346,5,2.133194897,3,1.58E-14,5.91E-06,0.999999997,0.999999997,1,1
1,bimodal,Task B ,1,3,0,-0.259016631,4,2,228.058938,6,2.774020522,4,2.46E-18,3.42E-06,1,1,1,2
2,bimodal,Task B ,2,4,1,1.902680054,4,2,217.9582756,1,-1.589298368,4,2.74E-15,5.30E-06,0.999999999,0.999999999,0,8
2,bimodal,Task B ,2,2,0,-0.567958547,1,1,278.3917674,2,0.502730866,1,3.91E-05,2.29E-05,0.368987404,0.631012596,1,6
2,bimodal,Task B ,2,3,1,-2.82556417,3,2,224.230308,3,-1.086601879,3,1.35E-20,2.47E-06,1,1,0,7
2,bimodal,Task B ,1,1,1,0.01656107,1,1,137.6316205,4,0.173011414,1,0.000372541,2.63E-05,0.065965771,0.934034229,0,4
2,bimodal,Task B ,1,2,0,-1.039267533,2,2,291.9602189,5,0.971813248,2,9.23E-08,1.57E-05,0.994138317,0.994138317,0,3
2,bimodal,Task B ,2,2,1,-0.807648704,1,2,48.23275582,6,-0.900945543,1,9.65E-07,1.81E-05,0.949485281,0.949485281,1,6
3,bimodal,Task B ,2,3,0,0.183945473,3,1,311.6741558,1,0.432209582,3,0.000165329,2.50E-05,0.131388096,0.868611904,0,7
3,bimodal,Task B ,1,3,1,-0.333652178,2,1,353.6428872,2,0.199164141,2,0.000229178,2.55E-05,0.100210078,0.899789922,1,2
3,bimodal,Task B ,2,3,1,-2.53825276,1,2,5.735462369,3,-0.803634186,1,7.62E-17,4.24E-06,1,1,0,7
3,bimodal,Task B ,2,4,1,1.116051102,2,2,321.2619758,4,-1.482592038,2,2.17E-10,1.07E-05,0.999979789,0.999979789,1,8
3,bimodal,Task B ,2,2,1,0.989015182,1,2,318.3460124,5,1.527199104,1,3.63E-10,1.11E-05,0.999967214,0.999967214,1,6
3,bimodal,Task B ,1,1,0,1.214539684,3,2,356.5689969,6,0.514377807,3,2.85E-07,1.68E-05,0.983313758,0.983313758,0,4
4,bimodal,Task B ,1,3,0,-0.916605589,4,2,145.7819615,1,-0.403371805,4,6.84E-06,2.05E-05,0.749691904,0.749691904,0,2
4,bimodal,Task B ,1,2,0,0.210315315,1,2,248.8056285,2,-0.211940489,1,0.000289936,2.59E-05,0.082009094,0.917990906,1,3
4,bimodal,Task B ,2,2,1,1.111713243,4,2,254.4535337,3,1.493834687,4,1.90E-10,1.06E-05,0.999982178,0.999982178,1,6
4,bimodal,Task B ,2,1,0,-0.026599237,2,1,289.4719745,4,-0.063418751,2,0.000416806,2.65E-05,0.059769319,0.940230681,0,5
4,bimodal,Task B ,1,2,1,-0.097652685,2,1,335.7698304,5,0.170080159,2,0.000361982,2.63E-05,0.067646224,0.932353776,0,3
4,bimodal,Task B ,2,4,1,-1.89515072,1,2,216.5805839,6,-1.229467471,1,2.66E-13,7.05E-06,0.999999962,0.999999962,0,8
5,bimodal,Task B ,1,4,1,0.230378847,3,1,237.2684503,1,0.044222983,3,0.000333783,2.61E-05,0.072602348,0.927397652,1,1
5,bimodal,Task B ,1,4,1,0.375497574,1,1,107.5344085,2,0.259177399,1,0.000174305,2.51E-05,0.125833968,0.874166032,1,1
5,bimodal,Task B ,1,2,0,0.904606443,1,2,343.9931492,3,1.171214313,1,4.10E-08,1.49E-05,0.997252292,0.997252292,1,3
5,bimodal,Task B ,1,4,1,0.024617036,3,1,142.3383678,4,-0.107129966,3,0.000403279,2.64E-05,0.061531359,0.938468641,0,1
5,bimodal,Task B ,2,4,1,-1.399015364,3,2,274.5693782,5,-1.891373903,3,3.78E-14,6.25E-06,0.999999994,0.999999994,1,8
5,bimodal,Task B ,1,4,0,-0.001608428,2,2,324.5607515,6,1.974623397,2,2.95E-11,9.47E-06,0.999996884,0.999996884,1,1
6,bimodal,Task B ,2,2,1,0.837832961,2,2,318.4569737,1,-1.290963859,2,1.97E-08,1.42E-05,0.998613218,0.998613218,1,6
6,bimodal,Task B ,2,2,0,-0.557990402,3,1,233.3576671,2,-0.042099135,3,0.000118776,2.45E-05,0.170978068,0.829021932,1,6
6,bimodal,Task B ,1,2,0,1.819189835,2,2,356.9033084,3,1.255780118,2,5.31E-13,7.37E-06,0.999999928,0.999999928,0,3
6,bimodal,Task B ,1,2,1,-0.053273401,4,1,80.97414078,4,0.184475221,4,0.000363432,2.63E-05,0.067410226,0.932589774,0,3
6,bimodal,Task B ,1,2,0,-0.633221054,3,2,357.9684001,5,0.937345132,3,2.01E-06,1.90E-05,0.904403516,0.904403516,1,3
6,bimodal,Task B ,1,2,1,-0.092919676,4,1,100.3768494,6,0.304407757,4,0.000277151,2.58E-05,0.085248912,0.914751088,0,3
7,bimodal,Task B ,2,4,0,0.067989754,2,1,155.9791428,1,-0.211248472,2,0.00034451,2.62E-05,0.070630809,0.929369191,0,8
7,bimodal,Task B ,1,2,0,-0.196099215,1,2,321.5563274,2,1.521921241,1,2.04E-08,1.42E-05,0.998573256,0.998573256,1,3
7,bimodal,Task B ,1,4,0,-0.503532435,3,2,345.4329744,3,-0.884634697,3,5.63E-06,2.02E-05,0.782427702,0.782427702,1,1
7,bimodal,Task B ,1,1,0,0.851110107,1,2,336.1918956,4,0.374058797,1,1.11E-05,2.11E-05,0.655424143,0.655424143,0,4
7,bimodal,Task B ,2,4,0,-0.163572947,3,1,236.1522933,5,-0.131640098,3,0.000356223,2.62E-05,0.068600741,0.931399259,1,8
7,bimodal,Task B ,1,4,0,0.384026157,4,2,174.3883094,6,0.601594392,4,4.87E-05,2.32E-05,0.322417189,0.677582811,0,1
8,bimodal,Task B ,1,4,0,-0.487131888,2,2,203.650887,1,0.182764413,2,0.000140518,2.48E-05,0.149783119,0.850216881,1,1
8,bimodal,Task B ,1,4,1,-0.07105948,1,1,224.4240526,2,0.233009835,1,0.000330689,2.61E-05,0.073192322,0.926807678,0,1
8,bimodal,Task B ,1,4,1,-0.019097098,4,1,140.957841,3,0.118205978,4,0.000399276,2.64E-05,0.062073639,0.937926361,0,1
8,bimodal,Task B ,1,1,1,0.188022972,2,1,15.98607288,4,-0.072634766,2,0.000355448,2.62E-05,0.068731279,0.931268721,1,4
8,bimodal,Task B ,1,4,1,-0.347835176,3,1,158.6972534,5,-0.018704732,3,0.000260718,2.57E-05,0.089824805,0.910175195,1,1
8,bimodal,Task B ,2,4,1,2.956037625,1,2,146.526749,6,0.359554912,1,3.72E-20,2.63E-06,1,1,0,8
9,bimodal,Task B ,2,2,0,-0.351226947,4,1,301.9240199,1,0.149128641,4,0.000234975,2.56E-05,0.098118157,0.901881843,1,6
9,bimodal,Task B ,1,4,0,-0.42640875,4,2,211.3757675,2,-0.913416585,4,6.07E-06,2.03E-05,0.770054289,0.770054289,1,1
9,bimodal,Task B ,2,2,0,0.322453598,3,1,107.5772846,3,-0.39690013,3,0.000140185,2.48E-05,0.150066623,0.849933377,0,6
9,bimodal,Task B ,2,2,1,-2.344849427,1,2,178.4561572,4,1.812187193,1,5.39E-20,2.69E-06,1,1,0,6
9,bimodal,Task B ,1,3,1,-0.38588912,3,1,134.749556,5,-0.079066683,3,0.000227028,2.55E-05,0.101009521,0.898990479,1,2
9,bimodal,Task B ,1,3,0,0.668219784,4,2,10.21557149,6,0.700810353,4,8.03E-06,2.07E-05,0.720408608,0.720408608,1,2
10,bimodal,Task B ,2,1,1,-0.991046786,1,2,127.7326957,1,-0.251541474,1,5.78E-06,2.03E-05,0.778083628,0.778083628,0,5
10,bimodal,Task B ,1,1,1,-0.30596776,3,1,187.856875,2,-0.230087084,3,0.000234036,2.56E-05,0.098450703,0.901549297,1,4
10,bimodal,Task B ,1,1,0,1.158563938,1,2,195.5400661,3,1.644622185,1,1.65E-11,9.13E-06,0.999998196,0.999998196,1,4
10,bimodal,Task B ,1,1,0,-0.365261009,2,2,34.79776751,4,-1.863921256,2,1.08E-10,1.03E-05,0.999989458,0.999989458,1,4
10,bimodal,Task B ,1,2,1,-0.139665283,2,1,107.042291,5,-0.400438149,2,0.000201098,2.53E-05,0.111813034,0.888186966,0,3
10,bimodal,Task B ,1,2,1,-0.403025932,4,1,19.96488079,6,0.073095669,4,0.000215269,2.54E-05,0.105628428,0.894371572,1,3
1,bimodal,Task B ,1,3,1,-0.23305611,3,1,325.8824667,1,-0.127471292,3,0.000320198,2.61E-05,0.075269325,0.924730675,1,2
1,bimodal,Task B ,2,2,0,0.059589076,3,1,125.210399,2,-0.68088975,3,5.94E-05,2.35E-05,0.283252285,0.716747715,0,6
1,bimodal,Task B ,2,4,1,2.107008358,4,2,96.55390689,3,-0.713821498,4,4.44E-13,7.28E-06,0.999999939,0.999999939,0,8
1,bimodal,Task B ,1,3,1,0.167118144,2,1,161.3943093,4,0.128692442,2,0.000349082,2.62E-05,0.069823661,0.930176339,1,2
1,bimodal,Task B ,1,3,1,0.594537985,2,1,320.9136256,5,0.434097322,2,4.27E-05,2.30E-05,0.349853254,0.650146746,1,2
1,bimodal,Task B ,1,3,1,0.84261885,3,1,205.2967899,6,0.1226637,3,2.00E-05,2.19E-05,0.522431518,0.522431518,0,2
2,bimodal,Task B ,2,3,1,0.047527836,3,2,233.2008436,1,-2.475985348,3,2.49E-15,5.27E-06,1,1,1,7
2,bimodal,Task B ,2,4,1,-0.046640694,4,2,286.9446032,2,3.332288233,4,1.78E-24,1.41E-06,1,1,1,8
2,bimodal,Task B ,2,2,0,-0.174085339,3,1,30.50589803,3,0.225307385,3,0.000303746,2.60E-05,0.07878441,0.92121559,0,6
2,bimodal,Task B ,2,1,1,2.351101443,1,2,185.4487042,4,-1.245304179,1,5.94E-17,4.17E-06,1,1,0,5
2,bimodal,Task B ,1,2,1,0.976158302,2,1,12.82865186,5,0.140370691,2,7.12E-06,2.05E-05,0.742655763,0.742655763,0,3
2,bimodal,Task B ,1,3,0,0.033049321,1,2,256.8112001,6,0.872250574,1,1.68E-05,2.17E-05,0.562998415,0.562998415,1,2
3,bimodal,Task B ,1,3,1,0.042343143,4,1,21.38740897,1,-0.062066067,4,0.000413865,2.65E-05,0.06014346,0.93985654,0,2
3,bimodal,Task B ,1,3,1,-0.521884939,3,1,216.7059215,2,-0.147011147,3,0.00012836,2.46E-05,0.160911335,0.839088665,1,2
3,bimodal,Task B ,1,2,1,-0.036827581,2,1,246.3486698,3,-0.101541163,2,0.000405164,2.64E-05,0.06127934,0.93872066,0,3
3,bimodal,Task B ,1,3,1,0.43532362,2,1,320.0130066,4,0.417461971,2,9.03E-05,2.41E-05,0.21060186,0.78939814,1,2
3,bimodal,Task B ,1,3,1,-0.129773796,2,1,147.2304447,5,-0.324641374,2,0.000256092,2.57E-05,0.091206513,0.908793487,0,2
3,bimodal,Task B ,2,2,0,0.092736411,1,1,231.7499904,6,-0.241951517,1,0.00031927,2.61E-05,0.075458903,0.924541097,0,6
4,bimodal,Task B ,1,3,1,0.946297697,1,1,332.1093,1,-0.449060838,1,4.23E-06,1.99E-05,0.824756753,0.824756753,0,2
4,bimodal,Task B ,1,2,1,0.287111385,1,1,189.7012073,2,-0.208404453,1,0.00024805,2.57E-05,0.093716549,0.906283451,1,3
4,bimodal,Task B ,1,1,0,-0.052252212,2,2,351.2728076,3,-0.287556324,2,0.000297636,2.59E-05,0.080178166,0.919821834,0,4
4,bimodal,Task B ,2,4,1,2.979437974,4,2,140.702429,4,3.02362664,4,6.07E-37,2.35E-07,1,1,1,8
4,bimodal,Task B ,2,4,0,0.09099066,3,1,226.5399622,5,-0.598675824,3,9.05E-05,2.41E-05,0.210147284,0.789852716,0,8
4,bimodal,Task B ,1,2,1,-0.35972573,1,1,206.7644975,6,-0.527340333,1,7.84E-05,2.39E-05,0.233304619,0.766695381,0,3
5,bimodal,Task B ,2,4,1,2.878392032,3,2,82.13738711,1,1.615793571,3,6.82E-24,1.54E-06,1,1,0,8
5,bimodal,Task B ,1,4,1,0.180165949,4,1,145.602906,2,0.010888547,4,0.000367455,2.63E-05,0.06676432,0.93323568,1,1
5,bimodal,Task B ,1,2,1,0.578916169,2,1,102.1110485,3,-0.279808071,2,7.40E-05,2.38E-05,0.243215733,0.756784267,1,3
5,bimodal,Task B ,1,3,0,-0.637345025,3,2,248.6556723,4,0.010781312,3,8.09E-05,2.39E-05,0.228113077,0.771886923,1,2
5,bimodal,Task B ,1,4,1,0.454607166,2,1,176.6399809,5,-0.097748457,2,0.000169285,2.50E-05,0.128878387,0.871121613,1,1
5,bimodal,Task B ,1,4,0,0.296939671,2,2,354.7339396,6,-1.65968474,2,2.63E-09,1.25E-05,0.999789893,0.999789893,1,1
6,bimodal,Task B ,1,2,0,0.271999998,2,2,70.57289282,1,0.268902243,2,0.000226376,2.55E-05,0.101254588,0.898745412,1,3
6,bimodal,Task B ,2,2,1,2.144346457,4,2,65.57558015,2,-1.270932666,4,2.17E-15,5.22E-06,1,1,0,6
6,bimodal,Task B ,1,2,1,0.710804348,4,1,267.5287459,3,0.110118476,4,4.78E-05,2.31E-05,0.326321974,0.673678026,1,3
6,bimodal,Task B ,2,2,1,3.983365592,1,2,133.0148951,4,2.240661305,1,5.21E-42,1.13E-07,1,1,0,6
6,bimodal,Task B ,2,2,0,0.275865238,4,1,185.496854,5,-0.190509632,4,0.000262535,2.57E-05,0.089293877,0.910706123,1,6
6,bimodal,Task B ,1,2,1,0.112901175,2,1,176.5686197,6,-0.171319565,2,0.000354352,2.62E-05,0.068916817,0.931083183,0,3
7,bimodal,Task B ,1,1,1,-0.009511831,1,1,160.6666565,1,0.260509836,1,0.000317745,2.61E-05,0.075772682,0.924227318,0,4
7,bimodal,Task B ,2,4,0,-0.820822468,4,1,13.99406372,2,-0.111418837,4,2.56E-05,2.23E-05,0.465477661,0.534522339,1,8
7,bimodal,Task B ,1,4,1,0.475715726,2,1,190.780349,3,-0.390206012,2,8.56E-05,2.40E-05,0.218942935,0.781057065,1,1
7,bimodal,Task B ,2,4,0,-0.336401999,4,1,213.3859231,4,0.154172436,4,0.000243371,2.56E-05,0.095243693,0.904756307,1,8
7,bimodal,Task B ,1,1,1,0.187969114,3,1,344.7968525,5,0.060530644,3,0.000357373,2.62E-05,0.068407822,0.931592178,1,4
7,bimodal,Task B ,1,4,1,-0.186141673,4,1,134.9227446,6,-0.461437775,4,0.000151695,2.49E-05,0.140873077,0.859126923,0,1
8,bimodal,Task B ,1,4,1,-0.090740996,1,1,143.9838692,1,0.050514984,1,0.000407218,2.65E-05,0.061007242,0.938992758,1,1
8,bimodal,Task B ,2,4,1,1.982773042,3,2,169.8168838,2,0.437109075,3,1.40E-11,9.04E-06,0.999998455,0.999998455,0,8
8,bimodal,Task B ,1,4,1,-0.061444312,1,1,110.5184722,3,0.010743526,1,0.000418719,2.65E-05,0.059528571,0.940471429,1,1
8,bimodal,Task B ,1,4,1,-0.592328011,4,1,228.6633833,4,-0.18572904,4,8.81E-05,2.40E-05,0.214420082,0.785579918,1,1
8,bimodal,Task B ,1,4,1,0.908033808,3,1,66.22839352,5,0.348277381,3,7.91E-06,2.07E-05,0.723390544,0.723390544,0,1
8,bimodal,Task B ,1,4,1,0.022725123,4,1,86.06887545,6,0.086440352,4,0.000409457,2.65E-05,0.06071341,0.93928659,0,1
9,bimodal,Task B ,1,1,1,0.356847445,4,1,273.0703677,1,-0.281754676,4,0.000176426,2.51E-05,0.124592238,0.875407762,1,4
9,bimodal,Task B ,2,2,1,-1.129811432,4,2,18.62267966,2,1.105439792,4,1.27E-08,1.38E-05,0.999083318,0.999083318,0,6
9,bimodal,Task B ,1,1,1,0.600499628,1,1,294.4205674,3,0.25116349,1,7.05E-05,2.37E-05,0.251674584,0.748325416,1,4
9,bimodal,Task B ,2,4,0,0.606799674,4,1,80.42878544,4,-0.085875302,4,8.67E-05,2.40E-05,0.216902507,0.783097493,1,8
9,bimodal,Task B ,2,2,0,-0.4215966,1,1,137.5555364,5,-0.376172267,1,0.000114368,2.44E-05,0.176062366,0.823937634,1,6
9,bimodal,Task B ,1,1,1,0.038525721,3,1,192.6320252,6,-0.413012178,3,0.000205845,2.54E-05,0.109659183,0.890340817,0,4
10,bimodal,Task B ,1,1,0,-0.243992504,2,2,0.465106024,1,-0.013018862,2,0.000335087,2.61E-05,0.072356503,0.927643497,1,4
10,bimodal,Task B ,1,1,1,0.187031151,2,1,195.7604027,2,0.305613625,2,0.000244385,2.56E-05,0.094908422,0.905091578,0,4
10,bimodal,Task B ,1,2,0,1.728820318,3,2,105.7865113,3,-1.38297696,3,5.04E-13,7.34E-06,0.999999931,0.999999931,0,3
10,bimodal,Task B ,1,2,1,0.025644092,3,1,349.61255,4,0.247136019,3,0.000325718,2.61E-05,0.074161491,0.925838509,0,3
10,bimodal,Task B ,1,2,1,-0.106274441,2,1,347.45048,5,-0.403205344,2,0.000205809,2.54E-05,0.109675205,0.890324795,0,3
10,bimodal,Task B ,1,2,1,-0.047953308,4,1,97.11490308,6,-0.491184884,4,0.000152985,2.49E-05,0.139915011,0.860084989,0,3
1,bimodal,Task B ,1,2,0,0.645599112,1,2,38.67067086,1,0.970203995,1,1.36E-06,1.85E-05,0.931764389,0.931764389,1,3
1,bimodal,Task B ,1,2,1,0.593213877,1,1,206.0114268,2,0.445180886,1,4.12E-05,2.29E-05,0.357281786,0.642718214,1,3
1,bimodal,Task B ,2,2,1,1.014706307,4,2,15.81914595,3,-1.000379151,4,8.32E-08,1.56E-05,0.994679334,0.994679334,0,6
1,bimodal,Task B ,1,3,1,0.563500461,1,1,43.67189833,4,0.60745762,1,2.31E-05,2.21E-05,0.488855005,0.511144995,0,2
1,bimodal,Task B ,1,2,1,0.157824537,2,1,282.1295545,5,-0.223159625,2,0.000308559,2.60E-05,0.077721312,0.922278688,0,3
1,bimodal,Task B ,1,3,1,-0.12815839,2,1,37.50827384,6,0.26625323,2,0.000294779,2.59E-05,0.080847553,0.919152447,0,2
2,bimodal,Task B ,2,3,1,-0.569940516,2,2,233.1566308,1,2.428977862,2,1.68E-15,5.14E-06,1,1,1,7
2,bimodal,Task B ,1,2,1,-0.377440876,3,1,256.2917026,2,0.232065991,3,0.00019,2.52E-05,0.117208327,0.882791673,1,3
2,bimodal,Task B ,2,1,1,0.873573706,4,2,23.61019725,3,-0.641007214,4,3.04E-06,1.95E-05,0.864888923,0.864888923,0,5
2,bimodal,Task B ,2,2,0,-0.461131392,3,1,240.8864903,4,0.087449143,3,0.000173515,2.51E-05,0.126303234,0.873696766,1,6
2,bimodal,Task B ,2,2,1,0.918695708,2,2,220.5234532,5,-1.54981288,2,4.91E-10,1.13E-05,0.999956524,0.999956524,1,6
2,bimodal,Task B ,1,4,0,-0.944403096,1,2,243.1763233,6,-0.634537924,1,2.01E-06,1.90E-05,0.904149206,0.904149206,0,1
3,bimodal,Task B ,1,4,0,0.565324497,3,2,263.929942,1,0.185098329,3,9.46E-05,2.42E-05,0.203322706,0.796677294,1,1
3,bimodal,Task B ,1,2,1,0.035733079,2,1,309.8951492,2,-0.066804596,2,0.000413837,2.65E-05,0.060147055,0.939852945,0,3
3,bimodal,Task B ,2,1,0,-0.531301773,4,1,312.6263611,3,-0.005204247,4,0.000134779,2.47E-05,0.154829765,0.845170235,1,5
3,bimodal,Task B ,1,4,1,-0.05042751,1,1,25.46550897,4,-0.047613836,1,0.000417115,2.65E-05,0.059730239,0.940269761,0,1
3,bimodal,Task B ,2,4,1,1.50556879,1,2,285.852205,5,-0.442685999,1,1.42E-08,1.39E-05,0.998982474,0.998982474,0,8
3,bimodal,Task B ,2,1,0,0.281827657,1,1,184.3884556,6,0.884607858,1,1.10E-05,2.11E-05,0.658227102,0.658227102,1,5
4,bimodal,Task B ,1,3,1,-0.209014511,4,1,100.6127845,1,0.299976665,4,0.000243686,2.56E-05,0.095139256,0.904860744,0,2
4,bimodal,Task B ,1,1,1,-0.375731167,4,1,334.3861024,2,0.565420289,4,6.20E-05,2.35E-05,0.275179019,0.724820981,0,4
4,bimodal,Task B ,1,2,1,0.004015757,1,1,44.37949754,3,-0.225666505,1,0.000343044,2.62E-05,0.070893674,0.929106326,0,3
4,bimodal,Task B ,1,1,0,1.279496535,2,2,241.8474409,4,2.167320631,2,1.06E-15,5.00E-06,1,1,1,4
4,bimodal,Task B ,1,3,0,-0.232246217,3,2,294.9677364,5,0.855249167,3,1.55E-05,2.16E-05,0.581961835,0.581961835,1,2
4,bimodal,Task B ,1,2,1,0.459397289,3,1,326.6390227,6,-0.030119247,3,0.000172247,2.51E-05,0.127064189,0.872935811,1,3
5,bimodal,Task B ,2,4,1,0.551991272,4,2,71.01090313,1,1.680267191,4,7.63E-10,1.16E-05,0.999934209,0.999934209,1,8
5,bimodal,Task B ,2,4,0,0.517021611,4,1,33.42495488,2,-0.596025622,4,3.07E-05,2.25E-05,0.423305731,0.576694269,0,8
5,bimodal,Task B ,1,4,1,-0.161813254,2,1,326.2883433,3,0.23311511,2,0.000304152,2.60E-05,0.078693483,0.921306517,0,1
5,bimodal,Task B ,1,4,1,0.202780231,1,1,345.3388592,4,0.592648277,1,7.99E-05,2.39E-05,0.230205479,0.769794521,0,1
5,bimodal,Task B ,2,4,1,2.517690212,3,2,317.3504993,5,-0.539029537,3,4.12E-16,4.71E-06,1,1,0,8
5,bimodal,Task B ,2,3,0,-0.328036594,4,1,62.63266481,6,0.511483986,4,9.09E-05,2.41E-05,0.209577413,0.790422587,0,7
6,bimodal,Task B ,2,2,1,0.52554393,3,2,332.1542179,1,-2.591678106,3,6.57E-17,4.20E-06,1,1,1,6
6,bimodal,Task B ,1,2,1,-0.014414953,3,1,166.0957203,2,0.123957183,3,0.00039708,2.64E-05,0.062375304,0.937624696,0,3
6,bimodal,Task B ,1,2,1,-0.253867188,1,1,163.5169258,3,-0.379389429,1,0.000179766,2.51E-05,0.122686671,0.877313329,0,3
6,bimodal,Task B ,1,2,1,-0.321947794,2,1,173.0963467,4,0.131341713,2,0.000260131,2.57E-05,0.089997761,0.910002239,1,3
6,bimodal,Task B ,2,2,1,-1.250180702,2,2,162.7189269,5,-0.94008853,2,1.66E-08,1.41E-05,0.998823087,0.998823087,0,6
6,bimodal,Task B ,1,1,1,-0.372082636,4,1,65.82495006,6,-0.664565732,4,3.80E-05,2.28E-05,0.375369872,0.624630128,0,4
7,bimodal,Task B ,1,3,1,-0.044157187,4,1,332.4887768,1,-0.244417959,4,0.00032869,2.61E-05,0.073578786,0.926421214,0,2
7,bimodal,Task B ,1,2,0,0.023181632,1,2,4.60065279,2,0.722859425,1,4.62E-05,2.31E-05,0.333172168,0.666827832,0,3
7,bimodal,Task B ,1,4,0,-1.639020317,2,2,265.2499667,3,0.185545245,2,5.66E-09,1.32E-05,0.999569522,0.999569522,0,1
7,bimodal,Task B ,2,1,0,-0.727566394,2,1,42.52478405,4,0.054218288,2,4.81E-05,2.32E-05,0.324752463,0.675247537,1,5
7,bimodal,Task B ,1,1,0,0.409106049,1,2,76.61158083,5,-1.236919319,1,3.30E-07,1.70E-05,0.98090667,0.98090667,1,4
7,bimodal,Task B ,1,1,1,0.453843845,1,1,149.3263792,6,0.961497626,1,3.53E-06,1.97E-05,0.847901814,0.847901814,1,4
8,bimodal,Task B ,1,4,1,0.196482234,4,1,341.7125176,1,0.217092489,4,0.00029282,2.59E-05,0.08131333,0.91868667,0,1
8,bimodal,Task B ,1,4,1,-0.285345796,3,1,118.5526563,2,0.267020519,3,0.000226347,2.55E-05,0.101265652,0.898734348,1,1
8,bimodal,Task B ,2,4,1,1.136299954,2,2,59.24924487,3,-0.437939,2,8.44E-07,1.80E-05,0.955161264,0.955161264,0,8
8,bimodal,Task B ,1,4,1,0.22364998,4,1,20.49455428,4,-0.133476419,4,0.000316882,2.60E-05,0.075951239,0.924048761,1,1
8,bimodal,Task B ,1,4,1,-0.308948852,4,1,268.1244125,5,0.712747042,4,3.37E-05,2.26E-05,0.402092492,0.597907508,0,1
8,bimodal,Task B ,2,4,1,-2.048475147,2,2,126.1002715,6,1.810228358,2,1.22E-17,3.78E-06,1,1,0,8
9,bimodal,Task B ,1,1,1,0.627658572,2,1,148.8585393,1,-0.312858464,2,5.33E-05,2.33E-05,0.304311898,0.695688102,1,4
9,bimodal,Task B ,2,3,1,3.20033842,4,2,355.6010061,2,-2.724385377,4,3.15E-36,2.60E-07,1,1,0,7
9,bimodal,Task B ,1,2,1,0.322623463,1,1,351.0976083,3,-0.268975959,1,0.000200467,2.53E-05,0.112105957,0.887894043,1,3
9,bimodal,Task B ,1,2,1,-0.107775411,1,1,341.1291357,4,0.03181313,1,0.00040457,2.64E-05,0.061358532,0.938641468,1,3
9,bimodal,Task B ,1,1,0,-0.263543637,1,2,190.7738973,5,0.660119713,1,5.08E-05,2.32E-05,0.3138027,0.6861973,0,4
9,bimodal,Task B ,1,2,0,1.404904391,4,2,276.0637998,6,1.154916303,4,3.88E-10,1.11E-05,0.999965141,0.999965141,0,3
10,bimodal,Task B ,1,1,1,0.089268908,3,1,250.2716462,1,0.408991147,3,0.000200848,2.53E-05,0.11192873,0.88807127,0,4
10,bimodal,Task B ,1,2,1,0.20388187,3,1,354.354774,2,-0.106050448,3,0.000337642,2.61E-05,0.071879961,0.928120039,1,3
10,bimodal,Task B ,1,2,1,0.522621132,3,1,166.9967563,3,0.361067127,3,7.65E-05,2.38E-05,0.237538718,0.762461282,1,3
10,bimodal,Task B ,1,2,0,-0.480651142,2,2,206.280842,4,0.823160748,2,9.44E-06,2.09E-05,0.689043164,0.689043164,1,3
10,bimodal,Task B ,2,1,1,-0.664298317,1,2,42.94800349,5,0.181010002,1,6.09E-05,2.35E-05,0.278354976,0.721645024,1,5
10,bimodal,Task B ,1,2,0,0.03172131,3,2,197.5923804,6,0.726696305,3,4.50E-05,2.31E-05,0.33858277,0.66141723,0,3
1,bimodal,Task B ,1,3,1,-0.078389002,2,1,73.43727803,1,-0.045346013,2,0.000411826,2.65E-05,0.0604058,0.9395942,1,2
1,bimodal,Task B ,2,2,0,0.417125533,1,1,323.0355819,2,-0.606866073,1,4.30E-05,2.30E-05,0.348545681,0.651454319,0,6
1,bimodal,Task B ,1,3,1,0.611069733,3,1,305.9464759,3,-0.104946586,3,8.36E-05,2.40E-05,0.222843325,0.777156675,1,2
1,bimodal,Task B ,2,2,0,-0.776288547,1,1,178.2072923,4,-0.043128455,1,3.58E-05,2.27E-05,0.388350199,0.611649801,1,6
1,bimodal,Task B ,1,3,0,0.539141265,3,2,320.5133526,5,1.222165053,3,2.23E-07,1.65E-05,0.986706724,0.986706724,1,2
1,bimodal,Task B ,2,3,1,-1.325901304,3,2,168.6775377,6,0.486458871,3,1.12E-07,1.58E-05,0.992991613,0.992991613,0,7
2,bimodal,Task B ,2,3,1,0.457273498,2,2,152.2116501,1,1.372886478,2,6.01E-08,1.52E-05,0.996070811,0.996070811,1,7
2,bimodal,Task B ,2,3,1,-0.076383217,1,2,301.0386739,2,0.912736782,1,1.22E-05,2.13E-05,0.634911678,0.634911678,1,7
2,bimodal,Task B ,1,2,0,0.406502002,1,2,26.26099163,3,-1.836843193,1,1.40E-10,1.04E-05,0.999986625,0.999986625,1,3
2,bimodal,Task B ,2,2,1,-2.194021967,2,2,89.81901342,4,-1.362785955,2,3.93E-16,4.69E-06,1,1,0,6
2,bimodal,Task B ,2,3,1,1.824386388,4,2,96.96412026,5,-2.124921322,4,2.09E-18,3.38E-06,1,1,1,7
2,bimodal,Task B ,2,3,0,0.072145313,1,1,150.2876769,6,-0.041932261,1,0.000410991,2.65E-05,0.060513862,0.939486138,1,7
3,bimodal,Task B ,1,3,1,-0.136444555,4,1,147.3918059,1,0.322146821,4,0.000254185,2.57E-05,0.091789159,0.908210841,0,2
3,bimodal,Task B ,1,3,1,-0.235214324,2,1,210.719325,2,-0.070985816,2,0.000334131,2.61E-05,0.072536543,0.927463457,1,2
3,bimodal,Task B ,1,3,1,0.016504305,3,1,230.9178341,3,0.475101509,3,0.000162471,2.50E-05,0.133265053,0.866734947,0,2
3,bimodal,Task B ,2,4,1,-0.758140905,4,2,297.852307,4,-0.621630573,4,7.97E-06,2.07E-05,0.72191854,0.72191854,0,8
3,bimodal,Task B ,1,3,1,-0.05574765,1,1,212.3834864,5,-0.03439733,1,0.000418091,2.65E-05,0.059607414,0.940392586,1,2
3,bimodal,Task B ,1,3,1,-0.112514819,1,1,83.18073724,6,0.775251676,1,3.17E-05,2.26E-05,0.415430939,0.584569061,0,2
4,bimodal,Task B ,2,2,1,-0.801362617,1,2,329.0610222,1,0.116635095,1,2.89E-05,2.24E-05,0.437028803,0.562971197,1,6
4,bimodal,Task B ,1,1,1,0.120699734,1,1,224.5623632,2,0.437473409,1,0.00017619,2.51E-05,0.124729072,0.875270928,0,4
4,bimodal,Task B ,1,2,1,-0.37044163,3,1,308.9606756,3,-0.009814134,3,0.000244218,2.56E-05,0.094963413,0.905036587,1,3
4,bimodal,Task B ,1,2,1,0.017180733,1,1,26.90853344,4,0.212681008,1,0.000349045,2.62E-05,0.069830108,0.930169892,0,3
4,bimodal,Task B ,2,4,1,-1.267065919,4,2,229.5728859,5,1.085043108,4,3.94E-09,1.29E-05,0.999693914,0.999693914,0,8
4,bimodal,Task B ,2,4,1,-0.234638705,4,2,174.0912935,6,0.827267707,4,1.88E-05,2.18E-05,0.537048373,0.537048373,1,8
5,bimodal,Task B ,1,2,0,0.959119222,4,2,251.5860324,1,0.207524257,4,7.40E-06,2.06E-05,0.735722628,0.735722628,0,3
5,bimodal,Task B ,2,1,1,1.161774416,1,2,273.5172943,2,3.462294889,1,1.50E-28,7.86E-07,1,1,1,5
5,bimodal,Task B ,1,4,0,0.151255261,3,2,20.10026102,3,0.981183738,3,6.51E-06,2.04E-05,0.758334337,0.758334337,1,1
5,bimodal,Task B ,1,4,1,0.497650795,1,1,320.956127,4,-0.50817892,1,5.01E-05,2.32E-05,0.316576524,0.683423476,0,1
5,bimodal,Task B ,2,4,1,1.683675654,3,2,107.8203306,5,-0.469946151,3,1.20E-09,1.19E-05,0.999899641,0.999899641,0,8
5,bimodal,Task B ,1,2,0,0.949467014,2,2,303.192749,6,0.738457737,2,9.53E-07,1.81E-05,0.950023354,0.950023354,0,3
6,bimodal,Task B ,1,2,1,0.356609263,2,1,212.7063005,1,0.547151159,2,6.91E-05,2.37E-05,0.255207426,0.744792574,0,3
6,bimodal,Task B ,2,2,0,0.661645059,1,1,336.9249595,2,-0.405664352,1,3.35E-05,2.26E-05,0.403275834,0.596724166,1,6
6,bimodal,Task B ,1,2,0,0.465717261,1,2,258.4300817,3,-0.524716593,1,5.31E-05,2.33E-05,0.305063474,0.694936526,0,3
6,bimodal,Task B ,2,2,1,0.480705061,4,2,177.9938556,4,0.266378216,4,0.000117416,2.45E-05,0.172513987,0.827486013,1,6
6,bimodal,Task B ,1,2,1,-0.948292296,3,1,297.9747629,5,-0.416053391,3,5.13E-06,2.01E-05,0.796827467,0.796827467,0,3
6,bimodal,Task B ,1,2,1,0.437848651,2,1,252.8011962,6,0.661228674,2,2.94E-05,2.24E-05,0.433044985,0.566955015,0,3
7,bimodal,Task B ,2,4,1,0.401966675,2,2,79.28522012,1,1.940296393,2,2.61E-11,9.40E-06,0.999997222,0.999997222,1,8
7,bimodal,Task B ,2,4,1,-1.5922039,3,2,181.2618915,2,-0.697391914,3,1.59E-09,1.21E-05,0.999869321,0.999869321,0,8
7,bimodal,Task B ,1,4,0,0.457902137,3,2,276.4425303,3,0.14065811,3,0.000159668,2.50E-05,0.135160844,0.864839156,1,1
7,bimodal,Task B ,1,1,0,0.089470117,2,2,81.43024315,4,0.404123348,2,0.000204211,2.53E-05,0.110390776,0.889609224,0,4
7,bimodal,Task B ,2,4,1,-1.854192638,4,2,82.07721659,5,0.603985529,4,6.23E-11,9.92E-06,0.999993722,0.999993722,0,8
7,bimodal,Task B ,1,4,0,-2.011264082,3,2,118.2709854,6,-0.277578508,3,1.72E-11,9.15E-06,0.999998125,0.999998125,0,1
8,bimodal,Task B ,1,4,1,-0.255877115,1,1,12.94557858,1,-0.069108278,1,0.000321009,2.61E-05,0.075104281,0.924895719,1,1
8,bimodal,Task B ,1,4,0,-0.595014839,4,2,352.6109181,2,-1.686580529,4,6.24E-10,1.15E-05,0.999945585,0.999945585,1,1
8,bimodal,Task B ,1,4,1,-0.007878988,4,1,269.4364869,3,-0.245775495,4,0.000329784,2.61E-05,0.073366828,0.926633172,0,1
8,bimodal,Task B ,1,4,1,-0.420756059,4,1,217.3132616,4,0.110222503,4,0.000196947,2.53E-05,0.113769455,0.886230545,1,1
8,bimodal,Task B ,2,4,1,0.661888353,1,2,270.462149,5,-1.118605651,1,3.43E-07,1.70E-05,0.980210278,0.980210278,1,8
8,bimodal,Task B ,1,4,1,-0.314753349,1,1,356.3480308,6,-0.113073565,1,0.000270817,2.58E-05,0.086954151,0.913045849,1,1
9,bimodal,Task B ,1,4,1,-0.151563138,3,1,343.9826086,1,-0.085876351,3,0.000376987,2.63E-05,0.065283903,0.934716097,1,1
9,bimodal,Task B ,1,4,0,-0.235180045,4,2,85.13012948,2,-0.251701151,4,0.000261767,2.57E-05,0.089517539,0.910482461,0,1
9,bimodal,Task B ,1,2,0,0.597092595,1,2,207.387227,3,0.344023089,1,5.67E-05,2.34E-05,0.291928087,0.708071913,1,3
9,bimodal,Task B ,1,1,0,0.139766197,4,2,173.8412991,4,-2.061782173,4,6.40E-12,8.61E-06,0.999999256,0.999999256,1,4
9,bimodal,Task B ,1,4,1,0.072465563,4,1,253.8984954,5,0.334211384,4,0.000257256,2.57E-05,0.090854685,0.909145315,0,1
9,bimodal,Task B ,2,2,1,-1.377374675,1,2,280.1320715,6,2.445720115,1,1.81E-18,3.35E-06,1,1,1,6
10,bimodal,Task B ,1,1,0,0.45636864,1,2,171.1478245,1,0.587623342,1,4.04E-05,2.29E-05,0.361537552,0.638462448,0,4
10,bimodal,Task B ,1,1,1,0.483617675,2,1,36.29725287,2,-0.115651595,2,0.000148601,2.48E-05,0.143228033,0.856771967,1,4
10,bimodal,Task B ,1,1,0,0.807832731,1,2,356.8953325,3,1.681804291,1,1.74E-10,1.06E-05,0.999983549,0.999983549,1,4
10,bimodal,Task B ,1,1,0,-1.332711883,1,2,86.28736537,4,-0.089082197,1,2.74E-07,1.68E-05,0.983899353,0.983899353,0,4
10,bimodal,Task B ,1,2,0,0.966038441,1,2,83.83153858,5,0.013895611,1,8.40E-06,2.08E-05,0.711835839,0.711835839,0,3
10,bimodal,Task B ,1,2,0,-0.678992632,4,2,163.9843846,6,-0.244655592,4,5.03E-05,2.32E-05,0.315679536,0.684320464,1,3
1,bimodal,Task B ,2,3,1,-2.542756367,2,2,279.4387118,1,1.148813709,2,3.94E-18,3.52E-06,1,1,0,7
1,bimodal,Task B ,1,2,1,0.337922794,3,1,51.64037212,2,-0.365326243,3,0.000148569,2.48E-05,0.143252469,0.856747531,0,3
1,bimodal,Task B ,1,2,1,0.310539861,3,1,250.1565941,3,-0.395922685,3,0.000145199,2.48E-05,0.145913027,0.854086973,0,3
1,bimodal,Task B ,1,3,1,0.445858522,3,1,61.40459409,4,-0.471391346,3,7.16E-05,2.37E-05,0.248933632,0.751066368,0,2
1,bimodal,Task B ,1,3,1,-0.131925194,3,1,199.8600918,5,-0.135643034,3,0.000368121,2.63E-05,0.066658573,0.933341427,0,2
1,bimodal,Task B ,1,3,0,0.865374163,1,2,64.76351894,6,2.039860768,1,4.18E-13,7.26E-06,0.999999942,0.999999942,1,2
2,bimodal,Task B ,2,3,1,-2.166848815,1,2,128.061085,1,-0.943218195,1,3.79E-14,6.25E-06,0.999999994,0.999999994,0,7
2,bimodal,Task B ,2,4,1,0.790763965,4,2,47.32417755,2,-0.675238701,4,4.48E-06,2.00E-05,0.816716289,0.816716289,0,8
2,bimodal,Task B ,1,1,1,0.084038564,1,1,311.6002261,3,-0.435877096,1,0.000184956,2.52E-05,0.119843687,0.880156313,0,4
2,bimodal,Task B ,2,1,1,-0.146113374,1,2,206.6459721,4,0.799951476,1,2.60E-05,2.23E-05,0.461328479,0.538671521,0,5
2,bimodal,Task B ,2,3,1,0.07857894,2,2,255.6798931,5,-0.263048386,2,0.000308599,2.60E-05,0.077712575,0.922287425,0,7
2,bimodal,Task B ,1,2,1,-0.169369528,3,1,53.66814213,6,-0.142330409,3,0.000349175,2.62E-05,0.069807416,0.930192584,1,3
3,bimodal,Task B ,2,3,1,-1.125588864,1,2,8.167119107,1,-2.681565504,1,1.57E-19,2.88E-06,1,1,1,7
3,bimodal,Task B ,1,4,1,-0.030478694,2,1,231.983643,2,0.237125295,2,0.000333001,2.61E-05,0.072750417,0.927249583,0,1
3,bimodal,Task B ,2,1,0,0.505598944,4,1,13.38556019,3,-0.154631378,4,0.000129787,2.46E-05,0.159517285,0.840482715,1,5
3,bimodal,Task B ,2,2,0,-0.26732624,3,1,215.3184127,4,-0.892611159,3,1.12E-05,2.11E-05,0.654212893,0.654212893,1,6
3,bimodal,Task B ,2,1,0,-0.606677513,1,1,32.04976689,5,0.438288187,1,4.19E-05,2.30E-05,0.353907698,0.646092302,1,5
3,bimodal,Task B ,2,1,1,-0.329977479,2,2,89.30176999,6,0.985210849,2,4.51E-06,2.00E-05,0.815826159,0.815826159,1,5
4,bimodal,Task B ,1,3,1,0.312883982,1,1,121.9949668,1,0.039170155,1,0.000276523,2.58E-05,0.085414884,0.914585116,1,2
4,bimodal,Task B ,1,3,0,-0.82766257,1,2,78.74086933,2,0.330780077,1,1.61E-05,2.16E-05,0.572924783,0.572924783,0,2
4,bimodal,Task B ,2,4,1,0.326565335,3,2,103.5407249,3,-2.99799364,3,9.24E-21,2.41E-06,1,1,1,8
4,bimodal,Task B ,1,1,0,0.799041235,1,2,110.7201854,4,0.041450089,1,2.86E-05,2.24E-05,0.439242189,0.560757811,1,4
4,bimodal,Task B ,1,2,0,0.088929633,3,2,113.1669999,5,2.472709076,3,2.46E-15,5.26E-06,1,1,1,3
4,bimodal,Task B ,1,1,1,0.069917626,1,1,106.2359115,6,-0.589482177,1,9.62E-05,2.42E-05,0.200798821,0.799201179,0,4
5,bimodal,Task B ,1,3,0,0.07795114,1,2,123.4137465,1,-1.104217015,1,2.43E-06,1.92E-05,0.887796408,0.887796408,1,2
5,bimodal,Task B ,1,4,0,0.487251398,3,2,66.28791708,2,2.755725808,3,1.80E-18,3.35E-06,1,1,1,1
5,bimodal,Task B ,1,4,1,0.043915701,3,1,333.0831135,3,-0.639780754,3,7.52E-05,2.38E-05,0.24052101,0.75947899,0,1
5,bimodal,Task B ,2,4,1,0.657170834,3,2,36.93032697,4,2.493328523,3,2.67E-16,4.58E-06,1,1,1,8
5,bimodal,Task B ,1,2,0,1.54834698,2,2,248.600503,5,1.338757112,2,9.56E-12,8.82E-06,0.999998917,0.999998917,0,3
5,bimodal,Task B ,1,4,1,0.179379013,1,1,133.2372529,6,0.500874516,1,0.000126953,2.46E-05,0.16231174,0.83768826,0,1
6,bimodal,Task B ,1,2,1,-0.219374096,1,1,334.7302399,1,0.052359296,1,0.000346887,2.62E-05,0.070208701,0.929791299,1,3
6,bimodal,Task B ,1,2,0,0.326934442,1,2,323.6628106,2,-1.470959917,1,2.94E-08,1.46E-05,0.997986065,0.997986065,1,3
6,bimodal,Task B ,1,2,1,-0.117412717,1,1,178.5228841,3,0.212484856,1,0.000332265,2.61E-05,0.072890518,0.927109482,0,3
6,bimodal,Task B ,1,2,1,-0.017099593,1,1,271.9280886,4,-0.561868363,1,0.000112595,2.44E-05,0.178197529,0.821802471,0,3
6,bimodal,Task B ,1,2,1,-0.126742142,2,1,94.23855608,5,0.479006112,2,0.000150802,2.49E-05,0.141544857,0.858455143,0,3
6,bimodal,Task B ,2,2,1,-1.550269203,4,2,120.7236652,6,-0.072768314,4,2.07E-08,1.43E-05,0.99854934,0.99854934,0,6
7,bimodal,Task B ,1,1,0,-0.137410332,1,2,187.7783677,1,-0.597747654,1,8.80E-05,2.40E-05,0.21461587,0.78538413,0,4
7,bimodal,Task B ,1,4,0,-0.119118913,4,2,130.7474162,2,-0.309428407,4,0.000269506,2.58E-05,0.087316079,0.912683921,0,1
7,bimodal,Task B ,1,4,1,0.278006198,3,1,237.5571434,3,-0.055608051,3,0.000300067,2.60E-05,0.079617398,0.920382602,1,1
7,bimodal,Task B ,1,1,1,0.383284714,1,1,228.8813361,4,0.382365593,1,0.000121621,2.45E-05,0.167854935,0.832145065,1,4
7,bimodal,Task B ,1,4,0,0.261588682,3,2,255.3026621,5,2.112428314,3,2.03E-12,8.01E-06,0.999999746,0.999999746,1,1
7,bimodal,Task B ,2,4,1,-3.237152944,4,2,80.62875122,6,-0.493162724,4,2.26E-23,1.66E-06,1,1,0,8
8,bimodal,Task B ,1,4,0,-0.328221553,1,2,77.17461621,1,-1.991709183,1,1.50E-11,9.08E-06,0.999998343,0.999998343,1,1
8,bimodal,Task B ,2,4,1,-2.58496941,2,2,225.9939264,2,0.104983608,2,4.08E-16,4.71E-06,1,1,0,8
8,bimodal,Task B ,2,4,0,-0.118147161,2,1,197.574557,3,0.01561752,2,0.000402225,2.64E-05,0.061673161,0.938326839,1,8
8,bimodal,Task B ,2,4,0,0.059359749,2,1,21.42052875,4,-0.109987823,2,0.000396738,2.64E-05,0.062422592,0.937577408,0,8
8,bimodal,Task B ,1,4,1,-0.171144629,4,1,5.158978124,5,-0.630611124,4,7.12E-05,2.37E-05,0.249947,0.750053,0,1
8,bimodal,Task B ,2,4,1,0.915296968,1,2,81.62425052,6,1.447089132,1,1.79E-09,1.22E-05,0.999854023,0.999854023,1,8
9,bimodal,Task B ,2,2,0,-0.243265078,1,1,44.55011385,1,0.516506853,1,0.000108253,2.44E-05,0.183660912,0.816339088,0,6
9,bimodal,Task B ,1,1,1,-0.596019124,2,1,311.8683213,2,-0.458290252,2,4.14E-05,2.29E-05,0.356690555,0.643309445,1,4
9,bimodal,Task B ,1,3,1,-0.357299374,4,1,61.15057932,3,0.224497327,4,0.000204832,2.53E-05,0.110111575,0.889888425,1,2
9,bimodal,Task B ,1,4,1,0.219174439,3,1,73.69768229,4,-0.652392811,3,5.75E-05,2.34E-05,0.289427424,0.710572576,0,1
9,bimodal,Task B ,1,1,1,0.123163586,1,1,221.5493224,5,0.155445922,1,0.00035709,2.62E-05,0.068455283,0.931544717,0,4
9,bimodal,Task B ,1,3,1,-0.060401942,4,1,276.505379,6,-0.588767823,4,9.77E-05,2.42E-05,0.198568699,0.801431301,0,2
10,bimodal,Task B ,1,1,1,-0.456680687,3,1,70.80634195,1,0.38958739,3,9.57E-05,2.42E-05,0.20162159,0.79837841,1,4
10,bimodal,Task B ,2,1,1,-3.00294687,2,2,152.0483487,2,-0.780301753,2,2.07E-21,2.20E-06,1,1,0,5
10,bimodal,Task B ,1,2,1,-0.072547952,3,1,198.9111078,3,-0.526697925,3,0.000129932,2.46E-05,0.159376909,0.840623091,0,3
10,bimodal,Task B ,2,2,1,1.462567229,3,2,219.269181,4,-1.47120135,3,6.01E-12,8.57E-06,0.999999298,0.999999298,1,6
10,bimodal,Task B ,1,2,1,-0.254275159,2,1,169.6020408,5,-0.586643215,2,7.73E-05,2.38E-05,0.235723089,0.764276911,0,3
10,bimodal,Task B ,1,2,1,-0.044787199,1,1,72.3317538,6,-0.421882016,1,0.000199887,2.53E-05,0.112376447,0.887623553,0,3
1,bimodal,Task B ,1,2,1,0.042411896,1,1,125.4760325,1,-0.41492451,1,0.000204173,2.53E-05,0.110407657,0.889592343,0,3
1,bimodal,Task B ,1,3,1,0.008482481,1,1,223.9586472,2,-0.485671193,1,0.000157525,2.49E-05,0.136648335,0.863351665,0,2
1,bimodal,Task B ,2,2,0,0.054354024,2,1,127.5268512,3,0.209205985,2,0.000346756,2.62E-05,0.070231862,0.929768138,0,6
1,bimodal,Task B ,1,4,0,0.819307089,2,2,85.34725916,4,-0.116214552,2,2.38E-05,2.22E-05,0.482340633,0.517659367,1,1
1,bimodal,Task B ,2,1,0,0.56927378,1,1,18.77061798,5,0.411080926,1,5.25E-05,2.33E-05,0.307359485,0.692640515,1,5
1,bimodal,Task B ,1,1,1,0.101163274,2,1,306.6631554,6,-0.251633062,2,0.000310687,2.60E-05,0.077260551,0.922739449,0,4
2,bimodal,Task B ,2,4,1,-1.02344785,4,2,83.10601375,1,1.387781286,4,1.67E-09,1.22E-05,0.999863056,0.999863056,1,8
2,bimodal,Task B ,2,2,0,0.110175339,1,1,141.4335097,2,0.167025819,1,0.00035613,2.62E-05,0.068616361,0.931383639,0,6
2,bimodal,Task B ,2,2,1,-2.834753302,3,2,233.1844154,3,-0.991211138,3,2.50E-20,2.57E-06,1,1,0,6
2,bimodal,Task B ,2,1,0,-0.22614692,2,1,286.6792833,4,-0.175335098,2,0.000305252,2.60E-05,0.07844846,0.92155154,1,5
2,bimodal,Task B ,1,2,1,0.174014424,3,1,66.24842325,5,0.476794197,3,0.0001414,2.48E-05,0.149037824,0.850962176,0,3
2,bimodal,Task B ,2,4,1,-0.170807693,2,2,188.2785586,6,1.936527555,2,4.94E-11,9.78E-06,0.999994944,0.999994944,1,8
3,bimodal,Task B ,2,4,1,1.766226722,2,2,159.2742183,1,0.768455419,2,7.58E-11,1.00E-05,0.999992457,0.999992457,0,8
3,bimodal,Task B ,2,3,1,1.822325366,1,2,101.8449976,2,0.790571418,1,2.83E-11,9.44E-06,0.999997003,0.999997003,0,7
3,bimodal,Task B ,2,2,1,-1.435366376,3,2,302.3744727,3,1.259326526,3,1.07E-10,1.03E-05,0.999989594,0.999989594,0,6
3,bimodal,Task B ,1,2,1,0.013445013,1,1,73.99708014,4,0.490056587,1,0.000152922,2.49E-05,0.139961815,0.860038185,0,3
3,bimodal,Task B ,2,4,1,0.526837665,2,2,190.1055666,5,-1.992936687,2,6.99E-12,8.65E-06,0.999999192,0.999999192,1,8
3,bimodal,Task B ,2,3,1,-1.288411053,3,2,127.2648252,6,0.577685834,3,1.11E-07,1.58E-05,0.993028252,0.993028252,0,7
4,bimodal,Task B ,1,2,1,0.65236008,2,1,348.4499459,1,0.018538318,2,7.02E-05,2.37E-05,0.25252483,0.74747517,1,3
4,bimodal,Task B ,1,2,0,-0.867124833,4,2,226.7217127,2,0.073006028,4,1.90E-05,2.18E-05,0.53438745,0.53438745,0,3
4,bimodal,Task B ,1,1,1,-0.489569751,2,1,187.1809655,3,-0.093662399,2,0.000154876,2.49E-05,0.138534803,0.861465197,1,4
4,bimodal,Task B ,1,2,1,0.191786602,2,1,245.9317201,4,-0.130899113,2,0.000336251,2.61E-05,0.07213873,0.92786127,1,3
4,bimodal,Task B ,1,3,1,-0.180965593,3,1,59.73413901,5,0.690739734,3,4.95E-05,2.32E-05,0.319168027,0.680831973,0,2
4,bimodal,Task B ,1,2,1,-0.258239607,3,1,175.5547613,6,0.291097273,3,0.000227004,2.55E-05,0.10101845,0.89898155,0,3
5,bimodal,Task B ,1,3,1,0.37577061,2,1,353.523492,1,0.394225287,2,0.000119814,2.45E-05,0.169824584,0.830175416,0,2
5,bimodal,Task B ,1,4,1,-0.344399302,3,1,101.740311,2,-0.606822092,3,5.61E-05,2.34E-05,0.294182341,0.705817659,0,1
5,bimodal,Task B ,2,4,1,-1.816036585,1,2,228.2331727,3,0.515053855,1,1.69E-10,1.06E-05,0.999983956,0.999983956,0,8
5,bimodal,Task B ,1,2,0,0.857986975,1,2,40.40046923,4,1.923431585,1,3.10E-12,8.22E-06,0.999999624,0.999999624,1,3
5,bimodal,Task B ,1,3,1,-0.27306246,4,1,13.2604327,5,-0.163973482,4,0.000282101,2.59E-05,0.083963596,0.916036404,1,2
5,bimodal,Task B ,1,4,1,-0.353257611,2,1,186.6737753,6,0.293459448,2,0.000178104,2.51E-05,0.123627283,0.876372717,1,1
6,bimodal,Task B ,2,2,0,0.64694436,4,1,1.643512817,1,0.304292834,4,4.88E-05,2.32E-05,0.321966055,0.678033945,1,6
6,bimodal,Task B ,1,2,0,0.72172495,1,2,125.2011493,2,0.025628395,1,4.70E-05,2.31E-05,0.329652411,0.670347589,1,3
6,bimodal,Task B ,2,2,1,-0.636274923,2,2,30.3643347,3,-0.253967308,2,6.22E-05,2.35E-05,0.274435371,0.725564629,1,6
6,bimodal,Task B ,1,2,0,0.090265093,1,2,307.4815864,4,-0.131505869,1,0.000380282,2.63E-05,0.06478785,0.93521215,0,3
6,bimodal,Task B ,2,2,1,-1.94900081,3,2,13.90809259,5,-0.630028132,3,1.24E-11,8.97E-06,0.999998618,0.999998618,0,6
6,bimodal,Task B ,1,2,1,0.455865158,1,1,354.7241758,6,0.187017161,1,0.000150849,2.49E-05,0.141509139,0.858490861,1,3
7,bimodal,Task B ,1,1,1,-0.264902181,4,1,97.51500385,1,-0.551417565,4,8.95E-05,2.41E-05,0.211893425,0.788106575,0,4
7,bimodal,Task B ,1,2,1,-0.220752661,1,1,255.8205008,2,0.370205185,1,0.000195591,2.53E-05,0.114424091,0.885575909,0,3
7,bimodal,Task B ,1,1,0,0.33578128,1,2,294.3141291,3,-0.080440194,1,0.000254686,2.57E-05,0.091635191,0.908364809,1,4
7,bimodal,Task B ,2,4,1,-1.991820066,3,2,43.27424655,4,0.019150256,3,3.26E-11,9.53E-06,0.999996575,0.999996575,0,8
7,bimodal,Task B ,1,1,1,-0.307872002,2,1,61.59173714,5,-0.321513427,2,0.000188453,2.52E-05,0.118003595,0.881996405,0,4
7,bimodal,Task B ,1,1,0,0.662719402,1,2,98.40401628,6,1.169071669,1,2.05E-07,1.65E-05,0.987724422,0.987724422,1,4
8,bimodal,Task B ,1,4,1,-0.526063875,4,1,316.5061458,1,-0.396613505,4,7.13E-05,2.37E-05,0.249697229,0.750302771,1,1
8,bimodal,Task B ,1,4,1,-0.232070747,1,1,312.3415121,2,-0.33445647,1,0.000214755,2.54E-05,0.105839967,0.894160033,0,1
8,bimodal,Task B ,1,4,0,-0.327366667,2,2,134.5848179,3,2.526888682,2,5.29E-16,4.78E-06,1,1,1,1
8,bimodal,Task B ,2,4,1,-2.817033354,4,2,309.7581029,4,1.429427476,4,4.19E-22,1.99E-06,1,1,0,8
8,bimodal,Task B ,1,4,1,-0.079407194,3,1,359.3557479,5,-0.010945939,3,0.000414789,2.65E-05,0.060025358,0.939974642,1,1
8,bimodal,Task B ,2,4,1,2.34729994,3,2,221.543197,6,-1.098080206,3,2.74E-16,4.59E-06,1,1,0,8
9,bimodal,Task B ,2,1,0,0.261598629,4,1,231.4540209,1,0.539902969,4,9.16E-05,2.41E-05,0.208306404,0.791693596,0,5
9,bimodal,Task B ,1,1,1,0.185398826,2,1,28.94124089,2,-0.314344801,2,0.000241152,2.56E-05,0.095986349,0.904013651,0,4
9,bimodal,Task B ,1,3,0,-0.312444598,3,2,54.00530256,3,-1.407944526,3,6.77E-08,1.54E-05,0.995609108,0.995609108,1,2
9,bimodal,Task B ,1,1,1,-0.03607314,2,1,182.7750022,4,0.515047919,2,0.000137183,2.47E-05,0.152673888,0.847326112,0,4
9,bimodal,Task B ,1,3,0,0.100890811,3,2,232.2841714,5,0.658737064,3,6.44E-05,2.36E-05,0.268126516,0.731873484,0,2
9,bimodal,Task B ,2,2,0,0.191964576,4,1,50.07821451,6,-0.523873093,4,0.000113952,2.44E-05,0.176557889,0.823442111,0,6
10,bimodal,Task B ,1,1,0,0.222606034,1,2,329.1881852,1,0.472718109,1,0.000132375,2.47E-05,0.157050469,0.842949531,0,4
10,bimodal,Task B ,2,3,1,-0.92062042,3,2,199.4013026,2,1.6261266,3,1.83E-10,1.06E-05,0.999982748,0.999982748,1,7
10,bimodal,Task B ,1,1,1,-0.754695681,1,1,171.0751031,3,0.282233065,1,2.94E-05,2.25E-05,0.432736368,0.567263632,1,4
10,bimodal,Task B ,1,2,1,-0.060763361,3,1,220.2970304,4,0.555426419,3,0.000113255,2.44E-05,0.177395729,0.822604271,0,3
10,bimodal,Task B ,1,2,1,0.14302732,1,1,63.6956833,5,0.004398362,1,0.000387105,2.64E-05,0.06378493,0.93621507,1,3
10,bimodal,Task B ,1,2,1,0.447175409,2,1,86.31529158,6,-0.359747616,2,0.00010529,2.43E-05,0.18759391,0.81240609,1,3
1,bimodal,Task B ,2,4,1,-1.432274064,2,2,215.4213605,1,-2.246649725,2,5.19E-17,4.14E-06,1,1,1,8
1,bimodal,Task B ,2,2,1,2.55417448,1,2,109.7515171,2,0.129013822,1,6.02E-16,4.82E-06,1,1,0,6
1,bimodal,Task B ,1,3,1,0.005648813,1,1,105.5516239,3,-0.549514498,1,0.000119297,2.45E-05,0.170397263,0.829602737,0,2
1,bimodal,Task B ,2,2,1,-0.490805429,3,2,38.77412248,4,0.350215743,3,9.48E-05,2.42E-05,0.203019275,0.796980725,1,6
1,bimodal,Task B ,2,1,1,-0.071373849,1,2,345.8125338,5,0.114342925,1,0.000393993,2.64E-05,0.062804622,0.937195378,0,5
1,bimodal,Task B ,2,4,1,-1.143787302,3,2,162.0156615,6,0.192710652,3,1.67E-06,1.88E-05,0.918211238,0.918211238,0,8
2,bimodal,Task B ,1,2,1,-0.027850297,1,1,77.93752508,1,-0.005428901,1,0.000423521,2.65E-05,0.058932859,0.941067141,1,3
2,bimodal,Task B ,1,2,0,0.430417287,3,2,288.8879267,2,0.012513838,3,0.000192495,2.52E-05,0.115948857,0.884051143,1,3
2,bimodal,Task B ,1,1,0,0.768498069,4,2,244.2032045,3,0.335419885,4,2.18E-05,2.20E-05,0.502387154,0.502387154,0,4
2,bimodal,Task B ,1,1,0,2.166921484,4,2,104.5897829,4,-1.36743068,4,4.94E-16,4.76E-06,1,1,0,4
2,bimodal,Task B ,2,1,0,-0.477919361,1,1,32.43747593,5,-0.009056611,1,0.00016811,2.50E-05,0.129613762,0.870386238,1,5
2,bimodal,Task B ,1,3,0,-0.398480296,2,2,47.6267099,6,-0.685101347,2,3.11E-05,2.25E-05,0.420244525,0.579755475,0,2
3,bimodal,Task B ,1,2,1,-0.115450783,2,1,246.5012962,1,0.468048574,2,0.000159288,2.49E-05,0.135422269,0.864577731,0,3
3,bimodal,Task B ,2,3,1,-0.028308631,2,2,355.6311485,2,-0.778446313,2,3.31E-05,2.26E-05,0.405979942,0.594020058,0,7
3,bimodal,Task B ,1,2,0,-0.410536194,4,2,27.98765752,3,0.81976826,4,1.25E-05,2.13E-05,0.630284763,0.630284763,1,3
3,bimodal,Task B ,1,3,1,-0.513323162,1,1,49.24366992,4,-0.320400991,1,9.47E-05,2.42E-05,0.203158469,0.796841531,1,2
3,bimodal,Task B ,1,3,1,-0.271021534,4,1,46.60616023,5,-0.193786182,4,0.000270991,2.58E-05,0.086906344,0.913093656,1,2
3,bimodal,Task B ,1,2,1,0.281772297,1,1,265.9996008,6,0.304327184,1,0.000202988,2.53E-05,0.11094483,0.88905517,0,3
4,bimodal,Task B ,2,2,1,0.159556297,2,2,296.2187104,1,-2.167312266,2,9.50E-13,7.64E-06,0.999999876,0.999999876,1,6
4,bimodal,Task B ,1,2,1,-0.29119861,2,1,72.48302233,2,-1.043345483,2,3.09E-06,1.95E-05,0.863152062,0.863152062,1,3
4,bimodal,Task B ,1,3,0,-0.060286261,4,2,346.0639075,3,1.792213254,4,5.31E-10,1.13E-05,0.999953187,0.999953187,1,2
4,bimodal,Task B ,2,1,1,-1.94548708,1,2,106.1459752,4,-2.505179109,1,2.23E-22,1.91E-06,1,1,1,5
4,bimodal,Task B ,1,3,0,-0.43334114,3,2,7.268370836,5,1.018206583,3,2.47E-06,1.92E-05,0.88623076,0.88623076,1,2
4,bimodal,Task B ,1,1,0,-1.365553848,1,2,159.2612263,6,0.393680205,1,1.02E-07,1.58E-05,0.993588074,0.993588074,0,4
5,bimodal,Task B ,1,4,0,-0.101558711,4,2,311.1401476,1,1.276342907,4,4.15E-07,1.72E-05,0.976419594,0.976419594,1,1
5,bimodal,Task B ,1,4,1,0.054143884,3,1,66.09406039,2,-0.069613668,3,0.000409993,2.65E-05,0.060643506,0.939356494,0,1
5,bimodal,Task B ,1,4,1,-0.522500889,1,1,66.3341526,3,-0.267669026,1,0.000103787,2.43E-05,0.189656956,0.810343044,1,1
5,bimodal,Task B ,2,4,1,-3.545468133,1,2,294.8618572,4,3.280653302,1,1.93E-46,5.99E-08,1,1,0,8
5,bimodal,Task B ,2,1,0,0.019632798,1,1,134.6035329,5,-0.018901523,1,0.00042273,2.65E-05,0.059030095,0.940969905,1,5
5,bimodal,Task B ,2,4,1,1.440626177,4,2,203.872582,6,0.602559138,4,1.54E-08,1.40E-05,0.998902837,0.998902837,0,8
6,bimodal,Task B ,2,1,0,0.033218422,2,1,133.3825873,1,-0.278663799,2,0.00030482,2.60E-05,0.078544574,0.921455426,0,5
6,bimodal,Task B ,1,2,0,2.274241184,2,2,219.5363931,2,1.004458393,2,2.51E-15,5.27E-06,1,1,0,3
6,bimodal,Task B ,1,2,0,1.379870627,2,2,38.9340309,3,2.014100972,2,5.24E-15,5.52E-06,0.999999999,0.999999999,1,3
6,bimodal,Task B ,1,2,1,-0.210255925,4,1,214.2860011,4,0.289754789,4,0.00024947,2.57E-05,0.093262748,0.906737252,0,3
6,bimodal,Task B ,1,2,1,-0.297007285,3,1,292.2311567,5,-0.187369576,3,0.000257826,2.57E-05,0.090683581,0.909316419,1,3
6,bimodal,Task B ,1,1,1,-0.643945683,3,1,145.1983023,6,0.287517715,3,5.50E-05,2.33E-05,0.298013019,0.701986981,1,4
7,bimodal,Task B ,1,4,1,-0.190340491,4,1,254.6544809,1,-0.194587835,4,0.000314665,2.60E-05,0.076414492,0.923585508,0,1
7,bimodal,Task B ,1,3,1,0.531581385,4,1,300.316114,2,0.42000839,4,6.05E-05,2.35E-05,0.279641382,0.720358618,1,2
7,bimodal,Task B ,1,1,0,-1.238081257,1,2,188.6743575,3,1.352518004,1,3.38E-10,1.10E-05,0.999969355,0.999969355,1,4
7,bimodal,Task B ,1,1,1,0.087018344,1,1,169.9475902,4,-0.015188067,1,0.000409192,2.65E-05,0.060748073,0.939251927,1,4
7,bimodal,Task B ,1,1,0,0.210155557,1,2,54.04506455,5,1.978562697,1,2.28E-11,9.32E-06,0.999997556,0.999997556,1,4
7,bimodal,Task B ,1,4,0,-0.637223007,3,2,222.7204497,6,1.195336857,3,1.92E-07,1.64E-05,0.988420998,0.988420998,1,1
8,bimodal,Task B ,1,4,1,-0.077994492,3,1,201.7566972,1,0.422954182,3,0.000194247,2.53E-05,0.115080795,0.884919205,0,1
8,bimodal,Task B ,1,4,1,-0.007941624,4,1,219.8956691,2,0.049712582,4,0.000419764,2.65E-05,0.059397901,0.940602099,0,1
8,bimodal,Task B ,1,4,1,-0.265477267,3,1,329.5172298,3,0.231441452,3,0.000255144,2.57E-05,0.091495029,0.908504971,1,1
8,bimodal,Task B ,2,4,1,-2.144196403,3,2,43.37235968,4,0.948750052,3,5.32E-14,6.38E-06,0.999999992,0.999999992,0,8
8,bimodal,Task B ,1,4,1,0.031556957,2,1,294.4337445,5,-0.343322184,2,0.000257547,2.57E-05,0.090767254,0.909232746,0,1
8,bimodal,Task B ,2,4,0,0.549696567,2,1,329.2252588,6,0.192750899,2,0.000100563,2.42E-05,0.194244745,0.805755255,1,8
9,bimodal,Task B ,1,2,1,0.321317655,2,1,148.2831443,1,0.801963879,2,1.79E-05,2.18E-05,0.549190916,0.549190916,1,3
9,bimodal,Task B ,1,2,0,0.032395719,1,2,228.0149586,2,0.038867428,1,0.000418994,2.65E-05,0.059494122,0.940505878,0,3
9,bimodal,Task B ,2,2,1,1.344271273,2,2,264.0141479,3,1.052645203,2,2.02E-09,1.23E-05,0.999836419,0.999836419,0,6
9,bimodal,Task B ,1,2,0,0.541445356,4,2,339.2847417,4,-0.774381347,4,9.82E-06,2.10E-05,0.680902156,0.680902156,1,3
9,bimodal,Task B ,2,1,0,-0.038197075,1,1,311.2001679,5,0.050670154,1,0.000417764,2.65E-05,0.059648524,0.940351476,0,5
9,bimodal,Task B ,1,4,0,-0.845041006,3,2,200.1852249,6,1.101644277,3,1.34E-07,1.60E-05,0.991707841,0.991707841,1,1
10,bimodal,Task B ,1,2,0,0.81836489,3,2,110.9180121,1,0.552158409,3,6.94E-06,2.05E-05,0.747135075,0.747135075,0,3
10,bimodal,Task B ,1,2,0,0.19862049,4,2,41.12202375,2,-1.893327601,4,9.77E-11,1.02E-05,0.999990426,0.999990426,1,3
10,bimodal,Task B ,1,2,1,-0.619923446,4,1,358.9573466,3,0.175682555,4,7.76E-05,2.39E-05,0.235039077,0.764960923,1,3
10,bimodal,Task B ,2,3,1,-2.58383256,3,2,248.430307,4,0.787516943,3,3.17E-17,4.01E-06,1,1,0,7
10,bimodal,Task B ,1,2,0,0.14535352,1,2,333.3264524,5,0.805685308,1,2.47E-05,2.22E-05,0.473429526,0.526570474,0,3
10,bimodal,Task B ,2,2,1,0.688332457,4,2,37.22809897,6,-0.768159815,4,4.80E-06,2.00E-05,0.80685919,0.80685919,1,6
1,bimodal,Task B ,1,2,1,0.559809795,4,1,326.1168585,1,-0.302985275,4,7.66E-05,2.38E-05,0.237314054,0.762685946,1,3
1,bimodal,Task B ,2,2,1,-1.398183706,3,2,205.1473966,2,0.494406837,3,4.79E-08,1.50E-05,0.996820438,0.996820438,0,6
1,bimodal,Task B ,2,1,0,0.595136499,1,1,314.7562661,3,0.179040583,1,8.26E-05,2.39E-05,0.224706211,0.775293789,1,5
1,bimodal,Task B ,2,2,1,-1.533509501,3,2,356.1818048,4,2.565091066,3,2.21E-20,2.55E-06,1,1,1,6
1,bimodal,Task B ,1,3,1,-0.088039348,1,1,323.7256055,5,-0.144899213,1,0.000378249,2.63E-05,0.065092922,0.934907078,0,2
1,bimodal,Task B ,2,4,1,-1.39779068,1,2,41.59308285,6,-1.38637949,1,4.13E-11,9.67E-06,0.999995726,0.999995726,1,8
2,bimodal,Task B ,1,2,0,0.621242888,3,2,314.1104097,1,-0.793946511,3,5.85E-06,2.03E-05,0.776237217,0.776237217,1,3
2,bimodal,Task B ,1,2,1,0.219141647,4,1,334.4197841,2,-0.046802263,4,0.000341049,2.62E-05,0.071254673,0.928745327,1,3
2,bimodal,Task B ,1,2,1,0.117234093,4,1,349.9903466,3,-0.329752528,4,0.000252801,2.57E-05,0.09221667,0.90778333,0,3
2,bimodal,Task B ,1,2,1,0.220972633,1,1,305.1486965,4,0.238095873,1,0.000269172,2.58E-05,0.087408903,0.912591097,0,3
2,bimodal,Task B ,1,2,1,0.01487108,1,1,67.63622104,5,-0.185755271,1,0.000366999,2.63E-05,0.066836866,0.933163134,0,3
2,bimodal,Task B ,1,2,1,-0.056209069,4,1,106.9057513,6,0.321836773,4,0.000270232,2.58E-05,0.087115453,0.912884547,0,3
3,bimodal,Task B ,1,3,1,-0.945307703,2,1,10.83661462,1,0.48733165,2,3.96E-06,1.98E-05,0.833274072,0.833274072,0,2
3,bimodal,Task B ,2,3,0,-0.043645634,1,1,135.8949884,2,-0.601607406,1,9.22E-05,2.41E-05,0.207353297,0.792646703,0,7
3,bimodal,Task B ,1,3,1,0.067866972,4,1,164.753091,3,-0.024027889,4,0.000414075,2.65E-05,0.060116645,0.939883355,1,2
3,bimodal,Task B ,1,4,1,0.16590514,3,1,277.9795419,4,-0.212724653,3,0.000310987,2.60E-05,0.077196241,0.922803759,0,1
3,bimodal,Task B ,1,2,0,-0.685910449,2,2,233.9917188,5,0.668010569,2,9.38E-06,2.09E-05,0.690275927,0.690275927,0,3
3,bimodal,Task B ,1,2,1,-0.354850851,2,1,33.231296,6,-0.129290546,2,0.000238759,2.56E-05,0.096800782,0.903199218,1,3
4,bimodal,Task B ,1,2,0,-0.20833309,2,2,125.0552391,1,1.58037461,2,9.27E-09,1.36E-05,0.99931671,0.99931671,1,3
4,bimodal,Task B ,1,2,0,-0.163001134,1,2,290.8081515,2,-0.761678346,1,3.34E-05,2.26E-05,0.404120627,0.595879373,0,3
4,bimodal,Task B ,1,1,1,-0.048997584,1,1,282.8143413,3,-0.034865298,1,0.00041913,2.65E-05,0.059477036,0.940522964,1,4
4,bimodal,Task B ,1,1,0,1.711530534,2,2,346.166295,4,1.928679657,2,3.03E-16,4.62E-06,1,1,1,4
4,bimodal,Task B ,1,1,1,0.796593786,2,1,204.8951853,5,-0.867976413,2,1.23E-06,1.84E-05,0.937357097,0.937357097,1,4
4,bimodal,Task B ,1,3,1,0.151889557,4,1,106.7835351,6,-0.11430757,4,0.000362736,2.63E-05,0.067523343,0.932476657,1,2
5,bimodal,Task B ,1,1,0,0.328585979,2,2,41.78680455,1,-0.839277754,2,1.38E-05,2.14E-05,0.608562481,0.608562481,1,4
5,bimodal,Task B ,1,4,1,-0.278856564,2,1,109.3684774,2,0.043026658,2,0.000308781,2.60E-05,0.077672991,0.922327009,1,1
5,bimodal,Task B ,2,2,0,-0.00391192,1,1,125.9905297,3,0.037123242,1,0.000421767,2.65E-05,0.059148947,0.940851053,0,6
5,bimodal,Task B ,1,4,1,0.3080228,4,1,344.5883079,4,0.056305949,4,0.000278094,2.58E-05,0.085000834,0.914999166,1,1
5,bimodal,Task B ,1,2,0,-0.590343184,3,2,257.9268998,5,0.686197021,3,1.40E-05,2.14E-05,0.605522677,0.605522677,1,3
5,bimodal,Task B ,2,4,1,1.882116852,3,2,118.7640927,6,-3.283752495,3,2.81E-30,6.13E-07,1,1,1,8
6,bimodal,Task B ,2,2,1,-3.653906838,1,2,305.4726639,1,1.974271703,1,2.96E-35,3.00E-07,1,1,0,6
6,bimodal,Task B ,1,2,1,-0.389459883,3,1,123.5176737,2,-0.189675405,3,0.000198245,2.53E-05,0.113149979,0.886850021,1,3
6,bimodal,Task B ,2,1,1,-1.888216626,4,2,287.262054,3,-1.220949911,4,3.24E-13,7.14E-06,0.999999955,0.999999955,0,5
6,bimodal,Task B ,1,2,1,-0.270171763,4,1,332.2729242,4,0.226782192,4,0.00025485,2.57E-05,0.091584982,0.908415018,1,3
6,bimodal,Task B ,1,2,1,-0.183642802,4,1,52.74186145,5,-0.494576651,4,0.00013325,2.47E-05,0.156234999,0.843765001,0,3
6,bimodal,Task B ,1,1,0,-0.004525716,1,2,208.3678422,6,-0.330574728,1,0.000268563,2.58E-05,0.087578272,0.912421728,0,4
7,bimodal,Task B ,2,3,1,-1.891275388,3,2,135.9000155,1,1.26219619,3,1.95E-13,6.92E-06,0.999999972,0.999999972,0,7
7,bimodal,Task B ,2,4,1,-1.569804281,4,2,34.61673044,2,0.008013603,4,1.64E-08,1.41E-05,0.998831455,0.998831455,0,8
7,bimodal,Task B ,1,4,0,1.188630336,4,2,104.3427459,3,-2.710843155,4,3.95E-20,2.64E-06,1,1,1,1
7,bimodal,Task B ,2,1,1,1.64268007,1,2,234.6961765,4,-0.470029691,1,2.11E-09,1.24E-05,0.999829106,0.999829106,0,5
7,bimodal,Task B ,1,4,1,-0.460902566,3,1,239.0340082,5,-0.33000221,3,0.000113792,2.44E-05,0.176750038,0.823249962,1,1
7,bimodal,Task B ,1,4,1,0.246969093,2,1,335.9664822,6,-0.12647105,2,0.000304741,2.60E-05,0.078562009,0.921437991,1,1
8,bimodal,Task B ,1,4,1,0.35946227,1,1,304.5445669,1,-0.090401545,1,0.000235915,2.56E-05,0.097787354,0.902212646,1,1
8,bimodal,Task B ,1,4,1,-0.018834543,1,1,292.0021681,2,0.20026928,1,0.000357251,2.62E-05,0.068428217,0.931571783,0,1
8,bimodal,Task B ,1,4,0,-0.652438267,4,2,151.6159423,3,1.587009494,4,1.77E-09,1.22E-05,0.99985512,0.99985512,1,1
8,bimodal,Task B ,1,4,1,0.32829495,3,1,162.6527009,4,-0.574811775,3,6.66E-05,2.36E-05,0.261782956,0.738217044,0,1
8,bimodal,Task B ,2,4,1,-1.146646498,2,2,160.6530663,5,0.455064826,2,7.92E-07,1.79E-05,0.957668161,0.957668161,0,8
8,bimodal,Task B ,1,4,1,-0.016230935,2,1,127.9041496,6,0.292412097,2,0.000294721,2.59E-05,0.08086112,0.91913888,0,1
9,bimodal,Task B ,1,1,1,0.518534136,1,1,173.6397405,1,0.099672317,1,0.000129856,2.46E-05,0.159450147,0.840549853,1,4
9,bimodal,Task B ,2,3,1,-3.753801154,2,2,250.8558219,2,-0.343043358,2,1.20E-29,6.71E-07,1,1,0,7
9,bimodal,Task B ,2,1,0,0.352542372,2,1,31.34523878,3,0.929283569,2,6.44E-06,2.04E-05,0.760304345,0.760304345,1,5
9,bimodal,Task B ,1,2,1,-0.45815299,2,1,265.3726041,4,0.034152574,2,0.000180448,2.51E-05,0.122305111,0.877694889,1,3
9,bimodal,Task B ,2,2,1,1.490215139,3,2,192.7894518,5,-2.070929234,3,5.49E-16,4.79E-06,1,1,1,6
9,bimodal,Task B ,1,2,0,1.477614939,1,2,91.38026441,6,2.167782035,1,1.08E-16,4.33E-06,1,1,1,3
10,bimodal,Task B ,2,2,1,-0.215518179,4,2,118.9240457,1,1.519558862,4,2.03E-08,1.42E-05,0.998575805,0.998575805,1,6
10,bimodal,Task B ,1,1,0,0.193393573,2,2,183.0012023,2,1.298872123,2,2.86E-07,1.68E-05,0.983240601,0.983240601,1,4
10,bimodal,Task B ,2,3,1,3.16592579,3,2,251.1010236,3,-0.826347959,3,1.74E-23,1.63E-06,1,1,0,7
10,bimodal,Task B ,2,2,1,-0.717407072,3,2,179.2105439,4,1.564624796,3,1.66E-09,1.22E-05,0.999864117,0.999864117,1,6
10,bimodal,Task B ,1,2,1,-0.482096198,3,1,1.188804016,5,0.341849269,3,0.000100613,2.42E-05,0.194171698,0.805828302,1,3
10,bimodal,Task B ,1,1,0,0.310878363,2,2,325.3983729,6,2.490608696,2,1.16E-15,5.02E-06,1,1,1,4
1,bimodal,Task B ,2,3,1,-1.499260834,3,2,304.9090074,1,0.619479951,3,7.92E-09,1.34E-05,0.999410728,0.999410728,0,7
1,bimodal,Task B ,1,3,1,0.084887947,2,1,261.195807,2,-0.528346582,2,0.000126994,2.46E-05,0.162270495,0.837729505,0,2
1,bimodal,Task B ,2,4,1,-1.600528808,4,2,256.0950557,3,-0.183608183,4,9.56E-09,1.36E-05,0.99929724,0.99929724,0,8
1,bimodal,Task B ,2,2,1,2.084164063,4,2,337.9652768,4,-1.778115982,4,9.20E-18,3.71E-06,1,1,0,6
1,bimodal,Task B ,1,3,1,-0.407872118,3,1,147.0348134,5,-0.003110465,3,0.000216841,2.54E-05,0.104985557,0.895014443,1,2
1,bimodal,Task B ,1,2,1,-0.35357006,3,1,14.13653827,6,0.503564853,3,8.76E-05,2.40E-05,0.215386445,0.784613555,0,3
2,bimodal,Task B ,1,2,1,0.185748275,1,1,182.5442622,1,-0.145561632,1,0.00033384,2.61E-05,0.072591525,0.927408475,1,3
2,bimodal,Task B ,2,3,1,0.914875917,4,2,225.0146099,2,-2.043729919,4,2.83E-13,7.08E-06,0.99999996,0.99999996,1,7
2,bimodal,Task B ,2,1,1,2.295006386,1,2,343.9786064,3,0.215012694,1,9.92E-14,6.63E-06,0.999999985,0.999999985,0,5
2,bimodal,Task B ,2,2,0,0.233089358,3,1,213.5520362,4,0.042804919,3,0.000332182,2.61E-05,0.072906441,0.927093559,1,6
2,bimodal,Task B ,2,4,1,-1.006457662,4,2,155.4739258,5,-3.225406036,4,5.83E-25,1.32E-06,1,1,1,8
2,bimodal,Task B ,2,4,1,-1.258019825,4,2,71.7196485,6,1.047850812,4,6.05E-09,1.32E-05,0.999542144,0.999542144,0,8
3,bimodal,Task B ,2,4,1,-2.363417849,3,2,316.6974475,1,-3.512011641,3,1.02E-36,2.43E-07,1,1,1,8
3,bimodal,Task B ,2,3,1,1.386085215,1,2,240.104513,2,3.439162891,1,2.72E-29,7.06E-07,1,1,1,7
3,bimodal,Task B ,2,3,1,-1.292573945,4,2,194.0238032,3,0.199164983,4,3.70E-07,1.71E-05,0.978810952,0.978810952,0,7
3,bimodal,Task B ,2,4,1,-2.319285846,1,2,19.77033053,4,-0.40220538,1,4.80E-14,6.34E-06,0.999999992,0.999999992,0,8
3,bimodal,Task B ,1,1,0,-0.33784403,2,2,233.7554733,5,0.806790316,2,1.70E-05,2.17E-05,0.560016525,0.560016525,1,4
3,bimodal,Task B ,1,2,1,0.078627963,1,1,253.1747185,6,0.459858143,1,0.000167895,2.50E-05,0.129748792,0.870251208,0,3
4,bimodal,Task B ,2,2,1,-2.668815683,1,2,217.320601,1,0.618875612,1,1.36E-17,3.80E-06,1,1,0,6
4,bimodal,Task B ,2,1,1,-0.531919509,2,2,151.3351377,2,0.99922301,2,1.96E-06,1.90E-05,0.906112213,0.906112213,1,5
4,bimodal,Task B ,1,3,1,-0.257403027,4,1,358.827799,3,-0.201984129,4,0.00027526,2.58E-05,0.085750593,0.914249407,1,2
4,bimodal,Task B ,1,1,1,0.001138,3,1,283.9221444,4,0.252361239,3,0.000323385,2.61E-05,0.074625417,0.925374583,0,4
4,bimodal,Task B ,1,2,1,-0.404208597,2,1,349.4244537,5,-0.120896424,2,0.000206645,2.54E-05,0.109304445,0.890695555,1,3
4,bimodal,Task B ,2,3,1,0.504102419,3,2,82.53270911,6,0.433367257,3,6.50E-05,2.36E-05,0.26639409,0.73360591,1,7
5,bimodal,Task B ,1,3,1,0.215338468,4,1,347.9182838,1,0.892533005,4,1.19E-05,2.12E-05,0.640971496,0.640971496,1,2
5,bimodal,Task B ,1,2,0,-0.793512635,2,2,190.5921816,2,-0.05976113,2,3.18E-05,2.26E-05,0.41504027,0.58495973,1,3
5,bimodal,Task B ,1,4,1,0.132389539,2,1,36.23405871,3,0.254280344,2,0.000297589,2.59E-05,0.080189092,0.919810908,0,1
5,bimodal,Task B ,1,4,1,0.095515186,3,1,3.70494447,4,0.321762826,3,0.000261782,2.57E-05,0.089513338,0.910486662,0,1
5,bimodal,Task B ,1,2,1,0.316537928,1,1,274.3387546,5,0.043234487,1,0.000273448,2.58E-05,0.086237423,0.913762577,1,3
5,bimodal,Task B ,1,4,1,0.291636978,2,1,223.4097702,6,0.208234176,2,0.000244247,2.56E-05,0.094953909,0.905046091,1,1
6,bimodal,Task B ,2,2,1,1.104706039,4,2,78.10702319,1,-0.786645582,4,1.88E-07,1.64E-05,0.988660445,0.988660445,0,6
6,bimodal,Task B ,1,2,1,-0.671460597,2,1,251.0760053,2,0.052090278,2,6.66E-05,2.36E-05,0.261924295,0.738075705,1,3
6,bimodal,Task B ,1,2,0,1.022005695,1,2,263.0913497,3,-2.127643525,1,2.72E-14,6.12E-06,0.999999996,0.999999996,1,3
6,bimodal,Task B ,2,2,1,-2.116271665,1,2,346.3883083,4,-0.547318401,1,1.12E-12,7.72E-06,0.999999855,0.999999855,0,6
6,bimodal,Task B ,2,1,0,-0.318427687,1,1,96.92110604,5,0.203729381,1,0.000236792,2.56E-05,0.097480909,0.902519091,1,5
6,bimodal,Task B ,1,2,0,2.400744566,1,2,33.68549537,6,-0.918556483,1,4.39E-16,4.73E-06,1,1,0,3
7,bimodal,Task B ,1,4,0,0.852064113,4,2,94.17197072,1,-0.037180923,4,1.99E-05,2.19E-05,0.524172966,0.524172966,0,1
7,bimodal,Task B ,1,4,1,-0.247562775,4,1,122.5433897,2,-0.334483852,4,0.000208368,2.54E-05,0.108548956,0.891451044,0,1
7,bimodal,Task B ,2,1,1,-2.531161014,2,2,338.2314188,3,-1.133455423,2,5.98E-18,3.61E-06,1,1,0,5
7,bimodal,Task B ,2,4,0,-0.079876609,4,1,283.3589745,4,-0.418730864,4,0.00019882,2.53E-05,0.112877723,0.887122277,0,8
7,bimodal,Task B ,1,1,0,-1.308303931,1,2,319.6334741,5,-1.92130089,1,6.46E-14,6.46E-06,0.99999999,0.99999999,1,4
7,bimodal,Task B ,1,1,0,-0.891431858,1,2,241.8184619,6,-2.470423365,1,1.09E-16,4.33E-06,1,1,1,4
8,bimodal,Task B ,1,4,0,-0.373928628,3,2,358.397672,1,1.180232336,3,6.67E-07,1.77E-05,0.963740202,0.963740202,1,1
8,bimodal,Task B ,2,4,1,-3.650858728,1,2,148.2187574,2,-1.726200832,1,1.63E-33,3.85E-07,1,1,0,8
8,bimodal,Task B ,1,4,1,0.179586134,3,1,52.78973458,3,-0.127337469,3,0.000344155,2.62E-05,0.070694165,0.929305835,1,1
8,bimodal,Task B ,2,4,0,0.544184448,4,1,227.3539466,4,-0.03914747,4,0.000120186,2.45E-05,0.169415495,0.830584505,1,8
8,bimodal,Task B ,1,4,1,-0.135722473,1,1,117.7979691,5,-0.15977738,1,0.000355863,2.62E-05,0.068661304,0.931338696,0,1
8,bimodal,Task B ,2,4,0,-0.673487932,2,1,12.21134908,6,0.172220634,2,5.87E-05,2.34E-05,0.285453748,0.714546252,1,8
9,bimodal,Task B ,1,1,1,0.30187268,4,1,179.263948,1,0.025872017,4,0.000285638,2.59E-05,0.083069503,0.916930497,1,4
9,bimodal,Task B ,1,1,0,-1.322362191,2,2,240.1820449,2,2.136255733,2,1.33E-15,5.07E-06,1,1,1,4
9,bimodal,Task B ,2,1,1,0.148498896,2,2,261.5380665,3,0.778234833,2,2.96E-05,2.25E-05,0.431679981,0.568320019,0,5
9,bimodal,Task B ,1,3,1,-0.021269309,3,1,116.7206808,4,0.032353568,3,0.000421962,2.65E-05,0.059124853,0.940875147,0,2
9,bimodal,Task B ,1,1,0,0.808065301,4,2,51.43127008,5,-0.919904121,4,7.70E-07,1.79E-05,0.958697475,0.958697475,1,4
9,bimodal,Task B ,1,2,0,0.800512956,4,2,75.77611305,6,0.894623045,4,9.64E-07,1.81E-05,0.949525725,0.949525725,1,3
10,bimodal,Task B ,1,2,1,0.099451011,3,1,129.3653451,1,-0.421670172,3,0.000192272,2.52E-05,0.116060046,0.883939954,0,3
10,bimodal,Task B ,1,2,1,-0.147175963,3,1,305.8940571,2,0.014920457,3,0.000390141,2.64E-05,0.063348986,0.936651014,1,3
10,bimodal,Task B ,2,2,1,1.895481364,4,2,62.77203072,3,0.676237914,4,1.85E-11,9.20E-06,0.999997985,0.999997985,0,6
10,bimodal,Task B ,1,2,1,0.658796971,2,1,295.0824471,4,-0.503429264,2,2.34E-05,2.21E-05,0.486029872,0.513970128,1,3
10,bimodal,Task B ,1,2,1,0.756420021,3,1,101.5450462,5,0.294203463,3,2.63E-05,2.23E-05,0.458640281,0.541359719,1,3
10,bimodal,Task B ,1,2,1,-0.483959321,4,1,114.2133896,6,0.81390754,4,9.93E-06,2.10E-05,0.678716442,0.678716442,1,3
1,bimodal,Task B ,2,3,1,0.725458377,4,2,65.46514204,1,-1.233038436,4,7.63E-08,1.55E-05,0.995094738,0.995094738,1,7
1,bimodal,Task B ,1,3,1,-0.160795078,4,1,105.3584194,2,-0.686352617,4,5.30E-05,2.33E-05,0.305365747,0.694634253,0,2
1,bimodal,Task B ,1,3,0,1.12322719,4,2,52.03222213,3,0.073927184,4,2.08E-06,1.90E-05,0.901253194,0.901253194,0,2
1,bimodal,Task B ,2,2,1,-1.788590985,1,2,5.328301137,4,-0.511087339,1,2.63E-10,1.09E-05,0.999975807,0.999975807,0,6
1,bimodal,Task B ,1,2,0,0.607314485,2,2,216.8550364,5,1.933664424,2,1.22E-11,8.96E-06,0.99999864,0.99999864,1,3
1,bimodal,Task B ,2,4,1,-0.641042293,4,2,344.8330344,6,0.805027421,4,5.10E-06,2.01E-05,0.797673771,0.797673771,1,8
2,bimodal,Task B ,1,3,1,0.351566568,3,1,92.96785953,1,-0.126819548,3,0.000233731,2.56E-05,0.098559298,0.901440702,1,2
2,bimodal,Task B ,2,3,1,3.346364361,4,2,337.4295226,2,-1.293309193,4,2.02E-27,9.25E-07,1,1,0,7
2,bimodal,Task B ,2,2,1,0.069797482,4,2,228.5150393,3,-2.128167911,4,2.11E-12,8.03E-06,0.999999737,0.999999737,1,6
2,bimodal,Task B ,1,2,0,0.480271273,4,2,194.1349278,4,-0.696512277,4,2.07E-05,2.20E-05,0.514852516,0.514852516,1,3
2,bimodal,Task B ,1,2,1,-0.076869572,1,1,266.376114,5,-0.292867452,1,0.000290292,2.59E-05,0.081922552,0.918077448,0,3
2,bimodal,Task B ,1,4,0,0.782283968,3,2,135.8152111,6,-0.767025119,3,2.71E-06,1.93E-05,0.877060213,0.877060213,0,1
3,bimodal,Task B ,2,3,0,-0.381934491,1,1,218.482086,1,0.775404406,1,1.85E-05,2.18E-05,0.541393003,0.541393003,1,7
3,bimodal,Task B ,2,3,1,-1.154794539,4,2,94.23539352,2,0.734679609,4,1.79E-07,1.63E-05,0.989132595,0.989132595,0,7
3,bimodal,Task B ,2,4,1,1.606733838,2,2,96.98941783,3,-2.153917501,2,2.78E-17,3.98E-06,1,1,1,8
3,bimodal,Task B ,1,2,0,-0.096718764,4,2,79.17517023,4,1.247945937,4,5.65E-07,1.75E-05,0.968810222,0.968810222,1,3
3,bimodal,Task B ,1,3,1,0.083788582,2,1,37.83748901,5,0.211936283,2,0.000338815,2.62E-05,0.071663379,0.928336621,0,2
3,bimodal,Task B ,1,2,1,0.605226954,1,1,226.042546,6,-0.05820947,1,8.89E-05,2.41E-05,0.213025328,0.786974672,1,3
4,bimodal,Task B ,1,2,0,2.311078182,1,2,237.6548983,1,-0.260404074,1,6.69E-14,6.47E-06,0.99999999,0.99999999,0,3
4,bimodal,Task B ,2,2,1,-1.835625156,1,2,138.6017106,2,-0.073450047,1,3.80E-10,1.11E-05,0.999965794,0.999965794,0,6
4,bimodal,Task B ,1,2,1,0.04737817,2,1,26.96709597,3,-0.124162936,2,0.000393587,2.64E-05,0.06286149,0.93713851,0,3
4,bimodal,Task B ,2,4,0,0.422566916,4,1,130.8042619,4,1.219093658,4,3.69E-07,1.71E-05,0.978871929,0.978871929,1,8
4,bimodal,Task B ,2,2,1,-1.428690301,1,2,28.23560079,5,1.928434403,1,1.41E-14,5.87E-06,0.999999998,0.999999998,1,6
4,bimodal,Task B ,1,1,1,-0.176795757,3,1,192.464108,6,0.480728822,3,0.000140929,2.48E-05,0.14943458,0.85056542,0,4
5,bimodal,Task B ,2,4,0,-0.035101895,4,1,301.7035364,1,-1.093201188,4,2.76E-06,1.94E-05,0.875321653,0.875321653,1,8
5,bimodal,Task B ,1,2,1,-0.240560406,1,1,108.767672,2,-0.348173419,1,0.000203135,2.53E-05,0.11087813,0.88912187,0,3
5,bimodal,Task B ,1,2,1,-0.340367007,1,1,158.0956324,3,-0.018545537,1,0.000266254,2.58E-05,0.088227455,0.911772545,1,3
5,bimodal,Task B ,1,4,1,0.008820471,4,1,131.7399982,4,-0.639619931,4,7.59E-05,2.38E-05,0.238775321,0.761224679,0,1
5,bimodal,Task B ,1,3,0,-1.090353283,2,2,149.5168304,5,-0.39939011,2,1.64E-06,1.87E-05,0.91938681,0.91938681,0,2
5,bimodal,Task B ,1,4,1,0.123942728,3,1,49.508587,6,-0.315685942,3,0.000260795,2.57E-05,0.089802352,0.910197648,0,1
6,bimodal,Task B ,1,2,0,0.307521759,2,2,322.9418415,1,-0.569062941,2,7.24E-05,2.38E-05,0.246934985,0.753065015,0,3
6,bimodal,Task B ,2,2,1,-1.781705952,4,2,209.1798805,2,0.67417044,4,1.27E-10,1.04E-05,0.999987768,0.999987768,0,6
6,bimodal,Task B ,2,2,0,0.09150599,3,1,84.16416585,3,0.63484866,3,7.39E-05,2.38E-05,0.243398164,0.756601836,0,6
6,bimodal,Task B ,1,2,0,0.349049921,1,2,193.7766493,4,0.78516558,1,1.85E-05,2.18E-05,0.541236187,0.541236187,1,3
6,bimodal,Task B ,2,1,1,-1.079007781,2,2,153.7910491,5,-0.149606564,2,3.24E-06,1.96E-05,0.857986673,0.857986673,0,5
6,bimodal,Task B ,2,2,1,-0.907296579,2,2,347.9771398,6,0.246406923,2,1.12E-05,2.11E-05,0.653501823,0.653501823,0,6
7,bimodal,Task B ,2,4,1,-0.713182319,4,2,0.766151637,1,-0.499676271,4,1.86E-05,2.18E-05,0.539567343,0.539567343,0,8
7,bimodal,Task B ,1,4,1,0.036880466,4,1,119.7553353,2,-0.426784396,4,0.000196183,2.53E-05,0.114137683,0.885862317,0,1
7,bimodal,Task B ,1,4,1,0.083761713,3,1,270.2245335,3,-0.666130819,3,6.35E-05,2.36E-05,0.270449635,0.729550365,0,1
7,bimodal,Task B ,1,1,1,-0.404858027,1,1,208.0399712,4,-0.051450504,1,0.000216719,2.54E-05,0.105035324,0.894964676,1,4
7,bimodal,Task B ,1,4,0,-1.181901176,1,2,117.3492545,5,-0.199122976,1,1.15E-06,1.83E-05,0.940893258,0.940893258,0,1
7,bimodal,Task B ,1,4,0,0.994412737,4,2,155.0949454,6,2.086436779,4,6.81E-14,6.48E-06,0.999999989,0.999999989,1,1
8,bimodal,Task B ,1,4,1,-0.384237893,1,1,57.02659316,1,-0.023370324,1,0.00023363,2.56E-05,0.09859541,0.90140459,1,1
8,bimodal,Task B ,2,4,1,1.030545056,1,2,247.7438287,2,1.134084522,1,2.13E-08,1.43E-05,0.998512872,0.998512872,1,8
8,bimodal,Task B ,1,4,0,1.678715573,1,2,177.808394,3,1.78581735,1,4.53E-15,5.47E-06,0.999999999,0.999999999,1,1
8,bimodal,Task B ,2,4,1,0.964906249,3,2,319.8074779,4,-2.432413376,3,1.24E-16,4.37E-06,1,1,1,8
8,bimodal,Task B ,1,4,0,-0.120721926,4,2,163.1252313,5,0.499098508,4,0.000139586,2.47E-05,0.150579353,0.849420647,0,1
8,bimodal,Task B ,1,4,0,-0.314386349,1,2,224.9530356,6,-0.112229154,1,0.000271288,2.58E-05,0.086825103,0.913174897,1,1
9,bimodal,Task B ,2,1,1,-0.351304817,4,2,264.3599395,1,1.768070353,4,4.71E-10,1.13E-05,0.999958185,0.999958185,1,5
9,bimodal,Task B ,2,1,0,0.051352696,3,1,175.0254702,2,0.452708813,3,0.000175384,2.51E-05,0.125199024,0.874800976,0,5
9,bimodal,Task B ,1,1,1,0.234194302,1,1,302.515204,3,0.179628336,1,0.000291047,2.59E-05,0.081739603,0.918260397,1,4
9,bimodal,Task B ,1,2,1,0.091060322,1,1,150.3904274,4,-0.088866273,1,0.000395229,2.64E-05,0.06263207,0.93736793,1,3
9,bimodal,Task B ,1,2,0,-1.481427109,1,2,31.38136178,5,-4.42919467,1,5.72E-44,8.55E-08,1,1,1,3
9,bimodal,Task B ,1,1,0,-2.404622814,2,2,250.7423015,6,0.84294107,2,8.78E-16,4.94E-06,1,1,0,4
10,bimodal,Task B ,1,1,1,-0.281582639,1,1,321.2180679,1,-0.327418376,1,0.000197519,2.53E-05,0.113495516,0.886504484,0,4
10,bimodal,Task B ,1,2,1,0.067798793,3,1,37.77126381,2,0.44157964,3,0.000181308,2.52E-05,0.121827679,0.878172321,0,3
10,bimodal,Task B ,1,2,1,0.2794539,3,1,314.2857894,3,-0.174481199,3,0.000266789,2.58E-05,0.088076208,0.911923792,1,3
10,bimodal,Task B ,1,2,1,0.131163422,2,1,300.082075,4,0.298590844,2,0.000268595,2.58E-05,0.087569545,0.912430455,0,3
10,bimodal,Task B ,1,2,0,0.685776809,3,2,147.0746959,5,-1.553573602,3,2.23E-09,1.24E-05,0.999820338,0.999820338,1,3
10,bimodal,Task B ,1,2,0,-0.143641268,2,2,54.51897851,6,-0.650327333,2,6.63E-05,2.36E-05,0.262767855,0.737232145,0,3
1,bimodal,Task B ,1,2,1,-0.390142332,4,1,8.101616342,1,-0.239557167,4,0.00018082,2.51E-05,0.12209802,0.87790198,1,3
1,bimodal,Task B ,2,1,1,1.035822937,2,2,79.77460641,2,-1.741255925,2,1.32E-11,9.01E-06,0.999998531,0.999998531,1,5
1,bimodal,Task B ,1,3,0,-0.285018423,3,2,136.295594,3,1.774933014,3,5.05E-10,1.13E-05,0.999955379,0.999955379,1,2
1,bimodal,Task B ,2,4,1,3.366469272,2,2,247.2344249,4,-1.908715145,2,2.83E-31,5.31E-07,1,1,0,8
1,bimodal,Task B ,2,4,1,-2.36802767,3,2,27.16421143,5,1.110119974,3,1.99E-16,4.50E-06,1,1,0,8
1,bimodal,Task B ,2,2,1,-1.374960801,3,2,101.3354802,6,1.258568303,3,2.17E-10,1.07E-05,0.999979752,0.999979752,0,6
2,bimodal,Task B ,2,2,1,-0.283668987,1,2,199.4214218,1,-0.323663981,1,0.000198605,2.53E-05,0.112979732,0.887020268,0,6
2,bimodal,Task B ,2,4,1,0.190294153,2,2,223.2039177,2,3.443449534,2,6.37E-26,1.15E-06,1,1,1,8
2,bimodal,Task B ,1,2,1,0.316179014,4,1,292.1978915,3,0.837179623,4,1.42E-05,2.15E-05,0.601862144,0.601862144,1,3
2,bimodal,Task B ,2,3,1,-2.284293779,2,2,230.9424787,4,-1.02870474,2,2.14E-15,5.22E-06,1,1,0,7
2,bimodal,Task B ,1,2,0,1.275751536,2,2,313.3247543,5,-0.705143859,2,5.73E-08,1.52E-05,0.99624297,0.99624297,0,3
2,bimodal,Task B ,2,1,0,0.017039501,3,1,100.5939646,6,-0.247871961,3,0.000327655,2.61E-05,0.073780704,0.926219296,0,5
3,bimodal,Task B ,1,4,1,0.373678273,3,1,63.10741824,1,-0.462980385,3,9.49E-05,2.42E-05,0.202812276,0.797187724,0,1
3,bimodal,Task B ,2,4,1,-0.686605775,4,2,185.0509494,2,-3.143984641,4,4.85E-23,1.74E-06,1,1,1,8
3,bimodal,Task B ,1,3,1,-0.044363095,3,1,273.0959688,3,0.409506428,3,0.000206857,2.54E-05,0.109210912,0.890789088,0,2
3,bimodal,Task B ,1,1,1,-0.234989099,4,1,188.3273535,4,-0.840526569,4,1.75E-05,2.17E-05,0.554562769,0.554562769,1,4
3,bimodal,Task B ,2,3,0,0.787126607,3,1,215.6698611,5,-0.074336518,3,3.05E-05,2.25E-05,0.424462535,0.575537465,1,7
3,bimodal,Task B ,2,1,1,-0.765048208,3,2,6.932264845,6,-1.014580924,3,5.08E-07,1.74E-05,0.971666994,0.971666994,1,5
4,bimodal,Task B ,1,3,0,-0.087310026,4,2,10.71167287,1,-0.070579241,4,0.000404568,2.64E-05,0.061358831,0.938641169,1,2
4,bimodal,Task B ,2,1,0,-0.522526554,2,1,176.0782106,2,-0.13513386,2,0.000129814,2.46E-05,0.159490974,0.840509026,1,5
4,bimodal,Task B ,1,2,1,-0.289464625,2,1,251.314104,3,-0.348860728,2,0.000182463,2.52E-05,0.12119204,0.87880796,0,3
4,bimodal,Task B ,1,2,1,-0.360194297,3,1,252.1040785,4,-0.354761575,3,0.000148658,2.48E-05,0.143183349,0.856816651,0,3
4,bimodal,Task B ,1,1,1,0.142597633,1,1,35.42309672,5,0.095194497,1,0.000372426,2.63E-05,0.065983613,0.934016387,1,4
4,bimodal,Task B ,1,2,0,-0.070351706,3,2,322.3404359,6,-1.404947201,3,1.02E-07,1.58E-05,0.993571211,0.993571211,1,3
5,bimodal,Task B ,1,3,1,0.257363854,3,1,139.8024458,1,0.354914047,3,0.000186346,2.52E-05,0.11910508,0.88089492,0,2
5,bimodal,Task B ,1,2,1,0.38191593,4,1,249.9266766,2,-0.006921337,4,0.000227385,2.55E-05,0.10087578,0.89912422,1,3
5,bimodal,Task B ,1,4,0,0.126582556,2,2,136.5398601,3,0.653540723,2,6.46E-05,2.36E-05,0.267509534,0.732490466,0,1
5,bimodal,Task B ,2,3,0,0.029355957,4,1,113.4692833,4,0.92964532,4,1.09E-05,2.11E-05,0.659745245,0.659745245,1,7
5,bimodal,Task B ,1,4,0,0.017312991,1,2,19.84124994,5,-1.917083389,1,7.91E-11,1.01E-05,0.999992142,0.999992142,1,1
5,bimodal,Task B ,1,2,0,1.389087423,2,2,129.1304786,6,0.101489027,2,1.26E-07,1.60E-05,0.992174853,0.992174853,0,3
6,bimodal,Task B ,1,2,0,0.226704445,4,2,140.0045731,1,-0.006787304,4,0.000339091,2.62E-05,0.071612568,0.928387432,1,3
6,bimodal,Task B ,2,2,1,1.904113328,3,2,101.2653134,2,0.250334494,3,8.59E-11,1.01E-05,0.999991511,0.999991511,0,6
6,bimodal,Task B ,1,2,1,-0.542750711,1,1,237.5687137,3,-0.108831723,1,0.000122046,2.45E-05,0.167399185,0.832600815,1,3
6,bimodal,Task B ,2,2,1,-0.758216056,3,2,260.9777937,4,-1.443402058,3,6.23E-09,1.32E-05,0.999529667,0.999529667,1,6
6,bimodal,Task B ,2,2,1,-0.953082727,3,2,198.7833357,5,-0.317677296,3,6.70E-06,2.05E-05,0.753469061,0.753469061,0,6
6,bimodal,Task B ,1,1,0,-0.962043751,1,2,336.1686799,6,-0.824611965,1,5.44E-07,1.75E-05,0.969820045,0.969820045,0,4
7,bimodal,Task B ,2,4,0,-0.192237916,3,1,37.46223523,1,0.538101633,3,0.000107548,2.43E-05,0.184580248,0.815419752,0,8
7,bimodal,Task B ,2,4,1,2.239014882,4,2,265.2543735,2,-2.728984527,4,7.97E-27,1.01E-06,1,1,1,8
7,bimodal,Task B ,1,1,0,0.374853935,1,2,72.1852117,3,-0.298072292,1,0.000160385,2.50E-05,0.134670324,0.865329676,1,4
7,bimodal,Task B ,2,1,0,-0.810648254,2,1,124.1883032,4,-0.137240538,2,2.66E-05,2.23E-05,0.455782742,0.544217258,1,5
7,bimodal,Task B ,1,4,0,0.082233682,3,2,43.80337023,5,-1.843806575,3,2.46E-10,1.08E-05,0.999977277,0.999977277,1,1
7,bimodal,Task B ,1,1,1,0.151280294,1,1,351.591553,6,-0.250427841,1,0.000294834,2.59E-05,0.080834428,0.919165572,0,4
8,bimodal,Task B ,1,4,0,-0.023105721,3,2,253.3523927,1,2.279720707,3,1.23E-13,6.72E-06,0.999999982,0.999999982,1,1
8,bimodal,Task B ,1,4,0,0.170956842,1,2,257.8691328,2,-0.620191144,1,7.40E-05,2.38E-05,0.243169885,0.756830115,0,1
8,bimodal,Task B ,1,4,1,0.094727382,3,1,221.854584,3,0.267941582,3,0.000299691,2.60E-05,0.079703754,0.920296246,0,1
8,bimodal,Task B ,2,4,1,-1.510791004,2,2,286.170852,4,-1.140004281,2,1.47E-10,1.05E-05,0.999986003,0.999986003,0,8
8,bimodal,Task B ,2,4,1,0.775961995,1,2,329.7440784,5,-1.606504707,1,6.34E-10,1.15E-05,0.999944709,0.999944709,1,8
8,bimodal,Task B ,1,4,0,0.118459794,4,2,298.4941956,6,2.132758275,4,1.78E-12,7.95E-06,0.999999776,0.999999776,1,1
9,bimodal,Task B ,2,1,1,0.609379257,2,2,92.54213474,1,0.027706263,2,8.79E-05,2.40E-05,0.214765064,0.785234936,1,5
9,bimodal,Task B ,1,2,1,0.268850529,4,1,330.8796299,2,0.178349431,4,0.000270804,2.58E-05,0.086957795,0.913042205,1,3
9,bimodal,Task B ,1,1,1,0.03060197,3,1,109.395591,3,0.305365579,3,0.000283774,2.59E-05,0.083538026,0.916461974,0,4
9,bimodal,Task B ,1,1,0,1.779975073,2,2,149.5404383,4,2.194882812,2,1.08E-18,3.25E-06,1,1,1,4
9,bimodal,Task B ,1,3,1,0.05215836,4,1,11.31637215,5,0.151690102,4,0.000379162,2.63E-05,0.064955579,0.935044421,0,2
9,bimodal,Task B ,1,3,1,-0.131119997,4,1,349.8315912,6,-0.374923882,4,0.00022057,2.55E-05,0.103492861,0.896507139,0,2
10,bimodal,Task B ,1,1,0,-1.88298752,1,2,166.1899118,1,3.108960722,1,3.45E-28,8.28E-07,1,1,1,4
10,bimodal,Task B ,1,1,1,0.248663386,2,1,160.6146671,2,0.365980147,2,0.000183553,2.52E-05,0.120598833,0.879401167,0,4
10,bimodal,Task B ,1,2,0,-0.812194954,2,2,240.3693683,3,-0.294323379,2,1.98E-05,2.19E-05,0.524731255,0.524731255,0,3
10,bimodal,Task B ,1,1,1,0.487909097,1,1,51.48550001,4,0.026317705,1,0.000153807,2.49E-05,0.139311963,0.860688037,1,4
10,bimodal,Task B ,1,2,0,0.000619405,2,2,249.8657988,5,-1.582391175,2,1.11E-08,1.37E-05,0.999192172,0.999192172,1,3
10,bimodal,Task B ,2,2,1,0.28580546,4,2,267.6028712,6,0.752346323,4,2.71E-05,2.23E-05,0.451692926,0.548307074,0,6
1,bimodal,Task B ,1,2,0,0.284946278,4,2,337.1182894,1,0.319779475,4,0.000193378,2.53E-05,0.115509863,0.884490137,0,3
1,bimodal,Task B ,1,1,0,0.685425397,4,2,222.1612959,2,-1.428102327,4,1.08E-08,1.37E-05,0.999210347,0.999210347,1,4
1,bimodal,Task B ,2,2,1,0.404893149,3,2,286.5583695,3,1.671773119,3,1.56E-09,1.21E-05,0.999871791,0.999871791,1,6
1,bimodal,Task B ,1,4,1,0.110920547,3,1,20.29064382,4,0.458913997,3,0.000164032,2.50E-05,0.132232889,0.867767111,0,1
1,bimodal,Task B ,1,3,1,0.419891969,4,1,343.8059896,5,-0.080612503,4,0.000194806,2.53E-05,0.114807094,0.885192906,1,2
1,bimodal,Task B ,1,3,1,0.022396197,4,1,36.93369282,6,-0.522041638,4,0.000134671,2.47E-05,0.154928809,0.845071191,0,2
2,bimodal,Task B ,2,3,0,0.414470965,3,1,235.33971,1,0.755275328,3,1.82E-05,2.18E-05,0.544915228,0.544915228,1,7
2,bimodal,Task B ,2,3,0,0.401959967,3,1,138.7693203,2,-0.010623061,3,0.000212772,2.54E-05,0.106666074,0.893333926,1,7
2,bimodal,Task B ,2,2,1,1.498620197,1,2,278.7252032,3,-0.487358827,1,1.30E-08,1.39E-05,0.999062868,0.999062868,0,6
2,bimodal,Task B ,2,2,1,1.029450008,4,2,54.70812606,4,1.774167148,4,8.25E-12,8.74E-06,0.999999057,0.999999057,1,6
2,bimodal,Task B ,2,4,1,-0.777382304,1,2,315.9134745,5,-1.796337367,1,4.44E-11,9.71E-06,0.999995433,0.999995433,1,8
2,bimodal,Task B ,2,4,1,-1.186698461,4,2,330.6996971,6,-1.703050612,4,6.36E-12,8.60E-06,0.99999926,0.99999926,1,8
3,bimodal,Task B ,1,1,0,0.105366619,1,2,353.1697517,1,1.696326189,1,2.10E-09,1.24E-05,0.99983024,0.99983024,1,4
3,bimodal,Task B ,2,4,1,-2.504099562,4,2,74.80386914,2,-1.54552434,4,1.00E-19,2.80E-06,1,1,0,8
3,bimodal,Task B ,1,2,1,-0.482029173,1,1,33.90672667,3,-0.52152464,1,5.28E-05,2.33E-05,0.306079265,0.693920735,0,3
3,bimodal,Task B ,1,1,1,-0.165878784,1,1,317.6805166,4,0.002859599,1,0.000381505,2.63E-05,0.064605562,0.935394438,1,4
3,bimodal,Task B ,2,1,1,-0.091148315,4,2,131.2957941,5,1.831917537,4,2.84E-10,1.09E-05,0.999973964,0.999973964,1,5
3,bimodal,Task B ,1,2,1,-0.145451076,4,1,340.4464255,6,0.007682165,4,0.000391229,2.64E-05,0.063194215,0.936805785,1,3
4,bimodal,Task B ,1,3,1,0.120045072,2,1,50.32526222,1,-0.054572261,2,0.000392706,2.64E-05,0.062985388,0.937014612,1,2
4,bimodal,Task B ,1,2,1,-0.388876353,4,1,265.0737371,2,-0.165344206,4,0.000205934,2.54E-05,0.109619503,0.890380497,1,3
4,bimodal,Task B ,1,2,0,0.823966428,3,2,198.869555,3,-0.422873596,3,1.15E-05,2.12E-05,0.648024441,0.648024441,0,3
4,bimodal,Task B ,2,3,1,1.637761149,3,2,140.0895496,4,-1.361571425,3,2.32E-12,8.08E-06,0.999999713,0.999999713,0,7
4,bimodal,Task B ,1,2,1,0.254636205,2,1,89.11980483,5,0.289698682,2,0.000224017,2.55E-05,0.102151854,0.897848146,0,3
4,bimodal,Task B ,1,1,1,-0.426882705,2,1,294.6602945,6,0.503713968,2,6.92E-05,2.37E-05,0.254890961,0.745109039,0,4
5,bimodal,Task B ,1,4,1,0.153795725,4,1,359.7567463,1,-0.486423449,4,0.000141413,2.48E-05,0.149026398,0.850973602,0,1
5,bimodal,Task B ,2,4,1,2.438499418,3,2,359.197507,2,2.152980844,3,2.22E-23,1.65E-06,1,1,0,8
5,bimodal,Task B ,1,4,1,0.10044867,2,1,183.9281428,3,0.201970551,2,0.000340169,2.62E-05,0.07141509,0.92858491,0,1
5,bimodal,Task B ,1,4,1,0.084747859,4,1,217.2862113,4,-0.263115635,4,0.000307175,2.60E-05,0.078023936,0.921976064,0,1
5,bimodal,Task B ,2,2,0,-0.204016836,2,1,90.13957218,5,-0.153227463,2,0.000327023,2.61E-05,0.07390455,0.92609545,1,6
5,bimodal,Task B ,1,2,1,0.600404497,1,1,3.068857468,6,0.225032442,1,7.44E-05,2.38E-05,0.242381204,0.757618796,1,3
6,bimodal,Task B ,2,2,0,0.403353259,4,1,101.8630173,1,0.161136635,4,0.000189511,2.52E-05,0.117458773,0.882541227,1,6
6,bimodal,Task B ,2,2,1,-1.221893956,1,2,313.3388553,2,1.224013104,1,1.61E-09,1.22E-05,0.999867269,0.999867269,1,6
6,bimodal,Task B ,2,2,0,-0.11520217,1,1,128.5445391,3,-0.11104244,1,0.0003838,2.64E-05,0.064266705,0.935733295,0,6
6,bimodal,Task B ,1,2,1,-0.048220009,3,1,40.42038182,4,-0.762770102,3,3.64E-05,2.28E-05,0.384376181,0.615623819,0,3
6,bimodal,Task B ,1,1,1,-0.784866465,1,1,359.339354,5,0.237047884,1,2.68E-05,2.23E-05,0.453992393,0.546007607,1,4
6,bimodal,Task B ,1,1,1,-0.050857862,4,1,242.302052,6,-0.233783227,4,0.000335003,2.61E-05,0.072372306,0.927627694,0,4
7,bimodal,Task B ,1,1,1,0.221622716,1,1,150.5238118,1,-0.723951588,1,3.78E-05,2.28E-05,0.376404699,0.623595301,0,4
7,bimodal,Task B ,1,4,0,-0.512606197,1,2,23.67180505,2,2.464871234,1,1.03E-15,4.99E-06,1,1,1,1
7,bimodal,Task B ,1,4,0,0.761628167,4,2,229.4048527,3,-1.690519138,4,2.16E-10,1.07E-05,0.999979839,0.999979839,1,1
7,bimodal,Task B ,1,4,1,0.266490088,2,1,267.8488109,4,0.139052932,2,0.000287104,2.59E-05,0.082704473,0.917295527,1,1
7,bimodal,Task B ,1,4,0,-0.179305648,4,2,39.3393294,5,-0.425268766,4,0.00017537,2.51E-05,0.125206877,0.874793123,0,1
7,bimodal,Task B ,1,1,0,-0.62694823,3,2,154.6107001,6,-0.707988768,3,1.04E-05,2.10E-05,0.669512502,0.669512502,1,4
8,bimodal,Task B ,2,4,1,1.048393293,3,2,247.1929636,1,-0.267017931,3,3.12E-06,1.95E-05,0.862028365,0.862028365,0,8
8,bimodal,Task B ,2,4,0,-0.188094073,2,1,229.6600256,2,-0.604066117,2,7.98E-05,2.39E-05,0.230520703,0.769479297,0,8
8,bimodal,Task B ,2,4,1,1.449450931,2,2,10.93634633,3,-1.034394949,2,7.12E-10,1.16E-05,0.99993835,0.99993835,0,8
8,bimodal,Task B ,2,4,1,1.164533558,1,2,354.6673513,4,0.099157317,1,1.38E-06,1.85E-05,0.930763376,0.930763376,0,8
8,bimodal,Task B ,2,4,1,-0.212994243,1,2,293.9490705,5,-0.668217324,1,5.43E-05,2.33E-05,0.300425191,0.699574809,0,8
8,bimodal,Task B ,2,4,1,-1.24748965,3,2,285.8586523,6,-1.360494672,3,2.89E-10,1.09E-05,0.999973566,0.999973566,1,8
9,bimodal,Task B ,2,3,1,-0.394922887,2,2,191.7537919,1,0.057540119,2,0.000222984,2.55E-05,0.102549922,0.897450078,1,7
9,bimodal,Task B ,2,1,1,-0.239671052,3,2,206.2359616,2,-0.572305152,3,8.54E-05,2.40E-05,0.219374658,0.780625342,0,5
9,bimodal,Task B ,1,1,0,0.704128047,1,2,109.2533776,3,-0.894826273,1,1.80E-06,1.89E-05,0.912802673,0.912802673,1,4
9,bimodal,Task B ,2,1,1,0.148396856,2,2,229.6922336,4,1.870864465,2,1.44E-10,1.05E-05,0.999986205,0.999986205,1,5
9,bimodal,Task B ,2,1,0,-0.153920876,1,1,87.16406828,5,-0.470759442,1,0.00015282,2.49E-05,0.140036812,0.859963188,0,5
9,bimodal,Task B ,2,3,1,-1.209568622,3,2,334.4211039,6,0.0937273,3,9.95E-07,1.82E-05,0.948080304,0.948080304,0,7
10,bimodal,Task B ,1,2,1,0.18438633,4,1,275.0295768,1,-0.183213097,4,0.000317661,2.60E-05,0.075789888,0.924210112,1,3
10,bimodal,Task B ,1,2,1,0.267609076,1,1,39.50310212,2,0.177233887,1,0.000272029,2.58E-05,0.086622589,0.913377411,1,3
10,bimodal,Task B ,1,2,1,0.033273528,1,1,147.035992,3,0.207308837,1,0.000350952,2.62E-05,0.069499057,0.930500943,0,3
10,bimodal,Task B ,1,2,0,-2.027285955,1,2,356.5062833,4,3.272592225,1,4.06E-31,5.43E-07,1,1,1,3
10,bimodal,Task B ,1,2,0,-0.254480861,2,2,222.8577509,5,-1.011434866,2,4.42E-06,1.99E-05,0.818498218,0.818498218,1,3
10,bimodal,Task B ,1,2,1,0.586754553,4,1,358.0580991,6,0.148350664,4,8.99E-05,2.41E-05,0.211239514,0.788760486,1,3
1,bimodal,Task B ,1,2,0,-0.970968003,1,2,237.1893139,1,-0.784402657,1,6.66E-07,1.77E-05,0.963773698,0.963773698,0,3
1,bimodal,Task B ,1,3,1,0.382056913,2,1,185.6075689,2,-0.341735715,2,0.000139374,2.47E-05,0.150761947,0.849238053,1,2
1,bimodal,Task B ,1,3,1,-0.207353834,3,1,224.3716543,3,-0.103597451,3,0.000343003,2.62E-05,0.070901017,0.929098983,1,2
1,bimodal,Task B ,2,2,0,-0.814589477,4,1,209.1728502,4,0.176975325,4,2.45E-05,2.22E-05,0.475053282,0.524946718,1,6
1,bimodal,Task B ,1,3,1,0.490878733,3,1,345.9431371,5,0.035374646,3,0.000151567,2.49E-05,0.140969229,0.859030771,1,2
1,bimodal,Task B ,2,4,1,-0.761344621,3,2,218.1313699,6,2.43340853,3,5.38E-16,4.79E-06,1,1,1,8
2,bimodal,Task B ,1,3,0,-0.177106686,4,2,192.6942214,1,-0.310017952,4,0.000251259,2.57E-05,0.092697792,0.907302208,0,2
2,bimodal,Task B ,1,2,0,0.545670776,3,2,267.1149688,2,0.075066883,3,0.000117173,2.45E-05,0.172791537,0.827208463,1,3
2,bimodal,Task B ,2,3,1,1.498062319,4,2,289.9488116,3,-1.524498147,4,1.98E-12,8.00E-06,0.999999753,0.999999753,1,7
2,bimodal,Task B ,1,2,1,-0.338423813,4,1,232.0526196,4,-0.106416961,4,0.000255818,2.57E-05,0.091289914,0.908710086,1,3
2,bimodal,Task B ,2,3,1,-0.132703481,1,2,227.1081515,5,-0.36516979,1,0.000226994,2.55E-05,0.101022526,0.898977474,0,7
2,bimodal,Task B ,1,3,0,0.14889498,3,2,65.27248766,6,-0.375616395,3,0.000212738,2.54E-05,0.106680353,0.893319647,0,2
3,bimodal,Task B ,2,4,1,1.175764177,4,2,70.4642975,1,2.227139892,4,1.01E-15,4.98E-06,1,1,1,8
3,bimodal,Task B ,1,4,0,0.071101034,4,2,224.0337219,2,0.191978616,4,0.000353707,2.62E-05,0.069026478,0.930973522,0,1
3,bimodal,Task B ,1,3,1,0.275973642,3,1,71.79198669,3,-0.269620908,3,0.000225282,2.55E-05,0.101668584,0.898331416,1,2
3,bimodal,Task B ,1,4,1,-0.119638612,2,1,93.71294457,4,0.252924396,2,0.000306111,2.60E-05,0.078258234,0.921741766,0,1
3,bimodal,Task B ,1,4,1,0.383708352,3,1,47.88413912,5,0.102720923,3,0.000216004,2.54E-05,0.105326642,0.894673358,1,1
3,bimodal,Task B ,1,3,1,-0.722599257,3,1,157.7297742,6,-0.028155269,3,5.01E-05,2.32E-05,0.316653344,0.683346656,1,2
4,bimodal,Task B ,2,2,0,-0.294111249,1,1,3.069969537,1,-0.278179421,1,0.000217415,2.54E-05,0.104752886,0.895247114,1,6
4,bimodal,Task B ,2,2,1,-0.964367562,3,2,337.8647095,2,0.579882625,3,2.25E-06,1.91E-05,0.894891362,0.894891362,0,6
4,bimodal,Task B ,1,2,1,-0.040200149,2,1,70.41655738,3,0.030980184,2,0.000420467,2.65E-05,0.059310265,0.940689735,1,3
4,bimodal,Task B ,1,4,1,0.743268831,4,1,353.774968,4,-0.58230522,4,9.94E-06,2.10E-05,0.678522654,0.678522654,0,1
4,bimodal,Task B ,1,3,0,0.168802175,3,2,132.9435961,5,0.579283162,3,9.01E-05,2.41E-05,0.210828418,0.789171582,0,2
4,bimodal,Task B ,2,1,1,0.657546654,1,2,134.9480173,6,-2.045232342,1,1.50E-12,7.86E-06,0.999999809,0.999999809,1,5
5,bimodal,Task B ,2,1,0,-0.299402734,1,1,321.521186,1,-0.544936133,1,8.52E-05,2.40E-05,0.219710756,0.780289244,0,5
5,bimodal,Task B ,1,4,1,0.223384799,4,1,204.8729568,2,-0.312887668,4,0.000226555,2.55E-05,0.101187291,0.898812709,0,1
5,bimodal,Task B ,1,1,1,0.133949191,1,1,343.924603,3,0.694735413,1,5.06E-05,2.32E-05,0.314479635,0.685520365,0,4
5,bimodal,Task B ,1,4,1,-0.184422196,3,1,350.4527296,4,-0.682982943,3,5.23E-05,2.33E-05,0.308018019,0.691981981,0,1
5,bimodal,Task B ,2,4,1,-0.894198548,2,2,227.2436596,5,0.115712342,2,1.51E-05,2.15E-05,0.587716237,0.587716237,0,8
5,bimodal,Task B ,1,4,1,-0.342268941,3,1,319.8849381,6,-0.233135109,3,0.00021136,2.54E-05,0.107262208,0.892737792,1,1
6,bimodal,Task B ,2,2,0,0.382876619,4,1,343.5720035,1,-0.151211511,4,0.0002062,2.54E-05,0.109501528,0.890498472,1,6
6,bimodal,Task B ,2,2,0,-0.457435694,3,1,137.6743352,2,0.34044942,3,0.000111093,2.44E-05,0.180048846,0.819951154,1,6
6,bimodal,Task B ,1,2,0,2.610793244,4,2,318.1955211,3,-1.962703822,4,1.70E-23,1.63E-06,1,1,0,3
6,bimodal,Task B ,1,2,1,-0.338731603,1,1,102.7421956,4,0.164027119,1,0.000238608,2.56E-05,0.096852635,0.903147365,1,3
6,bimodal,Task B ,1,2,1,-0.096720139,3,1,192.4173393,5,0.236867502,3,0.000322733,2.61E-05,0.074756212,0.925243788,0,3
6,bimodal,Task B ,1,2,1,0.169844717,2,1,85.97477106,6,0.401786644,2,0.000188061,2.52E-05,0.1182071,0.8817929,0,3
7,bimodal,Task B ,1,4,0,-0.478000695,1,2,78.72104048,1,-0.591586402,1,3.86E-05,2.28E-05,0.371568465,0.628431535,0,1
7,bimodal,Task B ,1,4,1,-0.049907902,3,1,153.1381661,2,-0.338185722,3,0.000260756,2.57E-05,0.089813784,0.910186216,0,1
7,bimodal,Task B ,1,4,0,1.957276472,2,2,234.1697133,3,0.580462007,2,1.14E-11,8.92E-06,0.999998718,0.999998718,0,1
7,bimodal,Task B ,1,1,0,0.401283537,1,2,31.64524704,4,0.585412554,1,4.99E-05,2.32E-05,0.317486875,0.682513125,0,4
7,bimodal,Task B ,1,4,0,1.270233901,2,2,116.0274013,5,2.315845807,2,7.05E-17,4.22E-06,1,1,1,1
7,bimodal,Task B ,1,1,0,2.791969321,4,2,345.6848873,6,-0.479683883,4,1.24E-18,3.28E-06,1,1,0,4
8,bimodal,Task B ,1,4,1,-0.562771466,2,1,29.7771964,1,0.678752745,2,1.66E-05,2.17E-05,0.566038055,0.566038055,1,1
8,bimodal,Task B ,1,4,1,-0.46993344,4,1,232.6861202,2,-0.064897217,4,0.000170521,2.51E-05,0.128114818,0.871885182,1,1
8,bimodal,Task B ,2,4,1,0.207491797,2,2,225.2966187,3,0.546722566,2,9.89E-05,2.42E-05,0.196711077,0.803288923,0,8
8,bimodal,Task B ,1,4,0,0.795208274,3,2,103.898996,4,0.428590922,3,1.36E-05,2.14E-05,0.612067363,0.612067363,0,1
8,bimodal,Task B ,1,4,1,0.376572607,4,1,218.0183516,5,-0.248999567,4,0.000178558,2.51E-05,0.123369009,0.876630991,1,1
8,bimodal,Task B ,1,4,0,-0.083713897,2,2,238.2852755,6,-0.838023577,2,2.15E-05,2.20E-05,0.505395663,0.505395663,1,1
9,bimodal,Task B ,1,1,0,-0.446953158,1,2,174.1187215,1,0.557845058,1,5.05E-05,2.32E-05,0.314893588,0.685106412,0,4
9,bimodal,Task B ,2,1,1,-0.611782175,4,2,174.7005639,2,-1.300781205,4,7.41E-08,1.54E-05,0.995226102,0.995226102,1,5
9,bimodal,Task B ,1,3,0,-0.423561672,2,2,206.1171565,3,0.100993251,2,0.000196678,2.53E-05,0.113899085,0.886100915,1,2
9,bimodal,Task B ,2,1,0,-0.338305638,4,1,186.9814241,4,0.077352175,4,0.000261199,2.57E-05,0.089683657,0.910316343,1,5
9,bimodal,Task B ,1,2,0,-0.065876836,1,2,191.9020221,5,1.132356661,1,1.84E-06,1.89E-05,0.911150985,0.911150985,1,3
9,bimodal,Task B ,2,1,1,-0.215964018,2,2,18.17989018,6,0.006935963,2,0.000353145,2.62E-05,0.069122331,0.930877669,1,5
10,bimodal,Task B ,1,1,1,0.092945793,1,1,246.1415035,1,-0.308980331,1,0.000273343,2.58E-05,0.086265655,0.913734345,0,4
10,bimodal,Task B ,2,2,1,-0.406058924,4,2,189.5646651,2,-1.473456208,4,2.32E-08,1.44E-05,0.998386663,0.998386663,1,6
10,bimodal,Task B ,2,3,1,0.607080178,4,2,338.9501648,3,1.043229485,4,8.92E-07,1.80E-05,0.952898592,0.952898592,1,7
10,bimodal,Task B ,1,2,1,-0.127638437,3,1,328.4660126,4,-0.383013411,3,0.000215724,2.54E-05,0.105441351,0.894558649,0,3
10,bimodal,Task B ,1,2,0,-1.683172031,3,2,177.5156142,5,-0.874091141,3,1.44E-10,1.05E-05,0.999986264,0.999986264,0,3
10,bimodal,Task B ,1,2,1,-0.381598175,3,1,298.6356213,6,-0.085000101,3,0.000229179,2.55E-05,0.100209765,0.899790235,1,3
1,bimodal,Task B ,1,2,1,0.125607906,1,1,326.7347362,1,0.403398479,1,0.000197876,2.53E-05,0.113325464,0.886674536,0,3
1,bimodal,Task B ,1,2,0,0.926164995,1,2,142.4356441,2,-0.228423094,1,9.27E-06,2.09E-05,0.6925406,0.6925406,0,3
1,bimodal,Task B ,2,2,1,-0.556889122,3,2,238.0779241,3,-0.243710344,3,9.38E-05,2.41E-05,0.204644382,0.795355618,1,6
1,bimodal,Task B ,1,3,1,0.181089268,3,1,125.5820037,4,0.151832733,3,0.000332547,2.61E-05,0.072836741,0.927163259,1,2
1,bimodal,Task B ,1,2,1,-0.075957786,4,1,87.51896508,5,-0.001619334,4,0.000415808,2.65E-05,0.059895797,0.940104203,1,3
1,bimodal,Task B ,2,3,1,0.695516843,1,2,285.113942,6,-1.566766977,1,1.77E-09,1.22E-05,0.999855175,0.999855175,1,7
2,bimodal,Task B ,1,2,1,0.023512109,4,1,340.5394386,1,0.065338141,4,0.000415051,2.65E-05,0.059992081,0.940007919,0,3
2,bimodal,Task B ,1,2,1,-0.428391698,4,1,105.1462733,2,-0.51654422,4,6.59E-05,2.36E-05,0.263738673,0.736261327,0,3
2,bimodal,Task B ,2,2,1,-0.548641653,4,2,354.2193412,3,2.867937635,4,1.01E-19,2.80E-06,1,1,1,6
2,bimodal,Task B ,2,1,0,-0.104214427,4,1,6.862720772,4,-0.522608295,4,0.000129456,2.46E-05,0.159838242,0.840161758,0,5
2,bimodal,Task B ,1,2,1,0.264603168,4,1,316.3450837,5,-0.175436887,4,0.000275699,2.58E-05,0.085633566,0.914366434,1,3
2,bimodal,Task B ,1,2,1,-0.178296399,3,1,267.6873355,6,0.306419025,3,0.000251454,2.57E-05,0.092636719,0.907363281,0,3
3,bimodal,Task B ,2,2,1,-0.417587657,3,2,70.27465687,1,1.708629693,3,9.15E-10,1.17E-05,0.999922036,0.999922036,1,6
3,bimodal,Task B ,1,1,1,-0.13757147,2,1,126.1454844,2,0.609469037,2,8.18E-05,2.39E-05,0.226442878,0.773557122,0,4
3,bimodal,Task B ,2,2,1,-0.88536419,3,2,35.02154069,3,0.611950353,3,3.49E-06,1.97E-05,0.849149613,0.849149613,0,6
3,bimodal,Task B ,1,3,1,-0.209512109,4,1,57.43218041,4,-0.222569248,4,0.000290507,2.59E-05,0.08187027,0.91812973,0,2
3,bimodal,Task B ,1,3,1,-0.2610452,4,1,69.6638852,5,-0.109256424,4,0.000308229,2.60E-05,0.077793207,0.922206793,1,2
3,bimodal,Task B ,1,2,1,-0.198212151,1,1,158.2762288,6,0.125776911,1,0.000339903,2.62E-05,0.071463767,0.928536233,1,3
4,bimodal,Task B ,1,3,1,0.245564072,3,1,138.5303872,1,0.413321918,3,0.000158023,2.49E-05,0.136299541,0.863700459,0,2
4,bimodal,Task B ,1,3,1,-0.148640224,4,1,256.4920276,2,0.300358736,4,0.000265523,2.58E-05,0.088434962,0.911565038,0,2
4,bimodal,Task B ,1,1,1,0.168843778,1,1,114.9682949,3,-0.252413038,1,0.000286587,2.59E-05,0.082832898,0.917167102,0,4
4,bimodal,Task B ,1,1,1,0.063156708,1,1,103.9636991,4,0.397658262,1,0.000212519,2.54E-05,0.106772287,0.893227713,0,4
4,bimodal,Task B ,1,1,0,0.333472469,1,2,26.89408619,5,0.967101618,1,5.02E-06,2.01E-05,0.800079342,0.800079342,1,4
4,bimodal,Task B ,2,1,1,-0.101099656,1,2,268.3598476,6,1.876537534,1,1.40E-10,1.04E-05,0.999986574,0.999986574,1,5
5,bimodal,Task B ,1,4,1,-0.011801729,2,1,140.5122582,1,-0.060365796,2,0.000418149,2.65E-05,0.059600024,0.940399976,0,1
5,bimodal,Task B ,1,4,0,1.360079157,4,2,84.43709967,2,0.357312312,4,1.07E-07,1.58E-05,0.993293848,0.993293848,0,1
5,bimodal,Task B ,1,1,0,1.084721156,2,2,208.1932689,3,0.309433707,2,2.03E-06,1.90E-05,0.903638047,0.903638047,0,4
5,bimodal,Task B ,1,3,0,1.10433466,4,2,223.3486937,4,1.239211244,4,3.84E-09,1.28E-05,0.999700895,0.999700895,1,2
5,bimodal,Task B ,1,4,0,-1.086770729,2,2,245.8893561,5,-1.496867238,2,2.63E-10,1.09E-05,0.999975778,0.999975778,1,1
5,bimodal,Task B ,1,4,1,-0.128940981,3,1,98.45273162,6,-0.715245356,3,4.63E-05,2.31E-05,0.332605377,0.667394623,0,1
6,bimodal,Task B ,1,2,0,0.040832854,1,2,90.50213923,1,1.283879625,1,3.94E-07,1.71E-05,0.977524536,0.977524536,1,3
6,bimodal,Task B ,2,2,0,-0.232753181,1,1,198.1986377,2,0.413794798,1,0.000165547,2.50E-05,0.13124733,0.86875267,0,6
6,bimodal,Task B ,2,1,1,-0.809632753,4,2,351.5592078,3,-0.847763878,4,1.41E-06,1.86E-05,0.929469779,0.929469779,1,5
6,bimodal,Task B ,2,2,1,-1.438785722,1,2,21.39301034,4,-0.863448202,1,3.65E-09,1.28E-05,0.999715158,0.999715158,0,6
6,bimodal,Task B ,1,2,1,0.049844238,4,1,39.74357486,5,-0.068211306,4,0.000411168,2.65E-05,0.060490892,0.939509108,0,3
6,bimodal,Task B ,2,2,0,-0.337684442,4,1,37.65095649,6,0.037953788,4,0.000266831,2.58E-05,0.088064337,0.911935663,1,6
7,bimodal,Task B ,1,1,0,0.0966163,1,2,254.2621752,1,0.59573333,1,9.02E-05,2.41E-05,0.210640333,0.789359667,0,4
7,bimodal,Task B ,1,4,1,0.104196964,1,1,258.7268645,2,0.057018712,1,0.000397888,2.64E-05,0.062263934,0.937736066,1,1
7,bimodal,Task B ,2,1,0,-0.501099248,1,1,338.7103209,3,-0.324137982,1,9.87E-05,2.42E-05,0.197039213,0.802960787,1,5
7,bimodal,Task B ,1,1,0,-2.223918506,1,2,7.994383184,4,0.096439167,1,5.46E-13,7.38E-06,0.999999926,0.999999926,0,4
7,bimodal,Task B ,1,1,1,0.118752394,1,1,154.6808002,5,-0.331351904,1,0.000251287,2.57E-05,0.092689063,0.907310937,0,4
7,bimodal,Task B ,1,4,1,-0.467580141,4,1,172.1545719,6,0.164606854,4,0.000155827,2.49E-05,0.137851881,0.862148119,1,1
8,bimodal,Task B ,1,4,1,-0.328413878,1,1,67.85926277,1,-0.215345932,1,0.000227004,2.55E-05,0.101018478,0.898981522,1,1
8,bimodal,Task B ,2,4,1,1.855861409,3,2,11.43411292,2,0.525539479,3,7.41E-11,1.00E-05,0.999992616,0.999992616,0,8
8,bimodal,Task B ,1,4,0,0.465258364,1,2,88.08095812,3,0.288531575,1,0.000118509,2.45E-05,0.171277406,0.828722594,1,1
8,bimodal,Task B ,2,4,1,-1.29675613,1,2,156.5632597,4,2.566503318,1,3.42E-19,3.02E-06,1,1,1,8
8,bimodal,Task B ,1,4,1,-0.260331567,3,1,128.7624554,5,-0.459348721,3,0.000133748,2.47E-05,0.15577461,0.84422539,0,1
8,bimodal,Task B ,1,4,1,0.165380261,1,1,83.37974811,6,-0.322430657,1,0.000243202,2.56E-05,0.095300003,0.904699997,0,1
9,bimodal,Task B ,2,1,1,2.385188541,1,2,204.8198187,1,-3.611015937,1,2.70E-38,1.93E-07,1,1,1,5
9,bimodal,Task B ,2,2,0,-0.318384481,4,1,46.1423423,2,-0.422695205,4,0.000133657,2.47E-05,0.155858136,0.844141864,0,6
9,bimodal,Task B ,1,3,0,-0.126676798,4,2,165.1732665,3,1.769400832,4,7.13E-10,1.16E-05,0.999938283,0.999938283,1,2
9,bimodal,Task B ,1,3,1,-0.399081564,2,1,93.40284164,4,0.447604297,2,9.53E-05,2.42E-05,0.202187917,0.797812083,0,2
9,bimodal,Task B ,1,2,1,0.334650999,4,1,297.7569829,5,-0.135878247,4,0.000243041,2.56E-05,0.09535354,0.90464646,1,3
9,bimodal,Task B ,1,1,1,0.095360015,2,1,296.2338033,6,0.22473411,2,0.000327853,2.61E-05,0.07374207,0.92625793,0,4
10,bimodal,Task B ,1,1,0,-0.45021197,1,2,329.4844787,1,-0.734813633,1,1.93E-05,2.19E-05,0.531373959,0.531373959,1,4
10,bimodal,Task B ,1,2,0,-0.297459975,4,2,41.88681401,2,-0.502596224,4,0.000103193,2.43E-05,0.190485299,0.809514701,0,3
10,bimodal,Task B ,1,2,1,-0.776707384,4,1,307.8773133,3,0.30933783,4,2.39E-05,2.22E-05,0.480830392,0.519169608,1,3
10,bimodal,Task B ,1,1,0,-0.280221371,1,2,11.86604083,4,0.062327208,1,0.000305127,2.60E-05,0.078476188,0.921523812,1,4
10,bimodal,Task B ,2,1,1,1.861041717,1,2,280.8875116,5,0.17818637,1,1.93E-10,1.06E-05,0.999981915,0.999981915,0,5
10,bimodal,Task B ,2,2,1,-0.883617197,2,2,255.2534104,6,1.251499141,2,2.29E-08,1.44E-05,0.998404678,0.998404678,1,6
1,bimodal,Task B ,1,2,1,-0.339507793,2,1,358.1825831,1,-0.284831139,2,0.000190337,2.52E-05,0.117036819,0.882963181,1,3
1,bimodal,Task B ,1,3,1,0.292297579,2,1,177.3621745,2,0.225336667,2,0.000236289,2.56E-05,0.097656525,0.902343475,1,2
1,bimodal,Task B ,2,1,1,1.512190574,4,2,76.76631844,3,-0.84731725,4,1.45E-09,1.21E-05,0.999880121,0.999880121,0,5
1,bimodal,Task B ,1,3,1,-0.030200153,3,1,171.1651699,4,-0.315099629,3,0.00027939,2.58E-05,0.084662305,0.915337695,0,2
1,bimodal,Task B ,2,4,1,2.224303165,3,2,273.5287085,5,3.004943286,3,1.23E-29,6.72E-07,1,1,1,8
1,bimodal,Task B ,1,2,0,1.197327567,1,2,313.9086889,6,-0.120475614,1,9.81E-07,1.82E-05,0.948713363,0.948713363,0,3
2,bimodal,Task B ,2,2,0,0.330998773,4,1,291.6007787,1,0.025768843,4,0.000264231,2.58E-05,0.088804224,0.911195776,1,6
2,bimodal,Task B ,2,3,0,0.349683148,4,1,42.99989091,2,-0.435435411,4,0.000113376,2.44E-05,0.177249962,0.822750038,0,7
2,bimodal,Task B ,2,1,0,-0.205943877,1,1,226.3202516,3,0.325003145,1,0.000229229,2.55E-05,0.100191246,0.899808754,0,5
2,bimodal,Task B ,2,1,0,-0.424096044,4,1,336.172464,4,0.324331993,4,0.000131135,2.46E-05,0.158222808,0.841777192,1,5
2,bimodal,Task B ,1,2,1,-0.211934622,1,1,127.9591131,5,0.102154302,1,0.000339996,2.62E-05,0.071446664,0.928553336,1,3
2,bimodal,Task B ,2,3,1,0.422947004,2,2,25.03492886,6,0.748570869,2,1.84E-05,2.18E-05,0.541947011,0.541947011,1,7
3,bimodal,Task B ,1,4,0,1.411148515,2,2,17.80669594,1,1.618821056,2,1.57E-12,7.88E-06,0.999999801,0.999999801,1,1
3,bimodal,Task B ,1,3,1,0.031517153,2,1,305.0008819,2,0.435577839,2,0.000188514,2.52E-05,0.117972132,0.882027868,0,2
3,bimodal,Task B ,1,3,1,0.641735144,2,1,284.7620663,3,0.453578202,2,3.11E-05,2.25E-05,0.420235679,0.579764321,1,2
3,bimodal,Task B ,1,3,1,0.610152776,4,1,57.58714592,4,0.043660195,4,8.71E-05,2.40E-05,0.216181601,0.783818399,1,2
3,bimodal,Task B ,1,3,1,-0.101023209,3,1,23.0543866,5,-0.09858077,3,0.000392708,2.64E-05,0.062985203,0.937014797,0,2
3,bimodal,Task B ,2,4,1,-1.874309185,4,2,32.73987995,6,-0.042946157,4,2.13E-10,1.07E-05,0.99998013,0.99998013,0,8
4,bimodal,Task B ,1,2,1,-0.587372517,1,1,347.5630754,1,0.148872836,1,9.47E-05,2.42E-05,0.203215229,0.796784771,1,3
4,bimodal,Task B ,2,2,0,-0.886767269,1,1,137.8323226,2,-0.505954844,1,5.77E-06,2.03E-05,0.778494591,0.778494591,0,6
4,bimodal,Task B ,1,2,1,-0.634505158,3,1,273.1098793,3,-0.178897585,3,7.19E-05,2.37E-05,0.248109257,0.751890743,1,3
4,bimodal,Task B ,1,2,0,-0.206166414,2,2,69.56037149,4,0.093747145,2,0.000345752,2.62E-05,0.070409642,0.929590358,1,3
4,bimodal,Task B ,2,4,1,2.506000078,4,2,60.77015151,5,-0.702630328,4,2.24E-16,4.53E-06,1,1,0,8
4,bimodal,Task B ,1,2,0,-0.840575669,3,2,50.19043436,6,0.473583627,3,9.07E-06,2.09E-05,0.697021224,0.697021224,0,3
5,bimodal,Task B ,1,4,1,-0.018289259,3,1,231.5794659,1,0.500142139,3,0.00014672,2.48E-05,0.144699425,0.855300575,0,1
5,bimodal,Task B ,1,4,1,-0.269285029,2,1,224.3942897,2,0.255549631,2,0.000240742,2.56E-05,0.096124845,0.903875155,1,1
5,bimodal,Task B ,1,4,1,-0.106207308,4,1,6.71192479,3,-0.172180155,4,0.000359801,2.63E-05,0.068004407,0.931995593,0,1
5,bimodal,Task B ,1,4,1,0.06742925,3,1,162.7122884,4,0.008330826,3,0.000414924,2.65E-05,0.060008192,0.939991808,1,1
5,bimodal,Task B ,1,4,1,-0.041447438,3,1,77.09201725,5,-0.193560002,3,0.000361192,2.63E-05,0.067775496,0.932224504,0,1
5,bimodal,Task B ,2,4,1,-2.289606296,1,2,62.5816853,6,1.829727362,1,1.19E-19,2.83E-06,1,1,0,8
6,bimodal,Task B ,1,2,0,0.113374864,4,2,306.7762339,1,0.118379474,4,0.000376654,2.63E-05,0.065334497,0.934665503,0,3
6,bimodal,Task B ,2,2,1,0.717207863,4,2,178.8913079,2,0.767818322,4,3.99E-06,1.98E-05,0.832440992,0.832440992,1,6
6,bimodal,Task B ,1,2,1,0.597225361,2,1,272.384802,3,0.179098675,2,8.18E-05,2.39E-05,0.226430644,0.773569356,1,3
6,bimodal,Task B ,1,2,0,-1.138688788,2,2,136.500158,4,2.220011021,2,1.85E-15,5.17E-06,1,1,1,3
6,bimodal,Task B ,1,2,1,0.320158521,3,1,56.42790145,5,0.431291815,3,0.000123928,2.46E-05,0.165408794,0.834591206,0,3
6,bimodal,Task B ,2,3,1,0.381486605,4,2,290.8992554,6,1.246388876,4,3.19E-07,1.69E-05,0.981512423,0.981512423,1,7
7,bimodal,Task B ,2,2,1,0.076242641,2,2,93.7588227,1,-1.573107452,2,1.22E-08,1.38E-05,0.999116303,0.999116303,1,6
7,bimodal,Task B ,2,3,1,-0.454623614,3,2,102.8525048,2,0.494702507,3,6.51E-05,2.36E-05,0.266112179,0.733887821,0,7
7,bimodal,Task B ,1,4,1,-0.418176079,2,1,129.7055985,3,-0.489388804,2,7.66E-05,2.38E-05,0.237278821,0.762721179,0,1
7,bimodal,Task B ,2,4,1,-1.21022335,2,2,264.8951366,4,0.730598664,2,1.07E-07,1.58E-05,0.99327507,0.99327507,0,8
7,bimodal,Task B ,1,1,1,0.251367559,2,1,187.3336107,5,0.502483218,2,0.000110477,2.44E-05,0.180819278,0.819180722,0,4
7,bimodal,Task B ,2,4,1,-2.838359714,4,2,109.7654786,6,1.932253263,4,2.01E-25,1.23E-06,1,1,0,8
8,bimodal,Task B ,2,4,1,0.754660181,3,2,333.8666762,1,-1.179732999,3,1.09E-07,1.58E-05,0.993129716,0.993129716,1,8
8,bimodal,Task B ,1,4,1,0.066033113,4,1,275.3133484,2,0.030575238,4,0.000413656,2.65E-05,0.060170317,0.939829683,1,1
8,bimodal,Task B ,2,4,1,1.376709274,3,2,277.810861,3,-0.583670292,3,3.63E-08,1.48E-05,0.99754945,0.99754945,0,8
8,bimodal,Task B ,1,4,1,0.090044248,2,1,254.2770868,4,0.324182737,2,0.000261219,2.57E-05,0.08967777,0.91032223,0,1
8,bimodal,Task B ,2,4,1,-1.857833758,4,2,353.7766421,5,-2.138122693,4,1.18E-18,3.27E-06,1,1,1,8
8,bimodal,Task B ,1,4,0,0.047568181,4,2,33.90225295,6,-2.257151505,4,1.97E-13,6.92E-06,0.999999972,0.999999972,1,1
9,bimodal,Task B ,1,1,1,0.373476197,1,1,16.33854284,1,-0.199157756,1,0.000198034,2.53E-05,0.113250485,0.886749515,1,4
9,bimodal,Task B ,1,3,1,-0.095967883,3,1,172.3997375,2,0.183302307,3,0.000355313,2.62E-05,0.068754173,0.931245827,0,2
9,bimodal,Task B ,2,2,0,0.804062872,2,1,125.6419746,3,-0.166363077,2,2.49E-05,2.22E-05,0.471998178,0.528001822,1,6
9,bimodal,Task B ,1,4,1,-0.163944848,4,1,86.63589987,4,0.272579578,4,0.000278679,2.58E-05,0.084847784,0.915152216,0,1
9,bimodal,Task B ,1,1,0,1.356509841,2,2,14.65514348,5,-0.998938504,2,2.86E-09,1.26E-05,0.999772856,0.999772856,0,4
9,bimodal,Task B ,2,3,1,1.149013903,3,2,258.1168943,6,-2.341126798,3,1.54E-16,4.43E-06,1,1,1,7
10,bimodal,Task B ,2,3,1,2.672003452,4,2,336.6874832,1,0.898361699,4,1.64E-18,3.33E-06,1,1,0,7
10,bimodal,Task B ,1,2,1,-0.247888425,2,1,53.16646633,2,0.061426308,2,0.000327201,2.61E-05,0.073869568,0.926130432,1,3
10,bimodal,Task B ,2,2,1,-0.680987125,4,2,22.75217441,3,0.218648025,4,5.21E-05,2.33E-05,0.308731085,0.691268915,1,6
10,bimodal,Task B ,1,1,0,-0.708222315,1,2,86.39894922,4,1.035433941,1,5.85E-07,1.76E-05,0.967775653,0.967775653,1,4
10,bimodal,Task B ,1,2,1,0.01819823,2,1,120.0936795,5,-0.224878428,2,0.000342875,2.62E-05,0.070924057,0.929075943,0,3
10,bimodal,Task B ,1,2,1,-0.007135241,4,1,213.4787393,6,0.381051818,4,0.000228948,2.55E-05,0.100294789,0.899705211,0,3
1,bimodal,Task B ,2,3,1,2.000721694,2,2,226.1549468,1,2.479753892,2,1.21E-22,1.84E-06,1,1,1,7
1,bimodal,Task B ,2,2,1,-2.286308001,1,2,191.1098895,2,0.604061475,1,3.77E-14,6.24E-06,0.999999994,0.999999994,0,6
1,bimodal,Task B ,1,3,1,-0.599297024,3,1,184.8685604,3,-0.765934073,3,8.33E-06,2.07E-05,0.713533663,0.713533663,1,2
1,bimodal,Task B ,2,1,0,-0.075392093,2,1,157.9385898,4,-0.574812114,2,0.000103774,2.43E-05,0.189674701,0.810325299,0,5
1,bimodal,Task B ,1,3,0,-0.628168674,3,2,111.3974153,5,0.320809076,3,5.48E-05,2.33E-05,0.298655712,0.701344288,1,2
1,bimodal,Task B ,2,1,1,1.549249255,1,2,170.4448614,6,0.65935785,1,2.93E-09,1.26E-05,0.999767704,0.999767704,0,5
2,bimodal,Task B ,2,4,1,-2.155442632,3,2,172.0560685,1,0.762420182,3,1.68E-13,6.85E-06,0.999999976,0.999999976,0,8
2,bimodal,Task B ,1,2,0,-0.236872847,3,2,159.1277565,2,1.219694811,3,6.28E-07,1.77E-05,0.965628552,0.965628552,1,3
2,bimodal,Task B ,1,2,1,0.129057105,2,1,290.1478625,3,-0.357540435,2,0.000230359,2.55E-05,0.099776302,0.900223698,0,3
2,bimodal,Task B ,2,2,1,0.197546971,4,2,250.0959659,4,0.790843383,4,2.53E-05,2.22E-05,0.467964351,0.532035649,0,6
2,bimodal,Task B ,1,2,0,-0.412118543,1,2,13.21918922,5,1.322038879,1,1.32E-07,1.60E-05,0.991845666,0.991845666,1,3
2,bimodal,Task B ,2,2,1,0.197533894,4,2,212.2677,6,0.786269902,4,2.61E-05,2.23E-05,0.460847357,0.539152643,0,6
3,bimodal,Task B ,1,2,1,-0.021722421,4,1,260.7754353,1,-0.177264258,4,0.00037203,2.63E-05,0.066045206,0.933954794,0,3
3,bimodal,Task B ,2,4,1,-0.644322894,3,2,23.99180613,2,1.430996024,3,1.35E-08,1.39E-05,0.999026701,0.999026701,1,8
3,bimodal,Task B ,1,1,0,0.083346782,1,2,339.2152798,3,0.808440089,1,2.58E-05,2.23E-05,0.463385477,0.536614523,0,4
3,bimodal,Task B ,2,4,1,-1.071436618,4,2,142.0237513,4,-1.920471338,4,6.72E-13,7.48E-06,0.99999991,0.99999991,1,8
3,bimodal,Task B ,2,2,1,-1.510612208,4,2,277.218756,5,0.345588669,4,2.10E-08,1.43E-05,0.998527917,0.998527917,0,6
3,bimodal,Task B ,2,1,0,-0.206423745,3,1,30.44272216,6,-0.716061626,3,4.16E-05,2.29E-05,0.355692977,0.644307023,0,5
4,bimodal,Task B ,1,3,1,0.340924402,3,1,319.9398672,1,0.330594126,3,0.000161855,2.50E-05,0.133677054,0.866322946,1,2
4,bimodal,Task B ,1,3,1,0.53579577,2,1,107.1118787,2,-0.283131388,2,8.98E-05,2.41E-05,0.211352299,0.788647701,1,2
4,bimodal,Task B ,1,1,0,1.953501624,1,2,21.07071755,3,-0.438348984,1,2.27E-11,9.31E-06,0.999997566,0.999997566,0,4
4,bimodal,Task B ,1,1,0,2.985328201,2,2,43.75538112,4,2.738158301,2,5.45E-34,3.59E-07,1,1,0,4
4,bimodal,Task B ,2,4,1,3.0905486,2,2,351.6329401,5,0.199463522,2,1.84E-21,2.18E-06,1,1,0,8
4,bimodal,Task B ,2,4,1,0.433952544,3,2,155.4173806,6,-1.39644787,3,5.14E-08,1.51E-05,0.996606988,0.996606988,1,8
5,bimodal,Task B ,1,4,1,0.04784834,3,1,165.5630971,1,0.039366828,3,0.000416465,2.65E-05,0.05981246,0.94018754,1,1
5,bimodal,Task B ,1,4,1,0.086648339,2,1,254.9353842,2,-0.077457174,2,0.000399739,2.64E-05,0.062010375,0.937989625,1,1
5,bimodal,Task B ,2,4,1,1.962177501,2,2,63.579891,3,-0.352332602,2,2.62E-11,9.40E-06,0.999997212,0.999997212,0,8
5,bimodal,Task B ,1,4,1,0.077062458,2,1,173.4593696,4,-0.041148136,2,0.000409754,2.65E-05,0.060674693,0.939325307,1,1
5,bimodal,Task B ,2,1,1,-0.926582283,4,2,113.5511847,5,0.214174516,4,1.03E-05,2.10E-05,0.670886508,0.670886508,0,5
5,bimodal,Task B ,1,2,0,0.737633196,1,2,248.1207298,6,3.060989491,1,2.75E-22,1.94E-06,1,1,1,3
6,bimodal,Task B ,2,2,1,0.564224742,2,2,204.4526546,1,0.949866799,2,2.42E-06,1.92E-05,0.888201924,0.888201924,1,6
6,bimodal,Task B ,2,2,0,-0.164761302,4,1,94.4423791,2,-0.224222848,4,0.000309807,2.60E-05,0.077450425,0.922549575,0,6
6,bimodal,Task B ,1,2,0,0.537323178,3,2,336.4769955,3,1.516359511,3,7.47E-09,1.34E-05,0.999442155,0.999442155,1,3
6,bimodal,Task B ,1,2,0,0.016040484,3,2,311.5318883,4,-0.237573585,3,0.000334666,2.61E-05,0.072435649,0.927564351,0,3
6,bimodal,Task B ,2,2,1,-2.883186936,4,2,327.819846,5,1.510056269,4,3.23E-23,1.69E-06,1,1,0,6
6,bimodal,Task B ,2,2,1,-1.614393505,1,2,36.42154885,6,-1.198368807,1,2.16E-11,9.29E-06,0.999997675,0.999997675,0,6
7,bimodal,Task B ,2,4,1,-1.989119683,4,2,48.07457575,1,-0.312516406,4,2.27E-11,9.32E-06,0.999997562,0.999997562,0,8
7,bimodal,Task B ,1,4,1,-0.407260964,3,1,241.3487358,2,0.248577412,3,0.000166933,2.50E-05,0.130358298,0.869641702,1,1
7,bimodal,Task B ,1,4,0,0.263255112,3,2,269.1531873,3,0.629101119,3,5.87E-05,2.34E-05,0.285342395,0.714657605,0,1
7,bimodal,Task B ,1,4,1,0.341931152,4,1,247.2607057,4,-0.243639299,4,0.000200536,2.53E-05,0.112073505,0.887926495,1,1
7,bimodal,Task B ,1,4,1,-0.285796343,1,1,237.3944258,5,-0.224176095,1,0.000248477,2.57E-05,0.093579536,0.906420464,1,1
7,bimodal,Task B ,1,1,0,-1.630324789,2,2,1.469930055,6,-0.97784281,2,1.32E-10,1.04E-05,0.999987321,0.999987321,0,4
8,bimodal,Task B ,1,4,1,-0.310451016,2,1,352.6015212,1,-0.230430585,2,0.000231262,2.55E-05,0.099447539,0.900552461,1,1
8,bimodal,Task B ,1,4,1,0.307213348,3,1,142.9143504,2,-0.011518108,3,0.000282491,2.59E-05,0.083863942,0.916136058,1,1
8,bimodal,Task B ,2,1,1,-0.884299814,4,2,230.1023562,3,-0.877124953,4,6.76E-07,1.77E-05,0.963304795,0.963304795,1,5
8,bimodal,Task B ,1,4,1,-0.442469075,2,1,154.6578521,4,-0.031745176,2,0.000191475,2.52E-05,0.116460241,0.883539759,1,1
8,bimodal,Task B ,1,1,0,-2.818518638,3,2,350.2203145,5,0.991922469,3,3.56E-20,2.62E-06,1,1,0,4
8,bimodal,Task B ,2,4,1,-0.538071733,4,2,181.4019042,6,-0.432491794,4,5.97E-05,2.35E-05,0.28217984,0.71782016,1,8
9,bimodal,Task B ,2,2,0,-0.072087565,4,1,356.9020164,1,-0.082095542,4,0.000405402,2.64E-05,0.06124777,0.93875223,0,6
9,bimodal,Task B ,1,1,1,0.459895803,1,1,309.7738371,2,0.560580172,1,4.55E-05,2.31E-05,0.336456315,0.663543685,0,4
9,bimodal,Task B ,2,4,1,3.723253929,4,2,331.826824,3,0.678153558,4,5.08E-30,6.36E-07,1,1,0,8
9,bimodal,Task B ,1,3,0,-2.686905775,2,2,300.1346138,4,-0.887067742,2,1.68E-18,3.34E-06,1,1,0,2
9,bimodal,Task B ,2,4,0,0.23366384,3,1,25.59284151,5,-0.489968572,3,0.000122098,2.45E-05,0.16734313,0.83265687,0,8
9,bimodal,Task B ,2,1,1,0.69107275,2,2,167.7644502,6,1.757652528,2,1.20E-10,1.03E-05,0.999988369,0.999988369,1,5
10,bimodal,Task B ,1,1,0,0.145148748,2,2,100.9385824,1,-1.297887806,2,3.20E-07,1.69E-05,0.981455001,0.981455001,1,4
10,bimodal,Task B ,1,2,1,-0.44405044,1,1,346.3608459,2,0.786547012,1,1.39E-05,2.14E-05,0.606328167,0.606328167,1,3
10,bimodal,Task B ,1,2,1,-0.004983091,2,1,265.5735525,3,0.105474778,2,0.000404462,2.64E-05,0.061373029,0.938626971,0,3
10,bimodal,Task B ,2,2,1,2.682416437,2,2,20.84139159,4,-0.103620237,2,3.78E-17,4.06E-06,1,1,0,6
10,bimodal,Task B ,2,3,1,-2.701357033,4,2,244.0277185,5,-0.041231783,4,3.32E-17,4.02E-06,1,1,0,7
10,bimodal,Task B ,2,2,1,3.893381019,3,2,124.3475735,6,0.202607375,3,1.37E-31,5.07E-07,1,1,0,6
1,bimodal,Task B ,1,2,1,-0.591455429,1,1,244.1537105,1,0.041397413,1,0.000101334,2.43E-05,0.193126892,0.806873108,1,3
1,bimodal,Task B ,2,2,1,1.843127954,2,2,272.3094007,2,1.667099837,2,2.29E-15,5.24E-06,1,1,0,6
1,bimodal,Task B ,1,4,1,0.372059547,4,1,192.316855,3,-0.247420843,4,0.000181716,2.52E-05,0.12160222,0.87839778,1,1
1,bimodal,Task B ,1,3,1,-0.396848215,4,1,346.1164501,4,0.309684702,4,0.000149482,2.49E-05,0.142548845,0.857451155,1,2
1,bimodal,Task B ,1,3,1,-0.068579807,1,1,223.9387361,5,0.270785255,1,0.000305436,2.60E-05,0.078407601,0.921592399,0,2
1,bimodal,Task B ,1,3,1,0.415825545,3,1,308.6683357,6,-0.279099768,3,0.000146515,2.48E-05,0.144861446,0.855138554,1,2
2,bimodal,Task B ,2,3,0,0.129832625,4,1,289.4229702,1,0.280329048,4,0.000281334,2.59E-05,0.084160133,0.915839867,0,7
2,bimodal,Task B ,1,2,0,0.325255315,3,2,22.08427814,2,-0.732114101,3,2.83E-05,2.24E-05,0.442097935,0.557902065,0,3
2,bimodal,Task B ,1,2,1,-0.012814824,2,1,316.5258111,3,-0.127127533,2,0.000396902,2.64E-05,0.062399901,0.937600099,0,3
2,bimodal,Task B ,2,3,1,-1.737237216,4,2,270.7353973,4,1.312908208,4,1.13E-12,7.72E-06,0.999999853,0.999999853,0,7
2,bimodal,Task B ,1,2,0,-0.248387296,2,2,108.2555045,5,-0.457670157,2,0.000137979,2.47E-05,0.151973608,0.848026392,0,3
2,bimodal,Task B ,2,3,1,0.131352239,1,2,134.7586628,6,2.356213748,1,2.54E-14,6.09E-06,0.999999996,0.999999996,1,7
3,bimodal,Task B ,2,3,1,0.744883934,4,2,138.629959,1,-0.955657318,4,8.75E-07,1.80E-05,0.953686153,0.953686153,1,7
3,bimodal,Task B ,2,4,1,-2.501205959,4,2,149.3653981,2,0.178932569,4,2.18E-15,5.22E-06,1,1,0,8
3,bimodal,Task B ,2,4,1,0.15824242,2,2,10.50522156,3,1.201639207,2,8.44E-07,1.80E-05,0.955169732,0.955169732,1,8
3,bimodal,Task B ,2,4,1,1.455829899,4,2,59.47885223,4,-0.312525517,4,3.96E-08,1.49E-05,0.997338253,0.997338253,0,8
3,bimodal,Task B ,1,4,1,-0.178625652,3,1,123.6872229,5,0.065867347,3,0.00036779,2.63E-05,0.066711093,0.933288907,1,1
3,bimodal,Task B ,1,3,0,0.322636848,4,2,255.1229857,6,0.135240215,4,0.000250708,2.57E-05,0.092871172,0.907128828,1,2
4,bimodal,Task B ,1,4,1,0.073374156,3,1,198.6824787,1,-0.322774223,3,0.000267346,2.58E-05,0.08791929,0.91208071,0,1
4,bimodal,Task B ,2,2,0,-0.483888476,3,1,100.0728181,2,-0.792948092,3,1.17E-05,2.12E-05,0.645082421,0.645082421,1,6
4,bimodal,Task B ,2,1,0,-0.212746349,1,1,352.0634617,3,-0.319453444,1,0.000231718,2.55E-05,0.099282228,0.900717772,0,5
4,bimodal,Task B ,1,1,1,0.028650487,1,1,140.7549349,4,0.79449473,1,2.91E-05,2.24E-05,0.434967313,0.565032687,0,4
4,bimodal,Task B ,2,4,1,3.008337745,4,2,257.4387984,5,-1.436969436,4,2.93E-24,1.46E-06,1,1,0,8
4,bimodal,Task B ,1,2,0,1.320625338,2,2,54.73652945,6,0.340374173,2,1.74E-07,1.63E-05,0.989414053,0.989414053,0,3
5,bimodal,Task B ,2,4,1,-2.238916689,2,2,185.8239406,1,-0.587661254,2,1.01E-13,6.64E-06,0.999999985,0.999999985,0,8
5,bimodal,Task B ,1,4,0,0.726127343,1,2,80.7810255,2,0.95859011,1,9.39E-07,1.81E-05,0.95068394,0.95068394,1,1
5,bimodal,Task B ,2,4,1,-2.743780421,3,2,5.630875018,3,-1.100287448,3,7.84E-20,2.76E-06,1,1,0,8
5,bimodal,Task B ,2,4,1,0.053773335,3,2,184.8124187,4,-1.411732968,3,9.43E-08,1.57E-05,0.994021604,0.994021604,1,8
5,bimodal,Task B ,1,4,0,-2.820317844,1,2,137.3196959,5,-0.017762306,1,2.20E-18,3.39E-06,1,1,0,1
5,bimodal,Task B ,2,2,0,-0.509394015,2,1,163.9755183,6,0.052604633,2,0.000146211,2.48E-05,0.145102861,0.854897139,1,6
6,bimodal,Task B ,1,2,1,0.253167299,3,1,140.4527744,1,-0.335192534,3,0.000200712,2.53E-05,0.111992065,0.888007935,0,3
6,bimodal,Task B ,2,1,0,0.280516531,1,1,49.78413789,2,0.547711211,1,8.46E-05,2.40E-05,0.220851894,0.779148106,0,5
6,bimodal,Task B ,1,2,1,0.191971642,3,1,299.7525853,3,-0.110920178,3,0.000342998,2.62E-05,0.070901919,0.929098081,1,3
6,bimodal,Task B ,2,2,1,-1.034009694,3,2,22.95017535,4,0.441765611,3,2.30E-06,1.91E-05,0.892878898,0.892878898,0,6
6,bimodal,Task B ,2,2,0,0.241122573,1,1,16.28147781,5,-0.18375626,1,0.000286349,2.59E-05,0.082892013,0.917107987,1,6
6,bimodal,Task B ,1,2,0,0.565443287,3,2,222.9346639,6,-0.267993374,3,8.11E-05,2.39E-05,0.227718904,0.772281096,1,3
7,bimodal,Task B ,2,4,0,0.199284133,2,1,270.6897497,1,0.066777694,2,0.000349542,2.62E-05,0.06974364,0.93025636,1,8
7,bimodal,Task B ,2,4,1,-0.077030821,1,2,84.29637404,2,-0.933053133,1,1.06E-05,2.11E-05,0.664355423,0.664355423,1,8
7,bimodal,Task B ,1,1,0,0.873241593,1,2,187.9820099,3,-2.847552897,1,2.42E-20,2.56E-06,1,1,1,4
7,bimodal,Task B ,1,4,0,0.50792933,4,2,188.2094397,4,1.44320138,4,2.12E-08,1.43E-05,0.998517199,0.998517199,1,1
7,bimodal,Task B ,1,1,1,-0.182039593,1,1,30.85015907,5,0.115304299,1,0.000352201,2.62E-05,0.069284078,0.930715922,1,4
7,bimodal,Task B ,1,1,1,-0.187542443,1,1,300.3011087,6,0.020421606,1,0.000369238,2.63E-05,0.066482184,0.933517816,1,4
8,bimodal,Task B ,2,4,1,2.078544696,2,2,94.9745776,1,2.431830433,2,8.72E-23,1.80E-06,1,1,1,8
8,bimodal,Task B ,2,4,1,1.397560903,3,2,253.1362814,2,-1.924306659,3,1.98E-14,6.00E-06,0.999999997,0.999999997,1,8
8,bimodal,Task B ,2,4,0,-0.357919448,1,1,301.8822127,3,-0.500550308,1,8.86E-05,2.41E-05,0.213592143,0.786407857,0,8
8,bimodal,Task B ,1,4,0,-0.789846191,1,2,312.8416121,4,-0.107636004,1,3.15E-05,2.25E-05,0.417173135,0.582826865,1,1
8,bimodal,Task B ,1,4,1,-0.803667595,2,1,159.8737438,5,0.200465403,2,2.54E-05,2.22E-05,0.466835781,0.533164219,1,1
8,bimodal,Task B ,1,4,1,0.081129075,1,1,43.18749657,6,0.115427638,1,0.000388327,2.64E-05,0.063608771,0.936391229,0,1
9,bimodal,Task B ,1,3,0,1.441271097,4,2,336.4273207,1,0.434781839,4,3.19E-08,1.47E-05,0.997829593,0.997829593,0,2
9,bimodal,Task B ,1,1,0,-0.1396668,4,2,205.6124936,2,-1.237812012,4,6.20E-07,1.76E-05,0.966034169,0.966034169,1,4
9,bimodal,Task B ,1,2,0,-0.121032674,1,2,182.761269,3,-0.571048001,1,0.000102036,2.43E-05,0.192120614,0.807879386,0,3
9,bimodal,Task B ,2,1,1,-1.622550172,1,2,40.01279946,4,-1.99429905,1,4.29E-16,4.72E-06,1,1,1,5
9,bimodal,Task B ,1,3,1,0.104727478,4,1,114.7631796,5,-0.40321071,4,0.000204029,2.53E-05,0.110472968,0.889527032,0,2
9,bimodal,Task B ,1,1,0,-2.023508911,4,2,270.504606,6,0.662141207,4,3.01E-12,8.21E-06,0.999999633,0.999999633,0,4
10,bimodal,Task B ,1,1,1,-0.419004408,1,1,171.1916917,1,0.58267374,1,4.95E-05,2.32E-05,0.319084451,0.680915549,0,4
10,bimodal,Task B ,1,2,0,1.0475394,4,2,305.5222568,2,-0.508363002,4,1.43E-06,1.86E-05,0.928460967,0.928460967,0,3
10,bimodal,Task B ,1,2,1,0.060524299,3,1,309.454473,3,-0.589830779,3,9.66E-05,2.42E-05,0.200227361,0.799772639,0,3
10,bimodal,Task B ,2,3,1,-1.633213109,3,2,239.5353957,4,2.064578465,3,1.06E-16,4.33E-06,1,1,1,7
10,bimodal,Task B ,2,1,1,-2.540786409,3,2,245.7933917,5,-1.287031214,3,1.02E-18,3.24E-06,1,1,0,5
10,bimodal,Task B ,2,2,0,0.637512037,4,1,339.4945279,6,-0.224102866,4,6.18E-05,2.35E-05,0.27576687,0.72423313,1,6
1,bimodal,Task B ,2,2,1,0.586747783,4,2,110.812962,1,-1.033157894,4,1.10E-06,1.83E-05,0.943068391,0.943068391,1,6
1,bimodal,Task B ,1,1,1,0.216818072,2,1,55.54255954,2,-0.308698915,2,0.000231886,2.55E-05,0.099221309,0.900778691,0,4
1,bimodal,Task B ,2,1,0,0.50099553,1,1,338.6055885,3,-0.216719167,1,0.000120147,2.45E-05,0.169458039,0.830541961,1,5
1,bimodal,Task B ,2,2,1,-1.582831601,1,2,39.94451383,4,-1.572890881,1,4.12E-13,7.25E-06,0.999999943,0.999999943,1,6
1,bimodal,Task B ,1,2,0,1.07398124,2,2,116.7052488,5,-0.430219745,2,1.54E-06,1.87E-05,0.923677602,0.923677602,0,3
1,bimodal,Task B ,1,3,0,0.663414374,3,2,188.7356278,6,1.373138401,3,2.28E-08,1.43E-05,0.998416621,0.998416621,1,2
2,bimodal,Task B ,2,3,1,1.588900416,1,2,77.06946735,1,-1.075204759,1,8.47E-11,1.01E-05,0.999991621,0.999991621,0,7
2,bimodal,Task B ,1,1,0,-0.097526471,1,2,184.4659912,2,-0.404453126,1,0.000206375,2.54E-05,0.109423981,0.890576019,0,4
2,bimodal,Task B ,1,2,1,-0.137173757,2,1,327.9076936,3,-0.120419604,2,0.00037207,2.63E-05,0.066038926,0.933961074,1,3
2,bimodal,Task B ,1,2,0,-0.490344031,4,2,225.1942709,4,0.598657267,4,3.50E-05,2.27E-05,0.393234826,0.606765174,0,3
2,bimodal,Task B ,2,3,0,-0.146385154,4,1,117.3129772,5,0.006400039,4,0.000390839,2.64E-05,0.063249571,0.936750429,1,7
2,bimodal,Task B ,1,2,1,0.114260367,1,1,90.67899696,6,-0.442533764,1,0.000175772,2.51E-05,0.124972084,0.875027916,0,3
3,bimodal,Task B ,2,2,0,0.710345975,4,1,83.86157057,1,-0.196351233,4,4.30E-05,2.30E-05,0.348407004,0.651592996,1,6
3,bimodal,Task B ,2,2,1,-1.022791936,1,2,20.13958823,2,1.393549897,1,1.57E-09,1.21E-05,0.999870818,0.999870818,1,6
3,bimodal,Task B ,2,4,1,-1.016742303,3,2,92.97534551,3,2.694875234,3,2.87E-19,2.99E-06,1,1,1,8
3,bimodal,Task B ,2,3,0,-0.399713422,3,1,186.6005088,4,-0.386972077,3,0.000118907,2.45E-05,0.170831977,0.829168023,1,7
3,bimodal,Task B ,2,4,1,1.607939223,3,2,214.6108601,5,0.652239902,3,1.41E-09,1.21E-05,0.999883111,0.999883111,0,8
3,bimodal,Task B ,2,4,1,1.222897587,2,2,311.3877639,6,-2.221251564,2,7.43E-16,4.89E-06,1,1,1,8
4,bimodal,Task B ,1,1,1,0.128652013,1,1,222.6322806,1,-0.131517361,1,0.000366567,2.63E-05,0.066905779,0.933094221,1,4
4,bimodal,Task B ,1,2,1,-0.191501978,1,1,47.40719602,2,-0.217706342,1,0.000301794,2.60E-05,0.079224007,0.920775993,0,3
4,bimodal,Task B ,1,1,0,-0.349408753,2,2,299.9808823,3,1.634090534,2,3.25E-09,1.27E-05,0.999744444,0.999744444,1,4
4,bimodal,Task B ,1,2,0,0.557476742,2,2,133.6810057,4,-1.031196468,2,1.29E-06,1.85E-05,0.934600358,0.934600358,1,3
4,bimodal,Task B ,1,1,0,-1.55661677,1,2,98.77050128,5,0.080441832,1,1.90E-08,1.42E-05,0.99866439,0.99866439,0,4
4,bimodal,Task B ,2,2,1,-1.319291238,3,2,238.8128801,6,0.231934838,3,2.61E-07,1.67E-05,0.984625623,0.984625623,0,6
5,bimodal,Task B ,1,2,1,-0.448325181,2,1,233.8532293,1,0.484442878,2,6.95E-05,2.37E-05,0.254233496,0.745766504,0,3
5,bimodal,Task B ,2,4,1,-1.320592793,4,2,172.7123227,2,0.694011667,4,4.20E-08,1.49E-05,0.997187759,0.997187759,0,8
5,bimodal,Task B ,2,4,1,3.596325777,2,2,297.6106928,3,0.310439907,2,1.13E-27,8.92E-07,1,1,0,8
5,bimodal,Task B ,1,4,1,-0.677603055,1,1,289.4404349,4,-0.350942963,1,3.89E-05,2.28E-05,0.370152491,0.629847509,1,1
5,bimodal,Task B ,2,3,0,-0.007962527,4,1,288.2384283,5,0.262270024,4,0.000316519,2.60E-05,0.076026844,0.923973156,0,7
5,bimodal,Task B ,2,4,1,0.507189905,4,2,183.9934752,6,-0.674096571,4,2.11E-05,2.20E-05,0.510685615,0.510685615,1,8
6,bimodal,Task B ,2,2,0,0.273627594,1,1,234.0875172,1,0.552258695,1,8.42E-05,2.40E-05,0.221657582,0.778342418,0,6
6,bimodal,Task B ,1,2,0,-3.455409869,2,2,73.81513649,2,-0.426156415,2,6.87E-26,1.15E-06,1,1,0,3
6,bimodal,Task B ,1,2,0,-1.102880497,1,2,209.113307,3,-0.821083695,1,1.68E-07,1.63E-05,0.989776581,0.989776581,0,3
6,bimodal,Task B ,1,2,0,-0.518197811,3,2,158.9212406,4,-2.307747272,3,2.52E-14,6.09E-06,0.999999996,0.999999996,1,3
6,bimodal,Task B ,1,1,0,1.133094196,1,2,248.955462,5,-1.230779319,1,3.30E-09,1.27E-05,0.999740859,0.999740859,1,4
6,bimodal,Task B ,1,2,1,-0.178217548,2,1,279.701386,6,-0.279745483,2,0.000270407,2.58E-05,0.087067223,0.912932777,0,3
7,bimodal,Task B ,1,1,0,1.61195903,1,2,212.9195823,1,-3.018802769,1,1.65E-25,1.22E-06,1,1,1,4
7,bimodal,Task B ,2,2,0,-0.580152198,4,1,328.7749526,2,-0.322086802,4,6.98E-05,2.37E-05,0.253333724,0.746666276,1,6
7,bimodal,Task B ,1,4,1,0.095898575,2,1,163.2155256,3,-0.35609465,2,0.000239015,2.56E-05,0.096712848,0.903287152,0,1
7,bimodal,Task B ,2,4,1,-0.666565821,3,2,344.4671949,4,0.362492821,3,3.96E-05,2.29E-05,0.366157523,0.633842477,1,8
7,bimodal,Task B ,1,1,1,-0.042966008,3,1,336.4954016,5,0.612414083,3,8.60E-05,2.40E-05,0.218145049,0.781854951,0,4
7,bimodal,Task B ,1,1,1,-0.215735695,2,1,42.97623963,6,0.767910191,2,2.91E-05,2.24E-05,0.435567304,0.564432696,0,4
8,bimodal,Task B ,1,4,0,-0.449700519,3,2,91.31290871,1,-1.042304699,3,1.93E-06,1.89E-05,0.907478013,0.907478013,1,1
8,bimodal,Task B ,1,4,1,-0.030883905,4,1,323.0402331,2,-0.360255827,4,0.000245731,2.56E-05,0.09446687,0.90553313,0,1
8,bimodal,Task B ,1,4,0,0.34778614,2,2,303.8025004,3,0.008649356,2,0.000252495,2.57E-05,0.092311783,0.907688217,1,1
8,bimodal,Task B ,1,4,1,0.02072132,2,1,110.4716249,4,0.276229984,2,0.000305702,2.60E-05,0.078348668,0.921651332,0,1
8,bimodal,Task B ,1,4,1,0.114046874,4,1,246.2738586,5,-0.007653453,4,0.000399805,2.64E-05,0.062001397,0.937998603,1,1
8,bimodal,Task B ,1,4,1,-0.152257492,4,1,102.7533147,6,-0.249930751,4,0.000299061,2.60E-05,0.079848544,0.920151456,0,1
9,bimodal,Task B ,1,3,1,-0.317622171,4,1,320.8954723,1,0.106262653,4,0.00026986,2.58E-05,0.087218181,0.912781819,1,2
9,bimodal,Task B ,2,1,0,0.363942661,4,1,276.247521,2,-0.012021899,4,0.000240522,2.56E-05,0.096199256,0.903800744,1,5
9,bimodal,Task B ,1,3,1,0.134794614,4,1,280.5761659,3,-0.39920485,4,0.000200427,2.53E-05,0.11212426,0.88787574,0,2
9,bimodal,Task B ,1,2,1,-0.312694698,2,1,295.3179729,4,0.04459802,2,0.00028444,2.59E-05,0.083369897,0.916630103,1,3
9,bimodal,Task B ,1,3,0,-0.195406203,1,2,158.4938456,5,0.411602963,1,0.000177956,2.51E-05,0.123711723,0.876288277,0,2
9,bimodal,Task B ,2,2,0,0.45119491,4,1,297.8889254,6,-0.245602464,4,0.000138648,2.47E-05,0.15138988,0.84861012,1,6
10,bimodal,Task B ,1,3,1,0.144757265,4,1,254.5978913,1,-0.01046421,4,0.000386191,2.64E-05,0.063917395,0.936082605,1,2
10,bimodal,Task B ,1,2,0,-0.203776005,1,2,239.9605035,2,0.394900186,1,0.000185882,2.52E-05,0.119350685,0.880649315,0,3
10,bimodal,Task B ,1,1,1,0.09045943,1,1,279.8484003,3,-0.495093644,1,0.000145927,2.48E-05,0.145329398,0.854670602,0,4
10,bimodal,Task B ,1,2,0,-0.30708132,1,2,307.1991956,4,-2.495377858,1,1.15E-15,5.02E-06,1,1,1,3
10,bimodal,Task B ,1,2,1,0.577766557,2,1,75.02243662,5,-0.2256817,2,8.35E-05,2.40E-05,0.223034853,0.776965147,1,3
10,bimodal,Task B ,1,2,1,-0.149890409,3,1,41.68768408,6,0.382915942,3,0.000208756,2.54E-05,0.108380135,0.891619865,0,3
1,bimodal,Task B ,1,2,0,-0.616380025,1,2,136.1896622,1,-0.210110814,1,7.51E-05,2.38E-05,0.240772759,0.759227241,1,3
1,bimodal,Task B ,2,2,0,0.289563411,1,1,113.596907,2,0.264800929,1,0.000219137,2.55E-05,0.104061391,0.895938609,1,6
1,bimodal,Task B ,1,3,1,0.036078363,4,1,130.5037999,3,-0.16662054,4,0.000375446,2.63E-05,0.065518593,0.934481407,0,2
1,bimodal,Task B ,2,2,1,-1.410814997,4,2,259.4462786,4,-1.347708951,4,5.55E-11,9.85E-06,0.999994366,0.999994366,0,6
1,bimodal,Task B ,1,3,1,0.172812263,3,1,116.1588612,5,-0.103146737,3,0.000355879,2.62E-05,0.068658528,0.931341472,1,2
1,bimodal,Task B ,1,2,0,0.303756923,4,2,63.73385358,6,0.993397816,4,4.38E-06,1.99E-05,0.819956538,0.819956538,1,3
2,bimodal,Task B ,1,2,1,0.250691844,2,1,262.1869047,1,-0.145660555,2,0.000295824,2.59E-05,0.080601354,0.919398646,1,3
2,bimodal,Task B ,1,2,0,0.607896656,3,2,300.6808123,2,-2.391313567,3,3.00E-15,5.33E-06,0.999999999,0.999999999,1,3
2,bimodal,Task B ,1,3,0,0.321389326,4,2,79.38530242,3,-1.719319531,4,1.06E-09,1.18E-05,0.999910792,0.999910792,1,2
2,bimodal,Task B ,2,1,1,-0.770878817,3,2,229.7373493,4,0.614273172,3,7.54E-06,2.06E-05,0.732278804,0.732278804,0,5
2,bimodal,Task B ,1,2,0,-0.427065484,2,2,188.8431139,5,1.034470439,2,2.19E-06,1.91E-05,0.897002488,0.897002488,1,3
2,bimodal,Task B ,1,3,1,-0.337993018,2,1,146.5650979,6,0.378583187,2,0.000145914,2.48E-05,0.14533987,0.85466013,0,2
3,bimodal,Task B ,2,1,0,0.093692614,2,1,232.8889688,1,-0.332759176,2,0.000256201,2.57E-05,0.091173383,0.908826617,0,5
3,bimodal,Task B ,2,2,1,1.794547823,1,2,16.35971935,2,0.911644338,1,1.80E-11,9.18E-06,0.999998039,0.999998039,0,6
3,bimodal,Task B ,2,4,1,-1.677699788,3,2,256.490446,3,-1.30852787,3,2.84E-12,8.18E-06,0.999999652,0.999999652,0,8
3,bimodal,Task B ,2,3,1,1.189919793,1,2,201.2034817,4,0.669570023,1,1.68E-07,1.63E-05,0.989784452,0.989784452,0,7
3,bimodal,Task B ,1,2,1,0.150417048,1,1,328.0050939,5,-0.471145378,1,0.000151064,2.49E-05,0.1413471,0.8586529,0,3
3,bimodal,Task B ,1,3,1,0.883255177,2,1,84.59573509,6,-0.36894137,2,9.01E-06,2.09E-05,0.6981686,0.6981686,0,2
4,bimodal,Task B ,1,3,1,0.396562869,1,1,356.6087475,1,-0.003210671,1,0.000216745,2.54E-05,0.105024525,0.894975475,1,2
4,bimodal,Task B ,2,4,0,-0.718517986,4,1,325.1565431,2,0.58686048,4,1.19E-05,2.12E-05,0.639771926,0.639771926,0,8
4,bimodal,Task B ,1,1,1,0.005093684,1,1,223.3940557,3,0.204104233,1,0.000354986,2.62E-05,0.068809316,0.931190684,0,4
4,bimodal,Task B ,1,1,0,-1.39089521,1,2,309.9877119,4,-0.006859427,1,1.47E-07,1.61E-05,0.990956234,0.990956234,0,4
4,bimodal,Task B ,1,3,1,-0.164011765,1,1,198.803798,5,-0.41569282,1,0.000185279,2.52E-05,0.11967119,0.88032881,0,2
4,bimodal,Task B ,1,3,1,0.330534826,4,1,176.3321058,6,0.2102695,4,0.000219691,2.55E-05,0.103840675,0.896159325,1,2
5,bimodal,Task B ,1,2,1,-0.130596511,2,1,30.11575583,1,-0.256207683,2,0.00030239,2.60E-05,0.079089312,0.920910688,0,3
5,bimodal,Task B ,1,4,1,-0.096295675,2,1,215.8396646,2,0.17984383,2,0.000357127,2.62E-05,0.068449019,0.931550981,0,1
5,bimodal,Task B ,2,4,1,-1.71722745,4,2,201.5770564,3,2.211092855,4,2.35E-18,3.41E-06,1,1,1,8
5,bimodal,Task B ,2,4,1,-1.887423141,3,2,199.3790941,4,1.234358393,3,2.78E-13,7.07E-06,0.999999961,0.999999961,0,8
5,bimodal,Task B ,2,4,1,-1.888392719,3,2,160.754297,5,1.396168739,3,4.53E-14,6.32E-06,0.999999993,0.999999993,0,8
5,bimodal,Task B ,2,4,1,-1.529606207,3,2,92.53839315,6,-1.326155027,3,1.67E-11,9.14E-06,0.999998174,0.999998174,0,8
6,bimodal,Task B ,1,2,0,-0.282585991,4,2,54.40547675,1,0.896424014,4,1.03E-05,2.10E-05,0.67158017,0.67158017,1,3
6,bimodal,Task B ,2,2,1,-1.313864767,1,2,169.9950546,2,0.123855328,1,3.26E-07,1.69E-05,0.981125089,0.981125089,0,6
6,bimodal,Task B ,2,2,0,-0.13350597,3,1,72.70674406,3,0.235651931,3,0.000312888,2.60E-05,0.07679008,0.92320992,0,6
6,bimodal,Task B ,1,2,1,-0.042928121,4,1,17.003493,4,-0.632780913,4,7.84E-05,2.39E-05,0.233401036,0.766598964,0,3
6,bimodal,Task B ,2,2,1,1.024102498,2,2,133.3267739,5,0.633340866,2,9.48E-07,1.81E-05,0.950258051,0.950258051,0,6
6,bimodal,Task B ,1,1,0,0.03598242,2,2,44.14971842,6,0.20054364,2,0.000354768,2.62E-05,0.068846207,0.931153793,0,4
7,bimodal,Task B ,2,4,0,-0.110126442,4,1,215.2857014,1,0.049778444,4,0.000401185,2.64E-05,0.061813868,0.938186132,1,8
7,bimodal,Task B ,1,4,1,0.2042149,4,1,171.5309398,2,-0.517917296,4,0.000114568,2.44E-05,0.175824302,0.824175698,0,1
7,bimodal,Task B ,1,1,1,0.279577499,3,1,291.8302159,3,0.352099705,3,0.000178655,2.51E-05,0.12331385,0.87668615,0,4
7,bimodal,Task B ,2,1,1,-1.708623419,2,2,289.0167856,4,1.22600649,2,4.33E-12,8.40E-06,0.999999484,0.999999484,0,5
7,bimodal,Task B ,2,1,1,3.258516569,4,2,89.95326563,5,-2.170905229,4,6.08E-32,4.82E-07,1,1,0,5
7,bimodal,Task B ,1,4,0,-0.874301038,4,2,32.74843488,6,-0.173113461,4,1.63E-05,2.16E-05,0.56979656,0.56979656,0,1
8,bimodal,Task B ,1,4,1,-0.463894688,1,1,301.3823595,1,-0.126043586,1,0.000166232,2.50E-05,0.130806146,0.869193854,1,1
8,bimodal,Task B ,1,4,0,-0.618715749,3,2,305.6013408,2,0.791436829,3,6.28E-06,2.04E-05,0.764465156,0.764465156,1,1
8,bimodal,Task B ,2,1,1,0.990958198,1,2,270.27201,3,1.705094571,1,3.15E-11,9.51E-06,0.999996688,0.999996688,1,5
8,bimodal,Task B ,1,4,1,-0.230960544,3,1,90.14859725,4,0.635126205,3,6.22E-05,2.35E-05,0.274472545,0.725527455,0,1
8,bimodal,Task B ,2,4,1,-1.461786492,3,2,40.89725869,5,-0.471246468,3,2.51E-08,1.44E-05,0.998264055,0.998264055,0,8
8,bimodal,Task B ,2,4,1,2.607008689,2,2,319.9758239,6,3.146366277,2,1.42E-34,3.30E-07,1,1,1,8
9,bimodal,Task B ,2,4,1,-0.020642875,4,2,211.4038244,1,0.260296145,4,0.00031762,2.60E-05,0.075798471,0.924201529,0,8
9,bimodal,Task B ,1,1,0,2.491577708,3,2,347.8388176,2,-1.155324488,3,8.71E-18,3.70E-06,1,1,0,4
9,bimodal,Task B ,1,3,1,0.223266497,4,1,218.3418369,3,0.442514241,4,0.000148624,2.48E-05,0.14321018,0.85678982,0,2
9,bimodal,Task B ,2,2,0,0.353935456,1,1,294.4161414,4,0.191979092,1,0.000211848,2.54E-05,0.107055615,0.892944385,1,6
9,bimodal,Task B ,1,1,1,0.395164118,2,1,355.7767967,5,-0.271465284,2,0.000160028,2.50E-05,0.13491438,0.86508562,1,4
9,bimodal,Task B ,2,1,1,2.584872008,1,2,210.2035503,6,0.658594939,1,5.33E-17,4.14E-06,1,1,0,5
10,bimodal,Task B ,2,2,1,0.600019687,3,2,176.3070961,1,0.044210445,3,9.17E-05,2.41E-05,0.208160588,0.791839412,1,6
10,bimodal,Task B ,1,1,0,-1.672346328,1,2,274.799379,2,3.719268038,1,1.74E-34,3.35E-07,1,1,1,4
10,bimodal,Task B ,2,1,1,0.350790885,1,2,140.9298272,3,2.230713368,1,1.84E-13,6.89E-06,0.999999973,0.999999973,1,5
10,bimodal,Task B ,1,2,1,-0.2463588,2,1,192.112796,4,0.105282651,2,0.000318075,2.61E-05,0.075704425,0.924295575,1,3
10,bimodal,Task B ,1,2,1,0.17016812,4,1,134.3362567,5,-0.440929057,4,0.000165087,2.50E-05,0.131544923,0.868455077,0,3
10,bimodal,Task B ,1,2,0,0.396624394,4,2,158.35609,6,0.390597976,4,0.00011331,2.44E-05,0.177329767,0.822670233,1,3
1,bimodal,Task B ,1,3,1,-0.258184076,4,1,39.73432421,1,0.066365139,4,0.000319485,2.61E-05,0.075414874,0.924585126,1,2
1,bimodal,Task B ,1,2,1,-0.306234531,1,1,121.1563588,2,-0.143611324,1,0.000267805,2.58E-05,0.08779039,0.91220961,1,3
1,bimodal,Task B ,1,4,1,0.201048814,4,1,130.2472846,3,-0.38532745,4,0.000190703,2.52E-05,0.116850818,0.883149182,0,1
1,bimodal,Task B ,2,4,1,2.418482353,4,2,60.40124572,4,-1.00225656,4,1.56E-16,4.43E-06,1,1,0,8
1,bimodal,Task B ,2,2,0,-0.087836349,1,1,146.1136045,5,0.160166242,1,0.000369674,2.63E-05,0.066413552,0.933586448,0,6
1,bimodal,Task B ,2,2,1,-0.829019877,4,2,202.6886087,6,-0.838711059,4,1.32E-06,1.85E-05,0.933457356,0.933457356,1,6
2,bimodal,Task B ,2,3,1,-1.395536286,4,2,0.80870702,1,-1.174765052,4,4.17E-10,1.12E-05,0.999962679,0.999962679,0,7
2,bimodal,Task B ,1,2,0,-0.173610792,2,2,109.7062598,2,0.219515555,2,0.00030729,2.60E-05,0.077998547,0.922001453,0,3
2,bimodal,Task B ,1,2,0,0.131033945,2,2,53.54954622,3,1.148335463,2,1.48E-06,1.86E-05,0.92627801,0.92627801,1,3
2,bimodal,Task B ,2,1,1,0.867937952,1,2,34.72980433,4,-0.975776875,1,3.24E-07,1.69E-05,0.981229533,0.981229533,1,5
2,bimodal,Task B ,1,2,1,-0.028066855,1,1,225.8683829,5,-0.128985468,1,0.000395376,2.64E-05,0.062611537,0.937388463,0,3
2,bimodal,Task B ,1,2,1,-0.584745706,3,1,67.23364681,6,0.142985073,3,9.66E-05,2.42E-05,0.200199226,0.799800774,1,3
3,bimodal,Task B ,1,3,1,-0.076352905,3,1,222.4535522,1,0.375843539,3,0.000228033,2.55E-05,0.100634354,0.899365646,0,2
3,bimodal,Task B ,1,3,1,-0.060100151,1,1,271.3721071,2,-0.236141306,1,0.000332178,2.61E-05,0.072907238,0.927092762,0,2
3,bimodal,Task B ,1,1,0,0.261097778,1,2,40.79470548,3,-0.836278675,1,1.66E-05,2.17E-05,0.56549494,0.56549494,1,4
3,bimodal,Task B ,1,1,1,-0.175221903,4,1,17.71052509,4,0.214508189,4,0.000309441,2.60E-05,0.077529712,0.922470288,0,4
3,bimodal,Task B ,1,3,1,-0.13078649,4,1,43.15386807,5,0.470589699,4,0.000155347,2.49E-05,0.13819533,0.86180467,0,2
3,bimodal,Task B ,1,3,1,-0.032199828,1,1,301.476839,6,0.529095461,1,0.000129044,2.46E-05,0.160239886,0.839760114,0,2
4,bimodal,Task B ,2,4,1,1.074102303,4,2,177.1283824,1,-2.747074468,4,5.05E-20,2.68E-06,1,1,1,8
4,bimodal,Task B ,1,3,1,0.540066766,4,1,103.0328587,2,-0.070199172,4,0.000120758,2.45E-05,0.168790069,0.831209931,1,2
4,bimodal,Task B ,1,1,1,-0.34746202,3,1,95.36247646,3,0.045486624,3,0.000258922,2.57E-05,0.090356236,0.909643764,1,4
4,bimodal,Task B ,1,1,1,0.265251677,1,1,185.6778497,4,-0.020780824,1,0.000312381,2.60E-05,0.076897901,0.923102099,1,4
4,bimodal,Task B ,1,1,0,-0.185929057,1,2,329.3507928,5,-0.908664,1,1.15E-05,2.12E-05,0.648369779,0.648369779,1,4
4,bimodal,Task B ,2,3,1,0.318765215,2,2,193.3568612,6,-1.998016192,2,1.35E-11,9.02E-06,0.999998507,0.999998507,1,7
5,bimodal,Task B ,2,2,0,-0.016665568,2,1,66.12991618,1,0.231065573,2,0.000337727,2.61E-05,0.071864242,0.928135758,0,6
5,bimodal,Task B ,1,1,1,-0.141222055,2,1,300.0079689,2,-0.053166199,2,0.000388823,2.64E-05,0.063537505,0.936462495,1,4
5,bimodal,Task B ,1,2,1,-0.152759083,3,1,26.63291165,3,0.235052593,3,0.000306456,2.60E-05,0.078182134,0.921817866,0,3
5,bimodal,Task B ,1,4,0,-0.124229037,1,2,149.4013898,4,1.617076843,1,6.32E-09,1.32E-05,0.999523031,0.999523031,1,1
5,bimodal,Task B ,1,4,1,0.099899077,4,1,169.70784,5,-0.183695065,4,0.000352126,2.62E-05,0.069296861,0.930703139,0,1
5,bimodal,Task B ,2,4,1,-0.188470843,3,2,170.2980927,6,1.115592018,3,1.91E-06,1.89E-05,0.908410085,0.908410085,1,8
6,bimodal,Task B ,1,2,1,-0.141545792,4,1,242.1630426,1,-0.738657355,4,3.96E-05,2.29E-05,0.36603799,0.63396201,0,3
6,bimodal,Task B ,1,1,0,1.402118949,4,2,300.5517252,2,-0.250002664,4,8.71E-08,1.56E-05,0.994445808,0.994445808,0,4
6,bimodal,Task B ,1,2,1,-0.74799311,3,1,277.3474136,3,0.026818903,3,4.29E-05,2.30E-05,0.348720263,0.651279737,1,3
6,bimodal,Task B ,1,2,0,-0.259894058,2,2,268.7448071,4,0.049076617,2,0.000321093,2.61E-05,0.075087313,0.924912687,1,3
6,bimodal,Task B ,2,2,1,0.217264533,4,2,115.4383767,5,-1.660492535,4,3.10E-09,1.27E-05,0.999755306,0.999755306,1,6
6,bimodal,Task B ,2,2,1,-0.869729321,4,2,264.0551849,6,-2.085187936,4,2.09E-13,6.95E-06,0.99999997,0.99999997,1,6
7,bimodal,Task B ,2,4,1,-0.502361913,4,2,192.5674463,1,0.76143263,4,1.31E-05,2.13E-05,0.620110862,0.620110862,1,8
7,bimodal,Task B ,1,4,1,-0.113052935,3,1,270.2720626,2,0.577550119,3,9.83E-05,2.42E-05,0.197560391,0.802439609,0,1
7,bimodal,Task B ,1,1,0,-0.300232217,1,2,190.185112,3,0.219384989,1,0.00024103,2.56E-05,0.096027523,0.903972477,1,4
7,bimodal,Task B ,1,1,1,0.68375044,3,1,264.6835973,4,0.08840765,3,5.70E-05,2.34E-05,0.291063599,0.708936401,1,4
7,bimodal,Task B ,1,4,1,0.376861715,4,1,144.1166341,5,-0.195471293,4,0.000197123,2.53E-05,0.11368513,0.88631487,1,1
7,bimodal,Task B ,1,1,1,-0.043199807,1,1,108.0431475,6,0.309432928,1,0.000280682,2.58E-05,0.084327737,0.915672263,0,4
8,bimodal,Task B ,1,4,1,-0.801561704,1,1,255.3654731,1,-0.544232522,1,8.82E-06,2.08E-05,0.70253567,0.70253567,0,1
8,bimodal,Task B ,1,4,1,-0.152796286,3,1,232.9716327,2,0.170267108,3,0.000342612,2.62E-05,0.070971468,0.929028532,0,1
8,bimodal,Task B ,2,4,1,-1.93460181,2,2,127.3249961,3,-1.969494167,2,6.56E-18,3.63E-06,1,1,1,8
8,bimodal,Task B ,2,4,1,-1.420653256,4,2,30.54440072,4,-1.926033521,4,1.68E-14,5.94E-06,0.999999997,0.999999997,1,8
8,bimodal,Task B ,1,4,0,-0.242374478,2,2,345.5888479,5,0.79453425,2,2.32E-05,2.21E-05,0.488015148,0.511984852,0,1
8,bimodal,Task B ,1,4,1,-0.363125965,1,1,55.77622122,6,-0.195148583,1,0.00021309,2.54E-05,0.106532523,0.893467477,1,1
9,bimodal,Task B ,1,3,0,-0.939241159,4,2,167.3188373,1,0.37316636,4,6.30E-06,2.04E-05,0.764011913,0.764011913,0,2
9,bimodal,Task B ,2,2,0,-0.029554931,1,1,15.93984696,2,-0.379104439,1,0.000231804,2.55E-05,0.099250996,0.900749004,0,6
9,bimodal,Task B ,1,1,1,-0.424217043,1,1,222.047026,3,-0.566814441,1,5.32E-05,2.33E-05,0.304640568,0.695359432,0,4
9,bimodal,Task B ,2,4,1,1.307429816,4,2,331.0517942,4,1.424177496,4,6.21E-11,9.92E-06,0.999993743,0.999993743,1,8
9,bimodal,Task B ,2,3,1,-1.560466234,4,2,95.41432809,5,0.522674758,4,5.83E-09,1.32E-05,0.999557988,0.999557988,0,7
9,bimodal,Task B ,2,3,1,1.374687916,4,2,149.4043992,6,-1.882339529,4,5.07E-14,6.36E-06,0.999999992,0.999999992,1,7
10,bimodal,Task B ,2,2,1,0.986625906,4,2,211.0674765,1,0.686718092,4,9.64E-07,1.81E-05,0.949515411,0.949515411,0,6
10,bimodal,Task B ,1,2,1,0.284468021,3,1,104.9971423,2,-0.180840176,3,0.000261128,2.57E-05,0.089704493,0.910295507,1,3
10,bimodal,Task B ,1,1,0,-0.315887254,1,2,229.2934629,3,1.193723207,1,6.86E-07,1.77E-05,0.962806767,0.962806767,1,4
10,bimodal,Task B ,1,2,1,-0.226609616,1,1,182.4452856,4,0.042640482,1,0.000343762,2.62E-05,0.070764532,0.929235468,1,3
10,bimodal,Task B ,1,1,1,-0.114678236,1,1,88.74679557,5,0.042844073,1,0.000400686,2.64E-05,0.061881529,0.938118471,1,4
10,bimodal,Task B ,1,1,1,0.374038584,2,1,74.70265412,6,-0.452158039,2,9.89E-05,2.42E-05,0.196735199,0.803264801,0,4
1,bimodal,Task B ,2,4,1,2.874449614,3,2,33.08993825,1,1.57907902,3,1.23E-23,1.59E-06,1,1,0,8
1,bimodal,Task B ,1,2,1,0.705477676,2,1,338.1207761,2,-0.080284063,2,5.06E-05,2.32E-05,0.314546605,0.685453395,1,3
1,bimodal,Task B ,1,3,1,0.459146658,4,1,352.0100456,3,0.438022795,4,7.66E-05,2.38E-05,0.23731363,0.76268637,1,2
1,bimodal,Task B ,1,3,1,-0.151850286,2,1,165.2214033,4,-0.055997446,2,0.000383532,2.64E-05,0.064306112,0.935693888,1,2
1,bimodal,Task B ,1,3,0,-1.462840435,2,2,339.3394909,5,-0.003923805,2,6.29E-08,1.53E-05,0.99589946,0.99589946,0,2
1,bimodal,Task B ,1,2,1,-0.587632499,2,1,160.4495944,6,0.099312157,2,9.97E-05,2.42E-05,0.195550656,0.804449344,1,3
2,bimodal,Task B ,2,2,0,0.168318664,3,1,292.9287442,1,0.310489089,3,0.000248268,2.57E-05,0.093646413,0.906353587,0,6
2,bimodal,Task B ,2,1,1,0.32775136,2,2,263.4368388,2,1.644070729,2,2.91E-09,1.26E-05,0.999769369,0.999769369,1,5
2,bimodal,Task B ,1,2,1,-0.451497273,3,1,185.6956285,3,0.319480339,3,0.000120439,2.45E-05,0.169138178,0.830861822,1,3
2,bimodal,Task B ,1,2,0,-0.17098714,1,2,246.4913397,4,1.924586548,1,6.01E-11,9.90E-06,0.999993932,0.999993932,1,3
2,bimodal,Task B ,2,3,1,0.666452485,4,2,330.8408476,5,-0.471810333,4,2.55E-05,2.23E-05,0.465613939,0.534386061,1,7
2,bimodal,Task B ,2,3,0,-0.419135374,4,1,60.05952296,6,0.222244581,4,0.000169024,2.50E-05,0.12904098,0.87095902,1,7
3,bimodal,Task B ,1,4,1,0.244743299,4,1,182.6956506,1,-0.058315513,4,0.000322633,2.61E-05,0.074776349,0.925223651,1,1
3,bimodal,Task B ,1,4,1,-0.021272412,4,1,3.126628543,2,0.026877771,4,0.000422566,2.65E-05,0.059050322,0.940949678,0,1
3,bimodal,Task B ,1,3,1,-0.186002121,3,1,318.0161132,3,0.566387566,3,9.51E-05,2.42E-05,0.202524759,0.797475241,0,2
3,bimodal,Task B ,1,2,0,0.866187528,1,2,106.2473496,4,0.512245534,1,5.93E-06,2.03E-05,0.7739191,0.7739191,0,3
3,bimodal,Task B ,2,4,1,2.606470687,2,2,74.42415563,5,-2.015748968,2,7.65E-24,1.55E-06,1,1,0,8
3,bimodal,Task B ,2,1,0,-0.171364446,2,1,84.72892871,6,-0.171400336,2,0.000335182,2.61E-05,0.072338784,0.927661216,0,5
4,bimodal,Task B ,1,1,1,-0.562314983,2,1,123.4026363,1,-0.197053032,2,9.97E-05,2.42E-05,0.195444464,0.804555536,1,4
4,bimodal,Task B ,2,4,1,1.204220394,4,2,118.7256165,2,1.709067348,4,4.21E-12,8.38E-06,0.999999497,0.999999497,1,8
4,bimodal,Task B ,2,4,1,-3.56283954,2,2,252.46876,3,-1.007657385,2,8.99E-29,7.61E-07,1,1,0,8
4,bimodal,Task B ,1,1,1,0.048362989,2,1,192.4391032,4,0.290108798,2,0.000292959,2.59E-05,0.081279982,0.918720018,0,4
4,bimodal,Task B ,2,2,1,2.097020842,2,2,226.7875205,5,-0.515159796,2,1.48E-12,7.85E-06,0.999999812,0.999999812,0,6
4,bimodal,Task B ,2,1,1,-2.375462696,2,2,138.2925137,6,-0.173972176,2,2.79E-14,6.13E-06,0.999999995,0.999999995,0,5
5,bimodal,Task B ,1,2,0,-0.696813082,1,2,307.7688275,1,-2.566745598,1,5.02E-17,4.13E-06,1,1,1,3
5,bimodal,Task B ,2,4,1,-2.116453998,3,2,311.0946127,2,-3.213013813,3,4.82E-31,5.49E-07,1,1,1,8
5,bimodal,Task B ,1,4,0,0.043481783,4,2,185.4943476,3,-0.650876192,4,7.08E-05,2.37E-05,0.250971843,0.749028157,0,1
5,bimodal,Task B ,1,2,0,-1.281675051,2,2,180.8741751,4,-0.317880408,2,3.22E-07,1.69E-05,0.981323178,0.981323178,0,3
5,bimodal,Task B ,2,4,1,0.760408443,2,2,269.6808072,5,1.480991684,2,3.48E-09,1.28E-05,0.999727576,0.999727576,1,8
5,bimodal,Task B ,1,2,1,-0.428967248,3,1,272.2848504,6,0.430095558,3,9.19E-05,2.41E-05,0.20772837,0.79227163,0,3
6,bimodal,Task B ,1,2,0,0.00987109,4,2,129.4731991,1,1.250420537,4,5.69E-07,1.75E-05,0.96860423,0.96860423,1,3
6,bimodal,Task B ,2,2,1,-0.561989573,2,2,281.4111482,2,-0.140073363,2,0.000108265,2.44E-05,0.183644697,0.816355303,1,6
6,bimodal,Task B ,1,2,0,-0.183204899,2,2,297.3859162,3,-2.546526658,2,4.95E-16,4.76E-06,1,1,1,3
6,bimodal,Task B ,2,1,0,-0.571405735,1,1,235.0365157,4,-0.187906783,1,9.70E-05,2.42E-05,0.199545631,0.800454369,1,5
6,bimodal,Task B ,2,3,1,2.397276056,3,2,201.445519,5,1.008469853,3,2.22E-16,4.53E-06,1,1,0,7
6,bimodal,Task B ,1,1,1,0.352243806,4,1,210.8906565,6,0.134662478,4,0.000230576,2.55E-05,0.099697165,0.900302835,1,4
7,bimodal,Task B ,1,2,1,0.104751228,3,1,23.23104203,1,0.272704404,3,0.000293844,2.59E-05,0.081069152,0.918930848,0,3
7,bimodal,Task B ,2,2,0,0.172265203,1,1,268.4932553,2,0.653001467,1,6.11E-05,2.35E-05,0.277898464,0.722101536,0,6
7,bimodal,Task B ,2,4,1,2.173610716,2,2,206.0185016,3,1.425661887,2,2.14E-16,4.52E-06,1,1,0,8
7,bimodal,Task B ,2,1,1,-0.49275787,3,2,204.6419296,4,-0.045676052,3,0.000157191,2.49E-05,0.136883208,0.863116792,1,5
7,bimodal,Task B ,1,1,1,-0.454043086,3,1,230.9807178,5,-0.104370238,3,0.000176145,2.51E-05,0.124755263,0.875244737,1,4
7,bimodal,Task B ,1,1,0,1.800257384,1,2,235.6213165,6,0.328295736,1,3.52E-10,1.11E-05,0.99996813,0.99996813,0,4
8,bimodal,Task B ,1,4,0,-0.754814634,4,2,1.373806501,1,0.848234398,4,1.96E-06,1.90E-05,0.906200749,0.906200749,1,1
8,bimodal,Task B ,1,4,1,-0.506616453,1,1,225.7106811,2,0.178833588,1,0.00013057,2.46E-05,0.158762759,0.841237241,1,1
8,bimodal,Task B ,2,4,1,-2.161918824,2,2,151.2812343,3,-0.321187685,2,1.14E-12,7.73E-06,0.999999853,0.999999853,0,8
8,bimodal,Task B ,2,4,1,-0.786572466,1,2,173.677385,4,1.887008112,1,9.80E-12,8.84E-06,0.999998891,0.999998891,1,8
8,bimodal,Task B ,2,4,1,1.65885674,1,2,256.5762647,5,-2.574047249,1,3.14E-21,2.25E-06,1,1,1,8
8,bimodal,Task B ,2,4,1,2.408923528,3,2,42.65458222,6,-0.394173252,3,6.77E-15,5.61E-06,0.999999999,0.999999999,0,8
9,bimodal,Task B ,2,1,1,0.965068879,1,2,231.9156653,1,2.319257155,1,1.14E-15,5.02E-06,1,1,1,5
9,bimodal,Task B ,1,2,1,0.097190761,1,1,135.1177858,2,-0.322591053,1,0.000262707,2.57E-05,0.089243989,0.910756011,0,3
9,bimodal,Task B ,1,1,1,0.143668165,3,1,262.1485277,3,-0.234086196,3,0.000307766,2.60E-05,0.077894425,0.922105575,0,4
9,bimodal,Task B ,2,2,1,2.326562153,3,2,166.9948749,4,-2.826701202,3,1.53E-28,7.87E-07,1,1,1,6
9,bimodal,Task B ,1,2,1,0.27112369,2,1,183.0440842,5,0.521113495,2,9.75E-05,2.42E-05,0.198757153,0.801242847,0,3
9,bimodal,Task B ,1,2,1,-0.29915301,2,1,24.38113187,6,-0.008886006,2,0.000296766,2.59E-05,0.080380661,0.919619339,1,3
10,bimodal,Task B ,2,1,1,3.234897572,3,2,183.0990594,1,0.338107482,3,3.01E-23,1.69E-06,1,1,0,5
10,bimodal,Task B ,1,2,1,-0.439429477,2,1,35.12486473,2,0.113240644,2,0.000183873,2.52E-05,0.120425579,0.879574421,1,3
10,bimodal,Task B ,1,1,1,0.047184744,3,1,166.7862567,3,0.106923313,3,0.000399264,2.64E-05,0.062075312,0.937924688,0,4
10,bimodal,Task B ,1,2,1,-0.45541201,4,1,39.28490776,4,0.055707715,4,0.000180783,2.51E-05,0.122119063,0.877880937,1,3
10,bimodal,Task B ,2,2,1,3.39712389,3,2,218.8356969,5,1.542699431,3,2.38E-29,7.01E-07,1,1,0,6
10,bimodal,Task B ,1,2,1,-0.169129488,2,1,320.4326267,6,-0.541447505,2,0.000110868,2.44E-05,0.180329637,0.819670363,0,3
1,bimodal,Task B ,2,4,1,-1.882316167,2,2,349.20766,1,-0.767582624,2,1.59E-11,9.11E-06,0.999998257,0.999998257,0,8
1,bimodal,Task B ,1,2,0,-0.532760258,1,2,301.1338366,2,1.41942995,1,2.67E-08,1.45E-05,0.998161622,0.998161622,1,3
1,bimodal,Task B ,1,3,1,0.14161253,1,1,6.309544086,3,-0.139941092,1,0.000357617,2.62E-05,0.068367112,0.931632888,1,2
1,bimodal,Task B ,1,3,0,1.496127711,3,2,16.13094947,4,0.647616939,3,6.14E-09,1.32E-05,0.999535598,0.999535598,0,2
1,bimodal,Task B ,2,1,1,0.927163571,4,2,178.4929966,5,1.296689655,4,9.32E-09,1.36E-05,0.999313267,0.999313267,1,5
1,bimodal,Task B ,1,3,1,0.322385822,4,1,48.67186689,6,0.440439041,4,0.000119092,2.45E-05,0.17062569,0.82937431,0,2
2,bimodal,Task B ,1,2,1,-0.032405158,2,1,64.28227438,1,-0.135913861,2,0.000392009,2.64E-05,0.063083818,0.936916182,0,3
2,bimodal,Task B ,1,2,0,0.295965892,2,2,231.825336,2,0.473211435,2,0.000112417,2.44E-05,0.178413831,0.821586169,0,3
2,bimodal,Task B ,1,3,1,-0.152829366,4,1,236.6476043,3,0.032996053,4,0.000386015,2.64E-05,0.063943003,0.936056997,1,2
2,bimodal,Task B ,1,2,0,0.42426916,2,2,341.0856384,4,0.152535265,2,0.000178227,2.51E-05,0.123557054,0.876442946,1,3
2,bimodal,Task B ,2,3,0,-0.346257949,2,1,169.7288416,5,0.652193804,2,4.32E-05,2.30E-05,0.347287766,0.652712234,0,7
2,bimodal,Task B ,1,3,0,0.839967537,1,2,206.7580053,6,0.634677827,1,3.95E-06,1.98E-05,0.833724394,0.833724394,0,2
3,bimodal,Task B ,2,3,1,1.97672632,1,2,81.90635392,1,-0.462014473,1,1.42E-11,9.04E-06,0.999998433,0.999998433,0,7
3,bimodal,Task B ,1,2,1,0.136744904,4,1,195.344928,2,0.575734634,4,9.57E-05,2.42E-05,0.201691823,0.798308177,0,3
3,bimodal,Task B ,1,3,1,0.728371045,4,1,266.3861908,3,-0.059744527,4,4.46E-05,2.30E-05,0.340444627,0.659555373,1,2
3,bimodal,Task B ,2,3,1,-1.886449491,3,2,236.7832014,4,0.861019808,3,7.69E-12,8.71E-06,0.999999117,0.999999117,0,7
3,bimodal,Task B ,1,3,1,0.2768126,1,1,86.7084184,5,0.672241481,1,4.49E-05,2.31E-05,0.339307654,0.660692346,0,2
3,bimodal,Task B ,2,4,1,-1.788578371,4,2,245.0376439,6,1.145109119,4,3.06E-12,8.22E-06,0.999999627,0.999999627,0,8
4,bimodal,Task B ,2,4,1,1.206836239,4,2,108.1274579,1,1.201214636,4,2.11E-09,1.24E-05,0.999829022,0.999829022,0,8
4,bimodal,Task B ,1,3,1,0.100180413,2,1,257.4727802,2,-0.230628929,2,0.000324466,2.61E-05,0.074409752,0.925590248,0,2
4,bimodal,Task B ,2,2,1,-0.089336696,2,2,303.5419543,3,1.40591646,2,9.65E-08,1.57E-05,0.993890097,0.993890097,1,6
4,bimodal,Task B ,2,4,1,1.238285165,3,2,176.2059859,4,1.416611431,3,1.42E-10,1.04E-05,0.999986439,0.999986439,1,8
4,bimodal,Task B ,1,2,1,-0.424482995,1,1,284.8219643,5,0.288213297,1,0.000143836,2.48E-05,0.147017781,0.852982219,1,3
4,bimodal,Task B ,1,1,0,0.92611153,1,2,334.7887779,6,0.86362612,1,4.90E-07,1.74E-05,0.972569158,0.972569158,0,4
5,bimodal,Task B ,2,4,1,-1.68202895,3,2,45.0262964,1,-0.207993073,3,3.04E-09,1.26E-05,0.999760117,0.999760117,0,8
5,bimodal,Task B ,1,4,1,-0.020298767,1,1,57.45922733,2,0.174875492,1,0.000371954,2.63E-05,0.066057054,0.933942946,0,1
5,bimodal,Task B ,1,2,1,0.580181303,1,1,315.879824,3,-0.517093633,1,3.32E-05,2.26E-05,0.405278237,0.594721763,1,3
5,bimodal,Task B ,1,4,1,-0.405315026,1,1,247.5807373,4,-0.44467425,1,9.54E-05,2.42E-05,0.20211431,0.79788569,0,1
5,bimodal,Task B ,1,2,1,-0.085097524,4,1,183.9295996,5,-0.182174199,4,0.000360135,2.63E-05,0.067949291,0.932050709,0,3
5,bimodal,Task B ,1,4,1,-0.256060718,2,1,298.5412494,6,-0.347925169,2,0.000197033,2.53E-05,0.113728562,0.886271438,0,1
6,bimodal,Task B ,1,2,0,-0.244937293,3,2,200.8382639,1,0.445069909,3,0.000144305,2.48E-05,0.146636232,0.853363768,0,3
6,bimodal,Task B ,1,1,0,-0.828922051,1,2,52.86299268,2,2.514185901,1,6.38E-17,4.19E-06,1,1,1,4
6,bimodal,Task B ,1,2,1,-0.310808769,2,1,293.111138,3,0.498509202,2,0.000100444,2.42E-05,0.19441917,0.80558083,0,3
6,bimodal,Task B ,1,2,1,-0.39687732,1,1,123.3949881,4,0.266620604,1,0.000166057,2.50E-05,0.130918828,0.869081172,1,3
6,bimodal,Task B ,1,2,1,-0.038414594,3,1,293.4573811,5,-0.213093346,3,0.000349659,2.62E-05,0.069723135,0.930276865,0,3
6,bimodal,Task B ,2,2,0,-0.155462766,4,1,312.0533887,6,-0.181895194,4,0.000336959,2.61E-05,0.072006688,0.927993312,0,6
7,bimodal,Task B ,2,4,1,-0.698632317,4,2,254.8228356,1,-1.690691356,4,3.39E-10,1.10E-05,0.99996929,0.99996929,1,8
7,bimodal,Task B ,1,4,1,0.158936353,2,1,118.2216011,2,-0.042102621,2,0.000376573,2.63E-05,0.065346752,0.934653248,1,1
7,bimodal,Task B ,1,1,0,2.384674053,2,2,99.2837081,3,-0.196583756,2,1.79E-14,5.96E-06,0.999999997,0.999999997,0,4
7,bimodal,Task B ,2,4,1,-0.595945285,4,2,311.5370021,4,1.04976169,4,9.42E-07,1.81E-05,0.950530049,0.950530049,1,8
7,bimodal,Task B ,1,4,0,0.887990629,1,2,238.4959655,5,1.698980865,1,7.72E-11,1.01E-05,0.999992327,0.999992327,1,1
7,bimodal,Task B ,1,1,0,3.044800193,2,2,190.3894177,6,1.57515909,2,1.95E-25,1.23E-06,1,1,0,4
8,bimodal,Task B ,2,4,1,2.419419242,2,2,269.2778903,1,-1.235462282,2,1.70E-17,3.86E-06,1,1,0,8
8,bimodal,Task B ,1,4,0,0.11505641,4,2,257.9791372,2,-0.023931177,4,0.000398609,2.64E-05,0.062164982,0.937835018,1,1
8,bimodal,Task B ,1,4,1,-0.531019836,4,1,143.2133979,3,0.03699576,4,0.00013412,2.47E-05,0.155432438,0.844567562,1,1
8,bimodal,Task B ,1,4,1,0.290391021,4,1,320.1971794,4,0.228657696,4,0.000235888,2.56E-05,0.097796911,0.902203089,1,1
8,bimodal,Task B ,1,4,1,-0.148877539,2,1,290.254824,5,-0.115283511,2,0.000368998,2.63E-05,0.06652004,0.93347996,1,1
8,bimodal,Task B ,2,4,1,-0.845157954,2,2,220.2515938,6,-0.288876203,2,1.61E-05,2.16E-05,0.573877495,0.573877495,0,8
9,bimodal,Task B ,1,1,0,-0.341270566,2,2,119.4846699,1,-0.921570218,2,7.45E-06,2.06E-05,0.734409143,0.734409143,1,4
9,bimodal,Task B ,2,1,1,-1.247251348,2,2,223.0689839,2,-1.576440717,2,1.99E-11,9.24E-06,0.999997842,0.999997842,1,5
9,bimodal,Task B ,1,1,1,0.167778464,1,1,64.97732376,3,-0.231113328,1,0.000299711,2.60E-05,0.079699093,0.920300907,0,4
9,bimodal,Task B ,1,3,0,-0.310729973,3,2,96.82755516,4,0.518084245,3,9.23E-05,2.41E-05,0.207053939,0.792946061,0,2
9,bimodal,Task B ,1,3,0,2.746629256,4,2,18.5934078,5,1.172617694,4,2.76E-20,2.58E-06,1,1,0,2
9,bimodal,Task B ,1,1,1,0.172750468,4,1,175.9520602,6,-0.036413698,4,0.000369907,2.63E-05,0.066376867,0.933623133,1,4
10,bimodal,Task B ,1,1,1,0.348673608,2,1,79.10657766,1,0.066497514,2,0.000247098,2.56E-05,0.094023063,0.905976937,1,4
10,bimodal,Task B ,1,1,0,0.368649194,2,2,160.1999214,2,-0.402477465,2,0.000120235,2.45E-05,0.169361961,0.830638039,0,4
10,bimodal,Task B ,1,1,0,-1.956706008,1,2,79.85645291,3,-0.338336762,1,3.59E-11,9.59E-06,0.999996251,0.999996251,0,4
10,bimodal,Task B ,2,3,1,-2.183256303,4,2,205.9581505,4,-1.618391124,4,1.92E-17,3.89E-06,1,1,0,7
10,bimodal,Task B ,2,3,1,1.731561906,4,2,348.5963635,5,2.331419009,4,1.62E-19,2.88E-06,1,1,1,7
10,bimodal,Task B ,1,1,0,0.477710089,1,2,282.7675981,6,-1.110899795,1,8.90E-07,1.80E-05,0.95299898,0.95299898,1,4
1,bimodal,Task B ,2,3,1,1.498266815,3,2,223.1729003,1,-0.281524344,3,2.54E-08,1.44E-05,0.998244855,0.998244855,0,7
1,bimodal,Task B ,2,4,1,2.689339907,4,2,4.928149271,2,0.315462849,4,2.22E-17,3.92E-06,1,1,0,8
1,bimodal,Task B ,1,4,1,-0.095425381,4,1,268.7245617,3,-0.416572529,4,0.000198226,2.53E-05,0.113159003,0.886840997,0,1
1,bimodal,Task B ,2,1,1,3.357444706,3,2,346.9096013,4,0.98059014,3,2.91E-26,1.09E-06,1,1,0,5
1,bimodal,Task B ,2,1,1,0.416863802,1,2,215.0898454,5,-0.953546179,1,4.40E-06,1.99E-05,0.819197165,0.819197165,1,5
1,bimodal,Task B ,2,1,1,-0.381262668,1,2,101.6120293,6,1.611185536,1,4.04E-09,1.29E-05,0.999686246,0.999686246,1,5
2,bimodal,Task B ,1,2,1,0.120026009,3,1,24.53255777,1,-0.168696513,3,0.000353116,2.62E-05,0.069127295,0.930872705,0,3
2,bimodal,Task B ,1,3,1,-0.011180851,2,1,20.13019204,2,-0.465720283,2,0.00017075,2.51E-05,0.12797437,0.87202563,0,2
2,bimodal,Task B ,1,2,1,0.734801992,1,1,318.3516028,3,-0.195083804,1,3.72E-05,2.28E-05,0.380051481,0.619948519,1,3
2,bimodal,Task B ,2,1,1,-0.04668196,3,2,297.2367333,4,0.881891123,3,1.57E-05,2.16E-05,0.57957905,0.57957905,1,5
2,bimodal,Task B ,1,1,1,-0.148364606,2,1,21.69248299,5,0.222549577,2,0.000315655,2.60E-05,0.076206955,0.923793045,0,4
2,bimodal,Task B ,1,3,1,-0.409413557,4,1,356.2159269,6,-0.553510961,4,5.96E-05,2.35E-05,0.282616505,0.717383495,0,2
3,bimodal,Task B ,2,4,1,0.091269125,3,2,251.8123287,1,-1.824571084,3,3.29E-10,1.10E-05,0.999970159,0.999970159,1,8
3,bimodal,Task B ,2,4,1,2.019601907,4,2,182.3960213,2,0.560149915,4,4.50E-12,8.42E-06,0.999999466,0.999999466,0,8
3,bimodal,Task B ,1,3,1,0.121625636,3,1,131.1476364,3,0.87440759,3,1.56E-05,2.16E-05,0.580676348,0.580676348,1,2
3,bimodal,Task B ,1,3,1,0.035204772,4,1,75.75031931,4,0.199779977,4,0.000355324,2.62E-05,0.06875216,0.93124784,0,2
3,bimodal,Task B ,1,3,1,-0.686597571,1,1,194.3041493,5,0.449781407,1,2.62E-05,2.23E-05,0.459438718,0.540561282,1,2
3,bimodal,Task B ,1,4,1,-0.196476171,3,1,338.5187005,6,-0.169855119,3,0.000323668,2.61E-05,0.074568812,0.925431188,1,1
4,bimodal,Task B ,1,3,1,-0.024811695,4,1,233.2907009,1,-0.725378556,4,4.63E-05,2.31E-05,0.332600847,0.667399153,0,2
4,bimodal,Task B ,2,4,1,-0.049067837,4,2,291.7219809,2,1.810654101,4,4.03E-10,1.11E-05,0.999963863,0.999963863,1,8
4,bimodal,Task B ,1,1,1,-0.152666535,3,1,125.9826697,3,0.373469676,3,0.00021445,2.54E-05,0.105966118,0.894033882,0,4
4,bimodal,Task B ,1,3,1,-0.146492208,4,1,221.332227,4,-0.395622668,4,0.000202782,2.53E-05,0.111038833,0.888961167,0,2
4,bimodal,Task B ,1,1,0,-0.110838185,4,2,358.4918932,5,-0.77658414,4,3.21E-05,2.26E-05,0.413134618,0.586865382,0,4
4,bimodal,Task B ,1,2,1,0.240293274,1,1,130.5066397,6,-0.060681069,1,0.000325228,2.61E-05,0.074258345,0.925741655,1,3
5,bimodal,Task B ,1,3,0,-0.077801281,3,2,152.8728983,1,-1.909718559,3,8.74E-11,1.01E-05,0.999991373,0.999991373,1,2
5,bimodal,Task B ,2,4,1,-0.173740523,4,2,72.43286602,2,-2.519613608,4,8.92E-16,4.94E-06,1,1,1,8
5,bimodal,Task B ,1,2,0,1.397544378,1,2,233.4049941,3,-0.539318776,1,3.52E-08,1.47E-05,0.997620027,0.997620027,0,3
5,bimodal,Task B ,2,4,1,-2.657000136,4,2,49.22370107,4,1.353453981,4,3.86E-20,2.64E-06,1,1,0,8
5,bimodal,Task B ,1,4,1,-0.154117816,2,1,94.19565833,5,-0.103274074,2,0.0003707,2.63E-05,0.066252656,0.933747344,1,1
5,bimodal,Task B ,2,4,1,-1.224808468,2,2,354.1153309,6,0.654322238,2,1.44E-07,1.61E-05,0.991110316,0.991110316,0,8
6,bimodal,Task B ,2,2,1,0.342144019,2,2,356.2782285,1,0.104962672,2,0.000244828,2.56E-05,0.094762789,0.905237211,1,6
6,bimodal,Task B ,1,2,0,0.954681231,2,2,332.5659981,2,-0.502852483,2,3.19E-06,1.95E-05,0.85977278,0.85977278,0,3
6,bimodal,Task B ,2,2,0,0.213739677,2,1,132.4906686,3,0.136157192,2,0.000320838,2.61E-05,0.075139113,0.924860887,1,6
6,bimodal,Task B ,1,2,1,0.025693434,2,1,10.03547831,4,0.588529994,2,9.73E-05,2.42E-05,0.199115459,0.800884541,0,3
6,bimodal,Task B ,1,2,1,0.249107823,4,1,62.697212,5,0.560037124,4,8.57E-05,2.40E-05,0.218795679,0.781204321,0,3
6,bimodal,Task B ,1,2,0,0.859436594,1,2,136.9135561,6,-0.971424068,1,3.57E-07,1.70E-05,0.979477164,0.979477164,1,3
7,bimodal,Task B ,1,4,0,-1.923466297,3,2,83.50587581,1,-0.24065539,3,7.77E-11,1.01E-05,0.999992272,0.999992272,0,1
7,bimodal,Task B ,1,4,1,0.0319984,2,1,9.434459714,2,0.448400038,2,0.000179654,2.51E-05,0.122749782,0.877250218,0,1
7,bimodal,Task B ,1,1,1,0.099956248,1,1,145.8503348,3,-0.267004858,1,0.000300777,2.60E-05,0.079455171,0.920544829,0,4
7,bimodal,Task B ,1,1,0,-0.098205685,3,2,1.28384921,4,1.207305638,3,8.60E-07,1.80E-05,0.954424107,0.954424107,1,4
7,bimodal,Task B ,1,1,0,-1.814352727,4,2,309.9238677,5,0.675122395,4,7.76E-11,1.01E-05,0.999992283,0.999992283,0,4
7,bimodal,Task B ,2,4,1,-1.239577183,4,2,322.7917049,6,0.088844104,4,7.37E-07,1.78E-05,0.960301139,0.960301139,0,8
8,bimodal,Task B ,1,4,1,0.184493692,1,1,280.1011326,1,0.339561546,1,0.000223619,2.55E-05,0.102304916,0.897695084,0,1
8,bimodal,Task B ,1,4,1,-0.615788825,3,1,294.2226743,2,-0.088458641,3,8.76E-05,2.40E-05,0.215223177,0.784776823,1,1
8,bimodal,Task B ,2,4,0,-0.168854288,1,1,251.1137128,3,0.370880765,1,0.000211749,2.54E-05,0.107097474,0.892902526,0,8
8,bimodal,Task B ,1,4,1,0.169880592,1,1,75.57544901,4,-0.244306734,1,0.000291034,2.59E-05,0.081742699,0.918257301,0,1
8,bimodal,Task B ,2,4,1,1.73526741,1,2,149.53926,5,0.315971353,1,9.49E-10,1.18E-05,0.999919319,0.999919319,0,8
8,bimodal,Task B ,1,4,0,-0.591811927,1,2,72.01663847,6,-0.412925201,1,4.99E-05,2.32E-05,0.31757071,0.68242929,1,1
9,bimodal,Task B ,2,1,1,0.129665059,3,2,49.98347441,1,0.818745967,3,2.30E-05,2.21E-05,0.490056964,0.509943036,0,5
9,bimodal,Task B ,1,1,1,0.023020179,2,1,233.3275283,2,0.079805,2,0.00041137,2.65E-05,0.060464717,0.939535283,0,4
9,bimodal,Task B ,2,3,1,-1.039186419,4,2,172.8192377,3,-0.373548287,4,2.80E-06,1.94E-05,0.873623659,0.873623659,0,7
9,bimodal,Task B ,2,3,0,-0.434951147,2,1,212.802523,4,-0.527140747,2,6.15E-05,2.35E-05,0.276634541,0.723365459,0,7
9,bimodal,Task B ,1,3,0,0.291314871,1,2,354.8824455,5,-1.624214667,1,4.37E-09,1.29E-05,0.999662619,0.999662619,1,2
9,bimodal,Task B ,1,2,1,-0.199652984,4,1,337.357517,6,0.121263796,4,0.000340735,2.62E-05,0.071311814,0.928688186,1,3
10,bimodal,Task B ,1,1,1,0.012019772,1,1,262.1101637,1,0.498837546,1,0.000147436,2.48E-05,0.144135849,0.855864151,0,4
10,bimodal,Task B ,1,2,0,1.25204104,1,2,352.7464254,2,-0.569087971,1,1.53E-07,1.62E-05,0.990634611,0.990634611,0,3
10,bimodal,Task B ,1,2,0,1.404648911,3,2,190.7554405,3,0.445376515,3,4.73E-08,1.50E-05,0.996859831,0.996859831,0,3
10,bimodal,Task B ,1,2,1,-0.175799331,3,1,317.4480414,4,-0.201939366,3,0.000317571,2.60E-05,0.075808458,0.924191542,0,3
10,bimodal,Task B ,2,2,1,-2.951161025,4,2,247.8579687,5,-1.062908364,4,8.26E-22,2.07E-06,1,1,0,6
10,bimodal,Task B ,1,1,1,-0.089212819,1,1,43.1225659,6,-0.082838395,1,0.000400901,2.64E-05,0.061852378,0.938147622,1,4
1,bimodal,Task B ,1,3,1,-0.345767662,1,1,197.5261221,1,-0.576341767,1,6.50E-05,2.36E-05,0.266209185,0.733790815,0,2
1,bimodal,Task B ,2,1,0,-0.639936972,2,1,240.3306084,2,-0.316249697,2,5.26E-05,2.33E-05,0.306972907,0.693027093,1,5
1,bimodal,Task B ,1,2,0,-0.68855495,2,2,241.9577294,3,0.943050553,2,1.42E-06,1.86E-05,0.929031381,0.929031381,1,3
1,bimodal,Task B ,2,3,1,0.296418276,2,2,242.1691887,4,-1.354148588,2,1.28E-07,1.60E-05,0.992041149,0.992041149,1,7
1,bimodal,Task B ,1,3,1,0.294126426,3,1,54.70818096,5,-0.436612797,3,0.000131308,2.47E-05,0.158057776,0.841942224,0,2
1,bimodal,Task B ,1,3,1,-0.302607782,3,1,330.6310723,6,0.3882481,3,0.000155099,2.49E-05,0.138373939,0.861626061,0,2
2,bimodal,Task B ,1,3,0,0.146395176,1,2,165.5017356,1,0.936043964,1,9.45E-06,2.09E-05,0.688851583,0.688851583,1,2
2,bimodal,Task B ,1,2,0,0.59577588,4,2,155.7433677,2,-0.174770409,4,8.32E-05,2.40E-05,0.223542094,0.776457906,1,3
2,bimodal,Task B ,1,2,1,-0.026676378,2,1,88.83295554,3,-0.390996313,2,0.000223163,2.55E-05,0.102480814,0.897519186,0,3
2,bimodal,Task B ,1,2,1,-0.418016005,3,1,150.3317999,4,-0.354519632,3,0.000123752,2.46E-05,0.16559335,0.83440665,1,3
2,bimodal,Task B ,1,2,1,-0.102111854,3,1,63.72626276,5,0.402534492,3,0.000205126,2.53E-05,0.109979631,0.890020369,0,3
2,bimodal,Task B ,1,2,1,-0.159094137,1,1,343.70629,6,-0.192643036,1,0.000329811,2.61E-05,0.073361613,0.926638387,0,3
3,bimodal,Task B ,2,2,0,-0.392494267,4,1,190.8506656,1,-0.486330132,4,8.45E-05,2.40E-05,0.221088114,0.778911886,0,6
3,bimodal,Task B ,1,2,1,-0.039315103,2,1,138.2230122,2,-0.480892667,2,0.000160001,2.50E-05,0.134932624,0.865067376,0,3
3,bimodal,Task B ,2,2,1,1.446426073,2,2,221.156892,3,1.9112143,2,1.32E-14,5.85E-06,0.999999998,0.999999998,1,6
3,bimodal,Task B ,1,3,0,-0.407604349,1,2,145.2602894,4,0.15866896,1,0.000194808,2.53E-05,0.114805779,0.885194221,1,2
3,bimodal,Task B ,2,2,0,-0.19396252,3,1,215.4380348,5,0.489222751,3,0.000132658,2.47E-05,0.1567862,0.8432138,0,6
3,bimodal,Task B ,2,1,0,0.19608472,3,1,128.9861799,6,-0.475897371,3,0.000138502,2.47E-05,0.151516847,0.848483153,0,5
4,bimodal,Task B ,2,1,0,0.061508034,3,1,186.2033599,1,-0.35652337,3,0.000244534,2.56E-05,0.094859443,0.905140557,0,5
4,bimodal,Task B ,2,3,0,-0.494685512,3,1,247.4730986,2,-0.151698747,3,0.000142951,2.48E-05,0.147745448,0.852254552,1,7
4,bimodal,Task B ,1,2,1,0.141931833,3,1,348.833647,3,-0.063094491,3,0.000381487,2.63E-05,0.064608343,0.935391657,1,3
4,bimodal,Task B ,1,2,1,0.464437524,3,1,189.3925707,4,-0.486315344,3,6.28E-05,2.35E-05,0.272646323,0.727353677,0,3
4,bimodal,Task B ,1,2,1,-0.333957597,2,1,343.077806,5,0.244458402,2,0.000210259,2.54E-05,0.107732179,0.892267821,1,3
4,bimodal,Task B ,1,1,1,-0.180440501,1,1,322.278309,6,0.483544989,1,0.000138591,2.47E-05,0.151438856,0.848561144,0,4
5,bimodal,Task B ,1,4,0,-0.18019038,1,2,289.4358829,1,1.974986473,1,2.58E-11,9.39E-06,0.999997248,0.999997248,1,1
5,bimodal,Task B ,1,2,0,-1.4191276,1,2,186.0802543,2,-1.14324998,1,4.31E-10,1.12E-05,0.999961491,0.999961491,0,3
5,bimodal,Task B ,1,1,1,0.57181189,1,1,155.2410062,3,0.021130123,1,0.000106019,2.43E-05,0.186610074,0.813389926,1,4
5,bimodal,Task B ,2,4,1,-0.040049044,3,2,81.07538906,4,1.650463894,3,4.20E-09,1.29E-05,0.999674422,0.999674422,1,8
5,bimodal,Task B ,1,4,1,0.336953935,3,1,10.04235839,5,0.020956787,3,0.00026009,2.57E-05,0.090009895,0.909990105,1,1
5,bimodal,Task B ,1,3,1,0.225121088,1,1,68.58124914,6,0.110660328,1,0.000322629,2.61E-05,0.074777077,0.925222923,1,2
6,bimodal,Task B ,1,2,1,-0.229203216,2,1,139.7631261,1,-0.592522847,2,7.89E-05,2.39E-05,0.232371781,0.767628219,0,3
6,bimodal,Task B ,1,2,1,0.342723313,3,1,264.393413,2,-0.036067852,3,0.000255053,2.57E-05,0.091522946,0.908477054,1,3
6,bimodal,Task B ,2,2,0,0.498810693,4,1,346.7325034,3,0.0751705,4,0.000143888,2.48E-05,0.146975284,0.853024716,1,6
6,bimodal,Task B ,1,2,1,-0.569890295,4,1,104.6874547,4,0.220466497,4,9.20E-05,2.41E-05,0.207690773,0.792309227,1,3
6,bimodal,Task B ,1,2,1,0.386524846,1,1,2.95482377,5,-0.103879236,1,0.000214317,2.54E-05,0.106021462,0.893978538,1,3
6,bimodal,Task B ,1,2,1,-0.230323689,1,1,221.26503,6,-0.012661846,1,0.000344019,2.62E-05,0.070718534,0.929281466,1,3
7,bimodal,Task B ,1,3,1,-0.275847324,3,1,86.47824789,1,0.143516025,3,0.000286909,2.59E-05,0.082752891,0.917247109,1,2
7,bimodal,Task B ,1,3,1,-0.346819363,4,1,58.34892909,2,0.194989746,4,0.000222497,2.55E-05,0.102738953,0.897261047,1,2
7,bimodal,Task B ,1,4,1,0.581547502,3,1,177.2760695,3,-0.259821665,3,7.64E-05,2.38E-05,0.237651529,0.762348471,1,1
7,bimodal,Task B ,1,4,0,0.054746937,4,2,141.1841992,4,-0.426161919,4,0.000195124,2.53E-05,0.114651696,0.885348304,0,1
7,bimodal,Task B ,1,1,0,-0.207756346,1,2,207.465693,5,0.621095998,1,6.98E-05,2.37E-05,0.25340375,0.74659625,0,4
7,bimodal,Task B ,1,1,1,0.120367542,2,1,190.5594088,6,-0.352994335,2,0.000235718,2.56E-05,0.097856422,0.902143578,0,4
8,bimodal,Task B ,2,4,1,1.826589284,3,2,249.9427634,1,-0.796598252,3,2.59E-11,9.39E-06,0.999997239,0.999997239,0,8
8,bimodal,Task B ,1,4,1,-0.349670571,1,1,10.70209512,2,0.111412202,1,0.000246124,2.56E-05,0.094338838,0.905661162,1,1
8,bimodal,Task B ,1,4,1,-1.004360512,2,1,67.12756331,3,0.480345964,2,2.54E-06,1.93E-05,0.88367917,0.88367917,0,1
8,bimodal,Task B ,2,4,1,-1.083629825,4,2,330.0591341,4,-0.022239601,4,3.40E-06,1.96E-05,0.852216036,0.852216036,0,8
8,bimodal,Task B ,2,4,0,0.277255715,2,1,237.1225621,5,0.182736784,2,0.000263803,2.57E-05,0.088927489,0.911072511,1,8
8,bimodal,Task B ,1,4,0,0.071585358,3,2,321.218823,6,-0.548511533,3,0.000116977,2.45E-05,0.173015974,0.826984026,0,1
9,bimodal,Task B ,1,1,0,-0.073206825,2,2,91.08519846,1,1.559003612,2,1.43E-08,1.39E-05,0.998973009,0.998973009,1,4
9,bimodal,Task B ,2,1,1,1.322826036,1,2,161.8913185,2,-0.565493529,1,7.27E-08,1.54E-05,0.995311191,0.995311191,0,5
9,bimodal,Task B ,2,1,0,0.083191757,4,1,254.5567159,3,-0.175693347,4,0.000361237,2.63E-05,0.067768141,0.932231859,0,5
9,bimodal,Task B ,1,3,1,0.466931145,2,1,247.0449515,4,0.756539467,2,1.49E-05,2.15E-05,0.591472201,0.591472201,1,2
9,bimodal,Task B ,2,2,0,-0.078741101,2,1,205.6863547,5,0.583621802,2,9.79E-05,2.42E-05,0.19817551,0.80182449,0,6
9,bimodal,Task B ,2,1,0,0.065028036,3,1,203.1404924,6,0.439075002,3,0.000183313,2.52E-05,0.120728803,0.879271197,0,5
10,bimodal,Task B ,2,2,1,0.826580282,4,2,121.5454872,1,-0.622636016,4,4.69E-06,2.00E-05,0.81026244,0.81026244,0,6
10,bimodal,Task B ,1,2,0,1.355357837,3,2,222.5215279,2,-0.908809352,3,5.99E-09,1.32E-05,0.999546458,0.999546458,0,3
10,bimodal,Task B ,2,2,1,1.845842253,3,2,110.2628724,3,-0.395686924,3,1.45E-10,1.05E-05,0.999986166,0.999986166,0,6
10,bimodal,Task B ,2,3,1,1.937772873,4,2,313.07029,4,1.918395106,4,1.15E-17,3.76E-06,1,1,0,7
10,bimodal,Task B ,1,2,0,-1.23900546,3,2,67.49340932,5,-0.321406919,3,4.98E-07,1.74E-05,0.972178038,0.972178038,0,3
10,bimodal,Task B ,1,2,1,-0.047048706,3,1,157.459594,6,0.082131354,3,0.000409204,2.65E-05,0.060746452,0.939253548,0,3
1,bimodal,Task B ,1,2,1,-0.359763959,3,1,302.3018366,1,0.001414151,3,0.000252195,2.57E-05,0.092405172,0.907594828,1,3
1,bimodal,Task B ,1,2,0,0.385619227,3,2,122.7599403,2,0.61366105,3,4.55E-05,2.31E-05,0.336332179,0.663667821,0,3
1,bimodal,Task B ,1,3,1,-0.195156209,2,1,236.6632392,3,-0.399212399,2,0.00018743,2.52E-05,0.118536143,0.881463857,0,2
1,bimodal,Task B ,2,4,1,3.408428557,4,2,276.1040607,4,-0.209826038,4,3.37E-25,1.27E-06,1,1,0,8
1,bimodal,Task B ,1,2,1,0.208885501,2,1,195.4905343,5,-0.382835774,2,0.000189626,2.52E-05,0.1173995,0.8826005,0,3
1,bimodal,Task B ,2,1,0,0.295107731,1,1,225.2077424,6,-0.214563274,1,0.000240565,2.56E-05,0.096184817,0.903815183,1,5
2,bimodal,Task B ,2,3,1,1.832587196,3,2,230.6011279,1,-3.666876945,3,7.96E-35,3.19E-07,1,1,1,7
2,bimodal,Task B ,1,3,1,-0.282740691,4,1,147.5686168,2,0.465543514,4,0.000122973,2.45E-05,0.166412913,0.833587087,0,2
2,bimodal,Task B ,1,3,1,0.142479541,2,1,352.4979283,3,0.104443666,2,0.00036955,2.63E-05,0.066432956,0.933567044,1,2
2,bimodal,Task B ,1,2,1,-0.392275937,4,1,209.5162703,4,-0.069461307,4,0.000223778,2.55E-05,0.102243609,0.897756391,1,3
2,bimodal,Task B ,1,2,1,-0.120513673,4,1,242.3076538,5,0.09117813,4,0.00038756,2.64E-05,0.063719207,0.936280793,1,3
2,bimodal,Task B ,1,3,1,0.109314737,2,1,249.3347934,6,-0.211316858,2,0.00033349,2.61E-05,0.072657736,0.927342264,0,2
3,bimodal,Task B ,2,4,1,-2.979317807,4,2,248.2065839,1,0.995302012,4,7.27E-22,2.06E-06,1,1,0,8
3,bimodal,Task B ,2,4,1,-2.284167162,2,2,33.12429161,2,-0.630948291,2,3.46E-14,6.21E-06,0.999999994,0.999999994,0,8
3,bimodal,Task B ,1,3,1,-0.234261302,1,1,95.14620748,3,-0.52500115,1,0.00010736,2.43E-05,0.184827235,0.815172765,0,2
3,bimodal,Task B ,2,3,1,1.907576541,4,2,68.97754439,4,0.47983244,4,4.00E-11,9.65E-06,0.999995856,0.999995856,0,7
3,bimodal,Task B ,1,3,1,0.071307091,3,1,181.1348743,5,0.486549487,3,0.00015161,2.49E-05,0.140936717,0.859063283,0,2
3,bimodal,Task B ,2,2,1,-1.928154788,3,2,113.2055253,6,-1.571889411,3,2.76E-15,5.30E-06,0.999999999,0.999999999,0,6
4,bimodal,Task B ,2,2,1,-0.624979323,3,2,203.3947607,1,-1.043550479,3,8.81E-07,1.80E-05,0.953423351,0.953423351,1,6
4,bimodal,Task B ,1,2,1,-0.424460752,1,1,88.31357587,2,0.326950824,1,0.000130025,2.46E-05,0.159286648,0.840713352,1,3
4,bimodal,Task B ,1,1,1,0.764229471,2,1,229.0612225,3,0.2616694,2,2.70E-05,2.23E-05,0.45235676,0.54764324,1,4
4,bimodal,Task B ,1,3,0,0.47357578,4,2,87.15522908,4,-0.338353763,4,0.000101224,2.43E-05,0.193285703,0.806714297,1,2
4,bimodal,Task B ,1,2,0,-1.202717495,1,2,104.5315022,5,-2.195663776,1,1.65E-15,5.13E-06,1,1,1,3
4,bimodal,Task B ,1,2,0,-1.046740782,3,2,64.76993662,6,-0.794439223,3,3.31E-07,1.70E-05,0.980837565,0.980837565,0,3
5,bimodal,Task B ,2,2,1,0.869630873,1,2,3.829690609,1,0.197138778,1,1.49E-05,2.15E-05,0.590509344,0.590509344,0,6
5,bimodal,Task B ,2,2,0,-0.394052758,3,1,111.6722413,2,0.190252183,3,0.00019434,2.53E-05,0.115035275,0.884964725,1,6
5,bimodal,Task B ,1,3,1,-0.344685615,3,1,114.8198748,3,-0.587804706,3,6.17E-05,2.35E-05,0.27605583,0.72394417,0,2
5,bimodal,Task B ,2,4,1,-2.607549368,1,2,239.3727536,4,-1.512648841,1,1.71E-20,2.51E-06,1,1,0,8
5,bimodal,Task B ,1,4,0,-0.155273752,1,2,238.5923707,5,-0.643598991,1,6.78E-05,2.37E-05,0.258649909,0.741350091,0,1
5,bimodal,Task B ,1,4,1,0.347123603,2,1,147.5454373,6,0.16872903,2,0.000224008,2.55E-05,0.102155377,0.897844623,1,1
6,bimodal,Task B ,1,2,1,0.085272842,1,1,322.4574931,1,-0.034224649,1,0.0004082,2.65E-05,0.06087799,0.93912201,1,3
6,bimodal,Task B ,1,2,1,-0.172431588,1,1,286.1984632,2,-0.147216331,1,0.00034566,2.62E-05,0.070425856,0.929574144,1,3
6,bimodal,Task B ,1,2,0,-0.986910407,2,2,311.2739513,3,0.870986875,2,3.14E-07,1.69E-05,0.981772757,0.981772757,0,3
6,bimodal,Task B ,2,2,1,0.844884668,1,2,175.7739177,4,0.780460839,1,1.59E-06,1.87E-05,0.921484685,0.921484685,0,6
6,bimodal,Task B ,1,2,1,0.281665931,2,1,240.3097517,5,0.16564298,2,0.000267759,2.58E-05,0.087803369,0.912196631,1,3
6,bimodal,Task B ,1,2,1,0.146636284,1,1,74.27270798,6,0.360624019,1,0.000221695,2.55E-05,0.103051168,0.896948832,0,3
7,bimodal,Task B ,1,4,1,0.787575705,3,1,119.6833431,1,-0.013161328,3,3.11E-05,2.25E-05,0.420127583,0.579872417,1,1
7,bimodal,Task B ,1,4,0,1.694367978,2,2,143.1032593,2,0.793642524,2,1.81E-10,1.06E-05,0.999982955,0.999982955,0,1
7,bimodal,Task B ,1,1,0,1.642637488,1,2,202.1003989,3,1.223850258,1,9.47E-12,8.82E-06,0.999998927,0.999998927,0,4
7,bimodal,Task B ,2,1,0,-0.303868016,3,1,42.85145456,4,-0.151144669,3,0.000266894,2.58E-05,0.088046479,0.911953521,1,5
7,bimodal,Task B ,2,1,0,-0.980268289,4,1,1.572760826,5,0.676331798,4,1.18E-06,1.84E-05,0.939452533,0.939452533,0,5
7,bimodal,Task B ,1,1,0,0.974011451,2,2,119.7317193,6,1.971796985,2,5.75E-13,7.40E-06,0.999999922,0.999999922,1,4
8,bimodal,Task B ,1,4,1,-0.077702433,4,1,64.00616722,1,-0.035899929,4,0.000413289,2.65E-05,0.06021737,0.93978263,1,1
8,bimodal,Task B ,1,4,1,-0.259963733,2,1,200.0017299,2,-0.25004368,2,0.000249927,2.57E-05,0.093117754,0.906882246,1,1
8,bimodal,Task B ,1,4,1,0.060495493,2,1,89.0620253,3,0.314766038,2,0.000273346,2.58E-05,0.086264915,0.913735085,0,1
8,bimodal,Task B ,2,4,0,-0.152408937,1,1,150.6244667,4,-0.435604449,1,0.000175077,2.51E-05,0.125379026,0.874620974,0,8
8,bimodal,Task B ,2,1,1,0.93793824,1,2,345.6405355,5,0.401798098,1,5.30E-06,2.02E-05,0.791995709,0.791995709,0,5
8,bimodal,Task B ,2,4,1,1.366457884,2,2,328.4943701,6,-3.044464233,2,1.80E-24,1.41E-06,1,1,1,8
9,bimodal,Task B ,1,4,0,0.997999416,4,2,53.68113731,1,-0.08255297,4,6.29E-06,2.04E-05,0.764100576,0.764100576,0,1
9,bimodal,Task B ,1,1,0,2.14308875,3,2,168.246522,2,-1.144694664,3,8.03E-15,5.67E-06,0.999999999,0.999999999,0,4
9,bimodal,Task B ,1,1,0,1.791172152,4,2,192.914484,3,-1.193286978,4,1.59E-12,7.89E-06,0.999999799,0.999999799,0,4
9,bimodal,Task B ,1,1,0,0.707741459,4,2,329.608241,4,-0.03024804,4,5.11E-05,2.32E-05,0.312650613,0.687349387,1,4
9,bimodal,Task B ,1,4,1,0.218791941,3,1,335.7952927,5,-0.03169446,3,0.000342926,2.62E-05,0.070914833,0.929085167,1,1
9,bimodal,Task B ,1,2,1,0.289731704,3,1,109.4664,6,-0.282319281,3,0.000211651,2.54E-05,0.10713872,0.89286128,1,3
10,bimodal,Task B ,2,2,0,-0.249388382,4,1,59.50488701,1,-0.395292053,4,0.000172255,2.51E-05,0.127058835,0.872941165,0,6
10,bimodal,Task B ,2,2,1,-1.623762777,3,2,48.18155215,2,0.20342908,3,6.76E-09,1.33E-05,0.999492137,0.999492137,0,6
10,bimodal,Task B ,1,1,1,-0.729485079,4,1,94.79569339,3,0.120487283,4,4.53E-05,2.31E-05,0.337443784,0.662556216,1,4
10,bimodal,Task B ,2,2,0,0.926774378,4,1,300.4200479,4,0.531362099,4,3.46E-06,1.96E-05,0.850088475,0.850088475,0,6
10,bimodal,Task B ,1,2,1,-0.008743588,4,1,287.0682729,5,-0.148398331,4,0.000387362,2.64E-05,0.06374783,0.93625217,0,3
10,bimodal,Task B ,2,2,1,1.298320686,4,2,125.7339546,6,1.142317778,4,1.46E-09,1.21E-05,0.999879432,0.999879432,0,6
1,bimodal,Task B ,1,3,1,-0.235436945,4,1,188.9635356,1,0.166189596,4,0.000302821,2.60E-05,0.078992185,0.921007815,1,2
1,bimodal,Task B ,1,2,1,0.30214256,4,1,172.4495211,2,0.497255413,4,0.000100265,2.42E-05,0.194680444,0.805319556,0,3
1,bimodal,Task B ,2,2,1,0.652715318,2,2,39.77499789,3,1.493232984,2,5.64E-09,1.31E-05,0.999571538,0.999571538,1,6
1,bimodal,Task B ,1,2,1,-0.45485592,2,1,178.0867758,4,0.288616343,2,0.000128797,2.46E-05,0.160482077,0.839517923,1,3
1,bimodal,Task B ,2,1,0,0.105535444,1,1,192.7068429,5,0.141287756,1,0.000369983,2.63E-05,0.066364928,0.933635072,0,5
1,bimodal,Task B ,1,3,0,0.517704706,4,2,163.031502,6,0.865391198,4,5.71E-06,2.03E-05,0.780187771,0.780187771,1,2
2,bimodal,Task B ,1,3,0,-0.570428365,3,2,254.697934,1,-0.127203502,3,0.000105602,2.43E-05,0.187170617,0.812829383,1,2
2,bimodal,Task B ,2,3,0,0.201719882,1,1,4.97996423,2,-0.34394329,1,0.000216264,2.54E-05,0.105220621,0.894779379,0,7
2,bimodal,Task B ,1,2,1,-0.084344537,3,1,305.7674853,3,0.425398551,3,0.000191785,2.52E-05,0.116304617,0.883695383,0,3
2,bimodal,Task B ,1,2,1,0.225745232,1,1,300.137323,4,-0.148988215,1,0.000309884,2.60E-05,0.077433687,0.922566313,1,3
2,bimodal,Task B ,2,3,0,0.396871491,2,1,353.8823783,5,0.651686378,2,3.58E-05,2.27E-05,0.388388045,0.611611955,0,7
2,bimodal,Task B ,2,4,1,2.395039666,2,2,348.2884726,6,1.502947927,2,1.22E-18,3.27E-06,1,1,0,8
3,bimodal,Task B ,1,3,1,-0.328814969,3,1,217.4458015,1,0.407353222,3,0.000135941,2.47E-05,0.153779758,0.846220242,0,2
3,bimodal,Task B ,2,2,0,0.559309765,4,1,202.6873078,2,-0.133627068,4,0.000104707,2.43E-05,0.188388012,0.811611988,1,6
3,bimodal,Task B ,1,2,0,-0.275899614,4,2,196.1300452,3,0.962676897,4,6.20E-06,2.04E-05,0.766605369,0.766605369,1,3
3,bimodal,Task B ,2,2,1,0.27925677,4,2,258.4693832,4,-1.257869081,4,3.86E-07,1.71E-05,0.977947414,0.977947414,1,6
3,bimodal,Task B ,1,2,1,-0.232506872,2,1,118.6350493,5,-0.142557677,2,0.000315118,2.60E-05,0.076319547,0.923680453,1,3
3,bimodal,Task B ,1,3,1,-0.000602384,3,1,239.2036495,6,0.260813023,3,0.000317516,2.60E-05,0.075819946,0.924180054,0,2
4,bimodal,Task B ,1,3,0,-0.515737836,4,2,130.5213427,1,0.377928518,4,7.85E-05,2.39E-05,0.233115653,0.766884347,1,2
4,bimodal,Task B ,1,1,0,-0.075467696,1,2,86.24011156,2,-3.233804269,1,2.90E-23,1.68E-06,1,1,1,4
4,bimodal,Task B ,2,3,1,-1.239003721,4,2,204.1680423,3,-1.134562118,4,3.39E-09,1.27E-05,0.999733679,0.999733679,0,7
4,bimodal,Task B ,1,3,0,2.180887096,3,2,334.7047268,4,-0.151367912,3,9.21E-13,7.62E-06,0.999999879,0.999999879,0,2
4,bimodal,Task B ,1,1,1,0.637254699,4,1,359.7711293,5,-0.706842503,4,9.33E-06,2.09E-05,0.691384554,0.691384554,1,4
4,bimodal,Task B ,2,4,1,1.629846044,4,2,174.7312431,6,-1.586911025,4,1.57E-13,6.83E-06,0.999999977,0.999999977,0,8
5,bimodal,Task B ,1,4,0,-0.077497753,2,2,273.0679995,1,0.759237937,2,3.61E-05,2.27E-05,0.386199803,0.613800197,0,1
5,bimodal,Task B ,2,4,1,-1.686585802,4,2,78.16394442,2,1.214553099,4,6.65E-12,8.63E-06,0.999999229,0.999999229,0,8
5,bimodal,Task B ,1,2,0,0.929129302,2,2,13.54821465,3,0.858756256,2,4.96E-07,1.74E-05,0.972265627,0.972265627,0,3
5,bimodal,Task B ,1,4,1,-0.577486264,2,1,289.0806861,4,-0.046338427,2,0.000108279,2.44E-05,0.183626817,0.816373183,1,1
5,bimodal,Task B ,2,4,1,1.572847484,4,2,135.7787984,5,0.784992751,4,1.00E-09,1.18E-05,0.999915152,0.999915152,0,8
5,bimodal,Task B ,1,4,0,0.210075355,3,2,2.926403326,6,-3.715983034,3,1.77E-29,6.88E-07,1,1,1,1
6,bimodal,Task B ,2,2,0,0.007314018,2,1,156.9757292,1,0.070915121,2,0.000414873,2.65E-05,0.060014669,0.939985331,0,6
6,bimodal,Task B ,2,2,0,-0.142513059,3,1,344.3048604,2,0.007931442,3,0.000392544,2.64E-05,0.06300831,0.93699169,1,6
6,bimodal,Task B ,1,2,1,0.06743169,1,1,170.2471432,3,0.62286827,1,8.01E-05,2.39E-05,0.229725444,0.770274556,0,3
6,bimodal,Task B ,2,2,1,1.975522532,1,2,133.7535806,4,0.662949779,1,5.50E-12,8.53E-06,0.999999355,0.999999355,0,6
6,bimodal,Task B ,2,2,0,0.371507154,1,1,8.73353657,5,0.072691269,1,0.000229685,2.55E-05,0.100023221,0.899976779,1,6
6,bimodal,Task B ,2,2,0,0.02250463,3,1,305.2206088,6,-0.335794142,3,0.000263792,2.57E-05,0.088930493,0.911069507,0,6
7,bimodal,Task B ,1,1,0,1.37216323,1,2,345.3490288,1,-1.924573467,1,2.65E-14,6.11E-06,0.999999996,0.999999996,1,4
7,bimodal,Task B ,1,4,0,0.350797642,2,2,3.492271446,2,0.065243747,2,0.000245728,2.56E-05,0.094467912,0.905532088,1,1
7,bimodal,Task B ,1,1,1,0.20886336,1,1,109.6494409,3,0.037599223,1,0.000348318,2.62E-05,0.06995725,0.93004275,1,4
7,bimodal,Task B ,1,1,0,0.891305949,3,2,38.306104,4,0.045310821,3,1.49E-05,2.15E-05,0.591059939,0.591059939,0,4
7,bimodal,Task B ,1,1,0,1.728498981,1,2,322.1510388,5,2.274469819,1,5.12E-19,3.10E-06,1,1,1,4
7,bimodal,Task B ,1,4,1,0.002749817,4,1,225.4743097,6,0.358047217,4,0.000245977,2.56E-05,0.094386833,0.905613167,0,1
8,bimodal,Task B ,1,4,1,-0.406096638,3,1,121.894467,1,-0.561077809,3,5.81E-05,2.34E-05,0.287285575,0.712714425,0,1
8,bimodal,Task B ,1,4,1,0.395215798,3,1,48.06636995,2,0.251658564,3,0.000166179,2.50E-05,0.130840316,0.869159684,1,1
8,bimodal,Task B ,2,4,0,0.012844616,2,1,246.3955021,3,-0.702675033,2,5.31E-05,2.33E-05,0.304789577,0.695210423,0,8
8,bimodal,Task B ,1,4,1,-0.011372174,4,1,203.3909448,4,0.47327467,4,0.000163981,2.50E-05,0.132266334,0.867733666,0,1
8,bimodal,Task B ,2,4,1,-1.463115847,1,2,324.855158,5,0.553036683,1,1.71E-08,1.41E-05,0.99878503,0.99878503,0,8
8,bimodal,Task B ,1,4,0,-0.682967782,1,2,228.8102142,6,-0.153238044,1,5.73E-05,2.34E-05,0.289915737,0.710084263,1,1
9,bimodal,Task B ,1,1,0,-1.480168054,2,2,162.0271765,1,-1.635387264,2,6.49E-13,7.46E-06,0.999999913,0.999999913,1,4
9,bimodal,Task B ,2,2,0,0.258759822,3,1,50.86912572,2,-0.201891434,3,0.000267855,2.58E-05,0.087776385,0.912223615,1,6
9,bimodal,Task B ,1,1,0,-0.4371252,2,2,187.9367965,3,0.480012852,2,7.37E-05,2.38E-05,0.243935996,0.756064004,0,4
9,bimodal,Task B ,2,1,1,0.010270458,2,2,177.4711499,4,-2.0342503,2,1.12E-11,8.91E-06,0.999998739,0.999998739,1,5
9,bimodal,Task B ,1,3,0,-0.273206674,4,2,228.6089493,5,-1.69250889,4,1.80E-09,1.22E-05,0.99985297,0.99985297,1,2
9,bimodal,Task B ,2,1,1,-0.805209403,1,2,99.43544129,6,-0.553675481,1,8.24E-06,2.07E-05,0.715649939,0.715649939,0,5
10,bimodal,Task B ,1,1,0,0.292504416,1,2,215.7497129,1,-0.662298835,1,4.64E-05,2.31E-05,0.332388234,0.667611766,0,4
10,bimodal,Task B ,1,1,0,-0.199068513,4,2,214.3918296,2,-3.918306131,4,2.71E-32,4.59E-07,1,1,1,4
10,bimodal,Task B ,1,2,1,-0.052834507,2,1,187.510633,3,0.560964145,2,0.000110703,2.44E-05,0.180535871,0.819464129,0,3
10,bimodal,Task B ,1,2,1,0.369257885,4,1,232.8729258,4,0.38301193,4,0.000126889,2.46E-05,0.162375553,0.837624447,0,3
10,bimodal,Task B ,1,2,1,-0.463470579,4,1,95.86269009,5,0.308049974,4,0.000118704,2.45E-05,0.171058887,0.828941113,1,3
10,bimodal,Task B ,1,1,0,-0.413014628,3,2,149.3061579,6,0.217747556,3,0.000174043,2.51E-05,0.125989131,0.874010869,1,4
1,bimodal,Task B ,1,3,1,-0.014923476,3,1,67.1499377,1,-0.00257237,3,0.000424261,2.65E-05,0.058842126,0.941157874,1,2
1,bimodal,Task B ,2,4,1,-2.70749176,3,2,53.89546407,2,-3.117715998,3,4.57E-35,3.08E-07,1,1,1,8
1,bimodal,Task B ,1,2,1,-0.691875007,1,1,290.9913157,3,1.162034461,1,1.98E-07,1.64E-05,0.988064229,0.988064229,1,3
1,bimodal,Task B ,2,3,1,-1.816668294,4,2,175.5155194,4,-0.196375382,4,4.41E-10,1.12E-05,0.999960705,0.999960705,0,7
1,bimodal,Task B ,2,3,1,2.063584927,3,2,151.2634277,5,1.672227357,3,5.91E-17,4.17E-06,1,1,0,7
1,bimodal,Task B ,2,1,0,0.537607575,1,1,348.0921526,6,-0.121303165,1,0.000117234,2.45E-05,0.172721861,0.827278139,1,5
2,bimodal,Task B ,2,3,0,0.219822437,2,1,112.1260477,1,0.327149124,2,0.000217898,2.54E-05,0.104558013,0.895441987,0,7
2,bimodal,Task B ,2,3,1,2.398924327,3,2,230.3140144,2,-1.142171559,3,6.52E-17,4.20E-06,1,1,0,7
2,bimodal,Task B ,2,2,1,1.750316139,2,2,340.5374862,3,-2.107333993,2,8.63E-18,3.70E-06,1,1,1,6
2,bimodal,Task B ,2,3,1,1.803384388,4,2,243.5168747,4,-1.45647487,4,6.98E-14,6.49E-06,0.999999989,0.999999989,0,7
2,bimodal,Task B ,2,3,1,1.0096208,4,2,260.3802518,5,1.192629092,4,1.43E-08,1.39E-05,0.998974959,0.998974959,1,7
2,bimodal,Task B ,1,3,0,0.101250818,3,2,100.9953254,6,0.048769355,3,0.000400455,2.64E-05,0.061912933,0.938087067,1,2
3,bimodal,Task B ,1,3,1,0.085862906,3,1,124.4723742,1,0.132459523,3,0.000380059,2.63E-05,0.06482108,0.93517892,0,2
3,bimodal,Task B ,2,3,1,-1.335095371,3,2,48.87799623,2,1.416679043,3,5.68E-11,9.87E-06,0.999994238,0.999994238,1,7
3,bimodal,Task B ,1,3,1,0.167325673,2,1,207.8081524,3,-0.289009826,2,0.000264277,2.58E-05,0.088790964,0.911209036,0,2
3,bimodal,Task B ,2,3,1,0.190020035,1,2,354.1134684,4,-1.295095451,1,3.09E-07,1.69E-05,0.982027111,0.982027111,1,7
3,bimodal,Task B ,2,1,1,2.037091736,1,2,11.14452049,5,-1.686363576,1,7.89E-17,4.25E-06,1,1,0,5
3,bimodal,Task B ,2,1,1,1.036066878,1,2,235.2853753,6,0.526114462,1,1.45E-06,1.86E-05,0.927790571,0.927790571,0,5
4,bimodal,Task B ,2,2,1,-1.214342929,4,2,336.2218914,1,-0.09117507,4,9.52E-07,1.81E-05,0.950063274,0.950063274,0,6
4,bimodal,Task B ,2,3,1,1.265882043,3,2,237.3323812,2,-0.224322537,3,4.18E-07,1.72E-05,0.976309139,0.976309139,0,7
4,bimodal,Task B ,2,3,1,-0.824436916,3,2,255.4610429,3,-0.641292336,3,4.66E-06,2.00E-05,0.811154758,0.811154758,0,7
4,bimodal,Task B ,1,3,1,-0.665173327,2,1,35.20921251,4,0.432670987,2,3.15E-05,2.25E-05,0.417190172,0.582809828,1,2
4,bimodal,Task B ,1,2,1,-0.105333761,3,1,322.9569976,5,0.143828281,3,0.000372622,2.63E-05,0.065953214,0.934046786,0,3
4,bimodal,Task B ,1,3,0,-0.937937974,4,2,309.0096917,6,1.355284775,4,4.86E-09,1.30E-05,0.999627021,0.999627021,1,2
5,bimodal,Task B ,1,4,1,-0.191087811,4,1,212.4990049,1,-0.587275978,4,8.64E-05,2.40E-05,0.217537909,0.782462091,0,1
5,bimodal,Task B ,1,1,1,0.214990382,1,1,186.2615368,2,-0.37506085,1,0.000192252,2.52E-05,0.116070138,0.883929862,0,4
5,bimodal,Task B ,1,4,1,-0.051136596,4,1,180.8015314,3,0.533599666,4,0.000125744,2.46E-05,0.163535441,0.836464559,0,1
5,bimodal,Task B ,2,1,1,-0.657804947,1,2,30.75689692,4,1.65958519,1,6.36E-10,1.15E-05,0.999944542,0.999944542,1,5
5,bimodal,Task B ,2,4,1,1.136756595,1,2,44.10454663,5,0.855260434,1,8.49E-08,1.56E-05,0.994579815,0.994579815,0,8
5,bimodal,Task B ,1,4,0,0.053986169,1,2,85.50014021,6,1.977770411,1,2.76E-11,9.43E-06,0.999997074,0.999997074,1,1
6,bimodal,Task B ,2,2,1,1.217488251,3,2,283.7495291,1,1.383469436,3,2.59E-10,1.08E-05,0.999976085,0.999976085,1,6
6,bimodal,Task B ,1,2,0,0.167324839,4,2,8.214425809,2,0.584559563,4,8.80E-05,2.40E-05,0.214572542,0.785427458,0,3
6,bimodal,Task B ,2,2,1,0.566050162,3,2,295.3504963,3,1.618207569,3,1.70E-09,1.22E-05,0.999860879,0.999860879,1,6
6,bimodal,Task B ,2,2,1,-0.660572419,4,2,203.5298317,4,-0.372995697,4,3.99E-05,2.29E-05,0.364341302,0.635658698,1,6
6,bimodal,Task B ,1,1,1,-0.108561239,1,1,208.9434088,5,0.720014351,1,4.52E-05,2.31E-05,0.33799784,0.66200216,0,4
6,bimodal,Task B ,2,3,0,-0.373983793,3,1,219.3135715,6,-0.299975158,3,0.000165849,2.50E-05,0.131052445,0.868947555,1,7
7,bimodal,Task B ,1,2,1,-0.338955026,1,1,114.9087289,1,-0.21715338,1,0.000219858,2.55E-05,0.103774765,0.896225235,1,3
7,bimodal,Task B ,1,2,1,-0.02934601,2,1,218.6427288,2,-0.044216485,2,0.000420155,2.65E-05,0.059349099,0.940650901,0,3
7,bimodal,Task B ,1,1,1,-0.227606509,1,1,238.1233743,3,-0.312147556,1,0.000230086,2.55E-05,0.099876372,0.900123628,0,4
7,bimodal,Task B ,1,4,1,0.417414771,2,1,350.78277,4,-0.013010236,2,0.000201682,2.53E-05,0.111543038,0.888456962,1,1
7,bimodal,Task B ,1,4,1,-0.108461057,4,1,106.8735958,5,0.092030027,4,0.000391541,2.64E-05,0.063150079,0.936849921,1,1
7,bimodal,Task B ,1,1,1,-0.27888901,1,1,321.7834255,6,0.101780749,1,0.00029767,2.59E-05,0.080170169,0.919829831,1,4
8,bimodal,Task B ,2,4,1,-1.354890783,2,2,9.8537135,1,-0.387768945,2,1.18E-07,1.59E-05,0.99263954,0.99263954,0,8
8,bimodal,Task B ,1,4,1,-0.175726532,3,1,171.9842664,2,-0.108618341,3,0.000358562,2.62E-05,0.068209662,0.931790338,1,1
8,bimodal,Task B ,1,4,0,0.461553023,2,2,323.2810795,3,-0.384579145,2,9.22E-05,2.41E-05,0.207290542,0.792709458,1,1
8,bimodal,Task B ,1,4,1,0.191138663,1,1,194.3174636,4,0.361123873,1,0.000207524,2.54E-05,0.10891781,0.89108219,0,1
8,bimodal,Task B ,2,4,0,-0.158883571,1,1,173.6783196,5,0.039888276,1,0.000382271,2.64E-05,0.064492068,0.935507932,1,8
8,bimodal,Task B ,1,4,1,-0.53172783,4,1,305.0082415,6,-0.053658525,4,0.000132991,2.47E-05,0.156475667,0.843524333,1,1
9,bimodal,Task B ,1,1,0,0.024216201,4,2,121.4624649,1,0.400624266,4,0.000213787,2.54E-05,0.106241507,0.893758493,0,4
9,bimodal,Task B ,1,3,1,-0.047781561,4,1,0.423336255,2,-0.45788708,4,0.000174763,2.51E-05,0.125563558,0.874436442,0,2
9,bimodal,Task B ,2,1,0,0.216882468,3,1,26.86020021,3,0.28485854,3,0.000244503,2.56E-05,0.094869627,0.905130373,0,5
9,bimodal,Task B ,1,3,0,0.729402955,3,2,282.0526297,4,0.548364296,3,1.26E-05,2.13E-05,0.628750772,0.628750772,0,2
9,bimodal,Task B ,1,2,1,0.309226701,4,1,6.582284358,5,0.138840813,4,0.000258761,2.57E-05,0.090404162,0.909595838,1,3
9,bimodal,Task B ,2,2,1,1.910772389,3,2,283.3317023,6,0.110702357,3,9.58E-11,1.02E-05,0.999990602,0.999990602,0,6
10,bimodal,Task B ,2,2,1,-0.477269876,4,2,125.502023,1,1.745853198,4,4.27E-10,1.12E-05,0.99996184,0.99996184,1,6
10,bimodal,Task B ,1,2,1,-0.431183077,4,1,129.9125569,2,-0.28867262,4,0.000141248,2.48E-05,0.149165209,0.850834791,1,3
10,bimodal,Task B ,1,1,0,-1.004704002,3,2,163.9490496,3,0.459016521,3,2.75E-06,1.94E-05,0.875544439,0.875544439,0,4
10,bimodal,Task B ,1,2,0,0.7305391,3,2,173.2779581,4,-0.490381832,3,1.63E-05,2.16E-05,0.570557904,0.570557904,0,3
10,bimodal,Task B ,1,2,0,-0.177443455,3,2,38.41047524,5,-1.838031801,3,2.45E-10,1.08E-05,0.999977291,0.999977291,1,3
10,bimodal,Task B ,1,1,0,-3.334502691,1,2,341.2646702,6,-0.540731022,1,1.30E-24,1.39E-06,1,1,0,4
1,bimodal,Task B ,1,3,1,-0.07133571,4,1,257.4710613,1,0.0572977,4,0.000410889,2.65E-05,0.060527021,0.939472979,1,2
1,bimodal,Task B ,1,3,1,0.506573675,1,1,6.801149321,2,0.077447626,1,0.000139041,2.47E-05,0.151049019,0.848950981,1,2
1,bimodal,Task B ,2,1,1,0.920858969,2,2,115.4904073,3,-1.144798184,2,4.81E-08,1.50E-05,0.996808481,0.996808481,1,5
1,bimodal,Task B ,1,3,1,-0.106015823,2,1,132.9134336,4,0.113435139,2,0.00038504,2.64E-05,0.064085121,0.935914879,0,2
1,bimodal,Task B ,1,3,1,0.025741933,1,1,81.30711491,5,0.342359456,1,0.000256719,2.57E-05,0.091016599,0.908983401,0,2
1,bimodal,Task B ,2,4,1,-0.069152965,2,2,339.8315805,6,-2.099838264,2,3.53E-12,8.29E-06,0.999999575,0.999999575,1,8
2,bimodal,Task B ,2,4,1,2.140543337,1,2,286.1661823,1,-0.606144541,1,4.47E-13,7.29E-06,0.999999939,0.999999939,0,8
2,bimodal,Task B ,1,2,1,0.272029264,3,1,281.9897567,2,-0.31482183,3,0.000203468,2.53E-05,0.110726815,0.889273185,0,3
2,bimodal,Task B ,1,3,0,-0.490422937,2,2,38.92174719,3,0.902512046,2,5.09E-06,2.01E-05,0.798170549,0.798170549,1,2
2,bimodal,Task B ,2,2,1,1.212844646,4,2,266.6828707,4,1.091137665,4,5.78E-09,1.32E-05,0.999561146,0.999561146,0,6
2,bimodal,Task B ,1,3,0,-0.337934532,2,2,300.4295035,5,1.707973464,2,1.18E-09,1.19E-05,0.99990093,0.99990093,1,2
2,bimodal,Task B ,1,3,1,-0.316275222,3,1,155.1718942,6,-0.111209801,3,0.00027023,2.58E-05,0.087115921,0.912884079,1,2
3,bimodal,Task B ,2,2,1,-1.229492667,1,2,219.1689942,1,-0.934301895,1,2.14E-08,1.43E-05,0.998501879,0.998501879,0,6
3,bimodal,Task B ,2,2,1,-0.610512163,3,2,214.995371,2,0.276648522,3,6.71E-05,2.36E-05,0.260583949,0.739416051,1,6
3,bimodal,Task B ,2,2,1,-1.15211954,1,2,241.0352289,3,0.0022846,1,1.81E-06,1.89E-05,0.912411372,0.912411372,0,6
3,bimodal,Task B ,1,4,1,-0.028863039,4,1,143.9165526,4,-0.099061775,4,0.000406734,2.65E-05,0.061071186,0.938928814,0,1
3,bimodal,Task B ,1,3,1,-0.059234579,4,1,24.42920555,5,-0.338620042,4,0.00025945,2.57E-05,0.090199225,0.909800775,0,2
3,bimodal,Task B ,1,3,0,0.188158218,3,2,14.74033622,6,0.844170524,3,1.78E-05,2.18E-05,0.550522024,0.550522024,1,2
4,bimodal,Task B ,1,3,1,0.923067496,3,1,304.5421222,1,-0.281977367,3,8.47E-06,2.08E-05,0.710373968,0.710373968,0,2
4,bimodal,Task B ,2,4,1,-2.701031998,3,2,300.9394756,2,0.78794669,3,2.43E-18,3.42E-06,1,1,0,8
4,bimodal,Task B ,1,1,0,-0.057089069,2,2,185.3991875,3,0.281866939,2,0.00029923,2.60E-05,0.079809462,0.920190538,0,4
4,bimodal,Task B ,1,3,1,0.240434993,2,1,155.2991386,4,-0.549533063,2,9.28E-05,2.41E-05,0.206301494,0.793698506,0,2
4,bimodal,Task B ,2,2,1,0.535979042,3,2,35.62277105,5,-0.111643276,3,0.000119211,2.45E-05,0.170492489,0.829507511,1,6
4,bimodal,Task B ,1,1,0,0.378311391,2,2,310.8558204,6,1.52544464,2,1.23E-08,1.38E-05,0.999112734,0.999112734,1,4
5,bimodal,Task B ,2,4,1,1.036758667,3,2,320.5763272,1,1.735994211,3,1.36E-11,9.02E-06,0.999998489,0.999998489,1,8
5,bimodal,Task B ,1,4,1,-0.354250447,2,1,69.01177177,2,-0.115726584,2,0.000242517,2.56E-05,0.095528273,0.904471727,1,1
5,bimodal,Task B ,1,3,1,-0.334237554,3,1,301.1101352,3,0.007498837,3,0.000271036,2.58E-05,0.086894128,0.913105872,1,2
5,bimodal,Task B ,1,4,1,-0.003729327,2,1,240.2043569,4,0.328411399,2,0.000268199,2.58E-05,0.087680158,0.912319842,0,1
5,bimodal,Task B ,1,4,0,-0.510333346,2,2,85.61810367,5,-0.875449437,2,5.86E-06,2.03E-05,0.776003265,0.776003265,1,1
5,bimodal,Task B ,2,4,1,-2.707474776,2,2,343.8196621,6,3.056198148,2,2.12E-34,3.39E-07,1,1,1,8
6,bimodal,Task B ,1,2,1,-0.489545557,1,1,28.98124969,1,0.347095345,1,9.62E-05,2.42E-05,0.200860452,0.799139548,1,3
6,bimodal,Task B ,1,2,0,-0.855065339,2,2,104.4719612,2,-0.06355214,2,2.09E-05,2.20E-05,0.512726375,0.512726375,0,3
6,bimodal,Task B ,2,2,1,-0.287633278,1,2,318.9862221,3,0.862949968,1,1.30E-05,2.13E-05,0.620789283,0.620789283,1,6
6,bimodal,Task B ,1,1,1,-0.317165906,4,1,98.59598131,4,1.101085374,4,1.68E-06,1.88E-05,0.917929749,0.917929749,1,4
6,bimodal,Task B ,2,2,0,-0.070422643,2,1,90.01494483,5,0.139015617,2,0.000383824,2.64E-05,0.064263091,0.935736909,0,6
6,bimodal,Task B ,1,1,0,0.394828284,4,2,272.7977529,6,1.678241837,4,1.47E-09,1.21E-05,0.999878535,0.999878535,1,4
7,bimodal,Task B ,1,4,0,0.464135947,2,2,128.7355917,1,0.759523855,2,1.47E-05,2.15E-05,0.59332699,0.59332699,1,1
7,bimodal,Task B ,1,4,1,0.158696752,1,1,182.1514266,2,0.101457654,1,0.000362805,2.63E-05,0.06751215,0.93248785,1,1
7,bimodal,Task B ,1,4,0,0.963393683,4,2,155.4029899,3,1.878652227,4,2.85E-12,8.18E-06,0.999999652,0.999999652,1,1
7,bimodal,Task B ,1,1,1,-0.069704434,1,1,78.3428573,4,0.231894299,1,0.000331659,2.61E-05,0.073006246,0.926993754,0,4
7,bimodal,Task B ,1,1,1,-0.523233508,1,1,209.9284212,5,0.021132918,1,0.000139285,2.47E-05,0.150838858,0.849161142,1,4
7,bimodal,Task B ,1,4,1,0.237070028,1,1,241.1013252,6,-1.126462168,1,1.59E-06,1.87E-05,0.921780315,0.921780315,1,1
8,bimodal,Task B ,1,4,1,-0.154496448,1,1,255.3459296,1,0.324955805,1,0.000247004,2.56E-05,0.094053327,0.905946673,0,1
8,bimodal,Task B ,1,4,1,0.034519638,2,1,123.6662,2,0.106799701,2,0.00040127,2.64E-05,0.06180234,0.93819766,0,1
8,bimodal,Task B ,2,1,1,1.978583684,1,2,9.705981335,3,1.251465228,1,4.47E-14,6.31E-06,0.999999993,0.999999993,0,5
8,bimodal,Task B ,1,4,0,-0.928177987,3,2,74.76166072,4,-2.170649126,3,2.92E-14,6.15E-06,0.999999995,0.999999995,1,1
8,bimodal,Task B ,2,1,1,-0.513828051,1,2,174.6734611,5,-1.853696241,1,7.44E-11,1.00E-05,0.999992582,0.999992582,1,5
8,bimodal,Task B ,1,4,1,0.007584303,2,1,323.5072506,6,0.262224347,2,0.000316325,2.60E-05,0.076067192,0.923932808,0,1
9,bimodal,Task B ,1,2,1,-0.171835192,3,1,313.1574884,1,0.01251359,3,0.000378161,2.63E-05,0.065106146,0.934893854,1,3
9,bimodal,Task B ,1,4,1,-0.175295817,4,1,348.7324367,2,-0.819989704,4,2.22E-05,2.21E-05,0.497925534,0.502074466,0,1
9,bimodal,Task B ,1,3,1,-0.861901061,3,1,147.192942,3,0.171243258,3,1.78E-05,2.18E-05,0.549543662,0.549543662,0,2
9,bimodal,Task B ,1,2,1,-0.223345714,4,1,284.0648479,4,0.068285775,4,0.000341586,2.62E-05,0.071157127,0.928842873,1,3
9,bimodal,Task B ,1,1,1,-0.218167813,3,1,213.3714317,5,-0.220591141,3,0.000287248,2.59E-05,0.082668803,0.917331197,0,4
9,bimodal,Task B ,2,2,1,-3.238315431,3,2,124.563072,6,0.453286802,3,2.54E-23,1.67E-06,1,1,0,6
10,bimodal,Task B ,1,1,1,0.092491371,2,1,126.5174615,1,-0.318510413,2,0.000266657,2.58E-05,0.088113431,0.911886569,0,4
10,bimodal,Task B ,2,2,1,2.256740239,3,2,341.0296776,2,0.616966119,3,4.97E-14,6.35E-06,0.999999992,0.999999992,0,6
10,bimodal,Task B ,1,2,0,-0.055538276,1,2,211.4444412,3,-0.51613188,1,0.000137228,2.47E-05,0.15263396,0.84736604,0,3
10,bimodal,Task B ,1,2,1,-0.383072387,4,1,173.8348276,4,-0.195627124,4,0.000200352,2.53E-05,0.112159192,0.887840808,1,3
10,bimodal,Task B ,1,1,0,-0.342008999,1,2,216.8396658,5,-1.354763422,1,1.16E-07,1.59E-05,0.992731676,0.992731676,1,4
10,bimodal,Task B ,1,2,1,0.145039362,2,1,149.6575716,6,-0.270538472,2,0.000284402,2.59E-05,0.083379685,0.916620315,0,3
1,bimodal,Task B ,2,4,1,1.997270105,2,2,316.6930408,1,-0.606005268,2,5.28E-12,8.50E-06,0.999999379,0.999999379,0,8
1,bimodal,Task B ,2,4,1,-2.93488544,3,2,200.1421546,2,-1.886707204,3,4.35E-26,1.12E-06,1,1,0,8
1,bimodal,Task B ,2,2,1,1.31533341,4,2,294.5429055,3,0.107626021,4,2.88E-07,1.68E-05,0.983175622,0.983175622,0,6
1,bimodal,Task B ,2,3,1,-2.006556337,3,2,198.7921519,4,2.318070695,3,3.52E-21,2.27E-06,1,1,1,7
1,bimodal,Task B ,2,4,1,1.043168043,1,2,170.9512092,5,-1.726710688,1,1.54E-11,9.09E-06,0.999998311,0.999998311,1,8
1,bimodal,Task B ,2,1,1,-0.028814023,1,2,149.9701189,6,0.159043729,1,0.000379908,2.63E-05,0.064843633,0.935156367,0,5
2,bimodal,Task B ,1,2,0,0.149368404,2,2,168.7626554,1,-0.703588822,2,4.79E-05,2.31E-05,0.325803342,0.674196658,0,3
2,bimodal,Task B ,1,2,1,0.152803622,1,1,64.10127615,2,0.161783052,1,0.000341743,2.62E-05,0.071128673,0.928871327,0,3
2,bimodal,Task B ,2,2,0,-0.402910409,3,1,315.5918426,3,0.198443545,3,0.000186268,2.52E-05,0.119146509,0.880853491,1,6
2,bimodal,Task B ,2,1,0,-0.21750566,2,1,76.32993077,4,-0.015039594,2,0.000352014,2.62E-05,0.069316075,0.930683925,1,5
2,bimodal,Task B ,1,3,1,0.316519492,1,1,285.856035,5,0.282148443,1,0.000196435,2.53E-05,0.114015929,0.885984071,1,2
2,bimodal,Task B ,2,4,0,-0.151305676,4,1,185.4814281,6,-1.050782193,4,3.72E-06,1.97E-05,0.841379791,0.841379791,1,8
3,bimodal,Task B ,2,4,1,-2.791910175,1,2,316.0654517,1,-2.128633885,1,2.15E-26,1.07E-06,1,1,0,8
3,bimodal,Task B ,1,3,1,-0.020005989,3,1,262.567471,2,0.064391103,3,0.000416393,2.65E-05,0.059821534,0.940178466,0,2
3,bimodal,Task B ,1,2,1,0.227203364,2,1,50.18437886,3,-0.314369127,2,0.000224025,2.55E-05,0.102149001,0.897850999,0,3
3,bimodal,Task B ,2,4,1,-1.146995837,3,2,228.4440161,4,0.463777024,3,7.63E-07,1.79E-05,0.959059636,0.959059636,0,8
3,bimodal,Task B ,1,3,1,0.081858013,1,1,169.3250739,5,0.288898951,1,0.000288098,2.59E-05,0.082459039,0.917540961,0,2
3,bimodal,Task B ,1,3,1,-0.098242984,4,1,195.3141601,6,-0.514764795,4,0.000134604,2.47E-05,0.15498963,0.84501037,0,2
4,bimodal,Task B ,1,3,0,-0.666278495,3,2,206.5027523,1,-1.277240426,3,7.18E-08,1.54E-05,0.995360884,0.995360884,1,2
4,bimodal,Task B ,1,2,0,-0.96098969,2,2,297.5221395,2,-0.934677799,2,2.43E-07,1.66E-05,0.985617434,0.985617434,0,3
4,bimodal,Task B ,2,2,1,0.161685296,2,2,142.699523,3,2.647007899,2,5.24E-17,4.14E-06,1,1,1,6
4,bimodal,Task B ,1,1,0,-0.915837375,4,2,245.8710521,4,0.749151413,4,1.26E-06,1.84E-05,0.935880019,0.935880019,0,4
4,bimodal,Task B ,1,1,1,-0.252507154,1,1,213.4266735,5,-0.067559845,1,0.000323532,2.61E-05,0.07459598,0.92540402,1,4
4,bimodal,Task B ,2,2,1,-0.337761815,2,2,84.63611064,6,0.179153707,2,0.000234022,2.56E-05,0.098455616,0.901544384,1,6
5,bimodal,Task B ,2,1,1,0.49976622,4,2,132.6589297,1,-2.158937125,4,4.29E-13,7.27E-06,0.999999941,0.999999941,1,5
5,bimodal,Task B ,1,2,1,0.27663418,1,1,22.83832508,2,0.056153891,1,0.000300583,2.60E-05,0.079499448,0.920500552,1,3
5,bimodal,Task B ,1,3,1,0.222661739,2,1,104.5977064,3,0.089672026,2,0.000330028,2.61E-05,0.073319689,0.926680311,1,2
5,bimodal,Task B ,1,4,0,0.191425051,3,2,271.427441,4,0.632933366,3,6.61E-05,2.36E-05,0.263225872,0.736774128,0,1
5,bimodal,Task B ,1,4,1,0.006827184,4,1,129.3583596,5,-0.402027851,4,0.00021535,2.54E-05,0.105594778,0.894405222,0,1
5,bimodal,Task B ,1,4,1,0.256355511,3,1,121.3565996,6,0.181848973,3,0.000276962,2.58E-05,0.085298838,0.914701162,1,1
6,bimodal,Task B ,1,1,0,0.65787264,3,2,259.9200032,1,-0.291615697,3,4.78E-05,2.31E-05,0.326315379,0.673684621,1,4
6,bimodal,Task B ,1,2,0,1.276282966,4,2,207.1079337,2,1.104741098,4,2.64E-09,1.25E-05,0.999789703,0.999789703,0,3
6,bimodal,Task B ,2,1,0,0.255744244,4,1,269.6572648,3,0.323985891,4,0.000204408,2.53E-05,0.110302095,0.889697905,0,5
6,bimodal,Task B ,2,2,0,-0.553173343,2,1,212.2104962,4,-0.720155478,2,1.38E-05,2.14E-05,0.608017722,0.608017722,1,6
6,bimodal,Task B ,1,1,1,-0.188356777,1,1,346.805006,5,0.191664917,1,0.00031576,2.60E-05,0.07618502,0.92381498,0,4
6,bimodal,Task B ,1,1,1,-0.311183212,1,1,203.1363584,6,-0.307525139,1,0.000193927,2.53E-05,0.115238237,0.884761763,0,4
7,bimodal,Task B ,1,1,1,0.254454622,1,1,136.0667977,1,-0.133828424,1,0.000297532,2.59E-05,0.080202358,0.919797642,1,4
7,bimodal,Task B ,2,4,1,-0.708079393,2,2,197.954755,2,-0.197342769,2,4.65E-05,2.31E-05,0.331767236,0.668232764,1,8
7,bimodal,Task B ,2,1,1,1.125628654,4,2,161.904303,3,0.233209649,4,1.66E-06,1.88E-05,0.91891026,0.91891026,0,5
7,bimodal,Task B ,1,1,0,-0.123553107,4,2,345.9353367,4,-1.144982801,4,1.60E-06,1.87E-05,0.921119699,0.921119699,1,4
7,bimodal,Task B ,2,4,1,-3.980442134,3,2,63.56162768,5,2.121484288,3,7.53E-41,1.34E-07,1,1,0,8
7,bimodal,Task B ,1,4,1,0.197833046,3,1,155.1593629,6,0.301287866,3,0.000242767,2.56E-05,0.095444882,0.904555118,0,1
8,bimodal,Task B ,1,4,0,-0.162142353,4,2,106.6256634,1,1.564117569,4,1.23E-08,1.38E-05,0.999107751,0.999107751,1,1
8,bimodal,Task B ,1,4,0,-0.405200857,4,2,29.65729091,2,1.896234385,4,5.48E-11,9.84E-06,0.999994432,0.999994432,1,1
8,bimodal,Task B ,2,4,1,1.220947596,3,2,188.3868038,3,-4.248607999,3,6.96E-40,1.54E-07,1,1,1,8
8,bimodal,Task B ,2,4,1,-0.220222179,1,2,292.2329119,4,-0.766545488,1,2.96E-05,2.25E-05,0.431403719,0.568596281,0,8
8,bimodal,Task B ,2,4,0,0.687159367,2,1,338.7301128,5,0.118754438,2,5.44E-05,2.33E-05,0.300129229,0.699870771,1,8
8,bimodal,Task B ,2,4,1,0.880081955,4,2,23.62255976,6,-0.54380302,4,4.71E-06,2.00E-05,0.809453789,0.809453789,0,8
9,bimodal,Task B ,1,2,1,-0.448485401,2,1,322.503483,1,-0.201073223,2,0.000158898,2.49E-05,0.135691196,0.864308804,1,3
9,bimodal,Task B ,1,1,1,0.331492019,1,1,76.04433428,2,0.175437953,1,0.000231979,2.55E-05,0.099187611,0.900812389,1,4
9,bimodal,Task B ,1,2,0,1.128409774,3,2,131.5992589,3,-1.29236036,3,1.79E-09,1.22E-05,0.999853844,0.999853844,1,3
9,bimodal,Task B ,1,2,1,0.613436549,4,1,309.1877191,4,0.33065393,4,5.43E-05,2.33E-05,0.300665939,0.699334061,1,3
9,bimodal,Task B ,1,3,1,0.196711969,2,1,46.08616048,5,0.552684846,2,9.80E-05,2.42E-05,0.198067495,0.801932505,0,2
9,bimodal,Task B ,2,2,1,-0.004702473,2,2,88.37163162,6,-0.776812261,2,3.35E-05,2.26E-05,0.403083922,0.596916078,0,6
10,bimodal,Task B ,1,1,0,-0.20561044,2,2,174.4318258,1,-0.611391608,2,7.47E-05,2.38E-05,0.241559573,0.758440427,0,4
10,bimodal,Task B ,1,1,0,1.44374739,2,2,135.2142796,2,-0.085548484,2,6.70E-08,1.53E-05,0.995653361,0.995653361,0,4
10,bimodal,Task B ,2,1,1,0.651185955,2,2,170.4615773,3,-0.069859319,2,6.93E-05,2.37E-05,0.254610023,0.745389977,1,5
10,bimodal,Task B ,1,2,0,-0.482863724,1,2,238.309758,4,-1.391217631,1,4.74E-08,1.50E-05,0.996854779,0.996854779,1,3
10,bimodal,Task B ,1,2,1,-0.462782301,4,1,198.6705834,5,0.286514067,4,0.000125655,2.46E-05,0.16362616,0.83637384,1,3
10,bimodal,Task B ,1,1,1,-0.328891704,1,1,341.7344815,6,-0.152638218,1,0.000249734,2.57E-05,0.093179147,0.906820853,1,4
1,bimodal,Task B ,1,3,1,-0.309705602,3,1,185.9785177,1,0.257372947,3,0.000218001,2.54E-05,0.104516316,0.895483684,1,2
1,bimodal,Task B ,2,2,1,0.926264572,4,2,324.2175837,2,-0.602532241,4,2.50E-06,1.92E-05,0.884839294,0.884839294,0,6
1,bimodal,Task B ,2,2,1,0.879189408,4,2,63.63799688,3,0.886809106,4,5.88E-07,1.76E-05,0.967619178,0.967619178,1,6
1,bimodal,Task B ,1,3,0,0.480591924,3,2,246.5431568,4,0.840646367,3,7.97E-06,2.07E-05,0.72182989,0.72182989,1,2
1,bimodal,Task B ,2,4,1,0.847139109,4,2,339.5419781,5,-1.841033598,4,1.29E-11,8.99E-06,0.999998563,0.999998563,1,8
1,bimodal,Task B ,2,1,1,-0.200942485,2,2,163.3451594,6,0.852374443,2,1.67E-05,2.17E-05,0.564631813,0.564631813,1,5
2,bimodal,Task B ,1,2,1,-0.193086456,1,1,58.68307363,1,0.81973627,1,2.13E-05,2.20E-05,0.507989793,0.507989793,1,3
2,bimodal,Task B ,1,1,0,0.74586341,1,2,245.5981654,2,3.135935815,1,3.67E-23,1.71E-06,1,1,1,4
2,bimodal,Task B ,2,3,0,-0.384034056,3,1,273.3839829,3,0.826189514,3,1.30E-05,2.13E-05,0.621175445,0.621175445,1,7
2,bimodal,Task B ,1,2,1,0.610421299,2,1,302.4105673,4,0.060840601,2,8.63E-05,2.40E-05,0.217637802,0.782362198,1,3
2,bimodal,Task B ,1,2,1,-0.309830967,2,1,52.00791178,5,-0.457827554,2,0.00011994,2.45E-05,0.169685851,0.830314149,0,3
2,bimodal,Task B ,1,2,1,0.439972337,2,1,199.1795405,6,0.522340913,2,5.85E-05,2.34E-05,0.286164634,0.713835366,0,3
3,bimodal,Task B ,1,3,0,1.516564111,2,2,1.8347862,1,-0.280346798,2,2.02E-08,1.42E-05,0.998581014,0.998581014,0,2
3,bimodal,Task B ,2,1,1,-0.447172409,4,2,248.7776535,2,-0.112216186,4,0.000179398,2.51E-05,0.122894115,0.877105885,1,5
3,bimodal,Task B ,1,4,1,0.322609676,3,1,337.2480936,3,0.171650302,3,0.000239077,2.56E-05,0.096691502,0.903308498,1,1
3,bimodal,Task B ,2,1,1,-0.237713818,3,2,197.0177679,4,-1.388507512,3,1.01E-07,1.57E-05,0.993645399,0.993645399,1,5
3,bimodal,Task B ,1,2,1,0.159245142,3,1,200.8335864,5,-0.322714405,3,0.000245104,2.56E-05,0.094672071,0.905327929,0,3
3,bimodal,Task B ,2,1,1,0.929722853,4,2,101.238259,6,-0.810786167,4,7.06E-07,1.78E-05,0.961831707,0.961831707,0,5
4,bimodal,Task B ,2,3,1,-2.291605008,2,2,167.1714349,1,-0.30562034,2,1.08E-13,6.67E-06,0.999999984,0.999999984,0,7
4,bimodal,Task B ,2,4,1,-2.067962743,4,2,314.017545,2,0.137202896,4,8.38E-12,8.75E-06,0.999999042,0.999999042,0,8
4,bimodal,Task B ,1,4,1,-0.61894427,4,1,115.655025,3,-0.13924486,4,8.22E-05,2.39E-05,0.225575556,0.774424444,1,1
4,bimodal,Task B ,1,2,0,0.600895287,2,2,198.5220093,4,0.186254605,2,7.94E-05,2.39E-05,0.231319576,0.768680424,1,3
4,bimodal,Task B ,1,2,1,-0.00210763,3,1,73.86573358,5,-0.436203744,3,0.000191009,2.52E-05,0.11669578,0.88330422,0,3
4,bimodal,Task B ,1,3,1,-0.382256,4,1,157.1954988,6,-0.067407137,4,0.000231266,2.55E-05,0.099445936,0.900554064,1,2
5,bimodal,Task B ,2,4,1,2.683032304,3,2,332.7870309,1,0.074960177,3,3.80E-17,4.06E-06,1,1,0,8
5,bimodal,Task B ,2,4,1,1.94264765,4,2,76.79227775,2,-1.559769615,4,2.14E-15,5.22E-06,1,1,0,8
5,bimodal,Task B ,2,4,1,1.568908581,4,2,51.39783082,3,-2.956071143,4,1.42E-24,1.39E-06,1,1,1,8
5,bimodal,Task B ,1,4,1,0.20355675,4,1,238.809118,4,0.038023791,4,0.000351537,2.62E-05,0.069398201,0.930601799,1,1
5,bimodal,Task B ,2,2,0,-0.351091784,4,1,359.0420269,5,0.175729609,4,0.000226578,2.55E-05,0.101178596,0.898821404,1,6
5,bimodal,Task B ,2,4,1,-2.29119377,4,2,122.5272024,6,-0.222995069,4,1.31E-13,6.75E-06,0.999999981,0.999999981,0,8
6,bimodal,Task B ,1,2,1,0.082363225,2,1,297.2694238,1,-0.451503759,2,0.000174687,2.51E-05,0.125608604,0.874391396,0,3
6,bimodal,Task B ,1,2,0,0.401790837,1,2,36.56724454,2,-0.823498945,1,1.23E-05,2.13E-05,0.63390426,0.63390426,1,3
6,bimodal,Task B ,1,2,1,0.482856273,2,1,338.6092651,3,0.421226257,2,7.41E-05,2.38E-05,0.242916204,0.757083796,1,3
6,bimodal,Task B ,2,2,1,0.91445314,4,2,27.05431978,4,0.286264104,4,8.90E-06,2.08E-05,0.70073367,0.70073367,0,6
6,bimodal,Task B ,1,2,1,-0.232648725,4,1,97.00974335,5,0.336205238,4,0.000211868,2.54E-05,0.107046935,0.892953065,0,3
6,bimodal,Task B ,2,2,0,0.075045647,2,1,217.1061958,6,-0.356503706,2,0.000242522,2.56E-05,0.095526427,0.904473573,0,6
7,bimodal,Task B ,1,4,0,0.083939346,4,2,244.3233486,1,-0.491231513,4,0.000149034,2.48E-05,0.14289322,0.85710678,0,1
7,bimodal,Task B ,2,2,1,2.00841672,1,2,302.4810008,2,0.377940817,1,1.12E-11,8.91E-06,0.999998745,0.999998745,0,6
7,bimodal,Task B ,1,4,1,0.434529826,3,1,248.8672098,3,0.469823503,3,7.44E-05,2.38E-05,0.242391401,0.757608599,0,1
7,bimodal,Task B ,1,4,1,-0.110502191,2,1,220.1223789,4,0.14113988,2,0.000372204,2.63E-05,0.066018068,0.933981932,0,1
7,bimodal,Task B ,1,4,0,-1.578665308,3,2,287.3589858,5,-0.108617983,3,1.40E-08,1.39E-05,0.998997493,0.998997493,0,1
7,bimodal,Task B ,1,1,1,0.162437271,2,1,11.71152043,6,0.090855505,2,0.000364099,2.63E-05,0.067302341,0.932697659,1,4
8,bimodal,Task B ,2,4,1,2.966541063,4,2,270.3312068,1,1.127094569,4,2.30E-22,1.91E-06,1,1,0,8
8,bimodal,Task B ,2,4,1,-2.090948066,4,2,321.1187972,2,2.564469398,4,5.22E-24,1.51E-06,1,1,1,8
8,bimodal,Task B ,2,4,1,2.886688078,4,2,303.9256903,3,-0.663409709,4,5.47E-20,2.69E-06,1,1,0,8
8,bimodal,Task B ,1,4,0,0.211829102,4,2,179.2128066,4,-0.011714126,4,0.000348533,2.62E-05,0.069919555,0.930080445,1,1
8,bimodal,Task B ,2,4,0,0.452722824,2,1,5.32177093,5,-0.3503744,2,0.000106029,2.43E-05,0.18659573,0.81340427,1,8
8,bimodal,Task B ,1,4,1,-0.433467296,4,1,192.7663159,6,-0.088697059,4,0.000192241,2.52E-05,0.116075514,0.883924486,1,1
9,bimodal,Task B ,2,2,1,-0.110342081,1,2,179.9784475,1,1.169971372,1,1.24E-06,1.84E-05,0.936991754,0.936991754,1,6
9,bimodal,Task B ,2,1,0,0.364234905,1,1,318.1415676,2,-0.263465609,1,0.000179885,2.51E-05,0.122620173,0.877379827,1,5
9,bimodal,Task B ,2,4,1,-1.460176978,4,2,97.50177442,3,4.457279969,4,2.34E-44,8.08E-08,1,1,1,8
9,bimodal,Task B ,2,2,1,-1.66379584,1,2,164.2553229,4,0.748584619,1,4.36E-10,1.12E-05,0.999961119,0.999961119,0,6
9,bimodal,Task B ,1,3,1,0.227842433,3,1,102.3689959,5,-0.568733714,3,8.69E-05,2.40E-05,0.216512092,0.783487908,0,2
9,bimodal,Task B ,1,1,0,2.495158414,3,2,220.9524893,6,-1.484533552,3,2.07E-19,2.93E-06,1,1,0,4
10,bimodal,Task B ,1,1,1,0.275068314,1,1,139.7419885,1,-0.087121933,1,0.000296563,2.59E-05,0.080428254,0.919571746,1,4
10,bimodal,Task B ,1,2,0,0.381480048,2,2,253.5553166,2,0.614110456,2,4.60E-05,2.31E-05,0.334024484,0.665975516,0,3
10,bimodal,Task B ,1,1,0,-0.360601444,4,2,26.76400252,3,-0.93580005,4,6.31E-06,2.04E-05,0.763779171,0.763779171,1,4
10,bimodal,Task B ,2,2,1,1.165913323,3,2,85.32503642,4,0.700552502,3,1.78E-07,1.63E-05,0.989235408,0.989235408,0,6
10,bimodal,Task B ,1,2,1,-0.302115652,4,1,295.7825144,5,-1.112612795,4,1.60E-06,1.87E-05,0.9210516,0.9210516,1,3
10,bimodal,Task B ,1,1,1,-0.179539818,1,1,186.0823484,6,0.015669786,1,0.000373918,2.63E-05,0.065753122,0.934246878,1,4
1,bimodal,Task B ,1,4,1,0.085757994,3,1,188.4792478,1,-0.028086987,3,0.000408682,2.65E-05,0.060814869,0.939185131,1,1
1,bimodal,Task B ,1,2,1,-0.108860695,3,1,350.5952981,2,-0.108962067,3,0.000386692,2.64E-05,0.063844746,0.936155254,0,3
1,bimodal,Task B ,1,3,0,0.482784655,2,2,12.6880586,3,-0.459156263,2,6.50E-05,2.36E-05,0.266177311,0.733822689,1,2
1,bimodal,Task B ,1,3,0,0.833796385,4,2,103.3092229,4,0.39958522,4,1.15E-05,2.12E-05,0.647269605,0.647269605,0,2
1,bimodal,Task B ,2,2,1,-1.431949623,2,2,352.6047532,5,-1.11656797,2,4.78E-10,1.13E-05,0.999957585,0.999957585,0,6
1,bimodal,Task B ,1,3,1,0.146451272,3,1,310.2190223,6,0.098328068,3,0.000369679,2.63E-05,0.066412642,0.933587358,1,2
2,bimodal,Task B ,1,2,1,-0.279514445,4,1,173.1107493,1,-0.449947319,4,0.000132933,2.47E-05,0.156529071,0.843470929,0,3
2,bimodal,Task B ,2,2,0,0.012128566,1,1,80.52085954,2,0.222600361,1,0.000342996,2.62E-05,0.07090222,0.92909778,0,6
2,bimodal,Task B ,1,3,1,0.499362893,4,1,291.4772488,3,0.14649853,4,0.00013418,2.47E-05,0.155377276,0.844622724,1,2
2,bimodal,Task B ,1,2,1,0.397532053,1,1,35.95317263,4,-0.116460663,1,0.000204289,2.53E-05,0.110355456,0.889644544,1,3
2,bimodal,Task B ,1,3,0,0.24536,4,2,231.7071753,5,1.270392331,4,3.54E-07,1.70E-05,0.979629576,0.979629576,1,2
2,bimodal,Task B ,1,4,1,0.020856015,3,1,357.2427401,6,-0.171765086,3,0.000374333,2.63E-05,0.065689233,0.934310767,0,1
3,bimodal,Task B ,1,4,1,0.441389212,4,1,69.41377427,1,-0.082562147,4,0.000179968,2.51E-05,0.122573613,0.877426387,1,1
3,bimodal,Task B ,1,1,1,-0.555515776,4,1,309.3782501,2,0.151793708,4,0.000109575,2.44E-05,0.181960033,0.818039967,1,4
3,bimodal,Task B ,2,3,1,1.12691359,4,2,345.8432674,3,-0.073081087,4,2.02E-06,1.90E-05,0.903927717,0.903927717,0,7
3,bimodal,Task B ,2,1,0,0.623933435,3,1,280.9896211,4,-0.004232441,3,8.18E-05,2.39E-05,0.226318428,0.773681572,1,5
3,bimodal,Task B ,1,3,1,0.132307444,4,1,19.91446243,5,0.593331067,4,8.81E-05,2.40E-05,0.214332707,0.785667293,0,2
3,bimodal,Task B ,2,3,1,1.462966931,2,2,20.98274136,6,1.306679663,2,3.99E-11,9.65E-06,0.999995861,0.999995861,0,7
4,bimodal,Task B ,1,3,1,-0.598952412,2,1,32.96250478,1,0.312447847,2,6.50E-05,2.36E-05,0.266391099,0.733608901,1,2
4,bimodal,Task B ,1,3,1,0.452031,4,1,102.5353422,2,0.529340853,4,5.42E-05,2.33E-05,0.301015045,0.698984955,0,2
4,bimodal,Task B ,2,3,1,-1.10208957,3,2,137.0887024,3,-0.109990893,3,2.74E-06,1.94E-05,0.875809406,0.875809406,0,7
4,bimodal,Task B ,1,3,0,-0.823361535,4,2,19.54497114,4,0.064267544,4,2.60E-05,2.23E-05,0.461796282,0.538203718,1,2
4,bimodal,Task B ,1,3,1,-0.091972322,2,1,226.7253093,5,0.011249732,2,0.000411229,2.65E-05,0.060483008,0.939516992,1,2
4,bimodal,Task B ,1,1,0,1.519073508,2,2,280.8952664,6,-1.366363426,2,1.04E-11,8.87E-06,0.999998823,0.999998823,0,4
5,bimodal,Task B ,2,2,1,1.379612409,2,2,100.5668625,1,0.51597633,2,4.75E-08,1.50E-05,0.996850008,0.996850008,0,6
5,bimodal,Task B ,1,3,1,0.451141971,4,1,89.31763407,2,-0.073747683,4,0.000174494,2.51E-05,0.125722352,0.874277648,1,2
5,bimodal,Task B ,1,1,1,-0.082059644,2,1,303.5674432,3,0.741014635,2,4.05E-05,2.29E-05,0.361451247,0.638548753,0,4
5,bimodal,Task B ,1,4,1,-0.097549969,4,1,350.3292,4,0.638294133,4,7.29E-05,2.38E-05,0.245878739,0.754121261,0,1
5,bimodal,Task B ,1,4,1,-0.083893924,4,1,12.97475717,5,0.190665763,4,0.000354155,2.62E-05,0.068950285,0.931049715,0,1
5,bimodal,Task B ,2,4,1,1.993904116,1,2,205.3138252,6,2.134699393,1,1.13E-19,2.82E-06,1,1,1,8
6,bimodal,Task B ,2,2,0,0.026962987,4,1,149.721528,1,0.043544513,4,0.000418959,2.65E-05,0.059498437,0.940501563,0,6
6,bimodal,Task B ,1,2,1,-0.140471487,4,1,195.8225979,2,0.558585252,4,0.000104788,2.43E-05,0.188277297,0.811722703,0,3
6,bimodal,Task B ,1,2,1,-0.356418566,2,1,334.369516,3,0.013431509,2,0.00025445,2.57E-05,0.091707623,0.908292377,1,3
6,bimodal,Task B ,2,2,1,0.332899598,4,2,71.52214246,4,1.767722946,4,4.83E-10,1.13E-05,0.999957194,0.999957194,1,6
6,bimodal,Task B ,1,2,1,0.71153289,3,1,245.8308036,5,0.326749704,3,3.18E-05,2.26E-05,0.414838479,0.585161521,1,3
6,bimodal,Task B ,2,2,1,0.695543783,2,2,88.10636401,6,-1.369589354,2,2.04E-08,1.42E-05,0.998572983,0.998572983,1,6
7,bimodal,Task B ,1,4,0,-0.44162128,4,2,303.9276497,1,-0.262492765,4,0.000144576,2.48E-05,0.146415867,0.853584133,1,1
7,bimodal,Task B ,1,1,0,0.532079972,3,2,201.7936756,2,-1.020463045,3,1.59E-06,1.87E-05,0.921558816,0.921558816,1,4
7,bimodal,Task B ,1,4,1,0.30666675,4,1,73.58016778,3,-0.342413538,4,0.00017319,2.51E-05,0.126497271,0.873502729,0,1
7,bimodal,Task B ,1,1,0,-0.044068115,2,2,4.335279541,4,-0.495250132,2,0.00015062,2.49E-05,0.141682254,0.858317746,0,4
7,bimodal,Task B ,1,1,1,-0.078707121,3,1,310.9278752,5,-0.65668748,3,6.77E-05,2.37E-05,0.25881967,0.74118033,0,4
7,bimodal,Task B ,1,4,0,1.982502789,4,2,159.2325602,6,-1.864002836,4,1.38E-17,3.81E-06,1,1,0,1
8,bimodal,Task B ,1,4,1,0.189111246,2,1,271.7047726,1,-0.730144208,2,3.85E-05,2.28E-05,0.372222028,0.627777972,0,1
8,bimodal,Task B ,1,4,0,-0.280017296,1,2,173.6466559,2,-0.008663384,1,0.000310464,2.60E-05,0.077308585,0.922691415,1,1
8,bimodal,Task B ,2,1,1,-2.254499822,1,2,120.0888363,3,-2.479000479,1,1.80E-24,1.41E-06,1,1,1,5
8,bimodal,Task B ,2,4,1,-1.498381033,2,2,169.3940355,4,-0.405085143,2,2.05E-08,1.43E-05,0.998565874,0.998565874,0,8
8,bimodal,Task B ,2,4,1,2.583376606,4,2,34.29021741,5,0.741073988,4,3.38E-17,4.03E-06,1,1,0,8
8,bimodal,Task B ,1,4,0,-0.382957035,1,2,50.45438089,6,0.155330482,1,0.000211921,2.54E-05,0.107024419,0.892975581,1,1
9,bimodal,Task B ,2,4,1,2.694517103,4,2,42.63387219,1,-0.251401797,4,2.32E-17,3.93E-06,1,1,0,8
9,bimodal,Task B ,1,2,1,-0.680611244,1,1,192.9319654,2,0.312286226,1,4.23E-05,2.30E-05,0.351989892,0.648010108,1,3
9,bimodal,Task B ,1,3,0,-0.123072942,1,2,84.3751388,3,-1.318852264,1,2.63E-07,1.67E-05,0.984491266,0.984491266,1,2
9,bimodal,Task B ,2,1,1,2.465512383,1,2,45.42153268,4,0.15805279,1,3.70E-15,5.40E-06,0.999999999,0.999999999,0,5
9,bimodal,Task B ,2,1,0,-0.174694339,1,1,27.5379428,5,0.429120504,1,0.000172434,2.51E-05,0.126950889,0.873049111,0,5
9,bimodal,Task B ,1,1,0,-1.785407643,3,2,206.4912111,6,-0.004081142,3,8.24E-10,1.17E-05,0.999929294,0.999929294,0,4
10,bimodal,Task B ,2,1,1,-0.511328468,4,2,220.362242,1,-0.812385087,4,9.14E-06,2.09E-05,0.695478285,0.695478285,1,5
10,bimodal,Task B ,2,3,1,-2.438103849,3,2,169.5868084,2,1.215756318,3,1.75E-17,3.86E-06,1,1,0,7
10,bimodal,Task B ,1,2,0,-0.244352337,3,2,359.3006144,3,-1.207504194,3,7.21E-07,1.78E-05,0.961085478,0.961085478,1,3
10,bimodal,Task B ,1,2,0,0.018041949,4,2,291.2091739,4,-0.254494689,4,0.000323047,2.61E-05,0.07469329,0.92530671,0,3
10,bimodal,Task B ,1,1,1,-0.094691662,4,1,23.740396,5,-0.187102377,4,0.00035501,2.62E-05,0.068805293,0.931194707,0,4
10,bimodal,Task B ,1,2,1,-0.542201637,2,1,192.687881,6,0.173343177,2,0.000112939,2.44E-05,0.177778651,0.822221349,1,3
1,bimodal,Task B ,2,4,1,-1.753183117,3,2,299.447979,1,-1.249035564,3,1.85E-12,7.96E-06,0.999999768,0.999999768,0,8
1,bimodal,Task B ,2,4,1,0.728735482,1,2,96.8708437,2,-1.743626049,1,1.23E-10,1.04E-05,0.99998812,0.99998812,1,8
1,bimodal,Task B ,1,3,1,-0.036279266,3,1,298.2356641,3,0.254576573,3,0.000320665,2.61E-05,0.075174167,0.924825833,0,2
1,bimodal,Task B ,1,2,0,-0.351102786,3,2,72.65274709,4,-1.278405937,3,2.65E-07,1.67E-05,0.98442158,0.98442158,1,3
1,bimodal,Task B ,1,3,1,0.343179232,4,1,274.9931502,5,0.262074992,4,0.00019102,2.52E-05,0.116690184,0.883309816,1,2
1,bimodal,Task B ,2,4,1,-3.176281882,4,2,139.3341825,6,0.485713774,4,1.16E-22,1.83E-06,1,1,0,8
2,bimodal,Task B ,2,2,1,2.031610622,1,2,22.74828098,1,-0.284967063,1,9.89E-12,8.84E-06,0.999998882,0.999998882,0,6
2,bimodal,Task B ,2,4,0,-0.927510786,4,1,311.2627368,2,0.243290675,4,9.68E-06,2.09E-05,0.683926289,0.683926289,0,8
2,bimodal,Task B ,1,2,1,0.237604281,4,1,162.7438012,3,0.067010088,4,0.000325432,2.61E-05,0.074218091,0.925781909,1,3
2,bimodal,Task B ,2,3,1,1.478938415,4,2,59.17636745,4,-1.722617149,4,1.66E-13,6.85E-06,0.999999976,0.999999976,1,7
2,bimodal,Task B ,1,4,1,0.475126737,4,1,231.4278387,5,0.182440519,4,0.000140906,2.48E-05,0.149454349,0.850545651,1,1
2,bimodal,Task B ,2,4,1,0.473579738,1,2,297.397785,6,-2.113194441,1,1.09E-12,7.70E-06,0.999999859,0.999999859,1,8
3,bimodal,Task B ,1,1,1,-0.056989365,1,1,23.31233545,1,-0.370334782,1,0.000236272,2.56E-05,0.097662417,0.902337583,0,4
3,bimodal,Task B ,1,4,1,-0.345901856,2,1,125.022355,2,0.268555508,2,0.000193008,2.53E-05,0.11569304,0.88430696,1,1
3,bimodal,Task B ,2,4,1,-1.900752726,4,2,175.2119046,3,-0.663631845,4,2.23E-11,9.30E-06,0.999997607,0.999997607,0,8
3,bimodal,Task B ,1,4,0,0.268309739,2,2,164.5783377,4,0.231769002,2,0.00024704,2.56E-05,0.094041907,0.905958093,1,1
3,bimodal,Task B ,2,1,0,0.075550131,2,1,9.068274209,5,-0.868591977,2,1.73E-05,2.17E-05,0.557186307,0.557186307,1,5
3,bimodal,Task B ,1,2,1,0.213922661,4,1,148.4794108,6,0.290518322,4,0.000242464,2.56E-05,0.095545968,0.904454032,0,3
4,bimodal,Task B ,2,3,1,-3.403436687,2,2,228.1213517,1,2.143090346,2,2.39E-33,3.94E-07,1,1,0,7
4,bimodal,Task B ,1,3,1,-0.102413421,4,1,304.6295907,2,-0.05735719,4,0.000402877,2.64E-05,0.061585338,0.938414662,1,2
4,bimodal,Task B ,2,4,1,2.303888583,4,2,146.3129691,3,1.758671765,4,2.14E-19,2.93E-06,1,1,0,8
4,bimodal,Task B ,2,4,1,-0.859540913,3,2,206.8186078,4,0.789634486,3,1.47E-06,1.86E-05,0.926974789,0.926974789,0,8
4,bimodal,Task B ,1,3,1,0.072726605,4,1,334.9963054,5,-0.454214136,4,0.000174047,2.51E-05,0.125986852,0.874013148,0,2
4,bimodal,Task B ,1,1,1,-0.16064474,3,1,176.0604307,6,-0.037621069,3,0.000382025,2.64E-05,0.064528544,0.935471456,1,4
5,bimodal,Task B ,1,3,1,-0.434596933,4,1,36.15447944,1,-0.612941241,4,4.08E-05,2.29E-05,0.359811766,0.640188234,0,2
5,bimodal,Task B ,1,3,1,0.370699333,1,1,249.5820528,2,0.047880578,1,0.000233258,2.56E-05,0.098728291,0.901271709,1,2
5,bimodal,Task B ,1,4,0,0.315711151,1,2,59.48854914,3,-0.339693626,1,0.000170441,2.51E-05,0.128164191,0.871835809,0,1
5,bimodal,Task B ,1,4,1,-0.153700866,4,1,241.9517369,4,-0.059290981,4,0.000382067,2.64E-05,0.064522275,0.935477725,1,1
5,bimodal,Task B ,2,2,1,-0.422879982,4,2,211.8173354,5,0.949405199,4,4.54E-06,2.00E-05,0.814865688,0.814865688,1,6
5,bimodal,Task B ,1,4,1,-0.130193355,2,1,48.79086515,6,0.299556425,2,0.000271571,2.58E-05,0.086747565,0.913252435,0,1
6,bimodal,Task B ,1,2,0,0.615842563,1,2,9.841447885,1,0.963667528,1,1.67E-06,1.88E-05,0.918082558,0.918082558,1,3
6,bimodal,Task B ,1,2,0,-1.936793755,1,2,351.9355958,2,-0.927107634,1,2.15E-12,8.04E-06,0.999999733,0.999999733,0,3
6,bimodal,Task B ,1,2,0,1.651321899,4,2,80.69028021,3,2.021683953,4,1.49E-16,4.42E-06,1,1,1,3
6,bimodal,Task B ,1,1,1,-0.3294062,3,1,116.3355732,4,-0.371817747,3,0.000153888,2.49E-05,0.139252683,0.860747317,0,4
6,bimodal,Task B ,2,2,1,1.078343578,4,2,280.3510294,5,-0.035419651,4,3.21E-06,1.95E-05,0.858969611,0.858969611,0,6
6,bimodal,Task B ,2,2,0,-0.232245717,2,1,248.6599131,6,-0.638913449,2,6.17E-05,2.35E-05,0.276069153,0.723930847,0,6
7,bimodal,Task B ,1,4,1,-0.061116385,3,1,72.40602596,1,0.171022109,3,0.000369658,2.63E-05,0.066415974,0.933584026,0,1
7,bimodal,Task B ,1,4,0,-0.16663842,4,2,258.5653893,2,-0.498516261,4,0.000134247,2.47E-05,0.155316117,0.844683883,0,1
7,bimodal,Task B ,2,1,1,-1.195955688,3,2,347.1944537,3,-2.318663805,3,1.69E-16,4.45E-06,1,1,1,5
7,bimodal,Task B ,2,4,0,-0.294904199,2,1,207.7611098,4,0.130529959,2,0.000278683,2.58E-05,0.084846653,0.915153347,1,8
7,bimodal,Task B ,1,1,0,2.517948048,2,2,167.891588,5,0.299672817,2,9.48E-16,4.96E-06,1,1,0,4
7,bimodal,Task B ,1,1,0,-2.053772442,1,2,235.7925063,6,-1.344810163,1,5.69E-15,5.55E-06,0.999999999,0.999999999,0,4
8,bimodal,Task B ,1,4,1,-0.223405539,2,1,125.9333083,1,-0.314941731,2,0.000230155,2.55E-05,0.099850891,0.900149109,0,1
8,bimodal,Task B ,1,4,0,0.520839123,3,2,263.3852844,2,-0.457802742,3,5.57E-05,2.34E-05,0.295538636,0.704461364,1,1
8,bimodal,Task B ,1,4,0,0.44868404,1,2,341.6908184,3,-1.21056126,1,3.76E-07,1.71E-05,0.978501407,0.978501407,1,1
8,bimodal,Task B ,1,4,1,-0.275564474,1,1,67.44186306,4,0.275129429,1,0.000227179,2.55E-05,0.100953118,0.899046882,0,1
8,bimodal,Task B ,1,4,0,-0.244893475,4,2,334.6240136,5,1.151947672,4,1.22E-06,1.84E-05,0.937828622,0.937828622,1,1
8,bimodal,Task B ,1,4,1,-0.080366267,3,1,269.7105616,6,0.49667157,3,0.000145575,2.48E-05,0.145611213,0.854388787,0,1
9,bimodal,Task B ,2,1,1,-0.456539316,3,2,89.06279567,1,1.167761944,3,5.70E-07,1.75E-05,0.968552713,0.968552713,1,5
9,bimodal,Task B ,1,2,0,0.052921935,3,2,102.2428872,2,-0.348110182,3,0.000251834,2.57E-05,0.092517737,0.907482263,0,3
9,bimodal,Task B ,2,1,0,0.146263068,2,1,169.0347475,3,-0.316548503,2,0.000253493,2.57E-05,0.092002168,0.907997832,0,5
9,bimodal,Task B ,2,1,0,0.242455569,1,1,6.067967941,4,-0.23716943,1,0.000259865,2.57E-05,0.090076449,0.909923551,1,5
9,bimodal,Task B ,1,3,1,-0.044856834,4,1,117.7035833,5,0.309159317,4,0.000280736,2.58E-05,0.084313956,0.915686044,0,2
9,bimodal,Task B ,1,2,0,0.74837639,4,2,33.84477193,6,1.439583703,4,6.25E-09,1.32E-05,0.999527803,0.999527803,1,3
10,bimodal,Task B ,1,1,1,-0.311687392,2,1,71.30645832,1,-0.05527438,2,0.000284207,2.59E-05,0.083428729,0.916571271,1,4
10,bimodal,Task B ,1,1,1,0.585385146,3,1,177.3526812,2,0.076204316,3,9.70E-05,2.42E-05,0.19962338,0.80037662,1,4
10,bimodal,Task B ,1,2,0,-0.184194391,4,2,6.38275948,3,1.024523055,4,4.38E-06,1.99E-05,0.819963918,0.819963918,1,3
10,bimodal,Task B ,2,3,1,-0.809620109,3,2,66.94662131,4,2.281068211,3,8.17E-15,5.67E-06,0.999999999,0.999999999,1,7
10,bimodal,Task B ,1,2,1,0.663533239,2,1,286.6610251,5,-0.225217069,2,5.35E-05,2.33E-05,0.303509607,0.696490393,1,3
10,bimodal,Task B ,2,3,1,-1.507551297,3,2,231.2017179,6,1.314294164,3,2.44E-11,9.36E-06,0.999997393,0.999997393,0,7
1,bimodal,Task B ,1,2,1,0.106657464,1,1,10.87942546,1,-0.56526885,1,0.000105188,2.43E-05,0.187731547,0.812268453,0,3
1,bimodal,Task B ,1,2,0,0.303775596,2,2,182.9934418,2,1.438647568,2,4.50E-08,1.50E-05,0.997000137,0.997000137,1,3
1,bimodal,Task B ,1,3,0,-0.739448368,3,2,56.6539729,3,-0.548303164,3,1.28E-05,2.13E-05,0.624131533,0.624131533,0,2
1,bimodal,Task B ,1,3,1,0.212711382,2,1,33.23099322,4,0.098538439,2,0.000333784,2.61E-05,0.072602054,0.927397946,1,2
1,bimodal,Task B ,2,3,0,-0.536735827,1,1,270.2810741,5,-1.194087023,1,3.24E-07,1.69E-05,0.981207224,0.981207224,1,7
1,bimodal,Task B ,2,1,1,3.073804274,2,2,252.5333766,6,0.190988368,2,2.87E-21,2.24E-06,1,1,0,5
2,bimodal,Task B ,1,2,0,-0.115065309,2,2,23.52167494,1,0.732420658,2,4.16E-05,2.29E-05,0.35539316,0.64460684,0,3
2,bimodal,Task B ,1,3,0,0.096793532,4,2,100.0180643,2,1.09358343,4,2.58E-06,1.93E-05,0.882116689,0.882116689,1,2
2,bimodal,Task B ,1,2,0,-0.21470113,4,2,53.82485572,3,1.497979693,4,2.68E-08,1.45E-05,0.998155076,0.998155076,1,3
2,bimodal,Task B ,1,2,0,0.225172844,2,2,310.7874265,4,0.539211665,2,9.91E-05,2.42E-05,0.196428332,0.803571668,0,3
2,bimodal,Task B ,2,3,1,-0.52248562,4,2,87.14624256,5,1.175449861,4,4.05E-07,1.72E-05,0.976960891,0.976960891,1,7
2,bimodal,Task B ,2,4,1,1.150217934,3,2,175.3698376,6,-1.006334584,3,2.33E-08,1.44E-05,0.998383892,0.998383892,0,8
3,bimodal,Task B ,2,3,1,0.676629199,3,2,163.1341583,1,2.14136277,3,2.35E-13,7.00E-06,0.999999966,0.999999966,1,7
3,bimodal,Task B ,1,1,1,-0.128903559,3,1,149.694703,2,-0.67945888,3,5.72E-05,2.34E-05,0.290365565,0.709634435,0,4
3,bimodal,Task B ,2,2,1,2.255584267,2,2,33.57249833,3,-0.317260139,2,1.67E-13,6.85E-06,0.999999976,0.999999976,0,6
3,bimodal,Task B ,1,3,1,0.523883381,1,1,96.45182983,4,-0.016180452,1,0.00013231,2.47E-05,0.157112155,0.842887845,1,2
3,bimodal,Task B ,2,3,1,-0.856995804,3,2,349.9999213,5,0.556839948,3,5.62E-06,2.02E-05,0.782672877,0.782672877,0,7
3,bimodal,Task B ,2,4,1,-1.443622379,2,2,106.0046266,6,-1.895172719,2,2.11E-14,6.02E-06,0.999999996,0.999999996,1,8
4,bimodal,Task B ,1,1,0,-0.162944668,3,2,126.9615228,1,0.864939133,3,1.61E-05,2.16E-05,0.572821804,0.572821804,1,4
4,bimodal,Task B ,1,2,1,-0.049343101,3,1,163.0661162,2,-0.086936664,3,0.000408244,2.65E-05,0.060872213,0.939127787,0,3
4,bimodal,Task B ,1,3,1,-0.194219047,2,1,64.66595667,3,0.145680341,2,0.000334269,2.61E-05,0.072510475,0.927489525,1,2
4,bimodal,Task B ,2,2,1,0.695980842,1,2,95.45031006,4,-1.775975884,1,9.25E-11,1.02E-05,0.999990905,0.999990905,1,6
4,bimodal,Task B ,1,1,0,0.359406192,1,2,31.08955842,5,-1.580968342,1,6.50E-09,1.33E-05,0.999510371,0.999510371,1,4
4,bimodal,Task B ,1,3,0,-0.114824848,4,2,80.38291637,6,-1.400393086,4,1.04E-07,1.58E-05,0.993439359,0.993439359,1,2
5,bimodal,Task B ,2,4,1,1.833529192,4,2,315.6576106,1,-4.566387325,4,2.10E-48,4.51E-08,1,1,1,8
5,bimodal,Task B ,1,2,0,-0.360312621,1,2,320.1002148,2,0.102116995,1,0.000240676,2.56E-05,0.096147209,0.903852791,1,3
5,bimodal,Task B ,1,4,1,-0.076210702,3,1,103.2343798,3,0.328749684,3,0.000262479,2.57E-05,0.089310366,0.910689634,0,1
5,bimodal,Task B ,1,3,1,-0.421244072,1,1,324.8459783,4,0.234562012,1,0.000163841,2.50E-05,0.132358565,0.867641435,1,2
5,bimodal,Task B ,1,4,0,0.767741848,2,2,77.37686904,5,0.704613026,2,4.32E-06,1.99E-05,0.821775743,0.821775743,0,1
5,bimodal,Task B ,1,2,0,0.818585149,3,2,120.7193027,6,-0.769490985,3,2.09E-06,1.90E-05,0.900937729,0.900937729,0,3
6,bimodal,Task B ,1,2,1,-0.616944205,3,1,2.673112598,1,-0.327566932,3,5.74E-05,2.34E-05,0.289653701,0.710346299,1,3
6,bimodal,Task B ,2,2,1,0.002752704,1,2,171.5664219,2,-0.310470143,1,0.000283432,2.59E-05,0.083624596,0.916375404,0,6
6,bimodal,Task B ,1,2,1,-0.006885623,2,1,263.3301339,3,-0.140749901,2,0.000390974,2.64E-05,0.063230415,0.936769585,0,3
6,bimodal,Task B ,2,2,1,-2.34324569,3,2,39.99388584,4,-0.346098429,3,3.60E-14,6.23E-06,0.999999994,0.999999994,0,6
6,bimodal,Task B ,1,2,1,0.333147167,1,1,27.12993396,5,0.249072023,1,0.000202194,2.53E-05,0.111307773,0.888692227,1,3
6,bimodal,Task B ,2,3,1,1.696343427,3,2,305.2948305,6,-0.288912098,3,1.79E-09,1.22E-05,0.999854052,0.999854052,0,7
7,bimodal,Task B ,1,2,1,-0.064517235,2,1,207.454688,1,0.240883729,2,0.000326592,2.61E-05,0.073989144,0.926010856,0,3
7,bimodal,Task B ,2,2,1,0.379381307,2,2,51.96007475,2,0.881639506,2,8.53E-06,2.08E-05,0.70890349,0.70890349,1,6
7,bimodal,Task B ,1,4,1,-0.507412308,4,1,14.25396942,3,-0.215876119,4,0.00012289,2.45E-05,0.166501049,0.833498951,1,1
7,bimodal,Task B ,1,4,1,0.391813785,2,1,1.053480189,4,-0.282875561,2,0.000157572,2.49E-05,0.136615589,0.863384411,1,1
7,bimodal,Task B ,1,4,1,-0.355092355,2,1,49.91089879,5,0.527554556,2,7.85E-05,2.39E-05,0.23317286,0.76682714,0,1
7,bimodal,Task B ,1,1,0,1.074643335,3,2,93.61708325,6,2.602967655,3,1.23E-18,3.27E-06,1,1,1,4
8,bimodal,Task B ,1,4,0,0.474173662,3,2,165.7604644,1,2.290462522,3,3.83E-14,6.25E-06,0.999999994,0.999999994,1,1
8,bimodal,Task B ,1,4,1,-0.140994942,3,1,288.2672065,2,-0.318403563,3,0.000257319,2.57E-05,0.090835765,0.909164235,0,1
8,bimodal,Task B ,1,4,1,-0.035940386,3,1,155.7358751,3,-0.636951224,3,7.68E-05,2.38E-05,0.236831858,0.763168142,0,1
8,bimodal,Task B ,1,4,1,0.185366091,3,1,232.8584853,4,0.404728309,3,0.000181833,2.52E-05,0.121538,0.878462,0,1
8,bimodal,Task B ,2,4,1,0.632997282,4,2,247.0181927,5,-1.204420616,4,1.73E-07,1.63E-05,0.989478028,0.989478028,1,8
8,bimodal,Task B ,2,4,1,1.54386737,3,2,330.2457685,6,2.205382602,3,2.35E-17,3.94E-06,1,1,1,8
9,bimodal,Task B ,1,1,1,-0.091700753,2,1,87.32567163,1,-0.154424813,2,0.000372808,2.63E-05,0.065924403,0.934075597,0,4
9,bimodal,Task B ,1,3,0,-0.871777101,3,2,275.76767,2,-1.584114618,3,4.81E-10,1.13E-05,0.999957312,0.999957312,1,2
9,bimodal,Task B ,1,3,1,0.204015652,3,1,121.5404153,3,0.530009046,3,0.000107374,2.43E-05,0.184809628,0.815190372,0,2
9,bimodal,Task B ,1,2,1,-0.199937978,1,1,341.4872384,4,0.144257387,1,0.000331828,2.61E-05,0.072974032,0.927025968,1,3
9,bimodal,Task B ,2,2,0,0.998375617,3,1,332.2393526,5,-0.453931812,3,2.72E-06,1.93E-05,0.876838421,0.876838421,0,6
9,bimodal,Task B ,1,2,1,0.352404705,1,1,336.9079976,6,0.028048403,1,0.000248271,2.57E-05,0.0936455,0.9063545,1,3
10,bimodal,Task B ,1,1,1,-0.332592657,1,1,168.9647175,1,-0.629527452,1,5.15E-05,2.32E-05,0.311119483,0.688880517,0,4
10,bimodal,Task B ,2,2,1,-1.395643229,1,2,294.3620367,2,-0.317630553,1,9.13E-08,1.56E-05,0.994197861,0.994197861,0,6
10,bimodal,Task B ,1,2,1,0.088490466,1,1,57.25134799,3,0.453061286,1,0.000171108,2.51E-05,0.127755257,0.872244743,0,3
10,bimodal,Task B ,2,2,0,0.133966629,3,1,334.5967933,4,-0.206113745,3,0.000327881,2.61E-05,0.073736585,0.926263415,0,6
10,bimodal,Task B ,2,2,1,-1.508823911,3,2,8.165123461,5,-0.140569387,3,3.30E-08,1.47E-05,0.997760187,0.997760187,0,6
10,bimodal,Task B ,1,1,1,-0.131364889,3,1,152.0052231,6,-0.536348113,3,0.000118725,2.45E-05,0.171035495,0.828964505,0,4
1,bimodal,Task B ,1,3,1,-0.003211254,2,1,47.20882352,1,0.105365827,2,0.000404492,2.64E-05,0.061369017,0.938630983,0,2
1,bimodal,Task B ,2,2,1,3.126912968,3,2,313.3517409,2,-0.167915562,3,7.59E-22,2.06E-06,1,1,0,6
1,bimodal,Task B ,1,3,0,0.679043862,3,2,142.7200639,3,0.56503805,3,1.56E-05,2.16E-05,0.579849693,0.579849693,0,2
1,bimodal,Task B ,2,2,1,0.282280788,3,2,357.8179106,4,-1.639243375,3,3.63E-09,1.28E-05,0.999716304,0.999716304,1,6
1,bimodal,Task B ,1,1,1,0.420783885,1,1,254.0293124,5,0.264544579,1,0.000147968,2.48E-05,0.143719511,0.856280489,1,4
1,bimodal,Task B ,2,2,0,-0.496429467,2,1,32.9936617,6,0.540663713,2,4.52E-05,2.31E-05,0.337887796,0.662112204,0,6
2,bimodal,Task B ,1,2,0,0.648160018,3,2,261.8313513,1,0.10351309,3,6.86E-05,2.37E-05,0.256410937,0.743589063,1,3
2,bimodal,Task B ,2,3,1,-2.771579735,3,2,301.2781145,2,-0.971675542,3,1.28E-19,2.84E-06,1,1,0,7
2,bimodal,Task B ,1,2,0,-1.23306193,1,2,202.3043284,3,-0.088869519,1,7.89E-07,1.79E-05,0.957777338,0.957777338,0,3
2,bimodal,Task B ,2,1,1,1.133004921,3,2,225.4559286,4,-1.677765829,3,1.37E-11,9.03E-06,0.999998481,0.999998481,1,5
2,bimodal,Task B ,1,4,1,-0.122791523,4,1,122.4318403,5,-0.242669591,4,0.000313537,2.60E-05,0.076652555,0.923347445,0,1
2,bimodal,Task B ,1,3,1,-0.037942986,4,1,50.13355196,6,0.251916428,4,0.000322364,2.61E-05,0.074830518,0.925169482,0,2
3,bimodal,Task B ,2,2,1,0.238951338,2,2,336.3079991,1,1.438139969,2,5.26E-08,1.51E-05,0.9965315,0.9965315,1,6
3,bimodal,Task B ,2,1,1,0.418935566,2,2,123.1808788,2,-0.409113955,2,9.95E-05,2.42E-05,0.195840242,0.804159758,1,5
3,bimodal,Task B ,1,1,0,0.959931955,1,2,35.66390157,3,-2.359700164,1,5.62E-16,4.80E-06,1,1,1,4
3,bimodal,Task B ,1,3,1,0.224966356,4,1,119.8595828,4,-0.383764604,4,0.000183521,2.52E-05,0.120616284,0.879383716,0,2
3,bimodal,Task B ,2,1,1,1.488334623,1,2,216.9116053,5,-0.017171214,1,4.00E-08,1.49E-05,0.997316151,0.997316151,0,5
3,bimodal,Task B ,1,4,1,0.104540465,4,1,43.15382792,6,0.311137147,4,0.000267225,2.58E-05,0.087953206,0.912046794,0,1
4,bimodal,Task B ,1,4,1,0.487249774,4,1,51.30719708,1,-0.427271808,4,7.19E-05,2.37E-05,0.248139046,0.751860954,1,1
4,bimodal,Task B ,1,3,1,0.373079588,3,1,274.0238048,2,-0.175037536,3,0.000205926,2.54E-05,0.109623089,0.890376911,1,2
4,bimodal,Task B ,2,3,1,-1.721287092,3,2,269.782711,3,0.026644617,3,2.08E-09,1.24E-05,0.999831354,0.999831354,0,7
4,bimodal,Task B ,1,4,0,1.974123486,2,2,33.92651094,4,0.16205685,2,3.24E-11,9.52E-06,0.9999966,0.9999966,0,1
4,bimodal,Task B ,1,2,1,-0.325570532,1,1,7.892446162,5,0.076178724,1,0.000270577,2.58E-05,0.087020228,0.912979772,1,3
4,bimodal,Task B ,1,3,0,0.387501856,2,2,110.2542051,6,2.640576177,2,3.57E-17,4.04E-06,1,1,1,2
5,bimodal,Task B ,1,4,1,0.486693541,2,1,137.3254643,1,-0.762361335,2,1.35E-05,2.14E-05,0.613814369,0.613814369,1,1
5,bimodal,Task B ,1,4,1,-0.345578316,2,1,189.5592242,2,-0.054245471,2,0.000259637,2.57E-05,0.090143893,0.909856107,1,1
5,bimodal,Task B ,1,4,1,-0.482979147,4,1,98.17899812,3,0.061632017,4,0.000162096,2.50E-05,0.133515298,0.866484702,1,1
5,bimodal,Task B ,1,4,1,-0.533399622,4,1,307.1390845,4,0.606938661,4,2.80E-05,2.24E-05,0.444116992,0.555883008,0,1
5,bimodal,Task B ,2,4,1,-1.986630265,4,2,15.98213805,5,-0.080866342,4,3.47E-11,9.56E-06,0.999996375,0.999996375,0,8
5,bimodal,Task B ,1,4,1,0.05967788,3,1,183.8874607,6,-0.577728939,3,0.00010256,2.43E-05,0.191375299,0.808624701,0,1
6,bimodal,Task B ,1,3,1,0.136807655,3,1,16.10552562,1,0.713487767,3,4.51E-05,2.31E-05,0.33818001,0.66181999,0,2
6,bimodal,Task B ,2,2,1,-1.242275782,3,2,114.753024,2,-2.511728178,3,2.07E-18,3.38E-06,1,1,1,6
6,bimodal,Task B ,1,2,1,0.615228711,3,1,237.7756532,3,-0.322470558,3,5.54E-05,2.34E-05,0.296614084,0.703385916,1,3
6,bimodal,Task B ,2,2,1,-3.617367623,2,2,208.116719,4,-1.303163163,2,9.96E-31,5.75E-07,1,1,0,6
6,bimodal,Task B ,1,2,0,-0.581530334,1,2,15.49330185,5,0.014855231,1,0.000107006,2.43E-05,0.185294038,0.814705962,1,3
6,bimodal,Task B ,1,2,1,0.630192451,1,1,166.5258776,6,0.106941746,1,7.53E-05,2.38E-05,0.240118842,0.759881158,1,3
7,bimodal,Task B ,1,1,0,1.464202605,1,2,102.8336693,1,0.437287788,1,2.39E-08,1.44E-05,0.998340745,0.998340745,0,4
7,bimodal,Task B ,1,1,1,0.144213898,2,1,167.3484525,2,-0.171307624,2,0.000342198,2.62E-05,0.07104615,0.92895385,0,4
7,bimodal,Task B ,1,1,1,0.687564731,1,1,5.387406995,3,-0.011476715,1,5.77E-05,2.34E-05,0.288814326,0.711185674,1,4
7,bimodal,Task B ,1,4,0,-0.128980579,4,2,43.17608606,4,0.068732281,4,0.000390296,2.64E-05,0.063326959,0.936673041,1,1
7,bimodal,Task B ,1,1,0,-0.719145091,2,2,166.8481534,5,-4.262694378,2,2.62E-38,1.93E-07,1,1,1,4
7,bimodal,Task B ,1,1,1,-0.316751584,2,1,122.2671689,6,0.152398352,2,0.000257048,2.57E-05,0.090917352,0.909082648,1,4
8,bimodal,Task B ,1,4,1,0.030986785,1,1,173.7462403,1,0.288874268,1,0.00029578,2.59E-05,0.080611719,0.919388281,0,1
8,bimodal,Task B ,1,4,1,-0.318432872,1,1,264.3753827,2,0.012318346,1,0.000282556,2.59E-05,0.083847457,0.916152543,1,1
8,bimodal,Task B ,1,4,1,-0.160465666,2,1,165.2170907,3,-0.52032767,2,0.000123249,2.46E-05,0.166121402,0.833878598,0,1
8,bimodal,Task B ,1,4,1,-0.167150236,2,1,278.2517764,4,0.408305185,2,0.000187576,2.52E-05,0.11845984,0.88154016,0,1
8,bimodal,Task B ,1,4,1,0.189372798,3,1,39.72000241,5,0.694843524,3,4.68E-05,2.31E-05,0.33038641,0.66961359,0,1
8,bimodal,Task B ,2,4,1,1.426687111,4,2,89.07886863,6,-0.577100347,4,2.09E-08,1.43E-05,0.998538031,0.998538031,0,8
9,bimodal,Task B ,1,3,1,0.354050728,2,1,195.4238618,1,-0.314338215,2,0.000163967,2.50E-05,0.13227592,0.86772408,1,2
9,bimodal,Task B ,2,1,0,0.44986691,1,1,33.87137858,2,-0.094750479,1,0.00017278,2.51E-05,0.126743286,0.873256714,1,5
9,bimodal,Task B ,2,1,1,-1.393497679,3,2,245.8814729,3,0.286394401,3,1.01E-07,1.57E-05,0.99364522,0.99364522,0,5
9,bimodal,Task B ,1,3,1,-0.427165746,2,1,45.62582217,4,0.781460277,2,1.53E-05,2.15E-05,0.585107026,0.585107026,1,2
9,bimodal,Task B ,2,3,1,-1.050400955,4,2,85.03004008,5,0.426453862,4,2.11E-06,1.90E-05,0.90024864,0.90024864,0,7
9,bimodal,Task B ,2,3,0,-0.740700124,1,1,336.0626678,6,-0.375177994,1,2.50E-05,2.22E-05,0.470878159,0.529121841,1,7
10,bimodal,Task B ,1,1,0,-0.437605717,2,2,267.4452241,1,2.257411064,2,8.67E-14,6.58E-06,0.999999987,0.999999987,1,4
10,bimodal,Task B ,2,1,1,1.280827623,2,2,107.3405303,2,1.616267156,2,7.01E-12,8.66E-06,0.99999919,0.99999919,1,5
10,bimodal,Task B ,1,2,1,0.473932857,3,1,175.8482149,3,-0.008594072,3,0.000163234,2.50E-05,0.132758766,0.867241234,1,3
10,bimodal,Task B ,1,2,1,-0.405211667,1,1,302.3757309,4,0.115701593,1,0.000206484,2.54E-05,0.10937567,0.89062433,1,3
10,bimodal,Task B ,1,2,0,0.62081749,2,2,181.3652866,5,1.981642877,2,5.14E-12,8.49E-06,0.999999394,0.999999394,1,3
10,bimodal,Task B ,1,1,1,-0.020312265,2,1,237.8063485,6,0.141238148,2,0.000389175,2.64E-05,0.063487001,0.936512999,0,4
1,bimodal,Task B ,2,4,1,-1.325602927,1,2,142.7060711,1,-1.337952984,1,1.63E-10,1.05E-05,0.999984571,0.999984571,1,8
1,bimodal,Task B ,1,2,1,-0.821976105,3,1,30.68580026,2,-0.165210074,3,2.38E-05,2.22E-05,0.481843246,0.518156754,1,3
1,bimodal,Task B ,2,2,1,-1.232289579,2,2,20.47419521,3,-1.022439465,2,1.01E-08,1.36E-05,0.999261621,0.999261621,0,6
1,bimodal,Task B ,1,4,1,-0.029007365,3,1,23.60587999,4,-0.049506066,3,0.000419329,2.65E-05,0.059452163,0.940547837,0,1
1,bimodal,Task B ,1,3,1,0.157092577,3,1,283.0387096,5,-0.0397521,3,0.000377815,2.63E-05,0.065158451,0.934841549,1,2
1,bimodal,Task B ,2,1,0,0.138582651,2,1,103.9307143,6,0.19289877,2,0.000331957,2.61E-05,0.072949383,0.927050617,0,5
2,bimodal,Task B ,2,3,1,1.571470348,2,2,288.401124,1,0.531651172,2,4.18E-09,1.29E-05,0.999676158,0.999676158,0,7
2,bimodal,Task B ,2,1,1,3.700016994,1,2,239.0447387,2,-0.213593781,1,6.04E-29,7.43E-07,1,1,0,5
2,bimodal,Task B ,1,2,0,-0.268038793,2,2,133.8542153,3,0.056958046,2,0.000314394,2.60E-05,0.076471591,0.923528409,1,3
2,bimodal,Task B ,2,1,1,0.16145072,2,2,258.47028,4,2.835223484,2,6.71E-19,3.15E-06,1,1,1,5
2,bimodal,Task B ,2,1,1,0.783759871,1,2,268.3966312,5,-1.432831597,1,5.58E-09,1.31E-05,0.999575169,0.999575169,1,5
2,bimodal,Task B ,1,3,1,-0.309989187,2,1,180.7900175,6,0.13880787,2,0.000265974,2.58E-05,0.08830674,0.91169326,1,2
3,bimodal,Task B ,1,1,1,0.271257225,1,1,204.4338989,1,-0.309572932,1,0.000206657,2.54E-05,0.109299078,0.890700922,0,4
3,bimodal,Task B ,2,2,1,1.273527236,3,2,220.9094421,2,1.317600097,3,3.07E-10,1.10E-05,0.999971966,0.999971966,1,6
3,bimodal,Task B ,1,3,1,0.49147543,3,1,22.31675944,3,-0.015927986,3,0.000151919,2.49E-05,0.140705746,0.859294254,1,2
3,bimodal,Task B ,1,2,0,-1.006763114,3,2,65.35146109,4,0.320906961,3,4.27E-06,1.99E-05,0.823348749,0.823348749,0,3
3,bimodal,Task B ,1,3,1,-0.21099169,4,1,22.53047858,5,0.326201506,4,0.000226538,2.55E-05,0.101193557,0.898806443,0,2
3,bimodal,Task B ,2,4,1,-2.089704437,4,2,119.1503254,6,-2.379078258,4,2.70E-22,1.93E-06,1,1,1,8
4,bimodal,Task B ,2,2,1,-0.664172603,4,2,227.7432644,1,-2.347220411,4,5.71E-15,5.55E-06,0.999999999,0.999999999,1,6
4,bimodal,Task B ,1,1,1,-0.45003394,3,1,15.38042402,2,-0.47169372,3,7.35E-05,2.38E-05,0.244434027,0.755565973,0,4
4,bimodal,Task B ,1,4,1,0.18668077,4,1,253.3957535,3,-0.075469876,4,0.000355594,2.62E-05,0.068706605,0.931293395,1,1
4,bimodal,Task B ,1,3,1,-0.051513724,3,1,14.71521765,4,0.524392341,3,0.000131017,2.46E-05,0.158335157,0.841664843,0,2
4,bimodal,Task B ,1,2,1,0.216068314,1,1,351.9019052,5,-0.177925256,1,0.000303324,2.60E-05,0.078878932,0.921121068,1,3
4,bimodal,Task B ,1,2,1,0.999831858,4,1,94.06846321,6,0.074916364,4,6.22E-06,2.04E-05,0.766117702,0.766117702,0,3
5,bimodal,Task B ,1,3,0,2.300012151,2,2,321.8133423,1,-0.258282993,2,8.31E-14,6.56E-06,0.999999987,0.999999987,0,2
5,bimodal,Task B ,2,4,1,-1.416987949,2,2,272.6084808,2,0.388733584,2,5.72E-08,1.52E-05,0.99625143,0.99625143,0,8
5,bimodal,Task B ,1,4,0,0.151403869,3,2,149.3884606,3,-0.934585478,3,9.69E-06,2.09E-05,0.683603882,0.683603882,1,1
5,bimodal,Task B ,2,4,1,3.445015154,4,2,133.857925,4,0.964730478,4,2.78E-27,9.43E-07,1,1,0,8
5,bimodal,Task B ,2,4,1,-1.730057376,4,2,276.7115555,5,-0.822186571,4,1.07E-10,1.03E-05,0.999989546,0.999989546,0,8
5,bimodal,Task B ,1,4,1,-0.063669159,1,1,19.38355866,6,0.245835721,1,0.000323401,2.61E-05,0.074622294,0.925377706,0,1
6,bimodal,Task B ,2,2,1,-1.069185581,1,2,239.417471,1,-0.899214598,1,1.29E-07,1.60E-05,0.992001707,0.992001707,0,6
6,bimodal,Task B ,2,2,1,2.704970916,3,2,60.68755349,2,-1.953976552,3,2.44E-24,1.44E-06,1,1,0,6
6,bimodal,Task B ,2,2,1,1.131039878,1,2,26.89323259,3,-1.078673376,1,1.48E-08,1.40E-05,0.998942817,0.998942817,0,6
6,bimodal,Task B ,2,2,0,0.026252486,2,1,182.7314277,4,-0.063089018,2,0.000415864,2.65E-05,0.05988862,0.94011138,0,6
6,bimodal,Task B ,1,2,1,-0.743913304,3,1,307.6242444,5,-0.183127351,3,3.84E-05,2.28E-05,0.372732563,0.627267437,1,3
6,bimodal,Task B ,1,2,0,-0.997872355,1,2,233.9459919,6,2.235724288,1,4.77E-15,5.49E-06,0.999999999,0.999999999,1,3
7,bimodal,Task B ,1,4,1,0.597943883,3,1,2.90294738,1,0.183496127,3,8.09E-05,2.39E-05,0.228139692,0.771860308,1,1
7,bimodal,Task B ,1,4,0,1.223490936,3,2,326.5260069,2,-1.492473109,3,6.71E-11,9.97E-06,0.999993269,0.999993269,1,1
7,bimodal,Task B ,1,1,1,-0.024855304,2,1,276.9701167,3,0.010745308,2,0.000423508,2.65E-05,0.058934452,0.941065548,1,4
7,bimodal,Task B ,2,1,1,-1.538433554,4,2,65.35986805,4,-1.286021292,4,2.32E-11,9.33E-06,0.999997512,0.999997512,0,5
7,bimodal,Task B ,2,4,1,-0.575073556,4,2,82.24382102,5,-0.02555829,4,0.000110191,2.44E-05,0.181179251,0.818820749,1,8
7,bimodal,Task B ,1,1,0,-0.310719325,1,2,33.31846584,6,2.629974857,1,5.85E-17,4.17E-06,1,1,1,4
8,bimodal,Task B ,1,4,0,-0.075253769,4,2,226.7206813,1,1.156764332,4,1.45E-06,1.86E-05,0.927833228,0.927833228,1,1
8,bimodal,Task B ,1,4,0,0.078635046,1,2,81.35833225,2,-1.105067335,1,2.41E-06,1.92E-05,0.888578271,0.888578271,1,1
8,bimodal,Task B ,2,4,1,1.176638201,4,2,179.3546226,3,-0.638671079,4,2.30E-07,1.66E-05,0.98630513,0.98630513,0,8
8,bimodal,Task B ,1,4,0,0.270685532,1,2,129.177303,4,-1.143267739,1,1.26E-06,1.84E-05,0.936165844,0.936165844,1,1
8,bimodal,Task B ,2,4,1,-1.554886945,2,2,212.2189007,5,1.060796039,2,1.71E-10,1.06E-05,0.999983859,0.999983859,0,8
8,bimodal,Task B ,2,4,1,0.672078415,3,2,99.64343916,6,1.350937173,3,2.80E-08,1.45E-05,0.998078,0.998078,1,8
9,bimodal,Task B ,1,1,0,-1.168522082,3,2,14.55624639,1,1.466526061,3,1.74E-10,1.06E-05,0.999983589,0.999983589,1,4
9,bimodal,Task B ,2,1,0,0.14155512,1,1,104.9495011,2,0.373561201,1,0.000214302,2.54E-05,0.106027642,0.893972358,0,5
9,bimodal,Task B ,1,2,0,1.322019976,1,2,80.84292223,3,0.590590723,1,6.40E-08,1.53E-05,0.99583341,0.99583341,0,3
9,bimodal,Task B ,1,3,1,-0.168399108,1,1,340.1743244,4,-0.192637562,1,0.000325811,2.61E-05,0.074143089,0.925856911,0,2
9,bimodal,Task B ,1,3,0,-1.430939399,2,2,161.3860198,5,-1.5988309,2,1.93E-12,7.99E-06,0.999999758,0.999999758,1,2
9,bimodal,Task B ,2,2,0,0.023183917,3,1,72.86010114,6,-0.201580866,3,0.000357077,2.62E-05,0.068457368,0.931542632,0,6
10,bimodal,Task B ,1,2,1,0.177471724,2,1,333.2631105,1,0.136051611,2,0.000340936,2.62E-05,0.071275179,0.928724821,1,3
10,bimodal,Task B ,1,2,0,1.463195206,2,2,137.9971527,2,2.766365361,2,4.94E-22,2.01E-06,1,1,1,3
10,bimodal,Task B ,1,1,1,-0.354278085,1,1,348.7764633,3,0.083242543,1,0.000248651,2.57E-05,0.093523956,0.906476044,1,4
10,bimodal,Task B ,2,2,1,-1.587271944,3,2,157.3298457,4,-0.684213588,3,1.83E-09,1.23E-05,0.999850774,0.999850774,0,6
10,bimodal,Task B ,1,2,0,0.471688548,2,2,25.87307524,5,-2.119398328,2,9.82E-13,7.65E-06,0.999999872,0.999999872,1,3
10,bimodal,Task B ,1,2,1,0.066696073,1,1,259.5126159,6,-0.100303054,1,0.000398448,2.64E-05,0.062187051,0.937812949,0,3
1,bimodal,Task B ,1,2,0,-0.085678858,3,2,116.5853702,1,0.273937404,3,0.00030016,2.60E-05,0.079596086,0.920403914,0,3
1,bimodal,Task B ,2,1,1,-0.664016374,3,2,212.3939347,2,-0.889647313,3,2.51E-06,1.92E-05,0.884654338,0.884654338,1,5
1,bimodal,Task B ,1,3,1,-0.246591251,3,1,268.5315416,3,0.326386504,3,0.000211972,2.54E-05,0.107002994,0.892997006,0,2
1,bimodal,Task B ,1,3,1,0.095497002,4,1,247.4511444,4,0.202462723,4,0.000341334,2.62E-05,0.071202867,0.928797133,0,2
1,bimodal,Task B ,1,3,1,-0.025235917,4,1,219.7544076,5,-0.299282167,4,0.000291303,2.59E-05,0.081677836,0.918322164,0,2
1,bimodal,Task B ,1,3,1,-0.110832972,4,1,161.3872347,6,-0.320227314,4,0.000263889,2.57E-05,0.088902711,0.911097289,0,2
2,bimodal,Task B ,2,2,1,0.343608363,3,2,216.455264,1,1.314755348,3,1.71E-07,1.63E-05,0.989615979,0.989615979,1,6
2,bimodal,Task B ,1,3,1,-0.006770605,4,1,3.081360679,2,-0.305942271,4,0.000286861,2.59E-05,0.082764758,0.917235242,0,2
2,bimodal,Task B ,1,2,0,0.386171596,1,2,11.88369216,3,-1.155460834,1,8.11E-07,1.79E-05,0.956758007,0.956758007,1,3
2,bimodal,Task B ,2,3,1,-3.438025021,4,2,35.03274319,4,1.243877404,4,3.48E-28,8.28E-07,1,1,0,7
2,bimodal,Task B ,2,3,0,0.0427261,3,1,290.4944688,5,0.172268483,3,0.000370093,2.63E-05,0.066347633,0.933652367,0,7
2,bimodal,Task B ,1,4,0,-1.037450888,3,2,184.7496209,6,-1.100761876,3,3.11E-08,1.46E-05,0.997881172,0.997881172,1,1
3,bimodal,Task B ,1,2,0,0.135301156,3,2,20.52103221,1,0.938810592,3,9.37E-06,2.09E-05,0.690541653,0.690541653,1,3
3,bimodal,Task B ,1,4,1,0.108526189,3,1,38.02686809,2,0.348093891,3,0.000240115,2.56E-05,0.09633738,0.90366262,0,1
3,bimodal,Task B ,1,3,1,0.265723038,2,1,282.5535465,3,-0.026012522,2,0.000311746,2.60E-05,0.077033539,0.922966461,1,2
3,bimodal,Task B ,1,1,1,0.152393297,3,1,333.9513144,4,-0.635702804,3,7.00E-05,2.37E-05,0.253007001,0.746992999,0,4
3,bimodal,Task B ,1,3,1,0.205970488,4,1,148.4082728,5,-0.187878829,4,0.00030421,2.60E-05,0.078680494,0.921319506,1,2
3,bimodal,Task B ,1,4,1,0.10785547,4,1,46.98153024,6,0.095744939,4,0.000386592,2.64E-05,0.063859205,0.936140795,1,1
4,bimodal,Task B ,1,4,1,0.320657959,4,1,131.0058547,1,0.331170092,4,0.00017101,2.51E-05,0.127815537,0.872184463,0,1
4,bimodal,Task B ,1,1,0,1.183483561,1,2,205.1377558,2,-1.085332244,1,8.38E-09,1.35E-05,0.999378587,0.999378587,0,4
4,bimodal,Task B ,2,1,1,1.945720438,2,2,102.6128589,3,-1.952762421,2,6.01E-18,3.62E-06,1,1,1,5
4,bimodal,Task B ,1,2,0,1.068753601,1,2,28.77322501,4,-0.247946853,1,2.72E-06,1.93E-05,0.876779576,0.876779576,0,3
4,bimodal,Task B ,1,3,1,0.008551055,3,1,42.61070879,5,-0.150646019,3,0.000385962,2.64E-05,0.063950686,0.936049314,0,2
4,bimodal,Task B ,1,3,1,0.114828071,4,1,93.36258641,6,0.902721409,4,1.27E-05,2.13E-05,0.626777537,0.626777537,1,2
5,bimodal,Task B ,1,4,1,-0.178449269,2,1,235.7225185,1,-0.074482665,2,0.000366585,2.63E-05,0.066902926,0.933097074,1,1
5,bimodal,Task B ,1,3,0,0.029075447,2,2,305.9392313,2,-0.745548994,2,4.08E-05,2.29E-05,0.359865751,0.640134249,0,2
5,bimodal,Task B ,1,3,0,0.523712422,3,2,151.9014494,3,1.267601637,3,1.48E-07,1.61E-05,0.99090382,0.99090382,1,2
5,bimodal,Task B ,1,4,0,-0.696244258,1,2,11.54920483,4,-2.384194335,1,2.28E-15,5.24E-06,1,1,1,1
5,bimodal,Task B ,2,2,1,1.165086538,1,2,3.741981382,5,0.09586017,1,1.38E-06,1.85E-05,0.93092175,0.93092175,0,6
5,bimodal,Task B ,2,3,0,-0.836945952,2,1,30.05646339,6,-0.789858919,2,1.75E-06,1.88E-05,0.915115614,0.915115614,0,7
6,bimodal,Task B ,1,2,1,0.069724229,2,1,44.5385599,1,0.102678076,2,0.000396,2.64E-05,0.062524881,0.937475119,0,3
6,bimodal,Task B ,1,2,0,1.049607642,3,2,262.2232479,2,0.383741887,3,2.23E-06,1.91E-05,0.895634997,0.895634997,0,3
6,bimodal,Task B ,1,2,0,0.319685044,1,2,11.14312884,3,-3.74833081,1,4.98E-30,6.35E-07,1,1,1,3
6,bimodal,Task B ,1,2,0,-0.814408106,2,2,97.49557963,4,0.533379119,2,8.40E-06,2.08E-05,0.711903905,0.711903905,0,3
6,bimodal,Task B ,1,1,1,-0.418928942,4,1,338.424929,5,-0.481636556,4,7.89E-05,2.39E-05,0.232375515,0.767624485,0,4
6,bimodal,Task B ,2,2,0,-0.075072059,3,1,38.39764107,6,-0.363204873,3,0.000239349,2.56E-05,0.096598453,0.903401547,0,6
7,bimodal,Task B ,1,2,0,-1.169015382,1,2,85.05272596,1,1.194951129,1,3.66E-09,1.28E-05,0.999713859,0.999713859,1,3
7,bimodal,Task B ,1,2,0,-0.318807999,2,2,206.0636464,2,-0.777370229,2,2.22E-05,2.21E-05,0.498093139,0.501906861,0,3
7,bimodal,Task B ,1,4,0,0.337692159,4,2,38.51374003,3,-0.746406462,4,2.50E-05,2.22E-05,0.470901749,0.529098251,0,1
7,bimodal,Task B ,1,1,1,-0.424284066,2,1,287.4010379,4,-0.5634741,2,5.40E-05,2.33E-05,0.301538049,0.698461951,0,4
7,bimodal,Task B ,1,4,0,-0.642917908,2,2,92.31415601,5,1.133442759,2,3.43E-07,1.70E-05,0.980236774,0.980236774,1,1
7,bimodal,Task B ,1,1,1,-0.964625892,3,1,39.98998038,6,-0.699424716,3,1.19E-06,1.84E-05,0.939086315,0.939086315,0,4
8,bimodal,Task B ,1,4,1,-0.074665166,3,1,112.7636374,1,-0.291817158,3,0.000291416,2.59E-05,0.081650593,0.918349407,0,1
8,bimodal,Task B ,2,4,1,-1.626327716,3,2,8.964335305,2,1.778964981,3,1.21E-14,5.81E-06,0.999999998,0.999999998,1,8
8,bimodal,Task B ,1,4,0,0.064086669,1,2,38.90782577,3,1.48969806,1,3.49E-08,1.47E-05,0.997634569,0.997634569,1,1
8,bimodal,Task B ,2,4,1,-0.184190519,1,2,261.9381228,4,1.805247437,1,3.86E-10,1.11E-05,0.999965254,0.999965254,1,8
8,bimodal,Task B ,1,4,0,-0.403204428,2,2,258.5387442,5,0.488643082,2,7.99E-05,2.39E-05,0.230144211,0.769855789,0,1
8,bimodal,Task B ,2,4,1,-1.3384821,2,2,213.5042084,6,-3.42205532,2,9.39E-29,7.63E-07,1,1,1,8
9,bimodal,Task B ,1,1,1,0.100470534,3,1,269.7980626,1,0.934162381,3,1.01E-05,2.10E-05,0.675820811,0.675820811,1,4
9,bimodal,Task B ,1,1,0,-0.477585726,1,2,51.37890195,2,-0.404972522,1,8.46E-05,2.40E-05,0.220794648,0.779205352,1,4
9,bimodal,Task B ,1,1,1,0.138862602,1,1,278.3031384,3,-0.116522036,1,0.000367928,2.63E-05,0.066689184,0.933310816,1,4
9,bimodal,Task B ,1,4,0,0.233463122,4,2,204.5808392,4,0.588128314,4,7.72E-05,2.38E-05,0.235979782,0.764020218,0,1
9,bimodal,Task B ,1,1,0,-0.428523066,2,2,224.8682857,5,0.98667005,2,3.28E-06,1.96E-05,0.856473768,0.856473768,1,4
9,bimodal,Task B ,1,2,1,-0.169270542,3,1,23.88257304,6,-0.432731784,3,0.000173123,2.51E-05,0.126537402,0.873462598,0,3
10,bimodal,Task B ,1,1,1,0.145638916,3,1,167.9615235,1,-0.195477532,3,0.000329131,2.61E-05,0.073493254,0.926506746,0,4
10,bimodal,Task B ,2,1,0,0.380983878,4,1,246.221492,2,-0.873161314,4,9.22E-06,2.09E-05,0.693729061,0.693729061,1,5
10,bimodal,Task B ,1,2,1,0.021633946,2,1,282.7126423,3,0.451565521,2,0.000177998,2.51E-05,0.123687729,0.876312271,0,3
10,bimodal,Task B ,2,3,1,1.523672873,4,2,236.35722,4,-1.178946957,4,7.37E-11,1.00E-05,0.999992651,0.999992651,0,7
10,bimodal,Task B ,1,2,0,1.196114879,1,2,166.5410531,5,0.928060655,1,2.75E-08,1.45E-05,0.998108385,0.998108385,0,3
10,bimodal,Task B ,1,2,1,0.274248209,2,1,19.81543572,6,0.499404996,2,0.000106361,2.43E-05,0.186152177,0.813847823,0,3
1,bimodal,Task B ,2,1,0,0.419471774,1,1,331.7179834,1,-0.439475291,1,8.91E-05,2.41E-05,0.212640592,0.787359408,0,5
1,bimodal,Task B ,1,2,1,-0.079161999,1,1,1.567820602,2,0.151923347,1,0.000375844,2.63E-05,0.065457733,0.934542267,0,3
1,bimodal,Task B ,2,1,1,-0.292111835,2,2,262.004637,3,1.768369445,2,5.47E-10,1.14E-05,0.999951832,0.999951832,1,5
1,bimodal,Task B ,1,3,0,-0.08377084,3,2,49.14479379,4,0.745559934,3,3.93E-05,2.29E-05,0.367895815,0.632104185,0,2
1,bimodal,Task B ,2,2,1,-0.005620583,4,2,207.927205,5,-1.855108312,4,2.13E-10,1.07E-05,0.999980151,0.999980151,1,6
1,bimodal,Task B ,2,4,1,3.690844393,2,2,45.97221747,6,-1.137759946,2,4.16E-31,5.44E-07,1,1,0,8
2,bimodal,Task B ,2,2,1,0.461377443,3,2,102.853851,1,-0.879043215,3,6.64E-06,2.05E-05,0.755014172,0.755014172,1,6
2,bimodal,Task B ,1,2,1,0.424264017,3,1,222.3742463,2,0.021103746,3,0.000196544,2.53E-05,0.113963567,0.886036433,1,3
2,bimodal,Task B ,1,2,1,-0.038595377,4,1,269.9561931,3,0.261664772,4,0.000315532,2.60E-05,0.076232657,0.923767343,0,3
2,bimodal,Task B ,2,2,1,-1.787286247,1,2,123.2423385,4,-0.782031349,1,6.12E-11,9.91E-06,0.999993825,0.999993825,0,6
2,bimodal,Task B ,1,4,1,-0.143781763,1,1,36.31149758,5,0.146725478,1,0.000357465,2.62E-05,0.068392604,0.931607396,0,1
2,bimodal,Task B ,2,2,1,0.630617378,4,2,66.39616587,6,1.955304113,4,7.57E-12,8.70E-06,0.99999913,0.99999913,1,6
3,bimodal,Task B ,2,3,1,-0.46175163,2,2,49.33530796,1,-1.037239739,2,1.93E-06,1.89E-05,0.90752763,0.90752763,1,7
3,bimodal,Task B ,2,4,1,3.100957586,3,2,159.3599699,2,1.898336633,3,4.05E-28,8.36E-07,1,1,0,8
3,bimodal,Task B ,1,3,1,0.451492703,3,1,126.8384159,3,0.130875741,3,0.000165492,2.50E-05,0.131282356,0.868717644,1,2
3,bimodal,Task B ,1,3,1,0.242129776,2,1,321.4184348,4,0.366473043,2,0.000185787,2.52E-05,0.119401359,0.880598641,0,2
3,bimodal,Task B ,2,3,1,-0.530664855,3,2,132.6885863,5,1.588478189,3,3.14E-09,1.27E-05,0.999752171,0.999752171,1,7
3,bimodal,Task B ,1,2,1,-0.400879375,1,1,278.9282396,6,0.267128184,1,0.000163713,2.50E-05,0.132442692,0.867557308,1,3
4,bimodal,Task B ,2,2,1,3.244021655,2,2,98.15572118,1,0.822362182,2,2.19E-24,1.43E-06,1,1,0,6
4,bimodal,Task B ,1,3,1,-0.333842412,3,1,310.5319397,2,0.463887192,3,0.000108861,2.44E-05,0.182873845,0.817126155,0,2
4,bimodal,Task B ,1,2,1,-0.193465615,2,1,81.60325936,3,0.001389476,2,0.000366616,2.63E-05,0.066897902,0.933102098,1,3
4,bimodal,Task B ,1,1,1,0.564902788,1,1,271.238166,4,-0.757560738,1,9.82E-06,2.10E-05,0.680960636,0.680960636,1,4
4,bimodal,Task B ,1,4,1,-0.415077774,4,1,190.9908411,5,0.243460668,4,0.000164344,2.50E-05,0.132028985,0.867971015,1,1
4,bimodal,Task B ,1,3,1,-0.2494704,4,1,252.5256626,6,-0.084712184,4,0.000322032,2.61E-05,0.074897353,0.925102647,1,2
5,bimodal,Task B ,1,4,1,-0.916784956,1,1,70.22022736,1,0.008246135,1,1.35E-05,2.14E-05,0.612755335,0.612755335,0,1
5,bimodal,Task B ,1,4,0,0.051692211,3,2,155.2367419,2,-0.596822049,3,9.37E-05,2.41E-05,0.204831444,0.795168556,0,1
5,bimodal,Task B ,2,2,1,-1.236936614,2,2,224.2856787,3,1.047166017,2,7.56E-09,1.34E-05,0.999435489,0.999435489,0,6
5,bimodal,Task B ,2,4,1,1.198012488,4,2,297.2943583,4,1.20853252,4,2.14E-09,1.24E-05,0.999826762,0.999826762,1,8
5,bimodal,Task B ,1,4,1,-0.11192189,1,1,300.3160477,5,0.397968927,1,0.000206614,2.54E-05,0.109318235,0.890681765,0,1
5,bimodal,Task B ,1,1,1,-0.018913608,2,1,28.1535333,6,-0.859146961,2,1.90E-05,2.18E-05,0.535001554,0.535001554,1,4
6,bimodal,Task B ,1,2,0,-1.729319454,2,2,356.8003317,1,0.135094241,2,1.72E-09,1.22E-05,0.999858862,0.999858862,0,3
6,bimodal,Task B ,2,2,1,2.921384951,3,2,307.4847863,2,0.465538275,3,5.99E-20,2.71E-06,1,1,0,6
6,bimodal,Task B ,2,2,0,0.007648508,3,1,354.2405107,3,-0.15056918,3,0.000386039,2.64E-05,0.063939438,0.936060562,0,6
6,bimodal,Task B ,2,2,1,-1.427720502,2,2,115.3612335,4,-0.652016054,2,1.60E-08,1.40E-05,0.998858741,0.998858741,0,6
6,bimodal,Task B ,1,2,0,1.068129148,4,2,107.6661352,5,1.488470393,4,3.02E-10,1.09E-05,0.999972462,0.999972462,1,3
6,bimodal,Task B ,2,2,1,-0.296191877,3,2,352.4219632,6,1.778240574,3,4.68E-10,1.13E-05,0.999958451,0.999958451,1,6
7,bimodal,Task B ,1,4,1,-0.374404768,2,1,36.54047648,1,0.340545711,2,0.000147368,2.48E-05,0.144188987,0.855811013,1,1
7,bimodal,Task B ,1,1,0,0.277662275,3,2,91.73013478,2,-1.470787927,3,3.34E-08,1.47E-05,0.997729517,0.997729517,1,4
7,bimodal,Task B ,2,4,1,0.631875829,4,2,163.7666732,3,-0.824578672,4,4.49E-06,2.00E-05,0.816393243,0.816393243,1,8
7,bimodal,Task B ,2,4,1,1.989269137,4,2,129.9239322,4,-0.650863021,4,4.76E-12,8.45E-06,0.999999437,0.999999437,0,8
7,bimodal,Task B ,1,1,1,0.140451713,2,1,227.4345327,5,0.114626266,2,0.000366954,2.63E-05,0.066844141,0.933155859,1,4
7,bimodal,Task B ,1,1,0,3.338383382,2,2,99.77022067,6,-2.475353333,2,1.74E-35,2.90E-07,1,1,0,4
8,bimodal,Task B ,1,4,0,-0.703246143,4,2,0.071780948,1,-1.145847102,4,2.23E-07,1.65E-05,0.986684536,0.986684536,1,1
8,bimodal,Task B ,1,4,0,0.081036658,4,2,302.3656215,2,0.699603556,4,5.17E-05,2.33E-05,0.310242981,0.689757019,0,1
8,bimodal,Task B ,1,4,1,-0.372289654,3,1,191.7273679,3,-0.611504041,3,5.05E-05,2.32E-05,0.315168961,0.684831039,0,1
8,bimodal,Task B ,1,4,0,-0.824959832,4,2,76.4824509,4,0.544717919,4,7.43E-06,2.06E-05,0.734975068,0.734975068,0,1
8,bimodal,Task B ,2,1,1,0.924432696,4,2,17.99687016,5,-3.053551214,4,9.74E-23,1.81E-06,1,1,1,5
8,bimodal,Task B ,1,4,1,-0.061689347,4,1,226.852142,6,0.286209914,4,0.000295509,2.59E-05,0.080675269,0.919324731,0,1
9,bimodal,Task B ,1,2,0,0.504313482,4,2,114.3056598,1,0.822363556,4,8.22E-06,2.07E-05,0.716068925,0.716068925,1,3
9,bimodal,Task B ,2,4,0,0.221716428,2,1,347.1970689,2,-0.519065767,2,0.000110429,2.44E-05,0.180879579,0.819120421,0,8
9,bimodal,Task B ,1,3,1,-0.060908669,4,1,3.635299639,3,0.049299047,4,0.00041457,2.65E-05,0.060053302,0.939946698,1,2
9,bimodal,Task B ,1,1,1,-0.089894092,2,1,46.98056125,4,-0.155610516,2,0.000372711,2.63E-05,0.065939535,0.934060465,0,4
9,bimodal,Task B ,1,4,1,0.600700101,4,1,97.32767668,5,0.061567551,4,9.07E-05,2.41E-05,0.209922884,0.790077116,1,1
9,bimodal,Task B ,2,1,0,0.413704976,3,1,221.8027885,6,0.339210061,3,0.000125303,2.46E-05,0.163986409,0.836013591,1,5
10,bimodal,Task B ,1,1,1,0.004337385,2,1,58.69779371,1,-0.82820546,2,2.37E-05,2.21E-05,0.483420958,0.516579042,0,4
10,bimodal,Task B ,1,2,1,-0.233243768,4,1,326.4192723,2,-0.576771205,4,8.46E-05,2.40E-05,0.22087097,0.77912903,0,3
10,bimodal,Task B ,1,1,0,1.284939475,1,2,95.03911891,3,-0.244427755,1,3.28E-07,1.69E-05,0.981032145,0.981032145,0,4
10,bimodal,Task B ,1,2,1,0.51067486,1,1,206.2388212,4,-0.23017041,1,0.000112435,2.44E-05,0.178392771,0.821607229,1,3
10,bimodal,Task B ,1,1,1,0.168908545,1,1,256.6566776,5,-0.475381504,1,0.000144811,2.48E-05,0.146226002,0.853773998,0,4
10,bimodal,Task B ,1,2,1,-0.481462119,1,1,0.833610903,6,0.480007808,1,6.24E-05,2.35E-05,0.273950148,0.726049852,0,3
1,bimodal,Task B ,2,1,0,0.209136585,1,1,236.0309598,1,0.448659112,1,0.000149049,2.48E-05,0.142881994,0.857118006,0,5
1,bimodal,Task B ,2,1,1,0.112320148,4,2,110.3335337,2,-1.186676989,4,1.06E-06,1.82E-05,0.944911229,0.944911229,1,5
1,bimodal,Task B ,1,3,0,0.088723141,1,2,39.49735581,3,-0.168902225,1,0.000363263,2.63E-05,0.067437725,0.932562275,0,2
1,bimodal,Task B ,1,4,1,0.288269641,4,1,217.9706014,4,-0.431974647,4,0.000135496,2.47E-05,0.154180199,0.845819801,0,1
1,bimodal,Task B ,1,3,1,-0.213563425,3,1,164.6200247,5,-0.442115427,3,0.000156202,2.49E-05,0.137584158,0.862415842,0,2
1,bimodal,Task B ,2,1,1,0.631486933,1,2,155.2237576,6,0.328566762,1,4.97E-05,2.32E-05,0.318360541,0.681639459,1,5
2,bimodal,Task B ,2,3,1,1.268417115,3,2,31.20913249,1,0.28494985,3,3.55E-07,1.70E-05,0.979594611,0.979594611,0,7
2,bimodal,Task B ,1,2,1,-0.006987885,1,1,107.8242234,2,-0.182082239,1,0.000369731,2.63E-05,0.066404531,0.933595469,0,3
2,bimodal,Task B ,1,2,1,-0.493638883,3,1,54.3576275,3,0.969586733,3,2.95E-06,1.94E-05,0.868152339,0.868152339,1,3
2,bimodal,Task B ,2,3,1,-0.645454997,4,2,87.16649759,4,0.291970062,4,5.40E-05,2.33E-05,0.301742927,0.698257073,1,7
2,bimodal,Task B ,2,2,1,-1.622088677,1,2,110.0033458,5,-0.171511973,1,7.30E-09,1.34E-05,0.999454043,0.999454043,0,6
2,bimodal,Task B ,1,3,0,0.741430955,4,2,97.27831566,6,-1.998035402,4,2.05E-12,8.02E-06,0.999999744,0.999999744,1,2
3,bimodal,Task B ,2,3,0,-0.232906048,2,1,164.0329215,1,0.439512249,2,0.000150813,2.49E-05,0.141536223,0.858463777,0,7
3,bimodal,Task B ,2,4,1,2.706333566,1,2,212.8726062,2,-1.439348054,1,3.74E-21,2.28E-06,1,1,0,8
3,bimodal,Task B ,1,3,1,0.164586446,2,1,24.1339229,3,0.16322227,2,0.00033562,2.61E-05,0.07225665,0.92774335,1,2
3,bimodal,Task B ,1,1,1,0.023745515,4,1,3.332279166,4,-0.465095752,4,0.000170574,2.51E-05,0.128082637,0.871917363,0,4
3,bimodal,Task B ,1,3,0,0.318815274,4,2,32.91941778,5,-0.042701164,4,0.000272094,2.58E-05,0.086604704,0.913395296,1,2
3,bimodal,Task B ,1,3,1,-0.166164272,2,1,231.3083619,6,-0.088937096,2,0.000369229,2.63E-05,0.066483612,0.933516388,1,2
4,bimodal,Task B ,1,2,0,0.918824534,3,2,36.18247197,1,-0.219817362,3,9.97E-06,2.10E-05,0.677826582,0.677826582,0,3
4,bimodal,Task B ,1,3,0,0.092009354,3,2,96.02491323,2,-0.732840049,3,4.26E-05,2.30E-05,0.350304123,0.649695877,0,2
4,bimodal,Task B ,1,2,0,0.409902073,1,2,244.6584692,3,0.762877701,1,1.76E-05,2.17E-05,0.552564111,0.552564111,1,3
4,bimodal,Task B ,1,3,0,-0.180877978,3,2,69.50949512,4,0.325446235,3,0.000238071,2.56E-05,0.097037448,0.902962552,0,2
4,bimodal,Task B ,1,2,1,0.063108585,1,1,219.7434582,5,-0.039886802,1,0.000413542,2.65E-05,0.060184888,0.939815112,1,3
4,bimodal,Task B ,1,1,1,-0.233652019,1,1,12.98579124,6,0.050478654,1,0.000338207,2.62E-05,0.071775562,0.928224438,1,4
5,bimodal,Task B ,2,1,0,-0.091646709,1,1,334.6915453,1,-0.216057701,1,0.000338798,2.62E-05,0.071666596,0.928333404,0,5
5,bimodal,Task B ,1,2,1,0.344501685,4,1,111.7111546,2,0.395111609,4,0.000131365,2.47E-05,0.15800348,0.84199652,0,3
5,bimodal,Task B ,1,4,0,0.171056781,3,2,233.7784926,3,0.642277513,3,6.49E-05,2.36E-05,0.26665462,0.73334538,0,1
5,bimodal,Task B ,1,1,0,0.40848137,2,2,239.6745988,4,-0.64017172,2,3.72E-05,2.28E-05,0.379991094,0.620008906,0,4
5,bimodal,Task B ,1,4,0,0.044518033,3,2,58.73340467,5,-0.228751905,3,0.000337609,2.61E-05,0.071886223,0.928113777,0,1
5,bimodal,Task B ,2,4,1,0.044113834,4,2,219.01626,6,1.964840027,4,3.44E-11,9.56E-06,0.999996405,0.999996405,1,8
6,bimodal,Task B ,1,2,0,-2.370434921,3,2,92.26483862,1,-1.604776331,3,6.77E-19,3.15E-06,1,1,0,3
6,bimodal,Task B ,1,2,1,0.167158233,2,1,247.6618397,2,0.034409638,2,0.000372866,2.63E-05,0.06591556,0.93408444,1,3
6,bimodal,Task B ,2,2,0,-0.195498682,4,1,50.08839516,3,0.366316937,4,0.000206564,2.54E-05,0.109340385,0.890659615,0,6
6,bimodal,Task B ,1,2,1,0.183761983,3,1,285.8617572,4,-0.333482911,3,0.000229497,2.55E-05,0.100092372,0.899907628,0,3
6,bimodal,Task B ,2,2,0,0.136967852,1,1,69.85896713,5,-0.529833644,1,0.000119948,2.45E-05,0.169676531,0.830323469,0,6
6,bimodal,Task B ,2,2,1,1.707268406,3,2,182.7917724,6,2.13986768,3,8.53E-18,3.70E-06,1,1,1,6
7,bimodal,Task B ,1,4,1,-0.02820134,1,1,11.41243144,1,0.164200249,1,0.000377267,2.63E-05,0.065241447,0.934758553,0,1
7,bimodal,Task B ,1,4,1,0.181748774,2,1,147.3539872,2,0.276189257,2,0.000264986,2.58E-05,0.088587951,0.911412049,0,1
7,bimodal,Task B ,2,1,1,2.238867595,3,2,205.6649191,3,-1.680823242,3,2.35E-18,3.41E-06,1,1,0,5
7,bimodal,Task B ,1,1,1,-0.148285658,1,1,183.4384026,4,-0.607590694,1,8.27E-05,2.39E-05,0.22463387,0.77536613,0,4
7,bimodal,Task B ,1,1,0,2.330497941,4,2,39.32763746,5,-1.322586339,4,3.85E-17,4.06E-06,1,1,0,4
7,bimodal,Task B ,1,1,0,-0.574388382,4,2,215.4608944,6,-0.461754522,4,4.53E-05,2.31E-05,0.337429894,0.662570106,1,4
8,bimodal,Task B ,1,4,1,-0.70735863,1,1,264.4749133,1,0.04919606,1,5.44E-05,2.33E-05,0.300251428,0.699748572,1,1
8,bimodal,Task B ,1,4,0,0.224543879,1,2,74.12107179,2,1.982296375,1,2.08E-11,9.27E-06,0.999997752,0.999997752,1,1
8,bimodal,Task B ,2,4,1,0.924490218,1,2,28.71745106,3,-0.058983866,1,1.15E-05,2.12E-05,0.64769863,0.64769863,0,8
8,bimodal,Task B ,2,1,0,-0.853336823,1,1,67.53439582,4,0.302082999,1,1.46E-05,2.15E-05,0.595917264,0.595917264,0,5
8,bimodal,Task B ,2,4,1,0.589327617,3,2,75.2930827,5,0.674434455,3,1.42E-05,2.15E-05,0.601794033,0.601794033,1,8
8,bimodal,Task B ,1,4,1,0.037967193,4,1,92.22735997,6,-0.563316978,4,0.000111001,2.44E-05,0.180162592,0.819837408,0,1
9,bimodal,Task B ,1,1,0,0.795139732,4,2,278.8477788,1,0.861819132,4,1.27E-06,1.85E-05,0.935385362,0.935385362,1,4
9,bimodal,Task B ,1,1,1,-0.051632384,2,1,10.69711386,2,-0.15739297,2,0.000379606,2.63E-05,0.064888881,0.935111119,0,4
9,bimodal,Task B ,1,2,1,0.183609078,2,1,3.552038632,3,-0.262737983,2,0.000274073,2.58E-05,0.086068875,0.913931125,0,3
9,bimodal,Task B ,2,2,0,-0.106336577,3,1,144.9170096,4,0.406708754,3,0.000201515,2.53E-05,0.111620215,0.888379785,0,6
9,bimodal,Task B ,2,2,0,-0.539194387,3,1,269.3862792,5,0.087736473,3,0.000125903,2.46E-05,0.163372893,0.836627107,1,6
9,bimodal,Task B ,1,3,1,-0.073887167,4,1,27.28644606,6,-0.16386324,4,0.000372371,2.63E-05,0.065992218,0.934007782,0,2
10,bimodal,Task B ,2,2,1,1.364817675,3,2,269.8417148,1,0.925604741,3,4.63E-09,1.30E-05,0.999643819,0.999643819,0,6
10,bimodal,Task B ,2,1,1,-2.03057212,3,2,40.78182941,2,-0.929950748,3,4.50E-13,7.29E-06,0.999999938,0.999999938,0,5
10,bimodal,Task B ,1,1,0,0.634523106,3,2,122.6700543,3,-2.517678322,3,1.91E-16,4.49E-06,1,1,1,4
10,bimodal,Task B ,1,1,0,3.001636184,1,2,324.9773111,4,0.245765636,1,1.61E-20,2.50E-06,1,1,0,4
10,bimodal,Task B ,2,2,1,-4.096490012,2,2,311.5382779,5,0.220782318,2,2.29E-34,3.40E-07,1,1,0,6
10,bimodal,Task B ,1,2,1,0.017950463,3,1,309.4358811,6,-0.108135736,3,0.000403518,2.64E-05,0.0614993,0.9385007,0,3
1,bimodal,Task B ,1,2,1,0.232233415,3,1,293.3201542,1,0.601658877,3,7.23E-05,2.37E-05,0.247259714,0.752740286,0,3
1,bimodal,Task B ,1,2,1,0.325871893,3,1,306.3286545,2,-0.360698806,3,0.000155862,2.49E-05,0.137826843,0.862173157,0,3
1,bimodal,Task B ,1,4,1,-0.19139726,4,1,240.488715,3,-0.149618866,4,0.000335198,2.61E-05,0.072335665,0.927664335,1,1
1,bimodal,Task B ,2,1,0,0.125870943,1,1,302.437583,4,-0.324451408,1,0.000254183,2.57E-05,0.091789715,0.908210285,0,5
1,bimodal,Task B ,1,2,0,1.369422945,2,2,125.9322697,5,-0.96632692,2,3.24E-09,1.27E-05,0.999745004,0.999745004,0,3
1,bimodal,Task B ,2,1,0,-0.194377985,1,1,107.9986102,6,0.140601879,1,0.000336262,2.61E-05,0.072136532,0.927863468,1,5
2,bimodal,Task B ,1,2,0,-0.558035311,3,2,31.21313668,1,-0.477427167,3,4.59E-05,2.31E-05,0.334468997,0.665531003,1,3
2,bimodal,Task B ,1,4,1,0.334586889,4,1,149.0864221,2,-0.309530386,4,0.000175713,2.51E-05,0.125006891,0.874993109,1,1
2,bimodal,Task B ,1,2,1,-0.505362148,2,1,168.5442738,3,-0.33160054,2,9.50E-05,2.42E-05,0.202764696,0.797235304,1,3
2,bimodal,Task B ,2,4,1,3.535370511,3,2,28.50812099,4,-4.463017239,3,3.32E-63,5.36E-09,1,1,0,8
2,bimodal,Task B ,1,2,0,1.138615308,2,2,201.279362,5,1.245085103,2,2.62E-09,1.25E-05,0.999791021,0.999791021,1,3
2,bimodal,Task B ,2,3,0,0.379932447,2,1,295.7024091,6,0.175558621,2,0.000200552,2.53E-05,0.112066279,0.887933721,1,7
3,bimodal,Task B ,2,4,1,0.915028993,3,2,101.1685695,1,-1.211078977,3,2.61E-08,1.45E-05,0.998202214,0.998202214,1,8
3,bimodal,Task B ,1,3,0,0.442410465,3,2,188.1622048,2,0.845361095,3,8.94E-06,2.08E-05,0.699764559,0.699764559,1,2
3,bimodal,Task B ,1,3,1,0.079082866,1,1,176.5950009,3,-0.075585748,1,0.000402448,2.64E-05,0.061643113,0.938356887,1,2
3,bimodal,Task B ,2,1,1,-0.618283447,3,2,129.6152682,4,1.388435282,3,2.57E-08,1.45E-05,0.998224134,0.998224134,1,5
3,bimodal,Task B ,2,4,1,-1.322277297,1,2,141.47229,5,1.804808976,1,3.32E-13,7.15E-06,0.999999954,0.999999954,1,8
3,bimodal,Task B ,2,4,1,1.64385094,2,2,358.0447413,6,2.043205793,2,1.14E-16,4.35E-06,1,1,1,8
4,bimodal,Task B ,1,3,1,0.042000122,1,1,119.7956836,1,-0.398151921,1,0.000216267,2.54E-05,0.105219355,0.894780645,0,2
4,bimodal,Task B ,1,1,1,-0.556608618,2,1,98.02756914,2,-0.08801092,2,0.000116613,2.45E-05,0.173433519,0.826566481,1,4
4,bimodal,Task B ,1,3,1,-0.263418982,4,1,157.2623948,3,-0.258539159,4,0.000243638,2.56E-05,0.095155383,0.904844617,0,2
4,bimodal,Task B ,1,1,1,0.422169706,2,1,256.7980505,4,-0.037921225,2,0.000197317,2.53E-05,0.113592086,0.886407914,1,4
4,bimodal,Task B ,1,3,1,0.351424692,3,1,306.1662851,5,1.095818659,3,1.55E-06,1.87E-05,0.923270905,0.923270905,1,2
4,bimodal,Task B ,1,3,0,0.491995281,4,2,331.4250979,6,-0.728745772,4,1.63E-05,2.16E-05,0.570966455,0.570966455,1,2
5,bimodal,Task B ,1,2,0,-0.549690462,1,2,18.29816391,1,0.482299476,1,4.63E-05,2.31E-05,0.332901808,0.667098192,1,3
5,bimodal,Task B ,1,1,0,-0.059619537,3,2,3.338638901,2,1.843309863,3,2.42E-10,1.08E-05,0.999977562,0.999977562,1,4
5,bimodal,Task B ,1,4,1,0.540144814,4,1,189.611715,3,-0.067600668,4,0.000120894,2.45E-05,0.168641661,0.831358339,1,1
5,bimodal,Task B ,2,2,0,0.100471705,3,1,297.8830381,4,-0.632499257,3,7.54E-05,2.38E-05,0.240104929,0.759895071,0,6
5,bimodal,Task B ,2,4,1,-1.508238015,1,2,245.5343665,5,-0.400918813,1,1.84E-08,1.42E-05,0.99870435,0.99870435,0,8
5,bimodal,Task B ,2,4,1,-1.93701988,3,2,242.7009709,6,0.008444159,3,7.97E-11,1.01E-05,0.999992091,0.999992091,0,8
6,bimodal,Task B ,2,2,1,0.731136052,1,2,28.92050616,1,-2.671694474,1,3.76E-18,3.51E-06,1,1,1,6
6,bimodal,Task B ,2,2,1,0.694776662,1,2,219.7248965,2,3.324065861,1,2.95E-25,1.26E-06,1,1,1,6
6,bimodal,Task B ,1,2,1,0.172060968,1,1,207.4004839,3,0.278276213,1,0.000267592,2.58E-05,0.087850096,0.912149904,0,3
6,bimodal,Task B ,2,2,1,-0.589674002,2,2,326.5462353,4,-0.709461708,2,1.24E-05,2.13E-05,0.631662825,0.631662825,1,6
6,bimodal,Task B ,2,2,0,-0.405494828,1,1,143.6713323,5,0.269552275,1,0.00016035,2.50E-05,0.134694289,0.865305711,1,6
6,bimodal,Task B ,2,3,1,1.699157513,2,2,261.5136893,6,-0.584176277,2,5.80E-10,1.14E-05,0.999949148,0.999949148,0,7
7,bimodal,Task B ,1,2,0,-1.60166896,3,2,175.9489874,1,-0.197715817,3,9.20E-09,1.36E-05,0.9993216,0.9993216,0,3
7,bimodal,Task B ,1,2,0,0.482076584,2,2,140.3728548,2,0.831969114,2,8.43E-06,2.08E-05,0.711290081,0.711290081,1,3
7,bimodal,Task B ,1,4,1,0.808666139,2,1,146.9199818,3,0.108811019,2,2.57E-05,2.23E-05,0.464357939,0.535642061,1,1
7,bimodal,Task B ,1,1,0,-0.105832398,4,2,149.6500205,4,-1.249087279,4,5.69E-07,1.75E-05,0.968564212,0.968564212,1,4
7,bimodal,Task B ,1,4,1,-1.066908437,3,1,48.72676177,5,-0.122990468,3,3.71E-06,1.97E-05,0.841535816,0.841535816,0,1
7,bimodal,Task B ,2,1,1,-2.008168355,3,2,95.84610118,6,0.118479352,3,2.35E-11,9.33E-06,0.999997485,0.999997485,0,5
8,bimodal,Task B ,1,4,1,-0.174743702,3,1,161.5895366,1,-0.14105779,3,0.000347116,2.62E-05,0.070168383,0.929831617,1,1
8,bimodal,Task B ,1,4,0,-0.541560865,1,2,269.5580783,2,2.327936177,1,1.46E-14,5.88E-06,0.999999998,0.999999998,1,1
8,bimodal,Task B ,1,4,0,-0.440893482,4,2,344.8095823,3,0.255758441,4,0.000146259,2.48E-05,0.145065248,0.854934752,1,1
8,bimodal,Task B ,1,4,0,-0.371993982,1,2,303.8547044,4,2.220245078,1,2.18E-13,6.97E-06,0.999999969,0.999999969,1,1
8,bimodal,Task B ,2,4,1,-0.887565783,1,2,113.6692313,5,0.089943577,1,1.62E-05,2.16E-05,0.571403681,0.571403681,0,8
8,bimodal,Task B ,1,4,0,0.745815056,3,2,172.2153436,6,0.054539724,3,4.01E-05,2.29E-05,0.363180143,0.636819857,1,1
9,bimodal,Task B ,1,1,0,0.458775891,4,2,354.5546466,1,0.316568024,4,0.000113096,2.44E-05,0.177587939,0.822412061,1,4
9,bimodal,Task B ,1,2,1,-0.091857445,4,1,5.941784133,2,0.13154854,4,0.000381981,2.64E-05,0.064534973,0.935465027,0,3
9,bimodal,Task B ,2,1,0,0.138859867,2,1,14.82934418,3,-0.915822738,2,1.14E-05,2.12E-05,0.649865803,0.649865803,1,5
9,bimodal,Task B ,2,4,1,0.474970558,4,2,339.723669,4,1.144008798,4,6.40E-07,1.77E-05,0.96504964,0.96504964,1,8
9,bimodal,Task B ,1,2,1,-0.45232073,2,1,79.59746186,5,-0.338308785,2,0.000114797,2.44E-05,0.175553732,0.824446268,1,3
9,bimodal,Task B ,1,1,0,2.2782682,1,2,84.94979368,6,2.479023568,1,8.75E-25,1.35E-06,1,1,1,4
10,bimodal,Task B ,1,1,0,-0.746770873,1,2,92.86330788,1,-0.053334397,1,4.29E-05,2.30E-05,0.348836864,0.651163136,1,4
10,bimodal,Task B ,1,1,1,-0.071281958,2,1,71.53524197,2,-0.247278845,2,0.00032295,2.61E-05,0.074712703,0.925287297,0,4
10,bimodal,Task B ,1,2,0,0.269230083,3,2,201.1945094,3,0.278388724,3,0.000222858,2.55E-05,0.102598972,0.897401028,0,3
10,bimodal,Task B ,1,2,1,-0.118970724,4,1,277.5162159,4,0.254107032,4,0.000305525,2.60E-05,0.078387799,0.921612201,0,3
10,bimodal,Task B ,1,2,1,-0.42911304,2,1,180.2039966,5,-0.175576982,2,0.000177362,2.51E-05,0.124052204,0.875947796,1,3
10,bimodal,Task B ,1,2,0,0.876658126,2,2,288.9144255,6,-2.129392479,2,8.34E-14,6.56E-06,0.999999987,0.999999987,1,3
1,bimodal,Task B ,1,2,1,0.261028843,1,1,60.8674439,1,0.483891301,1,0.000116911,2.45E-05,0.173091314,0.826908686,0,3
1,bimodal,Task B ,1,3,1,-0.356096443,4,1,30.82523875,2,0.411196894,4,0.000124289,2.46E-05,0.165033353,0.834966647,0,2
1,bimodal,Task B ,1,3,1,-0.226339442,4,1,324.0162413,3,-0.155111967,4,0.000313804,2.60E-05,0.076596078,0.923403922,1,2
1,bimodal,Task B ,1,4,1,0.180698495,4,1,338.4024937,4,-0.277830134,4,0.000266045,2.58E-05,0.088286673,0.911713327,0,1
1,bimodal,Task B ,1,3,1,-0.170854306,3,1,267.6636366,5,0.012866193,3,0.000378656,2.63E-05,0.06503158,0.93496842,1,2
1,bimodal,Task B ,2,1,0,-0.42107222,2,1,268.94564,6,-0.593626005,2,4.72E-05,2.31E-05,0.329012342,0.670987658,0,5
2,bimodal,Task B ,1,2,1,0.030670666,2,1,62.94363797,1,0.629229646,2,7.88E-05,2.39E-05,0.232553261,0.767446739,0,3
2,bimodal,Task B ,1,2,1,0.06165989,2,1,63.92806189,2,0.037059669,2,0.000413905,2.65E-05,0.060138374,0.939861626,1,3
2,bimodal,Task B ,1,2,0,-0.947847898,3,2,133.9374867,3,0.070363904,3,1.04E-05,2.10E-05,0.668846679,0.668846679,0,3
2,bimodal,Task B ,2,1,0,0.570244249,1,1,310.1214214,4,0.390689798,1,5.60E-05,2.34E-05,0.294618086,0.705381914,1,5
2,bimodal,Task B ,1,3,0,-0.287897074,4,2,129.4837095,5,-0.698339004,4,3.92E-05,2.29E-05,0.368193348,0.631806652,0,2
2,bimodal,Task B ,2,4,1,-2.988197898,4,2,136.1568152,6,0.914811387,4,1.12E-21,2.11E-06,1,1,0,8
3,bimodal,Task B ,2,3,1,1.518173259,3,2,308.2041078,1,-0.649568623,3,4.67E-09,1.30E-05,0.999640481,0.999640481,0,7
3,bimodal,Task B ,1,3,0,-0.833025002,4,2,236.2388149,2,0.141945283,4,2.27E-05,2.21E-05,0.493243137,0.506756863,1,2
3,bimodal,Task B ,1,4,1,-0.248093701,4,1,135.3792284,3,0.191414891,4,0.000284283,2.59E-05,0.083409664,0.916590336,1,1
3,bimodal,Task B ,2,4,1,-1.539598195,2,2,87.24845835,4,-2.003668725,2,1.08E-15,5.00E-06,1,1,1,8
3,bimodal,Task B ,2,4,1,-1.700156051,3,2,221.5365063,5,3.885460963,3,5.68E-37,2.34E-07,1,1,1,8
3,bimodal,Task B ,2,4,1,1.916433668,3,2,94.30406871,6,-0.934287008,3,2.34E-12,8.08E-06,0.99999971,0.99999971,0,8
4,bimodal,Task B ,1,3,0,0.520637586,1,2,243.6316909,1,-2.751238819,1,1.84E-18,3.36E-06,1,1,1,2
4,bimodal,Task B ,1,2,1,-0.12055659,2,1,151.0315484,2,-0.092486318,2,0.000387947,2.64E-05,0.063663412,0.936336588,1,3
4,bimodal,Task B ,1,2,1,-0.156827181,3,1,221.6045911,3,-0.04814948,3,0.000382467,2.64E-05,0.06446311,0.93553689,1,3
4,bimodal,Task B ,1,2,0,-0.656086178,2,2,9.206752957,4,-0.672209471,2,1.10E-05,2.11E-05,0.658172044,0.658172044,1,3
4,bimodal,Task B ,1,3,1,-0.029306796,4,1,226.1602583,5,-0.015572828,4,0.000423071,2.65E-05,0.058988121,0.941011879,1,2
4,bimodal,Task B ,2,2,0,0.407463242,2,1,230.0806542,6,-0.131813301,2,0.000194406,2.53E-05,0.11500274,0.88499726,1,6
5,bimodal,Task B ,2,4,1,-1.200127322,4,2,265.1929879,1,0.8033625,4,7.38E-08,1.54E-05,0.995243092,0.995243092,0,8
5,bimodal,Task B ,1,4,0,0.094578719,1,2,160.7811682,2,0.285585714,1,0.000287565,2.59E-05,0.082590483,0.917409517,0,1
5,bimodal,Task B ,1,4,1,-0.147197386,4,1,345.1893305,3,-0.302893808,4,0.000266052,2.58E-05,0.088284538,0.911715462,0,1
5,bimodal,Task B ,1,1,1,-0.566322584,2,1,228.5941239,4,0.109235527,2,0.000109306,2.44E-05,0.18230311,0.81769689,1,4
5,bimodal,Task B ,2,4,1,-0.914876405,4,2,74.61779305,5,-1.166204774,4,4.46E-08,1.50E-05,0.9970267,0.9970267,1,8
5,bimodal,Task B ,1,1,1,0.097480416,4,1,357.5385175,6,0.080715198,4,0.000394679,2.64E-05,0.062708721,0.937291279,1,4
6,bimodal,Task B ,1,2,0,-1.611165618,2,2,108.6017327,1,-1.913450913,2,1.89E-15,5.18E-06,1,1,1,3
6,bimodal,Task B ,2,2,1,0.515838615,4,2,134.9640607,2,1.978023807,4,9.01E-12,8.79E-06,0.999998975,0.999998975,1,6
6,bimodal,Task B ,2,2,1,0.429207161,4,2,70.30641411,3,-1.289313247,4,1.76E-07,1.63E-05,0.989322583,0.989322583,1,6
6,bimodal,Task B ,2,2,0,-0.47799822,2,1,87.8800223,4,0.453618265,2,7.02E-05,2.37E-05,0.252516359,0.747483641,1,6
6,bimodal,Task B ,1,2,0,1.119174281,4,2,350.3389066,5,-1.223162373,4,4.06E-09,1.29E-05,0.999684591,0.999684591,1,3
6,bimodal,Task B ,1,1,1,-0.183246351,2,1,349.2680158,6,0.201947927,2,0.000312756,2.60E-05,0.07681809,0.92318191,0,4
7,bimodal,Task B ,1,4,1,-0.078940137,1,1,86.06589245,1,-0.096276805,1,0.000399569,2.64E-05,0.062033561,0.937966439,0,1
7,bimodal,Task B ,2,1,1,-0.969681294,3,2,47.51793648,2,2.273633469,3,2.91E-15,5.32E-06,0.999999999,0.999999999,1,5
7,bimodal,Task B ,1,1,1,0.040766898,1,1,5.126175794,3,-0.456208833,1,0.000175609,2.51E-05,0.125067273,0.874932727,0,4
7,bimodal,Task B ,1,1,1,-0.02172471,1,1,196.4512444,4,-0.223232576,1,0.000344389,2.62E-05,0.070652298,0.929347702,0,4
7,bimodal,Task B ,1,4,1,0.205352835,4,1,264.9585642,5,-0.12672576,4,0.000330079,2.61E-05,0.073309788,0.926690212,1,1
7,bimodal,Task B ,1,1,1,-0.045132248,1,1,331.8722115,6,0.419835217,1,0.000199438,2.53E-05,0.112586957,0.887413043,0,4
8,bimodal,Task B ,2,4,1,-1.606492199,3,2,199.5318223,1,2.256110895,3,4.62E-18,3.56E-06,1,1,1,8
8,bimodal,Task B ,1,4,1,0.275101652,2,1,225.6487886,2,-0.227950605,2,0.000246275,2.56E-05,0.094289702,0.905710298,1,1
8,bimodal,Task B ,2,4,1,-2.750397466,3,2,172.5383686,3,3.17473624,3,3.55E-36,2.62E-07,1,1,1,8
8,bimodal,Task B ,1,4,1,-0.130166911,3,1,111.399228,4,0.280114185,3,0.000284873,2.59E-05,0.083261159,0.916738841,0,1
8,bimodal,Task B ,1,4,1,0.418715663,4,1,342.5016865,5,-0.174229752,4,0.00017706,2.51E-05,0.124225527,0.875774473,1,1
8,bimodal,Task B ,2,4,1,-2.952084201,2,2,144.5479516,6,0.666454995,2,1.43E-20,2.48E-06,1,1,0,8
9,bimodal,Task B ,1,2,1,0.015913247,3,1,40.84232707,1,0.276500021,3,0.000305802,2.60E-05,0.078326553,0.921673447,0,3
9,bimodal,Task B ,1,1,0,1.104370194,1,2,62.06195087,2,1.322875096,1,1.55E-09,1.21E-05,0.99987207,0.99987207,1,4
9,bimodal,Task B ,1,3,1,-0.117277137,3,1,349.1975248,3,0.399239321,3,0.000204736,2.53E-05,0.110154577,0.889845423,0,2
9,bimodal,Task B ,2,1,1,-1.102149886,1,2,205.4491664,4,-1.261206233,1,3.55E-09,1.28E-05,0.999722337,0.999722337,1,5
9,bimodal,Task B ,1,1,0,1.769901684,2,2,263.2239635,5,-0.6251162,2,1.69E-10,1.06E-05,0.999983962,0.999983962,0,4
9,bimodal,Task B ,1,4,1,0.096676547,2,1,288.7783375,6,0.026589361,2,0.000404998,2.64E-05,0.061301559,0.938698441,1,1
10,bimodal,Task B ,1,1,1,-0.121459157,2,1,169.252774,1,0.374070644,2,0.000221454,2.55E-05,0.103145623,0.896854377,0,4
10,bimodal,Task B ,1,2,0,-0.453311477,4,2,291.1165985,2,0.74959295,4,1.71E-05,2.17E-05,0.559418486,0.559418486,1,3
10,bimodal,Task B ,1,1,1,0.134745958,1,1,357.868856,3,-0.337602295,1,0.000242602,2.56E-05,0.095499809,0.904500191,0,4
10,bimodal,Task B ,1,2,1,-0.097085323,1,1,202.1683532,4,-0.537308523,1,0.000121918,2.45E-05,0.167535732,0.832464268,0,3
10,bimodal,Task B ,1,2,1,0.426121857,3,1,45.63142512,5,-0.333985383,3,0.000122635,2.45E-05,0.166770699,0.833229301,1,3
10,bimodal,Task B ,1,2,0,0.515137516,3,2,210.0685169,6,-1.284586705,3,1.32E-07,1.60E-05,0.991841555,0.991841555,1,3
1,bimodal,Task B ,1,3,0,0.260248557,4,2,97.92817821,1,-0.30473122,4,0.000214515,2.54E-05,0.105939229,0.894060771,0,2
1,bimodal,Task B ,1,3,1,-0.227326715,4,1,86.24902112,2,0.24906924,4,0.000265637,2.58E-05,0.088402576,0.911597424,0,2
1,bimodal,Task B ,1,3,1,0.051373317,2,1,308.1980287,3,0.172617661,2,0.000368505,2.63E-05,0.066597891,0.933402109,0,2
1,bimodal,Task B ,1,1,1,0.530408026,1,1,252.8006463,4,-0.379059923,1,7.04E-05,2.37E-05,0.251804839,0.748195161,1,4
1,bimodal,Task B ,1,3,1,-0.034719706,4,1,335.4070847,5,-0.324994257,4,0.000271777,2.58E-05,0.086691269,0.913308731,0,2
1,bimodal,Task B ,2,1,1,-0.624449486,1,2,316.4751784,6,0.062002808,1,8.51E-05,2.40E-05,0.219861684,0.780138316,1,5
2,bimodal,Task B ,1,2,1,-0.227874925,1,1,185.7512053,1,0.208512762,1,0.000287123,2.59E-05,0.082699781,0.917300219,1,3
2,bimodal,Task B ,1,2,1,-0.185338267,2,1,94.13202855,2,0.098808115,2,0.000355818,2.62E-05,0.068668849,0.931331151,1,3
2,bimodal,Task B ,2,1,0,0.576594761,1,1,279.9367371,3,0.051566946,1,0.000102606,2.43E-05,0.191310218,0.808689782,1,5
2,bimodal,Task B ,2,3,1,1.379971242,3,2,188.8109049,4,-1.978110766,3,1.00E-14,5.75E-06,0.999999998,0.999999998,1,7
2,bimodal,Task B ,1,3,1,0.039250352,1,1,345.2247818,5,-0.141006926,1,0.00038759,2.64E-05,0.063714956,0.936285044,0,2
2,bimodal,Task B ,2,4,1,1.445473937,1,2,25.07888485,6,-3.031708889,1,9.88E-25,1.36E-06,1,1,1,8
3,bimodal,Task B ,2,2,1,-0.138720848,4,2,263.5033799,1,0.736203937,4,3.97E-05,2.29E-05,0.365615896,0.634384104,0,6
3,bimodal,Task B ,1,4,1,-0.242512245,4,1,79.2055845,2,-0.177849257,4,0.000294815,2.59E-05,0.08083902,0.91916098,1,1
3,bimodal,Task B ,2,3,1,-0.632129178,4,2,217.1457208,3,-0.474987071,4,3.23E-05,2.26E-05,0.411629231,0.588370769,1,7
3,bimodal,Task B ,1,3,1,0.153613132,3,1,263.4653361,4,-0.069919085,3,0.00037444,2.63E-05,0.065672826,0.934327174,1,2
3,bimodal,Task B ,2,1,0,-0.01489941,1,1,134.6358206,5,-0.418816866,1,0.00020328,2.53E-05,0.110812132,0.889187868,0,5
3,bimodal,Task B ,2,4,1,-2.3941445,1,2,324.7323679,6,-0.507958186,1,7.42E-15,5.64E-06,0.999999999,0.999999999,0,8
4,bimodal,Task B ,1,2,1,-0.403031262,3,1,41.299776,1,-0.015684551,3,0.000220165,2.55E-05,0.103652999,0.896347001,1,3
4,bimodal,Task B ,2,2,1,0.404742555,1,2,267.3210045,2,2.403492172,1,5.27E-15,5.52E-06,0.999999999,0.999999999,1,6
4,bimodal,Task B ,1,3,1,-0.350737239,2,1,296.5986659,3,0.553923008,2,7.05E-05,2.37E-05,0.251783573,0.748216427,0,2
4,bimodal,Task B ,1,3,1,-0.058894509,4,1,11.94053518,4,0.503660659,4,0.00014295,2.48E-05,0.147746212,0.852253788,0,2
4,bimodal,Task B ,2,3,1,-1.843748673,1,2,152.2576717,5,-1.121057079,1,1.73E-12,7.93E-06,0.999999782,0.999999782,0,7
4,bimodal,Task B ,2,1,1,1.044120522,1,2,92.33174875,6,3.038073742,1,5.06E-23,1.74E-06,1,1,1,5
5,bimodal,Task B ,1,4,1,-0.463302856,1,1,340.989896,1,-0.19191521,1,0.000152621,2.49E-05,0.140183982,0.859816018,1,1
5,bimodal,Task B ,1,3,0,-0.80999248,3,2,27.54067969,2,0.153811392,3,2.61E-05,2.23E-05,0.460258231,0.539741769,1,2
5,bimodal,Task B ,1,4,1,-0.00695064,3,1,159.8130104,3,-0.319255227,3,0.000276998,2.58E-05,0.085289162,0.914710838,0,1
5,bimodal,Task B ,1,2,1,0.110498923,1,1,178.8294404,4,0.498695071,1,0.000139661,2.47E-05,0.150515307,0.849484693,0,3
5,bimodal,Task B ,1,4,1,0.263802547,2,1,22.02968996,5,-0.264191295,2,0.000234484,2.56E-05,0.098291805,0.901708195,1,1
5,bimodal,Task B ,2,2,0,0.799480633,1,1,318.00162,6,-0.741228083,1,2.85E-06,1.94E-05,0.87189571,0.87189571,0,6
6,bimodal,Task B ,1,2,0,1.257562223,4,2,299.1653705,1,-0.449694358,4,2.41E-07,1.66E-05,0.985732324,0.985732324,0,3
6,bimodal,Task B ,2,2,1,1.889435659,1,2,29.59302336,2,-0.292059478,1,9.91E-11,1.02E-05,0.999990298,0.999990298,0,6
6,bimodal,Task B ,1,2,0,-2.24942345,1,2,275.8798714,3,1.205816305,1,7.55E-16,4.89E-06,1,1,0,3
6,bimodal,Task B ,1,2,1,-0.510878936,1,1,255.5706355,4,-0.15590764,1,0.000132985,2.47E-05,0.156480942,0.843519058,1,3
6,bimodal,Task B ,1,1,1,0.270954454,1,1,339.2423233,5,-0.43152496,1,0.000141402,2.48E-05,0.149036084,0.850963916,0,4
6,bimodal,Task B ,2,2,1,1.252402985,1,2,297.1431192,6,-1.725725176,1,2.10E-12,8.03E-06,0.999999739,0.999999739,1,6
7,bimodal,Task B ,1,4,1,-0.766263622,2,1,160.8811392,1,-0.376724879,2,2.12E-05,2.20E-05,0.509196582,0.509196582,0,1
7,bimodal,Task B ,1,4,1,-0.463465318,4,1,301.3736535,2,-0.316244173,4,0.000116984,2.45E-05,0.1730079,0.8269921,1,1
7,bimodal,Task B ,1,4,1,-0.189712794,3,1,189.9583517,3,0.336097593,3,0.000228042,2.55E-05,0.100630823,0.899369177,0,1
7,bimodal,Task B ,1,1,1,-0.142116694,3,1,115.2142349,4,-0.084440214,3,0.000381571,2.63E-05,0.064595824,0.935404176,1,4
7,bimodal,Task B ,1,1,1,-0.47717178,1,1,193.9225495,5,-0.288660442,1,0.000119018,2.45E-05,0.170707232,0.829292768,1,4
7,bimodal,Task B ,1,4,1,-0.759460309,4,1,35.55767159,6,0.06743451,4,3.93E-05,2.29E-05,0.367649633,0.632350367,1,1
8,bimodal,Task B ,1,4,0,-0.080651142,1,2,229.0922571,1,-2.367638642,1,2.25E-14,6.05E-06,0.999999996,0.999999996,1,1
8,bimodal,Task B ,1,4,1,-0.016751266,4,1,306.3255323,2,-0.097019155,4,0.000408114,2.65E-05,0.06088939,0.93911061,0,1
8,bimodal,Task B ,2,4,1,-2.616141587,3,2,48.87496764,3,0.359044953,3,1.26E-16,4.37E-06,1,1,0,8
8,bimodal,Task B ,2,1,0,0.813180981,4,1,310.0772425,4,-0.494063306,4,9.41E-06,2.09E-05,0.689703682,0.689703682,0,5
8,bimodal,Task B ,2,4,0,-0.20986655,3,1,210.5464314,5,-0.142981064,3,0.00032798,2.61E-05,0.073717262,0.926282738,1,8
8,bimodal,Task B ,1,4,1,0.373241371,3,1,225.9356314,6,0.173079145,3,0.000205613,2.54E-05,0.109762502,0.890237498,1,1
9,bimodal,Task B ,2,1,0,0.274661906,2,1,273.2037525,1,0.043162637,2,0.000303665,2.60E-05,0.078802463,0.921197537,1,5
9,bimodal,Task B ,2,1,0,0.402436941,3,1,259.6114447,2,0.086544533,3,0.000205692,2.54E-05,0.109727316,0.890272684,1,5
9,bimodal,Task B ,2,3,1,2.000546516,2,2,0.824361515,3,-0.647517132,2,4.02E-12,8.36E-06,0.99999952,0.99999952,0,7
9,bimodal,Task B ,1,1,1,-0.437027952,1,1,186.6713421,4,-0.215450766,1,0.000161536,2.50E-05,0.133891091,0.866108909,1,4
9,bimodal,Task B ,1,3,1,0.048004766,4,1,34.00053276,5,-0.255186202,4,0.000319474,2.61E-05,0.07541705,0.92458295,0,2
9,bimodal,Task B ,1,3,1,-0.01196527,4,1,13.49375547,6,-0.061672198,4,0.000417871,2.65E-05,0.059635069,0.940364931,0,2
10,bimodal,Task B ,2,2,1,-1.925975572,4,2,304.5926299,1,-0.483339175,4,3.57E-11,9.58E-06,0.999996277,0.999996277,0,6
10,bimodal,Task B ,2,1,1,-2.395963639,2,2,250.4885956,2,-2.091630165,2,2.06E-22,1.90E-06,1,1,0,5
10,bimodal,Task B ,1,1,1,0.28251173,4,1,350.0975637,3,0.097993467,4,0.00028833,2.59E-05,0.082401937,0.917598063,1,4
10,bimodal,Task B ,1,2,1,-0.468350031,4,1,149.07222,4,-0.285330461,4,0.000124154,2.46E-05,0.165173186,0.834826814,1,3
10,bimodal,Task B ,1,2,1,0.121942586,1,1,96.9067979,5,0.151206107,1,0.000359539,2.63E-05,0.068047707,0.931952293,0,3
10,bimodal,Task B ,1,2,1,0.310467993,3,1,146.9960076,6,-0.496000761,3,9.97E-05,2.42E-05,0.195447231,0.804552769,0,3
1,bimodal,Task B ,2,1,0,0.227886003,2,1,290.9332004,1,-0.174927325,2,0.000297939,2.59E-05,0.080107857,0.919892143,1,5
1,bimodal,Task B ,2,3,1,1.695780287,3,2,108.3870574,2,-1.752208705,3,6.12E-15,5.57E-06,0.999999999,0.999999999,1,7
1,bimodal,Task B ,2,1,0,-0.041637152,1,1,198.8468152,3,-0.237158323,1,0.00033381,2.61E-05,0.072597232,0.927402768,0,5
1,bimodal,Task B ,1,3,0,-0.496439704,1,2,326.1099284,4,0.397909659,1,7.97E-05,2.39E-05,0.230689709,0.769310291,1,2
1,bimodal,Task B ,1,3,1,-0.122541586,3,1,120.3843092,5,-0.201631161,3,0.000338549,2.62E-05,0.071712372,0.928287628,0,2
1,bimodal,Task B ,1,3,0,-0.470494337,2,2,218.0001714,6,1.283281859,2,1.63E-07,1.62E-05,0.990038098,0.990038098,1,2
2,bimodal,Task B ,1,2,1,0.732580122,4,1,131.013444,1,0.085630158,4,4.28E-05,2.30E-05,0.349605788,0.650394212,1,3
2,bimodal,Task B ,2,3,1,-1.277881537,1,2,155.4020688,2,-0.104771342,1,4.89E-07,1.74E-05,0.972609065,0.972609065,0,7
2,bimodal,Task B ,1,2,0,0.259241947,4,2,185.4357537,3,0.324568897,4,0.000202526,2.53E-05,0.111155824,0.888844176,0,3
2,bimodal,Task B ,1,2,1,0.46289522,2,1,104.3836318,4,-0.210602281,2,0.000141738,2.48E-05,0.148753665,0.851246335,1,3
2,bimodal,Task B ,1,3,1,-0.007280983,4,1,46.21821111,5,0.335719258,4,0.00026274,2.57E-05,0.089234535,0.910765465,0,2
2,bimodal,Task B ,1,3,1,0.799847526,3,1,281.0604714,6,0.075937478,3,2.80E-05,2.24E-05,0.444529028,0.555470972,1,2
3,bimodal,Task B ,1,2,1,0.316548509,2,1,67.5694467,1,0.484339897,2,0.000101879,2.43E-05,0.192344111,0.807655889,0,3
3,bimodal,Task B ,2,1,0,-0.931957004,1,1,88.5093109,2,0.352250717,1,7.10E-06,2.05E-05,0.743035071,0.743035071,0,5
3,bimodal,Task B ,2,2,1,-0.768109454,1,2,357.9813528,3,-0.433584833,1,1.73E-05,2.17E-05,0.557118254,0.557118254,0,6
3,bimodal,Task B ,1,3,1,0.082902329,2,1,113.0414155,4,-0.698401795,2,5.28E-05,2.33E-05,0.30597385,0.69402615,0,2
3,bimodal,Task B ,2,4,1,-2.00202566,4,2,104.0077826,5,0.311841631,4,1.83E-11,9.19E-06,0.999998013,0.999998013,0,8
3,bimodal,Task B ,1,2,1,0.232290468,2,1,105.6763437,6,-0.022880635,2,0.000334796,2.61E-05,0.072411166,0.927588834,1,3
4,bimodal,Task B ,1,2,1,0.435003415,2,1,143.7330222,1,-0.571831286,2,4.80E-05,2.31E-05,0.325546633,0.674453367,0,3
4,bimodal,Task B ,2,4,1,1.998140614,3,2,151.7893226,2,-0.549713605,3,6.84E-12,8.64E-06,0.999999208,0.999999208,0,8
4,bimodal,Task B ,1,1,1,-0.489728559,1,1,4.229488226,3,0.04685098,1,0.000158886,2.49E-05,0.135700049,0.864299951,1,4
4,bimodal,Task B ,1,1,1,0.377298149,1,1,184.5239397,4,0.258945597,1,0.0001734,2.51E-05,0.126371633,0.873628367,1,4
4,bimodal,Task B ,1,3,1,0.538165517,3,1,113.2920667,5,-0.204121176,3,0.00010446,2.43E-05,0.188726381,0.811273619,1,2
4,bimodal,Task B ,1,1,1,-0.548943196,1,1,255.2035903,6,0.163754825,1,0.000111094,2.44E-05,0.180047254,0.819952746,1,4
5,bimodal,Task B ,1,2,1,-0.898593698,1,1,326.5090863,1,0.315293783,1,1.01E-05,2.10E-05,0.674262295,0.674262295,0,3
5,bimodal,Task B ,1,1,0,-0.630574592,3,2,143.0119632,2,-1.205075387,3,1.85E-07,1.64E-05,0.988813027,0.988813027,1,4
5,bimodal,Task B ,1,4,0,-0.535635077,3,2,0.315908533,3,0.75140531,3,1.21E-05,2.12E-05,0.637110301,0.637110301,1,1
5,bimodal,Task B ,2,4,1,0.767241429,4,2,60.90484246,4,-2.60388765,4,1.36E-17,3.80E-06,1,1,1,8
5,bimodal,Task B ,2,4,1,-1.074048896,3,2,322.021198,5,-1.90880512,3,7.93E-13,7.55E-06,0.999999895,0.999999895,1,8
5,bimodal,Task B ,2,4,1,-1.589060656,1,2,32.91444008,6,2.249140204,1,6.64E-18,3.64E-06,1,1,1,8
6,bimodal,Task B ,2,2,1,0.0356341,3,2,152.9697267,1,1.371057931,3,1.49E-07,1.61E-05,0.990876196,0.990876196,1,6
6,bimodal,Task B ,2,2,0,-0.071725198,1,1,176.0420224,2,-0.033098736,1,0.000415032,2.65E-05,0.059994437,0.940005563,1,6
6,bimodal,Task B ,1,2,1,0.560369658,4,1,39.7381513,3,-0.016329603,4,0.00011207,2.44E-05,0.178839094,0.821160906,1,3
6,bimodal,Task B ,1,2,1,0.149254741,4,1,174.1073089,4,0.183735647,4,0.000332425,2.61E-05,0.072860119,0.927139881,0,3
6,bimodal,Task B ,1,2,1,0.233451917,2,1,156.3252069,5,0.126441643,2,0.000312397,2.60E-05,0.076894624,0.923105376,1,3
6,bimodal,Task B ,2,2,1,1.486261495,1,2,311.6539173,6,0.462632213,1,1.66E-08,1.41E-05,0.998824155,0.998824155,0,6
7,bimodal,Task B ,1,2,0,-2.715399558,4,2,233.3254123,1,-0.791133752,4,1.75E-18,3.35E-06,1,1,0,3
7,bimodal,Task B ,1,2,0,0.794538215,2,2,139.2593844,2,-1.96057238,2,2.73E-12,8.16E-06,0.999999666,0.999999666,1,3
7,bimodal,Task B ,1,4,1,0.295661793,4,1,21.47459236,3,-0.373743873,4,0.000162077,2.50E-05,0.133528198,0.866471802,0,1
7,bimodal,Task B ,1,1,1,0.418615311,3,1,240.8764744,4,0.111801541,3,0.00019038,2.52E-05,0.117014578,0.882985422,1,4
7,bimodal,Task B ,1,4,1,0.209153916,3,1,148.3181873,5,-0.088529419,3,0.000339302,2.62E-05,0.07157389,0.92842611,1,1
7,bimodal,Task B ,1,1,1,0.00648581,2,1,260.176101,6,-0.47663379,2,0.000163435,2.50E-05,0.132625779,0.867374221,0,4
8,bimodal,Task B ,1,4,1,0.057430085,3,1,248.1795855,1,-0.011893951,3,0.000417246,2.65E-05,0.059713738,0.940286262,1,1
8,bimodal,Task B ,1,4,0,0.74443749,4,2,250.046477,2,1.351565022,4,1.81E-08,1.41E-05,0.998722291,0.998722291,1,1
8,bimodal,Task B ,1,4,0,-0.593523279,4,2,192.9243571,3,-1.476382798,4,1.04E-08,1.37E-05,0.999241242,0.999241242,1,1
8,bimodal,Task B ,1,4,1,-0.148789076,3,1,71.17419404,4,-0.091353552,3,0.00037672,2.63E-05,0.065324454,0.934675546,1,1
8,bimodal,Task B ,2,4,1,0.30831717,4,2,94.12346802,5,0.324171248,4,0.000180184,2.51E-05,0.122453021,0.877546979,0,8
8,bimodal,Task B ,2,4,1,1.087300295,4,2,306.3786924,6,0.068121153,4,2.91E-06,1.94E-05,0.869568615,0.869568615,0,8
9,bimodal,Task B ,1,1,1,-0.296861144,3,1,37.737001,1,0.307710524,3,0.000199458,2.53E-05,0.112577465,0.887422535,0,4
9,bimodal,Task B ,1,1,1,0.35163091,4,1,359.9039453,2,0.068112761,4,0.000244719,2.56E-05,0.09479861,0.90520139,1,4
9,bimodal,Task B ,1,1,0,-0.490596117,3,2,131.8570604,3,-0.669097082,3,2.43E-05,2.22E-05,0.476850094,0.523149906,0,4
9,bimodal,Task B ,1,1,0,-2.74608759,1,2,118.7511452,4,0.493748272,1,4.33E-18,3.54E-06,1,1,0,4
9,bimodal,Task B ,2,1,0,0.110697004,4,1,224.7900645,5,0.027906958,4,0.000399744,2.64E-05,0.062009716,0.937990284,1,5
9,bimodal,Task B ,1,2,1,0.021532947,2,1,22.39236234,6,0.255359407,2,0.000320376,2.61E-05,0.075232879,0.924767121,0,3
10,bimodal,Task B ,1,1,1,-0.468335073,1,1,307.8651374,1,-0.120144369,1,0.000164428,2.50E-05,0.131973706,0.868026294,1,4
10,bimodal,Task B ,1,1,0,0.427681384,1,2,115.080009,2,-0.42032252,1,9.27E-05,2.41E-05,0.206424902,0.793575098,1,4
10,bimodal,Task B ,1,1,0,-0.293310282,1,2,164.0535326,3,2.07178258,1,3.98E-12,8.35E-06,0.999999524,0.999999524,1,4
10,bimodal,Task B ,2,1,1,1.449465469,2,2,347.5779767,4,0.317253978,2,4.20E-08,1.49E-05,0.997191325,0.997191325,0,5
10,bimodal,Task B ,1,2,1,1.064876705,3,1,18.28850904,5,0.215270173,3,2.98E-06,1.95E-05,0.867019677,0.867019677,0,3
10,bimodal,Task B ,1,1,0,0.127834184,1,2,80.96256645,6,-0.003714872,1,0.000394106,2.64E-05,0.062788826,0.937211174,1,4
1,bimodal,Task B ,1,3,1,-0.617803609,4,1,163.0834371,1,0.409576909,4,4.39E-05,2.30E-05,0.343889938,0.656110062,1,2
1,bimodal,Task B ,1,3,1,-0.158581013,3,1,159.9296855,2,-0.333153755,3,0.000241984,2.56E-05,0.095706448,0.904293552,0,2
1,bimodal,Task B ,1,3,1,0.079184914,3,1,255.4269312,3,0.227560676,3,0.000330176,2.61E-05,0.073291053,0.926708947,0,2
1,bimodal,Task B ,2,1,1,-0.081181935,1,2,316.4407244,4,2.012473275,1,1.52E-11,9.09E-06,0.999998323,0.999998323,1,5
1,bimodal,Task B ,1,2,1,0.495163917,1,1,93.24827777,5,-0.36390898,1,8.60E-05,2.40E-05,0.21828759,0.78171241,1,3
1,bimodal,Task B ,2,1,0,0.969711042,1,1,268.3430194,6,0.062704103,1,8.03E-06,2.07E-05,0.720604574,0.720604574,0,5
2,bimodal,Task B ,2,2,0,0.064099352,4,1,338.5909423,1,-0.354877292,4,0.000245379,2.56E-05,0.094582082,0.905417918,0,6
2,bimodal,Task B ,1,1,0,2.144839084,3,2,116.203591,2,0.113037079,3,1.84E-12,7.96E-06,0.999999769,0.999999769,0,4
2,bimodal,Task B ,2,3,1,-1.783644869,2,2,178.6906304,3,1.395755044,2,2.23E-13,6.98E-06,0.999999968,0.999999968,0,7
2,bimodal,Task B ,2,2,1,0.838712682,1,2,98.95993929,4,-0.010426936,1,2.20E-05,2.20E-05,0.50088406,0.50088406,0,6
2,bimodal,Task B ,1,2,1,-0.180826174,1,1,126.3000423,5,-0.037591199,1,0.000371608,2.63E-05,0.066110907,0.933889093,1,3
2,bimodal,Task B ,2,3,1,0.412680394,2,2,161.836451,6,1.908818204,2,4.20E-11,9.68E-06,0.999995663,0.999995663,1,7
3,bimodal,Task B ,1,4,1,-0.405659895,2,1,83.14484873,1,0.204946257,2,0.000182535,2.52E-05,0.121153005,0.878846995,1,1
3,bimodal,Task B ,2,4,1,0.514381116,4,2,272.9483079,2,-0.83353099,4,7.42E-06,2.06E-05,0.735214988,0.735214988,1,8
3,bimodal,Task B ,2,3,1,-0.62448328,1,2,146.747376,3,-0.642144236,1,1.53E-05,2.16E-05,0.584908843,0.584908843,1,7
3,bimodal,Task B ,1,4,1,0.322863161,3,1,182.4232722,4,0.23567725,3,0.000213853,2.54E-05,0.106214165,0.893785835,1,1
3,bimodal,Task B ,2,4,1,3.111122197,4,2,79.59124624,5,-1.214505458,4,2.58E-24,1.45E-06,1,1,0,8
3,bimodal,Task B ,1,2,1,0.058068277,2,1,149.8514473,6,-0.01657837,2,0.000416893,2.65E-05,0.059758341,0.940241659,1,3
4,bimodal,Task B ,2,2,0,-0.169122873,2,1,46.46426179,1,-0.293144245,2,0.000265167,2.58E-05,0.088536512,0.911463488,0,6
4,bimodal,Task B ,1,2,0,-0.510586125,4,2,239.1610085,2,2.652839954,4,1.79E-17,3.87E-06,1,1,1,3
4,bimodal,Task B ,2,1,1,-0.415054676,1,2,7.377514178,3,-1.780952138,1,3.31E-10,1.10E-05,0.99996997,0.99996997,1,5
4,bimodal,Task B ,2,4,0,0.610647842,4,1,309.5114369,4,0.324132024,4,5.60E-05,2.34E-05,0.294316765,0.705683235,1,8
4,bimodal,Task B ,1,2,1,-0.599893055,3,1,41.21154901,5,0.442526031,3,4.27E-05,2.30E-05,0.350087824,0.649912176,1,3
4,bimodal,Task B ,1,2,0,-0.127959693,2,2,230.5708497,6,0.767667189,2,3.29E-05,2.26E-05,0.407531573,0.592468427,0,3
5,bimodal,Task B ,1,2,1,-0.501293356,1,1,286.6124557,1,-0.221555601,1,0.000124736,2.46E-05,0.164569679,0.835430321,1,3
5,bimodal,Task B ,2,4,1,0.503413249,2,2,349.5437658,2,1.778292878,2,2.26E-10,1.08E-05,0.999978979,0.999978979,1,8
5,bimodal,Task B ,1,3,0,-0.090234477,4,2,272.7009773,3,1.278219408,4,4.11E-07,1.72E-05,0.976672451,0.976672451,1,2
5,bimodal,Task B ,1,2,1,-0.533552299,2,1,190.260205,4,-0.144179977,2,0.000122451,2.45E-05,0.166966675,0.833033325,1,3
5,bimodal,Task B ,1,4,0,0.525948912,2,2,109.5112169,5,0.129306753,2,0.000122112,2.45E-05,0.167328232,0.832671768,1,1
5,bimodal,Task B ,2,2,1,-0.567181826,2,2,259.6387889,6,-1.533715566,2,5.68E-09,1.32E-05,0.999568405,0.999568405,1,6
6,bimodal,Task B ,2,3,0,-0.342736136,4,1,105.6866009,1,-0.150412733,4,0.000241113,2.56E-05,0.09599947,0.90400053,1,7
6,bimodal,Task B ,1,2,0,-1.098629839,3,2,315.614429,2,-0.459115625,3,1.23E-06,1.84E-05,0.937408773,0.937408773,0,3
6,bimodal,Task B ,1,2,0,-0.850316929,3,2,246.8558885,3,-0.406273321,3,1.10E-05,2.11E-05,0.65774072,0.65774072,0,3
6,bimodal,Task B ,1,2,1,-0.388909841,1,1,351.7860427,4,0.01798339,1,0.000230313,2.55E-05,0.099793175,0.900206825,1,3
6,bimodal,Task B ,2,2,0,0.330858972,3,1,68.08289434,5,-0.551289295,3,7.40E-05,2.38E-05,0.243311231,0.756688769,0,6
6,bimodal,Task B ,2,2,1,1.1636805,3,2,43.11195679,6,1.625327791,3,2.05E-11,9.25E-06,0.999997789,0.999997789,1,6
7,bimodal,Task B ,2,4,1,2.53251337,2,2,270.9408585,1,0.261181732,2,7.65E-16,4.89E-06,1,1,0,8
7,bimodal,Task B ,1,1,1,0.407033293,4,1,346.4521395,2,0.313040173,4,0.000137845,2.47E-05,0.152090307,0.847909693,1,4
7,bimodal,Task B ,1,1,0,-0.003095664,3,2,110.6097305,3,-0.879238743,3,1.64E-05,2.16E-05,0.568957249,0.568957249,1,4
7,bimodal,Task B ,1,1,1,-0.274433242,2,1,209.9757397,4,-0.52915098,2,9.70E-05,2.42E-05,0.199575494,0.800424506,0,4
7,bimodal,Task B ,2,4,1,-1.885317136,3,2,145.4878221,5,-0.987725046,3,2.97E-12,8.20E-06,0.999999638,0.999999638,0,8
7,bimodal,Task B ,1,1,0,2.359615253,2,2,320.33399,6,-1.844637349,2,2.04E-20,2.53E-06,1,1,0,4
8,bimodal,Task B ,1,4,1,0.039963939,3,1,149.5273297,1,0.005585418,3,0.000420666,2.65E-05,0.059285479,0.940714521,1,1
8,bimodal,Task B ,1,4,1,0.088306071,2,1,137.1214464,2,0.100627967,2,0.000391553,2.64E-05,0.063148366,0.936851634,0,1
8,bimodal,Task B ,1,4,1,0.48235828,4,1,147.2227401,3,-0.239714671,4,0.00012417,2.46E-05,0.165156692,0.834843308,1,1
8,bimodal,Task B ,2,4,1,0.638930585,4,2,9.578891487,4,-1.34040871,4,3.90E-08,1.48E-05,0.997378745,0.997378745,1,8
8,bimodal,Task B ,2,4,1,-2.086502486,3,2,101.5799512,5,0.837981636,3,3.38E-13,7.16E-06,0.999999953,0.999999953,0,8
8,bimodal,Task B ,1,4,1,-0.317104419,3,1,327.7563845,6,-0.095345605,3,0.000273359,2.58E-05,0.086261311,0.913738689,1,1
9,bimodal,Task B ,1,1,1,0.491432045,2,1,232.7242677,1,-0.234028983,2,0.000121006,2.45E-05,0.168520507,0.831479493,1,4
9,bimodal,Task B ,2,1,0,0.073630893,2,1,82.16662775,2,0.19006268,2,0.000354228,2.62E-05,0.068937926,0.931062074,0,5
9,bimodal,Task B ,2,4,0,0.150910232,4,1,335.54827,3,0.575942964,4,9.39E-05,2.41E-05,0.204515224,0.795484776,0,8
9,bimodal,Task B ,1,1,1,-0.053070271,3,1,5.819368781,4,-0.333126743,3,0.000264188,2.58E-05,0.088816563,0.911183437,0,4
9,bimodal,Task B ,1,3,0,1.53556222,2,2,337.4719535,5,0.213709279,2,1.82E-08,1.41E-05,0.998717737,0.998717737,0,2
9,bimodal,Task B ,1,1,0,-1.730841777,2,2,10.55629353,6,0.363391811,2,1.04E-09,1.18E-05,0.999912066,0.999912066,0,4
10,bimodal,Task B ,1,1,0,0.653467822,4,2,132.6848883,1,-0.506003448,4,2.38E-05,2.22E-05,0.48173337,0.51826663,1,4
10,bimodal,Task B ,2,3,1,-1.602800225,4,2,204.6049692,2,-1.665685387,4,8.91E-14,6.59E-06,0.999999986,0.999999986,1,7
10,bimodal,Task B ,2,1,1,1.092583035,4,2,347.5271091,3,0.323056271,4,1.82E-06,1.89E-05,0.912099493,0.912099493,0,5
10,bimodal,Task B ,1,1,0,-1.398530885,2,2,197.5504367,4,-0.648855235,2,2.30E-08,1.44E-05,0.998403591,0.998403591,0,4
10,bimodal,Task B ,1,2,1,0.400245068,1,1,104.2898773,5,0.323602738,1,0.000137099,2.47E-05,0.152747673,0.847252327,1,3
10,bimodal,Task B ,1,2,1,0.277575659,3,1,29.78853072,6,0.206778372,3,0.000253319,2.57E-05,0.09205614,0.90794386,1,3
1,bimodal,Task B ,1,3,1,-0.524515026,4,1,247.0321972,1,-0.183293184,4,0.000120706,2.45E-05,0.168847114,0.831152886,1,2
1,bimodal,Task B ,2,2,1,-1.717800136,1,2,238.6135298,2,1.357686104,1,9.04E-13,7.62E-06,0.999999881,0.999999881,0,6
1,bimodal,Task B ,1,3,0,0.477393362,1,2,28.3953033,3,-0.991826503,1,2.56E-06,1.93E-05,0.882739717,0.882739717,1,2
1,bimodal,Task B ,2,2,0,0.217087122,2,1,278.8670494,4,1.037407294,2,3.63E-06,1.97E-05,0.844306667,0.844306667,1,6
1,bimodal,Task B ,1,4,0,-0.136765723,4,2,218.4363983,5,1.706215156,4,1.78E-09,1.22E-05,0.999854185,0.999854185,1,1
1,bimodal,Task B ,2,2,1,-1.650887262,2,2,244.6541926,6,-0.393725482,2,2.92E-09,1.26E-05,0.999768987,0.999768987,0,6
2,bimodal,Task B ,2,3,1,2.660532711,4,2,33.80352936,1,-0.520465643,4,2.06E-17,3.90E-06,1,1,0,7
2,bimodal,Task B ,2,3,1,0.530429141,1,2,142.3799063,2,1.008063826,1,1.74E-06,1.88E-05,0.915175877,0.915175877,1,7
2,bimodal,Task B ,2,3,1,-1.464819496,4,2,10.49092857,3,-1.598664329,4,1.29E-12,7.79E-06,0.999999834,0.999999834,1,7
2,bimodal,Task B ,2,3,1,-2.085572279,1,2,10.34179992,4,0.513124131,1,2.20E-12,8.05E-06,0.999999727,0.999999727,0,7
2,bimodal,Task B ,2,3,1,2.227202712,2,2,21.09534226,5,-0.599561562,2,9.56E-14,6.62E-06,0.999999986,0.999999986,0,7
2,bimodal,Task B ,1,3,0,0.783607883,2,2,316.6230059,6,-1.050874902,2,3.05E-07,1.69E-05,0.982226847,0.982226847,1,2
3,bimodal,Task B ,2,4,1,-1.480480537,2,2,218.3829818,1,-0.560870392,2,1.35E-08,1.39E-05,0.999025764,0.999025764,0,8
3,bimodal,Task B ,1,4,1,-0.003530421,3,1,20.13377894,2,-0.175834123,3,0.000373207,2.63E-05,0.065862763,0.934137237,0,1
3,bimodal,Task B ,1,3,1,0.057183075,2,1,110.2483671,3,-0.45269371,2,0.000176664,2.51E-05,0.124453994,0.875546006,0,2
3,bimodal,Task B ,2,3,0,0.447685124,1,1,184.8243093,4,0.510524245,1,5.98E-05,2.35E-05,0.281807092,0.718192908,0,7
3,bimodal,Task B ,1,2,1,0.317402813,1,1,95.04236062,5,0.182901031,1,0.00023839,2.56E-05,0.096927564,0.903072436,1,3
3,bimodal,Task B ,2,4,1,1.662284004,4,2,1.647854712,6,-3.250933076,4,1.78E-28,7.95E-07,1,1,1,8
4,bimodal,Task B ,2,3,0,0.119441841,4,1,259.8848302,1,0.229125692,4,0.000317818,2.61E-05,0.075757553,0.924242447,0,7
4,bimodal,Task B ,2,3,1,-1.803475457,2,2,290.1547645,2,1.646911148,2,6.59E-15,5.60E-06,0.999999999,0.999999999,0,7
4,bimodal,Task B ,1,2,1,0.074231658,1,1,303.2997564,3,-0.25607965,1,0.000314254,2.60E-05,0.076501189,0.923498811,0,3
4,bimodal,Task B ,1,2,1,-0.401731705,1,1,305.2028882,4,-0.027388304,1,0.000220668,2.55E-05,0.103454255,0.896545745,1,3
4,bimodal,Task B ,2,3,0,-0.205953796,4,1,209.6198987,5,-0.042318947,4,0.000356786,2.62E-05,0.068506258,0.931493742,1,7
4,bimodal,Task B ,1,1,0,-0.194995216,3,2,18.12809295,6,-0.400017279,3,0.00018697,2.52E-05,0.11877667,0.88122333,0,4
5,bimodal,Task B ,2,4,1,-1.479064396,2,2,333.3104258,1,-1.017861386,2,6.59E-10,1.15E-05,0.999942693,0.999942693,0,8
5,bimodal,Task B ,2,4,1,0.601982976,3,2,179.5220494,2,2.518448255,3,2.10E-16,4.51E-06,1,1,1,8
5,bimodal,Task B ,2,4,1,0.49365301,3,2,199.2080706,3,3.998856464,3,6.96E-34,3.65E-07,1,1,1,8
5,bimodal,Task B ,1,3,1,0.343640556,2,1,125.0675152,4,0.532959609,2,7.66E-05,2.38E-05,0.237258529,0.762741471,0,2
5,bimodal,Task B ,2,2,0,0.622111872,2,1,38.9352063,5,-0.288889568,2,5.83E-05,2.34E-05,0.286813933,0.713186067,1,6
5,bimodal,Task B ,1,2,0,0.310122042,2,2,181.9500582,6,-1.503398761,2,2.05E-08,1.43E-05,0.998564353,0.998564353,1,3
6,bimodal,Task B ,1,2,1,-0.337801357,4,1,245.8526069,1,-0.654821227,4,4.43E-05,2.30E-05,0.342261528,0.657738472,0,3
6,bimodal,Task B ,1,1,1,-0.304774483,2,1,213.3109548,2,-0.772225132,2,2.38E-05,2.22E-05,0.481866341,0.518133659,0,4
6,bimodal,Task B ,1,2,1,0.242445696,2,1,142.6393509,3,-0.522949852,2,0.000104209,2.43E-05,0.189072977,0.810927023,0,3
6,bimodal,Task B ,1,2,1,0.095004373,4,1,63.83235614,4,-0.149023005,4,0.000371108,2.63E-05,0.066188829,0.933811171,0,3
6,bimodal,Task B ,2,2,1,-1.957363786,1,2,25.6251083,5,1.279685451,1,5.63E-14,6.40E-06,0.999999991,0.999999991,0,6
6,bimodal,Task B ,1,1,1,-0.047131476,3,1,154.7829288,6,-0.565337998,3,0.000110029,2.44E-05,0.181384617,0.818615383,0,4
7,bimodal,Task B ,1,4,1,-0.219580106,2,1,132.6349689,1,-0.171273368,2,0.000310715,2.60E-05,0.077254565,0.922745435,1,1
7,bimodal,Task B ,1,4,0,0.891747072,3,2,306.5954852,2,-0.150831153,3,1.36E-05,2.14E-05,0.610944095,0.610944095,0,1
7,bimodal,Task B ,1,1,0,-1.269805292,2,2,25.74683761,3,0.105755999,2,5.31E-07,1.75E-05,0.970489665,0.970489665,0,4
7,bimodal,Task B ,1,1,0,0.702190223,2,2,119.5187963,4,-0.845867977,2,2.61E-06,1.93E-05,0.880891831,0.880891831,1,4
7,bimodal,Task B ,1,4,0,-0.529212798,4,2,119.5550817,5,-0.182437245,4,0.000118432,2.45E-05,0.171364229,0.828635771,1,1
7,bimodal,Task B ,1,1,0,2.204406788,2,2,34.84805602,6,-0.365233796,2,3.77E-13,7.21E-06,0.999999948,0.999999948,0,4
8,bimodal,Task B ,1,4,0,-1.535373379,2,2,328.1268566,1,-2.649715674,2,3.55E-21,2.27E-06,1,1,1,1
8,bimodal,Task B ,1,4,1,0.531042641,4,1,345.4407996,2,-0.227275881,4,0.000103427,2.43E-05,0.190158144,0.809841856,1,1
8,bimodal,Task B ,2,1,0,0.320766738,2,1,45.88133088,3,-0.484275508,2,0.000101851,2.43E-05,0.192383707,0.807616293,0,5
8,bimodal,Task B ,1,4,0,-0.428666009,1,2,127.8866925,4,-0.688683658,1,2.75E-05,2.24E-05,0.448562296,0.551437704,0,1
8,bimodal,Task B ,2,4,0,1.056090824,2,1,178.7253508,5,-0.852179747,2,1.85E-07,1.64E-05,0.988808059,0.988808059,0,8
8,bimodal,Task B ,2,4,1,1.136022577,2,2,121.7460636,6,-1.055702533,2,1.73E-08,1.41E-05,0.998772438,0.998772438,0,8
9,bimodal,Task B ,1,1,1,0.113709137,3,1,335.3667096,1,0.258989154,3,0.000300496,2.60E-05,0.079519442,0.920480558,0,4
9,bimodal,Task B ,1,1,0,0.476168656,3,2,30.32414812,2,0.157817731,3,0.000145412,2.48E-05,0.145741855,0.854258145,1,4
9,bimodal,Task B ,1,2,0,-0.741838645,4,2,186.6194932,3,-1.595225574,4,9.84E-10,1.18E-05,0.99991652,0.99991652,1,3
9,bimodal,Task B ,2,2,1,0.805365533,3,2,320.1826541,4,0.593107126,3,6.22E-06,2.04E-05,0.76614476,0.76614476,0,6
9,bimodal,Task B ,1,3,0,0.070284553,3,2,324.301613,5,-0.843226054,3,2.08E-05,2.20E-05,0.513734496,0.513734496,1,2
9,bimodal,Task B ,1,2,1,-0.024470558,2,1,167.8270014,6,-0.259049272,2,0.000320172,2.61E-05,0.075274478,0.924725522,0,3
10,bimodal,Task B ,1,1,1,0.237872711,1,1,88.09994312,1,0.199557624,1,0.000279773,2.58E-05,0.084563068,0.915436932,1,4
10,bimodal,Task B ,1,1,1,-0.038072374,2,1,164.4118269,2,-0.207043695,2,0.00035344,2.62E-05,0.069072035,0.930927965,0,4
10,bimodal,Task B ,1,1,1,-0.462413889,1,1,230.2489532,3,-0.431008601,1,8.19E-05,2.39E-05,0.226178236,0.773821764,1,4
10,bimodal,Task B ,1,2,1,0.040048196,2,1,213.0309721,4,0.20757826,2,0.00034995,2.62E-05,0.069672607,0.930327393,0,3
10,bimodal,Task B ,1,2,0,-0.636138044,3,2,162.3901429,5,3.037292697,3,9.64E-22,2.09E-06,1,1,1,3
10,bimodal,Task B ,1,2,0,1.311390914,1,2,211.1346393,6,0.724093972,1,3.43E-08,1.47E-05,0.997678092,0.997678092,0,3
1,bimodal,Task B ,1,2,0,0.398318783,4,2,178.9217035,1,-0.170068755,4,0.000191073,2.52E-05,0.116663045,0.883336955,1,3
1,bimodal,Task B ,1,2,1,-0.013054508,2,1,46.50799189,2,0.26342899,2,0.000315638,2.60E-05,0.07621061,0.92378939,0,3
1,bimodal,Task B ,1,2,1,0.722938214,4,1,67.4270347,3,-0.027461393,4,4.67E-05,2.31E-05,0.331135963,0.668864037,1,3
1,bimodal,Task B ,2,4,1,2.639729559,3,2,358.1536547,4,-1.601174215,3,2.07E-21,2.20E-06,1,1,0,8
1,bimodal,Task B ,1,3,1,0.261087184,4,1,192.876295,5,-0.273220574,4,0.000231146,2.55E-05,0.099489414,0.900510586,0,2
1,bimodal,Task B ,1,2,0,1.016691619,1,2,237.1322128,6,0.953114211,1,1.18E-07,1.59E-05,0.99262079,0.99262079,0,3
2,bimodal,Task B ,2,3,0,0.097366941,4,1,70.02881785,1,0.380695085,4,0.000219319,2.55E-05,0.103988597,0.896011403,0,7
2,bimodal,Task B ,1,2,1,0.205445113,2,1,305.7794218,2,0.209328366,2,0.000292433,2.59E-05,0.081405921,0.918594079,0,3
2,bimodal,Task B ,1,2,1,-0.029664046,1,1,17.41773744,3,0.626238961,1,8.03E-05,2.39E-05,0.229389096,0.770610904,0,3
2,bimodal,Task B ,1,3,1,0.180940086,3,1,56.49372921,4,-0.158488368,3,0.000330883,2.61E-05,0.07315509,0.92684491,1,2
2,bimodal,Task B ,1,3,1,-0.041383037,3,1,116.5332584,5,0.301358419,3,0.000286771,2.59E-05,0.082787113,0.917212887,0,2
2,bimodal,Task B ,1,3,0,0.00519768,2,2,303.4769129,6,-0.355814228,2,0.000249573,2.57E-05,0.093230305,0.906769695,0,2
3,bimodal,Task B ,2,4,1,1.12785257,1,2,107.0542195,1,-0.185747669,1,1.77E-06,1.88E-05,0.914052906,0.914052906,0,8
3,bimodal,Task B ,1,3,1,-0.536886992,3,1,274.9892204,2,0.386020643,3,6.98E-05,2.37E-05,0.253405269,0.746594731,1,2
3,bimodal,Task B ,1,3,0,-1.074014436,3,2,15.76076795,3,0.619485567,3,7.30E-07,1.78E-05,0.960655242,0.960655242,0,2
3,bimodal,Task B ,1,2,1,-0.401361876,3,1,116.8594932,4,0.408764411,3,0.000108944,2.44E-05,0.182767404,0.817232596,0,3
3,bimodal,Task B ,2,4,1,-2.14194754,3,2,190.5120516,5,1.951948549,3,2.53E-19,2.97E-06,1,1,0,8
3,bimodal,Task B ,1,3,1,0.301756134,3,1,53.84231612,6,0.026862072,3,0.000285656,2.59E-05,0.083064776,0.916935224,1,2
4,bimodal,Task B ,1,3,1,-0.521351488,4,1,161.7563228,1,0.05412254,4,0.000138899,2.47E-05,0.151172402,0.848827598,1,2
4,bimodal,Task B ,2,4,0,-0.623734558,2,1,241.7857789,2,0.607491918,2,1.82E-05,2.18E-05,0.545146677,0.545146677,0,8
4,bimodal,Task B ,2,4,0,-0.249376118,3,1,9.01478994,3,0.008523349,3,0.000331552,2.61E-05,0.073026685,0.926973315,1,8
4,bimodal,Task B ,1,3,0,-0.072467601,3,2,112.0864379,4,-0.691255675,3,5.59E-05,2.34E-05,0.294949275,0.705050725,0,2
4,bimodal,Task B ,1,3,1,0.378174995,2,1,351.9031593,5,0.566658021,2,5.90E-05,2.34E-05,0.284510809,0.715489191,0,2
4,bimodal,Task B ,1,1,1,-0.096595455,2,1,138.3039654,6,0.354062149,2,0.000240632,2.56E-05,0.09616208,0.90383792,0,4
5,bimodal,Task B ,1,1,1,0.211243709,1,1,26.60692866,1,-0.047662404,1,0.000345911,2.62E-05,0.070381394,0.929618606,1,4
5,bimodal,Task B ,2,4,1,-1.953016647,2,2,221.5520673,2,0.170680759,2,5.44E-11,9.84E-06,0.999994472,0.999994472,0,8
5,bimodal,Task B ,1,4,1,0.409531594,1,1,210.6778646,3,-0.206973046,1,0.000173502,2.51E-05,0.126311091,0.873688909,1,1
5,bimodal,Task B ,1,4,1,-0.069868024,4,1,85.35111617,4,0.332214243,4,0.000260867,2.57E-05,0.089781141,0.910218859,0,1
5,bimodal,Task B ,1,4,0,0.052318989,4,2,359.9173946,5,-2.398656709,4,1.22E-14,5.82E-06,0.999999998,0.999999998,1,1
5,bimodal,Task B ,1,4,1,0.140370126,1,1,63.66522457,6,-0.205435299,1,0.00032578,2.61E-05,0.074149202,0.925850798,0,1
6,bimodal,Task B ,1,2,0,-0.353592657,1,2,155.4511041,1,-1.010685011,1,3.48E-06,1.96E-05,0.849464131,0.849464131,1,3
6,bimodal,Task B ,2,2,0,-0.736157543,3,1,26.11168958,2,-0.152221929,3,4.21E-05,2.30E-05,0.353076475,0.646923525,1,6
6,bimodal,Task B ,1,2,0,-0.501890215,1,2,138.64426,3,0.336131274,1,9.44E-05,2.41E-05,0.203657139,0.796342861,1,3
6,bimodal,Task B ,1,2,1,0.038493719,3,1,21.75934592,4,0.462159283,3,0.000169997,2.51E-05,0.12843732,0.87156268,0,3
6,bimodal,Task B ,2,2,1,2.354008486,2,2,31.18775699,5,0.131129908,2,3.58E-14,6.22E-06,0.999999994,0.999999994,0,6
6,bimodal,Task B ,1,2,1,0.102056891,3,1,31.2638421,6,0.131754973,3,0.000375296,2.63E-05,0.06554151,0.93445849,0,3
7,bimodal,Task B ,1,1,0,-0.276906986,3,2,122.4033047,1,-1.829489175,3,2.33E-10,1.08E-05,0.999978346,0.999978346,1,4
7,bimodal,Task B ,1,2,0,1.101155079,1,2,216.1435589,2,-1.653785664,1,2.58E-11,9.39E-06,0.999997248,0.999997248,1,3
7,bimodal,Task B ,1,4,0,0.053307935,2,2,121.9650178,3,2.737889809,2,7.34E-18,3.66E-06,1,1,1,1
7,bimodal,Task B ,1,4,1,0.153904334,4,1,300.3060534,4,-0.344588919,4,0.000232179,2.55E-05,0.099115713,0.900884287,0,1
7,bimodal,Task B ,1,4,1,0.269918948,4,1,26.13370438,5,0.354747082,4,0.000181277,2.52E-05,0.121845003,0.878154997,0,1
7,bimodal,Task B ,1,1,1,0.09053006,4,1,64.26835442,6,0.159141738,4,0.000366334,2.63E-05,0.066943086,0.933056914,0,4
8,bimodal,Task B ,1,4,1,0.067705492,2,1,334.9870519,1,0.132420071,2,0.000384834,2.64E-05,0.064115133,0.935884867,0,1
8,bimodal,Task B ,1,4,1,0.284135322,2,1,76.27601041,2,0.232472655,2,0.000237723,2.56E-05,0.097157553,0.902842447,1,1
8,bimodal,Task B ,2,4,1,-2.969151604,1,2,326.4820406,3,1.177912542,1,1.75E-22,1.88E-06,1,1,0,8
8,bimodal,Task B ,1,4,1,0.269896983,3,1,256.640309,4,0.539982335,3,8.99E-05,2.41E-05,0.211270253,0.788729747,0,1
8,bimodal,Task B ,2,4,0,-0.267462544,3,1,99.57993173,5,-0.332706464,3,0.000200875,2.53E-05,0.111916421,0.888083579,0,8
8,bimodal,Task B ,1,4,1,-0.288833028,1,1,167.0970239,6,-0.025088794,1,0.000303538,2.60E-05,0.078830861,0.921169139,1,1
9,bimodal,Task B ,2,1,1,0.067312449,1,2,5.123789457,1,1.832488142,1,2.84E-10,1.09E-05,0.99997398,0.99997398,1,5
9,bimodal,Task B ,2,2,1,0.021916037,3,2,116.7886463,2,-2.807806711,3,1.54E-18,3.32E-06,1,1,1,6
9,bimodal,Task B ,2,1,1,-0.486656567,2,2,293.6855496,3,0.033308301,2,0.000161617,2.50E-05,0.133837021,0.866162979,1,5
9,bimodal,Task B ,1,2,0,-3.345462087,1,2,205.7002608,4,-0.365388514,1,1.87E-24,1.42E-06,1,1,0,3
9,bimodal,Task B ,2,1,1,-0.870689631,4,2,60.72414031,5,-0.025300299,4,1.89E-05,2.18E-05,0.53547381,0.53547381,0,5
9,bimodal,Task B ,1,2,1,0.024606298,4,1,26.44435615,6,0.086861225,4,0.000409141,2.65E-05,0.06075468,0.93924532,0,3
10,bimodal,Task B ,1,1,1,0.257593099,1,1,255.2909335,1,-0.746527783,1,3.05E-05,2.25E-05,0.424338071,0.575661929,0,4
10,bimodal,Task B ,1,1,0,0.397802774,1,2,283.3074438,2,0.013100148,1,0.000215662,2.54E-05,0.105466992,0.894533008,1,4
10,bimodal,Task B ,1,2,0,-0.353024619,1,2,143.076458,3,1.846243524,1,1.42E-10,1.04E-05,0.999986405,0.999986405,1,3
10,bimodal,Task B ,1,2,1,-0.450326085,3,1,233.3391978,4,0.399599886,3,9.48E-05,2.42E-05,0.203110195,0.796889805,1,3
10,bimodal,Task B ,1,2,1,-0.636140547,4,1,250.3028028,5,0.313825386,4,5.36E-05,2.33E-05,0.303129214,0.696870786,1,3
10,bimodal,Task B ,1,2,1,0.190599721,1,1,213.2845823,6,0.449431505,1,0.00015339,2.49E-05,0.139617133,0.860382867,0,3
1,bimodal,Task B ,1,3,1,-0.219067611,2,1,234.2485463,1,-0.393661193,2,0.000183448,2.52E-05,0.120655767,0.879344233,0,2
1,bimodal,Task B ,2,4,1,1.518867928,2,2,162.6284876,2,-3.474220235,2,2.11E-30,6.02E-07,1,1,1,8
1,bimodal,Task B ,2,2,1,-1.450309668,1,2,291.1255421,3,-1.079401128,1,5.42E-10,1.14E-05,0.9999523,0.9999523,0,6
1,bimodal,Task B ,1,3,1,0.022000909,4,1,233.8029931,4,0.082377776,4,0.000410732,2.65E-05,0.060547383,0.939452617,0,2
1,bimodal,Task B ,1,3,1,0.011874048,4,1,279.4540878,5,-0.363771789,4,0.000243441,2.56E-05,0.09522042,0.90477958,0,2
1,bimodal,Task B ,1,2,0,-0.241865705,1,2,317.1308147,6,0.62033051,1,6.59E-05,2.36E-05,0.26383548,0.73616452,0,3
2,bimodal,Task B ,1,1,0,-2.181384662,1,2,180.4281541,1,-0.428698281,1,5.71E-13,7.40E-06,0.999999923,0.999999923,0,4
2,bimodal,Task B ,1,1,1,-0.325147092,2,1,270.5836109,2,0.205962948,2,0.000231749,2.55E-05,0.099270747,0.900729253,1,4
2,bimodal,Task B ,1,2,1,-0.455652665,4,1,68.84903894,3,-0.082988618,4,0.000178034,2.51E-05,0.123667277,0.876332723,1,3
2,bimodal,Task B ,1,1,1,0.128913317,1,1,209.8968717,4,-0.334451545,1,0.000246408,2.56E-05,0.094246692,0.905753308,0,4
2,bimodal,Task B ,1,3,1,-0.131191616,3,1,95.41461995,5,-0.085917832,3,0.000385727,2.64E-05,0.063984863,0.936015137,1,2
2,bimodal,Task B ,2,3,1,-1.064996209,2,2,337.0580589,6,-1.770524793,2,7.35E-12,8.68E-06,0.999999154,0.999999154,1,7
3,bimodal,Task B ,2,2,1,0.49230879,2,2,9.844960537,1,1.084002861,2,1.05E-06,1.82E-05,0.945555408,0.945555408,1,6
3,bimodal,Task B ,2,4,1,0.295175177,1,2,280.4610749,2,-1.629887131,1,4.00E-09,1.29E-05,0.999689164,0.999689164,1,8
3,bimodal,Task B ,2,2,1,1.111109319,3,2,259.1984797,3,1.871669,3,8.85E-13,7.61E-06,0.999999884,0.999999884,1,6
3,bimodal,Task B ,2,4,1,2.625266759,4,2,175.7730323,4,1.213693594,4,2.75E-19,2.98E-06,1,1,0,8
3,bimodal,Task B ,1,3,1,0.116660738,2,1,69.69167433,5,-0.078302893,2,0.000388971,2.64E-05,0.063516318,0.936483682,1,2
3,bimodal,Task B ,1,3,1,0.403705464,3,1,334.369842,6,-0.236823317,3,0.000167427,2.50E-05,0.130044381,0.869955619,1,2
4,bimodal,Task B ,1,3,1,-0.28011997,2,1,196.1889404,1,0.575943044,2,7.60E-05,2.38E-05,0.238539079,0.761460921,0,2
4,bimodal,Task B ,1,2,1,0.015457701,3,1,23.14106346,2,-0.372391188,3,0.000236893,2.56E-05,0.097445564,0.902554436,0,3
4,bimodal,Task B ,1,3,0,-1.623598962,3,2,103.9243482,3,0.064246343,3,7.94E-09,1.34E-05,0.999409429,0.999409429,0,2
4,bimodal,Task B ,2,1,1,0.49665737,1,2,215.3702222,4,1.867678327,1,5.87E-11,9.88E-06,0.999994061,0.999994061,1,5
4,bimodal,Task B ,1,1,0,0.488224684,1,2,282.1801189,5,-0.303603909,1,0.000104785,2.43E-05,0.18828075,0.81171925,1,4
4,bimodal,Task B ,1,1,1,-0.225947226,1,1,58.67350486,6,0.470895322,1,0.00013537,2.47E-05,0.154294336,0.845705664,0,4
5,bimodal,Task B ,1,3,0,-0.539645066,3,2,67.61085284,1,-0.246382991,3,0.000100836,2.42E-05,0.193847867,0.806152133,1,2
5,bimodal,Task B ,2,4,1,-1.364583865,4,2,112.9896309,2,-1.648787003,4,2.10E-12,8.03E-06,0.999999738,0.999999738,1,8
5,bimodal,Task B ,2,4,1,-1.063583062,4,2,215.0809363,3,-3.161183552,4,2.02E-24,1.42E-06,1,1,1,8
5,bimodal,Task B ,1,2,1,0.109884487,2,1,312.7472959,4,0.189448468,2,0.000344324,2.62E-05,0.070663948,0.929336052,0,3
5,bimodal,Task B ,1,4,1,-0.150910073,3,1,85.46521723,5,0.482712172,3,0.000144628,2.48E-05,0.14637394,0.85362606,0,1
5,bimodal,Task B ,1,4,0,0.325440622,2,2,269.9182948,6,-0.444817526,2,0.000117339,2.45E-05,0.172601959,0.827398041,0,1
6,bimodal,Task B ,1,3,0,-0.243825663,4,2,119.0774361,1,-0.87241576,4,1.36E-05,2.14E-05,0.610886675,0.610886675,1,2
6,bimodal,Task B ,2,2,1,3.005466784,2,2,93.09366771,2,-0.044185756,2,1.88E-20,2.52E-06,1,1,0,6
6,bimodal,Task B ,1,2,1,0.642899892,2,1,71.84469793,3,-0.265762511,2,5.51E-05,2.33E-05,0.297728792,0.702271208,1,3
6,bimodal,Task B ,1,2,1,-0.41719573,2,1,4.693689449,4,0.072543352,2,0.000205336,2.53E-05,0.109886014,0.890113986,1,3
6,bimodal,Task B ,1,2,0,-1.877945409,3,2,274.3586969,5,0.119927017,3,1.90E-10,1.06E-05,0.999982098,0.999982098,0,3
6,bimodal,Task B ,2,2,0,-0.178183458,3,1,223.1499105,6,-0.137190847,3,0.000346985,2.62E-05,0.070191544,0.929808456,1,6
7,bimodal,Task B ,1,1,0,-0.918504398,1,2,70.26298467,1,-0.487504341,1,4.92E-06,2.01E-05,0.803163858,0.803163858,0,4
7,bimodal,Task B ,1,1,0,-0.231726066,4,2,102.3037842,2,-0.585224762,4,8.14E-05,2.39E-05,0.227146947,0.772853053,0,4
7,bimodal,Task B ,1,1,1,-0.019163513,1,1,197.5617949,3,-0.15094398,1,0.000385854,2.64E-05,0.063966436,0.936033564,0,4
7,bimodal,Task B ,2,1,0,0.312423942,4,1,3.941233974,4,0.622901467,4,5.38E-05,2.33E-05,0.30226813,0.69773187,0,5
7,bimodal,Task B ,1,1,0,-0.847879543,3,2,340.081736,5,0.83000442,3,1.21E-06,1.84E-05,0.938388429,0.938388429,0,4
7,bimodal,Task B ,1,4,0,-2.477380133,4,2,226.6460676,6,-0.552258482,4,1.13E-15,5.02E-06,1,1,0,1
8,bimodal,Task B ,1,4,1,0.086976624,4,1,118.4350325,1,-0.089455598,4,0.000396327,2.64E-05,0.062479459,0.937520541,1,1
8,bimodal,Task B ,2,4,1,2.552619376,2,2,59.70415762,2,0.540143449,2,1.94E-16,4.49E-06,1,1,0,8
8,bimodal,Task B ,2,4,0,0.144291925,3,1,223.509186,3,0.177030639,3,0.000337979,2.62E-05,0.071817629,0.928182371,0,8
8,bimodal,Task B ,1,4,1,-0.184247303,4,1,242.9027222,4,0.219002656,4,0.000302914,2.60E-05,0.078971164,0.921028836,0,1
8,bimodal,Task B ,1,4,1,0.054563063,2,1,78.04169419,5,0.41706526,2,0.000199673,2.53E-05,0.112476807,0.887523193,0,1
8,bimodal,Task B ,1,4,1,-0.329523018,1,1,150.165542,6,0.008978261,1,0.000274486,2.58E-05,0.085957733,0.914042267,1,1
9,bimodal,Task B ,2,4,0,-0.336429418,4,1,291.152957,1,0.09942728,4,0.000258199,2.57E-05,0.090571812,0.909428188,1,8
9,bimodal,Task B ,1,4,1,0.206404669,4,1,108.6125725,2,-0.491038323,4,0.000127934,2.46E-05,0.161332816,0.838667184,0,1
9,bimodal,Task B ,1,1,0,0.526406715,2,2,134.2347283,3,0.894933453,2,4.41E-06,1.99E-05,0.818858302,0.818858302,1,4
9,bimodal,Task B ,1,2,0,-0.803214678,3,2,272.5123283,4,-0.441205564,3,1.34E-05,2.14E-05,0.615134004,0.615134004,0,3
9,bimodal,Task B ,2,3,1,-2.348605238,3,2,237.4443088,5,1.170121996,3,1.63E-16,4.44E-06,1,1,0,7
9,bimodal,Task B ,1,2,0,-0.462801628,4,2,258.1968683,6,-0.546782143,4,5.08E-05,2.32E-05,0.313919751,0.686080249,0,3
10,bimodal,Task B ,1,1,1,-0.809863365,2,1,180.495966,1,0.061756523,2,2.85E-05,2.24E-05,0.440382786,0.559617214,1,4
10,bimodal,Task B ,1,2,1,-0.074353856,3,1,114.8824418,2,0.162348894,3,0.000371691,2.63E-05,0.066097837,0.933902163,0,3
10,bimodal,Task B ,2,1,0,0.21184131,4,1,122.7302615,3,0.421552797,4,0.000163906,2.50E-05,0.132315658,0.867684342,0,5
10,bimodal,Task B ,1,1,0,0.422652786,2,2,135.4201634,4,-1.052832024,2,1.86E-06,1.89E-05,0.910308038,0.910308038,1,4
10,bimodal,Task B ,2,3,1,-2.074677097,4,2,132.1971331,5,0.814119997,4,4.89E-13,7.33E-06,0.999999933,0.999999933,0,7
10,bimodal,Task B ,1,2,0,-0.693312321,3,2,204.1696473,6,-0.029506618,3,5.94E-05,2.35E-05,0.283123638,0.716876362,1,3
1,bimodal,Task B ,2,4,1,0.798547127,4,2,314.8142049,1,-2.132522475,4,1.36E-13,6.77E-06,0.99999998,0.99999998,1,8
1,bimodal,Task B ,2,1,1,1.180079895,1,2,234.5699423,2,3.088092521,1,3.93E-24,1.48E-06,1,1,1,5
1,bimodal,Task B ,1,3,1,-0.411839446,3,1,267.067358,3,-0.274577347,3,0.000156127,2.49E-05,0.137637431,0.862362569,1,2
1,bimodal,Task B ,1,3,1,0.334052197,3,1,315.2184468,4,0.02697399,3,0.000261901,2.57E-05,0.089478557,0.910521443,1,2
1,bimodal,Task B ,2,1,0,-0.426425533,1,1,279.23007,5,-0.075084382,1,0.000198903,2.53E-05,0.11283856,0.88716144,1,5
1,bimodal,Task B ,2,2,0,-0.120384874,1,1,304.4235956,6,-0.502613567,1,0.00013912,2.47E-05,0.150980794,0.849019206,0,6
2,bimodal,Task B ,1,1,0,0.352066784,3,2,63.54901588,1,-2.773013931,3,2.06E-18,3.38E-06,1,1,1,4
2,bimodal,Task B ,2,2,1,0.357834278,2,2,313.6193566,2,0.87361341,2,9.68E-06,2.09E-05,0.683830779,0.683830779,1,6
2,bimodal,Task B ,1,2,1,-0.400637196,3,1,91.18007727,3,0.480699695,3,8.33E-05,2.40E-05,0.223398306,0.776601694,0,3
2,bimodal,Task B ,1,2,0,0.287773942,4,2,169.5737041,4,0.951770898,4,6.41E-06,2.04E-05,0.760907102,0.760907102,1,3
2,bimodal,Task B ,1,2,1,0.059864845,2,1,109.203287,5,0.020198413,2,0.000416086,2.65E-05,0.05986052,0.94013948,1,3
2,bimodal,Task B ,1,4,1,0.307653751,2,1,159.4157316,6,-0.055054505,2,0.000278872,2.58E-05,0.08479732,0.91520268,1,1
3,bimodal,Task B ,2,4,1,0.741469224,4,2,262.4211121,1,-0.754946684,4,3.80E-06,1.98E-05,0.83866694,0.83866694,1,8
3,bimodal,Task B ,2,4,1,0.132759371,3,2,341.7035015,2,-1.979842656,3,2.61E-11,9.40E-06,0.999997222,0.999997222,1,8
3,bimodal,Task B ,1,3,1,0.370553603,3,1,167.3526963,3,0.089573312,3,0.00022768,2.55E-05,0.100765692,0.899234308,1,2
3,bimodal,Task B ,1,1,0,-1.783776844,1,2,173.1788196,4,-0.0085982,1,8.44E-10,1.17E-05,0.999927692,0.999927692,0,4
3,bimodal,Task B ,2,3,1,-0.152727604,4,2,72.67257447,5,3.08091052,4,1.49E-21,2.15E-06,1,1,1,7
3,bimodal,Task B ,1,2,1,0.14363153,4,1,347.4783787,6,-0.125655281,4,0.00036243,2.63E-05,0.067573079,0.932426921,1,3
4,bimodal,Task B ,1,3,1,-0.369866089,1,1,340.7681017,1,-0.339997459,1,0.000150796,2.49E-05,0.141549311,0.858450689,1,2
4,bimodal,Task B ,1,2,0,-0.195160156,3,2,232.4656441,2,-2.372208844,3,1.81E-14,5.96E-06,0.999999997,0.999999997,1,3
4,bimodal,Task B ,1,1,1,0.599102175,4,1,289.5248963,3,-0.194943105,4,7.93E-05,2.39E-05,0.231436288,0.768563712,1,4
4,bimodal,Task B ,1,2,1,0.091613642,2,1,68.98900455,4,0.180835146,2,0.000354709,2.62E-05,0.068856287,0.931143713,0,3
4,bimodal,Task B ,1,2,0,0.27417405,2,2,317.5780428,5,-0.129201254,2,0.000286113,2.59E-05,0.082950947,0.917049053,1,3
4,bimodal,Task B ,1,1,1,0.123603988,3,1,295.0092476,6,0.110057642,3,0.000375738,2.63E-05,0.065473959,0.934526041,1,4
5,bimodal,Task B ,1,1,1,0.046292655,1,1,240.9712464,1,-0.021495184,1,0.000418952,2.65E-05,0.059499338,0.940500662,1,4
5,bimodal,Task B ,1,3,0,-0.779822543,3,2,301.5499487,2,-0.999755606,3,5.24E-07,1.75E-05,0.970833955,0.970833955,1,2
5,bimodal,Task B ,1,3,1,-0.230731771,4,1,69.93686241,3,0.262895274,4,0.000256154,2.57E-05,0.091187598,0.908812402,0,2
5,bimodal,Task B ,2,4,1,1.690565064,4,2,297.4138309,4,-2.037302314,4,6.91E-17,4.21E-06,1,1,1,8
5,bimodal,Task B ,1,4,1,0.374370699,2,1,225.6784467,5,-0.275737872,2,0.000169517,2.50E-05,0.128734399,0.871265601,1,1
5,bimodal,Task B ,2,2,1,-0.658476102,4,2,196.4788165,6,-0.356128576,4,4.25E-05,2.30E-05,0.350752192,0.649247808,1,6
6,bimodal,Task B ,1,1,0,2.54880985,1,2,259.5821242,1,-2.009997622,1,2.91E-23,1.68E-06,1,1,0,4
6,bimodal,Task B ,2,2,1,-1.5701606,1,2,189.9390174,2,0.311728983,1,1.08E-08,1.37E-05,0.99920998,0.99920998,0,6
6,bimodal,Task B ,2,2,0,0.214439079,4,1,141.7002894,3,-0.086596845,4,0.000336551,2.61E-05,0.072082652,0.927917348,1,6
6,bimodal,Task B ,2,2,1,-2.129138315,4,2,142.7524616,4,0.300364058,4,2.14E-12,8.04E-06,0.999999734,0.999999734,0,6
6,bimodal,Task B ,1,2,1,-0.149804937,3,1,316.0946623,5,-0.490138254,3,0.000142006,2.48E-05,0.148529901,0.851470099,0,3
6,bimodal,Task B ,2,2,1,2.517067071,1,2,337.2176042,6,2.546888218,1,1.76E-27,9.17E-07,1,1,1,6
7,bimodal,Task B ,1,1,1,0.051759068,2,1,241.95587,1,0.103301993,2,0.000399726,2.64E-05,0.062012162,0.937987838,0,4
7,bimodal,Task B ,1,4,0,-0.347057288,4,2,58.18810923,2,-2.208675867,4,3.06E-13,7.12E-06,0.999999957,0.999999957,1,1
7,bimodal,Task B ,1,4,0,-1.120146362,3,2,281.1672525,3,0.202230758,3,2.05E-06,1.90E-05,0.90255784,0.90255784,0,1
7,bimodal,Task B ,1,1,1,0.307373227,1,1,232.893449,4,0.261572352,1,0.000211012,2.54E-05,0.107410217,0.892589783,1,4
7,bimodal,Task B ,1,4,0,-1.002579567,3,2,89.1346644,5,0.959162785,3,1.39E-07,1.61E-05,0.991394046,0.991394046,0,1
7,bimodal,Task B ,1,4,1,0.097542657,2,1,341.8151122,6,1.05875261,2,3.53E-06,1.97E-05,0.847636366,0.847636366,1,1
8,bimodal,Task B ,2,4,1,1.659372389,3,2,342.0491128,1,-1.954324259,3,4.32E-16,4.72E-06,1,1,1,8
8,bimodal,Task B ,2,4,1,1.854824104,1,2,128.9834494,2,-0.539202725,1,7.16E-11,1.00E-05,0.999992845,0.999992845,0,8
8,bimodal,Task B ,2,4,0,0.251483122,1,1,69.29383667,3,-0.216019369,1,0.000265454,2.58E-05,0.088454568,0.911545432,1,8
8,bimodal,Task B ,1,1,1,0.102061011,3,1,197.1288586,4,0.041195719,3,0.000401352,2.64E-05,0.061791162,0.938208838,1,4
8,bimodal,Task B ,1,4,1,0.152759468,2,1,155.2557372,5,0.090225137,2,0.00036909,2.63E-05,0.06650553,0.93349447,1,1
8,bimodal,Task B ,1,4,0,-0.37652924,1,2,165.1135384,6,-2.044573238,1,5.32E-12,8.51E-06,0.999999374,0.999999374,1,1
9,bimodal,Task B ,1,2,1,0.060880328,1,1,68.00784284,1,0.058614598,1,0.000410396,2.65E-05,0.06059104,0.93940896,1,3
9,bimodal,Task B ,1,2,0,-1.214986939,1,2,123.5616629,2,-0.662735206,1,1.54E-07,1.62E-05,0.990539634,0.990539634,0,3
9,bimodal,Task B ,1,2,1,0.704965516,2,1,76.14842754,3,-0.001780332,2,5.21E-05,2.33E-05,0.30864625,0.69135375,1,3
9,bimodal,Task B ,1,3,0,-0.246195079,2,2,108.8951421,4,3.040445661,2,3.64E-21,2.28E-06,1,1,1,2
9,bimodal,Task B ,2,3,1,2.13307584,4,2,56.48412238,5,-0.574672181,4,5.97E-13,7.42E-06,0.99999992,0.99999992,0,7
9,bimodal,Task B ,1,1,0,0.306971244,1,2,245.3756312,6,-0.885659961,1,1.04E-05,2.10E-05,0.668846343,0.668846343,1,4
10,bimodal,Task B ,1,1,1,0.185616201,2,1,50.85639752,1,0.319169289,2,0.000236299,2.56E-05,0.097652893,0.902347107,0,4
10,bimodal,Task B ,1,1,0,0.078111094,3,2,256.5828145,2,0.372355272,3,0.000228624,2.55E-05,0.100414764,0.899585236,0,4
10,bimodal,Task B ,1,1,1,-0.19677136,3,1,303.1971395,3,-0.576370767,3,9.03E-05,2.41E-05,0.210510743,0.789489257,0,4
10,bimodal,Task B ,1,2,1,-0.125778106,3,1,206.6114878,4,0.208634565,3,0.000331879,2.61E-05,0.072964189,0.927035811,0,3
10,bimodal,Task B ,2,2,1,-2.63050222,2,2,186.4185363,5,1.521356569,2,8.98E-21,2.41E-06,1,1,0,6
10,bimodal,Task B ,1,2,0,-0.331264445,1,2,130.0090821,6,1.061952935,1,2.31E-06,1.92E-05,0.892267462,0.892267462,1,3
1,bimodal,Task B ,2,1,1,-1.386569262,2,2,17.95495661,1,0.508078989,2,5.17E-08,1.51E-05,0.996587272,0.996587272,0,5
1,bimodal,Task B ,1,3,0,0.995553853,3,2,229.375519,2,1.282270274,3,6.30E-09,1.32E-05,0.999524413,0.999524413,1,2
1,bimodal,Task B ,2,4,1,-2.215107515,3,2,208.153316,3,-0.57060462,3,1.70E-13,6.86E-06,0.999999975,0.999999975,0,8
1,bimodal,Task B ,2,2,0,0.637298698,2,1,45.55051023,4,0.196220986,2,6.47E-05,2.36E-05,0.267253934,0.732746066,1,6
1,bimodal,Task B ,1,3,0,1.26800204,2,2,235.7188796,5,0.792412677,2,3.52E-08,1.47E-05,0.99761502,0.99761502,0,2
1,bimodal,Task B ,2,1,0,0.857897994,1,1,238.7297526,6,-0.028710519,1,1.91E-05,2.19E-05,0.533385289,0.533385289,0,5
2,bimodal,Task B ,1,2,1,0.182543114,2,1,338.7040487,1,0.343604441,2,0.000221696,2.55E-05,0.103051112,0.896948888,0,3
2,bimodal,Task B ,1,3,1,0.259841997,1,1,326.6414814,2,-0.043746887,1,0.000314278,2.60E-05,0.076496059,0.923503941,1,2
2,bimodal,Task B ,2,2,0,0.011479141,1,1,232.1128157,3,-0.551674518,1,0.000118026,2.45E-05,0.171821093,0.828178907,0,6
2,bimodal,Task B ,2,4,1,2.373779475,2,2,96.88783513,4,-1.154012467,2,9.58E-17,4.30E-06,1,1,0,8
2,bimodal,Task B ,2,1,0,0.136752055,3,1,304.4456272,5,-0.470945423,3,0.000153767,2.49E-05,0.139341024,0.860658976,0,5
2,bimodal,Task B ,1,4,1,-0.405408662,1,1,141.2338736,6,-0.289091766,1,0.000154132,2.49E-05,0.139074318,0.860925682,1,1
3,bimodal,Task B ,2,3,0,0.120264462,3,1,11.44274357,1,-0.20073159,3,0.000335945,2.61E-05,0.072195749,0.927804251,0,7
3,bimodal,Task B ,2,4,1,1.663194829,4,2,251.6304015,2,-1.366860849,4,1.54E-12,7.87E-06,0.999999805,0.999999805,0,8
3,bimodal,Task B ,1,4,1,-0.233789231,3,1,254.0218011,3,-0.129122227,3,0.000319189,2.61E-05,0.07547553,0.92452447,1,1
3,bimodal,Task B ,1,4,1,0.312228713,4,1,50.67460623,4,-0.192670219,4,0.000238983,2.56E-05,0.096723967,0.903276033,1,1
3,bimodal,Task B ,1,3,1,0.321531581,2,1,325.7026945,5,-0.092184472,2,0.000262743,2.57E-05,0.089233766,0.910766234,1,2
3,bimodal,Task B ,1,2,0,-0.429514915,1,2,118.3841689,6,-1.979544376,1,1.35E-11,9.02E-06,0.999998505,0.999998505,1,3
4,bimodal,Task B ,2,4,1,0.928035428,3,2,123.9388223,1,1.322046649,3,7.00E-09,1.33E-05,0.999475358,0.999475358,1,8
4,bimodal,Task B ,2,2,1,1.236447418,2,2,262.6571299,2,-0.338236123,2,4.34E-07,1.72E-05,0.975471155,0.975471155,0,6
4,bimodal,Task B ,1,2,1,-0.001817822,3,1,172.7709022,3,0.369121879,3,0.000237782,2.56E-05,0.097137352,0.902862648,0,3
4,bimodal,Task B ,1,2,1,-0.163780502,2,1,156.0414579,4,-0.024026248,2,0.000381761,2.64E-05,0.064567569,0.935432431,1,3
4,bimodal,Task B ,1,2,0,0.348637862,4,2,289.974541,5,0.580872333,4,6.02E-05,2.35E-05,0.28041993,0.71958007,0,3
4,bimodal,Task B ,1,1,1,-0.614034695,2,1,218.6808768,6,0.324468468,2,5.83E-05,2.34E-05,0.286582387,0.713417613,1,4
5,bimodal,Task B ,1,3,0,0.826294007,3,2,191.9518099,1,-0.007660548,3,2.40E-05,2.22E-05,0.480590493,0.519409507,1,2
5,bimodal,Task B ,1,4,1,0.048272713,3,1,9.606479314,2,0.509144476,3,0.000139578,2.47E-05,0.150586419,0.849413581,0,1
5,bimodal,Task B ,2,4,1,1.577188607,2,2,166.9857434,3,-0.053132055,2,1.27E-08,1.38E-05,0.999081386,0.999081386,0,8
5,bimodal,Task B ,2,2,0,-0.102426959,3,1,356.5352177,4,-0.193396988,3,0.000349374,2.62E-05,0.069772832,0.930227168,0,6
5,bimodal,Task B ,1,4,1,0.512730391,4,1,27.79552701,5,0.200391265,4,0.000117079,2.45E-05,0.172898362,0.827101638,1,1
5,bimodal,Task B ,1,4,1,-0.039283409,1,1,122.3483636,6,-0.438148102,1,0.000188772,2.52E-05,0.117838768,0.882161232,0,1
6,bimodal,Task B ,2,2,0,0.296082392,1,1,300.2862615,1,0.227449741,1,0.000233123,2.56E-05,0.098776564,0.901223436,1,6
6,bimodal,Task B ,1,2,0,1.527654493,2,2,179.4206237,2,-1.017303402,2,3.13E-10,1.10E-05,0.999971488,0.999971488,0,3
6,bimodal,Task B ,2,2,0,-0.671289616,4,1,182.0977479,3,-0.208136076,4,5.63E-05,2.34E-05,0.293405328,0.706594672,1,6
6,bimodal,Task B ,1,1,0,-0.371606309,3,2,125.9648803,4,-1.929526114,3,3.72E-11,9.61E-06,0.99999613,0.99999613,1,4
6,bimodal,Task B ,2,2,1,1.471283662,2,2,264.9450668,5,-1.155354298,2,1.79E-10,1.06E-05,0.999983133,0.999983133,0,6
6,bimodal,Task B ,2,1,0,0.065110284,4,1,5.490360691,6,0.828905384,4,2.27E-05,2.21E-05,0.493688477,0.506311523,0,5
7,bimodal,Task B ,1,1,1,-0.442414718,4,1,330.3520246,1,0.483848754,4,7.12E-05,2.37E-05,0.249988575,0.750011425,0,4
7,bimodal,Task B ,1,2,0,-0.815700028,2,2,17.99773441,2,0.482915277,2,1.03E-05,2.10E-05,0.670245805,0.670245805,0,3
7,bimodal,Task B ,1,4,0,0.989294215,1,2,228.7418049,3,-0.30228314,1,4.75E-06,2.00E-05,0.808439769,0.808439769,0,1
7,bimodal,Task B ,1,4,1,0.494646311,4,1,187.959812,4,0.220898614,4,0.000121833,2.45E-05,0.167626968,0.832373032,1,1
7,bimodal,Task B ,1,4,0,0.194878938,4,2,291.3695922,5,-1.060319122,4,3.16E-06,1.95E-05,0.860835424,0.860835424,1,1
7,bimodal,Task B ,1,1,0,-2.386259876,1,2,129.821467,6,-1.995620655,1,1.31E-21,2.13E-06,1,1,0,4
8,bimodal,Task B ,1,4,0,0.423318424,4,2,98.18318205,1,-0.716616779,4,2.28E-05,2.21E-05,0.492196676,0.507803324,0,1
8,bimodal,Task B ,1,4,1,-0.351510855,4,1,290.4190385,2,0.358666296,4,0.00014948,2.49E-05,0.142550331,0.857449669,0,1
8,bimodal,Task B ,1,4,1,-0.144478179,3,1,224.2222839,3,0.129215539,3,0.00036461,2.63E-05,0.067219833,0.932780167,1,1
8,bimodal,Task B ,1,4,1,0.12752117,3,1,220.9830409,4,0.394095981,3,0.000203763,2.53E-05,0.110592781,0.889407219,0,1
8,bimodal,Task B ,2,4,1,1.416059112,3,2,249.4323216,5,1.4271798,3,1.74E-11,9.16E-06,0.999998097,0.999998097,1,8
8,bimodal,Task B ,2,4,1,2.660863248,1,2,95.23062839,6,-0.416042408,1,3.09E-17,4.00E-06,1,1,0,8
9,bimodal,Task B ,1,1,1,0.417627368,3,1,218.3289375,1,-0.145489862,3,0.00018471,2.52E-05,0.119975267,0.880024733,1,4
9,bimodal,Task B ,1,2,1,-0.035486962,4,1,132.0310844,2,-0.111609353,4,0.000401692,2.64E-05,0.06174519,0.93825481,0,3
9,bimodal,Task B ,1,1,1,0.177613803,3,1,178.1770611,3,0.599531075,3,8.04E-05,2.39E-05,0.229171931,0.770828069,0,4
9,bimodal,Task B ,2,3,1,-1.890480484,1,2,49.34494369,4,1.053325026,1,1.52E-12,7.87E-06,0.999999806,0.999999806,0,7
9,bimodal,Task B ,1,2,0,0.509623858,3,2,302.7676348,5,0.95021958,3,3.08E-06,1.95E-05,0.863478302,0.863478302,1,3
9,bimodal,Task B ,1,1,0,-0.245185664,3,2,28.34287104,6,1.620157141,3,5.06E-09,1.31E-05,0.999612587,0.999612587,1,4
10,bimodal,Task B ,1,1,0,-0.781790835,2,2,78.94094862,1,-0.227104186,2,2.81E-05,2.24E-05,0.443664663,0.556335337,1,4
10,bimodal,Task B ,1,2,1,0.289258926,4,1,279.8811137,2,0.315775556,4,0.000193436,2.53E-05,0.115481187,0.884518813,0,3
10,bimodal,Task B ,1,2,0,0.673132859,4,2,282.1087069,3,0.457667806,4,2.57E-05,2.23E-05,0.463836065,0.536163935,1,3
10,bimodal,Task B ,1,2,1,0.455800698,2,1,53.47553555,4,-0.049822297,2,0.000173528,2.51E-05,0.126295668,0.873704332,1,3
10,bimodal,Task B ,1,2,1,-0.143884724,4,1,15.93407786,5,-0.092617771,4,0.000378517,2.63E-05,0.065052548,0.934947452,1,3
10,bimodal,Task B ,2,2,1,1.306091485,4,2,258.0746306,6,-0.024306233,4,3.34E-07,1.70E-05,0.980703604,0.980703604,0,6
1,bimodal,Task B ,1,3,1,-0.321754703,2,1,95.17345952,1,-0.041552382,2,0.000278427,2.58E-05,0.084913503,0.915086497,1,2
1,bimodal,Task B ,1,2,0,0.496036129,1,2,146.8888715,2,-0.694075122,1,1.97E-05,2.19E-05,0.526639194,0.526639194,1,3
1,bimodal,Task B ,2,2,1,-0.985038191,3,2,309.5199776,3,-0.023190779,3,7.90E-06,2.07E-05,0.723662117,0.723662117,0,6
1,bimodal,Task B ,1,2,1,0.182915003,1,1,18.66522819,4,0.237216581,1,0.000287941,2.59E-05,0.082497711,0.917502289,0,3
1,bimodal,Task B ,2,1,1,1.766004423,1,2,91.82651823,5,1.110488994,1,5.02E-12,8.48E-06,0.999999407,0.999999407,0,5
1,bimodal,Task B ,2,3,1,-1.734827752,3,2,12.05492856,6,-1.079976562,3,1.27E-11,8.98E-06,0.999998588,0.999998588,0,7
2,bimodal,Task B ,1,1,0,-0.070756349,1,2,83.36282445,1,-1.020818872,1,5.18E-06,2.01E-05,0.795296752,0.795296752,1,4
2,bimodal,Task B ,2,2,1,0.114255204,2,2,352.4396989,2,-1.233547384,2,6.58E-07,1.77E-05,0.964166134,0.964166134,1,6
2,bimodal,Task B ,2,1,1,0.572770781,1,2,255.142226,3,0.683637948,1,1.46E-05,2.15E-05,0.595529038,0.595529038,1,5
2,bimodal,Task B ,2,2,0,0.448415396,1,1,245.3023169,4,-0.258205838,1,0.000136427,2.47E-05,0.153345094,0.846654906,1,6
2,bimodal,Task B ,1,3,1,0.189106776,1,1,102.2026954,5,0.017859421,1,0.000361963,2.63E-05,0.067649282,0.932350718,1,2
2,bimodal,Task B ,2,4,1,-1.431092137,3,2,323.4461764,6,-1.379240317,3,3.04E-11,9.49E-06,0.999996793,0.999996793,0,8
3,bimodal,Task B ,1,4,1,-0.112775016,3,1,337.8575219,1,0.208899874,3,0.000335816,2.61E-05,0.072219963,0.927780037,0,1
3,bimodal,Task B ,1,3,0,0.233805505,2,2,35.04289658,2,-0.465152341,2,0.000134872,2.47E-05,0.15474587,0.84525413,0,2
3,bimodal,Task B ,1,2,1,0.377333196,1,1,304.6598185,3,-0.172152429,1,0.000204028,2.53E-05,0.110473289,0.889526711,1,3
3,bimodal,Task B ,2,2,1,-0.747576637,2,2,317.8703748,4,1.622894086,2,6.29E-10,1.15E-05,0.9999451,0.9999451,1,6
3,bimodal,Task B ,2,4,1,2.379814015,4,2,144.4013714,5,-1.204730584,4,5.14E-17,4.13E-06,1,1,0,8
3,bimodal,Task B ,2,4,1,1.922217575,2,2,356.7980524,6,2.239018999,2,5.29E-20,2.69E-06,1,1,1,8
4,bimodal,Task B ,1,4,0,-0.789521731,4,2,177.7467254,1,-1.343899045,4,1.64E-08,1.41E-05,0.998833148,0.998833148,1,1
4,bimodal,Task B ,2,3,1,-2.039936543,1,2,355.2904726,2,-1.383283707,1,4.62E-15,5.48E-06,0.999999999,0.999999999,0,7
4,bimodal,Task B ,1,1,0,1.235299922,1,2,340.9247992,3,0.133849482,1,6.56E-07,1.77E-05,0.964259553,0.964259553,0,4
4,bimodal,Task B ,1,1,1,-0.213166494,3,1,148.2082456,4,0.042799856,3,0.00035206,2.62E-05,0.069308274,0.930691726,1,4
4,bimodal,Task B ,1,2,1,-0.046241198,4,1,160.6983398,5,-0.271860736,4,0.000309492,2.60E-05,0.077518597,0.922481403,0,3
4,bimodal,Task B ,1,1,1,-0.35535461,3,1,298.8692088,6,0.377360507,3,0.000139459,2.47E-05,0.150688233,0.849311767,0,4
5,bimodal,Task B ,2,2,0,0.477667165,3,1,3.670398539,1,0.331195692,3,0.000100859,2.42E-05,0.193813671,0.806186329,1,6
5,bimodal,Task B ,2,4,1,-1.889628587,2,2,89.53380023,2,0.960838524,2,3.39E-12,8.27E-06,0.99999959,0.99999959,0,8
5,bimodal,Task B ,2,4,1,-3.746632802,4,2,97.54956438,3,-0.730077909,4,2.62E-30,6.10E-07,1,1,0,8
5,bimodal,Task B ,1,4,1,-0.312387496,2,1,169.8131199,4,-0.379161925,2,0.000157208,2.49E-05,0.136871428,0.863128572,0,1
5,bimodal,Task B ,2,3,1,1.330122062,1,2,24.728442,5,1.326306811,1,1.51E-10,1.05E-05,0.999985616,0.999985616,1,7
5,bimodal,Task B ,2,4,1,1.080534862,3,2,223.2683946,6,-4.149969606,3,8.85E-38,2.08E-07,1,1,1,8
6,bimodal,Task B ,1,3,1,0.750131151,4,1,187.7969869,1,0.270622979,4,2.90E-05,2.24E-05,0.436362983,0.563637017,1,2
6,bimodal,Task B ,2,2,0,0.454733085,2,1,67.44890697,2,-0.140922967,2,0.00016208,2.50E-05,0.133526262,0.866473738,1,6
6,bimodal,Task B ,1,2,1,-0.663726839,3,1,178.9692744,3,0.543052094,3,2.01E-05,2.19E-05,0.521398192,0.521398192,0,3
6,bimodal,Task B ,1,2,0,-0.214511333,2,2,78.45177,4,0.475943732,2,0.000135388,2.47E-05,0.154277521,0.845722479,0,3
6,bimodal,Task B ,1,2,1,-0.420675634,2,1,260.2362336,5,-0.357039562,2,0.000121705,2.45E-05,0.1677649,0.8322351,1,3
6,bimodal,Task B ,2,2,1,-1.684981697,3,2,12.51490083,6,0.058080683,3,3.44E-09,1.27E-05,0.999730487,0.999730487,0,6
7,bimodal,Task B ,1,1,0,0.287876971,1,2,246.0658487,1,0.626364227,1,5.62E-05,2.34E-05,0.293629798,0.706370202,0,4
7,bimodal,Task B ,1,1,0,2.630196831,1,2,299.6480476,2,-0.669639954,1,1.90E-17,3.89E-06,1,1,0,4
7,bimodal,Task B ,1,1,0,-0.401182493,2,2,70.43722278,3,0.198123068,2,0.000187431,2.52E-05,0.118535171,0.881464829,1,4
7,bimodal,Task B ,2,1,1,-0.519926711,4,2,36.44905258,4,0.900050257,4,4.59E-06,2.00E-05,0.8133669,0.8133669,1,5
7,bimodal,Task B ,2,1,0,0.382347561,1,1,238.9669659,5,-0.338411321,1,0.000140574,2.48E-05,0.149736024,0.850263976,1,5
7,bimodal,Task B ,1,1,0,1.501549719,2,2,250.2837194,6,-1.033479109,2,3.78E-10,1.11E-05,0.999965938,0.999965938,0,4
8,bimodal,Task B ,2,4,0,-0.405824059,2,1,298.3488192,1,0.275239309,2,0.000158084,2.49E-05,0.136257383,0.863742617,1,8
8,bimodal,Task B ,1,4,1,-0.253301775,4,1,88.63861068,2,0.652126483,4,5.43E-05,2.33E-05,0.300662563,0.699337437,0,1
8,bimodal,Task B ,2,4,1,1.650469338,3,2,251.9657287,3,2.833357152,3,8.92E-24,1.56E-06,1,1,1,8
8,bimodal,Task B ,1,4,1,-0.105868732,1,1,194.8948499,4,-0.062377246,1,0.000400746,2.64E-05,0.061873413,0.938126587,1,1
8,bimodal,Task B ,2,4,1,-2.417667877,1,2,94.50842826,5,1.87684525,1,4.68E-21,2.31E-06,1,1,0,8
8,bimodal,Task B ,1,4,1,-0.096154561,1,1,202.6966599,6,-0.086892934,1,0.000397757,2.64E-05,0.062282054,0.937717946,1,1
9,bimodal,Task B ,1,2,1,-0.002065584,4,1,110.899143,1,-0.100141948,4,0.000407252,2.65E-05,0.061002835,0.938997165,0,3
9,bimodal,Task B ,2,1,1,1.892971647,3,2,89.0455041,2,-1.750807532,3,3.28E-16,4.64E-06,1,1,0,5
9,bimodal,Task B ,2,2,0,0.26519467,3,1,348.6678065,3,0.609750701,3,6.47E-05,2.36E-05,0.267154071,0.732845929,0,6
9,bimodal,Task B ,2,1,1,0.7739357,3,2,339.4354113,4,-1.34065109,3,1.75E-08,1.41E-05,0.998761456,0.998761456,1,5
9,bimodal,Task B ,1,1,1,0.451691432,1,1,244.3120032,5,0.33583135,1,0.000110178,2.44E-05,0.18119634,0.81880366,1,4
9,bimodal,Task B ,1,1,1,0.030887087,1,1,98.81949416,6,0.496310088,1,0.00014838,2.48E-05,0.143398657,0.856601343,0,4
10,bimodal,Task B ,2,2,0,-0.375251761,3,1,350.6618621,1,0.569671947,3,6.08E-05,2.35E-05,0.278736114,0.721263886,0,6
10,bimodal,Task B ,2,1,1,1.257127379,1,2,153.729839,2,-0.148432849,1,5.15E-07,1.74E-05,0.971283921,0.971283921,0,5
10,bimodal,Task B ,1,1,0,0.418441264,1,2,185.2194701,3,0.321566995,1,0.000129483,2.46E-05,0.159811728,0.840188272,1,4
10,bimodal,Task B ,1,3,0,1.672050223,1,2,308.9076831,4,0.269183037,1,2.62E-09,1.25E-05,0.999791376,0.999791376,0,2
10,bimodal,Task B ,1,2,1,0.462574455,1,1,332.7104932,5,0.295322377,1,0.000117759,2.45E-05,0.172123405,0.827876595,1,3
10,bimodal,Task B ,1,2,1,0.121735062,2,1,230.4370256,6,-0.066594019,2,0.000389658,2.64E-05,0.063417863,0.936582137,1,3
1,bimodal,Task B ,1,3,1,-0.551463553,4,1,47.40159455,1,-0.011611701,4,0.00012317,2.46E-05,0.16620441,0.83379559,1,2
1,bimodal,Task B ,2,2,1,2.719361584,2,2,225.0742015,2,0.498233684,2,6.01E-18,3.61E-06,1,1,0,6
1,bimodal,Task B ,1,3,1,0.524561862,2,1,41.63448414,3,0.111652264,2,0.000125112,2.46E-05,0.164181867,0.835818133,1,2
1,bimodal,Task B ,1,3,1,0.36047814,2,1,203.0327888,4,0.539911862,2,7.06E-05,2.37E-05,0.251377976,0.748622024,0,2
1,bimodal,Task B ,2,2,1,1.245276515,3,2,276.5245575,5,2.377112588,3,2.72E-17,3.97E-06,1,1,1,6
1,bimodal,Task B ,1,3,1,0.275626056,3,1,248.0588593,6,-0.186656317,3,0.000264287,2.58E-05,0.088788116,0.911211884,1,2
2,bimodal,Task B ,1,1,1,-0.158132145,1,1,73.44538177,1,1.03798919,1,4.03E-06,1.98E-05,0.830980144,0.830980144,1,4
2,bimodal,Task B ,1,3,1,-0.10720968,4,1,36.28768624,2,0.253868832,4,0.000308905,2.60E-05,0.077646007,0.922353993,0,2
2,bimodal,Task B ,1,3,1,-0.039849874,1,1,165.232504,3,-0.011674556,1,0.000422174,2.65E-05,0.059098638,0.940901362,1,2
2,bimodal,Task B ,2,3,1,-1.615022093,2,2,155.3914672,4,-1.040812012,2,9.47E-11,1.02E-05,0.999990698,0.999990698,0,7
2,bimodal,Task B ,2,3,1,-0.89620001,1,2,285.6372372,5,-0.485269965,1,5.87E-06,2.03E-05,0.775744914,0.775744914,0,7
2,bimodal,Task B ,1,3,1,0.158822714,2,1,1.588062236,6,-0.588547796,2,8.85E-05,2.40E-05,0.213739177,0.786260823,0,2
3,bimodal,Task B ,1,3,0,0.313077885,4,2,125.3808588,1,0.690921115,4,3.68E-05,2.28E-05,0.382128507,0.617871493,0,2
3,bimodal,Task B ,2,3,1,-1.219414359,3,2,230.6204912,2,-0.48605392,3,3.47E-07,1.70E-05,0.979993785,0.979993785,0,7
3,bimodal,Task B ,2,2,0,-0.542518208,4,1,336.1428403,3,-0.565137193,4,3.35E-05,2.26E-05,0.403028364,0.596971636,0,6
3,bimodal,Task B ,1,4,1,-0.330850959,1,1,152.3750056,4,0.257115572,1,0.000206402,2.54E-05,0.109411864,0.890588136,1,1
3,bimodal,Task B ,2,4,1,1.243423848,4,2,209.5797786,5,-2.443823188,4,7.53E-18,3.67E-06,1,1,1,8
3,bimodal,Task B ,2,3,1,0.72540386,2,2,141.6233456,6,-1.558288445,2,1.66E-09,1.22E-05,0.999863864,0.999863864,1,7
4,bimodal,Task B ,1,3,1,0.34529887,3,1,350.7006575,1,0.107570878,3,0.000242022,2.56E-05,0.095693664,0.904306336,1,2
4,bimodal,Task B ,1,3,1,-0.047450614,1,1,52.37870553,2,0.335864235,1,0.000260742,2.57E-05,0.089817843,0.910182157,0,2
4,bimodal,Task B ,2,2,1,1.543558816,3,2,1.939736876,3,-1.642133207,3,2.31E-13,6.99E-06,0.999999967,0.999999967,1,6
4,bimodal,Task B ,1,2,0,1.212290496,1,2,37.54655351,4,-0.320597325,1,5.83E-07,1.76E-05,0.967888976,0.967888976,0,3
4,bimodal,Task B ,1,3,1,-0.459644621,3,1,122.5342143,5,0.403277279,3,9.04E-05,2.41E-05,0.210377603,0.789622397,1,2
4,bimodal,Task B ,2,3,1,1.578094247,3,2,49.18733548,6,-0.109016951,3,1.21E-08,1.38E-05,0.999123034,0.999123034,0,7
5,bimodal,Task B ,1,4,1,-0.549015533,4,1,9.903667083,1,-0.43262692,4,5.68E-05,2.34E-05,0.291648921,0.708351079,1,1
5,bimodal,Task B ,2,4,1,1.460663839,1,2,289.5854069,2,0.543420883,1,1.61E-08,1.40E-05,0.998856258,0.998856258,0,8
5,bimodal,Task B ,1,4,1,-0.052124422,2,1,309.5021581,3,-0.024140171,2,0.000419712,2.65E-05,0.05940433,0.94059567,1,1
5,bimodal,Task B ,1,2,0,0.299929279,2,2,308.2407228,4,-1.035108579,2,3.16E-06,1.95E-05,0.860622823,0.860622823,1,3
5,bimodal,Task B ,2,2,1,-0.616185519,4,2,299.8221534,5,0.980144609,4,1.55E-06,1.87E-05,0.923457063,0.923457063,1,6
5,bimodal,Task B ,2,1,1,1.43266022,1,2,185.5140762,6,0.371593613,1,4.38E-08,1.49E-05,0.997075319,0.997075319,0,5
6,bimodal,Task B ,2,2,1,-0.302173017,1,2,12.10413413,1,0.560543561,1,7.77E-05,2.39E-05,0.234850504,0.765149496,0,6
6,bimodal,Task B ,1,2,1,-0.097145636,2,1,67.06788235,2,-0.261248301,2,0.000308218,2.60E-05,0.077795621,0.922204379,0,3
6,bimodal,Task B ,1,2,1,-0.615052357,3,1,179.3744733,3,0.203617466,3,7.61E-05,2.38E-05,0.238476809,0.761523191,1,3
6,bimodal,Task B ,2,2,0,0.631955576,4,1,355.2915341,4,0.235521172,4,6.19E-05,2.35E-05,0.275343722,0.724656278,1,6
6,bimodal,Task B ,1,2,1,0.027990416,2,1,33.88396101,5,0.126100588,2,0.000394432,2.64E-05,0.062743196,0.937256804,0,3
6,bimodal,Task B ,2,3,0,0.458376549,2,1,47.83897655,6,0.208928233,2,0.000143992,2.48E-05,0.146890687,0.853109313,1,7
7,bimodal,Task B ,1,1,1,-0.04892478,3,1,123.4911942,1,0.477736965,3,0.000159839,2.50E-05,0.135043262,0.864956738,0,4
7,bimodal,Task B ,1,1,1,0.570619958,1,1,272.2161937,2,0.382331405,1,5.74E-05,2.34E-05,0.28966083,0.71033917,1,4
7,bimodal,Task B ,1,4,1,-0.009977119,3,1,130.4889095,3,0.184653023,3,0.000366731,2.63E-05,0.06687967,0.93312033,0,1
7,bimodal,Task B ,1,4,1,-0.051157072,4,1,74.41852801,4,0.191109695,4,0.000359897,2.63E-05,0.067988666,0.932011334,0,1
7,bimodal,Task B ,1,4,1,0.399403009,2,1,318.573075,5,0.155908954,2,0.000193418,2.53E-05,0.115489756,0.884510244,1,1
7,bimodal,Task B ,1,4,0,0.962830175,4,2,262.7125165,6,1.762799035,4,1.70E-11,9.15E-06,0.999998141,0.999998141,1,1
8,bimodal,Task B ,1,4,1,0.178794916,2,1,266.7900891,1,-0.609706701,2,7.72E-05,2.38E-05,0.23590214,0.76409786,0,1
8,bimodal,Task B ,1,4,1,0.098676044,3,1,51.96718137,2,0.049878404,3,0.00040117,2.64E-05,0.061815782,0.938184218,1,1
8,bimodal,Task B ,1,4,1,0.043918756,3,1,178.4821064,3,0.059360202,3,0.000413613,2.65E-05,0.060175775,0.939824225,0,1
8,bimodal,Task B ,1,4,0,-0.310499646,1,2,166.9771028,4,-0.68445327,1,4.02E-05,2.29E-05,0.362582354,0.637417646,0,1
8,bimodal,Task B ,2,4,0,0.332236682,1,1,243.4251138,5,-0.094138161,1,0.000254701,2.57E-05,0.091630602,0.908369398,1,8
8,bimodal,Task B ,2,4,1,1.228679257,4,2,218.7398389,6,-0.655738042,4,1.24E-07,1.60E-05,0.992261563,0.992261563,0,8
9,bimodal,Task B ,2,2,0,-0.481891682,2,1,123.5759033,1,-0.585548243,2,3.92E-05,2.29E-05,0.368375229,0.631624771,0,6
9,bimodal,Task B ,2,1,1,2.497340502,1,2,238.7310129,2,-1.40757137,1,5.06E-19,3.10E-06,1,1,0,5
9,bimodal,Task B ,1,1,1,-0.036329166,1,1,72.1433062,3,0.420422069,1,0.000199532,2.53E-05,0.112542818,0.887457182,0,4
9,bimodal,Task B ,1,4,1,0.162205374,4,1,226.2293985,4,-0.597333844,4,8.43E-05,2.40E-05,0.2214886,0.7785114,0,1
9,bimodal,Task B ,1,3,1,-0.653553078,2,1,275.358137,5,0.193962332,2,6.32E-05,2.36E-05,0.271322087,0.728677913,1,2
9,bimodal,Task B ,2,2,1,1.459392271,4,2,310.2066377,6,1.006860711,4,7.82E-10,1.16E-05,0.999932677,0.999932677,0,6
10,bimodal,Task B ,2,1,1,0.369831584,2,2,94.98230072,1,-0.33367919,2,0.000148233,2.48E-05,0.143512864,0.856487136,1,5
10,bimodal,Task B ,1,1,0,1.363415938,2,2,19.95383793,2,2.705565929,2,6.52E-21,2.36E-06,1,1,1,4
10,bimodal,Task B ,2,2,1,1.243291751,2,2,170.4714998,3,-0.421817669,2,3.09E-07,1.69E-05,0.982013304,0.982013304,0,6
10,bimodal,Task B ,1,2,0,-0.358265779,3,2,75.76356993,4,-0.553508318,3,6.99E-05,2.37E-05,0.253108326,0.746891674,0,3
10,bimodal,Task B ,2,2,1,-2.709706496,3,2,7.220051553,5,-0.450689911,3,1.18E-17,3.77E-06,1,1,0,6
10,bimodal,Task B ,1,2,0,1.921392554,2,2,18.8790183,6,-1.519836343,2,5.05E-15,5.51E-06,0.999999999,0.999999999,0,3
1,bimodal,Task B ,1,2,0,0.181209946,2,2,243.0922906,1,-0.373926305,2,0.000204294,2.53E-05,0.110353189,0.889646811,0,3
1,bimodal,Task B ,2,1,1,-1.070697338,3,2,343.7610653,2,0.344325662,3,2.31E-06,1.91E-05,0.892380643,0.892380643,0,5
1,bimodal,Task B ,2,1,0,-0.326875847,2,1,83.55920596,3,-0.615099351,2,5.64E-05,2.34E-05,0.293130612,0.706869388,0,5
1,bimodal,Task B ,2,4,1,-1.735057741,4,2,311.2068204,4,1.628634077,4,2.31E-14,6.06E-06,0.999999996,0.999999996,0,8
1,bimodal,Task B ,2,4,1,1.986644585,3,2,99.70565637,5,0.090538252,3,2.84E-11,9.45E-06,0.999996989,0.999996989,0,8
1,bimodal,Task B ,1,3,0,-1.242592367,3,2,318.4443115,6,-0.126402722,3,6.92E-07,1.78E-05,0.962480831,0.962480831,0,2
2,bimodal,Task B ,1,3,1,0.81168488,4,1,54.75852905,1,-0.176857512,4,2.32E-05,2.21E-05,0.487577442,0.512422558,1,2
2,bimodal,Task B ,2,2,1,1.413255224,1,2,37.40422406,2,-0.627735384,1,1.89E-08,1.42E-05,0.998666109,0.998666109,0,6
2,bimodal,Task B ,1,2,1,-0.173853035,2,1,238.2602656,3,-0.534416825,2,0.000113714,2.44E-05,0.176843614,0.823156386,0,3
2,bimodal,Task B ,1,4,1,-0.121296298,1,1,88.60651749,4,-0.036787795,1,0.000399388,2.64E-05,0.062058325,0.937941675,1,1
2,bimodal,Task B ,1,3,1,-0.254115251,2,1,289.1800776,5,-0.086218411,2,0.000318649,2.61E-05,0.075586314,0.924413686,1,2
2,bimodal,Task B ,2,2,1,-0.80431146,1,2,105.0330401,6,-2.177974755,1,6.19E-14,6.44E-06,0.99999999,0.99999999,1,6
3,bimodal,Task B ,2,4,1,-2.15413605,2,2,265.2311175,1,0.287532445,2,1.42E-12,7.83E-06,0.999999819,0.999999819,0,8
3,bimodal,Task B ,1,2,1,-0.040068461,2,1,219.0258172,2,-0.24639942,2,0.000327756,2.61E-05,0.073760963,0.926239037,0,3
3,bimodal,Task B ,2,4,1,1.081155223,2,2,356.6999385,3,-0.400650193,2,1.60E-06,1.87E-05,0.921070577,0.921070577,0,8
3,bimodal,Task B ,1,2,1,-0.125196436,1,1,247.8633431,4,-0.406048692,1,0.000200332,2.53E-05,0.112168515,0.887831485,0,3
3,bimodal,Task B ,2,4,1,2.240088073,4,2,78.31102525,5,-0.223882479,4,2.77E-13,7.07E-06,0.999999961,0.999999961,0,8
3,bimodal,Task B ,2,3,1,0.79027505,1,2,16.41961376,6,-0.648418057,1,5.22E-06,2.02E-05,0.794294891,0.794294891,0,7
4,bimodal,Task B ,1,2,1,-0.223364044,2,1,138.9846847,1,-0.363046094,2,0.000200676,2.53E-05,0.112008523,0.887991477,0,3
4,bimodal,Task B ,2,2,0,0.337004579,1,1,92.41209383,2,0.746371964,1,2.46E-05,2.22E-05,0.474292579,0.525707421,0,6
4,bimodal,Task B ,1,1,1,-0.162466083,2,1,139.5009654,3,0.423630434,2,0.00017882,2.51E-05,0.123220365,0.876779635,0,4
4,bimodal,Task B ,1,2,0,-0.365199896,1,2,200.755515,4,-0.84896063,1,1.20E-05,2.12E-05,0.639651058,0.639651058,1,3
4,bimodal,Task B ,2,3,1,1.469831126,2,2,350.9434791,5,0.126249774,2,4.70E-08,1.50E-05,0.996881658,0.996881658,0,7
4,bimodal,Task B ,2,1,0,0.654046639,1,1,58.58452273,6,0.630609189,1,1.29E-05,2.13E-05,0.622993947,0.622993947,0,5
5,bimodal,Task B ,2,4,1,0.93759556,4,2,352.3850909,1,0.260734483,4,7.89E-06,2.07E-05,0.723749896,0.723749896,0,8
5,bimodal,Task B ,1,2,1,0.224448261,1,1,344.8323325,2,0.673527129,1,4.98E-05,2.32E-05,0.317771864,0.682228136,0,3
5,bimodal,Task B ,1,2,1,-0.249515863,3,1,192.2115744,3,-0.154402547,3,0.000300364,2.60E-05,0.079549561,0.920450439,1,3
5,bimodal,Task B ,1,4,1,0.061908828,2,1,78.95447002,4,-0.381056856,2,0.000226562,2.55E-05,0.101184829,0.898815171,0,1
5,bimodal,Task B ,1,3,1,0.086849686,3,1,117.1108938,5,0.504357778,3,0.000139167,2.47E-05,0.150939841,0.849060159,0,2
5,bimodal,Task B ,1,4,1,0.405592368,4,1,239.8373056,6,-0.160386108,4,0.00018894,2.52E-05,0.117752054,0.882247946,1,1
6,bimodal,Task B ,2,2,1,1.144114946,4,2,168.7414887,1,1.130747237,4,7.84E-09,1.34E-05,0.999416538,0.999416538,0,6
6,bimodal,Task B ,2,2,0,0.159192936,1,1,91.83874516,2,-0.029025528,1,0.000377867,2.63E-05,0.065150676,0.934849324,1,6
6,bimodal,Task B ,2,2,0,-0.619562654,4,1,147.6703191,3,0.187823706,4,7.63E-05,2.38E-05,0.237904122,0.762095878,1,6
6,bimodal,Task B ,1,2,1,0.177336868,2,1,194.9844576,4,0.13642151,2,0.000340859,2.62E-05,0.071289113,0.928710887,1,3
6,bimodal,Task B ,1,2,0,-0.081697873,2,2,270.221174,5,0.084220962,2,0.000401757,2.64E-05,0.061736413,0.938263587,0,3
6,bimodal,Task B ,1,2,1,0.367198799,1,1,308.2640188,6,-0.021312495,1,0.000237833,2.56E-05,0.097119629,0.902880371,1,3
7,bimodal,Task B ,1,1,0,1.961720486,3,2,118.263319,1,1.723506602,3,1.56E-16,4.43E-06,1,1,0,4
7,bimodal,Task B ,1,2,1,0.523812665,1,1,50.20143502,2,-0.103677582,1,0.000126743,2.46E-05,0.162522276,0.837477724,1,3
7,bimodal,Task B ,1,4,1,-0.217902804,2,1,357.41224,3,0.424961627,2,0.000163477,2.50E-05,0.132597866,0.867402134,0,1
7,bimodal,Task B ,1,4,0,-1.434137108,4,2,95.07736482,4,-0.335038995,4,5.55E-08,1.52E-05,0.996355235,0.996355235,0,1
7,bimodal,Task B ,1,4,1,0.466188937,2,1,262.4776582,5,-0.035666469,2,0.000167507,2.50E-05,0.129994177,0.870005823,1,1
7,bimodal,Task B ,1,1,0,-0.211596463,3,2,119.6043263,6,0.401193093,3,0.000179608,2.51E-05,0.122775592,0.877224408,0,4
8,bimodal,Task B ,1,4,0,0.083538838,2,2,83.23438281,1,-0.362974294,2,0.000236398,2.56E-05,0.097618285,0.902381715,0,1
8,bimodal,Task B ,2,4,1,3.995476648,3,2,104.4294556,2,1.046160968,3,5.57E-35,3.12E-07,1,1,0,8
8,bimodal,Task B ,1,4,1,-0.47222968,4,1,227.1025954,3,0.169515465,4,0.000151994,2.49E-05,0.140649937,0.859350063,1,1
8,bimodal,Task B ,1,4,1,-0.527624107,4,1,200.160125,4,-0.157146124,4,0.000123619,2.46E-05,0.165732642,0.834267358,1,1
8,bimodal,Task B ,2,4,0,0.726782281,2,1,168.739072,5,-0.085920608,2,4.44E-05,2.30E-05,0.341735775,0.658264225,1,8
8,bimodal,Task B ,2,4,1,1.532873267,4,2,312.975641,6,-0.798491801,4,1.56E-09,1.21E-05,0.999871248,0.999871248,0,8
9,bimodal,Task B ,2,1,0,-0.3040185,1,1,13.25073628,1,0.090796678,1,0.000282989,2.59E-05,0.083737117,0.916262883,1,5
9,bimodal,Task B ,1,3,1,-0.603171395,4,1,127.9914583,2,0.195634751,4,8.18E-05,2.39E-05,0.226258718,0.773741282,1,2
9,bimodal,Task B ,1,1,0,2.305574372,1,2,237.5329013,3,-0.637360198,1,1.79E-14,5.96E-06,0.999999997,0.999999997,0,4
9,bimodal,Task B ,1,1,0,-0.246396693,2,2,237.5215083,4,-0.399815521,2,0.000170692,2.51E-05,0.128009693,0.871990307,0,4
9,bimodal,Task B ,1,3,0,-0.080162177,4,2,273.2785657,5,-0.174095058,4,0.000365656,2.63E-05,0.067051625,0.932948375,0,2
9,bimodal,Task B ,2,2,1,0.708840942,2,2,74.61951874,6,-1.562478104,2,1.73E-09,1.22E-05,0.999858094,0.999858094,1,6
10,bimodal,Task B ,2,2,1,1.565914245,3,2,191.0240321,1,0.729954964,3,1.56E-09,1.21E-05,0.99987144,0.99987144,0,6
10,bimodal,Task B ,1,2,1,0.453899502,4,1,138.2208859,2,0.004588488,4,0.000176512,2.51E-05,0.124542074,0.875457926,1,3
10,bimodal,Task B ,1,1,1,0.390013572,2,1,214.1446483,3,0.281944837,2,0.000157861,2.49E-05,0.13641283,0.86358717,1,4
10,bimodal,Task B ,1,2,1,-0.075794639,1,1,155.4114597,4,-0.177628127,1,0.000364712,2.63E-05,0.067203404,0.932796596,0,3
10,bimodal,Task B ,1,2,0,0.088654312,2,2,338.4104977,5,0.803220375,2,2.66E-05,2.23E-05,0.456044457,0.543955543,0,3
10,bimodal,Task B ,1,2,1,-0.403174933,3,1,312.1459263,6,-0.22359022,3,0.000178793,2.51E-05,0.123235371,0.876764629,1,3
1,bimodal,Task B ,1,2,1,0.371630073,4,1,72.28313894,1,-0.116260356,4,0.000222224,2.55E-05,0.102844961,0.897155039,1,3
1,bimodal,Task B ,1,2,1,-0.401343715,1,1,205.2136196,2,0.130250748,1,0.000205969,2.54E-05,0.109604006,0.890395994,1,3
1,bimodal,Task B ,1,3,1,-0.28884818,1,1,72.58139263,3,0.095216908,1,0.000292514,2.59E-05,0.081386472,0.918613528,1,2
1,bimodal,Task B ,1,4,1,0.475979759,4,1,145.2459806,4,0.156627658,4,0.000145754,2.48E-05,0.145467921,0.854532079,1,1
1,bimodal,Task B ,1,2,1,0.102936383,2,1,258.3398655,5,-0.086358193,2,0.00039196,2.64E-05,0.063090656,0.936909344,1,3
1,bimodal,Task B ,1,3,1,0.111795312,4,1,64.76608881,6,-0.303870793,4,0.000272318,2.58E-05,0.086543827,0.913456173,0,2
2,bimodal,Task B ,2,2,0,0.414658782,3,1,125.3697771,1,0.597897387,3,4.48E-05,2.30E-05,0.339915682,0.660084318,0,6
2,bimodal,Task B ,2,3,0,-0.038008502,2,1,121.1816364,2,-0.332727626,2,0.000265804,2.58E-05,0.088354998,0.911645002,0,7
2,bimodal,Task B ,1,2,1,-0.120668971,1,1,219.0542913,3,0.080888727,1,0.000390454,2.64E-05,0.063304319,0.936695681,1,3
2,bimodal,Task B ,2,2,0,-0.006602273,1,1,113.9666278,4,-0.141920139,1,0.000390435,2.64E-05,0.063307139,0.936692861,0,6
2,bimodal,Task B ,1,3,1,0.085261675,2,1,5.763663414,5,-0.209260711,2,0.00034166,2.62E-05,0.071143613,0.928856387,0,2
2,bimodal,Task B ,2,4,1,1.603055721,4,2,27.09081233,6,0.099921559,4,8.74E-09,1.35E-05,0.999353348,0.999353348,0,8
3,bimodal,Task B ,1,4,1,-0.115368268,3,1,217.1964483,1,0.209567877,3,0.000334636,2.61E-05,0.072441446,0.927558554,0,1
3,bimodal,Task B ,2,2,1,0.644738961,3,2,78.93336076,2,-0.791587965,3,5.25E-06,2.02E-05,0.793464419,0.793464419,1,6
3,bimodal,Task B ,1,3,1,0.118064077,1,1,235.9416643,3,-0.174464541,1,0.000350913,2.62E-05,0.069505789,0.930494211,0,2
3,bimodal,Task B ,1,4,0,-0.057138815,3,2,138.9298668,4,-0.050072208,3,0.00041559,2.65E-05,0.059923502,0.940076498,1,1
3,bimodal,Task B ,2,2,1,1.069782652,3,2,52.79648597,5,0.554009827,3,9.47E-07,1.81E-05,0.950294521,0.950294521,0,6
3,bimodal,Task B ,2,2,1,-0.870241928,3,2,212.0178841,6,-2.130015837,3,9.39E-14,6.61E-06,0.999999986,0.999999986,1,6
4,bimodal,Task B ,1,4,1,-0.784398763,4,1,48.47449607,1,0.295974105,4,2.36E-05,2.21E-05,0.48438733,0.51561267,1,1
4,bimodal,Task B ,1,2,1,0.13702242,3,1,60.53197546,2,0.091051467,3,0.000376185,2.63E-05,0.065405796,0.934594204,1,3
4,bimodal,Task B ,2,2,1,-1.943315878,1,2,246.3663368,3,0.706132832,1,8.71E-12,8.77E-06,0.999999007,0.999999007,0,6
4,bimodal,Task B ,1,2,0,1.439135597,4,2,235.3059663,4,0.186161882,4,6.29E-08,1.53E-05,0.995901681,0.995901681,0,3
4,bimodal,Task B ,2,3,1,-0.580765557,3,2,216.6411365,5,-1.131240491,3,4.91E-07,1.74E-05,0.972540641,0.972540641,1,7
4,bimodal,Task B ,1,3,0,0.911398949,4,2,190.3852822,6,-0.007805836,4,1.29E-05,2.13E-05,0.622883562,0.622883562,0,2
5,bimodal,Task B ,1,1,0,0.692930912,1,2,99.50163932,1,1.945371947,1,6.31E-12,8.60E-06,0.999999266,0.999999266,1,4
5,bimodal,Task B ,2,3,1,-1.016522538,2,2,277.7296979,2,-1.40370788,2,1.51E-09,1.21E-05,0.999875091,0.999875091,1,7
5,bimodal,Task B ,1,1,0,-0.376890136,4,2,169.7251863,3,-0.850494831,4,1.14E-05,2.12E-05,0.649627452,0.649627452,1,4
5,bimodal,Task B ,2,4,1,-1.053008597,2,2,68.01823041,4,-1.778369766,2,7.25E-12,8.67E-06,0.999999164,0.999999164,1,8
5,bimodal,Task B ,1,4,1,0.067754898,1,1,222.0058895,5,-0.295764627,1,0.000287817,2.59E-05,0.082528408,0.917471592,0,1
5,bimodal,Task B ,2,2,0,-0.063644511,3,1,334.098535,6,0.545212464,3,0.000118613,2.45E-05,0.171160938,0.828839062,0,6
6,bimodal,Task B ,2,2,1,1.640829442,4,2,183.0830981,1,-1.444965367,4,8.28E-13,7.57E-06,0.999999891,0.999999891,0,6
6,bimodal,Task B ,1,2,1,0.168540373,3,1,328.5586561,2,0.042202568,3,0.000371154,2.63E-05,0.066181559,0.933818441,1,3
6,bimodal,Task B ,1,2,1,-0.499136602,1,1,168.6735427,3,-0.248905143,1,0.000119229,2.45E-05,0.170472479,0.829527521,1,3
6,bimodal,Task B ,2,2,0,0.17476045,1,1,52.8933983,4,0.114436798,1,0.000350334,2.62E-05,0.069606091,0.930393909,1,6
6,bimodal,Task B ,2,2,0,0.353413086,1,1,178.331644,5,-0.190673948,1,0.000213537,2.54E-05,0.106345676,0.893654324,1,6
6,bimodal,Task B ,1,2,0,-0.393014393,2,2,129.9059685,6,-0.023643508,2,0.000227188,2.55E-05,0.100949594,0.899050406,1,3
7,bimodal,Task B ,1,1,0,-0.055247234,2,2,94.94994775,1,-0.943372918,2,9.92E-06,2.10E-05,0.678970214,0.678970214,1,4
7,bimodal,Task B ,2,1,1,2.35404539,1,2,152.2069075,2,-1.678048022,1,2.70E-19,2.98E-06,1,1,0,5
7,bimodal,Task B ,1,1,1,0.305917729,1,1,137.2813826,3,-0.237162092,1,0.000224227,2.55E-05,0.102071444,0.897928556,1,4
7,bimodal,Task B ,1,1,0,3.404418996,2,2,301.4158285,4,2.928338335,2,8.36E-41,1.35E-07,1,1,0,4
7,bimodal,Task B ,1,1,1,-0.016865824,2,1,163.1950469,5,0.256878398,2,0.000320142,2.61E-05,0.075280714,0.924719286,0,4
7,bimodal,Task B ,1,1,0,-0.908163815,1,2,122.0825656,6,-0.72027616,1,1.63E-06,1.87E-05,0.920068049,0.920068049,0,4
8,bimodal,Task B ,1,4,0,-0.911189995,3,2,340.298512,1,2.511171029,3,3.77E-17,4.05E-06,1,1,1,1
8,bimodal,Task B ,1,4,1,0.002236234,1,1,341.4595685,2,0.236861409,1,0.00033394,2.61E-05,0.072572703,0.927427297,0,1
8,bimodal,Task B ,2,1,0,0.328373809,4,1,260.8314124,3,0.155453989,4,0.000240682,2.56E-05,0.096145054,0.903854946,1,5
8,bimodal,Task B ,1,4,1,0.202467949,3,1,118.4335952,4,0.250928854,3,0.000271003,2.58E-05,0.086903208,0.913096792,0,1
8,bimodal,Task B ,2,4,1,1.860465668,4,2,328.4949347,5,-1.667064476,4,1.82E-15,5.17E-06,1,1,0,8
8,bimodal,Task B ,1,4,1,-0.030466804,3,1,317.4920011,6,0.181492009,3,0.000367632,2.63E-05,0.066736267,0.933263733,0,1
9,bimodal,Task B ,1,1,0,-0.491857891,3,2,266.8880749,1,-1.138136877,3,6.80E-07,1.77E-05,0.963094762,0.963094762,1,4
9,bimodal,Task B ,2,1,0,-0.230120908,2,1,57.40739601,2,-0.046548275,2,0.000341376,2.62E-05,0.0711952,0.9288048,1,5
9,bimodal,Task B ,1,3,0,-0.175752392,1,2,20.38588963,3,-0.325616484,1,0.000241465,2.56E-05,0.095880741,0.904119259,0,2
9,bimodal,Task B ,1,1,0,2.568748832,3,2,114.6531014,4,-1.603109047,3,9.37E-21,2.41E-06,1,1,0,4
9,bimodal,Task B ,2,1,1,-0.222419576,1,2,282.5319303,5,2.632060976,1,6.76E-17,4.21E-06,1,1,1,5
9,bimodal,Task B ,1,3,0,-0.336996332,2,2,149.1491096,6,-0.456069607,2,0.000112402,2.44E-05,0.178432453,0.821567547,0,2
10,bimodal,Task B ,1,1,1,0.2354088,4,1,259.505789,1,0.144387788,4,0.000304799,2.60E-05,0.078549078,0.921450922,1,4
10,bimodal,Task B ,2,1,1,0.266623858,4,2,178.5662786,2,-1.540922382,4,1.41E-08,1.39E-05,0.998989997,0.998989997,1,5
10,bimodal,Task B ,1,2,1,0.163285638,4,1,185.1486857,3,0.159395539,4,0.000338007,2.62E-05,0.071812524,0.928187476,1,3
10,bimodal,Task B ,1,2,1,0.052471729,2,1,356.2401489,4,0.151052914,2,0.000379416,2.63E-05,0.064917416,0.935082584,0,3
10,bimodal,Task B ,2,1,1,-1.808830478,4,2,82.93786413,5,0.584327723,4,1.37E-10,1.04E-05,0.999986874,0.999986874,0,5
10,bimodal,Task B ,1,2,0,-0.207359591,3,2,150.2182083,6,-2.021137414,3,1.19E-11,8.95E-06,0.999998671,0.999998671,1,3
1,bimodal,Task B ,2,3,1,-0.333155777,1,2,66.24672863,1,-3.354674261,1,6.59E-25,1.33E-06,1,1,1,7
1,bimodal,Task B ,2,2,1,-1.650488466,2,2,114.4195784,2,1.197101433,2,1.31E-11,9.00E-06,0.999998547,0.999998547,0,6
1,bimodal,Task B ,1,3,1,0.189866238,3,1,118.2763191,3,0.090700321,3,0.000349365,2.62E-05,0.069774356,0.930225644,1,2
1,bimodal,Task B ,2,1,1,-0.246085843,1,2,263.6719675,4,-0.470399653,1,0.000131892,2.47E-05,0.157504707,0.842495293,0,5
1,bimodal,Task B ,2,1,1,0.148239281,3,2,47.88986171,5,-1.092298528,3,2.53E-06,1.93E-05,0.883907849,0.883907849,1,5
1,bimodal,Task B ,1,3,1,0.00274702,2,1,232.8694714,6,0.072966953,2,0.000414516,2.65E-05,0.060060243,0.939939757,0,2
2,bimodal,Task B ,1,2,1,-0.27388867,3,1,15.98710761,1,-0.412220982,3,0.000154376,2.49E-05,0.13889721,0.86110279,0,3
2,bimodal,Task B ,1,3,0,0.567863105,2,2,66.95392358,2,-0.749494753,2,1.02E-05,2.10E-05,0.67334506,0.67334506,1,2
2,bimodal,Task B ,2,1,0,0.140464312,2,1,337.709628,3,0.144684091,2,0.000354952,2.62E-05,0.068815176,0.931184824,0,5
2,bimodal,Task B ,2,3,1,1.552917419,1,2,218.2291912,4,0.586503059,1,4.11E-09,1.29E-05,0.999681558,0.999681558,0,7
2,bimodal,Task B ,1,2,1,0.118754399,4,1,139.0263841,5,-0.241902095,4,0.000311703,2.60E-05,0.077042603,0.922957397,0,3
2,bimodal,Task B ,1,4,1,-0.026004195,3,1,329.2118502,6,-0.086759991,3,0.000410833,2.65E-05,0.060534344,0.939465656,0,1
3,bimodal,Task B ,2,4,1,1.622018786,4,2,293.7420946,1,1.616130444,4,1.13E-13,6.69E-06,0.999999983,0.999999983,1,8
3,bimodal,Task B ,2,1,0,-0.379887793,1,1,250.8314774,2,-0.152464224,1,0.000215499,2.54E-05,0.105533697,0.894466303,1,5
3,bimodal,Task B ,2,2,0,-0.101968331,1,1,359.5330775,3,0.545305338,1,0.000115688,2.45E-05,0.174506441,0.825493559,0,6
3,bimodal,Task B ,2,4,1,-2.644159298,1,2,5.686816933,4,2.392017431,1,3.74E-27,9.61E-07,1,1,0,8
3,bimodal,Task B ,1,2,1,0.092864643,2,1,187.9150884,5,0.006475024,2,0.000407522,2.65E-05,0.060967215,0.939032785,1,3
3,bimodal,Task B ,2,2,1,-1.115041789,3,2,237.7466166,6,-0.993605061,3,4.01E-08,1.49E-05,0.997307055,0.997307055,0,6
4,bimodal,Task B ,2,3,1,-1.497351407,3,2,279.5504678,1,1.307329202,3,2.99E-11,9.48E-06,0.999996844,0.999996844,0,7
4,bimodal,Task B ,2,4,1,-2.845229089,4,2,39.97956499,2,-2.997447165,4,4.28E-35,3.06E-07,1,1,1,8
4,bimodal,Task B ,1,3,0,0.811333668,4,2,172.4813395,3,-0.135406788,4,2.46E-05,2.22E-05,0.474341425,0.525658575,1,2
4,bimodal,Task B ,1,2,1,0.211354354,4,1,32.80563918,4,0.017280011,4,0.000348481,2.62E-05,0.069928614,0.930071386,1,3
4,bimodal,Task B ,1,3,0,-1.22078805,2,2,323.1151336,5,-2.983062249,2,4.64E-23,1.73E-06,1,1,1,2
4,bimodal,Task B ,1,2,1,-0.361655016,2,1,166.5045841,6,0.080350643,2,0.000243837,2.56E-05,0.095089374,0.904910626,1,3
5,bimodal,Task B ,2,4,1,1.707070332,2,2,123.7015733,1,-2.481177457,2,1.16E-20,2.45E-06,1,1,1,8
5,bimodal,Task B ,2,4,1,-1.509665213,2,2,88.86920579,2,1.439240139,2,5.55E-12,8.53E-06,0.999999349,0.999999349,0,8
5,bimodal,Task B ,1,4,1,0.637196342,2,1,227.008435,3,0.011017528,2,7.62E-05,2.38E-05,0.238132354,0.761867646,1,1
5,bimodal,Task B ,1,1,0,0.318174001,3,2,180.5505714,4,1.720087633,3,1.01E-09,1.18E-05,0.999914149,0.999914149,1,4
5,bimodal,Task B ,2,4,1,1.257476473,3,2,182.8907481,5,2.528260117,3,1.05E-18,3.24E-06,1,1,1,8
5,bimodal,Task B ,1,4,1,0.02974717,1,1,230.2913813,6,-0.036541365,1,0.000419997,2.65E-05,0.059368733,0.940631267,0,1
6,bimodal,Task B ,2,1,1,-0.617144174,2,2,74.42769391,1,-0.137136255,2,8.31E-05,2.40E-05,0.223683068,0.776316932,1,5
6,bimodal,Task B ,2,2,1,3.260150468,3,2,45.11781352,2,-2.099684861,3,2.10E-31,5.21E-07,1,1,0,6
6,bimodal,Task B ,2,2,0,-0.145797977,4,1,308.6393955,3,-0.204082113,4,0.00032888,2.61E-05,0.073542043,0.926457957,0,6
6,bimodal,Task B ,2,2,1,1.836142406,4,2,87.91760443,4,-1.199289834,4,7.57E-13,7.53E-06,0.999999899,0.999999899,0,6
6,bimodal,Task B ,2,2,1,0.81045088,2,2,28.79180695,5,0.086931984,2,2.58E-05,2.23E-05,0.462903317,0.537096683,1,6
6,bimodal,Task B ,1,2,1,0.18113148,1,1,254.5631447,6,0.292128184,1,0.000255244,2.57E-05,0.091464468,0.908535532,0,3
7,bimodal,Task B ,1,1,1,0.32117536,2,1,345.9062771,1,-0.066264657,2,0.000267519,2.58E-05,0.087870692,0.912129308,1,4
7,bimodal,Task B ,2,4,1,-1.912816181,3,2,154.2053642,2,-0.243418031,3,9.16E-11,1.02E-05,0.999990992,0.999990992,0,8
7,bimodal,Task B ,1,4,0,0.18453948,4,2,154.4407442,3,-0.050829483,4,0.000361425,2.63E-05,0.06773738,0.93226262,1,1
7,bimodal,Task B ,1,4,0,0.169607865,3,2,201.2546696,4,0.001784768,3,0.00037354,2.63E-05,0.065811298,0.934188702,1,1
7,bimodal,Task B ,2,4,0,-0.301411051,4,1,60.65025509,5,0.335904937,4,0.000182655,2.52E-05,0.121086993,0.878913007,0,8
7,bimodal,Task B ,1,4,1,0.075180057,4,1,73.28569766,6,0.807192893,4,2.62E-05,2.23E-05,0.46005739,0.53994261,0,1
8,bimodal,Task B ,1,4,0,0.135299646,1,2,317.0030892,1,-2.135262057,1,1.75E-12,7.94E-06,0.999999779,0.999999779,1,1
8,bimodal,Task B ,1,4,1,-0.542267076,1,1,256.1083893,2,-0.205052294,1,0.000107785,2.43E-05,0.184270411,0.815729589,1,1
8,bimodal,Task B ,2,4,1,-2.050670765,1,2,327.2139575,3,-1.061811738,1,1.06E-13,6.66E-06,0.999999984,0.999999984,0,8
8,bimodal,Task B ,1,4,1,-0.215466012,3,1,177.1997969,4,-0.109050841,3,0.000336651,2.61E-05,0.072064041,0.927935959,1,1
8,bimodal,Task B ,2,4,1,-1.671258873,2,2,218.9757149,5,0.344104683,2,2.55E-09,1.25E-05,0.999796205,0.999796205,0,8
8,bimodal,Task B ,1,4,1,-0.185985595,4,1,122.9036149,6,0.179993782,4,0.000322788,2.61E-05,0.074745125,0.925254875,0,1
9,bimodal,Task B ,1,1,0,-1.005309556,1,2,303.4168514,1,-0.319659792,1,4.37E-06,1.99E-05,0.820244859,0.820244859,0,4
9,bimodal,Task B ,1,1,1,-0.722164849,1,1,43.41013691,2,0.152625699,1,4.56E-05,2.31E-05,0.336111058,0.663888942,1,4
9,bimodal,Task B ,1,1,1,-0.50027466,2,1,122.7753714,3,0.430057726,2,7.01E-05,2.37E-05,0.252742818,0.747257182,1,4
9,bimodal,Task B ,1,2,0,0.066946252,1,2,14.93478649,4,0.87603955,1,1.61E-05,2.16E-05,0.573048336,0.573048336,1,3
9,bimodal,Task B ,1,1,1,-0.182352499,1,1,320.7540494,5,0.276991584,1,0.000268857,2.58E-05,0.087496355,0.912503645,0,4
9,bimodal,Task B ,1,2,1,-0.587696108,4,1,227.1611284,6,0.230675468,4,8.29E-05,2.40E-05,0.224240394,0.775759606,1,3
10,bimodal,Task B ,2,1,1,2.2482547,1,2,19.08828202,1,-2.61076444,1,9.62E-26,1.18E-06,1,1,1,5
10,bimodal,Task B ,2,1,1,1.300293132,3,2,19.07806627,2,-0.567835233,3,9.20E-08,1.57E-05,0.994160564,0.994160564,0,5
10,bimodal,Task B ,1,1,1,0.518060993,2,1,50.29866931,3,-0.03552911,2,0.00013518,2.47E-05,0.154466258,0.845533742,1,4
10,bimodal,Task B ,1,2,1,0.313913503,4,1,344.3152274,4,-0.208661618,4,0.000231601,2.55E-05,0.099324346,0.900675654,1,3
10,bimodal,Task B ,1,2,1,-0.131864761,2,1,133.913496,5,0.549502054,2,0.000110371,2.44E-05,0.180951985,0.819048015,0,3
10,bimodal,Task B ,1,1,1,0.059036204,2,1,128.1044917,6,0.111996433,2,0.00039508,2.64E-05,0.062652845,0.937347155,0,4
1,bimodal,Task B ,2,2,1,-0.015036827,1,2,162.2880303,1,1.027847251,1,4.85E-06,2.01E-05,0.805256889,0.805256889,1,6
1,bimodal,Task B ,1,3,0,-0.16430213,4,2,9.11255622,2,-0.573214921,4,9.61E-05,2.42E-05,0.2009503,0.7990497,0,2
1,bimodal,Task B ,1,3,1,0.086777851,4,1,265.6043176,3,-0.566466808,4,0.000106373,2.43E-05,0.186135395,0.813864605,0,2
1,bimodal,Task B ,2,3,1,-1.110662269,2,2,131.1149769,4,0.962233026,2,5.30E-08,1.51E-05,0.996509961,0.996509961,0,7
1,bimodal,Task B ,1,3,0,-1.005157949,3,2,46.68356159,5,-0.134084786,3,6.23E-06,2.04E-05,0.765942209,0.765942209,0,2
1,bimodal,Task B ,1,1,1,0.176498603,1,1,74.91786753,6,8.16E-05,1,0.00036975,2.63E-05,0.066401519,0.933598481,1,4
2,bimodal,Task B ,1,3,0,0.908069977,2,2,110.1656061,1,-1.236584995,2,2.11E-08,1.43E-05,0.998523349,0.998523349,1,2
2,bimodal,Task B ,2,3,1,-0.390039193,2,2,222.3032672,2,0.395260936,2,0.000118331,2.45E-05,0.171476976,0.828523024,0,7
2,bimodal,Task B ,1,2,0,0.067407999,4,2,195.5626259,3,1.566621838,4,1.29E-08,1.38E-05,0.999068235,0.999068235,1,3
2,bimodal,Task B ,1,2,1,-0.092321161,4,1,278.4753412,4,0.337655257,4,0.000253283,2.57E-05,0.092067087,0.907932913,0,3
2,bimodal,Task B ,2,2,1,1.974511474,2,2,114.4127123,5,0.374347011,2,1.98E-11,9.24E-06,0.999997851,0.999997851,0,6
2,bimodal,Task B ,2,4,1,1.873149609,4,2,205.2874763,6,0.566738679,4,4.68E-11,9.75E-06,0.999995198,0.999995198,0,8
3,bimodal,Task B ,1,1,1,0.31844994,3,1,75.71166661,1,-0.490447338,3,9.99E-05,2.42E-05,0.195176216,0.804823784,0,4
3,bimodal,Task B ,2,3,1,1.652493214,4,2,90.21094093,2,1.928711072,4,6.92E-16,4.86E-06,1,1,1,7
3,bimodal,Task B ,2,2,0,-0.482905802,1,1,218.7615461,3,-0.326259426,1,0.000105585,2.43E-05,0.187194383,0.812805617,1,6
3,bimodal,Task B ,1,4,1,-0.303608873,2,1,66.28105058,4,0.199798424,2,0.00024752,2.56E-05,0.093886766,0.906113234,1,1
3,bimodal,Task B ,2,4,1,2.885540625,1,2,114.1249363,5,-0.541525828,1,1.04E-19,2.81E-06,1,1,0,8
3,bimodal,Task B ,1,3,1,0.32558625,3,1,157.5942717,6,0.056822238,3,0.000265248,2.58E-05,0.088513369,0.911486631,1,2
4,bimodal,Task B ,2,1,1,1.624745717,3,2,158.17629,1,2.153337447,3,2.10E-17,3.91E-06,1,1,1,5
4,bimodal,Task B ,1,2,0,0.539389136,2,2,178.3000812,2,1.439023442,2,1.94E-08,1.42E-05,0.998633726,0.998633726,1,3
4,bimodal,Task B ,1,1,1,-0.039826599,2,1,226.035319,3,-0.299572418,2,0.000290146,2.59E-05,0.08195808,0.91804192,0,4
4,bimodal,Task B ,1,2,1,-0.167291498,3,1,45.61507776,4,0.746559025,3,3.59E-05,2.27E-05,0.387593921,0.612406079,0,3
4,bimodal,Task B ,2,2,1,-0.878852848,2,2,55.76347511,5,-0.040646682,2,1.78E-05,2.18E-05,0.550133648,0.550133648,0,6
4,bimodal,Task B ,1,2,0,-0.628024008,3,2,10.39335714,6,-0.0510999,3,8.41E-05,2.40E-05,0.221789307,0.778210693,1,3
5,bimodal,Task B ,1,3,0,0.847771442,3,2,157.837308,1,0.36029814,3,1.19E-05,2.12E-05,0.641206493,0.641206493,0,2
5,bimodal,Task B ,1,1,1,-0.082875076,1,1,66.54994324,2,0.421456826,1,0.0001947,2.53E-05,0.114858927,0.885141073,0,4
5,bimodal,Task B ,1,3,1,-0.529419476,1,1,76.26049302,3,0.313080668,1,8.95E-05,2.41E-05,0.211857978,0.788142022,1,2
5,bimodal,Task B ,1,2,0,1.283676282,1,2,51.05519295,4,-1.345478397,1,2.08E-10,1.07E-05,0.999980585,0.999980585,1,3
5,bimodal,Task B ,2,2,1,0.719958983,1,2,258.5429468,5,0.674157169,1,6.94E-06,2.05E-05,0.747075289,0.747075289,0,6
5,bimodal,Task B ,1,4,0,-0.577380384,3,2,74.65772403,6,-1.215616377,3,2.16E-07,1.65E-05,0.987065792,0.987065792,1,1
6,bimodal,Task B ,2,2,0,-0.73723376,4,1,234.1284964,1,-0.039558833,4,4.57E-05,2.31E-05,0.335425854,0.664574146,1,6
6,bimodal,Task B ,1,2,1,0.328113111,2,1,101.8269747,2,-0.400359146,2,0.000136429,2.47E-05,0.153343254,0.846656746,0,3
6,bimodal,Task B ,2,2,0,-0.024364478,3,1,301.3975963,3,0.357176448,3,0.000246344,2.56E-05,0.094267231,0.905732769,0,6
6,bimodal,Task B ,1,2,1,-0.177449298,2,1,347.2789283,4,-0.102108877,2,0.000359738,2.63E-05,0.068014892,0.931985108,1,3
6,bimodal,Task B ,1,1,0,-0.694321187,1,2,57.29115065,5,-1.171057235,1,1.84E-07,1.63E-05,0.988883613,0.988883613,1,4
6,bimodal,Task B ,1,3,1,0.264914739,2,1,101.7273332,6,0.143267937,2,0.000286668,2.59E-05,0.082812609,0.917187391,1,2
7,bimodal,Task B ,1,4,0,-1.000504265,2,2,245.8665542,1,-1.847501181,2,3.93E-12,8.35E-06,0.999999529,0.999999529,1,1
7,bimodal,Task B ,2,4,0,0.736392725,4,1,30.67358471,2,0.135405079,4,3.98E-05,2.29E-05,0.364765617,0.635234383,1,8
7,bimodal,Task B ,1,4,1,-0.011645564,3,1,178.4860324,3,-0.14217277,3,0.000390262,2.64E-05,0.063331753,0.936668247,0,1
7,bimodal,Task B ,1,4,0,-0.095075728,3,2,286.4449459,4,-0.315768727,3,0.000270473,2.58E-05,0.087049021,0.912950979,0,1
7,bimodal,Task B ,1,4,1,-0.045580174,3,1,253.2456955,5,0.308703095,3,0.000281005,2.59E-05,0.08424466,0.91575534,0,1
7,bimodal,Task B ,2,1,1,2.848894454,4,2,170.1399036,6,-1.347380129,4,4.09E-22,1.98E-06,1,1,0,5
8,bimodal,Task B ,1,4,1,0.034663339,4,1,107.4151306,1,-0.15391155,4,0.000382088,2.64E-05,0.06451915,0.93548085,0,1
8,bimodal,Task B ,2,4,1,0.917507791,4,2,197.3168111,2,-0.167200126,4,1.10E-05,2.11E-05,0.657977125,0.657977125,0,8
8,bimodal,Task B ,1,4,1,-0.092386048,3,1,23.0565849,3,-0.271610264,3,0.000302214,2.60E-05,0.079129116,0.920870884,0,1
8,bimodal,Task B ,2,1,1,-0.085004493,2,2,286.6608468,4,2.001372852,2,1.83E-11,9.19E-06,0.999998004,0.999998004,1,5
8,bimodal,Task B ,1,4,0,-0.364253657,1,2,132.9748861,5,0.543121361,1,7.12E-05,2.37E-05,0.249906097,0.750093903,0,1
8,bimodal,Task B ,1,4,1,0.526483215,1,1,21.66702087,6,-0.336352016,1,8.15E-05,2.39E-05,0.226917385,0.773082615,1,1
9,bimodal,Task B ,1,2,1,0.174428733,2,1,64.24341699,1,-0.402810464,2,0.000187825,2.52E-05,0.118329657,0.881670343,0,3
9,bimodal,Task B ,1,2,1,-0.117530298,1,1,103.7578837,2,0.114381686,1,0.000380804,2.63E-05,0.064709943,0.935290057,0,3
9,bimodal,Task B ,2,2,1,1.83166149,1,2,337.9230603,3,2.869012499,1,2.73E-25,1.26E-06,1,1,1,6
9,bimodal,Task B ,1,3,1,0.187304403,3,1,42.35712912,4,-0.403748317,3,0.00018353,2.52E-05,0.120611104,0.879388896,0,2
9,bimodal,Task B ,1,1,0,-2.091566811,1,2,28.63975258,5,-2.172028895,1,1.39E-20,2.47E-06,1,1,1,4
9,bimodal,Task B ,1,2,0,1.572890455,3,2,75.2121701,6,0.74201398,3,1.32E-09,1.20E-05,0.999889999,0.999889999,0,3
10,bimodal,Task B ,1,1,1,0.332178439,3,1,77.38631754,1,-0.206510769,3,0.000221162,2.55E-05,0.103260114,0.896739886,1,4
10,bimodal,Task B ,1,1,1,-0.56433486,1,1,256.5944816,2,-0.001911967,1,0.000116163,2.45E-05,0.173954844,0.826045156,1,4
10,bimodal,Task B ,2,1,0,0.36685349,1,1,121.9221084,3,0.482948013,1,8.86E-05,2.41E-05,0.213471574,0.786528426,0,5
10,bimodal,Task B ,1,2,1,-0.841239225,1,1,146.7686545,4,-0.416258954,1,1.13E-05,2.11E-05,0.651643586,0.651643586,0,3
10,bimodal,Task B ,1,1,1,-0.390508168,1,1,49.83431908,5,0.073393705,1,0.000224158,2.55E-05,0.102097967,0.897902033,1,4
10,bimodal,Task B ,2,1,1,-1.032382374,2,2,200.3666102,6,-1.324296624,2,3.30E-09,1.27E-05,0.999740658,0.999740658,1,5
1,bimodal,Task B ,1,2,1,-0.476867813,1,1,101.193513,1,0.47464636,1,6.49E-05,2.36E-05,0.266604466,0.733395534,0,3
1,bimodal,Task B ,2,2,1,-2.934075418,2,2,247.1807814,2,0.613856404,2,2.95E-20,2.59E-06,1,1,0,6
1,bimodal,Task B ,1,2,0,0.358230192,3,2,220.1155527,3,-1.346819369,3,1.17E-07,1.59E-05,0.992663197,0.992663197,1,3
1,bimodal,Task B ,2,1,1,-0.715240587,1,2,192.8355671,4,3.471978629,1,4.01E-27,9.65E-07,1,1,1,5
1,bimodal,Task B ,2,4,1,-1.232217874,4,2,314.7196547,5,-3.339179415,4,3.09E-27,9.50E-07,1,1,1,8
1,bimodal,Task B ,1,4,1,-0.023748372,3,1,295.2925125,6,-0.082819428,3,0.000412123,2.65E-05,0.060367381,0.939632619,0,1
2,bimodal,Task B ,2,1,1,0.878548861,1,2,6.47271359,1,-1.29085574,1,1.48E-08,1.40E-05,0.998943918,0.998943918,1,5
2,bimodal,Task B ,1,2,1,-0.297857278,1,1,15.53350641,2,0.135308287,1,0.000275209,2.58E-05,0.085764239,0.914235761,1,3
2,bimodal,Task B ,2,3,1,-1.292916693,4,2,295.3858112,3,-0.377211661,4,2.40E-07,1.66E-05,0.985746146,0.985746146,0,7
2,bimodal,Task B ,2,3,1,-2.448681893,2,2,315.8467179,4,-2.656873542,2,8.66E-28,8.77E-07,1,1,1,7
2,bimodal,Task B ,1,3,1,0.645621591,3,1,54.38412118,5,-0.276879005,3,5.29E-05,2.33E-05,0.305634686,0.694365314,1,2
2,bimodal,Task B ,2,4,1,-1.667256199,2,2,305.3072768,6,-0.648143488,2,7.63E-10,1.16E-05,0.999934267,0.999934267,0,8
3,bimodal,Task B ,2,3,1,0.481580246,3,2,102.4856434,1,-0.483010501,3,5.95E-05,2.35E-05,0.282927376,0.717072624,1,7
3,bimodal,Task B ,1,4,1,-0.206601817,1,1,239.4494193,2,0.197386552,1,0.00030383,2.60E-05,0.078765548,0.921234452,1,1
3,bimodal,Task B ,1,4,1,-0.154598374,2,1,243.7038435,3,-0.251056904,2,0.000297498,2.59E-05,0.080210255,0.919789745,0,1
3,bimodal,Task B ,1,3,0,-0.20916991,1,2,292.696741,4,3.446431981,1,5.76E-26,1.14E-06,1,1,1,2
3,bimodal,Task B ,1,2,1,-0.186037415,4,1,228.6646,5,-0.507345086,4,0.000125814,2.46E-05,0.16346365,0.83653635,0,3
3,bimodal,Task B ,1,1,1,0.665346812,3,1,85.78144532,6,0.002755814,3,6.54E-05,2.36E-05,0.265126179,0.734873821,1,4
4,bimodal,Task B ,1,3,1,0.352735996,1,1,294.615918,1,-0.055989737,1,0.000245811,2.56E-05,0.094440922,0.905559078,1,2
4,bimodal,Task B ,1,4,1,0.088707185,4,1,89.27074623,2,0.092660384,4,0.000394018,2.64E-05,0.062801163,0.937198837,0,1
4,bimodal,Task B ,1,1,1,0.240446306,2,1,221.6276544,3,-0.227825258,2,0.000265741,2.58E-05,0.088372902,0.911627098,1,4
4,bimodal,Task B ,1,3,0,0.287147387,3,2,5.835949806,4,0.108685318,3,0.000282442,2.59E-05,0.083876394,0.916123606,1,2
4,bimodal,Task B ,1,2,0,0.400899508,2,2,176.5641397,5,-0.340470948,2,0.000131451,2.47E-05,0.157922174,0.842077826,1,3
4,bimodal,Task B ,1,3,1,-0.18031754,4,1,21.27768612,6,-0.234149194,4,0.000297467,2.59E-05,0.080217408,0.919782592,0,2
5,bimodal,Task B ,1,4,0,0.151113271,3,2,122.8273315,1,-0.20016881,3,0.0003243,2.61E-05,0.074442878,0.925557122,0,1
5,bimodal,Task B ,1,3,0,0.174742361,3,2,293.5739845,2,-0.71848641,3,4.23E-05,2.30E-05,0.351968188,0.648031812,0,2
5,bimodal,Task B ,1,2,1,-0.082317406,4,1,286.6737135,3,-0.35178975,4,0.000246623,2.56E-05,0.094176967,0.905823033,0,3
5,bimodal,Task B ,2,1,1,-0.272318096,2,2,283.3929466,4,0.319769115,2,0.000204459,2.53E-05,0.110278911,0.889721089,0,5
5,bimodal,Task B ,2,2,1,0.406557508,4,2,122.7150891,5,-0.905657126,4,6.64E-06,2.05E-05,0.755020319,0.755020319,1,6
5,bimodal,Task B ,1,3,0,1.083148804,1,2,182.7933456,6,-0.476728024,1,1.19E-06,1.84E-05,0.939187954,0.939187954,0,2
6,bimodal,Task B ,1,2,0,1.062157006,1,2,152.059931,1,-0.797043751,1,2.57E-07,1.67E-05,0.98481754,0.98481754,0,3
6,bimodal,Task B ,1,2,1,-0.034399229,4,1,88.06360241,2,0.136191451,4,0.000390515,2.64E-05,0.063295764,0.936704236,0,3
6,bimodal,Task B ,2,2,0,0.799193775,2,1,319.8749842,3,0.177085867,2,2.52E-05,2.22E-05,0.468901144,0.531098856,1,6
6,bimodal,Task B ,1,2,0,-0.076000339,1,2,331.4629774,4,-0.300001378,1,0.000285324,2.59E-05,0.083148093,0.916851907,0,3
6,bimodal,Task B ,1,2,0,-0.379416304,2,2,338.3762253,5,-1.30265791,2,1.87E-07,1.64E-05,0.988714535,0.988714535,1,3
6,bimodal,Task B ,2,1,0,-0.905708329,4,1,72.55924177,6,0.184574372,4,1.27E-05,2.13E-05,0.626497448,0.626497448,0,5
7,bimodal,Task B ,1,3,1,0.035673251,3,1,22.18164403,1,-0.693369319,3,5.58E-05,2.34E-05,0.295133763,0.704866237,0,2
7,bimodal,Task B ,2,1,0,-0.052402967,2,1,244.4873196,2,-0.384629368,2,0.000226207,2.55E-05,0.101318302,0.898681698,0,5
7,bimodal,Task B ,2,4,1,-2.61151023,4,2,211.7999481,3,0.249704233,4,1.85E-16,4.48E-06,1,1,0,8
7,bimodal,Task B ,1,1,1,-0.496345175,2,1,66.74736465,4,-0.45845089,2,6.47E-05,2.36E-05,0.267257636,0.732742364,1,4
7,bimodal,Task B ,1,4,1,-0.238025788,3,1,207.6573645,5,-0.121372338,3,0.000319192,2.61E-05,0.075474901,0.924525099,1,1
7,bimodal,Task B ,1,1,1,-0.019459008,3,1,8.581742483,6,-0.21760278,3,0.000348092,2.62E-05,0.069996875,0.930003125,0,4
8,bimodal,Task B ,1,4,1,0.470815187,4,1,309.5617601,1,0.776731268,4,1.28E-05,2.13E-05,0.62413557,0.62413557,1,1
8,bimodal,Task B ,1,4,0,0.79192416,2,2,189.3349792,2,-1.099313305,2,1.86E-07,1.64E-05,0.988740042,0.988740042,1,1
8,bimodal,Task B ,2,4,0,0.169231307,2,1,52.3432871,3,0.084148264,2,0.00036241,2.63E-05,0.067576475,0.932423525,1,8
8,bimodal,Task B ,1,4,0,-0.821884086,3,2,64.24813056,4,-1.076895407,3,2.02E-07,1.64E-05,0.98785576,0.98785576,1,1
8,bimodal,Task B ,2,4,1,0.509890477,4,2,179.9770391,5,-0.71912712,4,1.60E-05,2.16E-05,0.57477789,0.57477789,1,8
8,bimodal,Task B ,1,4,1,-0.293571434,2,1,125.602132,6,0.4090034,2,0.000147809,2.48E-05,0.143843416,0.856156584,0,1
9,bimodal,Task B ,2,1,1,0.523142015,1,2,167.8775004,1,-0.346171223,1,8.04E-05,2.39E-05,0.229138658,0.770861342,1,5
9,bimodal,Task B ,1,1,1,-0.2900182,3,1,219.5717581,2,0.127448341,3,0.000282902,2.59E-05,0.083759279,0.916240721,1,4
9,bimodal,Task B ,1,1,0,-0.803485197,2,2,356.1466144,3,0.968508746,2,5.70E-07,1.75E-05,0.96854309,0.96854309,1,4
9,bimodal,Task B ,1,3,1,0.050475286,1,1,342.8527277,4,0.513641845,1,0.000136749,2.47E-05,0.153058244,0.846941756,0,2
9,bimodal,Task B ,2,1,1,1.705807464,2,2,186.5088571,5,-0.97144771,2,4.17E-11,9.68E-06,0.999995692,0.999995692,0,5
9,bimodal,Task B ,1,1,0,0.32822641,4,2,193.5192239,6,0.550276006,4,7.39E-05,2.38E-05,0.243358315,0.756641685,0,4
10,bimodal,Task B ,2,2,1,2.754513875,4,2,264.8917879,1,-1.796681661,4,9.53E-24,1.57E-06,1,1,0,6
10,bimodal,Task B ,1,1,1,0.531258556,1,1,69.70602908,2,-0.211867389,1,0.000106303,2.43E-05,0.186229691,0.813770309,1,4
10,bimodal,Task B ,1,2,0,-0.815246831,4,2,222.8549657,3,0.304741645,4,1.88E-05,2.18E-05,0.537226482,0.537226482,0,3
10,bimodal,Task B ,1,2,0,0.662614181,3,2,247.8897109,4,0.493646948,3,2.36E-05,2.21E-05,0.483945483,0.516054517,1,3
10,bimodal,Task B ,2,2,1,-2.095251926,4,2,56.57229463,5,0.497815528,4,1.98E-12,8.00E-06,0.999999752,0.999999752,0,6
10,bimodal,Task B ,1,2,1,-0.107989843,1,1,147.2089449,6,0.024601226,1,0.000405225,2.64E-05,0.061271327,0.938728673,1,3
1,bimodal,Task B ,1,2,1,-0.282846747,1,1,4.595219577,1,-0.213536887,1,0.000255115,2.57E-05,0.091504024,0.908495976,1,3
1,bimodal,Task B ,2,2,1,1.725485594,1,2,94.24109679,2,-0.56963177,1,4.28E-10,1.12E-05,0.999961793,0.999961793,0,6
1,bimodal,Task B ,2,4,1,-1.98693264,3,2,346.463736,3,1.578049065,3,9.47E-16,4.96E-06,1,1,0,8
1,bimodal,Task B ,1,3,1,0.513315803,3,1,68.37161355,4,0.307030497,3,9.28E-05,2.41E-05,0.206263238,0.793736762,1,2
1,bimodal,Task B ,1,3,0,-1.042589334,3,2,162.2515882,5,0.012474257,3,4.88E-06,2.01E-05,0.804278471,0.804278471,0,2
1,bimodal,Task B ,1,3,0,0.094436851,2,2,137.0691779,6,1.170537013,2,1.24E-06,1.84E-05,0.937091257,0.937091257,1,2
2,bimodal,Task B ,1,2,1,0.078421883,3,1,48.64532311,1,-0.012866837,3,0.000411886,2.65E-05,0.06039797,0.93960203,1,3
2,bimodal,Task B ,1,3,0,0.370331047,3,2,346.6197297,2,-0.442833672,3,0.000103612,2.43E-05,0.189899651,0.810100349,0,2
2,bimodal,Task B ,1,2,1,0.155644752,3,1,100.6379228,3,0.022175863,3,0.000380032,2.63E-05,0.064825103,0.935174897,1,3
2,bimodal,Task B ,1,2,1,0.148177417,4,1,4.267035443,4,-0.44755118,4,0.000165973,2.50E-05,0.130972914,0.869027086,0,3
2,bimodal,Task B ,1,2,1,0.380847009,4,1,291.6848355,5,0.387095064,4,0.000120705,2.45E-05,0.168847831,0.831152169,0,3
2,bimodal,Task B ,1,4,0,0.636075325,2,2,187.3346516,6,-0.829086451,2,4.25E-06,1.99E-05,0.823823222,0.823823222,1,1
3,bimodal,Task B ,1,2,1,0.4964457,1,1,275.6835335,1,0.01051317,1,0.000148864,2.48E-05,0.143024374,0.856975626,1,3
3,bimodal,Task B ,2,2,1,1.135002598,2,2,202.353654,2,0.521008578,2,6.04E-07,1.76E-05,0.966836484,0.966836484,0,6
3,bimodal,Task B ,1,3,1,0.306996377,3,1,280.6016206,3,0.314260882,3,0.000185719,2.52E-05,0.119437394,0.880562606,0,2
3,bimodal,Task B ,1,3,0,-0.355125719,2,2,345.4884285,4,0.028887154,2,0.00025466,2.57E-05,0.091643253,0.908356747,1,2
3,bimodal,Task B ,1,3,1,0.115825338,1,1,90.69145052,5,-0.440129712,1,0.000177071,2.51E-05,0.124219377,0.875780623,0,2
3,bimodal,Task B ,2,1,1,-0.968489263,2,2,279.6712677,6,1.82179571,2,7.29E-12,8.68E-06,0.99999916,0.99999916,1,5
4,bimodal,Task B ,2,3,1,-1.770531258,4,2,303.741525,1,-2.157090486,4,3.10E-18,3.47E-06,1,1,1,7
4,bimodal,Task B ,1,1,1,-0.402427713,4,1,198.2193517,2,0.25308553,4,0.000168009,2.50E-05,0.129677193,0.870322807,1,4
4,bimodal,Task B ,2,3,1,-1.606352503,3,2,229.2442372,3,0.510214134,3,3.37E-09,1.27E-05,0.999735206,0.999735206,0,7
4,bimodal,Task B ,1,2,1,0.210267935,1,1,283.9181455,4,0.154470848,1,0.00031562,2.60E-05,0.076214259,0.923785741,1,3
4,bimodal,Task B ,1,4,0,-0.005264046,4,2,68.94657661,5,1.000514044,4,6.13E-06,2.04E-05,0.768426533,0.768426533,1,1
4,bimodal,Task B ,1,1,1,-0.362983831,3,1,64.99456452,6,0.58772303,3,5.77E-05,2.34E-05,0.288520853,0.711479147,0,4
5,bimodal,Task B ,1,3,1,0.054959123,2,1,133.7161773,1,-0.383765603,2,0.000225429,2.55E-05,0.101613001,0.898386999,0,2
5,bimodal,Task B ,1,4,1,0.211345549,3,1,231.1751046,2,0.705002247,3,4.25E-05,2.30E-05,0.350965092,0.649034908,0,1
5,bimodal,Task B ,2,4,1,-2.77977557,3,2,68.83429778,3,-0.436946972,3,2.53E-18,3.42E-06,1,1,0,8
5,bimodal,Task B ,1,4,1,-0.310562923,3,1,157.0001437,4,-0.037424394,3,0.000286959,2.59E-05,0.082740438,0.917259562,1,1
5,bimodal,Task B ,1,4,0,-0.820686527,1,2,317.2734692,5,2.506542829,1,7.94E-17,4.25E-06,1,1,1,1
5,bimodal,Task B ,2,2,1,0.742080411,4,2,286.7208064,6,0.459303672,4,1.70E-05,2.17E-05,0.560687561,0.560687561,0,6
6,bimodal,Task B ,2,2,0,-0.090114882,4,1,82.15343583,1,-0.33262544,4,0.000259252,2.57E-05,0.090258034,0.909741966,0,6
6,bimodal,Task B ,2,2,1,1.460194207,1,2,304.7654154,2,-0.089796502,1,5.47E-08,1.52E-05,0.99640121,0.99640121,0,6
6,bimodal,Task B ,1,2,1,-0.317427512,1,1,124.6050482,3,0.131457448,1,0.000263181,2.57E-05,0.089106797,0.910893203,1,3
6,bimodal,Task B ,1,1,0,0.894895201,1,2,199.3551865,4,-0.085281027,1,1.42E-05,2.15E-05,0.601748091,0.601748091,0,4
6,bimodal,Task B ,1,2,1,-0.08863028,4,1,156.8701885,5,0.072623332,4,0.000403058,2.64E-05,0.061560987,0.938439013,1,3
6,bimodal,Task B ,2,2,1,-0.86058292,3,2,70.40107892,6,-0.284353383,3,1.46E-05,2.15E-05,0.596092876,0.596092876,0,6
7,bimodal,Task B ,2,4,0,-0.391064416,4,1,0.944439322,1,0.267174387,4,0.000168986,2.50E-05,0.129064663,0.870935337,1,8
7,bimodal,Task B ,1,4,1,-0.161394769,1,1,292.5040064,2,0.160119257,1,0.000343798,2.62E-05,0.070758069,0.929241931,0,1
7,bimodal,Task B ,1,4,1,0.019542655,4,1,166.7044718,3,0.429627626,4,0.000193268,2.53E-05,0.1155641,0.8844359,0,1
7,bimodal,Task B ,1,4,0,0.625840728,3,2,242.6793479,4,1.983853321,3,4.83E-12,8.46E-06,0.999999429,0.999999429,1,1
7,bimodal,Task B ,1,4,1,-0.06691332,4,1,296.7444258,5,-0.007904922,4,0.000417789,2.65E-05,0.05964536,0.94035464,1,1
7,bimodal,Task B ,1,4,1,-0.067561773,4,1,304.957564,6,-0.438324601,4,0.000186548,2.52E-05,0.118998858,0.881001142,0,1
8,bimodal,Task B ,1,4,1,0.506879969,3,1,327.7455078,1,-0.243356382,3,0.000111316,2.44E-05,0.179770408,0.820229592,1,1
8,bimodal,Task B ,1,4,1,-0.622570967,4,1,135.7216572,2,0.271840117,4,6.38E-05,2.36E-05,0.269713415,0.730286585,1,1
8,bimodal,Task B ,1,4,1,-0.135180545,4,1,213.0033035,3,-0.191469048,4,0.000339847,2.62E-05,0.071474058,0.928525942,0,1
8,bimodal,Task B ,2,1,1,0.168929109,2,2,144.3717816,4,-0.189111911,2,0.000322206,2.61E-05,0.074862276,0.925137724,0,5
8,bimodal,Task B ,1,4,1,-0.349120922,1,1,296.5295978,5,-0.460222394,1,0.000106922,2.43E-05,0.18540547,0.81459453,0,1
8,bimodal,Task B ,1,4,1,-0.119323981,3,1,202.8457265,6,-0.285512203,3,0.000286058,2.59E-05,0.082964535,0.917035465,0,1
9,bimodal,Task B ,1,1,0,0.989072245,1,2,160.9435374,1,-0.098050333,1,6.70E-06,2.05E-05,0.753386686,0.753386686,0,4
9,bimodal,Task B ,2,1,1,-0.194185894,2,2,354.7958242,2,-0.283119659,2,0.000261913,2.57E-05,0.0894749,0.9105251,0,5
9,bimodal,Task B ,1,1,0,0.931565376,4,2,269.2202578,3,1.729176475,4,3.58E-11,9.58E-06,0.999996267,0.999996267,1,4
9,bimodal,Task B ,1,3,1,0.460386663,3,1,69.69062523,4,0.157468851,3,0.000154804,2.49E-05,0.13858697,0.86141303,1,2
9,bimodal,Task B ,1,2,1,-0.230124805,4,1,312.6150972,5,-0.395213714,4,0.000178874,2.51E-05,0.123190034,0.876809966,0,3
9,bimodal,Task B ,1,1,0,-0.134602392,1,2,201.2048982,6,3.442971208,1,7.07E-26,1.15E-06,1,1,1,4
10,bimodal,Task B ,1,1,0,-1.524071232,1,2,105.4667051,1,-0.406596238,1,1.48E-08,1.40E-05,0.998943483,0.998943483,0,4
10,bimodal,Task B ,1,1,1,-0.230979511,1,1,62.83585862,2,0.13529856,1,0.000317736,2.61E-05,0.075774449,0.924225551,1,4
10,bimodal,Task B ,1,2,1,-0.08986585,3,1,103.0023017,3,-0.152848833,3,0.000374049,2.63E-05,0.06573284,0.93426716,0,3
10,bimodal,Task B ,1,2,1,-0.238117861,3,1,53.61644018,4,-0.17186682,3,0.000299967,2.60E-05,0.079640286,0.920359714,1,3
10,bimodal,Task B ,1,1,0,1.336282284,1,2,146.685321,5,1.37525324,1,8.05E-11,1.01E-05,0.999992011,0.999992011,1,4
10,bimodal,Task B ,1,1,0,0.528064981,3,2,338.9160682,6,-0.141330867,3,0.000119685,2.45E-05,0.169966645,0.830033355,1,4
1,bimodal,Task B ,1,2,0,-0.300287963,1,2,4.339219061,1,0.056075125,1,0.000291928,2.59E-05,0.081527162,0.918472838,1,3
1,bimodal,Task B ,1,3,1,0.079067977,3,1,105.8903991,2,0.173787004,3,0.000361917,2.63E-05,0.067656887,0.932343113,0,2
1,bimodal,Task B ,1,3,1,0.378316288,3,1,178.0079502,3,0.076829596,3,0.000224198,2.55E-05,0.102082565,0.897917435,1,2
1,bimodal,Task B ,1,2,0,0.974546254,3,2,118.9440999,4,1.683612351,3,4.90E-11,9.77E-06,0.999994986,0.999994986,1,3
1,bimodal,Task B ,1,3,0,0.826154325,4,2,309.0354284,5,2.201316114,4,3.06E-14,6.16E-06,0.999999995,0.999999995,1,2
1,bimodal,Task B ,1,3,1,-0.093600137,3,1,354.9135478,6,-0.297938928,3,0.00028351,2.59E-05,0.083604878,0.916395122,0,2
2,bimodal,Task B ,2,3,1,-1.689581693,1,2,347.6007588,1,-0.709574098,1,3.94E-10,1.11E-05,0.999964645,0.999964645,0,7
2,bimodal,Task B ,2,2,0,-0.25981613,3,1,80.48612728,2,0.399389717,3,0.000164811,2.50E-05,0.131724423,0.868275577,0,6
2,bimodal,Task B ,1,3,0,-0.09943965,1,2,180.7142999,3,-0.505434225,1,0.000139979,2.47E-05,0.15024297,0.84975703,0,2
2,bimodal,Task B ,1,2,1,-0.510697318,2,1,133.9380233,4,-0.424591301,2,6.91E-05,2.37E-05,0.255226487,0.744773513,1,3
2,bimodal,Task B ,2,4,1,-1.352279501,3,2,33.02206511,5,-3.126136097,3,2.86E-25,1.26E-06,1,1,1,8
2,bimodal,Task B ,1,3,0,-0.482259228,4,2,215.0467383,6,-1.452630875,4,2.27E-08,1.43E-05,0.998417247,0.998417247,1,2
3,bimodal,Task B ,2,1,0,0.611969516,3,1,62.35189343,1,-0.12392878,3,8.17E-05,2.39E-05,0.226557149,0.773442851,1,5
3,bimodal,Task B ,2,3,1,1.09656545,1,2,124.0198455,2,0.436877939,1,1.22E-06,1.84E-05,0.938031693,0.938031693,0,7
3,bimodal,Task B ,1,1,0,0.014668361,2,2,48.0856101,3,1.150667002,2,1.56E-06,1.87E-05,0.922793893,0.922793893,1,4
3,bimodal,Task B ,2,1,1,0.24823806,2,2,129.0830517,4,2.266813916,2,1.20E-13,6.71E-06,0.999999982,0.999999982,1,5
3,bimodal,Task B ,2,4,1,-3.22525133,2,2,168.3023392,5,-0.316317293,2,5.67E-23,1.75E-06,1,1,0,8
3,bimodal,Task B ,2,2,0,-0.038340953,3,1,222.7241358,6,-0.463656446,3,0.000171397,2.51E-05,0.127579508,0.872420492,0,6
4,bimodal,Task B ,2,1,1,1.810296425,2,2,46.00807023,1,-0.89000806,2,1.71E-11,9.15E-06,0.999998132,0.999998132,0,5
4,bimodal,Task B ,1,2,0,0.372660771,2,2,55.77764155,2,0.563600564,2,6.09E-05,2.35E-05,0.278429365,0.721570635,0,3
4,bimodal,Task B ,1,2,1,0.687312711,1,1,22.70331114,3,0.14093134,1,5.30E-05,2.33E-05,0.305162909,0.694837091,1,3
4,bimodal,Task B ,1,2,0,-1.904255365,2,2,181.5560879,4,0.290553493,2,9.37E-11,1.02E-05,0.999990795,0.999990795,0,3
4,bimodal,Task B ,2,4,1,-0.503183553,3,2,24.02869095,5,1.435946731,3,2.48E-08,1.44E-05,0.998283739,0.998283739,1,8
4,bimodal,Task B ,1,2,0,0.819841136,2,2,80.45770148,6,2.735897744,2,4.60E-19,3.08E-06,1,1,1,3
5,bimodal,Task B ,1,3,0,0.609641629,3,2,348.9790251,1,-1.050225175,3,8.47E-07,1.80E-05,0.955018089,0.955018089,1,2
5,bimodal,Task B ,1,4,0,0.271679038,3,2,345.8406425,2,-0.621174808,3,6.09E-05,2.35E-05,0.278378561,0.721621439,0,1
5,bimodal,Task B ,1,4,1,-0.54337864,2,1,249.1023168,3,0.525106467,2,3.97E-05,2.29E-05,0.365735679,0.634264321,1,1
5,bimodal,Task B ,2,4,1,-1.454673835,2,2,122.3817063,4,-0.405246565,2,3.49E-08,1.47E-05,0.997637785,0.997637785,0,8
5,bimodal,Task B ,1,4,1,0.199236554,1,1,136.3883205,5,0.164572573,1,0.000317381,2.60E-05,0.075847828,0.924152172,1,1
5,bimodal,Task B ,2,4,1,1.732361029,2,2,276.4480358,6,1.581163713,2,3.88E-14,6.26E-06,0.999999994,0.999999994,0,8
6,bimodal,Task B ,2,2,1,-2.633184293,2,2,53.64308739,1,0.788750383,2,1.08E-17,3.75E-06,1,1,0,6
6,bimodal,Task B ,1,2,0,0.06356284,2,2,335.2616415,2,2.459062055,2,3.32E-15,5.36E-06,0.999999999,0.999999999,1,3
6,bimodal,Task B ,1,2,1,-0.044378888,3,1,324.9822669,3,-0.123854413,3,0.000395885,2.64E-05,0.062540752,0.937459248,0,3
6,bimodal,Task B ,1,2,1,0.024852647,3,1,235.8970692,4,-0.395777155,3,0.000219208,2.55E-05,0.104033129,0.895966871,0,3
6,bimodal,Task B ,2,2,1,-1.242381075,3,2,334.8332161,5,-1.055010973,3,6.83E-09,1.33E-05,0.999486898,0.999486898,0,6
6,bimodal,Task B ,2,2,1,-0.753103808,2,2,244.9967661,6,0.729772477,2,4.37E-06,1.99E-05,0.820112657,0.820112657,0,6
7,bimodal,Task B ,1,4,1,0.3691334,4,1,266.9620062,1,0.110820231,4,0.000224564,2.55E-05,0.10194245,0.89805755,1,1
7,bimodal,Task B ,2,2,1,0.312469596,1,2,290.9684525,2,-0.976743384,1,5.02E-06,2.01E-05,0.800087748,0.800087748,1,6
7,bimodal,Task B ,1,4,1,-0.329986381,4,1,281.6867723,3,0.341154419,4,0.000167165,2.50E-05,0.130211043,0.869788957,0,1
7,bimodal,Task B ,1,1,0,1.383049295,1,2,313.356586,4,0.117232206,1,1.33E-07,1.60E-05,0.991763596,0.991763596,0,4
7,bimodal,Task B ,1,4,0,-0.779314844,4,2,354.7238133,5,-0.791741243,4,2.53E-06,1.93E-05,0.883858837,0.883858837,1,1
7,bimodal,Task B ,1,1,1,0.35039934,1,1,340.1349986,6,-0.08643629,1,0.000243114,2.56E-05,0.095329126,0.904670874,1,4
8,bimodal,Task B ,1,4,1,0.502587697,2,1,340.7252611,1,0.352119289,2,8.57E-05,2.40E-05,0.2188445,0.7811555,1,1
8,bimodal,Task B ,2,4,0,-0.307678924,2,1,57.18279475,2,-0.497164067,2,0.000102953,2.43E-05,0.190821942,0.809178058,0,8
8,bimodal,Task B ,2,4,0,0.376462956,4,1,295.205497,3,-0.14414351,4,0.000212322,2.54E-05,0.106855182,0.893144818,1,8
8,bimodal,Task B ,1,4,1,-0.20470787,3,1,319.817493,4,-0.090907208,3,0.000348075,2.62E-05,0.069999813,0.930000187,1,1
8,bimodal,Task B ,1,4,1,0.143348309,4,1,216.3496506,5,-0.111273986,4,0.000367751,2.63E-05,0.066717297,0.933282703,1,1
8,bimodal,Task B ,2,4,1,-2.09743085,1,2,309.4743878,6,0.009591675,1,5.47E-12,8.52E-06,0.999999359,0.999999359,0,8
9,bimodal,Task B ,1,2,1,0.408054374,3,1,92.44148288,1,-0.443553637,3,9.13E-05,2.41E-05,0.208802272,0.791197728,0,3
9,bimodal,Task B ,1,1,1,0.228415048,3,1,0.188538201,2,0.721794007,3,3.72E-05,2.28E-05,0.379934142,0.620065858,0,4
9,bimodal,Task B ,1,1,0,-1.121629314,1,2,318.8505151,3,-0.24430995,1,1.88E-06,1.89E-05,0.909581064,0.909581064,0,4
9,bimodal,Task B ,2,2,1,0.775462692,3,2,289.7450424,4,-1.767328399,3,6.45E-11,9.94E-06,0.999993511,0.999993511,1,6
9,bimodal,Task B ,1,3,1,0.143321342,3,1,263.7665093,5,-0.298715675,3,0.000266435,2.58E-05,0.088176084,0.911823916,0,2
9,bimodal,Task B ,2,1,1,-1.641728661,3,2,71.69576856,6,-0.577156016,3,1.56E-09,1.21E-05,0.999871401,0.999871401,0,5
10,bimodal,Task B ,2,1,0,0.601928892,2,1,133.7187469,1,0.007956767,2,9.16E-05,2.41E-05,0.208350778,0.791649222,1,5
10,bimodal,Task B ,1,1,1,-0.730708087,2,1,16.50132458,2,-0.557007604,2,1.30E-05,2.13E-05,0.621395341,0.621395341,0,4
10,bimodal,Task B ,1,1,1,-0.379889143,2,1,323.0969616,3,0.102345985,2,0.000226787,2.55E-05,0.101099969,0.898900031,1,4
10,bimodal,Task B ,2,2,1,-0.569894493,3,2,234.9564819,4,1.804060068,3,1.20E-10,1.03E-05,0.999988411,0.999988411,1,6
10,bimodal,Task B ,1,1,0,-0.910182271,1,2,212.2766359,5,0.792861507,1,9.91E-07,1.82E-05,0.948239662,0.948239662,0,4
10,bimodal,Task B ,1,2,0,-0.300901811,4,2,287.1404663,6,0.098546308,4,0.000283386,2.59E-05,0.083636492,0.916363508,1,3
1,bimodal,Task B ,2,2,0,0.332300576,3,1,100.2862727,1,0.023378083,3,0.000263407,2.57E-05,0.089041539,0.910958461,1,6
1,bimodal,Task B ,1,2,1,0.298252997,3,1,113.0146731,2,-0.421120803,3,0.000137431,2.47E-05,0.152454839,0.847545161,0,3
1,bimodal,Task B ,1,3,0,0.686366516,2,2,196.5699654,3,0.934885315,2,1.44E-06,1.86E-05,0.92828634,0.92828634,1,2
1,bimodal,Task B ,1,3,0,0.186881119,3,2,298.663586,4,0.315307464,3,0.000238285,2.56E-05,0.096963646,0.903036354,0,2
1,bimodal,Task B ,1,2,1,0.554845214,4,1,182.7759792,5,-0.297764067,4,7.94E-05,2.39E-05,0.231193691,0.768806309,1,3
1,bimodal,Task B ,1,3,0,0.016855723,3,2,138.3284893,6,-0.373088675,3,0.000236316,2.56E-05,0.097647028,0.902352972,0,2
2,bimodal,Task B ,1,2,0,-2.059419831,3,2,268.1616596,1,-0.859293185,3,4.70E-13,7.31E-06,0.999999936,0.999999936,0,3
2,bimodal,Task B ,1,3,0,0.066448674,1,2,23.51880299,2,0.128893949,1,0.000386643,2.64E-05,0.063851871,0.936148129,0,2
2,bimodal,Task B ,1,2,0,-0.409093804,3,2,95.37375984,3,0.190525857,3,0.000184883,2.52E-05,0.119883013,0.880116987,1,3
2,bimodal,Task B ,2,3,0,0.576686353,2,1,199.5550996,4,-0.500814946,2,3.62E-05,2.27E-05,0.385842953,0.614157047,1,7
2,bimodal,Task B ,2,2,1,-0.737161472,4,2,179.4334184,5,-1.974193091,4,3.37E-12,8.27E-06,0.999999593,0.999999593,1,6
2,bimodal,Task B ,2,3,1,0.047938835,3,2,251.0990631,6,-0.501905405,3,0.000145616,2.48E-05,0.145578404,0.854421596,0,7
3,bimodal,Task B ,1,4,1,-0.186432245,3,1,12.02194501,1,-0.304566767,3,0.000251372,2.57E-05,0.092662527,0.907337473,0,1
3,bimodal,Task B ,1,2,0,-0.491546862,1,2,106.6025642,2,0.532017192,1,4.79E-05,2.31E-05,0.325616646,0.674383354,0,3
3,bimodal,Task B ,1,3,1,0.111931921,4,1,49.28649415,3,0.144730352,4,0.000366201,2.63E-05,0.066964268,0.933035732,0,2
3,bimodal,Task B ,2,3,1,0.380292398,1,2,344.2113567,4,2.394490812,1,6.86E-15,5.61E-06,0.999999999,0.999999999,1,7
3,bimodal,Task B ,1,3,1,-0.545497112,1,1,262.0739547,5,0.087132173,1,0.000122471,2.45E-05,0.166944957,0.833055043,1,2
3,bimodal,Task B ,1,3,0,0.14347515,4,2,251.0193777,6,1.176329333,4,1.11E-06,1.83E-05,0.942813648,0.942813648,1,2
4,bimodal,Task B ,1,3,1,0.01046166,1,1,53.38456989,1,0.225971195,1,0.000340881,2.62E-05,0.071285145,0.928714855,0,2
4,bimodal,Task B ,2,4,1,3.064414448,4,2,94.5839021,2,-0.237218662,4,3.38E-21,2.26E-06,1,1,0,8
4,bimodal,Task B ,2,2,1,-2.840487854,1,2,24.12566224,3,-0.222699688,1,1.11E-18,3.25E-06,1,1,0,6
4,bimodal,Task B ,2,1,1,-1.625657569,1,2,79.96233044,4,-1.715515701,1,3.22E-14,6.18E-06,0.999999995,0.999999995,1,5
4,bimodal,Task B ,1,2,1,0.085536173,2,1,281.3121246,5,-0.215354106,2,0.000337902,2.62E-05,0.071831956,0.928168044,0,3
4,bimodal,Task B ,1,2,1,0.286714412,2,1,282.3369462,6,-0.039549078,2,0.000295729,2.59E-05,0.080623559,0.919376441,1,3
5,bimodal,Task B ,1,4,1,-0.245020233,4,1,186.7425063,1,0.001522303,4,0.000334587,2.61E-05,0.072450625,0.927549375,1,1
5,bimodal,Task B ,2,3,0,-0.71118541,3,1,321.5776916,2,0.23541707,3,4.24E-05,2.30E-05,0.351275297,0.648724703,1,7
5,bimodal,Task B ,1,4,0,1.809128567,1,2,357.0161653,3,-0.216956233,1,4.01E-10,1.11E-05,0.999964034,0.999964034,0,1
5,bimodal,Task B ,1,4,0,-0.247705045,1,2,19.01374229,4,-1.619388161,1,5.28E-09,1.31E-05,0.99959715,0.99959715,1,1
5,bimodal,Task B ,2,1,0,0.170515474,2,1,322.0320458,5,0.693702597,2,4.85E-05,2.32E-05,0.32300905,0.67699095,0,5
5,bimodal,Task B ,2,4,1,-2.417559424,4,2,65.30660038,6,0.221310501,4,1.11E-14,5.79E-06,0.999999998,0.999999998,0,8
6,bimodal,Task B ,2,2,0,0.000644272,4,1,349.6677288,1,-0.431719819,4,0.000194141,2.53E-05,0.115133269,0.884866731,0,6
6,bimodal,Task B ,1,2,1,0.085606914,4,1,263.8570682,2,0.402696878,4,0.000205823,2.54E-05,0.109668636,0.890331364,0,3
6,bimodal,Task B ,2,2,1,-1.128195274,3,2,140.0786402,3,1.885203717,3,6.78E-13,7.48E-06,0.999999909,0.999999909,1,6
6,bimodal,Task B ,1,2,1,-0.182384088,1,1,169.528107,4,0.011898418,1,0.000372552,2.63E-05,0.065964114,0.934035886,1,3
6,bimodal,Task B ,1,2,1,0.020490409,4,1,356.8868661,5,0.139445336,4,0.000389244,2.64E-05,0.06347721,0.93652279,0,3
6,bimodal,Task B ,1,2,1,0.552320441,3,1,267.0203004,6,0.196154021,3,9.88E-05,2.42E-05,0.19686339,0.80313661,1,3
7,bimodal,Task B ,1,4,1,0.398667472,1,1,205.9604975,1,-0.130876013,1,0.000200505,2.53E-05,0.112088171,0.887911829,1,1
7,bimodal,Task B ,2,1,0,0.754559174,1,1,55.52807376,2,0.153062307,1,3.48E-05,2.27E-05,0.394567958,0.605432042,1,5
7,bimodal,Task B ,1,1,1,-0.637116108,2,1,325.5743609,3,0.033302243,2,8.07E-05,2.39E-05,0.22864871,0.77135129,1,4
7,bimodal,Task B ,2,1,1,1.233945201,4,2,215.1257048,4,-0.56807676,4,1.85E-07,1.64E-05,0.988803111,0.988803111,0,5
7,bimodal,Task B ,1,1,1,-0.066249608,1,1,265.0474962,5,-0.144713314,1,0.000383256,2.64E-05,0.064346716,0.935653284,0,4
7,bimodal,Task B ,1,1,0,-0.562055127,1,2,114.0310731,6,1.638655877,1,1.38E-09,1.20E-05,0.999885636,0.999885636,1,4
8,bimodal,Task B ,2,4,1,1.795821235,1,2,182.3660708,1,1.67106308,1,4.44E-15,5.46E-06,0.999999999,0.999999999,0,8
8,bimodal,Task B ,2,4,1,1.346988451,3,2,129.4937468,2,0.017395874,3,2.13E-07,1.65E-05,0.987280843,0.987280843,0,8
8,bimodal,Task B ,1,4,1,-0.333675714,4,1,58.97511112,3,0.299739874,4,0.000185211,2.52E-05,0.11970763,0.88029237,1,1
8,bimodal,Task B ,1,4,1,-0.042508396,4,1,136.6330174,4,-0.22799548,4,0.000339746,2.62E-05,0.071492505,0.928507495,0,1
8,bimodal,Task B ,2,1,0,0.053713671,1,1,208.3793201,5,0.222782508,1,0.000338333,2.62E-05,0.071752308,0.928247692,0,5
8,bimodal,Task B ,2,4,1,-1.627285298,4,2,319.7357898,6,-1.316611853,4,5.18E-12,8.49E-06,0.99999939,0.99999939,0,8
9,bimodal,Task B ,1,1,0,-1.119420153,2,2,44.93718255,1,0.427375762,2,1.13E-06,1.83E-05,0.941751185,0.941751185,0,4
9,bimodal,Task B ,1,1,1,0.122842318,2,1,203.5181443,2,0.527810154,2,0.000121533,2.45E-05,0.167950576,0.832049424,0,4
9,bimodal,Task B ,2,1,0,0.458493126,1,1,84.42322396,3,-0.439663509,1,7.71E-05,2.38E-05,0.236254084,0.763745916,1,5
9,bimodal,Task B ,1,1,1,0.048718671,2,1,272.7408702,4,-0.014930051,2,0.000418895,2.65E-05,0.059506488,0.940493512,1,4
9,bimodal,Task B ,1,1,1,0.16431949,1,1,102.4472278,5,-0.073522426,1,0.000368207,2.63E-05,0.066644954,0.933355046,1,4
9,bimodal,Task B ,2,1,1,1.977368761,4,2,2.618625983,6,0.211135117,4,2.84E-11,9.45E-06,0.999996994,0.999996994,0,5
10,bimodal,Task B ,1,1,0,-0.679389339,4,2,312.9715377,1,0.201306207,4,5.42E-05,2.33E-05,0.300808357,0.699191643,1,4
10,bimodal,Task B ,1,2,1,0.331456681,2,1,98.01176216,2,0.09760739,2,0.000253998,2.57E-05,0.091846585,0.908153415,1,3
10,bimodal,Task B ,1,2,1,-0.153279036,2,1,8.639685896,3,0.062068446,2,0.000381204,2.63E-05,0.064650386,0.935349614,1,3
10,bimodal,Task B ,1,2,1,-0.138581829,2,1,161.3433532,4,0.130341364,2,0.000366585,2.63E-05,0.066902868,0.933097132,1,3
10,bimodal,Task B ,1,2,1,0.046474036,3,1,102.5370554,5,-0.686464351,3,5.78E-05,2.34E-05,0.288172215,0.711827785,0,3
10,bimodal,Task B ,1,2,1,-0.243404792,4,1,23.09450322,6,-0.00518665,4,0.000335649,2.61E-05,0.072251119,0.927748881,1,3
1,bimodal,Task B ,1,2,1,-0.425102375,1,1,35.418756,1,0.185509794,1,0.000176452,2.51E-05,0.124576944,0.875423056,1,3
1,bimodal,Task B ,1,4,1,0.067061764,3,1,115.000013,2,-0.066720717,3,0.000407752,2.65E-05,0.060936959,0.939063041,1,1
1,bimodal,Task B ,1,3,1,-0.333040431,2,1,148.8839276,3,0.198542289,2,0.000229801,2.55E-05,0.099980774,0.900019226,1,2
1,bimodal,Task B ,2,2,1,-2.041946688,1,2,234.7559538,4,-0.793275306,1,1.00E-12,7.66E-06,0.999999869,0.999999869,0,6
1,bimodal,Task B ,1,2,0,0.516405352,2,2,268.8354592,5,-0.260653604,2,0.000103012,2.43E-05,0.190738881,0.809261119,1,3
1,bimodal,Task B ,1,1,1,0.060767221,1,1,148.0419878,6,-0.057573631,1,0.000411165,2.65E-05,0.060491227,0.939508773,1,4
2,bimodal,Task B ,2,1,1,-0.594981415,2,2,148.6018969,1,-1.704357344,2,4.84E-10,1.13E-05,0.999957119,0.999957119,1,5
2,bimodal,Task B ,1,3,0,0.71502778,3,2,324.5408807,2,-0.093103173,3,4.74E-05,2.31E-05,0.328042462,0.671957538,1,2
2,bimodal,Task B ,1,3,0,0.323408297,1,2,286.2055097,3,0.030737063,1,0.0002695,2.58E-05,0.087317681,0.912682319,1,2
2,bimodal,Task B ,2,3,0,0.79468859,4,1,348.6172472,4,-0.269022286,4,2.19E-05,2.20E-05,0.501231299,0.501231299,0,7
2,bimodal,Task B ,2,3,1,1.456042494,3,2,287.8938556,5,-2.331859658,3,6.57E-18,3.64E-06,1,1,1,7
2,bimodal,Task B ,1,4,0,-0.292902252,4,2,341.6071707,6,0.313695772,4,0.000198213,2.53E-05,0.113165147,0.886834853,0,1
3,bimodal,Task B ,1,1,0,1.253008298,1,2,106.0817532,1,0.077293811,1,5.75E-07,1.76E-05,0.968309838,0.968309838,0,4
3,bimodal,Task B ,2,1,0,-0.406353242,3,1,229.3971147,2,0.098171896,3,0.000209025,2.54E-05,0.108263808,0.891736192,1,5
3,bimodal,Task B ,2,2,1,-0.615936361,3,2,149.2436365,3,-0.026472855,3,9.02E-05,2.41E-05,0.21072399,0.78927601,1,6
3,bimodal,Task B ,1,3,1,-0.323013864,2,1,245.7316083,4,0.070214984,2,0.000273438,2.58E-05,0.086240156,0.913759844,1,2
3,bimodal,Task B ,2,3,1,0.412406022,1,2,139.7678218,5,1.430848145,1,3.57E-08,1.48E-05,0.997588817,0.997588817,1,7
3,bimodal,Task B ,1,2,0,0.652636164,2,2,339.6238613,6,3.042987964,2,7.17E-22,2.06E-06,1,1,1,3
4,bimodal,Task B ,1,2,0,0.206252221,2,2,74.56248757,1,-0.221640567,2,0.000286929,2.59E-05,0.082747845,0.917252155,0,3
4,bimodal,Task B ,1,4,0,0.168501451,4,2,320.7318842,2,1.506191498,4,2.55E-08,1.44E-05,0.998237638,0.998237638,1,1
4,bimodal,Task B ,2,2,1,0.746038583,2,2,284.0946985,3,-1.310669479,2,2.92E-08,1.46E-05,0.997998799,0.997998799,1,6
4,bimodal,Task B ,1,2,1,-0.30241566,1,1,351.0813972,4,0.541732972,1,8.48E-05,2.40E-05,0.220489673,0.779510327,0,3
4,bimodal,Task B ,1,3,1,0.02309444,2,1,300.1354309,5,-0.159168039,2,0.000380729,2.63E-05,0.064721116,0.935278884,0,2
4,bimodal,Task B ,2,1,1,-1.677526644,1,2,158.0806119,6,0.090500163,1,3.73E-09,1.28E-05,0.999708674,0.999708674,0,5
5,bimodal,Task B ,1,4,1,0.011825586,4,1,186.931608,1,0.404063106,4,0.000211813,2.54E-05,0.107070142,0.892929858,0,1
5,bimodal,Task B ,2,4,1,-0.97129103,2,2,155.6525603,2,2.16574407,2,2.17E-14,6.03E-06,0.999999996,0.999999996,1,8
5,bimodal,Task B ,1,4,1,0.195391214,2,1,225.1846809,3,0.017218205,2,0.00035828,2.62E-05,0.068256692,0.931743308,1,1
5,bimodal,Task B ,2,2,0,-0.388117667,3,1,184.7549478,4,0.233236463,3,0.000183329,2.52E-05,0.12072038,0.87927962,1,6
5,bimodal,Task B ,1,1,1,0.213648713,3,1,245.6225896,5,-0.204218475,3,0.000292105,2.59E-05,0.081484629,0.918515371,1,4
5,bimodal,Task B ,1,4,1,0.098728244,2,1,189.0102845,6,0.661805551,2,6.34E-05,2.36E-05,0.270940247,0.729059753,0,1
6,bimodal,Task B ,1,2,1,-0.431536855,3,1,226.0240152,1,-0.490750908,3,7.27E-05,2.38E-05,0.246236023,0.753763977,0,3
6,bimodal,Task B ,1,2,0,-0.469352129,3,2,197.9287643,2,0.792329886,3,1.22E-05,2.12E-05,0.635743049,0.635743049,1,3
6,bimodal,Task B ,1,2,0,-1.244541879,2,2,76.55029572,3,0.752156189,2,6.60E-08,1.53E-05,0.995714927,0.995714927,0,3
6,bimodal,Task B ,1,2,0,-0.50871104,3,2,198.4134881,4,-0.855277311,3,6.83E-06,2.05E-05,0.749924254,0.749924254,1,3
6,bimodal,Task B ,1,2,1,0.133616087,4,1,203.2430464,5,-0.454388111,4,0.000164613,2.50E-05,0.131853012,0.868146988,0,3
6,bimodal,Task B ,2,3,1,-2.114539094,4,2,91.17488542,6,-2.248687351,4,2.23E-21,2.21E-06,1,1,1,7
7,bimodal,Task B ,1,1,1,-0.554703857,4,1,74.14891216,1,0.626315202,4,2.30E-05,2.21E-05,0.489899305,0.510100695,0,4
7,bimodal,Task B ,1,3,0,0.078740325,2,2,93.09099672,2,1.463898156,2,4.78E-08,1.50E-05,0.9968317,0.9968317,1,2
7,bimodal,Task B ,1,4,0,0.006863608,1,2,310.4636046,3,0.71077981,1,4.99E-05,2.32E-05,0.317525033,0.682474967,0,1
7,bimodal,Task B ,1,1,0,-0.329692202,2,2,272.4533883,4,0.183168885,2,0.000237748,2.56E-05,0.097149022,0.902850978,1,4
7,bimodal,Task B ,1,4,0,-1.12756845,2,2,110.6471693,5,1.649350104,2,2.31E-11,9.32E-06,0.999997526,0.999997526,1,1
7,bimodal,Task B ,1,4,0,1.217289692,2,2,144.2434519,6,0.143848909,2,7.80E-07,1.79E-05,0.95825042,0.95825042,0,1
8,bimodal,Task B ,1,4,1,0.536773105,3,1,262.6564749,1,0.132936181,3,0.000115886,2.45E-05,0.174276537,0.825723463,1,1
8,bimodal,Task B ,1,4,1,-0.085123116,2,1,314.2905304,2,-0.077760256,2,0.000403375,2.64E-05,0.061518549,0.938481451,1,1
8,bimodal,Task B ,1,4,1,-0.348234598,1,1,199.7412027,3,-0.030453721,1,0.000259822,2.57E-05,0.090088986,0.909911014,1,1
8,bimodal,Task B ,1,4,1,-0.352977084,3,1,349.2127691,4,0.351681995,3,0.000152013,2.49E-05,0.140635827,0.859364173,0,1
8,bimodal,Task B ,2,4,1,0.87703958,3,2,79.78962225,5,1.180523179,3,4.59E-08,1.50E-05,0.99694694,0.99694694,1,8
8,bimodal,Task B ,2,4,1,0.929296654,1,2,8.807103931,6,1.887465934,1,3.24E-12,8.25E-06,0.999999607,0.999999607,1,8
9,bimodal,Task B ,1,1,0,0.866395442,1,2,163.8927287,1,-1.710591085,1,7.94E-11,1.01E-05,0.999992113,0.999992113,1,4
9,bimodal,Task B ,1,2,1,-0.517638799,2,1,259.7770706,2,-0.321123765,2,9.28E-05,2.41E-05,0.206244284,0.793755716,1,3
9,bimodal,Task B ,1,3,0,0.662085189,3,2,76.66340476,3,-2.5473836,3,8.70E-17,4.27E-06,1,1,1,2
9,bimodal,Task B ,1,2,0,-1.877547061,2,2,234.6876916,4,-0.792519353,2,1.45E-11,9.06E-06,0.999998397,0.999998397,0,3
9,bimodal,Task B ,1,1,0,0.971720459,3,2,234.7298317,5,1.075717334,3,6.00E-08,1.52E-05,0.996078124,0.996078124,1,4
9,bimodal,Task B ,1,2,0,0.130150451,2,2,93.23675213,6,-0.746195948,2,3.78E-05,2.28E-05,0.376370215,0.623629785,0,3
10,bimodal,Task B ,2,1,1,-1.22021121,2,2,322.1128304,1,-0.416183189,2,4.49E-07,1.73E-05,0.974674421,0.974674421,0,5
10,bimodal,Task B ,1,1,1,0.411286808,1,1,91.84703481,2,0.092074526,1,0.000198705,2.53E-05,0.112932054,0.887067946,1,4
10,bimodal,Task B ,2,1,1,0.478507054,4,2,215.1812515,3,0.742877361,4,1.55E-05,2.16E-05,0.582236441,0.582236441,1,5
10,bimodal,Task B ,1,2,1,0.175630319,2,1,81.98598521,4,0.122097191,2,0.00034718,2.62E-05,0.070157027,0.929842973,1,3
10,bimodal,Task B ,1,2,1,0.682593722,4,1,171.6891298,5,0.321437048,4,3.82E-05,2.28E-05,0.373782465,0.626217535,1,3
10,bimodal,Task B ,1,1,0,-0.715954732,1,2,263.3528597,6,0.475054758,1,2.00E-05,2.19E-05,0.522270193,0.522270193,0,4
1,bimodal,Task B ,2,4,1,0.752858113,2,2,244.5736356,1,2.109204049,2,2.65E-13,7.05E-06,0.999999962,0.999999962,1,8
1,bimodal,Task B ,1,3,0,1.033316334,4,2,85.1229698,2,-0.754520781,4,4.37E-07,1.73E-05,0.975280094,0.975280094,0,2
1,bimodal,Task B ,1,3,1,-0.061785418,1,1,268.7393208,3,-0.097329709,1,0.000402924,2.64E-05,0.061579078,0.938420922,0,2
1,bimodal,Task B ,2,2,1,-1.527786748,3,2,351.5806657,4,0.278473646,3,2.03E-08,1.42E-05,0.998579772,0.998579772,0,6
1,bimodal,Task B ,2,4,1,2.366367994,4,2,201.8424566,5,1.080489638,4,2.16E-16,4.52E-06,1,1,0,8
1,bimodal,Task B ,1,2,1,0.224570756,2,1,127.3896261,6,0.407883563,2,0.000167945,2.50E-05,0.129717663,0.870282337,0,3
2,bimodal,Task B ,2,2,1,-0.513783533,4,2,333.142168,1,-0.132656545,4,0.000135109,2.47E-05,0.154530497,0.845469503,1,6
2,bimodal,Task B ,2,4,1,-3.466910792,4,2,292.5211022,2,-1.781945147,4,1.63E-31,5.13E-07,1,1,0,8
2,bimodal,Task B ,2,2,1,0.270105031,1,2,307.1656464,3,-1.13726156,1,1.33E-06,1.85E-05,0.932774617,0.932774617,1,6
2,bimodal,Task B ,1,2,1,-0.190846285,3,1,35.47753995,4,0.879697248,3,1.39E-05,2.14E-05,0.606496109,0.606496109,1,3
2,bimodal,Task B ,2,4,1,-2.236999847,4,2,35.7105908,5,-2.17362393,4,9.97E-22,2.10E-06,1,1,0,8
2,bimodal,Task B ,1,3,1,0.107091986,4,1,196.711348,6,0.221498206,4,0.00032645,2.61E-05,0.074017129,0.925982871,0,2
3,bimodal,Task B ,2,4,1,1.010364854,2,2,262.6648571,1,-1.357268221,2,2.49E-09,1.25E-05,0.999801109,0.999801109,1,8
3,bimodal,Task B ,1,3,1,0.005760595,3,1,160.5511464,2,0.102212071,3,0.000405414,2.65E-05,0.061246139,0.938753861,0,2
3,bimodal,Task B ,1,4,1,0.00685149,4,1,252.4675794,3,0.135977823,4,0.00039169,2.64E-05,0.06312885,0.93687115,0,1
3,bimodal,Task B ,2,4,1,-2.059462492,2,2,116.9760099,4,-0.873288092,2,4.24E-13,7.26E-06,0.999999942,0.999999942,0,8
3,bimodal,Task B ,2,3,1,0.283710423,2,2,131.9221477,5,1.400607417,2,7.47E-08,1.55E-05,0.995186829,0.995186829,1,7
3,bimodal,Task B ,2,3,0,-0.163853643,1,1,129.4053946,6,-0.48427303,1,0.000142922,2.48E-05,0.147769119,0.852230881,0,7
4,bimodal,Task B ,2,1,1,1.62073172,1,2,143.8471963,1,0.354037003,1,4.23E-09,1.29E-05,0.999672879,0.999672879,0,5
4,bimodal,Task B ,1,2,0,-0.018010114,3,2,152.5573216,2,0.739171408,3,4.19E-05,2.30E-05,0.353889664,0.646110336,0,3
4,bimodal,Task B ,2,1,1,0.949052292,1,2,170.4740927,3,-0.201357123,1,8.14E-06,2.07E-05,0.717959731,0.717959731,0,5
4,bimodal,Task B ,1,1,1,0.022022351,1,1,255.972631,4,0.463402737,1,0.000170006,2.51E-05,0.128432152,0.871567848,0,4
4,bimodal,Task B ,1,2,1,0.250702425,4,1,272.189571,5,0.143143123,4,0.00029577,2.59E-05,0.080613995,0.919386005,1,3
4,bimodal,Task B ,2,3,1,1.823790474,2,2,18.35702309,6,1.36471081,2,1.48E-13,6.80E-06,0.999999978,0.999999978,0,7
5,bimodal,Task B ,1,1,1,0.344592951,2,1,72.65209025,1,-0.390029799,2,0.000134739,2.47E-05,0.154866857,0.845133143,0,4
5,bimodal,Task B ,1,4,1,0.977610197,2,1,135.6108882,2,-0.310919725,2,5.11E-06,2.01E-05,0.797507915,0.797507915,0,1
5,bimodal,Task B ,1,1,1,0.547887471,4,1,190.3956102,3,-0.697236169,4,1.54E-05,2.16E-05,0.583473572,0.583473572,1,4
5,bimodal,Task B ,1,4,1,-0.286034012,1,1,343.3829086,4,0.214043514,1,0.000251802,2.57E-05,0.09252788,0.90747212,1,1
5,bimodal,Task B ,2,2,1,0.166438294,4,2,135.9949642,5,-2.427006249,4,6.13E-15,5.57E-06,0.999999999,0.999999999,1,6
5,bimodal,Task B ,2,4,1,2.458207132,2,2,320.0785551,6,1.493121858,2,3.85E-19,3.04E-06,1,1,0,8
6,bimodal,Task B ,1,2,1,-0.342880119,1,1,298.2548152,1,0.528909468,1,8.08E-05,2.39E-05,0.228387361,0.771612639,0,3
6,bimodal,Task B ,1,2,1,0.676225894,3,1,231.2426608,2,-0.205636652,3,5.16E-05,2.33E-05,0.310654773,0.689345227,1,3
6,bimodal,Task B ,1,2,0,0.868717124,2,2,163.713745,3,-0.354937278,2,1.05E-05,2.10E-05,0.667926955,0.667926955,0,3
6,bimodal,Task B ,1,2,1,-0.236295653,3,1,150.9926249,4,-0.13297697,3,0.00031633,2.60E-05,0.076066077,0.923933923,1,3
6,bimodal,Task B ,1,2,0,0.203759859,4,2,337.8486177,5,1.595544951,4,7.48E-09,1.34E-05,0.999441532,0.999441532,1,3
6,bimodal,Task B ,1,2,1,0.216593459,4,1,47.65020455,6,0.057443894,4,0.000340668,2.62E-05,0.071323991,0.928676009,1,3
7,bimodal,Task B ,1,4,1,-0.027565551,3,1,323.235696,1,0.119257434,3,0.000398357,2.64E-05,0.062199528,0.937800472,0,1
7,bimodal,Task B ,1,2,1,0.168756913,2,1,54.8514983,2,0.049931466,2,0.000369892,2.63E-05,0.066379168,0.933620832,1,3
7,bimodal,Task B ,1,4,1,0.137571804,3,1,165.5764299,3,-0.416943102,3,0.000187967,2.52E-05,0.118256077,0.881743923,0,1
7,bimodal,Task B ,1,1,0,-0.086279984,1,2,48.06823175,4,-1.848514388,1,2.29E-10,1.08E-05,0.999978684,0.999978684,1,4
7,bimodal,Task B ,1,4,0,0.367785032,2,2,248.5341854,5,-0.815434755,2,1.45E-05,2.15E-05,0.597099665,0.597099665,1,1
7,bimodal,Task B ,1,1,1,-0.368620778,3,1,310.0082603,6,0.306539982,3,0.000164642,2.50E-05,0.131834397,0.868165603,1,4
8,bimodal,Task B ,1,4,1,-0.100280657,2,1,40.02092966,1,0.237613404,2,0.000321366,2.61E-05,0.075031989,0.924968011,0,1
8,bimodal,Task B ,1,4,1,0.132168737,2,1,198.7248265,2,-0.199351028,2,0.000332361,2.61E-05,0.072872284,0.927127716,0,1
8,bimodal,Task B ,1,4,1,-0.119187312,4,1,289.9972683,3,0.594421188,4,8.99E-05,2.41E-05,0.211165544,0.788834456,0,1
8,bimodal,Task B ,2,1,1,-0.745699603,1,2,29.98074374,4,0.8544645,1,1.98E-06,1.90E-05,0.905279557,0.905279557,1,5
8,bimodal,Task B ,1,4,1,-0.546619458,2,1,358.8627841,5,-0.057640008,2,0.000124273,2.46E-05,0.165049321,0.834950679,1,1
8,bimodal,Task B ,1,4,1,-0.42027549,1,1,249.5564778,6,0.651606456,1,3.44E-05,2.27E-05,0.397365824,0.602634176,0,1
9,bimodal,Task B ,1,3,1,0.221641541,3,1,295.0272751,1,-0.029344262,3,0.000341295,2.62E-05,0.071209873,0.928790127,1,2
9,bimodal,Task B ,2,3,1,-1.708927865,2,2,45.07019176,2,0.218028529,2,2.03E-09,1.23E-05,0.999835161,0.999835161,0,7
9,bimodal,Task B ,2,2,1,1.829156381,3,2,303.8141699,3,0.281505498,3,2.57E-10,1.08E-05,0.9999763,0.9999763,0,6
9,bimodal,Task B ,2,4,0,0.039093298,3,1,119.2026718,4,-0.040833471,3,0.000418124,2.65E-05,0.059603159,0.940396841,1,8
9,bimodal,Task B ,1,2,1,0.226552915,2,1,103.0223445,5,-0.685260856,2,4.71E-05,2.31E-05,0.329292793,0.670707207,0,3
9,bimodal,Task B ,1,2,0,0.216230261,1,2,10.98238699,6,-0.195531645,1,0.000294991,2.59E-05,0.080797472,0.919202528,1,3
10,bimodal,Task B ,2,1,1,1.463531475,2,2,199.5406417,1,0.378697556,2,2.95E-08,1.46E-05,0.997979185,0.997979185,0,5
10,bimodal,Task B ,1,1,0,1.721046896,3,2,2.762289915,2,0.45002681,3,7.54E-10,1.16E-05,0.99993498,0.99993498,0,4
10,bimodal,Task B ,2,2,1,0.805993835,4,2,202.7886198,3,1.249808143,4,3.71E-08,1.48E-05,0.997495179,0.997495179,1,6
10,bimodal,Task B ,1,2,0,-1.074835669,1,2,351.1838909,4,3.616065087,1,3.78E-30,6.24E-07,1,1,1,3
10,bimodal,Task B ,2,1,0,-0.372033276,3,1,307.5859867,5,0.270458277,3,0.00017799,2.51E-05,0.123692529,0.876307471,1,5
10,bimodal,Task B ,1,1,0,0.513442456,2,2,193.1012828,6,-0.124326258,2,0.000130019,2.46E-05,0.159292887,0.840707113,1,4
1,bimodal,Task B ,2,3,1,1.342398256,4,2,105.0814085,1,-0.06559685,4,2.20E-07,1.65E-05,0.986855847,0.986855847,0,7
1,bimodal,Task B ,1,2,1,-0.491092226,2,1,305.3377316,2,-0.167860626,2,0.000141942,2.48E-05,0.148583606,0.851416394,1,3
1,bimodal,Task B ,2,1,0,-0.275992729,1,1,315.7939402,3,0.211714563,1,0.000258737,2.57E-05,0.090411339,0.909588661,1,5
1,bimodal,Task B ,1,2,1,0.233598849,1,1,156.860508,4,-0.479193269,1,0.000127602,2.46E-05,0.161662302,0.838337698,0,3
1,bimodal,Task B ,1,3,1,0.657002731,3,1,263.0732322,5,0.025576575,3,6.83E-05,2.37E-05,0.257305923,0.742694077,1,2
1,bimodal,Task B ,1,3,1,0.153362715,4,1,139.6459942,6,-0.193839037,4,0.000326743,2.61E-05,0.073959458,0.926040542,0,2
2,bimodal,Task B ,1,1,0,-0.354328119,1,2,212.7250847,1,-2.806107002,1,9.69E-19,3.23E-06,1,1,1,4
2,bimodal,Task B ,2,4,1,-3.043625931,4,2,247.8171854,2,0.467126247,4,3.83E-21,2.28E-06,1,1,0,8
2,bimodal,Task B ,2,3,1,0.938432873,1,2,303.8792068,3,-0.246581222,1,8.13E-06,2.07E-05,0.718201783,0.718201783,0,7
2,bimodal,Task B ,2,3,1,-1.069382524,1,2,358.3361703,4,0.135858942,1,3.57E-06,1.97E-05,0.846324491,0.846324491,0,7
2,bimodal,Task B ,2,1,1,0.390164793,3,2,152.7960784,5,-2.038020751,3,5.50E-12,8.53E-06,0.999999355,0.999999355,1,5
2,bimodal,Task B ,2,2,0,0.610752293,3,1,63.60321751,6,-0.608210066,3,1.85E-05,2.18E-05,0.541004836,0.541004836,0,6
3,bimodal,Task B ,2,4,1,2.441649919,4,2,259.8661247,1,0.660183124,4,1.06E-15,4.99E-06,1,1,0,8
3,bimodal,Task B ,1,3,0,-0.135866726,2,2,261.6513073,2,-0.087886207,2,0.000383272,2.64E-05,0.064344262,0.935655738,1,2
3,bimodal,Task B ,1,2,1,-0.604980457,2,1,263.2571666,3,0.450604466,2,4.03E-05,2.29E-05,0.362072487,0.637927513,1,3
3,bimodal,Task B ,1,1,1,0.292135367,2,1,129.1324463,4,-0.51262837,2,9.74E-05,2.42E-05,0.198989791,0.801010209,0,4
3,bimodal,Task B ,2,2,0,0.41426195,4,1,338.0085811,5,-0.534480233,4,6.15E-05,2.35E-05,0.276671942,0.723328058,0,6
3,bimodal,Task B ,1,3,1,-0.135811671,2,1,88.61081238,6,-0.090038752,2,0.000382685,2.64E-05,0.064430851,0.935569149,1,2
4,bimodal,Task B ,1,2,0,-1.801517375,1,2,62.23286289,1,0.221542149,1,5.26E-10,1.13E-05,0.999953577,0.999953577,0,3
4,bimodal,Task B ,1,3,1,-0.231779704,1,1,346.6311248,2,0.245015968,1,0.000265696,2.58E-05,0.088385819,0.911614181,0,2
4,bimodal,Task B ,1,2,1,0.097573577,3,1,120.0039785,3,0.050675715,3,0.000401413,2.64E-05,0.061782983,0.938217017,1,3
4,bimodal,Task B ,1,2,1,-0.028747803,2,1,235.2879912,4,-0.029734081,2,0.000422039,2.65E-05,0.059115324,0.940884676,0,3
4,bimodal,Task B ,1,1,0,-0.086647525,2,2,24.88998761,5,0.917537498,2,1.17E-05,2.12E-05,0.644334364,0.644334364,1,4
4,bimodal,Task B ,1,2,0,1.152812826,1,2,66.24661601,6,1.447948962,1,2.27E-10,1.08E-05,0.999978864,0.999978864,1,3
5,bimodal,Task B ,1,4,1,0.087967727,2,1,280.1260151,1,-0.02784964,2,0.00040801,2.65E-05,0.060903044,0.939096956,1,1
5,bimodal,Task B ,1,4,1,-0.209376205,3,1,255.1412611,2,-0.144906193,3,0.000327492,2.61E-05,0.073812554,0.926187446,1,1
5,bimodal,Task B ,2,4,0,-0.284466026,1,1,204.1450848,3,0.534442332,1,9.15E-05,2.41E-05,0.208473751,0.791526249,0,8
5,bimodal,Task B ,2,2,1,-1.272893932,1,2,304.755831,4,-0.570136332,1,1.38E-07,1.61E-05,0.991494897,0.991494897,0,6
5,bimodal,Task B ,1,4,1,0.959457484,1,1,233.1792878,5,0.06528582,1,8.70E-06,2.08E-05,0.705024152,0.705024152,0,1
5,bimodal,Task B ,2,4,1,3.574595982,1,2,340.7764129,6,1.772338354,1,5.55E-33,4.15E-07,1,1,0,8
6,bimodal,Task B ,1,2,0,0.553259803,1,2,336.4822535,1,2.837345344,1,1.96E-19,2.92E-06,1,1,1,3
6,bimodal,Task B ,1,2,1,0.331667531,4,1,90.20805421,2,0.507367799,4,8.87E-05,2.41E-05,0.213256227,0.786743773,0,3
6,bimodal,Task B ,2,2,1,0.148329847,4,2,0.943916257,3,-0.253383437,4,0.000294115,2.59E-05,0.081004696,0.918995304,0,6
6,bimodal,Task B ,2,2,1,2.06573888,2,2,85.22563464,4,0.967167141,2,1.48E-13,6.80E-06,0.999999978,0.999999978,0,6
6,bimodal,Task B ,1,1,0,0.312244091,1,2,89.64313034,5,0.388658833,1,0.000146775,2.48E-05,0.144655879,0.855344121,0,4
6,bimodal,Task B ,1,2,0,2.163590598,1,2,278.5810693,6,0.461738231,1,5.60E-13,7.39E-06,0.999999924,0.999999924,0,3
7,bimodal,Task B ,1,4,1,-0.065140197,3,1,209.2343,1,-0.494751289,3,0.000149648,2.49E-05,0.142422084,0.857577916,0,1
7,bimodal,Task B ,1,1,1,-0.015897146,1,1,124.9448397,2,0.493663019,1,0.000150808,2.49E-05,0.141540197,0.858459803,0,4
7,bimodal,Task B ,2,4,1,3.295555213,3,2,334.1327544,3,0.697079414,3,1.20E-24,1.38E-06,1,1,0,8
7,bimodal,Task B ,1,1,0,1.682902529,3,2,132.7252483,4,-1.707256997,3,1.41E-14,5.87E-06,0.999999998,0.999999998,1,4
7,bimodal,Task B ,2,4,1,-0.063034982,3,2,78.9429961,5,1.240972385,3,6.20E-07,1.76E-05,0.96603173,0.96603173,1,8
7,bimodal,Task B ,1,1,1,-0.075131797,1,1,210.5280957,6,-0.0536616,1,0.000411224,2.65E-05,0.060483579,0.939516421,1,4
8,bimodal,Task B ,2,4,1,-1.183336302,2,2,134.5924673,1,0.655162707,2,2.17E-07,1.65E-05,0.987021177,0.987021177,0,8
8,bimodal,Task B ,1,4,1,0.038459366,4,1,190.7293921,2,-0.022729061,4,0.000420174,2.65E-05,0.059346742,0.940653258,1,1
8,bimodal,Task B ,2,4,1,-2.171864704,3,2,122.1000958,3,0.049211178,3,1.45E-12,7.84E-06,0.999999815,0.999999815,0,8
8,bimodal,Task B ,1,4,0,-0.793411024,2,2,267.2474117,4,-1.955482986,2,3.22E-12,8.24E-06,0.999999609,0.999999609,1,1
8,bimodal,Task B ,1,1,0,0.064054921,1,2,238.5572367,5,1.051277111,1,3.87E-06,1.98E-05,0.836323397,0.836323397,1,4
8,bimodal,Task B ,2,4,1,0.901672193,3,2,117.9167969,6,1.709037634,3,6.03E-11,9.90E-06,0.999993914,0.999993914,1,8
9,bimodal,Task B ,1,3,0,0.458526048,2,2,88.97285433,1,-2.035027801,2,4.54E-12,8.42E-06,0.999999461,0.999999461,1,2
9,bimodal,Task B ,2,1,0,-0.22380839,3,1,229.5356365,2,-0.249442076,3,0.000268632,2.58E-05,0.08755918,0.91244082,0,5
9,bimodal,Task B ,1,1,0,-0.345369669,3,2,120.6111383,3,0.239747573,3,0.00020569,2.54E-05,0.10972785,0.89027215,1,4
9,bimodal,Task B ,2,3,1,1.090518667,3,2,50.82152916,4,-0.566938019,3,7.48E-07,1.78E-05,0.959750032,0.959750032,0,7
9,bimodal,Task B ,1,1,1,0.045830543,3,1,69.38472663,5,-0.255008579,3,0.0003199,2.61E-05,0.075330087,0.924669913,0,4
9,bimodal,Task B ,1,3,1,-0.172147404,2,1,80.1982846,6,0.615708018,2,7.58E-05,2.38E-05,0.239022848,0.760977152,0,2
10,bimodal,Task B ,1,1,1,0.20843357,3,1,329.9263491,1,0.122646913,3,0.000328784,2.61E-05,0.073560706,0.926439294,1,4
10,bimodal,Task B ,1,2,1,0.209705496,2,1,333.6243099,2,-0.395522093,2,0.000181644,2.52E-05,0.12164197,0.87835803,0,3
10,bimodal,Task B ,1,2,1,0.388714217,2,1,9.911876577,3,0.500211012,2,7.69E-05,2.38E-05,0.236582933,0.763417067,0,3
10,bimodal,Task B ,2,2,1,-0.832758192,3,2,326.5322251,4,1.521011356,3,1.40E-09,1.21E-05,0.999883963,0.999883963,1,6
10,bimodal,Task B ,1,2,0,-1.789316628,1,2,351.3355903,5,1.623397932,1,1.13E-14,5.79E-06,0.999999998,0.999999998,0,3
10,bimodal,Task B ,1,2,0,0.232281432,3,2,117.8211939,6,-0.739971139,3,3.35E-05,2.26E-05,0.40302218,0.59697782,0,3
1,bimodal,Task B ,1,2,1,-0.017419202,3,1,15.39217881,1,-0.085878639,3,0.000411562,2.65E-05,0.06043991,0.93956009,0,3
1,bimodal,Task B ,1,4,1,-0.079437552,4,1,277.1583776,2,0.141698134,4,0.000380617,2.63E-05,0.064737705,0.935262295,0,1
1,bimodal,Task B ,2,4,1,-1.71099579,1,2,326.8629156,3,-1.573822544,1,7.09E-14,6.50E-06,0.999999989,0.999999989,0,8
1,bimodal,Task B ,1,2,1,0.16028556,3,1,118.9428634,4,-0.190764407,3,0.000325313,2.61E-05,0.074241668,0.925758332,0,3
1,bimodal,Task B ,2,4,1,-2.598540299,3,2,222.1673917,5,-0.786413978,3,2.37E-17,3.94E-06,1,1,0,8
1,bimodal,Task B ,2,4,1,-0.077702424,1,2,161.8070779,6,-1.664541077,1,3.52E-09,1.28E-05,0.999724074,0.999724074,1,8
2,bimodal,Task B ,1,2,0,0.859540368,4,2,140.9471745,1,0.492163268,4,6.78E-06,2.05E-05,0.751305659,0.751305659,0,3
2,bimodal,Task B ,1,2,0,-0.738618419,2,2,23.58074829,2,-0.651005129,2,7.68E-06,2.06E-05,0.728841827,0.728841827,0,3
2,bimodal,Task B ,2,3,1,-0.749252139,3,2,158.7648031,3,-1.838125369,3,2.79E-11,9.44E-06,0.999997043,0.999997043,1,7
2,bimodal,Task B ,1,3,0,-0.746005467,1,2,51.24363766,4,1.270664166,1,4.71E-08,1.50E-05,0.996870464,0.996870464,1,2
2,bimodal,Task B ,1,2,1,-0.199568745,2,1,190.2005894,5,0.35912185,2,0.000209818,2.54E-05,0.107921478,0.892078522,0,3
2,bimodal,Task B ,2,3,1,-0.683479009,2,2,194.1102522,6,0.935939661,2,1.55E-06,1.87E-05,0.923583936,0.923583936,1,7
3,bimodal,Task B ,2,1,1,0.561973969,1,2,93.78893255,1,-2.673152464,1,9.11E-18,3.71E-06,1,1,1,5
3,bimodal,Task B ,2,1,1,1.180097824,3,2,6.856386414,2,-0.023459137,3,1.23E-06,1.84E-05,0.937215607,0.937215607,0,5
3,bimodal,Task B ,1,3,1,0.24989705,1,1,57.12497358,3,-0.517623696,1,0.000105019,2.43E-05,0.18796165,0.81203835,0,2
3,bimodal,Task B ,1,3,1,-0.91937408,2,1,278.2016442,4,-0.083800028,2,1.29E-05,2.13E-05,0.623365408,0.623365408,0,2
3,bimodal,Task B ,2,3,1,-0.464169898,2,2,306.2643105,5,1.60522963,2,3.29E-09,1.27E-05,0.999741375,0.999741375,1,7
3,bimodal,Task B ,1,3,1,0.067268305,1,1,247.4970495,6,-0.099317679,1,0.000398637,2.64E-05,0.062161149,0.937838851,0,2
4,bimodal,Task B ,1,3,1,0.406619846,4,1,68.65620552,1,0.071230372,4,0.000204895,2.53E-05,0.110083176,0.889916824,1,2
4,bimodal,Task B ,1,2,1,-0.30738285,1,1,300.7069701,2,-0.056986975,1,0.000287083,2.59E-05,0.082709789,0.917290211,1,3
4,bimodal,Task B ,2,2,1,0.406778015,1,2,200.9265825,3,-1.112320734,1,1.14E-06,1.83E-05,0.941284766,0.941284766,1,6
4,bimodal,Task B ,1,2,1,0.012357111,3,1,294.4344594,4,-0.41531611,3,0.000205586,2.54E-05,0.109774398,0.890225602,0,3
4,bimodal,Task B ,2,4,1,-3.005230347,4,2,62.0181652,5,0.414538265,4,1.22E-20,2.45E-06,1,1,0,8
4,bimodal,Task B ,1,2,1,-0.549778155,4,1,343.4400034,6,-0.065388385,4,0.000122036,2.45E-05,0.167409877,0.832590123,1,3
5,bimodal,Task B ,2,1,0,-0.035690676,3,1,6.524800405,1,-0.276024888,3,0.000307488,2.60E-05,0.077955223,0.922044777,0,5
5,bimodal,Task B ,1,2,0,0.41910291,4,2,265.5605573,2,0.19692675,4,0.000169935,2.51E-05,0.128475962,0.871524038,1,3
5,bimodal,Task B ,2,2,0,-0.359096826,3,1,247.8407827,3,-0.079437832,3,0.000246272,2.56E-05,0.094290823,0.905709177,1,6
5,bimodal,Task B ,1,4,0,0.19353321,4,2,26.69171978,4,-0.217800749,4,0.000295313,2.59E-05,0.080721617,0.919278383,0,1
5,bimodal,Task B ,2,4,0,-0.847340171,2,1,94.43963087,5,0.062563187,2,2.20E-05,2.20E-05,0.500223409,0.500223409,0,8
5,bimodal,Task B ,1,1,0,0.542305388,3,2,73.219661,6,-1.294217205,3,1.05E-07,1.58E-05,0.993384722,0.993384722,1,4
6,bimodal,Task B ,2,2,0,0.516599499,2,1,235.040155,1,-0.138195946,2,0.000126319,2.46E-05,0.162950714,0.837049286,1,6
6,bimodal,Task B ,1,2,1,-0.178613418,4,1,347.4825621,2,-0.608193097,4,7.92E-05,2.39E-05,0.231701413,0.768298587,0,3
6,bimodal,Task B ,2,2,0,0.188674079,1,1,216.5506645,3,-0.202390895,1,0.000305863,2.60E-05,0.078312997,0.921687003,0,6
6,bimodal,Task B ,1,2,0,0.531611398,3,2,94.95426875,4,-0.90317298,3,4.13E-06,1.99E-05,0.827796013,0.827796013,1,3
6,bimodal,Task B ,2,2,1,-0.415749155,4,2,220.0137304,5,-1.936112201,4,2.90E-11,9.46E-06,0.999996938,0.999996938,1,6
6,bimodal,Task B ,2,1,1,0.904312968,1,2,115.9676728,6,-0.286389915,1,9.67E-06,2.09E-05,0.684133508,0.684133508,0,5
7,bimodal,Task B ,1,1,0,-0.274563285,2,2,210.535668,1,-2.06490919,2,4.90E-12,8.46E-06,0.999999421,0.999999421,1,4
7,bimodal,Task B ,1,1,0,-0.6065186,1,2,166.9269076,2,1.257455303,1,1.18E-07,1.59E-05,0.992632274,0.992632274,1,4
7,bimodal,Task B ,1,1,1,0.215492301,2,1,244.8670583,3,-0.184206252,2,0.000300765,2.60E-05,0.07945793,0.92054207,1,4
7,bimodal,Task B ,1,4,1,-0.605947861,4,1,61.04301425,4,0.005770582,4,9.51E-05,2.42E-05,0.202630179,0.797369821,1,1
7,bimodal,Task B ,1,4,1,0.022898467,4,1,4.222361409,5,0.02697206,4,0.000421545,2.65E-05,0.059176463,0.940823537,1,1
7,bimodal,Task B ,1,4,1,0.362778665,4,1,128.1858708,6,-0.512816062,4,8.00E-05,2.39E-05,0.229946247,0.770053753,0,1
8,bimodal,Task B ,2,4,1,-1.704699236,4,2,100.7759074,1,0.671900654,4,3.90E-10,1.11E-05,0.999964912,0.999964912,0,8
8,bimodal,Task B ,1,4,1,-0.500431222,1,1,159.4362459,2,0.527120076,1,4.73E-05,2.31E-05,0.32855142,0.67144858,0,1
8,bimodal,Task B ,1,4,1,0.047928779,3,1,36.586218,3,0.077525302,3,0.000408508,2.65E-05,0.06083763,0.93916237,0,1
8,bimodal,Task B ,1,4,1,-0.274235723,1,1,321.56353,4,0.62436324,1,6.03E-05,2.35E-05,0.280369492,0.719630508,0,1
8,bimodal,Task B ,1,4,1,-0.190764861,4,1,306.0833097,5,-0.224323539,4,0.000298452,2.59E-05,0.079989095,0.920010905,0,1
8,bimodal,Task B ,2,4,1,0.803663832,4,2,49.22065375,6,-0.052113457,4,2.77E-05,2.24E-05,0.447142151,0.552857849,1,8
9,bimodal,Task B ,1,1,1,0.101963045,4,1,296.0510612,1,-0.451269848,4,0.000172078,2.51E-05,0.127165779,0.872834221,0,4
9,bimodal,Task B ,2,1,1,-2.212289258,2,2,44.81626783,2,-0.233753965,2,5.60E-13,7.39E-06,0.999999924,0.999999924,0,5
9,bimodal,Task B ,1,2,1,0.816116109,2,1,37.39105673,3,-0.276119301,2,1.87E-05,2.18E-05,0.538791065,0.538791065,0,3
9,bimodal,Task B ,1,4,0,-2.217875243,2,2,6.756062141,4,0.8922843,2,2.18E-14,6.03E-06,0.999999996,0.999999996,0,1
9,bimodal,Task B ,2,2,1,-0.928332861,2,2,135.8929328,5,0.313491495,2,8.15E-06,2.07E-05,0.717723395,0.717723395,0,6
9,bimodal,Task B ,1,3,1,0.238595525,2,1,183.1427798,6,-0.042728952,2,0.000328856,2.61E-05,0.073546621,0.926453379,1,2
10,bimodal,Task B ,2,1,1,-1.761187967,2,2,1.66620328,1,0.545837218,2,3.32E-10,1.10E-05,0.999969823,0.999969823,0,5
10,bimodal,Task B ,1,1,0,0.645329218,2,2,233.5438902,2,-0.252948126,2,5.59E-05,2.34E-05,0.294834807,0.705165193,1,4
10,bimodal,Task B ,1,2,1,-0.390479672,3,1,149.0590701,3,0.089046231,3,0.000221746,2.55E-05,0.103031385,0.896968615,1,3
10,bimodal,Task B ,1,1,1,0.769354093,1,1,191.5791142,4,0.224668171,1,2.82E-05,2.24E-05,0.442274984,0.557725016,1,4
10,bimodal,Task B ,2,2,1,-1.762914857,4,2,15.02120527,5,1.015409851,4,1.46E-11,9.06E-06,0.999998388,0.999998388,0,6
10,bimodal,Task B ,1,1,0,1.130347381,1,2,182.3932186,6,0.951921275,1,4.31E-08,1.49E-05,0.997121665,0.997121665,0,4
1,bimodal,Task B ,1,2,0,-0.778570953,1,2,142.992707,1,0.462989986,1,1.43E-05,2.15E-05,0.600062764,0.600062764,0,3
1,bimodal,Task B ,2,1,1,0.580679729,4,2,110.8176462,2,-0.673224421,4,1.51E-05,2.15E-05,0.587247032,0.587247032,1,5
1,bimodal,Task B ,2,1,1,-1.148293472,1,2,292.9958089,3,-3.49192936,1,8.63E-29,7.59E-07,1,1,1,5
1,bimodal,Task B ,1,3,0,0.515258331,2,2,68.28297226,4,0.407397365,2,6.79E-05,2.37E-05,0.258282933,0.741717067,1,2
1,bimodal,Task B ,1,2,0,-1.062904688,2,2,275.8324981,5,1.332108575,2,2.25E-09,1.24E-05,0.999818606,0.999818606,1,3
1,bimodal,Task B ,2,1,0,0.282962178,2,1,114.824623,6,0.095342827,2,0.000288652,2.59E-05,0.082323015,0.917676985,1,5
2,bimodal,Task B ,1,2,1,0.465916407,4,1,59.15229989,1,-0.254228796,4,0.000128647,2.46E-05,0.160628984,0.839371016,1,3
2,bimodal,Task B ,2,4,1,-0.306678886,3,2,255.5661318,2,3.462501614,3,2.94E-26,1.09E-06,1,1,1,8
2,bimodal,Task B ,2,2,1,-0.515512434,2,2,299.5210483,3,-3.028450799,2,2.29E-21,2.21E-06,1,1,1,6
2,bimodal,Task B ,2,3,1,-2.486259674,3,2,122.295652,4,-0.288968838,3,2.40E-15,5.26E-06,1,1,0,7
2,bimodal,Task B ,1,2,0,-0.262491267,3,2,168.8757479,5,0.828502361,3,1.76E-05,2.17E-05,0.552117197,0.552117197,1,3
2,bimodal,Task B ,1,3,1,-0.856841624,1,1,114.5810645,6,0.244551081,1,1.62E-05,2.16E-05,0.571162931,0.571162931,0,2
3,bimodal,Task B ,1,2,1,-0.101276727,1,1,213.9604542,1,-0.367927464,1,0.000231703,2.55E-05,0.099287411,0.900712589,0,3
3,bimodal,Task B ,1,2,0,-0.396534297,1,2,237.7498092,2,-0.078585383,1,0.000219491,2.55E-05,0.103920391,0.896079609,1,3
3,bimodal,Task B ,2,2,1,-0.879495462,4,2,162.7851235,3,0.079944729,4,1.73E-05,2.17E-05,0.556161749,0.556161749,0,6
3,bimodal,Task B ,1,3,1,-0.470277027,3,1,106.9161255,4,0.070867874,3,0.000169456,2.50E-05,0.128772277,0.871227723,1,2
3,bimodal,Task B ,2,3,1,0.270549303,3,2,40.49790056,5,2.09545275,3,2.69E-12,8.15E-06,0.99999967,0.99999967,1,7
3,bimodal,Task B ,2,1,0,-0.199783544,4,1,292.1932986,6,0.271442917,4,0.00026514,2.58E-05,0.088544091,0.911455909,0,5
4,bimodal,Task B ,1,2,1,-0.004376818,2,1,286.776864,1,-0.427648816,2,0.000197052,2.53E-05,0.113719367,0.886280633,0,3
4,bimodal,Task B ,1,1,1,-0.41674181,1,1,273.1824346,2,0.727762709,1,2.23E-05,2.21E-05,0.497177967,0.502822033,0,4
4,bimodal,Task B ,1,3,1,-0.005808452,4,1,208.6303657,3,0.411033088,4,0.000207042,2.54E-05,0.109129285,0.890870715,0,2
4,bimodal,Task B ,1,4,1,-0.601543375,4,1,348.6582124,4,0.454189013,4,4.05E-05,2.29E-05,0.361352816,0.638647184,1,1
4,bimodal,Task B ,2,1,1,-1.371493628,2,2,173.7622138,5,-3.29143239,2,2.62E-27,9.40E-07,1,1,1,5
4,bimodal,Task B ,1,1,1,-0.112421348,1,1,188.0567993,6,0.08261691,1,0.000392953,2.64E-05,0.062950654,0.937049346,1,4
5,bimodal,Task B ,1,4,1,0.380307524,4,1,195.0568021,1,-0.064873803,4,0.000224729,2.55E-05,0.101879196,0.898120804,1,1
5,bimodal,Task B ,1,4,1,-0.130567777,3,1,307.6710938,2,0.398665718,3,0.000202474,2.53E-05,0.111179475,0.888820525,0,1
5,bimodal,Task B ,2,4,1,-2.141463748,2,2,183.7818417,3,0.005818558,2,2.52E-12,8.12E-06,0.999999689,0.999999689,0,8
5,bimodal,Task B ,2,4,1,2.024599661,3,2,191.9673259,4,-0.851283769,3,7.41E-13,7.52E-06,0.999999901,0.999999901,0,8
5,bimodal,Task B ,1,4,1,0.31098,3,1,161.8061885,5,0.036570691,3,0.000278154,2.58E-05,0.084985031,0.915014969,1,1
5,bimodal,Task B ,2,1,0,-0.12520175,2,1,131.1230877,6,0.062634024,2,0.000393139,2.64E-05,0.062924507,0.937075493,1,5
6,bimodal,Task B ,2,2,1,-1.207247754,3,2,37.45588927,1,1.366396304,3,3.94E-10,1.11E-05,0.999964656,0.999964656,1,6
6,bimodal,Task B ,1,2,1,0.413104521,4,1,91.23513656,2,0.132202743,4,0.00019001,2.52E-05,0.117203419,0.882796581,1,3
6,bimodal,Task B ,1,2,0,0.022169943,3,2,47.92016055,3,1.365834011,3,1.58E-07,1.62E-05,0.99031493,0.99031493,1,3
6,bimodal,Task B ,1,2,1,0.4443203,1,1,173.6525262,4,-0.135351042,1,0.000169676,2.50E-05,0.128635938,0.871364062,1,3
6,bimodal,Task B ,2,1,1,2.240675939,4,2,354.3152335,5,-1.177517409,4,9.81E-16,4.97E-06,1,1,0,5
6,bimodal,Task B ,1,1,0,0.366963802,1,2,55.01975347,6,0.327233036,1,0.000151153,2.49E-05,0.141279736,0.858720264,1,4
7,bimodal,Task B ,2,2,0,-0.853776608,2,1,357.0518295,1,-0.522770704,2,6.80E-06,2.05E-05,0.750847895,0.750847895,0,6
7,bimodal,Task B ,1,2,1,0.007578179,3,1,150.3284653,2,-0.656872801,3,6.91E-05,2.37E-05,0.255175071,0.744824929,0,3
7,bimodal,Task B ,1,1,1,-0.020285542,2,1,63.43333014,3,-0.127587153,2,0.000396442,2.64E-05,0.062463608,0.937536392,0,4
7,bimodal,Task B ,1,1,0,-0.53939751,2,2,53.18142723,4,-0.508403943,2,4.39E-05,2.30E-05,0.343822873,0.656177127,1,4
7,bimodal,Task B ,1,4,1,0.348536931,1,1,342.1552178,5,0.205065469,1,0.000210564,2.54E-05,0.107601409,0.892398591,1,1
7,bimodal,Task B ,1,1,1,0.002498952,3,1,94.76853077,6,0.264482192,3,0.000314876,2.60E-05,0.076370225,0.923629775,0,4
8,bimodal,Task B ,1,4,1,-0.299466465,4,1,232.3525772,1,0.097155383,4,0.000284713,2.59E-05,0.083301229,0.916698771,1,1
8,bimodal,Task B ,1,4,1,-0.234906371,4,1,94.66899193,2,-0.360612837,4,0.000197884,2.53E-05,0.113321504,0.886678496,0,1
8,bimodal,Task B ,2,4,1,-2.057801836,1,2,0.511991679,3,0.460846116,1,4.39E-12,8.41E-06,0.999999478,0.999999478,0,8
8,bimodal,Task B ,1,4,1,-0.269920848,2,1,105.4335095,4,-0.13180454,2,0.000295599,2.59E-05,0.080654234,0.919345766,1,1
8,bimodal,Task B ,1,4,1,-0.293769624,4,1,311.0745489,5,0.289186678,4,0.000210592,2.54E-05,0.10758969,0.89241031,0,1
8,bimodal,Task B ,1,4,1,0.232093843,1,1,88.84088762,6,0.58739738,1,7.77E-05,2.39E-05,0.234908619,0.765091381,0,1
9,bimodal,Task B ,1,1,0,-0.077570312,1,2,62.33947271,1,-1.307250573,1,3.10E-07,1.69E-05,0.981956412,0.981956412,1,4
9,bimodal,Task B ,1,1,0,-0.639398182,3,2,322.6031476,2,3.003012832,3,2.27E-21,2.21E-06,1,1,1,4
9,bimodal,Task B ,2,3,1,3.291143619,3,2,60.23077213,3,-1.968337968,3,8.59E-31,5.69E-07,1,1,0,7
9,bimodal,Task B ,1,3,0,0.516541641,1,2,239.742146,4,0.760103554,1,1.18E-05,2.12E-05,0.641900691,0.641900691,1,2
9,bimodal,Task B ,1,2,0,-1.12705728,3,2,129.7346837,5,1.125525798,3,1.08E-08,1.37E-05,0.999213639,0.999213639,1,3
9,bimodal,Task B ,2,2,0,-0.363679337,2,1,0.396384568,6,-0.046297346,2,0.000247181,2.56E-05,0.093996267,0.906003733,1,6
10,bimodal,Task B ,1,1,0,0.242443846,1,2,193.9857503,1,-0.496585631,1,0.000116696,2.45E-05,0.173338892,0.826661108,0,4
10,bimodal,Task B ,1,1,1,0.395660454,4,1,356.2596297,2,0.194466016,4,0.000184921,2.52E-05,0.119862298,0.880137702,1,4
10,bimodal,Task B ,2,2,1,-0.316226557,4,2,289.2945667,3,2.226950782,4,2.25E-13,6.98E-06,0.999999968,0.999999968,1,6
10,bimodal,Task B ,1,2,1,0.327374544,2,1,150.3771273,4,-0.036997056,2,0.000266302,2.58E-05,0.088213791,0.911786209,1,3
10,bimodal,Task B ,2,2,1,-1.901098068,4,2,195.7971627,5,1.595326293,4,2.99E-15,5.33E-06,0.999999999,0.999999999,0,6
10,bimodal,Task B ,2,1,1,-2.556671373,1,2,137.5438336,6,-0.563712793,1,2.06E-16,4.51E-06,1,1,0,5