subject_name,stim_type,task_type,resp_category,resp_confidence,resp_correct,stim_orientation,stim_reliability,stim_category,stim_phase,block_number,stim_frequency,stim_reliability_level
1,audio,Task B ,2,4,1,0,0.00019,2,186.4576551,0,2103.343368,3
1,audio,Task B ,2,2,1,0,0.00041,2,68.54786327,0,2952.428002,4
1,audio,Task B ,1,3,1,0,0.00019,1,287.8641154,0,2855.667681,3
1,audio,Task B ,1,2,1,0,9.00E-05,1,191.3306219,0,2867.371584,2
1,audio,Task B ,2,3,1,0,4.00E-05,2,28.70895001,0,2274.316932,1
1,audio,Task B ,2,3,1,0,4.00E-05,2,332.660967,0,2104.25421,1
2,audio,Task B ,2,1,1,0,9.00E-05,2,177.4289684,0,3209.471085,2
2,audio,Task B ,2,1,1,0,0.00019,2,22.60660968,0,1823.287898,3
2,audio,Task B ,2,1,0,0,4.00E-05,1,210.9589701,0,2699.806285,1
2,audio,Task B ,1,2,0,0,0.00041,2,349.4900883,0,2681.028539,4
2,audio,Task B ,2,3,1,0,0.00041,2,197.1792988,0,1579.315525,4
2,audio,Task B ,1,2,1,0,0.00041,1,293.0864696,0,2828.581555,4
3,audio,Task B ,1,3,1,0,4.00E-05,1,149.8989634,0,2577.958389,1
3,audio,Task B ,2,4,1,0,0.00041,2,302.3203777,0,3335.412803,4
3,audio,Task B ,1,3,0,0,9.00E-05,2,115.2665834,0,2715.339697,2
3,audio,Task B ,2,4,1,0,0.00019,2,201.5023284,0,3244.957989,3
3,audio,Task B ,1,3,1,0,0.00019,1,183.9800622,0,2734.781034,3
3,audio,Task B ,2,3,1,0,0.00019,2,132.5529053,0,3334.561631,3
4,audio,Task B ,1,1,1,0,4.00E-05,1,359.2481534,0,2777.275549,1
4,audio,Task B ,1,1,0,0,4.00E-05,2,241.9187751,0,3398.740132,1
4,audio,Task B ,1,1,0,0,9.00E-05,2,282.6576629,0,2797.830848,2
4,audio,Task B ,1,2,1,0,0.00019,1,97.09033291,0,2792.280716,3
4,audio,Task B ,1,2,1,0,9.00E-05,1,228.0188526,0,2859.020855,2
4,audio,Task B ,1,2,0,0,9.00E-05,2,10.52177099,0,2343.099549,2
5,audio,Task B ,2,1,0,0,4.00E-05,1,35.01907986,0,2559.90481,1
5,audio,Task B ,2,1,1,0,9.00E-05,2,350.4641129,0,2665.232586,2
5,audio,Task B ,2,3,0,0,0.00041,1,123.3533207,0,2606.514076,4
5,audio,Task B ,2,2,1,0,4.00E-05,2,288.6308394,0,1768.508432,1
5,audio,Task B ,1,2,1,0,0.00019,1,292.436475,0,2656.266966,3
5,audio,Task B ,1,3,1,0,0.00019,1,283.4539944,0,2841.5019,3
6,audio,Task B ,2,2,1,0,4.00E-05,2,192.5903026,0,2489.170736,1
6,audio,Task B ,2,3,0,0,9.00E-05,1,311.1984994,0,2783.876853,2
6,audio,Task B ,2,3,1,0,0.00019,2,272.0224764,0,2555.869838,3
6,audio,Task B ,1,3,1,0,0.00041,1,104.3439742,0,2714.317338,4
6,audio,Task B ,2,3,0,0,0.00041,1,240.1085067,0,2772.1956,4
6,audio,Task B ,1,2,1,0,9.00E-05,1,40.30697248,0,2873.403529,2
7,audio,Task B ,1,1,1,0,9.00E-05,1,73.68531896,0,2605.759694,2
7,audio,Task B ,1,1,0,0,4.00E-05,2,206.5085663,0,3249.629021,1
7,audio,Task B ,1,1,0,0,0.00019,2,4.75049631,0,2768.455137,3
7,audio,Task B ,1,1,1,0,4.00E-05,1,92.69243938,0,2721.192701,1
7,audio,Task B ,1,4,1,0,0.00019,1,235.3564872,0,2814.71274,3
7,audio,Task B ,1,4,1,0,0.00041,1,201.7211531,0,2585.375657,4
8,audio,Task B ,1,1,0,0,9.00E-05,2,332.3916131,0,2592.762549,2
8,audio,Task B ,1,1,0,0,4.00E-05,2,17.7073273,0,2304.082025,1
8,audio,Task B ,2,4,1,0,0.00041,2,34.8786048,0,3175.23839,4
8,audio,Task B ,1,1,1,0,4.00E-05,1,166.1375762,0,2480.738413,1
8,audio,Task B ,1,1,1,0,4.00E-05,1,245.7287812,0,2787.314054,1
8,audio,Task B ,1,1,0,0,9.00E-05,2,45.79941394,0,3684.666785,2
9,audio,Task B ,1,1,0,0,9.00E-05,2,27.2884009,0,2263.190131,2
9,audio,Task B ,1,1,1,0,9.00E-05,1,312.6419062,0,2601.714487,2
9,audio,Task B ,1,2,1,0,0.00041,1,96.05646199,0,2652.74738,4
9,audio,Task B ,1,1,0,0,9.00E-05,2,101.6967958,0,3217.809619,2
9,audio,Task B ,1,2,1,0,0.00041,1,113.0952908,0,2799.716294,4
9,audio,Task B ,1,1,0,0,0.00041,2,357.3779002,0,2282.326365,4
10,audio,Task B ,1,1,1,0,9.00E-05,1,42.97345238,0,2773.032438,2
10,audio,Task B ,1,1,1,0,9.00E-05,1,164.86685,0,2612.524092,2
10,audio,Task B ,1,1,0,0,0.00041,2,318.1698315,0,2903.13636,4
10,audio,Task B ,1,1,1,0,0.00019,1,166.3380137,0,2659.991469,3
10,audio,Task B ,1,1,0,0,4.00E-05,2,129.4905362,0,2221.863501,1
10,audio,Task B ,1,1,0,0,0.00041,2,186.134905,0,2430.593061,4
1,audio,Task B ,2,3,1,0,4.00E-05,2,329.6592968,0,2038.743727,1
1,audio,Task B ,1,2,1,0,0.00041,1,25.15300135,0,2650.130193,4
1,audio,Task B ,1,2,0,0,9.00E-05,2,192.6948001,0,3241.935411,2
1,audio,Task B ,2,1,1,0,4.00E-05,2,38.74422703,0,1937.969318,1
1,audio,Task B ,1,2,0,0,0.00019,2,291.0769307,0,2838.969177,3
1,audio,Task B ,1,2,0,0,0.00041,2,327.4976722,0,2547.085586,4
2,audio,Task B ,2,1,0,0,0.00019,1,141.7524968,0,2753.988177,3
2,audio,Task B ,2,1,0,0,0.00041,1,146.5305989,0,3069.65288,4
2,audio,Task B ,1,3,1,0,0.00019,1,315.0447871,0,2708.819331,3
2,audio,Task B ,1,1,0,0,0.00019,2,3.635158692,0,2108.12078,3
2,audio,Task B ,1,1,0,0,4.00E-05,2,132.6556528,0,3107.623382,1
2,audio,Task B ,1,2,1,0,4.00E-05,1,293.2827751,0,2656.143972,1
3,audio,Task B ,1,3,1,0,0.00041,1,354.5090037,0,2662.554289,4
3,audio,Task B ,1,3,1,0,4.00E-05,1,340.6289837,0,2588.845558,1
3,audio,Task B ,1,3,1,0,4.00E-05,1,174.298485,0,2704.992875,1
3,audio,Task B ,1,3,0,0,0.00041,2,18.9669769,0,2638.697546,4
3,audio,Task B ,2,4,0,0,4.00E-05,1,290.9499777,0,2495.489319,1
3,audio,Task B ,1,4,1,0,0.00019,1,0.596548848,0,2773.880684,3
4,audio,Task B ,1,1,1,0,0.00019,1,117.5419727,0,2574.630378,3
4,audio,Task B ,1,3,1,0,0.00041,1,232.5131804,0,2862.881096,4
4,audio,Task B ,1,1,0,0,4.00E-05,2,62.61798146,0,2976.106544,1
4,audio,Task B ,1,3,1,0,0.00041,1,259.9406197,0,2938.910029,4
4,audio,Task B ,1,1,1,0,4.00E-05,1,150.3401411,0,2629.67562,1
4,audio,Task B ,1,1,1,0,9.00E-05,1,210.6991596,0,2862.789792,2
5,audio,Task B ,1,3,0,0,0.00041,2,333.5466919,0,2482.535396,4
5,audio,Task B ,1,4,1,0,0.00019,1,63.69853342,0,2671.530785,3
5,audio,Task B ,1,3,1,0,9.00E-05,1,1.687493753,0,2666.787345,2
5,audio,Task B ,2,1,1,0,4.00E-05,2,14.26495824,0,3033.590289,1
5,audio,Task B ,1,4,1,0,0.00019,1,112.0304076,0,2741.622568,3
5,audio,Task B ,2,1,0,0,0.00041,1,27.77645334,0,2728.649749,4
6,audio,Task B ,1,3,1,0,4.00E-05,1,86.97780954,0,2670.322833,1
6,audio,Task B ,1,3,1,0,0.00019,1,8.576943622,0,2692.348207,3
6,audio,Task B ,2,3,1,0,9.00E-05,2,262.0703612,0,2757.411336,2
6,audio,Task B ,1,3,0,0,4.00E-05,2,170.0603574,0,2113.733322,1
6,audio,Task B ,2,3,1,0,0.00041,2,230.4578069,0,3188.095665,4
6,audio,Task B ,2,3,0,0,4.00E-05,1,332.026987,0,2862.856815,1
7,audio,Task B ,2,4,1,0,0.00019,2,172.5214069,0,2867.261018,3
7,audio,Task B ,1,1,0,0,9.00E-05,2,280.7007086,0,2522.655132,2
7,audio,Task B ,1,1,0,0,0.00019,2,205.8389884,0,2514.716376,3
7,audio,Task B ,1,1,0,0,0.00019,2,56.63601357,0,1703.572245,3
7,audio,Task B ,1,1,0,0,0.00019,2,127.5905661,0,3022.160315,3
7,audio,Task B ,1,1,0,0,4.00E-05,2,136.1229127,0,2745.387134,1
8,audio,Task B ,1,1,1,0,9.00E-05,1,132.0318619,0,2739.460569,2
8,audio,Task B ,2,1,1,0,0.00041,2,12.9486376,0,2618.056274,4
8,audio,Task B ,1,1,0,0,0.00019,2,190.5320328,0,2149.803454,3
8,audio,Task B ,1,1,1,0,0.00041,1,341.2718794,0,2407.305367,4
8,audio,Task B ,1,1,0,0,4.00E-05,2,131.2618418,0,2366.296233,1
8,audio,Task B ,1,1,0,0,9.00E-05,2,78.72117372,0,3194.489128,2
9,audio,Task B ,1,1,1,0,9.00E-05,1,79.30412576,0,2605.962118,2
9,audio,Task B ,1,1,0,0,0.00019,2,307.0043212,0,2638.478124,3
9,audio,Task B ,1,1,0,0,0.00019,2,25.09468002,0,2559.358341,3
9,audio,Task B ,1,4,1,0,4.00E-05,1,306.6970827,0,2834.674366,1
9,audio,Task B ,1,1,0,0,9.00E-05,2,26.81763603,0,2479.841971,2
9,audio,Task B ,1,4,1,0,0.00041,1,211.8061927,0,2810.421268,4
10,audio,Task B ,2,1,0,0,0.00041,1,63.32043381,0,2874.190047,4
10,audio,Task B ,1,1,0,0,4.00E-05,2,343.450842,0,1943.778934,1
10,audio,Task B ,2,1,1,0,0.00041,2,357.5703344,0,2471.959343,4
10,audio,Task B ,2,1,1,0,0.00041,2,174.0134187,0,3141.111535,4
10,audio,Task B ,2,2,0,0,9.00E-05,1,119.9379022,0,2734.729412,2
10,audio,Task B ,1,1,1,0,0.00019,1,90.24209494,0,2660.641819,3
1,audio,Task B ,2,3,1,0,4.00E-05,2,86.69294941,0,2414.385323,1
1,audio,Task B ,2,1,0,0,0.00019,1,351.9246018,0,3042.503081,3
1,audio,Task B ,1,2,1,0,0.00041,1,76.92053673,0,2810.050491,4
1,audio,Task B ,1,2,1,0,0.00041,1,47.28644866,0,2732.281487,4
1,audio,Task B ,1,3,1,0,9.00E-05,1,61.19211866,0,2758.280172,2
1,audio,Task B ,1,1,0,0,4.00E-05,2,280.9624571,0,2692.189926,1
2,audio,Task B ,2,1,1,0,4.00E-05,2,34.80064813,0,2365.674873,1
2,audio,Task B ,1,2,0,0,0.00019,2,243.1879672,0,2794.996881,3
2,audio,Task B ,2,1,1,0,4.00E-05,2,182.065766,0,2370.889421,1
2,audio,Task B ,1,1,0,0,4.00E-05,2,76.54941883,0,2264.555352,1
2,audio,Task B ,2,1,1,0,0.00019,2,284.8564546,0,2537.382573,3
2,audio,Task B ,1,1,0,0,9.00E-05,2,71.44014318,0,2827.163673,2
3,audio,Task B ,1,2,1,0,4.00E-05,1,333.1656169,0,2879.286077,1
3,audio,Task B ,1,4,1,0,0.00019,1,54.35264575,0,2762.577417,3
3,audio,Task B ,1,2,1,0,4.00E-05,1,215.2924258,0,2637.235516,1
3,audio,Task B ,1,2,1,0,9.00E-05,1,27.50916717,0,2545.728038,2
3,audio,Task B ,2,1,1,0,4.00E-05,2,62.472824,0,2424.591412,1
3,audio,Task B ,2,2,0,0,4.00E-05,1,165.3324967,0,2918.498022,1
4,audio,Task B ,1,3,1,0,0.00019,1,115.5583725,0,2698.254531,3
4,audio,Task B ,1,1,1,0,4.00E-05,1,245.0536817,0,2867.381983,1
4,audio,Task B ,1,1,1,0,4.00E-05,1,287.4802175,0,2866.323349,1
4,audio,Task B ,1,3,1,0,0.00041,1,228.7082412,0,2714.150475,4
4,audio,Task B ,1,3,0,0,0.00019,2,281.176229,0,3100.84488,3
4,audio,Task B ,1,1,1,0,4.00E-05,1,169.3793284,0,2751.71893,1
5,audio,Task B ,1,3,0,0,0.00041,2,290.7751754,0,2982.980799,4
5,audio,Task B ,2,4,0,0,0.00041,1,226.2519975,0,2598.353646,4
5,audio,Task B ,2,2,1,0,0.00019,2,331.0368218,0,2442.791163,3
5,audio,Task B ,1,3,1,0,0.00019,1,226.1676327,0,2724.839144,3
5,audio,Task B ,2,4,1,0,0.00041,2,7.546840467,0,2356.768117,4
5,audio,Task B ,2,1,0,0,9.00E-05,1,94.28085085,0,2662.636039,2
6,audio,Task B ,1,3,1,0,0.00041,1,294.495912,0,3009.290256,4
6,audio,Task B ,2,3,0,0,0.00041,1,193.4837747,0,2815.242051,4
6,audio,Task B ,2,3,1,0,9.00E-05,2,145.7467219,0,2725.936405,2
6,audio,Task B ,2,3,1,0,4.00E-05,2,0.558128844,0,3160.303624,1
6,audio,Task B ,2,3,0,0,0.00041,1,23.05939281,0,2737.13721,4
6,audio,Task B ,2,3,0,0,0.00019,1,42.13787101,0,2510.953672,3
7,audio,Task B ,1,4,1,0,0.00041,1,70.94687154,0,2565.218375,4
7,audio,Task B ,1,2,1,0,0.00041,1,289.1132477,0,2530.066881,4
7,audio,Task B ,1,1,0,0,4.00E-05,2,77.28075033,0,3277.94278,1
7,audio,Task B ,1,4,1,0,4.00E-05,1,204.5605808,0,2734.920257,1
7,audio,Task B ,1,4,0,0,9.00E-05,2,149.7411052,0,3140.792371,2
7,audio,Task B ,1,4,1,0,0.00019,1,25.97701973,0,2574.221074,3
8,audio,Task B ,1,1,0,0,0.00019,2,299.8102682,0,2353.122368,3
8,audio,Task B ,1,1,1,0,9.00E-05,1,5.232355501,0,2610.286056,2
8,audio,Task B ,2,1,0,0,0.00041,1,248.519687,0,2822.466062,4
8,audio,Task B ,2,2,1,0,0.00019,2,4.51243296,0,2931.347297,3
8,audio,Task B ,1,1,1,0,0.00019,1,272.7788356,0,2516.123343,3
8,audio,Task B ,1,1,0,0,9.00E-05,2,96.49775593,0,2936.106221,2
9,audio,Task B ,1,1,0,0,4.00E-05,2,272.2149783,0,2289.75608,1
9,audio,Task B ,1,1,0,0,9.00E-05,2,259.349471,0,2140.675898,2
9,audio,Task B ,1,1,0,0,9.00E-05,2,132.8081141,0,3249.776366,2
9,audio,Task B ,1,1,1,0,9.00E-05,1,145.8400196,0,2744.979272,2
9,audio,Task B ,2,4,1,0,0.00041,2,262.9809179,0,3668.612923,4
9,audio,Task B ,1,1,0,0,0.00019,2,107.8180785,0,2284.341756,3
10,audio,Task B ,1,1,1,0,9.00E-05,1,291.6198743,0,2929.575791,2
10,audio,Task B ,2,1,1,0,4.00E-05,2,252.2334408,0,2565.391894,1
10,audio,Task B ,1,1,0,0,4.00E-05,2,13.26374474,0,3190.101418,1
10,audio,Task B ,1,1,1,0,9.00E-05,1,90.65339522,0,2661.341673,2
10,audio,Task B ,1,1,1,0,4.00E-05,1,1.67069483,0,2600.863239,1
10,audio,Task B ,2,2,1,0,0.00041,2,236.9716986,0,2553.05024,4
1,audio,Task B ,2,2,1,0,9.00E-05,2,355.1625191,0,3105.95021,2
1,audio,Task B ,1,3,1,0,4.00E-05,1,84.23762799,0,2645.753011,1
1,audio,Task B ,2,3,1,0,4.00E-05,2,235.6581794,0,2486.331288,1
1,audio,Task B ,1,2,1,0,9.00E-05,1,33.2036615,0,2845.609063,2
1,audio,Task B ,2,4,1,0,9.00E-05,2,89.55262303,0,2051.294928,2
1,audio,Task B ,1,2,1,0,4.00E-05,1,100.7286695,0,2803.740829,1
2,audio,Task B ,2,1,1,0,0.00019,2,241.1353301,0,2688.575597,3
2,audio,Task B ,1,2,0,0,0.00019,2,336.0814969,0,3169.010793,3
2,audio,Task B ,1,1,1,0,4.00E-05,1,23.44009215,0,2611.298911,1
2,audio,Task B ,1,2,0,0,9.00E-05,2,190.6542831,0,2778.272297,2
2,audio,Task B ,1,3,1,0,0.00019,1,269.9679015,0,2667.598853,3
2,audio,Task B ,1,2,0,0,0.00041,2,166.9142048,0,2701.700541,4
3,audio,Task B ,2,4,1,0,0.00019,2,306.2741127,0,3509.905871,3
3,audio,Task B ,1,1,0,0,4.00E-05,2,103.3528135,0,2455.410973,1
3,audio,Task B ,1,3,1,0,4.00E-05,1,175.6012921,0,2826.99911,1
3,audio,Task B ,2,4,1,0,0.00019,2,16.81725284,0,2083.762286,3
3,audio,Task B ,2,2,0,0,9.00E-05,1,154.6767457,0,2856.416634,2
3,audio,Task B ,1,2,0,0,0.00019,2,140.8015165,0,2915.735588,3
4,audio,Task B ,2,2,1,0,0.00041,2,170.6290153,0,3445.100157,4
4,audio,Task B ,1,2,1,0,0.00041,1,174.8113215,0,2775.149114,4
4,audio,Task B ,1,1,0,0,9.00E-05,2,73.40202847,0,2743.386449,2
4,audio,Task B ,1,1,0,0,4.00E-05,2,276.931116,0,2500.916652,1
4,audio,Task B ,1,3,1,0,0.00041,1,255.3593644,0,2749.951425,4
4,audio,Task B ,1,3,1,0,0.00019,1,254.971243,0,2733.68224,3
5,audio,Task B ,1,3,1,0,0.00041,1,178.4943046,0,2741.849162,4
5,audio,Task B ,1,4,1,0,0.00041,1,221.0952473,0,2769.62033,4
5,audio,Task B ,2,3,1,0,0.00041,2,219.4383825,0,3536.545738,4
5,audio,Task B ,2,2,1,0,0.00041,2,85.57632081,0,2358.169601,4
5,audio,Task B ,2,4,1,0,0.00019,2,98.17751977,0,1628.673089,3
5,audio,Task B ,2,4,1,0,0.00041,2,119.4479452,0,3719.943395,4
6,audio,Task B ,1,3,0,0,0.00019,2,337.4767851,0,2199.69168,3
6,audio,Task B ,2,3,1,0,0.00041,2,10.20138703,0,2602.219187,4
6,audio,Task B ,1,2,0,0,0.00019,2,156.0500426,0,2434.267723,3
6,audio,Task B ,2,2,1,0,9.00E-05,2,270.3714851,0,2208.659796,2
6,audio,Task B ,1,2,0,0,4.00E-05,2,12.13297716,0,3380.636142,1
6,audio,Task B ,2,3,1,0,0.00019,2,143.7454934,0,2359.827783,3
7,audio,Task B ,1,1,1,0,4.00E-05,1,107.9103553,0,2570.278401,1
7,audio,Task B ,1,1,1,0,9.00E-05,1,348.0492874,0,2781.313567,2
7,audio,Task B ,1,1,1,0,4.00E-05,1,191.2109972,0,2534.233922,1
7,audio,Task B ,1,1,1,0,0.00041,1,133.0619592,0,2697.892747,4
7,audio,Task B ,1,1,0,0,4.00E-05,2,199.8846072,0,2675.262291,1
7,audio,Task B ,1,4,1,0,9.00E-05,1,80.4496936,0,2767.662423,2
8,audio,Task B ,1,2,0,0,0.00041,2,24.76487511,0,2193.540332,4
8,audio,Task B ,1,1,1,0,9.00E-05,1,186.1808757,0,2623.116696,2
8,audio,Task B ,2,1,0,0,4.00E-05,1,343.7141308,0,2773.18017,1
8,audio,Task B ,1,1,1,0,9.00E-05,1,321.5547442,0,2809.294393,2
8,audio,Task B ,1,1,0,0,0.00019,2,179.0601029,0,2329.520923,3
8,audio,Task B ,1,2,1,0,0.00019,1,125.2725066,0,2885.297375,3
9,audio,Task B ,1,1,1,0,0.00019,1,330.6270988,0,2609.902147,3
9,audio,Task B ,2,4,1,0,0.00041,2,25.30695009,0,3104.791127,4
9,audio,Task B ,1,1,1,0,0.00019,1,214.4553325,0,2630.472874,3
9,audio,Task B ,1,1,0,0,4.00E-05,2,312.9595873,0,3463.938843,1
9,audio,Task B ,1,1,1,0,0.00019,1,70.33078134,0,2435.194056,3
9,audio,Task B ,1,1,1,0,9.00E-05,1,150.2795712,0,2568.077029,2
10,audio,Task B ,1,1,1,0,9.00E-05,1,344.9601563,0,2620.190743,2
10,audio,Task B ,1,1,0,0,9.00E-05,2,126.7195017,0,2700.502761,2
10,audio,Task B ,2,1,0,0,0.00041,1,274.725001,0,2772.615378,4
10,audio,Task B ,1,1,1,0,0.00019,1,124.0374547,0,2719.700676,3
10,audio,Task B ,1,2,1,0,0.00019,1,138.5812668,0,2571.633055,3
10,audio,Task B ,1,1,1,0,4.00E-05,1,106.1311978,0,2685.457563,1
1,audio,Task B ,2,3,1,0,4.00E-05,2,53.13720407,0,1763.442792,1
1,audio,Task B ,1,2,1,0,0.00019,1,36.54282888,0,2680.155044,3
1,audio,Task B ,2,4,1,0,0.00041,2,109.7722742,0,2306.217943,4
1,audio,Task B ,2,1,1,0,9.00E-05,2,16.34885549,0,2527.558805,2
1,audio,Task B ,1,2,1,0,0.00019,1,114.5228057,0,2788.830627,3
1,audio,Task B ,1,2,0,0,9.00E-05,2,348.1987365,0,3021.358785,2
2,audio,Task B ,2,1,1,0,0.00019,2,26.49982536,0,2347.862784,3
2,audio,Task B ,2,1,0,0,0.00041,1,89.98792724,0,2579.741883,4
2,audio,Task B ,1,3,0,0,4.00E-05,2,290.2120527,0,2832.829101,1
2,audio,Task B ,1,1,0,0,4.00E-05,2,224.415097,0,2361.235947,1
2,audio,Task B ,2,2,0,0,0.00041,1,126.3202374,0,2627.196468,4
2,audio,Task B ,1,2,1,0,4.00E-05,1,126.2821522,0,2979.90267,1
3,audio,Task B ,2,4,1,0,9.00E-05,2,70.83671944,0,2024.365264,2
3,audio,Task B ,2,4,1,0,0.00041,2,6.919552583,0,2465.87938,4
3,audio,Task B ,1,1,1,0,9.00E-05,1,255.2848362,0,2517.533917,2
3,audio,Task B ,2,2,0,0,9.00E-05,1,104.3504518,0,2961.951532,2
3,audio,Task B ,1,3,1,0,9.00E-05,1,127.6816569,0,2700.155878,2
3,audio,Task B ,2,2,1,0,0.00019,2,136.6595221,0,2333.942214,3
4,audio,Task B ,1,1,0,0,4.00E-05,2,96.40913806,0,2117.750291,1
4,audio,Task B ,1,3,0,0,0.00019,2,171.6245368,0,2748.668143,3
4,audio,Task B ,1,2,1,0,9.00E-05,1,333.5849354,0,2775.972881,2
4,audio,Task B ,1,1,0,0,4.00E-05,2,100.5554234,0,2677.139046,1
4,audio,Task B ,1,3,1,0,0.00019,1,302.9112244,0,2760.008484,3
4,audio,Task B ,1,1,0,0,4.00E-05,2,327.0153007,0,3159.64758,1
5,audio,Task B ,2,4,0,0,9.00E-05,1,203.4557729,0,2922.525646,2
5,audio,Task B ,1,1,0,0,4.00E-05,2,169.0610787,0,3210.835711,1
5,audio,Task B ,1,3,0,0,0.00041,2,133.7326265,0,2732.493456,4
5,audio,Task B ,2,4,0,0,0.00041,1,49.95904952,0,2576.146834,4
5,audio,Task B ,2,1,0,0,9.00E-05,1,297.4874859,0,2730.069796,2
5,audio,Task B ,2,4,1,0,0.00041,2,26.65206465,0,3584.71061,4
6,audio,Task B ,1,2,0,0,9.00E-05,2,131.1759697,0,2156.856521,2
6,audio,Task B ,1,3,1,0,0.00019,1,257.317311,0,2393.835883,3
6,audio,Task B ,1,3,1,0,9.00E-05,1,173.2889488,0,2495.567212,2
6,audio,Task B ,1,3,1,0,0.00041,1,116.4318331,0,2694.049955,4
6,audio,Task B ,1,2,0,0,9.00E-05,2,95.99765468,0,3254.794429,2
6,audio,Task B ,1,2,0,0,9.00E-05,2,202.2100775,0,3372.816277,2
7,audio,Task B ,2,4,1,0,0.00019,2,297.0875609,0,2363.092643,3
7,audio,Task B ,2,4,0,0,0.00041,1,93.93429542,0,2868.922873,4
7,audio,Task B ,1,1,0,0,0.00019,2,359.0255189,0,1810.500005,3
7,audio,Task B ,1,1,1,0,4.00E-05,1,163.1829782,0,2711.669722,1
7,audio,Task B ,1,4,1,0,0.00041,1,242.2199862,0,2743.372088,4
7,audio,Task B ,1,1,1,0,4.00E-05,1,131.0181039,0,2719.495817,1
8,audio,Task B ,2,4,0,0,0.00041,1,116.9293796,0,2741.407545,4
8,audio,Task B ,2,1,0,0,0.00019,1,298.6396309,0,2636.625385,3
8,audio,Task B ,1,1,1,0,9.00E-05,1,224.7151291,0,2683.284545,2
8,audio,Task B ,2,2,1,0,0.00019,2,149.0570427,0,2921.094713,3
8,audio,Task B ,1,1,0,0,4.00E-05,2,292.8700408,0,2795.935897,1
8,audio,Task B ,2,4,0,0,0.00041,1,123.6517297,0,2783.265102,4
9,audio,Task B ,1,1,0,0,9.00E-05,2,21.48077968,0,1984.400735,2
9,audio,Task B ,2,4,1,0,0.00019,2,59.86290221,0,3506.738899,3
9,audio,Task B ,2,1,1,0,4.00E-05,2,160.4568098,0,2902.635376,1
9,audio,Task B ,1,1,1,0,4.00E-05,1,318.2646843,0,2736.271412,1
9,audio,Task B ,2,1,0,0,9.00E-05,1,233.4864925,0,2594.774899,2
9,audio,Task B ,2,1,0,0,9.00E-05,1,232.5310988,0,2753.763953,2
10,audio,Task B ,1,1,1,0,0.00041,1,247.6777234,0,2766.225304,4
10,audio,Task B ,1,1,0,0,4.00E-05,2,41.10078089,0,2598.52517,1
10,audio,Task B ,1,2,1,0,0.00041,1,333.6606637,0,2916.500572,4
10,audio,Task B ,1,1,1,0,9.00E-05,1,239.8663389,0,2723.770892,2
10,audio,Task B ,2,2,1,0,9.00E-05,2,321.1919522,0,2891.376864,2
10,audio,Task B ,1,1,0,0,0.00019,2,8.639782035,0,2696.680198,3
1,audio,Task B ,1,2,1,0,0.00041,1,177.4301497,0,2793.964241,4
1,audio,Task B ,1,2,0,0,0.00041,2,310.4445806,0,2872.421479,4
1,audio,Task B ,2,4,1,0,9.00E-05,2,175.0716715,0,1828.199657,2
1,audio,Task B ,2,2,1,0,9.00E-05,2,109.5242607,0,2553.286381,2
1,audio,Task B ,2,1,0,0,4.00E-05,1,322.2083917,0,2565.703099,1
1,audio,Task B ,2,4,1,0,0.00019,2,310.2851409,0,3539.101813,3
2,audio,Task B ,2,2,0,0,4.00E-05,1,123.3604498,0,2744.006952,1
2,audio,Task B ,2,2,0,0,9.00E-05,1,101.1219925,0,2920.44097,2
2,audio,Task B ,2,4,1,0,0.00019,2,92.26705253,0,3135.202245,3
2,audio,Task B ,1,2,1,0,9.00E-05,1,177.3764041,0,2509.173512,2
2,audio,Task B ,1,2,0,0,0.00041,2,330.5578619,0,3240.982462,4
2,audio,Task B ,2,2,1,0,0.00041,2,336.1678191,0,2385.407681,4
3,audio,Task B ,1,1,1,0,0.00019,1,224.4842769,0,2533.036971,3
3,audio,Task B ,2,4,0,0,9.00E-05,1,145.034532,0,2564.811224,2
3,audio,Task B ,2,1,1,0,4.00E-05,2,187.9958086,0,2000.741246,1
3,audio,Task B ,1,1,0,0,4.00E-05,2,287.1560202,0,2447.479051,1
3,audio,Task B ,2,4,1,0,0.00019,2,271.2981724,0,3275.324121,3
3,audio,Task B ,2,1,1,0,0.00041,2,250.2658079,0,3160.709589,4
4,audio,Task B ,1,4,1,0,0.00041,1,224.6587279,0,2698.274993,4
4,audio,Task B ,2,4,1,0,0.00019,2,312.1341107,0,3401.078799,3
4,audio,Task B ,1,1,0,0,4.00E-05,2,66.89482203,0,2732.184483,1
4,audio,Task B ,2,2,1,0,9.00E-05,2,144.2456522,0,2957.179027,2
4,audio,Task B ,2,2,1,0,9.00E-05,2,14.0196542,0,2342.232212,2
4,audio,Task B ,1,1,1,0,0.00019,1,293.4815966,0,2626.171277,3
5,audio,Task B ,2,1,0,0,9.00E-05,1,78.17504205,0,2860.741942,2
5,audio,Task B ,1,1,1,0,9.00E-05,1,172.6899665,0,2580.998524,2
5,audio,Task B ,1,4,1,0,0.00041,1,178.1547919,0,2665.349365,4
5,audio,Task B ,1,1,1,0,9.00E-05,1,180.3241555,0,2868.372605,2
5,audio,Task B ,1,1,0,0,9.00E-05,2,307.0057182,0,2836.408255,2
5,audio,Task B ,1,2,1,0,0.00019,1,13.7252932,0,2844.670687,3
6,audio,Task B ,2,2,0,0,9.00E-05,1,275.1983886,0,2860.403192,2
6,audio,Task B ,2,3,1,0,0.00041,2,69.48690039,0,2295.61254,4
6,audio,Task B ,1,3,0,0,0.00019,2,249.0182249,0,2608.215477,3
6,audio,Task B ,1,2,1,0,9.00E-05,1,125.1974953,0,2570.546594,2
6,audio,Task B ,1,3,1,0,9.00E-05,1,213.5542172,0,2768.821505,2
6,audio,Task B ,1,2,0,0,0.00019,2,26.78120439,0,2641.482666,3
7,audio,Task B ,1,1,1,0,4.00E-05,1,75.5080637,0,2549.266405,1
7,audio,Task B ,1,4,1,0,0.00019,1,168.4850615,0,2585.02997,3
7,audio,Task B ,1,1,1,0,9.00E-05,1,207.0417653,0,2633.995536,2
7,audio,Task B ,1,4,0,0,4.00E-05,2,153.1407422,0,3315.634026,1
7,audio,Task B ,1,1,0,0,4.00E-05,2,196.1289178,0,940.5551084,1
7,audio,Task B ,1,4,0,0,0.00019,2,273.4941277,0,2421.669374,3
8,audio,Task B ,1,4,0,0,0.00019,2,248.2274702,0,2543.147156,3
8,audio,Task B ,1,1,0,0,4.00E-05,2,198.6416198,0,3010.006165,1
8,audio,Task B ,1,1,0,0,0.00019,2,185.4238382,0,2214.953253,3
8,audio,Task B ,2,3,1,0,0.00041,2,169.5328762,0,2976.671849,4
8,audio,Task B ,2,3,1,0,0.00041,2,329.1886857,0,3214.357268,4
8,audio,Task B ,2,1,1,0,9.00E-05,2,168.9406374,0,2365.378897,2
9,audio,Task B ,2,3,0,0,0.00019,1,92.22909392,0,2880.838521,3
9,audio,Task B ,2,1,1,0,4.00E-05,2,318.5625121,0,2748.878612,1
9,audio,Task B ,1,1,1,0,0.00019,1,148.4397381,0,2888.133043,3
9,audio,Task B ,1,1,0,0,4.00E-05,2,40.58864116,0,2693.70077,1
9,audio,Task B ,1,1,1,0,9.00E-05,1,126.1021153,0,2386.751199,2
9,audio,Task B ,1,4,0,0,0.00041,2,241.9519346,0,2584.916169,4
10,audio,Task B ,1,1,1,0,4.00E-05,1,301.640062,0,2561.301412,1
10,audio,Task B ,1,1,0,0,9.00E-05,2,114.1920741,0,3075.979881,2
10,audio,Task B ,2,2,0,0,0.00041,1,188.3915274,0,2716.078218,4
10,audio,Task B ,2,1,1,0,0.00041,2,26.49068934,0,2464.966016,4
10,audio,Task B ,2,2,1,0,0.00041,2,240.6848011,0,3184.059175,4
10,audio,Task B ,1,1,1,0,4.00E-05,1,87.73832881,0,2688.398769,1
1,audio,Task B ,1,3,0,0,4.00E-05,2,109.6812574,0,2815.943027,1
1,audio,Task B ,2,4,1,0,4.00E-05,2,186.2132826,0,2073.563656,1
1,audio,Task B ,2,4,1,0,0.00019,2,286.1225619,0,3321.65999,3
1,audio,Task B ,1,2,1,0,4.00E-05,1,347.2567448,0,2838.875757,1
1,audio,Task B ,1,2,1,0,9.00E-05,1,347.9937943,0,2672.779733,2
1,audio,Task B ,1,1,1,0,4.00E-05,1,206.5732203,0,2729.543058,1
2,audio,Task B ,2,1,0,0,0.00041,1,98.8520644,0,2674.851577,4
2,audio,Task B ,1,1,0,0,4.00E-05,2,95.18043888,0,2037.343126,1
2,audio,Task B ,2,2,1,0,0.00041,2,347.3099389,0,2306.715222,4
2,audio,Task B ,1,2,1,0,9.00E-05,1,33.89047332,0,2895.443367,2
2,audio,Task B ,1,2,1,0,9.00E-05,1,295.4343213,0,2667.476487,2
2,audio,Task B ,1,2,1,0,0.00041,1,7.545087656,0,2698.651431,4
3,audio,Task B ,2,4,0,0,9.00E-05,1,178.8544211,0,2729.23247,2
3,audio,Task B ,1,1,0,0,4.00E-05,2,188.9425344,0,3500.97878,1
3,audio,Task B ,2,4,1,0,0.00019,2,126.702291,0,3096.009079,3
3,audio,Task B ,1,2,1,0,9.00E-05,1,119.0942993,0,2736.107109,2
3,audio,Task B ,2,2,0,0,0.00019,1,211.9576501,0,2935.11978,3
3,audio,Task B ,2,4,0,0,0.00019,1,82.00454919,0,2582.67202,3
4,audio,Task B ,2,3,1,0,0.00019,2,325.3042424,0,2022.648828,3
4,audio,Task B ,1,1,0,0,9.00E-05,2,285.3900922,0,2547.38682,2
4,audio,Task B ,2,4,1,0,0.00041,2,28.78942502,0,3712.740604,4
4,audio,Task B ,1,1,1,0,4.00E-05,1,136.7827817,0,2600.952007,1
4,audio,Task B ,1,3,1,0,9.00E-05,1,132.1508618,0,2622.83658,2
4,audio,Task B ,2,3,1,0,0.00019,2,116.7463065,0,3066.653896,3
5,audio,Task B ,2,4,0,0,0.00041,1,323.141833,0,2405.848336,4
5,audio,Task B ,1,1,1,0,4.00E-05,1,359.6199338,0,2570.43306,1
5,audio,Task B ,2,2,0,0,9.00E-05,1,287.5550354,0,2584.366728,2
5,audio,Task B ,2,2,0,0,0.00019,1,210.9324154,0,2943.820003,3
5,audio,Task B ,1,3,0,0,0.00019,2,85.90416668,0,2469.412934,3
5,audio,Task B ,1,3,1,0,0.00041,1,274.4886281,0,2654.295266,4
6,audio,Task B ,2,2,0,0,4.00E-05,1,232.5919264,0,2606.426932,1
6,audio,Task B ,1,2,0,0,0.00041,2,44.25763807,0,3130.255014,4
6,audio,Task B ,1,3,1,0,9.00E-05,1,240.7769884,0,2925.262291,2
6,audio,Task B ,1,3,0,0,0.00041,2,198.8299652,0,2420.967959,4
6,audio,Task B ,2,3,1,0,0.00041,2,42.73583701,0,2468.189151,4
6,audio,Task B ,2,3,1,0,4.00E-05,2,75.4997988,0,2938.297163,1
7,audio,Task B ,1,1,0,0,0.00041,2,275.4367209,0,2084.049952,4
7,audio,Task B ,1,1,1,0,4.00E-05,1,140.0654017,0,2534.125344,1
7,audio,Task B ,1,1,0,0,9.00E-05,2,36.19651494,0,2652.00318,2
7,audio,Task B ,1,1,1,0,4.00E-05,1,219.6124608,0,2798.953711,1
7,audio,Task B ,2,4,1,0,0.00041,2,119.2572696,0,2136.686574,4
7,audio,Task B ,1,1,1,0,9.00E-05,1,147.5661498,0,2618.228917,2
8,audio,Task B ,2,4,0,0,0.00019,1,268.6465664,0,2806.394483,3
8,audio,Task B ,1,2,1,0,0.00041,1,349.9422941,0,2655.05661,4
8,audio,Task B ,2,1,1,0,4.00E-05,2,163.7062788,0,3052.17681,1
8,audio,Task B ,1,1,1,0,4.00E-05,1,144.973156,0,2588.16566,1
8,audio,Task B ,1,3,1,0,0.00019,1,95.40519341,0,2568.068861,3
8,audio,Task B ,2,1,0,0,9.00E-05,1,68.14177534,0,2655.218037,2
9,audio,Task B ,2,3,0,0,0.00041,1,56.79298595,0,2855.715805,4
9,audio,Task B ,1,1,0,0,9.00E-05,2,206.7179205,0,3200.979151,2
9,audio,Task B ,1,4,1,0,0.00041,1,111.121421,0,2523.023099,4
9,audio,Task B ,2,3,0,0,9.00E-05,1,26.80359778,0,2801.893253,2
9,audio,Task B ,1,1,0,0,0.00019,2,277.5272582,0,2572.524275,3
9,audio,Task B ,2,3,0,0,0.00041,1,61.52457083,0,2733.681156,4
10,audio,Task B ,1,2,1,0,0.00041,1,176.1530192,0,2713.994393,4
10,audio,Task B ,2,2,1,0,0.00041,2,279.5659705,0,2440.944907,4
10,audio,Task B ,1,1,0,0,9.00E-05,2,104.6092392,0,2637.517059,2
10,audio,Task B ,1,1,1,0,4.00E-05,1,88.23423522,0,2565.986359,1
10,audio,Task B ,1,2,1,0,0.00041,1,216.4532973,0,2744.389803,4
10,audio,Task B ,2,1,0,0,0.00019,1,202.6367541,0,2661.270973,3
1,audio,Task B ,1,3,1,0,0.00041,1,271.4023073,0,2760.071531,4
1,audio,Task B ,2,3,0,0,4.00E-05,1,180.5910624,0,2844.386604,1
1,audio,Task B ,2,4,1,0,0.00019,2,126.1042844,0,2413.436587,3
1,audio,Task B ,1,2,0,0,0.00019,2,87.95595647,0,2846.465143,3
1,audio,Task B ,2,2,0,0,9.00E-05,1,237.7595192,0,2599.636004,2
1,audio,Task B ,1,2,0,0,0.00041,2,66.44569328,0,2926.937382,4
2,audio,Task B ,1,2,0,0,0.00041,2,331.7498714,0,2838.318009,4
2,audio,Task B ,2,1,0,0,0.00019,1,168.2771727,0,2696.812468,3
2,audio,Task B ,1,3,1,0,9.00E-05,1,248.5728395,0,2699.796425,2
2,audio,Task B ,1,2,1,0,0.00019,1,343.5133995,0,2633.400236,3
2,audio,Task B ,1,2,1,0,4.00E-05,1,330.2446024,0,2744.856695,1
2,audio,Task B ,2,2,1,0,0.00019,2,336.6938454,0,2135.690142,3
3,audio,Task B ,1,3,1,0,0.00019,1,156.3084876,0,2625.402451,3
3,audio,Task B ,1,1,0,0,0.00041,2,54.89172097,0,2938.472786,4
3,audio,Task B ,2,4,1,0,0.00019,2,91.09006988,0,3520.465037,3
3,audio,Task B ,1,2,1,0,4.00E-05,1,13.89573561,0,2632.364556,1
3,audio,Task B ,2,2,0,0,0.00019,1,68.98294966,0,2561.394686,3
3,audio,Task B ,2,2,1,0,9.00E-05,2,199.3673172,0,2367.984231,2
4,audio,Task B ,1,1,0,0,9.00E-05,2,236.5523959,0,1888.622773,2
4,audio,Task B ,2,1,1,0,0.00041,2,316.7392137,0,3747.920636,4
4,audio,Task B ,2,3,1,0,0.00019,2,56.15847961,0,2521.111272,3
4,audio,Task B ,1,1,1,0,9.00E-05,1,151.1125283,0,2750.75782,2
4,audio,Task B ,1,3,1,0,9.00E-05,1,127.6650861,0,2576.068265,2
4,audio,Task B ,1,3,0,0,0.00019,2,55.63215449,0,2937.737987,3
5,audio,Task B ,2,4,1,0,0.00041,2,32.78248592,0,3278.065993,4
5,audio,Task B ,1,3,1,0,0.00041,1,143.2649194,0,2600.324411,4
5,audio,Task B ,2,4,1,0,0.00019,2,70.05873721,0,2825.920427,3
5,audio,Task B ,1,1,1,0,4.00E-05,1,225.505115,0,2694.64543,1
5,audio,Task B ,2,1,0,0,4.00E-05,1,85.30178724,0,2793.999769,1
5,audio,Task B ,1,2,1,0,0.00019,1,304.968254,0,2631.312822,3
6,audio,Task B ,2,3,1,0,0.00019,2,76.6113971,0,2466.983166,3
6,audio,Task B ,2,3,1,0,0.00019,2,48.46664615,0,2407.419848,3
6,audio,Task B ,2,3,0,0,9.00E-05,1,68.78721696,0,2636.568508,2
6,audio,Task B ,2,3,0,0,4.00E-05,1,168.3919137,0,2698.885638,1
6,audio,Task B ,2,4,1,0,4.00E-05,2,352.0488045,0,2733.483646,1
6,audio,Task B ,1,2,0,0,4.00E-05,2,181.7752592,0,2413.849653,1
7,audio,Task B ,1,1,1,0,9.00E-05,1,248.5103162,0,2700.329333,2
7,audio,Task B ,1,4,0,0,0.00019,2,286.1973599,0,2874.501342,3
7,audio,Task B ,1,4,0,0,9.00E-05,2,296.3450215,0,2794.215087,2
7,audio,Task B ,1,1,0,0,4.00E-05,2,72.37694459,0,1805.42639,1
7,audio,Task B ,2,4,0,0,0.00019,1,297.862883,0,2603.447442,3
7,audio,Task B ,1,1,0,0,9.00E-05,2,62.51403006,0,2359.567377,2
8,audio,Task B ,2,1,1,0,9.00E-05,2,286.1833857,0,2012.110533,2
8,audio,Task B ,2,1,1,0,4.00E-05,2,16.55280551,0,2087.901639,1
8,audio,Task B ,2,3,0,0,0.00041,1,46.85220782,0,2819.767482,4
8,audio,Task B ,1,1,1,0,4.00E-05,1,1.215197176,0,2620.517299,1
8,audio,Task B ,1,2,0,0,4.00E-05,2,143.7472189,0,3027.373753,1
8,audio,Task B ,2,4,1,0,0.00041,2,85.69100332,0,2817.542711,4
9,audio,Task B ,2,1,1,0,9.00E-05,2,285.9040913,0,2103.71039,2
9,audio,Task B ,1,1,0,0,0.00019,2,266.5272089,0,2553.96512,3
9,audio,Task B ,1,3,1,0,0.00041,1,238.1617367,0,2656.886193,4
9,audio,Task B ,1,1,0,0,0.00019,2,328.5426739,0,3221.909304,3
9,audio,Task B ,1,1,1,0,0.00019,1,337.5629718,0,2844.250437,3
9,audio,Task B ,1,4,0,0,0.00041,2,53.45089462,0,2765.84006,4
10,audio,Task B ,2,1,1,0,0.00041,2,293.7160453,0,3340.773026,4
10,audio,Task B ,1,1,1,0,9.00E-05,1,35.3357237,0,2632.711798,2
10,audio,Task B ,1,1,0,0,9.00E-05,2,123.6729943,0,2501.937886,2
10,audio,Task B ,2,1,1,0,9.00E-05,2,29.98085012,0,3277.418961,2
10,audio,Task B ,1,1,1,0,4.00E-05,1,281.49315,0,2667.256803,1
10,audio,Task B ,2,2,0,0,0.00019,1,24.22814316,0,2598.424676,3
1,audio,Task B ,1,2,1,0,9.00E-05,1,118.3705344,0,2756.256587,2
1,audio,Task B ,2,2,1,0,4.00E-05,2,11.4356032,0,2358.573149,1
1,audio,Task B ,1,1,1,0,4.00E-05,1,259.8722085,0,2630.86874,1
1,audio,Task B ,1,2,1,0,0.00041,1,68.99467792,0,2738.53432,4
1,audio,Task B ,2,4,1,0,0.00041,2,52.50624904,0,2074.617218,4
1,audio,Task B ,2,4,0,0,4.00E-05,1,114.6511334,0,2347.374099,1
2,audio,Task B ,1,3,1,0,0.00041,1,139.7977813,0,2758.123719,4
2,audio,Task B ,2,2,0,0,0.00019,1,211.3909032,0,2644.76158,3
2,audio,Task B ,1,2,0,0,0.00019,2,314.3828948,0,3119.272432,3
2,audio,Task B ,1,3,1,0,0.00041,1,334.1790704,0,2717.664554,4
2,audio,Task B ,2,2,1,0,0.00019,2,187.1888119,0,2725.066396,3
2,audio,Task B ,1,1,1,0,4.00E-05,1,309.5539385,0,2783.786727,1
3,audio,Task B ,2,3,1,0,9.00E-05,2,258.4456364,0,2337.812072,2
3,audio,Task B ,2,4,1,0,0.00041,2,177.0021429,0,2092.719635,4
3,audio,Task B ,1,2,1,0,0.00041,1,222.1649172,0,2681.735158,4
3,audio,Task B ,2,2,1,0,0.00019,2,140.5326419,0,2783.787578,3
3,audio,Task B ,1,2,0,0,0.00041,2,323.0878041,0,2812.165802,4
3,audio,Task B ,1,2,1,0,9.00E-05,1,351.430256,0,2767.92074,2
4,audio,Task B ,2,4,1,0,0.00019,2,209.2297394,0,1693.138171,3
4,audio,Task B ,1,1,0,0,9.00E-05,2,71.32591778,0,2397.505043,2
4,audio,Task B ,1,1,1,0,4.00E-05,1,192.9235643,0,2844.981906,1
4,audio,Task B ,1,3,1,0,0.00041,1,183.460454,0,2516.178226,4
4,audio,Task B ,2,1,1,0,4.00E-05,2,337.6854935,0,2171.723339,1
4,audio,Task B ,1,3,0,0,0.00019,2,325.6039359,0,2498.541569,3
5,audio,Task B ,1,1,0,0,4.00E-05,2,193.8743428,0,2251.347546,1
5,audio,Task B ,1,2,1,0,4.00E-05,1,183.3916838,0,2761.329127,1
5,audio,Task B ,2,4,0,0,9.00E-05,1,257.3179067,0,3110.439278,2
5,audio,Task B ,1,1,1,0,9.00E-05,1,131.7842213,0,2554.539396,2
5,audio,Task B ,1,3,1,0,0.00019,1,80.34525342,0,2654.43769,3
5,audio,Task B ,2,4,0,0,0.00041,1,229.8387699,0,3009.231963,4
6,audio,Task B ,1,3,1,0,9.00E-05,1,266.4963743,0,2917.513627,2
6,audio,Task B ,2,2,0,0,9.00E-05,1,32.96557524,0,2917.362845,2
6,audio,Task B ,2,3,1,0,9.00E-05,2,316.2525941,0,3236.118666,2
6,audio,Task B ,2,3,1,0,9.00E-05,2,3.866436861,0,3171.736468,2
6,audio,Task B ,1,2,1,0,0.00019,1,280.6395523,0,2905.461969,3
6,audio,Task B ,1,2,0,0,9.00E-05,2,146.4899647,0,2429.620866,2
7,audio,Task B ,1,1,1,0,4.00E-05,1,150.365677,0,2885.819022,1
7,audio,Task B ,1,1,0,0,0.00041,2,58.5516214,0,2522.063733,4
7,audio,Task B ,1,1,1,0,9.00E-05,1,138.444796,0,2503.810243,2
7,audio,Task B ,1,4,0,0,4.00E-05,2,250.8556119,0,2558.921936,1
7,audio,Task B ,1,1,1,0,0.00041,1,234.8338291,0,2682.99241,4
7,audio,Task B ,1,1,1,0,4.00E-05,1,239.3694868,0,2814.935212,1
8,audio,Task B ,2,4,1,0,0.00019,2,101.6873355,0,3229.381393,3
8,audio,Task B ,1,1,0,0,4.00E-05,2,86.58528617,0,1876.368455,1
8,audio,Task B ,1,3,0,0,0.00041,2,302.6616492,0,2863.002409,4
8,audio,Task B ,1,3,0,0,0.00019,2,310.977582,0,2682.172352,3
8,audio,Task B ,2,1,0,0,9.00E-05,1,61.86092747,0,2711.228642,2
8,audio,Task B ,2,2,1,0,0.00019,2,101.7527751,0,3051.626652,3
9,audio,Task B ,2,3,0,0,0.00019,1,139.6388034,0,2941.437925,3
9,audio,Task B ,1,4,1,0,0.00041,1,14.12007953,0,2745.539485,4
9,audio,Task B ,2,1,1,0,0.00019,2,325.8125758,0,3821.118077,3
9,audio,Task B ,1,4,0,0,9.00E-05,2,75.50975822,0,2490.011341,2
9,audio,Task B ,1,1,1,0,4.00E-05,1,278.7680342,0,2726.001966,1
9,audio,Task B ,1,1,1,0,9.00E-05,1,186.5377761,0,2592.764595,2
10,audio,Task B ,2,1,0,0,4.00E-05,1,45.27198062,0,2686.651874,1
10,audio,Task B ,2,2,0,0,0.00041,1,57.84210483,0,2865.564389,4
10,audio,Task B ,2,2,0,0,4.00E-05,1,314.2874111,0,2729.317591,1
10,audio,Task B ,1,1,1,0,9.00E-05,1,111.6780297,0,2512.324171,2
10,audio,Task B ,1,1,0,0,9.00E-05,2,106.4516307,0,2563.153935,2
10,audio,Task B ,1,1,1,0,0.00041,1,9.39144547,0,2548.095988,4
1,audio,Task B ,1,1,1,0,4.00E-05,1,241.3506243,0,2598.559208,1
1,audio,Task B ,1,3,1,0,0.00041,1,297.9329561,0,2783.725198,4
1,audio,Task B ,2,2,1,0,0.00019,2,116.4075571,0,2505.796913,3
1,audio,Task B ,2,3,1,0,0.00041,2,339.0031039,0,3167.525777,4
1,audio,Task B ,1,2,1,0,9.00E-05,1,183.8436659,0,2855.188136,2
1,audio,Task B ,2,2,1,0,0.00019,2,179.757547,0,2689.348532,3
2,audio,Task B ,1,1,1,0,9.00E-05,1,114.1402164,0,2634.476586,2
2,audio,Task B ,2,2,1,0,0.00041,2,266.5423991,0,3295.142563,4
2,audio,Task B ,2,3,1,0,0.00019,2,290.0616099,0,2799.759457,3
2,audio,Task B ,1,2,0,0,9.00E-05,2,65.61351616,0,2814.704822,2
2,audio,Task B ,1,1,0,0,9.00E-05,2,240.8527834,0,2254.779521,2
2,audio,Task B ,1,2,1,0,0.00019,1,53.20968919,0,2628.832652,3
3,audio,Task B ,1,3,1,0,9.00E-05,1,136.8205424,0,2844.036458,2
3,audio,Task B ,2,3,0,0,0.00019,1,87.02294384,0,2592.050439,3
3,audio,Task B ,1,2,1,0,0.00041,1,232.1981273,0,2619.703312,4
3,audio,Task B ,1,4,0,0,9.00E-05,2,110.7315185,0,2785.0419,2
3,audio,Task B ,1,3,1,0,9.00E-05,1,42.22483687,0,2839.539414,2
3,audio,Task B ,2,4,1,0,4.00E-05,2,186.3062939,0,1999.992233,1
4,audio,Task B ,1,1,1,0,4.00E-05,1,228.1150475,0,2526.044378,1
4,audio,Task B ,1,2,1,0,9.00E-05,1,327.8018294,0,2891.900384,2
4,audio,Task B ,1,1,1,0,4.00E-05,1,166.4791799,0,2693.709418,1
4,audio,Task B ,1,2,0,0,9.00E-05,2,255.5251484,0,2432.277811,2
4,audio,Task B ,1,1,1,0,4.00E-05,1,359.9080492,0,2804.016795,1
4,audio,Task B ,2,4,1,0,0.00041,2,22.24452571,0,1625.780913,4
5,audio,Task B ,1,1,1,0,4.00E-05,1,269.8715511,0,2420.203219,1
5,audio,Task B ,1,3,0,0,0.00019,2,293.0981321,0,2706.525179,3
5,audio,Task B ,1,4,1,0,0.00041,1,345.9833414,0,2630.295106,4
5,audio,Task B ,1,3,1,0,0.00019,1,340.7769367,0,2507.500842,3
5,audio,Task B ,2,4,1,0,0.00041,2,110.5424145,0,3259.275633,4
5,audio,Task B ,2,4,1,0,0.00019,2,6.53476079,0,2879.603993,3
6,audio,Task B ,1,2,1,0,4.00E-05,1,259.845545,0,2787.369433,1
6,audio,Task B ,1,3,0,0,0.00041,2,84.14403844,0,2757.262678,4
6,audio,Task B ,2,3,1,0,9.00E-05,2,139.0822624,0,1674.78109,2
6,audio,Task B ,1,3,1,0,4.00E-05,1,308.4095754,0,2885.335932,1
6,audio,Task B ,2,3,1,0,9.00E-05,2,17.85118181,0,1938.021205,2
6,audio,Task B ,2,3,1,0,0.00019,2,149.9993199,0,3340.310411,3
7,audio,Task B ,1,1,1,0,9.00E-05,1,174.5320355,0,2498.183344,2
7,audio,Task B ,1,1,1,0,9.00E-05,1,230.5602788,0,2653.580278,2
7,audio,Task B ,1,1,0,0,4.00E-05,2,245.2308985,0,2282.450849,1
7,audio,Task B ,1,1,1,0,4.00E-05,1,212.7045055,0,2778.464653,1
7,audio,Task B ,1,4,0,0,0.00041,2,153.1464045,0,2845.970423,4
7,audio,Task B ,2,4,0,0,0.00041,1,103.1387113,0,2982.303742,4
8,audio,Task B ,1,1,0,0,9.00E-05,2,207.4063723,0,2727.1581,2
8,audio,Task B ,1,1,0,0,9.00E-05,2,303.0549646,0,2822.789702,2
8,audio,Task B ,2,1,0,0,4.00E-05,1,191.863382,0,2708.197628,1
8,audio,Task B ,2,2,0,0,0.00041,1,118.5882808,0,2735.874383,4
8,audio,Task B ,1,3,1,0,0.00019,1,60.00820092,0,2502.542682,3
8,audio,Task B ,2,4,1,0,0.00041,2,27.29841856,0,2187.665332,4
9,audio,Task B ,1,1,1,0,4.00E-05,1,205.0516763,0,2564.911719,1
9,audio,Task B ,2,4,0,0,0.00041,1,288.0465902,0,2667.790212,4
9,audio,Task B ,1,4,1,0,0.00019,1,240.9678002,0,2534.709365,3
9,audio,Task B ,1,1,0,0,4.00E-05,2,330.6914503,0,2463.526947,1
9,audio,Task B ,2,1,0,0,0.00019,1,128.3193031,0,3000.783954,3
9,audio,Task B ,1,1,1,0,0.00019,1,199.7336865,0,2726.662606,3
10,audio,Task B ,2,1,0,0,9.00E-05,1,20.13248112,0,2637.940578,2
10,audio,Task B ,2,2,1,0,0.00019,2,51.15411429,0,2602.3397,3
10,audio,Task B ,2,2,0,0,0.00041,1,350.9748881,0,2482.384034,4
10,audio,Task B ,1,1,1,0,4.00E-05,1,65.04234978,0,2417.832682,1
10,audio,Task B ,1,1,0,0,4.00E-05,2,90.97647283,0,1664.381961,1
10,audio,Task B ,1,1,1,0,9.00E-05,1,142.2674112,0,2721.888915,2
1,audio,Task B ,2,2,0,0,0.00041,1,120.2363181,0,2826.815586,4
1,audio,Task B ,1,2,1,0,0.00019,1,85.9956493,0,2744.746461,3
1,audio,Task B ,2,4,1,0,0.00019,2,224.1214409,0,1773.282821,3
1,audio,Task B ,2,2,0,0,9.00E-05,1,54.34455243,0,2535.853213,2
1,audio,Task B ,2,4,1,0,0.00019,2,54.43917389,0,3717.393583,3
1,audio,Task B ,1,2,1,0,0.00019,1,337.8778807,0,2979.692447,3
2,audio,Task B ,1,2,0,0,0.00019,2,182.6799815,0,2742.90606,3
2,audio,Task B ,2,1,1,0,0.00041,2,188.7254072,0,1402.425468,4
2,audio,Task B ,1,3,1,0,4.00E-05,1,193.7017698,0,2658.459866,1
2,audio,Task B ,1,1,0,0,9.00E-05,2,319.1514919,0,1471.696812,2
2,audio,Task B ,1,2,1,0,4.00E-05,1,313.8889533,0,2901.171758,1
2,audio,Task B ,1,2,0,0,4.00E-05,2,304.5900543,0,2646.864821,1
3,audio,Task B ,1,3,1,0,4.00E-05,1,354.0894049,0,2667.215132,1
3,audio,Task B ,1,3,1,0,4.00E-05,1,244.178854,0,2799.260712,1
3,audio,Task B ,1,2,1,0,0.00019,1,353.9559382,0,2746.090466,3
3,audio,Task B ,2,4,1,0,0.00019,2,31.14415644,0,2376.405727,3
3,audio,Task B ,1,3,1,0,4.00E-05,1,219.4068373,0,2731.335139,1
3,audio,Task B ,1,2,0,0,9.00E-05,2,47.40644062,0,2632.623948,2
4,audio,Task B ,1,1,0,0,9.00E-05,2,250.8296301,0,2344.267859,2
4,audio,Task B ,1,3,1,0,0.00041,1,43.6188817,0,2648.383335,4
4,audio,Task B ,1,3,1,0,0.00019,1,154.9841819,0,2891.938159,3
4,audio,Task B ,2,3,1,0,0.00041,2,54.8979936,0,3391.359246,4
4,audio,Task B ,1,3,1,0,0.00019,1,353.4759004,0,2653.572281,3
4,audio,Task B ,1,1,1,0,4.00E-05,1,298.9432352,0,2774.4425,1
5,audio,Task B ,1,1,0,0,9.00E-05,2,235.2710187,0,2464.467446,2
5,audio,Task B ,1,3,1,0,0.00019,1,65.20402253,0,2608.048002,3
5,audio,Task B ,2,4,1,0,0.00019,2,110.9167613,0,2009.155136,3
5,audio,Task B ,2,4,1,0,0.00019,2,236.930952,0,2227.989296,3
5,audio,Task B ,1,3,1,0,0.00019,1,347.0247179,0,2708.452464,3
5,audio,Task B ,2,2,0,0,9.00E-05,1,37.82543354,0,2705.445416,2
6,audio,Task B ,2,3,1,0,9.00E-05,2,147.8925172,0,3081.506035,2
6,audio,Task B ,2,3,1,0,0.00041,2,306.7356284,0,2663.783011,4
6,audio,Task B ,2,3,0,0,0.00019,1,14.50620763,0,2620.758708,3
6,audio,Task B ,1,3,0,0,9.00E-05,2,221.5172374,0,2767.66779,2
6,audio,Task B ,1,1,1,0,4.00E-05,1,174.4835456,0,2577.478184,1
6,audio,Task B ,1,3,1,0,9.00E-05,1,186.9120367,0,2659.898502,2
7,audio,Task B ,2,1,1,0,0.00019,2,37.83755304,0,3055.089349,3
7,audio,Task B ,1,1,1,0,4.00E-05,1,178.3435572,0,2446.76478,1
7,audio,Task B ,1,4,0,0,0.00041,2,230.7040192,0,2807.501525,4
7,audio,Task B ,1,1,0,0,0.00019,2,287.0666168,0,2475.095921,3
7,audio,Task B ,2,4,1,0,0.00019,2,309.9026004,0,2991.845352,3
7,audio,Task B ,2,4,1,0,0.00019,2,93.49265649,0,3488.314494,3
8,audio,Task B ,2,4,0,0,0.00041,1,330.2985743,0,2764.977615,4
8,audio,Task B ,1,1,0,0,4.00E-05,2,41.5628772,0,2629.981525,1
8,audio,Task B ,2,1,1,0,0.00019,2,195.2621035,0,3123.216633,3
8,audio,Task B ,2,1,0,0,0.00019,1,271.1425637,0,2637.273616,3
8,audio,Task B ,2,4,1,0,0.00019,2,239.4060483,0,3549.109084,3
8,audio,Task B ,1,1,1,0,9.00E-05,1,132.4235286,0,2590.669789,2
9,audio,Task B ,1,1,0,0,4.00E-05,2,15.48347456,0,2556.075765,1
9,audio,Task B ,1,1,0,0,9.00E-05,2,59.91100242,0,2390.035339,2
9,audio,Task B ,2,2,1,0,9.00E-05,2,246.5088225,0,3085.189378,2
9,audio,Task B ,2,1,0,0,4.00E-05,1,118.8621111,0,2529.01137,1
9,audio,Task B ,2,4,1,0,0.00041,2,236.7100523,0,2525.493208,4
9,audio,Task B ,1,1,1,0,4.00E-05,1,229.5141206,0,2702.332636,1
10,audio,Task B ,1,1,0,0,9.00E-05,2,149.2853502,0,2330.251735,2
10,audio,Task B ,2,1,1,0,0.00019,2,321.1985804,0,2644.822863,3
10,audio,Task B ,1,1,0,0,4.00E-05,2,180.3608052,0,2277.361257,1
10,audio,Task B ,2,2,1,0,0.00041,2,106.3703885,0,4210.872261,4
10,audio,Task B ,2,2,0,0,0.00041,1,331.2389317,0,2734.642915,4
10,audio,Task B ,1,1,0,0,4.00E-05,2,282.624504,0,2744.85461,1
1,audio,Task B ,1,2,1,0,4.00E-05,1,13.87705024,0,2774.423046,1
1,audio,Task B ,1,3,1,0,9.00E-05,1,16.03708601,0,2638.313894,2
1,audio,Task B ,2,3,1,0,9.00E-05,2,1.8132112,0,3132.994219,2
1,audio,Task B ,1,1,1,0,4.00E-05,1,328.7406932,0,2750.113732,1
1,audio,Task B ,1,2,1,0,0.00041,1,55.65444281,0,2627.617109,4
1,audio,Task B ,2,1,0,0,9.00E-05,1,251.1155884,0,2679.286515,2
2,audio,Task B ,2,2,0,0,4.00E-05,1,151.512603,0,2709.495468,1
2,audio,Task B ,1,2,0,0,4.00E-05,2,67.92656772,0,2332.440442,1
2,audio,Task B ,2,2,0,0,9.00E-05,1,344.090453,0,2575.930474,2
2,audio,Task B ,1,3,0,0,0.00019,2,7.554505413,0,2979.800317,3
2,audio,Task B ,1,2,1,0,0.00019,1,298.5201774,0,2673.583587,3
2,audio,Task B ,1,1,0,0,4.00E-05,2,230.6565002,0,2896.807172,1
3,audio,Task B ,2,1,1,0,9.00E-05,2,254.3301805,0,2859.390193,2
3,audio,Task B ,2,2,1,0,0.00019,2,228.2270727,0,2261.448362,3
3,audio,Task B ,2,4,1,0,0.00019,2,147.6377021,0,3038.077227,3
3,audio,Task B ,1,3,0,0,0.00019,2,325.5845147,0,2738.486583,3
3,audio,Task B ,1,1,0,0,4.00E-05,2,180.8238076,0,2806.940255,1
3,audio,Task B ,2,3,1,0,0.00019,2,242.8388092,0,3255.078934,3
4,audio,Task B ,1,2,1,0,0.00019,1,174.0228985,0,2729.542889,3
4,audio,Task B ,1,2,0,0,0.00019,2,331.5573044,0,2589.366211,3
4,audio,Task B ,1,2,0,0,0.00019,2,149.3607483,0,2597.794198,3
4,audio,Task B ,1,2,1,0,9.00E-05,1,174.3237431,0,2730.241717,2
4,audio,Task B ,1,3,1,0,9.00E-05,1,310.1731307,0,2808.522577,2
4,audio,Task B ,1,3,0,0,0.00019,2,256.5612508,0,2609.24249,3
5,audio,Task B ,2,4,1,0,0.00019,2,33.29122862,0,3351.980336,3
5,audio,Task B ,1,1,1,0,4.00E-05,1,150.971593,0,2993.668355,1
5,audio,Task B ,2,2,1,0,9.00E-05,2,217.8260898,0,2143.761809,2
5,audio,Task B ,2,1,1,0,9.00E-05,2,182.7849929,0,3440.168161,2
5,audio,Task B ,1,4,1,0,0.00041,1,79.22526249,0,2646.692837,4
5,audio,Task B ,1,3,0,0,0.00041,2,353.5482897,0,2662.290382,4
6,audio,Task B ,1,3,0,0,9.00E-05,2,61.94748857,0,2787.935931,2
6,audio,Task B ,2,3,0,0,4.00E-05,1,277.5040902,0,2791.303615,1
6,audio,Task B ,1,3,0,0,0.00019,2,120.6246407,0,2250.857401,3
6,audio,Task B ,2,2,1,0,0.00019,2,11.02348973,0,3007.226794,3
6,audio,Task B ,2,3,1,0,9.00E-05,2,357.494433,0,3223.225379,2
6,audio,Task B ,2,3,1,0,4.00E-05,2,133.8481622,0,2509.577519,1
7,audio,Task B ,1,4,1,0,0.00041,1,84.78560673,0,2669.891986,4
7,audio,Task B ,1,4,0,0,0.00041,2,270.3119272,0,2211.772943,4
7,audio,Task B ,1,1,0,0,9.00E-05,2,61.87460469,0,2167.777239,2
7,audio,Task B ,1,4,0,0,0.00019,2,355.9415111,0,3444.688457,3
7,audio,Task B ,1,4,0,0,0.00019,2,194.0142628,0,3064.518477,3
7,audio,Task B ,1,4,1,0,0.00041,1,119.2988452,0,2636.300113,4
8,audio,Task B ,2,1,1,0,9.00E-05,2,261.6251006,0,2932.58761,2
8,audio,Task B ,1,1,1,0,4.00E-05,1,333.4724452,0,2626.415027,1
8,audio,Task B ,1,1,0,0,4.00E-05,2,316.9491458,0,1768.839549,1
8,audio,Task B ,1,4,0,0,0.00041,2,294.9552794,0,2710.387347,4
8,audio,Task B ,1,1,1,0,4.00E-05,1,292.9531045,0,2620.355141,1
8,audio,Task B ,2,1,0,0,4.00E-05,1,319.3497674,0,2744.179209,1
9,audio,Task B ,1,4,1,0,0.00041,1,116.3173265,0,2824.53132,4
9,audio,Task B ,1,1,0,0,4.00E-05,2,287.9488595,0,2763.483909,1
9,audio,Task B ,1,1,1,0,9.00E-05,1,284.8173881,0,2704.042022,2
9,audio,Task B ,2,1,1,0,0.00041,2,324.3726875,0,1408.198891,4
9,audio,Task B ,2,1,1,0,9.00E-05,2,122.356471,0,2157.388679,2
9,audio,Task B ,2,1,1,0,9.00E-05,2,148.7995793,0,3313.304324,2
10,audio,Task B ,1,1,0,0,4.00E-05,2,2.428376194,0,2158.314722,1
10,audio,Task B ,1,1,0,0,0.00019,2,125.8979683,0,2558.643608,3
10,audio,Task B ,1,2,1,0,0.00019,1,208.2647256,0,2677.550845,3
10,audio,Task B ,1,1,1,0,0.00041,1,148.0333942,0,2510.275335,4
10,audio,Task B ,1,2,0,0,0.00019,2,182.3090373,0,2685.040288,3
10,audio,Task B ,1,1,1,0,4.00E-05,1,267.7812547,0,2589.438194,1
1,audio,Task B ,1,4,1,0,9.00E-05,1,117.8776919,0,2592.312473,2
1,audio,Task B ,2,2,0,0,9.00E-05,1,125.2987351,0,2544.423216,2
1,audio,Task B ,1,3,0,0,4.00E-05,2,159.7072542,0,2618.216667,1
1,audio,Task B ,2,4,1,0,0.00041,2,8.063256778,0,2054.162508,4
1,audio,Task B ,1,2,1,0,0.00019,1,84.44296883,0,2765.792894,3
1,audio,Task B ,1,2,1,0,0.00041,1,8.522637749,0,2709.084889,4
2,audio,Task B ,2,1,1,0,0.00041,2,225.2820243,0,2853.174701,4
2,audio,Task B ,2,2,1,0,0.00041,2,15.4852679,0,3111.965074,4
2,audio,Task B ,1,2,0,0,4.00E-05,2,338.4285167,0,2948.90937,1
2,audio,Task B ,2,1,1,0,4.00E-05,2,49.54526857,0,2381.451275,1
2,audio,Task B ,1,1,1,0,4.00E-05,1,309.8793923,0,2767.211705,1
2,audio,Task B ,2,3,1,0,0.00019,2,18.36581984,0,3021.763133,3
3,audio,Task B ,2,2,1,0,9.00E-05,2,197.1086816,0,2603.580097,2
3,audio,Task B ,1,4,1,0,9.00E-05,1,320.4821536,0,2786.735332,2
3,audio,Task B ,1,3,1,0,0.00041,1,62.96959497,0,2776.038703,4
3,audio,Task B ,1,4,0,0,9.00E-05,2,2.451862013,0,2778.847584,2
3,audio,Task B ,2,3,1,0,9.00E-05,2,191.4155438,0,3013.432323,2
3,audio,Task B ,1,3,1,0,9.00E-05,1,255.4064661,0,2641.844959,2
4,audio,Task B ,1,1,0,0,4.00E-05,2,90.94226087,0,2479.092568,1
4,audio,Task B ,1,1,0,0,4.00E-05,2,93.89085538,0,3081.6142,1
4,audio,Task B ,1,1,0,0,9.00E-05,2,220.6225212,0,2894.953842,2
4,audio,Task B ,1,3,1,0,0.00041,1,149.3749979,0,2835.31775,4
4,audio,Task B ,1,2,1,0,9.00E-05,1,121.0656407,0,2744.634437,2
4,audio,Task B ,1,3,1,0,0.00019,1,345.6232683,0,2829.353847,3
5,audio,Task B ,2,1,0,0,9.00E-05,1,20.1166341,0,2858.856253,2
5,audio,Task B ,1,3,1,0,9.00E-05,1,26.76467692,0,2707.781271,2
5,audio,Task B ,2,4,1,0,0.00041,2,297.1045095,0,3516.826886,4
5,audio,Task B ,1,2,0,0,0.00019,2,174.7177836,0,2975.057592,3
5,audio,Task B ,1,1,0,0,9.00E-05,2,344.101637,0,2823.924036,2
5,audio,Task B ,2,4,1,0,0.00019,2,145.8271113,0,3117.448172,3
6,audio,Task B ,2,2,0,0,9.00E-05,1,81.14234369,0,2786.399103,2
6,audio,Task B ,2,3,1,0,9.00E-05,2,253.4392897,0,2166.307012,2
6,audio,Task B ,1,2,0,0,4.00E-05,2,296.3907765,0,2452.327412,1
6,audio,Task B ,2,3,0,0,0.00041,1,27.39929246,0,2570.870436,4
6,audio,Task B ,1,3,1,0,4.00E-05,1,221.1372639,0,2483.19848,1
6,audio,Task B ,1,2,1,0,0.00041,1,256.5821024,0,2600.250749,4
7,audio,Task B ,2,4,1,0,0.00041,2,272.3255528,0,3291.201604,4
7,audio,Task B ,1,4,0,0,0.00041,2,195.6608049,0,2448.656866,4
7,audio,Task B ,1,1,1,0,9.00E-05,1,202.2977759,0,2639.460659,2
7,audio,Task B ,1,4,0,0,0.00019,2,154.0750122,0,2920.987195,3
7,audio,Task B ,1,4,0,0,0.00019,2,107.2850624,0,2788.424033,3
7,audio,Task B ,1,4,1,0,4.00E-05,1,134.8400925,0,2694.453445,1
8,audio,Task B ,2,3,1,0,0.00019,2,318.9224714,0,2835.01775,3
8,audio,Task B ,2,1,1,0,9.00E-05,2,156.477932,0,2245.564998,2
8,audio,Task B ,1,1,1,0,9.00E-05,1,94.00384952,0,2913.761217,2
8,audio,Task B ,2,1,1,0,4.00E-05,2,137.5102298,0,3513.251233,1
8,audio,Task B ,2,1,1,0,9.00E-05,2,278.8364733,0,2695.406787,2
8,audio,Task B ,1,4,1,0,0.00041,1,40.01320749,0,2803.328466,4
9,audio,Task B ,2,1,0,0,4.00E-05,1,286.0903484,0,2683.476211,1
9,audio,Task B ,1,1,0,0,4.00E-05,2,126.8830699,0,3263.873932,1
9,audio,Task B ,1,1,0,0,4.00E-05,2,95.32580721,0,3178.404491,1
9,audio,Task B ,2,4,0,0,0.00041,1,198.8668074,0,2826.869166,4
9,audio,Task B ,2,1,0,0,4.00E-05,1,87.79313739,0,2690.76622,1
9,audio,Task B ,2,1,1,0,9.00E-05,2,279.6214847,0,2788.339836,2
10,audio,Task B ,1,1,0,0,0.00019,2,71.72119709,0,2790.421563,3
10,audio,Task B ,1,1,1,0,0.00041,1,242.4467494,0,2740.657239,4
10,audio,Task B ,2,2,1,0,0.00019,2,277.621259,0,2376.353982,3
10,audio,Task B ,1,1,0,0,4.00E-05,2,20.07330607,0,1961.797524,1
10,audio,Task B ,1,1,0,0,4.00E-05,2,273.9946432,0,2720.692305,1
10,audio,Task B ,1,1,1,0,4.00E-05,1,62.58687186,0,2571.091751,1
1,audio,Task B ,1,2,0,0,9.00E-05,2,17.8550728,0,2536.557439,2
1,audio,Task B ,2,4,1,0,9.00E-05,2,131.9134516,0,3330.684914,2
1,audio,Task B ,1,2,1,0,9.00E-05,1,316.741077,0,2671.280452,2
1,audio,Task B ,1,2,1,0,4.00E-05,1,55.1568754,0,2831.817801,1
1,audio,Task B ,1,2,0,0,0.00019,2,137.0667506,0,2850.132046,3
1,audio,Task B ,2,2,1,0,0.00019,2,110.6399454,0,2589.183724,3
2,audio,Task B ,2,1,1,0,9.00E-05,2,295.1707386,0,2070.644241,2
2,audio,Task B ,1,2,1,0,4.00E-05,1,201.4467667,0,2854.047871,1
2,audio,Task B ,1,3,1,0,9.00E-05,1,128.5367699,0,2662.504722,2
2,audio,Task B ,2,1,1,0,4.00E-05,2,182.4421684,0,2949.371811,1
2,audio,Task B ,1,1,1,0,4.00E-05,1,54.87342088,0,2689.25587,1
2,audio,Task B ,2,2,1,0,0.00019,2,241.2040087,0,2808.328227,3
3,audio,Task B ,1,1,0,0,4.00E-05,2,216.850575,0,2169.284183,1
3,audio,Task B ,1,1,0,0,4.00E-05,2,254.3841886,0,1881.198434,1
3,audio,Task B ,2,4,1,0,0.00019,2,188.7815704,0,1852.274382,3
3,audio,Task B ,1,3,1,0,0.00041,1,20.79660416,0,2693.143882,4
3,audio,Task B ,2,4,0,0,0.00041,1,96.67011618,0,2449.630153,4
3,audio,Task B ,2,4,1,0,9.00E-05,2,113.8112488,0,2414.161705,2
4,audio,Task B ,1,2,1,0,0.00041,1,59.61569901,0,2788.158749,4
4,audio,Task B ,1,1,1,0,9.00E-05,1,67.58576068,0,2731.089723,2
4,audio,Task B ,2,4,1,0,0.00041,2,6.282412502,0,3367.857162,4
4,audio,Task B ,1,1,0,0,4.00E-05,2,225.8631783,0,2802.499489,1
4,audio,Task B ,1,1,0,0,4.00E-05,2,80.58976238,0,3267.661228,1
4,audio,Task B ,1,2,0,0,4.00E-05,2,14.1408731,0,1799.880413,1
5,audio,Task B ,1,1,1,0,4.00E-05,1,227.1251744,0,2493.220712,1
5,audio,Task B ,2,2,1,0,0.00019,2,182.1176154,0,1934.167178,3
5,audio,Task B ,1,1,0,0,4.00E-05,2,6.919152058,0,2145.164468,1
5,audio,Task B ,1,4,1,0,0.00041,1,115.4171601,0,2702.142857,4
5,audio,Task B ,1,1,0,0,4.00E-05,2,256.1853068,0,1820.429012,1
5,audio,Task B ,1,2,1,0,0.00041,1,174.8328111,0,2637.284425,4
6,audio,Task B ,1,2,1,0,0.00041,1,234.4316053,0,2545.240344,4
6,audio,Task B ,1,3,1,0,0.00041,1,212.5545363,0,2683.441317,4
6,audio,Task B ,1,3,0,0,0.00041,2,1.255687389,0,2320.280934,4
6,audio,Task B ,2,3,0,0,4.00E-05,1,142.126793,0,2728.673413,1
6,audio,Task B ,1,2,1,0,0.00019,1,27.15022056,0,2716.079974,3
6,audio,Task B ,2,3,0,0,4.00E-05,1,270.5933956,0,2681.091765,1
7,audio,Task B ,1,1,1,0,4.00E-05,1,220.9287104,0,2718.373355,1
7,audio,Task B ,1,4,0,0,0.00019,2,329.7861346,0,2813.515864,3
7,audio,Task B ,1,1,0,0,9.00E-05,2,146.4058739,0,2127.846796,2
7,audio,Task B ,1,1,0,0,0.00019,2,192.5690455,0,1196.426321,3
7,audio,Task B ,2,4,0,0,0.00041,1,133.5510088,0,2929.718445,4
7,audio,Task B ,2,4,1,0,0.00041,2,185.9244986,0,2710.233976,4
8,audio,Task B ,2,1,1,0,4.00E-05,2,302.2699368,0,3198.926377,1
8,audio,Task B ,1,1,0,0,0.00019,2,77.54911264,0,2483.619986,3
8,audio,Task B ,2,1,0,0,9.00E-05,1,62.08758192,0,2588.756877,2
8,audio,Task B ,2,1,0,0,0.00019,1,299.6690732,0,2654.890122,3
8,audio,Task B ,2,4,1,0,0.00041,2,94.93755264,0,1627.282165,4
8,audio,Task B ,2,4,1,0,9.00E-05,2,242.2428757,0,2836.928828,2
9,audio,Task B ,1,1,0,0,0.00019,2,94.49795371,0,1986.115224,3
9,audio,Task B ,2,4,0,0,0.00041,1,210.9287225,0,2724.169653,4
9,audio,Task B ,1,4,0,0,0.00041,2,282.3025971,0,3045.567258,4
9,audio,Task B ,1,1,1,0,4.00E-05,1,174.7153225,0,2875.789588,1
9,audio,Task B ,1,1,1,0,4.00E-05,1,286.947182,0,2835.878103,1
9,audio,Task B ,1,1,1,0,0.00019,1,213.2591569,0,2621.000037,3
10,audio,Task B ,1,1,0,0,9.00E-05,2,349.1312559,0,2751.636875,2
10,audio,Task B ,2,2,1,0,0.00041,2,217.3334463,0,2095.080833,4
10,audio,Task B ,1,1,0,0,9.00E-05,2,322.0130081,0,3434.184968,2
10,audio,Task B ,1,1,0,0,0.00019,2,42.48871828,0,2710.739947,3
10,audio,Task B ,2,2,1,0,0.00041,2,186.8376771,0,2835.764543,4
10,audio,Task B ,1,1,0,0,9.00E-05,2,96.92860242,0,2271.686552,2
1,audio,Task B ,2,2,0,0,4.00E-05,1,237.8072388,0,2459.744765,1
1,audio,Task B ,2,2,1,0,0.00041,2,53.12516304,0,2943.207515,4
1,audio,Task B ,2,1,1,0,4.00E-05,2,27.29622328,0,3071.124552,1
1,audio,Task B ,1,1,1,0,0.00019,1,212.4437349,0,2761.513584,3
1,audio,Task B ,2,3,1,0,0.00019,2,219.4126133,0,3300.525666,3
1,audio,Task B ,1,2,0,0,9.00E-05,2,339.3026845,0,3005.506122,2
2,audio,Task B ,1,3,1,0,4.00E-05,1,222.8589059,0,2696.279272,1
2,audio,Task B ,1,2,1,0,9.00E-05,1,91.39763766,0,2703.738931,2
2,audio,Task B ,1,2,1,0,0.00019,1,273.8318825,0,2712.190141,3
2,audio,Task B ,1,3,1,0,4.00E-05,1,59.34189504,0,2473.596828,1
2,audio,Task B ,1,2,1,0,4.00E-05,1,158.3194674,0,2816.400694,1
2,audio,Task B ,2,1,0,0,9.00E-05,1,22.45181366,0,2956.196006,2
3,audio,Task B ,1,3,1,0,0.00019,1,166.3495752,0,2688.230509,3
3,audio,Task B ,1,3,0,0,0.00041,2,193.3801628,0,2677.84169,4
3,audio,Task B ,2,3,1,0,4.00E-05,2,209.352001,0,2096.620014,1
3,audio,Task B ,2,4,1,0,0.00019,2,337.70087,0,2521.340843,3
3,audio,Task B ,1,3,1,0,0.00019,1,188.343823,0,2722.844793,3
3,audio,Task B ,2,4,1,0,0.00019,2,355.493206,0,3346.174059,3
4,audio,Task B ,1,2,0,0,0.00019,2,244.1900715,0,1781.475888,3
4,audio,Task B ,1,3,1,0,0.00019,1,4.13367155,0,2690.958928,3
4,audio,Task B ,1,3,0,0,0.00041,2,38.70397998,0,2697.510697,4
4,audio,Task B ,2,4,1,0,0.00019,2,301.569496,0,3478.688639,3
4,audio,Task B ,2,4,1,0,0.00041,2,257.2677332,0,2049.72423,4
4,audio,Task B ,2,4,1,0,0.00041,2,8.393473194,0,3249.121313,4
5,audio,Task B ,2,2,1,0,4.00E-05,2,233.878385,0,2285.287949,1
5,audio,Task B ,1,1,0,0,0.00019,2,187.737033,0,1816.780959,3
5,audio,Task B ,1,4,1,0,9.00E-05,1,58.37875382,0,2774.875877,2
5,audio,Task B ,1,4,1,0,0.00041,1,161.4912776,0,2675.858629,4
5,audio,Task B ,2,4,0,0,0.00041,1,198.6012804,0,2433.867674,4
5,audio,Task B ,1,1,1,0,4.00E-05,1,290.6214332,0,2612.663333,1
6,audio,Task B ,1,3,0,0,0.00019,2,144.393411,0,2484.409004,3
6,audio,Task B ,2,3,1,0,9.00E-05,2,110.2700317,0,3061.746732,2
6,audio,Task B ,2,3,0,0,4.00E-05,1,257.9286551,0,2690.549369,1
6,audio,Task B ,2,2,1,0,0.00041,2,175.5061103,0,2126.300499,4
6,audio,Task B ,2,4,1,0,9.00E-05,2,354.7196274,0,4077.8046,2
6,audio,Task B ,1,2,1,0,0.00041,1,210.9130476,0,2805.0745,4
7,audio,Task B ,1,1,1,0,9.00E-05,1,261.6847564,0,2567.705862,2
7,audio,Task B ,2,4,1,0,0.00041,2,179.3532291,0,3205.698061,4
7,audio,Task B ,1,4,1,0,0.00041,1,145.6427128,0,2822.808765,4
7,audio,Task B ,2,4,0,0,0.00041,1,213.1374273,0,2540.273317,4
7,audio,Task B ,1,1,1,0,9.00E-05,1,73.67944038,0,2690.525262,2
7,audio,Task B ,1,1,0,0,9.00E-05,2,318.0032637,0,2153.01578,2
8,audio,Task B ,2,1,0,0,4.00E-05,1,70.19075827,0,2933.15941,1
8,audio,Task B ,1,1,0,0,0.00019,2,340.3337744,0,2183.95647,3
8,audio,Task B ,1,3,1,0,0.00041,1,309.7959123,0,2429.558108,4
8,audio,Task B ,2,3,0,0,0.00019,1,267.0363206,0,2907.048257,3
8,audio,Task B ,1,1,1,0,4.00E-05,1,330.4712923,0,2858.006722,1
8,audio,Task B ,1,1,0,0,4.00E-05,2,238.2436104,0,2261.315307,1
9,audio,Task B ,1,1,1,0,4.00E-05,1,356.2972851,0,2686.418516,1
9,audio,Task B ,2,4,1,0,0.00041,2,143.4046153,0,2318.874208,4
9,audio,Task B ,1,1,0,0,9.00E-05,2,201.9318915,0,2887.222411,2
9,audio,Task B ,2,1,1,0,9.00E-05,2,249.9665851,0,2936.889599,2
9,audio,Task B ,1,1,0,0,9.00E-05,2,306.2853665,0,2246.156398,2
9,audio,Task B ,1,1,1,0,9.00E-05,1,253.057195,0,2591.609927,2
10,audio,Task B ,2,1,1,0,9.00E-05,2,352.831922,0,2904.457107,2
10,audio,Task B ,1,1,0,0,4.00E-05,2,6.78165177,0,3251.899186,1
10,audio,Task B ,2,2,1,0,0.00041,2,49.10010169,0,2436.429472,4
10,audio,Task B ,1,1,0,0,9.00E-05,2,70.42377913,0,2128.153293,2
10,audio,Task B ,1,1,1,0,4.00E-05,1,239.4797583,0,2491.451061,1
10,audio,Task B ,1,1,1,0,9.00E-05,1,236.8135806,0,2603.382011,2
1,audio,Task B ,2,4,1,0,9.00E-05,2,126.1818248,0,2013.29566,2
1,audio,Task B ,2,2,0,0,9.00E-05,1,269.6220069,0,2527.43726,2
1,audio,Task B ,1,3,1,0,9.00E-05,1,101.3991898,0,2801.059845,2
1,audio,Task B ,1,2,0,0,0.00019,2,347.0179767,0,2596.306723,3
1,audio,Task B ,2,3,1,0,9.00E-05,2,138.1677745,0,2386.434895,2
1,audio,Task B ,2,3,1,0,4.00E-05,2,166.7644408,0,2333.046147,1
2,audio,Task B ,1,1,1,0,4.00E-05,1,289.8880733,0,2742.433703,1
2,audio,Task B ,1,1,0,0,9.00E-05,2,305.1482796,0,1670.199778,2
2,audio,Task B ,1,2,1,0,9.00E-05,1,291.5863489,0,2703.544531,2
2,audio,Task B ,1,2,1,0,0.00019,1,182.5889218,0,2604.761678,3
2,audio,Task B ,2,3,1,0,0.00041,2,290.0136838,0,3175.355212,4
2,audio,Task B ,2,1,1,0,9.00E-05,2,143.3166082,0,2302.033009,2
3,audio,Task B ,1,3,0,0,0.00041,2,295.3214563,0,2884.708678,4
3,audio,Task B ,1,3,1,0,9.00E-05,1,125.6422795,0,2599.075834,2
3,audio,Task B ,1,3,0,0,0.00041,2,346.0627794,0,2704.102627,4
3,audio,Task B ,2,4,1,0,0.00019,2,25.1022539,0,2396.43638,3
3,audio,Task B ,2,2,0,0,0.00019,1,42.5690259,0,2650.983676,3
3,audio,Task B ,2,4,1,0,0.00041,2,126.3201648,0,1799.113454,4
4,audio,Task B ,1,1,1,0,9.00E-05,1,58.51337626,0,2614.390659,2
4,audio,Task B ,1,2,0,0,0.00019,2,50.41204847,0,2778.740813,3
4,audio,Task B ,1,3,1,0,0.00041,1,200.0276846,0,2730.109394,4
4,audio,Task B ,1,3,0,0,0.00041,2,21.56952948,0,2891.469789,4
4,audio,Task B ,2,2,0,0,0.00019,1,76.09072883,0,2548.9895,3
4,audio,Task B ,1,2,1,0,4.00E-05,1,332.735763,0,2748.887585,1
5,audio,Task B ,2,3,0,0,0.00041,1,190.0671264,0,2979.011806,4
5,audio,Task B ,1,4,1,0,0.00041,1,81.25260725,0,2724.58935,4
5,audio,Task B ,1,4,1,0,0.00019,1,179.9823279,0,2698.736366,3
5,audio,Task B ,1,1,0,0,9.00E-05,2,272.2370361,0,2902.008964,2
5,audio,Task B ,1,1,0,0,9.00E-05,2,17.85563633,0,1889.272689,2
5,audio,Task B ,2,4,1,0,0.00041,2,47.66919686,0,3182.924245,4
6,audio,Task B ,2,3,0,0,0.00019,1,275.3619824,0,2754.940269,3
6,audio,Task B ,2,2,1,0,9.00E-05,2,72.93572325,0,2689.029507,2
6,audio,Task B ,2,3,0,0,9.00E-05,1,294.4738212,0,2360.241618,2
6,audio,Task B ,1,3,0,0,0.00041,2,46.21152928,0,2811.252672,4
6,audio,Task B ,2,3,1,0,0.00041,2,109.9442002,0,2988.255328,4
6,audio,Task B ,2,1,0,0,4.00E-05,1,264.2992311,0,2789.377677,1
7,audio,Task B ,1,1,1,0,9.00E-05,1,2.909514635,0,2628.646207,2
7,audio,Task B ,1,1,1,0,9.00E-05,1,266.0415996,0,2681.752452,2
7,audio,Task B ,1,4,0,0,0.00041,2,287.4160538,0,2765.867996,4
7,audio,Task B ,1,1,0,0,4.00E-05,2,148.1253991,0,1814.143529,1
7,audio,Task B ,1,1,0,0,4.00E-05,2,11.61987084,0,2391.880033,1
7,audio,Task B ,1,4,0,0,0.00019,2,140.5632712,0,2557.239869,3
8,audio,Task B ,2,1,0,0,4.00E-05,1,176.0982083,0,2886.254487,1
8,audio,Task B ,1,4,0,0,0.00041,2,200.6411942,0,2444.03868,4
8,audio,Task B ,1,4,0,0,0.00041,2,68.88267114,0,2604.779955,4
8,audio,Task B ,2,1,0,0,9.00E-05,1,231.9354757,0,2871.594228,2
8,audio,Task B ,2,2,0,0,0.00019,1,359.6640986,0,2828.493798,3
8,audio,Task B ,1,2,0,0,4.00E-05,2,321.3896049,0,2582.283174,1
9,audio,Task B ,1,4,0,0,0.00041,2,327.7352016,0,2887.273432,4
9,audio,Task B ,2,4,1,0,0.00041,2,287.0962688,0,3441.98291,4
9,audio,Task B ,2,1,1,0,9.00E-05,2,219.3015883,0,3618.170026,2
9,audio,Task B ,1,1,1,0,9.00E-05,1,324.3589624,0,2688.688191,2
9,audio,Task B ,2,1,0,0,9.00E-05,1,133.5486681,0,2486.443539,2
9,audio,Task B ,1,1,0,0,9.00E-05,2,229.4330478,0,1400.479961,2
10,audio,Task B ,2,1,1,0,0.00019,2,326.8759667,0,2249.019734,3
10,audio,Task B ,1,1,1,0,4.00E-05,1,82.52722099,0,2666.407409,1
10,audio,Task B ,1,1,0,0,4.00E-05,2,309.1260842,0,2232.24884,1
10,audio,Task B ,2,2,1,0,0.00041,2,357.1977734,0,2383.598848,4
10,audio,Task B ,1,1,0,0,9.00E-05,2,294.79556,0,2976.728588,2
10,audio,Task B ,1,1,1,0,0.00019,1,150.4325296,0,2535.419156,3
1,audio,Task B ,1,2,0,0,0.00041,2,143.0831791,0,2585.444017,4
1,audio,Task B ,2,2,0,0,0.00019,1,213.8960418,0,2922.768538,3
1,audio,Task B ,1,2,0,0,0.00019,2,206.6827885,0,2669.332062,3
1,audio,Task B ,2,4,1,0,0.00019,2,312.0386118,0,2165.565452,3
1,audio,Task B ,1,2,1,0,0.00019,1,133.2889287,0,2525.96864,3
1,audio,Task B ,1,2,1,0,4.00E-05,1,220.3870006,0,2976.489251,1
2,audio,Task B ,1,3,0,0,9.00E-05,2,17.22043851,0,2737.350675,2
2,audio,Task B ,2,2,0,0,0.00041,1,75.10979017,0,2564.497532,4
2,audio,Task B ,1,3,1,0,0.00019,1,49.29882368,0,2647.977536,3
2,audio,Task B ,1,1,1,0,4.00E-05,1,226.3189718,0,2639.626901,1
2,audio,Task B ,1,2,0,0,4.00E-05,2,50.59651873,0,2708.880107,1
2,audio,Task B ,1,2,1,0,9.00E-05,1,34.13388502,0,2569.726888,2
3,audio,Task B ,1,2,0,0,9.00E-05,2,145.3891312,0,2634.166892,2
3,audio,Task B ,1,3,0,0,9.00E-05,2,95.07408558,0,2648.470816,2
3,audio,Task B ,2,1,1,0,0.00019,2,38.88193733,0,3195.541862,3
3,audio,Task B ,1,3,1,0,0.00041,1,254.8544216,0,2720.657083,4
3,audio,Task B ,1,2,0,0,0.00041,2,5.453719296,0,2880.114676,4
3,audio,Task B ,2,1,0,0,9.00E-05,1,8.407516974,0,2805.649216,2
4,audio,Task B ,1,2,1,0,0.00019,1,221.8779132,0,2735.734201,3
4,audio,Task B ,2,4,1,0,0.00041,2,64.48942175,0,3484.153639,4
4,audio,Task B ,1,2,1,0,9.00E-05,1,151.2791536,0,2764.825573,2
4,audio,Task B ,1,1,1,0,4.00E-05,1,80.30897756,0,2811.226199,1
4,audio,Task B ,1,3,0,0,9.00E-05,2,174.9182765,0,2793.82026,2
4,audio,Task B ,1,1,1,0,4.00E-05,1,169.6697323,0,2912.287101,1
5,audio,Task B ,1,4,1,0,0.00041,1,267.1072709,0,2748.796888,4
5,audio,Task B ,2,1,1,0,9.00E-05,2,219.8324319,0,1828.644647,2
5,audio,Task B ,2,4,1,0,9.00E-05,2,34.57033683,0,3107.831835,2
5,audio,Task B ,2,3,1,0,0.00019,2,92.06871324,0,2313.062508,3
5,audio,Task B ,2,1,0,0,4.00E-05,1,154.5460241,0,2693.413445,1
5,audio,Task B ,2,4,1,0,0.00041,2,149.8221654,0,3797.135011,4
6,audio,Task B ,2,3,0,0,9.00E-05,1,314.4826831,0,2757.097511,2
6,audio,Task B ,2,3,0,0,0.00019,1,108.8417627,0,2593.442933,3
6,audio,Task B ,2,3,0,0,4.00E-05,1,326.2128794,0,2782.100913,1
6,audio,Task B ,1,3,1,0,9.00E-05,1,214.9149918,0,2858.986692,2
6,audio,Task B ,2,3,0,0,4.00E-05,1,90.66536959,0,2845.138892,1
6,audio,Task B ,2,3,0,0,4.00E-05,1,201.9981374,0,2756.408043,1
7,audio,Task B ,1,1,1,0,4.00E-05,1,195.1822878,0,2897.277245,1
7,audio,Task B ,2,4,0,0,0.00019,1,95.9380136,0,2742.055949,3
7,audio,Task B ,1,4,0,0,0.00041,2,157.9044683,0,2783.147944,4
7,audio,Task B ,1,1,0,0,4.00E-05,2,127.7426417,0,2625.4074,1
7,audio,Task B ,1,4,1,0,9.00E-05,1,347.5583851,0,2959.317084,2
7,audio,Task B ,1,1,1,0,4.00E-05,1,207.9590826,0,2713.321594,1
8,audio,Task B ,1,1,1,0,9.00E-05,1,285.7477618,0,2597.222553,2
8,audio,Task B ,1,1,1,0,0.00019,1,291.1745667,0,2678.372647,3
8,audio,Task B ,2,1,1,0,0.00041,2,46.70032686,0,2622.333371,4
8,audio,Task B ,2,1,0,0,4.00E-05,1,229.953191,0,2676.761685,1
8,audio,Task B ,2,3,0,0,0.00019,1,138.6294789,0,2754.488179,3
8,audio,Task B ,1,1,0,0,4.00E-05,2,13.44341463,0,2740.739038,1
9,audio,Task B ,1,4,1,0,0.00041,1,94.91894491,0,2699.407318,4
9,audio,Task B ,1,4,1,0,0.00019,1,23.67450373,0,2937.650098,3
9,audio,Task B ,2,2,0,0,0.00041,1,265.5465001,0,2802.875966,4
9,audio,Task B ,1,4,1,0,0.00019,1,159.2380729,0,2744.232399,3
9,audio,Task B ,1,1,1,0,9.00E-05,1,197.1838753,0,2828.040459,2
9,audio,Task B ,2,1,0,0,4.00E-05,1,161.1965139,0,2631.283837,1
10,audio,Task B ,1,1,1,0,9.00E-05,1,262.5539685,0,2738.906804,2
10,audio,Task B ,1,2,1,0,9.00E-05,1,318.078639,0,2720.426622,2
10,audio,Task B ,1,1,1,0,9.00E-05,1,108.2233522,0,2556.001124,2
10,audio,Task B ,1,1,0,0,0.00019,2,202.9776692,0,3023.386474,3
10,audio,Task B ,2,2,1,0,0.00041,2,163.4450039,0,3120.034677,4
10,audio,Task B ,1,1,1,0,9.00E-05,1,98.88391744,0,2624.315277,2
1,audio,Task B ,1,3,1,0,0.00041,1,149.0051729,0,2727.486423,4
1,audio,Task B ,1,2,1,0,4.00E-05,1,345.60233,0,2744.66739,1
1,audio,Task B ,2,2,0,0,9.00E-05,1,64.06923976,0,2926.215083,2
1,audio,Task B ,1,1,0,0,9.00E-05,2,243.6195646,0,2501.877151,2
1,audio,Task B ,1,2,1,0,0.00041,1,354.7888549,0,2726.024561,4
1,audio,Task B ,1,1,1,0,4.00E-05,1,230.3365315,0,3049.434227,1
2,audio,Task B ,2,2,1,0,4.00E-05,2,230.1762618,0,3799.951158,1
2,audio,Task B ,1,3,1,0,0.00041,1,294.5908599,0,2600.86741,4
2,audio,Task B ,1,2,0,0,9.00E-05,2,66.60328474,0,2385.039837,2
2,audio,Task B ,1,3,0,0,0.00041,2,49.56703382,0,2731.098173,4
2,audio,Task B ,2,1,1,0,0.00019,2,247.5853275,0,2061.256359,3
2,audio,Task B ,1,2,0,0,0.00041,2,34.78645787,0,2346.408213,4
3,audio,Task B ,1,4,1,0,0.00041,1,320.2528502,0,2703.20814,4
3,audio,Task B ,2,2,1,0,0.00041,2,258.8417617,0,2847.061995,4
3,audio,Task B ,1,1,1,0,9.00E-05,1,212.0091653,0,2743.11034,2
3,audio,Task B ,2,4,1,0,9.00E-05,2,324.7740717,0,2929.36999,2
3,audio,Task B ,1,4,1,0,9.00E-05,1,90.32391952,0,2764.886711,2
3,audio,Task B ,2,2,0,0,0.00019,1,214.5486796,0,2835.96773,3
4,audio,Task B ,1,1,1,0,4.00E-05,1,150.4439399,0,2595.776524,1
4,audio,Task B ,2,4,1,0,0.00019,2,335.0508825,0,2367.518562,3
4,audio,Task B ,1,1,1,0,4.00E-05,1,69.84589096,0,2657.892078,1
4,audio,Task B ,1,1,0,0,9.00E-05,2,118.5678799,0,2253.380211,2
4,audio,Task B ,2,4,1,0,0.00041,2,332.4227418,0,3485.77111,4
4,audio,Task B ,1,1,1,0,9.00E-05,1,353.7311164,0,2913.003703,2
5,audio,Task B ,1,2,0,0,9.00E-05,2,358.3310319,0,3148.655594,2
5,audio,Task B ,2,4,1,0,4.00E-05,2,121.3669545,0,3111.412523,1
5,audio,Task B ,1,3,0,0,0.00019,2,97.73687666,0,2586.348398,3
5,audio,Task B ,1,2,1,0,4.00E-05,1,114.5860978,0,2720.134027,1
5,audio,Task B ,1,3,1,0,0.00041,1,209.4318109,0,2659.778216,4
5,audio,Task B ,2,1,1,0,4.00E-05,2,27.50313396,0,3233.693882,1
6,audio,Task B ,2,3,0,0,9.00E-05,1,174.7128006,0,2670.234893,2
6,audio,Task B ,1,3,0,0,4.00E-05,2,241.9841942,0,2166.436547,1
6,audio,Task B ,1,3,0,0,4.00E-05,2,312.846274,0,2094.489382,1
6,audio,Task B ,1,2,0,0,0.00019,2,48.27515798,0,2512.262176,3
6,audio,Task B ,1,2,1,0,9.00E-05,1,324.298601,0,2509.373173,2
6,audio,Task B ,1,3,0,0,9.00E-05,2,80.79980307,0,2317.450904,2
7,audio,Task B ,1,1,0,0,4.00E-05,2,264.3791989,0,2843.795167,1
7,audio,Task B ,1,4,1,0,9.00E-05,1,198.1712862,0,2862.134657,2
7,audio,Task B ,1,4,0,0,9.00E-05,2,253.7098096,0,2782.802746,2
7,audio,Task B ,1,4,1,0,0.00019,1,251.3977525,0,3030.081513,3
7,audio,Task B ,2,4,1,0,0.00041,2,185.0940899,0,3122.993509,4
7,audio,Task B ,1,1,1,0,9.00E-05,1,107.3110885,0,2563.809095,2
8,audio,Task B ,1,4,1,0,0.00019,1,294.1684001,0,2884.873378,3
8,audio,Task B ,2,3,1,0,0.00041,2,120.268493,0,2939.003889,4
8,audio,Task B ,2,1,1,0,4.00E-05,2,73.19659339,0,2215.015139,1
8,audio,Task B ,2,1,0,0,4.00E-05,1,354.6228903,0,2702.012478,1
8,audio,Task B ,2,1,0,0,0.00019,1,245.9311722,0,2809.049285,3
8,audio,Task B ,2,1,0,0,4.00E-05,1,230.7198642,0,2719.716146,1
9,audio,Task B ,1,1,1,0,0.00019,1,125.1115143,0,2858.043188,3
9,audio,Task B ,1,1,1,0,9.00E-05,1,52.3981825,0,2604.049031,2
9,audio,Task B ,1,1,1,0,4.00E-05,1,108.243006,0,2539.131941,1
9,audio,Task B ,1,1,0,0,4.00E-05,2,284.297797,0,3047.938903,1
9,audio,Task B ,1,1,0,0,0.00019,2,262.8241202,0,3489.656817,3
9,audio,Task B ,1,1,0,0,0.00019,2,263.1692086,0,2205.127919,3
10,audio,Task B ,1,1,0,0,9.00E-05,2,16.13523061,0,3018.589541,2
10,audio,Task B ,1,2,1,0,0.00041,1,285.6399379,0,2872.792755,4
10,audio,Task B ,1,1,1,0,4.00E-05,1,286.1019016,0,2657.675841,1
10,audio,Task B ,1,1,1,0,9.00E-05,1,349.3282147,0,2612.531785,2
10,audio,Task B ,2,2,1,0,4.00E-05,2,209.6892112,0,3190.948462,1
10,audio,Task B ,2,1,1,0,4.00E-05,2,295.8550044,0,2675.261688,1
1,audio,Task B ,1,4,1,0,9.00E-05,1,147.2961563,0,2743.460418,2
1,audio,Task B ,2,3,1,0,9.00E-05,2,24.50696787,0,3082.29382,2
1,audio,Task B ,1,3,1,0,0.00019,1,45.68097594,0,2614.261733,3
1,audio,Task B ,1,1,1,0,4.00E-05,1,179.804519,0,2689.21834,1
1,audio,Task B ,1,2,1,0,4.00E-05,1,8.210079881,0,2859.901407,1
1,audio,Task B ,1,2,0,0,9.00E-05,2,50.95681524,0,2748.088838,2
2,audio,Task B ,1,1,0,0,4.00E-05,2,231.9913801,0,2073.823667,1
2,audio,Task B ,1,2,1,0,9.00E-05,1,4.828814769,0,2591.775346,2
2,audio,Task B ,2,2,1,0,0.00041,2,38.94610735,0,2083.055197,4
2,audio,Task B ,1,2,1,0,4.00E-05,1,80.38886125,0,2685.367112,1
2,audio,Task B ,1,1,0,0,4.00E-05,2,196.5201642,0,2761.899787,1
2,audio,Task B ,2,1,1,0,0.00041,2,156.166734,0,3227.101011,4
3,audio,Task B ,2,4,1,0,0.00041,2,137.6971486,0,1877.180215,4
3,audio,Task B ,1,2,0,0,4.00E-05,2,37.31256822,0,3159.295812,1
3,audio,Task B ,2,2,0,0,0.00019,1,137.5482293,0,2533.685926,3
3,audio,Task B ,2,2,0,0,0.00041,1,359.574631,0,2569.110574,4
3,audio,Task B ,2,1,0,0,4.00E-05,1,211.2984969,0,2558.520084,1
3,audio,Task B ,2,4,0,0,0.00019,1,98.46119479,0,2803.310534,3
4,audio,Task B ,1,1,1,0,4.00E-05,1,85.3515192,0,2602.901989,1
4,audio,Task B ,1,1,0,0,4.00E-05,2,283.7369647,0,3422.537075,1
4,audio,Task B ,1,3,1,0,0.00019,1,184.4930324,0,2766.247228,3
4,audio,Task B ,1,1,1,0,4.00E-05,1,293.1011954,0,2752.974781,1
4,audio,Task B ,2,1,0,0,4.00E-05,1,256.4418036,0,2778.251824,1
4,audio,Task B ,1,1,1,0,4.00E-05,1,119.1262549,0,2790.32107,1
5,audio,Task B ,2,1,1,0,9.00E-05,2,175.425028,0,2616.29886,2
5,audio,Task B ,2,1,1,0,9.00E-05,2,356.5019725,0,2348.423792,2
5,audio,Task B ,2,1,1,0,4.00E-05,2,208.9073844,0,3524.194997,1
5,audio,Task B ,1,1,1,0,4.00E-05,1,359.6819142,0,2605.245307,1
5,audio,Task B ,1,1,1,0,9.00E-05,1,284.9362826,0,2671.023659,2
5,audio,Task B ,2,4,1,0,9.00E-05,2,38.30378161,0,3341.020037,2
6,audio,Task B ,2,3,1,0,9.00E-05,2,243.7660767,0,2716.062114,2
6,audio,Task B ,2,2,0,0,4.00E-05,1,57.46508867,0,2717.002107,1
6,audio,Task B ,1,3,1,0,4.00E-05,1,60.99974723,0,2772.879504,1
6,audio,Task B ,1,3,0,0,0.00041,2,187.8437439,0,2553.018731,4
6,audio,Task B ,1,2,1,0,9.00E-05,1,100.5836599,0,2554.740285,2
6,audio,Task B ,1,1,1,0,9.00E-05,1,69.2880078,0,2659.671452,2
7,audio,Task B ,2,1,0,0,0.00041,1,193.5352743,0,2469.935366,4
7,audio,Task B ,1,4,1,0,0.00019,1,208.6968551,0,2779.791088,3
7,audio,Task B ,2,4,0,0,0.00041,1,249.0478858,0,2487.415259,4
7,audio,Task B ,1,1,0,0,4.00E-05,2,299.4450399,0,3009.15168,1
7,audio,Task B ,1,1,0,0,4.00E-05,2,180.1870081,0,2272.125049,1
7,audio,Task B ,1,4,1,0,9.00E-05,1,312.1616261,0,2519.804452,2
8,audio,Task B ,1,2,1,0,0.00041,1,328.5311893,0,2713.978029,4
8,audio,Task B ,1,1,1,0,9.00E-05,1,115.5056566,0,2738.396982,2
8,audio,Task B ,1,1,1,0,4.00E-05,1,198.3389788,0,2677.751033,1
8,audio,Task B ,1,4,1,0,0.00041,1,165.2574594,0,2830.161135,4
8,audio,Task B ,1,1,1,0,4.00E-05,1,121.7970641,0,2770.471148,1
8,audio,Task B ,2,2,1,0,0.00041,2,33.97955316,0,2536.528481,4
9,audio,Task B ,2,4,0,0,0.00041,1,319.7294674,0,2662.476747,4
9,audio,Task B ,1,1,1,0,0.00019,1,98.74118155,0,2597.199739,3
9,audio,Task B ,2,1,1,0,0.00019,2,194.6959571,0,3130.515848,3
9,audio,Task B ,2,1,0,0,4.00E-05,1,71.8152383,0,2654.251264,1
9,audio,Task B ,1,4,1,0,0.00019,1,200.7862064,0,2697.869472,3
9,audio,Task B ,1,4,1,0,0.00041,1,26.95460111,0,2680.653585,4
10,audio,Task B ,2,1,1,0,0.00041,2,273.6085307,0,2465.935768,4
10,audio,Task B ,2,1,0,0,0.00019,1,213.3959984,0,2649.236506,3
10,audio,Task B ,1,1,0,0,9.00E-05,2,111.6985745,0,2758.386853,2
10,audio,Task B ,2,2,1,0,0.00041,2,107.5676928,0,2393.169305,4
10,audio,Task B ,2,1,0,0,0.00041,1,160.5408771,0,2746.782402,4
10,audio,Task B ,2,2,1,0,0.00041,2,345.0067965,0,3415.10826,4
1,audio,Task B ,2,4,0,0,0.00041,1,134.1496882,0,2506.369994,4
1,audio,Task B ,2,4,1,0,0.00019,2,162.9410205,0,3759.174512,3
1,audio,Task B ,1,1,1,0,4.00E-05,1,188.9380485,0,2729.735499,1
1,audio,Task B ,1,2,0,0,0.00041,2,312.2213267,0,2866.79359,4
1,audio,Task B ,2,3,0,0,9.00E-05,1,352.7549531,0,2419.40717,2
1,audio,Task B ,2,4,1,0,0.00041,2,209.9619636,0,1840.828896,4
2,audio,Task B ,2,3,0,0,0.00041,1,239.9175745,0,2929.91118,4
2,audio,Task B ,1,2,0,0,4.00E-05,2,277.4590086,0,1741.301623,1
2,audio,Task B ,1,3,1,0,0.00041,1,165.9578104,0,2722.316949,4
2,audio,Task B ,1,2,1,0,0.00041,1,39.65121342,0,2766.554483,4
2,audio,Task B ,1,2,0,0,9.00E-05,2,310.4521863,0,2424.421562,2
2,audio,Task B ,2,2,1,0,4.00E-05,2,102.1230666,0,2479.373422,1
3,audio,Task B ,2,2,1,0,0.00019,2,138.6259937,0,2934.379288,3
3,audio,Task B ,1,2,1,0,9.00E-05,1,15.26087951,0,2602.354851,2
3,audio,Task B ,1,2,1,0,9.00E-05,1,69.11537432,0,2658.11236,2
3,audio,Task B ,1,1,1,0,0.00019,1,345.2941065,0,2613.944854,3
3,audio,Task B ,2,4,1,0,9.00E-05,2,194.7949377,0,2064.610934,2
3,audio,Task B ,2,2,0,0,9.00E-05,1,291.9455698,0,2504.443245,2
4,audio,Task B ,1,1,1,0,9.00E-05,1,18.28518343,0,2837.754627,2
4,audio,Task B ,1,1,0,0,9.00E-05,2,352.409974,0,2731.653798,2
4,audio,Task B ,1,1,0,0,4.00E-05,2,142.9937251,0,2424.324201,1
4,audio,Task B ,1,1,0,0,4.00E-05,2,45.0526072,0,3228.299249,1
4,audio,Task B ,2,2,1,0,0.00019,2,343.4868701,0,2317.339874,3
4,audio,Task B ,1,3,1,0,0.00019,1,349.0956173,0,2667.002993,3
5,audio,Task B ,2,3,0,0,0.00019,1,212.3459043,0,2831.784796,3
5,audio,Task B ,2,2,0,0,0.00041,1,65.21949764,0,2544.823541,4
5,audio,Task B ,2,2,1,0,0.00019,2,81.49794607,0,2954.958076,3
5,audio,Task B ,1,1,1,0,9.00E-05,1,159.938594,0,2686.547573,2
5,audio,Task B ,1,4,1,0,0.00019,1,46.85784986,0,2746.437775,3
5,audio,Task B ,1,1,1,0,4.00E-05,1,43.33268828,0,2680.278833,1
6,audio,Task B ,2,2,0,0,0.00019,1,263.1402198,0,2776.250198,3
6,audio,Task B ,1,3,0,0,9.00E-05,2,149.9197369,0,2248.592506,2
6,audio,Task B ,1,3,0,0,4.00E-05,2,93.49272357,0,2339.29567,1
6,audio,Task B ,2,3,0,0,9.00E-05,1,208.2280702,0,2771.077953,2
6,audio,Task B ,2,3,1,0,4.00E-05,2,188.3939699,0,3016.81097,1
6,audio,Task B ,2,1,0,0,4.00E-05,1,335.0596381,0,2590.699995,1
7,audio,Task B ,1,1,1,0,4.00E-05,1,109.7031294,0,2619.271596,1
7,audio,Task B ,1,4,0,0,0.00041,2,313.9313396,0,2678.147634,4
7,audio,Task B ,1,1,0,0,9.00E-05,2,265.1112481,0,2001.174108,2
7,audio,Task B ,1,4,0,0,0.00041,2,41.15995421,0,2445.443867,4
7,audio,Task B ,1,4,0,0,0.00019,2,198.9188307,0,2727.50788,3
7,audio,Task B ,1,1,0,0,4.00E-05,2,331.7592007,0,2761.791805,1
8,audio,Task B ,1,1,0,0,4.00E-05,2,114.6619886,0,1814.324102,1
8,audio,Task B ,1,1,1,0,4.00E-05,1,321.4428348,0,2560.922737,1
8,audio,Task B ,1,1,0,0,9.00E-05,2,0.497930751,0,3260.403207,2
8,audio,Task B ,2,1,0,0,4.00E-05,1,98.67161569,0,2579.62658,1
8,audio,Task B ,1,4,1,0,0.00019,1,165.1400199,0,2664.124115,3
8,audio,Task B ,1,1,1,0,4.00E-05,1,90.25200757,0,2748.223379,1
9,audio,Task B ,2,1,0,0,4.00E-05,1,133.9367222,0,2747.329088,1
9,audio,Task B ,1,1,1,0,4.00E-05,1,292.6914103,0,2727.669336,1
9,audio,Task B ,1,1,0,0,9.00E-05,2,31.23098166,0,2101.912992,2
9,audio,Task B ,1,1,1,0,4.00E-05,1,121.5241874,0,2731.157901,1
9,audio,Task B ,1,1,1,0,4.00E-05,1,18.19630225,0,2729.683301,1
9,audio,Task B ,1,1,0,0,4.00E-05,2,326.4936106,0,1880.168295,1
10,audio,Task B ,2,1,1,0,0.00041,2,278.161567,0,2214.043411,4
10,audio,Task B ,2,1,0,0,4.00E-05,1,146.6314631,0,2716.948946,1
10,audio,Task B ,1,1,0,0,0.00019,2,40.55634394,0,2506.375451,3
10,audio,Task B ,1,1,1,0,0.00041,1,60.89515803,0,2763.949289,4
10,audio,Task B ,1,1,0,0,9.00E-05,2,351.3515626,0,2941.683118,2
10,audio,Task B ,2,1,1,0,0.00019,2,279.3079049,0,2150.529411,3
1,audio,Task B ,1,2,1,0,0.00019,1,314.9266626,0,2694.724519,3
1,audio,Task B ,2,1,1,0,0.00019,2,359.4657113,0,3139.761848,3
1,audio,Task B ,2,1,1,0,4.00E-05,2,304.8732029,0,1833.358862,1
1,audio,Task B ,2,3,1,0,0.00019,2,192.0491578,0,2522.197748,3
1,audio,Task B ,2,2,0,0,9.00E-05,1,63.40742536,0,2497.264805,2
1,audio,Task B ,2,4,1,0,0.00019,2,196.5469254,0,2144.549147,3
2,audio,Task B ,1,2,0,0,9.00E-05,2,196.2019423,0,1476.330877,2
2,audio,Task B ,2,3,0,0,0.00019,1,262.7818331,0,2507.602367,3
2,audio,Task B ,1,2,0,0,0.00019,2,229.4450667,0,3142.820195,3
2,audio,Task B ,2,3,0,0,0.00019,1,86.00588901,0,2976.692065,3
2,audio,Task B ,1,2,1,0,0.00019,1,58.4167282,0,2683.971407,3
2,audio,Task B ,1,2,0,0,9.00E-05,2,188.866083,0,2677.798272,2
3,audio,Task B ,2,2,0,0,9.00E-05,1,29.83470412,0,2856.408911,2
3,audio,Task B ,1,3,1,0,0.00041,1,148.6928024,0,2760.814365,4
3,audio,Task B ,1,2,0,0,4.00E-05,2,150.4458391,0,2725.172774,1
3,audio,Task B ,2,3,1,0,9.00E-05,2,114.784546,0,2421.113753,2
3,audio,Task B ,1,4,1,0,9.00E-05,1,328.8279455,0,2709.355185,2
3,audio,Task B ,1,4,1,0,0.00019,1,121.2589087,0,2648.734052,3
4,audio,Task B ,1,3,1,0,0.00019,1,235.0782993,0,2674.885495,3
4,audio,Task B ,1,1,1,0,9.00E-05,1,340.6534641,0,2475.785822,2
4,audio,Task B ,1,1,1,0,4.00E-05,1,317.4980436,0,2712.771292,1
4,audio,Task B ,1,3,1,0,0.00019,1,131.2498961,0,2980.80174,3
4,audio,Task B ,1,1,0,0,9.00E-05,2,184.5299122,0,2535.624731,2
4,audio,Task B ,1,3,0,0,0.00041,2,145.6401962,0,2886.121253,4
5,audio,Task B ,1,3,1,0,0.00041,1,95.63692721,0,2688.58863,4
5,audio,Task B ,2,4,0,0,9.00E-05,1,97.02238465,0,2966.009636,2
5,audio,Task B ,1,3,1,0,9.00E-05,1,242.1903156,0,2566.865922,2
5,audio,Task B ,1,2,0,0,0.00041,2,217.6694687,0,2640.351257,4
5,audio,Task B ,1,3,1,0,0.00019,1,144.8917853,0,2689.110432,3
5,audio,Task B ,2,2,1,0,0.00041,2,110.462196,0,3090.698891,4
6,audio,Task B ,1,2,0,0,4.00E-05,2,282.7583247,0,2105.774682,1
6,audio,Task B ,1,3,0,0,9.00E-05,2,37.56515406,0,2282.59164,2
6,audio,Task B ,2,3,1,0,0.00041,2,106.3138938,0,2294.914751,4
6,audio,Task B ,1,2,0,0,0.00019,2,186.9364029,0,2188.609826,3
6,audio,Task B ,1,2,0,0,0.00019,2,141.6968786,0,2507.731533,3
6,audio,Task B ,2,3,1,0,0.00019,2,241.1242413,0,2786.348717,3
7,audio,Task B ,1,1,0,0,4.00E-05,2,59.24995393,0,2699.771713,1
7,audio,Task B ,1,4,1,0,0.00041,1,281.7422259,0,2661.547013,4
7,audio,Task B ,1,1,1,0,9.00E-05,1,224.436979,0,2971.617968,2
7,audio,Task B ,2,4,1,0,0.00019,2,212.2668561,0,2869.687162,3
7,audio,Task B ,1,4,1,0,0.00019,1,316.2691034,0,2726.647806,3
7,audio,Task B ,1,1,1,0,0.00041,1,327.6351409,0,2587.85089,4
8,audio,Task B ,1,4,1,0,0.00041,1,266.0555254,0,2513.928571,4
8,audio,Task B ,2,3,1,0,0.00041,2,332.6161425,0,3628.137052,4
8,audio,Task B ,2,1,1,0,9.00E-05,2,305.8259716,0,2474.278962,2
8,audio,Task B ,2,4,1,0,0.00019,2,193.7897371,0,3262.017963,3
8,audio,Task B ,1,4,1,0,0.00019,1,124.3241866,0,2841.556272,3
8,audio,Task B ,2,2,0,0,0.00019,1,36.51372397,0,2650.250914,3
9,audio,Task B ,1,1,0,0,9.00E-05,2,65.00047848,0,3184.137976,2
9,audio,Task B ,2,1,0,0,4.00E-05,1,256.204095,0,2860.435112,1
9,audio,Task B ,1,1,1,0,0.00019,1,326.1041402,0,2715.77906,3
9,audio,Task B ,1,1,0,0,4.00E-05,2,26.85968729,0,2647.235835,1
9,audio,Task B ,1,4,0,0,0.00041,2,237.1934479,0,2727.840307,4
9,audio,Task B ,1,4,0,0,0.00041,2,135.7030123,0,2916.209456,4
10,audio,Task B ,2,1,0,0,0.00019,1,325.4953739,0,2877.723189,3
10,audio,Task B ,1,1,0,0,4.00E-05,2,334.8813026,0,2828.555134,1
10,audio,Task B ,2,2,1,0,0.00019,2,136.610764,0,2849.548729,3
10,audio,Task B ,2,1,1,0,0.00019,2,105.5384883,0,2714.878226,3
10,audio,Task B ,1,1,1,0,4.00E-05,1,102.3773729,0,2756.085944,1
10,audio,Task B ,1,1,0,0,0.00019,2,211.3238736,0,2650.516514,3
1,audio,Task B ,1,2,1,0,4.00E-05,1,70.08673804,0,2728.840399,1
1,audio,Task B ,1,3,1,0,9.00E-05,1,132.558448,0,2826.583158,2
1,audio,Task B ,2,2,0,0,0.00041,1,72.29817691,0,2883.35754,4
1,audio,Task B ,1,2,1,0,0.00019,1,320.2465057,0,2848.080813,3
1,audio,Task B ,1,2,0,0,4.00E-05,2,358.21619,0,3015.899763,1
1,audio,Task B ,1,2,1,0,0.00019,1,146.3814836,0,2883.119712,3
2,audio,Task B ,1,3,1,0,0.00041,1,250.178525,0,2773.776167,4
2,audio,Task B ,1,3,1,0,9.00E-05,1,180.6443824,0,2768.53751,2
2,audio,Task B ,2,2,1,0,0.00019,2,176.7085358,0,2261.673314,3
2,audio,Task B ,1,2,1,0,0.00041,1,5.386892657,0,2677.357546,4
2,audio,Task B ,1,1,0,0,9.00E-05,2,155.4693924,0,2137.579756,2
2,audio,Task B ,1,2,1,0,4.00E-05,1,96.53635598,0,2563.783745,1
3,audio,Task B ,2,3,1,0,0.00019,2,315.9472596,0,1991.790821,3
3,audio,Task B ,2,4,1,0,4.00E-05,2,302.726745,0,2173.56805,1
3,audio,Task B ,1,4,1,0,0.00019,1,287.8404076,0,2707.063158,3
3,audio,Task B ,1,2,0,0,4.00E-05,2,351.6219798,0,2656.316209,1
3,audio,Task B ,2,4,1,0,0.00041,2,229.5912323,0,3624.445991,4
3,audio,Task B ,1,4,1,0,9.00E-05,1,298.3985204,0,2648.662675,2
4,audio,Task B ,1,2,0,0,0.00019,2,220.7442202,0,3104.293552,3
4,audio,Task B ,1,1,1,0,0.00019,1,91.22831098,0,2999.838549,3
4,audio,Task B ,2,3,1,0,0.00019,2,221.5345833,0,3138.187522,3
4,audio,Task B ,1,2,1,0,4.00E-05,1,198.1385252,0,2658.076393,1
4,audio,Task B ,1,3,0,0,9.00E-05,2,319.8992162,0,2810.943885,2
4,audio,Task B ,1,3,0,0,0.00019,2,94.53333369,0,2252.565357,3
5,audio,Task B ,1,2,1,0,9.00E-05,1,352.4923381,0,2800.609203,2
5,audio,Task B ,1,4,1,0,4.00E-05,1,128.3497522,0,2712.540444,1
5,audio,Task B ,2,1,1,0,4.00E-05,2,319.0203614,0,3197.396472,1
5,audio,Task B ,1,2,0,0,9.00E-05,2,116.1765977,0,2526.638575,2
5,audio,Task B ,2,2,0,0,0.00041,1,71.89677343,0,2920.784208,4
5,audio,Task B ,1,2,0,0,0.00019,2,1.725646401,0,2471.80425,3
6,audio,Task B ,1,3,0,0,4.00E-05,2,149.2045459,0,2734.384159,1
6,audio,Task B ,2,3,1,0,0.00019,2,138.315597,0,3473.375984,3
6,audio,Task B ,2,2,1,0,0.00041,2,163.6888062,0,2555.693815,4
6,audio,Task B ,1,3,1,0,0.00019,1,207.6781324,0,2848.387413,3
6,audio,Task B ,1,1,0,0,0.00019,2,252.3169525,0,3690.026439,3
6,audio,Task B ,2,4,1,0,0.00019,2,141.7191704,0,3251.93664,3
7,audio,Task B ,2,4,0,0,0.00041,1,330.4854929,0,2505.20565,4
7,audio,Task B ,1,1,0,0,4.00E-05,2,306.9809402,0,2006.562953,1
7,audio,Task B ,1,1,1,0,9.00E-05,1,159.2828594,0,2699.636533,2
7,audio,Task B ,1,4,1,0,0.00019,1,258.8941403,0,2627.952295,3
7,audio,Task B ,1,1,1,0,4.00E-05,1,137.4505521,0,2531.547971,1
7,audio,Task B ,2,4,0,0,0.00019,1,277.3727439,0,2832.096103,3
8,audio,Task B ,1,1,1,0,0.00019,1,171.4441437,0,2662.107595,3
8,audio,Task B ,1,3,1,0,0.00041,1,48.37956859,0,2590.244164,4
8,audio,Task B ,1,1,0,0,9.00E-05,2,141.7470032,0,2140.446213,2
8,audio,Task B ,2,4,1,0,0.00041,2,88.49260225,0,1843.819252,4
8,audio,Task B ,2,3,0,0,0.00041,1,97.10266429,0,2808.818607,4
8,audio,Task B ,2,4,1,0,0.00041,2,44.77029492,0,3291.322528,4
9,audio,Task B ,2,4,1,0,0.00019,2,274.199903,0,3405.640791,3
9,audio,Task B ,1,4,1,0,0.00019,1,216.2931489,0,2742.843501,3
9,audio,Task B ,2,4,1,0,0.00019,2,251.9975306,0,3579.054359,3
9,audio,Task B ,1,1,1,0,0.00019,1,320.3401604,0,2780.323919,3
9,audio,Task B ,1,1,1,0,0.00019,1,129.7227625,0,2599.851155,3
9,audio,Task B ,1,1,1,0,4.00E-05,1,197.2572931,0,2641.135868,1
10,audio,Task B ,1,1,1,0,4.00E-05,1,116.1910547,0,2720.889674,1
10,audio,Task B ,2,1,0,0,0.00019,1,336.7674374,0,2873.621247,3
10,audio,Task B ,2,1,1,0,0.00041,2,152.030189,0,2283.195363,4
10,audio,Task B ,1,1,1,0,9.00E-05,1,340.1289674,0,2625.751976,2
10,audio,Task B ,2,1,1,0,0.00019,2,67.0051512,0,2487.035657,3
10,audio,Task B ,1,1,1,0,4.00E-05,1,65.92833806,0,2723.162176,1
1,audio,Task B ,2,1,0,0,0.00019,1,257.15985,0,2961.950813,3
1,audio,Task B ,2,2,0,0,0.00019,1,12.36270329,0,2541.534493,3
1,audio,Task B ,2,4,1,0,9.00E-05,2,297.7357122,0,3976.834268,2
1,audio,Task B ,2,1,0,0,0.00041,1,261.7411624,0,2752.728646,4
1,audio,Task B ,1,2,0,0,0.00041,2,179.1730046,0,2670.60847,4
1,audio,Task B ,2,4,1,0,9.00E-05,2,223.732089,0,3213.317019,2
2,audio,Task B ,2,2,0,0,9.00E-05,1,169.2799393,0,2634.424185,2
2,audio,Task B ,2,1,0,0,0.00019,1,109.0162877,0,2502.443254,3
2,audio,Task B ,2,3,0,0,0.00041,1,99.21866218,0,2906.017249,4
2,audio,Task B ,1,2,1,0,9.00E-05,1,219.4260839,0,2696.01528,2
2,audio,Task B ,2,3,0,0,0.00019,1,349.4600242,0,2793.529395,3
2,audio,Task B ,1,2,0,0,4.00E-05,2,359.4935213,0,2532.605908,1
3,audio,Task B ,2,3,1,0,4.00E-05,2,97.99001524,0,3591.077817,1
3,audio,Task B ,1,3,1,0,0.00041,1,32.15453674,0,2560.200164,4
3,audio,Task B ,1,3,0,0,0.00019,2,58.22535076,0,2836.973852,3
3,audio,Task B ,2,1,0,0,4.00E-05,1,209.2059144,0,2700.921436,1
3,audio,Task B ,2,1,1,0,0.00019,2,213.4683265,0,3026.436501,3
3,audio,Task B ,1,1,1,0,4.00E-05,1,291.5928999,0,2638.51391,1
4,audio,Task B ,1,2,0,0,0.00041,2,317.5499213,0,2639.929535,4
4,audio,Task B ,1,1,1,0,4.00E-05,1,125.9624459,0,2649.177626,1
4,audio,Task B ,1,2,0,0,0.00041,2,238.0506421,0,3034.991896,4
4,audio,Task B ,2,3,1,0,0.00041,2,154.7899087,0,2437.836031,4
4,audio,Task B ,1,1,1,0,4.00E-05,1,99.25912106,0,2795.692723,1
4,audio,Task B ,1,3,1,0,0.00019,1,1.263052357,0,2825.314608,3
5,audio,Task B ,2,4,1,0,0.00041,2,334.7623582,0,3155.555523,4
5,audio,Task B ,2,1,1,0,4.00E-05,2,226.2740716,0,3524.015118,1
5,audio,Task B ,1,1,0,0,9.00E-05,2,229.6130522,0,2539.339055,2
5,audio,Task B ,2,1,1,0,4.00E-05,2,291.2486074,0,3149.696209,1
5,audio,Task B ,2,4,1,0,0.00041,2,92.49210598,0,2886.373174,4
5,audio,Task B ,2,1,1,0,4.00E-05,2,149.6727986,0,2506.249648,1
6,audio,Task B ,1,3,1,0,9.00E-05,1,359.8723673,0,2867.373544,2
6,audio,Task B ,2,3,1,0,4.00E-05,2,57.28449371,0,2923.299237,1
6,audio,Task B ,2,4,0,0,0.00041,1,237.3229601,0,2837.935034,4
6,audio,Task B ,1,3,1,0,0.00019,1,190.8661628,0,2747.663931,3
6,audio,Task B ,2,2,0,0,4.00E-05,1,225.0870639,0,2750.976615,1
6,audio,Task B ,2,3,1,0,0.00019,2,25.71880831,0,3297.473578,3
7,audio,Task B ,2,4,1,0,0.00041,2,162.227226,0,2229.95241,4
7,audio,Task B ,1,1,1,0,9.00E-05,1,185.7756382,0,2664.404112,2
7,audio,Task B ,1,4,1,0,0.00019,1,192.7931397,0,2798.320427,3
7,audio,Task B ,1,1,0,0,9.00E-05,2,62.66332955,0,2832.152376,2
7,audio,Task B ,1,4,1,0,0.00019,1,255.7630996,0,2671.690912,3
7,audio,Task B ,2,4,1,0,0.00019,2,27.85585524,0,3175.063404,3
8,audio,Task B ,1,1,0,0,4.00E-05,2,52.97654318,0,2680.196986,1
8,audio,Task B ,1,1,0,0,9.00E-05,2,130.1790548,0,3304.114674,2
8,audio,Task B ,1,1,0,0,0.00041,2,250.0212476,0,2235.78589,4
8,audio,Task B ,1,1,0,0,4.00E-05,2,342.0139411,0,2325.023732,1
8,audio,Task B ,1,1,1,0,9.00E-05,1,89.42492148,0,2586.21366,2
8,audio,Task B ,2,1,1,0,4.00E-05,2,280.7621629,0,2851.320276,1
9,audio,Task B ,1,1,1,0,0.00019,1,287.6559829,0,2778.230011,3
9,audio,Task B ,1,1,1,0,4.00E-05,1,195.1192868,0,2761.72126,1
9,audio,Task B ,2,4,0,0,0.00041,1,288.2947876,0,2716.292765,4
9,audio,Task B ,2,1,1,0,9.00E-05,2,52.94378618,0,2469.3034,2
9,audio,Task B ,1,1,1,0,4.00E-05,1,70.96627378,0,2740.982936,1
9,audio,Task B ,1,3,1,0,9.00E-05,1,231.5916423,0,2966.571518,2
10,audio,Task B ,1,1,0,0,4.00E-05,2,161.137326,0,2891.507667,1
10,audio,Task B ,1,1,1,0,4.00E-05,1,297.5810073,0,2750.749471,1
10,audio,Task B ,1,1,1,0,9.00E-05,1,13.5195465,0,2681.167765,2
10,audio,Task B ,2,4,1,0,0.00041,2,207.242669,0,3284.563719,4
10,audio,Task B ,1,1,1,0,9.00E-05,1,65.3814578,0,2608.574647,2
10,audio,Task B ,1,1,1,0,9.00E-05,1,347.6788479,0,2816.076609,2
1,audio,Task B ,2,4,0,0,0.00019,1,245.1959265,0,3021.251365,3
1,audio,Task B ,1,2,0,0,4.00E-05,2,187.6467572,0,2391.833382,1
1,audio,Task B ,1,2,0,0,9.00E-05,2,98.23094674,0,2964.199497,2
1,audio,Task B ,2,4,1,0,0.00041,2,238.4105481,0,2548.296697,4
1,audio,Task B ,1,3,0,0,0.00019,2,50.85139166,0,2690.741759,3
1,audio,Task B ,1,2,1,0,9.00E-05,1,358.6331172,0,2993.883706,2
2,audio,Task B ,1,3,0,0,0.00041,2,115.6256562,0,2814.227017,4
2,audio,Task B ,1,2,1,0,4.00E-05,1,65.15150716,0,2788.585795,1
2,audio,Task B ,2,2,0,0,9.00E-05,1,69.88355392,0,2841.001128,2
2,audio,Task B ,1,3,1,0,0.00019,1,204.0927328,0,2598.177436,3
2,audio,Task B ,2,3,1,0,0.00041,2,188.153062,0,1838.367654,4
2,audio,Task B ,1,2,1,0,0.00041,1,115.9736489,0,2637.233197,4
3,audio,Task B ,1,2,0,0,4.00E-05,2,170.506665,0,2718.407508,1
3,audio,Task B ,1,3,0,0,0.00019,2,352.1319478,0,2680.966002,3
3,audio,Task B ,2,4,1,0,0.00041,2,58.16940575,0,2301.842959,4
3,audio,Task B ,1,3,1,0,9.00E-05,1,353.8327262,0,2602.865398,2
3,audio,Task B ,2,3,1,0,9.00E-05,2,39.24808225,0,2575.987005,2
3,audio,Task B ,1,1,1,0,0.00041,1,76.55127076,0,2793.859126,4
4,audio,Task B ,1,1,1,0,9.00E-05,1,290.33546,0,2465.79251,2
4,audio,Task B ,1,1,0,0,4.00E-05,2,291.9838361,0,2622.542419,1
4,audio,Task B ,1,3,0,0,0.00041,2,277.0366589,0,3118.820621,4
4,audio,Task B ,1,3,1,0,9.00E-05,1,19.14445708,0,2795.788415,2
4,audio,Task B ,1,1,0,0,9.00E-05,2,4.761474974,0,2918.732908,2
4,audio,Task B ,2,4,1,0,0.00041,2,214.8345668,0,1878.222918,4
5,audio,Task B ,1,3,1,0,0.00019,1,271.1079991,0,2672.477083,3
5,audio,Task B ,1,4,1,0,0.00019,1,68.28865151,0,2685.800638,3
5,audio,Task B ,1,1,0,0,9.00E-05,2,161.9804615,0,2848.358422,2
5,audio,Task B ,2,1,1,0,0.00019,2,209.5347288,0,1835.403161,3
5,audio,Task B ,2,1,0,0,4.00E-05,1,48.14577287,0,2704.771613,1
5,audio,Task B ,2,4,1,0,0.00041,2,172.3107353,0,2282.120217,4
6,audio,Task B ,1,3,1,0,0.00041,1,164.5547761,0,2754.795356,4
6,audio,Task B ,1,3,1,0,0.00019,1,288.2601396,0,2684.974754,3
6,audio,Task B ,1,3,0,0,0.00019,2,28.7697831,0,2887.242669,3
6,audio,Task B ,2,3,0,0,9.00E-05,1,128.9203403,0,2803.674616,2
6,audio,Task B ,2,3,1,0,0.00019,2,336.7961432,0,3285.138297,3
6,audio,Task B ,2,3,0,0,0.00041,1,201.3231112,0,2712.092805,4
7,audio,Task B ,1,4,1,0,0.00019,1,56.93172619,0,2675.610118,3
7,audio,Task B ,1,1,0,0,4.00E-05,2,227.7357175,0,2699.099846,1
7,audio,Task B ,2,4,1,0,9.00E-05,2,10.99812851,0,3335.638791,2
7,audio,Task B ,1,4,1,0,0.00019,1,319.2692998,0,2902.381574,3
7,audio,Task B ,1,4,0,0,9.00E-05,2,289.9633091,0,2568.985364,2
7,audio,Task B ,2,4,1,0,0.00019,2,327.4644725,0,3457.842087,3
8,audio,Task B ,2,4,1,0,0.00019,2,163.6892242,0,3572.501149,3
8,audio,Task B ,2,1,1,0,9.00E-05,2,346.7274299,0,1852.430266,2
8,audio,Task B ,1,1,1,0,0.00019,1,345.9874841,0,2702.286929,3
8,audio,Task B ,1,4,1,0,0.00041,1,69.44672711,0,2497.175037,4
8,audio,Task B ,2,4,0,0,9.00E-05,1,172.1691014,0,2664.242564,2
8,audio,Task B ,2,1,0,0,4.00E-05,1,83.1203768,0,2681.178172,1
9,audio,Task B ,1,4,0,0,0.00041,2,123.4803128,0,2940.541674,4
9,audio,Task B ,1,1,0,0,4.00E-05,2,279.0711886,0,2855.909486,1
9,audio,Task B ,2,1,1,0,4.00E-05,2,290.9097893,0,2352.30249,1
9,audio,Task B ,2,4,1,0,9.00E-05,2,329.2888997,0,3558.320951,2
9,audio,Task B ,2,1,1,0,4.00E-05,2,258.3586494,0,2389.042189,1
9,audio,Task B ,1,4,1,0,0.00019,1,308.1267896,0,2782.402633,3
10,audio,Task B ,1,1,0,0,9.00E-05,2,49.20800466,0,2248.411561,2
10,audio,Task B ,2,2,0,0,0.00041,1,121.0452198,0,2764.796115,4
10,audio,Task B ,1,2,1,0,0.00019,1,0.960294621,0,2876.026589,3
10,audio,Task B ,1,1,0,0,0.00019,2,171.5599187,0,2685.156737,3
10,audio,Task B ,1,1,1,0,0.00019,1,225.9675604,0,2704.0225,3
10,audio,Task B ,1,1,1,0,9.00E-05,1,168.8087263,0,2695.916107,2
1,audio,Task B ,2,3,1,0,0.00019,2,161.6826152,0,2417.396608,3
1,audio,Task B ,1,2,1,0,9.00E-05,1,165.4104994,0,2633.603769,2
1,audio,Task B ,2,2,1,0,4.00E-05,2,256.7119941,0,2338.380186,1
1,audio,Task B ,2,3,1,0,0.00019,2,59.38773849,0,3327.917357,3
1,audio,Task B ,1,3,1,0,0.00019,1,129.2333591,0,2799.065706,3
1,audio,Task B ,2,2,1,0,4.00E-05,2,130.3204779,0,2277.830337,1
2,audio,Task B ,2,3,0,0,4.00E-05,1,196.7863522,0,2521.537222,1
2,audio,Task B ,1,3,0,0,9.00E-05,2,79.31487847,0,3141.550232,2
2,audio,Task B ,1,3,0,0,0.00041,2,101.9157667,0,3003.50115,4
2,audio,Task B ,1,3,0,0,9.00E-05,2,333.5929736,0,2192.295528,2
2,audio,Task B ,2,1,0,0,4.00E-05,1,1.607761544,0,2694.198606,1
2,audio,Task B ,1,2,1,0,9.00E-05,1,293.2410532,0,2671.943757,2
3,audio,Task B ,1,4,0,0,9.00E-05,2,196.1997216,0,2706.557116,2
3,audio,Task B ,1,2,0,0,9.00E-05,2,151.9159607,0,2555.82886,2
3,audio,Task B ,2,4,1,0,0.00019,2,222.8136485,0,2043.336234,3
3,audio,Task B ,2,3,0,0,0.00041,1,91.81800751,0,2510.941344,4
3,audio,Task B ,2,3,1,0,9.00E-05,2,98.87018236,0,3128.924813,2
3,audio,Task B ,1,2,1,0,4.00E-05,1,7.329403071,0,2755.731961,1
4,audio,Task B ,1,1,1,0,9.00E-05,1,326.323436,0,2695.152566,2
4,audio,Task B ,1,1,0,0,4.00E-05,2,285.8529178,0,2268.852801,1
4,audio,Task B ,1,3,1,0,0.00041,1,318.4091736,0,2706.908744,4
4,audio,Task B ,1,1,0,0,4.00E-05,2,43.15169932,0,3365.667745,1
4,audio,Task B ,1,3,1,0,0.00019,1,87.71196758,0,2633.330486,3
4,audio,Task B ,1,2,0,0,9.00E-05,2,264.3280072,0,2645.503403,2
5,audio,Task B ,1,1,1,0,4.00E-05,1,123.064912,0,2653.883775,1
5,audio,Task B ,2,2,1,0,0.00019,2,305.5512887,0,1863.278336,3
5,audio,Task B ,2,4,1,0,4.00E-05,2,332.3438603,0,3108.178966,1
5,audio,Task B ,2,1,1,0,4.00E-05,2,267.7059707,0,3048.01723,1
5,audio,Task B ,1,1,0,0,9.00E-05,2,151.4555728,0,2054.152813,2
5,audio,Task B ,2,4,1,0,0.00019,2,151.2535948,0,2530.767918,3
6,audio,Task B ,2,2,1,0,9.00E-05,2,231.1613261,0,2853.28669,2
6,audio,Task B ,1,2,0,0,0.00019,2,215.4601746,0,2836.522202,3
6,audio,Task B ,2,3,0,0,0.00041,1,132.0471266,0,2691.497166,4
6,audio,Task B ,1,3,1,0,0.00019,1,296.7691309,0,2764.150027,3
6,audio,Task B ,2,2,1,0,4.00E-05,2,32.71011657,0,2586.246613,1
6,audio,Task B ,1,3,0,0,0.00019,2,353.6710951,0,2373.921212,3
7,audio,Task B ,1,1,1,0,4.00E-05,1,304.6315305,0,2879.549217,1
7,audio,Task B ,1,4,0,0,9.00E-05,2,251.2955961,0,3014.668216,2
7,audio,Task B ,2,1,0,0,9.00E-05,1,223.3767911,0,2572.300561,2
7,audio,Task B ,1,4,1,0,0.00041,1,56.0917604,0,2788.708448,4
7,audio,Task B ,1,1,1,0,9.00E-05,1,41.23600899,0,2742.130586,2
7,audio,Task B ,2,4,1,0,0.00019,2,334.37681,0,2165.432827,3
8,audio,Task B ,1,1,0,0,0.00041,2,325.6802617,0,2648.341477,4
8,audio,Task B ,1,3,1,0,0.00041,1,54.49308521,0,2553.805837,4
8,audio,Task B ,1,1,0,0,9.00E-05,2,128.8131261,0,2631.899846,2
8,audio,Task B ,2,3,1,0,0.00041,2,286.5268081,0,2371.749546,4
8,audio,Task B ,1,1,1,0,9.00E-05,1,298.180789,0,2802.466798,2
8,audio,Task B ,1,1,0,0,9.00E-05,2,339.811996,0,2854.123976,2
9,audio,Task B ,1,4,0,0,0.00041,2,292.8277878,0,2506.362006,4
9,audio,Task B ,1,4,0,0,0.00041,2,292.3366274,0,3157.900265,4
9,audio,Task B ,2,4,0,0,0.00041,1,173.3480571,0,2722.797272,4
9,audio,Task B ,1,4,0,0,0.00041,2,280.7364155,0,2862.121097,4
9,audio,Task B ,2,4,1,0,0.00019,2,282.2833656,0,2932.146802,3
9,audio,Task B ,1,3,1,0,0.00041,1,330.1725511,0,2764.278896,4
10,audio,Task B ,2,1,1,0,0.00019,2,239.676604,0,2186.542489,3
10,audio,Task B ,2,1,1,0,0.00019,2,296.0795764,0,2951.22632,3
10,audio,Task B ,1,1,1,0,4.00E-05,1,167.5736042,0,2764.68777,1
10,audio,Task B ,1,1,1,0,9.00E-05,1,121.6522392,0,2684.005245,2
10,audio,Task B ,2,1,1,0,0.00041,2,126.8371644,0,3193.162298,4
10,audio,Task B ,1,1,1,0,9.00E-05,1,152.0568976,0,2667.786419,2
1,audio,Task B ,1,2,1,0,9.00E-05,1,8.239464989,0,2688.210102,2
1,audio,Task B ,2,4,1,0,9.00E-05,2,79.73231775,0,1818.393346,2
1,audio,Task B ,2,3,1,0,0.00019,2,80.1954285,0,2170.532946,3
1,audio,Task B ,2,1,0,0,4.00E-05,1,133.3852041,0,2719.752,1
1,audio,Task B ,1,2,1,0,0.00041,1,279.5146076,0,2930.315561,4
1,audio,Task B ,2,4,1,0,0.00041,2,270.0494872,0,2082.850821,4
2,audio,Task B ,2,4,1,0,0.00019,2,59.0814114,0,3090.906711,3
2,audio,Task B ,1,2,0,0,4.00E-05,2,16.96059108,0,2923.626798,1
2,audio,Task B ,2,3,1,0,0.00041,2,50.96873251,0,3509.775017,4
2,audio,Task B ,2,2,1,0,0.00019,2,302.3851945,0,2464.909584,3
2,audio,Task B ,1,2,0,0,9.00E-05,2,334.459929,0,2630.953644,2
2,audio,Task B ,2,4,0,0,0.00019,1,17.35775571,0,2785.141499,3
3,audio,Task B ,2,1,1,0,4.00E-05,2,38.1645656,0,4008.323914,1
3,audio,Task B ,2,4,1,0,0.00041,2,75.46554235,0,1910.499606,4
3,audio,Task B ,2,4,1,0,0.00041,2,36.51207605,0,2360.973178,4
3,audio,Task B ,2,3,0,0,0.00019,1,287.4155412,0,2874.67065,3
3,audio,Task B ,2,1,1,0,0.00041,2,1.919212396,0,2171.664569,4
3,audio,Task B ,1,1,1,0,4.00E-05,1,173.6264261,0,2708.600873,1
4,audio,Task B ,1,1,0,0,9.00E-05,2,133.7109149,0,2863.773687,2
4,audio,Task B ,1,1,1,0,9.00E-05,1,73.09699966,0,2594.531434,2
4,audio,Task B ,1,1,0,0,4.00E-05,2,151.3912459,0,3744.715951,1
4,audio,Task B ,1,3,1,0,0.00019,1,301.1100325,0,2562.096747,3
4,audio,Task B ,1,3,0,0,9.00E-05,2,196.1044393,0,2793.775751,2
4,audio,Task B ,1,3,1,0,0.00041,1,345.8570523,0,2985.485493,4
5,audio,Task B ,1,3,0,0,9.00E-05,2,31.44950813,0,2864.848606,2
5,audio,Task B ,1,4,0,0,0.00041,2,162.1839597,0,2652.353787,4
5,audio,Task B ,1,4,1,0,0.00041,1,147.8056533,0,2727.598334,4
5,audio,Task B ,1,3,1,0,0.00019,1,64.43335699,0,2492.474135,3
5,audio,Task B ,1,1,0,0,9.00E-05,2,142.8470089,0,2592.593985,2
5,audio,Task B ,2,1,0,0,4.00E-05,1,61.59983832,0,2538.250292,1
6,audio,Task B ,2,2,0,0,0.00019,1,259.0956327,0,2779.418177,3
6,audio,Task B ,1,3,0,0,0.00019,2,11.5404466,0,2915.241143,3
6,audio,Task B ,1,3,1,0,9.00E-05,1,327.1841357,0,2575.239958,2
6,audio,Task B ,1,3,0,0,4.00E-05,2,128.82989,0,2732.901364,1
6,audio,Task B ,1,1,1,0,9.00E-05,1,249.0131776,0,2608.689915,2
6,audio,Task B ,2,4,0,0,0.00019,1,13.37970138,0,2741.842852,3
7,audio,Task B ,1,1,0,0,4.00E-05,2,345.7982255,0,3751.176055,1
7,audio,Task B ,2,4,0,0,0.00041,1,359.36815,0,2695.377106,4
7,audio,Task B ,1,1,0,0,9.00E-05,2,155.9048769,0,2560.572107,2
7,audio,Task B ,1,4,0,0,0.00041,2,213.2812815,0,2604.267899,4
7,audio,Task B ,2,4,1,0,0.00041,2,45.17401928,0,2436.252512,4
7,audio,Task B ,1,4,0,0,0.00041,2,96.47190346,0,3098.757186,4
8,audio,Task B ,2,1,0,0,4.00E-05,1,305.8735774,0,2550.570027,1
8,audio,Task B ,1,1,0,0,0.00041,2,116.1254019,0,1694.385693,4
8,audio,Task B ,1,1,1,0,0.00041,1,232.971365,0,2619.967228,4
8,audio,Task B ,1,2,1,0,0.00041,1,129.7693069,0,2654.221617,4
8,audio,Task B ,2,1,1,0,9.00E-05,2,189.1481319,0,2932.53546,2
8,audio,Task B ,2,4,0,0,0.00041,1,38.1130875,0,2740.424064,4
9,audio,Task B ,2,1,1,0,4.00E-05,2,281.1956786,0,2937.762805,1
9,audio,Task B ,2,1,0,0,0.00019,1,160.5765911,0,2729.685559,3
9,audio,Task B ,2,4,0,0,0.00041,1,311.5684732,0,2523.897901,4
9,audio,Task B ,1,1,0,0,0.00019,2,349.0080928,0,3247.879446,3
9,audio,Task B ,1,1,0,0,9.00E-05,2,138.2237023,0,2971.894452,2
9,audio,Task B ,2,2,1,0,9.00E-05,2,82.85725318,0,1990.729727,2
10,audio,Task B ,1,1,0,0,9.00E-05,2,209.5354754,0,2733.984669,2
10,audio,Task B ,1,1,1,0,9.00E-05,1,224.0948422,0,2877.129175,2
10,audio,Task B ,1,1,0,0,9.00E-05,2,355.7180301,0,2973.576443,2
10,audio,Task B ,2,1,0,0,0.00019,1,118.0437114,0,2763.837644,3
10,audio,Task B ,1,1,0,0,4.00E-05,2,152.7860475,0,3086.151488,1
10,audio,Task B ,1,1,1,0,0.00019,1,270.5428093,0,2614.378047,3
1,audio,Task B ,2,4,1,0,0.00041,2,91.16046649,0,2388.63627,4
1,audio,Task B ,1,1,1,0,0.00019,1,114.8749853,0,2424.477118,3
1,audio,Task B ,1,2,1,0,4.00E-05,1,158.3498515,0,2653.806344,1
1,audio,Task B ,1,3,1,0,0.00041,1,48.03180899,0,2715.376116,4
1,audio,Task B ,1,3,1,0,4.00E-05,1,194.4482816,0,2838.229107,1
1,audio,Task B ,1,2,1,0,0.00041,1,354.1490778,0,2954.652295,4
2,audio,Task B ,1,3,1,0,4.00E-05,1,263.0679692,0,2607.668039,1
2,audio,Task B ,1,3,0,0,4.00E-05,2,149.9783519,0,1951.450218,1
2,audio,Task B ,1,2,1,0,0.00019,1,225.2697745,0,2722.384317,3
2,audio,Task B ,1,3,0,0,0.00041,2,318.3900036,0,2554.732586,4
2,audio,Task B ,1,2,1,0,9.00E-05,1,111.5223968,0,2674.641641,2
2,audio,Task B ,1,2,0,0,0.00019,2,121.8658205,0,2293.727629,3
3,audio,Task B ,1,1,0,0,0.00019,2,356.4820764,0,2534.543086,3
3,audio,Task B ,1,3,1,0,0.00019,1,355.3408586,0,2763.361029,3
3,audio,Task B ,2,4,1,0,0.00041,2,156.9807921,0,2560.07021,4
3,audio,Task B ,2,4,1,0,9.00E-05,2,147.5096199,0,3174.998254,2
3,audio,Task B ,2,4,1,0,4.00E-05,2,352.8808223,0,2455.94153,1
3,audio,Task B ,2,3,0,0,0.00019,1,68.14333325,0,2485.51283,3
4,audio,Task B ,1,1,1,0,9.00E-05,1,60.42294738,0,2679.609206,2
4,audio,Task B ,1,1,1,0,9.00E-05,1,115.203147,0,2653.600737,2
4,audio,Task B ,1,1,0,0,4.00E-05,2,170.406173,0,2130.187644,1
4,audio,Task B ,2,2,1,0,0.00019,2,239.9697121,0,2351.066561,3
4,audio,Task B ,1,2,0,0,4.00E-05,2,328.7059843,0,2667.595595,1
4,audio,Task B ,1,3,0,0,9.00E-05,2,260.9841887,0,3330.996756,2
5,audio,Task B ,2,4,0,0,9.00E-05,1,100.9474513,0,2393.173297,2
5,audio,Task B ,1,1,0,0,4.00E-05,2,233.9040046,0,3014.802327,1
5,audio,Task B ,2,4,1,0,0.00019,2,208.8785107,0,3062.089678,3
5,audio,Task B ,2,1,1,0,4.00E-05,2,305.0746283,0,2177.256034,1
5,audio,Task B ,2,1,1,0,4.00E-05,2,13.61476785,0,2758.705059,1
5,audio,Task B ,1,3,1,0,0.00041,1,24.67942507,0,2599.753481,4
6,audio,Task B ,2,2,0,0,0.00019,1,33.97185018,0,2773.91966,3
6,audio,Task B ,2,3,0,0,0.00019,1,108.535056,0,2576.331693,3
6,audio,Task B ,1,3,0,0,9.00E-05,2,306.2326628,0,1806.207532,2
6,audio,Task B ,2,2,1,0,4.00E-05,2,354.0335263,0,1930.882914,1
6,audio,Task B ,1,3,1,0,0.00019,1,216.1437557,0,2575.230236,3
6,audio,Task B ,2,4,1,0,0.00019,2,149.4815269,0,3391.002944,3
7,audio,Task B ,1,4,1,0,0.00019,1,55.60469987,0,2517.699086,3
7,audio,Task B ,1,1,1,0,9.00E-05,1,47.357871,0,2776.651805,2
7,audio,Task B ,1,4,1,0,0.00019,1,148.4947336,0,2698.245502,3
7,audio,Task B ,1,1,1,0,9.00E-05,1,213.5976302,0,2740.71788,2
7,audio,Task B ,1,1,1,0,4.00E-05,1,318.0803016,0,2437.077596,1
7,audio,Task B ,1,4,1,0,0.00019,1,102.9059042,0,2787.479496,3
8,audio,Task B ,2,1,0,0,9.00E-05,1,267.8516073,0,2652.094078,2
8,audio,Task B ,2,1,0,0,9.00E-05,1,249.6124616,0,2688.4489,2
8,audio,Task B ,2,2,1,0,0.00041,2,130.8041761,0,1868.335903,4
8,audio,Task B ,2,1,1,0,9.00E-05,2,153.3464655,0,2532.005161,2
8,audio,Task B ,2,4,1,0,9.00E-05,2,219.037384,0,2784.863442,2
8,audio,Task B ,1,1,0,0,9.00E-05,2,255.6506433,0,2866.929695,2
9,audio,Task B ,1,1,0,0,0.00041,2,108.8259234,0,3163.927437,4
9,audio,Task B ,1,1,0,0,4.00E-05,2,242.6562334,0,2908.488376,1
9,audio,Task B ,1,4,1,0,0.00041,1,241.8805486,0,2797.978179,4
9,audio,Task B ,1,4,0,0,9.00E-05,2,295.1668515,0,3359.418051,2
9,audio,Task B ,1,1,0,0,0.00019,2,241.2256427,0,2365.471898,3
9,audio,Task B ,2,1,1,0,4.00E-05,2,199.2224556,0,2721.70503,1
10,audio,Task B ,1,1,0,0,0.00019,2,326.8520543,0,3247.643654,3
10,audio,Task B ,1,1,0,0,4.00E-05,2,96.92302376,0,2208.96757,1
10,audio,Task B ,1,1,0,0,0.00041,2,109.2263581,0,2752.29612,4
10,audio,Task B ,1,1,0,0,9.00E-05,2,121.3400115,0,2957.98957,2
10,audio,Task B ,1,1,1,0,9.00E-05,1,30.7497611,0,2703.396177,2
10,audio,Task B ,2,1,1,0,0.00041,2,100.0312302,0,2466.284195,4
1,audio,Task B ,2,1,1,0,4.00E-05,2,250.9629779,0,1931.325169,1
1,audio,Task B ,2,4,0,0,0.00019,1,60.45627202,0,2467.546061,3
1,audio,Task B ,1,3,0,0,0.00019,2,127.4017082,0,2961.363749,3
1,audio,Task B ,1,2,1,0,4.00E-05,1,258.5297164,0,2643.671307,1
1,audio,Task B ,2,3,1,0,0.00041,2,178.5882128,0,2445.292213,4
1,audio,Task B ,2,3,1,0,9.00E-05,2,266.0300657,0,2126.751897,2
2,audio,Task B ,2,3,1,0,0.00041,2,276.7997739,0,2909.488187,4
2,audio,Task B ,2,1,1,0,0.00041,2,142.2074591,0,1429.787578,4
2,audio,Task B ,2,1,1,0,4.00E-05,2,110.1077924,0,3222.049305,1
2,audio,Task B ,1,2,1,0,0.00019,1,259.2996953,0,2833.032957,3
2,audio,Task B ,1,1,0,0,4.00E-05,2,197.4861358,0,2945.339264,1
2,audio,Task B ,1,2,1,0,9.00E-05,1,64.55984448,0,2793.167432,2
3,audio,Task B ,1,3,1,0,9.00E-05,1,339.3997816,0,2795.224348,2
3,audio,Task B ,1,2,0,0,0.00019,2,56.74535222,0,2835.721606,3
3,audio,Task B ,1,2,1,0,0.00041,1,85.33337389,0,2795.816904,4
3,audio,Task B ,1,3,1,0,9.00E-05,1,243.9743928,0,2538.179031,2
3,audio,Task B ,1,1,1,0,4.00E-05,1,63.83174497,0,2582.980531,1
3,audio,Task B ,1,3,1,0,9.00E-05,1,124.6098578,0,2655.591143,2
4,audio,Task B ,1,1,1,0,4.00E-05,1,235.6924522,0,2798.410787,1
4,audio,Task B ,1,3,1,0,0.00019,1,300.6514481,0,2665.608746,3
4,audio,Task B ,1,3,1,0,0.00041,1,276.5624388,0,2958.362316,4
4,audio,Task B ,1,3,0,0,0.00019,2,89.98896498,0,2883.044571,3
4,audio,Task B ,1,3,1,0,9.00E-05,1,319.1752381,0,2820.802003,2
4,audio,Task B ,1,3,0,0,9.00E-05,2,327.2301159,0,2079.998928,2
5,audio,Task B ,2,3,0,0,0.00041,1,16.57586168,0,2505.549064,4
5,audio,Task B ,2,2,0,0,0.00019,1,247.0350401,0,2836.502819,3
5,audio,Task B ,2,4,1,0,0.00019,2,331.7794575,0,3367.824182,3
5,audio,Task B ,2,3,1,0,0.00019,2,258.4913448,0,3222.898062,3
5,audio,Task B ,2,3,1,0,0.00041,2,193.9416643,0,2425.115161,4
5,audio,Task B ,1,1,0,0,9.00E-05,2,321.8193836,0,3059.332188,2
6,audio,Task B ,2,2,0,0,4.00E-05,1,333.8079805,0,2745.73204,1
6,audio,Task B ,2,3,1,0,4.00E-05,2,197.9419343,0,2825.522758,1
6,audio,Task B ,1,2,1,0,4.00E-05,1,210.7250139,0,2732.420797,1
6,audio,Task B ,1,3,1,0,0.00041,1,167.4862993,0,2720.975489,4
6,audio,Task B ,1,3,1,0,9.00E-05,1,194.7374432,0,2695.435,2
6,audio,Task B ,2,4,1,0,0.00041,2,190.6445915,0,3199.500475,4
7,audio,Task B ,1,1,0,0,4.00E-05,2,116.0064853,0,3288.564902,1
7,audio,Task B ,1,4,1,0,0.00019,1,280.591443,0,2657.955302,3
7,audio,Task B ,1,4,1,0,0.00019,1,209.1254739,0,2625.813769,3
7,audio,Task B ,2,4,1,0,0.00041,2,276.825792,0,2967.222497,4
7,audio,Task B ,1,1,0,0,0.00019,2,249.0369984,0,1568.549687,3
7,audio,Task B ,2,4,1,0,0.00041,2,153.4979323,0,1690.127212,4
8,audio,Task B ,1,1,0,0,4.00E-05,2,75.3523701,0,2914.337098,1
8,audio,Task B ,1,1,1,0,4.00E-05,1,100.6283944,0,2752.773812,1
8,audio,Task B ,1,1,1,0,0.00041,1,322.5058334,0,2647.886665,4
8,audio,Task B ,2,2,0,0,0.00019,1,1.878629652,0,2437.259612,3
8,audio,Task B ,1,1,1,0,9.00E-05,1,270.5148044,0,2742.473862,2
8,audio,Task B ,1,1,0,0,4.00E-05,2,329.1904321,0,2900.00967,1
9,audio,Task B ,1,4,1,0,0.00041,1,294.9839872,0,2829.112622,4
9,audio,Task B ,1,4,1,0,9.00E-05,1,218.649282,0,2745.721086,2
9,audio,Task B ,1,1,0,0,0.00019,2,253.2259586,0,3675.304778,3
9,audio,Task B ,1,4,1,0,9.00E-05,1,297.212723,0,2769.127333,2
9,audio,Task B ,1,1,1,0,9.00E-05,1,110.3500978,0,2773.398654,2
9,audio,Task B ,2,1,0,0,0.00019,1,110.310504,0,2573.726729,3
10,audio,Task B ,1,1,1,0,0.00041,1,14.49982688,0,2499.471216,4
10,audio,Task B ,2,1,0,0,4.00E-05,1,349.9549452,0,2726.304388,1
10,audio,Task B ,1,1,0,0,4.00E-05,2,218.3131928,0,3443.075465,1
10,audio,Task B ,2,2,1,0,0.00041,2,255.1061625,0,3088.568186,4
10,audio,Task B ,2,2,1,0,0.00041,2,97.52508511,0,3162.284349,4
10,audio,Task B ,1,1,0,0,0.00041,2,301.5801153,0,2633.702487,4
1,audio,Task B ,1,1,1,0,4.00E-05,1,211.1838213,0,2814.208415,1
1,audio,Task B ,1,2,0,0,4.00E-05,2,254.6819157,0,2432.99716,1
1,audio,Task B ,1,3,1,0,0.00041,1,164.4552937,0,2654.712135,4
1,audio,Task B ,1,2,0,0,9.00E-05,2,292.2150415,0,2793.917136,2
1,audio,Task B ,2,3,1,0,0.00041,2,48.78269606,0,2352.058431,4
1,audio,Task B ,2,4,1,0,9.00E-05,2,351.0668098,0,2353.681812,2
2,audio,Task B ,1,3,1,0,9.00E-05,1,273.7277284,0,2568.106539,2
2,audio,Task B ,1,2,1,0,0.00019,1,94.5245454,0,2923.382509,3
2,audio,Task B ,1,2,1,0,9.00E-05,1,159.0617908,0,2780.322001,2
2,audio,Task B ,1,2,1,0,9.00E-05,1,142.4153085,0,2664.451689,2
2,audio,Task B ,2,4,1,0,0.00041,2,273.8189266,0,3039.380157,4
2,audio,Task B ,1,2,0,0,0.00019,2,157.4433791,0,2828.318003,3
3,audio,Task B ,2,4,1,0,0.00019,2,209.1061446,0,1815.199588,3
3,audio,Task B ,2,4,1,0,0.00019,2,298.1207529,0,2171.160632,3
3,audio,Task B ,1,2,1,0,0.00041,1,280.8834943,0,2816.456411,4
3,audio,Task B ,1,1,1,0,4.00E-05,1,249.5985064,0,2496.908446,1
3,audio,Task B ,1,2,1,0,4.00E-05,1,43.52034928,0,2609.818951,1
3,audio,Task B ,2,2,0,0,4.00E-05,1,342.4327254,0,2835.602652,1
4,audio,Task B ,1,1,0,0,4.00E-05,2,323.5603983,0,2855.743803,1
4,audio,Task B ,1,1,0,0,9.00E-05,2,228.7231109,0,2904.205001,2
4,audio,Task B ,1,3,1,0,0.00019,1,105.4723595,0,2944.602661,3
4,audio,Task B ,2,3,1,0,9.00E-05,2,44.52402578,0,2122.970087,2
4,audio,Task B ,1,3,1,0,0.00041,1,247.8195159,0,2725.322372,4
4,audio,Task B ,1,1,1,0,4.00E-05,1,272.4833445,0,2690.248967,1
5,audio,Task B ,1,1,0,0,4.00E-05,2,231.3203776,0,2279.598311,1
5,audio,Task B ,2,1,1,0,9.00E-05,2,309.7511537,0,3766.697028,2
5,audio,Task B ,1,1,0,0,9.00E-05,2,173.3300262,0,2807.43917,2
5,audio,Task B ,2,4,1,0,0.00041,2,194.7883417,0,2172.532451,4
5,audio,Task B ,2,2,0,0,9.00E-05,1,17.73603991,0,2829.44793,2
5,audio,Task B ,2,1,0,0,4.00E-05,1,238.1533812,0,2644.887942,1
6,audio,Task B ,1,3,1,0,0.00041,1,144.9220667,0,2557.653949,4
6,audio,Task B ,1,3,1,0,4.00E-05,1,332.5220849,0,2705.793222,1
6,audio,Task B ,2,3,0,0,0.00019,1,284.6275008,0,2558.894243,3
6,audio,Task B ,2,3,0,0,9.00E-05,1,302.2544814,0,2745.390746,2
6,audio,Task B ,2,4,1,0,0.00041,2,91.43274321,0,3308.53076,4
6,audio,Task B ,1,2,0,0,9.00E-05,2,13.45410786,0,1948.067233,2
7,audio,Task B ,1,4,1,0,0.00041,1,139.7028307,0,2596.58577,4
7,audio,Task B ,2,4,1,0,0.00041,2,130.5114911,0,3185.796394,4
7,audio,Task B ,1,4,0,0,0.00041,2,237.5860068,0,2213.170735,4
7,audio,Task B ,2,4,1,0,9.00E-05,2,39.97746526,0,3997.479015,2
7,audio,Task B ,2,4,0,0,0.00019,1,149.5310709,0,2499.214829,3
7,audio,Task B ,1,4,1,0,0.00019,1,133.7336588,0,2835.256262,3
8,audio,Task B ,1,1,0,0,4.00E-05,2,163.0491019,0,2460.938387,1
8,audio,Task B ,1,1,1,0,4.00E-05,1,104.0014583,0,2628.532534,1
8,audio,Task B ,2,1,0,0,4.00E-05,1,227.614022,0,2430.534748,1
8,audio,Task B ,1,3,0,0,0.00041,2,314.34287,0,2557.30892,4
8,audio,Task B ,1,1,0,0,4.00E-05,2,62.48293179,0,3442.428406,1
8,audio,Task B ,2,1,1,0,9.00E-05,2,285.5854299,0,2062.77713,2
9,audio,Task B ,2,4,1,0,0.00041,2,314.2838376,0,3353.983963,4
9,audio,Task B ,1,3,1,0,9.00E-05,1,279.7025261,0,2720.03592,2
9,audio,Task B ,1,1,0,0,4.00E-05,2,76.91053074,0,2753.626409,1
9,audio,Task B ,1,1,1,0,9.00E-05,1,174.246823,0,2529.090541,2
9,audio,Task B ,2,4,1,0,0.00041,2,343.4193064,0,2969.958958,4
9,audio,Task B ,1,1,1,0,9.00E-05,1,305.15043,0,2931.467795,2
10,audio,Task B ,1,1,0,0,4.00E-05,2,125.4366782,0,2787.102839,1
10,audio,Task B ,1,1,1,0,4.00E-05,1,351.6506895,0,2661.711704,1
10,audio,Task B ,2,2,1,0,0.00041,2,5.181413583,0,2227.934669,4
10,audio,Task B ,1,1,0,0,9.00E-05,2,40.98717502,0,2634.457896,2
10,audio,Task B ,1,1,1,0,4.00E-05,1,252.0241501,0,2493.470572,1
10,audio,Task B ,1,1,0,0,9.00E-05,2,169.7315818,0,2374.288672,2
1,audio,Task B ,2,4,1,0,0.00019,2,25.5319631,0,3231.949791,3
1,audio,Task B ,1,3,1,0,9.00E-05,1,76.35100665,0,2767.036109,2
1,audio,Task B ,2,3,1,0,0.00019,2,21.48129567,0,3242.274453,3
1,audio,Task B ,2,3,1,0,0.00019,2,208.5901081,0,2354.509575,3
1,audio,Task B ,1,3,1,0,9.00E-05,1,200.0861624,0,2743.901146,2
1,audio,Task B ,1,2,0,0,0.00019,2,273.5667116,0,2745.941132,3
2,audio,Task B ,1,1,1,0,9.00E-05,1,56.68916078,0,2423.209401,2
2,audio,Task B ,1,3,0,0,9.00E-05,2,247.4998715,0,2857.862498,2
2,audio,Task B ,2,2,1,0,0.00041,2,97.97366859,0,3087.935885,4
2,audio,Task B ,1,3,1,0,4.00E-05,1,42.52826121,0,2668.251055,1
2,audio,Task B ,1,2,0,0,9.00E-05,2,121.3386123,0,2773.279338,2
2,audio,Task B ,2,3,1,0,0.00041,2,144.6265659,0,2111.592183,4
3,audio,Task B ,2,1,1,0,4.00E-05,2,79.05790644,0,3001.825284,1
3,audio,Task B ,2,1,1,0,0.00041,2,276.0672501,0,2357.891373,4
3,audio,Task B ,2,4,1,0,0.00041,2,241.6502416,0,1560.55439,4
3,audio,Task B ,2,4,1,0,9.00E-05,2,119.5611862,0,2362.719774,2
3,audio,Task B ,1,2,1,0,0.00019,1,208.0757114,0,2658.968118,3
3,audio,Task B ,2,4,1,0,0.00019,2,165.7877269,0,2454.618943,3
4,audio,Task B ,1,2,1,0,0.00019,1,325.1862968,0,2599.778702,3
4,audio,Task B ,2,3,1,0,0.00041,2,141.6897461,0,3227.869112,4
4,audio,Task B ,1,1,0,0,4.00E-05,2,331.5967805,0,3254.13051,1
4,audio,Task B ,1,3,1,0,4.00E-05,1,256.2752285,0,2793.804496,1
4,audio,Task B ,1,1,0,0,4.00E-05,2,37.09657817,0,3544.613809,1
4,audio,Task B ,1,3,1,0,0.00041,1,322.7688275,0,2678.074626,4
5,audio,Task B ,1,1,0,0,9.00E-05,2,190.5850422,0,2588.314552,2
5,audio,Task B ,1,1,1,0,4.00E-05,1,164.4249736,0,2842.261734,1
5,audio,Task B ,1,2,1,0,4.00E-05,1,57.35181242,0,2561.895038,1
5,audio,Task B ,2,1,0,0,9.00E-05,1,266.773085,0,2893.003056,2
5,audio,Task B ,2,3,1,0,0.00041,2,93.25738966,0,3157.973527,4
5,audio,Task B ,1,3,1,0,0.00019,1,71.97582994,0,2600.611939,3
6,audio,Task B ,2,2,0,0,0.00041,1,12.15294026,0,3008.808118,4
6,audio,Task B ,2,3,1,0,4.00E-05,2,225.2280478,0,2334.393713,1
6,audio,Task B ,1,3,0,0,9.00E-05,2,107.0853313,0,3008.464601,2
6,audio,Task B ,1,3,1,0,4.00E-05,1,111.2099493,0,2654.174906,1
6,audio,Task B ,1,3,1,0,0.00019,1,195.2305828,0,2827.46368,3
6,audio,Task B ,1,2,1,0,0.00041,1,118.5200515,0,2834.744094,4
7,audio,Task B ,1,4,0,0,9.00E-05,2,167.2629215,0,3324.708261,2
7,audio,Task B ,1,1,0,0,4.00E-05,2,298.919739,0,2995.949385,1
7,audio,Task B ,2,4,0,0,0.00041,1,207.6772431,0,2947.450418,4
7,audio,Task B ,1,4,1,0,0.00019,1,328.2234146,0,2789.574576,3
7,audio,Task B ,1,4,1,0,0.00019,1,210.0503074,0,2674.742027,3
7,audio,Task B ,2,4,0,0,9.00E-05,1,170.7875348,0,2697.746828,2
8,audio,Task B ,2,1,0,0,4.00E-05,1,346.9470552,0,2522.563442,1
8,audio,Task B ,2,1,0,0,4.00E-05,1,148.0199295,0,2733.437156,1
8,audio,Task B ,2,3,0,0,0.00041,1,338.7074551,0,2687.32335,4
8,audio,Task B ,2,1,0,0,4.00E-05,1,339.2751717,0,2634.214224,1
8,audio,Task B ,1,1,1,0,9.00E-05,1,163.7408855,0,2876.530083,2
8,audio,Task B ,1,1,1,0,0.00019,1,49.88117237,0,2712.379165,3
9,audio,Task B ,1,1,0,0,0.00019,2,240.1930714,0,1439.46407,3
9,audio,Task B ,2,1,0,0,4.00E-05,1,10.47541921,0,2541.329817,1
9,audio,Task B ,1,4,1,0,0.00041,1,34.51863193,0,2841.865498,4
9,audio,Task B ,1,1,0,0,0.00041,2,155.9332959,0,1841.798552,4
9,audio,Task B ,1,1,0,0,0.00019,2,328.9169179,0,2422.202282,3
9,audio,Task B ,2,1,1,0,4.00E-05,2,134.0575894,0,2914.519161,1
10,audio,Task B ,1,1,0,0,4.00E-05,2,66.67338681,0,2231.669922,1
10,audio,Task B ,2,2,1,0,0.00019,2,213.3442421,0,2948.751449,3
10,audio,Task B ,2,2,0,0,0.00019,1,196.9783917,0,2542.560341,3
10,audio,Task B ,1,1,0,0,0.00019,2,143.8040754,0,2692.085505,3
10,audio,Task B ,2,2,1,0,0.00041,2,201.8141528,0,2233.278755,4
10,audio,Task B ,2,2,1,0,0.00019,2,145.1128634,0,2913.669668,3
1,audio,Task B ,1,4,0,0,9.00E-05,2,90.74239397,0,2714.785205,2
1,audio,Task B ,1,3,1,0,0.00041,1,104.1708214,0,2818.801657,4
1,audio,Task B ,2,2,0,0,0.00019,1,162.5084182,0,3016.495954,3
1,audio,Task B ,1,2,0,0,4.00E-05,2,250.9235755,0,2799.078882,1
1,audio,Task B ,2,3,1,0,9.00E-05,2,170.5875735,0,3810.729554,2
1,audio,Task B ,1,2,1,0,0.00019,1,5.347578631,0,2750.933171,3
2,audio,Task B ,2,3,1,0,0.00019,2,137.257066,0,2670.517537,3
2,audio,Task B ,1,2,1,0,4.00E-05,1,150.894041,0,2918.412907,1
2,audio,Task B ,1,2,0,0,4.00E-05,2,295.9350799,0,3064.062423,1
2,audio,Task B ,1,2,1,0,0.00019,1,293.2267322,0,2664.165802,3
2,audio,Task B ,2,2,1,0,0.00019,2,289.3556136,0,2503.123643,3
2,audio,Task B ,2,3,1,0,9.00E-05,2,22.50134242,0,3525.876121,2
3,audio,Task B ,1,4,0,0,0.00019,2,240.3532143,0,2797.759472,3
3,audio,Task B ,1,3,0,0,0.00019,2,204.1139194,0,2868.801435,3
3,audio,Task B ,2,3,1,0,9.00E-05,2,39.06514219,0,2866.370605,2
3,audio,Task B ,2,1,0,0,0.00019,1,142.2593495,0,2523.38144,3
3,audio,Task B ,2,3,1,0,0.00019,2,170.1369095,0,2469.360525,3
3,audio,Task B ,2,2,1,0,0.00019,2,156.0725786,0,2911.175031,3
4,audio,Task B ,1,1,1,0,4.00E-05,1,42.87291886,0,2689.217287,1
4,audio,Task B ,1,3,1,0,0.00041,1,189.1793275,0,2749.505524,4
4,audio,Task B ,1,1,1,0,9.00E-05,1,193.8361484,0,2510.557335,2
4,audio,Task B ,2,2,1,0,9.00E-05,2,124.7863515,0,3173.927064,2
4,audio,Task B ,1,3,1,0,9.00E-05,1,330.9654246,0,2815.42671,2
4,audio,Task B ,1,1,0,0,4.00E-05,2,222.1499021,0,2629.525102,1
5,audio,Task B ,1,1,1,0,9.00E-05,1,254.5127271,0,2737.692051,2
5,audio,Task B ,1,1,0,0,9.00E-05,2,85.64636265,0,2200.619813,2
5,audio,Task B ,1,3,1,0,0.00041,1,138.0389783,0,2571.541126,4
5,audio,Task B ,1,1,1,0,0.00041,1,29.62728652,0,2912.791596,4
5,audio,Task B ,2,1,1,0,4.00E-05,2,242.3847521,0,2982.669982,1
5,audio,Task B ,2,2,0,0,4.00E-05,1,245.8450307,0,2400.98458,1
6,audio,Task B ,1,2,0,0,0.00019,2,333.8369937,0,2644.001511,3
6,audio,Task B ,1,3,1,0,0.00041,1,224.3702471,0,2874.425349,4
6,audio,Task B ,2,3,1,0,9.00E-05,2,204.3082586,0,2962.802188,2
6,audio,Task B ,2,3,0,0,9.00E-05,1,197.2734928,0,2740.328622,2
6,audio,Task B ,2,3,0,0,0.00019,1,208.144613,0,2890.545022,3
6,audio,Task B ,1,1,1,0,9.00E-05,1,75.690497,0,2506.648154,2
7,audio,Task B ,1,1,1,0,9.00E-05,1,213.7020878,0,2502.76534,2
7,audio,Task B ,1,4,1,0,0.00041,1,235.511082,0,2695.885646,4
7,audio,Task B ,2,4,0,0,0.00041,1,59.74649833,0,2927.50092,4
7,audio,Task B ,2,4,1,0,0.00019,2,76.09536381,0,2477.323143,3
7,audio,Task B ,1,1,0,0,4.00E-05,2,105.5115645,0,2618.232969,1
7,audio,Task B ,1,1,1,0,4.00E-05,1,8.319096388,0,2620.229329,1
8,audio,Task B ,1,2,0,0,0.00019,2,137.2174797,0,2696.214939,3
8,audio,Task B ,1,1,0,0,4.00E-05,2,265.9292791,0,1927.562807,1
8,audio,Task B ,1,1,0,0,0.00019,2,94.63953982,0,2546.30868,3
8,audio,Task B ,1,1,1,0,9.00E-05,1,102.4762532,0,2839.760228,2
8,audio,Task B ,1,1,0,0,4.00E-05,2,264.4525638,0,2842.32332,1
8,audio,Task B ,1,4,1,0,0.00041,1,69.82058466,0,2656.566789,4
9,audio,Task B ,1,4,0,0,9.00E-05,2,185.5214102,0,2955.911276,2
9,audio,Task B ,1,4,0,0,9.00E-05,2,51.29428266,0,2529.309411,2
9,audio,Task B ,1,1,0,0,4.00E-05,2,193.6622773,0,3248.805527,1
9,audio,Task B ,1,4,1,0,0.00041,1,5.933322298,0,2756.243349,4
9,audio,Task B ,1,4,1,0,4.00E-05,1,174.7261385,0,2638.369459,1
9,audio,Task B ,1,3,1,0,9.00E-05,1,1.957815516,0,2591.516854,2
10,audio,Task B ,1,1,0,0,0.00019,2,127.246573,0,2787.450821,3
10,audio,Task B ,1,1,1,0,0.00019,1,323.727088,0,2709.75614,3
10,audio,Task B ,1,1,1,0,0.00019,1,230.6840612,0,2804.229898,3
10,audio,Task B ,1,1,1,0,9.00E-05,1,264.6048418,0,2868.374556,2
10,audio,Task B ,1,1,1,0,9.00E-05,1,325.9804854,0,2920.839673,2
10,audio,Task B ,1,1,1,0,0.00041,1,113.0513653,0,2732.93139,4
1,audio,Task B ,2,3,1,0,0.00041,2,239.7443523,0,1981.344363,4
1,audio,Task B ,1,1,1,0,4.00E-05,1,159.5425522,0,2793.005038,1
1,audio,Task B ,1,3,1,0,0.00019,1,152.7691279,0,2840.738238,3
1,audio,Task B ,2,1,0,0,0.00041,1,23.50494309,0,2447.038812,4
1,audio,Task B ,2,1,0,0,4.00E-05,1,320.8433098,0,2463.897632,1
1,audio,Task B ,2,3,1,0,4.00E-05,2,243.5751709,0,2413.964178,1
2,audio,Task B ,1,2,1,0,0.00019,1,41.76157005,0,2932.543451,3
2,audio,Task B ,1,2,1,0,0.00041,1,328.415919,0,2554.360615,4
2,audio,Task B ,1,3,1,0,9.00E-05,1,189.1892213,0,2793.718592,2
2,audio,Task B ,2,3,1,0,0.00041,2,223.149378,0,2206.617247,4
2,audio,Task B ,1,2,1,0,0.00041,1,59.6192319,0,2731.453677,4
2,audio,Task B ,2,1,1,0,0.00019,2,218.4492736,0,1133.472004,3
3,audio,Task B ,1,2,1,0,0.00019,1,341.312926,0,2690.113801,3
3,audio,Task B ,2,2,0,0,0.00019,1,111.5583334,0,2527.113294,3
3,audio,Task B ,1,3,1,0,9.00E-05,1,147.642922,0,2686.33476,2
3,audio,Task B ,2,4,1,0,4.00E-05,2,171.4962048,0,3430.479555,1
3,audio,Task B ,1,4,1,0,9.00E-05,1,139.1332341,0,2664.454847,2
3,audio,Task B ,1,2,1,0,0.00041,1,181.2687933,0,2837.123242,4
4,audio,Task B ,1,1,1,0,9.00E-05,1,158.3049687,0,2676.418403,2
4,audio,Task B ,1,3,1,0,0.00041,1,118.6700259,0,2719.177567,4
4,audio,Task B ,1,3,1,0,0.00019,1,54.00699767,0,2553.580991,3
4,audio,Task B ,1,3,0,0,0.00019,2,216.2534055,0,2857.830747,3
4,audio,Task B ,1,3,0,0,0.00019,2,136.3075265,0,3020.543342,3
4,audio,Task B ,1,1,1,0,4.00E-05,1,151.6871504,0,2716.620319,1
5,audio,Task B ,2,4,1,0,9.00E-05,2,323.9948973,0,3160.737735,2
5,audio,Task B ,1,4,1,0,0.00041,1,195.5086645,0,2619.116713,4
5,audio,Task B ,1,3,1,0,0.00041,1,38.41541255,0,2645.141927,4
5,audio,Task B ,1,1,1,0,9.00E-05,1,185.0327502,0,2815.80309,2
5,audio,Task B ,1,4,1,0,0.00041,1,319.7934626,0,2614.857608,4
5,audio,Task B ,2,1,1,0,4.00E-05,2,337.768233,0,2841.461299,1
6,audio,Task B ,2,2,0,0,0.00019,1,184.5543524,0,2890.64179,3
6,audio,Task B ,1,3,0,0,0.00041,2,190.1549768,0,2588.1636,4
6,audio,Task B ,2,3,0,0,9.00E-05,1,277.2280355,0,2758.886978,2
6,audio,Task B ,1,3,1,0,0.00041,1,322.5057368,0,2564.971646,4
6,audio,Task B ,2,4,1,0,0.00041,2,266.1131625,0,1789.493894,4
6,audio,Task B ,1,2,0,0,9.00E-05,2,14.09853886,0,2963.899874,2
7,audio,Task B ,1,4,1,0,0.00019,1,149.7510217,0,2777.276188,3
7,audio,Task B ,1,1,0,0,9.00E-05,2,215.4868571,0,2348.204754,2
7,audio,Task B ,1,1,1,0,4.00E-05,1,230.1098606,0,2536.518643,1
7,audio,Task B ,1,4,0,0,0.00019,2,325.7261611,0,2845.879593,3
7,audio,Task B ,2,4,1,0,0.00041,2,52.7741957,0,1891.16719,4
7,audio,Task B ,2,4,1,0,0.00019,2,110.607947,0,3551.223644,3
8,audio,Task B ,1,1,0,0,0.00019,2,67.66418157,0,2368.612593,3
8,audio,Task B ,1,1,0,0,0.00041,2,7.031824927,0,2045.252456,4
8,audio,Task B ,2,1,1,0,4.00E-05,2,291.8647815,0,2250.747757,1
8,audio,Task B ,1,1,0,0,0.00019,2,327.7721847,0,2789.221302,3
8,audio,Task B ,2,4,0,0,0.00041,1,270.7674086,0,2746.366001,4
8,audio,Task B ,1,1,1,0,4.00E-05,1,317.3852993,0,2757.317605,1
9,audio,Task B ,1,4,1,0,0.00041,1,37.22988467,0,2790.15768,4
9,audio,Task B ,1,1,1,0,0.00019,1,224.1120054,0,2466.05154,3
9,audio,Task B ,2,1,0,0,0.00019,1,192.4734113,0,2800.963342,3
9,audio,Task B ,1,1,0,0,9.00E-05,2,20.87704532,0,2203.473137,2
9,audio,Task B ,2,4,1,0,9.00E-05,2,267.1266063,0,2821.286868,2
9,audio,Task B ,1,4,0,0,0.00041,2,54.1885329,0,2780.00202,4
10,audio,Task B ,1,1,1,0,0.00019,1,265.0605953,0,2730.017501,3
10,audio,Task B ,1,1,1,0,4.00E-05,1,326.5159162,0,2605.196197,1
10,audio,Task B ,2,2,1,0,4.00E-05,2,222.900018,0,3154.308062,1
10,audio,Task B ,1,1,1,0,0.00019,1,296.8960221,0,2800.41949,3
10,audio,Task B ,2,2,1,0,0.00041,2,181.0160753,0,2077.186051,4
10,audio,Task B ,1,1,0,0,4.00E-05,2,246.185258,0,2358.510715,1
1,audio,Task B ,2,3,1,0,0.00019,2,181.879091,0,3086.229669,3
1,audio,Task B ,1,3,1,0,4.00E-05,1,278.0685708,0,2765.42047,1
1,audio,Task B ,2,1,0,0,4.00E-05,1,298.237266,0,2806.402616,1
1,audio,Task B ,1,3,0,0,0.00019,2,312.205962,0,2794.719535,3
1,audio,Task B ,2,1,1,0,4.00E-05,2,132.3044198,0,1657.573069,1
1,audio,Task B ,1,2,1,0,4.00E-05,1,153.9286641,0,2511.642477,1
2,audio,Task B ,2,1,1,0,9.00E-05,2,354.6182173,0,2502.567166,2
2,audio,Task B ,2,2,1,0,0.00041,2,228.1448702,0,2536.58902,4
2,audio,Task B ,2,3,1,0,0.00041,2,311.6309591,0,1802.105481,4
2,audio,Task B ,2,4,1,0,0.00041,2,282.0520839,0,3217.078145,4
2,audio,Task B ,1,2,1,0,9.00E-05,1,224.352562,0,2960.736499,2
2,audio,Task B ,1,2,1,0,0.00019,1,156.4249187,0,2566.425891,3
3,audio,Task B ,1,1,1,0,9.00E-05,1,115.2876769,0,2660.169554,2
3,audio,Task B ,1,2,1,0,4.00E-05,1,170.4819969,0,2770.548036,1
3,audio,Task B ,2,4,1,0,0.00041,2,282.5288987,0,3688.501625,4
3,audio,Task B ,1,4,0,0,0.00019,2,59.08841554,0,2628.823368,3
3,audio,Task B ,1,3,1,0,0.00041,1,215.9367324,0,2665.757571,4
3,audio,Task B ,2,4,1,0,9.00E-05,2,324.2750135,0,2162.585453,2
4,audio,Task B ,1,3,0,0,0.00041,2,218.7770648,0,2765.090491,4
4,audio,Task B ,1,1,1,0,4.00E-05,1,126.0241694,0,2726.503118,1
4,audio,Task B ,1,1,0,0,4.00E-05,2,282.2923149,0,3099.410675,1
4,audio,Task B ,1,1,0,0,4.00E-05,2,241.6161696,0,2852.412093,1
4,audio,Task B ,1,1,1,0,4.00E-05,1,54.72293999,0,2705.485386,1
4,audio,Task B ,1,3,0,0,0.00041,2,348.6679611,0,2554.328415,4
5,audio,Task B ,1,1,0,0,4.00E-05,2,179.0358638,0,2705.760113,1
5,audio,Task B ,1,2,0,0,0.00019,2,274.0691272,0,2433.093518,3
5,audio,Task B ,1,1,0,0,4.00E-05,2,155.9687524,0,3085.372926,1
5,audio,Task B ,2,2,1,0,0.00041,2,152.9793987,0,1283.407381,4
5,audio,Task B ,1,3,1,0,9.00E-05,1,194.1838696,0,2689.842544,2
5,audio,Task B ,2,1,0,0,0.00041,1,20.86510904,0,2849.516141,4
6,audio,Task B ,2,2,0,0,0.00041,1,329.5495291,0,2740.918251,4
6,audio,Task B ,1,3,1,0,0.00019,1,189.6637205,0,2668.396869,3
6,audio,Task B ,2,3,0,0,0.00041,1,2.881086909,0,2591.062027,4
6,audio,Task B ,1,2,0,0,0.00019,2,266.4432195,0,3034.812111,3
6,audio,Task B ,2,2,0,0,0.00041,1,199.4882039,0,2673.889278,4
6,audio,Task B ,2,4,0,0,0.00019,1,142.5597743,0,2751.081314,3
7,audio,Task B ,2,4,1,0,0.00019,2,208.9546381,0,2688.60197,3
7,audio,Task B ,1,1,0,0,4.00E-05,2,32.70865897,0,2951.326545,1
7,audio,Task B ,1,4,0,0,0.00041,2,53.43586091,0,2546.234959,4
7,audio,Task B ,1,1,1,0,4.00E-05,1,336.1404196,0,2699.025537,1
7,audio,Task B ,1,1,1,0,4.00E-05,1,106.8237056,0,2539.931844,1
7,audio,Task B ,1,4,0,0,9.00E-05,2,180.4778798,0,2499.063901,2
8,audio,Task B ,2,1,0,0,9.00E-05,1,32.62369522,0,2689.552097,2
8,audio,Task B ,2,1,1,0,9.00E-05,2,304.8131588,0,2181.713164,2
8,audio,Task B ,2,1,0,0,4.00E-05,1,303.3425037,0,2595.68873,1
8,audio,Task B ,1,4,1,0,0.00041,1,80.04541027,0,2716.72329,4
8,audio,Task B ,1,1,0,0,4.00E-05,2,32.072061,0,2514.202174,1
8,audio,Task B ,2,1,1,0,4.00E-05,2,164.9309919,0,3061.424205,1
9,audio,Task B ,1,3,0,0,0.00019,2,240.2918034,0,3023.356125,3
9,audio,Task B ,1,4,1,0,0.00019,1,218.808445,0,2520.146149,3
9,audio,Task B ,1,1,1,0,4.00E-05,1,227.9328207,0,2644.273163,1
9,audio,Task B ,2,1,1,0,0.00019,2,147.9915226,0,2141.66006,3
9,audio,Task B ,1,1,1,0,9.00E-05,1,209.7842736,0,2727.596486,2
9,audio,Task B ,1,3,1,0,0.00019,1,122.5237749,0,2816.34007,3
10,audio,Task B ,1,1,1,0,0.00019,1,36.44519901,0,2747.092756,3
10,audio,Task B ,2,1,0,0,0.00019,1,20.29128942,0,2511.946584,3
10,audio,Task B ,2,2,1,0,0.00041,2,334.720617,0,3203.881065,4
10,audio,Task B ,1,1,1,0,9.00E-05,1,140.9112275,0,2641.224598,2
10,audio,Task B ,1,1,0,0,4.00E-05,2,290.6288055,0,1908.55198,1
10,audio,Task B ,1,1,1,0,0.00041,1,63.83982591,0,2651.907568,4
1,audio,Task B ,2,4,1,0,0.00019,2,310.6098699,0,3839.836665,3
1,audio,Task B ,1,3,1,0,0.00041,1,305.1722449,0,2737.940019,4
1,audio,Task B ,2,4,1,0,0.00041,2,127.4695738,0,3612.218946,4
1,audio,Task B ,1,2,1,0,9.00E-05,1,254.5219261,0,2689.340599,2
1,audio,Task B ,2,4,1,0,0.00041,2,92.63871261,0,1832.640852,4
1,audio,Task B ,2,4,1,0,0.00019,2,268.536194,0,1872.42422,3
2,audio,Task B ,2,3,0,0,0.00041,1,339.3353131,0,2689.208262,4
2,audio,Task B ,2,3,1,0,9.00E-05,2,39.99729368,0,3577.659383,2
2,audio,Task B ,1,2,0,0,4.00E-05,2,38.30157682,0,2562.179604,1
2,audio,Task B ,2,2,1,0,0.00041,2,84.7535378,0,2391.725497,4
2,audio,Task B ,1,2,1,0,0.00041,1,314.7698957,0,2640.830307,4
2,audio,Task B ,1,2,1,0,0.00041,1,244.7405223,0,2580.142713,4
3,audio,Task B ,1,3,0,0,4.00E-05,2,110.9656657,0,2762.906604,1
3,audio,Task B ,2,3,1,0,9.00E-05,2,7.494570345,0,1956.411768,2
3,audio,Task B ,2,4,1,0,4.00E-05,2,44.97112159,0,2954.381973,1
3,audio,Task B ,1,2,0,0,0.00019,2,263.0459642,0,2588.884974,3
3,audio,Task B ,2,1,1,0,0.00041,2,219.9045575,0,3580.718982,4
3,audio,Task B ,1,2,1,0,0.00019,1,21.18561011,0,2868.307314,3
4,audio,Task B ,1,2,0,0,4.00E-05,2,92.50941308,0,3071.142006,1
4,audio,Task B ,1,3,0,0,0.00041,2,241.0701317,0,2934.241304,4
4,audio,Task B ,1,3,1,0,0.00019,1,77.07992217,0,2774.638968,3
4,audio,Task B ,1,3,0,0,0.00041,2,348.1562128,0,3046.768132,4
4,audio,Task B ,1,1,1,0,4.00E-05,1,168.0359416,0,2894.680446,1
4,audio,Task B ,1,3,0,0,9.00E-05,2,274.4294742,0,3164.964415,2
5,audio,Task B ,1,1,0,0,4.00E-05,2,88.63624236,0,2992.726741,1
5,audio,Task B ,2,2,0,0,0.00041,1,77.87516939,0,2646.224523,4
5,audio,Task B ,1,1,1,0,4.00E-05,1,324.3800411,0,2654.083339,1
5,audio,Task B ,2,4,1,0,0.00041,2,38.23968316,0,3249.948542,4
5,audio,Task B ,1,3,0,0,0.00019,2,73.92980915,0,2822.580778,3
5,audio,Task B ,1,4,0,0,0.00041,2,43.75453326,0,2410.459589,4
6,audio,Task B ,2,2,1,0,0.00019,2,158.8498278,0,2835.07931,3
6,audio,Task B ,2,2,0,0,0.00019,1,43.80282182,0,2831.288731,3
6,audio,Task B ,1,2,1,0,0.00019,1,64.80887407,0,2519.879658,3
6,audio,Task B ,1,3,1,0,9.00E-05,1,179.0069512,0,2607.086623,2
6,audio,Task B ,2,3,1,0,0.00019,2,342.1998671,0,1754.320923,3
6,audio,Task B ,1,3,1,0,9.00E-05,1,35.40447993,0,2735.221273,2
7,audio,Task B ,1,1,0,0,9.00E-05,2,163.6773321,0,2259.508219,2
7,audio,Task B ,1,4,0,0,0.00019,2,150.7621677,0,3268.847336,3
7,audio,Task B ,1,1,0,0,4.00E-05,2,276.8371195,0,2368.896474,1
7,audio,Task B ,2,4,1,0,0.00041,2,96.78416647,0,2161.443427,4
7,audio,Task B ,1,1,1,0,9.00E-05,1,59.66111539,0,2631.070403,2
7,audio,Task B ,1,4,1,0,0.00041,1,39.8871893,0,2688.409125,4
8,audio,Task B ,1,1,0,0,9.00E-05,2,307.6172943,0,2151.247974,2
8,audio,Task B ,1,1,1,0,9.00E-05,1,325.5670948,0,2795.290718,2
8,audio,Task B ,1,1,0,0,4.00E-05,2,191.8184165,0,1994.726218,1
8,audio,Task B ,2,4,1,0,0.00041,2,178.0254186,0,2947.173874,4
8,audio,Task B ,2,1,0,0,4.00E-05,1,250.0731624,0,2621.991429,1
8,audio,Task B ,1,4,0,0,4.00E-05,2,83.15292528,0,3073.321603,1
9,audio,Task B ,1,3,1,0,0.00041,1,197.2340298,0,2602.12505,4
9,audio,Task B ,2,4,1,0,0.00019,2,146.3717051,0,2326.577783,3
9,audio,Task B ,1,4,1,0,0.00019,1,39.59329962,0,2700.100292,3
9,audio,Task B ,2,4,0,0,0.00019,1,95.166639,0,2666.727712,3
9,audio,Task B ,1,1,1,0,9.00E-05,1,111.8722492,0,2739.919216,2
9,audio,Task B ,1,1,1,0,0.00019,1,30.56019599,0,2746.707948,3
10,audio,Task B ,1,1,1,0,4.00E-05,1,35.81248622,0,2683.744565,1
10,audio,Task B ,1,1,0,0,9.00E-05,2,174.522358,0,2387.559768,2
10,audio,Task B ,2,2,0,0,0.00019,1,114.8226077,0,2583.826286,3
10,audio,Task B ,2,2,1,0,0.00019,2,143.2732939,0,2081.262781,3
10,audio,Task B ,1,1,0,0,0.00019,2,174.4827717,0,2799.549185,3
10,audio,Task B ,1,1,1,0,0.00041,1,350.313298,0,2655.917956,4
1,audio,Task B ,2,2,1,0,0.00019,2,29.20694323,0,3155.267558,3
1,audio,Task B ,1,2,1,0,9.00E-05,1,80.57721344,0,2695.870467,2
1,audio,Task B ,1,3,0,0,0.00041,2,50.38929321,0,2667.820212,4
1,audio,Task B ,1,2,1,0,0.00019,1,85.18643453,0,2689.455129,3
1,audio,Task B ,1,2,1,0,0.00019,1,137.8009335,0,2803.079483,3
1,audio,Task B ,2,2,0,0,9.00E-05,1,21.8813531,0,2631.657722,2
2,audio,Task B ,2,2,1,0,0.00019,2,315.3293277,0,2219.619167,3
2,audio,Task B ,2,3,1,0,0.00019,2,353.7422539,0,3439.482452,3
2,audio,Task B ,2,2,1,0,0.00019,2,98.8205819,0,2443.534612,3
2,audio,Task B ,1,1,0,0,4.00E-05,2,337.1663645,0,2563.770999,1
2,audio,Task B ,2,4,1,0,0.00041,2,31.05249023,0,3243.097912,4
2,audio,Task B ,1,2,0,0,4.00E-05,2,98.7657672,0,2690.779249,1
3,audio,Task B ,1,3,1,0,0.00019,1,121.9380615,0,2810.276644,3
3,audio,Task B ,1,4,1,0,0.00041,1,49.42901747,0,2582.565359,4
3,audio,Task B ,2,1,1,0,0.00019,2,128.8802676,0,2426.35156,3
3,audio,Task B ,1,2,0,0,4.00E-05,2,175.662313,0,2765.070429,1
3,audio,Task B ,2,3,1,0,4.00E-05,2,56.23917358,0,2368.231874,1
3,audio,Task B ,1,3,1,0,9.00E-05,1,41.03157956,0,2812.003782,2
4,audio,Task B ,2,3,1,0,0.00041,2,161.2126997,0,3490.995103,4
4,audio,Task B ,1,1,1,0,9.00E-05,1,35.42997032,0,2866.241255,2
4,audio,Task B ,1,1,0,0,9.00E-05,2,276.2344712,0,1434.75843,2
4,audio,Task B ,1,1,0,0,4.00E-05,2,133.7748642,0,2738.123336,1
4,audio,Task B ,1,1,0,0,4.00E-05,2,316.0261995,0,3542.642716,1
4,audio,Task B ,1,3,1,0,0.00019,1,276.946035,0,2744.751769,3
5,audio,Task B ,1,3,0,0,0.00041,2,253.9948599,0,2889.984801,4
5,audio,Task B ,1,1,1,0,9.00E-05,1,273.5989224,0,2801.882741,2
5,audio,Task B ,2,4,1,0,9.00E-05,2,304.3753452,0,2375.596784,2
5,audio,Task B ,1,1,0,0,9.00E-05,2,76.4029305,0,2425.076002,2
5,audio,Task B ,2,2,0,0,9.00E-05,1,61.9619091,0,2703.741908,2
5,audio,Task B ,2,4,1,0,0.00019,2,289.118091,0,2369.838233,3
6,audio,Task B ,1,3,1,0,0.00041,1,259.4999897,0,2809.361319,4
6,audio,Task B ,2,3,0,0,4.00E-05,1,4.527166616,0,2580.271398,1
6,audio,Task B ,2,3,0,0,4.00E-05,1,242.3776281,0,2764.779537,1
6,audio,Task B ,2,3,1,0,0.00041,2,90.96038867,0,3168.246454,4
6,audio,Task B ,1,3,0,0,9.00E-05,2,45.88924702,0,3168.064669,2
6,audio,Task B ,2,3,1,0,4.00E-05,2,5.273602168,0,2610.498424,1
7,audio,Task B ,1,4,1,0,0.00019,1,243.4359037,0,2771.33132,3
7,audio,Task B ,1,4,1,0,0.00019,1,190.6346319,0,2903.585825,3
7,audio,Task B ,1,1,0,0,4.00E-05,2,249.9199817,0,1644.075501,1
7,audio,Task B ,1,4,1,0,9.00E-05,1,10.61158632,0,2900.848221,2
7,audio,Task B ,1,4,0,0,0.00019,2,120.5151759,0,2818.710225,3
7,audio,Task B ,1,1,1,0,4.00E-05,1,192.0063034,0,2814.833732,1
8,audio,Task B ,2,4,1,0,0.00019,2,139.706589,0,3285.914711,3
8,audio,Task B ,2,1,0,0,0.00019,1,172.7838809,0,2885.395738,3
8,audio,Task B ,2,1,0,0,9.00E-05,1,229.1133946,0,2805.970039,2
8,audio,Task B ,2,1,0,0,0.00041,1,109.7236292,0,2721.707545,4
8,audio,Task B ,1,4,1,0,0.00041,1,164.2495229,0,2671.919248,4
8,audio,Task B ,2,4,0,0,0.00041,1,288.4421883,0,2683.404115,4
9,audio,Task B ,1,4,1,0,9.00E-05,1,52.36978666,0,2806.274363,2
9,audio,Task B ,2,1,0,0,0.00019,1,292.4010927,0,2269.002256,3
9,audio,Task B ,1,1,0,0,4.00E-05,2,246.2056465,0,2387.683915,1
9,audio,Task B ,1,1,1,0,9.00E-05,1,280.8583707,0,2694.022303,2
9,audio,Task B ,1,4,1,0,0.00041,1,145.225539,0,2815.631345,4
9,audio,Task B ,1,4,1,0,0.00041,1,242.7369891,0,2790.208431,4
10,audio,Task B ,1,1,0,0,0.00019,2,164.2396832,0,2588.89344,3
10,audio,Task B ,2,1,0,0,4.00E-05,1,253.9722604,0,2564.271273,1
10,audio,Task B ,2,2,1,0,0.00019,2,203.6882599,0,2927.250627,3
10,audio,Task B ,2,2,1,0,0.00041,2,331.7762704,0,3572.58126,4
10,audio,Task B ,2,2,0,0,0.00041,1,50.50745892,0,2739.985135,4
10,audio,Task B ,1,1,1,0,4.00E-05,1,92.34838812,0,2479.211759,1
1,audio,Task B ,2,2,0,0,0.00019,1,355.2024877,0,2837.772742,3
1,audio,Task B ,1,2,0,0,9.00E-05,2,198.2619796,0,2570.254876,2
1,audio,Task B ,1,2,1,0,0.00019,1,180.8610051,0,2868.718462,3
1,audio,Task B ,2,1,1,0,4.00E-05,2,112.8935964,0,3484.376511,1
1,audio,Task B ,2,2,1,0,0.00019,2,148.9590632,0,3293.570725,3
1,audio,Task B ,1,3,1,0,0.00019,1,288.9742896,0,2766.997477,3
2,audio,Task B ,1,2,0,0,0.00041,2,163.8746528,0,2678.901527,4
2,audio,Task B ,1,3,1,0,9.00E-05,1,297.4937482,0,2752.205642,2
2,audio,Task B ,1,2,0,0,0.00019,2,98.53507548,0,2770.339187,3
2,audio,Task B ,1,1,1,0,0.00041,1,49.33631428,0,2470.036767,4
2,audio,Task B ,1,2,1,0,9.00E-05,1,88.30313555,0,2614.215268,2
2,audio,Task B ,2,3,1,0,9.00E-05,2,13.69719839,0,3390.70083,2
3,audio,Task B ,2,1,0,0,4.00E-05,1,110.0663334,0,2538.280363,1
3,audio,Task B ,2,4,1,0,0.00041,2,333.5937876,0,3714.582079,4
3,audio,Task B ,2,2,0,0,4.00E-05,1,223.2708476,0,2591.206898,1
3,audio,Task B ,1,4,0,0,0.00041,2,197.3540421,0,2662.549069,4
3,audio,Task B ,2,3,0,0,4.00E-05,1,210.1916692,0,2599.097771,1
3,audio,Task B ,1,3,1,0,0.00041,1,338.7043161,0,2681.000318,4
4,audio,Task B ,1,1,1,0,9.00E-05,1,298.8886098,0,2532.428523,2
4,audio,Task B ,1,1,1,0,4.00E-05,1,304.0772859,0,2691.704237,1
4,audio,Task B ,1,3,1,0,9.00E-05,1,303.6176452,0,2789.241834,2
4,audio,Task B ,1,3,0,0,9.00E-05,2,82.88396638,0,2339.273507,2
4,audio,Task B ,2,1,0,0,4.00E-05,1,168.7688046,0,2892.069662,1
4,audio,Task B ,1,1,1,0,4.00E-05,1,195.8172974,0,2790.331009,1
5,audio,Task B ,1,3,0,0,0.00041,2,133.2865237,0,2816.395406,4
5,audio,Task B ,1,4,0,0,4.00E-05,2,12.19577072,0,2276.233719,1
5,audio,Task B ,2,1,0,0,9.00E-05,1,236.8786859,0,2824.579871,2
5,audio,Task B ,1,3,0,0,9.00E-05,2,127.1295649,0,2660.519148,2
5,audio,Task B ,2,4,0,0,0.00019,1,191.9626403,0,2797.764488,3
5,audio,Task B ,2,1,0,0,4.00E-05,1,133.819593,0,2915.642858,1
6,audio,Task B ,1,3,1,0,4.00E-05,1,199.1158616,0,2604.345114,1
6,audio,Task B ,2,3,0,0,0.00041,1,184.2411076,0,2861.32762,4
6,audio,Task B ,1,3,1,0,4.00E-05,1,274.3415128,0,2653.986721,1
6,audio,Task B ,2,3,0,0,4.00E-05,1,27.83487469,0,2656.603027,1
6,audio,Task B ,1,2,1,0,0.00019,1,188.0432037,0,2969.920228,3
6,audio,Task B ,2,4,1,0,4.00E-05,2,350.4234701,0,2591.932788,1
7,audio,Task B ,2,4,1,0,9.00E-05,2,87.3060999,0,2249.938466,2
7,audio,Task B ,1,1,1,0,0.00019,1,136.1624497,0,2611.701768,3
7,audio,Task B ,2,2,0,0,0.00041,1,3.92319955,0,2665.892619,4
7,audio,Task B ,1,1,0,0,0.00019,2,302.5802096,0,2366.23548,3
7,audio,Task B ,1,1,1,0,4.00E-05,1,78.15405564,0,2881.806108,1
7,audio,Task B ,1,4,1,0,0.00041,1,282.0185034,0,2631.5174,4
8,audio,Task B ,1,4,1,0,0.00041,1,224.8156054,0,2699.902954,4
8,audio,Task B ,1,1,1,0,9.00E-05,1,309.2569277,0,2609.118092,2
8,audio,Task B ,2,1,0,0,9.00E-05,1,25.58676693,0,2602.114801,2
8,audio,Task B ,2,1,1,0,4.00E-05,2,165.7732525,0,3074.273404,1
8,audio,Task B ,2,2,1,0,9.00E-05,2,173.2927076,0,2235.680502,2
8,audio,Task B ,1,1,0,0,4.00E-05,2,205.1622894,0,1603.94669,1
9,audio,Task B ,1,1,0,0,0.00019,2,287.7429849,0,3288.974848,3
9,audio,Task B ,2,4,0,0,0.00041,1,254.1918399,0,2743.056429,4
9,audio,Task B ,1,1,0,0,0.00019,2,281.8392598,0,3662.50762,3
9,audio,Task B ,2,4,1,0,0.00041,2,120.6191065,0,3263.2367,4
9,audio,Task B ,1,1,0,0,0.00041,2,297.4575315,0,2158.204895,4
9,audio,Task B ,2,4,1,0,0.00019,2,356.8068077,0,3069.735971,3
10,audio,Task B ,1,1,1,0,4.00E-05,1,139.6799395,0,2732.524387,1
10,audio,Task B ,1,1,0,0,9.00E-05,2,44.39911626,0,1972.050044,2
10,audio,Task B ,2,2,1,0,0.00041,2,34.30192013,0,2375.242706,4
10,audio,Task B ,1,1,1,0,0.00019,1,269.5129255,0,2558.570887,3
10,audio,Task B ,1,2,0,0,0.00019,2,192.1595185,0,2929.556644,3
10,audio,Task B ,1,1,1,0,4.00E-05,1,307.1852115,0,2690.931569,1
1,audio,Task B ,1,4,0,0,9.00E-05,2,228.868916,0,2427.266217,2
1,audio,Task B ,2,4,1,0,0.00019,2,67.58355215,0,3823.081971,3
1,audio,Task B ,1,2,1,0,4.00E-05,1,344.4489343,0,2651.50096,1
1,audio,Task B ,1,2,0,0,9.00E-05,2,158.449745,0,2889.981485,2
1,audio,Task B ,1,2,0,0,4.00E-05,2,64.53530784,0,2671.690468,1
1,audio,Task B ,1,2,0,0,0.00041,2,296.4411227,0,3015.01812,4
2,audio,Task B ,1,3,1,0,0.00019,1,243.6216378,0,2746.745423,3
2,audio,Task B ,1,3,1,0,0.00041,1,178.8370575,0,2598.240319,4
2,audio,Task B ,2,4,1,0,0.00041,2,355.4392864,0,3740.744254,4
2,audio,Task B ,1,2,0,0,9.00E-05,2,89.71660309,0,2940.485495,2
2,audio,Task B ,1,2,0,0,0.00041,2,200.0450304,0,2607.092152,4
2,audio,Task B ,2,1,1,0,9.00E-05,2,283.4081787,0,2236.021015,2
3,audio,Task B ,2,3,1,0,0.00019,2,239.2172802,0,2375.826505,3
3,audio,Task B ,2,4,0,0,0.00041,1,123.7722053,0,2466.765628,4
3,audio,Task B ,1,2,1,0,4.00E-05,1,95.74059331,0,2779.737363,1
3,audio,Task B ,2,4,0,0,4.00E-05,1,168.0157826,0,2905.591212,1
3,audio,Task B ,1,1,0,0,4.00E-05,2,228.8136387,0,2634.200401,1
3,audio,Task B ,2,1,0,0,4.00E-05,1,128.9673143,0,2790.364619,1
4,audio,Task B ,1,1,0,0,4.00E-05,2,222.9570439,0,3285.773188,1
4,audio,Task B ,1,3,1,0,0.00019,1,276.5211839,0,2725.345976,3
4,audio,Task B ,1,3,1,0,0.00019,1,278.6912639,0,2709.876715,3
4,audio,Task B ,2,2,1,0,0.00019,2,18.36906008,0,3604.816253,3
4,audio,Task B ,1,3,1,0,0.00019,1,348.8448589,0,2644.854089,3
4,audio,Task B ,1,3,1,0,0.00041,1,250.4728209,0,2707.488782,4
5,audio,Task B ,1,4,1,0,0.00041,1,331.0998007,0,2625.692703,4
5,audio,Task B ,1,4,1,0,0.00041,1,188.7169201,0,2731.992409,4
5,audio,Task B ,1,1,0,0,4.00E-05,2,16.53875843,0,2391.496594,1
5,audio,Task B ,1,3,1,0,4.00E-05,1,39.60023893,0,2783.645393,1
5,audio,Task B ,1,3,0,0,9.00E-05,2,202.3595222,0,2407.96758,2
5,audio,Task B ,1,4,1,0,0.00041,1,239.3085275,0,2635.274311,4
6,audio,Task B ,1,2,1,0,0.00041,1,8.579205427,0,2468.488295,4
6,audio,Task B ,1,3,1,0,4.00E-05,1,321.7938998,0,2689.1745,1
6,audio,Task B ,2,3,0,0,4.00E-05,1,336.7681846,0,2586.971624,1
6,audio,Task B ,2,3,0,0,4.00E-05,1,306.1599328,0,2523.077381,1
6,audio,Task B ,1,2,1,0,4.00E-05,1,77.51399797,0,2638.949878,1
6,audio,Task B ,1,2,0,0,4.00E-05,2,214.2824476,0,3049.309913,1
7,audio,Task B ,1,1,0,0,4.00E-05,2,350.4383986,0,1937.533493,1
7,audio,Task B ,1,4,0,0,0.00019,2,78.71430584,0,3262.084653,3
7,audio,Task B ,2,4,1,0,9.00E-05,2,177.8438218,0,2911.939891,2
7,audio,Task B ,1,4,1,0,0.00019,1,255.0290527,0,2851.649531,3
7,audio,Task B ,1,1,1,0,4.00E-05,1,49.33228377,0,2696.405479,1
7,audio,Task B ,1,1,1,0,4.00E-05,1,152.3323629,0,2730.982827,1
8,audio,Task B ,2,1,1,0,0.00041,2,75.72030307,0,1485.352947,4
8,audio,Task B ,1,1,0,0,9.00E-05,2,8.375053805,0,2827.413595,2
8,audio,Task B ,1,1,1,0,0.00019,1,99.39116223,0,2726.876445,3
8,audio,Task B ,1,1,0,0,9.00E-05,2,8.123380622,0,2401.34023,2
8,audio,Task B ,2,3,1,0,0.00019,2,323.6940114,0,3099.66997,3
8,audio,Task B ,1,1,0,0,0.00019,2,126.6663157,0,2090.411129,3
9,audio,Task B ,2,1,0,0,9.00E-05,1,129.2615673,0,2689.753967,2
9,audio,Task B ,1,1,1,0,9.00E-05,1,104.9925158,0,2628.632857,2
9,audio,Task B ,1,1,1,0,9.00E-05,1,132.5395617,0,2634.365816,2
9,audio,Task B ,2,4,1,0,0.00019,2,32.88344406,0,3790.497003,3
9,audio,Task B ,2,4,1,0,0.00041,2,308.5881396,0,2548.064833,4
9,audio,Task B ,1,3,0,0,9.00E-05,2,47.30520185,0,2934.425276,2
10,audio,Task B ,1,1,0,0,4.00E-05,2,213.5144989,0,2548.681168,1
10,audio,Task B ,1,1,1,0,4.00E-05,1,183.5721711,0,2637.853204,1
10,audio,Task B ,2,2,1,0,0.00019,2,293.1540217,0,2086.328285,3
10,audio,Task B ,1,2,1,0,4.00E-05,1,255.8486595,0,2794.897801,1
10,audio,Task B ,1,2,1,0,4.00E-05,1,114.5804856,0,2683.222957,1
10,audio,Task B ,1,1,0,0,9.00E-05,2,324.6076916,0,3087.047942,2
1,audio,Task B ,2,2,1,0,4.00E-05,2,358.8819347,0,1883.631831,1
1,audio,Task B ,2,2,1,0,0.00041,2,172.4702818,0,2963.206022,4
1,audio,Task B ,2,2,0,0,4.00E-05,1,150.7143132,0,2883.573023,1
1,audio,Task B ,2,2,0,0,9.00E-05,1,128.1517606,0,2394.310497,2
1,audio,Task B ,1,2,0,0,0.00019,2,212.3945087,0,2985.052177,3
1,audio,Task B ,2,3,1,0,0.00019,2,290.5448229,0,2037.240838,3
2,audio,Task B ,1,3,1,0,0.00041,1,239.474855,0,2698.45034,4
2,audio,Task B ,1,2,1,0,9.00E-05,1,282.3224502,0,2715.050203,2
2,audio,Task B ,1,3,0,0,4.00E-05,2,147.1943871,0,1491.992581,1
2,audio,Task B ,1,2,0,0,4.00E-05,2,154.7658562,0,2045.730668,1
2,audio,Task B ,1,2,0,0,4.00E-05,2,353.050989,0,2473.645533,1
2,audio,Task B ,1,3,0,0,4.00E-05,2,33.42805857,0,2995.596084,1
3,audio,Task B ,2,2,1,0,0.00041,2,131.7593538,0,3228.286974,4
3,audio,Task B ,2,4,1,0,4.00E-05,2,187.4338731,0,2948.205216,1
3,audio,Task B ,1,2,1,0,4.00E-05,1,237.2079802,0,2752.940066,1
3,audio,Task B ,2,3,0,0,9.00E-05,1,123.7260435,0,2550.217936,2
3,audio,Task B ,2,4,1,0,9.00E-05,2,113.041725,0,1942.35803,2
3,audio,Task B ,1,3,0,0,0.00019,2,108.0790356,0,2581.33711,3
4,audio,Task B ,1,1,0,0,4.00E-05,2,57.98676903,0,2508.783952,1
4,audio,Task B ,1,1,0,0,4.00E-05,2,135.073179,0,3641.977195,1
4,audio,Task B ,1,3,1,0,0.00019,1,301.3333765,0,2762.238693,3
4,audio,Task B ,1,1,1,0,4.00E-05,1,315.2941906,0,2816.314797,1
4,audio,Task B ,1,3,0,0,0.00041,2,197.10625,0,2993.870899,4
4,audio,Task B ,2,2,1,0,9.00E-05,2,47.50476228,0,2302.635253,2
5,audio,Task B ,2,1,1,0,4.00E-05,2,140.9846081,0,3045.625048,1
5,audio,Task B ,1,3,0,0,9.00E-05,2,188.7539561,0,2731.504171,2
5,audio,Task B ,1,3,1,0,0.00041,1,36.82519562,0,2602.205318,4
5,audio,Task B ,2,1,0,0,9.00E-05,1,73.84264967,0,2740.646486,2
5,audio,Task B ,2,4,1,0,0.00041,2,237.1820123,0,3428.959194,4
5,audio,Task B ,2,2,1,0,9.00E-05,2,210.0319724,0,2563.517159,2
6,audio,Task B ,1,3,0,0,4.00E-05,2,170.3563299,0,2183.280634,1
6,audio,Task B ,2,3,0,0,9.00E-05,1,326.6028363,0,2651.400341,2
6,audio,Task B ,2,3,1,0,9.00E-05,2,305.3428992,0,3144.165797,2
6,audio,Task B ,1,3,1,0,0.00019,1,92.07274936,0,2654.247258,3
6,audio,Task B ,2,4,0,0,4.00E-05,1,80.3865905,0,2835.796485,1
6,audio,Task B ,1,2,1,0,9.00E-05,1,254.6294917,0,2511.452408,2
7,audio,Task B ,1,1,0,0,4.00E-05,2,45.49929064,0,2770.089489,1
7,audio,Task B ,2,4,0,0,0.00019,1,196.057628,0,2667.865634,3
7,audio,Task B ,1,1,1,0,0.00041,1,17.32546006,0,2468.039825,4
7,audio,Task B ,1,4,1,0,0.00041,1,218.2510515,0,2878.068627,4
7,audio,Task B ,1,1,1,0,4.00E-05,1,262.0548734,0,2759.651752,1
7,audio,Task B ,1,4,1,0,0.00019,1,317.995929,0,2752.409615,3
8,audio,Task B ,1,1,0,0,4.00E-05,2,291.8118684,0,3081.740975,1
8,audio,Task B ,2,1,1,0,0.00019,2,85.4274729,0,2931.863396,3
8,audio,Task B ,2,4,0,0,0.00041,1,276.2243149,0,2818.915631,4
8,audio,Task B ,1,2,1,0,0.00019,1,85.01065181,0,2573.829801,3
8,audio,Task B ,2,1,1,0,4.00E-05,2,176.1649503,0,3246.02053,1
8,audio,Task B ,1,1,1,0,4.00E-05,1,334.1934803,0,2532.284355,1
9,audio,Task B ,1,1,1,0,4.00E-05,1,128.506437,0,2763.648255,1
9,audio,Task B ,1,1,1,0,9.00E-05,1,340.9795035,0,2758.710048,2
9,audio,Task B ,1,4,1,0,9.00E-05,1,268.289745,0,2747.418619,2
9,audio,Task B ,2,1,0,0,4.00E-05,1,0.648715999,0,2646.187504,1
9,audio,Task B ,1,4,1,0,0.00041,1,157.2789264,0,2746.983008,4
9,audio,Task B ,2,4,1,0,0.00019,2,260.4687167,0,2521.453586,3
10,audio,Task B ,1,1,1,0,0.00019,1,268.3201506,0,2605.512507,3
10,audio,Task B ,1,1,0,0,9.00E-05,2,178.9080774,0,2521.697683,2
10,audio,Task B ,1,2,1,0,0.00041,1,2.718640404,0,2731.700223,4
10,audio,Task B ,1,1,0,0,9.00E-05,2,293.2122794,0,2815.754664,2
10,audio,Task B ,1,1,1,0,4.00E-05,1,61.65309881,0,2803.44684,1
10,audio,Task B ,2,2,1,0,0.00041,2,255.8117864,0,3238.674928,4
1,audio,Task B ,2,4,1,0,0.00041,2,344.6721472,0,2383.635479,4
1,audio,Task B ,1,3,1,0,4.00E-05,1,199.1203172,0,2967.943036,1
1,audio,Task B ,1,2,0,0,4.00E-05,2,77.43499465,0,2846.443798,1
1,audio,Task B ,2,2,0,0,0.00019,1,263.5332042,0,2443.526646,3
1,audio,Task B ,1,3,1,0,9.00E-05,1,77.66468741,0,2786.01727,2
1,audio,Task B ,2,4,1,0,0.00041,2,187.4058387,0,2091.82953,4
2,audio,Task B ,2,3,0,0,0.00041,1,178.0101531,0,2760.021783,4
2,audio,Task B ,1,3,0,0,4.00E-05,2,230.1968217,0,2510.96629,1
2,audio,Task B ,2,3,1,0,4.00E-05,2,137.1809316,0,3062.095094,1
2,audio,Task B ,2,4,1,0,0.00041,2,215.0796199,0,3098.34632,4
2,audio,Task B ,1,2,1,0,0.00019,1,110.007773,0,2655.080105,3
2,audio,Task B ,1,2,0,0,4.00E-05,2,19.06994598,0,3038.308061,1
3,audio,Task B ,1,1,0,0,4.00E-05,2,258.7586481,0,1731.886104,1
3,audio,Task B ,1,3,0,0,0.00019,2,247.8417541,0,2694.869531,3
3,audio,Task B ,1,3,1,0,0.00019,1,44.68028166,0,2697.451912,3
3,audio,Task B ,2,2,1,0,4.00E-05,2,221.4212302,0,2420.799752,1
3,audio,Task B ,2,1,0,0,9.00E-05,1,211.2343587,0,2662.44622,2
3,audio,Task B ,2,1,1,0,9.00E-05,2,206.0457094,0,2883.81388,2
4,audio,Task B ,2,3,1,0,0.00041,2,196.4970828,0,3411.802286,4
4,audio,Task B ,1,1,1,0,9.00E-05,1,280.7489757,0,2859.644484,2
4,audio,Task B ,2,4,1,0,9.00E-05,2,252.0661264,0,1664.900363,2
4,audio,Task B ,2,1,0,0,9.00E-05,1,2.969420623,0,2871.208045,2
4,audio,Task B ,1,4,0,0,0.00019,2,352.8602209,0,3164.660392,3
4,audio,Task B ,1,1,1,0,4.00E-05,1,357.7748663,0,2427.496063,1
5,audio,Task B ,1,1,0,0,0.00019,2,88.00608332,0,2195.205427,3
5,audio,Task B ,2,2,0,0,0.00041,1,130.888521,0,2594.292944,4
5,audio,Task B ,2,1,1,0,9.00E-05,2,25.65405976,0,1732.336056,2
5,audio,Task B ,1,4,0,0,0.00019,2,221.3265759,0,2771.452534,3
5,audio,Task B ,1,2,0,0,9.00E-05,2,77.65090332,0,2683.351583,2
5,audio,Task B ,2,1,0,0,9.00E-05,1,62.63515952,0,2874.160943,2
6,audio,Task B ,1,3,1,0,0.00019,1,174.5213915,0,2760.029797,3
6,audio,Task B ,1,3,1,0,4.00E-05,1,151.0755837,0,2875.52501,1
6,audio,Task B ,1,3,1,0,0.00041,1,110.1094877,0,2640.47479,4
6,audio,Task B ,2,2,1,0,4.00E-05,2,132.2195745,0,2626.574069,1
6,audio,Task B ,2,1,1,0,4.00E-05,2,65.48608046,0,2487.050221,1
6,audio,Task B ,2,3,1,0,4.00E-05,2,306.7523406,0,1946.074342,1
7,audio,Task B ,2,4,1,0,4.00E-05,2,108.791374,0,2890.018308,1
7,audio,Task B ,1,1,1,0,4.00E-05,1,37.42556135,0,2614.687003,1
7,audio,Task B ,1,1,1,0,4.00E-05,1,211.0335269,0,2818.621242,1
7,audio,Task B ,1,4,0,0,0.00019,2,153.0499221,0,2859.984238,3
7,audio,Task B ,1,1,1,0,4.00E-05,1,127.0764899,0,2644.561004,1
7,audio,Task B ,2,4,1,0,0.00041,2,286.3894704,0,3041.596894,4
8,audio,Task B ,1,1,1,0,4.00E-05,1,260.0944596,0,2929.771307,1
8,audio,Task B ,1,2,1,0,0.00041,1,206.7682523,0,2558.913344,4
8,audio,Task B ,2,1,1,0,9.00E-05,2,238.0687856,0,2270.630925,2
8,audio,Task B ,1,1,1,0,9.00E-05,1,188.8684327,0,2791.158244,2
8,audio,Task B ,1,2,0,0,9.00E-05,2,55.62410007,0,2023.88355,2
8,audio,Task B ,2,1,1,0,0.00019,2,77.7382352,0,2633.353432,3
9,audio,Task B ,1,1,1,0,4.00E-05,1,190.0543075,0,2487.712456,1
9,audio,Task B ,1,1,1,0,9.00E-05,1,289.6529849,0,2782.129491,2
9,audio,Task B ,1,4,1,0,0.00019,1,182.477754,0,2915.999221,3
9,audio,Task B ,1,1,0,0,0.00019,2,97.48230508,0,3241.925602,3
9,audio,Task B ,2,1,1,0,4.00E-05,2,191.7177625,0,3049.442269,1
9,audio,Task B ,1,1,0,0,4.00E-05,2,262.6748535,0,3765.822415,1
10,audio,Task B ,2,1,1,0,0.00041,2,116.2256635,0,3445.200991,4
10,audio,Task B ,1,1,1,0,9.00E-05,1,36.25568588,0,2503.229947,2
10,audio,Task B ,1,1,1,0,4.00E-05,1,262.7766404,0,2622.828842,1
10,audio,Task B ,2,2,1,0,0.00041,2,236.0639721,0,2881.669544,4
10,audio,Task B ,2,2,1,0,9.00E-05,2,223.4621414,0,2533.178947,2
10,audio,Task B ,1,1,0,0,9.00E-05,2,7.307583923,0,1870.939762,2
1,audio,Task B ,2,2,1,0,4.00E-05,2,83.80232412,0,2891.617318,1
1,audio,Task B ,2,4,1,0,9.00E-05,2,164.8949541,0,3549.478557,2
1,audio,Task B ,1,2,0,0,4.00E-05,2,256.8148552,0,2628.680508,1
1,audio,Task B ,1,2,1,0,0.00041,1,64.46585402,0,2842.360082,4
1,audio,Task B ,2,3,1,0,0.00019,2,137.9928138,0,3036.990379,3
1,audio,Task B ,1,2,1,0,4.00E-05,1,303.2502396,0,2525.910375,1
2,audio,Task B ,1,3,0,0,0.00041,2,315.8889728,0,2905.71503,4
2,audio,Task B ,2,2,0,0,4.00E-05,1,283.1180605,0,2640.89146,1
2,audio,Task B ,1,2,1,0,0.00041,1,28.0233851,0,2776.805038,4
2,audio,Task B ,2,2,1,0,4.00E-05,2,250.3997666,0,3299.833305,1
2,audio,Task B ,2,1,1,0,9.00E-05,2,201.9866176,0,2174.667353,2
2,audio,Task B ,1,2,1,0,0.00019,1,23.1532787,0,2814.111551,3
3,audio,Task B ,1,2,1,0,9.00E-05,1,8.31025221,0,2613.19715,2
3,audio,Task B ,1,1,0,0,0.00041,2,358.8059155,0,2929.610091,4
3,audio,Task B ,1,2,1,0,0.00041,1,226.1538304,0,2650.608135,4
3,audio,Task B ,1,1,0,0,0.00041,2,355.7200898,0,3015.48946,4
3,audio,Task B ,1,2,1,0,9.00E-05,1,112.3879647,0,2766.265826,2
3,audio,Task B ,1,1,1,0,4.00E-05,1,103.7866943,0,2626.628484,1
4,audio,Task B ,1,1,1,0,0.00019,1,177.0869894,0,2462.692015,3
4,audio,Task B ,2,4,0,0,0.00041,1,76.80933288,0,2453.506685,4
4,audio,Task B ,1,3,1,0,0.00019,1,255.1352188,0,2708.364991,3
4,audio,Task B ,1,1,0,0,0.00019,2,184.1640737,0,3722.81517,3
4,audio,Task B ,2,3,1,0,0.00019,2,300.7452547,0,3360.255242,3
4,audio,Task B ,1,3,1,0,0.00041,1,184.7236002,0,2727.929184,4
5,audio,Task B ,1,1,1,0,9.00E-05,1,328.8504452,0,2802.611437,2
5,audio,Task B ,2,3,0,0,0.00041,1,291.7435631,0,2593.436749,4
5,audio,Task B ,1,3,1,0,9.00E-05,1,80.17574238,0,2578.262971,2
5,audio,Task B ,1,4,0,0,0.00041,2,170.3365078,0,2901.346339,4
5,audio,Task B ,2,3,1,0,9.00E-05,2,355.1980139,0,3263.507971,2
5,audio,Task B ,1,4,1,0,4.00E-05,1,64.22310737,0,2652.708539,1
6,audio,Task B ,2,2,1,0,9.00E-05,2,262.4231568,0,2025.206479,2
6,audio,Task B ,2,2,0,0,4.00E-05,1,166.4962877,0,3019.927473,1
6,audio,Task B ,1,2,1,0,4.00E-05,1,343.4521822,0,2780.743255,1
6,audio,Task B ,1,2,0,0,4.00E-05,2,88.27547937,0,2808.958612,1
6,audio,Task B ,1,3,0,0,9.00E-05,2,156.1996122,0,2802.00746,2
6,audio,Task B ,1,2,1,0,9.00E-05,1,52.27968345,0,2568.80504,2
7,audio,Task B ,1,1,1,0,0.00019,1,74.60071896,0,2692.839571,3
7,audio,Task B ,1,1,1,0,4.00E-05,1,295.0365397,0,2703.047378,1
7,audio,Task B ,1,1,0,0,4.00E-05,2,217.9792826,0,3263.882296,1
7,audio,Task B ,1,4,1,0,9.00E-05,1,159.5530977,0,2902.772232,2
7,audio,Task B ,1,4,0,0,0.00041,2,86.19011143,0,2833.810949,4
7,audio,Task B ,1,4,0,0,0.00019,2,211.6108232,0,2408.193825,3
8,audio,Task B ,2,1,1,0,9.00E-05,2,81.77520686,0,3306.519424,2
8,audio,Task B ,1,1,0,0,0.00019,2,314.4456376,0,3687.544054,3
8,audio,Task B ,1,1,1,0,0.00019,1,147.1617705,0,2605.375823,3
8,audio,Task B ,2,1,0,0,4.00E-05,1,42.20116098,0,2665.20325,1
8,audio,Task B ,2,1,1,0,4.00E-05,2,176.2447933,0,2630.314426,1
8,audio,Task B ,2,4,1,0,0.00041,2,301.9987123,0,3077.061885,4
9,audio,Task B ,1,4,1,0,9.00E-05,1,155.937435,0,2687.677211,2
9,audio,Task B ,1,4,0,0,9.00E-05,2,287.8952219,0,1952.677772,2
9,audio,Task B ,2,1,1,0,9.00E-05,2,181.2030948,0,2544.930362,2
9,audio,Task B ,1,4,1,0,0.00041,1,292.3766215,0,2369.616153,4
9,audio,Task B ,1,1,1,0,9.00E-05,1,75.40878183,0,3016.205734,2
9,audio,Task B ,2,1,0,0,4.00E-05,1,71.5874791,0,2454.311471,1
10,audio,Task B ,1,1,1,0,0.00019,1,330.4125544,0,2868.322095,3
10,audio,Task B ,2,2,1,0,0.00041,2,335.6890218,0,2967.665499,4
10,audio,Task B ,1,1,0,0,4.00E-05,2,285.2178703,0,2626.429168,1
10,audio,Task B ,1,1,0,0,0.00019,2,181.5880122,0,2587.731451,3
10,audio,Task B ,2,2,1,0,0.00019,2,111.2706324,0,3144.433942,3
10,audio,Task B ,1,1,0,0,9.00E-05,2,135.2756306,0,2973.364095,2
1,audio,Task B ,1,2,1,0,4.00E-05,1,76.57534973,0,2617.548581,1
1,audio,Task B ,2,2,1,0,0.00041,2,25.81773201,0,3005.97859,4
1,audio,Task B ,1,2,0,0,9.00E-05,2,190.5454445,0,2936.79998,2
1,audio,Task B ,2,1,1,0,4.00E-05,2,34.35984974,0,2728.476969,1
1,audio,Task B ,1,2,1,0,9.00E-05,1,337.6739356,0,2647.737001,2
1,audio,Task B ,1,2,1,0,0.00019,1,258.8313708,0,2700.318506,3
2,audio,Task B ,2,2,1,0,9.00E-05,2,240.1256339,0,2286.521803,2
2,audio,Task B ,2,2,0,0,0.00041,1,36.1941825,0,2881.880204,4
2,audio,Task B ,1,2,0,0,0.00019,2,116.9080494,0,2769.094995,3
2,audio,Task B ,1,2,0,0,4.00E-05,2,225.3643863,0,2940.290438,1
2,audio,Task B ,1,2,1,0,4.00E-05,1,302.1108448,0,2703.973037,1
2,audio,Task B ,2,2,1,0,0.00019,2,302.8894037,0,2428.858781,3
3,audio,Task B ,1,1,1,0,9.00E-05,1,338.4955317,0,2561.959379,2
3,audio,Task B ,1,2,1,0,0.00019,1,231.114643,0,2821.185793,3
3,audio,Task B ,1,1,1,0,4.00E-05,1,139.0049949,0,2576.865207,1
3,audio,Task B ,1,1,0,0,4.00E-05,2,54.50494072,0,2637.899029,1
3,audio,Task B ,1,2,1,0,4.00E-05,1,65.49304118,0,2571.892626,1
3,audio,Task B ,2,1,0,0,4.00E-05,1,106.3737635,0,2813.628739,1
4,audio,Task B ,1,2,1,0,9.00E-05,1,65.95109487,0,2686.595352,2
4,audio,Task B ,1,1,1,0,4.00E-05,1,79.72390097,0,2589.163743,1
4,audio,Task B ,2,2,0,0,9.00E-05,1,255.0290826,0,2489.42098,2
4,audio,Task B ,1,1,1,0,4.00E-05,1,192.114092,0,2738.983344,1
4,audio,Task B ,1,1,0,0,4.00E-05,2,56.77792849,0,3113.179166,1
4,audio,Task B ,1,3,1,0,0.00019,1,15.31991347,0,2759.654982,3
5,audio,Task B ,1,3,1,0,9.00E-05,1,246.5275274,0,2905.032046,2
5,audio,Task B ,1,4,0,0,0.00019,2,7.315590652,0,2627.922708,3
5,audio,Task B ,2,2,0,0,0.00041,1,122.1792969,0,2488.539992,4
5,audio,Task B ,2,1,0,0,9.00E-05,1,313.4766617,0,2593.294491,2
5,audio,Task B ,2,1,0,0,9.00E-05,1,64.86791178,0,2806.235853,2
5,audio,Task B ,1,1,0,0,4.00E-05,2,90.55706074,0,2202.287583,1
6,audio,Task B ,2,2,1,0,0.00041,2,30.21280245,0,2237.064617,4
6,audio,Task B ,1,3,0,0,4.00E-05,2,309.9567415,0,2439.785671,1
6,audio,Task B ,1,3,1,0,0.00041,1,17.49289566,0,2587.846015,4
6,audio,Task B ,1,3,1,0,0.00019,1,234.9464339,0,2657.473275,3
6,audio,Task B ,1,2,1,0,0.00041,1,10.04647406,0,2695.709105,4
6,audio,Task B ,2,3,0,0,9.00E-05,1,303.3176951,0,2933.377719,2
7,audio,Task B ,1,1,1,0,4.00E-05,1,102.4541233,0,2944.714621,1
7,audio,Task B ,2,4,0,0,0.00041,1,294.3952493,0,2848.799423,4
7,audio,Task B ,1,1,1,0,0.00019,1,152.5511655,0,2694.278154,3
7,audio,Task B ,1,1,0,0,4.00E-05,2,8.897708431,0,2239.58882,1
7,audio,Task B ,1,1,0,0,9.00E-05,2,92.6080754,0,2056.451457,2
7,audio,Task B ,1,1,1,0,4.00E-05,1,178.1876349,0,2746.244376,1
8,audio,Task B ,2,4,0,0,0.00041,1,6.862696676,0,2675.168894,4
8,audio,Task B ,2,1,0,0,9.00E-05,1,20.33640424,0,2749.00845,2
8,audio,Task B ,1,4,1,0,0.00041,1,25.98886841,0,2666.630868,4
8,audio,Task B ,1,2,0,0,9.00E-05,2,155.7646286,0,3049.271032,2
8,audio,Task B ,1,1,0,0,0.00019,2,62.47266029,0,2615.703887,3
8,audio,Task B ,2,2,1,0,0.00019,2,255.3603383,0,3074.539209,3
9,audio,Task B ,2,1,1,0,9.00E-05,2,150.9537462,0,2293.159658,2
9,audio,Task B ,2,1,1,0,9.00E-05,2,211.6454495,0,3258.575519,2
9,audio,Task B ,1,2,0,0,4.00E-05,2,58.41918207,0,3594.796877,1
9,audio,Task B ,1,4,1,0,0.00041,1,312.3393092,0,2814.675932,4
9,audio,Task B ,2,1,1,0,0.00019,2,60.45004599,0,2477.776163,3
9,audio,Task B ,1,1,1,0,9.00E-05,1,339.9701792,0,2645.890532,2
10,audio,Task B ,1,1,1,0,0.00019,1,289.3856579,0,2765.519658,3
10,audio,Task B ,2,2,1,0,0.00041,2,267.6553944,0,2267.678212,4
10,audio,Task B ,2,2,1,0,0.00019,2,311.0028983,0,3010.596484,3
10,audio,Task B ,2,1,1,0,0.00019,2,236.3565464,0,2544.315966,3
10,audio,Task B ,1,2,1,0,0.00019,1,80.95617075,0,2740.470389,3
10,audio,Task B ,2,2,1,0,0.00019,2,73.5622581,0,2968.91968,3
1,audio,Task B ,2,4,1,0,0.00019,2,130.2664977,0,2040.021996,3
1,audio,Task B ,2,2,1,0,4.00E-05,2,20.2294155,0,3675.441301,1
1,audio,Task B ,1,1,1,0,4.00E-05,1,14.52516492,0,2775.27737,1
1,audio,Task B ,1,3,0,0,0.00019,2,217.9259592,0,2709.880007,3
1,audio,Task B ,2,3,1,0,9.00E-05,2,49.51765178,0,2151.592104,2
1,audio,Task B ,1,2,1,0,0.00019,1,277.1852233,0,2631.978941,3
2,audio,Task B ,1,2,0,0,9.00E-05,2,163.6635228,0,2611.575646,2
2,audio,Task B ,1,3,0,0,0.00019,2,152.2750352,0,2591.026066,3
2,audio,Task B ,1,2,1,0,0.00041,1,153.1743162,0,2612.538358,4
2,audio,Task B ,1,2,1,0,4.00E-05,1,272.3316729,0,2925.672727,1
2,audio,Task B ,1,2,1,0,0.00041,1,222.2150379,0,2702.347337,4
2,audio,Task B ,2,3,0,0,0.00019,1,173.4784981,0,2797.280594,3
3,audio,Task B ,1,1,1,0,4.00E-05,1,249.679486,0,2588.208994,1
3,audio,Task B ,2,4,1,0,9.00E-05,2,289.423763,0,3008.589108,2
3,audio,Task B ,1,3,0,0,9.00E-05,2,263.9522333,0,2789.054731,2
3,audio,Task B ,1,2,1,0,0.00019,1,208.1377731,0,2687.176605,3
3,audio,Task B ,2,4,1,0,0.00041,2,6.234287316,0,3558.351053,4
3,audio,Task B ,2,4,0,0,9.00E-05,1,180.2865389,0,2522.870325,2
4,audio,Task B ,2,3,1,0,0.00019,2,57.50667217,0,2030.245243,3
4,audio,Task B ,1,3,0,0,9.00E-05,2,240.3772982,0,2921.745263,2
4,audio,Task B ,1,3,1,0,9.00E-05,1,140.3598882,0,2984.649084,2
4,audio,Task B ,1,2,1,0,9.00E-05,1,352.386695,0,2549.665966,2
4,audio,Task B ,1,3,1,0,0.00019,1,31.84333086,0,2758.926394,3
4,audio,Task B ,1,1,0,0,4.00E-05,2,221.9831773,0,2729.05544,1
5,audio,Task B ,2,4,1,0,0.00041,2,58.45637641,0,2202.963355,4
5,audio,Task B ,1,1,1,0,4.00E-05,1,65.76760472,0,2561.424305,1
5,audio,Task B ,1,2,1,0,0.00019,1,326.6113877,0,2820.616013,3
5,audio,Task B ,2,2,0,0,0.00041,1,71.28559826,0,2535.252292,4
5,audio,Task B ,2,4,1,0,0.00019,2,319.9786978,0,3031.546788,3
5,audio,Task B ,1,2,0,0,0.00019,2,114.9272538,0,2468.248706,3
6,audio,Task B ,1,3,0,0,4.00E-05,2,285.1197761,0,3074.644512,1
6,audio,Task B ,1,3,1,0,0.00041,1,289.8107357,0,2792.943206,4
6,audio,Task B ,2,3,0,0,9.00E-05,1,312.1571496,0,2908.689969,2
6,audio,Task B ,1,2,1,0,0.00041,1,334.5657173,0,2940.190944,4
6,audio,Task B ,1,2,1,0,0.00041,1,299.4824502,0,2776.964516,4
6,audio,Task B ,1,2,1,0,4.00E-05,1,312.0537307,0,2930.444695,1
7,audio,Task B ,1,4,0,0,4.00E-05,2,109.9157086,0,3000.816054,1
7,audio,Task B ,1,1,1,0,0.00019,1,168.5548699,0,2679.493128,3
7,audio,Task B ,1,4,1,0,0.00041,1,40.75298396,0,2553.890372,4
7,audio,Task B ,1,1,1,0,4.00E-05,1,86.14863732,0,2759.527926,1
7,audio,Task B ,1,1,1,0,0.00041,1,28.28607647,0,2753.333965,4
7,audio,Task B ,1,4,1,0,0.00019,1,107.3668993,0,2618.206429,3
8,audio,Task B ,1,1,0,0,4.00E-05,2,192.8087587,0,3381.755996,1
8,audio,Task B ,2,3,1,0,0.00041,2,241.8389847,0,3189.314619,4
8,audio,Task B ,2,4,1,0,0.00041,2,280.5512027,0,3379.739864,4
8,audio,Task B ,2,1,0,0,9.00E-05,1,304.7684219,0,2575.150724,2
8,audio,Task B ,2,1,1,0,9.00E-05,2,242.9193246,0,3563.984798,2
8,audio,Task B ,2,1,1,0,0.00019,2,268.6519761,0,2286.122801,3
9,audio,Task B ,1,1,0,0,9.00E-05,2,147.5406105,0,2928.262681,2
9,audio,Task B ,2,1,1,0,4.00E-05,2,83.21584972,0,1967.039968,1
9,audio,Task B ,2,4,0,0,0.00041,1,28.00403606,0,2607.661324,4
9,audio,Task B ,2,1,0,0,9.00E-05,1,211.3771078,0,2525.308953,2
9,audio,Task B ,2,4,1,0,0.00041,2,267.3555325,0,2761.65419,4
9,audio,Task B ,1,1,0,0,0.00041,2,305.3082461,0,1724.708907,4
10,audio,Task B ,1,1,0,0,0.00041,2,61.8153303,0,2677.473047,4
10,audio,Task B ,2,2,1,0,0.00019,2,158.9183338,0,2416.36797,3
10,audio,Task B ,1,1,1,0,4.00E-05,1,91.10541658,0,2833.296536,1
10,audio,Task B ,2,2,1,0,9.00E-05,2,18.79472323,0,3189.855005,2
10,audio,Task B ,1,1,0,0,4.00E-05,2,14.75581379,0,2898.311217,1
10,audio,Task B ,2,1,0,0,0.00041,1,22.8626603,0,2436.418388,4
1,audio,Task B ,2,4,1,0,9.00E-05,2,21.49397846,0,3113.706709,2
1,audio,Task B ,2,2,0,0,9.00E-05,1,68.31560747,0,2366.435181,2
1,audio,Task B ,1,2,1,0,9.00E-05,1,268.9105983,0,2884.635933,2
1,audio,Task B ,1,1,1,0,4.00E-05,1,257.0378579,0,2749.77614,1
1,audio,Task B ,2,2,0,0,0.00041,1,31.9812665,0,2524.50411,4
1,audio,Task B ,2,4,1,0,0.00019,2,139.0816948,0,3320.15279,3
2,audio,Task B ,2,2,1,0,4.00E-05,2,214.5530475,0,2531.37701,1
2,audio,Task B ,2,2,1,0,0.00019,2,109.0369508,0,2216.016331,3
2,audio,Task B ,2,2,1,0,4.00E-05,2,118.8350152,0,2908.928818,1
2,audio,Task B ,2,3,1,0,0.00041,2,61.93206106,0,3314.894791,4
2,audio,Task B ,1,2,0,0,9.00E-05,2,253.1495282,0,2027.710968,2
2,audio,Task B ,1,2,0,0,4.00E-05,2,63.10533092,0,2809.438286,1
3,audio,Task B ,1,3,1,0,0.00019,1,287.8940002,0,2803.588909,3
3,audio,Task B ,1,2,1,0,4.00E-05,1,282.3434034,0,2641.059161,1
3,audio,Task B ,2,4,1,0,0.00019,2,267.7637412,0,3214.376338,3
3,audio,Task B ,1,2,0,0,0.00019,2,331.2001171,0,2958.343792,3
3,audio,Task B ,1,1,0,0,4.00E-05,2,152.9220441,0,2976.849202,1
3,audio,Task B ,1,3,1,0,0.00041,1,117.8528213,0,2648.33579,4
4,audio,Task B ,2,2,1,0,0.00041,2,65.59155982,0,2599.603788,4
4,audio,Task B ,1,3,1,0,9.00E-05,1,112.9340457,0,2956.703944,2
4,audio,Task B ,1,3,1,0,0.00019,1,334.2352811,0,2806.858363,3
4,audio,Task B ,1,3,0,0,0.00019,2,350.2241406,0,2786.869737,3
4,audio,Task B ,1,3,0,0,9.00E-05,2,169.7299181,0,2612.59317,2
4,audio,Task B ,1,1,0,0,4.00E-05,2,163.9274128,0,1619.375547,1
5,audio,Task B ,2,1,1,0,4.00E-05,2,254.9451097,0,2003.0107,1
5,audio,Task B ,2,4,1,0,0.00041,2,154.8929807,0,3194.87825,4
5,audio,Task B ,1,3,0,0,0.00041,2,319.1258411,0,2670.53142,4
5,audio,Task B ,2,1,1,0,4.00E-05,2,14.14125025,0,2643.639099,1
5,audio,Task B ,1,1,0,0,4.00E-05,2,338.4460605,0,2352.610213,1
5,audio,Task B ,1,1,0,0,4.00E-05,2,54.86409487,0,2878.218079,1
6,audio,Task B ,2,2,0,0,0.00041,1,110.1561062,0,2684.343872,4
6,audio,Task B ,1,3,0,0,4.00E-05,2,324.3326044,0,2421.655502,1
6,audio,Task B ,1,3,1,0,4.00E-05,1,96.56501783,0,2681.876161,1
6,audio,Task B ,1,2,1,0,0.00041,1,49.2476133,0,2453.415605,4
6,audio,Task B ,2,3,0,0,4.00E-05,1,12.01778465,0,2619.447521,1
6,audio,Task B ,2,3,0,0,4.00E-05,1,55.57606654,0,2829.621319,1
7,audio,Task B ,2,4,1,0,0.00041,2,178.4242898,0,2500.153424,4
7,audio,Task B ,1,1,1,0,9.00E-05,1,24.86723792,0,2620.362702,2
7,audio,Task B ,2,4,0,0,0.00019,1,111.3291271,0,2665.167207,3
7,audio,Task B ,1,4,1,0,0.00041,1,70.3082331,0,2585.8665,4
7,audio,Task B ,1,1,1,0,9.00E-05,1,184.6608046,0,2477.136967,2
7,audio,Task B ,1,4,0,0,0.00041,2,252.50319,0,2631.343311,4
8,audio,Task B ,1,1,0,0,0.00019,2,286.7436633,0,2678.742942,3
8,audio,Task B ,1,1,1,0,4.00E-05,1,344.7029066,0,2883.028687,1
8,audio,Task B ,1,1,1,0,9.00E-05,1,143.8747897,0,2533.864266,2
8,audio,Task B ,2,1,0,0,4.00E-05,1,217.2144462,0,2684.599675,1
8,audio,Task B ,2,3,1,0,0.00019,2,78.87098499,0,3101.017458,3
8,audio,Task B ,2,4,0,0,0.00041,1,75.04630279,0,2557.383769,4
9,audio,Task B ,1,1,0,0,0.00019,2,232.5053518,0,1812.064896,3
9,audio,Task B ,2,1,0,0,9.00E-05,1,177.5469744,0,2612.024364,2
9,audio,Task B ,2,1,0,0,9.00E-05,1,246.8012159,0,2645.69581,2
9,audio,Task B ,1,1,0,0,4.00E-05,2,107.501582,0,2133.431664,1
9,audio,Task B ,2,1,1,0,4.00E-05,2,213.5406087,0,2032.82539,1
9,audio,Task B ,1,1,1,0,0.00019,1,134.2800255,0,2704.852248,3
10,audio,Task B ,1,1,0,0,0.00041,2,354.7147784,0,2707.166754,4
10,audio,Task B ,1,1,0,0,4.00E-05,2,163.8019521,0,2399.468469,1
10,audio,Task B ,1,1,0,0,9.00E-05,2,327.544382,0,3070.829249,2
10,audio,Task B ,1,2,1,0,4.00E-05,1,285.4633241,0,2585.848325,1
10,audio,Task B ,1,1,0,0,0.00019,2,123.2482462,0,1418.273929,3
10,audio,Task B ,1,1,1,0,4.00E-05,1,137.0542418,0,2825.368837,1
1,audio,Task B ,1,3,1,0,9.00E-05,1,331.9481732,0,2574.432509,2
1,audio,Task B ,1,2,0,0,0.00041,2,192.1008404,0,2750.83771,4
1,audio,Task B ,1,2,1,0,0.00041,1,224.3882942,0,2869.322553,4
1,audio,Task B ,1,2,0,0,0.00041,2,98.71465984,0,2590.06578,4
1,audio,Task B ,1,2,1,0,0.00041,1,42.3735394,0,2811.637939,4
1,audio,Task B ,1,2,1,0,0.00041,1,71.49439908,0,2690.714734,4
2,audio,Task B ,2,2,1,0,0.00019,2,143.600173,0,3009.746245,3
2,audio,Task B ,1,2,1,0,9.00E-05,1,185.0185236,0,2653.84315,2
2,audio,Task B ,1,2,1,0,4.00E-05,1,192.5487561,0,2665.163196,1
2,audio,Task B ,1,2,0,0,9.00E-05,2,112.2265112,0,2743.030707,2
2,audio,Task B ,2,2,1,0,0.00041,2,263.3607121,0,1984.762884,4
2,audio,Task B ,2,3,1,0,0.00019,2,244.1207916,0,2626.06749,3
3,audio,Task B ,2,3,1,0,0.00041,2,153.2918677,0,3295.429662,4
3,audio,Task B ,1,4,0,0,0.00041,2,110.0582697,0,2828.820868,4
3,audio,Task B ,1,1,1,0,4.00E-05,1,356.8883949,0,2629.138152,1
3,audio,Task B ,1,2,1,0,4.00E-05,1,88.9983735,0,2852.884278,1
3,audio,Task B ,1,4,1,0,9.00E-05,1,9.833878388,0,2618.990046,2
3,audio,Task B ,2,3,1,0,4.00E-05,2,246.7404418,0,3169.416056,1
4,audio,Task B ,1,1,0,0,9.00E-05,2,6.622052533,0,2955.545248,2
4,audio,Task B ,1,1,0,0,9.00E-05,2,252.6236127,0,3062.628566,2
4,audio,Task B ,2,4,1,0,0.00019,2,227.3224607,0,2098.23917,3
4,audio,Task B ,1,3,1,0,0.00019,1,249.9257428,0,2604.183451,3
4,audio,Task B ,2,3,1,0,9.00E-05,2,13.93002701,0,1828.452735,2
4,audio,Task B ,1,3,1,0,9.00E-05,1,175.0372717,0,2810.861034,2
5,audio,Task B ,2,1,0,0,4.00E-05,1,162.1730336,0,3008.374338,1
5,audio,Task B ,1,4,0,0,0.00041,2,19.23450792,0,2611.896504,4
5,audio,Task B ,1,4,1,0,0.00041,1,347.0326624,0,2710.390865,4
5,audio,Task B ,1,4,1,0,0.00041,1,111.7335444,0,2728.354217,4
5,audio,Task B ,1,2,0,0,0.00019,2,311.926719,0,2666.301133,3
5,audio,Task B ,1,1,0,0,4.00E-05,2,328.8194518,0,2969.158008,1
6,audio,Task B ,1,2,0,0,0.00041,2,182.3000552,0,2136.640586,4
6,audio,Task B ,2,3,0,0,0.00041,1,44.51383149,0,2811.400935,4
6,audio,Task B ,1,3,0,0,4.00E-05,2,16.23296576,0,1677.166433,1
6,audio,Task B ,2,3,1,0,0.00019,2,290.3648246,0,2211.023616,3
6,audio,Task B ,2,3,1,0,4.00E-05,2,221.179644,0,2487.692546,1
6,audio,Task B ,1,2,1,0,9.00E-05,1,194.3742597,0,2907.579432,2
7,audio,Task B ,1,4,1,0,0.00041,1,175.3869352,0,2764.266157,4
7,audio,Task B ,1,1,0,0,9.00E-05,2,168.6672421,0,2761.00841,2
7,audio,Task B ,2,1,0,0,9.00E-05,1,264.4467655,0,2709.701209,2
7,audio,Task B ,1,4,0,0,0.00041,2,185.0480645,0,2714.449333,4
7,audio,Task B ,1,1,1,0,4.00E-05,1,100.6164513,0,2675.913154,1
7,audio,Task B ,1,1,0,0,9.00E-05,2,254.348097,0,3102.702034,2
8,audio,Task B ,1,1,1,0,9.00E-05,1,245.35298,0,2583.342291,2
8,audio,Task B ,2,1,1,0,4.00E-05,2,351.2303959,0,3291.929565,1
8,audio,Task B ,1,2,1,0,0.00019,1,358.4392715,0,2642.785053,3
8,audio,Task B ,2,1,1,0,4.00E-05,2,108.1811897,0,2828.260545,1
8,audio,Task B ,1,2,1,0,0.00019,1,2.646625261,0,2610.311609,3
8,audio,Task B ,1,4,1,0,0.00041,1,117.9681293,0,2657.207991,4
9,audio,Task B ,1,1,0,0,4.00E-05,2,322.0873596,0,2547.492979,1
9,audio,Task B ,1,1,1,0,4.00E-05,1,116.1401905,0,2780.8817,1
9,audio,Task B ,1,1,1,0,9.00E-05,1,223.7536929,0,2857.690147,2
9,audio,Task B ,1,1,1,0,0.00019,1,329.5099802,0,2566.579225,3
9,audio,Task B ,1,4,0,0,9.00E-05,2,243.6001775,0,2720.016177,2
9,audio,Task B ,1,1,0,0,4.00E-05,2,118.7169493,0,2696.85132,1
10,audio,Task B ,2,1,0,0,0.00041,1,184.4506362,0,2946.191659,4
10,audio,Task B ,1,2,0,0,4.00E-05,2,336.0933569,0,2201.901524,1
10,audio,Task B ,1,1,0,0,4.00E-05,2,204.1407921,0,1970.695724,1
10,audio,Task B ,1,1,0,0,4.00E-05,2,322.2046975,0,2922.768482,1
10,audio,Task B ,1,1,1,0,9.00E-05,1,182.4210776,0,2548.283459,2
10,audio,Task B ,1,1,0,0,0.00019,2,168.0817634,0,2802.531015,3
1,audio,Task B ,1,2,1,0,4.00E-05,1,314.7190889,0,2507.563889,1
1,audio,Task B ,1,2,1,0,0.00041,1,71.49278057,0,2645.875797,4
1,audio,Task B ,1,1,0,0,4.00E-05,2,106.2108139,0,2695.553549,1
1,audio,Task B ,1,3,1,0,9.00E-05,1,347.369225,0,2787.894081,2
1,audio,Task B ,1,2,1,0,0.00019,1,213.7852761,0,2726.098764,3
1,audio,Task B ,1,1,0,0,4.00E-05,2,5.154634575,0,2683.983207,1
2,audio,Task B ,2,4,1,0,9.00E-05,2,189.7031736,0,2994.31817,2
2,audio,Task B ,1,3,0,0,9.00E-05,2,183.4760154,0,2668.808544,2
2,audio,Task B ,1,2,1,0,0.00019,1,266.2332475,0,2728.340698,3
2,audio,Task B ,1,2,1,0,9.00E-05,1,81.01581842,0,2525.548255,2
2,audio,Task B ,1,2,1,0,0.00019,1,42.44039286,0,2786.032124,3
2,audio,Task B ,2,3,1,0,0.00019,2,230.3024758,0,2327.47057,3
3,audio,Task B ,1,2,1,0,4.00E-05,1,321.5691551,0,2841.830958,1
3,audio,Task B ,2,4,1,0,0.00019,2,168.8838372,0,3502.07513,3
3,audio,Task B ,1,1,0,0,0.00041,2,222.5515743,0,1973.189894,4
3,audio,Task B ,1,1,1,0,0.00019,1,64.66559492,0,2556.218553,3
3,audio,Task B ,2,1,0,0,4.00E-05,1,303.3801687,0,2718.134491,1
3,audio,Task B ,1,3,1,0,0.00019,1,297.4854825,0,2741.6285,3
4,audio,Task B ,1,1,1,0,4.00E-05,1,353.8840214,0,2885.697224,1
4,audio,Task B ,1,1,1,0,9.00E-05,1,248.2691116,0,2616.115804,2
4,audio,Task B ,1,1,0,0,4.00E-05,2,290.2363854,0,2887.028445,1
4,audio,Task B ,1,1,1,0,4.00E-05,1,306.6510125,0,2686.922633,1
4,audio,Task B ,1,3,0,0,9.00E-05,2,25.05899678,0,3130.061728,2
4,audio,Task B ,1,1,0,0,4.00E-05,2,34.69219373,0,2832.364165,1
5,audio,Task B ,1,1,0,0,4.00E-05,2,78.54610767,0,2766.460846,1
5,audio,Task B ,2,4,1,0,0.00019,2,337.5650712,0,2243.296559,3
5,audio,Task B ,1,2,1,0,0.00019,1,321.423838,0,2804.534943,3
5,audio,Task B ,1,3,1,0,0.00041,1,305.6377024,0,2789.282074,4
5,audio,Task B ,1,1,1,0,9.00E-05,1,107.3294331,0,2544.331541,2
5,audio,Task B ,2,1,1,0,4.00E-05,2,118.6391963,0,2878.206493,1
6,audio,Task B ,1,3,1,0,9.00E-05,1,105.7643059,0,2873.126915,2
6,audio,Task B ,2,3,1,0,0.00041,2,142.515696,0,2267.988485,4
6,audio,Task B ,2,3,0,0,0.00019,1,274.1108406,0,2665.00251,3
6,audio,Task B ,1,2,1,0,4.00E-05,1,63.47269182,0,2693.267084,1
6,audio,Task B ,1,2,1,0,4.00E-05,1,177.8610977,0,2669.559795,1
6,audio,Task B ,1,3,1,0,0.00041,1,43.4623526,0,2414.922478,4
7,audio,Task B ,1,4,0,0,9.00E-05,2,355.4235961,0,3018.930352,2
7,audio,Task B ,1,4,0,0,9.00E-05,2,279.492998,0,2783.70771,2
7,audio,Task B ,1,4,0,0,9.00E-05,2,196.0805955,0,2900.949019,2
7,audio,Task B ,1,4,0,0,0.00019,2,271.0412697,0,2872.518167,3
7,audio,Task B ,1,1,0,0,9.00E-05,2,288.2279257,0,2686.798433,2
7,audio,Task B ,2,4,1,0,0.00041,2,178.0376954,0,2789.734634,4
8,audio,Task B ,1,4,1,0,0.00041,1,293.5961737,0,2593.035571,4
8,audio,Task B ,2,2,0,0,4.00E-05,1,246.4682855,0,2842.712582,1
8,audio,Task B ,1,1,1,0,9.00E-05,1,128.7724176,0,2485.497297,2
8,audio,Task B ,1,1,1,0,0.00019,1,124.7639633,0,2705.662718,3
8,audio,Task B ,1,1,1,0,0.00019,1,151.4553715,0,2510.802649,3
8,audio,Task B ,2,4,1,0,0.00019,2,170.2530694,0,3218.500652,3
9,audio,Task B ,1,4,1,0,0.00019,1,286.3963005,0,2779.858387,3
9,audio,Task B ,1,4,0,0,0.00019,2,342.1169844,0,2668.524267,3
9,audio,Task B ,1,1,1,0,0.00019,1,39.34622674,0,2607.654021,3
9,audio,Task B ,1,4,1,0,0.00041,1,226.3979479,0,2549.875698,4
9,audio,Task B ,1,4,1,0,0.00041,1,15.58110062,0,2782.542793,4
9,audio,Task B ,1,1,0,0,0.00019,2,4.133746692,0,2567.397735,3
10,audio,Task B ,1,1,1,0,4.00E-05,1,250.175644,0,2749.823318,1
10,audio,Task B ,2,1,0,0,9.00E-05,1,226.1295355,0,2751.741811,2
10,audio,Task B ,1,1,1,0,0.00019,1,307.9693748,0,2906.376958,3
10,audio,Task B ,2,1,0,0,9.00E-05,1,289.3172235,0,2624.176768,2
10,audio,Task B ,2,2,1,0,4.00E-05,2,118.5157,0,2735.934022,1
10,audio,Task B ,1,1,0,0,0.00041,2,162.8357884,0,2685.674333,4
1,audio,Task B ,1,1,0,0,0.00041,2,295.9256305,0,2888.890699,4
1,audio,Task B ,1,2,1,0,0.00041,1,220.2728931,0,2687.367515,4
1,audio,Task B ,2,1,0,0,0.00041,1,348.3518317,0,2674.420444,4
1,audio,Task B ,1,1,1,0,4.00E-05,1,328.8329549,0,2752.001707,1
1,audio,Task B ,2,3,1,0,4.00E-05,2,217.5388356,0,1659.657187,1
1,audio,Task B ,1,2,1,0,0.00041,1,100.9921948,0,2726.517584,4
2,audio,Task B ,2,2,1,0,9.00E-05,2,205.9156041,0,3139.707444,2
2,audio,Task B ,1,2,1,0,0.00019,1,128.5762738,0,2718.965604,3
2,audio,Task B ,1,2,0,0,0.00019,2,146.7058955,0,2919.594761,3
2,audio,Task B ,2,3,0,0,0.00041,1,57.72006861,0,2790.931709,4
2,audio,Task B ,2,1,0,0,9.00E-05,1,71.09417932,0,2511.577808,2
2,audio,Task B ,1,3,1,0,0.00041,1,123.993177,0,2792.697042,4
3,audio,Task B ,1,2,0,0,0.00041,2,269.2399571,0,2896.654731,4
3,audio,Task B ,1,2,1,0,0.00019,1,289.2527223,0,2838.989672,3
3,audio,Task B ,2,2,0,0,9.00E-05,1,305.0465252,0,2774.985749,2
3,audio,Task B ,1,4,1,0,0.00019,1,65.13671765,0,2697.702577,3
3,audio,Task B ,2,3,0,0,0.00019,1,348.9347956,0,2548.348307,3
3,audio,Task B ,1,1,1,0,4.00E-05,1,257.4223907,0,2831.086803,1
4,audio,Task B ,2,2,1,0,0.00019,2,185.4399046,0,1887.927828,3
4,audio,Task B ,1,3,1,0,0.00019,1,113.3294659,0,2879.399225,3
4,audio,Task B ,1,3,1,0,0.00041,1,321.4125542,0,2861.898238,4
4,audio,Task B ,2,4,1,0,0.00041,2,227.588263,0,1890.224393,4
4,audio,Task B ,2,4,1,0,9.00E-05,2,237.3055133,0,2125.897949,2
4,audio,Task B ,1,3,0,0,0.00041,2,50.08099926,0,3684.434908,4
5,audio,Task B ,2,1,1,0,4.00E-05,2,341.8093157,0,2707.086976,1
5,audio,Task B ,2,4,1,0,0.00041,2,8.745826431,0,3090.017361,4
5,audio,Task B ,1,3,0,0,0.00041,2,63.48677755,0,2590.904561,4
5,audio,Task B ,2,1,0,0,4.00E-05,1,196.264259,0,2661.147776,1
5,audio,Task B ,2,1,0,0,4.00E-05,1,24.41527866,0,2669.306009,1
5,audio,Task B ,2,4,1,0,0.00019,2,31.20045485,0,2160.318187,3
6,audio,Task B ,1,2,1,0,4.00E-05,1,38.38943385,0,2535.102019,1
6,audio,Task B ,1,3,0,0,9.00E-05,2,130.9938688,0,3145.090496,2
6,audio,Task B ,2,3,1,0,4.00E-05,2,63.40785754,0,3067.216758,1
6,audio,Task B ,2,2,0,0,0.00019,1,194.9102554,0,3046.319071,3
6,audio,Task B ,1,3,1,0,9.00E-05,1,278.3720686,0,2912.112008,2
6,audio,Task B ,1,2,1,0,9.00E-05,1,55.05317721,0,2713.464114,2
7,audio,Task B ,1,1,1,0,9.00E-05,1,250.3669728,0,2727.215129,2
7,audio,Task B ,1,1,0,0,9.00E-05,2,305.0921194,0,3098.642891,2
7,audio,Task B ,2,4,0,0,0.00041,1,317.7502654,0,2653.536458,4
7,audio,Task B ,1,4,1,0,9.00E-05,1,247.1600033,0,2803.724115,2
7,audio,Task B ,2,4,1,0,9.00E-05,2,37.32009605,0,3294.202669,2
7,audio,Task B ,1,1,1,0,4.00E-05,1,138.6661995,0,2663.104753,1
8,audio,Task B ,1,1,0,0,9.00E-05,2,74.27532188,0,2637.381115,2
8,audio,Task B ,1,1,1,0,0.00019,1,248.9410619,0,2583.660523,3
8,audio,Task B ,1,1,1,0,9.00E-05,1,315.2927627,0,2530.467637,2
8,audio,Task B ,2,4,1,0,0.00019,2,20.10866279,0,3395.813885,3
8,audio,Task B ,2,4,1,0,0.00041,2,58.9960889,0,3180.42779,4
8,audio,Task B ,1,4,1,0,0.00041,1,229.1988882,0,2860.11325,4
9,audio,Task B ,1,1,1,0,9.00E-05,1,42.74231294,0,2901.535318,2
9,audio,Task B ,1,1,1,0,4.00E-05,1,279.5622091,0,2619.79117,1
9,audio,Task B ,1,1,0,0,0.00041,2,104.2184757,0,2240.507241,4
9,audio,Task B ,2,1,1,0,4.00E-05,2,24.08977375,0,2088.65855,1
9,audio,Task B ,2,4,0,0,0.00019,1,304.3154116,0,2689.431035,3
9,audio,Task B ,2,4,1,0,0.00041,2,208.7910958,0,3414.510116,4
10,audio,Task B ,2,1,1,0,0.00041,2,323.359843,0,2341.784673,4
10,audio,Task B ,1,1,0,0,4.00E-05,2,134.2687301,0,2798.085736,1
10,audio,Task B ,1,1,1,0,4.00E-05,1,129.4631899,0,2659.797063,1
10,audio,Task B ,1,2,0,0,9.00E-05,2,342.9299027,0,1579.646686,2
10,audio,Task B ,1,1,1,0,0.00019,1,54.43283496,0,2827.893431,3
10,audio,Task B ,1,1,0,0,4.00E-05,2,242.4153867,0,1899.020897,1
1,audio,Task B ,2,2,1,0,9.00E-05,2,351.5560347,0,2503.643304,2
1,audio,Task B ,1,2,0,0,9.00E-05,2,257.1544829,0,2606.121208,2
1,audio,Task B ,1,2,1,0,0.00041,1,123.1835269,0,2925.210216,4
1,audio,Task B ,2,1,1,0,4.00E-05,2,277.3758075,0,2585.72055,1
1,audio,Task B ,1,2,1,0,0.00041,1,226.5135479,0,2771.530231,4
1,audio,Task B ,1,2,0,0,0.00041,2,245.8250629,0,2669.652245,4
2,audio,Task B ,1,3,0,0,0.00041,2,184.1642661,0,2285.631127,4
2,audio,Task B ,2,4,1,0,0.00041,2,342.4142576,0,3597.641814,4
2,audio,Task B ,1,2,1,0,0.00041,1,241.3987008,0,2612.041443,4
2,audio,Task B ,2,2,0,0,4.00E-05,1,270.619125,0,2525.781659,1
2,audio,Task B ,1,2,1,0,9.00E-05,1,359.9007326,0,2508.085081,2
2,audio,Task B ,2,1,1,0,0.00019,2,356.889509,0,1960.465926,3
3,audio,Task B ,1,2,0,0,9.00E-05,2,240.0078223,0,2802.341495,2
3,audio,Task B ,2,2,0,0,9.00E-05,1,216.5530545,0,2626.329908,2
3,audio,Task B ,1,1,1,0,9.00E-05,1,58.84979705,0,2648.206191,2
3,audio,Task B ,2,4,1,0,4.00E-05,2,71.35255643,0,2053.814129,1
3,audio,Task B ,2,2,1,0,0.00019,2,40.58272472,0,2831.362148,3
3,audio,Task B ,1,4,1,0,0.00019,1,283.8875027,0,2706.614685,3
4,audio,Task B ,1,1,0,0,9.00E-05,2,329.5211986,0,2786.446926,2
4,audio,Task B ,1,3,1,0,0.00019,1,311.5830328,0,2561.177135,3
4,audio,Task B ,1,3,0,0,0.00041,2,180.6903486,0,2267.886092,4
4,audio,Task B ,1,1,0,0,4.00E-05,2,301.4688049,0,2626.900589,1
4,audio,Task B ,1,1,1,0,4.00E-05,1,258.4189111,0,2850.918961,1
4,audio,Task B ,2,2,0,0,4.00E-05,1,186.1439207,0,2504.844116,1
5,audio,Task B ,1,3,1,0,0.00041,1,258.7128648,0,2635.338616,4
5,audio,Task B ,1,4,0,0,0.00041,2,96.77274679,0,2650.932121,4
5,audio,Task B ,1,1,0,0,9.00E-05,2,48.024679,0,2638.891669,2
5,audio,Task B ,2,2,0,0,0.00041,1,46.82044049,0,2554.991642,4
5,audio,Task B ,2,1,1,0,4.00E-05,2,35.87708249,0,3731.456941,1
5,audio,Task B ,2,1,1,0,9.00E-05,2,292.5781765,0,2190.990077,2
6,audio,Task B ,2,3,1,0,0.00041,2,327.1993866,0,1351.079168,4
6,audio,Task B ,1,3,1,0,0.00019,1,52.04722495,0,2613.621753,3
6,audio,Task B ,2,3,0,0,0.00041,1,312.3011118,0,2692.357256,4
6,audio,Task B ,2,3,0,0,9.00E-05,1,225.4440084,0,2799.086941,2
6,audio,Task B ,1,2,1,0,0.00041,1,183.9760123,0,2986.249273,4
6,audio,Task B ,2,2,0,0,0.00019,1,306.434773,0,2805.808816,3
7,audio,Task B ,1,1,1,0,9.00E-05,1,0.940716392,0,2632.114074,2
7,audio,Task B ,1,4,1,0,4.00E-05,1,109.9858596,0,2446.672207,1
7,audio,Task B ,1,1,1,0,4.00E-05,1,312.79637,0,2526.940871,1
7,audio,Task B ,1,1,1,0,4.00E-05,1,306.2531299,0,2551.884743,1
7,audio,Task B ,1,4,1,0,0.00041,1,11.25968442,0,2752.468927,4
7,audio,Task B ,1,1,1,0,4.00E-05,1,151.3814216,0,2767.066738,1
8,audio,Task B ,1,1,1,0,9.00E-05,1,115.6772898,0,2707.193395,2
8,audio,Task B ,2,1,0,0,9.00E-05,1,156.0714096,0,2734.759025,2
8,audio,Task B ,1,2,1,0,4.00E-05,1,155.3994786,0,2650.368178,1
8,audio,Task B ,2,1,0,0,9.00E-05,1,119.2121533,0,2619.656083,2
8,audio,Task B ,2,1,0,0,9.00E-05,1,164.9348155,0,2592.578877,2
8,audio,Task B ,1,4,1,0,0.00019,1,9.166586766,0,2725.109784,3
9,audio,Task B ,1,1,0,0,9.00E-05,2,190.7924351,0,2104.799796,2
9,audio,Task B ,2,4,0,0,0.00041,1,18.19415425,0,2750.290999,4
9,audio,Task B ,2,1,0,0,9.00E-05,1,310.024503,0,2739.753751,2
9,audio,Task B ,1,4,1,0,0.00019,1,268.8659083,0,2843.681479,3
9,audio,Task B ,1,4,0,0,0.00041,2,107.4380982,0,2952.658699,4
9,audio,Task B ,2,4,1,0,9.00E-05,2,77.65672307,0,1703.820483,2
10,audio,Task B ,1,1,0,0,9.00E-05,2,314.6751896,0,2327.743142,2
10,audio,Task B ,1,1,1,0,9.00E-05,1,273.5227595,0,2575.242739,2
10,audio,Task B ,1,1,0,0,4.00E-05,2,63.34986629,0,2917.402324,1
10,audio,Task B ,1,1,1,0,4.00E-05,1,205.7574013,0,2628.073446,1
10,audio,Task B ,2,1,0,0,0.00041,1,188.2577063,0,2740.947844,4
10,audio,Task B ,1,1,1,0,0.00019,1,62.38523585,0,2739.976688,3
1,audio,Task B ,1,2,1,0,9.00E-05,1,34.39503876,0,2737.65045,2
1,audio,Task B ,1,2,1,0,9.00E-05,1,282.7371842,0,2701.671975,2
1,audio,Task B ,2,1,1,0,4.00E-05,2,247.9184605,0,2687.813965,1
1,audio,Task B ,2,2,1,0,0.00019,2,180.5122193,0,2989.980688,3
1,audio,Task B ,1,2,1,0,0.00041,1,237.512116,0,2803.572204,4
1,audio,Task B ,1,2,1,0,0.00019,1,228.5166252,0,2658.158117,3
2,audio,Task B ,1,3,1,0,0.00041,1,78.74293658,0,2729.010876,4
2,audio,Task B ,1,3,1,0,4.00E-05,1,222.3275312,0,2468.776314,1
2,audio,Task B ,1,2,1,0,4.00E-05,1,119.3839531,0,2769.184727,1
2,audio,Task B ,1,2,1,0,0.00041,1,238.8518948,0,2647.738411,4
2,audio,Task B ,1,2,0,0,0.00041,2,18.54547094,0,2843.973333,4
2,audio,Task B ,1,2,1,0,0.00041,1,53.97812406,0,2820.701409,4
3,audio,Task B ,1,3,1,0,4.00E-05,1,51.92489756,0,2707.793207,1
3,audio,Task B ,2,4,1,0,9.00E-05,2,343.0321868,0,1981.303164,2
3,audio,Task B ,1,3,0,0,4.00E-05,2,1.724005477,0,2660.335587,1
3,audio,Task B ,1,1,0,0,0.00041,2,104.3853898,0,2829.119667,4
3,audio,Task B ,1,3,1,0,0.00019,1,99.55852613,0,2698.125057,3
3,audio,Task B ,2,4,1,0,9.00E-05,2,41.81039149,0,3338.677519,2
4,audio,Task B ,1,1,1,0,4.00E-05,1,276.8556553,0,2981.44967,1
4,audio,Task B ,1,1,1,0,4.00E-05,1,155.1945472,0,2718.255491,1
4,audio,Task B ,1,3,1,0,0.00019,1,321.0727406,0,2641.723558,3
4,audio,Task B ,2,3,1,0,0.00019,2,354.69059,0,2138.233437,3
4,audio,Task B ,1,1,1,0,9.00E-05,1,83.1919081,0,2719.791141,2
4,audio,Task B ,1,1,0,0,4.00E-05,2,220.7454576,0,3026.35417,1
5,audio,Task B ,1,2,1,0,4.00E-05,1,190.842094,0,2774.257035,1
5,audio,Task B ,2,4,1,0,0.00041,2,305.8141951,0,3394.9241,4
5,audio,Task B ,1,3,1,0,0.00019,1,132.060083,0,2839.282867,3
5,audio,Task B ,1,1,1,0,0.00019,1,166.639778,0,2622.338449,3
5,audio,Task B ,1,3,1,0,0.00041,1,158.3543839,0,2717.127752,4
5,audio,Task B ,1,1,0,0,4.00E-05,2,108.7268146,0,2448.460587,1
6,audio,Task B ,2,2,1,0,0.00019,2,311.179031,0,2228.030532,3
6,audio,Task B ,2,3,0,0,4.00E-05,1,19.53930277,0,2764.270114,1
6,audio,Task B ,1,3,0,0,4.00E-05,2,289.8181252,0,2861.248681,1
6,audio,Task B ,1,3,0,0,0.00019,2,127.2702445,0,2805.38806,3
6,audio,Task B ,2,2,0,0,4.00E-05,1,35.77527401,0,2894.532771,1
6,audio,Task B ,1,2,0,0,4.00E-05,2,206.0814853,0,3670.76704,1
7,audio,Task B ,1,4,0,0,0.00041,2,276.7037537,0,2139.322454,4
7,audio,Task B ,1,1,1,0,4.00E-05,1,329.5129923,0,2712.232231,1
7,audio,Task B ,1,4,0,0,0.00019,2,167.9711254,0,1170.697828,3
7,audio,Task B ,2,4,1,0,0.00041,2,86.91083613,0,1890.980543,4
7,audio,Task B ,1,1,0,0,4.00E-05,2,93.49712983,0,2584.470385,1
7,audio,Task B ,1,4,0,0,4.00E-05,2,352.9301115,0,2865.749349,1
8,audio,Task B ,1,4,1,0,0.00019,1,219.1883595,0,2828.819741,3
8,audio,Task B ,1,4,1,0,0.00041,1,38.85023406,0,2403.769496,4
8,audio,Task B ,1,1,0,0,0.00019,2,228.038083,0,2737.023514,3
8,audio,Task B ,1,1,0,0,9.00E-05,2,179.8102388,0,2512.870771,2
8,audio,Task B ,1,1,0,0,4.00E-05,2,350.8024373,0,2737.318667,1
8,audio,Task B ,2,3,1,0,0.00019,2,168.8738696,0,2674.011349,3
9,audio,Task B ,1,1,0,0,0.00019,2,88.4897544,0,2853.20152,3
9,audio,Task B ,2,2,0,0,0.00019,1,154.4575057,0,2921.373155,3
9,audio,Task B ,1,1,1,0,4.00E-05,1,280.9187119,0,2622.834638,1
9,audio,Task B ,2,4,1,0,0.00041,2,128.8490023,0,2356.422415,4
9,audio,Task B ,2,1,0,0,4.00E-05,1,97.10751379,0,2303.597632,1
9,audio,Task B ,2,1,0,0,4.00E-05,1,135.0000676,0,2713.019878,1
10,audio,Task B ,1,1,1,0,0.00019,1,359.8897441,0,2677.855765,3
10,audio,Task B ,2,2,0,0,4.00E-05,1,28.18534109,0,2749.862839,1
10,audio,Task B ,1,1,0,0,4.00E-05,2,74.27129634,0,2553.811817,1
10,audio,Task B ,1,1,1,0,0.00041,1,201.2403294,0,2826.483263,4
10,audio,Task B ,2,2,1,0,0.00041,2,170.5054876,0,1673.383791,4
10,audio,Task B ,1,1,0,0,4.00E-05,2,47.73136974,0,2662.148741,1
1,audio,Task B ,1,2,1,0,0.00041,1,349.6227444,0,2660.49743,4
1,audio,Task B ,2,4,1,0,0.00041,2,281.4803468,0,3247.595497,4
1,audio,Task B ,2,3,1,0,0.00019,2,291.048832,0,3330.607617,3
1,audio,Task B ,2,3,0,0,0.00041,1,58.01939234,0,2868.296082,4
1,audio,Task B ,1,2,1,0,4.00E-05,1,104.7221379,0,2533.100113,1
1,audio,Task B ,1,2,1,0,0.00019,1,340.2675311,0,2756.523577,3
2,audio,Task B ,2,2,0,0,9.00E-05,1,243.4575557,0,2415.577097,2
2,audio,Task B ,1,2,1,0,9.00E-05,1,347.464522,0,2623.676755,2
2,audio,Task B ,1,2,1,0,0.00019,1,161.0253918,0,2757.968394,3
2,audio,Task B ,2,2,0,0,0.00041,1,346.3551762,0,2739.012345,4
2,audio,Task B ,1,2,1,0,0.00019,1,113.8067018,0,2500.504394,3
2,audio,Task B ,1,2,1,0,0.00019,1,27.89134612,0,2794.157201,3
3,audio,Task B ,2,3,1,0,4.00E-05,2,180.4521449,0,3259.968547,1
3,audio,Task B ,1,3,1,0,9.00E-05,1,39.62215235,0,2516.934413,2
3,audio,Task B ,2,3,1,0,4.00E-05,2,209.3857832,0,3300.386957,1
3,audio,Task B ,2,1,0,0,0.00041,1,40.91936067,0,2605.915045,4
3,audio,Task B ,1,3,1,0,0.00041,1,182.3873382,0,2693.511331,4
3,audio,Task B ,2,4,1,0,0.00019,2,139.1503915,0,2429.104942,3
4,audio,Task B ,1,1,1,0,9.00E-05,1,226.941824,0,2602.351607,2
4,audio,Task B ,1,1,1,0,4.00E-05,1,290.0979162,0,2839.914284,1
4,audio,Task B ,1,3,1,0,0.00019,1,218.8859082,0,2587.6828,3
4,audio,Task B ,1,1,0,0,9.00E-05,2,84.89717856,0,3222.098508,2
4,audio,Task B ,1,3,1,0,9.00E-05,1,199.6036959,0,2888.335215,2
4,audio,Task B ,1,3,0,0,0.00041,2,352.6527185,0,3253.111228,4
5,audio,Task B ,2,1,0,0,4.00E-05,1,269.6552175,0,2722.850495,1
5,audio,Task B ,2,4,1,0,0.00019,2,66.57912953,0,1919.471829,3
5,audio,Task B ,2,1,1,0,4.00E-05,2,51.39333147,0,2285.096336,1
5,audio,Task B ,1,4,0,0,0.00019,2,359.3021006,0,2871.232445,3
5,audio,Task B ,1,4,1,0,0.00019,1,68.99929133,0,2697.699438,3
5,audio,Task B ,1,3,1,0,0.00019,1,119.8646874,0,2661.32574,3
6,audio,Task B ,1,2,1,0,0.00041,1,24.95763698,0,2696.77212,4
6,audio,Task B ,1,3,0,0,9.00E-05,2,39.9811203,0,3160.518198,2
6,audio,Task B ,2,3,0,0,0.00041,1,230.6728982,0,2590.841607,4
6,audio,Task B ,2,2,1,0,0.00041,2,0.654566847,0,1663.110056,4
6,audio,Task B ,2,3,1,0,0.00019,2,167.0826208,0,3265.985386,3
6,audio,Task B ,1,3,0,0,9.00E-05,2,157.8617071,0,3103.524557,2
7,audio,Task B ,2,4,1,0,0.00019,2,12.30939743,0,2257.429644,3
7,audio,Task B ,2,4,1,0,0.00041,2,146.6672387,0,1937.529965,4
7,audio,Task B ,1,1,0,0,9.00E-05,2,83.52161482,0,2674.534369,2
7,audio,Task B ,1,1,0,0,4.00E-05,2,336.6176817,0,3016.439272,1
7,audio,Task B ,1,4,1,0,0.00019,1,166.2359409,0,2510.061732,3
7,audio,Task B ,1,4,1,0,0.00041,1,350.8623132,0,2765.326702,4
8,audio,Task B ,1,1,0,0,9.00E-05,2,341.0983781,0,2853.358863,2
8,audio,Task B ,1,1,1,0,0.00019,1,347.5729025,0,2752.821629,3
8,audio,Task B ,1,2,1,0,0.00041,1,125.0442267,0,2515.041586,4
8,audio,Task B ,1,4,1,0,0.00041,1,10.93756556,0,2847.989303,4
8,audio,Task B ,1,4,1,0,0.00041,1,27.94318105,0,2764.621017,4
8,audio,Task B ,1,1,1,0,9.00E-05,1,34.51891017,0,2804.063311,2
9,audio,Task B ,1,1,0,0,9.00E-05,2,7.833708362,0,1511.226346,2
9,audio,Task B ,2,2,0,0,9.00E-05,1,237.9125585,0,2689.726799,2
9,audio,Task B ,1,1,1,0,4.00E-05,1,177.6725654,0,2816.19092,1
9,audio,Task B ,1,1,1,0,0.00019,1,155.4522526,0,2557.156283,3
9,audio,Task B ,1,1,1,0,4.00E-05,1,272.8067579,0,2658.822908,1
9,audio,Task B ,2,1,0,0,0.00019,1,6.127968726,0,2646.549022,3
10,audio,Task B ,1,1,1,0,0.00041,1,315.6114313,0,2868.501859,4
10,audio,Task B ,2,2,0,0,0.00019,1,187.1310497,0,2805.727745,3
10,audio,Task B ,1,1,0,0,0.00019,2,210.8527848,0,2682.2582,3
10,audio,Task B ,2,2,1,0,0.00019,2,336.2116467,0,2336.580904,3
10,audio,Task B ,2,2,1,0,0.00041,2,215.7557133,0,2400.990279,4
10,audio,Task B ,1,1,1,0,9.00E-05,1,0.253413936,0,2934.811671,2
1,audio,Task B ,2,2,1,0,0.00019,2,13.27887581,0,2757.286333,3
1,audio,Task B ,1,2,1,0,0.00019,1,241.9670803,0,2629.329346,3
1,audio,Task B ,2,1,1,0,9.00E-05,2,307.0805384,0,2436.695288,2
1,audio,Task B ,2,2,0,0,0.00041,1,159.4597524,0,2639.145164,4
1,audio,Task B ,2,2,1,0,9.00E-05,2,44.15212693,0,2598.974661,2
1,audio,Task B ,1,2,1,0,0.00019,1,213.4111678,0,2808.67301,3
2,audio,Task B ,1,3,0,0,4.00E-05,2,297.8616632,0,3115.449807,1
2,audio,Task B ,1,4,0,0,0.00041,2,300.6717884,0,2035.795524,4
2,audio,Task B ,2,3,1,0,0.00041,2,52.64675488,0,2950.408569,4
2,audio,Task B ,1,3,1,0,0.00041,1,185.2027268,0,2767.139895,4
2,audio,Task B ,1,2,1,0,4.00E-05,1,87.43667514,0,2772.352116,1
2,audio,Task B ,2,4,1,0,0.00041,2,230.1263635,0,2488.532355,4
3,audio,Task B ,2,4,1,0,0.00041,2,65.74290014,0,4242.572723,4
3,audio,Task B ,1,3,1,0,4.00E-05,1,133.0991611,0,2720.460235,1
3,audio,Task B ,1,4,1,0,0.00041,1,201.8941706,0,2631.060379,4
3,audio,Task B ,1,1,1,0,0.00019,1,105.7887449,0,2594.846815,3
3,audio,Task B ,1,1,1,0,9.00E-05,1,272.8620928,0,2793.063114,2
3,audio,Task B ,1,4,1,0,0.00019,1,25.26410895,0,2675.217993,3
4,audio,Task B ,1,2,1,0,9.00E-05,1,74.57577054,0,2830.204961,2
4,audio,Task B ,2,1,0,0,4.00E-05,1,97.86889819,0,2411.427511,1
4,audio,Task B ,1,3,0,0,0.00019,2,128.2812439,0,2686.42033,3
4,audio,Task B ,1,2,0,0,4.00E-05,2,280.4759318,0,1549.890459,1
4,audio,Task B ,1,2,1,0,9.00E-05,1,221.6321938,0,2618.960427,2
4,audio,Task B ,1,3,1,0,9.00E-05,1,59.80098695,0,2732.871746,2
5,audio,Task B ,2,3,0,0,0.00041,1,252.1236948,0,2764.876245,4
5,audio,Task B ,1,4,0,0,0.00019,2,333.5638684,0,2713.566152,3
5,audio,Task B ,1,1,0,0,9.00E-05,2,328.727112,0,2564.580413,2
5,audio,Task B ,1,1,0,0,9.00E-05,2,160.4942161,0,1362.42299,2
5,audio,Task B ,2,2,0,0,9.00E-05,1,152.5455597,0,2633.634632,2
5,audio,Task B ,2,1,0,0,4.00E-05,1,98.84295133,0,2752.364417,1
6,audio,Task B ,2,3,1,0,9.00E-05,2,99.40939625,0,2708.172053,2
6,audio,Task B ,2,3,1,0,0.00019,2,140.9018523,0,2586.962876,3
6,audio,Task B ,1,3,1,0,0.00019,1,224.6533857,0,2743.844199,3
6,audio,Task B ,1,3,0,0,0.00019,2,206.2861469,0,2835.370726,3
6,audio,Task B ,2,1,0,0,9.00E-05,1,155.8969166,0,2511.821298,2
6,audio,Task B ,2,2,1,0,9.00E-05,2,200.9397134,0,3101.530064,2
7,audio,Task B ,1,1,0,0,9.00E-05,2,312.6084347,0,2851.433385,2
7,audio,Task B ,1,4,0,0,0.00019,2,61.7564087,0,3272.170699,3
7,audio,Task B ,1,4,1,0,0.00019,1,317.1576418,0,2621.294664,3
7,audio,Task B ,1,4,0,0,9.00E-05,2,27.49681734,0,2871.462129,2
7,audio,Task B ,2,4,1,0,0.00019,2,104.4401705,0,2851.79313,3
7,audio,Task B ,1,1,0,0,0.00019,2,131.7738857,0,2802.193124,3
8,audio,Task B ,1,4,1,0,0.00041,1,322.9445202,0,2728.89391,4
8,audio,Task B ,1,1,1,0,0.00041,1,151.6374065,0,2723.445632,4
8,audio,Task B ,1,2,0,0,9.00E-05,2,262.5010687,0,2311.526042,2
8,audio,Task B ,2,1,0,0,9.00E-05,1,179.7573307,0,2814.872515,2
8,audio,Task B ,1,1,0,0,4.00E-05,2,183.3290108,0,2426.256992,1
8,audio,Task B ,2,4,1,0,0.00041,2,27.20515985,0,1945.631725,4
9,audio,Task B ,2,1,0,0,9.00E-05,1,29.22322298,0,2625.830089,2
9,audio,Task B ,1,1,0,0,0.00019,2,152.9600112,0,2380.153728,3
9,audio,Task B ,2,4,1,0,0.00041,2,19.23304383,0,3472.151774,4
9,audio,Task B ,2,1,0,0,4.00E-05,1,115.9078144,0,2577.480418,1
9,audio,Task B ,1,4,0,0,9.00E-05,2,242.9917465,0,2674.171735,2
9,audio,Task B ,1,1,0,0,4.00E-05,2,49.77474112,0,1605.613638,1
10,audio,Task B ,1,2,0,0,0.00041,2,202.8792483,0,2599.892477,4
10,audio,Task B ,1,1,1,0,0.00019,1,53.06732611,0,2528.753336,3
10,audio,Task B ,1,1,1,0,4.00E-05,1,300.9133944,0,2658.99039,1
10,audio,Task B ,2,1,0,0,0.00041,1,277.5335266,0,2522.612655,4
10,audio,Task B ,1,2,1,0,0.00019,1,53.41540741,0,2820.931691,3
10,audio,Task B ,1,1,1,0,4.00E-05,1,248.8169285,0,2724.737251,1
1,audio,Task B ,2,4,1,0,0.00019,2,24.37455572,0,2382.070679,3
1,audio,Task B ,2,3,1,0,0.00019,2,208.9543493,0,2417.294225,3
1,audio,Task B ,1,2,1,0,0.00019,1,194.161107,0,2656.023198,3
1,audio,Task B ,2,1,1,0,4.00E-05,2,119.5723662,0,2788.458584,1
1,audio,Task B ,2,1,1,0,4.00E-05,2,223.3703797,0,2455.474168,1
1,audio,Task B ,1,2,1,0,4.00E-05,1,6.359671989,0,2862.570641,1
2,audio,Task B ,2,1,0,0,4.00E-05,1,201.9177951,0,2607.607256,1
2,audio,Task B ,2,2,1,0,9.00E-05,2,221.8090242,0,3141.476344,2
2,audio,Task B ,1,2,1,0,0.00019,1,248.3059279,0,2588.568237,3
2,audio,Task B ,2,2,0,0,4.00E-05,1,348.1788082,0,2893.38255,1
2,audio,Task B ,2,1,1,0,4.00E-05,2,215.82352,0,3077.483077,1
2,audio,Task B ,1,2,1,0,0.00019,1,164.2006689,0,2634.515391,3
3,audio,Task B ,2,4,1,0,0.00019,2,38.3812472,0,2219.6937,3
3,audio,Task B ,1,2,1,0,0.00019,1,285.1596279,0,2528.351498,3
3,audio,Task B ,1,4,1,0,0.00041,1,254.7537429,0,2842.722128,4
3,audio,Task B ,2,3,1,0,9.00E-05,2,287.5154705,0,3208.728874,2
3,audio,Task B ,1,1,1,0,0.00041,1,70.64947536,0,2788.951687,4
3,audio,Task B ,2,4,1,0,0.00041,2,176.4123685,0,1905.109666,4
4,audio,Task B ,1,1,1,0,9.00E-05,1,312.3610205,0,2632.552775,2
4,audio,Task B ,2,3,1,0,0.00041,2,35.46049948,0,3404.997305,4
4,audio,Task B ,1,3,1,0,9.00E-05,1,315.0396848,0,2813.690992,2
4,audio,Task B ,1,1,0,0,4.00E-05,2,0.859043776,0,2483.947748,1
4,audio,Task B ,1,3,0,0,0.00019,2,318.7566526,0,2549.676373,3
4,audio,Task B ,1,3,1,0,0.00041,1,161.9323668,0,2650.203031,4
5,audio,Task B ,2,4,1,0,0.00041,2,263.6306151,0,2433.318282,4
5,audio,Task B ,2,2,1,0,4.00E-05,2,345.1029284,0,3089.708945,1
5,audio,Task B ,1,4,1,0,0.00019,1,43.54013112,0,2724.691319,3
5,audio,Task B ,1,4,1,0,0.00041,1,358.8201648,0,2560.420668,4
5,audio,Task B ,1,1,0,0,4.00E-05,2,215.6210545,0,3243.388693,1
5,audio,Task B ,2,2,0,0,0.00041,1,28.84507086,0,2839.366106,4
6,audio,Task B ,2,2,1,0,0.00041,2,64.23573739,0,2183.109357,4
6,audio,Task B ,1,3,0,0,0.00019,2,124.0404285,0,2877.51232,3
6,audio,Task B ,1,3,0,0,9.00E-05,2,232.3793516,0,1695.585494,2
6,audio,Task B ,2,2,0,0,4.00E-05,1,183.2661187,0,2597.222779,1
6,audio,Task B ,1,3,0,0,4.00E-05,2,264.2459937,0,2853.074183,1
6,audio,Task B ,2,3,1,0,9.00E-05,2,78.89304586,0,1883.963924,2
7,audio,Task B ,2,4,1,0,4.00E-05,2,123.6976341,0,2684.064355,1
7,audio,Task B ,1,4,0,0,0.00019,2,155.0959871,0,3000.197316,3
7,audio,Task B ,1,1,1,0,4.00E-05,1,145.1096815,0,2835.638747,1
7,audio,Task B ,1,4,0,0,9.00E-05,2,85.83392379,0,2726.016349,2
7,audio,Task B ,1,1,1,0,9.00E-05,1,9.490524417,0,2677.948485,2
7,audio,Task B ,2,4,0,0,0.00041,1,40.13784935,0,2908.828673,4
8,audio,Task B ,1,4,0,0,0.00019,2,215.5158572,0,2681.6049,3
8,audio,Task B ,1,2,0,0,4.00E-05,2,359.4394442,0,2432.162877,1
8,audio,Task B ,2,1,1,0,4.00E-05,2,208.293074,0,2960.461925,1
8,audio,Task B ,2,2,1,0,0.00041,2,161.0264878,0,2777.636254,4
8,audio,Task B ,2,1,1,0,0.00019,2,316.4485837,0,2877.084661,3
8,audio,Task B ,1,1,1,0,4.00E-05,1,95.40100144,0,2611.957859,1
9,audio,Task B ,1,1,0,0,0.00041,2,149.4396684,0,2605.772993,4
9,audio,Task B ,1,4,1,0,0.00019,1,25.64277756,0,2722.433895,3
9,audio,Task B ,1,1,1,0,4.00E-05,1,97.75536346,0,2567.523119,1
9,audio,Task B ,1,1,0,0,9.00E-05,2,212.4445865,0,2946.839678,2
9,audio,Task B ,1,4,1,0,0.00041,1,190.0705895,0,2788.260794,4
9,audio,Task B ,1,1,0,0,9.00E-05,2,89.57543686,0,2513.738341,2
10,audio,Task B ,1,1,1,0,4.00E-05,1,220.8179257,0,2760.082337,1
10,audio,Task B ,1,1,0,0,0.00019,2,229.4974553,0,2777.916019,3
10,audio,Task B ,1,1,1,0,9.00E-05,1,8.458538523,0,2768.062349,2
10,audio,Task B ,1,1,1,0,4.00E-05,1,55.80895382,0,2789.841298,1
10,audio,Task B ,1,1,1,0,4.00E-05,1,89.3209145,0,2661.464015,1
10,audio,Task B ,2,2,1,0,9.00E-05,2,348.0112303,0,2923.121137,2
1,audio,Task B ,1,2,1,0,9.00E-05,1,157.0182078,0,2567.233287,2
1,audio,Task B ,2,4,1,0,0.00041,2,349.9963066,0,2116.523169,4
1,audio,Task B ,2,4,1,0,0.00041,2,53.53706401,0,2279.202768,4
1,audio,Task B ,1,2,0,0,4.00E-05,2,217.5415699,0,2613.749506,1
1,audio,Task B ,1,2,0,0,0.00041,2,74.25758194,0,3142.457824,4
1,audio,Task B ,1,2,1,0,4.00E-05,1,302.2437779,0,2653.076648,1
2,audio,Task B ,1,2,1,0,9.00E-05,1,2.651102572,0,2758.886693,2
2,audio,Task B ,1,3,0,0,4.00E-05,2,65.95747677,0,2474.802399,1
2,audio,Task B ,2,3,1,0,0.00041,2,199.9921422,0,3169.663679,4
2,audio,Task B ,1,2,0,0,0.00019,2,165.4183558,0,2921.987282,3
2,audio,Task B ,1,2,1,0,0.00041,1,171.0022372,0,2429.877427,4
2,audio,Task B ,1,2,0,0,4.00E-05,2,336.6619777,0,3563.245656,1
3,audio,Task B ,1,3,1,0,9.00E-05,1,105.3523849,0,2608.45933,2
3,audio,Task B ,1,2,0,0,0.00019,2,69.38374629,0,2998.383612,3
3,audio,Task B ,1,4,1,0,9.00E-05,1,116.6660074,0,2729.845741,2
3,audio,Task B ,1,1,0,0,4.00E-05,2,191.6901311,0,2495.29728,1
3,audio,Task B ,2,2,1,0,9.00E-05,2,47.37525844,0,2844.845263,2
3,audio,Task B ,2,1,1,0,4.00E-05,2,324.3727397,0,3625.304048,1
4,audio,Task B ,1,1,0,0,4.00E-05,2,188.9754648,0,2554.930309,1
4,audio,Task B ,1,1,0,0,4.00E-05,2,17.98782445,0,3062.878947,1
4,audio,Task B ,1,2,0,0,9.00E-05,2,190.3299822,0,2917.69258,2
4,audio,Task B ,1,3,1,0,0.00041,1,271.0611433,0,2882.425775,4
4,audio,Task B ,1,3,1,0,0.00041,1,129.9711492,0,2689.929944,4
4,audio,Task B ,1,1,0,0,9.00E-05,2,99.68521879,0,2636.437475,2
5,audio,Task B ,1,3,1,0,0.00041,1,286.4831934,0,2810.283348,4
5,audio,Task B ,2,4,1,0,0.00019,2,15.9984867,0,1844.265577,3
5,audio,Task B ,1,3,0,0,0.00019,2,52.40000053,0,2485.839447,3
5,audio,Task B ,1,1,0,0,9.00E-05,2,49.24631361,0,2794.427208,2
5,audio,Task B ,1,1,1,0,4.00E-05,1,266.5462612,0,2887.269959,1
5,audio,Task B ,2,1,0,0,9.00E-05,1,72.76817768,0,2590.667331,2
6,audio,Task B ,2,2,0,0,9.00E-05,1,245.8246864,0,2542.151325,2
6,audio,Task B ,2,2,1,0,0.00019,2,86.23717388,0,2030.273163,3
6,audio,Task B ,1,2,0,0,4.00E-05,2,233.9608046,0,2902.705305,1
6,audio,Task B ,2,2,1,0,0.00019,2,38.61390904,0,3455.497437,3
6,audio,Task B ,1,2,0,0,9.00E-05,2,267.6152996,0,2031.049803,2
6,audio,Task B ,1,3,0,0,0.00041,2,126.245215,0,2781.970484,4
7,audio,Task B ,2,4,0,0,0.00019,1,191.9913555,0,2651.875374,3
7,audio,Task B ,1,4,0,0,0.00041,2,312.5131684,0,2558.027426,4
7,audio,Task B ,1,1,1,0,9.00E-05,1,81.52691173,0,2865.924583,2
7,audio,Task B ,1,1,1,0,9.00E-05,1,281.1923029,0,2648.444567,2
7,audio,Task B ,1,1,0,0,4.00E-05,2,350.9410315,0,2968.575463,1
7,audio,Task B ,1,4,1,0,9.00E-05,1,37.6857733,0,2830.318997,2
8,audio,Task B ,2,1,1,0,4.00E-05,2,9.834214087,0,3147.264188,1
8,audio,Task B ,1,1,1,0,0.00041,1,242.8261395,0,2508.610194,4
8,audio,Task B ,2,1,0,0,4.00E-05,1,22.48769096,0,2677.909804,1
8,audio,Task B ,2,1,1,0,4.00E-05,2,20.77897995,0,2678.982318,1
8,audio,Task B ,1,1,0,0,4.00E-05,2,10.7329764,0,2025.831055,1
8,audio,Task B ,2,2,0,0,0.00019,1,156.0246982,0,2616.018226,3
9,audio,Task B ,1,4,1,0,0.00041,1,8.588107018,0,2645.27994,4
9,audio,Task B ,1,1,0,0,9.00E-05,2,256.288369,0,2766.114936,2
9,audio,Task B ,2,1,1,0,4.00E-05,2,29.09408499,0,3493.692919,1
9,audio,Task B ,1,2,1,0,9.00E-05,1,46.56696991,0,2642.412064,2
9,audio,Task B ,1,1,1,0,9.00E-05,1,275.4070383,0,2622.12033,2
9,audio,Task B ,1,1,0,0,0.00019,2,72.29016851,0,3206.56442,3
10,audio,Task B ,1,2,1,0,0.00041,1,109.9508252,0,2700.536324,4
10,audio,Task B ,2,2,0,0,0.00019,1,268.7501672,0,2510.086823,3
10,audio,Task B ,2,2,1,0,0.00019,2,42.44774965,0,3920.630213,3
10,audio,Task B ,2,2,0,0,0.00019,1,102.3832282,0,2684.925637,3
10,audio,Task B ,1,1,0,0,9.00E-05,2,53.36631381,0,3009.881654,2
10,audio,Task B ,2,2,0,0,0.00019,1,277.2271643,0,2849.184031,3
1,audio,Task B ,1,4,1,0,0.00041,1,187.0910201,0,2588.246336,4
1,audio,Task B ,2,2,1,0,9.00E-05,2,230.9771328,0,2579.416727,2
1,audio,Task B ,2,1,0,0,4.00E-05,1,142.1723074,0,2682.561744,1
1,audio,Task B ,1,3,1,0,0.00019,1,200.4750536,0,2794.200111,3
1,audio,Task B ,2,2,1,0,0.00019,2,160.4880971,0,3123.448934,3
1,audio,Task B ,2,2,0,0,9.00E-05,1,223.989241,0,2419.738271,2
2,audio,Task B ,2,2,0,0,0.00019,1,143.0112875,0,2600.562962,3
2,audio,Task B ,1,2,0,0,9.00E-05,2,30.03101877,0,2818.235179,2
2,audio,Task B ,1,2,0,0,4.00E-05,2,288.7034627,0,2442.041123,1
2,audio,Task B ,2,4,1,0,0.00019,2,100.6539248,0,1375.869262,3
2,audio,Task B ,2,2,1,0,9.00E-05,2,134.9291906,0,2236.289236,2
2,audio,Task B ,2,3,1,0,0.00041,2,235.995756,0,2735.617735,4
3,audio,Task B ,2,1,1,0,4.00E-05,2,242.5963898,0,3582.088781,1
3,audio,Task B ,1,2,1,0,4.00E-05,1,300.7463602,0,2655.097349,1
3,audio,Task B ,2,4,1,0,0.00041,2,182.534147,0,3792.015936,4
3,audio,Task B ,1,2,1,0,4.00E-05,1,162.2550713,0,2806.526205,1
3,audio,Task B ,2,4,1,0,0.00041,2,195.3995497,0,2222.068765,4
3,audio,Task B ,1,4,1,0,0.00019,1,192.2793336,0,2725.641872,3
4,audio,Task B ,1,1,0,0,9.00E-05,2,337.6901159,0,2790.283471,2
4,audio,Task B ,1,3,0,0,0.00041,2,45.76270385,0,2646.649367,4
4,audio,Task B ,2,3,1,0,0.00019,2,25.50641985,0,3091.452698,3
4,audio,Task B ,1,1,0,0,4.00E-05,2,85.32062814,0,2431.462316,1
4,audio,Task B ,1,3,0,0,0.00019,2,310.4504824,0,2751.628875,3
4,audio,Task B ,1,3,1,0,9.00E-05,1,3.585591121,0,2784.310067,2
5,audio,Task B ,1,1,1,0,9.00E-05,1,210.4301166,0,2798.668777,2
5,audio,Task B ,2,4,1,0,0.00041,2,6.842948863,0,3309.203191,4
5,audio,Task B ,2,2,0,0,0.00019,1,193.2585651,0,2440.747134,3
5,audio,Task B ,2,1,0,0,4.00E-05,1,209.4917669,0,2685.408559,1
5,audio,Task B ,2,3,1,0,0.00019,2,356.3296917,0,2235.686226,3
5,audio,Task B ,1,3,1,0,0.00019,1,161.8416976,0,2644.793584,3
6,audio,Task B ,1,3,1,0,0.00019,1,203.8140781,0,2713.308305,3
6,audio,Task B ,1,3,0,0,9.00E-05,2,101.6135721,0,2356.653859,2
6,audio,Task B ,1,3,0,0,0.00041,2,231.8249086,0,2548.58335,4
6,audio,Task B ,2,3,1,0,0.00041,2,63.30526623,0,2197.587148,4
6,audio,Task B ,1,2,0,0,9.00E-05,2,22.27970382,0,2622.043625,2
6,audio,Task B ,1,2,1,0,0.00041,1,227.7604063,0,2611.25027,4
7,audio,Task B ,1,1,1,0,9.00E-05,1,105.9290409,0,2708.135703,2
7,audio,Task B ,1,4,0,0,0.00019,2,315.3192559,0,2497.164339,3
7,audio,Task B ,1,1,1,0,4.00E-05,1,72.25787763,0,2843.628538,1
7,audio,Task B ,1,1,0,0,4.00E-05,2,110.3657881,0,2281.745994,1
7,audio,Task B ,1,4,1,0,0.00041,1,26.29479601,0,2686.334387,4
7,audio,Task B ,1,4,0,0,0.00041,2,180.3958173,0,2922.67611,4
8,audio,Task B ,1,1,1,0,4.00E-05,1,188.5635011,0,2770.709904,1
8,audio,Task B ,1,1,0,0,9.00E-05,2,256.0928245,0,2904.353022,2
8,audio,Task B ,2,2,1,0,9.00E-05,2,311.0281801,0,2270.739823,2
8,audio,Task B ,2,4,1,0,0.00041,2,30.86669193,0,3602.350134,4
8,audio,Task B ,2,1,1,0,0.00019,2,38.68374641,0,2623.44941,3
8,audio,Task B ,1,1,1,0,9.00E-05,1,201.7689185,0,2839.585135,2
9,audio,Task B ,2,1,0,0,4.00E-05,1,133.4893261,0,2667.706838,1
9,audio,Task B ,1,1,1,0,4.00E-05,1,158.0697679,0,2699.697194,1
9,audio,Task B ,2,1,0,0,0.00019,1,112.5293344,0,2625.337953,3
9,audio,Task B ,1,4,1,0,0.00041,1,130.6758553,0,2572.883548,4
9,audio,Task B ,1,1,0,0,4.00E-05,2,207.6538365,0,2925.702185,1
9,audio,Task B ,2,1,1,0,4.00E-05,2,238.8194176,0,3158.300425,1
10,audio,Task B ,2,1,1,0,0.00041,2,193.3204273,0,2304.283069,4
10,audio,Task B ,2,2,0,0,0.00041,1,80.5887223,0,2805.332665,4
10,audio,Task B ,1,1,1,0,9.00E-05,1,200.6564152,0,2620.653147,2
10,audio,Task B ,1,1,1,0,0.00019,1,305.0297573,0,2738.652247,3
10,audio,Task B ,1,1,0,0,4.00E-05,2,113.0519735,0,1992.554027,1
10,audio,Task B ,1,1,1,0,4.00E-05,1,325.6505834,0,2749.58407,1
1,audio,Task B ,1,3,0,0,9.00E-05,2,229.8420448,0,2738.407187,2
1,audio,Task B ,1,2,1,0,0.00019,1,294.5526021,0,2700.255876,3
1,audio,Task B ,1,3,1,0,0.00019,1,278.5641128,0,2781.540156,3
1,audio,Task B ,1,2,1,0,9.00E-05,1,67.86316484,0,2685.447412,2
1,audio,Task B ,2,1,0,0,4.00E-05,1,205.1357447,0,2707.735003,1
1,audio,Task B ,2,2,0,0,0.00041,1,177.3552994,0,2993.463997,4
2,audio,Task B ,2,4,0,0,0.00041,1,187.8501625,0,2716.176303,4
2,audio,Task B ,1,2,0,0,4.00E-05,2,16.65462935,0,2343.295337,1
2,audio,Task B ,1,2,1,0,4.00E-05,1,334.9169576,0,2643.76521,1
2,audio,Task B ,2,2,1,0,0.00019,2,265.8275265,0,2866.966932,3
2,audio,Task B ,2,1,0,0,9.00E-05,1,144.6284529,0,2438.711196,2
2,audio,Task B ,1,2,0,0,9.00E-05,2,344.7405025,0,3000.184797,2
3,audio,Task B ,1,2,1,0,0.00041,1,122.1882255,0,2779.785726,4
3,audio,Task B ,1,1,1,0,0.00019,1,244.8132301,0,2525.896319,3
3,audio,Task B ,1,2,0,0,0.00041,2,158.8007652,0,2779.979185,4
3,audio,Task B ,1,3,1,0,0.00041,1,139.8807825,0,2769.190574,4
3,audio,Task B ,1,2,0,0,0.00041,2,304.7883473,0,2599.500616,4
3,audio,Task B ,1,3,1,0,0.00041,1,151.6258786,0,2687.663414,4
4,audio,Task B ,1,4,1,0,0.00041,1,310.9259549,0,2667.019963,4
4,audio,Task B ,1,1,1,0,9.00E-05,1,160.923003,0,2768.64169,2
4,audio,Task B ,1,3,1,0,9.00E-05,1,278.0419732,0,2997.88091,2
4,audio,Task B ,1,3,0,0,0.00041,2,254.4483177,0,2371.69759,4
4,audio,Task B ,1,1,1,0,4.00E-05,1,143.7254675,0,2706.595094,1
4,audio,Task B ,1,1,1,0,4.00E-05,1,18.82569645,0,2663.290395,1
5,audio,Task B ,2,4,1,0,0.00019,2,251.4841819,0,3060.209942,3
5,audio,Task B ,1,1,1,0,9.00E-05,1,93.52796536,0,2858.90697,2
5,audio,Task B ,2,2,0,0,4.00E-05,1,170.0761731,0,2734.581636,1
5,audio,Task B ,2,4,1,0,0.00019,2,86.41822165,0,2894.369403,3
5,audio,Task B ,1,3,1,0,0.00041,1,41.9206849,0,2735.505784,4
5,audio,Task B ,1,3,1,0,4.00E-05,1,46.03515044,0,2677.661878,1
6,audio,Task B ,1,3,1,0,4.00E-05,1,7.251052607,0,2443.3371,1
6,audio,Task B ,2,3,1,0,4.00E-05,2,266.4553631,0,2405.545318,1
6,audio,Task B ,2,3,0,0,0.00041,1,339.8012972,0,2821.566385,4
6,audio,Task B ,1,2,0,0,0.00041,2,47.24101807,0,2786.078978,4
6,audio,Task B ,1,3,1,0,4.00E-05,1,20.20948538,0,2512.330041,1
6,audio,Task B ,1,2,0,0,9.00E-05,2,33.26115309,0,2962.644914,2
7,audio,Task B ,1,4,0,0,4.00E-05,2,106.725833,0,2135.29788,1
7,audio,Task B ,1,4,1,0,0.00019,1,254.7932231,0,2675.282674,3
7,audio,Task B ,1,4,0,0,4.00E-05,2,269.3234237,0,2169.658487,1
7,audio,Task B ,1,4,1,0,0.00019,1,35.58342091,0,2536.770343,3
7,audio,Task B ,1,1,0,0,4.00E-05,2,346.0611928,0,2143.161002,1
7,audio,Task B ,1,4,0,0,0.00019,2,341.8250619,0,2726.804109,3
8,audio,Task B ,1,4,1,0,0.00041,1,185.9053788,0,2620.643993,4
8,audio,Task B ,1,2,1,0,4.00E-05,1,9.391722235,0,2675.745387,1
8,audio,Task B ,1,2,1,0,0.00041,1,301.9594453,0,2675.953428,4
8,audio,Task B ,1,1,1,0,9.00E-05,1,209.4318669,0,2802.252346,2
8,audio,Task B ,1,4,1,0,0.00041,1,60.99190836,0,2706.883753,4
8,audio,Task B ,2,2,0,0,0.00041,1,218.5242523,0,2792.89915,4
9,audio,Task B ,1,1,0,0,9.00E-05,2,211.2998992,0,2060.341604,2
9,audio,Task B ,2,4,0,0,0.00041,1,317.8093798,0,2873.452608,4
9,audio,Task B ,1,1,1,0,0.00019,1,352.3399625,0,2753.253818,3
9,audio,Task B ,1,1,1,0,9.00E-05,1,205.4578416,0,2699.167546,2
9,audio,Task B ,1,1,1,0,0.00019,1,250.8637092,0,2614.913616,3
9,audio,Task B ,2,1,0,0,9.00E-05,1,185.0577695,0,2708.617098,2
10,audio,Task B ,1,1,1,0,9.00E-05,1,86.94460657,0,2681.339331,2
10,audio,Task B ,1,1,1,0,9.00E-05,1,314.8926369,0,2521.810156,2
10,audio,Task B ,1,1,0,0,9.00E-05,2,43.54895028,0,2868.53391,2
10,audio,Task B ,1,1,1,0,0.00019,1,303.7608311,0,2820.593301,3
10,audio,Task B ,2,2,1,0,0.00041,2,57.61708494,0,2939.836152,4
10,audio,Task B ,1,1,1,0,0.00041,1,184.636195,0,2856.402251,4
1,audio,Task B ,2,4,0,0,9.00E-05,1,72.83686759,0,2434.347302,2
1,audio,Task B ,2,4,1,0,9.00E-05,2,27.04254877,0,3245.41995,2
1,audio,Task B ,2,3,1,0,0.00041,2,245.6284084,0,3285.683442,4
1,audio,Task B ,1,2,1,0,4.00E-05,1,317.5503951,0,2583.2182,1
1,audio,Task B ,1,1,0,0,4.00E-05,2,292.3404282,0,3593.156974,1
1,audio,Task B ,2,3,0,0,0.00019,1,152.2614551,0,2439.832884,3
2,audio,Task B ,1,2,1,0,4.00E-05,1,10.96559453,0,2674.677878,1
2,audio,Task B ,2,2,1,0,0.00019,2,129.6852922,0,3002.810798,3
2,audio,Task B ,2,3,1,0,0.00041,2,268.813677,0,3082.199685,4
2,audio,Task B ,2,2,0,0,9.00E-05,1,50.14245055,0,2460.200934,2
2,audio,Task B ,1,2,1,0,9.00E-05,1,344.6007978,0,2714.147766,2
2,audio,Task B ,2,2,1,0,0.00019,2,303.6766035,0,2206.499016,3
3,audio,Task B ,2,2,1,0,9.00E-05,2,101.0403492,0,2447.932045,2
3,audio,Task B ,2,1,1,0,9.00E-05,2,289.9450956,0,1599.648803,2
3,audio,Task B ,2,4,1,0,4.00E-05,2,100.6153942,0,3380.055047,1
3,audio,Task B ,1,1,1,0,4.00E-05,1,33.55821738,0,2732.671338,1
3,audio,Task B ,2,1,1,0,4.00E-05,2,187.9360285,0,2893.440844,1
3,audio,Task B ,1,2,0,0,0.00041,2,307.9572525,0,2716.028579,4
4,audio,Task B ,2,2,0,0,0.00041,1,20.25968709,0,2834.687264,4
4,audio,Task B ,2,3,1,0,0.00019,2,305.0918064,0,2252.789039,3
4,audio,Task B ,2,4,1,0,0.00041,2,161.7781717,0,2496.471655,4
4,audio,Task B ,1,3,0,0,9.00E-05,2,353.737408,0,2340.899105,2
4,audio,Task B ,1,3,1,0,9.00E-05,1,8.407515702,0,2602.746472,2
4,audio,Task B ,1,3,0,0,0.00019,2,146.6082397,0,2198.663308,3
5,audio,Task B ,1,3,1,0,0.00019,1,156.4582025,0,2733.46455,3
5,audio,Task B ,1,1,0,0,9.00E-05,2,287.3412872,0,2519.341839,2
5,audio,Task B ,2,2,0,0,0.00019,1,170.4991274,0,2982.522541,3
5,audio,Task B ,2,1,1,0,0.00019,2,193.5170232,0,1822.912822,3
5,audio,Task B ,2,4,1,0,0.00041,2,101.1524872,0,2240.940171,4
5,audio,Task B ,2,1,0,0,4.00E-05,1,261.907041,0,2486.049631,1
6,audio,Task B ,2,2,1,0,4.00E-05,2,349.9738274,0,3780.548251,1
6,audio,Task B ,2,3,1,0,9.00E-05,2,296.3875248,0,2772.998827,2
6,audio,Task B ,2,3,1,0,4.00E-05,2,165.4897754,0,3420.149749,1
6,audio,Task B ,1,2,0,0,4.00E-05,2,230.057067,0,2534.031957,1
6,audio,Task B ,1,2,0,0,0.00019,2,296.80284,0,2377.026898,3
6,audio,Task B ,1,3,0,0,0.00041,2,294.3667124,0,2888.531604,4
7,audio,Task B ,1,1,1,0,4.00E-05,1,173.2422148,0,2787.413657,1
7,audio,Task B ,2,4,1,0,0.00019,2,48.04802299,0,3580.633148,3
7,audio,Task B ,1,1,1,0,9.00E-05,1,315.1974266,0,2639.22865,2
7,audio,Task B ,1,4,1,0,0.00041,1,284.0451326,0,2822.887925,4
7,audio,Task B ,1,1,0,0,9.00E-05,2,69.83827554,0,3880.198571,2
7,audio,Task B ,1,4,0,0,9.00E-05,2,356.2524324,0,1752.412394,2
8,audio,Task B ,1,1,0,0,9.00E-05,2,301.4719621,0,2311.258138,2
8,audio,Task B ,1,1,1,0,4.00E-05,1,202.0644754,0,2804.748151,1
8,audio,Task B ,2,3,1,0,0.00041,2,246.6251319,0,2876.939359,4
8,audio,Task B ,2,4,1,0,0.00041,2,279.3923461,0,2016.345325,4
8,audio,Task B ,1,1,1,0,4.00E-05,1,107.2839006,0,2690.690929,1
8,audio,Task B ,1,1,0,0,9.00E-05,2,69.48888624,0,3338.306543,2
9,audio,Task B ,2,4,1,0,0.00041,2,287.427436,0,2990.339861,4
9,audio,Task B ,2,2,0,0,0.00041,1,344.5726973,0,2753.508613,4
9,audio,Task B ,1,1,1,0,9.00E-05,1,167.9609468,0,2753.074138,2
9,audio,Task B ,1,1,0,0,4.00E-05,2,35.53111001,0,2449.258496,1
9,audio,Task B ,1,4,1,0,0.00041,1,30.17127551,0,2805.394711,4
9,audio,Task B ,2,4,1,0,0.00041,2,123.5337345,0,3120.007685,4
10,audio,Task B ,1,1,0,0,4.00E-05,2,282.5638156,0,3099.502049,1
10,audio,Task B ,2,1,1,0,9.00E-05,2,58.27569496,0,2551.317275,2
10,audio,Task B ,2,2,1,0,0.00041,2,101.7565847,0,1968.0145,4
10,audio,Task B ,2,1,1,0,9.00E-05,2,83.15387485,0,3056.800649,2
10,audio,Task B ,1,1,1,0,0.00041,1,106.4627017,0,2638.770842,4
10,audio,Task B ,2,1,1,0,9.00E-05,2,192.3198995,0,2397.890847,2
1,audio,Task B ,2,2,0,0,4.00E-05,1,140.719048,0,2887.741073,1
1,audio,Task B ,2,2,0,0,9.00E-05,1,100.4407644,0,2524.843105,2
1,audio,Task B ,2,1,1,0,9.00E-05,2,93.55622835,0,3045.563617,2
1,audio,Task B ,2,4,1,0,0.00041,2,250.4100785,0,1367.342725,4
1,audio,Task B ,1,2,1,0,0.00041,1,70.44330845,0,2730.615431,4
1,audio,Task B ,1,2,0,0,0.00019,2,162.6900367,0,2710.113443,3
2,audio,Task B ,1,3,0,0,0.00041,2,345.6629953,0,2902.860882,4
2,audio,Task B ,1,2,1,0,9.00E-05,1,40.38830553,0,2630.392776,2
2,audio,Task B ,1,1,1,0,9.00E-05,1,127.665199,0,2549.06495,2
2,audio,Task B ,2,4,1,0,9.00E-05,2,197.9869197,0,3311.744179,2
2,audio,Task B ,2,3,0,0,0.00041,1,241.0897256,0,2850.048027,4
2,audio,Task B ,1,2,1,0,9.00E-05,1,247.3212396,0,2730.266098,2
3,audio,Task B ,1,1,1,0,4.00E-05,1,33.46997815,0,2576.203643,1
3,audio,Task B ,2,4,1,0,0.00019,2,256.5739838,0,2505.203403,3
3,audio,Task B ,2,4,1,0,9.00E-05,2,271.7704387,0,2064.136742,2
3,audio,Task B ,1,1,1,0,0.00041,1,15.49277678,0,2609.553925,4
3,audio,Task B ,2,3,1,0,9.00E-05,2,43.94903919,0,2457.179897,2
3,audio,Task B ,2,4,1,0,0.00019,2,220.1991323,0,2361.884651,3
4,audio,Task B ,2,3,1,0,0.00019,2,228.9433962,0,3122.675175,3
4,audio,Task B ,2,4,1,0,0.00041,2,297.004494,0,2072.645124,4
4,audio,Task B ,2,3,1,0,0.00041,2,132.8935866,0,3196.826611,4
4,audio,Task B ,1,3,1,0,0.00041,1,313.7833611,0,2742.433986,4
4,audio,Task B ,2,4,1,0,0.00041,2,332.1789316,0,1885.182761,4
4,audio,Task B ,1,1,0,0,4.00E-05,2,237.0307892,0,3515.815378,1
5,audio,Task B ,1,3,1,0,9.00E-05,1,358.83431,0,2727.026113,2
5,audio,Task B ,1,1,1,0,9.00E-05,1,185.6061857,0,2836.203554,2
5,audio,Task B ,2,4,1,0,9.00E-05,2,318.7363741,0,3301.125656,2
5,audio,Task B ,2,4,1,0,0.00041,2,151.9331523,0,2972.393097,4
5,audio,Task B ,1,1,0,0,4.00E-05,2,287.7913367,0,2501.963526,1
5,audio,Task B ,2,1,0,0,9.00E-05,1,180.4226141,0,2645.614863,2
6,audio,Task B ,2,3,1,0,0.00041,2,335.7826284,0,3224.883335,4
6,audio,Task B ,2,3,0,0,9.00E-05,1,344.0052067,0,2705.514689,2
6,audio,Task B ,2,3,0,0,0.00019,1,224.0734691,0,2693.632878,3
6,audio,Task B ,2,3,1,0,0.00041,2,317.174484,0,3526.429752,4
6,audio,Task B ,1,3,1,0,0.00019,1,247.8388138,0,2582.046111,3
6,audio,Task B ,2,3,1,0,0.00041,2,139.5943954,0,3306.931977,4
7,audio,Task B ,1,4,0,0,0.00019,2,13.25747221,0,2829.538016,3
7,audio,Task B ,2,4,0,0,0.00041,1,295.8550835,0,2567.320124,4
7,audio,Task B ,1,4,1,0,0.00019,1,165.2747929,0,2962.123162,3
7,audio,Task B ,1,4,1,0,9.00E-05,1,217.3369179,0,2739.480035,2
7,audio,Task B ,1,1,1,0,4.00E-05,1,246.5533749,0,2651.21296,1
7,audio,Task B ,1,4,1,0,9.00E-05,1,86.2182712,0,2782.349067,2
8,audio,Task B ,1,1,1,0,4.00E-05,1,84.28023549,0,2743.742239,1
8,audio,Task B ,1,1,0,0,4.00E-05,2,162.1335102,0,2232.719669,1
8,audio,Task B ,2,2,1,0,9.00E-05,2,223.2043202,0,2451.337691,2
8,audio,Task B ,2,2,0,0,0.00019,1,33.89288684,0,2858.015953,3
8,audio,Task B ,1,1,1,0,4.00E-05,1,208.1725341,0,2729.324529,1
8,audio,Task B ,1,1,1,0,4.00E-05,1,20.4770379,0,2617.436423,1
9,audio,Task B ,1,1,1,0,9.00E-05,1,324.4358991,0,2735.3037,2
9,audio,Task B ,2,1,0,0,4.00E-05,1,123.1577735,0,2888.759524,1
9,audio,Task B ,1,1,1,0,9.00E-05,1,263.6663366,0,2698.224916,2
9,audio,Task B ,1,4,1,0,0.00041,1,41.20929697,0,2608.155384,4
9,audio,Task B ,1,1,0,0,4.00E-05,2,230.9889778,0,3205.777192,1
9,audio,Task B ,1,1,0,0,0.00019,2,256.8060821,0,1372.548937,3
10,audio,Task B ,2,1,1,0,0.00019,2,315.2044722,0,3295.051673,3
10,audio,Task B ,1,1,1,0,0.00019,1,320.4338788,0,2794.638331,3
10,audio,Task B ,1,2,0,0,9.00E-05,2,350.4691099,0,3572.207912,2
10,audio,Task B ,1,1,1,0,9.00E-05,1,88.12811142,0,2787.842083,2
10,audio,Task B ,2,1,1,0,4.00E-05,2,125.8087097,0,2442.519607,1
10,audio,Task B ,2,1,1,0,9.00E-05,2,166.349895,0,3243.49599,2
1,audio,Task B ,1,3,0,0,0.00041,2,28.10929816,0,2742.191852,4
1,audio,Task B ,1,2,1,0,0.00019,1,37.0831604,0,2712.423405,3
1,audio,Task B ,2,3,1,0,4.00E-05,2,179.1559472,0,2317.987818,1
1,audio,Task B ,2,2,0,0,9.00E-05,1,83.57983704,0,2567.157486,2
1,audio,Task B ,2,1,0,0,4.00E-05,1,65.47083447,0,2681.448995,1
1,audio,Task B ,1,2,0,0,0.00041,2,263.5713122,0,2873.61242,4
2,audio,Task B ,2,4,1,0,0.00041,2,192.7121958,0,3245.450227,4
2,audio,Task B ,1,2,1,0,0.00019,1,165.0510143,0,2566.081862,3
2,audio,Task B ,1,2,0,0,9.00E-05,2,26.4878654,0,2323.267527,2
2,audio,Task B ,1,3,1,0,9.00E-05,1,237.7232419,0,2592.153579,2
2,audio,Task B ,1,1,0,0,4.00E-05,2,141.4731862,0,1876.040352,1
2,audio,Task B ,1,2,0,0,9.00E-05,2,304.9323752,0,2041.006701,2
3,audio,Task B ,1,3,0,0,0.00041,2,258.6143535,0,3162.358494,4
3,audio,Task B ,1,3,1,0,9.00E-05,1,98.47027731,0,2630.936589,2
3,audio,Task B ,2,2,1,0,4.00E-05,2,180.8616214,0,2263.681906,1
3,audio,Task B ,1,3,1,0,0.00041,1,117.8554864,0,2695.577121,4
3,audio,Task B ,1,1,1,0,4.00E-05,1,61.34456713,0,2657.767144,1
3,audio,Task B ,1,2,0,0,4.00E-05,2,44.82674781,0,2512.711041,1
4,audio,Task B ,1,3,0,0,0.00019,2,15.98199341,0,2888.577464,3
4,audio,Task B ,1,1,1,0,9.00E-05,1,103.0912396,0,2510.63776,2
4,audio,Task B ,1,3,0,0,0.00019,2,316.8659375,0,2767.572461,3
4,audio,Task B ,1,1,0,0,4.00E-05,2,173.9269175,0,2237.708478,1
4,audio,Task B ,1,3,1,0,9.00E-05,1,268.5427791,0,2720.68856,2
4,audio,Task B ,1,1,0,0,9.00E-05,2,298.2200972,0,3503.545557,2
5,audio,Task B ,2,4,0,0,0.00019,1,159.4759226,0,2406.093846,3
5,audio,Task B ,1,1,0,0,4.00E-05,2,272.7347003,0,2284.046243,1
5,audio,Task B ,2,2,0,0,4.00E-05,1,98.78035683,0,2737.468992,1
5,audio,Task B ,1,2,1,0,0.00041,1,125.0327459,0,2466.075037,4
5,audio,Task B ,2,4,1,0,0.00041,2,15.40590255,0,2070.086774,4
5,audio,Task B ,2,1,0,0,9.00E-05,1,256.5147677,0,2614.67486,2
6,audio,Task B ,2,3,1,0,0.00041,2,225.6383684,0,2549.344356,4
6,audio,Task B ,1,3,1,0,0.00019,1,304.570316,0,2566.335514,3
6,audio,Task B ,1,3,0,0,9.00E-05,2,348.9698096,0,2585.832661,2
6,audio,Task B ,2,3,1,0,9.00E-05,2,281.0985327,0,2992.734132,2
6,audio,Task B ,2,2,0,0,4.00E-05,1,64.19251683,0,2877.621094,1
6,audio,Task B ,2,3,1,0,4.00E-05,2,61.34831419,0,1948.665733,1
7,audio,Task B ,1,4,0,0,4.00E-05,2,162.665652,0,3535.711571,1
7,audio,Task B ,1,1,0,0,4.00E-05,2,186.3199219,0,2595.904469,1
7,audio,Task B ,1,2,1,0,9.00E-05,1,236.2517595,0,2800.726142,2
7,audio,Task B ,1,4,1,0,0.00019,1,328.0642421,0,2661.0421,3
7,audio,Task B ,1,1,0,0,9.00E-05,2,290.563028,0,2890.615691,2
7,audio,Task B ,1,1,0,0,4.00E-05,2,185.0703273,0,2971.407314,1
8,audio,Task B ,1,4,1,0,4.00E-05,1,156.4046692,0,2544.840038,1
8,audio,Task B ,1,2,0,0,0.00041,2,236.7843793,0,2594.040019,4
8,audio,Task B ,1,1,1,0,0.00019,1,344.8446431,0,2870.068445,3
8,audio,Task B ,2,3,0,0,0.00019,1,18.8796552,0,2376.420471,3
8,audio,Task B ,2,1,1,0,4.00E-05,2,47.38993052,0,2809.4886,1
8,audio,Task B ,1,1,0,0,4.00E-05,2,143.6449048,0,2995.935726,1
9,audio,Task B ,1,1,1,0,4.00E-05,1,43.04124802,0,2805.200255,1
9,audio,Task B ,1,1,0,0,4.00E-05,2,96.39873863,0,3293.772523,1
9,audio,Task B ,2,1,1,0,0.00019,2,238.2537607,0,2955.523897,3
9,audio,Task B ,2,1,0,0,0.00019,1,308.2416355,0,2591.159215,3
9,audio,Task B ,1,4,1,0,0.00041,1,76.97791398,0,2804.722713,4
9,audio,Task B ,2,4,1,0,0.00041,2,5.14240323,0,2900.108075,4
10,audio,Task B ,2,2,0,0,0.00041,1,89.03048998,0,2702.529803,4
10,audio,Task B ,2,1,1,0,0.00019,2,329.0134476,0,2671.276634,3
10,audio,Task B ,1,1,0,0,4.00E-05,2,286.1301521,0,2587.638179,1
10,audio,Task B ,1,2,1,0,9.00E-05,1,48.5901799,0,2833.16316,2
10,audio,Task B ,2,2,0,0,0.00019,1,329.403249,0,2925.644515,3
10,audio,Task B ,1,1,0,0,9.00E-05,2,240.5058149,0,2700.856412,2
1,audio,Task B ,1,3,1,0,9.00E-05,1,332.9115416,0,2682.072942,2
1,audio,Task B ,2,1,0,0,0.00041,1,258.7487961,0,2718.255666,4
1,audio,Task B ,2,3,1,0,4.00E-05,2,240.1703393,0,2286.101741,1
1,audio,Task B ,1,3,1,0,0.00041,1,86.52748656,0,2791.447647,4
1,audio,Task B ,2,2,1,0,9.00E-05,2,305.6096951,0,2064.769039,2
1,audio,Task B ,1,2,1,0,9.00E-05,1,309.2168088,0,2697.664389,2
2,audio,Task B ,2,2,1,0,0.00041,2,197.4293811,0,2237.263689,4
2,audio,Task B ,2,2,1,0,9.00E-05,2,290.3972605,0,2833.584369,2
2,audio,Task B ,1,1,1,0,4.00E-05,1,158.5162644,0,2595.237646,1
2,audio,Task B ,1,2,1,0,9.00E-05,1,310.3578832,0,2711.586854,2
2,audio,Task B ,1,2,1,0,4.00E-05,1,125.8471267,0,2571.761321,1
2,audio,Task B ,1,2,1,0,0.00019,1,295.3084723,0,2573.676138,3
3,audio,Task B ,2,4,1,0,4.00E-05,2,348.7842966,0,2072.523553,1
3,audio,Task B ,2,4,0,0,0.00041,1,56.74846525,0,2485.227496,4
3,audio,Task B ,1,1,1,0,9.00E-05,1,302.5292524,0,2859.792386,2
3,audio,Task B ,1,3,1,0,9.00E-05,1,53.01725361,0,2553.030081,2
3,audio,Task B ,2,4,0,0,0.00041,1,99.23316065,0,2514.766224,4
3,audio,Task B ,1,2,0,0,4.00E-05,2,205.5472402,0,2638.082979,1
4,audio,Task B ,1,1,0,0,9.00E-05,2,57.31819144,0,3359.327277,2
4,audio,Task B ,1,3,1,0,0.00041,1,171.5648424,0,2464.630052,4
4,audio,Task B ,2,4,1,0,0.00019,2,216.2188427,0,3360.54259,3
4,audio,Task B ,1,3,1,0,0.00041,1,347.8215926,0,2303.846322,4
4,audio,Task B ,1,3,0,0,0.00041,2,253.6525777,0,2776.610183,4
4,audio,Task B ,1,3,1,0,9.00E-05,1,348.9517819,0,2533.844358,2
5,audio,Task B ,2,3,0,0,9.00E-05,1,227.8534639,0,2695.975868,2
5,audio,Task B ,1,3,1,0,0.00019,1,203.8001418,0,2692.361611,3
5,audio,Task B ,2,4,1,0,0.00019,2,121.2635871,0,2289.089418,3
5,audio,Task B ,1,3,1,0,0.00019,1,6.650804224,0,2719.816293,3
5,audio,Task B ,1,3,1,0,0.00019,1,181.8559732,0,2573.380835,3
5,audio,Task B ,1,3,0,0,0.00041,2,289.2235457,0,2640.635014,4
6,audio,Task B ,1,2,1,0,0.00041,1,38.58442187,0,2406.767795,4
6,audio,Task B ,2,3,0,0,4.00E-05,1,232.314423,0,2508.406736,1
6,audio,Task B ,2,3,0,0,0.00041,1,296.107845,0,2852.001641,4
6,audio,Task B ,1,2,1,0,0.00041,1,350.0211286,0,2793.72352,4
6,audio,Task B ,2,4,0,0,0.00041,1,106.2780331,0,2864.427284,4
6,audio,Task B ,1,3,1,0,0.00019,1,313.2761203,0,2775.641758,3
7,audio,Task B ,2,1,0,0,4.00E-05,1,243.581318,0,2762.272033,1
7,audio,Task B ,1,1,1,0,4.00E-05,1,57.53506706,0,2799.180044,1
7,audio,Task B ,1,4,0,0,0.00019,2,333.1621883,0,2905.853835,3
7,audio,Task B ,1,1,1,0,0.00041,1,244.5061882,0,2837.917727,4
7,audio,Task B ,1,4,1,0,0.00019,1,349.9125005,0,2730.662787,3
7,audio,Task B ,1,4,1,0,0.00019,1,33.70686211,0,2739.475009,3
8,audio,Task B ,1,3,0,0,0.00041,2,172.9872538,0,2297.037834,4
8,audio,Task B ,1,1,1,0,0.00019,1,151.9523748,0,2672.243861,3
8,audio,Task B ,2,1,1,0,0.00041,2,216.2231758,0,2129.936168,4
8,audio,Task B ,2,1,1,0,4.00E-05,2,295.7950803,0,2775.173872,1
8,audio,Task B ,2,3,1,0,0.00041,2,177.699571,0,3144.938705,4
8,audio,Task B ,1,1,0,0,4.00E-05,2,30.87163232,0,1930.071261,1
9,audio,Task B ,1,1,0,0,4.00E-05,2,345.8653149,0,2470.465261,1
9,audio,Task B ,1,1,0,0,9.00E-05,2,73.55797239,0,3474.267637,2
9,audio,Task B ,1,1,1,0,0.00019,1,96.02425264,0,2721.292364,3
9,audio,Task B ,2,1,1,0,4.00E-05,2,156.5865753,0,2403.529495,1
9,audio,Task B ,1,1,0,0,0.00019,2,305.9242263,0,2296.186633,3
9,audio,Task B ,1,1,0,0,0.00019,2,191.3035054,0,2013.925333,3
10,audio,Task B ,1,1,1,0,4.00E-05,1,143.7310749,0,2960.781791,1
10,audio,Task B ,2,1,0,0,0.00019,1,187.5936126,0,2636.91108,3
10,audio,Task B ,2,2,1,0,0.00019,2,39.05681475,0,1624.732659,3
10,audio,Task B ,1,1,1,0,4.00E-05,1,183.5084445,0,2711.369425,1
10,audio,Task B ,1,1,1,0,4.00E-05,1,67.93029131,0,2636.590174,1
10,audio,Task B ,1,1,1,0,4.00E-05,1,205.8092272,0,2685.575528,1
1,audio,Task B ,1,1,1,0,4.00E-05,1,45.14731712,0,2748.000134,1
1,audio,Task B ,1,1,1,0,4.00E-05,1,271.1061348,0,2740.66877,1
1,audio,Task B ,2,1,0,0,4.00E-05,1,45.94611215,0,2606.55357,1
1,audio,Task B ,1,2,1,0,0.00019,1,349.835107,0,2571.093624,3
1,audio,Task B ,1,2,1,0,9.00E-05,1,199.2764062,0,2964.483475,2
1,audio,Task B ,1,2,0,0,4.00E-05,2,358.1354829,0,2866.462546,1
2,audio,Task B ,1,3,1,0,0.00019,1,206.433121,0,2727.34485,3
2,audio,Task B ,1,2,0,0,0.00019,2,229.806464,0,2520.518168,3
2,audio,Task B ,2,2,0,0,0.00019,1,46.22242977,0,2585.750517,3
2,audio,Task B ,2,4,1,0,0.00019,2,211.6261344,0,2054.102156,3
2,audio,Task B ,1,2,0,0,4.00E-05,2,24.08296176,0,2632.234137,1
2,audio,Task B ,2,2,1,0,9.00E-05,2,75.80528319,0,2405.124375,2
3,audio,Task B ,1,1,1,0,0.00019,1,87.59353577,0,2554.377175,3
3,audio,Task B ,1,2,1,0,0.00019,1,144.3182861,0,2784.813365,3
3,audio,Task B ,1,3,1,0,9.00E-05,1,132.1636988,0,2761.917951,2
3,audio,Task B ,2,4,1,0,9.00E-05,2,345.6394905,0,2223.403259,2
3,audio,Task B ,1,4,1,0,9.00E-05,1,188.3105618,0,2596.10549,2
3,audio,Task B ,2,2,0,0,4.00E-05,1,219.7731197,0,2789.189493,1
4,audio,Task B ,1,2,1,0,9.00E-05,1,295.5946176,0,2864.565933,2
4,audio,Task B ,1,4,0,0,0.00041,2,68.60819384,0,2902.067044,4
4,audio,Task B ,2,2,1,0,9.00E-05,2,250.6414042,0,3383.259887,2
4,audio,Task B ,1,1,0,0,0.00041,2,329.7645219,0,3823.852782,4
4,audio,Task B ,2,2,1,0,9.00E-05,2,330.9517734,0,3151.786443,2
4,audio,Task B ,1,1,0,0,4.00E-05,2,252.8771766,0,2772.426938,1
5,audio,Task B ,1,1,1,0,9.00E-05,1,320.2506884,0,2614.327824,2
5,audio,Task B ,2,4,1,0,9.00E-05,2,140.8543548,0,2950.532748,2
5,audio,Task B ,2,4,1,0,0.00041,2,161.7551652,0,3420.472536,4
5,audio,Task B ,1,3,1,0,9.00E-05,1,67.51301501,0,2756.594488,2
5,audio,Task B ,1,3,0,0,0.00041,2,215.602042,0,2528.013681,4
5,audio,Task B ,1,3,1,0,0.00019,1,125.1582481,0,2654.701829,3
6,audio,Task B ,1,3,1,0,4.00E-05,1,5.952421578,0,2697.138781,1
6,audio,Task B ,1,3,1,0,0.00019,1,87.26515715,0,2846.403881,3
6,audio,Task B ,2,3,1,0,0.00041,2,91.04135898,0,3204.708365,4
6,audio,Task B ,1,3,0,0,4.00E-05,2,287.8794739,0,1832.317918,1
6,audio,Task B ,1,2,0,0,0.00041,2,24.71068853,0,2624.778088,4
6,audio,Task B ,1,1,0,0,4.00E-05,2,55.20794832,0,2674.252039,1
7,audio,Task B ,2,4,1,0,0.00041,2,340.4147522,0,2145.092782,4
7,audio,Task B ,1,1,0,0,9.00E-05,2,27.00781494,0,2068.430117,2
7,audio,Task B ,1,1,1,0,4.00E-05,1,241.3170112,0,2745.857051,1
7,audio,Task B ,1,4,0,0,0.00019,2,311.2951805,0,2916.62443,3
7,audio,Task B ,1,4,1,0,0.00041,1,149.7922077,0,2854.005316,4
7,audio,Task B ,1,4,0,0,4.00E-05,2,114.2412653,0,2952.262086,1
8,audio,Task B ,2,1,1,0,9.00E-05,2,208.2785398,0,1666.752385,2
8,audio,Task B ,1,1,1,0,9.00E-05,1,349.6220479,0,2768.492202,2
8,audio,Task B ,2,2,1,0,9.00E-05,2,335.7295436,0,3022.559996,2
8,audio,Task B ,2,2,1,0,0.00041,2,144.3517312,0,2393.721534,4
8,audio,Task B ,1,3,0,0,0.00041,2,274.6794291,0,2714.638957,4
8,audio,Task B ,2,2,1,0,9.00E-05,2,268.4873033,0,3090.056991,2
9,audio,Task B ,1,4,0,0,0.00019,2,68.08069218,0,2801.636371,3
9,audio,Task B ,1,1,0,0,9.00E-05,2,203.3743897,0,2513.918349,2
9,audio,Task B ,1,1,0,0,0.00041,2,48.29606333,0,1348.917565,4
9,audio,Task B ,1,4,1,0,0.00019,1,129.9337665,0,2662.048386,3
9,audio,Task B ,2,1,0,0,0.00019,1,243.6922183,0,2771.813406,3
9,audio,Task B ,2,1,1,0,4.00E-05,2,300.180959,0,2873.176388,1
10,audio,Task B ,1,1,1,0,9.00E-05,1,81.13492982,0,2721.928805,2
10,audio,Task B ,2,1,1,0,0.00019,2,64.69430571,0,2512.287084,3
10,audio,Task B ,2,1,1,0,4.00E-05,2,264.1313484,0,2785.266767,1
10,audio,Task B ,1,1,0,0,9.00E-05,2,20.44050469,0,2665.859186,2
10,audio,Task B ,2,1,0,0,4.00E-05,1,97.5174724,0,2673.048844,1
10,audio,Task B ,1,1,0,0,4.00E-05,2,171.3950647,0,3024.321575,1
1,audio,Task B ,1,3,1,0,0.00019,1,22.76330994,0,2727.871081,3
1,audio,Task B ,1,2,0,0,0.00019,2,44.44226706,0,2763.050453,3
1,audio,Task B ,1,3,1,0,9.00E-05,1,288.1470759,0,2604.283998,2
1,audio,Task B ,2,1,0,0,4.00E-05,1,259.7558984,0,2790.868552,1
1,audio,Task B ,2,4,1,0,0.00041,2,130.4107923,0,1547.319639,4
1,audio,Task B ,1,2,0,0,9.00E-05,2,44.12324458,0,2955.395074,2
2,audio,Task B ,1,2,1,0,0.00019,1,215.2829659,0,2720.696006,3
2,audio,Task B ,2,1,1,0,4.00E-05,2,82.3783332,0,2658.750956,1
2,audio,Task B ,1,2,1,0,9.00E-05,1,269.2990006,0,2669.507084,2
2,audio,Task B ,1,3,1,0,0.00019,1,131.0339998,0,2755.933271,3
2,audio,Task B ,2,3,1,0,0.00019,2,99.31429415,0,3897.540542,3
2,audio,Task B ,1,2,1,0,0.00019,1,354.787149,0,2692.237264,3
3,audio,Task B ,2,4,1,0,0.00019,2,102.0085557,0,1778.926184,3
3,audio,Task B ,2,2,1,0,9.00E-05,2,43.46126477,0,2539.018225,2
3,audio,Task B ,2,2,0,0,9.00E-05,1,71.45808946,0,2632.129366,2
3,audio,Task B ,1,2,1,0,9.00E-05,1,218.7371636,0,2822.235189,2
3,audio,Task B ,2,1,0,0,0.00041,1,226.9316788,0,2532.723878,4
3,audio,Task B ,2,3,1,0,9.00E-05,2,47.2117945,0,3116.687556,2
4,audio,Task B ,2,3,0,0,0.00019,1,295.6606871,0,2948.254279,3
4,audio,Task B ,1,1,1,0,4.00E-05,1,274.6368129,0,2617.361569,1
4,audio,Task B ,1,3,1,0,0.00041,1,244.5903882,0,2760.547262,4
4,audio,Task B ,2,3,1,0,0.00019,2,175.8097662,0,3350.431953,3
4,audio,Task B ,1,3,0,0,9.00E-05,2,258.1956222,0,2668.970164,2
4,audio,Task B ,1,2,0,0,9.00E-05,2,144.8999237,0,2550.584809,2
5,audio,Task B ,1,3,1,0,0.00041,1,149.1056355,0,2756.203807,4
5,audio,Task B ,1,3,1,0,0.00041,1,350.4133765,0,2614.302402,4
5,audio,Task B ,2,4,1,0,0.00041,2,9.673577889,0,3349.133789,4
5,audio,Task B ,2,4,1,0,0.00041,2,286.7668933,0,2025.746753,4
5,audio,Task B ,1,1,0,0,9.00E-05,2,12.25890687,0,3025.535962,2
5,audio,Task B ,1,1,1,0,9.00E-05,1,208.1408996,0,2809.364581,2
6,audio,Task B ,1,2,1,0,0.00019,1,53.57763236,0,2758.294033,3
6,audio,Task B ,1,3,1,0,4.00E-05,1,359.0454339,0,2570.424449,1
6,audio,Task B ,1,3,1,0,0.00041,1,138.1462756,0,2567.935274,4
6,audio,Task B ,2,3,1,0,9.00E-05,2,354.0731947,0,3115.67074,2
6,audio,Task B ,1,3,1,0,0.00041,1,184.1539216,0,2698.014605,4
6,audio,Task B ,1,2,0,0,4.00E-05,2,46.75874124,0,3472.191056,1
7,audio,Task B ,1,4,0,0,0.00019,2,188.3994415,0,1177.162947,3
7,audio,Task B ,1,4,1,0,0.00019,1,169.335573,0,2879.385713,3
7,audio,Task B ,1,4,0,0,0.00019,2,264.5175091,0,3184.117778,3
7,audio,Task B ,2,4,0,0,0.00041,1,194.6092466,0,2717.444977,4
7,audio,Task B ,1,1,1,0,4.00E-05,1,36.0505197,0,2591.083464,1
7,audio,Task B ,1,4,1,0,0.00019,1,30.09367937,0,2798.6367,3
8,audio,Task B ,1,1,1,0,0.00019,1,250.0788156,0,2387.537883,3
8,audio,Task B ,1,2,0,0,4.00E-05,2,294.3541789,0,2774.203796,1
8,audio,Task B ,2,4,1,0,0.00041,2,193.8214015,0,1998.983894,4
8,audio,Task B ,1,4,0,0,0.00041,2,89.9807916,0,2860.560673,4
8,audio,Task B ,1,1,0,0,0.00019,2,16.00503233,0,2268.647589,3
8,audio,Task B ,2,1,0,0,4.00E-05,1,293.5592706,0,2486.937541,1
9,audio,Task B ,1,1,0,0,0.00019,2,304.4969451,0,3536.043633,3
9,audio,Task B ,1,4,1,0,0.00041,1,342.7598775,0,2617.520326,4
9,audio,Task B ,1,4,1,0,9.00E-05,1,26.57138625,0,2672.541868,2
9,audio,Task B ,1,4,0,0,0.00041,2,33.76613035,0,2742.156771,4
9,audio,Task B ,2,3,0,0,0.00041,1,341.3534723,0,2743.060281,4
9,audio,Task B ,2,4,0,0,9.00E-05,1,15.11731956,0,2688.025879,2
10,audio,Task B ,1,1,0,0,4.00E-05,2,238.549558,0,2516.678215,1
10,audio,Task B ,1,1,1,0,4.00E-05,1,237.0248754,0,2769.066016,1
10,audio,Task B ,2,2,0,0,0.00041,1,134.5120011,0,2781.724443,4
10,audio,Task B ,2,1,0,0,0.00019,1,149.0822107,0,2425.852268,3
10,audio,Task B ,2,2,1,0,9.00E-05,2,141.0278354,0,2071.154531,2
10,audio,Task B ,1,1,1,0,0.00019,1,75.80516589,0,2676.967487,3
1,audio,Task B ,2,4,1,0,9.00E-05,2,118.3801104,0,1862.683308,2
1,audio,Task B ,1,2,1,0,0.00041,1,308.5354265,0,2820.992443,4
1,audio,Task B ,2,3,1,0,9.00E-05,2,97.40991176,0,2394.946356,2
1,audio,Task B ,2,4,1,0,4.00E-05,2,283.2138063,0,3002.832427,1
1,audio,Task B ,1,2,1,0,0.00019,1,262.7343932,0,2714.321552,3
1,audio,Task B ,1,2,1,0,0.00041,1,230.9415071,0,2799.698665,4
2,audio,Task B ,1,2,1,0,0.00019,1,296.1257363,0,2699.037819,3
2,audio,Task B ,1,3,1,0,0.00041,1,344.6958875,0,2537.122811,4
2,audio,Task B ,2,1,1,0,9.00E-05,2,169.5029305,0,1634.125268,2
2,audio,Task B ,1,2,1,0,4.00E-05,1,250.7569692,0,2721.551399,1
2,audio,Task B ,1,2,1,0,4.00E-05,1,84.11744027,0,2612.806999,1
2,audio,Task B ,1,2,1,0,9.00E-05,1,69.89790093,0,2718.060321,2
3,audio,Task B ,2,3,1,0,9.00E-05,2,103.7630523,0,2499.25552,2
3,audio,Task B ,1,2,0,0,4.00E-05,2,173.1740366,0,2860.782465,1
3,audio,Task B ,1,3,1,0,0.00041,1,109.1511053,0,2611.631161,4
3,audio,Task B ,2,1,0,0,0.00041,1,261.5398628,0,2821.24412,4
3,audio,Task B ,1,4,1,0,0.00041,1,338.2341367,0,2691.308934,4
3,audio,Task B ,2,4,1,0,0.00041,2,217.1858199,0,2335.97602,4
4,audio,Task B ,1,2,1,0,0.00019,1,321.2897449,0,2680.691747,3
4,audio,Task B ,1,1,1,0,9.00E-05,1,99.56088808,0,2757.341886,2
4,audio,Task B ,1,3,1,0,0.00019,1,125.7975195,0,2735.393594,3
4,audio,Task B ,1,3,0,0,0.00041,2,270.9067241,0,2879.282674,4
4,audio,Task B ,1,3,1,0,0.00019,1,307.792885,0,2572.791656,3
4,audio,Task B ,1,3,1,0,0.00041,1,188.5319971,0,2606.644549,4
5,audio,Task B ,1,3,0,0,0.00019,2,138.9330138,0,2706.382706,3
5,audio,Task B ,1,1,0,0,9.00E-05,2,230.1235444,0,2500.892274,2
5,audio,Task B ,1,1,0,0,4.00E-05,2,357.124824,0,2252.529274,1
5,audio,Task B ,1,1,0,0,4.00E-05,2,317.0384828,0,3052.738337,1
5,audio,Task B ,2,2,0,0,0.00041,1,75.80142886,0,2793.284643,4
5,audio,Task B ,1,2,0,0,4.00E-05,2,324.048179,0,2397.25553,1
6,audio,Task B ,2,2,1,0,9.00E-05,2,131.5177342,0,3385.500773,2
6,audio,Task B ,2,3,0,0,0.00041,1,313.0678628,0,2700.247751,4
6,audio,Task B ,1,2,0,0,0.00019,2,210.788399,0,1503.118738,3
6,audio,Task B ,1,2,1,0,0.00019,1,239.3353722,0,2829.565961,3
6,audio,Task B ,1,3,1,0,0.00041,1,77.68568706,0,2722.931381,4
6,audio,Task B ,2,3,1,0,9.00E-05,2,336.8491446,0,2191.565952,2
7,audio,Task B ,2,4,1,0,0.00041,2,296.5081569,0,3331.138831,4
7,audio,Task B ,1,1,0,0,4.00E-05,2,159.0496892,0,2684.683587,1
7,audio,Task B ,1,1,1,0,4.00E-05,1,299.1742222,0,2829.16233,1
7,audio,Task B ,1,4,0,0,9.00E-05,2,306.4289348,0,3004.816139,2
7,audio,Task B ,1,1,0,0,4.00E-05,2,148.8223586,0,2224.336404,1
7,audio,Task B ,1,1,0,0,9.00E-05,2,228.2493529,0,1787.149794,2
8,audio,Task B ,2,3,1,0,0.00041,2,234.8685123,0,2321.159648,4
8,audio,Task B ,1,1,0,0,9.00E-05,2,38.21863175,0,2501.67923,2
8,audio,Task B ,2,1,0,0,9.00E-05,1,53.40830547,0,2709.400943,2
8,audio,Task B ,1,2,0,0,0.00041,2,304.5900429,0,2277.185767,4
8,audio,Task B ,2,3,1,0,0.00041,2,62.06663714,0,3078.521818,4
8,audio,Task B ,1,4,0,0,0.00041,2,145.1718405,0,2600.563205,4
9,audio,Task B ,1,1,1,0,9.00E-05,1,24.14709088,0,2812.004908,2
9,audio,Task B ,1,1,0,0,4.00E-05,2,313.117499,0,3120.49418,1
9,audio,Task B ,1,1,1,0,0.00041,1,30.20133917,0,2608.845781,4
9,audio,Task B ,2,1,1,0,9.00E-05,2,276.3790876,0,3576.996722,2
9,audio,Task B ,2,1,1,0,4.00E-05,2,257.1865434,0,2363.72013,1
9,audio,Task B ,2,3,1,0,0.00041,2,133.8760833,0,2824.778329,4
10,audio,Task B ,1,2,1,0,4.00E-05,1,330.2670512,0,2782.923311,1
10,audio,Task B ,1,1,1,0,9.00E-05,1,18.28226029,0,2950.762467,2
10,audio,Task B ,1,1,1,0,4.00E-05,1,24.72565617,0,2684.03182,1
10,audio,Task B ,1,1,0,0,4.00E-05,2,123.8155307,0,3412.527917,1
10,audio,Task B ,1,1,1,0,9.00E-05,1,175.6605257,0,2667.620141,2
10,audio,Task B ,1,1,0,0,9.00E-05,2,305.2529827,0,2563.332772,2
1,audio,Task B ,1,2,1,0,4.00E-05,1,349.2784805,0,2618.321996,1
1,audio,Task B ,1,3,0,0,0.00041,2,222.2246094,0,2807.266759,4
1,audio,Task B ,2,4,1,0,0.00041,2,199.3664603,0,2206.995083,4
1,audio,Task B ,1,3,1,0,9.00E-05,1,358.2648107,0,2718.897633,2
1,audio,Task B ,1,2,1,0,9.00E-05,1,23.97936534,0,2616.049691,2
1,audio,Task B ,2,1,1,0,4.00E-05,2,209.2735544,0,2276.939842,1
2,audio,Task B ,1,3,1,0,9.00E-05,1,55.48068414,0,2654.43892,2
2,audio,Task B ,1,2,0,0,4.00E-05,2,316.2150183,0,2613.55875,1
2,audio,Task B ,1,2,0,0,4.00E-05,2,131.5300832,0,3272.933318,1
2,audio,Task B ,1,2,1,0,4.00E-05,1,336.9489989,0,2770.462728,1
2,audio,Task B ,2,3,0,0,0.00041,1,336.6135644,0,2695.135796,4
2,audio,Task B ,1,2,0,0,0.00041,2,94.51363936,0,2706.286748,4
3,audio,Task B ,1,2,0,0,9.00E-05,2,108.0797782,0,2690.388572,2
3,audio,Task B ,1,3,1,0,9.00E-05,1,52.34337078,0,2864.014537,2
3,audio,Task B ,1,4,1,0,0.00019,1,121.4983073,0,2702.86691,3
3,audio,Task B ,2,2,1,0,0.00041,2,107.489914,0,2603.913593,4
3,audio,Task B ,2,3,0,0,4.00E-05,1,137.3123754,0,2984.54717,1
3,audio,Task B ,2,4,1,0,4.00E-05,2,108.4308906,0,3074.226536,1
4,audio,Task B ,1,3,1,0,0.00041,1,64.16275995,0,2787.042049,4
4,audio,Task B ,1,3,0,0,0.00041,2,45.39144828,0,2698.544233,4
4,audio,Task B ,1,3,0,0,0.00041,2,156.769481,0,3195.632841,4
4,audio,Task B ,1,3,1,0,0.00041,1,29.96351661,0,2577.926446,4
4,audio,Task B ,1,3,1,0,0.00019,1,61.17641575,0,2700.317543,3
4,audio,Task B ,1,3,1,0,0.00019,1,187.3708675,0,2759.281112,3
5,audio,Task B ,1,3,1,0,0.00041,1,339.1851984,0,2530.698047,4
5,audio,Task B ,1,4,1,0,0.00019,1,294.6116117,0,2593.879397,3
5,audio,Task B ,1,2,1,0,9.00E-05,1,64.34612875,0,2628.821678,2
5,audio,Task B ,1,3,0,0,9.00E-05,2,106.8033543,0,3445.985016,2
5,audio,Task B ,2,4,0,0,9.00E-05,1,166.4939923,0,2778.819967,2
5,audio,Task B ,2,1,0,0,0.00019,1,210.4567619,0,2526.55746,3
6,audio,Task B ,2,3,1,0,0.00019,2,300.2402462,0,3612.062471,3
6,audio,Task B ,2,3,1,0,9.00E-05,2,225.9082043,0,3692.590925,2
6,audio,Task B ,1,3,0,0,4.00E-05,2,190.2872446,0,2217.761469,1
6,audio,Task B ,1,3,0,0,0.00019,2,268.5637114,0,2745.123549,3
6,audio,Task B ,2,4,0,0,0.00041,1,102.9259498,0,3071.295245,4
6,audio,Task B ,2,4,1,0,0.00041,2,150.3637984,0,1816.541975,4
7,audio,Task B ,2,4,0,0,0.00019,1,142.4249742,0,2778.475159,3
7,audio,Task B ,2,4,0,0,0.00041,1,262.1361078,0,2754.803676,4
7,audio,Task B ,1,1,0,0,9.00E-05,2,170.5180715,0,2117.805414,2
7,audio,Task B ,2,4,1,0,0.00041,2,288.1296192,0,2897.713102,4
7,audio,Task B ,2,4,0,0,0.00041,1,49.56969533,0,2689.772727,4
7,audio,Task B ,1,1,1,0,9.00E-05,1,290.5904631,0,2882.615976,2
8,audio,Task B ,2,4,1,0,0.00019,2,314.2662568,0,3284.748531,3
8,audio,Task B ,1,1,1,0,0.00019,1,261.3521237,0,2579.337004,3
8,audio,Task B ,2,2,1,0,9.00E-05,2,125.7273313,0,2621.557776,2
8,audio,Task B ,2,2,1,0,4.00E-05,2,255.6284337,0,2591.368167,1
8,audio,Task B ,1,4,1,0,0.00041,1,178.4927607,0,2586.712775,4
8,audio,Task B ,2,2,1,0,0.00019,2,187.2142825,0,2303.695909,3
9,audio,Task B ,1,1,0,0,4.00E-05,2,26.44771059,0,3214.681765,1
9,audio,Task B ,2,1,1,0,0.00019,2,253.7067886,0,1804.611599,3
9,audio,Task B ,1,1,1,0,9.00E-05,1,327.690347,0,2622.451016,2
9,audio,Task B ,2,1,0,0,4.00E-05,1,186.2029447,0,2878.425162,1
9,audio,Task B ,1,1,0,0,9.00E-05,2,283.8930776,0,3254.149728,2
9,audio,Task B ,2,4,1,0,0.00041,2,203.3577516,0,3034.270309,4
10,audio,Task B ,1,1,0,0,0.00041,2,179.8082976,0,2740.142262,4
10,audio,Task B ,1,1,1,0,9.00E-05,1,247.192744,0,2646.12091,2
10,audio,Task B ,2,2,1,0,9.00E-05,2,154.6008667,0,3039.90797,2
10,audio,Task B ,1,1,1,0,4.00E-05,1,184.2634629,0,2629.60372,1
10,audio,Task B ,1,2,1,0,0.00019,1,343.3419445,0,2640.502877,3
10,audio,Task B ,2,1,0,0,9.00E-05,1,241.1535539,0,2796.711489,2
1,audio,Task B ,2,2,1,0,9.00E-05,2,246.282635,0,2895.495032,2
1,audio,Task B ,2,2,1,0,9.00E-05,2,87.53989058,0,2378.453409,2
1,audio,Task B ,1,3,0,0,9.00E-05,2,353.5910177,0,2666.513601,2
1,audio,Task B ,2,1,0,0,4.00E-05,1,335.3069222,0,2759.994558,1
1,audio,Task B ,1,2,1,0,0.00019,1,100.7871291,0,2731.516587,3
1,audio,Task B ,1,1,1,0,4.00E-05,1,254.8319958,0,2563.977316,1
2,audio,Task B ,1,2,0,0,0.00041,2,295.9173879,0,2627.427367,4
2,audio,Task B ,2,1,0,0,9.00E-05,1,197.9366349,0,2572.701169,2
2,audio,Task B ,1,2,1,0,0.00041,1,168.9633663,0,2651.030605,4
2,audio,Task B ,1,3,1,0,9.00E-05,1,305.8134698,0,2878.145635,2
2,audio,Task B ,2,3,1,0,0.00041,2,147.8012261,0,3090.161918,4
2,audio,Task B ,1,2,0,0,9.00E-05,2,0.146966562,0,2827.395389,2
3,audio,Task B ,2,3,1,0,4.00E-05,2,287.2931062,0,3286.296904,1
3,audio,Task B ,1,4,1,0,9.00E-05,1,122.230302,0,2660.997497,2
3,audio,Task B ,2,1,0,0,0.00019,1,278.2831506,0,2790.036519,3
3,audio,Task B ,2,1,0,0,4.00E-05,1,46.88455523,0,2646.925093,1
3,audio,Task B ,1,4,1,0,0.00041,1,124.5491963,0,2708.202535,4
3,audio,Task B ,1,1,1,0,0.00041,1,124.8215853,0,2909.597111,4
4,audio,Task B ,1,2,1,0,0.00041,1,351.4394697,0,2638.679001,4
4,audio,Task B ,1,3,1,0,0.00019,1,317.302169,0,2814.851126,3
4,audio,Task B ,1,1,0,0,9.00E-05,2,20.31028205,0,2543.524422,2
4,audio,Task B ,1,3,1,0,0.00019,1,20.07713349,0,2846.188097,3
4,audio,Task B ,1,3,0,0,0.00041,2,19.55570452,0,2597.7291,4
4,audio,Task B ,1,1,0,0,4.00E-05,2,300.1110129,0,2217.69549,1
5,audio,Task B ,2,1,1,0,4.00E-05,2,319.8176138,0,2486.835836,1
5,audio,Task B ,2,4,1,0,9.00E-05,2,339.8233447,0,3089.544747,2
5,audio,Task B ,1,1,0,0,4.00E-05,2,93.69837516,0,2197.883733,1
5,audio,Task B ,1,3,0,0,0.00019,2,95.83267708,0,2563.172277,3
5,audio,Task B ,2,2,0,0,0.00019,1,4.217747308,0,2526.090785,3
5,audio,Task B ,2,1,1,0,9.00E-05,2,298.436719,0,3267.853795,2
6,audio,Task B ,2,3,0,0,4.00E-05,1,102.4346507,0,2739.540916,1
6,audio,Task B ,2,3,1,0,0.00041,2,221.8963485,0,3204.3405,4
6,audio,Task B ,2,3,1,0,0.00041,2,25.30720197,0,4069.126463,4
6,audio,Task B ,1,2,0,0,9.00E-05,2,156.6545012,0,3049.36935,2
6,audio,Task B ,1,2,1,0,0.00019,1,19.03516099,0,3040.851252,3
6,audio,Task B ,1,3,0,0,0.00019,2,47.22309633,0,2312.835026,3
7,audio,Task B ,2,4,0,0,0.00019,1,179.4958316,0,2553.263658,3
7,audio,Task B ,2,4,0,0,0.00019,1,277.2776363,0,2424.700684,3
7,audio,Task B ,1,4,0,0,0.00041,2,236.4827544,0,2048.408678,4
7,audio,Task B ,1,1,0,0,4.00E-05,2,250.5284552,0,3230.588655,1
7,audio,Task B ,1,1,0,0,0.00019,2,354.1425889,0,3174.933958,3
7,audio,Task B ,1,4,0,0,9.00E-05,2,271.4049581,0,3002.550545,2
8,audio,Task B ,1,1,0,0,4.00E-05,2,96.6099717,0,3181.505294,1
8,audio,Task B ,2,4,1,0,0.00019,2,235.6953022,0,3153.717512,3
8,audio,Task B ,1,2,0,0,0.00041,2,231.3298415,0,2467.253816,4
8,audio,Task B ,1,4,0,0,0.00019,2,347.5527883,0,2662.969288,3
8,audio,Task B ,2,1,1,0,4.00E-05,2,153.5534298,0,3071.153925,1
8,audio,Task B ,1,1,1,0,4.00E-05,1,13.10463603,0,2624.479936,1
9,audio,Task B ,1,1,0,0,4.00E-05,2,215.8230211,0,2558.792188,1
9,audio,Task B ,2,1,0,0,4.00E-05,1,327.3104977,0,2584.702923,1
9,audio,Task B ,1,4,1,0,0.00041,1,227.3996013,0,2689.028489,4
9,audio,Task B ,1,1,0,0,0.00019,2,352.8862392,0,2198.954424,3
9,audio,Task B ,1,1,0,0,0.00019,2,322.4186488,0,3875.690029,3
9,audio,Task B ,1,1,0,0,9.00E-05,2,187.3674236,0,1330.535109,2
10,audio,Task B ,2,2,1,0,0.00019,2,117.6838653,0,2858.957465,3
10,audio,Task B ,1,2,1,0,0.00019,1,7.02697395,0,2785.709949,3
10,audio,Task B ,2,2,1,0,0.00019,2,93.14237587,0,3096.852663,3
10,audio,Task B ,2,2,0,0,4.00E-05,1,254.9789898,0,2583.727088,1
10,audio,Task B ,1,2,1,0,9.00E-05,1,283.9408995,0,2579.518479,2
10,audio,Task B ,2,1,1,0,0.00041,2,351.0804674,0,3356.391187,4
1,audio,Task B ,1,4,1,0,9.00E-05,1,131.3630871,0,2846.060201,2
1,audio,Task B ,2,4,1,0,0.00041,2,6.224460392,0,1953.691325,4
1,audio,Task B ,1,3,1,0,9.00E-05,1,240.4370687,0,2794.708807,2
1,audio,Task B ,2,3,1,0,9.00E-05,2,146.6013794,0,3028.605634,2
1,audio,Task B ,2,2,1,0,9.00E-05,2,334.1437924,0,3089.744097,2
1,audio,Task B ,1,2,1,0,9.00E-05,1,149.3886415,0,2554.137914,2
2,audio,Task B ,2,2,1,0,4.00E-05,2,277.315718,0,2212.948536,1
2,audio,Task B ,1,3,1,0,9.00E-05,1,213.8537081,0,2732.034768,2
2,audio,Task B ,1,2,0,0,0.00019,2,65.00154724,0,3033.657339,3
2,audio,Task B ,1,2,0,0,0.00041,2,143.1935893,0,2589.530431,4
2,audio,Task B ,2,1,0,0,0.00041,1,162.8318376,0,2470.857437,4
2,audio,Task B ,1,3,1,0,4.00E-05,1,345.6971922,0,2778.952523,1
3,audio,Task B ,2,4,1,0,0.00019,2,103.8382678,0,3341.610008,3
3,audio,Task B ,1,3,1,0,0.00041,1,35.66115288,0,2873.216726,4
3,audio,Task B ,1,1,1,0,4.00E-05,1,146.1024133,0,2581.008214,1
3,audio,Task B ,1,3,0,0,9.00E-05,2,228.9099717,0,3066.254711,2
3,audio,Task B ,2,2,0,0,0.00019,1,357.9107209,0,2548.383669,3
3,audio,Task B ,2,4,1,0,4.00E-05,2,186.21148,0,2875.482768,1
4,audio,Task B ,1,1,0,0,9.00E-05,2,93.97159377,0,3092.306907,2
4,audio,Task B ,1,3,1,0,0.00041,1,192.3615938,0,2663.728662,4
4,audio,Task B ,1,3,0,0,9.00E-05,2,357.0915069,0,2928.011842,2
4,audio,Task B ,2,2,0,0,4.00E-05,1,275.7647038,0,2858.825747,1
4,audio,Task B ,1,3,0,0,0.00019,2,319.5704094,0,2734.95317,3
4,audio,Task B ,1,3,0,0,0.00041,2,164.1003346,0,2519.166896,4
5,audio,Task B ,2,4,1,0,0.00041,2,139.9943863,0,3526.594431,4
5,audio,Task B ,2,2,1,0,9.00E-05,2,254.2591413,0,2559.782115,2
5,audio,Task B ,1,4,1,0,0.00041,1,177.0982642,0,2788.717967,4
5,audio,Task B ,1,1,0,0,4.00E-05,2,181.3176212,0,2617.18182,1
5,audio,Task B ,1,3,0,0,0.00041,2,238.9698881,0,2814.830609,4
5,audio,Task B ,1,3,1,0,0.00041,1,17.39997679,0,2612.297419,4
6,audio,Task B ,1,2,0,0,4.00E-05,2,32.84401877,0,2572.959944,1
6,audio,Task B ,1,3,0,0,0.00019,2,181.6611735,0,3041.102722,3
6,audio,Task B ,2,3,0,0,0.00019,1,88.14995668,0,2819.358928,3
6,audio,Task B ,2,2,0,0,9.00E-05,1,256.4337982,0,2648.130833,2
6,audio,Task B ,2,3,1,0,0.00041,2,109.4939862,0,2827.027447,4
6,audio,Task B ,1,2,1,0,0.00041,1,308.8011987,0,2642.759178,4
7,audio,Task B ,2,4,1,0,0.00019,2,307.4311011,0,2467.849668,3
7,audio,Task B ,2,4,1,0,0.00041,2,354.6399211,0,2923.185316,4
7,audio,Task B ,1,3,1,0,9.00E-05,1,75.06441793,0,2822.988885,2
7,audio,Task B ,1,4,1,0,9.00E-05,1,296.2233396,0,2618.34554,2
7,audio,Task B ,1,4,1,0,0.00019,1,173.070691,0,2767.422,3
7,audio,Task B ,1,4,1,0,0.00019,1,85.80340396,0,2535.06138,3
8,audio,Task B ,2,2,0,0,0.00019,1,13.82619263,0,2752.949836,3
8,audio,Task B ,2,3,1,0,0.00041,2,290.9287766,0,3090.605789,4
8,audio,Task B ,2,2,1,0,0.00019,2,0.276450793,0,2647.786428,3
8,audio,Task B ,1,2,1,0,0.00041,1,321.0979325,0,2555.999986,4
8,audio,Task B ,1,1,1,0,4.00E-05,1,130.3683997,0,2810.142384,1
8,audio,Task B ,1,1,0,0,0.00019,2,13.59764353,0,2608.181101,3
9,audio,Task B ,2,4,1,0,0.00041,2,226.5521017,0,3626.999074,4
9,audio,Task B ,2,1,0,0,0.00019,1,281.6647016,0,2775.041158,3
9,audio,Task B ,2,1,1,0,9.00E-05,2,73.98786534,0,3038.193945,2
9,audio,Task B ,1,1,1,0,4.00E-05,1,99.53940923,0,2829.281793,1
9,audio,Task B ,2,4,1,0,0.00041,2,43.72475592,0,2751.047492,4
9,audio,Task B ,2,4,0,0,0.00019,1,343.3054476,0,2482.651108,3
10,audio,Task B ,2,1,1,0,0.00019,2,290.8127308,0,2388.927676,3
10,audio,Task B ,1,1,1,0,4.00E-05,1,200.7780704,0,2719.376698,1
10,audio,Task B ,2,1,0,0,9.00E-05,1,301.8801824,0,2699.688559,2
10,audio,Task B ,1,1,1,0,0.00019,1,4.542067047,0,2643.10523,3
10,audio,Task B ,1,2,1,0,0.00019,1,210.6310166,0,2791.685167,3
10,audio,Task B ,1,1,1,0,0.00019,1,83.05354973,0,2620.637619,3
1,audio,Task B ,2,2,0,0,0.00019,1,16.65548135,0,2859.586043,3
1,audio,Task B ,1,2,0,0,0.00041,2,172.4244271,0,2963.449386,4
1,audio,Task B ,1,2,0,0,0.00041,2,215.5487727,0,2690.096616,4
1,audio,Task B ,2,2,1,0,9.00E-05,2,215.2017446,0,2826.455574,2
1,audio,Task B ,2,4,1,0,0.00019,2,70.96147932,0,1776.755356,3
1,audio,Task B ,1,1,0,0,4.00E-05,2,254.9515674,0,2916.583913,1
2,audio,Task B ,1,3,1,0,9.00E-05,1,350.7087976,0,2920.286954,2
2,audio,Task B ,2,3,1,0,0.00019,2,2.016058584,0,3319.512228,3
2,audio,Task B ,1,1,1,0,4.00E-05,1,328.8196829,0,2563.954061,1
2,audio,Task B ,1,2,1,0,4.00E-05,1,65.30048966,0,2745.384966,1
2,audio,Task B ,1,2,1,0,9.00E-05,1,31.97095721,0,2641.996525,2
2,audio,Task B ,2,2,1,0,0.00041,2,160.9069942,0,2165.097003,4
3,audio,Task B ,1,3,1,0,0.00019,1,86.54707491,0,2798.340604,3
3,audio,Task B ,2,3,1,0,0.00019,2,217.7372571,0,2586.767425,3
3,audio,Task B ,2,1,1,0,9.00E-05,2,34.9393882,0,1542.052129,2
3,audio,Task B ,2,4,1,0,0.00041,2,93.96831503,0,3284.541506,4
3,audio,Task B ,1,1,1,0,4.00E-05,1,190.9439906,0,2724.192851,1
3,audio,Task B ,2,1,1,0,4.00E-05,2,122.4262233,0,1915.949436,1
4,audio,Task B ,1,1,1,0,4.00E-05,1,76.58671595,0,2699.049463,1
4,audio,Task B ,2,4,1,0,0.00019,2,225.738406,0,3532.234624,3
4,audio,Task B ,2,3,1,0,0.00041,2,141.9425055,0,2180.72655,4
4,audio,Task B ,1,3,1,0,0.00041,1,95.87946969,0,2538.903544,4
4,audio,Task B ,1,3,1,0,0.00019,1,230.3819515,0,2603.633565,3
4,audio,Task B ,1,3,0,0,4.00E-05,2,248.4306831,0,2717.739123,1
5,audio,Task B ,1,3,0,0,0.00019,2,192.9186375,0,2631.155864,3
5,audio,Task B ,2,4,1,0,9.00E-05,2,288.071002,0,3234.188054,2
5,audio,Task B ,1,2,0,0,0.00019,2,256.2706113,0,2983.649587,3
5,audio,Task B ,1,3,1,0,0.00041,1,87.46999632,0,2651.942794,4
5,audio,Task B ,1,2,0,0,0.00019,2,188.9067817,0,2497.607008,3
5,audio,Task B ,1,1,0,0,9.00E-05,2,237.0286748,0,3161.682515,2
6,audio,Task B ,2,3,0,0,9.00E-05,1,308.9578887,0,2701.415966,2
6,audio,Task B ,1,3,1,0,0.00041,1,149.660516,0,2527.929735,4
6,audio,Task B ,2,3,1,0,9.00E-05,2,120.4173692,0,2509.846295,2
6,audio,Task B ,2,3,1,0,9.00E-05,2,175.2082756,0,2960.576151,2
6,audio,Task B ,1,3,0,0,9.00E-05,2,58.67017442,0,3091.282549,2
6,audio,Task B ,2,2,0,0,0.00019,1,303.371526,0,2531.575304,3
7,audio,Task B ,2,4,1,0,0.00041,2,256.5431466,0,2608.871527,4
7,audio,Task B ,1,4,1,0,9.00E-05,1,175.9863977,0,2846.346818,2
7,audio,Task B ,1,4,0,0,0.00019,2,258.3047946,0,3094.088654,3
7,audio,Task B ,2,4,1,0,0.00041,2,4.769259619,0,2583.805792,4
7,audio,Task B ,1,4,1,0,0.00041,1,340.5398293,0,2743.587171,4
7,audio,Task B ,1,1,1,0,9.00E-05,1,48.9470618,0,2787.294829,2
8,audio,Task B ,1,4,0,0,0.00041,2,30.15422142,0,2338.896373,4
8,audio,Task B ,2,1,1,0,0.00019,2,99.828318,0,2941.414577,3
8,audio,Task B ,1,2,0,0,0.00019,2,62.9604942,0,2011.837355,3
8,audio,Task B ,2,1,1,0,9.00E-05,2,185.2310434,0,2073.319646,2
8,audio,Task B ,2,4,1,0,0.00019,2,32.47237675,0,3224.486316,3
8,audio,Task B ,1,1,1,0,9.00E-05,1,301.3070988,0,2646.547669,2
9,audio,Task B ,1,4,1,0,0.00041,1,258.0042257,0,2844.002054,4
9,audio,Task B ,1,4,0,0,0.00041,2,58.66536781,0,2807.08527,4
9,audio,Task B ,1,1,0,0,0.00019,2,180.5048183,0,1482.33992,3
9,audio,Task B ,1,1,1,0,0.00019,1,285.5201501,0,3004.10639,3
9,audio,Task B ,1,1,1,0,4.00E-05,1,323.8190732,0,2669.125517,1
9,audio,Task B ,1,1,1,0,4.00E-05,1,63.75271199,0,2719.234806,1
10,audio,Task B ,1,1,1,0,0.00041,1,3.556372077,0,2640.555522,4
10,audio,Task B ,2,2,1,0,0.00019,2,42.18382273,0,3059.657881,3
10,audio,Task B ,1,2,1,0,0.00041,1,328.5874536,0,2829.635197,4
10,audio,Task B ,1,1,0,0,4.00E-05,2,55.60757673,0,3471.348141,1
10,audio,Task B ,2,2,1,0,0.00019,2,139.7518563,0,2840.476501,3
10,audio,Task B ,1,1,0,0,0.00019,2,142.2124237,0,2038.638473,3
1,audio,Task B ,2,2,0,0,4.00E-05,1,310.2545584,0,2787.379293,1
1,audio,Task B ,1,2,1,0,4.00E-05,1,86.77716332,0,2775.655533,1
1,audio,Task B ,1,2,1,0,0.00019,1,274.6610012,0,2616.750395,3
1,audio,Task B ,1,2,1,0,4.00E-05,1,195.0726335,0,2604.77369,1
1,audio,Task B ,2,1,1,0,4.00E-05,2,113.9078472,0,1803.287994,1
1,audio,Task B ,2,2,0,0,0.00041,1,95.41081774,0,2500.665809,4
2,audio,Task B ,2,3,0,0,9.00E-05,1,317.1832757,0,2839.394437,2
2,audio,Task B ,2,1,1,0,0.00041,2,274.3543367,0,2317.048929,4
2,audio,Task B ,2,2,1,0,9.00E-05,2,325.8722549,0,2312.024548,2
2,audio,Task B ,2,2,1,0,0.00019,2,262.9530592,0,2509.403809,3
2,audio,Task B ,1,2,0,0,0.00041,2,83.92607411,0,3064.863788,4
2,audio,Task B ,2,1,1,0,9.00E-05,2,206.1398851,0,2129.831121,2
3,audio,Task B ,1,1,0,0,9.00E-05,2,16.6116292,0,2940.703015,2
3,audio,Task B ,1,2,0,0,0.00041,2,55.44747218,0,3024.305436,4
3,audio,Task B ,1,2,1,0,0.00019,1,334.1656189,0,2986.541268,3
3,audio,Task B ,1,2,1,0,0.00019,1,347.5761769,0,2840.771742,3
3,audio,Task B ,2,1,1,0,4.00E-05,2,230.7918707,0,1961.246616,1
3,audio,Task B ,1,1,0,0,9.00E-05,2,337.7045431,0,2615.662584,2
4,audio,Task B ,1,1,0,0,4.00E-05,2,340.0066305,0,2250.16013,1
4,audio,Task B ,1,3,1,0,0.00019,1,275.9398274,0,2716.649478,3
4,audio,Task B ,2,4,1,0,0.00019,2,261.3269098,0,3551.120466,3
4,audio,Task B ,1,1,0,0,0.00019,2,100.1183285,0,3963.80715,3
4,audio,Task B ,2,3,1,0,0.00041,2,254.5415023,0,3505.421924,4
4,audio,Task B ,1,2,0,0,4.00E-05,2,355.2165288,0,2577.403298,1
5,audio,Task B ,1,2,0,0,0.00019,2,48.93260141,0,2933.290252,3
5,audio,Task B ,1,1,1,0,9.00E-05,1,260.4129646,0,2887.539865,2
5,audio,Task B ,2,2,1,0,0.00019,2,269.0559782,0,3190.791123,3
5,audio,Task B ,2,4,1,0,0.00019,2,96.95881825,0,3107.245609,3
5,audio,Task B ,1,3,1,0,0.00019,1,279.6009981,0,2815.972865,3
5,audio,Task B ,1,1,0,0,4.00E-05,2,348.7342826,0,3106.526157,1
6,audio,Task B ,1,3,0,0,0.00041,2,355.3318999,0,2804.056647,4
6,audio,Task B ,1,2,1,0,9.00E-05,1,77.40373498,0,2480.752219,2
6,audio,Task B ,1,3,1,0,9.00E-05,1,19.91116039,0,2588.475066,2
6,audio,Task B ,1,2,1,0,9.00E-05,1,280.1449146,0,2745.093749,2
6,audio,Task B ,2,3,1,0,0.00041,2,56.91017777,0,3494.9641,4
6,audio,Task B ,2,4,1,0,0.00041,2,335.3026504,0,3011.417864,4
7,audio,Task B ,2,4,0,0,0.00041,1,278.5884745,0,2732.099196,4
7,audio,Task B ,1,1,1,0,4.00E-05,1,161.9877789,0,2732.670227,1
7,audio,Task B ,1,4,1,0,0.00041,1,55.99661074,0,2749.509098,4
7,audio,Task B ,1,1,0,0,4.00E-05,2,263.6191155,0,1895.268308,1
7,audio,Task B ,2,4,0,0,0.00019,1,172.2459179,0,2749.182984,3
7,audio,Task B ,1,4,0,0,9.00E-05,2,280.1202962,0,3013.177916,2
8,audio,Task B ,2,1,0,0,0.00019,1,127.8220407,0,2588.559734,3
8,audio,Task B ,2,4,0,0,4.00E-05,1,180.8212854,0,2740.082089,1
8,audio,Task B ,2,4,0,0,0.00019,1,359.8723692,0,2823.377939,3
8,audio,Task B ,2,4,1,0,4.00E-05,2,43.78948123,0,3377.635587,1
8,audio,Task B ,1,1,0,0,4.00E-05,2,302.9185461,0,3171.703831,1
8,audio,Task B ,1,1,1,0,9.00E-05,1,304.115406,0,2628.571329,2
9,audio,Task B ,1,1,1,0,4.00E-05,1,263.4235894,0,2932.728713,1
9,audio,Task B ,2,3,1,0,0.00019,2,13.76655356,0,2680.85397,3
9,audio,Task B ,2,1,1,0,9.00E-05,2,48.28755815,0,2837.450586,2
9,audio,Task B ,2,4,1,0,0.00041,2,59.87419586,0,3080.515139,4
9,audio,Task B ,1,1,0,0,0.00019,2,332.3514317,0,2307.612196,3
9,audio,Task B ,1,1,0,0,9.00E-05,2,224.4382785,0,2744.158342,2
10,audio,Task B ,2,2,0,0,0.00041,1,133.5811641,0,2984.158901,4
10,audio,Task B ,1,1,0,0,9.00E-05,2,80.46679695,0,2173.5325,2
10,audio,Task B ,1,1,1,0,4.00E-05,1,347.4198861,0,2621.508556,1
10,audio,Task B ,1,1,1,0,0.00019,1,130.7690946,0,2659.555891,3
10,audio,Task B ,1,2,1,0,0.00041,1,290.983005,0,2804.730076,4
10,audio,Task B ,1,2,0,0,4.00E-05,2,159.9349082,0,2675.113796,1
1,audio,Task B ,1,3,1,0,0.00019,1,311.4849381,0,2710.976448,3
1,audio,Task B ,1,2,0,0,4.00E-05,2,39.48519416,0,1572.692338,1
1,audio,Task B ,1,2,1,0,9.00E-05,1,336.4757243,0,2714.716173,2
1,audio,Task B ,2,1,1,0,4.00E-05,2,16.06543769,0,3621.621948,1
1,audio,Task B ,1,2,1,0,4.00E-05,1,350.0186564,0,2492.485434,1
1,audio,Task B ,2,1,1,0,4.00E-05,2,295.2991461,0,1775.326545,1
2,audio,Task B ,1,2,0,0,4.00E-05,2,41.11896079,0,2358.021789,1
2,audio,Task B ,1,3,1,0,4.00E-05,1,261.613153,0,2590.251804,1
2,audio,Task B ,2,1,0,0,0.00041,1,38.19691121,0,2590.126925,4
2,audio,Task B ,2,2,0,0,0.00041,1,289.5536885,0,2685.607028,4
2,audio,Task B ,1,2,1,0,4.00E-05,1,5.703978575,0,2715.273426,1
2,audio,Task B ,2,2,1,0,4.00E-05,2,309.9319708,0,3699.20858,1
3,audio,Task B ,2,2,1,0,0.00041,2,179.9001197,0,2938.053708,4
3,audio,Task B ,2,4,1,0,9.00E-05,2,232.3899711,0,3520.214455,2
3,audio,Task B ,1,4,1,0,0.00041,1,98.08956271,0,2628.938513,4
3,audio,Task B ,2,3,1,0,9.00E-05,2,183.8387748,0,3052.757347,2
3,audio,Task B ,1,1,1,0,0.00041,1,295.9071308,0,2869.882511,4
3,audio,Task B ,2,2,1,0,4.00E-05,2,333.0282154,0,2889.385338,1
4,audio,Task B ,1,1,1,0,4.00E-05,1,302.3900892,0,2679.774514,1
4,audio,Task B ,1,3,0,0,0.00019,2,331.3746924,0,2541.892277,3
4,audio,Task B ,1,3,1,0,0.00019,1,250.0117117,0,2761.586901,3
4,audio,Task B ,1,3,1,0,9.00E-05,1,91.09011041,0,2374.391978,2
4,audio,Task B ,1,1,0,0,4.00E-05,2,41.9806311,0,2978.131322,1
4,audio,Task B ,1,3,0,0,0.00041,2,58.26841682,0,3087.910347,4
5,audio,Task B ,1,1,0,0,4.00E-05,2,25.89604533,0,2909.862161,1
5,audio,Task B ,1,3,0,0,0.00019,2,240.9452522,0,1838.706512,3
5,audio,Task B ,2,2,0,0,9.00E-05,1,312.3711076,0,2577.054022,2
5,audio,Task B ,2,1,1,0,0.00041,2,261.1218713,0,2237.521352,4
5,audio,Task B ,1,1,0,0,0.00041,2,106.3788559,0,2255.458676,4
5,audio,Task B ,1,3,0,0,9.00E-05,2,351.7323549,0,2726.049925,2
6,audio,Task B ,2,2,0,0,4.00E-05,1,135.3554166,0,2597.596176,1
6,audio,Task B ,2,2,0,0,0.00019,1,96.11573495,0,2886.359315,3
6,audio,Task B ,2,3,1,0,0.00019,2,128.6740797,0,2230.937517,3
6,audio,Task B ,1,2,1,0,0.00019,1,1.375658299,0,2909.273283,3
6,audio,Task B ,1,2,0,0,4.00E-05,2,1.664211721,0,3006.817831,1
6,audio,Task B ,2,3,0,0,0.00041,1,111.1849092,0,2597.263753,4
7,audio,Task B ,2,4,0,0,4.00E-05,1,215.3914273,0,2600.945086,1
7,audio,Task B ,1,1,1,0,9.00E-05,1,246.1207528,0,2472.320271,2
7,audio,Task B ,2,4,1,0,0.00019,2,91.96050042,0,3499.882162,3
7,audio,Task B ,1,4,0,0,0.00041,2,242.0945613,0,2947.652312,4
7,audio,Task B ,1,4,1,0,9.00E-05,1,120.2165562,0,2552.503913,2
7,audio,Task B ,2,4,1,0,0.00041,2,153.8768584,0,2293.601175,4
8,audio,Task B ,1,3,0,0,0.00041,2,120.9637719,0,2388.096189,4
8,audio,Task B ,2,1,0,0,4.00E-05,1,154.4668346,0,2722.09153,1
8,audio,Task B ,2,1,1,0,9.00E-05,2,159.1900377,0,3305.606726,2
8,audio,Task B ,1,1,1,0,9.00E-05,1,117.8291395,0,2776.972894,2
8,audio,Task B ,1,1,1,0,9.00E-05,1,115.7463818,0,2511.076935,2
8,audio,Task B ,2,1,0,0,9.00E-05,1,329.0103944,0,2672.611036,2
9,audio,Task B ,1,1,0,0,4.00E-05,2,120.2925443,0,2186.555166,1
9,audio,Task B ,2,4,0,0,0.00041,1,113.5873048,0,2929.701964,4
9,audio,Task B ,1,1,0,0,9.00E-05,2,220.6434027,0,2411.467823,2
9,audio,Task B ,1,1,1,0,9.00E-05,1,255.1199273,0,2633.278181,2
9,audio,Task B ,1,1,0,0,4.00E-05,2,36.57085689,0,1930.859759,1
9,audio,Task B ,1,1,0,0,4.00E-05,2,263.4125607,0,3036.902705,1
10,audio,Task B ,2,1,0,0,0.00041,1,107.8729356,0,2522.592794,4
10,audio,Task B ,2,1,0,0,0.00041,1,348.7936972,0,2698.374191,4
10,audio,Task B ,1,1,1,0,4.00E-05,1,309.0922593,0,2574.816068,1
10,audio,Task B ,1,1,1,0,4.00E-05,1,290.6172281,0,2797.903128,1
10,audio,Task B ,2,2,1,0,0.00041,2,250.4523319,0,2783.689819,4
10,audio,Task B ,1,1,1,0,9.00E-05,1,350.6374766,0,2782.834343,2
1,audio,Task B ,1,2,0,0,0.00041,2,99.45407664,0,2746.348817,4
1,audio,Task B ,1,2,1,0,4.00E-05,1,321.5433788,0,2843.295995,1
1,audio,Task B ,2,3,1,0,0.00041,2,317.0656905,0,2492.152822,4
1,audio,Task B ,1,2,1,0,0.00041,1,220.2361346,0,2620.977664,4
1,audio,Task B ,1,2,0,0,0.00041,2,69.99265625,0,2573.73144,4
1,audio,Task B ,1,3,1,0,0.00041,1,159.7463763,0,2693.399388,4
2,audio,Task B ,2,1,1,0,4.00E-05,2,345.2414103,0,2078.908527,1
2,audio,Task B ,2,2,0,0,0.00041,1,143.8280639,0,2694.358535,4
2,audio,Task B ,1,1,0,0,9.00E-05,2,147.609455,0,2059.510557,2
2,audio,Task B ,1,3,0,0,4.00E-05,2,207.3895936,0,2818.876004,1
2,audio,Task B ,1,2,0,0,9.00E-05,2,211.9213976,0,2457.343073,2
2,audio,Task B ,1,1,1,0,4.00E-05,1,202.4110746,0,2836.513115,1
3,audio,Task B ,1,3,1,0,9.00E-05,1,87.31819546,0,2711.438264,2
3,audio,Task B ,1,4,1,0,0.00041,1,344.5024863,0,2564.185911,4
3,audio,Task B ,1,3,0,0,9.00E-05,2,27.42587176,0,2794.747223,2
3,audio,Task B ,1,2,0,0,4.00E-05,2,327.4574944,0,2671.643746,1
3,audio,Task B ,1,4,0,0,0.00041,2,335.9433194,0,2791.874733,4
3,audio,Task B ,1,4,1,0,0.00041,1,67.06068093,0,2706.367956,4
4,audio,Task B ,2,4,1,0,0.00019,2,27.67249591,0,1806.226781,3
4,audio,Task B ,1,1,0,0,4.00E-05,2,299.6733272,0,3441.851197,1
4,audio,Task B ,1,3,0,0,0.00041,2,48.5510804,0,2819.530602,4
4,audio,Task B ,2,4,1,0,0.00041,2,114.6491235,0,2250.003902,4
4,audio,Task B ,2,2,1,0,0.00019,2,213.5176861,0,2924.012285,3
4,audio,Task B ,1,1,1,0,4.00E-05,1,310.4255237,0,2825.081573,1
5,audio,Task B ,1,1,1,0,9.00E-05,1,208.5245036,0,2672.855355,2
5,audio,Task B ,2,4,1,0,0.00041,2,196.9417847,0,3794.520891,4
5,audio,Task B ,1,1,0,0,4.00E-05,2,340.9482584,0,1940.363954,1
5,audio,Task B ,1,3,1,0,0.00019,1,25.75147383,0,2858.767027,3
5,audio,Task B ,1,4,1,0,9.00E-05,1,160.697792,0,2770.601989,2
5,audio,Task B ,2,2,0,0,0.00019,1,52.50120358,0,2455.473106,3
6,audio,Task B ,2,3,1,0,0.00041,2,112.5611993,0,3281.389401,4
6,audio,Task B ,2,2,0,0,0.00041,1,285.6953149,0,2644.428164,4
6,audio,Task B ,1,3,1,0,9.00E-05,1,147.3700073,0,2686.371511,2
6,audio,Task B ,2,3,1,0,0.00041,2,325.737403,0,2511.78327,4
6,audio,Task B ,1,3,1,0,0.00019,1,66.87001639,0,2826.875489,3
6,audio,Task B ,1,1,0,0,0.00041,2,31.5280591,0,2508.549538,4
7,audio,Task B ,2,4,0,0,0.00041,1,45.16521039,0,2741.799838,4
7,audio,Task B ,1,4,0,0,0.00041,2,89.69195671,0,2767.120212,4
7,audio,Task B ,1,4,1,0,0.00019,1,67.99074785,0,2608.099869,3
7,audio,Task B ,1,4,1,0,0.00041,1,124.7590296,0,2613.634118,4
7,audio,Task B ,1,4,0,0,9.00E-05,2,204.490639,0,2790.106941,2
7,audio,Task B ,1,1,1,0,9.00E-05,1,17.17134071,0,2674.856628,2
8,audio,Task B ,2,4,1,0,0.00041,2,339.1829396,0,3136.016525,4
8,audio,Task B ,2,1,1,0,4.00E-05,2,327.2911357,0,3139.928376,1
8,audio,Task B ,1,2,0,0,4.00E-05,2,286.8400951,0,3926.258242,1
8,audio,Task B ,2,1,0,0,0.00041,1,142.1103073,0,2732.045044,4
8,audio,Task B ,2,1,0,0,9.00E-05,1,283.8443905,0,2737.089207,2
8,audio,Task B ,1,1,1,0,9.00E-05,1,181.8010292,0,2800.903865,2
9,audio,Task B ,2,1,0,0,4.00E-05,1,298.2023426,0,2797.53404,1
9,audio,Task B ,1,4,1,0,0.00041,1,202.0089382,0,2799.894397,4
9,audio,Task B ,2,1,1,0,0.00041,2,162.4415726,0,2441.444458,4
9,audio,Task B ,1,1,0,0,9.00E-05,2,180.1312613,0,2737.491864,2
9,audio,Task B ,1,1,0,0,4.00E-05,2,235.8561331,0,3292.345114,1
9,audio,Task B ,1,4,0,0,0.00041,2,200.6654912,0,2688.112855,4
10,audio,Task B ,2,1,1,0,0.00041,2,6.514225464,0,2996.526452,4
10,audio,Task B ,1,2,1,0,0.00041,1,160.0440074,0,2682.894256,4
10,audio,Task B ,2,2,0,0,9.00E-05,1,136.3846967,0,2498.448444,2
10,audio,Task B ,2,1,0,0,0.00019,1,152.8741745,0,2544.72795,3
10,audio,Task B ,1,1,0,0,4.00E-05,2,310.5983555,0,3063.394716,1
10,audio,Task B ,2,1,1,0,0.00019,2,281.3166701,0,2613.977516,3
1,audio,Task B ,2,1,0,0,0.00041,1,47.2230947,0,2710.075802,4
1,audio,Task B ,2,4,0,0,0.00041,1,273.4636917,0,2533.084641,4
1,audio,Task B ,2,4,1,0,0.00041,2,347.8348097,0,2486.963504,4
1,audio,Task B ,1,2,1,0,0.00019,1,201.8680273,0,2617.338323,3
1,audio,Task B ,1,2,1,0,9.00E-05,1,257.3618574,0,2664.691655,2
1,audio,Task B ,1,2,0,0,9.00E-05,2,10.26024978,0,2750.51351,2
2,audio,Task B ,1,3,1,0,0.00041,1,160.1746374,0,2773.531632,4
2,audio,Task B ,2,1,0,0,4.00E-05,1,85.23305883,0,2720.803279,1
2,audio,Task B ,1,2,1,0,4.00E-05,1,173.4776072,0,2774.134502,1
2,audio,Task B ,2,4,1,0,9.00E-05,2,137.8850981,0,4008.172011,2
2,audio,Task B ,2,2,0,0,0.00019,1,24.29796428,0,2698.79642,3
2,audio,Task B ,2,2,0,0,4.00E-05,1,179.7666623,0,2642.714801,1
3,audio,Task B ,1,4,1,0,0.00041,1,243.8131738,0,2835.971011,4
3,audio,Task B ,1,3,1,0,4.00E-05,1,206.1638024,0,2713.308528,1
3,audio,Task B ,1,3,0,0,0.00041,2,328.2553431,0,2674.696777,4
3,audio,Task B ,1,4,1,0,0.00019,1,179.8506503,0,2770.375526,3
3,audio,Task B ,1,2,1,0,0.00041,1,60.6164336,0,2815.097741,4
3,audio,Task B ,2,1,1,0,9.00E-05,2,53.18703744,0,3077.086687,2
4,audio,Task B ,1,1,0,0,4.00E-05,2,240.7914528,0,2268.096167,1
4,audio,Task B ,2,4,1,0,9.00E-05,2,274.7874233,0,2370.220411,2
4,audio,Task B ,1,3,1,0,0.00041,1,120.7096643,0,2848.849912,4
4,audio,Task B ,1,3,1,0,0.00041,1,32.65133604,0,2646.891877,4
4,audio,Task B ,1,3,0,0,0.00019,2,51.91877579,0,3356.633102,3
4,audio,Task B ,2,3,1,0,0.00019,2,308.8655796,0,2349.296999,3
5,audio,Task B ,2,3,1,0,9.00E-05,2,119.3724464,0,2416.034146,2
5,audio,Task B ,2,1,1,0,9.00E-05,2,105.1352199,0,2901.448714,2
5,audio,Task B ,2,3,0,0,0.00019,1,269.451286,0,2933.818494,3
5,audio,Task B ,1,3,0,0,0.00041,2,334.1961865,0,2980.40091,4
5,audio,Task B ,2,1,1,0,9.00E-05,2,331.5762764,0,2660.181541,2
5,audio,Task B ,2,1,0,0,4.00E-05,1,356.0375885,0,2695.668975,1
6,audio,Task B ,2,2,0,0,0.00041,1,323.4489465,0,2685.221343,4
6,audio,Task B ,2,2,1,0,9.00E-05,2,211.2430108,0,2940.565808,2
6,audio,Task B ,1,3,1,0,0.00019,1,63.48444079,0,2615.19063,3
6,audio,Task B ,1,2,1,0,4.00E-05,1,135.3192485,0,2720.308247,1
6,audio,Task B ,1,2,1,0,9.00E-05,1,95.73427976,0,2432.405429,2
6,audio,Task B ,1,3,0,0,9.00E-05,2,304.5330521,0,2816.348597,2
7,audio,Task B ,1,1,0,0,4.00E-05,2,136.1421531,0,3079.236796,1
7,audio,Task B ,1,4,1,0,0.00019,1,343.0227769,0,2810.799537,3
7,audio,Task B ,2,4,1,0,0.00041,2,272.4213604,0,2943.229938,4
7,audio,Task B ,2,4,1,0,9.00E-05,2,246.9913872,0,1993.419839,2
7,audio,Task B ,1,1,0,0,9.00E-05,2,228.3615418,0,2027.417946,2
7,audio,Task B ,1,4,0,0,0.00041,2,258.1804699,0,2449.10548,4
8,audio,Task B ,1,1,1,0,0.00041,1,72.6500379,0,2771.940088,4
8,audio,Task B ,2,4,1,0,9.00E-05,2,71.03577473,0,2040.773725,2
8,audio,Task B ,2,1,0,0,4.00E-05,1,257.0061102,0,2895.112919,1
8,audio,Task B ,1,1,1,0,9.00E-05,1,100.9789847,0,2621.98367,2
8,audio,Task B ,1,4,1,0,0.00041,1,2.055574629,0,2576.907945,4
8,audio,Task B ,2,1,1,0,9.00E-05,2,288.9529612,0,3255.272056,2
9,audio,Task B ,2,1,0,0,9.00E-05,1,288.1455114,0,2622.880853,2
9,audio,Task B ,1,1,0,0,0.00019,2,94.83927655,0,1768.382092,3
9,audio,Task B ,1,1,0,0,4.00E-05,2,262.0863518,0,2967.734854,1
9,audio,Task B ,1,4,1,0,0.00019,1,41.2701966,0,2760.825584,3
9,audio,Task B ,1,1,0,0,0.00041,2,109.4162833,0,2594.651734,4
9,audio,Task B ,1,4,1,0,0.00041,1,69.20942823,0,2723.796563,4
10,audio,Task B ,1,1,0,0,9.00E-05,2,269.4863883,0,2040.154069,2
10,audio,Task B ,2,2,1,0,0.00041,2,243.0477652,0,2831.099946,4
10,audio,Task B ,1,1,0,0,0.00019,2,67.63762352,0,2062.542027,3
10,audio,Task B ,1,2,0,0,9.00E-05,2,29.31104825,0,2196.640651,2
10,audio,Task B ,1,1,1,0,4.00E-05,1,51.66504688,0,2618.14778,1
10,audio,Task B ,2,2,0,0,0.00019,1,92.25643979,0,2941.671645,3
1,audio,Task B ,1,3,1,0,0.00041,1,315.4496831,0,2916.484666,4
1,audio,Task B ,1,2,1,0,4.00E-05,1,76.80681547,0,2730.709065,1
1,audio,Task B ,1,1,1,0,4.00E-05,1,212.6814627,0,2720.513824,1
1,audio,Task B ,2,4,1,0,0.00019,2,247.230881,0,1695.98707,3
1,audio,Task B ,1,2,0,0,9.00E-05,2,199.6757794,0,2821.960791,2
1,audio,Task B ,1,2,0,0,4.00E-05,2,310.1653841,0,3176.455824,1
2,audio,Task B ,1,1,0,0,4.00E-05,2,80.21906556,0,3517.608693,1
2,audio,Task B ,2,2,0,0,0.00041,1,333.7443088,0,2819.231069,4
2,audio,Task B ,2,1,1,0,0.00019,2,198.3540945,0,2388.084054,3
2,audio,Task B ,2,2,0,0,0.00019,1,218.6820805,0,2637.115697,3
2,audio,Task B ,2,2,1,0,4.00E-05,2,202.8185381,0,2646.247916,1
2,audio,Task B ,1,2,1,0,4.00E-05,1,158.0382582,0,2614.117567,1
3,audio,Task B ,2,4,0,0,0.00019,1,156.9815334,0,2561.411394,3
3,audio,Task B ,2,4,1,0,0.00041,2,113.9190458,0,1736.304814,4
3,audio,Task B ,2,4,1,0,0.00041,2,202.829539,0,2245.293954,4
3,audio,Task B ,2,2,0,0,4.00E-05,1,40.93083446,0,2972.14313,1
3,audio,Task B ,2,3,1,0,0.00019,2,61.82551899,0,2472.083747,3
3,audio,Task B ,2,1,1,0,0.00041,2,56.01223342,0,2546.387627,4
4,audio,Task B ,1,1,0,0,9.00E-05,2,72.58136377,0,2397.123116,2
4,audio,Task B ,1,3,1,0,0.00041,1,124.5691488,0,2736.115824,4
4,audio,Task B ,1,3,1,0,9.00E-05,1,71.93820509,0,2447.801135,2
4,audio,Task B ,1,3,1,0,0.00019,1,86.63098918,0,2715.220624,3
4,audio,Task B ,1,3,1,0,0.00041,1,116.673751,0,2676.994296,4
4,audio,Task B ,1,3,1,0,9.00E-05,1,287.0637032,0,2596.862722,2
5,audio,Task B ,2,3,0,0,0.00019,1,204.0415517,0,3013.406738,3
5,audio,Task B ,2,4,1,0,0.00019,2,259.8787787,0,2911.298474,3
5,audio,Task B ,1,3,0,0,0.00041,2,117.7536089,0,2518.105183,4
5,audio,Task B ,2,1,0,0,9.00E-05,1,139.6945307,0,2873.468719,2
5,audio,Task B ,1,3,0,0,9.00E-05,2,329.8085163,0,2760.196187,2
5,audio,Task B ,2,1,0,0,9.00E-05,1,189.29165,0,2877.179786,2
6,audio,Task B ,1,2,0,0,9.00E-05,2,99.85365586,0,3725.962288,2
6,audio,Task B ,1,3,0,0,0.00019,2,304.3864346,0,2525.267615,3
6,audio,Task B ,1,2,1,0,9.00E-05,1,198.7371106,0,2718.217447,2
6,audio,Task B ,2,2,0,0,4.00E-05,1,67.67881778,0,2665.917618,1
6,audio,Task B ,1,2,1,0,9.00E-05,1,61.42748088,0,2612.250623,2
6,audio,Task B ,2,3,0,0,9.00E-05,1,158.6610761,0,2564.773664,2
7,audio,Task B ,1,1,0,0,9.00E-05,2,76.33797314,0,2997.069874,2
7,audio,Task B ,1,4,0,0,0.00019,2,208.0359225,0,1903.585469,3
7,audio,Task B ,1,1,0,0,4.00E-05,2,215.8171272,0,2960.752961,1
7,audio,Task B ,1,1,1,0,4.00E-05,1,154.0347625,0,2769.131283,1
7,audio,Task B ,2,4,1,0,0.00041,2,275.1900885,0,1648.992172,4
7,audio,Task B ,2,4,0,0,0.00019,1,284.722294,0,2919.436451,3
8,audio,Task B ,2,4,0,0,0.00041,1,23.10200789,0,2672.789671,4
8,audio,Task B ,1,4,0,0,0.00019,2,118.8211862,0,2620.128676,3
8,audio,Task B ,2,1,0,0,4.00E-05,1,343.8664427,0,2740.124531,1
8,audio,Task B ,2,1,1,0,4.00E-05,2,96.4337493,0,1859.338592,1
8,audio,Task B ,1,1,0,0,4.00E-05,2,200.8512523,0,3186.074052,1
8,audio,Task B ,1,1,0,0,0.00019,2,263.2052173,0,2439.484139,3
9,audio,Task B ,1,1,1,0,4.00E-05,1,197.0291624,0,2759.058095,1
9,audio,Task B ,1,3,1,0,0.00041,1,165.1613825,0,2600.106227,4
9,audio,Task B ,2,1,1,0,9.00E-05,2,80.31024788,0,2348.644405,2
9,audio,Task B ,1,1,0,0,0.00041,2,127.3485107,0,2431.218901,4
9,audio,Task B ,1,1,1,0,0.00019,1,1.277478617,0,2635.531287,3
9,audio,Task B ,1,1,1,0,4.00E-05,1,38.31335544,0,2958.795241,1
10,audio,Task B ,1,1,1,0,4.00E-05,1,337.0845923,0,2821.43606,1
10,audio,Task B ,2,1,1,0,0.00041,2,144.2073924,0,3213.83803,4
10,audio,Task B ,1,1,0,0,4.00E-05,2,208.6325781,0,1746.350772,1
10,audio,Task B ,1,1,1,0,0.00041,1,226.7596513,0,2755.618158,4
10,audio,Task B ,1,1,1,0,9.00E-05,1,4.975553376,0,2562.520025,2
10,audio,Task B ,2,2,0,0,0.00041,1,161.4961439,0,2817.394081,4
1,audio,Task B ,2,4,1,0,9.00E-05,2,23.83749335,0,3064.88611,2
1,audio,Task B ,2,4,1,0,0.00019,2,11.3022395,0,3851.317337,3
1,audio,Task B ,1,2,0,0,9.00E-05,2,188.9667879,0,2626.054075,2
1,audio,Task B ,1,2,0,0,0.00041,2,334.5375716,0,2729.097669,4
1,audio,Task B ,1,2,0,0,0.00041,2,80.37709874,0,2543.079383,4
1,audio,Task B ,1,3,1,0,0.00019,1,178.4158474,0,2719.172945,3
2,audio,Task B ,2,2,0,0,4.00E-05,1,233.4163773,0,2594.289336,1
2,audio,Task B ,2,2,1,0,0.00041,2,204.4414069,0,2854.281337,4
2,audio,Task B ,2,2,0,0,0.00019,1,358.1049008,0,2910.519003,3
2,audio,Task B ,1,3,0,0,0.00019,2,79.69916236,0,2644.155972,3
2,audio,Task B ,2,2,1,0,9.00E-05,2,301.0938298,0,2719.360812,2
2,audio,Task B ,2,3,0,0,0.00019,1,139.2041061,0,2951.724518,3
3,audio,Task B ,1,2,1,0,0.00041,1,23.04332994,0,2706.641323,4
3,audio,Task B ,1,1,0,0,4.00E-05,2,55.09114489,0,2673.551395,1
3,audio,Task B ,1,3,1,0,0.00019,1,26.3862641,0,2726.659697,3
3,audio,Task B ,2,3,0,0,9.00E-05,1,229.2573744,0,2753.047876,2
3,audio,Task B ,2,3,0,0,0.00041,1,347.0833485,0,2605.5603,4
3,audio,Task B ,1,1,1,0,4.00E-05,1,294.9300706,0,2796.145447,1
4,audio,Task B ,1,3,1,0,0.00041,1,70.83392148,0,2453.04389,4
4,audio,Task B ,1,1,0,0,4.00E-05,2,240.1974054,0,2345.196427,1
4,audio,Task B ,1,1,1,0,4.00E-05,1,112.8310353,0,2723.714156,1
4,audio,Task B ,1,3,0,0,0.00041,2,170.512677,0,2428.954358,4
4,audio,Task B ,1,3,1,0,0.00019,1,81.83366358,0,2805.613256,3
4,audio,Task B ,1,1,1,0,4.00E-05,1,90.33845623,0,2642.032454,1
5,audio,Task B ,2,1,1,0,4.00E-05,2,146.2070606,0,1801.77035,1
5,audio,Task B ,2,4,1,0,0.00041,2,124.9206706,0,3129.324886,4
5,audio,Task B ,2,1,0,0,4.00E-05,1,162.1090928,0,2666.980206,1
5,audio,Task B ,1,3,1,0,0.00041,1,37.47372672,0,2791.352553,4
5,audio,Task B ,2,1,1,0,4.00E-05,2,207.930813,0,1808.88203,1
5,audio,Task B ,2,3,0,0,0.00019,1,65.90101126,0,2675.473093,3
6,audio,Task B ,2,3,0,0,9.00E-05,1,144.8067807,0,2685.290663,2
6,audio,Task B ,2,3,0,0,9.00E-05,1,291.0133605,0,2692.511418,2
6,audio,Task B ,2,3,1,0,0.00041,2,204.4164025,0,2160.71999,4
6,audio,Task B ,1,3,0,0,9.00E-05,2,80.42693625,0,1717.390495,2
6,audio,Task B ,2,4,1,0,0.00019,2,331.9007724,0,2197.991853,3
6,audio,Task B ,1,3,1,0,0.00019,1,213.278772,0,2638.390249,3
7,audio,Task B ,2,4,0,0,0.00019,1,134.0943005,0,2575.155736,3
7,audio,Task B ,1,4,1,0,9.00E-05,1,72.48912043,0,2868.803183,2
7,audio,Task B ,1,4,1,0,0.00019,1,293.3429612,0,2482.058359,3
7,audio,Task B ,2,1,0,0,4.00E-05,1,46.53846992,0,2655.523209,1
7,audio,Task B ,1,1,0,0,4.00E-05,2,350.0023182,0,2627.531249,1
7,audio,Task B ,1,1,1,0,4.00E-05,1,21.57456824,0,2627.649578,1
8,audio,Task B ,1,1,0,0,9.00E-05,2,42.97598772,0,2907.288149,2
8,audio,Task B ,2,1,0,0,0.00019,1,111.1284645,0,2642.842357,3
8,audio,Task B ,1,2,1,0,0.00019,1,214.2278577,0,2649.33104,3
8,audio,Task B ,1,1,1,0,4.00E-05,1,65.65982272,0,2650.867896,1
8,audio,Task B ,2,4,1,0,0.00041,2,123.6797857,0,2341.344017,4
8,audio,Task B ,2,1,1,0,0.00019,2,243.3758482,0,2464.433357,3
9,audio,Task B ,2,1,0,0,9.00E-05,1,177.8446075,0,2701.56872,2
9,audio,Task B ,2,4,1,0,0.00041,2,24.32105453,0,2688.39447,4
9,audio,Task B ,1,4,0,0,0.00041,2,127.6194992,0,2912.965022,4
9,audio,Task B ,2,1,0,0,4.00E-05,1,166.4886578,0,2498.936742,1
9,audio,Task B ,1,1,0,0,9.00E-05,2,175.371199,0,2106.80135,2
9,audio,Task B ,1,1,0,0,0.00019,2,206.0513301,0,2697.695765,3
10,audio,Task B ,1,1,0,0,4.00E-05,2,332.9034198,0,2394.107829,1
10,audio,Task B ,1,1,1,0,4.00E-05,1,7.676297847,0,2643.433896,1
10,audio,Task B ,2,2,0,0,0.00019,1,68.27815246,0,2584.48309,3
10,audio,Task B ,1,1,0,0,9.00E-05,2,148.9996486,0,2852.688211,2
10,audio,Task B ,1,2,0,0,4.00E-05,2,352.6323017,0,3376.013753,1
10,audio,Task B ,1,1,1,0,0.00019,1,97.77827724,0,2750.231581,3
1,audio,Task B ,2,3,1,0,4.00E-05,2,208.8190945,0,2127.360266,1
1,audio,Task B ,2,2,1,0,4.00E-05,2,172.3684416,0,3138.378399,1
1,audio,Task B ,1,2,1,0,4.00E-05,1,86.85770983,0,2624.296302,1
1,audio,Task B ,1,2,1,0,0.00019,1,264.3335333,0,2636.901437,3
1,audio,Task B ,1,2,1,0,0.00019,1,238.4896194,0,2913.659464,3
1,audio,Task B ,1,2,1,0,9.00E-05,1,60.71052729,0,2822.574156,2
2,audio,Task B ,1,2,1,0,0.00041,1,259.9352293,0,2917.90613,4
2,audio,Task B ,2,2,0,0,0.00041,1,205.4019667,0,2594.146611,4
2,audio,Task B ,1,3,1,0,9.00E-05,1,289.0631847,0,2585.677391,2
2,audio,Task B ,1,2,1,0,0.00019,1,277.3009872,0,2851.34481,3
2,audio,Task B ,1,2,1,0,0.00041,1,151.5804121,0,2766.474893,4
2,audio,Task B ,1,2,0,0,0.00041,2,251.3277111,0,2733.594393,4
3,audio,Task B ,1,1,1,0,4.00E-05,1,283.9073379,0,2637.016017,1
3,audio,Task B ,2,1,1,0,9.00E-05,2,11.62220695,0,2064.862646,2
3,audio,Task B ,2,3,0,0,0.00041,1,201.6736384,0,2569.265696,4
3,audio,Task B ,1,4,0,0,4.00E-05,2,140.4722267,0,2799.196372,1
3,audio,Task B ,1,3,0,0,0.00019,2,212.6539537,0,2633.151997,3
3,audio,Task B ,2,1,1,0,0.00041,2,190.1872327,0,3058.544037,4
4,audio,Task B ,1,1,1,0,4.00E-05,1,176.8718981,0,2837.469256,1
4,audio,Task B ,1,3,0,0,0.00019,2,18.83160048,0,2689.082719,3
4,audio,Task B ,1,1,0,0,9.00E-05,2,172.667966,0,3573.345994,2
4,audio,Task B ,1,3,1,0,0.00019,1,33.53687177,0,2769.821696,3
4,audio,Task B ,1,1,0,0,4.00E-05,2,190.5711659,0,2485.666677,1
4,audio,Task B ,1,1,1,0,4.00E-05,1,44.17974092,0,2644.537253,1
5,audio,Task B ,1,3,0,0,4.00E-05,2,148.711502,0,2773.646096,1
5,audio,Task B ,2,1,1,0,4.00E-05,2,36.53723287,0,1348.856912,1
5,audio,Task B ,1,1,1,0,4.00E-05,1,354.3997016,0,2412.983517,1
5,audio,Task B ,2,1,0,0,9.00E-05,1,107.3147285,0,2805.547373,2
5,audio,Task B ,2,1,1,0,4.00E-05,2,109.7038649,0,2808.297142,1
5,audio,Task B ,2,4,1,0,0.00041,2,279.5897238,0,2447.558173,4
6,audio,Task B ,1,3,1,0,0.00041,1,184.9733581,0,2704.268739,4
6,audio,Task B ,2,3,1,0,0.00041,2,190.6724638,0,2291.354629,4
6,audio,Task B ,1,3,1,0,9.00E-05,1,151.0470793,0,2730.036643,2
6,audio,Task B ,1,2,1,0,9.00E-05,1,106.9899488,0,2795.139744,2
6,audio,Task B ,2,3,1,0,9.00E-05,2,310.2697229,0,3148.196245,2
6,audio,Task B ,1,2,1,0,4.00E-05,1,242.7070066,0,2980.484171,1
7,audio,Task B ,1,1,0,0,9.00E-05,2,357.0618711,0,2527.715584,2
7,audio,Task B ,1,1,0,0,0.00041,2,148.9210109,0,2836.046649,4
7,audio,Task B ,1,1,0,0,4.00E-05,2,177.5739959,0,3736.136702,1
7,audio,Task B ,2,1,0,0,4.00E-05,1,303.6519178,0,2492.57998,1
7,audio,Task B ,2,4,1,0,0.00041,2,162.881849,0,3460.605912,4
7,audio,Task B ,1,4,1,0,0.00041,1,130.3093081,0,2668.719616,4
8,audio,Task B ,2,2,1,0,9.00E-05,2,64.49845561,0,1598.934876,2
8,audio,Task B ,2,4,1,0,0.00019,2,229.6001299,0,3265.739197,3
8,audio,Task B ,2,1,0,0,4.00E-05,1,82.1336001,0,2744.594147,1
8,audio,Task B ,2,4,1,0,0.00019,2,145.3923795,0,2394.858014,3
8,audio,Task B ,1,1,1,0,9.00E-05,1,0.555343234,0,2730.426324,2
8,audio,Task B ,2,3,1,0,0.00041,2,57.33659698,0,2614.125974,4
9,audio,Task B ,1,4,1,0,0.00019,1,321.8410928,0,2676.081142,3
9,audio,Task B ,2,1,0,0,9.00E-05,1,65.42156034,0,2696.923076,2
9,audio,Task B ,2,4,1,0,0.00019,2,47.79203032,0,3560.639922,3
9,audio,Task B ,1,1,0,0,9.00E-05,2,82.98184703,0,1444.076732,2
9,audio,Task B ,2,4,1,0,0.00041,2,171.0367576,0,2469.263055,4
9,audio,Task B ,2,4,0,0,0.00019,1,311.4051172,0,2521.86898,3
10,audio,Task B ,1,1,0,0,4.00E-05,2,193.0002216,0,3096.008372,1
10,audio,Task B ,2,2,1,0,4.00E-05,2,219.2809097,0,2420.646286,1
10,audio,Task B ,2,2,0,0,0.00041,1,274.5671977,0,2550.600745,4
10,audio,Task B ,2,2,0,0,0.00041,1,190.9634152,0,2900.076908,4
10,audio,Task B ,1,2,1,0,9.00E-05,1,72.0757636,0,2685.742228,2
10,audio,Task B ,2,2,0,0,0.00041,1,243.2460364,0,2630.879916,4
1,audio,Task B ,2,4,1,0,9.00E-05,2,299.4250315,0,3374.88867,2
1,audio,Task B ,1,2,1,0,9.00E-05,1,103.872681,0,2788.818324,2
1,audio,Task B ,1,2,1,0,0.00041,1,79.93925129,0,2909.44281,4
1,audio,Task B ,2,2,1,0,9.00E-05,2,176.2966694,0,2527.914514,2
1,audio,Task B ,2,2,1,0,4.00E-05,2,163.8028809,0,2328.330326,1
1,audio,Task B ,2,3,1,0,0.00019,2,56.02671879,0,2272.471914,3
2,audio,Task B ,2,2,0,0,0.00019,1,36.93500881,0,2582.360959,3
2,audio,Task B ,2,2,1,0,0.00041,2,182.1609878,0,2349.387763,4
2,audio,Task B ,1,2,0,0,0.00019,2,91.68767744,0,2720.419277,3
2,audio,Task B ,2,2,1,0,0.00019,2,27.48651335,0,2638.170775,3
2,audio,Task B ,2,1,0,0,4.00E-05,1,100.8072915,0,2494.293607,1
2,audio,Task B ,2,2,0,0,4.00E-05,1,287.252189,0,2961.689141,1
3,audio,Task B ,2,2,1,0,0.00019,2,188.882119,0,2579.064464,3
3,audio,Task B ,1,4,1,0,9.00E-05,1,215.181324,0,2697.39899,2
3,audio,Task B ,2,4,0,0,4.00E-05,1,5.756528482,0,2862.140815,1
3,audio,Task B ,2,4,1,0,0.00019,2,56.05329927,0,3479.961949,3
3,audio,Task B ,2,4,1,0,0.00019,2,96.38392369,0,2447.596207,3
3,audio,Task B ,1,2,0,0,0.00019,2,238.9864262,0,2579.423009,3
4,audio,Task B ,1,2,1,0,0.00019,1,101.4502742,0,2840.098963,3
4,audio,Task B ,2,4,1,0,0.00041,2,300.9408813,0,4217.858821,4
4,audio,Task B ,2,4,1,0,0.00019,2,204.2945209,0,3288.74026,3
4,audio,Task B ,1,3,1,0,9.00E-05,1,234.5575115,0,2670.276222,2
4,audio,Task B ,1,3,1,0,0.00041,1,183.363754,0,2734.01006,4
4,audio,Task B ,1,3,1,0,9.00E-05,1,55.15258398,0,2612.656433,2
5,audio,Task B ,2,4,0,0,0.00019,1,177.006391,0,3084.273673,3
5,audio,Task B ,1,3,1,0,0.00041,1,27.20534217,0,2715.541122,4
5,audio,Task B ,1,3,0,0,0.00041,2,350.1468295,0,2500.27525,4
5,audio,Task B ,2,4,1,0,0.00041,2,136.3855147,0,3241.874486,4
5,audio,Task B ,1,1,1,0,9.00E-05,1,150.9379944,0,2799.773352,2
5,audio,Task B ,1,3,1,0,0.00019,1,115.73007,0,2749.931208,3
6,audio,Task B ,1,3,1,0,4.00E-05,1,53.11318186,0,2607.435376,1
6,audio,Task B ,2,3,1,0,0.00041,2,11.62320219,0,2586.551899,4
6,audio,Task B ,2,3,1,0,9.00E-05,2,136.6437204,0,2514.017302,2
6,audio,Task B ,1,2,1,0,4.00E-05,1,228.3452332,0,2927.839311,1
6,audio,Task B ,2,2,0,0,9.00E-05,1,299.5964008,0,2827.20181,2
6,audio,Task B ,2,3,0,0,0.00019,1,45.82466645,0,2536.340131,3
7,audio,Task B ,2,1,0,0,9.00E-05,1,245.1290567,0,2771.004951,2
7,audio,Task B ,1,1,0,0,4.00E-05,2,202.6911755,0,2325.572297,1
7,audio,Task B ,1,4,0,0,0.00041,2,264.9225389,0,2878.26484,4
7,audio,Task B ,1,1,1,0,9.00E-05,1,268.7044116,0,2826.667417,2
7,audio,Task B ,1,4,1,0,0.00019,1,25.75580766,0,2646.054326,3
7,audio,Task B ,1,1,0,0,4.00E-05,2,205.4242901,0,2936.427559,1
8,audio,Task B ,1,1,1,0,0.00019,1,143.2115198,0,2755.049437,3
8,audio,Task B ,1,1,1,0,9.00E-05,1,183.7625542,0,2853.403266,2
8,audio,Task B ,2,1,1,0,0.00019,2,289.7767141,0,1996.485942,3
8,audio,Task B ,1,1,1,0,4.00E-05,1,14.47935447,0,2742.960507,1
8,audio,Task B ,2,2,0,0,0.00019,1,272.2732178,0,2626.349982,3
8,audio,Task B ,2,3,1,0,0.00041,2,193.1347687,0,3245.031614,4
9,audio,Task B ,2,1,0,0,9.00E-05,1,303.0433231,0,2476.942176,2
9,audio,Task B ,1,1,0,0,9.00E-05,2,351.3304381,0,3050.735407,2
9,audio,Task B ,1,1,0,0,0.00019,2,293.9346412,0,3871.396524,3
9,audio,Task B ,1,1,1,0,9.00E-05,1,109.5413273,0,2561.329885,2
9,audio,Task B ,2,4,0,0,0.00019,1,172.911418,0,2937.2525,3
9,audio,Task B ,1,1,0,0,9.00E-05,2,272.126171,0,2757.682341,2
10,audio,Task B ,1,1,1,0,9.00E-05,1,64.57555326,0,2471.063917,2
10,audio,Task B ,2,1,1,0,0.00041,2,77.5338537,0,2487.435121,4
10,audio,Task B ,1,1,1,0,9.00E-05,1,200.4902441,0,2802.689565,2
10,audio,Task B ,1,1,0,0,4.00E-05,2,188.5847918,0,2993.64164,1
10,audio,Task B ,2,2,1,0,0.00019,2,350.440258,0,1805.8728,3
10,audio,Task B ,2,2,0,0,0.00041,1,120.2475954,0,2387.567482,4
1,audio,Task B ,1,3,1,0,4.00E-05,1,235.4407784,0,2751.777358,1
1,audio,Task B ,1,2,0,0,0.00019,2,43.12390471,0,2694.708968,3
1,audio,Task B ,1,2,1,0,0.00041,1,105.3529884,0,2767.459755,4
1,audio,Task B ,2,4,1,0,0.00041,2,72.98003428,0,4091.882627,4
1,audio,Task B ,2,3,1,0,0.00041,2,256.6807044,0,2210.000407,4
1,audio,Task B ,1,1,1,0,4.00E-05,1,322.4239553,0,2948.523256,1
2,audio,Task B ,1,3,0,0,0.00019,2,259.9305576,0,2639.265492,3
2,audio,Task B ,2,2,1,0,0.00019,2,119.4731419,0,3480.154519,3
2,audio,Task B ,2,1,0,0,9.00E-05,1,201.3942872,0,2758.926359,2
2,audio,Task B ,1,3,1,0,4.00E-05,1,58.04065793,0,2559.141509,1
2,audio,Task B ,1,2,0,0,0.00019,2,55.01685296,0,2849.842139,3
2,audio,Task B ,2,3,0,0,9.00E-05,1,124.9958722,0,2877.698518,2
3,audio,Task B ,1,3,0,0,0.00019,2,57.74673715,0,2771.772547,3
3,audio,Task B ,2,1,1,0,4.00E-05,2,296.3700661,0,2780.152697,1
3,audio,Task B ,2,4,0,0,0.00019,1,87.17130027,0,2823.496725,3
3,audio,Task B ,1,3,1,0,0.00019,1,177.2996702,0,2816.048561,3
3,audio,Task B ,2,4,1,0,0.00019,2,78.96142092,0,2310.238061,3
3,audio,Task B ,1,1,1,0,4.00E-05,1,90.77113038,0,2797.097982,1
4,audio,Task B ,2,4,0,0,0.00019,1,127.7446098,0,2744.495291,3
4,audio,Task B ,1,3,1,0,0.00019,1,111.9562387,0,2751.222971,3
4,audio,Task B ,2,1,1,0,9.00E-05,2,86.18275256,0,3461.618596,2
4,audio,Task B ,1,1,1,0,9.00E-05,1,202.7148498,0,2640.76113,2
4,audio,Task B ,1,3,1,0,0.00041,1,168.4124555,0,2632.395508,4
4,audio,Task B ,1,3,1,0,0.00041,1,168.9135055,0,2897.618069,4
5,audio,Task B ,2,1,1,0,9.00E-05,2,280.8155125,0,2075.885468,2
5,audio,Task B ,2,4,1,0,0.00041,2,160.9110697,0,2452.927446,4
5,audio,Task B ,2,1,0,0,4.00E-05,1,35.79993277,0,2818.190833,1
5,audio,Task B ,1,3,0,0,0.00019,2,231.3921703,0,2588.516761,3
5,audio,Task B ,2,1,1,0,0.00041,2,209.1394102,0,2788.497849,4
5,audio,Task B ,2,1,1,0,4.00E-05,2,259.6782117,0,2787.920778,1
6,audio,Task B ,2,2,1,0,4.00E-05,2,214.6315928,0,2159.019437,1
6,audio,Task B ,2,3,1,0,0.00041,2,88.90172939,0,2539.360232,4
6,audio,Task B ,2,3,0,0,0.00041,1,321.3909251,0,2768.921991,4
6,audio,Task B ,1,3,1,0,0.00041,1,62.80118707,0,2619.050272,4
6,audio,Task B ,1,2,1,0,9.00E-05,1,161.222093,0,2683.430016,2
6,audio,Task B ,1,2,0,0,0.00019,2,290.9649908,0,2746.415087,3
7,audio,Task B ,2,4,0,0,0.00019,1,96.44261948,0,2625.07256,3
7,audio,Task B ,1,4,1,0,4.00E-05,1,14.4616758,0,2655.137459,1
7,audio,Task B ,2,4,1,0,0.00041,2,283.567695,0,1691.310895,4
7,audio,Task B ,1,4,0,0,0.00019,2,13.2536357,0,2652.412027,3
7,audio,Task B ,1,1,0,0,4.00E-05,2,151.5291561,0,2910.84391,1
7,audio,Task B ,1,4,0,0,0.00041,2,249.7501007,0,2623.615331,4
8,audio,Task B ,1,4,0,0,0.00041,2,284.1631307,0,2337.017226,4
8,audio,Task B ,2,1,1,0,0.00019,2,120.6059694,0,2114.085281,3
8,audio,Task B ,1,2,1,0,0.00019,1,208.2783976,0,2590.660273,3
8,audio,Task B ,1,1,0,0,9.00E-05,2,151.980246,0,2630.265537,2
8,audio,Task B ,1,1,0,0,9.00E-05,2,174.9569643,0,2225.192573,2
8,audio,Task B ,2,1,0,0,9.00E-05,1,194.9824494,0,2650.891844,2
9,audio,Task B ,1,4,1,0,0.00019,1,132.3847795,0,2718.418022,3
9,audio,Task B ,1,1,0,0,9.00E-05,2,87.31534484,0,2815.621991,2
9,audio,Task B ,1,1,1,0,4.00E-05,1,42.52824059,0,2746.083829,1
9,audio,Task B ,1,1,0,0,4.00E-05,2,46.42889722,0,2977.550069,1
9,audio,Task B ,1,1,0,0,0.00019,2,312.2905774,0,3296.744686,3
9,audio,Task B ,2,1,1,0,9.00E-05,2,199.5083858,0,2954.814229,2
10,audio,Task B ,2,2,1,0,0.00019,2,237.6890859,0,2955.954458,3
10,audio,Task B ,1,1,0,0,4.00E-05,2,279.4290647,0,3032.904449,1
10,audio,Task B ,1,1,1,0,4.00E-05,1,124.5148583,0,2854.93954,1
10,audio,Task B ,1,1,1,0,4.00E-05,1,334.1619996,0,2923.127786,1
10,audio,Task B ,1,1,1,0,4.00E-05,1,254.4985847,0,2637.568809,1
10,audio,Task B ,1,1,0,0,4.00E-05,2,193.7499902,0,1675.121179,1
1,audio,Task B ,1,2,1,0,9.00E-05,1,20.04423602,0,2766.541518,2
1,audio,Task B ,1,2,1,0,0.00019,1,216.1396732,0,2688.763024,3
1,audio,Task B ,2,4,1,0,0.00041,2,178.9577853,0,1882.638367,4
1,audio,Task B ,2,2,1,0,4.00E-05,2,199.8494985,0,3001.909948,1
1,audio,Task B ,1,2,1,0,9.00E-05,1,96.31597481,0,2638.823857,2
1,audio,Task B ,2,2,1,0,4.00E-05,2,296.535137,0,1783.86858,1
2,audio,Task B ,2,2,0,0,9.00E-05,1,350.7900054,0,2618.138532,2
2,audio,Task B ,1,2,0,0,9.00E-05,2,325.7281986,0,2862.229881,2
2,audio,Task B ,1,3,1,0,0.00041,1,185.0406955,0,2821.24061,4
2,audio,Task B ,1,3,0,0,4.00E-05,2,262.1905989,0,3185.994667,1
2,audio,Task B ,2,2,1,0,0.00041,2,293.0787678,0,3113.482023,4
2,audio,Task B ,2,2,0,0,0.00041,1,196.1116648,0,2732.602451,4
3,audio,Task B ,2,3,1,0,4.00E-05,2,102.5053051,0,2187.006494,1
3,audio,Task B ,1,3,1,0,0.00019,1,137.8161138,0,2678.447813,3
3,audio,Task B ,2,3,0,0,0.00019,1,124.3583924,0,2556.525103,3
3,audio,Task B ,1,4,1,0,0.00019,1,326.411646,0,2720.630505,3
3,audio,Task B ,1,1,0,0,0.00019,2,208.7604212,0,2884.207383,3
3,audio,Task B ,2,3,1,0,9.00E-05,2,272.9508196,0,3209.359823,2
4,audio,Task B ,1,2,1,0,0.00041,1,134.0135644,0,2804.244427,4
4,audio,Task B ,1,3,1,0,0.00041,1,339.8997211,0,2708.594063,4
4,audio,Task B ,2,4,1,0,0.00041,2,136.011781,0,1928.837982,4
4,audio,Task B ,1,3,0,0,0.00041,2,236.7020297,0,2909.763371,4
4,audio,Task B ,1,3,1,0,0.00019,1,232.5883765,0,2517.544199,3
4,audio,Task B ,1,3,0,0,9.00E-05,2,190.8377862,0,3169.724872,2
5,audio,Task B ,2,3,1,0,0.00041,2,18.31903144,0,3211.348576,4
5,audio,Task B ,2,1,1,0,4.00E-05,2,353.3518122,0,3335.427948,1
5,audio,Task B ,2,4,1,0,0.00041,2,282.8737269,0,2020.010363,4
5,audio,Task B ,2,1,0,0,0.00019,1,287.5285244,0,2650.79863,3
5,audio,Task B ,1,4,1,0,0.00041,1,17.95054082,0,2764.84648,4
5,audio,Task B ,2,4,1,0,0.00041,2,68.76907419,0,2236.100374,4
6,audio,Task B ,1,3,1,0,4.00E-05,1,236.5000471,0,2587.903804,1
6,audio,Task B ,2,3,0,0,4.00E-05,1,328.0332379,0,2865.903277,1
6,audio,Task B ,2,3,0,0,4.00E-05,1,181.1658306,0,2753.057339,1
6,audio,Task B ,2,3,1,0,9.00E-05,2,171.1992781,0,1924.777096,2
6,audio,Task B ,1,2,1,0,9.00E-05,1,134.1714208,0,2460.210722,2
6,audio,Task B ,1,2,1,0,9.00E-05,1,153.3541802,0,2615.492998,2
7,audio,Task B ,2,4,1,0,0.00019,2,352.6735013,0,2788.706454,3
7,audio,Task B ,1,4,1,0,9.00E-05,1,218.987123,0,2799.689781,2
7,audio,Task B ,1,4,1,0,0.00041,1,224.9653374,0,2618.080521,4
7,audio,Task B ,2,1,0,0,9.00E-05,1,25.62800758,0,2836.041391,2
7,audio,Task B ,2,4,1,0,9.00E-05,2,62.32889806,0,3697.355944,2
7,audio,Task B ,1,4,1,0,9.00E-05,1,359.6212741,0,2781.454167,2
8,audio,Task B ,1,4,1,0,0.00019,1,267.6622657,0,2557.011892,3
8,audio,Task B ,2,2,1,0,4.00E-05,2,13.41669856,0,2074.685054,1
8,audio,Task B ,2,2,1,0,4.00E-05,2,203.5405637,0,3691.727632,1
8,audio,Task B ,1,4,0,0,4.00E-05,2,186.8513511,0,2526.607654,1
8,audio,Task B ,1,3,1,0,0.00041,1,22.0799656,0,2649.266231,4
8,audio,Task B ,2,4,1,0,4.00E-05,2,279.6615468,0,3067.889672,1
9,audio,Task B ,1,1,1,0,4.00E-05,1,228.0483898,0,2845.813066,1
9,audio,Task B ,1,3,0,0,0.00041,2,303.5291928,0,2462.087934,4
9,audio,Task B ,1,1,1,0,4.00E-05,1,162.319204,0,2607.739098,1
9,audio,Task B ,1,1,0,0,0.00019,2,111.3703195,0,2420.387334,3
9,audio,Task B ,1,4,0,0,0.00041,2,146.6966092,0,2659.495539,4
9,audio,Task B ,1,4,1,0,0.00019,1,127.2824872,0,2690.467269,3
10,audio,Task B ,1,1,1,0,4.00E-05,1,253.5848642,0,2525.12576,1
10,audio,Task B ,1,1,0,0,4.00E-05,2,105.5652187,0,1747.658571,1
10,audio,Task B ,2,2,0,0,9.00E-05,1,151.9194735,0,2459.363188,2
10,audio,Task B ,2,2,1,0,0.00019,2,338.7430546,0,2393.264685,3
10,audio,Task B ,1,1,1,0,9.00E-05,1,30.86870217,0,2710.651947,2
10,audio,Task B ,1,1,1,0,9.00E-05,1,196.8263077,0,2633.178064,2
1,audio,Task B ,1,3,1,0,0.00019,1,161.3114764,0,2623.41432,3
1,audio,Task B ,1,2,1,0,0.00041,1,284.7039226,0,2754.645108,4
1,audio,Task B ,2,4,1,0,0.00019,2,54.74044808,0,2264.156976,3
1,audio,Task B ,2,3,1,0,0.00019,2,327.9066911,0,2042.713855,3
1,audio,Task B ,1,2,0,0,9.00E-05,2,308.2888996,0,2664.104784,2
1,audio,Task B ,1,2,0,0,9.00E-05,2,76.23209644,0,3082.582189,2
2,audio,Task B ,1,1,1,0,4.00E-05,1,133.8836915,0,2647.653503,1
2,audio,Task B ,1,3,1,0,0.00019,1,144.0195329,0,2701.136376,3
2,audio,Task B ,1,2,0,0,4.00E-05,2,253.7600453,0,1927.569072,1
2,audio,Task B ,2,2,1,0,0.00019,2,110.9164726,0,2522.874591,3
2,audio,Task B ,1,2,1,0,0.00041,1,218.6470358,0,2525.132419,4
2,audio,Task B ,1,2,1,0,0.00019,1,127.3768644,0,2866.279032,3
3,audio,Task B ,2,3,0,0,0.00041,1,49.4617993,0,2571.304451,4
3,audio,Task B ,2,4,1,0,0.00019,2,26.07180494,0,2291.830067,3
3,audio,Task B ,1,2,0,0,4.00E-05,2,350.9528124,0,2803.28276,1
3,audio,Task B ,2,2,1,0,4.00E-05,2,128.2044558,0,3257.81003,1
3,audio,Task B ,2,2,0,0,0.00019,1,307.5840899,0,2478.206429,3
3,audio,Task B ,2,3,0,0,0.00041,1,219.2680841,0,2865.024818,4
4,audio,Task B ,1,1,0,0,9.00E-05,2,271.9155071,0,2393.214874,2
4,audio,Task B ,1,3,0,0,0.00041,2,257.3283402,0,2217.23674,4
4,audio,Task B ,1,1,0,0,4.00E-05,2,150.9296897,0,3404.576741,1
4,audio,Task B ,1,2,0,0,9.00E-05,2,311.0358986,0,2041.178353,2
4,audio,Task B ,1,1,0,0,4.00E-05,2,293.8640916,0,3346.166049,1
4,audio,Task B ,1,3,1,0,0.00019,1,13.85749796,0,2742.342381,3
5,audio,Task B ,1,3,0,0,0.00019,2,146.622911,0,2844.249037,3
5,audio,Task B ,1,1,1,0,4.00E-05,1,24.8043566,0,2473.29501,1
5,audio,Task B ,1,4,1,0,0.00041,1,183.8128878,0,2637.69578,4
5,audio,Task B ,1,1,0,0,4.00E-05,2,44.98457982,0,3374.409559,1
5,audio,Task B ,2,1,0,0,4.00E-05,1,11.16013699,0,2839.694416,1
5,audio,Task B ,2,4,1,0,0.00041,2,101.1094846,0,3550.443109,4
6,audio,Task B ,2,3,1,0,0.00019,2,152.9069286,0,2177.366633,3
6,audio,Task B ,2,3,0,0,0.00019,1,301.778725,0,2579.691556,3
6,audio,Task B ,2,3,1,0,0.00041,2,188.5842307,0,2936.33424,4
6,audio,Task B ,2,2,1,0,4.00E-05,2,246.9383733,0,2588.138976,1
6,audio,Task B ,2,3,0,0,0.00019,1,210.4266764,0,2742.642712,3
6,audio,Task B ,1,2,1,0,4.00E-05,1,147.0855884,0,2503.364657,1
7,audio,Task B ,1,4,1,0,0.00041,1,63.48964502,0,2682.099567,4
7,audio,Task B ,1,4,1,0,0.00041,1,121.6576213,0,2443.16694,4
7,audio,Task B ,1,1,0,0,9.00E-05,2,287.2071744,0,2974.932591,2
7,audio,Task B ,1,1,0,0,9.00E-05,2,122.639855,0,2646.968406,2
7,audio,Task B ,2,4,1,0,0.00041,2,268.3006392,0,3158.567955,4
7,audio,Task B ,1,1,0,0,9.00E-05,2,125.0197707,0,3210.083063,2
8,audio,Task B ,2,3,0,0,0.00041,1,339.2435742,0,2569.330529,4
8,audio,Task B ,1,2,1,0,0.00019,1,330.2516155,0,2824.806361,3
8,audio,Task B ,1,3,1,0,0.00019,1,80.14216287,0,2806.911737,3
8,audio,Task B ,2,1,0,0,9.00E-05,1,295.9168771,0,2805.322665,2
8,audio,Task B ,2,3,1,0,0.00041,2,309.1596478,0,2446.952771,4
8,audio,Task B ,2,1,1,0,0.00019,2,173.8262047,0,2621.429909,3
9,audio,Task B ,2,1,1,0,9.00E-05,2,281.0371197,0,2697.703877,2
9,audio,Task B ,2,1,1,0,4.00E-05,2,75.86439297,0,3736.365522,1
9,audio,Task B ,1,1,0,0,0.00019,2,124.7802548,0,1892.862686,3
9,audio,Task B ,1,1,0,0,0.00019,2,241.5987177,0,2236.958516,3
9,audio,Task B ,1,1,1,0,9.00E-05,1,193.4875042,0,2623.811548,2
9,audio,Task B ,1,1,0,0,9.00E-05,2,223.4896043,0,2036.711096,2
10,audio,Task B ,1,1,1,0,9.00E-05,1,227.9429017,0,2560.313664,2
10,audio,Task B ,1,1,0,0,4.00E-05,2,222.3232644,0,2872.82144,1
10,audio,Task B ,1,1,0,0,0.00041,2,210.6156773,0,2780.222115,4
10,audio,Task B ,1,1,0,0,9.00E-05,2,271.6801155,0,2684.73783,2
10,audio,Task B ,2,2,1,0,0.00041,2,239.0607316,0,2638.937194,4
10,audio,Task B ,1,1,1,0,0.00041,1,182.3833596,0,2758.566136,4
1,audio,Task B ,2,2,1,0,0.00041,2,105.0529644,0,2933.375788,4
1,audio,Task B ,1,2,0,0,9.00E-05,2,352.474889,0,2886.816784,2
1,audio,Task B ,2,4,1,0,9.00E-05,2,232.3647504,0,2285.368953,2
1,audio,Task B ,2,2,1,0,0.00019,2,286.821347,0,2770.937024,3
1,audio,Task B ,1,2,1,0,4.00E-05,1,122.0032871,0,2525.033476,1
1,audio,Task B ,1,3,1,0,9.00E-05,1,274.7576172,0,2842.629648,2
2,audio,Task B ,1,3,1,0,0.00041,1,12.21476134,0,2689.093553,4
2,audio,Task B ,1,2,0,0,9.00E-05,2,175.3890034,0,2865.398499,2
2,audio,Task B ,1,2,1,0,9.00E-05,1,334.4431588,0,2587.425253,2
2,audio,Task B ,2,4,1,0,0.00041,2,242.7182092,0,3571.261704,4
2,audio,Task B ,1,2,1,0,4.00E-05,1,19.07348684,0,2819.490403,1
2,audio,Task B ,1,2,1,0,0.00041,1,220.130412,0,2637.794192,4
3,audio,Task B ,2,1,0,0,4.00E-05,1,341.9596608,0,2619.759857,1
3,audio,Task B ,2,3,1,0,0.00019,2,312.7206054,0,3073.92148,3
3,audio,Task B ,2,4,1,0,4.00E-05,2,100.9426654,0,2437.091808,1
3,audio,Task B ,1,4,1,0,9.00E-05,1,167.2382536,0,2660.126298,2
3,audio,Task B ,1,1,1,0,4.00E-05,1,310.9448771,0,2842.808631,1
3,audio,Task B ,1,3,1,0,0.00019,1,340.2591179,0,2723.491401,3
4,audio,Task B ,1,3,0,0,0.00041,2,66.29813134,0,2518.143504,4
4,audio,Task B ,2,4,1,0,0.00019,2,82.35632153,0,2990.856797,3
4,audio,Task B ,1,2,0,0,9.00E-05,2,286.3953143,0,2867.426755,2
4,audio,Task B ,2,4,1,0,0.00041,2,18.32544204,0,1966.633588,4
4,audio,Task B ,1,3,0,0,9.00E-05,2,281.2683068,0,2629.675934,2
4,audio,Task B ,1,3,1,0,0.00019,1,67.22341552,0,2735.232103,3
5,audio,Task B ,1,1,0,0,9.00E-05,2,291.6509407,0,1913.981331,2
5,audio,Task B ,1,1,1,0,9.00E-05,1,26.24635452,0,2433.695658,2
5,audio,Task B ,1,2,0,0,0.00041,2,97.81126113,0,2331.73273,4
5,audio,Task B ,2,1,1,0,4.00E-05,2,322.2817981,0,1926.783755,1
5,audio,Task B ,1,2,0,0,9.00E-05,2,12.03889953,0,2566.48798,2
5,audio,Task B ,1,3,1,0,9.00E-05,1,190.2073761,0,2754.290648,2
6,audio,Task B ,1,2,0,0,0.00019,2,285.1913746,0,2670.315655,3
6,audio,Task B ,1,3,1,0,0.00019,1,223.4141755,0,2903.494864,3
6,audio,Task B ,2,3,1,0,0.00019,2,187.2279472,0,2631.176537,3
6,audio,Task B ,2,3,0,0,0.00019,1,222.7421002,0,2675.771161,3
6,audio,Task B ,2,1,1,0,4.00E-05,2,111.3208929,0,2503.356117,1
6,audio,Task B ,1,2,1,0,9.00E-05,1,13.73153924,0,2631.768978,2
7,audio,Task B ,1,4,1,0,0.00041,1,193.0460762,0,2824.258401,4
7,audio,Task B ,1,4,1,0,9.00E-05,1,274.9327644,0,2696.007099,2
7,audio,Task B ,1,4,0,0,0.00041,2,255.9114208,0,2716.392973,4
7,audio,Task B ,1,4,1,0,0.00041,1,260.4887365,0,2863.455618,4
7,audio,Task B ,1,1,1,0,9.00E-05,1,141.7499316,0,2663.760893,2
7,audio,Task B ,2,4,1,0,0.00019,2,61.17033187,0,3470.672103,3
8,audio,Task B ,1,4,0,0,0.00019,2,320.4095676,0,2675.235331,3
8,audio,Task B ,1,1,1,0,4.00E-05,1,221.6100315,0,2782.671552,1
8,audio,Task B ,2,2,1,0,0.00041,2,58.38569171,0,2200.782523,4
8,audio,Task B ,1,4,0,0,0.00041,2,143.7123381,0,2685.357696,4
8,audio,Task B ,1,4,0,0,0.00041,2,125.8778245,0,2662.128335,4
8,audio,Task B ,1,1,1,0,0.00019,1,10.92089488,0,2630.381414,3
9,audio,Task B ,2,4,1,0,0.00019,2,87.85707111,0,2679.404163,3
9,audio,Task B ,1,1,0,0,4.00E-05,2,26.77225741,0,3063.191729,1
9,audio,Task B ,1,2,1,0,0.00041,1,40.1615605,0,2435.59303,4
9,audio,Task B ,1,1,1,0,0.00019,1,129.3567472,0,2605.223601,3
9,audio,Task B ,1,1,1,0,9.00E-05,1,18.83349128,0,2535.888045,2
9,audio,Task B ,2,1,1,0,9.00E-05,2,189.2462438,0,2053.589987,2
10,audio,Task B ,1,1,1,0,9.00E-05,1,285.4093152,0,2625.307853,2
10,audio,Task B ,2,2,1,0,0.00041,2,287.9683939,0,3040.663688,4
10,audio,Task B ,1,1,0,0,9.00E-05,2,289.2807639,0,3117.055886,2
10,audio,Task B ,1,1,1,0,9.00E-05,1,345.3237519,0,2617.743116,2
10,audio,Task B ,2,2,0,0,0.00019,1,334.7965434,0,2606.879937,3
10,audio,Task B ,1,1,1,0,9.00E-05,1,38.14304635,0,2488.073924,2
1,audio,Task B ,1,2,0,0,9.00E-05,2,56.57960554,0,2707.957907,2
1,audio,Task B ,1,3,1,0,4.00E-05,1,309.2101483,0,2695.12554,1
1,audio,Task B ,1,2,1,0,4.00E-05,1,37.68515139,0,2756.109566,1
1,audio,Task B ,1,2,0,0,4.00E-05,2,162.5844301,0,2566.715744,1
1,audio,Task B ,1,3,1,0,9.00E-05,1,322.6576154,0,2790.941506,2
1,audio,Task B ,2,2,0,0,9.00E-05,1,349.9241101,0,2893.313245,2
2,audio,Task B ,2,2,1,0,9.00E-05,2,210.6027131,0,3098.212654,2
2,audio,Task B ,2,3,1,0,9.00E-05,2,2.819053832,0,2995.974842,2
2,audio,Task B ,1,3,1,0,0.00019,1,234.5930035,0,2722.217348,3
2,audio,Task B ,2,2,0,0,0.00019,1,295.3947255,0,2610.8803,3
2,audio,Task B ,1,2,1,0,9.00E-05,1,311.7752233,0,2732.146231,2
2,audio,Task B ,2,2,1,0,0.00019,2,115.4945931,0,2159.353863,3
3,audio,Task B ,1,2,1,0,9.00E-05,1,207.8472283,0,2861.30546,2
3,audio,Task B ,1,1,1,0,4.00E-05,1,151.8527556,0,2671.545354,1
3,audio,Task B ,2,3,0,0,0.00041,1,90.57128923,0,2565.329647,4
3,audio,Task B ,1,4,0,0,4.00E-05,2,298.7794182,0,2717.50441,1
3,audio,Task B ,2,3,0,0,0.00019,1,40.53672437,0,2527.583963,3
3,audio,Task B ,1,4,1,0,9.00E-05,1,132.810931,0,2703.574632,2
4,audio,Task B ,1,2,1,0,0.00019,1,87.22104302,0,2728.896558,3
4,audio,Task B ,2,4,1,0,0.00019,2,112.0384009,0,3111.733997,3
4,audio,Task B ,1,3,1,0,9.00E-05,1,305.0518977,0,2454.885183,2
4,audio,Task B ,1,3,1,0,0.00041,1,301.0848583,0,2840.421667,4
4,audio,Task B ,1,1,0,0,4.00E-05,2,205.6408917,0,2683.236804,1
4,audio,Task B ,1,3,1,0,9.00E-05,1,121.420472,0,2402.83863,2
5,audio,Task B ,1,1,1,0,4.00E-05,1,227.2946699,0,2673.406141,1
5,audio,Task B ,2,1,0,0,9.00E-05,1,230.1184726,0,2878.250606,2
5,audio,Task B ,1,4,0,0,0.00041,2,343.4127401,0,2753.028111,4
5,audio,Task B ,2,2,0,0,9.00E-05,1,248.4768452,0,2708.488855,2
5,audio,Task B ,2,4,0,0,0.00019,1,256.5478499,0,2379.10028,3
5,audio,Task B ,1,1,1,0,4.00E-05,1,205.7499493,0,2826.595604,1
6,audio,Task B ,1,3,0,0,4.00E-05,2,49.1047099,0,2257.173147,1
6,audio,Task B ,2,3,0,0,9.00E-05,1,36.31398086,0,2621.475957,2
6,audio,Task B ,1,3,0,0,4.00E-05,2,24.1981873,0,2033.611224,1
6,audio,Task B ,2,3,1,0,0.00041,2,199.311338,0,2523.235042,4
6,audio,Task B ,2,3,1,0,0.00019,2,278.2029416,0,3821.62473,3
6,audio,Task B ,2,3,0,0,0.00019,1,78.95902364,0,2761.442858,3
7,audio,Task B ,2,4,1,0,0.00019,2,157.2537822,0,2784.247104,3
7,audio,Task B ,1,1,1,0,4.00E-05,1,16.94493393,0,2751.069443,1
7,audio,Task B ,2,4,0,0,0.00019,1,72.63210788,0,2718.693433,3
7,audio,Task B ,1,4,1,0,9.00E-05,1,84.3820606,0,2996.434797,2
7,audio,Task B ,2,4,1,0,0.00041,2,313.2339962,0,2455.545873,4
7,audio,Task B ,1,4,0,0,9.00E-05,2,217.2800797,0,3295.449879,2
8,audio,Task B ,2,4,0,0,0.00041,1,233.6005571,0,2753.433794,4
8,audio,Task B ,1,4,0,0,0.00041,2,317.3239791,0,2959.753626,4
8,audio,Task B ,2,1,1,0,0.00041,2,86.0356495,0,2115.07963,4
8,audio,Task B ,2,3,0,0,0.00019,1,120.2675633,0,2539.254968,3
8,audio,Task B ,1,1,1,0,4.00E-05,1,99.42525462,0,2704.652112,1
8,audio,Task B ,2,1,1,0,9.00E-05,2,340.4397507,0,2493.788826,2
9,audio,Task B ,2,1,0,0,4.00E-05,1,45.10747648,0,2669.74878,1
9,audio,Task B ,1,1,1,0,9.00E-05,1,66.15119377,0,2638.840751,2
9,audio,Task B ,1,1,1,0,9.00E-05,1,55.6013627,0,2991.590965,2
9,audio,Task B ,2,1,1,0,0.00019,2,136.2337522,0,1994.664998,3
9,audio,Task B ,1,4,1,0,0.00019,1,321.3839504,0,2664.510321,3
9,audio,Task B ,1,4,1,0,0.00041,1,33.28918581,0,2759.900813,4
10,audio,Task B ,1,1,1,0,4.00E-05,1,263.3275565,0,2710.306481,1
10,audio,Task B ,1,1,1,0,4.00E-05,1,5.278069695,0,2566.736226,1
10,audio,Task B ,1,1,1,0,9.00E-05,1,154.9720056,0,2859.905666,2
10,audio,Task B ,1,1,1,0,0.00019,1,315.3753672,0,2725.643267,3
10,audio,Task B ,1,2,1,0,9.00E-05,1,130.2901859,0,2835.082299,2
10,audio,Task B ,1,1,1,0,9.00E-05,1,272.7704568,0,2669.660929,2
1,audio,Task B ,2,4,1,0,0.00019,2,117.6792093,0,1967.351651,3
1,audio,Task B ,2,4,0,0,0.00041,1,247.2830024,0,2405.569597,4
1,audio,Task B ,2,2,0,0,0.00041,1,74.67359785,0,2570.195355,4
1,audio,Task B ,1,3,1,0,0.00019,1,214.3810129,0,2846.363793,3
1,audio,Task B ,1,2,1,0,4.00E-05,1,43.8160079,0,2892.508861,1
1,audio,Task B ,1,2,1,0,9.00E-05,1,23.24142094,0,2675.579004,2
2,audio,Task B ,1,3,1,0,0.00019,1,188.1465781,0,2646.013384,3
2,audio,Task B ,2,2,1,0,4.00E-05,2,351.8294449,0,2689.288194,1
2,audio,Task B ,2,2,0,0,4.00E-05,1,245.2350213,0,2817.010978,1
2,audio,Task B ,1,2,0,0,9.00E-05,2,163.4836373,0,2775.613435,2
2,audio,Task B ,2,1,0,0,0.00041,1,265.1875585,0,2602.602979,4
2,audio,Task B ,2,2,1,0,0.00041,2,36.86403211,0,2372.776206,4
3,audio,Task B ,1,3,1,0,0.00041,1,181.4890651,0,2769.594545,4
3,audio,Task B ,2,3,0,0,4.00E-05,1,266.3356417,0,2305.472907,1
3,audio,Task B ,2,4,1,0,0.00041,2,22.10046513,0,1926.659644,4
3,audio,Task B ,2,3,1,0,9.00E-05,2,345.670733,0,3457.282486,2
3,audio,Task B ,2,4,1,0,4.00E-05,2,212.5154529,0,2913.901489,1
3,audio,Task B ,2,1,1,0,4.00E-05,2,216.5987337,0,2663.591939,1
4,audio,Task B ,1,1,0,0,4.00E-05,2,359.0838022,0,3571.094135,1
4,audio,Task B ,1,3,1,0,0.00041,1,216.461455,0,2562.913547,4
4,audio,Task B ,1,1,1,0,4.00E-05,1,348.2126664,0,2849.625977,1
4,audio,Task B ,1,1,1,0,4.00E-05,1,222.7718396,0,2591.439491,1
4,audio,Task B ,1,3,1,0,0.00041,1,213.6659745,0,2758.967074,4
4,audio,Task B ,1,3,1,0,9.00E-05,1,19.15806108,0,2628.189685,2
5,audio,Task B ,1,1,0,0,4.00E-05,2,265.0547709,0,3164.710739,1
5,audio,Task B ,1,1,0,0,4.00E-05,2,2.050087827,0,1975.283835,1
5,audio,Task B ,1,1,1,0,4.00E-05,1,45.92378931,0,2662.574985,1
5,audio,Task B ,1,3,0,0,0.00019,2,65.01710188,0,3018.030061,3
5,audio,Task B ,2,1,0,0,4.00E-05,1,58.97137735,0,2871.992288,1
5,audio,Task B ,2,4,1,0,9.00E-05,2,274.6552956,0,3778.774117,2
6,audio,Task B ,1,3,0,0,0.00019,2,215.1161447,0,2412.797656,3
6,audio,Task B ,2,3,0,0,0.00041,1,195.6474377,0,2936.516285,4
6,audio,Task B ,2,3,1,0,0.00041,2,235.8765271,0,2809.038663,4
6,audio,Task B ,1,2,1,0,0.00019,1,37.16929597,0,2815.404669,3
6,audio,Task B ,1,2,1,0,4.00E-05,1,269.4881313,0,2521.2431,1
6,audio,Task B ,2,3,1,0,4.00E-05,2,154.2539774,0,1684.43818,1
7,audio,Task B ,1,4,0,0,0.00041,2,170.3738031,0,2228.691365,4
7,audio,Task B ,1,1,0,0,9.00E-05,2,155.4190286,0,2673.282512,2
7,audio,Task B ,1,1,1,0,9.00E-05,1,173.2962637,0,2786.679864,2
7,audio,Task B ,1,1,0,0,4.00E-05,2,34.11656478,0,1983.981439,1
7,audio,Task B ,1,4,1,0,9.00E-05,1,157.728392,0,2644.096001,2
7,audio,Task B ,1,4,1,0,0.00041,1,222.7161474,0,2916.744749,4
8,audio,Task B ,2,2,0,0,0.00019,1,63.0794093,0,2554.631308,3
8,audio,Task B ,2,1,0,0,4.00E-05,1,278.3542899,0,2723.345302,1
8,audio,Task B ,1,1,0,0,9.00E-05,2,125.3944936,0,3354.16404,2
8,audio,Task B ,2,1,1,0,4.00E-05,2,35.45307113,0,3340.740791,1
8,audio,Task B ,2,3,1,0,0.00041,2,76.92579677,0,2813.316887,4
8,audio,Task B ,2,1,1,0,4.00E-05,2,267.7669823,0,2397.658486,1
9,audio,Task B ,1,1,1,0,0.00019,1,336.9821881,0,2633.610736,3
9,audio,Task B ,1,4,0,0,0.00041,2,93.79382916,0,2552.478649,4
9,audio,Task B ,1,1,0,0,0.00019,2,181.2185574,0,2693.941918,3
9,audio,Task B ,1,1,0,0,0.00019,2,66.60794769,0,1855.625332,3
9,audio,Task B ,1,1,1,0,0.00019,1,135.0586802,0,2829.05422,3
9,audio,Task B ,1,1,0,0,4.00E-05,2,313.6882777,0,2559.588346,1
10,audio,Task B ,1,1,1,0,4.00E-05,1,315.040377,0,2972.952367,1
10,audio,Task B ,1,1,0,0,9.00E-05,2,357.2110053,0,3660.841999,2
10,audio,Task B ,1,1,1,0,0.00041,1,111.793959,0,2673.881154,4
10,audio,Task B ,2,1,0,0,0.00041,1,95.74346637,0,2740.298702,4
10,audio,Task B ,2,2,0,0,0.00041,1,302.4602231,0,2722.763245,4
10,audio,Task B ,1,1,0,0,4.00E-05,2,68.05227178,0,2898.771365,1
1,audio,Task B ,2,4,1,0,0.00041,2,91.75902412,0,1768.267717,4
1,audio,Task B ,2,4,1,0,9.00E-05,2,61.89960402,0,2072.367006,2
1,audio,Task B ,2,4,1,0,0.00019,2,246.6016601,0,2280.322025,3
1,audio,Task B ,1,1,1,0,0.00019,1,28.99814187,0,2497.428218,3
1,audio,Task B ,1,3,1,0,0.00041,1,282.578591,0,2744.881349,4
1,audio,Task B ,2,2,0,0,0.00019,1,114.4135757,0,2514.543539,3
2,audio,Task B ,1,3,0,0,4.00E-05,2,336.3058438,0,2732.731401,1
2,audio,Task B ,1,3,0,0,9.00E-05,2,321.0442017,0,2732.328958,2
2,audio,Task B ,2,3,0,0,0.00041,1,117.0299859,0,2702.641691,4
2,audio,Task B ,2,4,0,0,0.00019,1,224.5825346,0,2615.360795,3
2,audio,Task B ,1,1,0,0,4.00E-05,2,335.97689,0,2848.897677,1
2,audio,Task B ,1,2,1,0,0.00019,1,13.51519814,0,2388.859287,3
3,audio,Task B ,1,3,0,0,9.00E-05,2,95.10461477,0,2716.421817,2
3,audio,Task B ,2,4,1,0,0.00019,2,145.4871014,0,2096.416818,3
3,audio,Task B ,1,3,1,0,0.00019,1,135.738684,0,2622.753454,3
3,audio,Task B ,1,4,1,0,9.00E-05,1,14.44543151,0,2626.424378,2
3,audio,Task B ,2,2,1,0,9.00E-05,2,357.593828,0,2563.708981,2
3,audio,Task B ,2,4,1,0,0.00041,2,146.5032937,0,2992.254014,4
4,audio,Task B ,2,3,1,0,0.00019,2,348.4599614,0,3321.762132,3
4,audio,Task B ,1,3,1,0,4.00E-05,1,123.5150046,0,2777.533582,1
4,audio,Task B ,2,1,0,0,4.00E-05,1,347.9153049,0,2731.451797,1
4,audio,Task B ,1,3,1,0,0.00019,1,117.4344879,0,2640.0952,3
4,audio,Task B ,1,3,0,0,0.00019,2,312.3890883,0,2797.6369,3
4,audio,Task B ,1,3,1,0,0.00019,1,349.3280666,0,2718.043226,3
5,audio,Task B ,1,2,1,0,4.00E-05,1,351.8521215,0,2881.383106,1
5,audio,Task B ,2,1,0,0,9.00E-05,1,231.4406157,0,2735.1882,2
5,audio,Task B ,1,3,1,0,9.00E-05,1,62.48766588,0,2740.092766,2
5,audio,Task B ,1,3,1,0,9.00E-05,1,300.2174266,0,2779.234867,2
5,audio,Task B ,2,3,0,0,9.00E-05,1,279.1875027,0,2396.253828,2
5,audio,Task B ,2,1,0,0,9.00E-05,1,219.2722212,0,2680.643022,2
6,audio,Task B ,2,3,1,0,0.00019,2,53.51226762,0,3222.778756,3
6,audio,Task B ,2,2,0,0,0.00041,1,357.5804488,0,2782.820357,4
6,audio,Task B ,1,3,1,0,9.00E-05,1,294.6144868,0,2625.20353,2
6,audio,Task B ,1,3,0,0,4.00E-05,2,358.6018527,0,3023.141146,1
6,audio,Task B ,1,3,1,0,0.00019,1,228.6832491,0,2829.194664,3
6,audio,Task B ,1,2,1,0,9.00E-05,1,314.2813747,0,2537.291288,2
7,audio,Task B ,1,1,0,0,9.00E-05,2,290.3752074,0,2155.949301,2
7,audio,Task B ,1,4,0,0,0.00041,2,36.69797069,0,3263.602538,4
7,audio,Task B ,2,4,0,0,9.00E-05,1,148.447161,0,2846.762665,2
7,audio,Task B ,1,4,1,0,0.00019,1,188.8974654,0,2779.447737,3
7,audio,Task B ,1,1,0,0,4.00E-05,2,58.34892808,0,3747.933029,1
7,audio,Task B ,2,4,0,0,0.00041,1,219.5285733,0,2871.051533,4
8,audio,Task B ,1,1,1,0,9.00E-05,1,26.40248132,0,2524.125676,2
8,audio,Task B ,2,4,0,0,0.00041,1,97.82407348,0,2795.574991,4
8,audio,Task B ,1,2,1,0,0.00041,1,28.84370826,0,2420.357327,4
8,audio,Task B ,1,1,0,0,4.00E-05,2,270.155016,0,1639.573393,1
8,audio,Task B ,1,1,0,0,9.00E-05,2,73.00886668,0,2474.190248,2
8,audio,Task B ,2,1,0,0,0.00019,1,305.2874568,0,2622.92042,3
9,audio,Task B ,1,4,0,0,4.00E-05,2,306.5052245,0,2538.01517,1
9,audio,Task B ,2,1,1,0,0.00019,2,298.1214695,0,2449.048373,3
9,audio,Task B ,2,1,0,0,4.00E-05,1,78.48614709,0,2744.142804,1
9,audio,Task B ,2,1,1,0,4.00E-05,2,161.3318414,0,2871.393907,1
9,audio,Task B ,2,3,0,0,0.00041,1,26.36812656,0,2562.372296,4
9,audio,Task B ,1,4,1,0,0.00041,1,55.0497901,0,2882.302378,4
10,audio,Task B ,1,1,1,0,0.00019,1,318.3852297,0,2735.978935,3
10,audio,Task B ,1,2,1,0,9.00E-05,1,260.9345593,0,2904.981672,2
10,audio,Task B ,1,1,1,0,4.00E-05,1,81.57812042,0,2697.892588,1
10,audio,Task B ,1,1,0,0,4.00E-05,2,355.4332507,0,2984.882257,1
10,audio,Task B ,2,2,1,0,9.00E-05,2,158.2330748,0,3195.852172,2
10,audio,Task B ,1,1,1,0,0.00041,1,229.9513639,0,2608.674968,4
1,audio,Task B ,2,4,0,0,0.00019,1,243.3786259,0,2444.534693,3
1,audio,Task B ,2,4,1,0,0.00019,2,230.5369317,0,3086.32577,3
1,audio,Task B ,2,3,1,0,0.00019,2,231.1599764,0,3151.965523,3
1,audio,Task B ,2,2,1,0,4.00E-05,2,166.2727289,0,3219.107395,1
1,audio,Task B ,1,3,1,0,0.00019,1,347.4940704,0,2746.392398,3
1,audio,Task B ,2,1,1,0,4.00E-05,2,17.23529532,0,2111.503308,1
2,audio,Task B ,1,1,0,0,9.00E-05,2,169.6332061,0,2204.40041,2
2,audio,Task B ,1,2,1,0,9.00E-05,1,62.31943304,0,2633.964407,2
2,audio,Task B ,2,3,0,0,0.00041,1,258.8555043,0,2779.386824,4
2,audio,Task B ,2,1,1,0,9.00E-05,2,1.183384922,0,2481.084735,2
2,audio,Task B ,2,2,1,0,0.00019,2,92.10983153,0,3008.424111,3
2,audio,Task B ,1,2,0,0,9.00E-05,2,36.31548148,0,3731.445338,2
3,audio,Task B ,2,1,1,0,4.00E-05,2,305.3830319,0,2168.128082,1
3,audio,Task B ,2,4,1,0,0.00041,2,120.1620573,0,3344.474509,4
3,audio,Task B ,1,2,0,0,0.00041,2,321.4157321,0,2963.78911,4
3,audio,Task B ,2,4,1,0,0.00041,2,272.434875,0,2928.528459,4
3,audio,Task B ,1,3,0,0,9.00E-05,2,173.0572787,0,2598.540204,2
3,audio,Task B ,1,4,1,0,0.00041,1,6.686865013,0,2654.869909,4
4,audio,Task B ,1,1,0,0,0.00019,2,135.338838,0,3528.508038,3
4,audio,Task B ,1,1,0,0,4.00E-05,2,222.9863583,0,2724.442776,1
4,audio,Task B ,1,3,1,0,9.00E-05,1,200.0959011,0,2673.804237,2
4,audio,Task B ,1,3,1,0,0.00019,1,213.5047087,0,2712.80968,3
4,audio,Task B ,1,1,0,0,4.00E-05,2,20.75820881,0,2258.492811,1
4,audio,Task B ,1,3,1,0,0.00041,1,105.9726869,0,2758.700187,4
5,audio,Task B ,2,2,1,0,9.00E-05,2,143.8242628,0,3189.632715,2
5,audio,Task B ,1,2,1,0,9.00E-05,1,162.5564044,0,2483.142615,2
5,audio,Task B ,1,1,1,0,4.00E-05,1,67.73983544,0,2583.813096,1
5,audio,Task B ,2,1,1,0,9.00E-05,2,189.0444733,0,2552.977298,2
5,audio,Task B ,1,1,1,0,4.00E-05,1,118.4333607,0,2659.592762,1
5,audio,Task B ,2,1,1,0,4.00E-05,2,42.25949161,0,2835.462574,1
6,audio,Task B ,1,3,0,0,0.00019,2,64.64124516,0,1655.585436,3
6,audio,Task B ,1,2,0,0,0.00019,2,194.4773027,0,3057.163896,3
6,audio,Task B ,2,3,0,0,9.00E-05,1,213.3259271,0,2572.207149,2
6,audio,Task B ,1,2,1,0,9.00E-05,1,47.57656653,0,2829.167323,2
6,audio,Task B ,1,2,1,0,4.00E-05,1,127.8741171,0,2816.07374,1
6,audio,Task B ,1,2,1,0,0.00019,1,55.51451402,0,2817.110333,3
7,audio,Task B ,2,4,0,0,9.00E-05,1,314.4587936,0,2687.410274,2
7,audio,Task B ,1,4,0,0,9.00E-05,2,232.7245058,0,3015.735825,2
7,audio,Task B ,1,1,1,0,4.00E-05,1,345.1953367,0,2761.210605,1
7,audio,Task B ,1,1,0,0,9.00E-05,2,189.0461574,0,1700.141401,2
7,audio,Task B ,1,1,1,0,0.00019,1,238.481734,0,2771.590063,3
7,audio,Task B ,1,4,0,0,4.00E-05,2,170.3387979,0,2633.984091,1
8,audio,Task B ,2,1,0,0,4.00E-05,1,171.8248485,0,2513.620793,1
8,audio,Task B ,1,4,0,0,0.00019,2,121.1130789,0,2959.193336,3
8,audio,Task B ,1,1,1,0,9.00E-05,1,66.46585463,0,2872.893098,2
8,audio,Task B ,2,4,1,0,0.00019,2,99.00405448,0,3514.46392,3
8,audio,Task B ,2,1,0,0,9.00E-05,1,351.6790383,0,2943.833887,2
8,audio,Task B ,1,1,0,0,9.00E-05,2,357.7661456,0,2573.365167,2
9,audio,Task B ,1,1,1,0,0.00019,1,196.9070477,0,2627.374567,3
9,audio,Task B ,1,4,0,0,0.00041,2,144.6574093,0,2161.851923,4
9,audio,Task B ,2,1,1,0,4.00E-05,2,298.5267299,0,1650.187441,1
9,audio,Task B ,1,1,1,0,0.00019,1,173.1282377,0,2414.347129,3
9,audio,Task B ,1,4,1,0,0.00041,1,97.11596115,0,2526.477982,4
9,audio,Task B ,2,1,0,0,4.00E-05,1,145.0163809,0,2788.794369,1
10,audio,Task B ,1,1,0,0,4.00E-05,2,283.805382,0,2656.994926,1
10,audio,Task B ,2,2,1,0,0.00041,2,181.9705013,0,2381.574424,4
10,audio,Task B ,1,1,0,0,4.00E-05,2,47.24587566,0,1940.654419,1
10,audio,Task B ,1,1,0,0,4.00E-05,2,130.9354139,0,2618.304866,1
10,audio,Task B ,2,2,1,0,0.00019,2,108.0225129,0,2549.490834,3
10,audio,Task B ,1,1,0,0,0.00019,2,190.1919464,0,2745.627661,3
1,audio,Task B ,1,3,0,0,0.00041,2,346.7559791,0,2923.743089,4
1,audio,Task B ,1,1,1,0,4.00E-05,1,88.84666928,0,2602.152146,1
1,audio,Task B ,1,2,0,0,0.00041,2,130.5406059,0,2522.402199,4
1,audio,Task B ,1,3,1,0,4.00E-05,1,1.581425768,0,2658.361084,1
1,audio,Task B ,1,3,1,0,0.00041,1,12.63816205,0,2908.672043,4
1,audio,Task B ,2,2,1,0,0.00019,2,358.5525182,0,2375.959462,3
2,audio,Task B ,1,3,0,0,0.00019,2,215.5174405,0,2793.10175,3
2,audio,Task B ,1,1,0,0,4.00E-05,2,261.5877372,0,2159.478664,1
2,audio,Task B ,2,2,1,0,4.00E-05,2,261.5390543,0,1636.647698,1
2,audio,Task B ,1,2,1,0,0.00041,1,271.3365873,0,2669.722618,4
2,audio,Task B ,1,2,1,0,0.00019,1,277.4802389,0,2675.683382,3
2,audio,Task B ,1,2,1,0,4.00E-05,1,28.42405987,0,2860.053079,1
3,audio,Task B ,1,2,1,0,0.00019,1,164.3027339,0,2891.159538,3
3,audio,Task B ,2,2,0,0,4.00E-05,1,131.6164726,0,2700.198735,1
3,audio,Task B ,1,4,0,0,0.00019,2,164.5252533,0,2611.939147,3
3,audio,Task B ,2,4,1,0,9.00E-05,2,227.7398995,0,2266.967852,2
3,audio,Task B ,2,3,1,0,0.00041,2,190.8412318,0,3337.869193,4
3,audio,Task B ,1,3,1,0,9.00E-05,1,340.5999934,0,2765.919365,2
4,audio,Task B ,1,1,0,0,4.00E-05,2,180.4387027,0,3326.005107,1
4,audio,Task B ,1,1,0,0,4.00E-05,2,239.1259956,0,2831.194697,1
4,audio,Task B ,1,1,1,0,4.00E-05,1,94.53367654,0,2617.918412,1
4,audio,Task B ,1,3,1,0,0.00041,1,308.9502448,0,2761.48408,4
4,audio,Task B ,2,3,1,0,0.00019,2,295.6503967,0,3024.042674,3
4,audio,Task B ,1,1,0,0,9.00E-05,2,27.82776794,0,2577.818935,2
5,audio,Task B ,1,1,1,0,4.00E-05,1,196.316605,0,2561.221464,1
5,audio,Task B ,2,1,1,0,9.00E-05,2,75.70788744,0,2636.469977,2
5,audio,Task B ,2,2,1,0,0.00041,2,188.5168209,0,2995.693658,4
5,audio,Task B ,1,4,1,0,0.00041,1,76.91736346,0,2852.497652,4
5,audio,Task B ,1,2,1,0,0.00041,1,253.655292,0,2529.409243,4
5,audio,Task B ,1,3,1,0,0.00041,1,320.6178235,0,2646.167511,4
6,audio,Task B ,2,2,1,0,4.00E-05,2,148.5606585,0,2921.637747,1
6,audio,Task B ,1,3,0,0,4.00E-05,2,151.8277281,0,3101.410864,1
6,audio,Task B ,1,3,1,0,0.00019,1,307.8285044,0,2848.811802,3
6,audio,Task B ,2,3,0,0,0.00019,1,62.57876683,0,2553.922671,3
6,audio,Task B ,1,3,0,0,0.00019,2,68.57451864,0,2095.702196,3
6,audio,Task B ,1,2,0,0,0.00041,2,189.5456197,0,2792.617647,4
7,audio,Task B ,2,4,1,0,0.00019,2,247.1143981,0,2377.303709,3
7,audio,Task B ,1,4,0,0,0.00019,2,226.4938237,0,2612.991012,3
7,audio,Task B ,1,4,0,0,0.00019,2,87.10018815,0,2199.357616,3
7,audio,Task B ,1,1,0,0,4.00E-05,2,177.7980389,0,3482.293193,1
7,audio,Task B ,1,4,0,0,9.00E-05,2,61.69408147,0,3106.789987,2
7,audio,Task B ,1,1,1,0,9.00E-05,1,251.4946022,0,2604.217301,2
8,audio,Task B ,1,1,1,0,9.00E-05,1,174.2195029,0,2732.442508,2
8,audio,Task B ,2,1,1,0,4.00E-05,2,132.8920211,0,2256.202424,1
8,audio,Task B ,1,1,0,0,0.00019,2,292.3149035,0,2397.546617,3
8,audio,Task B ,1,4,1,0,0.00041,1,189.7279268,0,2658.164782,4
8,audio,Task B ,2,1,1,0,9.00E-05,2,248.9998172,0,2292.457639,2
8,audio,Task B ,1,4,1,0,0.00019,1,319.7125079,0,2769.852115,3
9,audio,Task B ,1,4,1,0,0.00041,1,194.0234271,0,2481.916367,4
9,audio,Task B ,1,1,0,0,4.00E-05,2,218.2314087,0,2640.165144,1
9,audio,Task B ,1,4,0,0,0.00041,2,24.76023213,0,2745.486102,4
9,audio,Task B ,2,4,1,0,0.00041,2,14.81712123,0,2207.956738,4
9,audio,Task B ,2,1,1,0,9.00E-05,2,14.51098533,0,2443.13455,2
9,audio,Task B ,2,1,0,0,9.00E-05,1,69.72948132,0,2777.453744,2
10,audio,Task B ,2,1,0,0,0.00041,1,2.539703679,0,2594.689588,4
10,audio,Task B ,2,1,1,0,0.00041,2,221.643695,0,2137.971952,4
10,audio,Task B ,1,2,1,0,9.00E-05,1,299.3853151,0,2674.638666,2
10,audio,Task B ,1,1,0,0,0.00019,2,304.1543976,0,2476.675246,3
10,audio,Task B ,1,1,0,0,4.00E-05,2,353.3372639,0,2372.408614,1
10,audio,Task B ,1,1,0,0,0.00041,2,255.3292593,0,2938.844385,4
1,audio,Task B ,1,3,1,0,0.00041,1,326.4403324,0,2554.961861,4
1,audio,Task B ,1,3,1,0,4.00E-05,1,172.2987276,0,2798.409809,1
1,audio,Task B ,2,4,1,0,0.00041,2,95.81072242,0,2299.96213,4
1,audio,Task B ,1,3,1,0,0.00019,1,281.9151575,0,2811.547973,3
1,audio,Task B ,2,4,1,0,0.00019,2,5.783307999,0,3287.393483,3
1,audio,Task B ,2,3,1,0,0.00041,2,131.4300513,0,2401.040231,4
2,audio,Task B ,1,3,1,0,9.00E-05,1,61.09148627,0,2584.348185,2
2,audio,Task B ,1,3,1,0,0.00019,1,186.3890881,0,2722.969877,3
2,audio,Task B ,1,3,1,0,0.00019,1,0.459172805,0,2810.037831,3
2,audio,Task B ,2,4,1,0,0.00041,2,133.2729479,0,3542.736247,4
2,audio,Task B ,2,2,0,0,0.00041,1,149.1060854,0,2834.084821,4
2,audio,Task B ,2,1,0,0,0.00019,1,138.0314039,0,2626.97364,3
3,audio,Task B ,1,3,1,0,0.00041,1,142.4196727,0,2678.113237,4
3,audio,Task B ,1,4,1,0,0.00041,1,310.4427877,0,2666.852755,4
3,audio,Task B ,1,3,0,0,0.00019,2,224.1416672,0,2721.032934,3
3,audio,Task B ,2,4,1,0,0.00041,2,18.08308891,0,3032.888433,4
3,audio,Task B ,1,2,0,0,4.00E-05,2,140.5635795,0,2701.00219,1
3,audio,Task B ,2,1,1,0,9.00E-05,2,193.9413747,0,1736.858849,2
4,audio,Task B ,1,3,0,0,0.00041,2,35.97004631,0,2919.286267,4
4,audio,Task B ,1,3,0,0,0.00041,2,162.5594802,0,2964.05048,4
4,audio,Task B ,1,1,1,0,4.00E-05,1,308.4307463,0,2713.893269,1
4,audio,Task B ,1,3,1,0,9.00E-05,1,334.9171709,0,2666.558277,2
4,audio,Task B ,1,3,1,0,0.00041,1,266.7633996,0,2813.065182,4
4,audio,Task B ,2,3,0,0,9.00E-05,1,335.8718651,0,2487.771348,2
5,audio,Task B ,2,4,1,0,0.00019,2,304.3927106,0,1667.23463,3
5,audio,Task B ,2,2,1,0,9.00E-05,2,148.1411474,0,2971.318241,2
5,audio,Task B ,2,2,1,0,0.00019,2,57.01457373,0,2424.273091,3
5,audio,Task B ,1,1,1,0,4.00E-05,1,55.53059908,0,2592.087801,1
5,audio,Task B ,2,4,0,0,0.00019,1,194.7288581,0,2710.975526,3
5,audio,Task B ,2,2,1,0,0.00019,2,62.02792798,0,2847.152469,3
6,audio,Task B ,2,2,0,0,0.00019,1,65.27754621,0,2811.849987,3
6,audio,Task B ,2,3,1,0,0.00019,2,300.687492,0,2057.723211,3
6,audio,Task B ,2,2,1,0,0.00041,2,215.8276007,0,3680.747865,4
6,audio,Task B ,1,3,0,0,0.00019,2,193.9669341,0,2712.799106,3
6,audio,Task B ,2,3,1,0,0.00041,2,103.9752015,0,2350.586611,4
6,audio,Task B ,1,2,0,0,9.00E-05,2,156.0266671,0,2641.514566,2
7,audio,Task B ,2,4,0,0,0.00041,1,244.3256239,0,2550.714495,4
7,audio,Task B ,1,4,0,0,4.00E-05,2,159.727861,0,3040.590262,1
7,audio,Task B ,2,4,0,0,0.00041,1,248.0429416,0,2676.784336,4
7,audio,Task B ,1,1,1,0,0.00019,1,263.9500085,0,2768.680908,3
7,audio,Task B ,1,4,1,0,0.00041,1,116.5862138,0,2803.741951,4
7,audio,Task B ,1,1,0,0,4.00E-05,2,129.3049572,0,2752.022097,1
8,audio,Task B ,1,4,0,0,0.00041,2,31.98609082,0,2466.375802,4
8,audio,Task B ,2,2,0,0,9.00E-05,1,137.8362067,0,2772.826368,2
8,audio,Task B ,2,3,0,0,0.00019,1,345.7567066,0,2647.294303,3
8,audio,Task B ,2,4,1,0,0.00019,2,268.1233129,0,3696.308466,3
8,audio,Task B ,2,1,0,0,4.00E-05,1,87.90248108,0,2675.279979,1
8,audio,Task B ,1,2,0,0,4.00E-05,2,202.4052265,0,2808.554278,1
9,audio,Task B ,2,1,1,0,4.00E-05,2,220.0008594,0,2856.737495,1
9,audio,Task B ,2,1,1,0,0.00019,2,183.7262976,0,2972.215397,3
9,audio,Task B ,1,4,0,0,0.00041,2,344.7315117,0,2825.420352,4
9,audio,Task B ,1,1,0,0,9.00E-05,2,291.4361471,0,3057.675746,2
9,audio,Task B ,1,1,0,0,4.00E-05,2,47.28480219,0,2229.966109,1
9,audio,Task B ,1,1,1,0,4.00E-05,1,325.9733935,0,2552.140088,1
10,audio,Task B ,1,1,1,0,0.00041,1,77.42295246,0,2747.902303,4
10,audio,Task B ,2,1,1,0,0.00019,2,149.1562406,0,2395.871593,3
10,audio,Task B ,2,2,0,0,0.00019,1,299.9638714,0,2955.308422,3
10,audio,Task B ,2,1,1,0,0.00041,2,283.7577745,0,2813.159531,4
10,audio,Task B ,1,1,0,0,9.00E-05,2,341.7206589,0,1762.123908,2
10,audio,Task B ,2,1,1,0,0.00041,2,96.74134934,0,2383.682828,4
1,audio,Task B ,2,4,1,0,0.00041,2,107.7541925,0,2041.420458,4
1,audio,Task B ,2,4,1,0,0.00019,2,9.153422639,0,1905.857485,3
1,audio,Task B ,1,3,1,0,0.00041,1,72.47860561,0,2801.293935,4
1,audio,Task B ,2,1,1,0,4.00E-05,2,176.4922893,0,2729.38684,1
1,audio,Task B ,2,2,1,0,0.00041,2,22.84065281,0,2568.277853,4
1,audio,Task B ,1,2,1,0,0.00041,1,292.8321501,0,2739.948533,4
2,audio,Task B ,2,1,0,0,9.00E-05,1,40.49935375,0,2973.95198,2
2,audio,Task B ,1,2,1,0,0.00019,1,329.7796555,0,2575.804223,3
2,audio,Task B ,1,2,1,0,4.00E-05,1,83.08061005,0,2570.252155,1
2,audio,Task B ,1,3,1,0,4.00E-05,1,358.5749013,0,2790.258379,1
2,audio,Task B ,1,2,0,0,0.00019,2,283.7753889,0,2805.377407,3
2,audio,Task B ,2,2,0,0,9.00E-05,1,344.3115725,0,2849.301725,2
3,audio,Task B ,1,2,1,0,0.00019,1,187.0585032,0,2627.971653,3
3,audio,Task B ,1,3,0,0,4.00E-05,2,274.2551207,0,2732.203666,1
3,audio,Task B ,2,4,1,0,9.00E-05,2,79.72348125,0,3537.159431,2
3,audio,Task B ,1,3,1,0,0.00041,1,235.646887,0,2797.413882,4
3,audio,Task B ,2,1,1,0,0.00019,2,167.8701253,0,2729.690579,3
3,audio,Task B ,1,4,0,0,0.00041,2,286.2971362,0,2669.965437,4
4,audio,Task B ,2,2,0,0,0.00041,1,135.2448936,0,2494.61409,4
4,audio,Task B ,1,3,1,0,0.00041,1,163.4415867,0,2888.335535,4
4,audio,Task B ,1,3,1,0,0.00041,1,62.88291397,0,2730.95087,4
4,audio,Task B ,1,3,0,0,0.00041,2,100.3826027,0,3130.308478,4
4,audio,Task B ,1,3,0,0,9.00E-05,2,60.58474919,0,3047.471504,2
4,audio,Task B ,1,3,1,0,0.00041,1,128.119578,0,2953.686941,4
5,audio,Task B ,2,3,1,0,9.00E-05,2,164.5589978,0,2390.280897,2
5,audio,Task B ,1,1,1,0,4.00E-05,1,195.3654881,0,2781.432722,1
5,audio,Task B ,1,4,1,0,0.00041,1,249.3772841,0,2708.296835,4
5,audio,Task B ,2,1,1,0,4.00E-05,2,174.9660681,0,3131.384004,1
5,audio,Task B ,2,4,1,0,0.00019,2,256.5197746,0,1647.634038,3
5,audio,Task B ,2,4,1,0,9.00E-05,2,181.5576307,0,3315.07342,2
6,audio,Task B ,2,3,1,0,9.00E-05,2,279.9977588,0,3061.959543,2
6,audio,Task B ,2,3,0,0,9.00E-05,1,244.8713086,0,2787.016692,2
6,audio,Task B ,2,3,1,0,0.00019,2,255.3569788,0,2383.030799,3
6,audio,Task B ,1,2,0,0,9.00E-05,2,248.6280353,0,2828.75856,2
6,audio,Task B ,1,1,1,0,0.00019,1,81.97537744,0,2684.901522,3
6,audio,Task B ,1,3,1,0,4.00E-05,1,45.98211869,0,2785.673012,1
7,audio,Task B ,1,4,0,0,9.00E-05,2,115.111291,0,2109.423532,2
7,audio,Task B ,1,1,1,0,4.00E-05,1,184.3044183,0,3046.774065,1
7,audio,Task B ,1,1,1,0,4.00E-05,1,185.8709146,0,2674.615913,1
7,audio,Task B ,1,1,1,0,4.00E-05,1,288.362906,0,2850.079642,1
7,audio,Task B ,1,1,1,0,9.00E-05,1,206.0325389,0,2676.458339,2
7,audio,Task B ,1,4,0,0,9.00E-05,2,35.98289307,0,3354.789311,2
8,audio,Task B ,2,1,0,0,0.00019,1,233.6656649,0,2657.771362,3
8,audio,Task B ,1,4,0,0,0.00019,2,155.2630029,0,2937.936852,3
8,audio,Task B ,1,1,1,0,9.00E-05,1,355.2434093,0,2526.441286,2
8,audio,Task B ,1,4,0,0,9.00E-05,2,175.2298118,0,2326.906932,2
8,audio,Task B ,2,1,0,0,0.00041,1,59.64877659,0,2814.797226,4
8,audio,Task B ,2,3,1,0,0.00041,2,119.3667571,0,2877.75719,4
9,audio,Task B ,2,4,0,0,0.00041,1,237.6166256,0,2531.603047,4
9,audio,Task B ,1,1,1,0,0.00019,1,303.2037137,0,2757.447535,3
9,audio,Task B ,2,1,0,0,4.00E-05,1,237.7366069,0,2792.783894,1
9,audio,Task B ,1,4,1,0,0.00041,1,182.5302415,0,2678.525129,4
9,audio,Task B ,1,1,1,0,9.00E-05,1,83.86585058,0,2552.858961,2
9,audio,Task B ,1,1,1,0,4.00E-05,1,162.0293541,0,2529.171344,1
10,audio,Task B ,1,1,1,0,9.00E-05,1,346.115949,0,2557.401481,2
10,audio,Task B ,2,2,0,0,0.00041,1,43.24239392,0,2732.338871,4
10,audio,Task B ,2,2,0,0,9.00E-05,1,193.860955,0,2774.602237,2
10,audio,Task B ,2,1,1,0,0.00041,2,47.95680197,0,3943.058498,4
10,audio,Task B ,1,1,1,0,4.00E-05,1,82.04732373,0,2526.222716,1
10,audio,Task B ,1,1,1,0,4.00E-05,1,292.4295524,0,2601.565791,1
1,audio,Task B ,2,4,1,0,0.00019,2,92.82563681,0,3072.397674,3
1,audio,Task B ,1,2,1,0,0.00041,1,88.35789811,0,2771.326799,4
1,audio,Task B ,2,2,1,0,4.00E-05,2,343.7084654,0,2345.473017,1
1,audio,Task B ,1,3,1,0,9.00E-05,1,33.73837398,0,2656.254432,2
1,audio,Task B ,2,3,1,0,9.00E-05,2,146.3707503,0,2280.348631,2
1,audio,Task B ,1,3,1,0,0.00041,1,241.6089619,0,2716.133015,4
2,audio,Task B ,2,2,0,0,4.00E-05,1,274.6897081,0,2528.420988,1
2,audio,Task B ,2,2,0,0,0.00019,1,347.8277725,0,2805.23748,3
2,audio,Task B ,1,2,1,0,9.00E-05,1,229.1237495,0,2890.04972,2
2,audio,Task B ,1,2,0,0,0.00041,2,140.1263957,0,2997.797081,4
2,audio,Task B ,2,1,0,0,9.00E-05,1,162.4510477,0,2591.673277,2
2,audio,Task B ,2,3,1,0,0.00019,2,206.9696263,0,3168.730924,3
3,audio,Task B ,2,2,0,0,4.00E-05,1,294.8750648,0,2572.459613,1
3,audio,Task B ,1,2,1,0,4.00E-05,1,53.29221414,0,2816.019394,1
3,audio,Task B ,2,4,0,0,9.00E-05,1,288.5792621,0,2500.36595,2
3,audio,Task B ,1,3,1,0,9.00E-05,1,4.523354871,0,2708.060337,2
3,audio,Task B ,1,1,1,0,4.00E-05,1,0.384543064,0,2685.705045,1
3,audio,Task B ,1,4,1,0,0.00019,1,260.4661503,0,2730.55501,3
4,audio,Task B ,1,1,0,0,0.00019,2,194.7402618,0,3414.711563,3
4,audio,Task B ,2,4,1,0,9.00E-05,2,139.1853548,0,1899.358753,2
4,audio,Task B ,1,3,1,0,0.00041,1,226.7664652,0,2737.633261,4
4,audio,Task B ,1,2,0,0,9.00E-05,2,18.23403598,0,2026.018633,2
4,audio,Task B ,2,4,1,0,0.00041,2,105.5704898,0,2083.385418,4
4,audio,Task B ,2,2,1,0,9.00E-05,2,353.4463651,0,2110.123847,2
5,audio,Task B ,2,4,0,0,0.00041,1,266.990432,0,2596.350781,4
5,audio,Task B ,2,4,1,0,0.00041,2,322.4459906,0,2565.74223,4
5,audio,Task B ,1,3,1,0,4.00E-05,1,93.83535217,0,2761.945292,1
5,audio,Task B ,1,3,1,0,0.00019,1,309.987388,0,2703.94093,3
5,audio,Task B ,2,4,1,0,0.00019,2,224.7703266,0,3650.800528,3
5,audio,Task B ,1,2,1,0,0.00019,1,115.7948401,0,2777.455103,3
6,audio,Task B ,2,3,0,0,4.00E-05,1,209.3520688,0,2949.005309,1
6,audio,Task B ,2,3,1,0,9.00E-05,2,123.658731,0,3187.322998,2
6,audio,Task B ,1,3,0,0,0.00041,2,83.89059915,0,2577.218628,4
6,audio,Task B ,1,3,1,0,0.00041,1,307.3822672,0,2618.525465,4
6,audio,Task B ,2,2,0,0,9.00E-05,1,176.5801959,0,2805.440042,2
6,audio,Task B ,2,3,1,0,0.00041,2,167.0949626,0,2278.523264,4
7,audio,Task B ,2,4,0,0,0.00041,1,345.651997,0,2890.473266,4
7,audio,Task B ,1,1,0,0,4.00E-05,2,254.3121245,0,2980.48546,1
7,audio,Task B ,1,1,1,0,9.00E-05,1,231.2100631,0,2580.026244,2
7,audio,Task B ,1,1,1,0,9.00E-05,1,288.2375931,0,2668.110507,2
7,audio,Task B ,1,1,0,0,9.00E-05,2,267.0321572,0,2368.209132,2
7,audio,Task B ,1,1,0,0,4.00E-05,2,286.1381855,0,2498.992847,1
8,audio,Task B ,1,1,1,0,4.00E-05,1,74.58228952,0,2619.22514,1
8,audio,Task B ,2,1,1,0,0.00041,2,269.8605534,0,2164.624531,4
8,audio,Task B ,1,4,1,0,9.00E-05,1,123.5720608,0,2694.975067,2
8,audio,Task B ,2,3,1,0,0.00019,2,219.0647341,0,2795.659331,3
8,audio,Task B ,2,3,1,0,0.00041,2,310.3777263,0,3110.352944,4
8,audio,Task B ,2,3,0,0,0.00041,1,264.5040333,0,2867.816703,4
9,audio,Task B ,1,1,0,0,9.00E-05,2,117.2134115,0,3017.213816,2
9,audio,Task B ,1,4,0,0,0.00041,2,69.84370225,0,2809.816615,4
9,audio,Task B ,2,4,1,0,0.00019,2,335.8423234,0,2944.681957,3
9,audio,Task B ,1,1,0,0,4.00E-05,2,22.33012049,0,3386.570645,1
9,audio,Task B ,1,1,0,0,9.00E-05,2,234.2730626,0,2627.094132,2
9,audio,Task B ,2,4,0,0,0.00019,1,334.5572185,0,2681.667618,3
10,audio,Task B ,2,1,0,0,0.00019,1,111.8006012,0,2534.754051,3
10,audio,Task B ,2,2,1,0,0.00019,2,58.77068604,0,2363.448016,3
10,audio,Task B ,2,1,1,0,9.00E-05,2,271.4213942,0,2782.65801,2
10,audio,Task B ,2,1,0,0,0.00041,1,0.848087419,0,2760.638333,4
10,audio,Task B ,2,2,0,0,0.00019,1,161.9873811,0,2894.423174,3
10,audio,Task B ,1,1,1,0,9.00E-05,1,170.1423561,0,2513.752663,2
1,audio,Task B ,1,3,0,0,0.00019,2,99.21641557,0,2761.390963,3
1,audio,Task B ,2,4,1,0,4.00E-05,2,32.38689264,0,1962.682312,1
1,audio,Task B ,1,2,1,0,0.00041,1,52.77380607,0,2641.534195,4
1,audio,Task B ,2,2,0,0,0.00019,1,183.8236137,0,2376.047293,3
1,audio,Task B ,2,1,1,0,4.00E-05,2,231.3318485,0,3377.943139,1
1,audio,Task B ,2,2,1,0,0.00041,2,332.2822344,0,2512.74961,4
2,audio,Task B ,1,3,0,0,0.00041,2,107.039049,0,2530.294946,4
2,audio,Task B ,1,3,1,0,4.00E-05,1,119.0946382,0,2548.083898,1
2,audio,Task B ,1,2,1,0,0.00041,1,239.6918251,0,2555.57884,4
2,audio,Task B ,1,2,1,0,0.00019,1,145.645904,0,2674.749533,3
2,audio,Task B ,2,1,1,0,0.00041,2,333.9579197,0,2459.831697,4
2,audio,Task B ,1,1,1,0,9.00E-05,1,153.0342432,0,2736.43884,2
3,audio,Task B ,1,2,0,0,0.00041,2,178.3722336,0,2664.620041,4
3,audio,Task B ,1,4,1,0,0.00041,1,211.9630069,0,2715.531579,4
3,audio,Task B ,1,4,1,0,0.00041,1,87.55381516,0,2736.643502,4
3,audio,Task B ,2,3,0,0,4.00E-05,1,282.179392,0,2829.707315,1
3,audio,Task B ,1,3,1,0,0.00019,1,230.542627,0,2661.104494,3
3,audio,Task B ,2,3,1,0,4.00E-05,2,100.6181894,0,2535.008684,1
4,audio,Task B ,1,3,0,0,0.00041,2,299.6368353,0,2595.883919,4
4,audio,Task B ,1,1,0,0,4.00E-05,2,161.3047513,0,2697.809177,1
4,audio,Task B ,1,1,0,0,9.00E-05,2,15.35725057,0,2383.051182,2
4,audio,Task B ,1,1,0,0,4.00E-05,2,333.1887703,0,3284.131693,1
4,audio,Task B ,2,4,1,0,0.00041,2,3.765082683,0,2155.57977,4
4,audio,Task B ,1,1,0,0,9.00E-05,2,325.765644,0,3498.802932,2
5,audio,Task B ,2,3,1,0,0.00019,2,292.703819,0,2359.568236,3
5,audio,Task B ,1,1,1,0,9.00E-05,1,62.85701535,0,2639.471003,2
5,audio,Task B ,1,1,0,0,9.00E-05,2,200.8835801,0,3051.197439,2
5,audio,Task B ,1,1,1,0,4.00E-05,1,278.3886381,0,2639.881341,1
5,audio,Task B ,1,1,0,0,9.00E-05,2,330.6233072,0,3558.575089,2
5,audio,Task B ,1,1,0,0,9.00E-05,2,148.8410235,0,1567.13154,2
6,audio,Task B ,2,3,1,0,0.00041,2,82.75444797,0,2849.44457,4
6,audio,Task B ,1,3,0,0,0.00041,2,316.6032342,0,2880.364679,4
6,audio,Task B ,1,3,0,0,0.00019,2,224.4308172,0,2882.766169,3
6,audio,Task B ,1,3,0,0,0.00019,2,222.0270212,0,2083.038474,3
6,audio,Task B ,1,2,1,0,0.00019,1,235.736331,0,2787.022856,3
6,audio,Task B ,1,2,0,0,0.00019,2,236.4550566,0,2369.677814,3
7,audio,Task B ,1,1,1,0,4.00E-05,1,298.0850627,0,2645.257089,1
7,audio,Task B ,1,1,0,0,9.00E-05,2,35.1681195,0,2771.448074,2
7,audio,Task B ,1,1,0,0,4.00E-05,2,310.8882554,0,3380.023773,1
7,audio,Task B ,2,4,1,0,0.00041,2,192.6835177,0,2360.871686,4
7,audio,Task B ,1,1,1,0,0.00019,1,345.9647244,0,2675.372867,3
7,audio,Task B ,1,4,1,0,0.00041,1,100.17047,0,2747.323003,4
8,audio,Task B ,2,1,1,0,0.00041,2,93.88788137,0,2253.252053,4
8,audio,Task B ,2,4,0,0,0.00041,1,126.4226846,0,2592.548252,4
8,audio,Task B ,2,2,0,0,4.00E-05,1,52.41275605,0,2720.24192,1
8,audio,Task B ,1,4,1,0,0.00019,1,217.9742039,0,2568.041713,3
8,audio,Task B ,2,1,1,0,0.00041,2,228.778154,0,2237.36027,4
8,audio,Task B ,2,1,0,0,9.00E-05,1,54.80436554,0,2756.561324,2
9,audio,Task B ,2,4,1,0,0.00041,2,313.9040068,0,3037.99799,4
9,audio,Task B ,1,1,0,0,9.00E-05,2,49.74254403,0,2361.897286,2
9,audio,Task B ,2,1,1,0,0.00041,2,316.392623,0,2198.276512,4
9,audio,Task B ,1,1,1,0,9.00E-05,1,20.6465752,0,2763.718657,2
9,audio,Task B ,1,4,1,0,0.00019,1,261.1658509,0,2521.968561,3
9,audio,Task B ,2,1,0,0,4.00E-05,1,247.9955523,0,2770.199526,1
10,audio,Task B ,1,1,1,0,9.00E-05,1,190.720999,0,2658.663414,2
10,audio,Task B ,1,1,0,0,9.00E-05,2,49.75237184,0,1737.54913,2
10,audio,Task B ,2,2,0,0,0.00041,1,289.4012727,0,2544.983252,4
10,audio,Task B ,1,1,1,0,4.00E-05,1,80.60663226,0,2709.386942,1
10,audio,Task B ,2,2,0,0,0.00041,1,352.3620043,0,2432.449404,4
10,audio,Task B ,1,1,1,0,0.00019,1,249.5610317,0,2899.915643,3
1,audio,Task B ,1,2,1,0,0.00019,1,69.97130594,0,2952.558684,3
1,audio,Task B ,1,3,1,0,9.00E-05,1,97.20526569,0,2595.579287,2
1,audio,Task B ,1,3,1,0,9.00E-05,1,57.28058323,0,2798.821149,2
1,audio,Task B ,2,1,1,0,0.00019,2,65.80921002,0,2916.794492,3
1,audio,Task B ,1,2,1,0,0.00019,1,257.9290905,0,2795.253064,3
1,audio,Task B ,2,2,0,0,0.00019,1,358.5881978,0,2875.17151,3
2,audio,Task B ,2,3,1,0,0.00041,2,121.0790617,0,2264.150521,4
2,audio,Task B ,2,1,1,0,0.00041,2,149.1814113,0,2664.466426,4
2,audio,Task B ,1,2,0,0,9.00E-05,2,207.0365582,0,2203.855443,2
2,audio,Task B ,1,2,1,0,0.00041,1,77.65274814,0,2625.201241,4
2,audio,Task B ,1,1,1,0,4.00E-05,1,6.119951719,0,2621.047373,1
2,audio,Task B ,2,2,1,0,0.00019,2,257.9572594,0,2184.146623,3
3,audio,Task B ,1,3,1,0,0.00041,1,329.2768938,0,2781.572456,4
3,audio,Task B ,1,1,1,0,0.00019,1,22.75730705,0,2611.099102,3
3,audio,Task B ,2,2,0,0,0.00019,1,176.4333816,0,2596.804363,3
3,audio,Task B ,1,3,1,0,0.00041,1,15.85410327,0,2697.232013,4
3,audio,Task B ,2,1,1,0,9.00E-05,2,158.6306195,0,2898.759676,2
3,audio,Task B ,1,1,0,0,0.00041,2,302.3744059,0,2711.557823,4
4,audio,Task B ,1,1,0,0,9.00E-05,2,26.86445649,0,2987.588671,2
4,audio,Task B ,1,3,1,0,0.00019,1,259.8802116,0,2729.376669,3
4,audio,Task B ,1,3,0,0,0.00019,2,28.33323355,0,2703.040429,3
4,audio,Task B ,1,1,1,0,9.00E-05,1,142.1110166,0,2552.909622,2
4,audio,Task B ,1,3,1,0,0.00041,1,183.447745,0,2925.71477,4
4,audio,Task B ,1,2,0,0,9.00E-05,2,76.67852384,0,3082.003987,2
5,audio,Task B ,1,3,1,0,0.00019,1,331.399471,0,2724.344773,3
5,audio,Task B ,1,1,1,0,4.00E-05,1,7.945503562,0,2868.786989,1
5,audio,Task B ,2,1,0,0,4.00E-05,1,179.1087315,0,2694.21559,1
5,audio,Task B ,2,1,1,0,4.00E-05,2,232.2499605,0,3932.156323,1
5,audio,Task B ,1,3,1,0,0.00019,1,61.77721436,0,2684.183147,3
5,audio,Task B ,2,4,1,0,0.00041,2,74.57051231,0,3184.259989,4
6,audio,Task B ,2,2,1,0,9.00E-05,2,53.27944085,0,3460.784161,2
6,audio,Task B ,2,3,0,0,0.00041,1,181.3587732,0,2689.853507,4
6,audio,Task B ,2,3,1,0,9.00E-05,2,180.3880251,0,3505.700362,2
6,audio,Task B ,2,3,1,0,4.00E-05,2,191.7545395,0,2793.102675,1
6,audio,Task B ,1,1,0,0,0.00019,2,67.72978107,0,2327.655005,3
6,audio,Task B ,1,3,0,0,0.00041,2,319.7740422,0,2717.688143,4
7,audio,Task B ,2,4,0,0,9.00E-05,1,70.36879351,0,2743.680431,2
7,audio,Task B ,2,4,0,0,0.00019,1,211.5996959,0,2803.266521,3
7,audio,Task B ,1,1,0,0,0.00019,2,215.5144651,0,2611.742455,3
7,audio,Task B ,1,4,0,0,0.00019,2,126.1276632,0,2973.779192,3
7,audio,Task B ,2,4,1,0,0.00019,2,339.5609172,0,2391.916008,3
7,audio,Task B ,1,4,1,0,0.00041,1,119.5779933,0,2711.751247,4
8,audio,Task B ,2,1,1,0,4.00E-05,2,204.6620732,0,2625.06486,1
8,audio,Task B ,1,2,0,0,9.00E-05,2,168.4081589,0,1804.739111,2
8,audio,Task B ,1,1,0,0,0.00019,2,204.7689643,0,2781.182549,3
8,audio,Task B ,1,1,1,0,9.00E-05,1,15.20895792,0,2837.853106,2
8,audio,Task B ,1,2,1,0,4.00E-05,1,358.0068454,0,2877.180132,1
8,audio,Task B ,2,3,0,0,0.00041,1,91.59082837,0,2699.420014,4
9,audio,Task B ,1,1,1,0,0.00019,1,223.4308831,0,2600.5903,3
9,audio,Task B ,2,1,0,0,9.00E-05,1,221.8513393,0,2522.865935,2
9,audio,Task B ,2,4,1,0,0.00041,2,321.9821471,0,1880.231629,4
9,audio,Task B ,2,4,0,0,0.00019,1,6.748824597,0,2561.818094,3
9,audio,Task B ,2,1,1,0,4.00E-05,2,129.3792054,0,2758.458943,1
9,audio,Task B ,2,1,1,0,4.00E-05,2,322.1334836,0,3076.695841,1
10,audio,Task B ,2,2,1,0,0.00041,2,337.7730045,0,3538.94229,4
10,audio,Task B ,2,2,0,0,4.00E-05,1,96.97114869,0,2391.114334,1
10,audio,Task B ,2,2,1,0,0.00019,2,33.872537,0,2566.314336,3
10,audio,Task B ,1,2,1,0,0.00019,1,19.81276536,0,2676.685554,3
10,audio,Task B ,2,2,0,0,9.00E-05,1,6.559311808,0,2774.938843,2
10,audio,Task B ,2,2,0,0,0.00041,1,164.9294388,0,2543.239509,4
1,audio,Task B ,1,1,0,0,4.00E-05,2,103.0260764,0,2751.173224,1
1,audio,Task B ,2,3,1,0,9.00E-05,2,206.1111761,0,3057.884347,2
1,audio,Task B ,1,2,1,0,0.00019,1,263.6301951,0,2676.523416,3
1,audio,Task B ,2,2,1,0,9.00E-05,2,106.6289832,0,2502.743083,2
1,audio,Task B ,1,2,1,0,4.00E-05,1,147.2046706,0,2846.283038,1
1,audio,Task B ,2,2,0,0,4.00E-05,1,294.3832311,0,2556.218008,1
2,audio,Task B ,1,3,1,0,0.00019,1,249.5236883,0,2838.795036,3
2,audio,Task B ,2,1,0,0,4.00E-05,1,50.73806899,0,2600.670301,1
2,audio,Task B ,2,1,1,0,9.00E-05,2,175.0306179,0,2585.538438,2
2,audio,Task B ,2,1,1,0,4.00E-05,2,324.8455645,0,3246.070755,1
2,audio,Task B ,1,2,0,0,0.00019,2,140.2087825,0,2981.680145,3
2,audio,Task B ,1,2,1,0,4.00E-05,1,3.846289654,0,2875.915359,1
3,audio,Task B ,1,2,1,0,4.00E-05,1,267.6386614,0,2943.318199,1
3,audio,Task B ,2,2,0,0,0.00041,1,274.0734363,0,3064.583806,4
3,audio,Task B ,1,1,0,0,9.00E-05,2,354.9896948,0,2763.858157,2
3,audio,Task B ,2,4,1,0,0.00019,2,158.0227726,0,2422.247033,3
3,audio,Task B ,1,3,1,0,0.00019,1,337.9846252,0,2704.362443,3
3,audio,Task B ,1,4,1,0,9.00E-05,1,19.54283553,0,2776.372145,2
4,audio,Task B ,1,2,1,0,0.00019,1,57.35268916,0,2828.143562,3
4,audio,Task B ,1,1,0,0,9.00E-05,2,225.6232534,0,2421.445245,2
4,audio,Task B ,1,3,0,0,0.00019,2,93.90167912,0,2890.775606,3
4,audio,Task B ,1,3,0,0,9.00E-05,2,309.2936527,0,2358.93307,2
4,audio,Task B ,1,3,1,0,0.00019,1,267.8595186,0,2476.207425,3
4,audio,Task B ,1,3,0,0,0.00019,2,151.1033147,0,2538.990042,3
5,audio,Task B ,1,3,1,0,0.00019,1,71.16080927,0,2811.319812,3
5,audio,Task B ,2,1,0,0,4.00E-05,1,225.250059,0,2828.693487,1
5,audio,Task B ,1,1,1,0,4.00E-05,1,290.2807988,0,2582.705394,1
5,audio,Task B ,2,2,1,0,4.00E-05,2,77.68363272,0,3237.369119,1
5,audio,Task B ,2,4,1,0,0.00041,2,310.7140034,0,2117.397514,4
5,audio,Task B ,1,2,0,0,9.00E-05,2,331.1174586,0,2778.695068,2
6,audio,Task B ,2,2,1,0,9.00E-05,2,142.5889952,0,3530.872695,2
6,audio,Task B ,2,3,0,0,4.00E-05,1,64.87740688,0,2587.975241,1
6,audio,Task B ,1,3,1,0,0.00019,1,311.4795844,0,2828.26306,3
6,audio,Task B ,2,3,1,0,0.00019,2,213.6921574,0,3672.145957,3
6,audio,Task B ,1,2,0,0,9.00E-05,2,255.770834,0,2488.656816,2
6,audio,Task B ,2,1,0,0,4.00E-05,1,204.9293889,0,2667.615626,1
7,audio,Task B ,2,4,1,0,0.00041,2,57.87162576,0,3399.993172,4
7,audio,Task B ,1,4,0,0,0.00041,2,310.9136442,0,2371.887271,4
7,audio,Task B ,1,1,0,0,4.00E-05,2,6.142720733,0,3705.641442,1
7,audio,Task B ,1,1,1,0,4.00E-05,1,98.31276396,0,2779.414648,1
7,audio,Task B ,1,1,1,0,9.00E-05,1,122.6285297,0,2440.003438,2
7,audio,Task B ,1,1,0,0,4.00E-05,2,204.7600073,0,2500.572253,1
8,audio,Task B ,2,2,1,0,0.00041,2,338.9361151,0,2658.351347,4
8,audio,Task B ,2,1,1,0,9.00E-05,2,68.68376655,0,2755.023206,2
8,audio,Task B ,2,1,1,0,9.00E-05,2,157.646126,0,3088.50009,2
8,audio,Task B ,1,1,0,0,9.00E-05,2,251.3547899,0,1995.621586,2
8,audio,Task B ,1,2,0,0,0.00041,2,24.61614352,0,2398.006039,4
8,audio,Task B ,1,4,1,0,0.00019,1,214.351934,0,2705.695946,3
9,audio,Task B ,2,1,1,0,9.00E-05,2,104.1227544,0,2557.526355,2
9,audio,Task B ,2,1,1,0,9.00E-05,2,35.09118714,0,2350.085983,2
9,audio,Task B ,1,1,0,0,0.00041,2,59.58238289,0,2190.904062,4
9,audio,Task B ,1,2,0,0,0.00041,2,318.7798386,0,3172.44168,4
9,audio,Task B ,2,1,0,0,4.00E-05,1,237.9545278,0,2809.989735,1
9,audio,Task B ,1,1,1,0,9.00E-05,1,57.13783606,0,2852.686591,2
10,audio,Task B ,2,1,0,0,0.00019,1,11.04954357,0,2772.460786,3
10,audio,Task B ,1,1,1,0,0.00041,1,85.1301911,0,2648.505313,4
10,audio,Task B ,1,1,1,0,0.00019,1,78.04976608,0,2792.855395,3
10,audio,Task B ,2,1,1,0,0.00019,2,262.8004991,0,2112.947217,3
10,audio,Task B ,2,2,1,0,0.00019,2,287.9896663,0,3083.999253,3
10,audio,Task B ,1,2,1,0,0.00019,1,26.34020868,0,2794.739905,3
1,audio,Task B ,1,4,1,0,0.00041,1,85.70458581,0,2661.034303,4
1,audio,Task B ,1,1,1,0,4.00E-05,1,223.1378037,0,2724.912005,1
1,audio,Task B ,2,2,0,0,0.00019,1,34.28215387,0,2577.807973,3
1,audio,Task B ,2,2,1,0,4.00E-05,2,183.0535313,0,3014.817238,1
1,audio,Task B ,1,2,1,0,0.00019,1,234.0862123,0,2531.256046,3
1,audio,Task B ,2,2,1,0,0.00041,2,147.5958362,0,3143.468971,4
2,audio,Task B ,1,3,1,0,9.00E-05,1,23.03999569,0,2632.424169,2
2,audio,Task B ,2,2,1,0,0.00041,2,333.8883432,0,2593.970714,4
2,audio,Task B ,1,3,0,0,4.00E-05,2,62.21383524,0,2856.408596,1
2,audio,Task B ,1,3,0,0,0.00019,2,284.0682912,0,2624.937379,3
2,audio,Task B ,1,2,1,0,0.00019,1,117.1706254,0,2703.000889,3
2,audio,Task B ,1,2,1,0,0.00019,1,128.8829198,0,2702.707065,3
3,audio,Task B ,1,3,0,0,0.00019,2,345.1412791,0,2713.702663,3
3,audio,Task B ,2,2,0,0,0.00041,1,347.6681242,0,2550.905402,4
3,audio,Task B ,2,3,0,0,0.00019,1,135.4323894,0,2623.154489,3
3,audio,Task B ,2,3,1,0,0.00041,2,43.4527835,0,2833.390218,4
3,audio,Task B ,2,1,0,0,9.00E-05,1,341.5267207,0,2576.102776,2
3,audio,Task B ,1,2,0,0,0.00019,2,315.2211676,0,2758.708964,3
4,audio,Task B ,1,2,0,0,4.00E-05,2,227.0075758,0,2324.217145,1
4,audio,Task B ,1,1,0,0,9.00E-05,2,187.4767037,0,3339.215373,2
4,audio,Task B ,1,1,1,0,4.00E-05,1,244.2372723,0,2528.215709,1
4,audio,Task B ,1,1,1,0,4.00E-05,1,58.47054914,0,2813.443081,1
4,audio,Task B ,1,1,0,0,4.00E-05,2,51.72221312,0,2871.308347,1
4,audio,Task B ,2,3,1,0,0.00041,2,317.7377917,0,2315.355481,4
5,audio,Task B ,1,3,1,0,0.00019,1,145.9044375,0,2797.780747,3
5,audio,Task B ,1,4,1,0,0.00019,1,137.5414362,0,2760.897134,3
5,audio,Task B ,1,1,1,0,9.00E-05,1,93.58790272,0,2795.368429,2
5,audio,Task B ,2,1,0,0,9.00E-05,1,122.6752869,0,2565.804183,2
5,audio,Task B ,1,4,1,0,0.00041,1,107.9348772,0,2659.300225,4
5,audio,Task B ,1,2,1,0,9.00E-05,1,294.4949132,0,2708.406578,2
6,audio,Task B ,2,3,1,0,0.00041,2,172.7370074,0,2423.866843,4
6,audio,Task B ,2,3,1,0,4.00E-05,2,264.75234,0,2290.897744,1
6,audio,Task B ,1,3,1,0,4.00E-05,1,87.01262822,0,2617.121609,1
6,audio,Task B ,2,3,1,0,0.00041,2,262.4808046,0,3190.533768,4
6,audio,Task B ,1,2,0,0,0.00019,2,221.7643525,0,2844.517975,3
6,audio,Task B ,1,3,1,0,0.00019,1,281.2044929,0,2755.290473,3
7,audio,Task B ,1,1,0,0,4.00E-05,2,194.2016295,0,3126.053113,1
7,audio,Task B ,2,1,1,0,9.00E-05,2,259.7004452,0,2922.92469,2
7,audio,Task B ,1,1,0,0,4.00E-05,2,210.1472069,0,2480.342326,1
7,audio,Task B ,2,4,1,0,0.00041,2,174.0792899,0,1654.525733,4
7,audio,Task B ,1,1,1,0,4.00E-05,1,196.7803463,0,2666.780197,1
7,audio,Task B ,1,1,0,0,4.00E-05,2,278.7945407,0,2715.341118,1
8,audio,Task B ,2,1,1,0,0.00019,2,2.360794723,0,1764.193557,3
8,audio,Task B ,2,2,0,0,0.00019,1,249.1119229,0,2950.536123,3
8,audio,Task B ,1,4,0,0,0.00041,2,155.09326,0,2291.688689,4
8,audio,Task B ,1,1,0,0,4.00E-05,2,75.70834908,0,2864.090869,1
8,audio,Task B ,2,3,0,0,0.00041,1,118.3739746,0,2473.113575,4
8,audio,Task B ,2,2,1,0,0.00041,2,266.054476,0,2854.503584,4
9,audio,Task B ,1,1,1,0,9.00E-05,1,266.0673487,0,2537.920875,2
9,audio,Task B ,2,4,1,0,0.00041,2,140.2118178,0,3080.156123,4
9,audio,Task B ,1,1,0,0,9.00E-05,2,198.6746808,0,2378.244843,2
9,audio,Task B ,1,1,0,0,4.00E-05,2,329.6344234,0,3697.787926,1
9,audio,Task B ,2,4,1,0,0.00019,2,252.9573353,0,3203.861635,3
9,audio,Task B ,1,1,1,0,4.00E-05,1,160.493816,0,2578.852203,1
10,audio,Task B ,1,1,1,0,0.00019,1,314.222406,0,2781.805929,3
10,audio,Task B ,1,1,1,0,4.00E-05,1,264.5102045,0,2721.307999,1
10,audio,Task B ,1,1,1,0,4.00E-05,1,113.0949438,0,2758.599755,1
10,audio,Task B ,2,2,1,0,0.00019,2,213.6171654,0,3003.108811,3
10,audio,Task B ,2,2,0,0,0.00041,1,191.3388764,0,2868.026106,4
10,audio,Task B ,2,2,1,0,9.00E-05,2,272.3846084,0,3180.547383,2
1,audio,Task B ,2,3,0,0,0.00041,1,5.320086346,0,2647.407113,4
1,audio,Task B ,2,2,0,0,9.00E-05,1,10.4401616,0,2511.618489,2
1,audio,Task B ,2,4,1,0,0.00019,2,218.6620165,0,2253.349659,3
1,audio,Task B ,1,2,1,0,0.00041,1,271.4176435,0,2662.247788,4
1,audio,Task B ,2,1,0,0,0.00041,1,76.0057045,0,2640.202117,4
1,audio,Task B ,1,2,0,0,9.00E-05,2,167.462806,0,2693.225772,2
2,audio,Task B ,2,2,1,0,0.00019,2,201.7436121,0,2993.638014,3
2,audio,Task B ,1,2,1,0,0.00019,1,28.09433322,0,2611.994577,3
2,audio,Task B ,2,3,1,0,9.00E-05,2,6.98863962,0,3113.907917,2
2,audio,Task B ,2,1,1,0,4.00E-05,2,296.6858642,0,2734.605081,1
2,audio,Task B ,2,1,1,0,9.00E-05,2,349.4494343,0,2203.899213,2
2,audio,Task B ,1,2,1,0,0.00041,1,1.446122351,0,2851.294631,4
3,audio,Task B ,1,4,1,0,0.00041,1,290.693396,0,2708.303052,4
3,audio,Task B ,1,3,1,0,9.00E-05,1,209.4935841,0,2761.324281,2
3,audio,Task B ,1,3,0,0,9.00E-05,2,357.6073551,0,2415.386907,2
3,audio,Task B ,2,4,1,0,0.00041,2,0.229385694,0,2542.184717,4
3,audio,Task B ,1,1,0,0,4.00E-05,2,13.38069966,0,2870.804513,1
3,audio,Task B ,1,1,0,0,4.00E-05,2,222.9520966,0,2704.36361,1
4,audio,Task B ,2,4,1,0,0.00041,2,347.8780335,0,3452.78591,4
4,audio,Task B ,1,3,1,0,0.00019,1,296.3884841,0,2627.276498,3
4,audio,Task B ,2,1,1,0,9.00E-05,2,316.6423402,0,3127.470721,2
4,audio,Task B ,1,3,0,0,0.00019,2,46.97175785,0,2919.33171,3
4,audio,Task B ,1,3,1,0,0.00041,1,215.7217253,0,2676.003907,4
4,audio,Task B ,1,3,1,0,0.00041,1,335.1045659,0,2529.13215,4
5,audio,Task B ,1,1,1,0,9.00E-05,1,27.99085004,0,2613.869162,2
5,audio,Task B ,2,1,1,0,4.00E-05,2,118.6406801,0,2736.737503,1
5,audio,Task B ,2,2,0,0,0.00041,1,237.2107743,0,2634.165247,4
5,audio,Task B ,1,2,1,0,0.00019,1,250.0208539,0,2562.089209,3
5,audio,Task B ,2,4,1,0,0.00019,2,64.57635734,0,2936.840561,3
5,audio,Task B ,2,3,1,0,9.00E-05,2,178.8787372,0,2933.985551,2
6,audio,Task B ,1,3,0,0,4.00E-05,2,17.71175959,0,3236.628394,1
6,audio,Task B ,1,3,1,0,4.00E-05,1,207.3070659,0,3082.047682,1
6,audio,Task B ,1,3,1,0,0.00019,1,151.4180621,0,2687.018907,3
6,audio,Task B ,1,2,1,0,0.00019,1,241.3427978,0,2601.235227,3
6,audio,Task B ,1,3,0,0,9.00E-05,2,20.95353755,0,3010.812697,2
6,audio,Task B ,1,2,1,0,0.00041,1,140.572849,0,2597.757028,4
7,audio,Task B ,2,4,1,0,0.00041,2,175.9626898,0,2245.213752,4
7,audio,Task B ,1,4,1,0,0.00019,1,179.6548357,0,2614.547366,3
7,audio,Task B ,1,4,1,0,0.00019,1,124.0765876,0,2640.725077,3
7,audio,Task B ,1,1,0,0,4.00E-05,2,289.1206031,0,2434.074396,1
7,audio,Task B ,2,4,1,0,0.00041,2,78.1182478,0,3461.021176,4
7,audio,Task B ,1,4,1,0,0.00019,1,100.5993842,0,2583.575087,3
8,audio,Task B ,1,1,0,0,0.00019,2,272.8966416,0,1934.591695,3
8,audio,Task B ,1,2,0,0,9.00E-05,2,196.5299462,0,2847.461934,2
8,audio,Task B ,1,1,1,0,0.00019,1,345.896814,0,2616.968149,3
8,audio,Task B ,1,1,0,0,0.00019,2,228.3434841,0,2630.008704,3
8,audio,Task B ,2,1,1,0,9.00E-05,2,98.83806632,0,1834.962594,2
8,audio,Task B ,1,1,0,0,4.00E-05,2,118.2351161,0,1942.421983,1
9,audio,Task B ,1,4,1,0,0.00041,1,277.4769171,0,2616.347378,4
9,audio,Task B ,1,1,0,0,0.00041,2,184.8222652,0,2880.044022,4
9,audio,Task B ,1,1,0,0,0.00019,2,36.91177434,0,2613.626924,3
9,audio,Task B ,1,4,1,0,0.00041,1,58.87602754,0,2668.450877,4
9,audio,Task B ,1,4,1,0,0.00019,1,69.8026768,0,2797.819618,3
9,audio,Task B ,1,1,0,0,0.00019,2,292.7168196,0,2978.651951,3
10,audio,Task B ,1,2,0,0,9.00E-05,2,333.0576764,0,2746.186771,2
10,audio,Task B ,1,1,1,0,0.00019,1,114.0895656,0,2782.707306,3
10,audio,Task B ,1,1,1,0,9.00E-05,1,45.6298532,0,2863.333554,2
10,audio,Task B ,2,1,1,0,4.00E-05,2,325.0816314,0,2622.797652,1
10,audio,Task B ,2,2,0,0,0.00019,1,112.1203907,0,2754.470595,3
10,audio,Task B ,2,2,1,0,0.00019,2,124.4570552,0,2517.228704,3
1,audio,Task B ,1,1,0,0,4.00E-05,2,9.483825271,0,2671.365281,1
1,audio,Task B ,1,3,0,0,9.00E-05,2,159.2847682,0,2989.386283,2
1,audio,Task B ,1,1,0,0,9.00E-05,2,189.3147421,0,3000.257827,2
1,audio,Task B ,1,2,0,0,9.00E-05,2,51.69605114,0,3035.458939,2
1,audio,Task B ,2,2,1,0,0.00041,2,55.94935064,0,2543.641563,4
1,audio,Task B ,2,2,0,0,9.00E-05,1,168.3747394,0,2710.513239,2
2,audio,Task B ,2,1,1,0,9.00E-05,2,119.1628298,0,1542.520917,2
2,audio,Task B ,1,2,1,0,4.00E-05,1,356.2184771,0,2847.6889,1
2,audio,Task B ,1,2,0,0,9.00E-05,2,35.63371348,0,2417.189732,2
2,audio,Task B ,1,2,0,0,0.00041,2,106.6946251,0,2702.76782,4
2,audio,Task B ,2,1,1,0,9.00E-05,2,64.05365641,0,2847.759045,2
2,audio,Task B ,2,2,0,0,0.00041,1,12.08300565,0,2479.471648,4
3,audio,Task B ,2,4,0,0,0.00041,1,234.0214083,0,2470.898534,4
3,audio,Task B ,2,3,1,0,4.00E-05,2,115.8584615,0,3351.861087,1
3,audio,Task B ,1,1,0,0,4.00E-05,2,182.6591962,0,2460.485168,1
3,audio,Task B ,1,2,0,0,0.00019,2,106.523313,0,2866.618635,3
3,audio,Task B ,2,4,1,0,9.00E-05,2,18.8271366,0,2369.650606,2
3,audio,Task B ,1,3,1,0,0.00041,1,16.73398325,0,2701.573655,4
4,audio,Task B ,1,2,0,0,0.00019,2,234.2983956,0,2298.754762,3
4,audio,Task B ,1,1,0,0,4.00E-05,2,108.2825158,0,2024.728404,1
4,audio,Task B ,2,4,0,0,0.00041,1,326.5928724,0,2456.619998,4
4,audio,Task B ,2,3,1,0,0.00041,2,78.25223678,0,3391.858997,4
4,audio,Task B ,2,1,1,0,4.00E-05,2,5.160695888,0,3020.11444,1
4,audio,Task B ,1,3,0,0,0.00019,2,335.6681742,0,2536.521491,3
5,audio,Task B ,1,3,1,0,0.00019,1,69.22710711,0,2744.272388,3
5,audio,Task B ,1,1,1,0,4.00E-05,1,134.7712128,0,2847.077275,1
5,audio,Task B ,2,4,1,0,0.00041,2,4.075958983,0,2891.106567,4
5,audio,Task B ,1,3,1,0,0.00019,1,337.3771491,0,2700.123741,3
5,audio,Task B ,1,3,1,0,0.00041,1,22.21957488,0,2734.822425,4
5,audio,Task B ,2,1,0,0,9.00E-05,1,130.1918637,0,2723.649575,2
6,audio,Task B ,1,3,1,0,0.00041,1,284.8242967,0,2531.486645,4
6,audio,Task B ,1,3,1,0,4.00E-05,1,242.348108,0,2659.089691,1
6,audio,Task B ,2,3,0,0,9.00E-05,1,185.1364352,0,2496.790806,2
6,audio,Task B ,2,3,1,0,0.00019,2,103.7821092,0,3120.752186,3
6,audio,Task B ,1,3,1,0,0.00041,1,208.7566091,0,2627.446351,4
6,audio,Task B ,1,2,0,0,9.00E-05,2,140.6737318,0,2668.503522,2
7,audio,Task B ,2,4,1,0,0.00019,2,168.1982097,0,1940.537898,3
7,audio,Task B ,1,4,0,0,0.00019,2,336.1230646,0,2904.65037,3
7,audio,Task B ,1,4,1,0,0.00019,1,171.3980971,0,2686.731211,3
7,audio,Task B ,1,4,1,0,0.00041,1,271.299421,0,2659.02602,4
7,audio,Task B ,2,4,1,0,0.00019,2,85.61281293,0,3286.938746,3
7,audio,Task B ,2,1,0,0,4.00E-05,1,104.8981542,0,2741.08954,1
8,audio,Task B ,1,1,1,0,4.00E-05,1,108.4089878,0,2814.316767,1
8,audio,Task B ,2,1,1,0,4.00E-05,2,201.7050125,0,2687.177576,1
8,audio,Task B ,2,1,1,0,4.00E-05,2,179.7686946,0,3284.606513,1
8,audio,Task B ,2,4,1,0,9.00E-05,2,83.17029733,0,2174.625212,2
8,audio,Task B ,2,3,1,0,0.00041,2,287.1103509,0,2825.604614,4
8,audio,Task B ,2,4,1,0,0.00041,2,75.13577438,0,2943.114436,4
9,audio,Task B ,1,4,0,0,0.00041,2,31.6624871,0,2848.753347,4
9,audio,Task B ,1,4,0,0,4.00E-05,2,93.93971752,0,3116.328234,1
9,audio,Task B ,2,1,1,0,4.00E-05,2,209.2349615,0,3180.771839,1
9,audio,Task B ,1,1,0,0,0.00019,2,64.74276584,0,2572.377498,3
9,audio,Task B ,1,1,0,0,9.00E-05,2,192.7028097,0,1800.854887,2
9,audio,Task B ,1,4,1,0,0.00041,1,357.3235558,0,2716.26743,4
10,audio,Task B ,1,1,0,0,0.00019,2,322.5893067,0,2585.018038,3
10,audio,Task B ,1,1,1,0,0.00019,1,16.18246784,0,2704.390425,3
10,audio,Task B ,1,1,0,0,4.00E-05,2,54.21525899,0,2877.136069,1
10,audio,Task B ,1,1,0,0,4.00E-05,2,172.4160129,0,2986.155721,1
10,audio,Task B ,2,2,0,0,9.00E-05,1,33.94750198,0,2708.457789,2
10,audio,Task B ,1,1,1,0,4.00E-05,1,285.4135603,0,2738.068219,1
1,audio,Task B ,2,1,1,0,4.00E-05,2,227.1435214,0,1404.728847,1
1,audio,Task B ,2,4,1,0,0.00041,2,89.20167276,0,2285.554495,4
1,audio,Task B ,1,2,1,0,9.00E-05,1,297.424162,0,2635.589328,2
1,audio,Task B ,1,2,1,0,0.00041,1,210.9032765,0,2612.476922,4
1,audio,Task B ,1,2,0,0,9.00E-05,2,166.0269916,0,2936.455866,2
1,audio,Task B ,1,3,0,0,9.00E-05,2,281.7615421,0,2857.185917,2
2,audio,Task B ,1,3,0,0,4.00E-05,2,109.1082719,0,3634.666123,1
2,audio,Task B ,2,2,0,0,4.00E-05,1,96.50727183,0,2613.239761,1
2,audio,Task B ,1,2,1,0,0.00041,1,34.01390506,0,2795.29776,4
2,audio,Task B ,1,3,1,0,9.00E-05,1,136.1392913,0,2660.724136,2
2,audio,Task B ,1,2,1,0,9.00E-05,1,287.3925013,0,2945.400581,2
2,audio,Task B ,2,1,0,0,0.00041,1,5.704819322,0,2517.5142,4
3,audio,Task B ,2,4,1,0,9.00E-05,2,138.5452806,0,3073.375088,2
3,audio,Task B ,1,3,1,0,0.00019,1,92.29125111,0,2732.119183,3
3,audio,Task B ,2,3,0,0,4.00E-05,1,65.48233075,0,2649.25226,1
3,audio,Task B ,1,4,1,0,9.00E-05,1,236.2027086,0,2650.607145,2
3,audio,Task B ,2,1,1,0,0.00041,2,264.9007981,0,2971.795835,4
3,audio,Task B ,1,4,1,0,0.00041,1,142.8997207,0,2757.587172,4
4,audio,Task B ,1,3,1,0,4.00E-05,1,115.0230624,0,2736.809209,1
4,audio,Task B ,1,1,1,0,4.00E-05,1,203.1091052,0,2643.931078,1
4,audio,Task B ,1,1,0,0,4.00E-05,2,52.940207,0,2401.186799,1
4,audio,Task B ,1,3,1,0,0.00019,1,47.6534037,0,2732.196457,3
4,audio,Task B ,2,4,1,0,0.00041,2,77.55150919,0,3546.587257,4
4,audio,Task B ,2,3,1,0,0.00041,2,10.45453387,0,3359.768985,4
5,audio,Task B ,1,3,0,0,9.00E-05,2,271.8689345,0,2544.004582,2
5,audio,Task B ,2,4,0,0,0.00019,1,108.2805516,0,2883.30148,3
5,audio,Task B ,1,1,0,0,4.00E-05,2,86.63216642,0,2205.306381,1
5,audio,Task B ,1,1,1,0,4.00E-05,1,54.07628112,0,2630.398628,1
5,audio,Task B ,2,2,1,0,0.00041,2,246.1600394,0,2611.788915,4
5,audio,Task B ,1,1,1,0,4.00E-05,1,165.635023,0,2567.875135,1
6,audio,Task B ,2,3,1,0,0.00041,2,205.0123374,0,2703.579394,4
6,audio,Task B ,1,3,0,0,0.00019,2,107.0013838,0,2542.838753,3
6,audio,Task B ,2,3,0,0,0.00041,1,4.321706842,0,2856.609663,4
6,audio,Task B ,2,2,0,0,4.00E-05,1,139.0424117,0,2684.744366,1
6,audio,Task B ,2,3,0,0,0.00041,1,211.9762489,0,2636.267482,4
6,audio,Task B ,1,2,0,0,0.00019,2,123.1107437,0,2469.045249,3
7,audio,Task B ,2,4,0,0,0.00041,1,259.6810068,0,2855.955696,4
7,audio,Task B ,1,1,1,0,4.00E-05,1,245.6192728,0,2682.398717,1
7,audio,Task B ,1,4,1,0,0.00019,1,111.2431567,0,2881.743816,3
7,audio,Task B ,1,4,1,0,0.00019,1,94.29415104,0,2738.946204,3
7,audio,Task B ,1,4,1,0,0.00041,1,240.654722,0,2650.671416,4
7,audio,Task B ,1,1,0,0,0.00019,2,128.9153427,0,2403.18884,3
8,audio,Task B ,2,1,0,0,4.00E-05,1,84.99629395,0,2618.736012,1
8,audio,Task B ,2,2,0,0,4.00E-05,1,222.8856101,0,2720.228613,1
8,audio,Task B ,1,1,1,0,4.00E-05,1,323.6458065,0,2984.315871,1
8,audio,Task B ,1,1,0,0,0.00019,2,354.1702425,0,2136.064108,3
8,audio,Task B ,1,1,0,0,0.00019,2,117.8862788,0,2244.708402,3
8,audio,Task B ,1,1,1,0,9.00E-05,1,216.0204721,0,2762.074796,2
9,audio,Task B ,1,1,0,0,4.00E-05,2,72.69095984,0,4269.947494,1
9,audio,Task B ,1,1,1,0,4.00E-05,1,186.0363809,0,2557.152218,1
9,audio,Task B ,1,4,1,0,0.00041,1,81.8605199,0,2736.894876,4
9,audio,Task B ,1,1,0,0,0.00041,2,332.5030449,0,2257.093858,4
9,audio,Task B ,2,4,0,0,0.00041,1,196.6147687,0,2562.115263,4
9,audio,Task B ,2,1,0,0,9.00E-05,1,359.9891616,0,2622.744685,2
10,audio,Task B ,1,1,1,0,9.00E-05,1,103.4063178,0,2720.586858,2
10,audio,Task B ,2,2,1,0,9.00E-05,2,36.45514826,0,3127.754909,2
10,audio,Task B ,2,2,1,0,0.00041,2,84.88750202,0,2906.76043,4
10,audio,Task B ,1,1,1,0,0.00041,1,123.9906386,0,2715.67007,4
10,audio,Task B ,1,1,0,0,9.00E-05,2,247.4250757,0,1921.946164,2
10,audio,Task B ,1,1,1,0,4.00E-05,1,200.2501707,0,2707.354613,1
1,audio,Task B ,1,1,0,0,4.00E-05,2,151.6923562,0,1502.77991,1
1,audio,Task B ,1,2,0,0,4.00E-05,2,307.4465635,0,3080.38839,1
1,audio,Task B ,2,1,1,0,4.00E-05,2,87.29220373,0,2748.374838,1
1,audio,Task B ,2,2,1,0,9.00E-05,2,191.9034567,0,3144.600405,2
1,audio,Task B ,1,2,1,0,0.00019,1,81.7787064,0,2847.379574,3
1,audio,Task B ,2,4,1,0,0.00041,2,265.2667799,0,1946.586742,4
2,audio,Task B ,1,2,0,0,4.00E-05,2,317.9563098,0,2733.601011,1
2,audio,Task B ,2,3,1,0,9.00E-05,2,261.8552194,0,3357.270198,2
2,audio,Task B ,2,2,1,0,0.00019,2,187.6929976,0,2564.293326,3
2,audio,Task B ,2,1,1,0,9.00E-05,2,34.32101261,0,2183.629978,2
2,audio,Task B ,1,1,0,0,4.00E-05,2,331.4733433,0,2102.622387,1
2,audio,Task B ,1,2,0,0,0.00041,2,245.3484671,0,2573.380893,4
3,audio,Task B ,2,4,1,0,4.00E-05,2,29.11828655,0,3116.627379,1
3,audio,Task B ,2,3,1,0,0.00019,2,241.9789518,0,2997.945565,3
3,audio,Task B ,1,1,1,0,4.00E-05,1,105.5125346,0,2756.181357,1
3,audio,Task B ,1,2,1,0,9.00E-05,1,47.82880917,0,2823.3666,2
3,audio,Task B ,2,4,1,0,9.00E-05,2,309.1707941,0,2269.390513,2
3,audio,Task B ,2,3,1,0,9.00E-05,2,205.4990868,0,2571.473133,2
4,audio,Task B ,1,2,0,0,9.00E-05,2,56.7242549,0,2841.513145,2
4,audio,Task B ,1,3,1,0,0.00019,1,334.9455679,0,2664.403545,3
4,audio,Task B ,1,3,1,0,0.00041,1,272.1372183,0,2822.431821,4
4,audio,Task B ,1,3,0,0,9.00E-05,2,110.1108851,0,2960.971755,2
4,audio,Task B ,2,4,1,0,0.00041,2,308.6770905,0,1954.45637,4
4,audio,Task B ,1,3,1,0,0.00041,1,147.7289901,0,2725.538543,4
5,audio,Task B ,2,4,1,0,0.00019,2,313.3083026,0,2328.995139,3
5,audio,Task B ,1,2,1,0,0.00041,1,255.9085054,0,2550.923208,4
5,audio,Task B ,1,1,0,0,4.00E-05,2,67.83302261,0,2602.512322,1
5,audio,Task B ,2,1,0,0,4.00E-05,1,168.1265906,0,2713.656729,1
5,audio,Task B ,2,4,1,0,0.00019,2,337.164544,0,3569.273206,3
5,audio,Task B ,1,2,1,0,9.00E-05,1,217.2894556,0,2781.661936,2
6,audio,Task B ,2,2,0,0,9.00E-05,1,356.6458287,0,2809.879695,2
6,audio,Task B ,2,3,1,0,9.00E-05,2,261.8125096,0,3425.788747,2
6,audio,Task B ,2,3,0,0,0.00041,1,242.1140693,0,2628.667091,4
6,audio,Task B ,1,2,1,0,0.00019,1,269.5746238,0,2709.104454,3
6,audio,Task B ,1,2,0,0,0.00019,2,1.425332901,0,2505.476269,3
6,audio,Task B ,1,1,1,0,0.00041,1,244.5072481,0,2604.81553,4
7,audio,Task B ,1,1,1,0,4.00E-05,1,89.22821994,0,2812.113095,1
7,audio,Task B ,2,4,1,0,0.00019,2,315.7120334,0,2406.317964,3
7,audio,Task B ,1,4,0,0,0.00041,2,263.6556395,0,2409.895973,4
7,audio,Task B ,1,4,1,0,0.00019,1,345.4044086,0,2624.598132,3
7,audio,Task B ,2,1,1,0,9.00E-05,2,211.4505146,0,2454.215717,2
7,audio,Task B ,1,1,0,0,4.00E-05,2,69.46276572,0,2031.394345,1
8,audio,Task B ,1,1,0,0,9.00E-05,2,267.5021727,0,1784.084493,2
8,audio,Task B ,2,3,0,0,0.00041,1,79.82134802,0,2776.469156,4
8,audio,Task B ,1,1,0,0,0.00019,2,25.22619866,0,2502.820723,3
8,audio,Task B ,1,1,0,0,4.00E-05,2,328.3350029,0,2699.675583,1
8,audio,Task B ,1,4,1,0,0.00041,1,46.64390977,0,2666.313984,4
8,audio,Task B ,2,1,0,0,4.00E-05,1,287.4555378,0,2808.305234,1
9,audio,Task B ,1,1,0,0,4.00E-05,2,334.0185446,0,3000.061764,1
9,audio,Task B ,1,1,0,0,4.00E-05,2,274.4400976,0,3449.584107,1
9,audio,Task B ,1,4,1,0,0.00019,1,287.7524273,0,2687.685142,3
9,audio,Task B ,1,1,0,0,0.00019,2,353.8747314,0,3208.056808,3
9,audio,Task B ,1,1,1,0,4.00E-05,1,258.5065895,0,2369.22178,1
9,audio,Task B ,1,4,1,0,0.00041,1,71.74521768,0,2799.572503,4
10,audio,Task B ,1,1,0,0,9.00E-05,2,241.5837563,0,2068.869167,2
10,audio,Task B ,1,1,1,0,0.00041,1,127.4750546,0,2664.099951,4
10,audio,Task B ,1,1,1,0,0.00019,1,73.42049827,0,2719.373759,3
10,audio,Task B ,1,1,1,0,0.00041,1,143.4033483,0,2720.672384,4
10,audio,Task B ,1,1,0,0,0.00019,2,143.5794177,0,2439.373413,3
10,audio,Task B ,2,2,1,0,0.00019,2,202.7297113,0,2460.310619,3
1,audio,Task B ,1,3,0,0,0.00041,2,55.34469749,0,2746.590591,4
1,audio,Task B ,2,4,1,0,0.00019,2,341.8167924,0,3269.41852,3
1,audio,Task B ,2,4,1,0,0.00041,2,161.5873278,0,2194.851001,4
1,audio,Task B ,2,3,1,0,4.00E-05,2,109.1599442,0,2336.628001,1
1,audio,Task B ,1,3,1,0,0.00019,1,166.8367844,0,2660.67604,3
1,audio,Task B ,1,2,1,0,0.00019,1,136.2599831,0,2704.189754,3
2,audio,Task B ,1,2,0,0,0.00041,2,347.9908593,0,2607.564346,4
2,audio,Task B ,2,2,1,0,9.00E-05,2,176.5804805,0,3025.564051,2
2,audio,Task B ,2,4,1,0,0.00041,2,311.754252,0,3851.474025,4
2,audio,Task B ,2,3,1,0,0.00041,2,94.9644648,0,3065.04835,4
2,audio,Task B ,2,1,1,0,0.00019,2,60.48006643,0,2369.358173,3
2,audio,Task B ,1,2,1,0,0.00041,1,93.10515502,0,2606.217471,4
3,audio,Task B ,1,3,1,0,0.00019,1,217.6029783,0,2906.853002,3
3,audio,Task B ,1,1,0,0,4.00E-05,2,142.6808194,0,1707.773355,1
3,audio,Task B ,2,1,1,0,4.00E-05,2,51.5005643,0,2133.543033,1
3,audio,Task B ,2,4,1,0,9.00E-05,2,214.9159262,0,3329.238995,2
3,audio,Task B ,2,4,1,0,4.00E-05,2,35.94061957,0,2980.195932,1
3,audio,Task B ,2,2,0,0,9.00E-05,1,249.8350582,0,2912.96064,2
4,audio,Task B ,1,3,1,0,0.00041,1,212.8666285,0,2675.691424,4
4,audio,Task B ,1,3,1,0,0.00019,1,301.6418177,0,2628.84888,3
4,audio,Task B ,1,3,0,0,0.00041,2,233.6365536,0,3127.116516,4
4,audio,Task B ,1,2,1,0,4.00E-05,1,203.792097,0,2551.122544,1
4,audio,Task B ,1,1,1,0,4.00E-05,1,172.0985323,0,2441.062333,1
4,audio,Task B ,1,3,1,0,0.00041,1,52.51943049,0,2657.152409,4
5,audio,Task B ,1,3,0,0,0.00041,2,252.9797484,0,2675.022618,4
5,audio,Task B ,1,1,1,0,4.00E-05,1,341.5847246,0,2511.824214,1
5,audio,Task B ,2,4,0,0,0.00019,1,242.3577284,0,3049.979182,3
5,audio,Task B ,2,1,0,0,9.00E-05,1,127.6825681,0,2676.812836,2
5,audio,Task B ,1,2,0,0,0.00019,2,233.3416634,0,2862.562339,3
5,audio,Task B ,1,3,1,0,0.00041,1,42.20153929,0,2631.343107,4
6,audio,Task B ,2,2,1,0,0.00041,2,168.4298685,0,1997.886053,4
6,audio,Task B ,2,3,0,0,0.00019,1,226.3049511,0,2710.062698,3
6,audio,Task B ,2,3,0,0,0.00019,1,297.0355581,0,2788.122189,3
6,audio,Task B ,2,3,1,0,9.00E-05,2,233.1106533,0,3296.238868,2
6,audio,Task B ,2,2,1,0,9.00E-05,2,190.2306552,0,3051.533902,2
6,audio,Task B ,2,3,1,0,0.00041,2,312.9164556,0,3808.17828,4
7,audio,Task B ,2,4,1,0,9.00E-05,2,270.8756469,0,2794.415854,2
7,audio,Task B ,1,1,1,0,4.00E-05,1,149.7930522,0,2668.562361,1
7,audio,Task B ,2,4,1,0,0.00019,2,164.9277317,0,2007.869254,3
7,audio,Task B ,1,4,0,0,0.00041,2,22.25020352,0,2629.59375,4
7,audio,Task B ,2,4,1,0,0.00041,2,58.41488239,0,3124.575224,4
7,audio,Task B ,1,1,0,0,9.00E-05,2,204.5784996,0,2491.404023,2
8,audio,Task B ,1,2,1,0,9.00E-05,1,277.2871132,0,2456.349728,2
8,audio,Task B ,2,1,1,0,0.00019,2,278.6447274,0,2191.03257,3
8,audio,Task B ,2,1,1,0,4.00E-05,2,262.7207803,0,2794.670417,1
8,audio,Task B ,1,3,1,0,0.00019,1,81.85086033,0,2722.918098,3
8,audio,Task B ,1,1,0,0,9.00E-05,2,42.71729872,0,2128.222247,2
8,audio,Task B ,2,1,1,0,9.00E-05,2,115.9077418,0,2627.283283,2
9,audio,Task B ,1,1,0,0,0.00019,2,263.3216366,0,2638.089863,3
9,audio,Task B ,2,4,0,0,0.00019,1,209.7894435,0,2661.544002,3
9,audio,Task B ,2,4,1,0,0.00041,2,325.703007,0,3164.129887,4
9,audio,Task B ,1,2,0,0,4.00E-05,2,1.128544153,0,2612.970635,1
9,audio,Task B ,2,1,1,0,9.00E-05,2,293.6903649,0,2860.070849,2
9,audio,Task B ,1,1,1,0,9.00E-05,1,265.0679411,0,2560.477971,2
10,audio,Task B ,1,1,0,0,0.00019,2,67.83134526,0,2550.200098,3
10,audio,Task B ,2,1,1,0,0.00041,2,32.4503517,0,3253.277702,4
10,audio,Task B ,2,2,0,0,0.00041,1,226.2141668,0,2876.926618,4
10,audio,Task B ,2,1,0,0,0.00041,1,246.4474184,0,2808.60372,4
10,audio,Task B ,1,1,0,0,4.00E-05,2,14.75707823,0,2269.152959,1
10,audio,Task B ,1,2,1,0,0.00041,1,16.2144873,0,2760.159472,4
1,audio,Task B ,1,3,0,0,9.00E-05,2,327.676771,0,2637.362893,2
1,audio,Task B ,2,4,1,0,9.00E-05,2,126.8973763,0,1999.423584,2
1,audio,Task B ,1,2,1,0,0.00019,1,116.5951571,0,2627.003003,3
1,audio,Task B ,1,2,1,0,9.00E-05,1,358.0234384,0,2675.286336,2
1,audio,Task B ,1,2,0,0,0.00041,2,236.1122117,0,2743.778046,4
1,audio,Task B ,1,2,1,0,9.00E-05,1,203.1312674,0,2841.247774,2
2,audio,Task B ,1,3,1,0,0.00019,1,40.90945884,0,2838.189033,3
2,audio,Task B ,2,2,1,0,0.00019,2,170.2178716,0,3198.040912,3
2,audio,Task B ,1,3,1,0,9.00E-05,1,123.5426004,0,2582.983855,2
2,audio,Task B ,2,4,1,0,9.00E-05,2,310.6117509,0,2814.257188,2
2,audio,Task B ,2,1,0,0,9.00E-05,1,86.18477969,0,2718.939438,2
2,audio,Task B ,1,2,1,0,9.00E-05,1,198.5001046,0,2784.099099,2
3,audio,Task B ,2,3,1,0,0.00041,2,209.0798861,0,2530.723475,4
3,audio,Task B ,1,3,1,0,0.00019,1,221.6257305,0,2659.518159,3
3,audio,Task B ,2,4,1,0,4.00E-05,2,152.590925,0,2071.105685,1
3,audio,Task B ,2,4,0,0,4.00E-05,1,296.6132653,0,2512.594184,1
3,audio,Task B ,1,1,0,0,9.00E-05,2,275.9242817,0,2522.922461,2
3,audio,Task B ,2,3,0,0,0.00041,1,342.9893275,0,2619.652199,4
4,audio,Task B ,1,2,0,0,4.00E-05,2,274.9102532,0,3437.09017,1
4,audio,Task B ,1,3,0,0,0.00019,2,27.12707066,0,2986.97015,3
4,audio,Task B ,1,1,1,0,4.00E-05,1,281.996662,0,2652.273389,1
4,audio,Task B ,2,2,0,0,4.00E-05,1,11.72883598,0,2614.082533,1
4,audio,Task B ,1,3,1,0,0.00019,1,87.10566119,0,2891.337796,3
4,audio,Task B ,1,3,0,0,0.00041,2,107.8026578,0,2408.636818,4
5,audio,Task B ,2,3,0,0,0.00041,1,0.143806699,0,2841.091175,4
5,audio,Task B ,1,1,1,0,4.00E-05,1,62.20884982,0,2802.479329,1
5,audio,Task B ,2,1,1,0,4.00E-05,2,320.5686898,0,2803.384414,1
5,audio,Task B ,1,1,1,0,4.00E-05,1,327.706656,0,2558.213521,1
5,audio,Task B ,1,3,1,0,0.00041,1,2.479953725,0,2772.748066,4
5,audio,Task B ,2,4,1,0,0.00019,2,182.2257258,0,3524.040906,3
6,audio,Task B ,1,2,0,0,9.00E-05,2,100.579594,0,3324.057922,2
6,audio,Task B ,2,3,1,0,0.00019,2,215.8720953,0,2219.162047,3
6,audio,Task B ,1,3,0,0,0.00041,2,152.6898848,0,2132.647244,4
6,audio,Task B ,1,2,0,0,9.00E-05,2,155.2188854,0,2493.40969,2
6,audio,Task B ,1,3,0,0,0.00041,2,194.9458369,0,2867.273681,4
6,audio,Task B ,1,2,0,0,4.00E-05,2,128.6135863,0,3454.919999,1
7,audio,Task B ,1,4,0,0,0.00041,2,316.736721,0,2446.539111,4
7,audio,Task B ,1,1,0,0,4.00E-05,2,276.5504709,0,2644.493281,1
7,audio,Task B ,2,4,1,0,0.00041,2,86.98073877,0,3202.907363,4
7,audio,Task B ,1,4,1,0,0.00019,1,233.1545797,0,2633.172475,3
7,audio,Task B ,1,4,1,0,0.00019,1,111.6542022,0,2550.374306,3
7,audio,Task B ,1,4,1,0,4.00E-05,1,336.7649165,0,2555.826566,1
8,audio,Task B ,2,1,0,0,9.00E-05,1,3.218093478,0,2500.205245,2
8,audio,Task B ,2,2,1,0,9.00E-05,2,172.7920944,0,2895.113207,2
8,audio,Task B ,1,1,0,0,9.00E-05,2,25.22806593,0,2253.269361,2
8,audio,Task B ,1,4,1,0,0.00041,1,332.7762795,0,2681.071887,4
8,audio,Task B ,1,3,1,0,0.00041,1,325.3044126,0,2759.881848,4
8,audio,Task B ,1,1,1,0,4.00E-05,1,156.6026604,0,2788.606376,1
9,audio,Task B ,1,2,1,0,9.00E-05,1,129.757154,0,2692.661976,2
9,audio,Task B ,1,4,1,0,0.00019,1,143.3436697,0,2936.380181,3
9,audio,Task B ,2,3,0,0,4.00E-05,1,54.84895399,0,2835.503548,1
9,audio,Task B ,1,1,0,0,9.00E-05,2,197.8703162,0,2607.677562,2
9,audio,Task B ,1,1,0,0,4.00E-05,2,150.2790926,0,2061.42209,1
9,audio,Task B ,1,1,0,0,0.00019,2,16.90864148,0,1268.97683,3
10,audio,Task B ,2,1,1,0,0.00019,2,222.7924853,0,1971.306403,3
10,audio,Task B ,2,2,1,0,9.00E-05,2,242.1115902,0,3036.226369,2
10,audio,Task B ,1,1,1,0,0.00019,1,79.34887535,0,2815.469762,3
10,audio,Task B ,2,1,0,0,0.00041,1,107.8624675,0,2413.651651,4
10,audio,Task B ,1,2,0,0,9.00E-05,2,30.52411651,0,2693.691294,2
10,audio,Task B ,2,1,1,0,0.00041,2,175.3802503,0,2652.497324,4
1,audio,Task B ,1,2,1,0,0.00019,1,8.861083316,0,2959.336363,3
1,audio,Task B ,1,2,1,0,9.00E-05,1,300.1007348,0,2743.846769,2
1,audio,Task B ,2,1,0,0,4.00E-05,1,198.5391728,0,2816.358704,1
1,audio,Task B ,1,2,1,0,9.00E-05,1,343.6065214,0,2665.606577,2
1,audio,Task B ,1,2,0,0,4.00E-05,2,42.24193674,0,2480.5112,1
1,audio,Task B ,2,1,0,0,4.00E-05,1,208.3020922,0,2598.79193,1
2,audio,Task B ,1,2,1,0,4.00E-05,1,263.4455953,0,2667.114292,1
2,audio,Task B ,2,3,0,0,0.00041,1,216.6734428,0,2944.366279,4
2,audio,Task B ,1,3,1,0,4.00E-05,1,25.73771286,0,2711.048697,1
2,audio,Task B ,2,1,1,0,4.00E-05,2,71.77984539,0,2827.795225,1
2,audio,Task B ,2,2,0,0,0.00041,1,275.2445122,0,2633.377867,4
2,audio,Task B ,1,2,1,0,9.00E-05,1,129.6838813,0,2616.250369,2
3,audio,Task B ,2,4,1,0,0.00019,2,234.2850326,0,3415.809421,3
3,audio,Task B ,2,3,1,0,9.00E-05,2,290.7510538,0,3190.365534,2
3,audio,Task B ,1,2,0,0,0.00019,2,191.7824003,0,2578.033918,3
3,audio,Task B ,1,3,1,0,0.00019,1,215.0042636,0,2821.67764,3
3,audio,Task B ,2,2,1,0,0.00019,2,288.8575118,0,2477.457936,3
3,audio,Task B ,2,3,1,0,0.00041,2,256.2846426,0,3090.138791,4
4,audio,Task B ,1,3,1,0,0.00041,1,53.89647897,0,2488.265597,4
4,audio,Task B ,1,3,1,0,0.00019,1,9.224073589,0,2585.50448,3
4,audio,Task B ,1,1,1,0,4.00E-05,1,160.2457239,0,2777.743668,1
4,audio,Task B ,1,3,1,0,0.00019,1,275.7921012,0,2727.802794,3
4,audio,Task B ,1,3,0,0,0.00041,2,341.1934582,0,2639.755983,4
4,audio,Task B ,1,3,0,0,0.00019,2,134.1779536,0,2904.074719,3
5,audio,Task B ,1,3,1,0,4.00E-05,1,35.64071762,0,2771.551701,1
5,audio,Task B ,2,1,1,0,4.00E-05,2,111.3249085,0,2837.783626,1
5,audio,Task B ,1,1,0,0,9.00E-05,2,185.63891,0,2481.946772,2
5,audio,Task B ,1,1,0,0,4.00E-05,2,97.30299243,0,2593.911424,1
5,audio,Task B ,1,1,0,0,4.00E-05,2,295.2659408,0,2861.526503,1
5,audio,Task B ,1,2,1,0,0.00041,1,87.21781902,0,2768.381878,4
6,audio,Task B ,1,3,1,0,9.00E-05,1,225.2888772,0,2838.84497,2
6,audio,Task B ,2,3,1,0,0.00041,2,300.6377756,0,3194.210222,4
6,audio,Task B ,1,3,1,0,4.00E-05,1,352.747362,0,2855.498966,1
6,audio,Task B ,2,3,0,0,0.00019,1,228.8387842,0,2686.793587,3
6,audio,Task B ,2,4,1,0,9.00E-05,2,294.4530795,0,2395.621242,2
6,audio,Task B ,1,1,0,0,4.00E-05,2,48.32352432,0,3103.830129,1
7,audio,Task B ,1,1,0,0,0.00019,2,36.52362948,0,1849.807318,3
7,audio,Task B ,1,1,0,0,9.00E-05,2,47.58490207,0,2560.814014,2
7,audio,Task B ,1,4,0,0,0.00019,2,276.1532495,0,2324.121542,3
7,audio,Task B ,1,4,1,0,0.00041,1,113.0023008,0,2595.256277,4
7,audio,Task B ,1,1,0,0,9.00E-05,2,298.926213,0,3166.60889,2
7,audio,Task B ,2,4,1,0,0.00041,2,215.4795747,0,2930.886848,4
8,audio,Task B ,1,2,1,0,4.00E-05,1,38.19922718,0,2604.361988,1
8,audio,Task B ,1,4,1,0,0.00041,1,217.4850767,0,2655.584445,4
8,audio,Task B ,2,1,0,0,9.00E-05,1,27.23947709,0,2647.348874,2
8,audio,Task B ,1,1,0,0,9.00E-05,2,31.5565849,0,2486.880491,2
8,audio,Task B ,1,1,0,0,9.00E-05,2,329.5914357,0,3193.128615,2
8,audio,Task B ,1,1,0,0,4.00E-05,2,146.0708336,0,3114.517285,1
9,audio,Task B ,2,4,1,0,0.00041,2,192.9135957,0,2885.877261,4
9,audio,Task B ,1,1,1,0,4.00E-05,1,250.7177004,0,2714.426461,1
9,audio,Task B ,1,1,1,0,9.00E-05,1,147.2428837,0,2746.567768,2
9,audio,Task B ,2,1,0,0,4.00E-05,1,40.99509961,0,2922.564346,1
9,audio,Task B ,2,1,1,0,0.00019,2,349.1254222,0,2716.753468,3
9,audio,Task B ,2,1,1,0,4.00E-05,2,98.03785097,0,2170.793593,1
10,audio,Task B ,2,1,0,0,9.00E-05,1,94.89146664,0,2697.52907,2
10,audio,Task B ,1,1,0,0,0.00019,2,77.73023652,0,2845.310008,3
10,audio,Task B ,1,1,0,0,9.00E-05,2,246.6121189,0,2697.899338,2
10,audio,Task B ,1,1,0,0,4.00E-05,2,226.8922421,0,2578.445206,1
10,audio,Task B ,1,2,1,0,4.00E-05,1,132.940443,0,2671.293547,1
10,audio,Task B ,2,2,1,0,0.00019,2,215.5790136,0,2573.165003,3
1,audio,Task B ,2,1,0,0,4.00E-05,1,316.0304665,0,2625.213402,1
1,audio,Task B ,1,2,0,0,4.00E-05,2,87.43677859,0,2616.607076,1
1,audio,Task B ,2,2,1,0,4.00E-05,2,195.0811258,0,2181.348409,1
1,audio,Task B ,1,2,0,0,9.00E-05,2,86.41758367,0,3051.41199,2
1,audio,Task B ,1,3,1,0,4.00E-05,1,194.6619348,0,2827.913546,1
1,audio,Task B ,2,2,1,0,9.00E-05,2,7.636783762,0,2336.454175,2
2,audio,Task B ,1,2,0,0,0.00019,2,146.9140917,0,2737.193946,3
2,audio,Task B ,2,3,1,0,0.00019,2,321.0257218,0,2534.831011,3
2,audio,Task B ,2,4,1,0,0.00019,2,290.8031586,0,3828.046758,3
2,audio,Task B ,1,3,0,0,0.00019,2,200.0674562,0,2793.48432,3
2,audio,Task B ,1,2,1,0,4.00E-05,1,168.0893805,0,2653.723709,1
2,audio,Task B ,2,2,0,0,9.00E-05,1,188.3958285,0,2644.254353,2
3,audio,Task B ,1,4,1,0,4.00E-05,1,62.6290782,0,2653.707433,1
3,audio,Task B ,1,2,1,0,9.00E-05,1,217.1404738,0,2671.686983,2
3,audio,Task B ,2,4,1,0,0.00019,2,71.81507469,0,3784.852208,3
3,audio,Task B ,1,4,1,0,4.00E-05,1,32.78011887,0,2635.436306,1
3,audio,Task B ,1,2,1,0,0.00041,1,243.997234,0,2626.893912,4
3,audio,Task B ,2,1,0,0,9.00E-05,1,14.42160951,0,2796.974639,2
4,audio,Task B ,1,1,1,0,4.00E-05,1,149.3258407,0,2650.458805,1
4,audio,Task B ,1,1,0,0,9.00E-05,2,22.84573249,0,2612.487785,2
4,audio,Task B ,1,3,0,0,0.00041,2,190.4043106,0,2850.068681,4
4,audio,Task B ,1,1,1,0,4.00E-05,1,326.1854197,0,2586.511175,1
4,audio,Task B ,1,2,1,0,4.00E-05,1,101.4843574,0,2510.682833,1
4,audio,Task B ,1,3,1,0,0.00019,1,329.5886635,0,2900.837023,3
5,audio,Task B ,2,4,1,0,0.00041,2,226.2329789,0,3196.582807,4
5,audio,Task B ,1,4,0,0,0.00019,2,101.3563469,0,2667.127975,3
5,audio,Task B ,1,1,1,0,4.00E-05,1,106.6956113,0,2733.97514,1
5,audio,Task B ,1,4,0,0,0.00019,2,259.0854158,0,2466.963048,3
5,audio,Task B ,2,1,0,0,4.00E-05,1,60.5656434,0,2729.76429,1
5,audio,Task B ,1,2,0,0,4.00E-05,2,97.58096768,0,2845.744809,1
6,audio,Task B ,1,3,1,0,0.00041,1,157.9832466,0,2577.308321,4
6,audio,Task B ,1,3,1,0,4.00E-05,1,352.3695812,0,2706.887436,1
6,audio,Task B ,1,3,0,0,0.00019,2,191.5955671,0,2533.187286,3
6,audio,Task B ,1,3,0,0,0.00041,2,23.45121458,0,2451.353989,4
6,audio,Task B ,1,2,0,0,4.00E-05,2,354.3652613,0,3386.993939,1
6,audio,Task B ,1,2,1,0,0.00041,1,147.9623458,0,2695.81732,4
7,audio,Task B ,2,4,0,0,0.00019,1,44.78937714,0,2694.836648,3
7,audio,Task B ,2,4,1,0,0.00019,2,256.3228408,0,2158.969726,3
7,audio,Task B ,2,4,0,0,0.00041,1,214.1266268,0,2795.155864,4
7,audio,Task B ,1,4,0,0,9.00E-05,2,34.21351163,0,2965.116468,2
7,audio,Task B ,1,1,1,0,9.00E-05,1,251.4845994,0,2562.506353,2
7,audio,Task B ,1,1,0,0,4.00E-05,2,107.1325324,0,2906.042606,1
8,audio,Task B ,2,1,0,0,4.00E-05,1,54.95727099,0,2680.759124,1
8,audio,Task B ,2,1,0,0,9.00E-05,1,307.7396014,0,2652.984851,2
8,audio,Task B ,2,1,1,0,0.00019,2,41.88936177,0,2883.354761,3
8,audio,Task B ,1,1,1,0,9.00E-05,1,197.966144,0,3051.977303,2
8,audio,Task B ,1,1,1,0,9.00E-05,1,66.53563402,0,2599.971894,2
8,audio,Task B ,1,4,1,0,0.00019,1,317.5351951,0,2552.471192,3
9,audio,Task B ,2,1,1,0,4.00E-05,2,194.4191785,0,3509.029809,1
9,audio,Task B ,1,1,1,0,4.00E-05,1,204.6859658,0,2563.860868,1
9,audio,Task B ,1,1,0,0,4.00E-05,2,152.9087866,0,2404.226523,1
9,audio,Task B ,1,1,1,0,9.00E-05,1,105.1353115,0,2705.387691,2
9,audio,Task B ,1,1,0,0,0.00041,2,299.522783,0,3318.071461,4
9,audio,Task B ,2,4,1,0,0.00041,2,278.1439457,0,2463.892425,4
10,audio,Task B ,1,1,0,0,4.00E-05,2,95.92012394,0,3013.478404,1
10,audio,Task B ,1,1,1,0,0.00019,1,128.8127448,0,2670.981205,3
10,audio,Task B ,1,1,1,0,0.00041,1,240.8421865,0,2595.275194,4
10,audio,Task B ,2,1,1,0,0.00041,2,88.18156529,0,3502.926364,4
10,audio,Task B ,2,1,0,0,0.00041,1,260.85571,0,2815.887304,4
10,audio,Task B ,2,2,1,0,0.00041,2,40.05175395,0,3272.315771,4
1,audio,Task B ,1,3,1,0,0.00019,1,83.82404423,0,2714.862866,3
1,audio,Task B ,1,2,1,0,9.00E-05,1,201.348162,0,2825.758092,2
1,audio,Task B ,1,2,1,0,0.00041,1,3.455621877,0,2556.689942,4
1,audio,Task B ,2,2,1,0,9.00E-05,2,113.8101365,0,2899.688595,2
1,audio,Task B ,2,1,0,0,4.00E-05,1,312.680044,0,2714.675467,1
1,audio,Task B ,2,2,0,0,4.00E-05,1,147.3898879,0,2449.330915,1
2,audio,Task B ,2,2,1,0,4.00E-05,2,217.9157206,0,3282.058621,1
2,audio,Task B ,2,3,0,0,0.00041,1,243.9208813,0,3031.670168,4
2,audio,Task B ,1,3,0,0,9.00E-05,2,131.9249233,0,1911.631958,2
2,audio,Task B ,1,3,1,0,9.00E-05,1,222.3133487,0,2875.105342,2
2,audio,Task B ,1,2,1,0,9.00E-05,1,57.85499678,0,2761.148876,2
2,audio,Task B ,1,3,1,0,4.00E-05,1,248.2732265,0,2582.515267,1
3,audio,Task B ,2,2,1,0,0.00041,2,45.38515787,0,2557.095823,4
3,audio,Task B ,1,4,1,0,0.00019,1,94.98696529,0,2641.44379,3
3,audio,Task B ,2,4,1,0,0.00019,2,228.1417287,0,1973.870174,3
3,audio,Task B ,2,4,1,0,0.00041,2,104.7951963,0,2982.936668,4
3,audio,Task B ,1,4,1,0,0.00041,1,125.547336,0,2646.049145,4
3,audio,Task B ,2,2,0,0,9.00E-05,1,183.3831151,0,2797.505012,2
4,audio,Task B ,2,4,1,0,0.00041,2,177.8864044,0,2032.037088,4
4,audio,Task B ,2,3,0,0,0.00041,1,13.0162162,0,2534.994813,4
4,audio,Task B ,1,1,1,0,0.00019,1,292.286327,0,2610.331911,3
4,audio,Task B ,1,3,1,0,0.00019,1,295.0427801,0,2601.242424,3
4,audio,Task B ,1,1,0,0,4.00E-05,2,95.4468056,0,2516.01849,1
4,audio,Task B ,1,3,0,0,0.00019,2,140.0416308,0,2705.150856,3
5,audio,Task B ,2,4,1,0,0.00041,2,109.9715376,0,2109.492773,4
5,audio,Task B ,1,4,1,0,0.00041,1,20.67854571,0,2698.176086,4
5,audio,Task B ,2,1,0,0,9.00E-05,1,125.206401,0,2724.728538,2
5,audio,Task B ,2,1,1,0,9.00E-05,2,90.75777096,0,1550.885977,2
5,audio,Task B ,1,1,0,0,0.00019,2,22.93784526,0,2703.076899,3
5,audio,Task B ,2,1,1,0,4.00E-05,2,45.97344691,0,3080.821766,1
6,audio,Task B ,1,2,1,0,0.00019,1,189.1140687,0,2981.565784,3
6,audio,Task B ,2,3,1,0,0.00041,2,254.8087598,0,2921.971648,4
6,audio,Task B ,1,3,1,0,0.00019,1,323.8123293,0,2630.596451,3
6,audio,Task B ,1,2,1,0,0.00041,1,195.0914097,0,2629.620052,4
6,audio,Task B ,1,2,1,0,0.00041,1,313.4905006,0,2766.600544,4
6,audio,Task B ,1,3,1,0,0.00019,1,250.2786167,0,2843.038192,3
7,audio,Task B ,2,4,0,0,0.00019,1,155.7908401,0,2686.758543,3
7,audio,Task B ,1,4,0,0,0.00041,2,127.6994005,0,3320.218253,4
7,audio,Task B ,1,1,0,0,9.00E-05,2,243.2202688,0,2310.904312,2
7,audio,Task B ,2,4,1,0,0.00041,2,241.8590899,0,2868.503325,4
7,audio,Task B ,2,4,0,0,0.00041,1,331.9740401,0,2652.335894,4
7,audio,Task B ,1,4,0,0,4.00E-05,2,291.030683,0,2746.824576,1
8,audio,Task B ,1,1,0,0,4.00E-05,2,311.642291,0,3438.964097,1
8,audio,Task B ,2,3,0,0,0.00041,1,343.1926814,0,2697.828968,4
8,audio,Task B ,2,4,0,0,0.00041,1,75.32413858,0,2820.885128,4
8,audio,Task B ,1,1,1,0,4.00E-05,1,213.805646,0,2636.127212,1
8,audio,Task B ,2,1,1,0,0.00041,2,49.62252766,0,3008.288456,4
8,audio,Task B ,2,4,1,0,0.00041,2,45.79673438,0,2761.278202,4
9,audio,Task B ,2,4,1,0,0.00041,2,106.5129743,0,3802.567147,4
9,audio,Task B ,2,4,0,0,0.00019,1,132.413788,0,2493.630933,3
9,audio,Task B ,1,4,0,0,9.00E-05,2,138.7063244,0,2692.6539,2
9,audio,Task B ,1,4,0,0,0.00041,2,283.2334221,0,2906.076271,4
9,audio,Task B ,1,3,1,0,0.00041,1,107.9375642,0,2745.984297,4
9,audio,Task B ,2,1,1,0,0.00019,2,10.47384459,0,2785.228477,3
10,audio,Task B ,1,1,0,0,9.00E-05,2,284.1892516,0,2815.497599,2
10,audio,Task B ,1,1,1,0,0.00041,1,190.6160587,0,2703.194522,4
10,audio,Task B ,1,1,0,0,4.00E-05,2,126.8964827,0,2571.927275,1
10,audio,Task B ,1,1,1,0,4.00E-05,1,274.257248,0,2663.664799,1
10,audio,Task B ,1,2,1,0,0.00019,1,1.872605634,0,2602.844757,3
10,audio,Task B ,1,1,0,0,4.00E-05,2,222.8742456,0,3509.677352,1
1,audio,Task B ,1,2,1,0,4.00E-05,1,34.79023006,0,2829.835835,1
1,audio,Task B ,1,3,1,0,4.00E-05,1,26.32936238,0,2882.925368,1
1,audio,Task B ,1,2,0,0,9.00E-05,2,302.840972,0,2778.354132,2
1,audio,Task B ,2,2,1,0,0.00019,2,126.4277347,0,3165.772786,3
1,audio,Task B ,1,2,0,0,0.00019,2,241.3930188,0,2534.458919,3
1,audio,Task B ,1,2,1,0,0.00019,1,22.93348874,0,2683.286155,3
2,audio,Task B ,1,2,0,0,9.00E-05,2,20.7577607,0,2964.162964,2
2,audio,Task B ,2,1,1,0,4.00E-05,2,343.339919,0,2669.881462,1
2,audio,Task B ,1,3,0,0,9.00E-05,2,222.9389752,0,3047.271909,2
2,audio,Task B ,2,1,0,0,0.00019,1,265.009925,0,2829.506533,3
2,audio,Task B ,1,1,0,0,9.00E-05,2,91.69542282,0,2571.236161,2
2,audio,Task B ,1,2,1,0,9.00E-05,1,47.21733979,0,2757.475419,2
3,audio,Task B ,1,2,1,0,0.00041,1,357.1846401,0,2611.021993,4
3,audio,Task B ,2,1,0,0,4.00E-05,1,322.3647185,0,2532.576929,1
3,audio,Task B ,2,2,1,0,0.00041,2,141.5316331,0,2895.434877,4
3,audio,Task B ,1,4,1,0,0.00019,1,125.7226085,0,2857.745499,3
3,audio,Task B ,1,1,0,0,4.00E-05,2,252.6837949,0,4008.816383,1
3,audio,Task B ,2,2,0,0,0.00019,1,156.4953746,0,2808.658915,3
4,audio,Task B ,2,2,1,0,9.00E-05,2,156.0130135,0,2998.471238,2
4,audio,Task B ,2,4,1,0,0.00019,2,56.32397403,0,3483.163387,3
4,audio,Task B ,1,1,0,0,4.00E-05,2,82.49822919,0,3132.345744,1
4,audio,Task B ,1,3,1,0,9.00E-05,1,50.6462232,0,2826.937753,2
4,audio,Task B ,1,3,1,0,4.00E-05,1,69.16722587,0,2758.203687,1
4,audio,Task B ,1,3,0,0,0.00019,2,279.601795,0,2873.216836,3
5,audio,Task B ,1,4,1,0,0.00019,1,143.7524771,0,2691.094864,3
5,audio,Task B ,1,2,0,0,0.00019,2,167.0848961,0,1834.856388,3
5,audio,Task B ,1,4,1,0,0.00019,1,335.0906675,0,2681.076994,3
5,audio,Task B ,2,4,1,0,0.00041,2,60.83956885,0,2247.196746,4
5,audio,Task B ,2,1,0,0,9.00E-05,1,267.552017,0,2592.909011,2
5,audio,Task B ,2,3,0,0,0.00019,1,11.64642391,0,2644.850941,3
6,audio,Task B ,2,3,0,0,0.00019,1,32.41745095,0,2800.922302,3
6,audio,Task B ,2,3,0,0,9.00E-05,1,7.516518827,0,2825.096142,2
6,audio,Task B ,2,3,1,0,0.00041,2,317.2486638,0,2588.117531,4
6,audio,Task B ,1,2,1,0,4.00E-05,1,10.19506888,0,2714.290904,1
6,audio,Task B ,1,2,0,0,0.00019,2,187.6984589,0,2687.547765,3
6,audio,Task B ,1,3,1,0,0.00041,1,250.4405715,0,2790.595103,4
7,audio,Task B ,1,1,0,0,9.00E-05,2,164.5632457,0,1890.172589,2
7,audio,Task B ,1,1,1,0,4.00E-05,1,255.7109987,0,2786.956922,1
7,audio,Task B ,1,1,1,0,9.00E-05,1,310.8224258,0,2741.212821,2
7,audio,Task B ,1,4,1,0,0.00019,1,182.534609,0,2843.465306,3
7,audio,Task B ,1,4,0,0,4.00E-05,2,245.4903154,0,2419.408795,1
7,audio,Task B ,1,4,1,0,0.00041,1,155.0254235,0,2664.132923,4
8,audio,Task B ,1,4,0,0,0.00041,2,270.9334242,0,2324.315711,4
8,audio,Task B ,1,2,1,0,4.00E-05,1,17.64058994,0,2641.292316,1
8,audio,Task B ,2,1,1,0,0.00019,2,145.1123197,0,2806.433562,3
8,audio,Task B ,2,4,1,0,0.00041,2,302.8677159,0,3252.70801,4
8,audio,Task B ,1,2,1,0,0.00019,1,302.7452522,0,2772.732688,3
8,audio,Task B ,2,1,0,0,4.00E-05,1,254.9113703,0,2757.357543,1
9,audio,Task B ,2,4,1,0,0.00019,2,273.2739366,0,3365.233356,3
9,audio,Task B ,1,4,1,0,0.00041,1,173.1255315,0,2613.347179,4
9,audio,Task B ,1,4,1,0,9.00E-05,1,107.0358196,0,2942.817238,2
9,audio,Task B ,1,1,1,0,9.00E-05,1,226.3610604,0,2439.3961,2
9,audio,Task B ,1,1,0,0,0.00041,2,262.60656,0,2150.40767,4
9,audio,Task B ,1,1,0,0,4.00E-05,2,84.95367324,0,3027.960004,1
10,audio,Task B ,2,2,1,0,0.00041,2,279.7446264,0,2167.571016,4
10,audio,Task B ,1,1,0,0,4.00E-05,2,141.7378461,0,1267.001522,1
10,audio,Task B ,2,2,1,0,0.00041,2,277.4352611,0,3056.698929,4
10,audio,Task B ,1,1,0,0,4.00E-05,2,122.2709633,0,2607.779824,1
10,audio,Task B ,2,2,1,0,0.00019,2,96.4504186,0,2504.330638,3
10,audio,Task B ,1,1,0,0,9.00E-05,2,44.48619376,0,2125.943021,2
1,audio,Task B ,1,3,1,0,0.00041,1,185.607668,0,2670.389409,4
1,audio,Task B ,2,3,0,0,0.00019,1,21.16439591,0,2783.866807,3
1,audio,Task B ,1,2,1,0,9.00E-05,1,181.8595524,0,2639.333382,2
1,audio,Task B ,1,2,0,0,0.00041,2,68.13778255,0,2633.188615,4
1,audio,Task B ,1,3,1,0,0.00041,1,339.9031517,0,2827.236406,4
1,audio,Task B ,1,2,1,0,0.00041,1,356.3977656,0,2616.61139,4
2,audio,Task B ,2,2,1,0,0.00019,2,312.6125097,0,2458.855713,3
2,audio,Task B ,1,2,1,0,9.00E-05,1,124.126103,0,2934.093482,2
2,audio,Task B ,1,2,0,0,9.00E-05,2,112.409408,0,2325.484347,2
2,audio,Task B ,2,3,1,0,9.00E-05,2,192.4667831,0,3063.172351,2
2,audio,Task B ,2,1,0,0,0.00019,1,342.0431153,0,2444.379485,3
2,audio,Task B ,1,2,0,0,0.00019,2,190.4930646,0,2648.116234,3
3,audio,Task B ,1,4,1,0,0.00041,1,11.60187408,0,2697.420889,4
3,audio,Task B ,1,3,1,0,4.00E-05,1,259.3586566,0,2728.848032,1
3,audio,Task B ,1,2,0,0,4.00E-05,2,103.1864491,0,2392.825487,1
3,audio,Task B ,2,2,1,0,4.00E-05,2,43.78765398,0,2395.462604,1
3,audio,Task B ,1,1,1,0,4.00E-05,1,199.6655086,0,2787.646094,1
3,audio,Task B ,2,4,0,0,0.00041,1,50.98453956,0,2517.569371,4
4,audio,Task B ,1,2,0,0,0.00019,2,245.7937053,0,2833.690514,3
4,audio,Task B ,2,2,1,0,9.00E-05,2,254.6893713,0,2820.613012,2
4,audio,Task B ,1,1,1,0,4.00E-05,1,27.81879451,0,2824.087561,1
4,audio,Task B ,1,1,0,0,4.00E-05,2,330.8294826,0,2490.88389,1
4,audio,Task B ,1,3,1,0,0.00019,1,332.2488964,0,2663.244761,3
4,audio,Task B ,1,3,1,0,9.00E-05,1,67.15949479,0,2696.959576,2
5,audio,Task B ,1,1,1,0,4.00E-05,1,46.69866345,0,2789.672355,1
5,audio,Task B ,2,4,1,0,0.00041,2,29.7858598,0,3263.758796,4
5,audio,Task B ,2,2,1,0,0.00019,2,170.699433,0,2407.011894,3
5,audio,Task B ,2,1,1,0,0.00019,2,346.5260918,0,2939.222552,3
5,audio,Task B ,2,1,0,0,4.00E-05,1,53.87776538,0,2610.816689,1
5,audio,Task B ,2,1,1,0,9.00E-05,2,114.4587564,0,2494.234299,2
6,audio,Task B ,2,2,1,0,0.00041,2,336.0844591,0,3192.849639,4
6,audio,Task B ,1,3,1,0,9.00E-05,1,303.3480059,0,2621.695962,2
6,audio,Task B ,2,3,1,0,4.00E-05,2,333.4596505,0,2721.202574,1
6,audio,Task B ,1,3,1,0,9.00E-05,1,308.1445303,0,2568.06064,2
6,audio,Task B ,2,3,0,0,4.00E-05,1,172.5474954,0,2821.302643,1
6,audio,Task B ,1,3,1,0,4.00E-05,1,88.50133091,0,2490.530822,1
7,audio,Task B ,1,1,1,0,9.00E-05,1,339.0614171,0,2668.728703,2
7,audio,Task B ,2,4,0,0,0.00041,1,335.0730839,0,2693.616741,4
7,audio,Task B ,2,1,0,0,0.00041,1,25.83595135,0,2539.194303,4
7,audio,Task B ,1,4,0,0,9.00E-05,2,274.2153337,0,2710.286792,2
7,audio,Task B ,1,1,0,0,4.00E-05,2,238.0248523,0,3165.392827,1
7,audio,Task B ,1,4,0,0,0.00041,2,335.6293362,0,2357.381219,4
8,audio,Task B ,2,1,0,0,0.00019,1,98.67874465,0,2613.92955,3
8,audio,Task B ,2,1,1,0,0.00041,2,165.6628054,0,1992.145911,4
8,audio,Task B ,2,1,1,0,4.00E-05,2,80.53737462,0,3093.144248,1
8,audio,Task B ,2,1,1,0,9.00E-05,2,34.31307274,0,2490.073457,2
8,audio,Task B ,1,2,1,0,0.00019,1,20.41863164,0,2666.192654,3
8,audio,Task B ,2,1,0,0,4.00E-05,1,354.4078972,0,2562.882977,1
9,audio,Task B ,1,4,0,0,0.00019,2,65.17834588,0,3343.050993,3
9,audio,Task B ,2,2,1,0,9.00E-05,2,343.3264339,0,2783.055091,2
9,audio,Task B ,2,4,1,0,0.00041,2,78.13784697,0,3290.930778,4
9,audio,Task B ,2,2,1,0,0.00041,2,98.50452339,0,2575.029904,4
9,audio,Task B ,1,1,1,0,4.00E-05,1,90.65063219,0,2920.34826,1
9,audio,Task B ,1,4,1,0,0.00041,1,315.5514191,0,2689.586726,4
10,audio,Task B ,2,1,1,0,0.00041,2,59.30890446,0,2963.374769,4
10,audio,Task B ,1,1,0,0,4.00E-05,2,131.5085877,0,1927.681154,1
10,audio,Task B ,2,2,1,0,0.00019,2,39.34811592,0,2303.576604,3
10,audio,Task B ,1,1,1,0,0.00041,1,74.96308688,0,2754.313971,4
10,audio,Task B ,1,1,1,0,0.00041,1,273.569025,0,2609.920509,4
10,audio,Task B ,1,1,0,0,4.00E-05,2,24.6149029,0,2882.733792,1
1,audio,Task B ,2,4,0,0,0.00041,1,181.8638296,0,2441.065408,4
1,audio,Task B ,1,1,0,0,4.00E-05,2,323.4955332,0,2929.563812,1
1,audio,Task B ,2,3,0,0,9.00E-05,1,98.41376318,0,2574.299595,2
1,audio,Task B ,1,1,1,0,4.00E-05,1,59.29096739,0,2791.525453,1
1,audio,Task B ,1,3,1,0,0.00041,1,18.87312777,0,2668.827012,4
1,audio,Task B ,2,4,1,0,4.00E-05,2,289.4050985,0,2088.389927,1
2,audio,Task B ,1,3,1,0,0.00019,1,119.9295923,0,2608.011602,3
2,audio,Task B ,2,3,0,0,0.00019,1,342.1325378,0,2582.180649,3
2,audio,Task B ,2,1,1,0,9.00E-05,2,22.09194947,0,3216.112823,2
2,audio,Task B ,2,4,1,0,0.00041,2,250.8343688,0,3225.199059,4
2,audio,Task B ,2,1,0,0,0.00019,1,121.7533233,0,2596.516918,3
2,audio,Task B ,2,3,0,0,0.00041,1,173.805087,0,2703.825787,4
3,audio,Task B ,1,3,0,0,0.00041,2,89.95847465,0,2972.728013,4
3,audio,Task B ,2,3,0,0,9.00E-05,1,248.9022987,0,2568.761021,2
3,audio,Task B ,2,2,0,0,4.00E-05,1,348.9747149,0,2668.75559,1
3,audio,Task B ,1,2,1,0,9.00E-05,1,154.4247121,0,2586.586087,2
3,audio,Task B ,2,3,1,0,9.00E-05,2,73.94694621,0,2472.056641,2
3,audio,Task B ,2,3,1,0,0.00041,2,159.368934,0,3099.600644,4
4,audio,Task B ,1,2,1,0,9.00E-05,1,0.914028156,0,2752.816477,2
4,audio,Task B ,1,1,0,0,9.00E-05,2,281.2958502,0,2366.219017,2
4,audio,Task B ,1,1,0,0,4.00E-05,2,91.34743648,0,3106.794,1
4,audio,Task B ,2,2,0,0,9.00E-05,1,24.82298783,0,2861.380419,2
4,audio,Task B ,1,1,1,0,9.00E-05,1,21.6616422,0,2542.254346,2
4,audio,Task B ,1,1,1,0,4.00E-05,1,324.5770816,0,2505.890164,1
5,audio,Task B ,2,1,1,0,9.00E-05,2,239.4206139,0,2464.551027,2
5,audio,Task B ,2,1,0,0,4.00E-05,1,170.6213322,0,2715.975536,1
5,audio,Task B ,2,3,0,0,0.00019,1,189.2401187,0,2810.13977,3
5,audio,Task B ,1,3,1,0,0.00019,1,0.800576669,0,2694.561864,3
5,audio,Task B ,2,1,1,0,9.00E-05,2,336.4816386,0,2522.978843,2
5,audio,Task B ,2,4,1,0,0.00019,2,165.108471,0,3029.233321,3
6,audio,Task B ,1,3,0,0,4.00E-05,2,287.6145872,0,3330.808923,1
6,audio,Task B ,2,3,1,0,4.00E-05,2,74.12290822,0,3241.500967,1
6,audio,Task B ,1,3,0,0,0.00019,2,282.205007,0,2161.314631,3
6,audio,Task B ,2,3,0,0,0.00019,1,231.3501182,0,2870.309931,3
6,audio,Task B ,2,1,1,0,4.00E-05,2,111.7586632,0,2658.252827,1
6,audio,Task B ,1,2,0,0,0.00019,2,338.2420088,0,2770.622579,3
7,audio,Task B ,1,4,1,0,0.00041,1,318.6059135,0,2793.348953,4
7,audio,Task B ,2,4,1,0,0.00019,2,87.2598257,0,2052.205162,3
7,audio,Task B ,1,1,1,0,4.00E-05,1,82.04776547,0,2608.414716,1
7,audio,Task B ,2,4,1,0,0.00041,2,193.650563,0,3165.426497,4
7,audio,Task B ,1,1,1,0,9.00E-05,1,179.1737293,0,2903.054339,2
7,audio,Task B ,1,4,1,0,0.00019,1,333.4314301,0,2644.912207,3
8,audio,Task B ,1,1,1,0,0.00019,1,38.90673711,0,2642.423187,3
8,audio,Task B ,2,2,0,0,9.00E-05,1,331.9341181,0,2729.994281,2
8,audio,Task B ,1,4,1,0,0.00041,1,16.54316673,0,2650.591658,4
8,audio,Task B ,1,1,0,0,0.00019,2,356.4724183,0,2707.43412,3
8,audio,Task B ,1,2,0,0,0.00019,2,275.2030483,0,2659.054443,3
8,audio,Task B ,1,4,0,0,0.00019,2,322.8926015,0,2749.001888,3
9,audio,Task B ,1,1,0,0,0.00019,2,224.5881789,0,2771.958416,3
9,audio,Task B ,1,1,0,0,0.00041,2,241.5411521,0,2266.159459,4
9,audio,Task B ,2,4,1,0,0.00019,2,58.67722926,0,3565.900259,3
9,audio,Task B ,2,4,0,0,0.00041,1,56.53809304,0,2688.314418,4
9,audio,Task B ,2,4,1,0,0.00019,2,359.8711281,0,2462.364854,3
9,audio,Task B ,1,1,0,0,4.00E-05,2,276.1532651,0,1679.350709,1
10,audio,Task B ,2,1,1,0,0.00019,2,13.27826725,0,2559.553139,3
10,audio,Task B ,1,2,1,0,0.00041,1,94.56861925,0,2708.970123,4
10,audio,Task B ,2,2,1,0,0.00041,2,250.1337014,0,3000.058386,4
10,audio,Task B ,2,2,1,0,0.00041,2,266.4341805,0,2420.47672,4
10,audio,Task B ,1,2,0,0,0.00019,2,227.552934,0,2618.181371,3
10,audio,Task B ,2,1,1,0,0.00019,2,7.726688421,0,3500.480358,3
1,audio,Task B ,2,4,1,0,0.00041,2,52.53333219,0,3162.138756,4
1,audio,Task B ,1,2,0,0,0.00041,2,16.71707811,0,2825.361199,4
1,audio,Task B ,2,2,0,0,0.00041,1,89.00119422,0,2535.091631,4
1,audio,Task B ,2,4,1,0,0.00041,2,135.3851847,0,2305.005456,4
1,audio,Task B ,2,2,1,0,0.00019,2,342.7316728,0,2547.364499,3
1,audio,Task B ,2,1,1,0,9.00E-05,2,67.51539956,0,2988.458869,2
2,audio,Task B ,2,1,0,0,0.00041,1,290.6567837,0,2809.868433,4
2,audio,Task B ,2,3,1,0,0.00019,2,266.9027016,0,2641.852635,3
2,audio,Task B ,2,2,0,0,0.00019,1,160.5487398,0,2528.137377,3
2,audio,Task B ,1,2,0,0,4.00E-05,2,243.7818438,0,2743.040742,1
2,audio,Task B ,2,2,1,0,9.00E-05,2,225.7475918,0,2456.406027,2
2,audio,Task B ,2,1,1,0,4.00E-05,2,124.473841,0,3294.195334,1
3,audio,Task B ,1,4,1,0,0.00041,1,334.9760554,0,2785.101306,4
3,audio,Task B ,1,2,1,0,0.00019,1,224.6721776,0,2734.201847,3
3,audio,Task B ,2,4,1,0,4.00E-05,2,92.04392912,0,3086.265054,1
3,audio,Task B ,2,3,1,0,0.00019,2,14.10003168,0,2998.206026,3
3,audio,Task B ,2,1,1,0,0.00041,2,30.40864996,0,1842.391793,4
3,audio,Task B ,1,4,1,0,0.00041,1,53.21663245,0,2693.859518,4
4,audio,Task B ,1,3,1,0,0.00041,1,17.80340693,0,2717.673163,4
4,audio,Task B ,1,1,1,0,4.00E-05,1,146.6358137,0,2725.639717,1
4,audio,Task B ,1,2,1,0,9.00E-05,1,159.0393612,0,2538.804427,2
4,audio,Task B ,2,3,0,0,0.00019,1,93.71465683,0,2527.775718,3
4,audio,Task B ,1,2,1,0,9.00E-05,1,301.708529,0,2706.256889,2
4,audio,Task B ,1,3,1,0,0.00019,1,192.7247835,0,2506.544887,3
5,audio,Task B ,2,1,1,0,4.00E-05,2,295.2141565,0,1645.058121,1
5,audio,Task B ,1,3,1,0,0.00041,1,236.2019035,0,2552.500473,4
5,audio,Task B ,2,1,0,0,9.00E-05,1,14.13245857,0,2587.240678,2
5,audio,Task B ,1,1,1,0,4.00E-05,1,39.67385211,0,2627.271561,1
5,audio,Task B ,2,1,0,0,4.00E-05,1,147.6520765,0,2593.950393,1
5,audio,Task B ,1,1,1,0,9.00E-05,1,313.1069823,0,2504.472304,2
6,audio,Task B ,1,2,0,0,0.00019,2,220.2007348,0,2322.83551,3
6,audio,Task B ,1,3,1,0,9.00E-05,1,149.4265022,0,2776.79168,2
6,audio,Task B ,1,3,1,0,4.00E-05,1,307.8730602,0,2535.016019,1
6,audio,Task B ,1,2,0,0,0.00019,2,309.7132091,0,2130.777022,3
6,audio,Task B ,2,4,1,0,0.00041,2,49.1125778,0,3104.763126,4
6,audio,Task B ,2,4,1,0,9.00E-05,2,190.2066983,0,3244.642334,2
7,audio,Task B ,1,1,0,0,9.00E-05,2,129.5868366,0,2448.180143,2
7,audio,Task B ,1,1,0,0,4.00E-05,2,204.6530934,0,2615.4005,1
7,audio,Task B ,1,1,0,0,4.00E-05,2,306.2373324,0,1928.841747,1
7,audio,Task B ,1,1,0,0,9.00E-05,2,109.3879052,0,2659.629337,2
7,audio,Task B ,1,4,0,0,0.00041,2,147.107979,0,2268.960713,4
7,audio,Task B ,1,1,1,0,9.00E-05,1,331.1241332,0,2690.279899,2
8,audio,Task B ,2,1,0,0,0.00019,1,250.8842946,0,2777.883618,3
8,audio,Task B ,2,3,0,0,0.00041,1,343.8562729,0,2819.667972,4
8,audio,Task B ,2,1,1,0,0.00019,2,290.4400701,0,2205.431222,3
8,audio,Task B ,1,4,1,0,0.00019,1,15.04553757,0,2860.527473,3
8,audio,Task B ,2,1,0,0,9.00E-05,1,318.0928296,0,2800.00457,2
8,audio,Task B ,1,3,0,0,0.00041,2,40.29497291,0,2631.374711,4
9,audio,Task B ,1,4,1,0,0.00041,1,87.86925161,0,2745.971932,4
9,audio,Task B ,1,4,0,0,0.00041,2,161.3871545,0,2689.360664,4
9,audio,Task B ,2,1,1,0,9.00E-05,2,25.60569971,0,3032.113941,2
9,audio,Task B ,1,1,0,0,0.00019,2,311.3298124,0,1957.204658,3
9,audio,Task B ,1,1,0,0,0.00019,2,358.5506217,0,3228.067322,3
9,audio,Task B ,1,1,0,0,9.00E-05,2,310.93945,0,3237.273949,2
10,audio,Task B ,2,2,1,0,0.00041,2,109.9335158,0,1689.641382,4
10,audio,Task B ,1,1,1,0,9.00E-05,1,220.3860278,0,2529.248264,2
10,audio,Task B ,1,1,1,0,9.00E-05,1,295.5568409,0,2705.722913,2
10,audio,Task B ,2,2,1,0,0.00041,2,273.7646202,0,3113.308067,4
10,audio,Task B ,2,2,1,0,0.00019,2,275.6838773,0,2105.546401,3
10,audio,Task B ,1,1,1,0,0.00041,1,260.4376401,0,2601.959563,4
1,audio,Task B ,1,2,1,0,9.00E-05,1,239.4246054,0,2870.711638,2
1,audio,Task B ,1,2,1,0,0.00019,1,104.3509495,0,2805.27736,3
1,audio,Task B ,1,1,1,0,4.00E-05,1,313.1370146,0,2855.599649,1
1,audio,Task B ,1,3,1,0,0.00019,1,18.99278528,0,2885.720198,3
1,audio,Task B ,2,2,1,0,0.00041,2,266.5883059,0,2884.913901,4
1,audio,Task B ,1,2,1,0,0.00041,1,155.6662286,0,2820.993065,4
2,audio,Task B ,2,1,1,0,4.00E-05,2,235.3008392,0,2051.002099,1
2,audio,Task B ,2,2,0,0,0.00041,1,268.630841,0,2779.342581,4
2,audio,Task B ,1,3,1,0,0.00041,1,299.9627995,0,2683.505711,4
2,audio,Task B ,1,3,1,0,9.00E-05,1,167.7693452,0,2743.170492,2
2,audio,Task B ,2,1,1,0,4.00E-05,2,77.62637645,0,3803.750775,1
2,audio,Task B ,2,2,1,0,9.00E-05,2,58.53198799,0,2925.75638,2
3,audio,Task B ,2,4,1,0,9.00E-05,2,237.8091489,0,3409.345066,2
3,audio,Task B ,2,3,0,0,4.00E-05,1,195.7508662,0,2797.626063,1
3,audio,Task B ,2,4,1,0,9.00E-05,2,106.7717963,0,2138.55657,2
3,audio,Task B ,1,3,0,0,0.00041,2,130.775219,0,2804.546074,4
3,audio,Task B ,2,4,1,0,4.00E-05,2,290.3342651,0,2242.983277,1
3,audio,Task B ,1,4,1,0,0.00041,1,131.9181388,0,2701.701314,4
4,audio,Task B ,2,2,1,0,0.00041,2,7.369487748,0,2580.305941,4
4,audio,Task B ,1,3,0,0,0.00041,2,103.627578,0,2910.479223,4
4,audio,Task B ,1,3,1,0,0.00041,1,196.931317,0,2691.178063,4
4,audio,Task B ,1,2,0,0,0.00019,2,89.46846865,0,1979.772522,3
4,audio,Task B ,1,3,0,0,0.00019,2,173.4068572,0,2828.076635,3
4,audio,Task B ,1,3,1,0,0.00041,1,22.13257502,0,2756.21086,4
5,audio,Task B ,1,3,0,0,9.00E-05,2,349.8130939,0,2756.750506,2
5,audio,Task B ,1,3,1,0,9.00E-05,1,228.8227868,0,2743.453573,2
5,audio,Task B ,1,4,1,0,0.00019,1,96.98373393,0,2644.214697,3
5,audio,Task B ,1,3,0,0,4.00E-05,2,244.7968333,0,2865.834401,1
5,audio,Task B ,1,2,1,0,4.00E-05,1,43.68636823,0,2560.888053,1
5,audio,Task B ,2,4,1,0,0.00019,2,288.0550747,0,3139.954621,3
6,audio,Task B ,2,2,0,0,9.00E-05,1,224.999185,0,2801.123554,2
6,audio,Task B ,2,3,1,0,0.00041,2,89.42505362,0,2006.134446,4
6,audio,Task B ,1,3,0,0,0.00041,2,337.2560134,0,2429.578317,4
6,audio,Task B ,1,3,1,0,4.00E-05,1,9.718064218,0,2963.058435,1
6,audio,Task B ,1,3,1,0,0.00041,1,340.1733958,0,2669.156363,4
6,audio,Task B ,2,3,1,0,0.00041,2,56.76121949,0,3259.749225,4
7,audio,Task B ,2,4,0,0,0.00019,1,56.8646331,0,2838.650378,3
7,audio,Task B ,1,1,0,0,9.00E-05,2,338.1937503,0,1921.457553,2
7,audio,Task B ,1,1,1,0,4.00E-05,1,256.2169322,0,2780.399084,1
7,audio,Task B ,1,4,0,0,0.00019,2,104.3146309,0,2904.880438,3
7,audio,Task B ,1,1,0,0,4.00E-05,2,276.8476752,0,2614.343979,1
7,audio,Task B ,1,1,1,0,4.00E-05,1,51.41436728,0,2663.832774,1
8,audio,Task B ,2,1,1,0,4.00E-05,2,23.88450405,0,2531.060228,1
8,audio,Task B ,2,1,0,0,0.00019,1,95.6788413,0,2718.837296,3
8,audio,Task B ,2,1,1,0,4.00E-05,2,52.80858724,0,3815.971351,1
8,audio,Task B ,2,3,1,0,0.00019,2,287.7609924,0,2884.136053,3
8,audio,Task B ,1,1,0,0,9.00E-05,2,350.6967409,0,1529.077005,2
8,audio,Task B ,1,1,1,0,0.00019,1,167.8504442,0,2784.519424,3
9,audio,Task B ,2,4,1,0,0.00041,2,96.7078891,0,2761.806629,4
9,audio,Task B ,2,4,1,0,0.00019,2,177.7983781,0,3631.611415,3
9,audio,Task B ,1,1,1,0,4.00E-05,1,221.5807965,0,2627.224004,1
9,audio,Task B ,1,3,0,0,9.00E-05,2,85.09492084,0,2122.654063,2
9,audio,Task B ,1,1,0,0,4.00E-05,2,133.4351328,0,2421.307144,1
9,audio,Task B ,2,4,1,0,0.00019,2,36.61146518,0,3126.158382,3
10,audio,Task B ,1,1,1,0,0.00041,1,205.9605645,0,2614.552463,4
10,audio,Task B ,2,1,0,0,0.00041,1,129.4362665,0,2765.094696,4
10,audio,Task B ,2,1,0,0,9.00E-05,1,276.0414558,0,2721.927516,2
10,audio,Task B ,2,1,1,0,9.00E-05,2,171.3243062,0,3254.133232,2
10,audio,Task B ,2,1,0,0,4.00E-05,1,353.8724552,0,2618.06224,1
10,audio,Task B ,1,2,0,0,9.00E-05,2,254.6611978,0,2413.111156,2
1,audio,Task B ,2,4,1,0,4.00E-05,2,119.6034726,0,2331.45984,1
1,audio,Task B ,2,4,1,0,0.00019,2,243.1921964,0,2372.1446,3
1,audio,Task B ,2,2,1,0,0.00041,2,44.31016793,0,3008.702319,4
1,audio,Task B ,2,3,1,0,0.00041,2,185.1383236,0,2424.438057,4
1,audio,Task B ,2,4,1,0,0.00019,2,284.3106493,0,3536.203088,3
1,audio,Task B ,2,4,1,0,0.00041,2,305.1740863,0,1952.127113,4
2,audio,Task B ,1,3,0,0,0.00019,2,100.1715191,0,2800.938441,3
2,audio,Task B ,1,2,1,0,4.00E-05,1,351.008601,0,2684.403343,1
2,audio,Task B ,2,3,0,0,0.00019,1,114.4647857,0,2710.347848,3
2,audio,Task B ,1,3,1,0,4.00E-05,1,120.3813377,0,2532.475396,1
2,audio,Task B ,1,2,0,0,0.00041,2,336.9870499,0,2731.707755,4
2,audio,Task B ,1,3,0,0,0.00041,2,297.7436831,0,2784.213448,4
3,audio,Task B ,1,3,1,0,4.00E-05,1,250.1883298,0,2742.542207,1
3,audio,Task B ,1,4,1,0,0.00041,1,10.87823884,0,2720.854613,4
3,audio,Task B ,1,3,1,0,9.00E-05,1,340.4303189,0,2744.126399,2
3,audio,Task B ,1,1,1,0,0.00019,1,72.93699489,0,2862.40958,3
3,audio,Task B ,2,1,0,0,4.00E-05,1,331.1428606,0,2752.149469,1
3,audio,Task B ,2,4,1,0,0.00041,2,240.9786048,0,2449.361044,4
4,audio,Task B ,1,2,1,0,4.00E-05,1,323.0933559,0,2634.585363,1
4,audio,Task B ,1,1,1,0,9.00E-05,1,31.50290005,0,2849.304618,2
4,audio,Task B ,1,3,1,0,0.00041,1,91.43626866,0,2782.931332,4
4,audio,Task B ,1,2,1,0,9.00E-05,1,292.8981289,0,2661.943962,2
4,audio,Task B ,1,2,1,0,4.00E-05,1,3.50724823,0,2538.173795,1
4,audio,Task B ,1,3,1,0,0.00019,1,155.4486052,0,2902.040097,3
5,audio,Task B ,1,3,0,0,0.00019,2,209.7419692,0,2951.267265,3
5,audio,Task B ,2,1,0,0,9.00E-05,1,11.74360037,0,2823.713259,2
5,audio,Task B ,2,4,1,0,0.00019,2,182.3146949,0,1890.19706,3
5,audio,Task B ,1,1,1,0,4.00E-05,1,93.57367497,0,2599.099886,1
5,audio,Task B ,2,1,1,0,4.00E-05,2,268.4258641,0,1928.907088,1
5,audio,Task B ,2,4,0,0,0.00019,1,57.57690364,0,2990.867525,3
6,audio,Task B ,2,2,0,0,0.00019,1,27.73125264,0,2821.571096,3
6,audio,Task B ,2,3,1,0,0.00019,2,98.64484991,0,3340.4076,3
6,audio,Task B ,1,3,0,0,4.00E-05,2,192.7203338,0,1965.233655,1
6,audio,Task B ,1,2,0,0,4.00E-05,2,147.8615147,0,2717.062666,1
6,audio,Task B ,2,1,1,0,4.00E-05,2,106.5709918,0,3236.078318,1
6,audio,Task B ,2,3,1,0,0.00019,2,114.4548842,0,2932.432503,3
7,audio,Task B ,2,4,1,0,0.00019,2,109.4016579,0,2075.758841,3
7,audio,Task B ,2,4,1,0,9.00E-05,2,37.29416386,0,3580.777362,2
7,audio,Task B ,1,4,1,0,0.00041,1,177.6917764,0,2598.345022,4
7,audio,Task B ,2,4,0,0,9.00E-05,1,186.255548,0,2903.550967,2
7,audio,Task B ,1,1,0,0,0.00041,2,102.284502,0,2858.36981,4
7,audio,Task B ,1,4,1,0,9.00E-05,1,322.4467189,0,2774.698593,2
8,audio,Task B ,1,1,0,0,9.00E-05,2,137.0068842,0,2491.141032,2
8,audio,Task B ,2,2,1,0,0.00019,2,74.41458562,0,2520.436843,3
8,audio,Task B ,2,1,0,0,9.00E-05,1,1.498449679,0,2899.993429,2
8,audio,Task B ,1,1,0,0,9.00E-05,2,34.14198573,0,2425.735049,2
8,audio,Task B ,1,1,1,0,9.00E-05,1,327.1409391,0,2756.695642,2
8,audio,Task B ,1,4,1,0,0.00041,1,181.6100701,0,2542.42235,4
9,audio,Task B ,1,4,1,0,9.00E-05,1,312.7051085,0,2676.273517,2
9,audio,Task B ,1,3,0,0,0.00019,2,193.7554271,0,3225.474611,3
9,audio,Task B ,1,2,0,0,0.00041,2,268.8980741,0,2771.225547,4
9,audio,Task B ,1,4,1,0,0.00041,1,274.9073855,0,2827.624944,4
9,audio,Task B ,1,1,0,0,4.00E-05,2,221.775705,0,2700.173461,1
9,audio,Task B ,1,4,1,0,0.00041,1,320.4262975,0,2863.72488,4
10,audio,Task B ,1,1,0,0,4.00E-05,2,103.44816,0,2593.706235,1
10,audio,Task B ,2,2,1,0,0.00019,2,123.4223805,0,3313.864877,3
10,audio,Task B ,2,2,0,0,0.00041,1,236.3563988,0,2486.028643,4
10,audio,Task B ,2,2,1,0,0.00019,2,44.32764964,0,2125.923644,3
10,audio,Task B ,2,1,1,0,9.00E-05,2,312.8665661,0,2149.470825,2
10,audio,Task B ,2,1,1,0,0.00041,2,262.109748,0,2591.356911,4
1,audio,Task B ,1,2,1,0,9.00E-05,1,39.92705434,0,2675.488726,2
1,audio,Task B ,2,4,1,0,0.00041,2,151.1191953,0,2378.370233,4
1,audio,Task B ,1,3,0,0,0.00041,2,92.3863166,0,2608.458615,4
1,audio,Task B ,1,2,1,0,0.00041,1,1.708491629,0,2549.326909,4
1,audio,Task B ,2,3,1,0,4.00E-05,2,74.02365004,0,2506.995456,1
1,audio,Task B ,1,2,0,0,0.00041,2,110.2483528,0,2681.976149,4
2,audio,Task B ,1,2,1,0,9.00E-05,1,262.7739915,0,2801.781124,2
2,audio,Task B ,2,1,0,0,9.00E-05,1,22.76659674,0,2800.108027,2
2,audio,Task B ,1,2,0,0,0.00041,2,141.7257624,0,2823.769738,4
2,audio,Task B ,1,2,1,0,0.00041,1,130.6694356,0,2740.964556,4
2,audio,Task B ,1,1,0,0,0.00019,2,170.6737156,0,2236.317983,3
2,audio,Task B ,1,2,1,0,9.00E-05,1,182.2159199,0,2661.353399,2
3,audio,Task B ,1,4,1,0,0.00041,1,117.6355971,0,2784.983933,4
3,audio,Task B ,1,1,1,0,9.00E-05,1,131.9247506,0,2902.63287,2
3,audio,Task B ,2,4,1,0,9.00E-05,2,173.686943,0,3170.909671,2
3,audio,Task B ,2,2,1,0,9.00E-05,2,208.1854659,0,2908.640667,2
3,audio,Task B ,1,3,1,0,0.00041,1,332.0886507,0,2688.96113,4
3,audio,Task B ,1,3,0,0,0.00019,2,4.645299876,0,3172.475939,3
4,audio,Task B ,1,3,1,0,0.00019,1,302.710763,0,2702.419444,3
4,audio,Task B ,2,4,1,0,0.00041,2,245.0237859,0,1799.198486,4
4,audio,Task B ,1,3,1,0,9.00E-05,1,216.7846915,0,2838.627207,2
4,audio,Task B ,1,3,0,0,9.00E-05,2,61.31582227,0,2787.13516,2
4,audio,Task B ,1,1,0,0,4.00E-05,2,53.68178203,0,2415.037924,1
4,audio,Task B ,1,3,1,0,0.00041,1,208.4528468,0,2617.592361,4
5,audio,Task B ,1,3,1,0,0.00041,1,123.5357643,0,2603.514656,4
5,audio,Task B ,1,1,1,0,4.00E-05,1,76.38808437,0,2580.690685,1
5,audio,Task B ,2,4,1,0,9.00E-05,2,9.886690687,0,3198.331274,2
5,audio,Task B ,1,1,0,0,9.00E-05,2,218.2446316,0,2930.846258,2
5,audio,Task B ,1,3,0,0,0.00019,2,180.8099189,0,2532.395765,3
5,audio,Task B ,1,1,1,0,0.00019,1,138.5772413,0,2665.839396,3
6,audio,Task B ,2,2,1,0,0.00019,2,97.47798297,0,2096.730795,3
6,audio,Task B ,2,3,0,0,0.00041,1,344.3962974,0,2619.395655,4
6,audio,Task B ,2,3,0,0,0.00041,1,227.4750989,0,2899.03407,4
6,audio,Task B ,2,3,1,0,0.00019,2,199.1143598,0,2007.590329,3
6,audio,Task B ,1,3,0,0,4.00E-05,2,275.2696616,0,2919.393882,1
6,audio,Task B ,2,4,0,0,4.00E-05,1,118.9414171,0,2679.207564,1
7,audio,Task B ,1,4,0,0,0.00041,2,167.440259,0,3454.654192,4
7,audio,Task B ,2,1,1,0,4.00E-05,2,52.48683918,0,2592.141072,1
7,audio,Task B ,1,1,0,0,4.00E-05,2,80.84904205,0,2743.86699,1
7,audio,Task B ,1,1,1,0,0.00019,1,109.8399516,0,2688.20125,3
7,audio,Task B ,1,1,1,0,0.00041,1,303.9000435,0,2729.953602,4
7,audio,Task B ,2,1,0,0,0.00041,1,286.1483417,0,2649.359651,4
8,audio,Task B ,2,1,0,0,9.00E-05,1,308.5151526,0,2590.343789,2
8,audio,Task B ,2,3,1,0,0.00019,2,169.0030202,0,3116.550191,3
8,audio,Task B ,2,1,1,0,4.00E-05,2,151.8641486,0,2465.405218,1
8,audio,Task B ,2,1,1,0,9.00E-05,2,25.2770869,0,2934.685869,2
8,audio,Task B ,1,4,1,0,0.00041,1,200.649944,0,2741.592316,4
8,audio,Task B ,1,3,1,0,0.00041,1,57.91455848,0,2723.851646,4
9,audio,Task B ,2,1,0,0,0.00019,1,156.9609831,0,2643.676287,3
9,audio,Task B ,2,1,1,0,4.00E-05,2,165.4041302,0,3489.489066,1
9,audio,Task B ,1,2,1,0,4.00E-05,1,241.0215235,0,2728.721809,1
9,audio,Task B ,1,1,1,0,9.00E-05,1,351.2279506,0,2603.858916,2
9,audio,Task B ,1,1,1,0,0.00019,1,144.4788169,0,2742.093723,3
9,audio,Task B ,1,1,0,0,0.00041,2,222.9342408,0,1606.247088,4
10,audio,Task B ,2,2,1,0,0.00019,2,154.7771337,0,3190.501201,3
10,audio,Task B ,1,1,0,0,9.00E-05,2,109.1639453,0,2379.19193,2
10,audio,Task B ,2,2,1,0,0.00041,2,328.48014,0,2986.600762,4
10,audio,Task B ,1,2,0,0,0.00041,2,12.12966172,0,2692.366814,4
10,audio,Task B ,1,2,0,0,0.00041,2,94.44068357,0,2608.316471,4
10,audio,Task B ,1,1,1,0,9.00E-05,1,40.4550076,0,2753.500244,2
1,audio,Task B ,1,2,1,0,9.00E-05,1,358.3176145,0,2859.060791,2
1,audio,Task B ,2,1,1,0,4.00E-05,2,157.2397124,0,2922.2135,1
1,audio,Task B ,1,2,0,0,0.00019,2,320.9847575,0,2728.402538,3
1,audio,Task B ,2,2,1,0,9.00E-05,2,307.4858461,0,2261.603092,2
1,audio,Task B ,2,2,0,0,0.00019,1,113.9164021,0,2901.860539,3
1,audio,Task B ,2,1,0,0,9.00E-05,1,16.3966348,0,2604.483046,2
2,audio,Task B ,2,2,0,0,0.00041,1,99.88953407,0,2546.039908,4
2,audio,Task B ,2,2,0,0,0.00041,1,153.862582,0,2894.290094,4
2,audio,Task B ,1,2,1,0,4.00E-05,1,256.4059048,0,2854.153751,1
2,audio,Task B ,2,3,0,0,0.00019,1,84.32479075,0,2626.304473,3
2,audio,Task B ,2,1,0,0,0.00041,1,213.1748471,0,2616.164129,4
2,audio,Task B ,2,3,1,0,4.00E-05,2,286.7372055,0,3062.600619,1
3,audio,Task B ,1,1,0,0,4.00E-05,2,241.3428927,0,2798.790791,1
3,audio,Task B ,1,4,0,0,9.00E-05,2,38.23714226,0,2719.311553,2
3,audio,Task B ,1,1,0,0,9.00E-05,2,158.9017481,0,2866.825175,2
3,audio,Task B ,1,3,1,0,0.00041,1,125.3944162,0,2552.74526,4
3,audio,Task B ,1,4,1,0,0.00041,1,172.4836899,0,2657.58999,4
3,audio,Task B ,1,3,1,0,4.00E-05,1,137.3937809,0,2630.151644,1
4,audio,Task B ,1,2,0,0,0.00041,2,28.48613597,0,2571.562772,4
4,audio,Task B ,1,3,1,0,0.00041,1,39.49411946,0,2537.238406,4
4,audio,Task B ,1,3,0,0,0.00041,2,158.1450962,0,2889.445182,4
4,audio,Task B ,1,1,0,0,4.00E-05,2,294.8251414,0,3129.82405,1
4,audio,Task B ,1,1,1,0,4.00E-05,1,103.8547077,0,2690.592773,1
4,audio,Task B ,1,3,1,0,9.00E-05,1,52.91066088,0,2788.306588,2
5,audio,Task B ,1,1,1,0,4.00E-05,1,93.04307079,0,2693.289294,1
5,audio,Task B ,2,1,0,0,0.00019,1,179.6703368,0,2600.485237,3
5,audio,Task B ,1,4,1,0,9.00E-05,1,103.9395394,0,2719.500102,2
5,audio,Task B ,1,4,1,0,4.00E-05,1,149.5172738,0,2878.829705,1
5,audio,Task B ,1,2,1,0,4.00E-05,1,340.666896,0,2816.537315,1
5,audio,Task B ,1,2,1,0,0.00041,1,198.4092882,0,2583.753969,4
6,audio,Task B ,2,3,1,0,9.00E-05,2,278.3977626,0,2504.871762,2
6,audio,Task B ,1,3,1,0,0.00019,1,7.435147701,0,2665.679214,3
6,audio,Task B ,2,3,0,0,0.00041,1,345.3822407,0,2614.156948,4
6,audio,Task B ,2,3,1,0,9.00E-05,2,344.7719291,0,3427.963894,2
6,audio,Task B ,1,3,1,0,0.00019,1,190.6813197,0,2615.272796,3
6,audio,Task B ,2,3,0,0,0.00019,1,90.37465097,0,2624.38695,3
7,audio,Task B ,2,4,1,0,0.00041,2,137.7274669,0,2577.806792,4
7,audio,Task B ,1,1,1,0,4.00E-05,1,12.14754785,0,2745.363932,1
7,audio,Task B ,2,4,1,0,0.00041,2,34.17616382,0,3255.209681,4
7,audio,Task B ,1,4,0,0,0.00041,2,25.83401769,0,2673.890577,4
7,audio,Task B ,1,4,0,0,0.00041,2,348.8152163,0,2752.77502,4
7,audio,Task B ,1,4,0,0,0.00019,2,55.41124477,0,2385.133274,3
8,audio,Task B ,1,1,1,0,9.00E-05,1,210.0829352,0,2687.395906,2
8,audio,Task B ,2,1,0,0,0.00041,1,202.2831491,0,2859.454287,4
8,audio,Task B ,2,1,1,0,0.00019,2,327.4984445,0,2270.160415,3
8,audio,Task B ,1,1,1,0,9.00E-05,1,133.2126898,0,2699.090038,2
8,audio,Task B ,2,2,0,0,0.00041,1,2.403834811,0,2815.80975,4
8,audio,Task B ,1,1,0,0,9.00E-05,2,89.54857259,0,2307.706239,2
9,audio,Task B ,2,4,0,0,0.00019,1,175.8575221,0,2884.884478,3
9,audio,Task B ,1,1,1,0,0.00019,1,22.22042905,0,2631.671137,3
9,audio,Task B ,1,1,1,0,9.00E-05,1,255.7664575,0,2787.604117,2
9,audio,Task B ,1,1,0,0,4.00E-05,2,33.28148131,0,2649.357008,1
9,audio,Task B ,1,4,1,0,0.00041,1,350.2424067,0,2693.119523,4
9,audio,Task B ,1,4,1,0,0.00041,1,340.3018401,0,2825.222418,4
10,audio,Task B ,1,1,0,0,4.00E-05,2,275.3433168,0,2912.813848,1
10,audio,Task B ,2,2,0,0,0.00041,1,337.7039398,0,2405.587569,4
10,audio,Task B ,2,1,0,0,0.00041,1,68.99476523,0,2622.164702,4
10,audio,Task B ,1,1,0,0,4.00E-05,2,113.8622643,0,2561.422432,1
10,audio,Task B ,1,1,0,0,9.00E-05,2,166.3633542,0,2512.808688,2
10,audio,Task B ,1,1,0,0,4.00E-05,2,142.1013825,0,2581.831267,1
1,audio,Task B ,1,3,1,0,0.00019,1,67.03853854,0,2703.922467,3
1,audio,Task B ,2,2,1,0,0.00019,2,201.8639527,0,3317.314248,3
1,audio,Task B ,2,2,0,0,0.00041,1,26.41644682,0,2608.148541,4
1,audio,Task B ,1,2,0,0,0.00041,2,304.2252216,0,2636.830689,4
1,audio,Task B ,2,3,1,0,9.00E-05,2,154.6674393,0,3010.250327,2
1,audio,Task B ,2,4,1,0,0.00019,2,67.70376878,0,2050.11265,3
2,audio,Task B ,2,4,1,0,0.00041,2,71.32988154,0,3198.661526,4
2,audio,Task B ,1,2,1,0,4.00E-05,1,11.47058995,0,2932.317922,1
2,audio,Task B ,1,2,0,0,9.00E-05,2,141.9128068,0,2177.671055,2
2,audio,Task B ,1,2,0,0,9.00E-05,2,17.66150197,0,2582.465648,2
2,audio,Task B ,2,1,0,0,0.00019,1,62.78579644,0,2466.336779,3
2,audio,Task B ,2,4,1,0,4.00E-05,2,352.6959901,0,2667.64653,1
3,audio,Task B ,1,3,0,0,0.00041,2,34.18150602,0,2768.651378,4
3,audio,Task B ,2,4,1,0,4.00E-05,2,166.2041467,0,3263.10204,1
3,audio,Task B ,1,2,0,0,0.00041,2,71.65064952,0,2847.88425,4
3,audio,Task B ,2,4,1,0,4.00E-05,2,349.923209,0,2110.217115,1
3,audio,Task B ,2,1,0,0,0.00019,1,271.2442299,0,2811.599693,3
3,audio,Task B ,1,4,0,0,0.00019,2,196.0484698,0,2610.464504,3
4,audio,Task B ,1,2,0,0,9.00E-05,2,308.5072676,0,2691.536097,2
4,audio,Task B ,1,1,0,0,4.00E-05,2,350.7261834,0,2474.006134,1
4,audio,Task B ,1,3,1,0,0.00041,1,257.2379154,0,2519.556308,4
4,audio,Task B ,1,1,1,0,9.00E-05,1,138.8182246,0,2764.021008,2
4,audio,Task B ,1,3,1,0,0.00019,1,161.7287129,0,2814.131243,3
4,audio,Task B ,1,1,0,0,4.00E-05,2,231.4141817,0,1585.62406,1
5,audio,Task B ,1,3,0,0,0.00019,2,83.59023366,0,2958.769759,3
5,audio,Task B ,1,4,1,0,9.00E-05,1,234.3945084,0,2792.476007,2
5,audio,Task B ,2,4,1,0,0.00041,2,292.6416352,0,3741.811676,4
5,audio,Task B ,1,4,1,0,0.00019,1,182.9193182,0,2695.01054,3
5,audio,Task B ,2,1,0,0,4.00E-05,1,234.8833593,0,2892.492403,1
5,audio,Task B ,1,1,1,0,4.00E-05,1,60.95695888,0,2855.265126,1
6,audio,Task B ,2,3,1,0,0.00041,2,261.0077128,0,3218.176386,4
6,audio,Task B ,2,3,0,0,9.00E-05,1,270.0075735,0,2687.507864,2
6,audio,Task B ,2,3,0,0,0.00019,1,185.5111487,0,2644.139864,3
6,audio,Task B ,2,3,1,0,4.00E-05,2,136.6393647,0,2949.257312,1
6,audio,Task B ,2,1,0,0,9.00E-05,1,173.595731,0,2653.921721,2
6,audio,Task B ,2,3,1,0,0.00041,2,6.642342718,0,2800.358668,4
7,audio,Task B ,2,4,1,0,0.00019,2,123.6446603,0,2580.755031,3
7,audio,Task B ,1,4,0,0,0.00019,2,240.2844395,0,1948.267424,3
7,audio,Task B ,1,1,0,0,9.00E-05,2,167.3979476,0,2390.738527,2
7,audio,Task B ,1,1,0,0,9.00E-05,2,204.9446846,0,2453.46015,2
7,audio,Task B ,1,1,1,0,4.00E-05,1,170.9748105,0,2790.255397,1
7,audio,Task B ,1,4,0,0,9.00E-05,2,303.1042396,0,3166.478953,2
8,audio,Task B ,1,1,0,0,0.00041,2,196.6500479,0,2119.817318,4
8,audio,Task B ,1,2,0,0,9.00E-05,2,123.1092198,0,2509.598816,2
8,audio,Task B ,2,1,0,0,9.00E-05,1,298.6450349,0,2943.220778,2
8,audio,Task B ,1,1,1,0,4.00E-05,1,128.0886132,0,2830.131275,1
8,audio,Task B ,1,1,1,0,4.00E-05,1,168.0885084,0,2755.508522,1
8,audio,Task B ,1,1,1,0,0.00019,1,135.320964,0,2734.102738,3
9,audio,Task B ,1,4,0,0,0.00041,2,14.23178536,0,2675.683719,4
9,audio,Task B ,2,1,0,0,9.00E-05,1,290.1169551,0,2734.139121,2
9,audio,Task B ,1,1,1,0,4.00E-05,1,305.2542656,0,2865.271449,1
9,audio,Task B ,2,4,0,0,0.00041,1,281.6496244,0,2772.478444,4
9,audio,Task B ,1,1,1,0,0.00041,1,33.32941613,0,2741.666481,4
9,audio,Task B ,1,3,1,0,0.00019,1,338.3545723,0,2571.660412,3
10,audio,Task B ,2,1,0,0,0.00041,1,81.46091857,0,2571.835987,4
10,audio,Task B ,2,2,0,0,0.00019,1,343.9705339,0,2819.300992,3
10,audio,Task B ,1,1,1,0,9.00E-05,1,105.0157253,0,2941.948547,2
10,audio,Task B ,1,1,0,0,4.00E-05,2,97.94853072,0,2369.55147,1
10,audio,Task B ,1,2,1,0,0.00019,1,162.055481,0,2682.501461,3
10,audio,Task B ,1,1,0,0,9.00E-05,2,158.6259952,0,2395.566245,2
1,audio,Task B ,1,2,1,0,4.00E-05,1,75.22222167,0,2976.131136,1
1,audio,Task B ,1,1,0,0,4.00E-05,2,339.8495924,0,2718.987484,1
1,audio,Task B ,1,1,1,0,4.00E-05,1,242.779454,0,2711.483553,1
1,audio,Task B ,1,2,1,0,0.00019,1,48.87520248,0,2686.087785,3
1,audio,Task B ,2,3,0,0,0.00041,1,196.0423597,0,2453.778696,4
1,audio,Task B ,2,2,0,0,4.00E-05,1,192.0070016,0,2842.875402,1
2,audio,Task B ,1,2,1,0,9.00E-05,1,228.5203155,0,2921.61896,2
2,audio,Task B ,2,2,0,0,0.00019,1,209.6411455,0,2788.645129,3
2,audio,Task B ,2,1,0,0,4.00E-05,1,241.2692297,0,2579.220085,1
2,audio,Task B ,1,2,1,0,0.00041,1,140.2410236,0,2639.168062,4
2,audio,Task B ,2,2,1,0,4.00E-05,2,307.0506908,0,3436.93065,1
2,audio,Task B ,2,4,1,0,0.00041,2,88.86415958,0,1919.87535,4
3,audio,Task B ,2,3,1,0,9.00E-05,2,196.5158597,0,3106.995639,2
3,audio,Task B ,1,2,1,0,0.00041,1,289.9253209,0,2644.161892,4
3,audio,Task B ,1,2,1,0,9.00E-05,1,223.0555254,0,2797.468834,2
3,audio,Task B ,1,1,0,0,0.00041,2,61.67182582,0,2094.86932,4
3,audio,Task B ,2,1,1,0,0.00041,2,244.7544326,0,3121.27712,4
3,audio,Task B ,2,2,0,0,4.00E-05,1,43.54554725,0,2705.211632,1
4,audio,Task B ,1,3,1,0,0.00041,1,245.6143457,0,2679.139448,4
4,audio,Task B ,1,3,1,0,9.00E-05,1,333.7966335,0,2694.776479,2
4,audio,Task B ,2,3,1,0,0.00019,2,203.469345,0,2335.805619,3
4,audio,Task B ,2,4,1,0,0.00019,2,283.0769137,0,3507.510671,3
4,audio,Task B ,1,3,1,0,0.00041,1,253.3052229,0,2773.715886,4
4,audio,Task B ,1,3,1,0,9.00E-05,1,224.5738073,0,2849.23278,2
5,audio,Task B ,2,3,0,0,0.00019,1,275.1519158,0,2538.892965,3
5,audio,Task B ,1,4,1,0,0.00019,1,304.9581713,0,2761.411176,3
5,audio,Task B ,1,3,1,0,4.00E-05,1,19.62499048,0,2726.581581,1
5,audio,Task B ,1,3,1,0,0.00019,1,94.15055189,0,2808.518874,3
5,audio,Task B ,2,1,1,0,4.00E-05,2,22.62080516,0,2074.190567,1
5,audio,Task B ,2,3,0,0,4.00E-05,1,195.7366154,0,2866.303205,1
6,audio,Task B ,2,3,1,0,0.00041,2,256.9918781,0,3299.414644,4
6,audio,Task B ,1,3,0,0,4.00E-05,2,182.3240353,0,2423.491675,1
6,audio,Task B ,1,2,0,0,0.00019,2,174.2933727,0,2819.949364,3
6,audio,Task B ,1,2,1,0,0.00041,1,21.90920874,0,2785.639733,4
6,audio,Task B ,1,2,1,0,0.00041,1,75.74561982,0,2780.116078,4
6,audio,Task B ,1,2,1,0,9.00E-05,1,310.3292129,0,2547.144889,2
7,audio,Task B ,1,1,1,0,9.00E-05,1,274.4901691,0,2910.492127,2
7,audio,Task B ,2,1,1,0,4.00E-05,2,215.7712447,0,2052.65534,1
7,audio,Task B ,1,4,0,0,0.00019,2,167.9074512,0,2966.472993,3
7,audio,Task B ,1,4,1,0,0.00041,1,153.8490575,0,2493.684755,4
7,audio,Task B ,1,4,0,0,0.00019,2,222.1992076,0,3573.490509,3
7,audio,Task B ,1,1,0,0,0.00019,2,341.7236387,0,2677.793075,3
8,audio,Task B ,2,1,0,0,9.00E-05,1,133.4986802,0,2703.469574,2
8,audio,Task B ,1,4,1,0,0.00041,1,344.5591978,0,2651.945309,4
8,audio,Task B ,2,1,0,0,4.00E-05,1,177.7597318,0,2981.562908,1
8,audio,Task B ,1,1,0,0,4.00E-05,2,302.3892568,0,2484.491514,1
8,audio,Task B ,2,1,0,0,4.00E-05,1,177.3374764,0,2242.652365,1
8,audio,Task B ,2,1,1,0,0.00019,2,128.8004166,0,3826.721444,3
9,audio,Task B ,1,4,1,0,0.00041,1,26.24220033,0,2487.117147,4
9,audio,Task B ,1,1,1,0,4.00E-05,1,132.210953,0,2803.028658,1
9,audio,Task B ,1,1,0,0,0.00041,2,77.66489575,0,1540.851912,4
9,audio,Task B ,1,1,1,0,0.00019,1,308.8000447,0,2747.853757,3
9,audio,Task B ,2,1,0,0,9.00E-05,1,341.2055556,0,2707.750069,2
9,audio,Task B ,2,2,0,0,0.00041,1,5.959116709,0,2784.707265,4
10,audio,Task B ,1,1,0,0,4.00E-05,2,125.8714305,0,3886.405696,1
10,audio,Task B ,2,1,1,0,9.00E-05,2,337.7747528,0,2796.066861,2
10,audio,Task B ,1,1,0,0,9.00E-05,2,236.2108724,0,2929.743322,2
10,audio,Task B ,1,2,0,0,0.00019,2,106.1057303,0,2708.84565,3
10,audio,Task B ,2,1,0,0,9.00E-05,1,229.0007853,0,2903.156957,2
10,audio,Task B ,1,1,0,0,4.00E-05,2,78.81571543,0,3155.147439,1
1,audio,Task B ,2,1,0,0,0.00041,1,208.6859181,0,2730.147872,4
1,audio,Task B ,1,3,1,0,0.00041,1,215.0660578,0,2718.975653,4
1,audio,Task B ,1,2,1,0,9.00E-05,1,235.8514341,0,2710.962384,2
1,audio,Task B ,1,3,1,0,9.00E-05,1,277.8467082,0,2791.232704,2
1,audio,Task B ,2,2,1,0,0.00041,2,67.78758531,0,2343.914544,4
1,audio,Task B ,1,2,1,0,9.00E-05,1,313.5695762,0,2823.602326,2
2,audio,Task B ,1,3,1,0,0.00019,1,232.1187599,0,2737.286972,3
2,audio,Task B ,1,2,1,0,0.00019,1,279.203541,0,2631.992204,3
2,audio,Task B ,1,3,1,0,0.00019,1,110.4076791,0,2779.060902,3
2,audio,Task B ,2,4,1,0,9.00E-05,2,140.5195004,0,3205.151617,2
2,audio,Task B ,1,2,1,0,0.00019,1,211.3689229,0,2656.049866,3
2,audio,Task B ,1,2,1,0,4.00E-05,1,335.3559568,0,2554.070573,1
3,audio,Task B ,1,2,1,0,9.00E-05,1,110.4728723,0,2660.927547,2
3,audio,Task B ,1,1,0,0,0.00041,2,204.599509,0,2838.557864,4
3,audio,Task B ,2,2,1,0,9.00E-05,2,206.4306215,0,3045.068965,2
3,audio,Task B ,1,1,0,0,9.00E-05,2,204.4329024,0,2482.544987,2
3,audio,Task B ,1,4,1,0,0.00019,1,63.73053585,0,2724.460983,3
3,audio,Task B ,1,1,0,0,4.00E-05,2,138.3149673,0,2603.045515,1
4,audio,Task B ,1,2,0,0,0.00019,2,345.5927138,0,2635.559706,3
4,audio,Task B ,1,1,1,0,9.00E-05,1,209.6260524,0,2537.019101,2
4,audio,Task B ,1,1,0,0,9.00E-05,2,17.75674006,0,2561.569223,2
4,audio,Task B ,1,3,0,0,0.00019,2,36.96411049,0,2048.754441,3
4,audio,Task B ,1,3,1,0,0.00041,1,13.21172301,0,2746.28629,4
4,audio,Task B ,1,3,0,0,0.00019,2,108.3707436,0,2887.508037,3
5,audio,Task B ,2,4,1,0,0.00019,2,356.2453036,0,3540.820065,3
5,audio,Task B ,2,3,1,0,0.00041,2,301.9525524,0,2806.946649,4
5,audio,Task B ,2,3,1,0,4.00E-05,2,19.51676263,0,3479.378143,1
5,audio,Task B ,1,2,0,0,9.00E-05,2,324.5272819,0,2867.29428,2
5,audio,Task B ,1,3,1,0,0.00041,1,28.82329746,0,2594.372633,4
5,audio,Task B ,1,1,1,0,9.00E-05,1,31.41842833,0,2672.745259,2
6,audio,Task B ,1,3,1,0,0.00019,1,356.0510967,0,2712.580055,3
6,audio,Task B ,1,3,0,0,4.00E-05,2,86.49768262,0,2053.785891,1
6,audio,Task B ,1,3,0,0,0.00041,2,350.0615136,0,2412.629881,4
6,audio,Task B ,1,3,1,0,9.00E-05,1,180.7532647,0,2653.204852,2
6,audio,Task B ,2,2,0,0,9.00E-05,1,319.1695695,0,2744.661277,2
6,audio,Task B ,1,2,1,0,0.00019,1,95.4446851,0,2678.635294,3
7,audio,Task B ,1,1,0,0,4.00E-05,2,56.22562672,0,3306.23869,1
7,audio,Task B ,1,1,0,0,9.00E-05,2,343.6048732,0,2309.080609,2
7,audio,Task B ,2,3,1,0,0.00019,2,33.12848639,0,2500.383886,3
7,audio,Task B ,1,4,0,0,9.00E-05,2,271.5360771,0,2851.03617,2
7,audio,Task B ,1,1,1,0,4.00E-05,1,316.2779129,0,2729.484895,1
7,audio,Task B ,1,4,1,0,0.00019,1,144.2439439,0,2666.897608,3
8,audio,Task B ,1,1,1,0,9.00E-05,1,266.6392644,0,2728.766258,2
8,audio,Task B ,2,1,1,0,9.00E-05,2,271.1806355,0,3015.532304,2
8,audio,Task B ,2,1,1,0,4.00E-05,2,224.8911111,0,3381.885776,1
8,audio,Task B ,2,2,0,0,0.00041,1,243.6023716,0,2781.417035,4
8,audio,Task B ,1,1,1,0,4.00E-05,1,63.50458929,0,2556.547813,1
8,audio,Task B ,2,4,1,0,0.00041,2,242.3038299,0,3826.437437,4
9,audio,Task B ,1,1,0,0,4.00E-05,2,48.9823201,0,2139.47465,1
9,audio,Task B ,2,1,1,0,0.00019,2,39.10740739,0,3509.364277,3
9,audio,Task B ,1,1,1,0,0.00019,1,333.5974259,0,2494.937169,3
9,audio,Task B ,1,4,1,0,0.00041,1,275.3119499,0,2732.728782,4
9,audio,Task B ,2,4,1,0,0.00041,2,172.9538009,0,2804.972735,4
9,audio,Task B ,1,1,1,0,9.00E-05,1,238.8647447,0,2717.903445,2
10,audio,Task B ,1,1,1,0,0.00019,1,313.8565793,0,2584.782649,3
10,audio,Task B ,2,2,1,0,0.00041,2,2.651671976,0,3766.111369,4
10,audio,Task B ,1,1,1,0,4.00E-05,1,288.7854805,0,2665.941339,1
10,audio,Task B ,2,1,1,0,9.00E-05,2,78.86096853,0,3104.460377,2
10,audio,Task B ,1,1,0,0,0.00041,2,344.1949571,0,2208.940029,4
10,audio,Task B ,1,1,1,0,0.00041,1,166.1040986,0,2655.091159,4
1,audio,Task B ,2,4,1,0,0.00019,2,219.8356436,0,2401.05988,3
1,audio,Task B ,2,1,1,0,4.00E-05,2,266.4829945,0,1239.973311,1
1,audio,Task B ,1,3,1,0,0.00041,1,340.3306849,0,2714.237589,4
1,audio,Task B ,1,2,1,0,0.00019,1,129.9137248,0,2609.044474,3
1,audio,Task B ,2,3,1,0,9.00E-05,2,215.1008244,0,3021.717836,2
1,audio,Task B ,2,3,1,0,0.00019,2,238.5085573,0,3074.795226,3
2,audio,Task B ,2,2,0,0,4.00E-05,1,138.8625659,0,2716.126099,1
2,audio,Task B ,2,2,1,0,0.00041,2,176.8692373,0,3388.16924,4
2,audio,Task B ,2,3,1,0,0.00041,2,176.8506579,0,2231.472971,4
2,audio,Task B ,2,4,0,0,0.00041,1,234.8949038,0,2761.944096,4
2,audio,Task B ,1,2,0,0,9.00E-05,2,334.2082538,0,2348.72711,2
2,audio,Task B ,2,4,1,0,0.00041,2,333.4908999,0,3303.716276,4
3,audio,Task B ,2,4,1,0,0.00041,2,289.9728528,0,3310.443676,4
3,audio,Task B ,2,3,1,0,9.00E-05,2,59.5068018,0,2963.967455,2
3,audio,Task B ,1,2,1,0,0.00041,1,38.41183197,0,2590.761209,4
3,audio,Task B ,1,2,1,0,0.00041,1,25.58892698,0,2754.602894,4
3,audio,Task B ,2,1,1,0,0.00019,2,285.3426446,0,2841.941507,3
3,audio,Task B ,2,4,1,0,9.00E-05,2,213.6212891,0,2987.814409,2
4,audio,Task B ,1,4,0,0,0.00041,2,286.9828078,0,3090.052623,4
4,audio,Task B ,1,2,1,0,0.00019,1,225.9281556,0,2787.809202,3
4,audio,Task B ,1,3,1,0,0.00019,1,245.8960671,0,2875.521274,3
4,audio,Task B ,2,3,1,0,0.00019,2,111.3369998,0,3205.304621,3
4,audio,Task B ,1,3,0,0,0.00041,2,131.2169467,0,3101.202806,4
4,audio,Task B ,1,1,0,0,4.00E-05,2,124.8206002,0,2211.0169,1
5,audio,Task B ,1,3,1,0,0.00019,1,216.489259,0,2751.298003,3
5,audio,Task B ,1,4,0,0,0.00041,2,6.176197113,0,2734.526138,4
5,audio,Task B ,1,1,0,0,4.00E-05,2,103.7623688,0,2958.046263,1
5,audio,Task B ,1,3,1,0,0.00041,1,141.9005349,0,2619.431205,4
5,audio,Task B ,2,3,1,0,0.00041,2,236.882972,0,2989.416645,4
5,audio,Task B ,1,3,0,0,0.00041,2,47.72177744,0,2608.063871,4
6,audio,Task B ,1,3,1,0,9.00E-05,1,67.64822153,0,2875.545368,2
6,audio,Task B ,1,3,1,0,9.00E-05,1,283.5151035,0,2931.23618,2
6,audio,Task B ,2,3,0,0,4.00E-05,1,256.8344376,0,2799.419078,1
6,audio,Task B ,2,1,0,0,0.00041,1,119.0997959,0,2547.503553,4
6,audio,Task B ,1,2,0,0,9.00E-05,2,161.1083694,0,2104.099683,2
6,audio,Task B ,1,2,1,0,0.00041,1,257.5671061,0,2765.844,4
7,audio,Task B ,2,4,0,0,9.00E-05,1,60.12071463,0,2920.729678,2
7,audio,Task B ,1,4,1,0,0.00019,1,193.7946179,0,2816.711605,3
7,audio,Task B ,2,4,1,0,0.00041,2,50.25886779,0,3041.268683,4
7,audio,Task B ,1,1,1,0,9.00E-05,1,298.2230551,0,2713.657381,2
7,audio,Task B ,1,1,0,0,0.00019,2,31.53304099,0,2534.780766,3
7,audio,Task B ,1,4,0,0,0.00041,2,51.42217273,0,2344.577457,4
8,audio,Task B ,2,1,0,0,0.00019,1,175.9501415,0,2489.115532,3
8,audio,Task B ,1,2,1,0,0.00019,1,126.6260845,0,2737.26547,3
8,audio,Task B ,2,1,0,0,0.00019,1,8.794809168,0,2761.653198,3
8,audio,Task B ,1,1,0,0,9.00E-05,2,177.9274603,0,2642.893421,2
8,audio,Task B ,2,4,1,0,0.00019,2,298.518547,0,3474.794792,3
8,audio,Task B ,1,4,1,0,0.00019,1,115.7627337,0,2823.835281,3
9,audio,Task B ,2,1,0,0,4.00E-05,1,298.8329024,0,2740.904925,1
9,audio,Task B ,1,1,1,0,9.00E-05,1,297.9413749,0,2339.430085,2
9,audio,Task B ,2,1,0,0,4.00E-05,1,167.4108928,0,2457.038831,1
9,audio,Task B ,2,4,1,0,0.00041,2,112.6456875,0,2926.028887,4
9,audio,Task B ,2,1,1,0,4.00E-05,2,0.143817319,0,2343.345193,1
9,audio,Task B ,1,4,1,0,0.00019,1,32.58727386,0,2857.074035,3
10,audio,Task B ,1,1,0,0,4.00E-05,2,268.0878115,0,2921.580523,1
10,audio,Task B ,2,2,0,0,9.00E-05,1,264.297056,0,2756.274534,2
10,audio,Task B ,1,2,1,0,0.00041,1,18.48298152,0,2878.613723,4
10,audio,Task B ,1,1,1,0,9.00E-05,1,241.9317119,0,2518.586389,2
10,audio,Task B ,2,2,1,0,0.00041,2,250.6664767,0,2983.824076,4
10,audio,Task B ,1,1,0,0,0.00041,2,359.6046569,0,2873.669791,4
1,audio,Task B ,2,4,1,0,9.00E-05,2,28.4874685,0,3296.219649,2
1,audio,Task B ,1,1,0,0,4.00E-05,2,234.9811588,0,2903.890356,1
1,audio,Task B ,1,3,1,0,0.00019,1,261.8062152,0,2954.654424,3
1,audio,Task B ,1,2,1,0,4.00E-05,1,92.73633927,0,2875.167247,1
1,audio,Task B ,1,2,0,0,9.00E-05,2,257.0698878,0,2796.650409,2
1,audio,Task B ,2,2,1,0,9.00E-05,2,13.34260056,0,3016.437913,2
2,audio,Task B ,2,1,0,0,4.00E-05,1,210.710316,0,2774.2654,1
2,audio,Task B ,1,2,0,0,0.00041,2,114.3288326,0,2873.703287,4
2,audio,Task B ,2,1,1,0,0.00019,2,133.1750846,0,2298.313119,3
2,audio,Task B ,2,1,0,0,9.00E-05,1,188.3787958,0,2643.195989,2
2,audio,Task B ,1,1,1,0,0.00041,1,20.15005084,0,2814.830553,4
2,audio,Task B ,1,2,1,0,0.00041,1,132.2857917,0,2707.375783,4
3,audio,Task B ,2,4,1,0,0.00019,2,185.9061462,0,3313.289643,3
3,audio,Task B ,1,3,1,0,4.00E-05,1,211.168665,0,2750.984748,1
3,audio,Task B ,1,4,1,0,0.00019,1,303.3396761,0,2729.676904,3
3,audio,Task B ,1,1,0,0,4.00E-05,2,103.4797599,0,2484.118851,1
3,audio,Task B ,2,4,1,0,0.00019,2,150.2562955,0,3460.782358,3
3,audio,Task B ,2,4,1,0,0.00041,2,329.768074,0,2269.272297,4
4,audio,Task B ,1,1,1,0,9.00E-05,1,272.0715397,0,2961.059713,2
4,audio,Task B ,1,3,1,0,0.00041,1,200.898248,0,2859.440698,4
4,audio,Task B ,1,3,1,0,9.00E-05,1,208.7824884,0,2666.341036,2
4,audio,Task B ,1,1,1,0,4.00E-05,1,146.8412874,0,2784.958266,1
4,audio,Task B ,1,3,0,0,0.00019,2,119.9156758,0,2569.625023,3
4,audio,Task B ,2,3,1,0,0.00041,2,153.452212,0,2381.251971,4
5,audio,Task B ,1,1,1,0,4.00E-05,1,316.711689,0,2486.612738,1
5,audio,Task B ,1,4,1,0,0.00019,1,350.4586498,0,2698.895416,3
5,audio,Task B ,2,4,0,0,0.00041,1,198.0162782,0,2966.307222,4
5,audio,Task B ,1,3,1,0,0.00041,1,15.69762637,0,2561.072355,4
5,audio,Task B ,1,4,1,0,0.00019,1,42.37821597,0,2742.610458,3
5,audio,Task B ,2,3,1,0,0.00019,2,10.30075329,0,3028.505916,3
6,audio,Task B ,1,3,0,0,4.00E-05,2,120.9196045,0,3105.602432,1
6,audio,Task B ,2,3,1,0,0.00019,2,180.7921627,0,1944.20703,3
6,audio,Task B ,2,2,0,0,9.00E-05,1,240.6246002,0,2706.597936,2
6,audio,Task B ,1,3,0,0,0.00041,2,81.85827276,0,2839.132244,4
6,audio,Task B ,2,1,1,0,4.00E-05,2,138.5612555,0,3501.710417,1
6,audio,Task B ,1,3,1,0,0.00019,1,57.50511979,0,2702.234299,3
7,audio,Task B ,1,1,1,0,4.00E-05,1,56.50606823,0,2644.162077,1
7,audio,Task B ,1,4,1,0,0.00041,1,211.425303,0,2811.723784,4
7,audio,Task B ,1,4,1,0,0.00041,1,66.27630855,0,2600.015553,4
7,audio,Task B ,1,1,1,0,4.00E-05,1,342.4347161,0,2710.527315,1
7,audio,Task B ,1,4,1,0,0.00041,1,118.7258625,0,2882.431245,4
7,audio,Task B ,2,4,1,0,0.00041,2,242.5104863,0,3125.014238,4
8,audio,Task B ,1,1,1,0,9.00E-05,1,115.4269724,0,2650.215947,2
8,audio,Task B ,1,2,0,0,4.00E-05,2,287.617338,0,2956.84699,1
8,audio,Task B ,2,1,1,0,9.00E-05,2,157.4880244,0,2268.638528,2
8,audio,Task B ,1,4,1,0,0.00041,1,225.4967105,0,2519.956821,4
8,audio,Task B ,1,1,0,0,9.00E-05,2,121.9458043,0,2687.33672,2
8,audio,Task B ,1,1,1,0,4.00E-05,1,212.0767091,0,2622.255787,1
9,audio,Task B ,2,3,1,0,9.00E-05,2,36.0044705,0,2946.642307,2
9,audio,Task B ,1,4,1,0,0.00041,1,68.82961594,0,2811.055984,4
9,audio,Task B ,2,1,0,0,0.00019,1,175.3381009,0,2797.392559,3
9,audio,Task B ,2,1,0,0,4.00E-05,1,62.8582499,0,2685.115736,1
9,audio,Task B ,1,1,0,0,9.00E-05,2,301.4072852,0,2420.122346,2
9,audio,Task B ,1,4,1,0,0.00019,1,309.2594959,0,2796.314599,3
10,audio,Task B ,2,2,0,0,9.00E-05,1,341.2960639,0,2503.376225,2
10,audio,Task B ,2,2,1,0,0.00041,2,289.8256074,0,2087.853806,4
10,audio,Task B ,2,2,1,0,0.00019,2,219.0082389,0,2166.836711,3
10,audio,Task B ,1,1,1,0,9.00E-05,1,155.7289416,0,2738.806069,2
10,audio,Task B ,2,1,1,0,9.00E-05,2,18.3937039,0,2587.568462,2
10,audio,Task B ,2,2,1,0,0.00041,2,154.7669919,0,3042.725435,4
1,audio,Task B ,2,4,0,0,0.00019,1,322.8689353,0,2545.498491,3
1,audio,Task B ,1,2,1,0,0.00041,1,217.2860746,0,2726.922381,4
1,audio,Task B ,1,2,1,0,9.00E-05,1,248.7549087,0,2683.510179,2
1,audio,Task B ,2,2,1,0,0.00019,2,78.30772467,0,2411.768917,3
1,audio,Task B ,2,2,0,0,0.00041,1,199.5178811,0,2455.945311,4
1,audio,Task B ,1,2,0,0,0.00041,2,96.28422221,0,2698.825753,4
2,audio,Task B ,2,1,1,0,9.00E-05,2,217.0509635,0,2626.127904,2
2,audio,Task B ,2,1,1,0,4.00E-05,2,161.8337057,0,3154.430951,1
2,audio,Task B ,2,3,1,0,0.00041,2,59.74492627,0,2303.065495,4
2,audio,Task B ,1,2,1,0,0.00041,1,312.2612846,0,2746.831727,4
2,audio,Task B ,1,2,0,0,0.00019,2,177.9557626,0,2885.300141,3
2,audio,Task B ,1,2,1,0,4.00E-05,1,305.2422451,0,2515.510632,1
3,audio,Task B ,2,4,1,0,0.00041,2,81.29532422,0,1909.916281,4
3,audio,Task B ,1,3,1,0,0.00041,1,24.53917898,0,2652.467682,4
3,audio,Task B ,1,1,1,0,4.00E-05,1,274.3844193,0,2540.510612,1
3,audio,Task B ,1,2,1,0,0.00041,1,134.8154323,0,2761.5565,4
3,audio,Task B ,2,2,1,0,9.00E-05,2,299.8718511,0,2564.512944,2
3,audio,Task B ,1,1,1,0,4.00E-05,1,270.4375454,0,2763.33257,1
4,audio,Task B ,2,1,1,0,4.00E-05,2,193.182949,0,3135.569977,1
4,audio,Task B ,1,3,1,0,4.00E-05,1,69.63340561,0,2795.009004,1
4,audio,Task B ,1,1,0,0,4.00E-05,2,218.6193615,0,1778.050621,1
4,audio,Task B ,1,3,1,0,0.00019,1,260.6581831,0,2627.07592,3
4,audio,Task B ,2,4,1,0,9.00E-05,2,283.1137598,0,1848.584963,2
4,audio,Task B ,1,3,0,0,9.00E-05,2,106.51684,0,2414.792735,2
5,audio,Task B ,2,1,0,0,9.00E-05,1,275.1985151,0,2583.532909,2
5,audio,Task B ,1,1,0,0,4.00E-05,2,137.6509213,0,1412.201136,1
5,audio,Task B ,1,1,1,0,4.00E-05,1,228.087326,0,2534.904514,1
5,audio,Task B ,2,4,1,0,0.00041,2,49.03185701,0,3327.727325,4
5,audio,Task B ,1,1,1,0,9.00E-05,1,73.0983098,0,2615.090465,2
5,audio,Task B ,1,3,0,0,9.00E-05,2,297.5384292,0,2689.429476,2
6,audio,Task B ,1,3,0,0,4.00E-05,2,286.0367075,0,2412.343567,1
6,audio,Task B ,1,3,1,0,0.00041,1,102.2469488,0,2726.826131,4
6,audio,Task B ,2,3,1,0,0.00019,2,217.7966503,0,1891.598867,3
6,audio,Task B ,1,3,1,0,0.00041,1,154.1807687,0,2451.4606,4
6,audio,Task B ,2,3,0,0,4.00E-05,1,256.1252793,0,2894.073622,1
6,audio,Task B ,2,3,1,0,9.00E-05,2,109.4957669,0,2423.991482,2
7,audio,Task B ,1,1,1,0,4.00E-05,1,22.69718052,0,2558.032654,1
7,audio,Task B ,1,4,1,0,0.00041,1,156.5363992,0,2674.770302,4
7,audio,Task B ,1,1,1,0,4.00E-05,1,342.7944672,0,2661.16603,1
7,audio,Task B ,1,1,1,0,4.00E-05,1,68.702033,0,2831.547255,1
7,audio,Task B ,1,1,1,0,4.00E-05,1,323.9356136,0,2753.715793,1
7,audio,Task B ,1,1,1,0,4.00E-05,1,121.5316668,0,2753.343276,1
8,audio,Task B ,2,2,0,0,0.00041,1,345.2732712,0,2645.45797,4
8,audio,Task B ,2,1,0,0,9.00E-05,1,61.29110141,0,2625.109242,2
8,audio,Task B ,2,3,0,0,0.00019,1,162.5718553,0,2930.593699,3
8,audio,Task B ,2,2,0,0,9.00E-05,1,350.3779444,0,2633.166523,2
8,audio,Task B ,2,1,0,0,0.00019,1,192.8721007,0,2663.657778,3
8,audio,Task B ,2,1,0,0,9.00E-05,1,90.25814977,0,2506.007526,2
9,audio,Task B ,2,1,0,0,9.00E-05,1,173.9100887,0,2771.36843,2
9,audio,Task B ,1,4,0,0,9.00E-05,2,317.9634788,0,2985.168836,2
9,audio,Task B ,2,1,1,0,4.00E-05,2,49.22029636,0,2129.433374,1
9,audio,Task B ,2,4,1,0,0.00019,2,157.1186087,0,3618.776048,3
9,audio,Task B ,1,1,1,0,9.00E-05,1,115.0133705,0,2552.132601,2
9,audio,Task B ,1,4,1,0,0.00041,1,197.4447851,0,2697.984432,4
10,audio,Task B ,1,2,1,0,4.00E-05,1,315.6960226,0,2779.64545,1
10,audio,Task B ,2,2,1,0,0.00041,2,317.4922372,0,2372.606395,4
10,audio,Task B ,2,2,1,0,0.00041,2,221.7046541,0,3437.289191,4
10,audio,Task B ,2,1,0,0,4.00E-05,1,141.2868022,0,2619.664164,1
10,audio,Task B ,1,1,0,0,4.00E-05,2,86.50921933,0,2507.630305,1
10,audio,Task B ,1,1,0,0,4.00E-05,2,162.126644,0,3122.460664,1
1,audio,Task B ,1,3,1,0,9.00E-05,1,30.34288984,0,2756.730147,2
1,audio,Task B ,2,4,1,0,0.00019,2,147.6072708,0,2520.235468,3
1,audio,Task B ,2,1,1,0,4.00E-05,2,229.0317477,0,3291.117562,1
1,audio,Task B ,2,1,1,0,0.00041,2,64.92140364,0,2908.993557,4
1,audio,Task B ,2,2,1,0,4.00E-05,2,201.6284937,0,1920.803309,1
1,audio,Task B ,2,2,0,0,0.00041,1,281.5914907,0,3038.897785,4
2,audio,Task B ,1,2,0,0,0.00019,2,154.6473764,0,2619.248434,3
2,audio,Task B ,2,3,1,0,9.00E-05,2,272.9502017,0,2724.616961,2
2,audio,Task B ,2,4,0,0,0.00041,1,311.7084535,0,2449.304439,4
2,audio,Task B ,1,2,1,0,4.00E-05,1,19.76224186,0,2585.232842,1
2,audio,Task B ,2,1,0,0,0.00019,1,258.7004188,0,2965.445294,3
2,audio,Task B ,2,4,1,0,9.00E-05,2,65.30145936,0,3051.784991,2
3,audio,Task B ,1,1,1,0,9.00E-05,1,83.95890701,0,2580.418478,2
3,audio,Task B ,2,4,1,0,0.00019,2,97.04597854,0,3979.161741,3
3,audio,Task B ,2,1,1,0,9.00E-05,2,334.8648396,0,955.3754004,2
3,audio,Task B ,2,4,1,0,0.00041,2,154.0962681,0,2458.44331,4
3,audio,Task B ,1,3,1,0,9.00E-05,1,348.1125847,0,2584.454224,2
3,audio,Task B ,2,1,1,0,0.00041,2,99.29355023,0,3047.852756,4
4,audio,Task B ,1,3,0,0,0.00041,2,280.4401555,0,2856.21086,4
4,audio,Task B ,1,2,0,0,0.00019,2,276.1817727,0,2557.589199,3
4,audio,Task B ,1,1,0,0,4.00E-05,2,267.8487782,0,2128.831124,1
4,audio,Task B ,1,1,0,0,9.00E-05,2,201.8689354,0,2893.318924,2
4,audio,Task B ,1,1,1,0,4.00E-05,1,165.6603477,0,2450.872956,1
4,audio,Task B ,1,3,1,0,0.00019,1,290.7471615,0,2734.843496,3
5,audio,Task B ,2,3,1,0,0.00019,2,85.57930152,0,2401.237964,3
5,audio,Task B ,1,3,1,0,0.00019,1,47.88660965,0,2540.469781,3
5,audio,Task B ,1,4,1,0,0.00019,1,315.6060725,0,2745.238078,3
5,audio,Task B ,1,3,0,0,9.00E-05,2,292.0527379,0,2336.743675,2
5,audio,Task B ,1,1,1,0,4.00E-05,1,33.3551106,0,2637.764901,1
5,audio,Task B ,2,4,1,0,0.00019,2,161.1691499,0,2355.778788,3
6,audio,Task B ,2,3,1,0,9.00E-05,2,191.3901925,0,2214.094381,2
6,audio,Task B ,1,3,0,0,9.00E-05,2,157.0583614,0,2097.058572,2
6,audio,Task B ,2,3,1,0,9.00E-05,2,79.73313194,0,2807.829415,2
6,audio,Task B ,1,2,0,0,4.00E-05,2,23.2562225,0,2591.955154,1
6,audio,Task B ,2,2,1,0,4.00E-05,2,31.96512114,0,1732.732264,1
6,audio,Task B ,1,3,0,0,0.00019,2,154.5491337,0,2895.154536,3
7,audio,Task B ,1,1,0,0,9.00E-05,2,192.9828947,0,1588.583477,2
7,audio,Task B ,1,1,1,0,9.00E-05,1,111.7775898,0,2717.795375,2
7,audio,Task B ,2,3,0,0,0.00019,1,227.5141765,0,2614.293228,3
7,audio,Task B ,1,4,1,0,0.00041,1,278.9956855,0,2727.154964,4
7,audio,Task B ,1,4,1,0,0.00041,1,357.3512569,0,2655.657647,4
7,audio,Task B ,1,4,1,0,9.00E-05,1,238.7122556,0,2908.011903,2
8,audio,Task B ,2,1,1,0,9.00E-05,2,207.8361134,0,2783.10684,2
8,audio,Task B ,1,2,1,0,9.00E-05,1,272.8647138,0,2656.610084,2
8,audio,Task B ,2,1,0,0,4.00E-05,1,255.5974432,0,2417.011167,1
8,audio,Task B ,1,1,1,0,4.00E-05,1,334.0097392,0,2569.645635,1
8,audio,Task B ,1,1,1,0,9.00E-05,1,153.4039873,0,2736.366013,2
8,audio,Task B ,1,1,1,0,9.00E-05,1,11.9897663,0,2794.382453,2
9,audio,Task B ,1,4,1,0,0.00019,1,70.61064771,0,2677.211335,3
9,audio,Task B ,1,1,1,0,4.00E-05,1,245.2808878,0,2746.683092,1
9,audio,Task B ,1,4,1,0,0.00041,1,172.628509,0,2788.953562,4
9,audio,Task B ,1,1,0,0,9.00E-05,2,268.7500522,0,3226.869154,2
9,audio,Task B ,2,3,0,0,4.00E-05,1,111.9100763,0,2704.324805,1
9,audio,Task B ,2,3,1,0,0.00019,2,200.9490206,0,2970.562399,3
10,audio,Task B ,1,1,1,0,0.00019,1,352.4883894,0,2752.063708,3
10,audio,Task B ,1,1,0,0,9.00E-05,2,107.778665,0,2233.735769,2
10,audio,Task B ,1,2,1,0,0.00019,1,328.1310918,0,2629.940499,3
10,audio,Task B ,2,1,0,0,0.00019,1,251.5088836,0,2433.812347,3
10,audio,Task B ,2,2,0,0,0.00041,1,271.3185437,0,2814.839373,4
10,audio,Task B ,2,1,1,0,0.00019,2,118.1802978,0,2631.121468,3
1,audio,Task B ,2,2,0,0,0.00019,1,289.7750722,0,2860.109287,3
1,audio,Task B ,2,2,1,0,0.00041,2,130.7348579,0,2678.398438,4
1,audio,Task B ,1,2,0,0,9.00E-05,2,126.2078539,0,2395.928429,2
1,audio,Task B ,2,3,0,0,0.00041,1,244.1658788,0,2514.597661,4
1,audio,Task B ,1,2,1,0,4.00E-05,1,99.37184399,0,2895.460234,1
1,audio,Task B ,1,2,0,0,0.00019,2,300.9127312,0,2553.668942,3
2,audio,Task B ,1,2,0,0,4.00E-05,2,309.1836485,0,2283.728301,1
2,audio,Task B ,2,1,1,0,4.00E-05,2,179.061191,0,2590.496856,1
2,audio,Task B ,1,1,0,0,4.00E-05,2,171.7459819,0,3275.607397,1
2,audio,Task B ,1,2,1,0,9.00E-05,1,129.0097975,0,2718.650979,2
2,audio,Task B ,2,2,1,0,4.00E-05,2,294.520765,0,2482.794207,1
2,audio,Task B ,1,2,0,0,4.00E-05,2,62.9925241,0,2187.738641,1
3,audio,Task B ,1,3,1,0,0.00019,1,196.5538815,0,2636.807605,3
3,audio,Task B ,2,4,1,0,4.00E-05,2,261.5772398,0,3521.363664,1
3,audio,Task B ,1,4,1,0,0.00019,1,324.2518927,0,2672.14421,3
3,audio,Task B ,1,2,1,0,4.00E-05,1,236.6459175,0,2665.891112,1
3,audio,Task B ,2,1,1,0,0.00041,2,340.6285591,0,3085.23066,4
3,audio,Task B ,1,2,1,0,0.00019,1,209.6562177,0,2640.084542,3
4,audio,Task B ,1,1,0,0,4.00E-05,2,273.7709168,0,2920.130352,1
4,audio,Task B ,2,4,1,0,9.00E-05,2,244.0403968,0,2370.446312,2
4,audio,Task B ,1,3,1,0,0.00041,1,84.72341946,0,2838.457231,4
4,audio,Task B ,1,3,1,0,0.00041,1,327.7022976,0,2433.754,4
4,audio,Task B ,1,3,0,0,0.00041,2,73.52805716,0,3321.24092,4
4,audio,Task B ,1,2,1,0,9.00E-05,1,98.08694544,0,2494.587911,2
5,audio,Task B ,2,4,1,0,0.00041,2,32.05002528,0,1975.381555,4
5,audio,Task B ,1,4,1,0,0.00019,1,199.716361,0,2640.972658,3
5,audio,Task B ,1,2,1,0,0.00019,1,328.3408493,0,2579.804725,3
5,audio,Task B ,2,4,1,0,9.00E-05,2,88.05358202,0,3279.665069,2
5,audio,Task B ,2,2,0,0,0.00041,1,350.5656952,0,2760.786638,4
5,audio,Task B ,1,1,0,0,4.00E-05,2,145.87387,0,2434.793631,1
6,audio,Task B ,1,3,1,0,0.00019,1,336.3326836,0,2591.819261,3
6,audio,Task B ,2,3,0,0,9.00E-05,1,111.1043496,0,2733.787135,2
6,audio,Task B ,2,1,1,0,9.00E-05,2,199.3451876,0,2541.220757,2
6,audio,Task B ,2,3,0,0,0.00041,1,77.65783957,0,2653.694348,4
6,audio,Task B ,2,4,1,0,0.00041,2,167.8643321,0,1830.59138,4
6,audio,Task B ,2,1,1,0,4.00E-05,2,266.1451887,0,3242.29699,1
7,audio,Task B ,1,1,0,0,9.00E-05,2,100.7177764,0,2955.034043,2
7,audio,Task B ,1,1,0,0,4.00E-05,2,23.44104313,0,2710.791464,1
7,audio,Task B ,1,4,1,0,4.00E-05,1,280.306762,0,2753.136182,1
7,audio,Task B ,1,1,1,0,9.00E-05,1,194.2803794,0,2490.487862,2
7,audio,Task B ,1,1,1,0,9.00E-05,1,152.4707262,0,2440.772071,2
7,audio,Task B ,2,4,1,0,0.00041,2,172.6866398,0,3333.55334,4
8,audio,Task B ,1,1,0,0,4.00E-05,2,287.287448,0,2625.887288,1
8,audio,Task B ,1,2,1,0,0.00019,1,167.0873269,0,2510.003097,3
8,audio,Task B ,1,1,1,0,0.00019,1,230.8283854,0,2925.078006,3
8,audio,Task B ,2,4,1,0,0.00041,2,205.5786788,0,2071.352186,4
8,audio,Task B ,1,2,0,0,9.00E-05,2,127.9106637,0,2293.832335,2
8,audio,Task B ,2,1,0,0,9.00E-05,1,190.5726901,0,2573.710768,2
9,audio,Task B ,1,3,1,0,0.00019,1,305.5094001,0,2723.561588,3
9,audio,Task B ,1,4,1,0,0.00041,1,274.9594897,0,2713.082131,4
9,audio,Task B ,1,1,1,0,9.00E-05,1,168.5184204,0,2970.943945,2
9,audio,Task B ,1,1,1,0,0.00041,1,297.1539712,0,2648.520068,4
9,audio,Task B ,1,4,1,0,0.00041,1,49.55077985,0,2630.320057,4
9,audio,Task B ,1,1,0,0,9.00E-05,2,340.937983,0,2955.408918,2
10,audio,Task B ,2,1,0,0,0.00019,1,77.71864488,0,2928.845566,3
10,audio,Task B ,2,2,1,0,9.00E-05,2,227.6584309,0,2946.214515,2
10,audio,Task B ,1,1,1,0,0.00019,1,226.3717557,0,2640.797984,3
10,audio,Task B ,2,2,0,0,0.00041,1,221.4468015,0,2548.647401,4
10,audio,Task B ,1,1,1,0,0.00041,1,27.11044398,0,2623.060841,4
10,audio,Task B ,2,2,1,0,0.00019,2,278.231125,0,3051.241032,3
1,audio,Task B ,2,4,1,0,0.00041,2,260.9442019,0,1750.632784,4
1,audio,Task B ,1,2,1,0,0.00019,1,296.3757849,0,2750.639002,3
1,audio,Task B ,1,2,1,0,0.00019,1,26.57873815,0,2624.072478,3
1,audio,Task B ,1,2,0,0,9.00E-05,2,88.4756879,0,2655.002591,2
1,audio,Task B ,1,2,1,0,9.00E-05,1,103.1663783,0,2655.529531,2
1,audio,Task B ,1,2,0,0,9.00E-05,2,93.62887628,0,2734.656574,2
2,audio,Task B ,1,3,1,0,0.00041,1,178.614341,0,2628.355664,4
2,audio,Task B ,2,2,1,0,0.00041,2,156.3959203,0,2536.652415,4
2,audio,Task B ,1,3,1,0,0.00019,1,105.2756539,0,2661.882686,3
2,audio,Task B ,1,2,0,0,4.00E-05,2,182.7718819,0,2716.058483,1
2,audio,Task B ,2,1,1,0,4.00E-05,2,151.6679763,0,3394.566351,1
2,audio,Task B ,1,2,0,0,9.00E-05,2,227.8005742,0,3069.450018,2
3,audio,Task B ,1,3,1,0,0.00019,1,164.9004912,0,2572.250641,3
3,audio,Task B ,2,4,1,0,9.00E-05,2,353.9025565,0,3179.630306,2
3,audio,Task B ,1,2,1,0,9.00E-05,1,221.4516515,0,2771.325116,2
3,audio,Task B ,1,4,0,0,0.00041,2,150.8780885,0,2731.604303,4
3,audio,Task B ,2,3,1,0,0.00041,2,336.9545181,0,2959.484775,4
3,audio,Task B ,2,4,1,0,0.00019,2,224.3318508,0,2345.553581,3
4,audio,Task B ,1,2,1,0,0.00041,1,204.43589,0,2805.50393,4
4,audio,Task B ,2,4,1,0,0.00041,2,40.46618673,0,3199.375481,4
4,audio,Task B ,1,3,1,0,0.00041,1,13.91376732,0,2717.113327,4
4,audio,Task B ,1,3,0,0,0.00041,2,88.18600291,0,2217.046632,4
4,audio,Task B ,1,3,1,0,0.00041,1,135.1609679,0,2772.723188,4
4,audio,Task B ,1,3,0,0,0.00041,2,31.96056783,0,2320.136929,4
5,audio,Task B ,2,4,1,0,0.00019,2,25.33079687,0,2994.177497,3
5,audio,Task B ,2,2,0,0,0.00019,1,299.3265837,0,2816.045197,3
5,audio,Task B ,1,1,0,0,9.00E-05,2,303.1327643,0,2217.235149,2
5,audio,Task B ,1,1,1,0,4.00E-05,1,75.75870549,0,2791.368964,1
5,audio,Task B ,2,1,1,0,4.00E-05,2,181.2175451,0,3401.295907,1
5,audio,Task B ,1,2,1,0,0.00041,1,317.8005762,0,2774.090063,4
6,audio,Task B ,2,3,0,0,0.00019,1,46.47951868,0,2918.982087,3
6,audio,Task B ,2,3,0,0,0.00041,1,300.9371653,0,2736.366818,4
6,audio,Task B ,1,3,0,0,4.00E-05,2,203.905004,0,2654.25644,1
6,audio,Task B ,2,3,1,0,0.00041,2,289.5511053,0,3139.799092,4
6,audio,Task B ,2,3,1,0,0.00019,2,286.0867827,0,3097.758556,3
6,audio,Task B ,2,3,1,0,0.00041,2,312.995064,0,1630.715147,4
7,audio,Task B ,2,4,0,0,0.00041,1,216.482127,0,2731.619752,4
7,audio,Task B ,1,4,1,0,0.00041,1,89.77507497,0,2718.465539,4
7,audio,Task B ,1,4,0,0,0.00019,2,155.072348,0,2461.90856,3
7,audio,Task B ,1,4,1,0,0.00019,1,342.2343983,0,2561.714358,3
7,audio,Task B ,1,4,1,0,9.00E-05,1,152.8138314,0,2786.257654,2
7,audio,Task B ,1,4,0,0,9.00E-05,2,38.41713715,0,2854.62068,2
8,audio,Task B ,1,3,0,0,0.00041,2,223.4046797,0,2535.717523,4
8,audio,Task B ,2,1,1,0,0.00041,2,229.9837982,0,2893.763585,4
8,audio,Task B ,1,2,1,0,0.00041,1,331.0809398,0,2682.011766,4
8,audio,Task B ,2,2,0,0,0.00019,1,83.1891646,0,2614.896889,3
8,audio,Task B ,2,4,1,0,0.00019,2,242.8928847,0,2174.66212,3
8,audio,Task B ,1,4,1,0,0.00019,1,295.2970709,0,2687.572053,3
9,audio,Task B ,1,4,1,0,0.00041,1,50.76438613,0,2635.495285,4
9,audio,Task B ,1,1,0,0,0.00019,2,210.9398004,0,2883.915158,3
9,audio,Task B ,2,1,0,0,0.00019,1,90.92004602,0,2571.958718,3
9,audio,Task B ,1,4,1,0,0.00041,1,268.3912786,0,2854.724998,4
9,audio,Task B ,1,1,1,0,4.00E-05,1,26.25073493,0,2805.455721,1
9,audio,Task B ,2,3,1,0,0.00041,2,345.2663378,0,2776.882039,4
10,audio,Task B ,1,1,0,0,9.00E-05,2,317.7656486,0,3793.231212,2
10,audio,Task B ,1,1,1,0,0.00041,1,323.4508663,0,2926.113072,4
10,audio,Task B ,1,1,0,0,9.00E-05,2,318.4136007,0,3688.534259,2
10,audio,Task B ,1,1,1,0,9.00E-05,1,79.44226026,0,2489.800545,2
10,audio,Task B ,1,1,1,0,9.00E-05,1,168.5739549,0,2653.121688,2
10,audio,Task B ,1,1,1,0,4.00E-05,1,126.0309916,0,2714.77852,1
1,audio,Task B ,2,4,1,0,0.00041,2,248.9031316,0,3286.451025,4
1,audio,Task B ,2,4,0,0,0.00041,1,281.8591309,0,2568.499039,4
1,audio,Task B ,2,2,0,0,9.00E-05,1,191.5267535,0,2573.966983,2
1,audio,Task B ,1,2,1,0,0.00041,1,171.9691451,0,2890.05654,4
1,audio,Task B ,2,1,0,0,4.00E-05,1,235.8289054,0,2764.475771,1
1,audio,Task B ,2,2,0,0,9.00E-05,1,305.6917238,0,2472.884147,2
2,audio,Task B ,2,3,1,0,0.00019,2,280.1104804,0,1976.525986,3
2,audio,Task B ,1,2,0,0,0.00019,2,182.0247097,0,2762.26791,3
2,audio,Task B ,2,4,0,0,0.00041,1,74.95252877,0,2577.572262,4
2,audio,Task B ,2,4,1,0,0.00019,2,196.5118387,0,3270.504057,3
2,audio,Task B ,1,2,0,0,0.00019,2,105.5212643,0,2895.219116,3
2,audio,Task B ,1,1,0,0,4.00E-05,2,173.2034465,0,2002.93004,1
3,audio,Task B ,1,2,1,0,9.00E-05,1,152.080499,0,2611.261501,2
3,audio,Task B ,1,1,0,0,9.00E-05,2,22.04845614,0,2266.050412,2
3,audio,Task B ,1,1,1,0,9.00E-05,1,224.9362998,0,2743.356867,2
3,audio,Task B ,1,2,1,0,4.00E-05,1,190.5901564,0,2645.614957,1
3,audio,Task B ,2,4,1,0,0.00019,2,132.5965651,0,2180.576422,3
3,audio,Task B ,1,3,1,0,9.00E-05,1,160.2924393,0,2656.179627,2
4,audio,Task B ,1,3,1,0,0.00019,1,15.50692478,0,2503.07022,3
4,audio,Task B ,1,1,0,0,9.00E-05,2,45.03068644,0,2976.029844,2
4,audio,Task B ,1,2,1,0,9.00E-05,1,263.4834411,0,2699.732886,2
4,audio,Task B ,1,2,1,0,9.00E-05,1,214.1487075,0,2764.844885,2
4,audio,Task B ,1,2,1,0,9.00E-05,1,214.2684982,0,2856.238708,2
4,audio,Task B ,1,3,1,0,0.00041,1,350.5271016,0,2744.782951,4
5,audio,Task B ,2,3,1,0,0.00041,2,254.0615505,0,2456.243702,4
5,audio,Task B ,1,1,1,0,0.00019,1,167.7046596,0,2584.829582,3
5,audio,Task B ,1,4,1,0,0.00019,1,215.9159319,0,2782.765191,3
5,audio,Task B ,2,1,1,0,9.00E-05,2,266.9346173,0,1492.196934,2
5,audio,Task B ,1,1,0,0,4.00E-05,2,251.226505,0,2422.125172,1
5,audio,Task B ,1,3,1,0,0.00041,1,162.4437507,0,2791.359394,4
6,audio,Task B ,2,3,0,0,4.00E-05,1,56.33407692,0,2652.615176,1
6,audio,Task B ,1,3,0,0,4.00E-05,2,352.9468376,0,3356.536901,1
6,audio,Task B ,1,3,0,0,4.00E-05,2,297.1537679,0,2960.719723,1
6,audio,Task B ,2,3,1,0,4.00E-05,2,299.4551596,0,3251.560297,1
6,audio,Task B ,1,2,0,0,0.00041,2,174.7637198,0,2414.095152,4
6,audio,Task B ,1,2,1,0,4.00E-05,1,183.9802258,0,2703.068559,1
7,audio,Task B ,2,4,0,0,0.00019,1,108.6581976,0,2860.119145,3
7,audio,Task B ,2,4,1,0,0.00041,2,106.172212,0,2919.44796,4
7,audio,Task B ,1,1,0,0,4.00E-05,2,139.8377421,0,2396.753561,1
7,audio,Task B ,1,4,0,0,4.00E-05,2,326.5175062,0,3236.158948,1
7,audio,Task B ,1,1,0,0,0.00019,2,201.5206702,0,2600.994525,3
7,audio,Task B ,1,1,0,0,4.00E-05,2,30.82050637,0,3052.064833,1
8,audio,Task B ,2,1,1,0,4.00E-05,2,258.9056058,0,2828.991035,1
8,audio,Task B ,2,4,1,0,0.00041,2,204.550566,0,3106.593118,4
8,audio,Task B ,2,1,0,0,0.00019,1,149.4276277,0,2658.275506,3
8,audio,Task B ,1,4,1,0,0.00041,1,203.9846,0,2818.87298,4
8,audio,Task B ,1,4,0,0,0.00019,2,311.1026187,0,3119.358789,3
8,audio,Task B ,1,1,1,0,0.00019,1,258.7893661,0,2828.226611,3
9,audio,Task B ,1,1,0,0,9.00E-05,2,134.992575,0,3072.201921,2
9,audio,Task B ,2,1,1,0,4.00E-05,2,227.2488182,0,3171.563004,1
9,audio,Task B ,1,1,0,0,4.00E-05,2,193.8516954,0,2834.793921,1
9,audio,Task B ,1,1,0,0,0.00019,2,128.0202198,0,2067.488591,3
9,audio,Task B ,1,1,0,0,9.00E-05,2,197.0337405,0,3004.183029,2
9,audio,Task B ,1,1,1,0,4.00E-05,1,287.4939277,0,2842.220498,1
10,audio,Task B ,1,1,0,0,9.00E-05,2,88.91322109,0,1948.514548,2
10,audio,Task B ,2,1,0,0,0.00019,1,330.1430309,0,2650.778202,3
10,audio,Task B ,1,2,0,0,9.00E-05,2,209.1027275,0,2552.825846,2
10,audio,Task B ,1,1,1,0,0.00041,1,98.26381475,0,2623.392098,4
10,audio,Task B ,1,2,1,0,0.00019,1,90.97855715,0,2541.036499,3
10,audio,Task B ,1,1,0,0,4.00E-05,2,208.5345001,0,3451.963199,1
1,audio,Task B ,2,2,1,0,4.00E-05,2,132.0914745,0,3718.51574,1
1,audio,Task B ,1,2,1,0,0.00019,1,182.8822431,0,2639.472957,3
1,audio,Task B ,1,2,1,0,9.00E-05,1,41.19816127,0,2702.187288,2
1,audio,Task B ,1,2,1,0,9.00E-05,1,281.9324509,0,2586.943709,2
1,audio,Task B ,2,3,1,0,9.00E-05,2,188.5376657,0,3835.655438,2
1,audio,Task B ,1,3,1,0,0.00041,1,223.784113,0,2719.412615,4
2,audio,Task B ,1,1,1,0,4.00E-05,1,53.07548,0,2938.078279,1
2,audio,Task B ,1,2,1,0,4.00E-05,1,317.8091747,0,2590.776088,1
2,audio,Task B ,2,3,1,0,0.00041,2,74.65976413,0,2867.421187,4
2,audio,Task B ,2,4,1,0,0.00019,2,283.7217116,0,1788.087868,3
2,audio,Task B ,1,1,0,0,0.00041,2,20.36425538,0,3223.372639,4
2,audio,Task B ,1,2,1,0,0.00041,1,105.4387021,0,2808.43606,4
3,audio,Task B ,1,4,1,0,0.00019,1,146.4291367,0,2744.737608,3
3,audio,Task B ,1,2,0,0,4.00E-05,2,114.6342768,0,2700.693133,1
3,audio,Task B ,2,4,1,0,9.00E-05,2,34.46988741,0,3589.369216,2
3,audio,Task B ,2,2,0,0,4.00E-05,1,306.1236061,0,2579.908762,1
3,audio,Task B ,1,2,1,0,9.00E-05,1,77.69137899,0,2543.155924,2
3,audio,Task B ,1,3,0,0,9.00E-05,2,130.6922939,0,2720.772496,2
4,audio,Task B ,1,3,1,0,0.00041,1,169.1998515,0,2891.257937,4
4,audio,Task B ,1,1,0,0,4.00E-05,2,345.7822186,0,3194.823963,1
4,audio,Task B ,2,3,1,0,0.00019,2,259.4328185,0,3172.93374,3
4,audio,Task B ,1,3,1,0,0.00019,1,310.5959123,0,2902.515509,3
4,audio,Task B ,1,3,1,0,0.00041,1,126.5777295,0,2613.187456,4
4,audio,Task B ,1,1,0,0,4.00E-05,2,299.7283471,0,2860.696775,1
5,audio,Task B ,2,1,1,0,9.00E-05,2,5.380110093,0,3370.163239,2
5,audio,Task B ,2,4,1,0,0.00041,2,266.3537168,0,2093.004088,4
5,audio,Task B ,1,2,0,0,0.00019,2,290.828131,0,2235.427241,3
5,audio,Task B ,1,2,1,0,0.00019,1,33.60106227,0,2514.699012,3
5,audio,Task B ,2,1,0,0,9.00E-05,1,240.8932765,0,2622.847995,2
5,audio,Task B ,2,4,1,0,9.00E-05,2,5.758497241,0,2308.930342,2
6,audio,Task B ,1,3,0,0,0.00019,2,211.1980023,0,3317.913605,3
6,audio,Task B ,2,3,0,0,9.00E-05,1,230.7716797,0,2840.55695,2
6,audio,Task B ,2,3,1,0,0.00019,2,323.7429016,0,3352.451027,3
6,audio,Task B ,2,3,0,0,4.00E-05,1,267.3331615,0,2964.187584,1
6,audio,Task B ,1,3,0,0,0.00041,2,310.6739236,0,2895.129162,4
6,audio,Task B ,1,1,1,0,0.00041,1,229.9437477,0,2981.510148,4
7,audio,Task B ,1,2,0,0,4.00E-05,2,262.2035419,0,3076.779262,1
7,audio,Task B ,1,1,1,0,9.00E-05,1,73.60286515,0,2795.293749,2
7,audio,Task B ,1,4,0,0,4.00E-05,2,211.1124788,0,2075.046136,1
7,audio,Task B ,1,1,1,0,9.00E-05,1,256.2779701,0,2875.243534,2
7,audio,Task B ,1,4,0,0,0.00019,2,1.133161762,0,2767.399825,3
7,audio,Task B ,1,4,0,0,0.00019,2,37.00087772,0,2311.272911,3
8,audio,Task B ,2,1,0,0,4.00E-05,1,19.74386891,0,2766.471701,1
8,audio,Task B ,1,2,1,0,0.00019,1,329.2863743,0,2772.712672,3
8,audio,Task B ,1,2,0,0,0.00041,2,308.6032862,0,2700.546835,4
8,audio,Task B ,1,1,1,0,0.00019,1,119.9347924,0,2621.068728,3
8,audio,Task B ,2,3,0,0,0.00019,1,66.2749369,0,2869.297179,3
8,audio,Task B ,1,4,1,0,0.00041,1,359.509568,0,2795.817073,4
9,audio,Task B ,2,4,1,0,0.00019,2,156.6053905,0,1887.486082,3
9,audio,Task B ,1,4,1,0,0.00041,1,145.3049704,0,2825.712786,4
9,audio,Task B ,1,1,0,0,4.00E-05,2,302.8776501,0,3005.070608,1
9,audio,Task B ,1,1,1,0,4.00E-05,1,225.2348382,0,2787.418428,1
9,audio,Task B ,2,1,1,0,4.00E-05,2,31.24326712,0,2057.474408,1
9,audio,Task B ,2,1,0,0,4.00E-05,1,8.401930982,0,2749.486293,1
10,audio,Task B ,1,1,0,0,9.00E-05,2,303.9583587,0,3088.217738,2
10,audio,Task B ,2,1,0,0,9.00E-05,1,155.2577797,0,2625.519763,2
10,audio,Task B ,2,1,0,0,0.00019,1,87.9487242,0,2793.465413,3
10,audio,Task B ,1,2,0,0,4.00E-05,2,272.8397892,0,2556.492412,1
10,audio,Task B ,1,1,0,0,9.00E-05,2,293.904082,0,2595.282139,2
10,audio,Task B ,2,2,1,0,9.00E-05,2,120.2121106,0,2653.898429,2
1,audio,Task B ,2,3,1,0,0.00019,2,345.9045238,0,2285.13516,3
1,audio,Task B ,2,4,1,0,0.00019,2,51.32070234,0,1861.456793,3
1,audio,Task B ,2,3,1,0,0.00019,2,197.6956179,0,3335.066632,3
1,audio,Task B ,2,4,1,0,0.00041,2,29.61867892,0,3606.103523,4
1,audio,Task B ,1,2,0,0,4.00E-05,2,286.0002832,0,2611.00891,1
1,audio,Task B ,2,1,1,0,4.00E-05,2,105.9643876,0,3560.693354,1
2,audio,Task B ,2,2,0,0,0.00019,1,0.924948811,0,2794.836842,3
2,audio,Task B ,1,2,1,0,9.00E-05,1,248.9737437,0,2719.628245,2
2,audio,Task B ,1,3,1,0,9.00E-05,1,199.6854533,0,2713.254801,2
2,audio,Task B ,1,3,1,0,4.00E-05,1,194.9046785,0,2670.425668,1
2,audio,Task B ,1,2,0,0,0.00019,2,251.5340528,0,3306.750981,3
2,audio,Task B ,1,2,1,0,4.00E-05,1,334.6521627,0,2500.702493,1
3,audio,Task B ,1,3,1,0,4.00E-05,1,246.1039687,0,2741.018603,1
3,audio,Task B ,2,2,0,0,0.00041,1,158.7857831,0,2834.75791,4
3,audio,Task B ,1,1,0,0,0.00019,2,212.2781426,0,2889.690512,3
3,audio,Task B ,2,2,1,0,0.00019,2,64.75744166,0,2503.846581,3
3,audio,Task B ,1,3,0,0,0.00019,2,117.6104623,0,2941.223978,3
3,audio,Task B ,1,1,0,0,4.00E-05,2,166.1324699,0,2741.630137,1
4,audio,Task B ,1,1,0,0,9.00E-05,2,69.95071073,0,2157.132084,2
4,audio,Task B ,1,1,1,0,4.00E-05,1,287.9952251,0,2858.458728,1
4,audio,Task B ,2,3,1,0,0.00019,2,63.87806978,0,3064.451278,3
4,audio,Task B ,1,3,0,0,9.00E-05,2,23.64776841,0,2652.506586,2
4,audio,Task B ,1,3,0,0,0.00041,2,350.5361552,0,2727.025926,4
4,audio,Task B ,2,3,1,0,0.00019,2,337.1168569,0,3228.171891,3
5,audio,Task B ,2,4,0,0,0.00019,1,98.31598995,0,2381.714236,3
5,audio,Task B ,2,1,1,0,4.00E-05,2,350.7602876,0,2460.570349,1
5,audio,Task B ,1,3,1,0,0.00041,1,330.3652506,0,2620.023588,4
5,audio,Task B ,1,4,0,0,0.00041,2,32.11809104,0,2816.235857,4
5,audio,Task B ,2,1,1,0,9.00E-05,2,63.71658979,0,2328.815269,2
5,audio,Task B ,1,3,0,0,0.00019,2,214.8174265,0,2643.985507,3
6,audio,Task B ,2,3,1,0,4.00E-05,2,148.5261766,0,3725.489317,1
6,audio,Task B ,1,3,0,0,9.00E-05,2,36.79572743,0,2614.173055,2
6,audio,Task B ,2,3,1,0,4.00E-05,2,73.44595769,0,3247.809273,1
6,audio,Task B ,1,3,0,0,9.00E-05,2,217.4039643,0,2245.552706,2
6,audio,Task B ,1,3,0,0,0.00019,2,348.028525,0,3005.061678,3
6,audio,Task B ,1,2,1,0,4.00E-05,1,13.42530421,0,2705.208416,1
7,audio,Task B ,1,4,0,0,0.00041,2,158.1195678,0,3055.447442,4
7,audio,Task B ,1,4,1,0,0.00041,1,136.6155708,0,2556.809693,4
7,audio,Task B ,1,4,0,0,0.00041,2,192.1452745,0,2453.854839,4
7,audio,Task B ,2,4,0,0,0.00041,1,20.75578521,0,2656.203124,4
7,audio,Task B ,1,4,1,0,0.00019,1,37.52473063,0,2940.471069,3
7,audio,Task B ,2,4,0,0,0.00019,1,316.8288985,0,2965.458595,3
8,audio,Task B ,1,1,0,0,0.00019,2,129.139181,0,2671.839621,3
8,audio,Task B ,2,1,0,0,0.00019,1,155.3085388,0,2858.42384,3
8,audio,Task B ,1,1,0,0,4.00E-05,2,315.8839577,0,2332.060797,1
8,audio,Task B ,1,2,1,0,4.00E-05,1,270.7857177,0,2582.739627,1
8,audio,Task B ,1,3,1,0,0.00041,1,86.02980773,0,2622.277252,4
8,audio,Task B ,1,1,0,0,0.00019,2,201.412304,0,2099.044034,3
9,audio,Task B ,1,1,0,0,4.00E-05,2,265.4971018,0,3010.990369,1
9,audio,Task B ,1,1,1,0,9.00E-05,1,104.0920067,0,2632.715664,2
9,audio,Task B ,1,1,1,0,4.00E-05,1,337.9607968,0,2853.564386,1
9,audio,Task B ,1,4,1,0,0.00019,1,86.91828639,0,2906.751091,3
9,audio,Task B ,2,1,1,0,0.00019,2,226.1086057,0,2627.720456,3
9,audio,Task B ,1,1,0,0,0.00019,2,160.2732895,0,2132.689542,3
10,audio,Task B ,2,1,0,0,0.00019,1,124.4010197,0,2784.264291,3
10,audio,Task B ,2,2,1,0,0.00041,2,46.77971789,0,1985.098894,4
10,audio,Task B ,2,2,1,0,0.00019,2,298.184533,0,3248.515035,3
10,audio,Task B ,2,1,0,0,4.00E-05,1,267.9702061,0,2965.351778,1
10,audio,Task B ,2,1,0,0,0.00041,1,176.3741228,0,2784.451923,4
10,audio,Task B ,1,1,1,0,9.00E-05,1,214.4742186,0,2795.632809,2
1,audio,Task B ,2,4,1,0,0.00019,2,303.9746209,0,2414.360744,3
1,audio,Task B ,1,2,0,0,0.00019,2,348.1936485,0,2806.055102,3
1,audio,Task B ,2,2,0,0,0.00019,1,297.5086062,0,2805.984547,3
1,audio,Task B ,2,2,0,0,9.00E-05,1,210.7826943,0,2795.011309,2
1,audio,Task B ,2,2,1,0,0.00019,2,50.99148879,0,2411.896152,3
1,audio,Task B ,2,2,1,0,0.00019,2,114.1795258,0,3344.649477,3
2,audio,Task B ,2,1,1,0,9.00E-05,2,30.81143034,0,1729.003412,2
2,audio,Task B ,2,3,1,0,0.00019,2,129.4264879,0,2962.316378,3
2,audio,Task B ,2,4,1,0,9.00E-05,2,265.7024863,0,2973.824695,2
2,audio,Task B ,1,2,1,0,0.00019,1,108.1399938,0,2946.721625,3
2,audio,Task B ,2,3,1,0,0.00019,2,75.15855333,0,2785.160169,3
2,audio,Task B ,1,2,1,0,9.00E-05,1,242.3725518,0,2643.724739,2
3,audio,Task B ,1,3,1,0,9.00E-05,1,208.9096355,0,2710.009923,2
3,audio,Task B ,1,4,1,0,9.00E-05,1,330.71104,0,2819.283753,2
3,audio,Task B ,1,1,1,0,0.00041,1,30.45991317,0,2590.604895,4
3,audio,Task B ,1,3,1,0,0.00041,1,159.4526925,0,2542.489227,4
3,audio,Task B ,2,4,1,0,4.00E-05,2,93.54955317,0,2088.099008,1
3,audio,Task B ,2,3,1,0,4.00E-05,2,63.29103391,0,3161.837758,1
4,audio,Task B ,1,2,1,0,9.00E-05,1,185.0324205,0,2791.511901,2
4,audio,Task B ,2,4,1,0,0.00019,2,16.77482037,0,1950.248278,3
4,audio,Task B ,1,1,1,0,4.00E-05,1,87.74177451,0,2470.760972,1
4,audio,Task B ,1,3,1,0,0.00041,1,156.716895,0,2689.579949,4
4,audio,Task B ,2,2,1,0,0.00019,2,215.7249351,0,2439.125471,3
4,audio,Task B ,2,4,1,0,0.00019,2,339.223285,0,2188.876919,3
5,audio,Task B ,1,1,1,0,4.00E-05,1,290.7075418,0,2814.533933,1
5,audio,Task B ,1,1,0,0,4.00E-05,2,87.125171,0,2631.532035,1
5,audio,Task B ,1,1,0,0,9.00E-05,2,252.0141475,0,2301.703819,2
5,audio,Task B ,2,2,0,0,9.00E-05,1,288.1632,0,2880.483591,2
5,audio,Task B ,1,1,0,0,4.00E-05,2,69.13407251,0,2370.304971,1
5,audio,Task B ,1,1,0,0,0.00041,2,145.2789052,0,2474.138534,4
6,audio,Task B ,2,2,0,0,4.00E-05,1,308.4832621,0,2588.43571,1
6,audio,Task B ,2,4,1,0,4.00E-05,2,334.1663825,0,2168.297941,1
6,audio,Task B ,2,3,0,0,4.00E-05,1,206.7370917,0,2638.336524,1
6,audio,Task B ,2,3,0,0,9.00E-05,1,336.0072628,0,2649.369004,2
6,audio,Task B ,1,2,1,0,0.00019,1,137.3679673,0,2710.933389,3
6,audio,Task B ,1,2,0,0,0.00041,2,180.4698349,0,2447.319149,4
7,audio,Task B ,1,4,0,0,9.00E-05,2,35.60258168,0,2546.63051,2
7,audio,Task B ,1,4,1,0,0.00041,1,321.9345051,0,2690.283446,4
7,audio,Task B ,1,1,1,0,4.00E-05,1,98.78153017,0,2528.941267,1
7,audio,Task B ,1,4,0,0,9.00E-05,2,228.5541289,0,2524.519526,2
7,audio,Task B ,1,1,1,0,4.00E-05,1,29.43812267,0,2483.256105,1
7,audio,Task B ,1,4,1,0,0.00019,1,5.273534603,0,2774.24798,3
8,audio,Task B ,1,1,0,0,4.00E-05,2,115.7575464,0,3344.730843,1
8,audio,Task B ,1,4,0,0,0.00019,2,186.3106957,0,2689.311331,3
8,audio,Task B ,2,1,0,0,0.00041,1,156.1854032,0,2817.725762,4
8,audio,Task B ,1,1,0,0,9.00E-05,2,254.4865502,0,2464.669373,2
8,audio,Task B ,1,1,1,0,4.00E-05,1,307.8970476,0,2763.165608,1
8,audio,Task B ,1,3,1,0,0.00041,1,159.8843291,0,2611.923501,4
9,audio,Task B ,1,3,0,0,0.00041,2,289.8795924,0,2716.8042,4
9,audio,Task B ,1,4,0,0,0.00041,2,51.39644237,0,2845.681154,4
9,audio,Task B ,2,1,1,0,9.00E-05,2,52.58261028,0,2613.711384,2
9,audio,Task B ,1,4,0,0,0.00041,2,265.7175298,0,2708.73204,4
9,audio,Task B ,1,1,1,0,4.00E-05,1,183.9707629,0,2562.412958,1
9,audio,Task B ,1,1,1,0,4.00E-05,1,85.4087424,0,2546.813773,1
10,audio,Task B ,1,1,0,0,9.00E-05,2,130.2431715,0,2751.141039,2
10,audio,Task B ,2,1,1,0,0.00019,2,75.93613017,0,2485.124125,3
10,audio,Task B ,1,1,1,0,0.00019,1,25.69512532,0,2818.336075,3
10,audio,Task B ,1,1,0,0,4.00E-05,2,293.2422732,0,2404.693232,1
10,audio,Task B ,2,2,0,0,0.00019,1,114.5969599,0,2838.736899,3
10,audio,Task B ,1,2,1,0,0.00019,1,280.4091352,0,2675.095787,3
1,audio,Task B ,2,2,1,0,4.00E-05,2,348.3687086,0,2209.478888,1
1,audio,Task B ,2,4,1,0,9.00E-05,2,133.4372772,0,2411.818049,2
1,audio,Task B ,1,2,1,0,0.00019,1,70.03596984,0,2794.798851,3
1,audio,Task B ,2,3,1,0,0.00041,2,196.9144431,0,2351.966818,4
1,audio,Task B ,2,1,1,0,4.00E-05,2,329.7779556,0,1739.629386,1
1,audio,Task B ,2,3,0,0,0.00041,1,271.7466873,0,2354.690301,4
2,audio,Task B ,1,2,1,0,0.00019,1,321.5725146,0,2650.630336,3
2,audio,Task B ,1,2,1,0,4.00E-05,1,13.06183641,0,2892.088795,1
2,audio,Task B ,1,2,1,0,4.00E-05,1,137.6670922,0,2578.961891,1
2,audio,Task B ,1,2,1,0,9.00E-05,1,306.3321821,0,2965.574876,2
2,audio,Task B ,2,2,0,0,9.00E-05,1,193.786344,0,2680.812982,2
2,audio,Task B ,1,2,1,0,0.00019,1,280.2660713,0,2690.00163,3
3,audio,Task B ,1,2,1,0,9.00E-05,1,106.0466553,0,2847.304902,2
3,audio,Task B ,2,1,1,0,9.00E-05,2,305.4540753,0,3233.874234,2
3,audio,Task B ,1,3,1,0,4.00E-05,1,72.11794297,0,2688.790228,1
3,audio,Task B ,1,2,1,0,0.00019,1,10.4523984,0,2676.506421,3
3,audio,Task B ,1,4,1,0,9.00E-05,1,64.88607848,0,2789.880334,2
3,audio,Task B ,2,4,1,0,9.00E-05,2,114.1444855,0,3619.57205,2
4,audio,Task B ,1,1,1,0,4.00E-05,1,170.8436705,0,2772.909711,1
4,audio,Task B ,1,1,1,0,4.00E-05,1,196.0559913,0,2503.037431,1
4,audio,Task B ,1,1,0,0,4.00E-05,2,64.21850876,0,2769.351967,1
4,audio,Task B ,1,3,1,0,0.00041,1,7.745134148,0,2631.567084,4
4,audio,Task B ,1,3,1,0,0.00041,1,103.5042004,0,2910.840565,4
4,audio,Task B ,1,3,0,0,0.00041,2,53.42228443,0,3055.097505,4
5,audio,Task B ,2,2,0,0,0.00019,1,165.9840285,0,2517.153958,3
5,audio,Task B ,2,4,1,0,0.00019,2,335.2807176,0,3506.006323,3
5,audio,Task B ,1,2,1,0,9.00E-05,1,211.9056635,0,2820.768355,2
5,audio,Task B ,2,4,1,0,0.00041,2,231.6138623,0,2023.384324,4
5,audio,Task B ,2,4,1,0,0.00019,2,37.24599447,0,3814.580294,3
5,audio,Task B ,2,4,1,0,0.00019,2,44.94578201,0,3027.349563,3
6,audio,Task B ,2,2,0,0,9.00E-05,1,281.5341859,0,2543.272734,2
6,audio,Task B ,1,3,0,0,4.00E-05,2,19.95995108,0,2468.480855,1
6,audio,Task B ,1,3,1,0,0.00019,1,93.11447718,0,2706.771143,3
6,audio,Task B ,1,2,0,0,9.00E-05,2,109.5314904,0,2351.722712,2
6,audio,Task B ,2,4,1,0,0.00041,2,227.274716,0,1677.793874,4
6,audio,Task B ,1,3,1,0,0.00041,1,249.4653701,0,2671.021229,4
7,audio,Task B ,1,4,1,0,0.00019,1,103.2794538,0,2596.300478,3
7,audio,Task B ,1,4,1,0,9.00E-05,1,135.1456561,0,2710.513323,2
7,audio,Task B ,1,4,1,0,0.00019,1,88.36633294,0,2922.297779,3
7,audio,Task B ,1,4,0,0,9.00E-05,2,329.8241832,0,3279.974045,2
7,audio,Task B ,1,1,0,0,9.00E-05,2,326.3582367,0,2730.635175,2
7,audio,Task B ,1,1,0,0,9.00E-05,2,142.4781176,0,2355.896661,2
8,audio,Task B ,2,4,0,0,0.00041,1,341.1559036,0,2828.892788,4
8,audio,Task B ,2,2,1,0,0.00041,2,179.4773318,0,2345.352177,4
8,audio,Task B ,1,2,1,0,4.00E-05,1,339.6201751,0,2812.674594,1
8,audio,Task B ,1,3,1,0,0.00019,1,244.2669121,0,2693.191572,3
8,audio,Task B ,1,2,0,0,0.00019,2,216.43414,0,2904.060744,3
8,audio,Task B ,2,3,0,0,9.00E-05,1,256.7706944,0,2569.310099,2
9,audio,Task B ,1,1,1,0,4.00E-05,1,30.43470929,0,2816.173285,1
9,audio,Task B ,1,4,1,0,4.00E-05,1,285.8607787,0,2901.070047,1
9,audio,Task B ,1,1,0,0,9.00E-05,2,43.04962949,0,3490.165735,2
9,audio,Task B ,1,1,1,0,4.00E-05,1,292.378869,0,2593.56827,1
9,audio,Task B ,1,2,1,0,9.00E-05,1,346.6843412,0,2775.744283,2
9,audio,Task B ,1,2,0,0,4.00E-05,2,275.984618,0,2909.450229,1
10,audio,Task B ,1,1,1,0,4.00E-05,1,338.8606698,0,2718.005595,1
10,audio,Task B ,2,1,0,0,9.00E-05,1,88.5850975,0,2602.766492,2
10,audio,Task B ,1,1,1,0,4.00E-05,1,196.3035481,0,2771.612258,1
10,audio,Task B ,1,1,0,0,9.00E-05,2,75.64375298,0,1370.095368,2
10,audio,Task B ,2,2,1,0,0.00019,2,308.9648655,0,2234.106558,3
10,audio,Task B ,1,1,1,0,0.00019,1,162.4833476,0,2722.833481,3