subject_name,stim_type,task_type,resp_category,resp_confidence,resp_correct,stim_orientation,stim_reliability,stim_category,stim_phase,block_number,stim_frequency,stim_reliability_level
1,grate,Task B ,2,2,1,-6.871128337,0.135,2,112.6457452,0,0,4
1,grate,Task B ,1,4,1,-1.596065234,0.135,1,234.0149921,0,0,4
1,grate,Task B ,1,3,1,4.889508282,0.05,1,289.848422,0,0,2
1,grate,Task B ,1,1,0,-8.909488251,0.033,2,119.3076894,0,0,1
1,grate,Task B ,2,4,1,15.91984371,0.135,2,40.56981637,0,0,4
1,grate,Task B ,1,2,0,12.60304245,0.033,2,153.8716083,0,0,1
2,grate,Task B ,1,1,1,3.426314275,0.05,1,8.335031625,0,0,2
2,grate,Task B ,1,1,0,-10.66317843,0.067,2,228.5483699,0,0,3
2,grate,Task B ,2,2,0,1.981356245,0.067,1,331.532549,0,0,3
2,grate,Task B ,1,1,0,-3.86307422,0.033,2,169.7985379,0,0,1
2,grate,Task B ,2,2,1,7.156663199,0.05,2,292.6490698,0,0,2
2,grate,Task B ,1,2,1,-5.515263706,0.067,1,26.4886867,0,0,3
3,grate,Task B ,1,3,1,-1.540077222,0.067,1,181.8665399,0,0,3
3,grate,Task B ,2,1,1,-9.321919146,0.033,2,278.2519724,0,0,1
3,grate,Task B ,2,4,1,3.821457678,0.067,2,279.7888161,0,0,3
3,grate,Task B ,2,4,1,-6.432906607,0.067,2,22.0861006,0,0,3
3,grate,Task B ,1,3,0,1.655984618,0.135,2,99.93678113,0,0,4
3,grate,Task B ,2,1,1,12.7249465,0.05,2,193.4807462,0,0,2
4,grate,Task B ,1,1,1,-2.467999894,0.067,1,79.50148437,0,0,3
4,grate,Task B ,1,1,0,-8.040268797,0.033,2,167.1577223,0,0,1
4,grate,Task B ,1,1,1,-0.50812564,0.033,1,296.9238807,0,0,1
4,grate,Task B ,1,4,0,-16.34208086,0.05,2,34.91827124,0,0,2
4,grate,Task B ,1,1,0,9.053088678,0.033,2,226.6900524,0,0,1
4,grate,Task B ,2,4,1,3.073100085,0.135,2,213.2496595,0,0,4
5,grate,Task B ,2,3,0,-5.440646805,0.135,1,12.94958527,0,0,4
5,grate,Task B ,1,3,1,-2.153460378,0.05,1,177.1495846,0,0,2
5,grate,Task B ,1,4,0,-0.887330933,0.135,2,104.9993315,0,0,4
5,grate,Task B ,2,4,1,11.40940366,0.067,2,123.4925827,0,0,3
5,grate,Task B ,1,4,1,-2.214541679,0.05,1,50.28542827,0,0,2
5,grate,Task B ,1,2,0,3.615675588,0.135,2,178.5073032,0,0,4
6,grate,Task B ,2,2,0,3.922670168,0.067,1,24.20603496,0,0,3
6,grate,Task B ,1,3,0,-5.98535559,0.033,2,230.2361456,0,0,1
6,grate,Task B ,1,3,0,5.579881304,0.067,2,316.6999079,0,0,3
6,grate,Task B ,1,3,0,4.085309038,0.05,2,278.5571054,0,0,2
6,grate,Task B ,1,3,1,0.17539264,0.067,1,3.330936059,0,0,3
6,grate,Task B ,2,1,0,-1.139338857,0.033,1,66.17556596,0,0,1
7,grate,Task B ,1,1,1,1.388209704,0.135,1,181.0076054,0,0,4
7,grate,Task B ,1,4,0,-5.156066721,0.033,2,0.365903558,0,0,1
7,grate,Task B ,1,1,1,0.247462937,0.033,1,248.0406861,0,0,1
7,grate,Task B ,1,1,1,2.266635403,0.033,1,283.7856693,0,0,1
7,grate,Task B ,2,4,1,14.67357787,0.135,2,10.37438325,0,0,4
7,grate,Task B ,2,4,0,0.951407714,0.067,1,333.4286156,0,0,3
8,grate,Task B ,1,2,1,0.788547828,0.135,1,318.5441173,0,0,4
8,grate,Task B ,2,3,1,-0.439951759,0.067,2,308.2087271,0,0,3
8,grate,Task B ,2,4,0,-4.777340629,0.135,1,188.0925829,0,0,4
8,grate,Task B ,2,3,1,8.964496591,0.135,2,329.703987,0,0,4
8,grate,Task B ,2,2,1,-6.500158861,0.05,2,31.16274569,0,0,2
8,grate,Task B ,2,4,0,-3.414178443,0.135,1,96.23701407,0,0,4
9,grate,Task B ,2,2,1,-4.657642986,0.033,2,177.6850894,0,0,1
9,grate,Task B ,1,2,0,-33.82351697,0.05,2,281.1433965,0,0,2
9,grate,Task B ,1,1,1,-0.097855089,0.05,1,31.55492571,0,0,2
9,grate,Task B ,2,2,0,-1.412856161,0.067,1,247.9893892,0,0,3
9,grate,Task B ,1,1,1,-4.669180952,0.033,1,235.8461688,0,0,1
9,grate,Task B ,1,1,1,0.746912378,0.033,1,178.9214591,0,0,1
10,grate,Task B ,1,1,0,18.11843929,0.067,2,202.7937577,0,0,3
10,grate,Task B ,1,1,0,-0.579493109,0.033,2,346.1444089,0,0,1
10,grate,Task B ,2,3,1,-18.28332322,0.067,2,6.986621774,0,0,3
10,grate,Task B ,1,1,0,0.309029115,0.05,2,281.6164114,0,0,2
10,grate,Task B ,1,1,0,11.91515971,0.033,2,306.5406855,0,0,1
10,grate,Task B ,1,1,1,-2.789512166,0.033,1,70.39694387,0,0,1
1,grate,Task B ,1,4,0,5.257481555,0.135,2,279.1872459,0,0,4
1,grate,Task B ,1,3,1,3.856998636,0.067,1,37.21191896,0,0,3
1,grate,Task B ,1,1,1,-1.632854595,0.033,1,102.1497629,0,0,1
1,grate,Task B ,1,4,1,-0.111628482,0.135,1,206.5617444,0,0,4
1,grate,Task B ,2,1,0,0.986834444,0.135,1,232.4334097,0,0,4
1,grate,Task B ,2,1,0,5.576036497,0.05,1,97.30515958,0,0,2
2,grate,Task B ,1,1,1,-4.543848028,0.067,1,128.7275263,0,0,3
2,grate,Task B ,1,4,1,1.503874469,0.135,1,16.06141588,0,0,4
2,grate,Task B ,1,2,0,10.42730688,0.05,2,181.3346911,0,0,2
2,grate,Task B ,2,2,0,-0.48846434,0.033,1,245.4816668,0,0,1
2,grate,Task B ,1,4,1,-3.773349483,0.135,1,156.2912478,0,0,4
2,grate,Task B ,1,1,0,-6.700853809,0.033,2,95.92774608,0,0,1
3,grate,Task B ,1,3,1,-1.513475625,0.135,1,151.1018546,0,0,4
3,grate,Task B ,1,1,1,-6.94541623,0.033,1,282.7698776,0,0,1
3,grate,Task B ,1,3,1,2.593028176,0.05,1,190.4148786,0,0,2
3,grate,Task B ,1,4,0,1.298048278,0.067,2,270.1942779,0,0,3
3,grate,Task B ,2,2,1,8.80893354,0.05,2,237.3402106,0,0,2
3,grate,Task B ,1,2,1,-3.916857108,0.033,1,231.4898101,0,0,1
4,grate,Task B ,1,3,1,-2.597470231,0.135,1,127.6406179,0,0,4
4,grate,Task B ,2,4,1,-10.61343753,0.067,2,61.71636186,0,0,3
4,grate,Task B ,1,3,1,2.467620707,0.135,1,189.2450462,0,0,4
4,grate,Task B ,2,4,1,-11.22619754,0.135,2,275.6106771,0,0,4
4,grate,Task B ,1,1,1,-0.676836684,0.033,1,119.6326469,0,0,1
4,grate,Task B ,2,4,1,15.40767308,0.067,2,38.3222504,0,0,3
5,grate,Task B ,1,2,0,5.186627957,0.05,2,39.11731256,0,0,2
5,grate,Task B ,1,2,0,5.857886412,0.05,2,71.00130917,0,0,2
5,grate,Task B ,1,1,1,-3.511296451,0.033,1,106.6816846,0,0,1
5,grate,Task B ,1,4,1,1.05839079,0.067,1,28.02670076,0,0,3
5,grate,Task B ,1,3,1,-0.687232204,0.135,1,306.9429736,0,0,4
5,grate,Task B ,2,4,1,-19.47425197,0.033,2,28.19493895,0,0,1
6,grate,Task B ,2,3,1,-10.72567501,0.135,2,210.2698994,0,0,4
6,grate,Task B ,1,3,1,-4.207227923,0.067,1,178.3414538,0,0,3
6,grate,Task B ,1,3,1,-1.138158164,0.033,1,327.2712738,0,0,1
6,grate,Task B ,2,3,1,9.346422114,0.135,2,18.81683827,0,0,4
6,grate,Task B ,1,3,1,3.290049439,0.067,1,302.3453166,0,0,3
6,grate,Task B ,1,1,1,0.350387858,0.05,1,333.2438487,0,0,2
7,grate,Task B ,1,4,0,-6.252856955,0.033,2,73.78173815,0,0,1
7,grate,Task B ,1,1,1,-1.394527425,0.05,1,21.39335462,0,0,2
7,grate,Task B ,2,4,1,-0.378287475,0.135,2,67.27386299,0,0,4
7,grate,Task B ,1,4,0,-1.251088813,0.135,2,73.38990225,0,0,4
7,grate,Task B ,1,1,1,1.676401063,0.05,1,73.92363675,0,0,2
7,grate,Task B ,1,1,1,-3.273891663,0.05,1,229.2439986,0,0,2
8,grate,Task B ,2,4,1,16.15363926,0.135,2,58.35312352,0,0,4
8,grate,Task B ,2,2,1,1.419107796,0.067,2,209.7879283,0,0,3
8,grate,Task B ,1,4,1,2.209241384,0.135,1,333.4901522,0,0,4
8,grate,Task B ,1,1,1,3.63466983,0.033,1,132.6810175,0,0,1
8,grate,Task B ,2,4,1,-13.4117622,0.067,2,180.2446472,0,0,3
8,grate,Task B ,1,1,1,0.458161739,0.033,1,36.33426805,0,0,1
9,grate,Task B ,1,4,1,0.05412557,0.135,1,68.47938989,0,0,4
9,grate,Task B ,1,1,1,2.306068089,0.05,1,136.3880715,0,0,2
9,grate,Task B ,1,3,1,4.478756188,0.135,1,305.9099738,0,0,4
9,grate,Task B ,1,1,1,3.915951606,0.033,1,223.5538285,0,0,1
9,grate,Task B ,1,4,0,-0.976265817,0.067,2,143.4056159,0,0,3
9,grate,Task B ,1,2,0,9.049028221,0.05,2,319.0759002,0,0,2
10,grate,Task B ,1,2,1,6.002906036,0.067,1,217.6724037,0,0,3
10,grate,Task B ,1,1,1,4.459267383,0.033,1,273.604983,0,0,1
10,grate,Task B ,1,1,1,1.38315225,0.135,1,211.2347472,0,0,4
10,grate,Task B ,1,2,1,2.425694615,0.05,1,294.2293916,0,0,2
10,grate,Task B ,2,1,1,-13.0000496,0.135,2,342.3215551,0,0,4
10,grate,Task B ,1,2,1,0.198885919,0.067,1,343.6033522,0,0,3
1,grate,Task B ,1,3,0,-8.622053159,0.067,2,307.4622781,0,0,3
1,grate,Task B ,1,4,1,-1.47239321,0.135,1,75.36425493,0,0,4
1,grate,Task B ,1,1,0,-10.1371312,0.05,2,229.278103,0,0,2
1,grate,Task B ,1,2,0,4.813940509,0.135,2,21.84581493,0,0,4
1,grate,Task B ,2,1,0,5.946900782,0.05,1,42.78876514,0,0,2
1,grate,Task B ,2,4,1,-17.31797877,0.135,2,118.3769743,0,0,4
2,grate,Task B ,1,1,0,0.584137991,0.033,2,261.61094,0,0,1
2,grate,Task B ,1,1,1,-2.95122529,0.033,1,304.883747,0,0,1
2,grate,Task B ,1,1,0,13.54354668,0.033,2,301.0843768,0,0,1
2,grate,Task B ,1,1,1,0.728009569,0.033,1,52.95414777,0,0,1
2,grate,Task B ,1,1,0,-18.67105522,0.033,2,80.65560653,0,0,1
2,grate,Task B ,2,2,0,4.452748627,0.067,1,38.76505571,0,0,3
3,grate,Task B ,1,1,0,-15.0111486,0.033,2,178.0915552,0,0,1
3,grate,Task B ,2,2,1,-12.37563753,0.033,2,3.41530268,0,0,1
3,grate,Task B ,1,1,1,-4.589705721,0.135,1,300.7610995,0,0,4
3,grate,Task B ,2,4,1,6.300376599,0.135,2,50.80803873,0,0,4
3,grate,Task B ,2,1,1,-18.16413147,0.033,2,116.7875259,0,0,1
3,grate,Task B ,2,1,0,1.327244345,0.033,1,171.4614563,0,0,1
4,grate,Task B ,1,1,0,7.289112967,0.033,2,313.8627419,0,0,1
4,grate,Task B ,1,1,0,4.105311413,0.033,2,195.0558413,0,0,1
4,grate,Task B ,2,4,1,-15.82010063,0.067,2,117.3571876,0,0,3
4,grate,Task B ,2,4,0,-3.383272195,0.067,1,321.0687085,0,0,3
4,grate,Task B ,1,1,0,-3.094200456,0.033,2,72.13212731,0,0,1
4,grate,Task B ,2,3,1,-2.895355092,0.135,2,42.88052006,0,0,4
5,grate,Task B ,1,4,1,1.361796881,0.067,1,28.42159154,0,0,3
5,grate,Task B ,1,1,1,5.14557798,0.033,1,211.2873798,0,0,1
5,grate,Task B ,2,4,0,-4.252771273,0.067,1,161.7738357,0,0,3
5,grate,Task B ,2,4,0,-0.755319596,0.135,1,312.8950709,0,0,4
5,grate,Task B ,2,4,1,7.207026434,0.135,2,168.7337743,0,0,4
5,grate,Task B ,1,4,0,1.931803725,0.135,2,289.5577823,0,0,4
6,grate,Task B ,2,1,0,-6.289372168,0.067,1,84.3620156,0,0,3
6,grate,Task B ,1,3,0,1.909040754,0.033,2,120.8205484,0,0,1
6,grate,Task B ,1,3,1,1.113734285,0.067,1,300.1114902,0,0,3
6,grate,Task B ,1,3,1,-1.451080199,0.135,1,204.1660363,0,0,4
6,grate,Task B ,1,2,1,-2.281959481,0.05,1,341.3132697,0,0,2
6,grate,Task B ,1,1,0,17.51324428,0.033,2,218.4523806,0,0,1
7,grate,Task B ,1,1,1,5.215961517,0.033,1,133.773329,0,0,1
7,grate,Task B ,2,4,1,-21.46236497,0.135,2,187.8739025,0,0,4
7,grate,Task B ,1,4,0,10.41800553,0.135,2,7.488997605,0,0,4
7,grate,Task B ,2,4,0,3.160293335,0.135,1,102.7749666,0,0,4
7,grate,Task B ,1,4,1,0.95029711,0.05,1,100.1454507,0,0,2
7,grate,Task B ,2,4,1,23.14815475,0.135,2,35.15520394,0,0,4
8,grate,Task B ,1,1,0,1.357638612,0.033,2,54.48244972,0,0,1
8,grate,Task B ,2,4,0,-3.375887672,0.135,1,26.34424343,0,0,4
8,grate,Task B ,2,4,1,23.94973497,0.135,2,52.82937246,0,0,4
8,grate,Task B ,1,4,1,4.00203816,0.135,1,75.21641951,0,0,4
8,grate,Task B ,2,4,1,-2.685460415,0.067,2,89.29837773,0,0,3
8,grate,Task B ,1,1,0,-14.00273131,0.05,2,236.8582491,0,0,2
9,grate,Task B ,1,4,1,1.259091224,0.135,1,124.3716178,0,0,4
9,grate,Task B ,1,4,1,-2.358351799,0.067,1,356.484546,0,0,3
9,grate,Task B ,1,1,1,0.911560325,0.067,1,203.1920176,0,0,3
9,grate,Task B ,1,1,1,-1.194267862,0.067,1,278.9085641,0,0,3
9,grate,Task B ,1,3,0,-7.312277388,0.067,2,314.9095941,0,0,3
9,grate,Task B ,1,1,1,-1.082321248,0.033,1,309.455699,0,0,1
10,grate,Task B ,1,2,1,-0.067994108,0.033,1,265.1883175,0,0,1
10,grate,Task B ,1,1,0,33.47738881,0.033,2,159.9523402,0,0,1
10,grate,Task B ,1,1,1,-0.930009583,0.067,1,238.0341402,0,0,3
10,grate,Task B ,1,1,1,2.720822027,0.033,1,157.4090258,0,0,1
10,grate,Task B ,1,2,0,3.464839142,0.135,2,184.6280051,0,0,4
10,grate,Task B ,1,1,1,4.351908355,0.067,1,217.3335759,0,0,3
1,grate,Task B ,2,4,1,13.4738656,0.135,2,321.2853134,0,0,4
1,grate,Task B ,1,4,0,-2.179128493,0.067,2,9.259598362,0,0,3
1,grate,Task B ,1,2,1,-3.074721561,0.05,1,148.6340035,0,0,2
1,grate,Task B ,1,2,1,-0.431140899,0.067,1,67.08546042,0,0,3
1,grate,Task B ,1,2,0,-1.541435717,0.067,2,332.5905765,0,0,3
1,grate,Task B ,1,3,1,3.156543229,0.135,1,15.12955341,0,0,4
2,grate,Task B ,1,1,0,16.88361069,0.033,2,282.8114483,0,0,1
2,grate,Task B ,1,3,1,0.745745149,0.135,1,286.2461497,0,0,4
2,grate,Task B ,2,1,0,-6.720025449,0.05,1,31.15852593,0,0,2
2,grate,Task B ,2,2,1,-13.01464069,0.033,2,55.50006262,0,0,1
2,grate,Task B ,1,4,1,0.207961421,0.135,1,53.73448428,0,0,4
2,grate,Task B ,1,3,1,-1.379207263,0.135,1,351.7454141,0,0,4
3,grate,Task B ,2,2,1,3.674293936,0.05,2,85.06601932,0,0,2
3,grate,Task B ,2,2,0,-6.279289471,0.05,1,266.2036517,0,0,2
3,grate,Task B ,2,4,0,10.65133744,0.067,1,339.1055651,0,0,3
3,grate,Task B ,2,2,0,6.428731703,0.033,1,333.5687462,0,0,1
3,grate,Task B ,1,2,0,-8.367705613,0.05,2,180.3637041,0,0,2
3,grate,Task B ,2,1,0,3.312575181,0.033,1,274.1255028,0,0,1
4,grate,Task B ,1,1,0,13.47123301,0.067,2,215.8084973,0,0,3
4,grate,Task B ,1,3,0,5.885573102,0.067,2,3.874005935,0,0,3
4,grate,Task B ,2,4,1,5.511821514,0.067,2,122.2183737,0,0,3
4,grate,Task B ,2,3,1,0.365094816,0.067,2,350.9319681,0,0,3
4,grate,Task B ,1,3,0,-5.700138483,0.067,2,184.4960797,0,0,3
4,grate,Task B ,1,3,1,-3.448875063,0.067,1,190.3163078,0,0,3
5,grate,Task B ,1,1,1,2.319192173,0.05,1,221.9736406,0,0,2
5,grate,Task B ,1,3,0,3.58061188,0.05,2,7.291230558,0,0,2
5,grate,Task B ,2,4,1,-3.531055301,0.135,2,252.1956953,0,0,4
5,grate,Task B ,1,4,1,-0.774391427,0.135,1,21.45330327,0,0,4
5,grate,Task B ,1,3,1,-2.910951044,0.05,1,242.5068957,0,0,2
5,grate,Task B ,2,4,0,3.722661918,0.033,1,107.8118676,0,0,1
6,grate,Task B ,2,3,1,-17.60128924,0.135,2,149.8627437,0,0,4
6,grate,Task B ,2,3,1,-1.257801487,0.067,2,138.4870907,0,0,3
6,grate,Task B ,1,3,0,-0.049258765,0.033,2,73.67856855,0,0,1
6,grate,Task B ,1,2,0,-9.565656811,0.033,2,344.1723603,0,0,1
6,grate,Task B ,1,3,0,-9.422836956,0.05,2,19.96800665,0,0,2
6,grate,Task B ,1,3,1,1.782048438,0.067,1,154.8975379,0,0,3
7,grate,Task B ,1,2,0,1.596201369,0.135,2,294.7473229,0,0,4
7,grate,Task B ,2,4,0,-0.616360114,0.033,1,14.85978661,0,0,1
7,grate,Task B ,2,4,0,-3.539140497,0.067,1,156.5537064,0,0,3
7,grate,Task B ,1,1,1,1.614614571,0.067,1,161.5905393,0,0,3
7,grate,Task B ,1,4,1,-3.435120448,0.135,1,34.35764794,0,0,4
7,grate,Task B ,2,1,0,-0.680676294,0.05,1,226.3974277,0,0,2
8,grate,Task B ,1,1,0,-9.019688851,0.05,2,107.6540424,0,0,2
8,grate,Task B ,2,4,1,-5.224468181,0.135,2,132.7658072,0,0,4
8,grate,Task B ,2,2,0,-5.329311019,0.05,1,284.7597245,0,0,2
8,grate,Task B ,1,4,1,1.089315238,0.135,1,102.4005527,0,0,4
8,grate,Task B ,1,3,0,5.472951124,0.067,2,338.8742804,0,0,3
8,grate,Task B ,2,4,0,3.629917367,0.135,1,52.53619539,0,0,4
9,grate,Task B ,2,1,1,25.25472141,0.05,2,118.9227062,0,0,2
9,grate,Task B ,2,1,0,-0.880849887,0.05,1,152.7727174,0,0,2
9,grate,Task B ,1,1,0,-1.707786741,0.05,2,14.20094821,0,0,2
9,grate,Task B ,1,4,0,4.177625579,0.135,2,179.6550764,0,0,4
9,grate,Task B ,1,1,0,-4.989124276,0.05,2,253.3043156,0,0,2
9,grate,Task B ,1,1,1,1.758857516,0.05,1,257.423999,0,0,2
10,grate,Task B ,1,1,0,-15.90767533,0.033,2,314.8908155,0,0,1
10,grate,Task B ,1,1,0,-0.904952908,0.033,2,156.9381182,0,0,1
10,grate,Task B ,1,2,0,-1.251376633,0.135,2,181.8581958,0,0,4
10,grate,Task B ,1,1,1,0.953988294,0.05,1,279.3706117,0,0,2
10,grate,Task B ,1,1,0,1.796914825,0.05,2,94.11287774,0,0,2
10,grate,Task B ,1,1,0,-3.673714745,0.067,2,311.0907949,0,0,3
1,grate,Task B ,1,4,1,-1.282843098,0.067,1,128.8931377,0,0,3
1,grate,Task B ,1,1,1,-0.498652219,0.05,1,165.7748499,0,0,2
1,grate,Task B ,1,1,1,-1.789574503,0.05,1,189.6009449,0,0,2
1,grate,Task B ,1,3,1,-1.760118083,0.067,1,47.55900366,0,0,3
1,grate,Task B ,1,2,0,-6.778072471,0.05,2,15.56184664,0,0,2
1,grate,Task B ,1,2,1,4.36202863,0.033,1,117.5011953,0,0,1
2,grate,Task B ,2,1,1,10.95800497,0.135,2,238.7791134,0,0,4
2,grate,Task B ,1,4,0,9.255224187,0.135,2,258.7164811,0,0,4
2,grate,Task B ,1,2,0,17.47214458,0.067,2,174.5130005,0,0,3
2,grate,Task B ,2,2,0,-0.611717437,0.05,1,44.96250447,0,0,2
2,grate,Task B ,2,4,1,19.92889811,0.135,2,13.45306011,0,0,4
2,grate,Task B ,2,3,1,-6.466394671,0.135,2,53.90948818,0,0,4
3,grate,Task B ,1,2,1,-0.507400815,0.033,1,40.37065469,0,0,1
3,grate,Task B ,2,1,0,-1.638480252,0.033,1,92.8441315,0,0,1
3,grate,Task B ,2,2,0,-2.256483805,0.067,1,153.0672989,0,0,3
3,grate,Task B ,1,4,1,-1.936805554,0.067,1,28.32319975,0,0,3
3,grate,Task B ,2,1,1,7.378325424,0.033,2,118.5233654,0,0,1
3,grate,Task B ,1,3,1,0.022716346,0.135,1,20.05023495,0,0,4
4,grate,Task B ,1,3,0,-6.874756258,0.067,2,5.060532052,0,0,3
4,grate,Task B ,2,4,1,-16.94973502,0.067,2,289.8069235,0,0,3
4,grate,Task B ,1,4,1,-0.371640596,0.067,1,275.9589608,0,0,3
4,grate,Task B ,1,1,0,-6.753462221,0.033,2,331.7282305,0,0,1
4,grate,Task B ,1,2,0,-10.52724119,0.067,2,148.0687382,0,0,3
4,grate,Task B ,2,4,1,-13.69859142,0.135,2,98.14265886,0,0,4
5,grate,Task B ,1,3,0,10.28909057,0.033,2,198.2980133,0,0,1
5,grate,Task B ,2,4,1,11.31632895,0.135,2,82.18678846,0,0,4
5,grate,Task B ,1,4,1,-0.755383552,0.05,1,257.5676476,0,0,2
5,grate,Task B ,1,4,1,1.169124079,0.067,1,89.27888072,0,0,3
5,grate,Task B ,1,4,1,0.021039262,0.135,1,88.45730917,0,0,4
5,grate,Task B ,2,4,1,-6.660709005,0.067,2,15.1822852,0,0,3
6,grate,Task B ,1,2,1,-2.572407945,0.135,1,112.1118633,0,0,4
6,grate,Task B ,1,2,0,4.488092152,0.033,2,139.548285,0,0,1
6,grate,Task B ,2,3,1,-17.66166186,0.135,2,252.2196303,0,0,4
6,grate,Task B ,2,3,0,3.899665397,0.067,1,265.4678583,0,0,3
6,grate,Task B ,1,3,1,-0.67851492,0.135,1,107.4164697,0,0,4
6,grate,Task B ,1,3,1,0.993935656,0.135,1,177.6966306,0,0,4
7,grate,Task B ,2,4,0,0.41087138,0.135,1,143.9388589,0,0,4
7,grate,Task B ,2,4,1,19.61390839,0.135,2,242.1253204,0,0,4
7,grate,Task B ,1,4,1,3.483388385,0.033,1,222.201002,0,0,1
7,grate,Task B ,1,4,1,-2.737122701,0.067,1,144.7890729,0,0,3
7,grate,Task B ,1,4,1,2.818393864,0.033,1,305.511372,0,0,1
7,grate,Task B ,2,4,1,19.79276852,0.05,2,149.7504114,0,0,2
8,grate,Task B ,1,2,1,4.639382919,0.05,1,55.76279237,0,0,2
8,grate,Task B ,2,3,1,-5.581437206,0.135,2,223.9935014,0,0,4
8,grate,Task B ,1,4,1,2.489166328,0.135,1,210.6305497,0,0,4
8,grate,Task B ,1,1,0,14.12799698,0.05,2,212.7396981,0,0,2
8,grate,Task B ,2,3,0,0.013324595,0.067,1,84.06822938,0,0,3
8,grate,Task B ,2,3,1,17.85856256,0.067,2,269.8820088,0,0,3
9,grate,Task B ,2,4,0,5.309919317,0.135,1,336.6681424,0,0,4
9,grate,Task B ,2,3,1,-12.64096799,0.033,2,140.4755939,0,0,1
9,grate,Task B ,1,4,0,1.498963779,0.135,2,85.12006759,0,0,4
9,grate,Task B ,2,1,1,16.29698073,0.067,2,164.6394142,0,0,3
9,grate,Task B ,1,2,1,0.822176543,0.067,1,333.9990085,0,0,3
9,grate,Task B ,1,3,1,-2.098392445,0.067,1,66.97994007,0,0,3
10,grate,Task B ,2,3,1,13.18682518,0.067,2,37.14003999,0,0,3
10,grate,Task B ,1,1,0,0.984556397,0.033,2,312.0259036,0,0,1
10,grate,Task B ,1,1,0,-5.755521718,0.033,2,336.156038,0,0,1
10,grate,Task B ,2,1,1,-23.0076793,0.05,2,169.0922551,0,0,2
10,grate,Task B ,2,1,1,18.62814484,0.05,2,158.239848,0,0,2
10,grate,Task B ,1,2,1,0.292015808,0.05,1,23.89666031,0,0,2
1,grate,Task B ,1,3,0,13.60202533,0.05,2,343.7714458,0,0,2
1,grate,Task B ,1,1,1,3.646947215,0.033,1,272.0848613,0,0,1
1,grate,Task B ,1,3,1,3.099143981,0.05,1,262.6979243,0,0,2
1,grate,Task B ,1,2,1,0.804210967,0.05,1,249.7368506,0,0,2
1,grate,Task B ,1,3,0,3.353646194,0.135,2,353.061502,0,0,4
1,grate,Task B ,1,3,1,3.181304478,0.067,1,6.767546813,0,0,3
2,grate,Task B ,2,1,1,-10.84315409,0.067,2,17.23825199,0,0,3
2,grate,Task B ,1,1,1,3.635793084,0.067,1,309.3498052,0,0,3
2,grate,Task B ,1,2,1,-1.001294779,0.067,1,100.5119872,0,0,3
2,grate,Task B ,1,1,1,-0.403456189,0.05,1,85.09100165,0,0,2
2,grate,Task B ,1,2,0,1.698362219,0.067,2,327.2527159,0,0,3
2,grate,Task B ,1,2,1,-5.551338675,0.067,1,103.1333753,0,0,3
3,grate,Task B ,2,4,1,-5.940031492,0.135,2,91.94354234,0,0,4
3,grate,Task B ,2,4,1,12.90902962,0.05,2,23.8766813,0,0,2
3,grate,Task B ,2,1,1,-10.3610388,0.033,2,75.09010586,0,0,1
3,grate,Task B ,2,2,1,7.15597334,0.05,2,41.42858811,0,0,2
3,grate,Task B ,1,3,0,-0.231146033,0.067,2,52.95188871,0,0,3
3,grate,Task B ,1,2,1,-0.034691117,0.033,1,13.95214498,0,0,1
4,grate,Task B ,1,3,1,1.430094989,0.05,1,205.05136,0,0,2
4,grate,Task B ,2,3,1,-2.023002533,0.135,2,213.2345368,0,0,4
4,grate,Task B ,1,3,0,29.06672973,0.033,2,2.51843072,0,0,1
4,grate,Task B ,2,4,1,-12.80455007,0.067,2,38.78898255,0,0,3
4,grate,Task B ,1,2,1,-0.64402289,0.05,1,314.2259466,0,0,2
4,grate,Task B ,2,4,0,1.165793798,0.135,1,63.74849801,0,0,4
5,grate,Task B ,2,4,1,16.85724292,0.05,2,229.1465335,0,0,2
5,grate,Task B ,1,2,0,9.595770709,0.05,2,199.0004178,0,0,2
5,grate,Task B ,1,3,0,-9.322710137,0.05,2,7.625387841,0,0,2
5,grate,Task B ,1,1,1,-1.003672363,0.033,1,306.8167733,0,0,1
5,grate,Task B ,1,4,1,-0.122928272,0.05,1,278.90042,0,0,2
5,grate,Task B ,1,3,1,0.353623659,0.067,1,111.4717179,0,0,3
6,grate,Task B ,1,3,1,8.392460397,0.033,1,244.6749193,0,0,1
6,grate,Task B ,1,2,0,11.32460542,0.135,2,103.156254,0,0,4
6,grate,Task B ,1,3,1,-0.395352564,0.067,1,308.3403795,0,0,3
6,grate,Task B ,1,2,1,0.977098895,0.135,1,138.6147318,0,0,4
6,grate,Task B ,2,3,1,-8.730565074,0.033,2,341.4025143,0,0,1
6,grate,Task B ,2,2,1,6.921794156,0.033,2,217.5682174,0,0,1
7,grate,Task B ,1,1,1,4.533902133,0.05,1,312.1892701,0,0,2
7,grate,Task B ,1,4,1,-2.290184661,0.033,1,177.6583937,0,0,1
7,grate,Task B ,1,4,1,-2.024150307,0.067,1,198.5866469,0,0,3
7,grate,Task B ,1,4,1,0.640878196,0.05,1,265.3791104,0,0,2
7,grate,Task B ,1,4,1,0.650215852,0.033,1,131.3778477,0,0,1
7,grate,Task B ,2,4,1,29.05368895,0.067,2,185.2715622,0,0,3
8,grate,Task B ,2,1,1,-11.40440861,0.033,2,80.47040731,0,0,1
8,grate,Task B ,1,1,1,-5.454517589,0.05,1,167.5609728,0,0,2
8,grate,Task B ,2,1,0,-4.808685633,0.05,1,305.8092578,0,0,2
8,grate,Task B ,1,3,0,2.331677801,0.05,2,172.6569268,0,0,2
8,grate,Task B ,2,4,1,24.85654924,0.05,2,82.76940418,0,0,2
8,grate,Task B ,2,1,1,11.76813522,0.05,2,26.96000528,0,0,2
9,grate,Task B ,2,1,1,-9.675849624,0.033,2,42.95309151,0,0,1
9,grate,Task B ,1,2,1,-1.275090991,0.067,1,309.2545024,0,0,3
9,grate,Task B ,1,4,1,1.222460584,0.135,1,296.9875783,0,0,4
9,grate,Task B ,2,1,0,-2.624301366,0.033,1,64.40662186,0,0,1
9,grate,Task B ,2,1,0,0.432739421,0.033,1,1.458946853,0,0,1
9,grate,Task B ,1,1,0,8.94657148,0.033,2,158.3799622,0,0,1
10,grate,Task B ,1,2,0,-0.237358345,0.05,2,341.424407,0,0,2
10,grate,Task B ,1,1,1,-1.418799902,0.05,1,171.8362652,0,0,2
10,grate,Task B ,1,1,1,3.413083656,0.033,1,148.1487483,0,0,1
10,grate,Task B ,2,2,1,-20.91958524,0.135,2,265.9444884,0,0,4
10,grate,Task B ,1,2,0,1.198124323,0.05,2,26.53031599,0,0,2
10,grate,Task B ,1,1,0,9.717092118,0.05,2,288.784286,0,0,2
1,grate,Task B ,1,3,1,2.34341934,0.067,1,294.7238467,0,0,3
1,grate,Task B ,1,1,1,2.251069885,0.033,1,330.7642919,0,0,1
1,grate,Task B ,1,2,1,0.757648941,0.067,1,258.0848283,0,0,3
1,grate,Task B ,1,2,1,2.041556141,0.067,1,186.4308037,0,0,3
1,grate,Task B ,1,2,1,2.263613015,0.033,1,178.2786184,0,0,1
1,grate,Task B ,2,2,1,17.3920311,0.067,2,141.0104349,0,0,3
2,grate,Task B ,1,1,0,-3.004113615,0.05,2,104.2697761,0,0,2
2,grate,Task B ,1,1,0,-0.95058947,0.05,2,228.8670518,0,0,2
2,grate,Task B ,1,1,1,-4.205575647,0.067,1,65.06870269,0,0,3
2,grate,Task B ,2,2,0,-1.138092827,0.033,1,99.56178912,0,0,1
2,grate,Task B ,1,2,0,4.031929742,0.033,2,238.9190272,0,0,1
2,grate,Task B ,1,2,0,26.54544232,0.05,2,297.8502822,0,0,2
3,grate,Task B ,1,2,0,-6.167473417,0.05,2,264.7799666,0,0,2
3,grate,Task B ,1,1,0,-7.743236375,0.033,2,267.4919789,0,0,1
3,grate,Task B ,2,2,0,-6.259416671,0.05,1,285.9739861,0,0,2
3,grate,Task B ,1,3,1,3.440740719,0.05,1,69.44254687,0,0,2
3,grate,Task B ,2,2,0,-1.969867674,0.05,1,34.79836747,0,0,2
3,grate,Task B ,1,2,1,-0.658858811,0.067,1,209.4100996,0,0,3
4,grate,Task B ,1,2,0,-1.876534127,0.05,2,330.868782,0,0,2
4,grate,Task B ,1,3,1,4.981241473,0.067,1,315.8712475,0,0,3
4,grate,Task B ,1,3,1,-0.12713311,0.135,1,9.201790957,0,0,4
4,grate,Task B ,2,3,1,-16.3125917,0.05,2,149.8582928,0,0,2
4,grate,Task B ,1,3,0,-2.644024022,0.05,2,332.5390531,0,0,2
4,grate,Task B ,1,3,0,-3.853618642,0.067,2,243.5126175,0,0,3
5,grate,Task B ,2,4,1,2.897835633,0.033,2,197.84021,0,0,1
5,grate,Task B ,1,4,1,-2.099662361,0.067,1,61.80543328,0,0,3
5,grate,Task B ,1,2,1,2.286858018,0.05,1,3.286882664,0,0,2
5,grate,Task B ,2,4,1,11.96352401,0.135,2,199.8394166,0,0,4
5,grate,Task B ,1,1,1,-3.628316049,0.033,1,7.981857537,0,0,1
5,grate,Task B ,1,3,1,2.218508604,0.05,1,359.7889133,0,0,2
6,grate,Task B ,1,2,0,3.439926,0.05,2,20.38477399,0,0,2
6,grate,Task B ,1,3,0,-25.39433587,0.033,2,56.48592855,0,0,1
6,grate,Task B ,2,3,0,2.743548691,0.135,1,135.0553907,0,0,4
6,grate,Task B ,1,3,0,-5.281216683,0.05,2,244.9329772,0,0,2
6,grate,Task B ,2,2,1,-0.304180953,0.067,2,288.642072,0,0,3
6,grate,Task B ,1,3,1,1.537658723,0.135,1,227.940394,0,0,4
7,grate,Task B ,1,1,1,2.292714931,0.067,1,77.33839652,0,0,3
7,grate,Task B ,1,4,1,0.629035832,0.135,1,23.4289715,0,0,4
7,grate,Task B ,1,4,0,3.090023659,0.135,2,69.00898278,0,0,4
7,grate,Task B ,1,4,0,0.706214662,0.135,2,262.5093594,0,0,4
7,grate,Task B ,2,4,1,9.358525001,0.05,2,84.52417108,0,0,2
7,grate,Task B ,2,4,1,-24.63042504,0.135,2,13.13361076,0,0,4
8,grate,Task B ,1,1,1,-2.425754761,0.05,1,171.6810788,0,0,2
8,grate,Task B ,1,1,1,-2.748294342,0.033,1,140.5510439,0,0,1
8,grate,Task B ,1,1,0,3.125728657,0.033,2,22.82674353,0,0,1
8,grate,Task B ,2,4,0,-0.488629134,0.135,1,51.56909189,0,0,4
8,grate,Task B ,1,3,0,-1.633834333,0.05,2,64.64896324,0,0,2
8,grate,Task B ,1,3,1,0.433022881,0.067,1,289.6320731,0,0,3
9,grate,Task B ,2,3,1,-14.95563332,0.135,2,166.9404641,0,0,4
9,grate,Task B ,2,4,0,-6.713608668,0.135,1,30.25348739,0,0,4
9,grate,Task B ,2,4,0,2.382028937,0.067,1,266.4938429,0,0,3
9,grate,Task B ,1,1,0,-3.468239694,0.033,2,44.23743877,0,0,1
9,grate,Task B ,2,3,0,-1.318160733,0.067,1,22.86586646,0,0,3
9,grate,Task B ,2,1,0,2.249695628,0.033,1,56.31453942,0,0,1
10,grate,Task B ,2,1,1,8.718339585,0.033,2,134.544588,0,0,1
10,grate,Task B ,1,2,0,1.299547225,0.067,2,237.6511127,0,0,3
10,grate,Task B ,2,2,1,8.099306907,0.135,2,87.88061942,0,0,4
10,grate,Task B ,1,1,1,-0.585067787,0.067,1,344.8163117,0,0,3
10,grate,Task B ,1,1,1,-0.054676941,0.05,1,269.9367631,0,0,2
10,grate,Task B ,1,1,1,2.156039776,0.033,1,113.9817592,0,0,1
1,grate,Task B ,1,2,0,-17.15138764,0.033,2,118.0225372,0,0,1
1,grate,Task B ,1,1,1,0.405605612,0.033,1,249.4754021,0,0,1
1,grate,Task B ,2,1,1,-1.818095592,0.033,2,203.2348658,0,0,1
1,grate,Task B ,1,4,1,1.448039093,0.067,1,221.7712085,0,0,3
1,grate,Task B ,1,2,0,0.066510775,0.05,2,326.5324808,0,0,2
1,grate,Task B ,1,3,0,-2.347576177,0.067,2,331.8611171,0,0,3
2,grate,Task B ,1,1,0,-12.93284393,0.05,2,74.87809455,0,0,2
2,grate,Task B ,2,1,1,5.108268413,0.05,2,282.8716584,0,0,2
2,grate,Task B ,1,2,1,2.264358146,0.05,1,316.8969387,0,0,2
2,grate,Task B ,2,2,1,15.49349887,0.05,2,353.9920826,0,0,2
2,grate,Task B ,1,2,1,4.808782398,0.135,1,26.68456027,0,0,4
2,grate,Task B ,1,2,0,1.633189176,0.135,2,14.14123509,0,0,4
3,grate,Task B ,1,1,1,-2.485332606,0.033,1,29.08196655,0,0,1
3,grate,Task B ,1,2,1,-1.635315246,0.067,1,156.8860184,0,0,3
3,grate,Task B ,2,4,1,5.737127952,0.033,2,329.8626134,0,0,1
3,grate,Task B ,2,2,0,-2.143533617,0.067,1,331.3966373,0,0,3
3,grate,Task B ,2,4,1,-14.43953199,0.135,2,239.3997737,0,0,4
3,grate,Task B ,1,4,1,-2.114609168,0.067,1,280.1077284,0,0,3
4,grate,Task B ,1,3,1,-3.126257588,0.067,1,75.27816268,0,0,3
4,grate,Task B ,1,3,0,6.994559646,0.05,2,50.34880964,0,0,2
4,grate,Task B ,1,4,1,-3.399553735,0.033,1,56.38240116,0,0,1
4,grate,Task B ,2,4,0,7.650422032,0.135,1,4.054944932,0,0,4
4,grate,Task B ,1,1,0,-5.954867291,0.033,2,82.01292362,0,0,1
4,grate,Task B ,1,1,1,-2.037154664,0.033,1,283.4092517,0,0,1
5,grate,Task B ,1,4,1,-2.234313474,0.067,1,196.7614226,0,0,3
5,grate,Task B ,2,4,1,28.01220217,0.067,2,157.5558424,0,0,3
5,grate,Task B ,1,4,1,1.274102778,0.05,1,213.6010587,0,0,2
5,grate,Task B ,2,4,1,6.874136102,0.135,2,337.6520219,0,0,4
5,grate,Task B ,1,4,0,0.127013122,0.033,2,254.2956241,0,0,1
5,grate,Task B ,2,4,1,32.37337125,0.033,2,285.94782,0,0,1
6,grate,Task B ,1,3,1,0.607992128,0.067,1,55.84408594,0,0,3
6,grate,Task B ,1,2,1,-1.204525068,0.033,1,286.8728564,0,0,1
6,grate,Task B ,1,3,1,-3.423900732,0.033,1,142.5946375,0,0,1
6,grate,Task B ,1,3,1,2.648860023,0.05,1,288.7411935,0,0,2
6,grate,Task B ,1,3,1,-2.901970634,0.05,1,23.04062624,0,0,2
6,grate,Task B ,1,3,0,-1.69073164,0.05,2,55.35221661,0,0,2
7,grate,Task B ,2,4,0,4.957800639,0.05,1,66.33500356,0,0,2
7,grate,Task B ,2,4,1,-24.29994486,0.05,2,153.5180448,0,0,2
7,grate,Task B ,1,4,1,3.480751002,0.033,1,269.9608071,0,0,1
7,grate,Task B ,2,4,1,14.82182203,0.067,2,263.7684277,0,0,3
7,grate,Task B ,1,4,1,0.157328986,0.135,1,29.64125976,0,0,4
7,grate,Task B ,2,4,0,-0.75710484,0.033,1,14.92309322,0,0,1
8,grate,Task B ,2,4,1,-20.50403837,0.067,2,30.63965099,0,0,3
8,grate,Task B ,1,3,1,-1.864130142,0.05,1,90.72063076,0,0,2
8,grate,Task B ,2,3,0,0.734021069,0.067,1,243.059137,0,0,3
8,grate,Task B ,2,1,1,10.39609281,0.033,2,228.5590211,0,0,1
8,grate,Task B ,2,3,0,7.059182318,0.033,1,357.2947801,0,0,1
8,grate,Task B ,1,2,1,-0.206864048,0.033,1,57.02796555,0,0,1
9,grate,Task B ,1,4,0,-14.42836158,0.033,2,35.85171816,0,0,1
9,grate,Task B ,2,4,1,4.330321165,0.135,2,40.79877952,0,0,4
9,grate,Task B ,2,1,0,1.530577479,0.05,1,70.42302867,0,0,2
9,grate,Task B ,1,1,1,-5.009436817,0.033,1,99.16920355,0,0,1
9,grate,Task B ,1,1,1,1.394743735,0.067,1,291.7421081,0,0,3
9,grate,Task B ,1,4,0,-1.341703171,0.135,2,304.0165314,0,0,4
10,grate,Task B ,1,2,1,2.682409427,0.033,1,350.8127279,0,0,1
10,grate,Task B ,1,1,0,-18.06691294,0.05,2,237.1819566,0,0,2
10,grate,Task B ,2,1,1,-3.708615929,0.135,2,148.5733897,0,0,4
10,grate,Task B ,2,1,0,-3.766846251,0.067,1,345.9885902,0,0,3
10,grate,Task B ,1,1,1,0.679421659,0.05,1,2.105680041,0,0,2
10,grate,Task B ,1,2,0,6.469029893,0.033,2,217.1307158,0,0,1
1,grate,Task B ,1,1,1,3.816102998,0.033,1,156.6334195,0,0,1
1,grate,Task B ,2,3,1,10.75755885,0.135,2,220.2353997,0,0,4
1,grate,Task B ,1,3,1,-0.268520073,0.067,1,104.0993364,0,0,3
1,grate,Task B ,2,1,0,-1.098103691,0.05,1,237.7471132,0,0,2
1,grate,Task B ,1,3,1,1.294667268,0.135,1,248.5543381,0,0,4
1,grate,Task B ,1,3,1,-2.343010367,0.05,1,20.94461852,0,0,2
2,grate,Task B ,1,1,1,2.126182701,0.033,1,233.7707171,0,0,1
2,grate,Task B ,2,2,1,-6.535484045,0.135,2,12.62910027,0,0,4
2,grate,Task B ,1,1,1,0.23392342,0.05,1,295.0866661,0,0,2
2,grate,Task B ,1,1,1,-4.242091619,0.05,1,345.3294855,0,0,2
2,grate,Task B ,2,2,0,-5.489502559,0.135,1,246.0731812,0,0,4
2,grate,Task B ,2,3,1,-11.71678832,0.067,2,117.4886786,0,0,3
3,grate,Task B ,1,2,1,-0.039265224,0.033,1,345.4786897,0,0,1
3,grate,Task B ,1,3,0,0.71531109,0.033,2,27.46607767,0,0,1
3,grate,Task B ,1,1,0,7.936738044,0.135,2,190.2522726,0,0,4
3,grate,Task B ,2,3,1,-13.63897517,0.05,2,142.0099549,0,0,2
3,grate,Task B ,2,3,1,-11.86397261,0.05,2,267.655131,0,0,2
3,grate,Task B ,2,1,0,3.954038158,0.05,1,7.788377426,0,0,2
4,grate,Task B ,2,4,1,-17.53837993,0.067,2,142.5653569,0,0,3
4,grate,Task B ,1,1,0,13.34704918,0.05,2,240.8016127,0,0,2
4,grate,Task B ,1,4,1,-3.91224645,0.067,1,63.03987788,0,0,3
4,grate,Task B ,2,4,1,-7.419662726,0.135,2,174.9736431,0,0,4
4,grate,Task B ,1,3,1,3.897223982,0.067,1,323.8032291,0,0,3
4,grate,Task B ,1,4,0,8.626310773,0.067,2,72.56118491,0,0,3
5,grate,Task B ,2,4,1,-10.11055303,0.135,2,206.7122072,0,0,4
5,grate,Task B ,1,2,0,9.387976529,0.067,2,68.27211152,0,0,3
5,grate,Task B ,1,3,1,1.967309646,0.067,1,162.7191399,0,0,3
5,grate,Task B ,2,4,1,18.51539387,0.067,2,185.5919571,0,0,3
5,grate,Task B ,1,2,0,11.07283089,0.033,2,73.0888008,0,0,1
5,grate,Task B ,1,4,1,1.258817383,0.067,1,93.94165979,0,0,3
6,grate,Task B ,1,1,1,-1.423866982,0.033,1,220.8324549,0,0,1
6,grate,Task B ,2,3,0,-2.229889305,0.135,1,128.7877466,0,0,4
6,grate,Task B ,2,3,1,-7.433983073,0.135,2,241.3995833,0,0,4
6,grate,Task B ,2,3,1,-4.798727835,0.067,2,17.63468025,0,0,3
6,grate,Task B ,1,3,1,-1.756221696,0.067,1,246.0403541,0,0,3
6,grate,Task B ,1,2,0,-17.85083913,0.033,2,107.0167679,0,0,1
7,grate,Task B ,1,4,0,5.820173558,0.067,2,2.816044459,0,0,3
7,grate,Task B ,1,4,1,-0.196279105,0.135,1,57.14574909,0,0,4
7,grate,Task B ,1,4,0,-10.26733207,0.067,2,272.407925,0,0,3
7,grate,Task B ,1,4,1,-6.375152244,0.05,1,167.1396521,0,0,2
7,grate,Task B ,1,4,0,3.063515085,0.033,2,150.4795865,0,0,1
7,grate,Task B ,1,4,1,1.350021957,0.033,1,306.641182,0,0,1
8,grate,Task B ,1,1,1,-0.400323867,0.033,1,109.1496819,0,0,1
8,grate,Task B ,1,3,1,-0.157385898,0.135,1,116.9040473,0,0,4
8,grate,Task B ,1,1,0,-1.590678499,0.033,2,300.2816826,0,0,1
8,grate,Task B ,2,2,0,-3.488994244,0.05,1,346.1266237,0,0,2
8,grate,Task B ,2,3,0,2.440754952,0.033,1,104.3794815,0,0,1
8,grate,Task B ,2,2,0,-2.910375302,0.05,1,312.5985845,0,0,2
9,grate,Task B ,1,1,0,18.08339792,0.067,2,328.1426985,0,0,3
9,grate,Task B ,1,4,0,1.668418514,0.135,2,240.0963067,0,0,4
9,grate,Task B ,2,4,1,-25.62655412,0.067,2,293.6099361,0,0,3
9,grate,Task B ,1,4,1,-2.92116852,0.135,1,286.7855737,0,0,4
9,grate,Task B ,2,1,0,1.516695212,0.033,1,322.8574254,0,0,1
9,grate,Task B ,1,1,1,1.164399282,0.067,1,192.9559432,0,0,3
10,grate,Task B ,1,2,1,-2.915244441,0.135,1,132.1338068,0,0,4
10,grate,Task B ,1,1,1,-2.618954723,0.135,1,119.8721571,0,0,4
10,grate,Task B ,1,1,1,3.689837772,0.05,1,209.5781099,0,0,2
10,grate,Task B ,1,1,1,-7.913544057,0.067,1,12.1720919,0,0,3
10,grate,Task B ,1,1,0,-7.445721005,0.067,2,22.21170428,0,0,3
10,grate,Task B ,1,1,0,5.737266016,0.033,2,153.4027555,0,0,1
1,grate,Task B ,1,3,0,9.728583449,0.05,2,344.0655726,0,0,2
1,grate,Task B ,1,4,1,-4.918694213,0.067,1,343.8159069,0,0,3
1,grate,Task B ,1,2,0,6.203767944,0.033,2,186.9988775,0,0,1
1,grate,Task B ,1,2,1,0.932597557,0.05,1,52.56296486,0,0,2
1,grate,Task B ,1,1,0,-2.064760559,0.033,2,39.0042627,0,0,1
1,grate,Task B ,1,2,1,2.320698168,0.033,1,23.82172373,0,0,1
2,grate,Task B ,1,1,1,0.56576694,0.033,1,110.5223405,0,0,1
2,grate,Task B ,1,2,1,-1.851142312,0.135,1,63.53050064,0,0,4
2,grate,Task B ,2,1,1,7.6622248,0.05,2,171.6327015,0,0,2
2,grate,Task B ,1,1,0,1.111586045,0.05,2,273.0430858,0,0,2
2,grate,Task B ,1,2,0,-7.804882967,0.05,2,72.527783,0,0,2
2,grate,Task B ,1,3,0,-7.26079158,0.067,2,246.3939736,0,0,3
3,grate,Task B ,2,2,0,-1.048452941,0.135,1,110.1260379,0,0,4
3,grate,Task B ,2,4,1,-22.8744969,0.135,2,143.8066305,0,0,4
3,grate,Task B ,2,4,1,14.54223213,0.135,2,104.9360029,0,0,4
3,grate,Task B ,2,4,1,7.473951596,0.067,2,198.2793308,0,0,3
3,grate,Task B ,1,4,1,3.377448879,0.135,1,27.14962883,0,0,4
3,grate,Task B ,1,3,1,0.779625907,0.067,1,186.7618114,0,0,3
4,grate,Task B ,1,1,0,-13.37697448,0.033,2,325.8926348,0,0,1
4,grate,Task B ,1,2,0,-3.672391228,0.033,2,180.7681101,0,0,1
4,grate,Task B ,2,4,1,-23.01357809,0.135,2,14.66070568,0,0,4
4,grate,Task B ,1,1,1,-2.955278003,0.05,1,236.2711875,0,0,2
4,grate,Task B ,2,4,1,6.78824232,0.135,2,65.91724595,0,0,4
4,grate,Task B ,1,3,0,-8.299894838,0.05,2,305.9765233,0,0,2
5,grate,Task B ,2,4,1,19.1241541,0.135,2,26.81397445,0,0,4
5,grate,Task B ,1,2,1,-4.395504397,0.067,1,271.339558,0,0,3
5,grate,Task B ,2,4,1,35.55918008,0.067,2,15.64254834,0,0,3
5,grate,Task B ,1,4,0,0.33708697,0.067,2,323.7489029,0,0,3
5,grate,Task B ,1,3,0,-3.871617729,0.05,2,99.82663658,0,0,2
5,grate,Task B ,2,4,1,18.902684,0.135,2,167.9607627,0,0,4
6,grate,Task B ,2,3,1,-1.722139692,0.05,2,107.4141474,0,0,2
6,grate,Task B ,1,2,0,-6.643073662,0.05,2,152.8811783,0,0,2
6,grate,Task B ,1,2,1,3.957334711,0.067,1,350.5552262,0,0,3
6,grate,Task B ,1,3,1,-1.508575895,0.067,1,219.1433459,0,0,3
6,grate,Task B ,1,3,1,-5.008607728,0.067,1,358.3610446,0,0,3
6,grate,Task B ,1,3,1,-3.692388666,0.067,1,189.0089448,0,0,3
7,grate,Task B ,1,1,0,-2.813399553,0.05,2,359.0940466,0,0,2
7,grate,Task B ,1,4,0,4.594942224,0.033,2,202.6447897,0,0,1
7,grate,Task B ,1,4,0,-22.56122494,0.033,2,301.9078641,0,0,1
7,grate,Task B ,2,4,0,6.099341557,0.067,1,31.50761562,0,0,3
7,grate,Task B ,2,1,1,5.351315681,0.033,2,353.7780638,0,0,1
7,grate,Task B ,1,4,1,-0.451659896,0.05,1,139.6060032,0,0,2
8,grate,Task B ,1,1,0,-2.991851753,0.033,2,76.7748435,0,0,1
8,grate,Task B ,1,2,1,4.069223779,0.05,1,77.13259942,0,0,2
8,grate,Task B ,1,1,1,-8.524681733,0.033,1,242.0068563,0,0,1
8,grate,Task B ,1,4,0,2.724776743,0.135,2,95.23262083,0,0,4
8,grate,Task B ,1,4,1,0.563832221,0.067,1,292.1809637,0,0,3
8,grate,Task B ,2,4,1,-18.53830625,0.067,2,319.8719071,0,0,3
9,grate,Task B ,1,1,0,-4.956640396,0.05,2,200.1495228,0,0,2
9,grate,Task B ,1,4,1,-0.988245087,0.135,1,42.16600717,0,0,4
9,grate,Task B ,1,4,1,-0.809301083,0.135,1,57.54220099,0,0,4
9,grate,Task B ,1,1,0,-2.118266612,0.05,2,222.3076642,0,0,2
9,grate,Task B ,2,2,1,0.342652233,0.067,2,352.2828021,0,0,3
9,grate,Task B ,1,4,0,-3.639944077,0.135,2,96.91434152,0,0,4
10,grate,Task B ,1,1,1,2.139744061,0.05,1,148.2067242,0,0,2
10,grate,Task B ,1,1,0,-6.040098118,0.067,2,127.3809921,0,0,3
10,grate,Task B ,2,1,1,-10.09869403,0.135,2,218.2293606,0,0,4
10,grate,Task B ,1,1,0,-6.280407388,0.033,2,337.3388744,0,0,1
10,grate,Task B ,2,1,1,-16.94333123,0.067,2,129.9888513,0,0,3
10,grate,Task B ,2,1,1,-18.88267449,0.05,2,61.32540484,0,0,2
1,grate,Task B ,2,3,1,-6.281333619,0.135,2,110.0765867,0,0,4
1,grate,Task B ,1,1,1,-1.374982938,0.033,1,310.8537366,0,0,1
1,grate,Task B ,2,1,0,1.484542903,0.033,1,113.946536,0,0,1
1,grate,Task B ,1,1,0,8.063744497,0.033,2,218.6997813,0,0,1
1,grate,Task B ,1,2,1,1.665791929,0.05,1,235.0829566,0,0,2
1,grate,Task B ,1,3,0,4.208283819,0.05,2,344.7206095,0,0,2
2,grate,Task B ,2,1,0,-4.840287179,0.05,1,233.7938523,0,0,2
2,grate,Task B ,1,3,0,-4.319765933,0.05,2,194.2641673,0,0,2
2,grate,Task B ,1,2,0,9.378500297,0.05,2,111.2787196,0,0,2
2,grate,Task B ,1,2,1,2.125896343,0.033,1,88.03635926,0,0,1
2,grate,Task B ,1,1,1,-3.0440804,0.05,1,159.0202313,0,0,2
2,grate,Task B ,2,2,0,-0.756607396,0.05,1,311.0897658,0,0,2
3,grate,Task B ,2,1,1,-2.385544074,0.033,2,138.9711542,0,0,1
3,grate,Task B ,1,3,1,-2.342053722,0.05,1,263.3921007,0,0,2
3,grate,Task B ,2,2,1,-5.362647618,0.067,2,128.5261618,0,0,3
3,grate,Task B ,1,2,1,-1.308448102,0.135,1,99.81194276,0,0,4
3,grate,Task B ,1,2,1,-0.347357192,0.033,1,38.94524765,0,0,1
3,grate,Task B ,1,2,1,-0.027985214,0.033,1,299.5328208,0,0,1
4,grate,Task B ,1,3,1,-0.835546241,0.067,1,121.9993183,0,0,3
4,grate,Task B ,1,4,1,-0.398449076,0.135,1,136.7131972,0,0,4
4,grate,Task B ,1,4,0,0.968421076,0.135,2,113.4708781,0,0,4
4,grate,Task B ,1,3,1,2.385946793,0.135,1,269.8924404,0,0,4
4,grate,Task B ,1,2,1,1.132041289,0.05,1,228.06807,0,0,2
4,grate,Task B ,1,1,1,0.507378162,0.033,1,30.52919795,0,0,1
5,grate,Task B ,2,4,1,-12.71658627,0.067,2,57.95953104,0,0,3
5,grate,Task B ,1,2,1,-3.968475345,0.033,1,116.7350347,0,0,1
5,grate,Task B ,1,4,1,5.924402705,0.067,1,196.3134192,0,0,3
5,grate,Task B ,1,4,0,3.985609624,0.05,2,63.2500459,0,0,2
5,grate,Task B ,2,4,1,-11.6572871,0.05,2,291.6857255,0,0,2
5,grate,Task B ,1,3,1,4.714941461,0.135,1,88.14620278,0,0,4
6,grate,Task B ,1,3,1,-2.225368437,0.067,1,292.2696506,0,0,3
6,grate,Task B ,1,2,0,-6.643086126,0.067,2,119.0131949,0,0,3
6,grate,Task B ,1,3,1,1.647375186,0.033,1,103.4919342,0,0,1
6,grate,Task B ,2,3,0,-2.953625502,0.135,1,39.28193901,0,0,4
6,grate,Task B ,1,1,1,-3.41342017,0.033,1,191.4982338,0,0,1
6,grate,Task B ,1,3,1,-0.288777947,0.05,1,271.3579726,0,0,2
7,grate,Task B ,1,4,1,-5.58626674,0.033,1,61.16418672,0,0,1
7,grate,Task B ,1,4,1,-2.015591803,0.033,1,223.9628597,0,0,1
7,grate,Task B ,2,4,1,-17.98765513,0.135,2,177.4925118,0,0,4
7,grate,Task B ,2,4,1,11.24849093,0.135,2,10.56579235,0,0,4
7,grate,Task B ,1,4,0,-4.577120711,0.05,2,162.1088271,0,0,2
7,grate,Task B ,1,1,1,5.288555304,0.067,1,51.072252,0,0,3
8,grate,Task B ,1,2,0,-3.462528883,0.05,2,230.6735877,0,0,2
8,grate,Task B ,1,3,1,3.635435494,0.067,1,6.414221842,0,0,3
8,grate,Task B ,2,1,0,-0.640117514,0.05,1,359.5231953,0,0,2
8,grate,Task B ,2,2,1,-0.949521727,0.067,2,59.05228803,0,0,3
8,grate,Task B ,2,2,0,1.577744956,0.05,1,224.1538812,0,0,2
8,grate,Task B ,1,2,0,-9.186754646,0.033,2,75.65881112,0,0,1
9,grate,Task B ,2,2,0,1.33788302,0.033,1,60.67239508,0,0,1
9,grate,Task B ,1,1,1,-1.266875798,0.05,1,317.7847456,0,0,2
9,grate,Task B ,1,1,1,0.864771686,0.067,1,274.7506022,0,0,3
9,grate,Task B ,2,1,1,28.53018396,0.033,2,47.37452377,0,0,1
9,grate,Task B ,1,1,1,0.579572562,0.05,1,52.2872659,0,0,2
9,grate,Task B ,1,4,1,0.472509419,0.067,1,42.55763118,0,0,3
10,grate,Task B ,1,2,1,-1.666644315,0.05,1,112.5181692,0,0,2
10,grate,Task B ,1,1,1,-2.285156072,0.05,1,352.7449216,0,0,2
10,grate,Task B ,1,1,0,0.53348342,0.067,2,172.3208918,0,0,3
10,grate,Task B ,2,1,1,-7.684862995,0.135,2,297.5572497,0,0,4
10,grate,Task B ,2,1,1,13.8117456,0.067,2,54.67322207,0,0,3
10,grate,Task B ,1,2,1,-2.731854263,0.135,1,344.7961652,0,0,4
1,grate,Task B ,1,3,1,-1.105505762,0.067,1,92.86876212,0,0,3
1,grate,Task B ,1,3,1,-5.024307112,0.05,1,156.9486899,0,0,2
1,grate,Task B ,1,3,1,2.782632923,0.05,1,33.38618393,0,0,2
1,grate,Task B ,2,4,1,-17.47805318,0.135,2,11.99942072,0,0,4
1,grate,Task B ,2,4,1,19.00607772,0.135,2,136.3102104,0,0,4
1,grate,Task B ,1,3,1,4.417421559,0.05,1,103.8107273,0,0,2
2,grate,Task B ,1,1,0,6.985067896,0.05,2,38.26159613,0,0,2
2,grate,Task B ,2,2,1,10.46351391,0.067,2,73.30918078,0,0,3
2,grate,Task B ,1,1,1,1.47784864,0.05,1,0.780737759,0,0,2
2,grate,Task B ,1,2,1,-2.67186287,0.135,1,284.1643178,0,0,4
2,grate,Task B ,1,1,1,2.253168594,0.033,1,348.5109941,0,0,1
2,grate,Task B ,2,2,0,0.867649021,0.05,1,15.49236087,0,0,2
3,grate,Task B ,2,4,0,5.735943204,0.135,1,219.0274502,0,0,4
3,grate,Task B ,1,1,0,2.016012237,0.05,2,290.037833,0,0,2
3,grate,Task B ,2,1,1,-2.224525923,0.033,2,112.9606666,0,0,1
3,grate,Task B ,1,1,1,0.776323981,0.033,1,280.5604033,0,0,1
3,grate,Task B ,1,2,1,3.674145572,0.135,1,246.3300242,0,0,4
3,grate,Task B ,2,1,1,11.91335698,0.033,2,6.605699075,0,0,1
4,grate,Task B ,1,2,0,16.35681085,0.033,2,225.0582972,0,0,1
4,grate,Task B ,1,3,1,0.532148493,0.135,1,162.1445367,0,0,4
4,grate,Task B ,2,3,0,1.350468984,0.067,1,196.9202467,0,0,3
4,grate,Task B ,1,3,0,1.901562937,0.067,2,258.4954553,0,0,3
4,grate,Task B ,2,3,0,-5.092834803,0.135,1,49.51028284,0,0,4
4,grate,Task B ,1,2,1,2.18920244,0.033,1,349.4624918,0,0,1
5,grate,Task B ,1,4,0,-3.382509569,0.033,2,310.2300025,0,0,1
5,grate,Task B ,1,1,1,-0.263121191,0.033,1,261.6482069,0,0,1
5,grate,Task B ,1,4,1,-3.418523432,0.135,1,100.0666845,0,0,4
5,grate,Task B ,1,2,1,2.378242237,0.067,1,332.181448,0,0,3
5,grate,Task B ,2,4,1,-4.815925619,0.05,2,286.2547768,0,0,2
5,grate,Task B ,1,4,1,5.893055091,0.05,1,156.5196901,0,0,2
6,grate,Task B ,2,3,1,-18.23591193,0.135,2,5.875571712,0,0,4
6,grate,Task B ,2,2,0,-7.198645373,0.05,1,312.7466937,0,0,2
6,grate,Task B ,1,1,0,-1.42030707,0.033,2,316.9110781,0,0,1
6,grate,Task B ,2,3,0,-0.458708118,0.135,1,356.3574492,0,0,4
6,grate,Task B ,1,3,1,-2.730620263,0.05,1,104.570763,0,0,2
6,grate,Task B ,1,3,1,1.123396565,0.135,1,95.13163193,0,0,4
7,grate,Task B ,1,4,1,2.286318021,0.05,1,256.9583913,0,0,2
7,grate,Task B ,1,4,1,0.139156961,0.05,1,268.7145651,0,0,2
7,grate,Task B ,1,4,0,5.613867351,0.033,2,293.4795418,0,0,1
7,grate,Task B ,1,4,0,-0.21656824,0.135,2,209.2462301,0,0,4
7,grate,Task B ,2,4,1,-4.211468744,0.135,2,55.91168845,0,0,4
7,grate,Task B ,1,1,0,8.704480864,0.033,2,283.7897923,0,0,1
8,grate,Task B ,1,1,1,-0.051457761,0.033,1,105.2484589,0,0,1
8,grate,Task B ,2,2,0,-3.015229058,0.05,1,14.79446451,0,0,2
8,grate,Task B ,1,1,0,-7.468003822,0.05,2,92.23179094,0,0,2
8,grate,Task B ,1,4,1,1.271979019,0.135,1,213.5554675,0,0,4
8,grate,Task B ,2,4,0,-8.611190766,0.135,1,155.4685277,0,0,4
8,grate,Task B ,1,1,0,-13.1608275,0.033,2,339.2679806,0,0,1
9,grate,Task B ,2,4,0,2.570962677,0.05,1,354.5505749,0,0,2
9,grate,Task B ,2,4,1,4.536173702,0.05,2,169.9877182,0,0,2
9,grate,Task B ,1,4,0,-7.501177092,0.067,2,232.9535276,0,0,3
9,grate,Task B ,1,4,0,10.88222925,0.135,2,85.60300473,0,0,4
9,grate,Task B ,1,4,1,-4.48090325,0.135,1,181.9580845,0,0,4
9,grate,Task B ,1,4,0,1.056546418,0.067,2,13.79952428,0,0,3
10,grate,Task B ,2,2,1,-14.48766419,0.05,2,70.22588888,0,0,2
10,grate,Task B ,1,1,1,5.593462054,0.033,1,347.8902096,0,0,1
10,grate,Task B ,2,1,1,-7.953680935,0.067,2,331.9269456,0,0,3
10,grate,Task B ,1,1,1,-2.107654294,0.033,1,150.3853834,0,0,1
10,grate,Task B ,1,1,1,-0.177517013,0.135,1,56.09816602,0,0,4
10,grate,Task B ,1,1,1,1.956270895,0.135,1,321.7771725,0,0,4
1,grate,Task B ,1,2,0,4.374649767,0.033,2,302.9274651,0,0,1
1,grate,Task B ,1,2,1,-2.518860852,0.067,1,73.57176039,0,0,3
1,grate,Task B ,2,3,1,-3.97506291,0.05,2,163.0502341,0,0,2
1,grate,Task B ,2,3,0,-0.391432032,0.05,1,41.16453777,0,0,2
1,grate,Task B ,1,1,0,0.681828076,0.033,2,161.1156496,0,0,1
1,grate,Task B ,2,1,1,7.72538492,0.033,2,331.3641788,0,0,1
2,grate,Task B ,1,1,0,5.636218844,0.067,2,89.4529612,0,0,3
2,grate,Task B ,2,4,1,-10.05002357,0.067,2,256.72367,0,0,3
2,grate,Task B ,1,1,0,11.47057007,0.067,2,6.733253263,0,0,3
2,grate,Task B ,1,1,0,-2.291411993,0.05,2,100.270462,0,0,2
2,grate,Task B ,2,4,1,18.9011829,0.135,2,99.07610597,0,0,4
2,grate,Task B ,2,2,1,-2.071020468,0.067,2,312.7756712,0,0,3
3,grate,Task B ,1,3,1,-0.770170718,0.05,1,128.7652684,0,0,2
3,grate,Task B ,1,2,1,2.81231882,0.033,1,36.22032419,0,0,1
3,grate,Task B ,2,4,1,-9.565166648,0.135,2,90.15337049,0,0,4
3,grate,Task B ,1,1,0,-6.408485482,0.033,2,242.1883491,0,0,1
3,grate,Task B ,1,2,0,-0.582146335,0.033,2,181.7158277,0,0,1
3,grate,Task B ,2,2,1,2.487532209,0.135,2,43.65060969,0,0,4
4,grate,Task B ,2,1,0,-2.594845912,0.05,1,229.562306,0,0,2
4,grate,Task B ,1,2,1,-0.632477439,0.05,1,252.870317,0,0,2
4,grate,Task B ,2,4,1,5.037282534,0.067,2,44.46475678,0,0,3
4,grate,Task B ,2,3,0,-0.5371877,0.067,1,145.8537937,0,0,3
4,grate,Task B ,1,2,0,-1.489966289,0.033,2,140.1123109,0,0,1
4,grate,Task B ,1,3,0,-11.87085162,0.05,2,124.591783,0,0,2
5,grate,Task B ,1,2,0,2.522283395,0.05,2,158.212816,0,0,2
5,grate,Task B ,1,3,1,-0.732116929,0.135,1,206.6523392,0,0,4
5,grate,Task B ,2,4,1,11.62971956,0.033,2,192.4720067,0,0,1
5,grate,Task B ,2,4,1,-18.96279877,0.05,2,189.7959934,0,0,2
5,grate,Task B ,1,3,1,-5.240924645,0.05,1,58.37293366,0,0,2
5,grate,Task B ,1,1,0,2.085916273,0.033,2,212.2657907,0,0,1
6,grate,Task B ,1,3,1,0.197465762,0.067,1,19.1431177,0,0,3
6,grate,Task B ,1,3,1,-3.898933639,0.033,1,190.616228,0,0,1
6,grate,Task B ,2,3,0,-0.089352738,0.05,1,197.8684053,0,0,2
6,grate,Task B ,1,3,0,-1.257428809,0.05,2,107.2651623,0,0,2
6,grate,Task B ,2,3,1,-5.064575482,0.135,2,83.6317607,0,0,4
6,grate,Task B ,2,2,1,8.430940176,0.135,2,210.1947072,0,0,4
7,grate,Task B ,1,1,0,6.43304918,0.05,2,178.0189026,0,0,2
7,grate,Task B ,2,4,1,6.442811475,0.05,2,10.82274124,0,0,2
7,grate,Task B ,1,4,0,0.351390308,0.067,2,114.2962799,0,0,3
7,grate,Task B ,2,4,1,-6.717951448,0.05,2,26.9333757,0,0,2
7,grate,Task B ,2,4,1,-19.55835172,0.067,2,47.18953113,0,0,3
7,grate,Task B ,1,4,1,-2.417785373,0.067,1,129.2363123,0,0,3
8,grate,Task B ,1,2,1,-2.359864222,0.067,1,91.21503342,0,0,3
8,grate,Task B ,1,2,1,-0.10284987,0.067,1,225.1513581,0,0,3
8,grate,Task B ,2,2,0,-0.851804396,0.05,1,140.5832154,0,0,2
8,grate,Task B ,1,1,1,-3.609438456,0.033,1,304.8490732,0,0,1
8,grate,Task B ,2,2,0,1.222726571,0.067,1,304.621469,0,0,3
8,grate,Task B ,1,1,1,-1.318201055,0.033,1,70.63590522,0,0,1
9,grate,Task B ,2,4,1,14.38489511,0.135,2,144.4509556,0,0,4
9,grate,Task B ,1,1,0,12.00045658,0.033,2,342.8910731,0,0,1
9,grate,Task B ,1,1,0,8.073312985,0.033,2,202.4343659,0,0,1
9,grate,Task B ,2,3,1,11.73501378,0.05,2,68.60366922,0,0,2
9,grate,Task B ,1,4,1,-2.67818947,0.135,1,253.3515922,0,0,4
9,grate,Task B ,1,4,0,4.381802589,0.05,2,13.68556696,0,0,2
10,grate,Task B ,2,1,1,-6.223424234,0.067,2,9.012434224,0,0,3
10,grate,Task B ,1,1,1,-6.288975111,0.067,1,204.7181032,0,0,3
10,grate,Task B ,1,1,0,-0.450709212,0.033,2,337.9559506,0,0,1
10,grate,Task B ,1,1,0,-5.234858754,0.067,2,61.78370019,0,0,3
10,grate,Task B ,1,1,0,2.82749423,0.135,2,252.8115963,0,0,4
10,grate,Task B ,1,1,0,-5.719832475,0.067,2,88.13920807,0,0,3
1,grate,Task B ,2,4,1,-31.11296267,0.135,2,6.526587535,0,0,4
1,grate,Task B ,2,3,1,-8.577941555,0.067,2,0.358163416,0,0,3
1,grate,Task B ,2,1,0,-1.600596187,0.05,1,180.5265895,0,0,2
1,grate,Task B ,1,2,0,-2.114464113,0.067,2,84.50143488,0,0,3
1,grate,Task B ,1,1,1,-3.186013433,0.033,1,254.5348139,0,0,1
1,grate,Task B ,1,3,1,0.576673602,0.135,1,335.8675723,0,0,4
2,grate,Task B ,1,1,1,1.745084694,0.033,1,313.0660314,0,0,1
2,grate,Task B ,1,1,1,-2.047564206,0.05,1,124.5169548,0,0,2
2,grate,Task B ,1,2,0,-3.410939401,0.067,2,95.66815395,0,0,3
2,grate,Task B ,1,2,0,5.998088531,0.135,2,114.7648579,0,0,4
2,grate,Task B ,1,2,1,-0.088608598,0.067,1,169.8285343,0,0,3
2,grate,Task B ,2,2,1,-24.46651437,0.05,2,29.02006014,0,0,2
3,grate,Task B ,2,3,1,-5.241765858,0.05,2,265.6513016,0,0,2
3,grate,Task B ,1,3,1,1.599278386,0.067,1,159.0619615,0,0,3
3,grate,Task B ,1,3,1,0.95660927,0.05,1,96.77024695,0,0,2
3,grate,Task B ,2,4,0,-4.042398485,0.135,1,289.3438732,0,0,4
3,grate,Task B ,1,1,0,16.75925189,0.033,2,50.12338793,0,0,1
3,grate,Task B ,1,1,1,-3.572804029,0.067,1,51.94643882,0,0,3
4,grate,Task B ,1,3,0,2.86643606,0.067,2,84.64623569,0,0,3
4,grate,Task B ,1,4,1,-0.451544409,0.135,1,326.2244109,0,0,4
4,grate,Task B ,1,4,1,-6.539529695,0.067,1,48.59638593,0,0,3
4,grate,Task B ,1,1,0,-6.495460599,0.033,2,97.41121269,0,0,1
4,grate,Task B ,1,1,1,1.14527475,0.033,1,191.8103006,0,0,1
4,grate,Task B ,1,2,1,4.731081435,0.05,1,19.68004965,0,0,2
5,grate,Task B ,2,4,1,9.570369264,0.135,2,306.2142526,0,0,4
5,grate,Task B ,1,3,1,-1.71642844,0.05,1,277.8776765,0,0,2
5,grate,Task B ,1,1,1,-0.527393328,0.033,1,115.9480948,0,0,1
5,grate,Task B ,1,4,1,-3.102313599,0.067,1,354.9632748,0,0,3
5,grate,Task B ,2,4,1,-16.82798362,0.135,2,49.74058544,0,0,4
5,grate,Task B ,2,4,1,8.502077394,0.067,2,354.5760156,0,0,3
6,grate,Task B ,1,3,1,3.345757616,0.05,1,244.5548959,0,0,2
6,grate,Task B ,2,3,1,11.17439696,0.067,2,176.6817384,0,0,3
6,grate,Task B ,2,3,1,4.787041929,0.033,2,331.8496281,0,0,1
6,grate,Task B ,2,1,0,-0.790749091,0.135,1,153.3833147,0,0,4
6,grate,Task B ,2,1,0,-1.298168737,0.033,1,94.13552495,0,0,1
6,grate,Task B ,2,3,0,-1.368458287,0.067,1,197.1729237,0,0,3
7,grate,Task B ,2,4,1,-3.186310836,0.067,2,210.4005237,0,0,3
7,grate,Task B ,1,4,1,-0.285744971,0.033,1,327.7023581,0,0,1
7,grate,Task B ,1,4,1,5.475109812,0.067,1,159.3222602,0,0,3
7,grate,Task B ,1,4,0,-1.176848154,0.033,2,55.4516557,0,0,1
7,grate,Task B ,1,4,0,-1.76482337,0.05,2,46.82891749,0,0,2
7,grate,Task B ,2,1,0,0.937474993,0.033,1,150.1695796,0,0,1
8,grate,Task B ,1,2,1,1.497108261,0.033,1,119.9781727,0,0,1
8,grate,Task B ,1,2,0,10.99717844,0.05,2,86.16486198,0,0,2
8,grate,Task B ,2,2,1,9.514101261,0.067,2,30.80323312,0,0,3
8,grate,Task B ,2,3,1,-14.82399614,0.067,2,16.74635388,0,0,3
8,grate,Task B ,2,1,1,-10.56485018,0.033,2,353.8005331,0,0,1
8,grate,Task B ,1,4,0,0.600589012,0.05,2,299.5691138,0,0,2
9,grate,Task B ,1,4,1,-1.824601975,0.05,1,36.26041148,0,0,2
9,grate,Task B ,1,1,0,12.40152406,0.033,2,211.7211656,0,0,1
9,grate,Task B ,1,4,0,-9.934798402,0.067,2,184.3890391,0,0,3
9,grate,Task B ,1,4,1,2.682353737,0.067,1,359.9345082,0,0,3
9,grate,Task B ,1,4,0,-4.581870004,0.135,2,86.54337534,0,0,4
9,grate,Task B ,1,1,1,-0.246409483,0.05,1,61.47301527,0,0,2
10,grate,Task B ,1,2,1,0.033212115,0.05,1,156.3605281,0,0,2
10,grate,Task B ,1,1,0,8.793548749,0.05,2,137.1183387,0,0,2
10,grate,Task B ,1,2,0,-25.78426641,0.067,2,176.9556068,0,0,3
10,grate,Task B ,1,1,1,-2.105135295,0.067,1,266.9776753,0,0,3
10,grate,Task B ,1,2,0,-0.613645752,0.135,2,340.6952757,0,0,4
10,grate,Task B ,1,1,1,2.906577427,0.05,1,76.25896941,0,0,2
1,grate,Task B ,1,1,0,18.05232492,0.033,2,25.38988954,0,0,1
1,grate,Task B ,1,2,1,-3.145654491,0.033,1,343.2943111,0,0,1
1,grate,Task B ,1,3,1,2.955727062,0.067,1,356.2058054,0,0,3
1,grate,Task B ,1,2,1,4.237862009,0.067,1,81.68081295,0,0,3
1,grate,Task B ,1,3,1,-0.279330089,0.135,1,336.1160465,0,0,4
1,grate,Task B ,1,1,0,-6.363257296,0.033,2,55.93404264,0,0,1
2,grate,Task B ,2,1,0,0.788768306,0.05,1,99.91921604,0,0,2
2,grate,Task B ,1,1,0,8.196012844,0.067,2,351.1108515,0,0,3
2,grate,Task B ,1,4,1,-0.0238039,0.135,1,28.37745475,0,0,4
2,grate,Task B ,1,4,1,0.650096377,0.135,1,179.1583152,0,0,4
2,grate,Task B ,2,4,1,-13.36816808,0.135,2,209.6040074,0,0,4
2,grate,Task B ,2,4,1,17.06290805,0.135,2,44.49560566,0,0,4
3,grate,Task B ,1,3,1,-3.519000208,0.067,1,177.2997835,0,0,3
3,grate,Task B ,2,3,1,5.453718465,0.135,2,52.63911291,0,0,4
3,grate,Task B ,1,2,0,-3.781693636,0.033,2,243.4259705,0,0,1
3,grate,Task B ,1,1,1,1.567351563,0.135,1,287.9334233,0,0,4
3,grate,Task B ,1,1,1,-1.294756431,0.067,1,22.14281429,0,0,3
3,grate,Task B ,1,4,1,-0.762340802,0.135,1,327.2140769,0,0,4
4,grate,Task B ,2,4,1,7.004385803,0.067,2,284.5687754,0,0,3
4,grate,Task B ,1,3,1,2.682237096,0.067,1,282.7293252,0,0,3
4,grate,Task B ,2,4,1,-16.4874338,0.067,2,182.2198794,0,0,3
4,grate,Task B ,1,4,1,-1.869561572,0.067,1,86.77270123,0,0,3
4,grate,Task B ,1,3,0,5.901388635,0.05,2,36.07321715,0,0,2
4,grate,Task B ,2,3,0,-4.443674923,0.067,1,84.19551203,0,0,3
5,grate,Task B ,2,4,1,-16.55159531,0.067,2,256.9016032,0,0,3
5,grate,Task B ,2,4,1,-3.398195001,0.135,2,332.4411838,0,0,4
5,grate,Task B ,1,4,0,6.806091099,0.05,2,119.1149812,0,0,2
5,grate,Task B ,1,4,1,-1.797264909,0.033,1,238.9323071,0,0,1
5,grate,Task B ,2,4,0,-0.612524003,0.05,1,332.9171477,0,0,2
5,grate,Task B ,1,3,1,0.591548022,0.033,1,338.5876639,0,0,1
6,grate,Task B ,1,3,1,-0.63866637,0.067,1,106.5049331,0,0,3
6,grate,Task B ,1,3,0,-17.73957365,0.135,2,170.4610169,0,0,4
6,grate,Task B ,2,3,1,17.73919865,0.067,2,176.1436642,0,0,3
6,grate,Task B ,1,2,0,2.538165381,0.033,2,160.2040361,0,0,1
6,grate,Task B ,2,3,1,-7.695900121,0.067,2,214.3682799,0,0,3
6,grate,Task B ,1,2,1,0.894378136,0.05,1,120.6054191,0,0,2
7,grate,Task B ,2,4,1,-12.21917962,0.135,2,321.0809628,0,0,4
7,grate,Task B ,2,4,1,21.18973513,0.067,2,90.80553238,0,0,3
7,grate,Task B ,1,4,0,-13.85339468,0.067,2,177.7256119,0,0,3
7,grate,Task B ,1,4,1,1.048859595,0.05,1,200.1840128,0,0,2
7,grate,Task B ,1,4,0,-1.856299754,0.135,2,343.9570297,0,0,4
7,grate,Task B ,2,4,1,-5.558901393,0.135,2,15.91945698,0,0,4
8,grate,Task B ,2,1,0,6.658178404,0.033,1,343.7240487,0,0,1
8,grate,Task B ,1,2,0,-0.756511588,0.05,2,129.310149,0,0,2
8,grate,Task B ,1,3,0,-0.441082787,0.135,2,31.82832735,0,0,4
8,grate,Task B ,1,3,1,-1.72698165,0.05,1,13.98360889,0,0,2
8,grate,Task B ,2,2,1,7.132658774,0.033,2,102.1566729,0,0,1
8,grate,Task B ,2,2,0,-1.632408918,0.067,1,310.8937966,0,0,3
9,grate,Task B ,1,4,1,-4.991954935,0.067,1,222.5306839,0,0,3
9,grate,Task B ,1,1,1,-3.380811468,0.05,1,276.7064351,0,0,2
9,grate,Task B ,1,4,1,-3.510460604,0.135,1,333.5575305,0,0,4
9,grate,Task B ,2,1,0,-0.383352105,0.033,1,7.866198185,0,0,1
9,grate,Task B ,1,1,0,-11.87704008,0.033,2,44.29539221,0,0,1
9,grate,Task B ,1,1,1,-0.223730909,0.033,1,296.3381457,0,0,1
10,grate,Task B ,1,2,0,14.50451535,0.033,2,269.4319894,0,0,1
10,grate,Task B ,2,1,0,2.074959074,0.05,1,149.1575427,0,0,2
10,grate,Task B ,1,2,1,-2.842234274,0.05,1,110.190924,0,0,2
10,grate,Task B ,1,1,1,0.039308333,0.05,1,124.3519436,0,0,2
10,grate,Task B ,1,1,0,12.59589398,0.05,2,243.0197332,0,0,2
10,grate,Task B ,1,1,0,-6.882393062,0.033,2,189.5901733,0,0,1
1,grate,Task B ,1,3,1,-4.709773445,0.067,1,103.0849484,0,0,3
1,grate,Task B ,1,3,0,1.507352873,0.135,2,217.1094542,0,0,4
1,grate,Task B ,1,2,1,-1.482548832,0.033,1,312.4316194,0,0,1
1,grate,Task B ,1,2,0,-2.364059541,0.135,2,286.197552,0,0,4
1,grate,Task B ,2,2,1,12.70812531,0.033,2,102.2753115,0,0,1
1,grate,Task B ,1,2,0,23.19686746,0.033,2,193.7870872,0,0,1
2,grate,Task B ,1,1,1,-2.129476623,0.135,1,279.539048,0,0,4
2,grate,Task B ,1,1,0,-2.763485703,0.067,2,76.22270091,0,0,3
2,grate,Task B ,1,1,1,-1.141381794,0.067,1,146.8652277,0,0,3
2,grate,Task B ,2,1,1,-6.943191727,0.033,2,340.7544593,0,0,1
2,grate,Task B ,1,2,0,-0.485179759,0.033,2,219.2718504,0,0,1
2,grate,Task B ,2,2,1,-20.35603084,0.05,2,276.5258451,0,0,2
3,grate,Task B ,2,4,1,-22.20749466,0.05,2,61.01888112,0,0,2
3,grate,Task B ,2,4,0,2.873683548,0.135,1,176.4974855,0,0,4
3,grate,Task B ,1,2,1,-0.967448477,0.067,1,187.7176254,0,0,3
3,grate,Task B ,1,1,1,4.522488282,0.05,1,10.98610067,0,0,2
3,grate,Task B ,1,3,1,0.939400706,0.067,1,201.6143565,0,0,3
3,grate,Task B ,2,4,0,-4.916817072,0.05,1,138.6275941,0,0,2
4,grate,Task B ,1,2,1,0.15712662,0.067,1,180.7837068,0,0,3
4,grate,Task B ,2,3,0,-4.393973685,0.067,1,356.0686104,0,0,3
4,grate,Task B ,2,4,1,-15.23304387,0.067,2,259.9984895,0,0,3
4,grate,Task B ,1,1,0,-5.81019592,0.033,2,29.43663472,0,0,1
4,grate,Task B ,1,1,1,9.554309579,0.067,1,249.6333568,0,0,3
4,grate,Task B ,2,4,0,-2.143565591,0.067,1,74.04284124,0,0,3
5,grate,Task B ,1,3,0,2.866262856,0.05,2,357.9520812,0,0,2
5,grate,Task B ,1,2,0,-12.16246531,0.033,2,78.2439486,0,0,1
5,grate,Task B ,1,3,1,3.768867422,0.033,1,345.222117,0,0,1
5,grate,Task B ,1,4,1,0.168119228,0.05,1,37.11764122,0,0,2
5,grate,Task B ,2,4,1,7.030074655,0.067,2,131.3448585,0,0,3
5,grate,Task B ,1,2,1,4.33039256,0.033,1,167.9543435,0,0,1
6,grate,Task B ,1,2,1,-1.805247996,0.05,1,25.39054805,0,0,2
6,grate,Task B ,1,1,0,-14.94758763,0.033,2,58.1508513,0,0,1
6,grate,Task B ,2,3,1,-1.094075823,0.067,2,228.3724184,0,0,3
6,grate,Task B ,2,3,1,11.82730818,0.067,2,92.63933786,0,0,3
6,grate,Task B ,1,2,0,14.74978962,0.135,2,287.3228768,0,0,4
6,grate,Task B ,2,3,0,3.832204465,0.067,1,266.309105,0,0,3
7,grate,Task B ,2,4,1,-15.4199938,0.135,2,84.95995475,0,0,4
7,grate,Task B ,2,4,1,3.025390786,0.135,2,18.92882236,0,0,4
7,grate,Task B ,2,4,1,2.155720632,0.067,2,291.3821333,0,0,3
7,grate,Task B ,1,4,1,5.790800023,0.05,1,23.41255451,0,0,2
7,grate,Task B ,2,4,1,-10.70342348,0.135,2,260.3680923,0,0,4
7,grate,Task B ,2,4,1,-16.08953805,0.033,2,314.3317651,0,0,1
8,grate,Task B ,1,1,1,-1.290921968,0.033,1,11.23558588,0,0,1
8,grate,Task B ,2,4,1,11.88311224,0.135,2,151.0688848,0,0,4
8,grate,Task B ,2,1,1,7.629097946,0.033,2,352.0500835,0,0,1
8,grate,Task B ,2,4,1,-22.22411057,0.135,2,18.6910974,0,0,4
8,grate,Task B ,2,1,1,-6.789434425,0.033,2,212.785566,0,0,1
8,grate,Task B ,2,2,1,-16.68411738,0.05,2,157.3820713,0,0,2
9,grate,Task B ,1,1,0,12.64961203,0.033,2,122.0850303,0,0,1
9,grate,Task B ,1,1,0,-1.465411194,0.05,2,3.682293628,0,0,2
9,grate,Task B ,1,4,1,0.524521,0.135,1,45.86707918,0,0,4
9,grate,Task B ,1,4,1,3.741428189,0.067,1,342.851867,0,0,3
9,grate,Task B ,1,1,1,0.794541341,0.05,1,358.0532726,0,0,2
9,grate,Task B ,1,1,1,-5.312401306,0.033,1,102.8729643,0,0,1
10,grate,Task B ,1,1,0,3.718259874,0.067,2,0.899774172,0,0,3
10,grate,Task B ,1,2,0,6.081183371,0.067,2,359.1674688,0,0,3
10,grate,Task B ,1,1,0,9.793062963,0.033,2,135.6832539,0,0,1
10,grate,Task B ,1,1,1,-3.728374608,0.033,1,36.37454926,0,0,1
10,grate,Task B ,1,2,1,0.658161389,0.067,1,268.9772853,0,0,3
10,grate,Task B ,2,1,1,20.37724782,0.05,2,124.3597259,0,0,2
1,grate,Task B ,1,4,1,-0.095496887,0.135,1,121.1240839,0,0,4
1,grate,Task B ,2,4,1,20.256268,0.135,2,240.5488543,0,0,4
1,grate,Task B ,2,1,1,14.31556927,0.033,2,281.0630023,0,0,1
1,grate,Task B ,1,2,1,-0.502962983,0.067,1,218.2440718,0,0,3
1,grate,Task B ,1,2,0,5.250704157,0.135,2,343.7373247,0,0,4
1,grate,Task B ,1,2,1,4.403761328,0.033,1,346.2357362,0,0,1
2,grate,Task B ,1,1,0,-0.32865221,0.033,2,126.6350656,0,0,1
2,grate,Task B ,2,1,0,-1.562791749,0.067,1,242.5437883,0,0,3
2,grate,Task B ,1,2,1,0.957582324,0.135,1,315.6699271,0,0,4
2,grate,Task B ,1,3,1,-1.597863996,0.067,1,348.9399071,0,0,3
2,grate,Task B ,1,2,1,2.666192346,0.135,1,33.30246017,0,0,4
2,grate,Task B ,1,1,1,-1.721237914,0.067,1,30.59095483,0,0,3
3,grate,Task B ,2,4,1,1.907100734,0.135,2,22.36004695,0,0,4
3,grate,Task B ,1,4,1,0.902118245,0.135,1,357.010019,0,0,4
3,grate,Task B ,2,3,1,-6.989821899,0.135,2,221.3547484,0,0,4
3,grate,Task B ,1,1,1,1.170915167,0.05,1,40.85217204,0,0,2
3,grate,Task B ,2,4,1,-9.749982058,0.135,2,176.1884062,0,0,4
3,grate,Task B ,1,2,0,-8.441845504,0.033,2,245.5405858,0,0,1
4,grate,Task B ,1,2,0,0.764183559,0.033,2,71.95912501,0,0,1
4,grate,Task B ,1,4,1,-3.203436878,0.05,1,22.84793011,0,0,2
4,grate,Task B ,2,4,1,-24.57888013,0.135,2,250.7452056,0,0,4
4,grate,Task B ,1,1,0,-29.4481503,0.033,2,156.5403922,0,0,1
4,grate,Task B ,2,2,1,17.93138669,0.067,2,273.9282596,0,0,3
4,grate,Task B ,1,1,1,1.884936619,0.033,1,140.2541886,0,0,1
5,grate,Task B ,1,1,0,4.275726442,0.033,2,108.4655717,0,0,1
5,grate,Task B ,2,4,1,-1.109074937,0.033,2,95.42533619,0,0,1
5,grate,Task B ,2,4,1,7.589076257,0.135,2,285.927896,0,0,4
5,grate,Task B ,1,4,0,4.048021473,0.067,2,237.6716567,0,0,3
5,grate,Task B ,1,1,0,-1.310328555,0.05,2,191.112715,0,0,2
5,grate,Task B ,1,4,1,0.906577485,0.067,1,151.9539742,0,0,3
6,grate,Task B ,2,3,1,10.58932786,0.135,2,302.3124691,0,0,4
6,grate,Task B ,2,3,0,-0.819590701,0.05,1,112.8748926,0,0,2
6,grate,Task B ,2,3,1,14.22571926,0.05,2,303.2767718,0,0,2
6,grate,Task B ,2,3,0,-2.068554155,0.033,1,62.13986932,0,0,1
6,grate,Task B ,2,1,1,1.269089585,0.067,2,297.0295857,0,0,3
6,grate,Task B ,2,3,1,9.864831901,0.067,2,196.3619883,0,0,3
7,grate,Task B ,2,4,1,-8.450460693,0.067,2,337.8161617,0,0,3
7,grate,Task B ,1,4,1,2.727071143,0.067,1,257.5290435,0,0,3
7,grate,Task B ,1,4,0,1.254673404,0.033,2,299.1739051,0,0,1
7,grate,Task B ,1,4,1,1.557028929,0.033,1,299.5231507,0,0,1
7,grate,Task B ,1,4,1,-0.95927339,0.033,1,246.9373165,0,0,1
7,grate,Task B ,2,4,1,20.70334132,0.05,2,276.9723935,0,0,2
8,grate,Task B ,2,3,0,-1.025402682,0.067,1,313.8083052,0,0,3
8,grate,Task B ,2,3,0,1.999229608,0.067,1,35.06974449,0,0,3
8,grate,Task B ,2,1,0,1.909339082,0.033,1,27.414221,0,0,1
8,grate,Task B ,2,1,0,0.406924368,0.033,1,161.4409575,0,0,1
8,grate,Task B ,1,1,1,-1.100633163,0.067,1,295.5314411,0,0,3
8,grate,Task B ,1,4,1,2.42989118,0.135,1,228.1558218,0,0,4
9,grate,Task B ,1,4,1,-1.560679532,0.05,1,72.78071834,0,0,2
9,grate,Task B ,1,4,0,8.0541483,0.067,2,101.0070111,0,0,3
9,grate,Task B ,1,4,0,0.109911593,0.067,2,187.7355473,0,0,3
9,grate,Task B ,2,4,1,14.96893202,0.135,2,135.9569844,0,0,4
9,grate,Task B ,1,1,1,-2.744318225,0.033,1,291.3093557,0,0,1
9,grate,Task B ,2,4,1,8.569598231,0.135,2,238.6265766,0,0,4
10,grate,Task B ,2,2,1,-26.14920738,0.05,2,283.6174346,0,0,2
10,grate,Task B ,1,1,1,5.741674242,0.135,1,119.9334275,0,0,4
10,grate,Task B ,1,2,0,-1.598665369,0.067,2,294.3128019,0,0,3
10,grate,Task B ,1,2,1,-3.165632751,0.05,1,260.488797,0,0,2
10,grate,Task B ,1,2,1,1.223164566,0.067,1,207.8428931,0,0,3
10,grate,Task B ,1,1,1,4.451068398,0.135,1,72.01678644,0,0,4
1,grate,Task B ,2,4,1,-11.21777517,0.067,2,83.47736452,0,0,3
1,grate,Task B ,1,3,0,-3.740455856,0.05,2,131.6288559,0,0,2
1,grate,Task B ,2,2,1,-19.61598627,0.05,2,270.9592999,0,0,2
1,grate,Task B ,1,2,1,1.246971256,0.067,1,196.6904506,0,0,3
1,grate,Task B ,1,3,1,-2.100949474,0.067,1,206.5734281,0,0,3
1,grate,Task B ,1,3,0,-5.057687906,0.067,2,74.84233508,0,0,3
2,grate,Task B ,1,1,0,8.786248312,0.067,2,216.5214737,0,0,3
2,grate,Task B ,2,1,0,-0.239738519,0.067,1,331.4790487,0,0,3
2,grate,Task B ,1,1,0,-0.406934548,0.05,2,30.81421744,0,0,2
2,grate,Task B ,2,2,1,9.611731428,0.135,2,189.9820592,0,0,4
2,grate,Task B ,2,4,1,-8.095370483,0.05,2,109.2705242,0,0,2
2,grate,Task B ,1,2,1,-0.193821255,0.067,1,233.6415202,0,0,3
3,grate,Task B ,1,4,1,4.065456648,0.05,1,84.81778237,0,0,2
3,grate,Task B ,2,2,1,-7.779417945,0.067,2,248.4094533,0,0,3
3,grate,Task B ,1,4,1,1.830894556,0.067,1,279.0911113,0,0,3
3,grate,Task B ,2,4,1,-10.75532431,0.135,2,172.0289407,0,0,4
3,grate,Task B ,2,3,1,22.46460748,0.067,2,67.9578594,0,0,3
3,grate,Task B ,2,4,0,-8.414494555,0.135,1,218.5111593,0,0,4
4,grate,Task B ,1,2,1,-0.683987519,0.033,1,170.3699316,0,0,1
4,grate,Task B ,2,3,0,3.216280059,0.135,1,56.03603451,0,0,4
4,grate,Task B ,2,2,1,19.42810305,0.05,2,275.1788773,0,0,2
4,grate,Task B ,1,4,1,1.911995104,0.05,1,209.891607,0,0,2
4,grate,Task B ,2,3,0,3.143628418,0.067,1,192.7450764,0,0,3
4,grate,Task B ,1,3,1,0.56158972,0.05,1,246.6384931,0,0,2
5,grate,Task B ,1,1,1,-2.572138962,0.033,1,217.4330098,0,0,1
5,grate,Task B ,2,4,0,1.032091177,0.05,1,98.87236909,0,0,2
5,grate,Task B ,1,4,1,0.048270193,0.067,1,142.5634134,0,0,3
5,grate,Task B ,2,4,1,-8.168960701,0.135,2,84.11991897,0,0,4
5,grate,Task B ,1,3,0,-15.1195745,0.05,2,188.8775933,0,0,2
5,grate,Task B ,1,3,1,1.413787167,0.033,1,0.463285299,0,0,1
6,grate,Task B ,1,3,1,-3.047167551,0.05,1,254.9857842,0,0,2
6,grate,Task B ,1,3,0,33.58278708,0.05,2,217.8255479,0,0,2
6,grate,Task B ,1,1,1,-7.706141747,0.033,1,226.2519872,0,0,1
6,grate,Task B ,1,2,0,-0.882023403,0.033,2,78.01210967,0,0,1
6,grate,Task B ,2,3,0,1.779891976,0.135,1,126.6750303,0,0,4
6,grate,Task B ,1,2,1,4.957319186,0.033,1,49.66657111,0,0,1
7,grate,Task B ,1,4,1,-0.781921624,0.033,1,355.0664123,0,0,1
7,grate,Task B ,1,4,0,-24.87983283,0.033,2,283.8730834,0,0,1
7,grate,Task B ,1,4,1,4.462051233,0.033,1,227.0129102,0,0,1
7,grate,Task B ,2,4,0,0.655358705,0.05,1,306.4024206,0,0,2
7,grate,Task B ,2,4,1,-25.62026493,0.067,2,63.19495976,0,0,3
7,grate,Task B ,2,4,1,-12.32709306,0.135,2,299.5014872,0,0,4
8,grate,Task B ,1,2,0,7.371181893,0.067,2,216.6439936,0,0,3
8,grate,Task B ,2,4,1,18.14858441,0.135,2,317.9030653,0,0,4
8,grate,Task B ,2,1,0,3.648852303,0.033,1,262.8577838,0,0,1
8,grate,Task B ,1,2,0,15.8579406,0.067,2,272.1918409,0,0,3
8,grate,Task B ,1,1,0,12.03849324,0.033,2,267.4734685,0,0,1
8,grate,Task B ,2,4,0,-0.639545295,0.067,1,99.25038347,0,0,3
9,grate,Task B ,1,4,0,-12.54606769,0.05,2,353.4090009,0,0,2
9,grate,Task B ,1,3,1,2.135715241,0.05,1,340.7692123,0,0,2
9,grate,Task B ,1,4,1,-1.165756537,0.033,1,113.5811107,0,0,1
9,grate,Task B ,1,1,0,-17.52909698,0.033,2,244.5074508,0,0,1
9,grate,Task B ,1,4,1,-0.45349424,0.135,1,265.5087868,0,0,4
9,grate,Task B ,1,3,1,3.66715872,0.05,1,281.7227249,0,0,2
10,grate,Task B ,1,2,0,-10.60816414,0.05,2,35.07211634,0,0,2
10,grate,Task B ,2,1,1,-2.683150221,0.135,2,128.3905338,0,0,4
10,grate,Task B ,1,2,1,7.0312253,0.067,1,150.1148277,0,0,3
10,grate,Task B ,2,1,1,-9.437093975,0.067,2,1.244069949,0,0,3
10,grate,Task B ,1,1,1,0.575297635,0.033,1,240.7041311,0,0,1
10,grate,Task B ,1,1,1,-3.125248717,0.067,1,80.3221321,0,0,3
1,grate,Task B ,1,3,0,6.846798844,0.135,2,280.4102044,0,0,4
1,grate,Task B ,1,4,1,2.353390351,0.135,1,343.3508947,0,0,4
1,grate,Task B ,1,2,1,-0.811763261,0.05,1,6.144731179,0,0,2
1,grate,Task B ,1,3,0,-5.85989817,0.135,2,194.6369748,0,0,4
1,grate,Task B ,2,1,0,-2.109035635,0.033,1,20.20495103,0,0,1
1,grate,Task B ,1,3,1,0.456488899,0.05,1,30.43729887,0,0,2
2,grate,Task B ,1,1,0,-5.93540668,0.067,2,274.5731728,0,0,3
2,grate,Task B ,1,3,1,1.921857811,0.135,1,222.2424416,0,0,4
2,grate,Task B ,2,4,1,-22.75482348,0.135,2,97.72569255,0,0,4
2,grate,Task B ,1,1,0,-10.31707047,0.033,2,209.8239267,0,0,1
2,grate,Task B ,1,2,1,-5.302251722,0.05,1,45.09172042,0,0,2
2,grate,Task B ,2,3,1,8.594666009,0.135,2,294.9153675,0,0,4
3,grate,Task B ,2,4,1,-30.31798443,0.033,2,52.16125303,0,0,1
3,grate,Task B ,2,2,1,-7.905697401,0.067,2,341.549284,0,0,3
3,grate,Task B ,1,1,1,-5.932742862,0.067,1,299.4863896,0,0,3
3,grate,Task B ,1,4,1,3.686209043,0.05,1,251.9434614,0,0,2
3,grate,Task B ,2,2,0,1.193174017,0.05,1,239.2100955,0,0,2
3,grate,Task B ,2,4,1,13.88772626,0.135,2,199.2802284,0,0,4
4,grate,Task B ,1,1,1,-2.02157184,0.033,1,172.2180164,0,0,1
4,grate,Task B ,1,3,1,-4.314737879,0.067,1,137.9509492,0,0,3
4,grate,Task B ,2,3,0,-0.689584277,0.067,1,335.2812696,0,0,3
4,grate,Task B ,1,3,1,0.346588352,0.135,1,169.2138252,0,0,4
4,grate,Task B ,1,1,0,11.2918268,0.033,2,290.8673735,0,0,1
4,grate,Task B ,2,4,1,-6.852845686,0.135,2,321.5487624,0,0,4
5,grate,Task B ,1,2,0,5.781497895,0.135,2,265.944748,0,0,4
5,grate,Task B ,1,2,0,26.5906282,0.033,2,4.729071966,0,0,1
5,grate,Task B ,2,2,1,4.277701303,0.135,2,80.7147474,0,0,4
5,grate,Task B ,2,4,1,-30.11016885,0.05,2,74.48917345,0,0,2
5,grate,Task B ,1,1,1,-3.113823575,0.033,1,260.9466044,0,0,1
5,grate,Task B ,1,3,0,4.96462507,0.033,2,143.8142446,0,0,1
6,grate,Task B ,2,3,0,-1.643831057,0.05,1,249.5380747,0,0,2
6,grate,Task B ,1,3,1,2.791618408,0.067,1,32.65740422,0,0,3
6,grate,Task B ,1,2,1,-1.536559677,0.033,1,39.98599001,0,0,1
6,grate,Task B ,2,3,0,5.523879206,0.033,1,233.8363164,0,0,1
6,grate,Task B ,1,3,0,-1.206860994,0.067,2,76.89963962,0,0,3
6,grate,Task B ,1,3,0,-7.304487221,0.05,2,233.4975463,0,0,2
7,grate,Task B ,1,1,1,0.909873992,0.033,1,147.5243823,0,0,1
7,grate,Task B ,2,4,0,0.475530329,0.05,1,305.0408843,0,0,2
7,grate,Task B ,1,4,1,1.751865585,0.135,1,269.9200744,0,0,4
7,grate,Task B ,1,4,1,0.981188569,0.135,1,70.69353457,0,0,4
7,grate,Task B ,2,1,1,16.92903929,0.05,2,17.7013055,0,0,2
7,grate,Task B ,1,4,1,1.599996135,0.05,1,154.3228872,0,0,2
8,grate,Task B ,2,4,1,13.15581229,0.135,2,46.75834447,0,0,4
8,grate,Task B ,2,2,0,2.174514817,0.05,1,127.3170322,0,0,2
8,grate,Task B ,1,3,1,3.723945772,0.067,1,157.7098398,0,0,3
8,grate,Task B ,2,4,0,1.300110817,0.135,1,341.1648111,0,0,4
8,grate,Task B ,1,1,1,2.040053853,0.05,1,16.82724329,0,0,2
8,grate,Task B ,1,1,0,4.527480402,0.05,2,261.2674736,0,0,2
9,grate,Task B ,2,1,0,1.58117438,0.067,1,100.6056367,0,0,3
9,grate,Task B ,1,1,1,2.309778456,0.033,1,102.0333438,0,0,1
9,grate,Task B ,1,4,0,-2.746102213,0.067,2,90.98084342,0,0,3
9,grate,Task B ,2,4,1,-3.945206685,0.05,2,358.1796429,0,0,2
9,grate,Task B ,1,4,0,2.619019543,0.067,2,0.028334433,0,0,3
9,grate,Task B ,1,4,1,2.683687771,0.067,1,71.7662042,0,0,3
10,grate,Task B ,1,3,1,-1.605604851,0.135,1,74.8254887,0,0,4
10,grate,Task B ,1,2,0,0.55209696,0.067,2,273.3222921,0,0,3
10,grate,Task B ,1,1,1,-1.957151113,0.135,1,237.6314006,0,0,4
10,grate,Task B ,1,2,1,6.105726403,0.135,1,325.2626011,0,0,4
10,grate,Task B ,2,2,0,-3.684189867,0.135,1,328.3371768,0,0,4
10,grate,Task B ,1,1,1,2.111803177,0.067,1,22.40428379,0,0,3
1,grate,Task B ,1,4,1,0.017258873,0.135,1,128.5068682,0,0,4
1,grate,Task B ,1,4,1,0.818078717,0.067,1,220.9976956,0,0,3
1,grate,Task B ,2,1,0,-4.175594367,0.033,1,344.4893007,0,0,1
1,grate,Task B ,2,4,1,-22.44840902,0.135,2,119.2759086,0,0,4
1,grate,Task B ,2,1,1,15.11111144,0.067,2,296.971682,0,0,3
1,grate,Task B ,1,3,0,7.592862525,0.135,2,202.1175849,0,0,4
2,grate,Task B ,2,1,0,3.92537597,0.05,1,336.7011469,0,0,2
2,grate,Task B ,2,1,0,-3.43614997,0.033,1,276.8407463,0,0,1
2,grate,Task B ,2,3,1,3.562139101,0.135,2,200.865404,0,0,4
2,grate,Task B ,1,3,0,3.526237631,0.05,2,326.8149316,0,0,2
2,grate,Task B ,1,2,1,1.645852618,0.135,1,296.2517607,0,0,4
2,grate,Task B ,1,1,1,5.792828143,0.05,1,115.6244014,0,0,2
3,grate,Task B ,2,2,1,-8.262713396,0.067,2,170.8429347,0,0,3
3,grate,Task B ,2,1,1,-3.176484539,0.05,2,193.9311108,0,0,2
3,grate,Task B ,2,1,0,-3.299122837,0.033,1,247.507223,0,0,1
3,grate,Task B ,2,2,0,2.922469155,0.135,1,102.1340526,0,0,4
3,grate,Task B ,2,3,0,0.438676574,0.135,1,223.3602108,0,0,4
3,grate,Task B ,2,1,0,-2.735767184,0.067,1,46.16593717,0,0,3
4,grate,Task B ,2,4,1,-18.94472524,0.135,2,0.413031149,0,0,4
4,grate,Task B ,1,4,0,5.133423437,0.067,2,38.21576534,0,0,3
4,grate,Task B ,2,2,1,-10.9151657,0.05,2,145.1926397,0,0,2
4,grate,Task B ,1,2,1,-1.546376014,0.05,1,314.1157607,0,0,2
4,grate,Task B ,1,1,0,-0.232538134,0.033,2,54.27055816,0,0,1
4,grate,Task B ,1,3,1,0.498480251,0.05,1,242.478042,0,0,2
5,grate,Task B ,2,2,1,-2.836779348,0.033,2,211.6664967,0,0,1
5,grate,Task B ,1,2,1,-0.968069692,0.033,1,114.8987439,0,0,1
5,grate,Task B ,1,1,1,-1.003453608,0.033,1,94.1330898,0,0,1
5,grate,Task B ,1,3,1,1.372970548,0.135,1,27.36357613,0,0,4
5,grate,Task B ,1,3,1,3.8455932,0.135,1,339.2512289,0,0,4
5,grate,Task B ,2,4,1,12.45511103,0.135,2,319.014087,0,0,4
6,grate,Task B ,1,1,0,0.726076711,0.033,2,261.071129,0,0,1
6,grate,Task B ,2,3,1,1.010689472,0.135,2,247.9907716,0,0,4
6,grate,Task B ,1,3,0,-6.4199979,0.135,2,254.2189396,0,0,4
6,grate,Task B ,2,3,1,-4.079672602,0.067,2,26.06092338,0,0,3
6,grate,Task B ,1,3,1,2.677073929,0.033,1,199.2558399,0,0,1
6,grate,Task B ,2,3,1,13.74938573,0.067,2,67.77849631,0,0,3
7,grate,Task B ,1,1,0,20.9208748,0.033,2,181.1686352,0,0,1
7,grate,Task B ,1,4,1,-3.297733376,0.067,1,191.6275045,0,0,3
7,grate,Task B ,1,4,1,-4.487439793,0.067,1,350.254767,0,0,3
7,grate,Task B ,1,4,0,1.92732815,0.033,2,272.6116399,0,0,1
7,grate,Task B ,2,4,1,-22.25028688,0.05,2,314.991107,0,0,2
7,grate,Task B ,1,4,1,-1.787577187,0.05,1,260.0788805,0,0,2
8,grate,Task B ,2,3,0,-2.732540726,0.135,1,166.5591408,0,0,4
8,grate,Task B ,1,1,0,12.49581025,0.05,2,300.7813539,0,0,2
8,grate,Task B ,1,1,0,-1.555538775,0.033,2,232.386263,0,0,1
8,grate,Task B ,1,1,0,-7.232749926,0.033,2,77.38708416,0,0,1
8,grate,Task B ,2,4,1,15.47526883,0.135,2,60.41351193,0,0,4
8,grate,Task B ,2,2,1,-9.168137325,0.067,2,209.8815993,0,0,3
9,grate,Task B ,2,3,1,-16.40233106,0.033,2,284.4402238,0,0,1
9,grate,Task B ,2,2,1,-20.91189789,0.05,2,165.1620895,0,0,2
9,grate,Task B ,1,1,0,-14.19961574,0.135,2,259.8891371,0,0,4
9,grate,Task B ,1,1,1,2.768904816,0.05,1,339.8092127,0,0,2
9,grate,Task B ,1,1,0,-8.038711,0.067,2,134.4553721,0,0,3
9,grate,Task B ,1,1,0,3.457664008,0.033,2,189.2764421,0,0,1
10,grate,Task B ,2,3,1,13.13163723,0.135,2,352.3507387,0,0,4
10,grate,Task B ,1,1,1,5.030602601,0.067,1,323.1809101,0,0,3
10,grate,Task B ,2,1,1,16.05958022,0.135,2,225.9017748,0,0,4
10,grate,Task B ,1,2,1,4.078793575,0.135,1,184.4966771,0,0,4
10,grate,Task B ,2,1,1,-7.29146474,0.135,2,359.908543,0,0,4
10,grate,Task B ,1,1,0,-2.923790009,0.067,2,69.71639072,0,0,3
1,grate,Task B ,1,2,1,-3.912794224,0.067,1,278.3820236,0,0,3
1,grate,Task B ,1,3,0,-2.435604903,0.135,2,62.3176131,0,0,4
1,grate,Task B ,2,2,0,-2.671575602,0.067,1,165.2381423,0,0,3
1,grate,Task B ,1,2,1,4.273235942,0.067,1,21.09184093,0,0,3
1,grate,Task B ,1,2,0,-10.57840713,0.033,2,234.9202219,0,0,1
1,grate,Task B ,1,2,1,1.084589676,0.05,1,78.1405959,0,0,2
2,grate,Task B ,2,1,1,30.81924253,0.067,2,123.0004646,0,0,3
2,grate,Task B ,2,1,0,-1.671679998,0.05,1,266.4499548,0,0,2
2,grate,Task B ,2,1,0,-6.176233155,0.033,1,114.5694245,0,0,1
2,grate,Task B ,1,3,0,1.109807623,0.135,2,36.17043494,0,0,4
2,grate,Task B ,1,1,1,-1.586639753,0.05,1,102.9561386,0,0,2
2,grate,Task B ,2,2,1,9.710930577,0.05,2,2.226275285,0,0,2
3,grate,Task B ,1,4,1,3.498991513,0.067,1,198.2455477,0,0,3
3,grate,Task B ,1,1,1,4.162699776,0.067,1,279.4691992,0,0,3
3,grate,Task B ,2,2,1,-9.387638947,0.067,2,45.46899083,0,0,3
3,grate,Task B ,2,3,1,-4.173121026,0.05,2,293.0742202,0,0,2
3,grate,Task B ,2,4,1,25.64047355,0.135,2,241.7121911,0,0,4
3,grate,Task B ,1,3,0,0.504966105,0.05,2,164.9717142,0,0,2
4,grate,Task B ,1,1,0,7.249780278,0.033,2,239.692719,0,0,1
4,grate,Task B ,1,1,0,-4.674942932,0.033,2,282.0593623,0,0,1
4,grate,Task B ,2,2,1,5.818552368,0.05,2,161.5580536,0,0,2
4,grate,Task B ,1,4,1,0.028021552,0.05,1,176.560997,0,0,2
4,grate,Task B ,1,1,0,7.1863247,0.033,2,293.8975462,0,0,1
4,grate,Task B ,1,3,1,-0.041944785,0.135,1,64.75449002,0,0,4
5,grate,Task B ,2,4,1,-11.05946303,0.135,2,43.07256405,0,0,4
5,grate,Task B ,1,1,1,-0.104273393,0.05,1,226.440878,0,0,2
5,grate,Task B ,1,2,0,15.78996551,0.05,2,113.4800818,0,0,2
5,grate,Task B ,2,4,1,12.19186322,0.067,2,242.3893674,0,0,3
5,grate,Task B ,1,1,0,-1.724389227,0.033,2,128.2407682,0,0,1
5,grate,Task B ,1,4,0,1.105594052,0.05,2,163.013343,0,0,2
6,grate,Task B ,2,3,1,-7.253477045,0.05,2,349.2044402,0,0,2
6,grate,Task B ,2,3,0,-2.153253502,0.033,1,106.303286,0,0,1
6,grate,Task B ,2,3,1,6.702797538,0.135,2,11.46117967,0,0,4
6,grate,Task B ,2,2,0,-2.327301195,0.05,1,4.049261756,0,0,2
6,grate,Task B ,1,3,1,2.880328413,0.033,1,350.9769362,0,0,1
6,grate,Task B ,1,1,0,14.67038336,0.033,2,5.648157147,0,0,1
7,grate,Task B ,1,4,0,-8.164498311,0.033,2,139.5302936,0,0,1
7,grate,Task B ,2,4,1,-1.146363988,0.05,2,187.7464808,0,0,2
7,grate,Task B ,1,4,1,-3.812461707,0.135,1,176.9781517,0,0,4
7,grate,Task B ,1,4,1,3.371429933,0.067,1,274.0739691,0,0,3
7,grate,Task B ,1,4,1,0.368142188,0.05,1,220.8172306,0,0,2
7,grate,Task B ,1,4,1,-1.938389638,0.067,1,79.81841735,0,0,3
8,grate,Task B ,1,1,1,-3.152652658,0.033,1,24.25936051,0,0,1
8,grate,Task B ,2,1,1,3.901930968,0.033,2,251.8568986,0,0,1
8,grate,Task B ,2,1,0,2.0788636,0.033,1,113.8754818,0,0,1
8,grate,Task B ,2,3,1,-9.242189445,0.067,2,76.82988434,0,0,3
8,grate,Task B ,1,1,0,25.61645662,0.033,2,311.2498847,0,0,1
8,grate,Task B ,2,4,1,-10.72563302,0.067,2,13.2350256,0,0,3
9,grate,Task B ,2,1,0,-1.926570771,0.033,1,20.94800149,0,0,1
9,grate,Task B ,1,2,1,4.853759165,0.033,1,59.81164643,0,0,1
9,grate,Task B ,2,1,0,0.978388317,0.05,1,271.7629741,0,0,2
9,grate,Task B ,1,1,0,-10.16555244,0.033,2,264.1528626,0,0,1
9,grate,Task B ,1,4,1,0.343015898,0.05,1,321.2028297,0,0,2
9,grate,Task B ,1,1,1,3.173199375,0.067,1,199.3083363,0,0,3
10,grate,Task B ,1,2,0,18.0828046,0.033,2,175.0756734,0,0,1
10,grate,Task B ,1,2,1,-0.491897375,0.067,1,186.0649246,0,0,3
10,grate,Task B ,1,2,1,7.866676963,0.05,1,68.57581289,0,0,2
10,grate,Task B ,2,1,0,-4.360526039,0.135,1,340.2520066,0,0,4
10,grate,Task B ,1,1,0,21.72759899,0.033,2,246.726644,0,0,1
10,grate,Task B ,1,1,0,-2.605289885,0.033,2,178.9498294,0,0,1
1,grate,Task B ,2,4,1,-12.48982338,0.135,2,298.8897532,0,0,4
1,grate,Task B ,1,3,1,-1.857685091,0.067,1,228.316163,0,0,3
1,grate,Task B ,2,4,1,27.29704492,0.135,2,350.8416318,0,0,4
1,grate,Task B ,2,4,1,-11.19217625,0.033,2,31.45009017,0,0,1
1,grate,Task B ,1,1,1,-0.998816982,0.033,1,350.3011927,0,0,1
1,grate,Task B ,2,1,0,-2.752581983,0.033,1,62.70345485,0,0,1
2,grate,Task B ,1,1,0,13.1210184,0.033,2,90.09112161,0,0,1
2,grate,Task B ,1,1,1,1.233596578,0.067,1,245.0864508,0,0,3
2,grate,Task B ,2,4,1,-15.75125577,0.135,2,195.0917958,0,0,4
2,grate,Task B ,2,4,1,-8.622698161,0.135,2,172.0497052,0,0,4
2,grate,Task B ,1,1,0,21.57957944,0.033,2,270.2372021,0,0,1
2,grate,Task B ,2,2,0,1.508010659,0.135,1,280.1678194,0,0,4
3,grate,Task B ,2,3,1,-5.84428305,0.05,2,43.46079821,0,0,2
3,grate,Task B ,2,4,0,-2.149916654,0.067,1,53.77415821,0,0,3
3,grate,Task B ,1,2,1,-2.241960422,0.05,1,166.5720037,0,0,2
3,grate,Task B ,2,4,1,-16.87592749,0.067,2,14.46225919,0,0,3
3,grate,Task B ,2,1,0,0.631534581,0.033,1,1.005890891,0,0,1
3,grate,Task B ,2,2,0,1.721826719,0.05,1,166.7472553,0,0,2
4,grate,Task B ,1,1,0,1.322708274,0.033,2,140.1160492,0,0,1
4,grate,Task B ,1,2,1,2.889508446,0.033,1,355.2871541,0,0,1
4,grate,Task B ,2,4,1,-8.473503096,0.135,2,288.1072499,0,0,4
4,grate,Task B ,1,3,0,15.7924862,0.05,2,355.5811964,0,0,2
4,grate,Task B ,1,1,0,6.388867599,0.067,2,176.9245467,0,0,3
4,grate,Task B ,1,3,1,1.284123975,0.05,1,50.14326562,0,0,2
5,grate,Task B ,1,4,1,0.693261116,0.067,1,254.9177265,0,0,3
5,grate,Task B ,1,3,0,-0.302508028,0.067,2,136.2006832,0,0,3
5,grate,Task B ,2,4,1,23.02488007,0.033,2,20.59740323,0,0,1
5,grate,Task B ,1,3,0,-11.80145228,0.033,2,213.3933662,0,0,1
5,grate,Task B ,1,3,1,-3.440041018,0.135,1,50.48117098,0,0,4
5,grate,Task B ,2,4,1,12.43663796,0.067,2,42.75525568,0,0,3
6,grate,Task B ,2,3,1,8.688254762,0.067,2,203.6175406,0,0,3
6,grate,Task B ,2,3,1,-10.12833388,0.067,2,33.83693518,0,0,3
6,grate,Task B ,1,3,0,9.728572149,0.05,2,331.0844388,0,0,2
6,grate,Task B ,1,3,0,-4.122537353,0.067,2,201.4379833,0,0,3
6,grate,Task B ,2,3,0,1.37238881,0.135,1,176.6522347,0,0,4
6,grate,Task B ,1,2,1,4.281677979,0.05,1,101.5162973,0,0,2
7,grate,Task B ,1,4,0,2.660040897,0.135,2,81.12273334,0,0,4
7,grate,Task B ,1,4,1,3.026170764,0.135,1,38.06771595,0,0,4
7,grate,Task B ,1,4,0,0.023596649,0.05,2,241.4678407,0,0,2
7,grate,Task B ,1,4,1,-1.022945301,0.05,1,74.6850133,0,0,2
7,grate,Task B ,2,4,1,-5.289424607,0.033,2,138.0680679,0,0,1
7,grate,Task B ,1,4,0,14.8118653,0.033,2,101.2262211,0,0,1
8,grate,Task B ,2,2,1,-7.627616708,0.135,2,150.4414873,0,0,4
8,grate,Task B ,1,1,1,-0.446782785,0.033,1,177.6835397,0,0,1
8,grate,Task B ,1,3,1,5.461940764,0.067,1,20.32914202,0,0,3
8,grate,Task B ,2,1,1,-11.27310181,0.033,2,257.5042868,0,0,1
8,grate,Task B ,1,1,0,4.171978868,0.05,2,297.2132185,0,0,2
8,grate,Task B ,1,4,1,2.344733679,0.067,1,73.93411949,0,0,3
9,grate,Task B ,1,2,0,-10.77337744,0.05,2,73.28490136,0,0,2
9,grate,Task B ,1,4,0,-3.780078574,0.067,2,222.3758327,0,0,3
9,grate,Task B ,1,4,0,2.124594058,0.067,2,188.147214,0,0,3
9,grate,Task B ,1,2,1,0.275922576,0.05,1,150.4044367,0,0,2
9,grate,Task B ,1,4,0,-6.882926741,0.05,2,193.249915,0,0,2
9,grate,Task B ,1,4,1,1.579755031,0.067,1,273.5974862,0,0,3
10,grate,Task B ,1,3,1,-1.539093435,0.067,1,205.147523,0,0,3
10,grate,Task B ,1,2,1,0.435719773,0.135,1,43.47055819,0,0,4
10,grate,Task B ,2,1,1,15.81812876,0.05,2,122.4819064,0,0,2
10,grate,Task B ,1,2,1,-1.614004405,0.05,1,198.8274231,0,0,2
10,grate,Task B ,1,1,1,2.421598833,0.033,1,163.4701197,0,0,1
10,grate,Task B ,2,1,1,-25.70669793,0.067,2,38.55773094,0,0,3
1,grate,Task B ,1,2,1,0.209245517,0.033,1,344.4125242,0,0,1
1,grate,Task B ,1,1,0,3.810189754,0.033,2,4.224799452,0,0,1
1,grate,Task B ,1,3,1,2.203404409,0.067,1,358.7003065,0,0,3
1,grate,Task B ,1,3,0,-2.180746267,0.067,2,232.1398085,0,0,3
1,grate,Task B ,2,1,0,-4.926774792,0.033,1,190.6454123,0,0,1
1,grate,Task B ,1,3,0,6.991178578,0.067,2,128.3552934,0,0,3
2,grate,Task B ,1,1,1,-0.529955818,0.067,1,201.6914188,0,0,3
2,grate,Task B ,2,1,0,4.261354836,0.033,1,137.6704955,0,0,1
2,grate,Task B ,2,4,0,-0.261693209,0.135,1,261.1045335,0,0,4
2,grate,Task B ,1,3,0,1.205563785,0.067,2,64.78726402,0,0,3
2,grate,Task B ,1,2,1,-1.498317091,0.067,1,309.8150732,0,0,3
2,grate,Task B ,2,1,0,-3.363840266,0.033,1,27.25463891,0,0,1
3,grate,Task B ,2,4,1,-0.423424956,0.135,2,108.242317,0,0,4
3,grate,Task B ,1,3,1,2.850786306,0.067,1,215.3041497,0,0,3
3,grate,Task B ,2,1,1,9.752102296,0.135,2,181.4202844,0,0,4
3,grate,Task B ,1,2,1,-1.446843068,0.05,1,316.7750159,0,0,2
3,grate,Task B ,1,3,1,0.153556844,0.135,1,94.25451679,0,0,4
3,grate,Task B ,1,4,1,-0.649368286,0.067,1,55.25746995,0,0,3
4,grate,Task B ,2,3,0,-3.416934676,0.067,1,226.2468694,0,0,3
4,grate,Task B ,1,4,1,1.74315101,0.067,1,4.917426202,0,0,3
4,grate,Task B ,2,4,1,8.243144576,0.135,2,31.93009027,0,0,4
4,grate,Task B ,1,1,1,1.509530349,0.033,1,270.2185458,0,0,1
4,grate,Task B ,1,2,1,-2.774680404,0.05,1,60.08106716,0,0,2
4,grate,Task B ,2,4,1,7.316607233,0.135,2,148.3725036,0,0,4
5,grate,Task B ,1,4,0,-1.510786208,0.067,2,212.768687,0,0,3
5,grate,Task B ,1,1,1,2.441459285,0.033,1,117.0968303,0,0,1
5,grate,Task B ,2,4,1,16.32368481,0.135,2,346.1683172,0,0,4
5,grate,Task B ,1,4,1,-0.849249982,0.033,1,169.2670439,0,0,1
5,grate,Task B ,2,4,1,9.378499938,0.135,2,23.71205245,0,0,4
5,grate,Task B ,1,2,1,2.365475009,0.067,1,339.4829817,0,0,3
6,grate,Task B ,1,3,1,4.051275901,0.067,1,4.886110546,0,0,3
6,grate,Task B ,1,3,1,-4.682199854,0.067,1,199.6448903,0,0,3
6,grate,Task B ,2,3,1,13.18700557,0.067,2,84.34029786,0,0,3
6,grate,Task B ,1,2,1,5.249932141,0.033,1,137.2758407,0,0,1
6,grate,Task B ,2,2,0,-4.49520135,0.135,1,120.3117703,0,0,4
6,grate,Task B ,2,3,1,-15.43784204,0.067,2,197.1406538,0,0,3
7,grate,Task B ,2,4,0,0.923974676,0.067,1,110.2130503,0,0,3
7,grate,Task B ,2,4,1,17.26731743,0.05,2,162.0305598,0,0,2
7,grate,Task B ,1,4,0,1.460807975,0.05,2,65.63926368,0,0,2
7,grate,Task B ,1,4,0,0.923039536,0.135,2,153.7463325,0,0,4
7,grate,Task B ,1,4,0,-0.749741815,0.033,2,118.223505,0,0,1
7,grate,Task B ,2,4,0,-4.630215018,0.135,1,230.730742,0,0,4
8,grate,Task B ,1,3,1,2.075420774,0.135,1,171.8069462,0,0,4
8,grate,Task B ,2,2,1,-4.784048507,0.05,2,155.6486534,0,0,2
8,grate,Task B ,2,2,0,3.355435817,0.135,1,238.1068279,0,0,4
8,grate,Task B ,1,1,1,0.889838547,0.05,1,42.58257004,0,0,2
8,grate,Task B ,2,4,1,24.18494126,0.067,2,60.90516333,0,0,3
8,grate,Task B ,2,2,1,-1.075671151,0.05,2,304.3971666,0,0,2
9,grate,Task B ,2,4,1,7.424768855,0.135,2,345.5070912,0,0,4
9,grate,Task B ,1,4,1,-2.584355409,0.067,1,356.7051875,0,0,3
9,grate,Task B ,2,2,1,12.50737201,0.05,2,163.7257109,0,0,2
9,grate,Task B ,1,2,0,-0.855096516,0.067,2,118.2319573,0,0,3
9,grate,Task B ,1,3,1,-2.170689891,0.067,1,316.4529053,0,0,3
9,grate,Task B ,1,4,0,-15.98209584,0.067,2,229.745414,0,0,3
10,grate,Task B ,2,2,1,-9.327647692,0.05,2,253.6579591,0,0,2
10,grate,Task B ,1,1,0,-12.59608515,0.033,2,342.5207298,0,0,1
10,grate,Task B ,1,1,1,-2.983225818,0.033,1,303.0191134,0,0,1
10,grate,Task B ,1,2,1,-3.053017252,0.033,1,335.3372358,0,0,1
10,grate,Task B ,2,1,1,-5.855835871,0.067,2,70.2293091,0,0,3
10,grate,Task B ,1,1,1,-2.977722217,0.135,1,89.30801137,0,0,4
1,grate,Task B ,2,1,0,1.331869452,0.135,1,315.7360192,0,0,4
1,grate,Task B ,1,3,0,5.337855253,0.135,2,234.1922968,0,0,4
1,grate,Task B ,2,4,1,-21.56856818,0.135,2,140.9575986,0,0,4
1,grate,Task B ,2,3,1,12.91833156,0.067,2,59.19825057,0,0,3
1,grate,Task B ,1,2,1,-1.492483635,0.05,1,159.3669975,0,0,2
1,grate,Task B ,1,1,1,-2.404220796,0.05,1,114.4413229,0,0,2
2,grate,Task B ,1,1,1,5.566124908,0.05,1,319.230851,0,0,2
2,grate,Task B ,2,3,1,0.368058041,0.067,2,350.1316179,0,0,3
2,grate,Task B ,1,1,0,13.77019899,0.067,2,356.9743951,0,0,3
2,grate,Task B ,1,1,1,1.736165388,0.05,1,310.2248299,0,0,2
2,grate,Task B ,1,3,1,2.679010347,0.067,1,115.9242513,0,0,3
2,grate,Task B ,1,1,0,7.974401272,0.033,2,172.4596498,0,0,1
3,grate,Task B ,1,1,0,0.078924139,0.067,2,32.16423022,0,0,3
3,grate,Task B ,1,3,1,-0.117066896,0.135,1,308.2439792,0,0,4
3,grate,Task B ,2,1,1,-2.766823762,0.135,2,194.0793369,0,0,4
3,grate,Task B ,2,2,0,3.065921871,0.067,1,119.1676851,0,0,3
3,grate,Task B ,2,2,1,-5.570639551,0.067,2,52.05845695,0,0,3
3,grate,Task B ,2,4,1,-6.511202051,0.135,2,352.1818167,0,0,4
4,grate,Task B ,1,1,0,-7.159579518,0.033,2,54.79975771,0,0,1
4,grate,Task B ,2,4,1,-7.255031518,0.135,2,108.5289953,0,0,4
4,grate,Task B ,2,3,1,-7.563447578,0.05,2,133.0132304,0,0,2
4,grate,Task B ,1,3,1,2.271762447,0.05,1,339.8679507,0,0,2
4,grate,Task B ,2,4,1,24.71043008,0.135,2,207.0683898,0,0,4
4,grate,Task B ,1,3,1,2.314237051,0.067,1,49.49784857,0,0,3
5,grate,Task B ,1,4,1,5.603156754,0.067,1,324.6346065,0,0,3
5,grate,Task B ,1,4,1,-0.386194766,0.05,1,62.83182737,0,0,2
5,grate,Task B ,2,3,0,5.039783888,0.067,1,355.9433286,0,0,3
5,grate,Task B ,1,3,0,-3.022307266,0.033,2,71.10615743,0,0,1
5,grate,Task B ,1,1,1,4.7645725,0.033,1,310.622568,0,0,1
5,grate,Task B ,1,4,0,7.227164634,0.05,2,218.253543,0,0,2
6,grate,Task B ,2,3,1,-6.591685921,0.135,2,106.5977482,0,0,4
6,grate,Task B ,1,3,0,4.86283784,0.135,2,308.5877294,0,0,4
6,grate,Task B ,1,3,1,-0.708862822,0.135,1,67.70285969,0,0,4
6,grate,Task B ,2,3,0,3.557367262,0.05,1,350.3080056,0,0,2
6,grate,Task B ,2,3,0,-4.436545298,0.033,1,204.7626109,0,0,1
6,grate,Task B ,1,3,1,-1.077704907,0.05,1,73.73335821,0,0,2
7,grate,Task B ,2,4,0,0.996758459,0.067,1,113.8910583,0,0,3
7,grate,Task B ,2,1,1,7.585224539,0.033,2,32.71411023,0,0,1
7,grate,Task B ,1,4,1,-1.538752334,0.033,1,246.7135094,0,0,1
7,grate,Task B ,1,4,1,0.413066889,0.033,1,52.12362354,0,0,1
7,grate,Task B ,2,4,0,-3.333798671,0.067,1,233.6024617,0,0,3
7,grate,Task B ,1,4,1,-0.277672633,0.135,1,119.4272254,0,0,4
8,grate,Task B ,2,3,0,2.882115912,0.05,1,200.6522404,0,0,2
8,grate,Task B ,1,3,1,2.22963212,0.135,1,31.02124547,0,0,4
8,grate,Task B ,1,1,0,-9.826773769,0.05,2,185.7091351,0,0,2
8,grate,Task B ,2,4,0,-1.756546383,0.067,1,303.490829,0,0,3
8,grate,Task B ,2,4,0,0.689750866,0.067,1,316.9236733,0,0,3
8,grate,Task B ,2,4,1,-9.032132086,0.135,2,278.7296159,0,0,4
9,grate,Task B ,2,4,1,-7.167217607,0.135,2,289.9952073,0,0,4
9,grate,Task B ,1,4,1,-4.667661306,0.135,1,247.2648473,0,0,4
9,grate,Task B ,2,4,1,-12.77066122,0.135,2,111.382529,0,0,4
9,grate,Task B ,1,1,1,-1.158279667,0.033,1,284.547079,0,0,1
9,grate,Task B ,2,4,1,10.77490049,0.135,2,249.9330689,0,0,4
9,grate,Task B ,1,1,0,11.25488897,0.033,2,178.4253966,0,0,1
10,grate,Task B ,1,2,0,-4.367193833,0.067,2,285.3088228,0,0,3
10,grate,Task B ,2,2,1,17.8812287,0.067,2,359.379239,0,0,3
10,grate,Task B ,2,2,1,-13.87619126,0.067,2,151.8079692,0,0,3
10,grate,Task B ,1,1,0,-1.285396133,0.067,2,33.40556589,0,0,3
10,grate,Task B ,1,1,1,0.99279931,0.05,1,215.8629446,0,0,2
10,grate,Task B ,1,1,0,21.18085637,0.033,2,56.93649701,0,0,1
1,grate,Task B ,1,3,1,-0.422447858,0.135,1,8.134577786,0,0,4
1,grate,Task B ,1,3,1,-3.525244419,0.067,1,150.9256322,0,0,3
1,grate,Task B ,1,2,1,1.804863574,0.135,1,16.90315397,0,0,4
1,grate,Task B ,2,2,1,-3.610682069,0.067,2,86.73548944,0,0,3
1,grate,Task B ,1,2,0,9.566474373,0.067,2,62.18018974,0,0,3
1,grate,Task B ,2,2,1,12.30213303,0.135,2,124.0644672,0,0,4
2,grate,Task B ,1,1,0,-5.879018312,0.05,2,64.55417833,0,0,2
2,grate,Task B ,2,1,0,-1.487094983,0.05,1,44.2628211,0,0,2
2,grate,Task B ,2,2,0,-1.897232605,0.033,1,188.1794349,0,0,1
2,grate,Task B ,2,3,0,-3.659248476,0.135,1,146.2588018,0,0,4
2,grate,Task B ,1,1,1,-0.065266632,0.033,1,310.6634633,0,0,1
2,grate,Task B ,1,3,1,-0.635810038,0.135,1,189.6493311,0,0,4
3,grate,Task B ,2,3,0,-3.407862962,0.067,1,82.68064509,0,0,3
3,grate,Task B ,2,2,1,-7.109151836,0.067,2,2.765166921,0,0,3
3,grate,Task B ,2,1,0,-0.771040617,0.033,1,117.9857422,0,0,1
3,grate,Task B ,1,3,1,-0.791034569,0.067,1,55.91213915,0,0,3
3,grate,Task B ,2,3,0,4.251589136,0.067,1,135.108223,0,0,3
3,grate,Task B ,2,4,1,-28.49855927,0.05,2,202.9583331,0,0,2
4,grate,Task B ,1,1,0,2.049333014,0.05,2,8.155714427,0,0,2
4,grate,Task B ,2,3,1,-12.12933789,0.033,2,1.913261966,0,0,1
4,grate,Task B ,1,3,0,-12.94430124,0.033,2,293.7662822,0,0,1
4,grate,Task B ,1,2,1,-4.402784651,0.05,1,251.1959792,0,0,2
4,grate,Task B ,1,1,0,-3.426759985,0.033,2,73.05967282,0,0,1
4,grate,Task B ,1,3,0,11.05634951,0.05,2,310.0372169,0,0,2
5,grate,Task B ,1,2,0,9.181616482,0.05,2,140.6976516,0,0,2
5,grate,Task B ,1,3,1,2.888755844,0.135,1,220.8150249,0,0,4
5,grate,Task B ,1,4,0,4.676007424,0.067,2,72.57422182,0,0,3
5,grate,Task B ,2,4,1,3.595111399,0.033,2,103.8207105,0,0,1
5,grate,Task B ,2,4,1,17.55263954,0.033,2,228.4513361,0,0,1
5,grate,Task B ,1,3,1,1.304202961,0.05,1,37.78574549,0,0,2
6,grate,Task B ,1,2,1,-6.964586974,0.05,1,346.3797133,0,0,2
6,grate,Task B ,2,3,1,23.40597819,0.067,2,300.4105809,0,0,3
6,grate,Task B ,2,2,1,10.09223106,0.067,2,91.15401725,0,0,3
6,grate,Task B ,2,3,1,-7.938103052,0.067,2,82.24646075,0,0,3
6,grate,Task B ,2,3,1,14.89733643,0.05,2,174.7746069,0,0,2
6,grate,Task B ,2,3,0,-5.137807163,0.135,1,195.5039693,0,0,4
7,grate,Task B ,2,1,1,13.48436806,0.033,2,169.1916881,0,0,1
7,grate,Task B ,1,4,1,2.078146027,0.135,1,315.8561466,0,0,4
7,grate,Task B ,1,4,0,3.468594248,0.033,2,223.8211813,0,0,1
7,grate,Task B ,1,4,0,1.212381931,0.033,2,315.5715129,0,0,1
7,grate,Task B ,1,4,1,-1.279519206,0.135,1,108.1458854,0,0,4
7,grate,Task B ,1,4,0,-7.259722696,0.033,2,156.2305249,0,0,1
8,grate,Task B ,1,1,1,0.939005401,0.05,1,91.46881076,0,0,2
8,grate,Task B ,2,4,1,-7.920172443,0.135,2,139.8311096,0,0,4
8,grate,Task B ,2,4,1,12.14884125,0.135,2,313.7586343,0,0,4
8,grate,Task B ,2,4,1,-25.37026591,0.135,2,258.9680235,0,0,4
8,grate,Task B ,2,3,0,-5.537796396,0.067,1,246.0308114,0,0,3
8,grate,Task B ,2,3,1,-13.72407474,0.067,2,256.2736306,0,0,3
9,grate,Task B ,2,2,1,17.34616164,0.067,2,177.4335495,0,0,3
9,grate,Task B ,1,4,0,-4.85545185,0.05,2,63.89207373,0,0,2
9,grate,Task B ,1,4,1,-0.226305549,0.067,1,118.9245776,0,0,3
9,grate,Task B ,2,1,0,-0.34085815,0.05,1,60.18727695,0,0,2
9,grate,Task B ,2,1,1,-6.49074742,0.05,2,46.41034682,0,0,2
9,grate,Task B ,2,1,1,2.409502776,0.05,2,25.42362155,0,0,2
10,grate,Task B ,1,1,0,4.221389361,0.033,2,111.1110152,0,0,1
10,grate,Task B ,2,2,1,34.90169443,0.067,2,247.363326,0,0,3
10,grate,Task B ,1,1,1,1.80542526,0.135,1,52.67553585,0,0,4
10,grate,Task B ,1,2,1,-2.457474895,0.135,1,265.898005,0,0,4
10,grate,Task B ,2,1,0,-4.766500897,0.135,1,6.012466187,0,0,4
10,grate,Task B ,1,1,0,-6.320526363,0.067,2,30.96043063,0,0,3
1,grate,Task B ,1,2,0,-5.478500347,0.067,2,321.5516104,0,0,3
1,grate,Task B ,2,2,0,2.685270464,0.033,1,172.0817656,0,0,1
1,grate,Task B ,1,4,0,4.656296122,0.135,2,53.0982638,0,0,4
1,grate,Task B ,2,2,1,-12.85158735,0.033,2,271.6458516,0,0,1
1,grate,Task B ,1,3,1,1.389892995,0.135,1,3.231607758,0,0,4
1,grate,Task B ,1,3,1,-3.746837699,0.067,1,61.39639324,0,0,3
2,grate,Task B ,2,1,1,-9.569603033,0.05,2,44.17976185,0,0,2
2,grate,Task B ,1,3,0,-6.41605358,0.135,2,164.2994129,0,0,4
2,grate,Task B ,1,2,1,-2.200617282,0.05,1,328.1063417,0,0,2
2,grate,Task B ,1,3,0,3.098491036,0.067,2,214.2759937,0,0,3
2,grate,Task B ,2,3,0,3.995377368,0.067,1,242.2263139,0,0,3
2,grate,Task B ,1,1,1,3.567966123,0.033,1,79.01707465,0,0,1
3,grate,Task B ,1,1,0,-2.099427928,0.033,2,40.91936311,0,0,1
3,grate,Task B ,1,4,1,-0.655718756,0.135,1,335.8539235,0,0,4
3,grate,Task B ,2,3,0,-4.740850534,0.05,1,62.46917443,0,0,2
3,grate,Task B ,1,2,1,-3.224725605,0.067,1,46.21234658,0,0,3
3,grate,Task B ,2,3,0,2.467793965,0.05,1,133.0814048,0,0,2
3,grate,Task B ,2,4,1,-33.6044259,0.067,2,216.7072607,0,0,3
4,grate,Task B ,1,3,1,-3.9249896,0.135,1,52.61502116,0,0,4
4,grate,Task B ,1,4,0,2.243506975,0.067,2,182.6730465,0,0,3
4,grate,Task B ,1,4,1,-2.709281414,0.135,1,182.1260706,0,0,4
4,grate,Task B ,1,1,1,-0.47138914,0.05,1,42.92692954,0,0,2
4,grate,Task B ,1,3,1,0.215908962,0.05,1,292.7488466,0,0,2
4,grate,Task B ,2,2,0,-3.112757313,0.05,1,261.3924128,0,0,2
5,grate,Task B ,2,4,0,-2.415756711,0.033,1,74.26380429,0,0,1
5,grate,Task B ,2,4,1,6.254169736,0.067,2,73.02473395,0,0,3
5,grate,Task B ,1,1,1,3.829931727,0.067,1,253.4902047,0,0,3
5,grate,Task B ,1,1,1,1.507940902,0.033,1,33.88431597,0,0,1
5,grate,Task B ,1,1,0,-0.597127842,0.033,2,295.3755427,0,0,1
5,grate,Task B ,1,2,0,0.150802149,0.033,2,339.8943238,0,0,1
6,grate,Task B ,1,2,0,16.5918136,0.033,2,323.6919802,0,0,1
6,grate,Task B ,1,3,0,-1.016318047,0.067,2,5.416914701,0,0,3
6,grate,Task B ,1,3,1,0.64656912,0.135,1,337.0705504,0,0,4
6,grate,Task B ,1,2,1,-1.093762457,0.135,1,1.443293619,0,0,4
6,grate,Task B ,2,3,1,-1.329887245,0.033,2,244.6371203,0,0,1
6,grate,Task B ,2,3,0,3.990399615,0.033,1,17.02648831,0,0,1
7,grate,Task B ,2,4,1,-14.69671848,0.05,2,206.4566233,0,0,2
7,grate,Task B ,1,4,1,3.017909435,0.05,1,80.32318694,0,0,2
7,grate,Task B ,1,4,0,-3.29835025,0.067,2,151.2601854,0,0,3
7,grate,Task B ,1,4,1,1.200944354,0.033,1,49.74736315,0,0,1
7,grate,Task B ,1,4,1,-2.592742421,0.05,1,16.16516956,0,0,2
7,grate,Task B ,1,4,0,-16.17569404,0.033,2,321.9786396,0,0,1
8,grate,Task B ,2,4,1,4.409203827,0.067,2,23.96629623,0,0,3
8,grate,Task B ,2,4,0,-7.347900111,0.135,1,165.0494163,0,0,4
8,grate,Task B ,1,3,1,-2.053439429,0.067,1,246.7601411,0,0,3
8,grate,Task B ,1,2,0,-2.894449839,0.135,2,237.4396078,0,0,4
8,grate,Task B ,1,4,0,0.677330497,0.067,2,145.2807578,0,0,3
8,grate,Task B ,2,2,1,-6.91415537,0.067,2,250.7761909,0,0,3
9,grate,Task B ,2,2,1,-1.096251264,0.067,2,9.380883775,0,0,3
9,grate,Task B ,1,4,1,0.653945803,0.033,1,327.8391194,0,0,1
9,grate,Task B ,1,2,0,11.60311299,0.05,2,211.5074036,0,0,2
9,grate,Task B ,1,2,0,0.423859683,0.05,2,96.53856251,0,0,2
9,grate,Task B ,2,1,0,-1.866674243,0.05,1,55.43500156,0,0,2
9,grate,Task B ,1,1,1,-5.024586003,0.05,1,85.45231174,0,0,2
10,grate,Task B ,2,3,0,-1.414239326,0.135,1,262.7308789,0,0,4
10,grate,Task B ,1,1,1,2.26130013,0.05,1,215.6130015,0,0,2
10,grate,Task B ,1,1,1,2.005010276,0.05,1,186.5581051,0,0,2
10,grate,Task B ,1,2,0,15.89860476,0.067,2,272.8068074,0,0,3
10,grate,Task B ,1,2,1,-3.147683637,0.067,1,5.747853608,0,0,3
10,grate,Task B ,1,1,1,0.182967016,0.033,1,202.4327646,0,0,1
1,grate,Task B ,2,1,0,-8.132868679,0.033,1,175.6848983,0,0,1
1,grate,Task B ,1,2,1,0.567567554,0.033,1,78.13460671,0,0,1
1,grate,Task B ,2,2,1,-15.91165328,0.033,2,98.1376102,0,0,1
1,grate,Task B ,1,1,0,2.804783656,0.033,2,214.2947085,0,0,1
1,grate,Task B ,1,2,1,0.74843811,0.05,1,178.5365898,0,0,2
1,grate,Task B ,1,1,0,-9.996623471,0.05,2,242.1671662,0,0,2
2,grate,Task B ,1,1,0,-10.51308888,0.067,2,251.484019,0,0,3
2,grate,Task B ,1,1,1,0.21933237,0.067,1,85.17021855,0,0,3
2,grate,Task B ,2,1,1,-4.574255119,0.033,2,147.650873,0,0,1
2,grate,Task B ,1,3,1,-4.855454334,0.135,1,224.2815414,0,0,4
2,grate,Task B ,1,1,1,0.447392031,0.033,1,207.4792703,0,0,1
2,grate,Task B ,2,1,1,5.723215936,0.033,2,149.8757777,0,0,1
3,grate,Task B ,1,2,1,1.847673766,0.05,1,156.3858352,0,0,2
3,grate,Task B ,1,4,1,0.61319421,0.067,1,354.400324,0,0,3
3,grate,Task B ,1,1,1,6.180617082,0.033,1,285.9594051,0,0,1
3,grate,Task B ,2,1,1,-2.985672516,0.05,2,215.1809456,0,0,2
3,grate,Task B ,1,3,1,2.4208086,0.067,1,341.5402531,0,0,3
3,grate,Task B ,2,2,0,2.248892688,0.067,1,184.5634074,0,0,3
4,grate,Task B ,1,2,1,-0.021774436,0.033,1,161.3778006,0,0,1
4,grate,Task B ,2,4,1,-21.48765724,0.135,2,264.51301,0,0,4
4,grate,Task B ,2,3,1,5.810096336,0.05,2,341.6064006,0,0,2
4,grate,Task B ,1,2,1,0.445011001,0.067,1,61.71813221,0,0,3
4,grate,Task B ,1,1,0,-0.227268517,0.033,2,288.0613346,0,0,1
4,grate,Task B ,1,4,1,-1.432693753,0.135,1,79.90932633,0,0,4
5,grate,Task B ,1,3,1,-1.726787833,0.033,1,77.71928448,0,0,1
5,grate,Task B ,1,3,0,13.82583967,0.05,2,222.8579085,0,0,2
5,grate,Task B ,1,2,0,-3.831163506,0.05,2,260.490548,0,0,2
5,grate,Task B ,1,4,1,2.586415866,0.033,1,223.8632679,0,0,1
5,grate,Task B ,2,4,1,-0.067663174,0.05,2,219.4428941,0,0,2
5,grate,Task B ,2,4,0,-1.417908838,0.033,1,210.6855131,0,0,1
6,grate,Task B ,1,3,1,0.686173847,0.05,1,210.8044541,0,0,2
6,grate,Task B ,1,2,0,7.747451651,0.135,2,228.0752052,0,0,4
6,grate,Task B ,2,3,1,8.377032069,0.067,2,100.8074988,0,0,3
6,grate,Task B ,1,2,1,0.286403772,0.05,1,85.69212614,0,0,2
6,grate,Task B ,1,3,0,3.012509403,0.05,2,194.1019177,0,0,2
6,grate,Task B ,2,2,0,-3.466741283,0.033,1,7.470823223,0,0,1
7,grate,Task B ,1,4,1,-1.796868632,0.033,1,336.0891692,0,0,1
7,grate,Task B ,2,4,1,-28.61858982,0.135,2,44.70636432,0,0,4
7,grate,Task B ,1,4,0,-9.611261761,0.033,2,217.8991682,0,0,1
7,grate,Task B ,1,4,0,3.223803156,0.033,2,41.22970641,0,0,1
7,grate,Task B ,1,4,1,-2.838915611,0.067,1,313.7231659,0,0,3
7,grate,Task B ,1,4,0,7.876997395,0.05,2,19.99771914,0,0,2
8,grate,Task B ,2,2,0,1.738224398,0.033,1,183.0343298,0,0,1
8,grate,Task B ,1,2,1,4.7133401,0.067,1,230.7116489,0,0,3
8,grate,Task B ,1,1,1,2.801427631,0.135,1,327.3039003,0,0,4
8,grate,Task B ,1,2,1,4.298219014,0.05,1,299.6566708,0,0,2
8,grate,Task B ,2,2,0,-0.662806472,0.05,1,143.6206587,0,0,2
8,grate,Task B ,2,4,0,-0.165938247,0.067,1,51.86728613,0,0,3
9,grate,Task B ,1,3,0,0.169198039,0.033,2,42.32751832,0,0,1
9,grate,Task B ,1,4,1,3.632531061,0.135,1,282.3673978,0,0,4
9,grate,Task B ,2,1,1,-15.86366561,0.05,2,155.314909,0,0,2
9,grate,Task B ,2,1,1,24.36163047,0.067,2,50.56574278,0,0,3
9,grate,Task B ,1,4,0,-2.35373141,0.05,2,239.4218195,0,0,2
9,grate,Task B ,2,1,1,7.091226379,0.05,2,192.1382501,0,0,2
10,grate,Task B ,1,1,0,8.189712409,0.033,2,236.0782977,0,0,1
10,grate,Task B ,1,1,0,-13.25414314,0.033,2,68.41277598,0,0,1
10,grate,Task B ,1,1,1,-0.71539279,0.067,1,89.85063182,0,0,3
10,grate,Task B ,1,1,0,-4.676661268,0.135,2,277.2577828,0,0,4
10,grate,Task B ,1,1,1,3.357441817,0.05,1,233.2111412,0,0,2
10,grate,Task B ,1,1,1,0.95173481,0.033,1,119.6383329,0,0,1
1,grate,Task B ,1,3,0,14.82479008,0.05,2,137.8843822,0,0,2
1,grate,Task B ,1,2,0,3.452748659,0.033,2,324.457289,0,0,1
1,grate,Task B ,1,3,1,1.204878186,0.135,1,52.62363009,0,0,4
1,grate,Task B ,1,3,0,4.442101471,0.05,2,280.8309399,0,0,2
1,grate,Task B ,2,4,1,23.73426399,0.135,2,236.8072416,0,0,4
1,grate,Task B ,1,2,1,1.076615536,0.05,1,79.65123229,0,0,2
2,grate,Task B ,1,1,1,2.882788184,0.033,1,74.05219148,0,0,1
2,grate,Task B ,1,1,0,10.33661872,0.05,2,248.3373989,0,0,2
2,grate,Task B ,2,2,1,9.441371085,0.135,2,79.57665941,0,0,4
2,grate,Task B ,1,1,0,-12.98411682,0.033,2,103.0219471,0,0,1
2,grate,Task B ,2,2,1,17.20296976,0.067,2,213.1531181,0,0,3
2,grate,Task B ,1,3,1,-3.933391918,0.067,1,310.2233488,0,0,3
3,grate,Task B ,2,4,1,25.21672861,0.033,2,101.2516619,0,0,1
3,grate,Task B ,1,3,1,-0.948616078,0.067,1,219.3847114,0,0,3
3,grate,Task B ,2,3,0,5.804947039,0.135,1,327.0671116,0,0,4
3,grate,Task B ,1,3,1,-1.287577216,0.05,1,257.6510661,0,0,2
3,grate,Task B ,2,4,1,-12.22872532,0.067,2,271.0534244,0,0,3
3,grate,Task B ,2,4,1,-6.857392017,0.135,2,149.6093284,0,0,4
4,grate,Task B ,1,1,1,4.479962702,0.05,1,68.07669808,0,0,2
4,grate,Task B ,2,2,1,1.186579469,0.067,2,230.7023035,0,0,3
4,grate,Task B ,2,4,1,-9.622902316,0.067,2,57.45307953,0,0,3
4,grate,Task B ,1,1,0,-8.133906141,0.05,2,353.8306932,0,0,2
4,grate,Task B ,2,4,1,-8.447308188,0.135,2,325.7738858,0,0,4
4,grate,Task B ,1,1,0,7.110268372,0.033,2,56.05895434,0,0,1
5,grate,Task B ,1,3,1,-1.082124361,0.05,1,358.9771231,0,0,2
5,grate,Task B ,2,4,1,1.260672965,0.033,2,227.4652745,0,0,1
5,grate,Task B ,1,3,0,14.15777963,0.033,2,122.9696667,0,0,1
5,grate,Task B ,1,4,1,-0.698106033,0.135,1,187.5974886,0,0,4
5,grate,Task B ,2,4,1,-5.070856933,0.135,2,245.9246041,0,0,4
5,grate,Task B ,1,3,0,15.28216164,0.033,2,126.5113027,0,0,1
6,grate,Task B ,1,2,0,-15.99310961,0.05,2,349.7065769,0,0,2
6,grate,Task B ,1,2,0,-12.66947982,0.033,2,192.6239206,0,0,1
6,grate,Task B ,2,3,1,1.634019952,0.05,2,70.39800448,0,0,2
6,grate,Task B ,2,3,1,-11.24927281,0.05,2,58.69658214,0,0,2
6,grate,Task B ,1,2,1,-0.050018406,0.05,1,345.1242018,0,0,2
6,grate,Task B ,2,3,1,0.159022004,0.067,2,27.78510636,0,0,3
7,grate,Task B ,1,1,1,-5.151963345,0.033,1,113.5962632,0,0,1
7,grate,Task B ,1,4,0,-0.125829297,0.033,2,241.8231168,0,0,1
7,grate,Task B ,2,4,1,22.05234313,0.05,2,114.4906437,0,0,2
7,grate,Task B ,1,4,1,-2.066621312,0.135,1,234.874758,0,0,4
7,grate,Task B ,1,4,0,-6.833826793,0.067,2,146.6835243,0,0,3
7,grate,Task B ,2,4,1,-4.775340732,0.135,2,151.3294582,0,0,4
8,grate,Task B ,1,2,1,-0.107842268,0.135,1,33.49189827,0,0,4
8,grate,Task B ,2,3,0,-2.985561653,0.135,1,198.4305132,0,0,4
8,grate,Task B ,2,3,0,2.150725386,0.135,1,212.2645032,0,0,4
8,grate,Task B ,1,1,1,-2.710743258,0.033,1,307.406374,0,0,1
8,grate,Task B ,1,3,1,1.684916293,0.135,1,286.4208394,0,0,4
8,grate,Task B ,2,4,1,8.058944427,0.135,2,345.9495207,0,0,4
9,grate,Task B ,2,2,1,-18.11387968,0.135,2,330.7784145,0,0,4
9,grate,Task B ,1,4,1,1.119099091,0.067,1,55.30484951,0,0,3
9,grate,Task B ,2,1,0,-8.400883328,0.033,1,242.8476005,0,0,1
9,grate,Task B ,1,3,0,11.97385532,0.05,2,193.7975028,0,0,2
9,grate,Task B ,1,3,0,3.720395667,0.135,2,274.5788049,0,0,4
9,grate,Task B ,1,1,0,-20.26639994,0.033,2,95.00884158,0,0,1
10,grate,Task B ,2,3,1,-9.100964606,0.135,2,43.60444642,0,0,4
10,grate,Task B ,2,2,1,-14.24502207,0.067,2,22.76813367,0,0,3
10,grate,Task B ,1,1,1,-2.952480357,0.033,1,288.3182221,0,0,1
10,grate,Task B ,1,2,0,-15.68170261,0.05,2,137.9312292,0,0,2
10,grate,Task B ,1,1,1,-3.307975341,0.033,1,227.1475012,0,0,1
10,grate,Task B ,1,1,0,4.481145528,0.05,2,287.123229,0,0,2
1,grate,Task B ,2,3,1,-20.86286436,0.05,2,17.28479367,0,0,2
1,grate,Task B ,1,2,1,1.582239334,0.033,1,13.05092983,0,0,1
1,grate,Task B ,1,2,1,-1.518680854,0.033,1,83.1988057,0,0,1
1,grate,Task B ,2,1,0,-1.446954343,0.033,1,350.8594712,0,0,1
1,grate,Task B ,1,3,0,7.956087247,0.05,2,201.7534676,0,0,2
1,grate,Task B ,1,2,0,3.734909012,0.067,2,54.0007618,0,0,3
2,grate,Task B ,1,2,1,-4.03882381,0.067,1,282.00165,0,0,3
2,grate,Task B ,2,1,0,-3.959020868,0.05,1,40.56967951,0,0,2
2,grate,Task B ,1,3,1,3.726526718,0.135,1,94.22266291,0,0,4
2,grate,Task B ,1,4,1,-2.139302841,0.067,1,165.3389333,0,0,3
2,grate,Task B ,1,1,0,-8.60793901,0.05,2,83.71597559,0,0,2
2,grate,Task B ,1,1,1,1.635355609,0.05,1,61.25259712,0,0,2
3,grate,Task B ,1,1,0,8.944431735,0.05,2,105.1623698,0,0,2
3,grate,Task B ,1,1,1,-5.770594291,0.135,1,293.988532,0,0,4
3,grate,Task B ,1,1,1,-2.967304557,0.033,1,337.1507196,0,0,1
3,grate,Task B ,2,3,1,-14.9165251,0.05,2,230.2909397,0,0,2
3,grate,Task B ,2,3,1,-12.62268505,0.05,2,254.2717185,0,0,2
3,grate,Task B ,1,4,1,-1.692702258,0.135,1,234.1459572,0,0,4
4,grate,Task B ,1,3,1,-1.61793341,0.135,1,311.5682728,0,0,4
4,grate,Task B ,1,2,0,27.93989882,0.033,2,286.5307567,0,0,1
4,grate,Task B ,2,4,1,26.46270091,0.135,2,158.1752824,0,0,4
4,grate,Task B ,1,1,0,6.552872052,0.05,2,241.5810506,0,0,2
4,grate,Task B ,2,2,0,-1.793573107,0.05,1,207.8461003,0,0,2
4,grate,Task B ,1,1,0,11.99647919,0.033,2,253.5046004,0,0,1
5,grate,Task B ,1,3,1,-4.166414853,0.135,1,277.659986,0,0,4
5,grate,Task B ,1,4,1,2.526318078,0.067,1,212.3232667,0,0,3
5,grate,Task B ,1,1,0,-21.97803091,0.033,2,222.2859829,0,0,1
5,grate,Task B ,1,4,1,1.171552373,0.135,1,225.7554545,0,0,4
5,grate,Task B ,1,4,1,-1.1081531,0.067,1,161.351547,0,0,3
5,grate,Task B ,1,4,1,1.252203423,0.135,1,76.73941415,0,0,4
6,grate,Task B ,2,3,1,29.63630801,0.067,2,175.8383914,0,0,3
6,grate,Task B ,1,3,1,-6.974040709,0.033,1,345.0420131,0,0,1
6,grate,Task B ,1,3,1,0.77197192,0.05,1,185.944476,0,0,2
6,grate,Task B ,2,3,0,2.401613479,0.067,1,290.1737603,0,0,3
6,grate,Task B ,1,3,1,2.511237804,0.135,1,223.7561705,0,0,4
6,grate,Task B ,1,1,0,0.502997209,0.05,2,189.359763,0,0,2
7,grate,Task B ,2,4,0,-1.37178043,0.05,1,201.0843249,0,0,2
7,grate,Task B ,2,1,0,3.377984175,0.05,1,321.0499588,0,0,2
7,grate,Task B ,2,4,1,-9.062457607,0.033,2,20.16127311,0,0,1
7,grate,Task B ,1,4,0,15.0149739,0.033,2,68.73087379,0,0,1
7,grate,Task B ,1,4,0,15.00412137,0.067,2,258.5030023,0,0,3
7,grate,Task B ,1,4,0,-16.0174934,0.033,2,56.75056003,0,0,1
8,grate,Task B ,1,1,0,7.023500421,0.033,2,323.0987012,0,0,1
8,grate,Task B ,2,4,0,-0.990843507,0.067,1,321.5563958,0,0,3
8,grate,Task B ,1,1,0,5.654342608,0.033,2,276.9878049,0,0,1
8,grate,Task B ,1,2,1,-0.875901272,0.067,1,344.262204,0,0,3
8,grate,Task B ,2,4,0,-7.934601594,0.135,1,139.804331,0,0,4
8,grate,Task B ,1,4,0,-1.588276951,0.135,2,22.47880351,0,0,4
9,grate,Task B ,2,1,0,4.422751093,0.05,1,136.1253212,0,0,2
9,grate,Task B ,1,4,1,0.449766673,0.05,1,64.49771694,0,0,2
9,grate,Task B ,1,1,0,-7.274686622,0.033,2,21.03039245,0,0,1
9,grate,Task B ,1,1,0,7.229039301,0.033,2,150.0291783,0,0,1
9,grate,Task B ,2,1,0,-3.095754749,0.05,1,269.320098,0,0,2
9,grate,Task B ,2,1,1,-3.960937181,0.033,2,7.28473609,0,0,1
10,grate,Task B ,1,1,1,2.780459794,0.033,1,262.7400455,0,0,1
10,grate,Task B ,1,1,1,-1.843497129,0.067,1,260.0765103,0,0,3
10,grate,Task B ,1,1,0,-24.66226853,0.033,2,15.83238812,0,0,1
10,grate,Task B ,1,2,1,-3.504465878,0.067,1,239.7332572,0,0,3
10,grate,Task B ,1,2,1,0.150166794,0.05,1,349.3997041,0,0,2
10,grate,Task B ,1,1,1,3.570222266,0.033,1,358.6222395,0,0,1
1,grate,Task B ,1,3,1,-1.618083163,0.067,1,146.2059382,0,0,3
1,grate,Task B ,1,2,1,-3.623594392,0.05,1,323.254904,0,0,2
1,grate,Task B ,1,2,1,2.390435348,0.135,1,247.5348213,0,0,4
1,grate,Task B ,2,1,0,-1.50952324,0.033,1,45.87217392,0,0,1
1,grate,Task B ,1,2,0,-3.77971374,0.135,2,50.92801071,0,0,4
1,grate,Task B ,1,3,0,-0.806534447,0.135,2,23.32195956,0,0,4
2,grate,Task B ,2,1,1,-13.35215194,0.067,2,32.35691136,0,0,3
2,grate,Task B ,2,3,0,-3.149839221,0.033,1,28.49453408,0,0,1
2,grate,Task B ,1,1,0,8.855374192,0.033,2,148.8733332,0,0,1
2,grate,Task B ,1,3,1,3.405257142,0.067,1,308.6806073,0,0,3
2,grate,Task B ,2,4,1,-11.04058624,0.135,2,45.89394645,0,0,4
2,grate,Task B ,1,3,1,0.401460925,0.135,1,82.73894247,0,0,4
3,grate,Task B ,1,4,0,-9.191352064,0.135,2,282.029465,0,0,4
3,grate,Task B ,1,1,0,-9.736242499,0.135,2,279.0424806,0,0,4
3,grate,Task B ,2,1,0,-4.657670935,0.05,1,168.1522908,0,0,2
3,grate,Task B ,2,1,0,1.185648337,0.033,1,284.3448636,0,0,1
3,grate,Task B ,1,1,1,4.839034782,0.033,1,80.39466881,0,0,1
3,grate,Task B ,2,4,0,-4.627648636,0.135,1,336.9063814,0,0,4
4,grate,Task B ,2,4,1,16.80416287,0.135,2,343.5430131,0,0,4
4,grate,Task B ,2,4,1,4.420353878,0.067,2,211.3943095,0,0,3
4,grate,Task B ,1,1,1,-6.576332961,0.033,1,262.0362161,0,0,1
4,grate,Task B ,1,3,1,3.111632863,0.067,1,317.1094123,0,0,3
4,grate,Task B ,1,1,0,-17.21167982,0.05,2,39.56287728,0,0,2
4,grate,Task B ,1,3,0,-0.682175178,0.067,2,39.93163788,0,0,3
5,grate,Task B ,1,3,1,-2.418361106,0.067,1,42.22953088,0,0,3
5,grate,Task B ,1,4,0,1.624078123,0.05,2,8.720238261,0,0,2
5,grate,Task B ,2,4,1,8.114214675,0.135,2,48.78827305,0,0,4
5,grate,Task B ,1,4,1,0.701494776,0.067,1,288.2828096,0,0,3
5,grate,Task B ,1,3,1,-3.963904843,0.033,1,65.29133005,0,0,1
5,grate,Task B ,2,4,0,3.743668189,0.135,1,259.5150238,0,0,4
6,grate,Task B ,1,3,0,3.111333762,0.033,2,26.59983569,0,0,1
6,grate,Task B ,1,3,1,-1.210923351,0.135,1,43.75674845,0,0,4
6,grate,Task B ,1,1,0,12.51160654,0.033,2,135.375535,0,0,1
6,grate,Task B ,2,3,1,-0.647289215,0.033,2,58.31966405,0,0,1
6,grate,Task B ,1,3,0,20.42788248,0.033,2,236.1121738,0,0,1
6,grate,Task B ,1,3,0,13.51384663,0.05,2,35.73219456,0,0,2
7,grate,Task B ,2,4,1,-20.92451569,0.05,2,105.648292,0,0,2
7,grate,Task B ,1,4,0,-1.050808438,0.067,2,248.755486,0,0,3
7,grate,Task B ,2,4,1,10.54353797,0.135,2,46.88313224,0,0,4
7,grate,Task B ,1,4,1,-2.177445787,0.067,1,98.85087672,0,0,3
7,grate,Task B ,1,4,1,1.710486843,0.033,1,146.8669115,0,0,1
7,grate,Task B ,2,4,1,-13.40820533,0.135,2,21.44169299,0,0,4
8,grate,Task B ,2,1,1,22.18716913,0.033,2,281.9153353,0,0,1
8,grate,Task B ,2,1,1,2.042755677,0.033,2,236.5797222,0,0,1
8,grate,Task B ,1,1,1,-0.303579542,0.067,1,284.2233731,0,0,3
8,grate,Task B ,1,2,0,-5.762231422,0.033,2,165.4415844,0,0,1
8,grate,Task B ,1,2,0,6.450201215,0.05,2,128.5691745,0,0,2
8,grate,Task B ,1,1,1,-1.979690148,0.033,1,3.138856411,0,0,1
9,grate,Task B ,1,2,0,9.575480708,0.067,2,295.9396326,0,0,3
9,grate,Task B ,2,1,1,31.54272639,0.033,2,42.8691616,0,0,1
9,grate,Task B ,1,2,0,5.933653953,0.067,2,76.70422857,0,0,3
9,grate,Task B ,1,1,0,-0.675194307,0.05,2,108.010057,0,0,2
9,grate,Task B ,1,4,0,-17.82275015,0.033,2,143.3511267,0,0,1
9,grate,Task B ,1,4,0,7.313841129,0.135,2,274.6980081,0,0,4
10,grate,Task B ,1,1,1,2.127725256,0.033,1,315.3336845,0,0,1
10,grate,Task B ,2,3,1,-17.36800445,0.135,2,97.76726594,0,0,4
10,grate,Task B ,1,2,1,5.053002259,0.067,1,243.0541136,0,0,3
10,grate,Task B ,1,2,0,9.995486679,0.067,2,261.8094912,0,0,3
10,grate,Task B ,1,1,1,3.904924403,0.05,1,149.5116013,0,0,2
10,grate,Task B ,1,1,1,5.859879182,0.05,1,342.795358,0,0,2
1,grate,Task B ,1,2,1,0.269856369,0.033,1,253.3521329,0,0,1
1,grate,Task B ,2,2,0,0.316588092,0.033,1,41.61247434,0,0,1
1,grate,Task B ,1,3,0,-3.032981883,0.067,2,106.0209781,0,0,3
1,grate,Task B ,1,3,0,3.090297367,0.067,2,250.256066,0,0,3
1,grate,Task B ,2,1,0,-3.729010415,0.05,1,205.7824837,0,0,2
1,grate,Task B ,2,3,0,-1.643646261,0.033,1,90.89647712,0,0,1
2,grate,Task B ,1,1,0,-14.69726686,0.135,2,99.37697489,0,0,4
2,grate,Task B ,2,4,1,20.6598162,0.135,2,145.026309,0,0,4
2,grate,Task B ,2,2,0,0.649422584,0.033,1,344.5871483,0,0,1
2,grate,Task B ,1,1,1,-3.431504436,0.05,1,316.5443919,0,0,2
2,grate,Task B ,2,2,1,1.176775496,0.033,2,297.7318237,0,0,1
2,grate,Task B ,1,4,0,-8.197811624,0.05,2,226.9226599,0,0,2
3,grate,Task B ,2,2,1,-7.692973742,0.067,2,158.2265633,0,0,3
3,grate,Task B ,1,3,1,1.693414388,0.067,1,315.9718868,0,0,3
3,grate,Task B ,1,1,1,-3.937446315,0.033,1,132.0868212,0,0,1
3,grate,Task B ,2,2,1,-1.52985071,0.135,2,255.103535,0,0,4
3,grate,Task B ,1,2,1,-1.58024986,0.135,1,179.8653459,0,0,4
3,grate,Task B ,1,1,1,2.025150811,0.033,1,231.1795992,0,0,1
4,grate,Task B ,1,1,1,-1.132868385,0.05,1,48.26039069,0,0,2
4,grate,Task B ,1,3,1,-1.848258487,0.135,1,182.2492493,0,0,4
4,grate,Task B ,1,2,0,10.56220229,0.033,2,69.05466958,0,0,1
4,grate,Task B ,1,1,1,-1.294278548,0.05,1,313.2038133,0,0,2
4,grate,Task B ,2,2,0,-3.931577615,0.067,1,278.3497123,0,0,3
4,grate,Task B ,2,4,1,14.07635607,0.135,2,166.8962251,0,0,4
5,grate,Task B ,2,4,1,-19.3408001,0.033,2,139.5336957,0,0,1
5,grate,Task B ,2,4,1,15.15305673,0.135,2,19.50943431,0,0,4
5,grate,Task B ,1,3,1,1.15159149,0.135,1,248.4062822,0,0,4
5,grate,Task B ,2,2,0,3.96311027,0.067,1,119.3954097,0,0,3
5,grate,Task B ,1,4,0,-7.671597652,0.033,2,233.1002695,0,0,1
5,grate,Task B ,1,4,1,1.183624905,0.135,1,346.6303285,0,0,4
6,grate,Task B ,2,3,1,-16.15700836,0.135,2,351.7991933,0,0,4
6,grate,Task B ,1,3,1,0.203144177,0.05,1,80.71254434,0,0,2
6,grate,Task B ,1,2,1,-1.16618212,0.067,1,54.60341897,0,0,3
6,grate,Task B ,2,3,0,-2.92427837,0.135,1,31.96371064,0,0,4
6,grate,Task B ,2,3,1,29.87742763,0.067,2,2.628089386,0,0,3
6,grate,Task B ,1,3,1,-0.398296499,0.05,1,196.9318905,0,0,2
7,grate,Task B ,1,1,0,-12.43603758,0.05,2,143.4854772,0,0,2
7,grate,Task B ,2,4,1,-14.76377977,0.05,2,228.040749,0,0,2
7,grate,Task B ,1,4,1,-2.281733644,0.05,1,261.4192015,0,0,2
7,grate,Task B ,1,4,1,1.621159261,0.067,1,192.4319428,0,0,3
7,grate,Task B ,2,4,1,-12.01654176,0.135,2,12.59704454,0,0,4
7,grate,Task B ,1,4,0,12.05638676,0.033,2,258.6853904,0,0,1
8,grate,Task B ,2,4,1,20.99208201,0.067,2,256.3673725,0,0,3
8,grate,Task B ,1,1,0,-7.7960185,0.033,2,100.4637678,0,0,1
8,grate,Task B ,1,2,0,-1.787486653,0.05,2,204.8830863,0,0,2
8,grate,Task B ,2,2,1,-15.99890675,0.05,2,225.6298127,0,0,2
8,grate,Task B ,2,4,1,-7.264312967,0.135,2,64.05164909,0,0,4
8,grate,Task B ,1,1,0,2.32076184,0.033,2,147.4831053,0,0,1
9,grate,Task B ,1,3,0,-0.330095193,0.067,2,289.7141837,0,0,3
9,grate,Task B ,1,4,1,0.503866423,0.067,1,94.77666667,0,0,3
9,grate,Task B ,2,1,1,-31.37497024,0.033,2,180.5714468,0,0,1
9,grate,Task B ,1,2,0,11.31255616,0.033,2,122.4676442,0,0,1
9,grate,Task B ,1,4,1,0.422544287,0.067,1,22.76518887,0,0,3
9,grate,Task B ,1,1,0,16.57293168,0.067,2,136.371786,0,0,3
10,grate,Task B ,1,3,1,-0.410552499,0.135,1,252.4390245,0,0,4
10,grate,Task B ,1,1,0,-1.945898096,0.033,2,292.2347082,0,0,1
10,grate,Task B ,1,1,0,5.350032763,0.135,2,322.0827994,0,0,4
10,grate,Task B ,1,2,1,7.984153248,0.05,1,112.1658565,0,0,2
10,grate,Task B ,1,1,0,-0.541486317,0.135,2,185.8323641,0,0,4
10,grate,Task B ,1,1,0,4.996515775,0.033,2,229.8902282,0,0,1
1,grate,Task B ,1,3,0,0.9448247,0.135,2,260.353095,0,0,4
1,grate,Task B ,1,1,0,-14.58520044,0.05,2,200.9933004,0,0,2
1,grate,Task B ,1,3,0,-1.515520239,0.067,2,234.8200216,0,0,3
1,grate,Task B ,2,1,0,-7.852596696,0.033,1,51.60508874,0,0,1
1,grate,Task B ,1,2,0,18.10871113,0.05,2,186.5478506,0,0,2
1,grate,Task B ,2,1,1,9.356398086,0.067,2,201.8441599,0,0,3
2,grate,Task B ,1,1,1,4.93884204,0.033,1,159.4801072,0,0,1
2,grate,Task B ,2,2,1,-2.374129187,0.033,2,349.8984404,0,0,1
2,grate,Task B ,1,2,1,-0.115176761,0.067,1,76.90074945,0,0,3
2,grate,Task B ,1,3,0,-9.323740672,0.033,2,115.4754154,0,0,1
2,grate,Task B ,1,1,1,-0.028908476,0.033,1,268.2074145,0,0,1
2,grate,Task B ,2,3,0,-2.753375835,0.033,1,204.8972675,0,0,1
3,grate,Task B ,1,1,1,2.444392605,0.05,1,166.4756989,0,0,2
3,grate,Task B ,1,4,1,3.742542766,0.135,1,357.3529437,0,0,4
3,grate,Task B ,1,4,1,-4.208081008,0.05,1,321.7456021,0,0,2
3,grate,Task B ,2,1,1,-13.47048388,0.05,2,195.8929222,0,0,2
3,grate,Task B ,2,4,1,16.44047102,0.067,2,325.6085287,0,0,3
3,grate,Task B ,2,2,0,-3.321722726,0.135,1,196.8860618,0,0,4
4,grate,Task B ,2,4,1,-10.69705337,0.067,2,96.89631176,0,0,3
4,grate,Task B ,1,4,1,-2.136011072,0.067,1,205.3767747,0,0,3
4,grate,Task B ,1,4,1,1.563323933,0.067,1,76.63273851,0,0,3
4,grate,Task B ,1,1,0,5.791740309,0.033,2,25.50854526,0,0,1
4,grate,Task B ,2,4,0,2.588298851,0.135,1,129.9069831,0,0,4
4,grate,Task B ,1,1,1,-2.381293038,0.05,1,42.38793897,0,0,2
5,grate,Task B ,1,1,1,0.294916371,0.033,1,110.8240136,0,0,1
5,grate,Task B ,2,1,0,3.05101756,0.135,1,333.2555752,0,0,4
5,grate,Task B ,1,4,1,2.111988359,0.135,1,45.49384871,0,0,4
5,grate,Task B ,2,4,1,6.378967362,0.135,2,272.5087496,0,0,4
5,grate,Task B ,1,1,1,-6.0879891,0.033,1,218.0448584,0,0,1
5,grate,Task B ,2,4,1,-18.07957397,0.067,2,327.3867032,0,0,3
6,grate,Task B ,1,3,1,-1.055304194,0.033,1,13.81789053,0,0,1
6,grate,Task B ,1,3,1,-2.650150193,0.067,1,12.31143233,0,0,3
6,grate,Task B ,1,2,0,-3.919756117,0.033,2,29.4753261,0,0,1
6,grate,Task B ,1,1,0,6.142218032,0.135,2,113.3718308,0,0,4
6,grate,Task B ,1,3,1,-3.839099578,0.033,1,309.6802455,0,0,1
6,grate,Task B ,1,3,0,-1.633492755,0.05,2,243.9362094,0,0,2
7,grate,Task B ,2,1,0,5.830211747,0.067,1,264.2343598,0,0,3
7,grate,Task B ,1,4,1,-2.978305077,0.05,1,291.3349717,0,0,2
7,grate,Task B ,1,4,1,-1.559150855,0.05,1,103.4615825,0,0,2
7,grate,Task B ,1,4,0,4.056851674,0.05,2,79.37803073,0,0,2
7,grate,Task B ,1,4,0,0.344000003,0.033,2,78.52740662,0,0,1
7,grate,Task B ,1,4,1,-2.404543991,0.135,1,34.31980407,0,0,4
8,grate,Task B ,2,3,0,-0.769116249,0.135,1,15.18290066,0,0,4
8,grate,Task B ,2,4,0,-1.956871729,0.067,1,262.3083004,0,0,3
8,grate,Task B ,2,1,1,12.811858,0.033,2,190.6435936,0,0,1
8,grate,Task B ,2,4,0,-4.443569501,0.067,1,319.4073363,0,0,3
8,grate,Task B ,2,3,1,-3.185163902,0.05,2,119.7735439,0,0,2
8,grate,Task B ,1,4,1,4.47695144,0.135,1,87.33687225,0,0,4
9,grate,Task B ,1,2,1,2.186738047,0.033,1,266.5767881,0,0,1
9,grate,Task B ,2,2,1,-7.283428995,0.033,2,287.1270763,0,0,1
9,grate,Task B ,1,4,1,2.973408902,0.067,1,233.411235,0,0,3
9,grate,Task B ,1,4,1,2.197517918,0.067,1,276.6429045,0,0,3
9,grate,Task B ,2,1,1,2.929518006,0.033,2,297.337674,0,0,1
9,grate,Task B ,1,3,0,-7.071971663,0.067,2,326.9094311,0,0,3
10,grate,Task B ,1,2,0,2.982158888,0.067,2,246.7437775,0,0,3
10,grate,Task B ,2,1,1,7.795256725,0.135,2,289.5248411,0,0,4
10,grate,Task B ,1,1,1,0.33360644,0.135,1,11.13618534,0,0,4
10,grate,Task B ,1,2,1,-2.434932689,0.067,1,109.6236024,0,0,3
10,grate,Task B ,1,1,0,7.023466644,0.135,2,92.46773512,0,0,4
10,grate,Task B ,1,1,0,4.933448453,0.033,2,167.1139719,0,0,1
1,grate,Task B ,1,4,0,7.397039033,0.067,2,284.3798025,0,0,3
1,grate,Task B ,1,4,1,1.639214988,0.135,1,14.08044879,0,0,4
1,grate,Task B ,1,2,1,-4.815763477,0.067,1,21.98928983,0,0,3
1,grate,Task B ,1,3,1,1.100454016,0.135,1,54.6625985,0,0,4
1,grate,Task B ,2,3,1,9.341201363,0.135,2,223.9408398,0,0,4
1,grate,Task B ,2,1,1,9.118650873,0.033,2,74.70654771,0,0,1
2,grate,Task B ,1,1,0,0.099480959,0.05,2,148.6126221,0,0,2
2,grate,Task B ,2,1,0,2.755332029,0.05,1,201.3919344,0,0,2
2,grate,Task B ,2,1,1,-9.004075546,0.033,2,249.9364258,0,0,1
2,grate,Task B ,1,3,0,-4.136903003,0.135,2,1.596943038,0,0,4
2,grate,Task B ,1,3,0,-4.503054269,0.05,2,134.4494339,0,0,2
2,grate,Task B ,2,1,1,-11.46219345,0.033,2,15.11670119,0,0,1
3,grate,Task B ,2,4,0,4.899089743,0.067,1,24.57494464,0,0,3
3,grate,Task B ,1,1,0,-12.85041058,0.135,2,21.2507207,0,0,4
3,grate,Task B ,1,4,0,-0.422732055,0.05,2,50.7838735,0,0,2
3,grate,Task B ,2,1,0,2.499055626,0.033,1,274.2933589,0,0,1
3,grate,Task B ,1,1,1,-0.800722347,0.05,1,339.0701754,0,0,2
3,grate,Task B ,2,3,0,0.104963132,0.135,1,303.2011201,0,0,4
4,grate,Task B ,1,2,0,-5.215065905,0.033,2,15.11960904,0,0,1
4,grate,Task B ,1,3,1,3.993609589,0.05,1,47.65786756,0,0,2
4,grate,Task B ,2,4,1,-18.21443846,0.135,2,276.3693385,0,0,4
4,grate,Task B ,2,4,1,-21.703584,0.135,2,166.6365465,0,0,4
4,grate,Task B ,2,3,1,15.69569938,0.067,2,100.3377033,0,0,3
4,grate,Task B ,1,3,0,2.006503107,0.05,2,137.5014865,0,0,2
5,grate,Task B ,1,3,0,-6.78283371,0.033,2,88.95743037,0,0,1
5,grate,Task B ,1,4,1,1.218461105,0.05,1,358.8425508,0,0,2
5,grate,Task B ,2,4,0,-2.001587781,0.067,1,274.7690338,0,0,3
5,grate,Task B ,1,4,1,-1.589181369,0.05,1,25.56482275,0,0,2
5,grate,Task B ,2,4,1,-12.77780252,0.067,2,64.67696235,0,0,3
5,grate,Task B ,2,4,0,3.314642456,0.135,1,165.6230143,0,0,4
6,grate,Task B ,2,3,0,1.756609081,0.135,1,346.9962001,0,0,4
6,grate,Task B ,1,3,1,-1.98428058,0.135,1,221.6562144,0,0,4
6,grate,Task B ,1,1,0,0.128697558,0.033,2,135.8089297,0,0,1
6,grate,Task B ,1,2,0,0.577014719,0.033,2,147.4780024,0,0,1
6,grate,Task B ,1,3,1,-0.344412788,0.135,1,32.89742704,0,0,4
6,grate,Task B ,1,3,1,3.046742383,0.135,1,41.28744213,0,0,4
7,grate,Task B ,1,1,0,3.503859264,0.05,2,312.9039864,0,0,2
7,grate,Task B ,1,4,0,22.92279833,0.033,2,98.82924338,0,0,1
7,grate,Task B ,1,4,1,-0.155329105,0.135,1,171.5109314,0,0,4
7,grate,Task B ,1,4,0,7.826282018,0.05,2,326.8037919,0,0,2
7,grate,Task B ,1,4,1,-6.173650548,0.135,1,59.28754417,0,0,4
7,grate,Task B ,1,4,1,0.733890514,0.067,1,101.1322163,0,0,3
8,grate,Task B ,1,1,1,-1.165361372,0.033,1,175.7862676,0,0,1
8,grate,Task B ,2,1,0,1.007911225,0.05,1,68.16819023,0,0,2
8,grate,Task B ,2,1,1,9.805395241,0.05,2,225.7530955,0,0,2
8,grate,Task B ,2,4,1,17.85357861,0.135,2,44.60897765,0,0,4
8,grate,Task B ,2,3,1,-15.47434024,0.05,2,292.9796877,0,0,2
8,grate,Task B ,2,4,1,-37.741486,0.05,2,103.8853495,0,0,2
9,grate,Task B ,1,2,1,-4.525971628,0.067,1,357.8807832,0,0,3
9,grate,Task B ,2,1,1,-2.102980461,0.033,2,283.600926,0,0,1
9,grate,Task B ,1,4,1,-0.057015776,0.135,1,101.6251001,0,0,4
9,grate,Task B ,1,1,0,-13.22125101,0.05,2,62.41659864,0,0,2
9,grate,Task B ,1,4,1,-4.080829896,0.135,1,351.4306887,0,0,4
9,grate,Task B ,1,4,1,0.632830067,0.05,1,47.65225839,0,0,2
10,grate,Task B ,1,1,1,0.160164901,0.05,1,280.8647326,0,0,2
10,grate,Task B ,1,1,1,-1.868041393,0.033,1,339.5059819,0,0,1
10,grate,Task B ,1,1,1,-0.782369739,0.033,1,74.32377298,0,0,1
10,grate,Task B ,1,1,0,-13.87669002,0.033,2,21.15377805,0,0,1
10,grate,Task B ,1,1,0,5.901524003,0.135,2,67.28681437,0,0,4
10,grate,Task B ,2,2,1,-9.979624799,0.067,2,280.0134938,0,0,3
1,grate,Task B ,1,2,0,-10.88929148,0.05,2,128.331243,0,0,2
1,grate,Task B ,1,3,1,0.540449019,0.135,1,3.857581076,0,0,4
1,grate,Task B ,1,1,1,1.02356786,0.033,1,262.5431349,0,0,1
1,grate,Task B ,2,2,1,-6.593710234,0.135,2,185.7936219,0,0,4
1,grate,Task B ,2,1,1,4.690134338,0.033,2,141.8237351,0,0,1
1,grate,Task B ,1,2,1,3.531339179,0.033,1,341.8135009,0,0,1
2,grate,Task B ,1,1,0,4.147170172,0.135,2,217.6992103,0,0,4
2,grate,Task B ,1,1,0,-3.643923808,0.05,2,67.36253427,0,0,2
2,grate,Task B ,1,3,1,-2.579334859,0.135,1,345.4074798,0,0,4
2,grate,Task B ,2,1,0,3.941058058,0.05,1,264.6243772,0,0,2
2,grate,Task B ,1,1,1,4.983163904,0.033,1,63.17595899,0,0,1
2,grate,Task B ,2,3,0,7.050093527,0.135,1,186.0100291,0,0,4
3,grate,Task B ,1,3,0,4.610158318,0.05,2,323.7644008,0,0,2
3,grate,Task B ,1,1,0,4.730399979,0.135,2,74.48065703,0,0,4
3,grate,Task B ,1,4,1,0.828929035,0.135,1,291.6384901,0,0,4
3,grate,Task B ,2,2,0,-0.61621256,0.135,1,85.40541773,0,0,4
3,grate,Task B ,1,1,1,-2.227129498,0.067,1,298.175085,0,0,3
3,grate,Task B ,2,1,0,3.196103151,0.033,1,91.53923991,0,0,1
4,grate,Task B ,1,1,1,-2.571069393,0.033,1,274.8737267,0,0,1
4,grate,Task B ,1,2,0,13.74297934,0.033,2,189.2031948,0,0,1
4,grate,Task B ,1,2,1,-0.097565172,0.033,1,162.2921437,0,0,1
4,grate,Task B ,1,3,1,3.148221516,0.067,1,251.9911557,0,0,3
4,grate,Task B ,1,1,1,2.30259859,0.033,1,38.8862905,0,0,1
4,grate,Task B ,1,3,0,-5.812528321,0.135,2,146.7905093,0,0,4
5,grate,Task B ,2,2,1,-12.29917997,0.05,2,261.5123484,0,0,2
5,grate,Task B ,1,3,1,2.117018342,0.033,1,348.6020927,0,0,1
5,grate,Task B ,1,1,0,-3.330377345,0.033,2,89.84463796,0,0,1
5,grate,Task B ,1,4,0,6.319597662,0.033,2,52.28645408,0,0,1
5,grate,Task B ,1,3,1,1.234212434,0.067,1,169.42429,0,0,3
5,grate,Task B ,1,4,1,-0.111521759,0.05,1,183.7299696,0,0,2
6,grate,Task B ,2,3,1,6.112351975,0.135,2,109.6537618,0,0,4
6,grate,Task B ,2,3,0,-1.119111516,0.135,1,238.9383994,0,0,4
6,grate,Task B ,1,3,1,-1.893585997,0.05,1,42.82885466,0,0,2
6,grate,Task B ,1,3,1,-0.904724623,0.033,1,35.75908267,0,0,1
6,grate,Task B ,1,3,1,3.752245886,0.05,1,92.18576241,0,0,2
6,grate,Task B ,1,3,1,-4.319962054,0.05,1,20.16452947,0,0,2
7,grate,Task B ,1,4,1,-2.960731611,0.067,1,308.9778402,0,0,3
7,grate,Task B ,2,4,1,-5.758208474,0.067,2,63.84803864,0,0,3
7,grate,Task B ,1,4,0,-6.288715097,0.05,2,130.3264789,0,0,2
7,grate,Task B ,1,4,1,-2.406131788,0.067,1,238.7025995,0,0,3
7,grate,Task B ,1,4,0,5.652710779,0.05,2,356.720197,0,0,2
7,grate,Task B ,1,4,1,-0.306330056,0.05,1,129.732631,0,0,2
8,grate,Task B ,1,2,0,1.540003584,0.05,2,19.79606975,0,0,2
8,grate,Task B ,2,3,1,23.58006513,0.05,2,48.28281158,0,0,2
8,grate,Task B ,1,2,1,-0.830476464,0.05,1,272.3124257,0,0,2
8,grate,Task B ,1,3,1,-2.683103416,0.067,1,104.2920359,0,0,3
8,grate,Task B ,2,2,0,1.394431794,0.05,1,290.901226,0,0,2
8,grate,Task B ,2,4,1,13.73713522,0.135,2,219.1154214,0,0,4
9,grate,Task B ,1,2,1,3.030379133,0.033,1,51.07532279,0,0,1
9,grate,Task B ,1,4,0,-9.555537807,0.135,2,250.0715631,0,0,4
9,grate,Task B ,1,4,0,0.933384586,0.067,2,228.5978602,0,0,3
9,grate,Task B ,1,2,0,0.791771351,0.067,2,113.7398121,0,0,3
9,grate,Task B ,1,4,0,-10.42788768,0.067,2,181.9443867,0,0,3
9,grate,Task B ,1,1,0,-2.016934288,0.067,2,39.61114394,0,0,3
10,grate,Task B ,1,1,1,-3.92890064,0.05,1,79.3683765,0,0,2
10,grate,Task B ,1,1,1,3.537070233,0.067,1,232.5224616,0,0,3
10,grate,Task B ,1,1,1,-3.885557086,0.135,1,15.20143941,0,0,4
10,grate,Task B ,1,2,0,-18.29697495,0.033,2,312.170918,0,0,1
10,grate,Task B ,1,1,1,-3.210064676,0.067,1,21.88525195,0,0,3
10,grate,Task B ,1,1,0,-0.874712939,0.05,2,238.6790837,0,0,2
1,grate,Task B ,2,2,1,11.89189094,0.05,2,248.530182,0,0,2
1,grate,Task B ,1,4,0,1.630863806,0.135,2,242.8256472,0,0,4
1,grate,Task B ,1,3,1,1.407455211,0.067,1,217.8106853,0,0,3
1,grate,Task B ,1,3,1,-0.805308109,0.135,1,345.2774299,0,0,4
1,grate,Task B ,2,4,1,-20.70286857,0.135,2,231.6658646,0,0,4
1,grate,Task B ,1,2,1,-1.02310777,0.067,1,259.5348207,0,0,3
2,grate,Task B ,1,1,0,6.799686805,0.033,2,71.10263126,0,0,1
2,grate,Task B ,2,1,0,-3.794125609,0.05,1,151.6252149,0,0,2
2,grate,Task B ,1,3,0,13.2010951,0.033,2,127.105376,0,0,1
2,grate,Task B ,1,3,0,14.68705308,0.067,2,218.6855602,0,0,3
2,grate,Task B ,2,4,1,-25.6617657,0.135,2,44.04473906,0,0,4
2,grate,Task B ,2,4,1,22.71059646,0.067,2,299.9401047,0,0,3
3,grate,Task B ,2,4,1,12.20963485,0.135,2,178.5384773,0,0,4
3,grate,Task B ,2,3,0,-0.142917978,0.033,1,300.4721036,0,0,1
3,grate,Task B ,2,4,1,-11.57630248,0.05,2,133.2194867,0,0,2
3,grate,Task B ,2,2,0,1.239491549,0.05,1,76.9348315,0,0,2
3,grate,Task B ,2,2,1,-4.194209306,0.033,2,275.2062457,0,0,1
3,grate,Task B ,2,2,1,-21.58097263,0.033,2,194.5415824,0,0,1
4,grate,Task B ,1,3,1,0.350297467,0.05,1,224.8241523,0,0,2
4,grate,Task B ,1,4,0,-9.701682159,0.05,2,233.8286945,0,0,2
4,grate,Task B ,2,2,0,6.050342547,0.05,1,231.6612056,0,0,2
4,grate,Task B ,1,1,1,-1.482641982,0.033,1,2.151668237,0,0,1
4,grate,Task B ,1,1,0,-12.33935884,0.033,2,253.9303268,0,0,1
4,grate,Task B ,2,4,1,20.72351233,0.067,2,308.5213377,0,0,3
5,grate,Task B ,2,4,1,16.09686105,0.135,2,119.7230794,0,0,4
5,grate,Task B ,1,3,0,2.524678541,0.135,2,129.8232869,0,0,4
5,grate,Task B ,1,3,1,1.226349474,0.05,1,355.4995894,0,0,2
5,grate,Task B ,1,1,0,-5.575032194,0.033,2,214.0646227,0,0,1
5,grate,Task B ,1,3,1,2.123541203,0.033,1,2.600956421,0,0,1
5,grate,Task B ,1,4,1,-0.046818678,0.135,1,320.9391101,0,0,4
6,grate,Task B ,2,3,1,-2.80126976,0.033,2,269.7755848,0,0,1
6,grate,Task B ,2,3,1,22.89118724,0.05,2,319.9601958,0,0,2
6,grate,Task B ,1,3,1,1.984963337,0.135,1,327.671396,0,0,4
6,grate,Task B ,2,1,1,-15.24035352,0.067,2,205.8950159,0,0,3
6,grate,Task B ,2,3,1,9.470978246,0.135,2,308.6324983,0,0,4
6,grate,Task B ,2,1,0,-1.185614756,0.033,1,128.3472522,0,0,1
7,grate,Task B ,2,1,1,6.855713824,0.135,2,165.4685172,0,0,4
7,grate,Task B ,1,4,1,-2.955970026,0.135,1,304.7850153,0,0,4
7,grate,Task B ,2,4,1,-26.0461815,0.135,2,230.1299322,0,0,4
7,grate,Task B ,2,4,1,-27.95865994,0.05,2,352.5652685,0,0,2
7,grate,Task B ,1,4,0,1.550925863,0.067,2,67.5742172,0,0,3
7,grate,Task B ,1,4,1,-0.554237268,0.033,1,107.0593636,0,0,1
8,grate,Task B ,2,4,1,-13.3072684,0.135,2,86.10090181,0,0,4
8,grate,Task B ,1,3,1,5.342809816,0.067,1,226.9740562,0,0,3
8,grate,Task B ,2,1,1,-16.47528111,0.05,2,210.1638032,0,0,2
8,grate,Task B ,2,1,0,-0.118283005,0.05,1,210.537707,0,0,2
8,grate,Task B ,1,1,0,0.401385203,0.05,2,270.6409725,0,0,2
8,grate,Task B ,2,1,0,-2.127288985,0.05,1,229.7764086,0,0,2
9,grate,Task B ,1,1,0,-3.848994407,0.05,2,313.1212184,0,0,2
9,grate,Task B ,1,4,1,-0.317953428,0.135,1,352.7969321,0,0,4
9,grate,Task B ,1,1,1,-2.990609715,0.05,1,10.1545211,0,0,2
9,grate,Task B ,1,4,1,-5.027062454,0.135,1,77.83581569,0,0,4
9,grate,Task B ,1,4,1,-2.286950842,0.135,1,255.0942993,0,0,4
9,grate,Task B ,1,3,0,-2.646075912,0.135,2,209.7972394,0,0,4
10,grate,Task B ,2,3,1,-9.257925005,0.067,2,75.92892449,0,0,3
10,grate,Task B ,1,1,0,-8.081745037,0.05,2,342.6064711,0,0,2
10,grate,Task B ,1,1,0,2.489382505,0.067,2,188.4628283,0,0,3
10,grate,Task B ,1,1,0,15.58737097,0.033,2,62.03096017,0,0,1
10,grate,Task B ,1,1,0,-3.430056545,0.135,2,52.14460873,0,0,4
10,grate,Task B ,1,1,0,10.83671,0.033,2,63.42272777,0,0,1
1,grate,Task B ,1,4,0,-3.092274303,0.067,2,224.2687242,0,0,3
1,grate,Task B ,1,4,1,1.890641924,0.135,1,238.8972342,0,0,4
1,grate,Task B ,1,2,0,1.73704226,0.05,2,61.80983103,0,0,2
1,grate,Task B ,1,3,0,3.126538703,0.05,2,118.5558931,0,0,2
1,grate,Task B ,1,2,1,-3.502372823,0.067,1,297.7148479,0,0,3
1,grate,Task B ,2,4,1,-13.94948197,0.135,2,169.8127938,0,0,4
2,grate,Task B ,1,1,1,-3.488098435,0.033,1,169.9699938,0,0,1
2,grate,Task B ,1,4,0,-0.424654559,0.135,2,164.9443287,0,0,4
2,grate,Task B ,2,1,0,-2.127493748,0.067,1,45.42426832,0,0,3
2,grate,Task B ,2,4,1,-33.88650598,0.135,2,117.9899203,0,0,4
2,grate,Task B ,1,3,1,1.299880503,0.067,1,258.3723638,0,0,3
2,grate,Task B ,1,1,1,-0.179216936,0.067,1,330.4861671,0,0,3
3,grate,Task B ,2,4,1,5.282583193,0.067,2,83.92294811,0,0,3
3,grate,Task B ,1,3,1,0.337027899,0.05,1,154.5958193,0,0,2
3,grate,Task B ,1,2,0,4.35912363,0.05,2,236.3102231,0,0,2
3,grate,Task B ,2,2,0,3.101887333,0.067,1,150.3474198,0,0,3
3,grate,Task B ,1,1,0,6.100992299,0.067,2,126.9936275,0,0,3
3,grate,Task B ,1,2,0,-8.185650536,0.033,2,290.6260485,0,0,1
4,grate,Task B ,2,4,1,-16.32529673,0.067,2,233.5216639,0,0,3
4,grate,Task B ,2,3,1,-8.244900476,0.067,2,134.9892665,0,0,3
4,grate,Task B ,2,2,0,3.226347892,0.05,1,276.2158886,0,0,2
4,grate,Task B ,2,4,1,-8.632722205,0.135,2,273.6081567,0,0,4
4,grate,Task B ,2,3,1,-3.941207814,0.135,2,18.70679738,0,0,4
4,grate,Task B ,1,1,0,1.42234839,0.033,2,70.24198255,0,0,1
5,grate,Task B ,1,4,1,0.407365481,0.135,1,112.8504486,0,0,4
5,grate,Task B ,1,4,0,-0.268289305,0.135,2,353.3523895,0,0,4
5,grate,Task B ,1,1,0,-9.631375795,0.067,2,212.0290561,0,0,3
5,grate,Task B ,2,4,1,-9.245453522,0.033,2,80.41669986,0,0,1
5,grate,Task B ,2,4,1,-24.67492289,0.067,2,176.2769664,0,0,3
5,grate,Task B ,1,4,1,-2.056745339,0.05,1,291.068533,0,0,2
6,grate,Task B ,1,3,1,-4.721329048,0.05,1,23.77383243,0,0,2
6,grate,Task B ,1,3,1,-3.767667821,0.067,1,4.971390669,0,0,3
6,grate,Task B ,2,3,0,-1.197977652,0.05,1,56.91056609,0,0,2
6,grate,Task B ,1,3,1,1.945812044,0.033,1,191.6553192,0,0,1
6,grate,Task B ,2,3,1,6.563597238,0.033,2,3.615209701,0,0,1
6,grate,Task B ,2,3,1,11.66224715,0.05,2,190.501206,0,0,2
7,grate,Task B ,1,1,1,-1.325994763,0.067,1,116.3968131,0,0,3
7,grate,Task B ,1,4,1,-1.210570449,0.067,1,70.68390309,0,0,3
7,grate,Task B ,2,4,0,-2.868585537,0.135,1,263.3247506,0,0,4
7,grate,Task B ,1,4,0,2.259034089,0.033,2,193.1390174,0,0,1
7,grate,Task B ,2,4,1,-9.918794152,0.067,2,300.6484897,0,0,3
7,grate,Task B ,1,4,0,-11.52809292,0.067,2,66.66164936,0,0,3
8,grate,Task B ,2,1,0,-5.70188163,0.033,1,346.3355476,0,0,1
8,grate,Task B ,2,2,0,-1.782362757,0.05,1,269.4534722,0,0,2
8,grate,Task B ,1,2,1,-3.146489413,0.067,1,29.28076607,0,0,3
8,grate,Task B ,2,3,1,-2.315015115,0.067,2,187.2469628,0,0,3
8,grate,Task B ,1,4,1,-3.967011604,0.135,1,273.1082353,0,0,4
8,grate,Task B ,2,1,0,-1.012731132,0.033,1,167.3178951,0,0,1
9,grate,Task B ,2,2,1,-0.515883513,0.05,2,223.9225962,0,0,2
9,grate,Task B ,1,4,1,1.235691958,0.05,1,340.6730277,0,0,2
9,grate,Task B ,1,4,0,-9.307374373,0.05,2,255.1449684,0,0,2
9,grate,Task B ,2,1,1,-15.19916035,0.033,2,207.2216666,0,0,1
9,grate,Task B ,1,1,0,4.57210117,0.067,2,336.4392079,0,0,3
9,grate,Task B ,1,4,1,-0.595759159,0.067,1,83.5025042,0,0,3
10,grate,Task B ,1,2,1,1.05013606,0.135,1,355.0464299,0,0,4
10,grate,Task B ,2,1,0,5.35214661,0.05,1,270.7372942,0,0,2
10,grate,Task B ,1,1,1,2.037863651,0.033,1,5.228421066,0,0,1
10,grate,Task B ,1,1,0,-2.393391329,0.067,2,26.14558213,0,0,3
10,grate,Task B ,1,1,1,-1.667045745,0.135,1,300.83576,0,0,4
10,grate,Task B ,1,1,0,-3.587568489,0.05,2,12.78744565,0,0,2
1,grate,Task B ,1,2,1,5.779879198,0.067,1,244.8015205,0,0,3
1,grate,Task B ,1,3,1,3.086942815,0.05,1,87.86901059,0,0,2
1,grate,Task B ,1,3,1,0.311707129,0.067,1,322.4966513,0,0,3
1,grate,Task B ,1,3,1,-4.143495138,0.135,1,146.8531987,0,0,4
1,grate,Task B ,1,2,0,1.289834982,0.067,2,116.1943269,0,0,3
1,grate,Task B ,2,3,1,-17.45341018,0.05,2,253.9925568,0,0,2
2,grate,Task B ,1,1,0,12.75915902,0.135,2,147.6956889,0,0,4
2,grate,Task B ,2,2,0,-6.132483392,0.05,1,35.00337575,0,0,2
2,grate,Task B ,1,1,0,12.06671048,0.033,2,254.8377367,0,0,1
2,grate,Task B ,1,2,1,-3.54346498,0.135,1,209.1443114,0,0,4
2,grate,Task B ,2,1,0,-2.454536697,0.033,1,36.89469815,0,0,1
2,grate,Task B ,2,4,1,16.1251006,0.135,2,131.8431164,0,0,4
3,grate,Task B ,1,2,1,-2.097273415,0.067,1,253.0361223,0,0,3
3,grate,Task B ,2,2,0,-0.85623045,0.05,1,83.89275814,0,0,2
3,grate,Task B ,2,2,1,-12.82434252,0.05,2,257.8565413,0,0,2
3,grate,Task B ,1,2,1,-1.815579323,0.033,1,190.9904898,0,0,1
3,grate,Task B ,2,4,1,6.203523497,0.135,2,1.358049092,0,0,4
3,grate,Task B ,1,1,0,-3.184833823,0.05,2,278.385853,0,0,2
4,grate,Task B ,1,1,1,-0.704574889,0.05,1,168.5997202,0,0,2
4,grate,Task B ,1,1,1,-1.148577144,0.033,1,134.32883,0,0,1
4,grate,Task B ,1,1,1,-2.288241922,0.033,1,120.9447746,0,0,1
4,grate,Task B ,1,4,0,-1.1129537,0.135,2,110.0790142,0,0,4
4,grate,Task B ,1,2,0,15.07095997,0.067,2,206.9813488,0,0,3
4,grate,Task B ,2,4,0,3.544439514,0.135,1,289.4066779,0,0,4
5,grate,Task B ,2,4,1,-22.58481286,0.067,2,117.799677,0,0,3
5,grate,Task B ,2,4,1,-37.06723207,0.135,2,203.5241048,0,0,4
5,grate,Task B ,1,4,1,-1.06217713,0.135,1,25.74374643,0,0,4
5,grate,Task B ,1,2,0,14.41369732,0.033,2,57.20993525,0,0,1
5,grate,Task B ,2,4,1,-5.363150173,0.05,2,215.9886244,0,0,2
5,grate,Task B ,1,4,1,1.746069615,0.067,1,294.5903848,0,0,3
6,grate,Task B ,1,2,1,-1.623813909,0.067,1,285.7378327,0,0,3
6,grate,Task B ,1,2,0,17.64001744,0.135,2,7.024054021,0,0,4
6,grate,Task B ,2,3,1,-19.80425277,0.135,2,197.9033952,0,0,4
6,grate,Task B ,1,3,0,-26.90657702,0.033,2,74.38300797,0,0,1
6,grate,Task B ,1,1,0,16.29482957,0.05,2,220.4156515,0,0,2
6,grate,Task B ,2,3,0,6.364159023,0.05,1,122.928842,0,0,2
7,grate,Task B ,1,4,0,1.690416629,0.067,2,136.7884898,0,0,3
7,grate,Task B ,1,4,0,-1.20433699,0.05,2,58.44971574,0,0,2
7,grate,Task B ,1,4,1,4.58085504,0.05,1,87.0111387,0,0,2
7,grate,Task B ,1,4,1,0.667449933,0.033,1,50.00627845,0,0,1
7,grate,Task B ,2,4,1,-10.08012696,0.067,2,24.13010792,0,0,3
7,grate,Task B ,1,4,0,-5.394308247,0.067,2,219.2930339,0,0,3
8,grate,Task B ,1,3,1,-2.773825215,0.05,1,208.8276114,0,0,2
8,grate,Task B ,2,3,1,-10.54565063,0.067,2,277.5491717,0,0,3
8,grate,Task B ,2,1,1,-19.09288339,0.033,2,302.6575944,0,0,1
8,grate,Task B ,1,2,1,-1.163610226,0.05,1,33.14642517,0,0,2
8,grate,Task B ,2,4,1,-14.60974656,0.067,2,254.0852352,0,0,3
8,grate,Task B ,1,2,1,0.756530122,0.067,1,299.914561,0,0,3
9,grate,Task B ,1,2,0,0.378024541,0.067,2,183.9554767,0,0,3
9,grate,Task B ,2,4,1,-12.99832028,0.067,2,5.087567542,0,0,3
9,grate,Task B ,1,1,0,-2.828568413,0.05,2,187.6385245,0,0,2
9,grate,Task B ,1,1,1,3.570564642,0.05,1,84.46481337,0,0,2
9,grate,Task B ,1,1,1,2.662984488,0.033,1,116.9400482,0,0,1
9,grate,Task B ,2,1,0,3.466193044,0.033,1,228.1378322,0,0,1
10,grate,Task B ,1,3,1,-4.035750978,0.067,1,118.3279149,0,0,3
10,grate,Task B ,1,1,1,-5.728039568,0.067,1,353.1207515,0,0,3
10,grate,Task B ,1,1,1,-1.542840504,0.135,1,38.70126722,0,0,4
10,grate,Task B ,1,2,1,0.224045975,0.067,1,164.7396962,0,0,3
10,grate,Task B ,1,1,1,0.689001726,0.135,1,97.18471259,0,0,4
10,grate,Task B ,2,1,1,-6.626821847,0.135,2,8.807452507,0,0,4
1,grate,Task B ,2,2,0,-4.623196366,0.033,1,13.51114888,0,0,1
1,grate,Task B ,1,3,1,-7.405204324,0.067,1,88.75345472,0,0,3
1,grate,Task B ,1,4,0,1.060709129,0.067,2,254.433888,0,0,3
1,grate,Task B ,1,2,0,-2.788874978,0.05,2,149.9358177,0,0,2
1,grate,Task B ,1,2,0,4.829683916,0.135,2,197.2264027,0,0,4
1,grate,Task B ,1,2,1,-2.152656934,0.135,1,263.0244344,0,0,4
2,grate,Task B ,1,1,1,1.527328168,0.033,1,216.3859917,0,0,1
2,grate,Task B ,2,1,1,24.43369984,0.067,2,155.5607226,0,0,3
2,grate,Task B ,1,2,1,-0.098520411,0.135,1,350.5868005,0,0,4
2,grate,Task B ,1,4,0,-4.098501588,0.067,2,298.1466223,0,0,3
2,grate,Task B ,1,1,1,-6.745820192,0.067,1,43.05315976,0,0,3
2,grate,Task B ,2,2,1,4.025197091,0.067,2,355.4359082,0,0,3
3,grate,Task B ,1,1,0,0.335459967,0.067,2,328.4620505,0,0,3
3,grate,Task B ,2,2,1,-17.27839914,0.033,2,109.147135,0,0,1
3,grate,Task B ,2,2,0,0.041088139,0.067,1,340.3047447,0,0,3
3,grate,Task B ,2,2,1,-0.070443022,0.067,2,309.934665,0,0,3
3,grate,Task B ,1,1,0,2.159282553,0.05,2,118.457993,0,0,2
3,grate,Task B ,1,3,0,1.352452305,0.067,2,55.81456339,0,0,3
4,grate,Task B ,2,3,0,-1.911991447,0.067,1,120.0296528,0,0,3
4,grate,Task B ,1,1,0,1.181612003,0.033,2,74.03369974,0,0,1
4,grate,Task B ,1,3,1,4.070048332,0.067,1,127.784239,0,0,3
4,grate,Task B ,1,3,0,-1.897778259,0.067,2,87.38579574,0,0,3
4,grate,Task B ,2,3,0,0.478784039,0.05,1,96.22020685,0,0,2
4,grate,Task B ,1,4,0,0.165127908,0.067,2,27.56853038,0,0,3
5,grate,Task B ,1,4,1,4.679170477,0.067,1,308.0403958,0,0,3
5,grate,Task B ,1,4,1,-1.860971164,0.05,1,141.0283416,0,0,2
5,grate,Task B ,2,4,1,-21.40995672,0.033,2,214.1683291,0,0,1
5,grate,Task B ,1,3,1,2.286204325,0.067,1,238.0043884,0,0,3
5,grate,Task B ,1,1,0,18.45400796,0.033,2,343.7061312,0,0,1
5,grate,Task B ,2,4,0,4.288575757,0.135,1,136.1174962,0,0,4
6,grate,Task B ,1,2,0,-7.937966891,0.05,2,21.19755432,0,0,2
6,grate,Task B ,1,3,0,-0.012060557,0.033,2,188.3821306,0,0,1
6,grate,Task B ,1,2,0,-9.507412213,0.05,2,309.296477,0,0,2
6,grate,Task B ,2,3,1,1.538085773,0.067,2,328.3403375,0,0,3
6,grate,Task B ,1,3,1,-0.818912233,0.05,1,197.5692202,0,0,2
6,grate,Task B ,1,3,1,-4.005604939,0.033,1,338.6582724,0,0,1
7,grate,Task B ,1,4,0,3.060534151,0.135,2,277.3828931,0,0,4
7,grate,Task B ,2,4,1,14.27037033,0.135,2,253.565756,0,0,4
7,grate,Task B ,1,4,0,-21.15865492,0.033,2,201.8190175,0,0,1
7,grate,Task B ,2,4,0,-5.06880911,0.05,1,89.6334839,0,0,2
7,grate,Task B ,1,4,1,2.728281158,0.033,1,302.2790244,0,0,1
7,grate,Task B ,2,4,0,1.753281829,0.067,1,188.7109976,0,0,3
8,grate,Task B ,2,1,0,2.804478017,0.033,1,296.4325953,0,0,1
8,grate,Task B ,2,3,0,1.16521564,0.067,1,321.9737328,0,0,3
8,grate,Task B ,2,4,1,-11.64932286,0.135,2,250.9138841,0,0,4
8,grate,Task B ,2,2,0,-1.288712994,0.05,1,51.94360003,0,0,2
8,grate,Task B ,1,2,0,-3.462828606,0.135,2,241.7053026,0,0,4
8,grate,Task B ,2,1,0,3.635742841,0.05,1,177.8282864,0,0,2
9,grate,Task B ,1,3,1,-5.394706952,0.067,1,19.77286124,0,0,3
9,grate,Task B ,1,4,1,1.121498503,0.067,1,225.676122,0,0,3
9,grate,Task B ,1,2,0,-21.9651146,0.067,2,289.9042265,0,0,3
9,grate,Task B ,2,3,0,5.87519148,0.067,1,181.5480878,0,0,3
9,grate,Task B ,1,4,0,-3.707539789,0.067,2,21.56629679,0,0,3
9,grate,Task B ,1,1,0,6.89079446,0.033,2,201.3364122,0,0,1
10,grate,Task B ,1,3,1,0.641491383,0.067,1,151.5202409,0,0,3
10,grate,Task B ,1,1,1,0.483601946,0.067,1,254.77651,0,0,3
10,grate,Task B ,2,1,1,6.647899731,0.05,2,82.9375625,0,0,2
10,grate,Task B ,1,1,0,-3.179650809,0.135,2,280.5166302,0,0,4
10,grate,Task B ,2,2,1,-11.53662411,0.135,2,234.6402084,0,0,4
10,grate,Task B ,1,1,0,-32.20836275,0.05,2,274.0324552,0,0,2
1,grate,Task B ,1,4,0,-5.015581552,0.05,2,298.1679109,0,0,2
1,grate,Task B ,1,3,0,-9.636268677,0.05,2,289.7250009,0,0,2
1,grate,Task B ,1,2,1,5.839986493,0.067,1,2.294554577,0,0,3
1,grate,Task B ,1,1,1,3.524417116,0.05,1,282.6132941,0,0,2
1,grate,Task B ,1,3,1,-1.844240176,0.135,1,82.6142755,0,0,4
1,grate,Task B ,1,3,1,2.461459857,0.067,1,172.053815,0,0,3
2,grate,Task B ,1,3,1,3.574000637,0.135,1,168.9001015,0,0,4
2,grate,Task B ,2,2,0,0.146218546,0.067,1,60.48690976,0,0,3
2,grate,Task B ,1,1,1,-2.90963885,0.05,1,236.1024611,0,0,2
2,grate,Task B ,1,1,0,-39.6654554,0.05,2,98.69156521,0,0,2
2,grate,Task B ,2,1,1,-6.840908945,0.033,2,215.2470428,0,0,1
2,grate,Task B ,1,1,0,-16.65748762,0.033,2,248.104158,0,0,1
3,grate,Task B ,2,2,0,1.098062607,0.067,1,330.5540756,0,0,3
3,grate,Task B ,2,2,0,-1.070348514,0.033,1,285.6704463,0,0,1
3,grate,Task B ,1,1,1,-1.691479442,0.135,1,71.34021376,0,0,4
3,grate,Task B ,2,2,1,-5.601116837,0.05,2,58.64073453,0,0,2
3,grate,Task B ,2,4,1,9.52942317,0.135,2,12.81759481,0,0,4
3,grate,Task B ,2,4,0,7.958675628,0.135,1,353.9661615,0,0,4
4,grate,Task B ,2,4,0,1.324663417,0.135,1,85.58374204,0,0,4
4,grate,Task B ,1,2,1,-0.393212888,0.05,1,182.4874238,0,0,2
4,grate,Task B ,1,3,1,1.373948931,0.05,1,219.6645874,0,0,2
4,grate,Task B ,1,2,1,-1.343032323,0.033,1,274.8891598,0,0,1
4,grate,Task B ,1,1,0,7.814649235,0.033,2,17.16884957,0,0,1
4,grate,Task B ,2,4,1,6.836545911,0.067,2,54.84815116,0,0,3
5,grate,Task B ,2,1,0,1.136062205,0.033,1,203.0798678,0,0,1
5,grate,Task B ,1,2,1,-0.573742671,0.05,1,18.93927188,0,0,2
5,grate,Task B ,2,4,1,-10.38116191,0.05,2,313.4145926,0,0,2
5,grate,Task B ,1,1,0,6.450762887,0.05,2,2.082738422,0,0,2
5,grate,Task B ,1,2,1,-3.412430941,0.067,1,234.5215591,0,0,3
5,grate,Task B ,1,4,1,5.783799997,0.067,1,141.248246,0,0,3
6,grate,Task B ,1,1,1,1.978442813,0.033,1,190.388832,0,0,1
6,grate,Task B ,2,3,1,8.754621909,0.033,2,265.1047069,0,0,1
6,grate,Task B ,1,3,1,-2.037431106,0.067,1,241.869037,0,0,3
6,grate,Task B ,1,3,0,1.685264083,0.05,2,39.13861435,0,0,2
6,grate,Task B ,2,2,1,-6.603277969,0.135,2,354.5493028,0,0,4
6,grate,Task B ,1,3,0,-8.631438692,0.033,2,91.57937436,0,0,1
7,grate,Task B ,1,1,1,0.962529005,0.05,1,296.2586372,0,0,2
7,grate,Task B ,1,4,1,0.321312238,0.067,1,315.8634026,0,0,3
7,grate,Task B ,1,4,1,-2.051929571,0.05,1,289.9254738,0,0,2
7,grate,Task B ,1,4,1,3.879294748,0.067,1,257.7988659,0,0,3
7,grate,Task B ,1,4,1,2.468111228,0.135,1,177.5303291,0,0,4
7,grate,Task B ,1,4,0,14.48418836,0.033,2,225.2612401,0,0,1
8,grate,Task B ,2,1,1,4.700901201,0.033,2,280.5252041,0,0,1
8,grate,Task B ,1,2,0,-5.215944992,0.067,2,75.73579392,0,0,3
8,grate,Task B ,1,2,1,1.912054517,0.05,1,306.3599346,0,0,2
8,grate,Task B ,2,1,0,6.635458915,0.033,1,259.167698,0,0,1
8,grate,Task B ,2,3,1,-4.784396453,0.067,2,134.1138246,0,0,3
8,grate,Task B ,1,1,1,-0.027613727,0.05,1,300.1352221,0,0,2
9,grate,Task B ,2,4,1,-15.39628271,0.135,2,341.9080577,0,0,4
9,grate,Task B ,1,4,1,3.221676599,0.067,1,284.0004874,0,0,3
9,grate,Task B ,1,2,0,-6.53405659,0.135,2,281.0503504,0,0,4
9,grate,Task B ,1,1,1,1.176479168,0.05,1,172.4472097,0,0,2
9,grate,Task B ,1,1,1,-0.518110226,0.033,1,165.4648933,0,0,1
9,grate,Task B ,2,4,1,-17.22988915,0.067,2,161.9969672,0,0,3
10,grate,Task B ,1,2,1,-4.052286492,0.05,1,353.4705245,0,0,2
10,grate,Task B ,1,1,1,1.267223873,0.135,1,42.60482995,0,0,4
10,grate,Task B ,1,1,1,2.369929255,0.05,1,275.6082519,0,0,2
10,grate,Task B ,2,1,1,21.38764499,0.135,2,327.7971065,0,0,4
10,grate,Task B ,1,1,1,-0.958341774,0.033,1,356.6448947,0,0,1
10,grate,Task B ,2,1,1,12.11415046,0.067,2,321.8708548,0,0,3
1,grate,Task B ,1,3,0,-6.338321904,0.05,2,350.737893,0,0,2
1,grate,Task B ,1,2,0,3.286031488,0.05,2,300.5487678,0,0,2
1,grate,Task B ,1,3,1,5.34930206,0.067,1,162.9417094,0,0,3
1,grate,Task B ,1,3,1,1.904134673,0.067,1,264.8309007,0,0,3
1,grate,Task B ,2,1,0,-10.15639993,0.033,1,320.4212126,0,0,1
1,grate,Task B ,1,1,0,3.554987477,0.067,2,178.320688,0,0,3
2,grate,Task B ,1,1,0,3.697104364,0.033,2,151.9579676,0,0,1
2,grate,Task B ,1,1,0,12.26867966,0.033,2,310.258793,0,0,1
2,grate,Task B ,1,4,1,-1.179358043,0.135,1,110.4483844,0,0,4
2,grate,Task B ,1,3,1,3.603191732,0.067,1,149.5010013,0,0,3
2,grate,Task B ,1,1,0,28.22079659,0.05,2,195.6853203,0,0,2
2,grate,Task B ,2,4,1,-23.16212103,0.067,2,260.4333338,0,0,3
3,grate,Task B ,1,2,0,0.770103236,0.067,2,138.9592002,0,0,3
3,grate,Task B ,2,3,1,-9.159485595,0.135,2,309.3620806,0,0,4
3,grate,Task B ,1,2,1,-1.451166824,0.033,1,266.0570986,0,0,1
3,grate,Task B ,2,3,1,-1.399859782,0.067,2,133.2469401,0,0,3
3,grate,Task B ,2,2,0,1.852210611,0.033,1,211.7376591,0,0,1
3,grate,Task B ,1,3,1,-0.784857407,0.067,1,294.8375415,0,0,3
4,grate,Task B ,2,2,0,6.449111363,0.135,1,125.1839465,0,0,4
4,grate,Task B ,1,2,0,-0.011648624,0.05,2,95.16094798,0,0,2
4,grate,Task B ,1,3,1,-0.117724209,0.135,1,176.341513,0,0,4
4,grate,Task B ,1,2,1,-1.236161688,0.05,1,182.4765513,0,0,2
4,grate,Task B ,2,4,1,6.560465396,0.135,2,246.4516827,0,0,4
4,grate,Task B ,1,1,1,-6.54409862,0.033,1,238.4995986,0,0,1
5,grate,Task B ,1,2,1,6.595562433,0.135,1,272.0160786,0,0,4
5,grate,Task B ,1,2,0,-1.525118011,0.067,2,318.0199926,0,0,3
5,grate,Task B ,1,3,0,12.73603362,0.067,2,336.9639153,0,0,3
5,grate,Task B ,2,4,1,-27.24843372,0.067,2,175.9310026,0,0,3
5,grate,Task B ,2,4,1,16.80425353,0.067,2,156.8408798,0,0,3
5,grate,Task B ,1,4,0,-1.887368301,0.033,2,82.64154211,0,0,1
6,grate,Task B ,1,3,1,-0.709631147,0.135,1,200.4206501,0,0,4
6,grate,Task B ,1,1,0,27.89143845,0.067,2,357.4788024,0,0,3
6,grate,Task B ,1,2,1,1.124656141,0.05,1,95.88183868,0,0,2
6,grate,Task B ,2,3,0,-3.151349916,0.033,1,65.96123266,0,0,1
6,grate,Task B ,1,1,0,-0.173939526,0.067,2,18.1444815,0,0,3
6,grate,Task B ,1,3,0,-0.554893506,0.135,2,53.6821139,0,0,4
7,grate,Task B ,1,4,0,0.768964552,0.05,2,320.8294144,0,0,2
7,grate,Task B ,2,4,1,3.070684031,0.067,2,69.4359192,0,0,3
7,grate,Task B ,1,1,1,3.816605775,0.033,1,191.0998758,0,0,1
7,grate,Task B ,1,4,0,-7.069431412,0.05,2,180.0359798,0,0,2
7,grate,Task B ,1,4,1,4.267208289,0.05,1,110.804075,0,0,2
7,grate,Task B ,1,4,1,-0.584273542,0.05,1,118.4322401,0,0,2
8,grate,Task B ,2,1,0,-2.323922856,0.033,1,307.6067878,0,0,1
8,grate,Task B ,2,4,0,-4.818150742,0.067,1,266.1423479,0,0,3
8,grate,Task B ,2,2,1,-11.21305014,0.05,2,3.344802808,0,0,2
8,grate,Task B ,1,3,0,-2.302085684,0.067,2,103.0096354,0,0,3
8,grate,Task B ,2,2,1,-16.0808736,0.05,2,284.4864515,0,0,2
8,grate,Task B ,1,1,0,-0.696321442,0.033,2,53.30105654,0,0,1
9,grate,Task B ,1,4,0,3.451133108,0.067,2,244.7021731,0,0,3
9,grate,Task B ,1,4,1,1.795377584,0.135,1,298.1030288,0,0,4
9,grate,Task B ,1,4,1,1.898079579,0.135,1,306.4639786,0,0,4
9,grate,Task B ,2,1,1,-3.125082763,0.05,2,218.8892941,0,0,2
9,grate,Task B ,1,4,1,-1.636117698,0.135,1,216.6843548,0,0,4
9,grate,Task B ,1,1,1,-2.344266459,0.067,1,144.0021278,0,0,3
10,grate,Task B ,1,3,1,-0.612161724,0.067,1,78.93170204,0,0,3
10,grate,Task B ,1,1,1,-1.22971254,0.135,1,185.1312512,0,0,4
10,grate,Task B ,1,1,1,-1.537126208,0.033,1,89.24492345,0,0,1
10,grate,Task B ,1,1,0,2.62297882,0.05,2,94.62965934,0,0,2
10,grate,Task B ,1,1,0,11.85344297,0.05,2,237.6023459,0,0,2
10,grate,Task B ,2,1,1,-11.9615977,0.135,2,145.8341313,0,0,4
1,grate,Task B ,1,4,1,-3.421485709,0.135,1,169.3715518,0,0,4
1,grate,Task B ,1,4,1,-0.154015987,0.135,1,272.3625352,0,0,4
1,grate,Task B ,1,4,0,8.290558954,0.067,2,47.7269068,0,0,3
1,grate,Task B ,1,3,1,-1.948547843,0.033,1,9.751559226,0,0,1
1,grate,Task B ,1,2,1,-2.993885225,0.067,1,358.9537014,0,0,3
1,grate,Task B ,1,2,1,2.119562008,0.135,1,224.7766894,0,0,4
2,grate,Task B ,1,2,1,-0.741004774,0.067,1,137.7858078,0,0,3
2,grate,Task B ,2,2,1,8.243585101,0.135,2,195.7823447,0,0,4
2,grate,Task B ,1,2,0,1.767882449,0.067,2,337.6242904,0,0,3
2,grate,Task B ,1,3,1,-0.47724354,0.05,1,341.3113455,0,0,2
2,grate,Task B ,1,2,1,-2.308098128,0.067,1,86.74715699,0,0,3
2,grate,Task B ,1,1,0,6.366995829,0.05,2,61.10089477,0,0,2
3,grate,Task B ,1,2,1,-1.416060179,0.135,1,246.3047044,0,0,4
3,grate,Task B ,1,1,1,3.366899206,0.033,1,304.6703189,0,0,1
3,grate,Task B ,1,4,1,-0.120432395,0.135,1,77.92233253,0,0,4
3,grate,Task B ,2,4,1,17.97366132,0.135,2,158.0775755,0,0,4
3,grate,Task B ,2,4,1,-6.637797742,0.135,2,319.6050265,0,0,4
3,grate,Task B ,1,4,0,1.80816382,0.05,2,253.9721763,0,0,2
4,grate,Task B ,1,2,1,0.328325133,0.05,1,307.1555037,0,0,2
4,grate,Task B ,1,4,1,-0.26791634,0.067,1,218.9159568,0,0,3
4,grate,Task B ,1,3,1,-4.557136597,0.135,1,289.8654131,0,0,4
4,grate,Task B ,2,4,1,-6.275651547,0.135,2,126.5615281,0,0,4
4,grate,Task B ,1,1,0,-8.75076116,0.05,2,352.3043737,0,0,2
4,grate,Task B ,1,1,1,3.348780972,0.033,1,85.7772633,0,0,1
5,grate,Task B ,2,4,1,14.24477749,0.033,2,337.0926234,0,0,1
5,grate,Task B ,2,4,1,7.049080965,0.135,2,168.9513858,0,0,4
5,grate,Task B ,2,4,1,-24.81489025,0.135,2,259.5228499,0,0,4
5,grate,Task B ,2,4,1,22.51100133,0.067,2,146.4564805,0,0,3
5,grate,Task B ,2,4,1,-21.07163399,0.067,2,198.036941,0,0,3
5,grate,Task B ,1,3,0,7.841926726,0.05,2,213.2390018,0,0,2
6,grate,Task B ,1,2,1,1.48101074,0.135,1,295.4239744,0,0,4
6,grate,Task B ,2,3,1,18.46534208,0.033,2,18.42568719,0,0,1
6,grate,Task B ,2,3,1,-11.33011868,0.05,2,270.6858977,0,0,2
6,grate,Task B ,1,2,1,-1.393552313,0.033,1,221.1393628,0,0,1
6,grate,Task B ,1,3,1,0.237279638,0.05,1,179.5472886,0,0,2
6,grate,Task B ,1,2,0,-2.955491609,0.033,2,183.3477711,0,0,1
7,grate,Task B ,2,4,0,-2.925512811,0.067,1,240.7879518,0,0,3
7,grate,Task B ,1,4,1,-2.515828107,0.033,1,42.3857395,0,0,1
7,grate,Task B ,2,4,1,12.86973448,0.135,2,237.9667565,0,0,4
7,grate,Task B ,1,4,0,6.758043125,0.033,2,254.6094412,0,0,1
7,grate,Task B ,1,4,0,12.14470256,0.033,2,46.29010737,0,0,1
7,grate,Task B ,1,1,0,-12.97133983,0.067,2,152.3664415,0,0,3
8,grate,Task B ,2,3,1,0.251678766,0.05,2,109.1345647,0,0,2
8,grate,Task B ,1,1,0,-2.108764875,0.05,2,243.8874884,0,0,2
8,grate,Task B ,2,4,1,-21.7740645,0.067,2,33.88667454,0,0,3
8,grate,Task B ,1,3,1,-0.117915904,0.067,1,271.2032394,0,0,3
8,grate,Task B ,1,3,1,-0.12033871,0.135,1,268.1974947,0,0,4
8,grate,Task B ,1,4,1,1.59647765,0.135,1,167.5659371,0,0,4
9,grate,Task B ,2,1,0,-2.268062677,0.033,1,213.0810573,0,0,1
9,grate,Task B ,1,4,0,13.1837654,0.05,2,252.5784077,0,0,2
9,grate,Task B ,1,4,1,0.358041971,0.135,1,325.6523962,0,0,4
9,grate,Task B ,1,4,1,-0.99822954,0.135,1,312.2736037,0,0,4
9,grate,Task B ,1,4,0,2.00960389,0.067,2,327.3009937,0,0,3
9,grate,Task B ,2,4,1,21.4927486,0.067,2,260.8149574,0,0,3
10,grate,Task B ,1,1,0,-7.478293259,0.033,2,271.1613217,0,0,1
10,grate,Task B ,1,1,1,2.005788706,0.135,1,163.7976687,0,0,4
10,grate,Task B ,1,1,0,4.424898999,0.135,2,46.87579497,0,0,4
10,grate,Task B ,1,2,0,4.908836814,0.05,2,119.9439142,0,0,2
10,grate,Task B ,2,2,1,24.99840513,0.067,2,154.1292689,0,0,3
10,grate,Task B ,1,1,0,4.472722167,0.033,2,276.2826289,0,0,1
1,grate,Task B ,1,4,1,-3.696118998,0.135,1,233.1814262,0,0,4
1,grate,Task B ,1,2,0,15.622983,0.067,2,229.3960024,0,0,3
1,grate,Task B ,1,3,1,1.07529923,0.135,1,307.1040025,0,0,4
1,grate,Task B ,1,3,1,-0.686212942,0.05,1,276.5520328,0,0,2
1,grate,Task B ,1,2,0,11.65962912,0.067,2,269.2660468,0,0,3
1,grate,Task B ,2,2,1,9.966499846,0.05,2,281.3801739,0,0,2
2,grate,Task B ,1,1,0,-6.105964144,0.05,2,340.4461891,0,0,2
2,grate,Task B ,1,3,0,28.54245997,0.067,2,220.9341742,0,0,3
2,grate,Task B ,1,1,0,-16.6969707,0.067,2,295.6706007,0,0,3
2,grate,Task B ,1,2,0,5.252934398,0.05,2,18.5874233,0,0,2
2,grate,Task B ,2,1,0,-2.491593722,0.05,1,310.2381898,0,0,2
2,grate,Task B ,1,1,0,15.04692353,0.067,2,109.658582,0,0,3
3,grate,Task B ,2,4,1,23.03095662,0.135,2,295.6459162,0,0,4
3,grate,Task B ,1,1,0,5.828484953,0.067,2,302.7215617,0,0,3
3,grate,Task B ,1,1,1,1.462005043,0.05,1,284.4129814,0,0,2
3,grate,Task B ,2,3,0,-4.594013312,0.067,1,330.1949075,0,0,3
3,grate,Task B ,2,2,1,10.95462092,0.067,2,292.6648392,0,0,3
3,grate,Task B ,2,2,1,7.771586701,0.135,2,58.93096992,0,0,4
4,grate,Task B ,2,4,1,24.76844681,0.067,2,262.4899648,0,0,3
4,grate,Task B ,1,2,1,-2.378472068,0.033,1,51.57226615,0,0,1
4,grate,Task B ,1,2,0,11.10253739,0.033,2,234.9613641,0,0,1
4,grate,Task B ,2,1,1,3.204874386,0.033,2,115.7207526,0,0,1
4,grate,Task B ,1,2,1,3.0129574,0.067,1,254.9654616,0,0,3
4,grate,Task B ,2,4,1,12.8676474,0.067,2,243.5927259,0,0,3
5,grate,Task B ,2,4,1,-23.63507897,0.067,2,133.9023147,0,0,3
5,grate,Task B ,2,4,0,-3.139855041,0.135,1,151.7482876,0,0,4
5,grate,Task B ,1,4,1,-0.352099365,0.067,1,321.7982723,0,0,3
5,grate,Task B ,2,4,1,-14.77668925,0.033,2,297.3642333,0,0,1
5,grate,Task B ,1,3,1,-6.319328212,0.067,1,238.0658451,0,0,3
5,grate,Task B ,1,2,0,6.472136161,0.135,2,104.3123494,0,0,4
6,grate,Task B ,2,1,1,7.49231459,0.033,2,273.6791614,0,0,1
6,grate,Task B ,2,3,0,-2.793238432,0.05,1,262.7699259,0,0,2
6,grate,Task B ,2,3,1,-12.21585797,0.05,2,55.57710342,0,0,2
6,grate,Task B ,2,3,0,-2.270096587,0.033,1,189.7601513,0,0,1
6,grate,Task B ,1,3,0,-1.094002275,0.135,2,320.574892,0,0,4
6,grate,Task B ,2,3,1,-1.622733251,0.033,2,329.9014542,0,0,1
7,grate,Task B ,2,4,0,5.089448047,0.033,1,348.7016902,0,0,1
7,grate,Task B ,1,1,1,-3.598414381,0.067,1,161.0998177,0,0,3
7,grate,Task B ,2,4,1,24.19121897,0.05,2,128.8564202,0,0,2
7,grate,Task B ,1,4,0,3.757842095,0.135,2,311.7822739,0,0,4
7,grate,Task B ,1,1,0,-6.417821998,0.135,2,182.3965999,0,0,4
7,grate,Task B ,1,4,1,3.776634925,0.033,1,209.1584718,0,0,1
8,grate,Task B ,2,4,0,-6.107637012,0.067,1,213.5145661,0,0,3
8,grate,Task B ,2,1,1,11.76419493,0.033,2,219.4244333,0,0,1
8,grate,Task B ,1,1,1,2.087740292,0.05,1,198.0070325,0,0,2
8,grate,Task B ,1,1,1,2.427950242,0.033,1,286.3564833,0,0,1
8,grate,Task B ,1,4,0,8.052088213,0.067,2,44.73764773,0,0,3
8,grate,Task B ,1,1,1,3.388956004,0.067,1,276.0199143,0,0,3
9,grate,Task B ,1,2,1,6.176341602,0.067,1,63.02349951,0,0,3
9,grate,Task B ,1,2,0,7.845970845,0.135,2,214.730426,0,0,4
9,grate,Task B ,2,1,0,-0.641665687,0.033,1,217.5099207,0,0,1
9,grate,Task B ,1,1,0,-8.905188944,0.135,2,329.3188249,0,0,4
9,grate,Task B ,1,1,1,-2.865437607,0.033,1,305.4701341,0,0,1
9,grate,Task B ,1,4,1,-2.6166625,0.135,1,324.0648216,0,0,4
10,grate,Task B ,1,1,1,-2.239190709,0.033,1,264.7079847,0,0,1
10,grate,Task B ,1,1,0,16.72341206,0.05,2,329.2334653,0,0,2
10,grate,Task B ,2,2,1,7.227373814,0.135,2,18.19827697,0,0,4
10,grate,Task B ,1,1,1,-3.127877682,0.067,1,224.2169325,0,0,3
10,grate,Task B ,1,1,1,4.215244859,0.067,1,221.5390598,0,0,3
10,grate,Task B ,2,1,1,14.5106191,0.135,2,269.692015,0,0,4
1,grate,Task B ,1,3,1,3.005141988,0.135,1,135.3290832,0,0,4
1,grate,Task B ,2,2,1,-8.817930696,0.067,2,116.7460545,0,0,3
1,grate,Task B ,2,2,0,-2.537874328,0.033,1,216.168069,0,0,1
1,grate,Task B ,1,1,0,-26.54831921,0.033,2,284.0569295,0,0,1
1,grate,Task B ,1,2,1,2.339876516,0.067,1,357.8657992,0,0,3
1,grate,Task B ,1,2,0,-5.828652048,0.067,2,48.987498,0,0,3
2,grate,Task B ,1,1,1,-1.953251337,0.05,1,282.3432749,0,0,2
2,grate,Task B ,1,1,1,-2.595252986,0.067,1,333.2089992,0,0,3
2,grate,Task B ,1,2,0,5.221663592,0.067,2,287.559298,0,0,3
2,grate,Task B ,1,3,1,-0.482643749,0.067,1,149.8051118,0,0,3
2,grate,Task B ,2,1,1,6.52793245,0.067,2,299.9263424,0,0,3
2,grate,Task B ,1,2,0,-3.93118089,0.033,2,220.7793154,0,0,1
3,grate,Task B ,1,3,1,1.262227608,0.067,1,56.16780966,0,0,3
3,grate,Task B ,2,2,0,4.104585199,0.033,1,283.4417688,0,0,1
3,grate,Task B ,2,1,1,7.528492777,0.033,2,159.2913682,0,0,1
3,grate,Task B ,2,2,0,2.698183222,0.135,1,188.5336746,0,0,4
3,grate,Task B ,2,1,1,-23.51601772,0.033,2,2.568503669,0,0,1
3,grate,Task B ,2,1,0,-3.587503114,0.033,1,109.3408289,0,0,1
4,grate,Task B ,2,3,0,3.911261655,0.135,1,180.0807623,0,0,4
4,grate,Task B ,1,3,1,-0.683776339,0.067,1,24.17091574,0,0,3
4,grate,Task B ,1,4,1,-0.511589643,0.135,1,303.9684134,0,0,4
4,grate,Task B ,1,2,0,4.573491953,0.05,2,341.4073009,0,0,2
4,grate,Task B ,2,4,1,20.43440021,0.067,2,14.80541855,0,0,3
4,grate,Task B ,2,4,1,-25.40957199,0.135,2,303.7758751,0,0,4
5,grate,Task B ,1,3,1,0.26952672,0.05,1,159.2939876,0,0,2
5,grate,Task B ,2,4,1,-2.685865108,0.067,2,129.3234663,0,0,3
5,grate,Task B ,1,1,1,-0.753662063,0.033,1,169.8516791,0,0,1
5,grate,Task B ,2,4,1,-12.81690588,0.135,2,300.0334223,0,0,4
5,grate,Task B ,2,1,0,0.500935252,0.067,1,123.5857843,0,0,3
5,grate,Task B ,1,2,1,2.792221503,0.067,1,121.0985441,0,0,3
6,grate,Task B ,1,3,1,4.983528783,0.05,1,236.1735352,0,0,2
6,grate,Task B ,2,1,1,-11.14596864,0.033,2,328.2456457,0,0,1
6,grate,Task B ,2,3,0,-3.497375469,0.05,1,241.6562577,0,0,2
6,grate,Task B ,1,3,1,2.781692152,0.05,1,354.2263574,0,0,2
6,grate,Task B ,2,1,0,-4.489321648,0.135,1,129.2676897,0,0,4
6,grate,Task B ,1,3,1,-1.81154031,0.067,1,193.4003325,0,0,3
7,grate,Task B ,1,4,1,-1.589249658,0.033,1,277.7737905,0,0,1
7,grate,Task B ,1,4,1,-3.057688602,0.033,1,317.303109,0,0,1
7,grate,Task B ,1,4,0,0.791275195,0.05,2,5.987911593,0,0,2
7,grate,Task B ,2,4,0,-2.313570264,0.067,1,66.63246411,0,0,3
7,grate,Task B ,1,4,1,-1.125051919,0.135,1,61.65998787,0,0,4
7,grate,Task B ,1,1,0,-15.86957633,0.05,2,96.873965,0,0,2
8,grate,Task B ,1,1,1,1.282696938,0.05,1,228.9252599,0,0,2
8,grate,Task B ,2,4,1,14.53043249,0.067,2,343.5897801,0,0,3
8,grate,Task B ,2,4,1,-7.912723606,0.135,2,332.4742186,0,0,4
8,grate,Task B ,1,2,1,-0.815322003,0.033,1,132.7714883,0,0,1
8,grate,Task B ,2,3,1,2.568146262,0.135,2,152.2991135,0,0,4
8,grate,Task B ,1,1,1,4.059802421,0.05,1,135.9153024,0,0,2
9,grate,Task B ,1,4,0,-1.454959968,0.135,2,202.3005069,0,0,4
9,grate,Task B ,1,2,1,1.928610195,0.05,1,150.3435152,0,0,2
9,grate,Task B ,1,1,0,-12.28671109,0.033,2,355.6636593,0,0,1
9,grate,Task B ,2,4,1,23.16949911,0.135,2,236.4940384,0,0,4
9,grate,Task B ,1,1,0,6.317956073,0.05,2,201.4113581,0,0,2
9,grate,Task B ,1,4,0,10.67429041,0.067,2,127.7137217,0,0,3
10,grate,Task B ,1,2,1,2.413379221,0.067,1,153.9109718,0,0,3
10,grate,Task B ,2,1,1,-10.34472526,0.05,2,196.8553729,0,0,2
10,grate,Task B ,1,1,1,0.172306313,0.135,1,167.850601,0,0,4
10,grate,Task B ,1,1,0,-8.24724296,0.05,2,91.87786425,0,0,2
10,grate,Task B ,1,1,0,4.747968601,0.05,2,236.3773831,0,0,2
10,grate,Task B ,1,1,1,2.645529339,0.067,1,38.50347964,0,0,3
1,grate,Task B ,1,4,1,2.000640801,0.05,1,134.1536818,0,0,2
1,grate,Task B ,1,4,0,-5.047858336,0.067,2,88.69909308,0,0,3
1,grate,Task B ,1,1,0,-4.082072917,0.033,2,30.48311363,0,0,1
1,grate,Task B ,1,3,0,6.057652646,0.135,2,32.2805881,0,0,4
1,grate,Task B ,1,2,1,1.431492379,0.05,1,119.3175562,0,0,2
1,grate,Task B ,1,1,0,-0.144490847,0.033,2,50.03577393,0,0,1
2,grate,Task B ,2,1,1,2.943753794,0.067,2,121.5123829,0,0,3
2,grate,Task B ,2,1,0,1.951956784,0.033,1,119.8982595,0,0,1
2,grate,Task B ,1,2,0,-3.443653163,0.033,2,331.4749985,0,0,1
2,grate,Task B ,2,4,1,-0.949294713,0.135,2,148.8040053,0,0,4
2,grate,Task B ,1,2,0,-4.753822713,0.05,2,321.9226712,0,0,2
2,grate,Task B ,1,1,0,-7.945513587,0.05,2,99.64561955,0,0,2
3,grate,Task B ,1,1,0,8.017503536,0.135,2,153.9307779,0,0,4
3,grate,Task B ,1,1,1,-0.539780078,0.033,1,277.9256996,0,0,1
3,grate,Task B ,1,1,1,-0.062297112,0.033,1,78.57274799,0,0,1
3,grate,Task B ,2,4,1,24.74964887,0.067,2,339.7592615,0,0,3
3,grate,Task B ,2,1,1,-22.69905746,0.033,2,230.5732117,0,0,1
3,grate,Task B ,2,1,1,-11.16661482,0.033,2,182.8489271,0,0,1
4,grate,Task B ,1,3,1,2.519868402,0.05,1,203.3265124,0,0,2
4,grate,Task B ,1,2,1,-1.286293043,0.033,1,162.3687332,0,0,1
4,grate,Task B ,2,4,1,8.55545165,0.135,2,90.23573173,0,0,4
4,grate,Task B ,2,3,0,1.07569232,0.135,1,118.0999157,0,0,4
4,grate,Task B ,1,1,1,-5.178091416,0.033,1,327.6243876,0,0,1
4,grate,Task B ,1,1,1,-0.300723326,0.05,1,184.4402568,0,0,2
5,grate,Task B ,1,4,0,2.908377115,0.05,2,294.0761111,0,0,2
5,grate,Task B ,1,1,0,-14.54151716,0.067,2,51.74752012,0,0,3
5,grate,Task B ,1,4,1,-0.246601764,0.05,1,13.62591315,0,0,2
5,grate,Task B ,1,3,0,5.619826645,0.067,2,65.90836689,0,0,3
5,grate,Task B ,2,4,1,2.962894428,0.067,2,337.9943744,0,0,3
5,grate,Task B ,2,4,1,-14.93942427,0.135,2,181.5960697,0,0,4
6,grate,Task B ,1,3,1,-0.171464379,0.067,1,71.37051293,0,0,3
6,grate,Task B ,2,3,1,6.699426882,0.135,2,194.6768862,0,0,4
6,grate,Task B ,1,3,0,7.039183592,0.05,2,272.7532726,0,0,2
6,grate,Task B ,2,3,1,-2.214964455,0.135,2,155.8406322,0,0,4
6,grate,Task B ,1,3,1,-0.322463929,0.135,1,234.942217,0,0,4
6,grate,Task B ,1,3,1,-3.090334313,0.067,1,112.8784773,0,0,3
7,grate,Task B ,2,4,0,5.386096153,0.135,1,225.198955,0,0,4
7,grate,Task B ,1,4,0,11.65805681,0.067,2,6.357048777,0,0,3
7,grate,Task B ,1,4,1,-0.873870937,0.067,1,78.09224091,0,0,3
7,grate,Task B ,2,4,1,14.82516197,0.067,2,122.1191796,0,0,3
7,grate,Task B ,2,4,1,20.93117931,0.135,2,237.2565179,0,0,4
7,grate,Task B ,1,1,1,2.706708713,0.033,1,245.7268966,0,0,1
8,grate,Task B ,2,4,1,-12.43489085,0.067,2,260.9202298,0,0,3
8,grate,Task B ,2,4,1,21.90247869,0.135,2,355.7731345,0,0,4
8,grate,Task B ,2,1,1,-10.00656316,0.033,2,136.6188479,0,0,1
8,grate,Task B ,1,3,1,-2.761712433,0.135,1,232.1386233,0,0,4
8,grate,Task B ,2,1,0,5.972380958,0.033,1,178.3772367,0,0,1
8,grate,Task B ,1,4,1,1.272725546,0.067,1,261.614345,0,0,3
9,grate,Task B ,2,1,1,7.389946064,0.05,2,215.6742265,0,0,2
9,grate,Task B ,2,1,1,3.64198057,0.033,2,32.24157848,0,0,1
9,grate,Task B ,1,4,1,-1.222197319,0.135,1,131.8318137,0,0,4
9,grate,Task B ,1,1,1,-1.347380943,0.033,1,180.7850065,0,0,1
9,grate,Task B ,1,1,0,-3.52363102,0.067,2,72.14849234,0,0,3
9,grate,Task B ,1,4,1,-0.200951443,0.05,1,275.4772483,0,0,2
10,grate,Task B ,2,2,1,-19.11013608,0.067,2,300.5307988,0,0,3
10,grate,Task B ,1,1,1,-0.157874587,0.05,1,322.0073773,0,0,2
10,grate,Task B ,1,1,1,-2.256706894,0.135,1,244.2572805,0,0,4
10,grate,Task B ,1,1,1,0.160996848,0.135,1,296.56901,0,0,4
10,grate,Task B ,1,1,0,13.15993881,0.05,2,181.8226176,0,0,2
10,grate,Task B ,2,1,1,27.05654822,0.067,2,29.12151923,0,0,3
1,grate,Task B ,1,2,1,5.407238616,0.05,1,312.9194012,0,0,2
1,grate,Task B ,2,4,1,-11.58847354,0.135,2,128.7268467,0,0,4
1,grate,Task B ,1,3,1,2.990566019,0.135,1,35.17689313,0,0,4
1,grate,Task B ,1,1,1,1.173276835,0.033,1,175.207486,0,0,1
1,grate,Task B ,1,1,0,33.48533504,0.033,2,195.2549684,0,0,1
1,grate,Task B ,1,3,1,3.981986722,0.135,1,340.0648293,0,0,4
2,grate,Task B ,1,3,0,7.217667714,0.135,2,308.8385684,0,0,4
2,grate,Task B ,2,1,1,-8.853358866,0.05,2,159.6781111,0,0,2
2,grate,Task B ,2,2,1,-8.359837969,0.067,2,89.62573703,0,0,3
2,grate,Task B ,1,1,1,0.93873331,0.05,1,19.18495863,0,0,2
2,grate,Task B ,1,1,1,3.065868475,0.033,1,340.4443408,0,0,1
2,grate,Task B ,1,1,1,1.839917114,0.033,1,35.54539729,0,0,1
3,grate,Task B ,1,1,1,-0.786119367,0.033,1,171.3096356,0,0,1
3,grate,Task B ,2,3,1,-6.019337618,0.067,2,32.04063462,0,0,3
3,grate,Task B ,2,3,0,-5.020965824,0.135,1,177.2950037,0,0,4
3,grate,Task B ,2,1,0,-1.376016768,0.033,1,333.7841721,0,0,1
3,grate,Task B ,1,3,0,-1.953371615,0.033,2,49.08242993,0,0,1
3,grate,Task B ,1,1,1,-2.432902313,0.033,1,7.716573355,0,0,1
4,grate,Task B ,1,3,0,-1.864944034,0.05,2,331.8761907,0,0,2
4,grate,Task B ,2,3,0,1.251070123,0.135,1,140.0915142,0,0,4
4,grate,Task B ,2,4,0,-8.927842283,0.135,1,136.432725,0,0,4
4,grate,Task B ,1,1,1,0.976236542,0.033,1,117.5753463,0,0,1
4,grate,Task B ,1,1,0,-14.43718352,0.067,2,92.02952273,0,0,3
4,grate,Task B ,2,2,0,0.109413853,0.135,1,92.04522077,0,0,4
5,grate,Task B ,1,4,1,1.060202314,0.135,1,36.54538148,0,0,4
5,grate,Task B ,2,4,1,-22.97713696,0.05,2,300.0824482,0,0,2
5,grate,Task B ,1,3,0,3.191605296,0.05,2,68.23151511,0,0,2
5,grate,Task B ,2,2,0,-2.625082958,0.135,1,203.6758694,0,0,4
5,grate,Task B ,1,3,1,1.828185728,0.135,1,17.72624296,0,0,4
5,grate,Task B ,1,4,0,-3.859502583,0.05,2,70.77151313,0,0,2
6,grate,Task B ,1,3,0,-7.465575913,0.033,2,35.10664432,0,0,1
6,grate,Task B ,1,3,1,-2.062822578,0.135,1,18.26386484,0,0,4
6,grate,Task B ,1,3,0,0.986017887,0.067,2,295.042614,0,0,3
6,grate,Task B ,1,3,0,9.869386428,0.135,2,99.34193142,0,0,4
6,grate,Task B ,1,3,1,-1.113972546,0.067,1,284.7102626,0,0,3
6,grate,Task B ,1,2,1,-4.628112948,0.033,1,316.7136084,0,0,1
7,grate,Task B ,2,1,0,-3.63242343,0.033,1,19.14720034,0,0,1
7,grate,Task B ,1,4,0,15.17979195,0.05,2,308.3269034,0,0,2
7,grate,Task B ,1,4,1,-0.297580591,0.05,1,202.6517709,0,0,2
7,grate,Task B ,1,4,0,-5.608084867,0.135,2,68.08448656,0,0,4
7,grate,Task B ,2,3,1,9.04876577,0.067,2,248.2128234,0,0,3
7,grate,Task B ,2,4,0,2.422612129,0.135,1,288.1344083,0,0,4
8,grate,Task B ,2,4,1,7.738177056,0.067,2,232.1547319,0,0,3
8,grate,Task B ,1,4,1,2.997179451,0.135,1,161.2934081,0,0,4
8,grate,Task B ,2,4,1,-15.45564249,0.067,2,137.1988099,0,0,3
8,grate,Task B ,2,2,0,2.889529836,0.067,1,39.20070898,0,0,3
8,grate,Task B ,2,2,0,-0.384280133,0.05,1,246.6719448,0,0,2
8,grate,Task B ,2,4,1,-14.11260486,0.067,2,170.7649701,0,0,3
9,grate,Task B ,1,2,1,-1.342896678,0.067,1,69.33522655,0,0,3
9,grate,Task B ,1,4,0,11.14558906,0.067,2,278.80957,0,0,3
9,grate,Task B ,1,1,0,-2.586545149,0.05,2,354.2327742,0,0,2
9,grate,Task B ,1,1,1,6.236358825,0.033,1,333.8956026,0,0,1
9,grate,Task B ,1,4,1,3.318726947,0.135,1,245.9395158,0,0,4
9,grate,Task B ,1,4,0,-2.610509564,0.05,2,274.9012311,0,0,2
10,grate,Task B ,2,1,1,8.93308543,0.135,2,196.242331,0,0,4
10,grate,Task B ,1,1,0,-10.04315419,0.05,2,351.6066118,0,0,2
10,grate,Task B ,1,2,0,4.927414871,0.067,2,268.6901888,0,0,3
10,grate,Task B ,1,1,1,-1.894989903,0.05,1,190.3191562,0,0,2
10,grate,Task B ,1,1,0,3.704320759,0.067,2,82.77736178,0,0,3
10,grate,Task B ,1,1,0,-2.444794309,0.135,2,259.4007079,0,0,4
1,grate,Task B ,1,3,1,0.414437425,0.05,1,74.79461073,0,0,2
1,grate,Task B ,1,2,1,0.369619518,0.05,1,317.6760417,0,0,2
1,grate,Task B ,2,3,1,22.95015842,0.05,2,286.7120657,0,0,2
1,grate,Task B ,1,3,1,-3.519330745,0.135,1,194.3176561,0,0,4
1,grate,Task B ,1,2,0,-17.07929144,0.033,2,47.74438503,0,0,1
1,grate,Task B ,1,3,1,4.934080339,0.067,1,64.41411369,0,0,3
2,grate,Task B ,2,1,0,0.243365305,0.033,1,121.2330788,0,0,1
2,grate,Task B ,1,1,0,-15.41639803,0.033,2,296.3940569,0,0,1
2,grate,Task B ,1,2,1,-2.815954566,0.067,1,270.1267196,0,0,3
2,grate,Task B ,1,2,1,-0.356838076,0.067,1,230.4819249,0,0,3
2,grate,Task B ,2,3,1,0.91890395,0.067,2,88.4136985,0,0,3
2,grate,Task B ,2,3,1,-3.88769183,0.033,2,23.68671093,0,0,1
3,grate,Task B ,1,4,1,0.55554503,0.05,1,318.6130261,0,0,2
3,grate,Task B ,2,4,1,-11.86311736,0.067,2,222.0550262,0,0,3
3,grate,Task B ,1,2,0,-7.837954518,0.05,2,225.3042296,0,0,2
3,grate,Task B ,1,2,0,14.03604831,0.033,2,162.2202845,0,0,1
3,grate,Task B ,1,1,1,1.314501633,0.033,1,168.6600631,0,0,1
3,grate,Task B ,1,4,1,2.551767647,0.135,1,236.6971406,0,0,4
4,grate,Task B ,2,2,1,5.598758604,0.05,2,70.74211953,0,0,2
4,grate,Task B ,1,3,1,-1.241936326,0.05,1,145.2383795,0,0,2
4,grate,Task B ,1,3,1,0.136072205,0.033,1,35.66577752,0,0,1
4,grate,Task B ,2,4,1,-12.45679513,0.135,2,31.78355046,0,0,4
4,grate,Task B ,2,4,1,-17.14311906,0.135,2,117.2259511,0,0,4
4,grate,Task B ,1,3,1,-2.416268432,0.033,1,190.3923821,0,0,1
5,grate,Task B ,2,4,1,-17.36917762,0.135,2,156.3199752,0,0,4
5,grate,Task B ,1,3,1,-2.751794959,0.05,1,215.0590719,0,0,2
5,grate,Task B ,2,4,1,-14.31595148,0.067,2,199.8246009,0,0,3
5,grate,Task B ,1,4,1,2.442842609,0.05,1,282.0149446,0,0,2
5,grate,Task B ,1,1,0,6.029755523,0.033,2,299.1446251,0,0,1
5,grate,Task B ,1,1,0,-15.01178248,0.033,2,79.20122856,0,0,1
6,grate,Task B ,2,2,0,6.749190766,0.033,1,60.68264165,0,0,1
6,grate,Task B ,1,3,1,-3.081567087,0.05,1,345.6792955,0,0,2
6,grate,Task B ,2,3,1,4.385035299,0.135,2,18.47338466,0,0,4
6,grate,Task B ,1,3,0,-0.261926572,0.033,2,299.9878937,0,0,1
6,grate,Task B ,1,2,0,-18.35463299,0.067,2,316.1006035,0,0,3
6,grate,Task B ,2,3,1,22.75577567,0.067,2,348.3632513,0,0,3
7,grate,Task B ,1,4,0,5.509930473,0.05,2,198.0045387,0,0,2
7,grate,Task B ,1,1,1,-5.725734677,0.067,1,70.07477619,0,0,3
7,grate,Task B ,1,4,0,10.26233697,0.033,2,56.59845189,0,0,1
7,grate,Task B ,2,4,0,1.1886066,0.033,1,298.0856877,0,0,1
7,grate,Task B ,1,4,1,2.491702824,0.135,1,301.1747336,0,0,4
7,grate,Task B ,2,4,0,2.698913484,0.135,1,147.0925247,0,0,4
8,grate,Task B ,1,2,0,0.683804358,0.033,2,153.2420616,0,0,1
8,grate,Task B ,1,1,0,-3.826126238,0.033,2,19.24917247,0,0,1
8,grate,Task B ,1,1,0,14.20024874,0.033,2,42.88627217,0,0,1
8,grate,Task B ,1,3,0,1.098161349,0.067,2,327.120605,0,0,3
8,grate,Task B ,1,2,1,1.841606849,0.067,1,22.39693773,0,0,3
8,grate,Task B ,1,1,0,-7.967683973,0.05,2,288.1788802,0,0,2
9,grate,Task B ,1,4,1,-0.062029085,0.067,1,165.1473572,0,0,3
9,grate,Task B ,2,2,1,-12.04433618,0.067,2,82.36203469,0,0,3
9,grate,Task B ,1,4,1,1.412315049,0.067,1,38.79864966,0,0,3
9,grate,Task B ,1,4,1,-0.297519125,0.05,1,88.5369065,0,0,2
9,grate,Task B ,2,1,0,-1.149945732,0.033,1,342.6989337,0,0,1
9,grate,Task B ,1,3,0,-2.748445593,0.067,2,79.85783876,0,0,3
10,grate,Task B ,1,1,1,-3.404205282,0.033,1,184.3414692,0,0,1
10,grate,Task B ,2,2,1,-15.54430857,0.135,2,322.8616926,0,0,4
10,grate,Task B ,1,1,0,2.072547269,0.05,2,276.8798933,0,0,2
10,grate,Task B ,1,1,1,4.186105451,0.033,1,91.57513951,0,0,1
10,grate,Task B ,1,1,0,-25.11401535,0.033,2,343.4405826,0,0,1
10,grate,Task B ,1,1,0,-3.938780988,0.135,2,216.3137793,0,0,4
1,grate,Task B ,1,3,0,-4.21768165,0.05,2,347.7191673,0,0,2
1,grate,Task B ,1,4,1,-1.303374798,0.067,1,115.0171654,0,0,3
1,grate,Task B ,2,1,0,1.169892648,0.033,1,293.9121952,0,0,1
1,grate,Task B ,2,3,1,-28.72904767,0.05,2,240.4365558,0,0,2
1,grate,Task B ,1,2,1,3.432121965,0.067,1,161.047184,0,0,3
1,grate,Task B ,2,1,1,-3.834577068,0.067,2,139.4066053,0,0,3
2,grate,Task B ,1,1,0,-23.13696342,0.033,2,290.3666465,0,0,1
2,grate,Task B ,2,1,0,-2.256739527,0.033,1,30.50169471,0,0,1
2,grate,Task B ,2,3,1,4.711163329,0.05,2,311.3700811,0,0,2
2,grate,Task B ,1,3,0,1.956780346,0.135,2,251.6913758,0,0,4
2,grate,Task B ,1,2,1,4.480205191,0.033,1,65.48060987,0,0,1
2,grate,Task B ,1,2,0,-2.859710279,0.135,2,34.47832408,0,0,4
3,grate,Task B ,2,4,1,-3.389812942,0.135,2,322.6539163,0,0,4
3,grate,Task B ,2,2,1,15.49239122,0.05,2,310.3764237,0,0,2
3,grate,Task B ,1,4,1,0.316419475,0.135,1,88.7073363,0,0,4
3,grate,Task B ,1,1,1,-0.708349229,0.033,1,280.2785286,0,0,1
3,grate,Task B ,2,3,1,-13.53267606,0.135,2,115.7930004,0,0,4
3,grate,Task B ,1,4,1,-0.108496517,0.05,1,254.2887352,0,0,2
4,grate,Task B ,1,1,1,-5.386440591,0.033,1,243.2847946,0,0,1
4,grate,Task B ,2,4,1,18.41644382,0.135,2,82.02147684,0,0,4
4,grate,Task B ,1,2,0,-11.25053824,0.033,2,201.6870717,0,0,1
4,grate,Task B ,2,2,1,-8.869800714,0.05,2,232.0528507,0,0,2
4,grate,Task B ,1,1,0,-29.95102079,0.05,2,286.895239,0,0,2
4,grate,Task B ,1,4,1,3.201601536,0.05,1,263.1470972,0,0,2
5,grate,Task B ,1,3,1,0.338882394,0.135,1,19.20777575,0,0,4
5,grate,Task B ,2,4,1,26.50009147,0.033,2,26.83315403,0,0,1
5,grate,Task B ,2,4,0,-6.145725108,0.067,1,319.642588,0,0,3
5,grate,Task B ,1,4,1,4.897294288,0.05,1,156.2947559,0,0,2
5,grate,Task B ,2,1,1,7.494190532,0.033,2,262.5423253,0,0,1
5,grate,Task B ,2,4,1,-3.769311235,0.135,2,117.8774231,0,0,4
6,grate,Task B ,2,3,1,-5.180831397,0.033,2,113.5435897,0,0,1
6,grate,Task B ,2,3,1,-2.038300243,0.135,2,331.2308822,0,0,4
6,grate,Task B ,1,1,0,-10.18349207,0.033,2,54.23665318,0,0,1
6,grate,Task B ,1,2,0,9.753590405,0.033,2,196.6786452,0,0,1
6,grate,Task B ,2,3,0,0.12459637,0.135,1,97.59226055,0,0,4
6,grate,Task B ,2,3,1,-6.146815977,0.135,2,288.2397669,0,0,4
7,grate,Task B ,2,1,0,3.333725267,0.067,1,107.3720138,0,0,3
7,grate,Task B ,1,4,1,-2.314787922,0.135,1,37.79218578,0,0,4
7,grate,Task B ,1,4,0,0.357180972,0.05,2,23.34876478,0,0,2
7,grate,Task B ,2,4,0,2.19366591,0.067,1,232.2540945,0,0,3
7,grate,Task B ,1,4,0,12.62652724,0.033,2,290.3964706,0,0,1
7,grate,Task B ,1,1,1,0.988175336,0.135,1,91.43809221,0,0,4
8,grate,Task B ,1,2,1,-1.464640744,0.067,1,148.3370812,0,0,3
8,grate,Task B ,1,1,1,-2.616828066,0.033,1,236.0934012,0,0,1
8,grate,Task B ,2,1,1,6.502860273,0.05,2,327.4738717,0,0,2
8,grate,Task B ,1,3,0,-2.09715302,0.135,2,36.40246837,0,0,4
8,grate,Task B ,2,1,0,4.14357393,0.033,1,147.4432711,0,0,1
8,grate,Task B ,2,2,1,-7.369924766,0.067,2,207.5119286,0,0,3
9,grate,Task B ,2,4,1,10.7358874,0.135,2,20.96166364,0,0,4
9,grate,Task B ,1,2,0,-13.09275979,0.033,2,55.5312499,0,0,1
9,grate,Task B ,2,4,1,22.38061431,0.135,2,207.861505,0,0,4
9,grate,Task B ,1,1,0,4.658327689,0.05,2,260.0683813,0,0,2
9,grate,Task B ,2,3,1,-24.51013989,0.067,2,130.3234568,0,0,3
9,grate,Task B ,1,4,1,-0.756273938,0.067,1,336.9137,0,0,3
10,grate,Task B ,1,1,0,9.18313697,0.033,2,17.63045736,0,0,1
10,grate,Task B ,1,1,0,19.55797511,0.05,2,336.1583697,0,0,2
10,grate,Task B ,2,2,1,-13.54463947,0.067,2,295.1784883,0,0,3
10,grate,Task B ,1,1,0,4.734298704,0.033,2,292.6015333,0,0,1
10,grate,Task B ,1,1,0,13.09619882,0.05,2,245.4354609,0,0,2
10,grate,Task B ,1,2,1,3.054873653,0.135,1,223.8651605,0,0,4
1,grate,Task B ,1,1,0,24.81989243,0.033,2,139.5427278,0,0,1
1,grate,Task B ,1,3,1,1.276159492,0.135,1,279.6367696,0,0,4
1,grate,Task B ,1,1,1,4.399761041,0.033,1,271.3142235,0,0,1
1,grate,Task B ,1,1,0,-33.13725164,0.033,2,10.42992912,0,0,1
1,grate,Task B ,1,2,1,-2.93222378,0.05,1,100.1654913,0,0,2
1,grate,Task B ,2,1,1,13.28150897,0.033,2,139.2854482,0,0,1
2,grate,Task B ,1,3,0,-2.845262933,0.135,2,241.4098116,0,0,4
2,grate,Task B ,2,4,1,7.656394552,0.135,2,235.6527171,0,0,4
2,grate,Task B ,1,1,0,-2.059098165,0.05,2,213.7882855,0,0,2
2,grate,Task B ,1,1,1,3.900922618,0.067,1,31.21951745,0,0,3
2,grate,Task B ,1,4,1,2.432657172,0.135,1,259.4180018,0,0,4
2,grate,Task B ,2,2,0,2.316590866,0.135,1,179.1587598,0,0,4
3,grate,Task B ,1,2,1,2.45936348,0.135,1,126.6168506,0,0,4
3,grate,Task B ,1,3,0,1.434730846,0.067,2,118.3550787,0,0,3
3,grate,Task B ,1,1,1,-6.32670645,0.05,1,308.3943558,0,0,2
3,grate,Task B ,2,1,0,-5.561359348,0.033,1,214.5230863,0,0,1
3,grate,Task B ,1,4,1,-2.519212326,0.067,1,115.044938,0,0,3
3,grate,Task B ,2,4,1,-32.52858224,0.067,2,254.4081709,0,0,3
4,grate,Task B ,2,4,1,-1.0812151,0.135,2,31.91547113,0,0,4
4,grate,Task B ,2,1,0,2.752985481,0.135,1,171.3474383,0,0,4
4,grate,Task B ,2,3,1,13.3384299,0.05,2,5.96084822,0,0,2
4,grate,Task B ,1,4,0,3.867332233,0.067,2,164.3652523,0,0,3
4,grate,Task B ,2,3,0,4.88400618,0.135,1,357.1063859,0,0,4
4,grate,Task B ,1,2,0,11.29108139,0.033,2,36.75088469,0,0,1
5,grate,Task B ,1,4,1,1.261782042,0.05,1,238.0464633,0,0,2
5,grate,Task B ,1,3,1,-0.245382069,0.135,1,128.6896663,0,0,4
5,grate,Task B ,2,4,1,14.90757946,0.05,2,167.0600257,0,0,2
5,grate,Task B ,1,4,1,-3.065674632,0.05,1,350.9183391,0,0,2
5,grate,Task B ,1,4,1,0.38882068,0.05,1,116.1259959,0,0,2
5,grate,Task B ,1,4,0,-1.020758338,0.067,2,326.6582462,0,0,3
6,grate,Task B ,1,2,1,5.487169867,0.135,1,17.9738435,0,0,4
6,grate,Task B ,1,3,1,-1.108361964,0.033,1,25.36775142,0,0,1
6,grate,Task B ,1,3,1,-0.62736995,0.05,1,191.1905063,0,0,2
6,grate,Task B ,1,2,1,-0.203738772,0.05,1,247.4995609,0,0,2
6,grate,Task B ,2,3,1,-11.63981625,0.067,2,27.24763095,0,0,3
6,grate,Task B ,2,2,0,6.789275867,0.135,1,256.2500624,0,0,4
7,grate,Task B ,2,4,0,5.729997178,0.05,1,264.181722,0,0,2
7,grate,Task B ,1,4,1,3.098909826,0.033,1,195.7389343,0,0,1
7,grate,Task B ,1,4,1,-0.66518321,0.05,1,117.7314807,0,0,2
7,grate,Task B ,1,4,0,0.650087895,0.033,2,181.2438103,0,0,1
7,grate,Task B ,1,4,1,-0.64047456,0.05,1,104.0160385,0,0,2
7,grate,Task B ,1,4,1,0.276445247,0.067,1,359.6339738,0,0,3
8,grate,Task B ,2,2,1,0.646357884,0.033,2,209.7247623,0,0,1
8,grate,Task B ,1,4,1,3.456443821,0.135,1,85.00191306,0,0,4
8,grate,Task B ,2,4,1,24.47559796,0.067,2,242.0892312,0,0,3
8,grate,Task B ,2,1,1,-9.342024794,0.05,2,227.2274531,0,0,2
8,grate,Task B ,1,3,1,-1.034816767,0.135,1,135.4434585,0,0,4
8,grate,Task B ,1,1,1,-0.819518094,0.033,1,11.71489861,0,0,1
9,grate,Task B ,2,1,1,-1.490563109,0.05,2,119.980988,0,0,2
9,grate,Task B ,2,4,0,6.130316993,0.135,1,265.0270442,0,0,4
9,grate,Task B ,1,4,1,-0.692538259,0.135,1,329.4232394,0,0,4
9,grate,Task B ,1,1,0,10.71993706,0.05,2,1.385679002,0,0,2
9,grate,Task B ,1,4,1,5.398164645,0.135,1,14.73459931,0,0,4
9,grate,Task B ,2,4,1,13.79562765,0.135,2,254.6358836,0,0,4
10,grate,Task B ,2,1,0,3.189546403,0.05,1,124.6864822,0,0,2
10,grate,Task B ,2,2,1,-10.45908272,0.135,2,196.1386839,0,0,4
10,grate,Task B ,1,2,1,5.540665073,0.135,1,47.43166597,0,0,4
10,grate,Task B ,1,1,0,0.384669013,0.135,2,8.424149829,0,0,4
10,grate,Task B ,1,1,1,1.253884436,0.135,1,33.06939767,0,0,4
10,grate,Task B ,1,1,1,0.679849197,0.033,1,244.9497062,0,0,1
1,grate,Task B ,2,4,0,-1.489519469,0.05,1,139.3716631,0,0,2
1,grate,Task B ,2,3,0,4.171452034,0.067,1,238.2887487,0,0,3
1,grate,Task B ,1,3,1,-0.720882096,0.067,1,141.7523656,0,0,3
1,grate,Task B ,1,3,0,4.469395192,0.05,2,78.2525211,0,0,2
1,grate,Task B ,1,3,1,0.727863194,0.067,1,204.803404,0,0,3
1,grate,Task B ,1,1,1,-2.841038185,0.033,1,287.6145999,0,0,1
2,grate,Task B ,2,1,1,9.412759776,0.05,2,135.9449128,0,0,2
2,grate,Task B ,2,2,1,-2.335272026,0.135,2,351.6339393,0,0,4
2,grate,Task B ,1,2,0,8.069458453,0.067,2,272.0672076,0,0,3
2,grate,Task B ,1,4,0,-3.670367371,0.135,2,280.230067,0,0,4
2,grate,Task B ,1,2,0,3.865073545,0.067,2,70.12275552,0,0,3
2,grate,Task B ,1,2,1,1.880364021,0.067,1,280.5994637,0,0,3
3,grate,Task B ,2,2,1,6.502577675,0.135,2,246.8451204,0,0,4
3,grate,Task B ,1,3,1,-2.205751501,0.135,1,136.5447136,0,0,4
3,grate,Task B ,1,2,0,-12.81348643,0.05,2,250.2108165,0,0,2
3,grate,Task B ,1,4,0,0.094043721,0.067,2,255.0457725,0,0,3
3,grate,Task B ,1,1,1,-0.05365773,0.135,1,333.2577759,0,0,4
3,grate,Task B ,2,3,1,-19.11563651,0.067,2,270.7316975,0,0,3
4,grate,Task B ,1,1,1,-0.85371879,0.033,1,101.0935337,0,0,1
4,grate,Task B ,2,4,1,18.47123908,0.067,2,249.8177159,0,0,3
4,grate,Task B ,1,3,1,-0.080000846,0.067,1,171.7708281,0,0,3
4,grate,Task B ,2,3,1,-9.042004632,0.05,2,13.11867058,0,0,2
4,grate,Task B ,2,3,1,-8.598250809,0.05,2,358.8724267,0,0,2
4,grate,Task B ,1,1,0,-12.55404763,0.033,2,261.957953,0,0,1
5,grate,Task B ,1,1,0,-0.076714432,0.033,2,45.57128237,0,0,1
5,grate,Task B ,1,3,0,-5.211791552,0.033,2,288.7184293,0,0,1
5,grate,Task B ,1,3,1,-3.22276502,0.033,1,20.79410552,0,0,1
5,grate,Task B ,1,1,1,0.233305022,0.033,1,318.0795432,0,0,1
5,grate,Task B ,1,4,1,-3.053471115,0.033,1,270.4463133,0,0,1
5,grate,Task B ,1,3,1,3.819275383,0.067,1,106.9700682,0,0,3
6,grate,Task B ,1,3,0,16.49814473,0.033,2,36.43048636,0,0,1
6,grate,Task B ,2,3,0,-1.033699374,0.05,1,56.7858683,0,0,2
6,grate,Task B ,1,3,0,7.330615628,0.05,2,34.93917882,0,0,2
6,grate,Task B ,1,3,0,4.119958015,0.05,2,119.3965014,0,0,2
6,grate,Task B ,2,3,1,20.46910246,0.033,2,330.8009626,0,0,1
6,grate,Task B ,1,3,1,-2.556574781,0.067,1,321.8747986,0,0,3
7,grate,Task B ,1,3,0,-5.835307599,0.135,2,128.3415981,0,0,4
7,grate,Task B ,2,4,0,-4.45497556,0.05,1,221.6354365,0,0,2
7,grate,Task B ,1,4,1,-0.852057262,0.135,1,130.9772202,0,0,4
7,grate,Task B ,1,4,0,-20.57107586,0.067,2,44.07568054,0,0,3
7,grate,Task B ,1,4,1,-7.064900269,0.067,1,317.2740549,0,0,3
7,grate,Task B ,2,4,1,12.63511226,0.067,2,63.51873175,0,0,3
8,grate,Task B ,2,4,1,-9.65754093,0.135,2,99.5016935,0,0,4
8,grate,Task B ,2,4,1,11.22876863,0.067,2,52.26200932,0,0,3
8,grate,Task B ,1,1,1,-2.299996518,0.033,1,354.9431079,0,0,1
8,grate,Task B ,1,2,0,4.267476406,0.05,2,111.31246,0,0,2
8,grate,Task B ,2,3,0,-3.00937392,0.135,1,27.93805551,0,0,4
8,grate,Task B ,1,3,0,10.60853855,0.05,2,61.48038901,0,0,2
9,grate,Task B ,1,4,1,1.677888743,0.067,1,248.5879185,0,0,3
9,grate,Task B ,2,2,1,-23.10400668,0.05,2,280.0332354,0,0,2
9,grate,Task B ,2,1,1,8.906794881,0.033,2,46.28942058,0,0,1
9,grate,Task B ,2,4,1,-4.806973121,0.033,2,162.532755,0,0,1
9,grate,Task B ,1,4,0,-8.996264667,0.033,2,168.2673303,0,0,1
9,grate,Task B ,1,4,0,1.35014685,0.135,2,72.63618305,0,0,4
10,grate,Task B ,1,1,0,10.94183285,0.05,2,149.86288,0,0,2
10,grate,Task B ,1,1,1,-3.370789453,0.135,1,320.6216881,0,0,4
10,grate,Task B ,1,1,0,5.731666915,0.135,2,252.6749577,0,0,4
10,grate,Task B ,1,1,1,1.8289552,0.067,1,14.26216492,0,0,3
10,grate,Task B ,1,2,1,-0.510487988,0.067,1,256.4389878,0,0,3
10,grate,Task B ,1,1,1,-2.772269698,0.05,1,140.7596569,0,0,2
1,grate,Task B ,1,1,1,2.142873418,0.033,1,8.882762846,0,0,1
1,grate,Task B ,1,3,1,-1.557588515,0.05,1,266.272718,0,0,2
1,grate,Task B ,1,1,1,0.813197009,0.033,1,30.27243741,0,0,1
1,grate,Task B ,2,3,0,1.677678771,0.05,1,112.2896279,0,0,2
1,grate,Task B ,1,2,1,-6.331845231,0.067,1,272.4233908,0,0,3
1,grate,Task B ,1,2,1,-3.736261254,0.067,1,332.0194683,0,0,3
2,grate,Task B ,1,3,1,-1.520651927,0.135,1,7.498515182,0,0,4
2,grate,Task B ,2,1,0,-0.682288804,0.033,1,292.2492901,0,0,1
2,grate,Task B ,1,2,1,2.370933494,0.135,1,188.137438,0,0,4
2,grate,Task B ,2,4,1,8.44422553,0.067,2,35.08488591,0,0,3
2,grate,Task B ,1,2,0,7.308592275,0.033,2,180.4332912,0,0,1
2,grate,Task B ,2,2,1,3.851822542,0.033,2,91.3945444,0,0,1
3,grate,Task B ,2,4,1,13.43428519,0.033,2,285.1666962,0,0,1
3,grate,Task B ,2,1,0,-5.761537139,0.05,1,250.3011001,0,0,2
3,grate,Task B ,1,2,0,6.196063644,0.067,2,100.9060192,0,0,3
3,grate,Task B ,2,1,1,20.87600718,0.05,2,195.1209769,0,0,2
3,grate,Task B ,2,3,1,-3.246019597,0.067,2,37.84194528,0,0,3
3,grate,Task B ,2,4,0,7.30439012,0.135,1,55.96651995,0,0,4
4,grate,Task B ,1,3,1,3.657242355,0.067,1,21.62673417,0,0,3
4,grate,Task B ,1,1,1,-0.781930861,0.033,1,167.6792305,0,0,1
4,grate,Task B ,1,4,1,1.426837742,0.135,1,269.1875284,0,0,4
4,grate,Task B ,1,1,1,1.520224001,0.033,1,216.1724517,0,0,1
4,grate,Task B ,1,1,1,0.266654686,0.05,1,9.223214411,0,0,2
4,grate,Task B ,1,3,1,3.232338949,0.067,1,140.5501486,0,0,3
5,grate,Task B ,1,3,1,2.008281451,0.135,1,251.8912813,0,0,4
5,grate,Task B ,1,2,1,-1.23644148,0.135,1,64.83662041,0,0,4
5,grate,Task B ,2,4,1,-7.966120908,0.135,2,279.8759513,0,0,4
5,grate,Task B ,1,4,0,-1.155664853,0.05,2,224.9121881,0,0,2
5,grate,Task B ,2,4,1,-7.242054865,0.135,2,309.5284451,0,0,4
5,grate,Task B ,1,3,0,7.802998082,0.033,2,308.3805565,0,0,1
6,grate,Task B ,2,2,1,-11.84354214,0.067,2,39.25266037,0,0,3
6,grate,Task B ,2,3,0,-1.984525333,0.05,1,220.2661831,0,0,2
6,grate,Task B ,2,3,1,0.645227007,0.067,2,186.6697053,0,0,3
6,grate,Task B ,1,3,1,1.691619984,0.05,1,304.1534618,0,0,2
6,grate,Task B ,1,3,0,9.232183768,0.033,2,315.716745,0,0,1
6,grate,Task B ,2,3,1,12.26974998,0.05,2,100.1293803,0,0,2
7,grate,Task B ,2,4,1,4.5828852,0.135,2,262.4883175,0,0,4
7,grate,Task B ,1,4,1,-2.515192387,0.05,1,248.0019496,0,0,2
7,grate,Task B ,1,4,0,-0.680465426,0.135,2,23.9229631,0,0,4
7,grate,Task B ,1,4,1,-1.016362012,0.033,1,206.0169741,0,0,1
7,grate,Task B ,1,4,0,20.7642737,0.05,2,54.93826761,0,0,2
7,grate,Task B ,1,1,1,-2.315260756,0.05,1,215.3191518,0,0,2
8,grate,Task B ,1,2,0,14.72600066,0.067,2,292.0549311,0,0,3
8,grate,Task B ,2,2,0,2.721725075,0.05,1,160.5785731,0,0,2
8,grate,Task B ,1,3,1,-1.723259101,0.135,1,250.9369125,0,0,4
8,grate,Task B ,2,3,1,-12.44813455,0.05,2,319.2280426,0,0,2
8,grate,Task B ,2,2,1,-11.1201232,0.067,2,317.9032773,0,0,3
8,grate,Task B ,2,1,0,5.133200887,0.033,1,192.4193655,0,0,1
9,grate,Task B ,1,1,1,2.473070762,0.05,1,192.7063314,0,0,2
9,grate,Task B ,1,4,1,2.752454396,0.067,1,197.6367222,0,0,3
9,grate,Task B ,1,3,1,-6.331068115,0.067,1,175.8329963,0,0,3
9,grate,Task B ,1,1,0,-3.228109799,0.05,2,88.50617534,0,0,2
9,grate,Task B ,2,1,1,-16.78894391,0.033,2,272.9815899,0,0,1
9,grate,Task B ,1,4,1,0.172264892,0.135,1,162.5267622,0,0,4
10,grate,Task B ,1,2,1,-1.059204861,0.05,1,159.9167574,0,0,2
10,grate,Task B ,1,1,0,2.631463915,0.135,2,165.8380739,0,0,4
10,grate,Task B ,1,1,0,7.634098782,0.033,2,251.0641798,0,0,1
10,grate,Task B ,2,2,1,9.958679542,0.05,2,6.512242006,0,0,2
10,grate,Task B ,1,2,0,2.487904184,0.067,2,172.6611066,0,0,3
10,grate,Task B ,1,2,1,-8.150076265,0.05,1,69.32464694,0,0,2
1,grate,Task B ,1,2,0,0.655378245,0.05,2,205.7329783,0,0,2
1,grate,Task B ,2,2,0,-1.156099153,0.05,1,46.82412995,0,0,2
1,grate,Task B ,1,2,0,5.008533293,0.05,2,124.1669846,0,0,2
1,grate,Task B ,2,2,0,2.222286428,0.135,1,139.4242932,0,0,4
1,grate,Task B ,2,4,1,22.07678432,0.135,2,129.6535866,0,0,4
1,grate,Task B ,1,3,1,-0.042971553,0.067,1,0.786123921,0,0,3
2,grate,Task B ,1,3,1,2.045544787,0.135,1,189.3284051,0,0,4
2,grate,Task B ,2,4,1,-7.324036646,0.067,2,358.0671198,0,0,3
2,grate,Task B ,2,2,1,2.131767881,0.067,2,8.562815448,0,0,3
2,grate,Task B ,1,1,1,3.567222518,0.033,1,141.8529876,0,0,1
2,grate,Task B ,1,4,0,-6.201715066,0.05,2,5.766868507,0,0,2
2,grate,Task B ,2,3,1,-6.817203032,0.135,2,320.5462795,0,0,4
3,grate,Task B ,2,2,1,-1.855369244,0.067,2,265.2892299,0,0,3
3,grate,Task B ,2,2,1,11.10148777,0.05,2,100.1482097,0,0,2
3,grate,Task B ,1,1,0,-0.780150038,0.033,2,57.14792743,0,0,1
3,grate,Task B ,2,2,1,8.813512619,0.067,2,298.2267622,0,0,3
3,grate,Task B ,2,3,1,-6.20014259,0.135,2,235.5301177,0,0,4
3,grate,Task B ,1,2,1,2.10300733,0.067,1,231.3625762,0,0,3
4,grate,Task B ,2,3,1,-9.848018806,0.05,2,80.9947416,0,0,2
4,grate,Task B ,1,4,1,2.563303839,0.135,1,179.690267,0,0,4
4,grate,Task B ,2,2,0,0.325249852,0.05,1,199.4152298,0,0,2
4,grate,Task B ,1,4,0,-5.365140681,0.067,2,308.7887782,0,0,3
4,grate,Task B ,1,1,0,2.749968046,0.05,2,317.2503326,0,0,2
4,grate,Task B ,1,1,1,1.987481069,0.033,1,10.33660494,0,0,1
5,grate,Task B ,1,2,0,-6.261302492,0.033,2,323.2107299,0,0,1
5,grate,Task B ,1,2,1,1.149079539,0.135,1,225.3249444,0,0,4
5,grate,Task B ,2,4,1,11.6573206,0.05,2,250.588805,0,0,2
5,grate,Task B ,1,4,1,-3.415607553,0.135,1,255.4013232,0,0,4
5,grate,Task B ,1,1,0,2.803786594,0.033,2,80.00604019,0,0,1
5,grate,Task B ,1,4,1,-0.427464692,0.067,1,243.0819121,0,0,3
6,grate,Task B ,2,3,0,-2.05857442,0.033,1,323.1402165,0,0,1
6,grate,Task B ,1,3,1,-1.947087173,0.135,1,134.1183324,0,0,4
6,grate,Task B ,1,3,1,-3.39688758,0.033,1,30.84137118,0,0,1
6,grate,Task B ,2,3,0,-1.470431693,0.05,1,299.1663554,0,0,2
6,grate,Task B ,2,3,0,0.870228779,0.05,1,52.96795366,0,0,2
6,grate,Task B ,1,3,1,-1.071505653,0.135,1,340.2244612,0,0,4
7,grate,Task B ,2,4,0,-3.680591152,0.033,1,268.5302962,0,0,1
7,grate,Task B ,1,4,1,-0.097850449,0.05,1,331.8528358,0,0,2
7,grate,Task B ,1,4,1,-0.643623795,0.033,1,173.5987544,0,0,1
7,grate,Task B ,1,4,0,1.896208688,0.135,2,37.60612299,0,0,4
7,grate,Task B ,1,4,1,3.755543382,0.033,1,309.4626907,0,0,1
7,grate,Task B ,2,4,1,-22.70102481,0.135,2,175.8305816,0,0,4
8,grate,Task B ,1,1,0,-24.05349279,0.033,2,346.841245,0,0,1
8,grate,Task B ,1,3,0,2.603280525,0.067,2,36.45067273,0,0,3
8,grate,Task B ,2,4,1,6.852827007,0.135,2,175.2257941,0,0,4
8,grate,Task B ,1,2,1,2.431757084,0.135,1,258.1560312,0,0,4
8,grate,Task B ,1,4,0,-2.161486455,0.135,2,131.1254246,0,0,4
8,grate,Task B ,2,2,1,-9.31532784,0.05,2,47.53977122,0,0,2
9,grate,Task B ,2,1,1,4.879725054,0.05,2,175.3846469,0,0,2
9,grate,Task B ,2,1,0,-1.840823859,0.033,1,199.5776225,0,0,1
9,grate,Task B ,1,4,0,7.695263486,0.067,2,292.3052637,0,0,3
9,grate,Task B ,2,1,0,-0.135236811,0.033,1,338.1739969,0,0,1
9,grate,Task B ,2,4,0,-4.812906898,0.135,1,6.628667494,0,0,4
9,grate,Task B ,1,4,1,-4.852031417,0.135,1,156.2799584,0,0,4
10,grate,Task B ,1,1,0,-2.729250019,0.033,2,105.0377386,0,0,1
10,grate,Task B ,2,2,1,-25.89506804,0.067,2,238.3792886,0,0,3
10,grate,Task B ,1,2,1,-0.670557004,0.05,1,303.8477337,0,0,2
10,grate,Task B ,1,1,1,4.966481118,0.033,1,302.8990375,0,0,1
10,grate,Task B ,1,1,0,9.425269342,0.05,2,354.4892256,0,0,2
10,grate,Task B ,2,1,1,-12.45661528,0.135,2,25.1424814,0,0,4
1,grate,Task B ,1,1,1,-0.701267204,0.033,1,146.3583814,0,0,1
1,grate,Task B ,1,1,1,-5.23697192,0.033,1,266.7846696,0,0,1
1,grate,Task B ,1,1,1,-1.471081361,0.05,1,199.9181755,0,0,2
1,grate,Task B ,1,1,0,-11.40459126,0.033,2,258.5622024,0,0,1
1,grate,Task B ,1,3,1,-1.679760771,0.067,1,294.9705476,0,0,3
1,grate,Task B ,2,2,1,-4.711896235,0.135,2,301.6309,0,0,4
2,grate,Task B ,1,1,1,2.480003869,0.135,1,339.641342,0,0,4
2,grate,Task B ,1,1,1,0.190042622,0.05,1,317.7385143,0,0,2
2,grate,Task B ,1,4,1,-2.037126837,0.067,1,314.0494522,0,0,3
2,grate,Task B ,1,2,0,-10.64774452,0.05,2,0.901576292,0,0,2
2,grate,Task B ,1,4,1,2.570702007,0.135,1,272.2024119,0,0,4
2,grate,Task B ,2,2,0,-1.606621515,0.05,1,134.8929743,0,0,2
3,grate,Task B ,1,4,1,0.721500629,0.135,1,106.9705683,0,0,4
3,grate,Task B ,1,3,1,1.336453863,0.033,1,300.208848,0,0,1
3,grate,Task B ,1,1,0,-9.237014415,0.033,2,11.54362669,0,0,1
3,grate,Task B ,1,4,1,-2.087183128,0.05,1,267.2490971,0,0,2
3,grate,Task B ,1,3,1,-1.398862027,0.067,1,74.43046012,0,0,3
3,grate,Task B ,2,1,1,-3.10439643,0.033,2,11.10587753,0,0,1
4,grate,Task B ,1,3,1,-3.325147705,0.067,1,39.94701248,0,0,3
4,grate,Task B ,1,2,1,-3.895770677,0.033,1,85.49092704,0,0,1
4,grate,Task B ,2,4,1,31.73638494,0.05,2,283.1277572,0,0,2
4,grate,Task B ,1,2,1,5.803960714,0.033,1,48.28009352,0,0,1
4,grate,Task B ,1,4,1,-2.851170308,0.135,1,251.6903867,0,0,4
4,grate,Task B ,1,1,0,-1.485891044,0.033,2,42.24422422,0,0,1
5,grate,Task B ,1,4,1,4.720811423,0.05,1,94.4290133,0,0,2
5,grate,Task B ,2,4,1,-5.449242222,0.135,2,267.2996014,0,0,4
5,grate,Task B ,1,1,1,5.824214375,0.033,1,349.5187861,0,0,1
5,grate,Task B ,2,4,1,11.39434842,0.135,2,159.9567715,0,0,4
5,grate,Task B ,2,4,1,-5.884928625,0.135,2,41.73572656,0,0,4
5,grate,Task B ,2,4,0,-2.235563194,0.135,1,320.8132457,0,0,4
6,grate,Task B ,2,3,1,-6.710993469,0.033,2,23.80455352,0,0,1
6,grate,Task B ,2,3,1,15.15857423,0.067,2,320.0141446,0,0,3
6,grate,Task B ,1,2,1,0.343161754,0.033,1,358.6135537,0,0,1
6,grate,Task B ,2,3,1,7.822215404,0.135,2,258.1513018,0,0,4
6,grate,Task B ,1,2,0,-3.586090505,0.05,2,116.8774336,0,0,2
6,grate,Task B ,1,3,1,4.314117921,0.033,1,339.6647726,0,0,1
7,grate,Task B ,1,3,0,-2.230696148,0.067,2,65.49261057,0,0,3
7,grate,Task B ,2,4,0,6.802143144,0.135,1,313.7060726,0,0,4
7,grate,Task B ,2,4,1,-10.74349874,0.135,2,129.1986002,0,0,4
7,grate,Task B ,2,1,0,1.703626466,0.135,1,58.77008423,0,0,4
7,grate,Task B ,1,4,0,-13.15085596,0.033,2,37.90170865,0,0,1
7,grate,Task B ,2,4,0,-2.894379084,0.067,1,8.548119719,0,0,3
8,grate,Task B ,1,3,0,-0.741027635,0.135,2,19.83150092,0,0,4
8,grate,Task B ,1,1,1,1.612283263,0.05,1,25.78237182,0,0,2
8,grate,Task B ,1,1,1,0.357375012,0.033,1,73.98216961,0,0,1
8,grate,Task B ,2,1,1,-7.870024848,0.033,2,135.4058439,0,0,1
8,grate,Task B ,2,2,0,0.84022658,0.05,1,17.59777646,0,0,2
8,grate,Task B ,2,4,1,22.64564947,0.135,2,241.9939948,0,0,4
9,grate,Task B ,2,2,0,4.87604379,0.067,1,280.380875,0,0,3
9,grate,Task B ,1,1,1,1.632294734,0.033,1,294.5744902,0,0,1
9,grate,Task B ,2,4,1,14.6373435,0.135,2,217.1220944,0,0,4
9,grate,Task B ,2,1,0,-3.856256674,0.05,1,80.47103978,0,0,2
9,grate,Task B ,1,1,1,-2.370391313,0.05,1,344.714454,0,0,2
9,grate,Task B ,2,1,0,-4.441238092,0.033,1,182.6126217,0,0,1
10,grate,Task B ,1,2,0,13.99996558,0.05,2,127.8262036,0,0,2
10,grate,Task B ,1,2,1,-3.428844697,0.135,1,42.90824569,0,0,4
10,grate,Task B ,1,1,0,-16.87725753,0.033,2,108.473036,0,0,1
10,grate,Task B ,1,1,1,-0.876147254,0.033,1,359.9144563,0,0,1
10,grate,Task B ,1,2,1,-1.477606752,0.067,1,164.784776,0,0,3
10,grate,Task B ,1,2,1,1.390012393,0.05,1,27.66457944,0,0,2
1,grate,Task B ,2,3,0,-0.504857601,0.067,1,153.884205,0,0,3
1,grate,Task B ,1,3,0,8.18893834,0.067,2,342.2500788,0,0,3
1,grate,Task B ,1,1,0,5.973695559,0.05,2,161.4096565,0,0,2
1,grate,Task B ,2,1,1,-11.06366279,0.033,2,65.74928524,0,0,1
1,grate,Task B ,1,2,1,-2.71117117,0.05,1,93.17500034,0,0,2
1,grate,Task B ,2,1,1,-22.71084633,0.033,2,289.3492108,0,0,1
2,grate,Task B ,1,3,1,-0.566781534,0.067,1,21.48161629,0,0,3
2,grate,Task B ,2,1,1,-20.88593081,0.05,2,65.82786803,0,0,2
2,grate,Task B ,1,2,1,0.047646399,0.05,1,160.9305956,0,0,2
2,grate,Task B ,1,3,1,-2.631241288,0.067,1,255.7193379,0,0,3
2,grate,Task B ,2,1,1,6.48925728,0.05,2,179.4245631,0,0,2
2,grate,Task B ,1,2,0,1.967791262,0.067,2,156.5125323,0,0,3
3,grate,Task B ,2,2,0,-1.103454896,0.033,1,277.578637,0,0,1
3,grate,Task B ,2,1,1,7.38446496,0.067,2,347.6104063,0,0,3
3,grate,Task B ,1,1,1,-0.734815062,0.067,1,132.6694005,0,0,3
3,grate,Task B ,1,1,0,-24.11957316,0.05,2,51.29104202,0,0,2
3,grate,Task B ,2,1,1,1.19098891,0.05,2,280.1966926,0,0,2
3,grate,Task B ,1,4,0,2.266880674,0.067,2,316.0794455,0,0,3
4,grate,Task B ,1,3,0,-2.820592315,0.135,2,64.14779801,0,0,4
4,grate,Task B ,2,3,1,2.68936287,0.135,2,319.1661577,0,0,4
4,grate,Task B ,1,2,1,0.143368349,0.05,1,327.0031036,0,0,2
4,grate,Task B ,2,4,0,-2.647035882,0.135,1,221.2040354,0,0,4
4,grate,Task B ,2,4,1,5.144937259,0.135,2,69.18463269,0,0,4
4,grate,Task B ,2,4,1,-17.52554028,0.135,2,48.17817666,0,0,4
5,grate,Task B ,1,2,1,2.096549018,0.033,1,186.5943299,0,0,1
5,grate,Task B ,2,4,1,-19.360827,0.135,2,95.82990511,0,0,4
5,grate,Task B ,1,2,0,-16.03898265,0.033,2,144.0038074,0,0,1
5,grate,Task B ,1,2,1,2.670438456,0.067,1,14.88439356,0,0,3
5,grate,Task B ,2,4,1,-11.5305374,0.135,2,269.3656448,0,0,4
5,grate,Task B ,2,1,1,6.419181329,0.033,2,72.61902958,0,0,1
6,grate,Task B ,1,3,0,-6.198786429,0.067,2,106.6677616,0,0,3
6,grate,Task B ,2,2,0,3.889176867,0.067,1,229.4025173,0,0,3
6,grate,Task B ,1,2,0,-0.903945188,0.033,2,168.8373071,0,0,1
6,grate,Task B ,2,3,1,12.67568316,0.135,2,327.0096784,0,0,4
6,grate,Task B ,2,3,0,3.360031876,0.135,1,28.54011588,0,0,4
6,grate,Task B ,1,3,1,-0.814839104,0.135,1,9.99237553,0,0,4
7,grate,Task B ,1,4,1,-0.66791903,0.067,1,190.4111294,0,0,3
7,grate,Task B ,1,4,0,-12.84655431,0.033,2,56.12211882,0,0,1
7,grate,Task B ,2,4,1,0.142415491,0.067,2,182.9826941,0,0,3
7,grate,Task B ,1,4,1,3.417071871,0.135,1,180.3081755,0,0,4
7,grate,Task B ,1,4,0,3.108416066,0.067,2,304.2332696,0,0,3
7,grate,Task B ,1,4,1,-4.374422983,0.05,1,274.0949355,0,0,2
8,grate,Task B ,1,3,1,-3.114463266,0.135,1,338.7851062,0,0,4
8,grate,Task B ,2,1,0,-0.455496961,0.033,1,246.4769633,0,0,1
8,grate,Task B ,2,4,0,-5.333354001,0.135,1,121.345717,0,0,4
8,grate,Task B ,2,1,1,10.47587503,0.05,2,269.6885804,0,0,2
8,grate,Task B ,2,4,1,7.073153479,0.135,2,181.3187296,0,0,4
8,grate,Task B ,1,3,0,-6.113180708,0.05,2,202.9800594,0,0,2
9,grate,Task B ,2,4,1,9.589783356,0.135,2,288.2245484,0,0,4
9,grate,Task B ,2,4,1,0.162486973,0.067,2,80.30268878,0,0,3
9,grate,Task B ,1,4,1,-0.377861055,0.033,1,49.36261481,0,0,1
9,grate,Task B ,1,3,1,-3.323141504,0.135,1,22.12382553,0,0,4
9,grate,Task B ,1,4,1,-1.881230063,0.135,1,231.1475141,0,0,4
9,grate,Task B ,2,1,1,-9.050503012,0.135,2,301.4463393,0,0,4
10,grate,Task B ,1,2,0,1.497392516,0.135,2,147.1743568,0,0,4
10,grate,Task B ,2,1,1,-6.241738194,0.135,2,248.9245828,0,0,4
10,grate,Task B ,1,1,1,-2.689314636,0.067,1,90.61103481,0,0,3
10,grate,Task B ,1,1,1,-2.149123733,0.135,1,211.1462632,0,0,4
10,grate,Task B ,1,1,0,0.317113998,0.033,2,162.67321,0,0,1
10,grate,Task B ,1,1,0,6.048124247,0.033,2,69.72457841,0,0,1
1,grate,Task B ,1,1,1,-5.037462889,0.033,1,124.6469109,0,0,1
1,grate,Task B ,1,2,1,-4.997221774,0.067,1,23.18022518,0,0,3
1,grate,Task B ,1,3,0,-0.003682007,0.067,2,42.94933403,0,0,3
1,grate,Task B ,2,1,1,-25.87942982,0.033,2,79.55291377,0,0,1
1,grate,Task B ,1,2,0,2.762377144,0.067,2,263.6842821,0,0,3
1,grate,Task B ,1,2,1,4.256946766,0.05,1,342.432207,0,0,2
2,grate,Task B ,2,1,1,-19.49812838,0.05,2,158.4652968,0,0,2
2,grate,Task B ,1,1,0,1.266287312,0.05,2,89.40860079,0,0,2
2,grate,Task B ,1,2,0,7.583605186,0.05,2,185.4708299,0,0,2
2,grate,Task B ,2,1,0,0.15665654,0.033,1,12.77749922,0,0,1
2,grate,Task B ,1,1,0,-6.314866663,0.067,2,91.69165955,0,0,3
2,grate,Task B ,2,3,0,-1.283603438,0.05,1,222.9492377,0,0,2
3,grate,Task B ,2,4,1,19.93216234,0.067,2,62.82777589,0,0,3
3,grate,Task B ,1,4,1,2.168268698,0.05,1,196.2837686,0,0,2
3,grate,Task B ,1,2,0,6.418735848,0.05,2,185.9755926,0,0,2
3,grate,Task B ,1,1,1,1.373812731,0.05,1,15.22250325,0,0,2
3,grate,Task B ,1,3,0,3.681546343,0.067,2,259.1442443,0,0,3
3,grate,Task B ,1,1,0,11.84493777,0.033,2,88.24866406,0,0,1
4,grate,Task B ,1,3,0,-0.931756963,0.135,2,316.4588216,0,0,4
4,grate,Task B ,1,1,0,-2.322733932,0.033,2,325.1040004,0,0,1
4,grate,Task B ,2,4,1,-16.0301344,0.05,2,236.0992825,0,0,2
4,grate,Task B ,1,2,0,-10.45062481,0.135,2,243.5545463,0,0,4
4,grate,Task B ,2,3,1,-6.874972315,0.135,2,92.30461557,0,0,4
4,grate,Task B ,1,1,1,6.906110181,0.033,1,172.4939671,0,0,1
5,grate,Task B ,1,4,1,-2.610941595,0.05,1,47.44215232,0,0,2
5,grate,Task B ,1,1,1,0.118266382,0.033,1,50.58465157,0,0,1
5,grate,Task B ,2,4,1,-18.76818788,0.05,2,202.3132406,0,0,2
5,grate,Task B ,1,4,1,1.641834877,0.135,1,68.82452945,0,0,4
5,grate,Task B ,1,3,1,-0.432700224,0.05,1,167.7158351,0,0,2
5,grate,Task B ,1,1,0,11.45682358,0.05,2,221.5257237,0,0,2
6,grate,Task B ,1,3,1,2.527557192,0.135,1,208.4878038,0,0,4
6,grate,Task B ,2,3,0,0.323956231,0.033,1,158.7278544,0,0,1
6,grate,Task B ,2,3,1,17.56145332,0.135,2,262.7335552,0,0,4
6,grate,Task B ,1,2,1,-0.790132393,0.135,1,12.81425664,0,0,4
6,grate,Task B ,1,3,0,-0.228217518,0.05,2,76.47472276,0,0,2
6,grate,Task B ,2,3,1,-11.63576903,0.135,2,245.7582053,0,0,4
7,grate,Task B ,2,4,0,-0.32189783,0.033,1,281.5843474,0,0,1
7,grate,Task B ,1,4,0,2.029841823,0.135,2,43.02486415,0,0,4
7,grate,Task B ,1,4,0,-6.399595536,0.067,2,144.6126774,0,0,3
7,grate,Task B ,1,4,1,0.788416576,0.033,1,312.3418281,0,0,1
7,grate,Task B ,1,4,0,-11.48350761,0.033,2,156.5805152,0,0,1
7,grate,Task B ,1,4,1,1.002286413,0.033,1,148.6616981,0,0,1
8,grate,Task B ,2,4,1,-13.59022125,0.05,2,152.2304301,0,0,2
8,grate,Task B ,1,2,0,-5.450783586,0.05,2,85.89219793,0,0,2
8,grate,Task B ,1,4,0,-3.448923914,0.067,2,190.4115876,0,0,3
8,grate,Task B ,2,2,0,-1.247580962,0.033,1,344.173695,0,0,1
8,grate,Task B ,2,4,1,-14.09816923,0.135,2,88.87992553,0,0,4
8,grate,Task B ,1,2,0,-3.397780502,0.135,2,97.00616638,0,0,4
9,grate,Task B ,1,1,1,1.945549365,0.05,1,337.1277751,0,0,2
9,grate,Task B ,2,1,1,5.582439336,0.033,2,167.8256726,0,0,1
9,grate,Task B ,1,2,1,2.498414073,0.033,1,114.2934874,0,0,1
9,grate,Task B ,2,1,0,2.101988842,0.05,1,222.350498,0,0,2
9,grate,Task B ,1,1,0,-6.410767111,0.033,2,224.1278818,0,0,1
9,grate,Task B ,1,4,1,0.138137335,0.135,1,279.3445331,0,0,4
10,grate,Task B ,1,2,1,4.351450357,0.05,1,304.556183,0,0,2
10,grate,Task B ,1,1,1,3.944095428,0.033,1,70.31915595,0,0,1
10,grate,Task B ,2,2,1,-15.87106324,0.05,2,215.0683814,0,0,2
10,grate,Task B ,1,1,0,7.042721777,0.135,2,91.94509593,0,0,4
10,grate,Task B ,1,1,1,-2.484827914,0.067,1,309.581564,0,0,3
10,grate,Task B ,1,1,1,1.232578699,0.067,1,85.61449333,0,0,3
1,grate,Task B ,1,2,1,-0.137128028,0.05,1,58.20423725,0,0,2
1,grate,Task B ,1,1,0,-19.30190758,0.05,2,273.4504429,0,0,2
1,grate,Task B ,1,3,1,-0.355949489,0.135,1,307.1770679,0,0,4
1,grate,Task B ,1,1,0,14.24991744,0.033,2,245.3332282,0,0,1
1,grate,Task B ,1,4,1,0.846570725,0.135,1,87.38565768,0,0,4
1,grate,Task B ,1,2,0,-0.048575979,0.033,2,130.2142769,0,0,1
2,grate,Task B ,2,1,0,0.293606793,0.067,1,13.418373,0,0,3
2,grate,Task B ,1,3,1,-5.029820302,0.135,1,116.7447365,0,0,4
2,grate,Task B ,1,4,0,7.844168704,0.05,2,32.32963634,0,0,2
2,grate,Task B ,1,3,0,13.92842986,0.067,2,197.4675148,0,0,3
2,grate,Task B ,1,2,1,0.819687304,0.05,1,140.3073621,0,0,2
2,grate,Task B ,1,3,0,0.040825731,0.067,2,105.3200739,0,0,3
3,grate,Task B ,1,2,1,1.746987987,0.033,1,51.84246461,0,0,1
3,grate,Task B ,2,4,1,26.05955552,0.135,2,272.0082748,0,0,4
3,grate,Task B ,1,3,0,6.477040624,0.135,2,82.47149933,0,0,4
3,grate,Task B ,2,3,1,12.13699015,0.067,2,321.7949598,0,0,3
3,grate,Task B ,2,4,0,2.910694274,0.033,1,17.59707038,0,0,1
3,grate,Task B ,1,1,0,-3.025634934,0.033,2,166.5732599,0,0,1
4,grate,Task B ,1,3,1,1.37639737,0.067,1,206.3352016,0,0,3
4,grate,Task B ,2,4,1,-15.52359554,0.135,2,174.0030575,0,0,4
4,grate,Task B ,1,3,1,3.882334233,0.05,1,165.3900049,0,0,2
4,grate,Task B ,1,1,1,0.675057384,0.033,1,320.1712958,0,0,1
4,grate,Task B ,1,3,0,10.86453728,0.067,2,154.1327002,0,0,3
4,grate,Task B ,2,4,0,3.873805262,0.135,1,16.16353437,0,0,4
5,grate,Task B ,2,2,1,-14.80026281,0.033,2,16.98495259,0,0,1
5,grate,Task B ,1,3,0,4.921623038,0.135,2,235.1697283,0,0,4
5,grate,Task B ,1,2,1,1.971131763,0.05,1,256.9076355,0,0,2
5,grate,Task B ,1,1,1,0.532844316,0.033,1,131.4246498,0,0,1
5,grate,Task B ,2,4,1,-20.97071957,0.067,2,192.2873519,0,0,3
5,grate,Task B ,2,4,1,9.094794761,0.05,2,274.0837965,0,0,2
6,grate,Task B ,1,2,1,-1.552298489,0.033,1,248.8912044,0,0,1
6,grate,Task B ,1,3,0,-21.53881343,0.135,2,261.2329093,0,0,4
6,grate,Task B ,1,3,0,-11.97069657,0.033,2,135.3301944,0,0,1
6,grate,Task B ,1,3,0,-8.806167302,0.033,2,10.3249377,0,0,1
6,grate,Task B ,2,3,1,-11.2710816,0.033,2,110.7696677,0,0,1
6,grate,Task B ,2,3,1,21.86349586,0.05,2,96.40640205,0,0,2
7,grate,Task B ,2,4,1,16.47645789,0.067,2,306.5759514,0,0,3
7,grate,Task B ,2,4,1,0.796065387,0.135,2,32.16351513,0,0,4
7,grate,Task B ,1,1,1,2.122798822,0.033,1,284.7819462,0,0,1
7,grate,Task B ,1,4,1,1.839704091,0.033,1,188.0932599,0,0,1
7,grate,Task B ,1,4,1,1.828686984,0.05,1,183.0127307,0,0,2
7,grate,Task B ,1,1,0,2.148440882,0.067,2,357.5374668,0,0,3
8,grate,Task B ,1,2,0,-1.155337986,0.05,2,123.2809467,0,0,2
8,grate,Task B ,1,1,1,1.289989506,0.033,1,286.7464253,0,0,1
8,grate,Task B ,1,4,1,0.190769144,0.135,1,127.3067995,0,0,4
8,grate,Task B ,1,3,1,4.30178045,0.067,1,318.5964921,0,0,3
8,grate,Task B ,2,1,0,3.782013266,0.05,1,36.02629167,0,0,2
8,grate,Task B ,2,3,0,-2.40021033,0.135,1,13.97918262,0,0,4
9,grate,Task B ,2,2,0,-2.801540457,0.033,1,89.51669961,0,0,1
9,grate,Task B ,1,4,1,3.598440289,0.135,1,97.62256186,0,0,4
9,grate,Task B ,1,1,1,-4.144111935,0.033,1,65.97588776,0,0,1
9,grate,Task B ,1,4,1,4.128387863,0.067,1,165.519697,0,0,3
9,grate,Task B ,2,1,1,-2.526594935,0.033,2,264.8279595,0,0,1
9,grate,Task B ,2,1,1,-2.99317907,0.05,2,222.2305135,0,0,2
10,grate,Task B ,1,2,1,-3.198738858,0.067,1,195.0183255,0,0,3
10,grate,Task B ,1,2,1,-1.849138215,0.067,1,306.2951068,0,0,3
10,grate,Task B ,1,1,0,-7.132976499,0.033,2,233.7545037,0,0,1
10,grate,Task B ,1,1,0,18.11828128,0.033,2,101.3486236,0,0,1
10,grate,Task B ,1,1,0,2.542008064,0.033,2,302.8055113,0,0,1
10,grate,Task B ,1,1,1,-0.945548702,0.033,1,317.354283,0,0,1
1,grate,Task B ,2,1,0,4.436530981,0.033,1,11.38511458,0,0,1
1,grate,Task B ,1,4,1,-1.290361371,0.067,1,339.8442052,0,0,3
1,grate,Task B ,2,4,1,-24.90784874,0.135,2,97.19461681,0,0,4
1,grate,Task B ,2,1,1,5.162685768,0.05,2,3.831828541,0,0,2
1,grate,Task B ,1,2,1,1.509033381,0.135,1,92.5401546,0,0,4
1,grate,Task B ,2,1,0,1.405547823,0.033,1,261.5079517,0,0,1
2,grate,Task B ,2,3,1,-8.294520913,0.135,2,187.0549093,0,0,4
2,grate,Task B ,2,1,1,-0.686391299,0.05,2,284.2842853,0,0,2
2,grate,Task B ,2,2,0,-0.788148604,0.067,1,48.68332916,0,0,3
2,grate,Task B ,2,4,1,9.322162954,0.135,2,179.3773103,0,0,4
2,grate,Task B ,2,2,1,12.16200077,0.067,2,138.4187692,0,0,3
2,grate,Task B ,1,3,1,0.70098225,0.135,1,319.1832128,0,0,4
3,grate,Task B ,2,2,0,-1.055627085,0.05,1,25.91555484,0,0,2
3,grate,Task B ,1,2,0,11.23205832,0.033,2,246.2203761,0,0,1
3,grate,Task B ,2,3,0,5.487972598,0.067,1,126.3398045,0,0,3
3,grate,Task B ,1,3,1,-3.424238337,0.135,1,143.0510934,0,0,4
3,grate,Task B ,2,1,0,-2.922437794,0.033,1,303.5971442,0,0,1
3,grate,Task B ,2,4,0,-6.010487555,0.135,1,20.30944877,0,0,4
4,grate,Task B ,2,4,1,-10.28615899,0.135,2,311.1889435,0,0,4
4,grate,Task B ,1,2,1,-7.246937274,0.033,1,65.03892812,0,0,1
4,grate,Task B ,2,1,1,6.676683116,0.033,2,219.4676726,0,0,1
4,grate,Task B ,2,4,1,16.2004125,0.135,2,180.6546337,0,0,4
4,grate,Task B ,2,3,0,1.141710456,0.135,1,48.33395883,0,0,4
4,grate,Task B ,1,3,1,3.304414977,0.067,1,206.0699883,0,0,3
5,grate,Task B ,1,2,1,-4.114797343,0.067,1,211.4716893,0,0,3
5,grate,Task B ,1,4,1,-1.442596249,0.135,1,305.666884,0,0,4
5,grate,Task B ,1,4,0,-1.419489044,0.067,2,126.7985114,0,0,3
5,grate,Task B ,2,4,1,17.26156501,0.067,2,281.1339802,0,0,3
5,grate,Task B ,2,4,0,-6.822780605,0.067,1,125.9934131,0,0,3
5,grate,Task B ,2,4,1,13.58654124,0.135,2,56.05077687,0,0,4
6,grate,Task B ,1,2,1,-3.533613325,0.05,1,125.8496493,0,0,2
6,grate,Task B ,1,2,0,2.362322908,0.067,2,313.1657612,0,0,3
6,grate,Task B ,1,3,0,-10.35142953,0.033,2,301.9339925,0,0,1
6,grate,Task B ,1,3,1,0.050719462,0.05,1,112.0881737,0,0,2
6,grate,Task B ,2,3,1,-3.480748424,0.135,2,88.87635223,0,0,4
6,grate,Task B ,1,3,0,0.131006684,0.135,2,280.8607431,0,0,4
7,grate,Task B ,1,4,0,-2.773617603,0.135,2,158.7980868,0,0,4
7,grate,Task B ,2,4,0,-2.759540293,0.135,1,295.641221,0,0,4
7,grate,Task B ,2,4,0,-0.988688024,0.05,1,3.683560474,0,0,2
7,grate,Task B ,2,4,1,-19.87364255,0.033,2,343.6289635,0,0,1
7,grate,Task B ,2,1,0,-0.896946867,0.05,1,335.3406401,0,0,2
7,grate,Task B ,1,4,1,-0.979826948,0.135,1,226.4377243,0,0,4
8,grate,Task B ,2,3,1,-9.113568858,0.067,2,274.8879853,0,0,3
8,grate,Task B ,2,2,0,-4.004282662,0.067,1,308.9885178,0,0,3
8,grate,Task B ,2,3,1,15.88510289,0.067,2,77.955652,0,0,3
8,grate,Task B ,1,4,0,6.315977347,0.067,2,307.6686612,0,0,3
8,grate,Task B ,1,3,1,4.244627314,0.135,1,57.16616628,0,0,4
8,grate,Task B ,2,4,0,-4.478889136,0.135,1,332.9850622,0,0,4
9,grate,Task B ,1,4,1,1.811366795,0.135,1,285.5402256,0,0,4
9,grate,Task B ,1,4,1,-3.565537473,0.135,1,21.94945002,0,0,4
9,grate,Task B ,1,4,1,1.735591917,0.067,1,272.2218127,0,0,3
9,grate,Task B ,1,1,0,8.827442439,0.067,2,276.8088231,0,0,3
9,grate,Task B ,1,1,0,-18.06998176,0.067,2,266.40384,0,0,3
9,grate,Task B ,2,4,1,22.10797378,0.067,2,358.2330501,0,0,3
10,grate,Task B ,1,2,0,6.345636216,0.05,2,228.0348271,0,0,2
10,grate,Task B ,1,1,1,-1.099722111,0.135,1,279.2760842,0,0,4
10,grate,Task B ,1,1,0,7.310132573,0.033,2,162.6455225,0,0,1
10,grate,Task B ,2,2,1,19.28324703,0.135,2,24.50283333,0,0,4
10,grate,Task B ,2,1,1,-6.533131363,0.05,2,160.7945908,0,0,2
10,grate,Task B ,1,1,0,-5.648268224,0.033,2,287.7441559,0,0,1
1,grate,Task B ,1,2,0,-8.805929858,0.067,2,40.11669373,0,0,3
1,grate,Task B ,1,1,0,-5.133087663,0.033,2,130.2777289,0,0,1
1,grate,Task B ,2,4,1,15.43716805,0.05,2,93.75664194,0,0,2
1,grate,Task B ,1,2,1,1.246719918,0.05,1,163.5546812,0,0,2
1,grate,Task B ,1,2,0,-0.03607548,0.067,2,92.27635223,0,0,3
1,grate,Task B ,2,4,1,-12.97808622,0.135,2,65.53894392,0,0,4
2,grate,Task B ,1,2,1,2.822102271,0.067,1,217.0031716,0,0,3
2,grate,Task B ,1,3,1,1.534146882,0.05,1,326.2802309,0,0,2
2,grate,Task B ,1,2,1,0.315378167,0.033,1,176.818834,0,0,1
2,grate,Task B ,2,3,0,0.336167121,0.135,1,196.146804,0,0,4
2,grate,Task B ,2,3,1,6.423794448,0.135,2,46.66758453,0,0,4
2,grate,Task B ,2,2,0,-1.325193234,0.067,1,159.1668427,0,0,3
3,grate,Task B ,1,2,0,0.696672812,0.033,2,3.794179436,0,0,1
3,grate,Task B ,1,1,1,-1.622894802,0.05,1,323.152423,0,0,2
3,grate,Task B ,1,4,1,0.085030394,0.135,1,313.0248303,0,0,4
3,grate,Task B ,2,3,1,16.47040071,0.135,2,74.65925425,0,0,4
3,grate,Task B ,2,3,1,5.857756018,0.135,2,78.25991959,0,0,4
3,grate,Task B ,1,3,0,-2.728507286,0.067,2,294.1611632,0,0,3
4,grate,Task B ,1,3,0,-1.582086068,0.05,2,178.1581267,0,0,2
4,grate,Task B ,1,2,1,-0.18276964,0.033,1,295.0319122,0,0,1
4,grate,Task B ,1,3,1,-3.314871847,0.05,1,208.5520297,0,0,2
4,grate,Task B ,1,3,0,-2.156392988,0.05,2,221.3609554,0,0,2
4,grate,Task B ,1,1,0,0.220811004,0.033,2,221.2048879,0,0,1
4,grate,Task B ,1,1,0,3.614130629,0.033,2,333.7532615,0,0,1
5,grate,Task B ,1,4,1,-3.34144928,0.05,1,326.1299233,0,0,2
5,grate,Task B ,1,4,0,-4.916235189,0.033,2,69.86291595,0,0,1
5,grate,Task B ,1,4,1,-1.040853018,0.135,1,169.7052103,0,0,4
5,grate,Task B ,1,3,1,7.960133041,0.067,1,79.6637204,0,0,3
5,grate,Task B ,1,3,1,-2.232451464,0.067,1,55.01684536,0,0,3
5,grate,Task B ,1,1,0,-12.88010212,0.067,2,255.7981972,0,0,3
6,grate,Task B ,1,2,1,0.856425549,0.033,1,309.8872743,0,0,1
6,grate,Task B ,1,3,0,-1.096314778,0.033,2,45.06565308,0,0,1
6,grate,Task B ,1,3,0,3.928606095,0.05,2,95.28618648,0,0,2
6,grate,Task B ,1,3,0,-3.972845791,0.033,2,115.6150533,0,0,1
6,grate,Task B ,2,3,1,-7.219990631,0.135,2,338.0080196,0,0,4
6,grate,Task B ,2,3,1,10.80445398,0.135,2,257.9185087,0,0,4
7,grate,Task B ,1,1,0,-20.13361339,0.067,2,233.0525739,0,0,3
7,grate,Task B ,2,4,1,-16.63631894,0.135,2,327.9043823,0,0,4
7,grate,Task B ,1,4,0,5.324617336,0.135,2,38.47136557,0,0,4
7,grate,Task B ,1,4,0,-4.342415405,0.033,2,9.318110559,0,0,1
7,grate,Task B ,1,4,1,5.252174524,0.033,1,286.3020281,0,0,1
7,grate,Task B ,1,4,1,-0.519818639,0.05,1,201.2179366,0,0,2
8,grate,Task B ,2,3,0,-0.09302167,0.135,1,21.05543976,0,0,4
8,grate,Task B ,1,1,0,17.60675234,0.05,2,169.0890797,0,0,2
8,grate,Task B ,2,4,0,3.3159556,0.067,1,351.1166287,0,0,3
8,grate,Task B ,2,1,0,-2.323160031,0.033,1,200.1410511,0,0,1
8,grate,Task B ,2,3,0,5.91373959,0.05,1,161.4293455,0,0,2
8,grate,Task B ,2,2,0,-1.379157916,0.067,1,37.21961451,0,0,3
9,grate,Task B ,1,1,0,-4.034840857,0.067,2,273.9657794,0,0,3
9,grate,Task B ,1,3,0,3.102022457,0.033,2,153.8171676,0,0,1
9,grate,Task B ,1,2,1,1.979094945,0.033,1,50.79784557,0,0,1
9,grate,Task B ,1,4,0,-9.341314536,0.135,2,59.63880417,0,0,4
9,grate,Task B ,1,1,0,9.386834044,0.05,2,188.4214216,0,0,2
9,grate,Task B ,1,1,1,-1.806479196,0.033,1,103.6049675,0,0,1
10,grate,Task B ,2,2,1,-13.31537377,0.067,2,317.861591,0,0,3
10,grate,Task B ,1,1,0,7.336374019,0.05,2,187.5276296,0,0,2
10,grate,Task B ,1,1,1,-3.300247261,0.033,1,122.8321225,0,0,1
10,grate,Task B ,1,1,0,-26.48391779,0.033,2,66.02420982,0,0,1
10,grate,Task B ,1,1,1,-4.30609026,0.05,1,121.231576,0,0,2
10,grate,Task B ,1,1,1,-5.264773879,0.135,1,261.486466,0,0,4
1,grate,Task B ,1,2,0,2.466431171,0.033,2,346.1021552,0,0,1
1,grate,Task B ,2,2,0,4.712059533,0.05,1,87.80958013,0,0,2
1,grate,Task B ,2,4,1,-10.07091543,0.135,2,90.21942965,0,0,4
1,grate,Task B ,1,4,0,1.115674829,0.135,2,257.1174388,0,0,4
1,grate,Task B ,1,4,1,-1.031312893,0.135,1,100.6878245,0,0,4
1,grate,Task B ,1,2,1,0.952075876,0.067,1,237.8077353,0,0,3
2,grate,Task B ,2,1,0,0.604584203,0.067,1,51.93275936,0,0,3
2,grate,Task B ,2,1,0,-2.418434725,0.05,1,43.67904288,0,0,2
2,grate,Task B ,2,4,1,-20.50389763,0.135,2,251.7391484,0,0,4
2,grate,Task B ,1,3,0,14.07579168,0.05,2,220.1770517,0,0,2
2,grate,Task B ,2,2,0,-0.395226441,0.05,1,287.9758817,0,0,2
2,grate,Task B ,2,3,1,-11.15073625,0.067,2,237.9124465,0,0,3
3,grate,Task B ,1,3,1,-2.821219795,0.067,1,167.4219753,0,0,3
3,grate,Task B ,1,3,1,0.803167396,0.05,1,91.34773926,0,0,2
3,grate,Task B ,1,1,1,-4.391093371,0.033,1,211.5718871,0,0,1
3,grate,Task B ,1,3,0,2.48520085,0.05,2,64.15530674,0,0,2
3,grate,Task B ,2,2,0,0.764323017,0.033,1,277.1585952,0,0,1
3,grate,Task B ,1,1,0,9.643039414,0.05,2,224.7583737,0,0,2
4,grate,Task B ,1,1,0,-1.849510933,0.033,2,232.4694601,0,0,1
4,grate,Task B ,1,3,0,-6.707261959,0.05,2,193.039165,0,0,2
4,grate,Task B ,1,3,0,7.687859876,0.033,2,223.9701868,0,0,1
4,grate,Task B ,2,3,0,-5.132772199,0.135,1,137.4804708,0,0,4
4,grate,Task B ,1,3,1,4.553814735,0.067,1,53.30260296,0,0,3
4,grate,Task B ,2,2,0,-3.277899404,0.05,1,217.0018826,0,0,2
5,grate,Task B ,1,3,1,-7.319880547,0.05,1,299.710334,0,0,2
5,grate,Task B ,1,2,1,0.927994726,0.135,1,130.0541126,0,0,4
5,grate,Task B ,1,3,0,-4.169483122,0.05,2,259.5621288,0,0,2
5,grate,Task B ,1,4,1,-3.864368081,0.135,1,230.4549193,0,0,4
5,grate,Task B ,2,4,0,2.410872425,0.135,1,180.6576579,0,0,4
5,grate,Task B ,1,3,1,-1.179321948,0.033,1,11.08431458,0,0,1
6,grate,Task B ,2,3,0,-1.974469602,0.067,1,143.0432179,0,0,3
6,grate,Task B ,2,3,1,-17.20973822,0.05,2,207.4389573,0,0,2
6,grate,Task B ,2,2,1,-23.595648,0.067,2,222.9441636,0,0,3
6,grate,Task B ,1,3,0,-2.93433307,0.067,2,46.59298632,0,0,3
6,grate,Task B ,2,3,0,0.995564191,0.033,1,242.5337406,0,0,1
6,grate,Task B ,1,3,1,3.849561553,0.05,1,343.0314416,0,0,2
7,grate,Task B ,1,2,0,-4.592461593,0.033,2,346.5944938,0,0,1
7,grate,Task B ,2,4,1,-17.07063646,0.067,2,79.28856959,0,0,3
7,grate,Task B ,1,4,1,-1.049644189,0.033,1,279.4294296,0,0,1
7,grate,Task B ,1,4,1,1.725218118,0.135,1,344.0371366,0,0,4
7,grate,Task B ,1,4,1,0.959496473,0.135,1,289.2229017,0,0,4
7,grate,Task B ,1,4,0,14.58871521,0.033,2,21.95084821,0,0,1
8,grate,Task B ,1,2,0,13.60832148,0.05,2,94.55309042,0,0,2
8,grate,Task B ,1,2,0,11.6116994,0.067,2,18.24604802,0,0,3
8,grate,Task B ,2,1,0,-3.258818679,0.033,1,338.3323948,0,0,1
8,grate,Task B ,1,1,0,0.827123304,0.05,2,265.014355,0,0,2
8,grate,Task B ,2,3,0,-6.434772066,0.135,1,194.4369327,0,0,4
8,grate,Task B ,2,3,0,-0.331262867,0.067,1,295.9433296,0,0,3
9,grate,Task B ,2,3,0,-0.87338676,0.05,1,359.3507996,0,0,2
9,grate,Task B ,1,4,1,2.465275208,0.135,1,14.4100177,0,0,4
9,grate,Task B ,1,4,0,3.08114916,0.067,2,137.6937469,0,0,3
9,grate,Task B ,1,4,1,2.498151828,0.067,1,302.8680506,0,0,3
9,grate,Task B ,1,2,0,6.57914309,0.033,2,225.6684408,0,0,1
9,grate,Task B ,1,1,1,-0.243452867,0.033,1,131.3099462,0,0,1
10,grate,Task B ,2,4,1,-14.74593878,0.135,2,4.867802781,0,0,4
10,grate,Task B ,1,2,1,-2.276386702,0.033,1,107.9603138,0,0,1
10,grate,Task B ,2,1,1,11.13681159,0.135,2,143.2196468,0,0,4
10,grate,Task B ,1,1,0,13.03607567,0.05,2,201.3078989,0,0,2
10,grate,Task B ,2,1,1,-6.70223923,0.067,2,301.1682535,0,0,3
10,grate,Task B ,1,1,0,2.887480854,0.05,2,249.2544466,0,0,2
1,grate,Task B ,1,2,1,2.43680143,0.135,1,24.34039553,0,0,4
1,grate,Task B ,1,4,0,-0.387508841,0.067,2,232.8277758,0,0,3
1,grate,Task B ,1,3,1,1.401064396,0.05,1,300.5758198,0,0,2
1,grate,Task B ,1,2,0,4.877165521,0.067,2,289.7763429,0,0,3
1,grate,Task B ,1,2,0,-7.445536137,0.05,2,37.69397189,0,0,2
1,grate,Task B ,2,2,1,-14.34940297,0.067,2,252.4896622,0,0,3
2,grate,Task B ,1,3,0,3.837276812,0.05,2,43.32655399,0,0,2
2,grate,Task B ,2,1,0,6.515843832,0.033,1,331.256991,0,0,1
2,grate,Task B ,2,3,0,-7.632659222,0.135,1,23.94380317,0,0,4
2,grate,Task B ,2,3,0,-1.181358905,0.067,1,284.7052141,0,0,3
2,grate,Task B ,1,1,1,-0.703438684,0.05,1,238.7166449,0,0,2
2,grate,Task B ,1,3,0,-19.96977796,0.033,2,127.5039659,0,0,1
3,grate,Task B ,2,4,1,20.62708912,0.05,2,129.1109722,0,0,2
3,grate,Task B ,1,2,1,0.846330167,0.05,1,15.66512672,0,0,2
3,grate,Task B ,2,4,0,0.132983348,0.05,1,143.009839,0,0,2
3,grate,Task B ,1,1,1,2.771141458,0.033,1,168.5481861,0,0,1
3,grate,Task B ,2,1,1,-10.54731257,0.033,2,15.15286824,0,0,1
3,grate,Task B ,1,3,1,0.039949578,0.05,1,150.7172896,0,0,2
4,grate,Task B ,1,2,1,-2.474530847,0.033,1,242.9348868,0,0,1
4,grate,Task B ,2,4,1,15.84916383,0.135,2,105.0938808,0,0,4
4,grate,Task B ,2,1,0,0.07460919,0.033,1,266.2032432,0,0,1
4,grate,Task B ,2,3,0,-1.741725754,0.05,1,117.9977348,0,0,2
4,grate,Task B ,1,1,1,0.132650452,0.05,1,185.8365709,0,0,2
4,grate,Task B ,2,4,0,1.834404253,0.135,1,197.1091768,0,0,4
5,grate,Task B ,2,2,1,-3.989476228,0.067,2,283.8588091,0,0,3
5,grate,Task B ,1,4,0,7.674978316,0.033,2,239.7188067,0,0,1
5,grate,Task B ,1,4,0,2.582441143,0.067,2,198.9798785,0,0,3
5,grate,Task B ,2,4,1,-19.71924321,0.067,2,108.3557293,0,0,3
5,grate,Task B ,1,4,1,-0.16087166,0.05,1,252.3273245,0,0,2
5,grate,Task B ,1,3,1,3.032402968,0.135,1,10.42131915,0,0,4
6,grate,Task B ,2,3,1,13.05137292,0.135,2,199.0727352,0,0,4
6,grate,Task B ,1,3,0,14.06428522,0.067,2,126.3563068,0,0,3
6,grate,Task B ,1,3,1,-6.105808179,0.067,1,249.7569488,0,0,3
6,grate,Task B ,1,3,0,-3.466076261,0.05,2,83.37632037,0,0,2
6,grate,Task B ,1,3,0,3.08186615,0.05,2,72.03091497,0,0,2
6,grate,Task B ,2,1,1,5.09263367,0.033,2,157.6465866,0,0,1
7,grate,Task B ,1,1,1,-0.867293789,0.05,1,213.4733559,0,0,2
7,grate,Task B ,2,4,0,6.474665483,0.067,1,297.0434379,0,0,3
7,grate,Task B ,1,4,1,3.042343337,0.135,1,104.2120425,0,0,4
7,grate,Task B ,1,4,0,0.733584331,0.067,2,310.6155485,0,0,3
7,grate,Task B ,1,4,0,-0.460369616,0.135,2,280.8309204,0,0,4
7,grate,Task B ,1,1,0,8.982978991,0.033,2,263.4664551,0,0,1
8,grate,Task B ,1,1,1,-0.495848771,0.05,1,317.266615,0,0,2
8,grate,Task B ,2,4,1,18.19117786,0.135,2,237.6489948,0,0,4
8,grate,Task B ,1,4,0,-11.00281353,0.067,2,255.1792693,0,0,3
8,grate,Task B ,2,2,1,0.321288797,0.05,2,21.29605652,0,0,2
8,grate,Task B ,2,1,1,2.491761318,0.067,2,352.0785615,0,0,3
8,grate,Task B ,2,4,1,-1.340007272,0.067,2,137.4257703,0,0,3
9,grate,Task B ,1,4,1,1.713296934,0.067,1,337.4245373,0,0,3
9,grate,Task B ,1,4,0,-6.797102575,0.135,2,157.1708922,0,0,4
9,grate,Task B ,1,4,1,1.216937887,0.05,1,20.01008714,0,0,2
9,grate,Task B ,1,3,0,3.593529751,0.067,2,353.1864121,0,0,3
9,grate,Task B ,1,1,1,2.235109076,0.05,1,97.69924367,0,0,2
9,grate,Task B ,1,1,0,1.213933017,0.05,2,67.5148093,0,0,2
10,grate,Task B ,1,3,1,1.012038235,0.05,1,253.5476115,0,0,2
10,grate,Task B ,1,1,1,1.028836129,0.135,1,120.6964949,0,0,4
10,grate,Task B ,1,1,1,0.553992338,0.067,1,117.7906128,0,0,3
10,grate,Task B ,1,1,0,10.75311801,0.033,2,243.2466434,0,0,1
10,grate,Task B ,2,1,1,-3.832929248,0.033,2,211.063398,0,0,1
10,grate,Task B ,1,1,0,-6.970709798,0.05,2,281.6137254,0,0,2
1,grate,Task B ,1,3,1,-1.397017722,0.05,1,159.7958077,0,0,2
1,grate,Task B ,1,3,1,-2.714565898,0.135,1,236.5168922,0,0,4
1,grate,Task B ,1,3,1,1.754236396,0.05,1,41.92478257,0,0,2
1,grate,Task B ,1,3,0,-7.300958999,0.05,2,184.8950899,0,0,2
1,grate,Task B ,1,2,1,-1.601001705,0.067,1,8.29907616,0,0,3
1,grate,Task B ,1,2,1,-1.352934813,0.067,1,237.4047162,0,0,3
2,grate,Task B ,1,2,1,-5.942037945,0.135,1,32.30432277,0,0,4
2,grate,Task B ,1,1,0,-10.40926363,0.033,2,18.95596097,0,0,1
2,grate,Task B ,1,4,1,-1.816045859,0.135,1,140.5008772,0,0,4
2,grate,Task B ,1,1,1,-5.062892422,0.067,1,330.5926382,0,0,3
2,grate,Task B ,1,1,1,0.713328553,0.033,1,151.928589,0,0,1
2,grate,Task B ,1,1,1,-0.062150223,0.05,1,245.1474995,0,0,2
3,grate,Task B ,2,3,0,5.019520152,0.135,1,331.4991916,0,0,4
3,grate,Task B ,2,4,1,9.926461684,0.135,2,236.5643896,0,0,4
3,grate,Task B ,2,2,0,7.596076265,0.033,1,330.1543744,0,0,1
3,grate,Task B ,1,1,0,2.578738723,0.135,2,62.06866919,0,0,4
3,grate,Task B ,2,1,1,-5.925758895,0.033,2,86.33649141,0,0,1
3,grate,Task B ,2,1,0,1.320569718,0.033,1,330.3481006,0,0,1
4,grate,Task B ,1,4,1,-1.476104129,0.067,1,128.0712449,0,0,3
4,grate,Task B ,2,4,1,-27.68502265,0.135,2,193.9439333,0,0,4
4,grate,Task B ,1,3,1,0.931963005,0.033,1,92.70892875,0,0,1
4,grate,Task B ,1,1,1,2.33968844,0.067,1,159.3115818,0,0,3
4,grate,Task B ,2,2,1,11.6346509,0.067,2,197.2668923,0,0,3
4,grate,Task B ,1,4,1,-0.90047357,0.135,1,348.9815482,0,0,4
5,grate,Task B ,2,4,0,-6.222825969,0.05,1,156.6700066,0,0,2
5,grate,Task B ,1,4,0,6.250709546,0.05,2,333.0999009,0,0,2
5,grate,Task B ,2,4,1,10.6667744,0.067,2,79.52078704,0,0,3
5,grate,Task B ,2,4,1,-9.208451493,0.033,2,245.4777864,0,0,1
5,grate,Task B ,2,4,1,-11.15827335,0.135,2,190.6332646,0,0,4
5,grate,Task B ,2,4,1,24.48666123,0.067,2,343.0381035,0,0,3
6,grate,Task B ,2,3,1,-16.62714664,0.135,2,121.7841931,0,0,4
6,grate,Task B ,1,3,0,-6.89786741,0.033,2,247.7913244,0,0,1
6,grate,Task B ,2,3,1,4.750577835,0.135,2,58.11316738,0,0,4
6,grate,Task B ,1,2,1,1.65959806,0.05,1,140.715753,0,0,2
6,grate,Task B ,2,3,0,5.980502351,0.135,1,298.9880681,0,0,4
6,grate,Task B ,2,3,1,-13.39024195,0.067,2,139.3535204,0,0,3
7,grate,Task B ,2,1,1,-7.367560882,0.033,2,113.518921,0,0,1
7,grate,Task B ,1,4,0,9.035645547,0.067,2,347.8573638,0,0,3
7,grate,Task B ,1,4,1,5.100514767,0.135,1,1.60992813,0,0,4
7,grate,Task B ,2,4,1,-16.18110501,0.067,2,162.4367426,0,0,3
7,grate,Task B ,1,4,1,2.604649985,0.05,1,55.56699952,0,0,2
7,grate,Task B ,1,4,1,1.24309185,0.067,1,62.79554043,0,0,3
8,grate,Task B ,1,1,0,0.889576625,0.033,2,28.62896251,0,0,1
8,grate,Task B ,2,3,1,15.72726355,0.067,2,353.4721031,0,0,3
8,grate,Task B ,1,4,1,0.993520473,0.05,1,69.17389382,0,0,2
8,grate,Task B ,2,1,0,1.078706198,0.05,1,11.91758992,0,0,2
8,grate,Task B ,2,2,1,4.930522331,0.033,2,103.4915446,0,0,1
8,grate,Task B ,2,1,1,15.4245693,0.033,2,254.3850424,0,0,1
9,grate,Task B ,1,2,0,16.39810545,0.033,2,320.1246625,0,0,1
9,grate,Task B ,1,1,0,4.493993796,0.033,2,346.3057712,0,0,1
9,grate,Task B ,2,1,0,2.207424897,0.033,1,123.8717368,0,0,1
9,grate,Task B ,1,4,0,-1.217110445,0.067,2,62.30283145,0,0,3
9,grate,Task B ,2,4,1,10.25732902,0.135,2,32.53551175,0,0,4
9,grate,Task B ,1,4,1,1.824669068,0.135,1,251.8785184,0,0,4
10,grate,Task B ,1,2,1,-1.140031463,0.135,1,314.2088528,0,0,4
10,grate,Task B ,1,1,1,-0.113435981,0.135,1,175.9849621,0,0,4
10,grate,Task B ,2,2,1,-31.68672136,0.05,2,99.35556564,0,0,2
10,grate,Task B ,1,1,1,3.505005765,0.135,1,144.2077335,0,0,4
10,grate,Task B ,1,1,1,-6.997572988,0.05,1,191.7522267,0,0,2
10,grate,Task B ,1,1,1,-0.861008255,0.135,1,295.3560395,0,0,4
1,grate,Task B ,2,3,0,-2.713286962,0.135,1,353.4978546,0,0,4
1,grate,Task B ,1,1,0,-3.300211771,0.033,2,37.2279779,0,0,1
1,grate,Task B ,2,2,0,-3.634623831,0.135,1,81.27754985,0,0,4
1,grate,Task B ,1,4,1,-1.252510031,0.135,1,177.4785792,0,0,4
1,grate,Task B ,1,4,1,0.461840858,0.067,1,338.0237349,0,0,3
1,grate,Task B ,2,1,0,0.712375889,0.033,1,183.4557681,0,0,1
2,grate,Task B ,2,1,1,0.940312714,0.033,2,104.1272471,0,0,1
2,grate,Task B ,1,2,1,-0.544858917,0.135,1,42.77388932,0,0,4
2,grate,Task B ,1,2,0,-23.28442451,0.067,2,295.8941074,0,0,3
2,grate,Task B ,1,3,0,7.371896548,0.067,2,102.9158794,0,0,3
2,grate,Task B ,1,2,0,16.66759585,0.05,2,98.64202265,0,0,2
2,grate,Task B ,1,2,1,-0.383361637,0.033,1,259.7263166,0,0,1
3,grate,Task B ,1,4,1,-3.748483279,0.05,1,204.1536342,0,0,2
3,grate,Task B ,1,2,1,-3.761335097,0.067,1,203.9068787,0,0,3
3,grate,Task B ,1,1,1,2.313576532,0.067,1,91.97601188,0,0,3
3,grate,Task B ,1,3,0,-0.322162333,0.067,2,270.4620807,0,0,3
3,grate,Task B ,2,4,1,-28.01873021,0.067,2,77.75385294,0,0,3
3,grate,Task B ,2,3,1,-5.928951977,0.067,2,39.22768559,0,0,3
4,grate,Task B ,1,3,1,1.600040712,0.135,1,202.3827932,0,0,4
4,grate,Task B ,2,4,1,-10.96192384,0.135,2,219.4269862,0,0,4
4,grate,Task B ,1,3,1,0.776584242,0.05,1,268.0267203,0,0,2
4,grate,Task B ,1,1,1,5.377775429,0.033,1,194.9978048,0,0,1
4,grate,Task B ,1,2,1,-3.19559491,0.033,1,284.5753734,0,0,1
4,grate,Task B ,2,4,0,3.737995393,0.135,1,22.5307833,0,0,4
5,grate,Task B ,2,4,1,-18.86260383,0.05,2,179.663304,0,0,2
5,grate,Task B ,1,4,1,0.795374645,0.135,1,69.81199637,0,0,4
5,grate,Task B ,1,1,1,-1.462632173,0.033,1,125.965718,0,0,1
5,grate,Task B ,1,2,0,5.320172517,0.033,2,188.6483491,0,0,1
5,grate,Task B ,2,4,1,-7.084064372,0.135,2,180.5267684,0,0,4
5,grate,Task B ,1,4,1,7.138336042,0.033,1,120.0448286,0,0,1
6,grate,Task B ,2,3,1,-5.384790103,0.067,2,198.8320588,0,0,3
6,grate,Task B ,2,3,1,13.50324852,0.135,2,104.270946,0,0,4
6,grate,Task B ,1,3,1,-1.597411994,0.067,1,224.784342,0,0,3
6,grate,Task B ,1,2,0,3.030315121,0.05,2,298.9788933,0,0,2
6,grate,Task B ,1,3,1,4.634119324,0.033,1,186.9880059,0,0,1
6,grate,Task B ,2,3,1,13.41466506,0.067,2,299.3074876,0,0,3
7,grate,Task B ,2,1,0,0.465623935,0.067,1,298.7880658,0,0,3
7,grate,Task B ,2,4,1,-12.26861588,0.135,2,215.6905376,0,0,4
7,grate,Task B ,1,4,1,1.922611664,0.067,1,213.6952912,0,0,3
7,grate,Task B ,1,4,0,10.73326515,0.05,2,83.57657267,0,0,2
7,grate,Task B ,1,4,1,3.032151755,0.067,1,295.681481,0,0,3
7,grate,Task B ,2,4,1,-15.36896766,0.067,2,109.8098749,0,0,3
8,grate,Task B ,1,2,0,8.074057576,0.05,2,86.41226478,0,0,2
8,grate,Task B ,2,1,0,3.865929005,0.033,1,297.0582649,0,0,1
8,grate,Task B ,2,4,0,-1.330607224,0.067,1,14.18497211,0,0,3
8,grate,Task B ,2,1,0,-4.14317844,0.05,1,14.86302416,0,0,2
8,grate,Task B ,2,4,1,28.38729659,0.135,2,126.7106462,0,0,4
8,grate,Task B ,1,4,1,0.007929619,0.067,1,195.3405259,0,0,3
9,grate,Task B ,2,2,0,2.142288637,0.067,1,73.61476428,0,0,3
9,grate,Task B ,1,4,1,1.598837747,0.05,1,17.67281865,0,0,2
9,grate,Task B ,1,2,1,3.654566294,0.05,1,57.85346025,0,0,2
9,grate,Task B ,1,1,1,0.280025795,0.033,1,255.4917621,0,0,1
9,grate,Task B ,1,4,1,1.582611834,0.067,1,65.49940603,0,0,3
9,grate,Task B ,1,4,1,-1.438252355,0.067,1,127.1454493,0,0,3
10,grate,Task B ,2,2,1,0.464122528,0.05,2,325.3093827,0,0,2
10,grate,Task B ,1,2,0,-2.327346734,0.135,2,268.9277004,0,0,4
10,grate,Task B ,1,1,1,-0.743194271,0.05,1,105.4199829,0,0,2
10,grate,Task B ,1,1,1,2.093905991,0.135,1,307.5075173,0,0,4
10,grate,Task B ,1,1,1,0.796904587,0.05,1,238.5822767,0,0,2
10,grate,Task B ,1,1,0,-9.251279303,0.067,2,12.05502309,0,0,3
1,grate,Task B ,2,2,0,0.640095666,0.033,1,251.8253996,0,0,1
1,grate,Task B ,1,2,1,0.750678812,0.05,1,132.3169714,0,0,2
1,grate,Task B ,1,3,0,5.190995743,0.067,2,241.8367278,0,0,3
1,grate,Task B ,1,2,0,-8.84969521,0.067,2,179.9606725,0,0,3
1,grate,Task B ,1,2,0,2.776296559,0.033,2,146.6463996,0,0,1
1,grate,Task B ,1,2,1,0.604476426,0.05,1,234.776616,0,0,2
2,grate,Task B ,1,3,1,-2.883707604,0.135,1,138.6815756,0,0,4
2,grate,Task B ,2,2,1,-13.91986676,0.067,2,327.6394558,0,0,3
2,grate,Task B ,1,2,1,-1.367526716,0.067,1,281.3285067,0,0,3
2,grate,Task B ,2,2,0,0.709924879,0.05,1,265.0693548,0,0,2
2,grate,Task B ,1,2,1,-1.57646409,0.067,1,248.6842326,0,0,3
2,grate,Task B ,2,3,1,-28.23106211,0.067,2,313.3181166,0,0,3
3,grate,Task B ,1,4,1,0.024436283,0.05,1,116.9430735,0,0,2
3,grate,Task B ,2,4,1,-9.417579478,0.135,2,250.1167454,0,0,4
3,grate,Task B ,1,2,0,-0.565070099,0.067,2,317.808817,0,0,3
3,grate,Task B ,2,1,1,-11.60631634,0.033,2,304.0562966,0,0,1
3,grate,Task B ,2,3,0,-6.037047676,0.067,1,127.777282,0,0,3
3,grate,Task B ,2,3,1,8.96328652,0.05,2,291.1304385,0,0,2
4,grate,Task B ,1,2,0,10.67309423,0.033,2,286.0362524,0,0,1
4,grate,Task B ,2,4,1,-15.06316861,0.05,2,292.6622284,0,0,2
4,grate,Task B ,1,1,1,-4.088543421,0.05,1,176.3270523,0,0,2
4,grate,Task B ,1,3,1,-1.471585717,0.135,1,20.57462115,0,0,4
4,grate,Task B ,2,2,0,1.724354294,0.067,1,168.7260789,0,0,3
4,grate,Task B ,2,3,1,10.98686432,0.05,2,39.82771661,0,0,2
5,grate,Task B ,1,4,0,-1.391179186,0.05,2,296.8723988,0,0,2
5,grate,Task B ,2,2,0,1.556104325,0.067,1,230.9737516,0,0,3
5,grate,Task B ,1,3,1,-3.076857777,0.033,1,46.32992015,0,0,1
5,grate,Task B ,2,4,1,-18.62773602,0.067,2,43.49724114,0,0,3
5,grate,Task B ,2,4,0,-1.764715904,0.067,1,169.6851695,0,0,3
5,grate,Task B ,2,1,0,1.912779394,0.067,1,106.0586434,0,0,3
6,grate,Task B ,1,3,1,3.018991198,0.067,1,127.0265498,0,0,3
6,grate,Task B ,1,3,0,18.18334199,0.05,2,346.9914162,0,0,2
6,grate,Task B ,2,3,1,7.250659204,0.067,2,14.40646473,0,0,3
6,grate,Task B ,2,3,1,7.898546647,0.05,2,306.3984699,0,0,2
6,grate,Task B ,2,3,0,-5.650464753,0.067,1,195.0419814,0,0,3
6,grate,Task B ,1,3,0,9.329679571,0.067,2,23.58241336,0,0,3
7,grate,Task B ,2,4,1,19.24777126,0.067,2,299.7306895,0,0,3
7,grate,Task B ,2,4,0,-1.563980594,0.067,1,274.1878634,0,0,3
7,grate,Task B ,1,4,0,7.915418925,0.05,2,45.62831388,0,0,2
7,grate,Task B ,1,4,1,-0.019167261,0.033,1,236.4897172,0,0,1
7,grate,Task B ,2,4,1,-8.50811115,0.135,2,116.1979126,0,0,4
7,grate,Task B ,1,4,1,-6.054304781,0.05,1,122.0852754,0,0,2
8,grate,Task B ,1,1,1,-2.935481862,0.05,1,24.38748232,0,0,2
8,grate,Task B ,1,1,1,-5.328290894,0.033,1,279.2191473,0,0,1
8,grate,Task B ,2,3,1,13.33838595,0.067,2,184.0953924,0,0,3
8,grate,Task B ,1,2,1,-1.483156367,0.033,1,121.2842985,0,0,1
8,grate,Task B ,2,4,1,-10.41485598,0.135,2,53.90979002,0,0,4
8,grate,Task B ,2,4,0,2.407001316,0.05,1,320.3011846,0,0,2
9,grate,Task B ,2,2,0,-4.037418127,0.05,1,239.2437146,0,0,2
9,grate,Task B ,1,4,1,-0.079814915,0.05,1,180.8488495,0,0,2
9,grate,Task B ,1,2,0,6.774471465,0.033,2,219.8310169,0,0,1
9,grate,Task B ,2,4,1,16.7238394,0.135,2,182.1634771,0,0,4
9,grate,Task B ,1,3,0,1.592831226,0.05,2,72.76756551,0,0,2
9,grate,Task B ,2,4,0,3.249925732,0.135,1,65.28051387,0,0,4
10,grate,Task B ,1,3,0,7.383028399,0.135,2,237.3034752,0,0,4
10,grate,Task B ,1,1,1,-0.019001246,0.05,1,350.3225192,0,0,2
10,grate,Task B ,1,1,1,3.259216975,0.135,1,59.18612501,0,0,4
10,grate,Task B ,2,2,1,-11.93832342,0.067,2,155.5765105,0,0,3
10,grate,Task B ,1,1,1,-1.288718009,0.033,1,104.3725182,0,0,1
10,grate,Task B ,1,1,0,-0.809697369,0.033,2,326.7814926,0,0,1
1,grate,Task B ,2,4,1,-25.72472716,0.067,2,157.4071399,0,0,3
1,grate,Task B ,2,2,1,7.33062545,0.135,2,174.7319489,0,0,4
1,grate,Task B ,2,4,1,-22.77693997,0.067,2,77.70840228,0,0,3
1,grate,Task B ,2,4,1,-18.87897266,0.135,2,307.7494333,0,0,4
1,grate,Task B ,2,3,1,12.30604581,0.135,2,37.07590163,0,0,4
1,grate,Task B ,2,4,1,13.06242324,0.135,2,321.2449636,0,0,4
2,grate,Task B ,2,1,1,18.46801355,0.05,2,54.35219234,0,0,2
2,grate,Task B ,2,3,1,-2.468885592,0.067,2,72.34869134,0,0,3
2,grate,Task B ,1,1,0,16.37950783,0.05,2,345.5679137,0,0,2
2,grate,Task B ,2,2,0,1.11997134,0.135,1,335.5881634,0,0,4
2,grate,Task B ,2,2,0,1.767276184,0.05,1,219.1727526,0,0,2
2,grate,Task B ,1,1,0,5.590257495,0.033,2,25.97940173,0,0,1
3,grate,Task B ,2,2,0,2.961925234,0.067,1,74.26880058,0,0,3
3,grate,Task B ,1,2,1,-5.82699465,0.033,1,336.9519032,0,0,1
3,grate,Task B ,1,1,1,0.992786662,0.135,1,112.2289908,0,0,4
3,grate,Task B ,1,1,0,-8.318090906,0.033,2,92.58919283,0,0,1
3,grate,Task B ,1,3,1,-0.343166193,0.135,1,44.7764949,0,0,4
3,grate,Task B ,1,2,1,1.624315425,0.135,1,93.74544482,0,0,4
4,grate,Task B ,1,2,1,-0.846764535,0.033,1,211.5146119,0,0,1
4,grate,Task B ,1,1,1,0.076238197,0.033,1,49.85437184,0,0,1
4,grate,Task B ,2,4,1,14.83957942,0.067,2,328.8562161,0,0,3
4,grate,Task B ,2,4,1,-13.89150092,0.135,2,42.43864533,0,0,4
4,grate,Task B ,2,2,1,-6.5670485,0.067,2,254.2398814,0,0,3
4,grate,Task B ,1,3,1,1.246725707,0.067,1,111.3062575,0,0,3
5,grate,Task B ,2,4,1,-3.13694342,0.05,2,354.4026579,0,0,2
5,grate,Task B ,2,4,1,3.255942538,0.135,2,183.8170413,0,0,4
5,grate,Task B ,1,3,1,-0.545483925,0.067,1,49.03826018,0,0,3
5,grate,Task B ,2,4,0,-2.755832073,0.05,1,292.5312912,0,0,2
5,grate,Task B ,1,1,1,-2.215429968,0.033,1,194.4992742,0,0,1
5,grate,Task B ,1,4,0,-2.576357517,0.05,2,300.1010833,0,0,2
6,grate,Task B ,1,3,1,3.568006553,0.135,1,139.5706211,0,0,4
6,grate,Task B ,2,2,0,2.865505549,0.033,1,61.84812409,0,0,1
6,grate,Task B ,1,3,1,-2.420698767,0.135,1,9.982181939,0,0,4
6,grate,Task B ,2,3,1,-6.059233028,0.067,2,227.464467,0,0,3
6,grate,Task B ,1,3,1,-2.716200161,0.067,1,249.8444442,0,0,3
6,grate,Task B ,1,2,1,1.429109166,0.033,1,26.48899426,0,0,1
7,grate,Task B ,2,4,1,-10.72310755,0.067,2,153.058795,0,0,3
7,grate,Task B ,2,4,1,-11.71987891,0.033,2,101.6274578,0,0,1
7,grate,Task B ,2,4,0,-5.002302581,0.135,1,163.0654985,0,0,4
7,grate,Task B ,1,4,1,0.970996909,0.033,1,297.5350953,0,0,1
7,grate,Task B ,1,1,0,-20.98023469,0.067,2,358.3117369,0,0,3
7,grate,Task B ,1,4,0,-0.937266253,0.033,2,302.4580978,0,0,1
8,grate,Task B ,2,4,1,8.560764588,0.135,2,285.2944801,0,0,4
8,grate,Task B ,1,2,1,1.6799836,0.135,1,245.526882,0,0,4
8,grate,Task B ,1,2,0,6.261142755,0.05,2,35.93935025,0,0,2
8,grate,Task B ,1,1,0,12.95829047,0.033,2,322.02512,0,0,1
8,grate,Task B ,2,3,1,-14.2735201,0.05,2,157.6932115,0,0,2
8,grate,Task B ,1,1,1,-0.323705516,0.05,1,226.3563415,0,0,2
9,grate,Task B ,2,2,0,2.875986302,0.135,1,281.3622574,0,0,4
9,grate,Task B ,1,1,1,2.339572088,0.033,1,314.8286604,0,0,1
9,grate,Task B ,2,4,0,-2.929858335,0.067,1,285.4166599,0,0,3
9,grate,Task B ,1,4,1,-2.145637975,0.067,1,268.8002533,0,0,3
9,grate,Task B ,1,1,1,-0.829318937,0.033,1,194.0322628,0,0,1
9,grate,Task B ,1,1,0,-7.295540578,0.033,2,319.8519229,0,0,1
10,grate,Task B ,1,2,1,4.434033464,0.135,1,230.4767379,0,0,4
10,grate,Task B ,1,1,0,3.737288226,0.067,2,112.3265161,0,0,3
10,grate,Task B ,1,1,1,-3.961079608,0.05,1,187.7815377,0,0,2
10,grate,Task B ,2,1,1,24.18424032,0.135,2,245.8791747,0,0,4
10,grate,Task B ,1,1,1,-0.345100611,0.033,1,191.7170004,0,0,1
10,grate,Task B ,1,2,1,3.878652541,0.05,1,172.7950862,0,0,2
1,grate,Task B ,2,2,1,5.339746131,0.033,2,109.6597835,0,0,1
1,grate,Task B ,2,2,1,-25.25223966,0.05,2,19.91037059,0,0,2
1,grate,Task B ,1,3,0,-5.514780115,0.067,2,347.1655603,0,0,3
1,grate,Task B ,1,1,0,-2.80195772,0.033,2,249.7915533,0,0,1
1,grate,Task B ,1,2,0,10.21797574,0.05,2,312.6447122,0,0,2
1,grate,Task B ,1,2,0,-0.046814025,0.135,2,67.71248973,0,0,4
2,grate,Task B ,1,1,1,-1.240796303,0.135,1,144.4405635,0,0,4
2,grate,Task B ,1,2,0,-1.267392175,0.033,2,101.919,0,0,1
2,grate,Task B ,1,4,1,-1.508681652,0.135,1,172.9253288,0,0,4
2,grate,Task B ,1,4,1,-1.085298104,0.135,1,202.7075847,0,0,4
2,grate,Task B ,2,3,1,-20.92801396,0.067,2,24.78727264,0,0,3
2,grate,Task B ,1,2,1,-0.747323056,0.067,1,187.5970861,0,0,3
3,grate,Task B ,2,1,0,-5.176996125,0.05,1,91.44264525,0,0,2
3,grate,Task B ,2,3,0,1.813050092,0.135,1,314.6041033,0,0,4
3,grate,Task B ,2,3,1,10.34021888,0.135,2,233.7142643,0,0,4
3,grate,Task B ,1,3,1,-0.191390083,0.067,1,292.1248848,0,0,3
3,grate,Task B ,1,1,1,3.892982152,0.033,1,125.7439481,0,0,1
3,grate,Task B ,2,3,1,-15.56336499,0.033,2,306.8580534,0,0,1
4,grate,Task B ,1,2,0,-12.93910914,0.05,2,53.58239888,0,0,2
4,grate,Task B ,2,3,0,1.591231603,0.135,1,23.2989203,0,0,4
4,grate,Task B ,1,3,0,9.850985586,0.033,2,150.0334854,0,0,1
4,grate,Task B ,1,1,0,-1.558500766,0.033,2,314.6282171,0,0,1
4,grate,Task B ,1,2,1,1.368049288,0.05,1,305.5202315,0,0,2
4,grate,Task B ,1,3,1,-1.069223878,0.067,1,121.299528,0,0,3
5,grate,Task B ,2,2,1,-10.4551584,0.067,2,70.24465974,0,0,3
5,grate,Task B ,1,1,1,0.606333255,0.033,1,166.4300231,0,0,1
5,grate,Task B ,1,4,1,0.137894278,0.135,1,313.2811822,0,0,4
5,grate,Task B ,1,3,1,0.608767781,0.135,1,63.71959086,0,0,4
5,grate,Task B ,2,4,1,16.15922711,0.135,2,70.18696939,0,0,4
5,grate,Task B ,2,4,1,6.726983759,0.05,2,191.4794438,0,0,2
6,grate,Task B ,1,2,0,-3.84432736,0.067,2,293.6092071,0,0,3
6,grate,Task B ,1,3,0,4.372067691,0.033,2,18.52773893,0,0,1
6,grate,Task B ,2,3,0,4.306605296,0.067,1,91.23643577,0,0,3
6,grate,Task B ,2,3,1,-23.93636118,0.135,2,299.8590199,0,0,4
6,grate,Task B ,1,3,1,0.284682894,0.05,1,219.9153492,0,0,2
6,grate,Task B ,2,3,1,9.262800263,0.05,2,53.41906474,0,0,2
7,grate,Task B ,2,4,0,-5.693927799,0.135,1,292.7512056,0,0,4
7,grate,Task B ,2,4,1,-7.198624386,0.067,2,173.1012336,0,0,3
7,grate,Task B ,1,4,0,1.500490085,0.033,2,329.7480184,0,0,1
7,grate,Task B ,1,4,1,1.116841757,0.135,1,334.3979223,0,0,4
7,grate,Task B ,1,2,0,-3.221335618,0.135,2,5.546000144,0,0,4
7,grate,Task B ,1,4,0,-0.458432989,0.135,2,78.8529143,0,0,4
8,grate,Task B ,2,3,1,4.957769907,0.135,2,106.3698818,0,0,4
8,grate,Task B ,2,4,1,-18.06585919,0.135,2,71.76561858,0,0,4
8,grate,Task B ,2,4,0,-0.988478592,0.05,1,194.419045,0,0,2
8,grate,Task B ,1,3,1,-2.810630996,0.067,1,146.5240077,0,0,3
8,grate,Task B ,1,1,1,0.796390291,0.05,1,200.2561535,0,0,2
8,grate,Task B ,1,4,1,4.197606981,0.067,1,12.37702747,0,0,3
9,grate,Task B ,1,3,1,-2.175883055,0.05,1,355.3384618,0,0,2
9,grate,Task B ,2,4,1,26.13875322,0.135,2,236.7815837,0,0,4
9,grate,Task B ,1,1,0,11.22611714,0.05,2,122.9403255,0,0,2
9,grate,Task B ,1,3,1,-3.153433459,0.05,1,69.42989624,0,0,2
9,grate,Task B ,2,4,1,10.7502695,0.135,2,32.5034282,0,0,4
9,grate,Task B ,1,4,1,0.229495635,0.135,1,227.4324802,0,0,4
10,grate,Task B ,1,2,0,3.019174798,0.033,2,211.3461968,0,0,1
10,grate,Task B ,2,2,1,-30.23579707,0.135,2,99.28386992,0,0,4
10,grate,Task B ,1,1,0,-5.409164207,0.05,2,224.3993522,0,0,2
10,grate,Task B ,2,1,1,10.46630426,0.067,2,197.5487818,0,0,3
10,grate,Task B ,2,1,1,17.81832639,0.067,2,158.8551638,0,0,3
10,grate,Task B ,1,1,0,6.160511917,0.067,2,143.0304689,0,0,3
1,grate,Task B ,1,2,1,-6.215698812,0.05,1,281.139982,0,0,2
1,grate,Task B ,1,1,1,1.13678059,0.033,1,44.38327466,0,0,1
1,grate,Task B ,1,2,1,0.961714408,0.05,1,223.4478835,0,0,2
1,grate,Task B ,1,2,1,-0.54919493,0.135,1,3.1151687,0,0,4
1,grate,Task B ,1,3,0,0.601731834,0.135,2,242.7702004,0,0,4
1,grate,Task B ,2,2,1,-7.624929694,0.05,2,196.847616,0,0,2
2,grate,Task B ,1,3,1,-0.33508631,0.135,1,136.9120619,0,0,4
2,grate,Task B ,2,1,1,-17.53073859,0.033,2,17.72700434,0,0,1
2,grate,Task B ,2,3,1,-4.197134109,0.135,2,226.2165958,0,0,4
2,grate,Task B ,1,2,0,-4.806352601,0.05,2,91.53850295,0,0,2
2,grate,Task B ,1,2,1,1.393165422,0.05,1,23.3041589,0,0,2
2,grate,Task B ,1,2,1,-1.113742488,0.05,1,254.8766606,0,0,2
3,grate,Task B ,1,2,0,-0.357934961,0.033,2,107.3525515,0,0,1
3,grate,Task B ,1,2,0,0.550391104,0.033,2,341.5233634,0,0,1
3,grate,Task B ,1,1,0,6.338623509,0.033,2,166.7132646,0,0,1
3,grate,Task B ,2,2,0,2.776884723,0.135,1,276.6333854,0,0,4
3,grate,Task B ,2,4,1,9.956844142,0.135,2,217.5771295,0,0,4
3,grate,Task B ,2,4,1,8.840253442,0.135,2,3.731084466,0,0,4
4,grate,Task B ,1,1,1,-2.107247765,0.05,1,316.8852669,0,0,2
4,grate,Task B ,2,4,0,-6.002739991,0.067,1,336.5738929,0,0,3
4,grate,Task B ,1,1,1,-3.209620309,0.05,1,128.1913092,0,0,2
4,grate,Task B ,1,1,1,-1.060635587,0.05,1,226.6857595,0,0,2
4,grate,Task B ,2,1,0,-1.905776209,0.135,1,58.68837779,0,0,4
4,grate,Task B ,2,4,0,-3.24326641,0.135,1,61.16450421,0,0,4
5,grate,Task B ,1,4,1,-1.757638849,0.067,1,175.5108713,0,0,3
5,grate,Task B ,1,4,0,4.551627751,0.033,2,10.20399682,0,0,1
5,grate,Task B ,1,1,0,9.254635702,0.135,2,148.0811285,0,0,4
5,grate,Task B ,1,4,0,3.440659563,0.05,2,178.7680061,0,0,2
5,grate,Task B ,1,4,1,-5.112101873,0.067,1,74.77818682,0,0,3
5,grate,Task B ,1,4,1,1.363416205,0.033,1,213.3256361,0,0,1
6,grate,Task B ,1,2,1,-1.151461761,0.033,1,219.1696762,0,0,1
6,grate,Task B ,1,3,1,-0.995648836,0.135,1,57.06964386,0,0,4
6,grate,Task B ,2,3,0,0.500374808,0.05,1,270.0406721,0,0,2
6,grate,Task B ,2,3,1,-30.47732785,0.135,2,60.97953362,0,0,4
6,grate,Task B ,2,3,1,17.42734339,0.05,2,353.0519984,0,0,2
6,grate,Task B ,1,3,1,-0.763797797,0.135,1,52.71203865,0,0,4
7,grate,Task B ,1,1,0,11.01066151,0.067,2,259.4726766,0,0,3
7,grate,Task B ,2,4,1,-13.89511814,0.067,2,241.6944581,0,0,3
7,grate,Task B ,2,4,1,-7.373230181,0.067,2,328.1407764,0,0,3
7,grate,Task B ,2,4,1,17.47833742,0.05,2,58.06549304,0,0,2
7,grate,Task B ,1,4,1,-0.632461833,0.05,1,296.2713757,0,0,2
7,grate,Task B ,1,1,1,-1.112596273,0.033,1,237.0914199,0,0,1
8,grate,Task B ,2,3,1,11.23206779,0.067,2,254.4287764,0,0,3
8,grate,Task B ,1,1,0,-2.619534958,0.033,2,156.8802484,0,0,1
8,grate,Task B ,2,4,1,-13.2062313,0.067,2,70.5217751,0,0,3
8,grate,Task B ,1,3,1,0.172669569,0.067,1,324.7951413,0,0,3
8,grate,Task B ,2,4,0,2.406844076,0.135,1,136.1566205,0,0,4
8,grate,Task B ,1,1,1,-2.309147719,0.05,1,328.4408094,0,0,2
9,grate,Task B ,2,4,1,-2.418474227,0.05,2,167.2728038,0,0,2
9,grate,Task B ,2,4,1,-13.20460268,0.135,2,262.4846018,0,0,4
9,grate,Task B ,1,1,1,-1.030864112,0.05,1,334.701515,0,0,2
9,grate,Task B ,1,1,0,-5.828083539,0.067,2,89.06618702,0,0,3
9,grate,Task B ,1,4,1,-2.095334197,0.033,1,117.9381827,0,0,1
9,grate,Task B ,1,1,1,1.639349943,0.05,1,179.1834716,0,0,2
10,grate,Task B ,1,2,1,-0.844914363,0.067,1,230.8995624,0,0,3
10,grate,Task B ,2,1,1,20.97176962,0.067,2,53.74555822,0,0,3
10,grate,Task B ,1,1,0,4.711283552,0.05,2,6.513420702,0,0,2
10,grate,Task B ,1,2,1,0.08693106,0.033,1,97.486082,0,0,1
10,grate,Task B ,1,1,0,-21.5252863,0.033,2,107.1936235,0,0,1
10,grate,Task B ,1,1,0,0.673641806,0.135,2,165.0956222,0,0,4
1,grate,Task B ,1,2,1,2.918899841,0.067,1,111.6358421,0,0,3
1,grate,Task B ,1,1,1,4.430569507,0.033,1,27.38213132,0,0,1
1,grate,Task B ,1,3,1,1.475483897,0.067,1,185.3560381,0,0,3
1,grate,Task B ,1,2,1,-0.665380259,0.067,1,56.51124823,0,0,3
1,grate,Task B ,1,2,0,-2.076739049,0.033,2,186.08396,0,0,1
1,grate,Task B ,1,1,0,0.940331192,0.033,2,171.6299578,0,0,1
2,grate,Task B ,1,2,1,0.172649011,0.067,1,349.0470831,0,0,3
2,grate,Task B ,1,1,1,-0.66531387,0.05,1,210.4303725,0,0,2
2,grate,Task B ,1,1,0,-1.501492613,0.033,2,211.6409397,0,0,1
2,grate,Task B ,1,1,0,-6.31896541,0.05,2,128.0834065,0,0,2
2,grate,Task B ,2,4,1,-10.768262,0.135,2,119.9375209,0,0,4
2,grate,Task B ,2,3,1,-9.122569241,0.067,2,301.2776192,0,0,3
3,grate,Task B ,1,4,1,-2.868774368,0.067,1,115.85895,0,0,3
3,grate,Task B ,2,4,1,19.71842798,0.135,2,66.86872921,0,0,4
3,grate,Task B ,1,4,0,-1.818355738,0.067,2,261.9105494,0,0,3
3,grate,Task B ,1,1,1,2.575187023,0.05,1,8.750248067,0,0,2
3,grate,Task B ,1,1,0,11.45479211,0.033,2,26.2138142,0,0,1
3,grate,Task B ,1,1,0,-3.532846033,0.135,2,192.8644745,0,0,4
4,grate,Task B ,1,2,1,3.953560585,0.033,1,252.4335297,0,0,1
4,grate,Task B ,2,2,0,1.50546908,0.05,1,109.1109586,0,0,2
4,grate,Task B ,1,4,1,0.078372415,0.135,1,348.9490626,0,0,4
4,grate,Task B ,1,1,0,3.03074287,0.05,2,334.0985235,0,0,2
4,grate,Task B ,2,4,1,-7.488947933,0.135,2,91.83810135,0,0,4
4,grate,Task B ,1,4,1,-1.930747263,0.067,1,148.0616715,0,0,3
5,grate,Task B ,1,2,1,-0.352439829,0.067,1,340.5906387,0,0,3
5,grate,Task B ,2,1,1,20.17627126,0.033,2,82.4564192,0,0,1
5,grate,Task B ,1,4,1,-3.915299533,0.135,1,96.64529019,0,0,4
5,grate,Task B ,1,3,0,-4.924008555,0.033,2,194.9781361,0,0,1
5,grate,Task B ,1,3,0,-8.716721518,0.05,2,38.99040608,0,0,2
5,grate,Task B ,2,4,1,-6.686787283,0.067,2,282.4392455,0,0,3
6,grate,Task B ,2,3,1,15.60892428,0.067,2,288.7177767,0,0,3
6,grate,Task B ,1,2,1,-0.913121522,0.033,1,210.8115746,0,0,1
6,grate,Task B ,2,3,1,-14.80653622,0.05,2,320.733731,0,0,2
6,grate,Task B ,2,3,1,-11.80127137,0.135,2,4.988218044,0,0,4
6,grate,Task B ,2,3,1,10.5954129,0.033,2,173.9080433,0,0,1
6,grate,Task B ,1,3,0,1.744437946,0.135,2,239.1460756,0,0,4
7,grate,Task B ,1,4,1,2.274287018,0.135,1,102.3982344,0,0,4
7,grate,Task B ,1,1,1,-0.772065742,0.033,1,107.6392782,0,0,1
7,grate,Task B ,1,4,0,20.61083988,0.067,2,45.47746242,0,0,3
7,grate,Task B ,1,4,1,0.036604507,0.135,1,1.903858033,0,0,4
7,grate,Task B ,2,4,1,11.12537863,0.135,2,91.28128873,0,0,4
7,grate,Task B ,1,4,0,-11.39852304,0.033,2,220.8042734,0,0,1
8,grate,Task B ,2,1,1,9.989455196,0.033,2,330.9669203,0,0,1
8,grate,Task B ,2,2,1,-8.004111755,0.05,2,107.1461668,0,0,2
8,grate,Task B ,2,3,1,10.06183219,0.135,2,291.1277323,0,0,4
8,grate,Task B ,1,1,0,0.907310031,0.05,2,28.95994168,0,0,2
8,grate,Task B ,1,1,1,0.689930335,0.05,1,213.441532,0,0,2
8,grate,Task B ,1,4,1,-0.933361881,0.067,1,146.6970244,0,0,3
9,grate,Task B ,1,2,1,-1.782140227,0.05,1,145.5793196,0,0,2
9,grate,Task B ,2,4,1,-11.21578063,0.135,2,240.7059602,0,0,4
9,grate,Task B ,1,1,0,8.43976786,0.05,2,276.2232626,0,0,2
9,grate,Task B ,1,4,1,5.076398927,0.135,1,11.26272945,0,0,4
9,grate,Task B ,1,1,1,1.400932478,0.05,1,329.31962,0,0,2
9,grate,Task B ,1,1,1,4.816379864,0.067,1,125.200894,0,0,3
10,grate,Task B ,1,1,1,-0.804679152,0.033,1,278.2253963,0,0,1
10,grate,Task B ,1,1,1,1.156673086,0.033,1,22.50455429,0,0,1
10,grate,Task B ,1,1,0,-4.582169966,0.033,2,259.5634081,0,0,1
10,grate,Task B ,1,1,0,9.310933531,0.135,2,198.4522171,0,0,4
10,grate,Task B ,1,1,1,-1.275161326,0.135,1,92.99356172,0,0,4
10,grate,Task B ,1,1,1,-0.772838596,0.05,1,25.42092662,0,0,2
1,grate,Task B ,1,2,0,-13.55447458,0.05,2,265.9120809,0,0,2
1,grate,Task B ,2,1,1,39.10817181,0.033,2,155.7844179,0,0,1
1,grate,Task B ,1,1,0,-17.72221231,0.033,2,202.5670609,0,0,1
1,grate,Task B ,2,2,0,-1.690940837,0.067,1,101.1030843,0,0,3
1,grate,Task B ,2,2,1,6.13658791,0.05,2,172.38338,0,0,2
1,grate,Task B ,1,2,1,1.065490717,0.135,1,156.150621,0,0,4
2,grate,Task B ,1,1,0,1.751627763,0.135,2,64.96585791,0,0,4
2,grate,Task B ,1,1,0,-12.16984198,0.033,2,68.73244689,0,0,1
2,grate,Task B ,2,2,0,2.42006972,0.033,1,183.9988027,0,0,1
2,grate,Task B ,1,3,1,2.806714659,0.135,1,242.0140889,0,0,4
2,grate,Task B ,1,2,1,-0.250465964,0.135,1,73.36033064,0,0,4
2,grate,Task B ,1,3,1,-1.675252178,0.067,1,198.8751958,0,0,3
3,grate,Task B ,2,2,1,15.52265195,0.033,2,140.393541,0,0,1
3,grate,Task B ,2,3,0,2.376288044,0.135,1,152.6975372,0,0,4
3,grate,Task B ,1,1,0,-8.13095119,0.05,2,264.7239457,0,0,2
3,grate,Task B ,1,3,1,0.709071576,0.05,1,274.4678209,0,0,2
3,grate,Task B ,2,3,1,9.765864847,0.05,2,197.4585918,0,0,2
3,grate,Task B ,1,2,0,-0.584552382,0.05,2,114.5132384,0,0,2
4,grate,Task B ,1,1,1,4.138674292,0.033,1,103.6445179,0,0,1
4,grate,Task B ,1,2,1,0.14826013,0.05,1,60.30600442,0,0,2
4,grate,Task B ,1,2,0,-4.33621683,0.033,2,155.0136229,0,0,1
4,grate,Task B ,2,1,1,14.18216189,0.033,2,203.407831,0,0,1
4,grate,Task B ,1,2,1,1.734923558,0.033,1,53.9401995,0,0,1
4,grate,Task B ,1,2,1,1.277092132,0.033,1,201.1059007,0,0,1
5,grate,Task B ,1,1,0,-7.900211725,0.033,2,175.6804832,0,0,1
5,grate,Task B ,2,2,0,-6.136045186,0.033,1,148.4875857,0,0,1
5,grate,Task B ,2,4,1,-20.44028711,0.135,2,255.2768481,0,0,4
5,grate,Task B ,2,4,1,17.04494894,0.05,2,287.7795561,0,0,2
5,grate,Task B ,2,4,1,-16.02250847,0.067,2,50.72061165,0,0,3
5,grate,Task B ,2,4,1,-13.45190222,0.05,2,255.837925,0,0,2
6,grate,Task B ,1,3,0,-21.86715211,0.135,2,44.36082024,0,0,4
6,grate,Task B ,2,3,1,2.821926648,0.05,2,90.64580764,0,0,2
6,grate,Task B ,1,2,1,-5.406768563,0.067,1,114.4099557,0,0,3
6,grate,Task B ,2,3,1,-3.559157846,0.05,2,271.5121338,0,0,2
6,grate,Task B ,1,3,1,0.558150327,0.033,1,214.5894818,0,0,1
6,grate,Task B ,2,3,1,-12.85238227,0.135,2,135.5472208,0,0,4
7,grate,Task B ,2,1,0,0.799470352,0.05,1,227.0647416,0,0,2
7,grate,Task B ,1,4,0,1.926890978,0.05,2,7.792138772,0,0,2
7,grate,Task B ,2,4,1,4.75303934,0.05,2,80.94423486,0,0,2
7,grate,Task B ,1,4,0,2.133294321,0.135,2,88.98757917,0,0,4
7,grate,Task B ,1,4,1,2.301651356,0.067,1,132.9051989,0,0,3
7,grate,Task B ,2,4,0,-3.940982181,0.135,1,284.4459379,0,0,4
8,grate,Task B ,1,2,1,2.062681044,0.067,1,99.24175601,0,0,3
8,grate,Task B ,2,1,0,3.327879057,0.033,1,2.078434319,0,0,1
8,grate,Task B ,2,1,0,2.705627983,0.033,1,336.3360426,0,0,1
8,grate,Task B ,1,3,0,6.805697642,0.135,2,335.6276823,0,0,4
8,grate,Task B ,2,2,1,10.87409069,0.067,2,111.1516504,0,0,3
8,grate,Task B ,1,4,0,-7.374848773,0.067,2,256.2700257,0,0,3
9,grate,Task B ,2,2,1,8.260157015,0.05,2,62.99034681,0,0,2
9,grate,Task B ,2,4,0,5.345144015,0.05,1,59.68372713,0,0,2
9,grate,Task B ,1,2,1,2.969650334,0.05,1,160.3772146,0,0,2
9,grate,Task B ,1,2,1,3.590958757,0.067,1,349.3071241,0,0,3
9,grate,Task B ,1,2,1,-3.567693658,0.05,1,223.296345,0,0,2
9,grate,Task B ,1,4,1,-0.497568351,0.05,1,259.1986056,0,0,2
10,grate,Task B ,1,3,1,-3.243062821,0.135,1,57.95196719,0,0,4
10,grate,Task B ,2,2,1,-14.33782898,0.135,2,125.3029314,0,0,4
10,grate,Task B ,1,1,1,1.754340009,0.05,1,213.352508,0,0,2
10,grate,Task B ,1,1,0,-9.642553321,0.067,2,328.5444165,0,0,3
10,grate,Task B ,1,1,1,-2.255193369,0.067,1,82.86486706,0,0,3
10,grate,Task B ,1,1,1,1.501330709,0.067,1,328.8294658,0,0,3
1,grate,Task B ,2,2,0,-1.331256567,0.05,1,343.2901967,0,0,2
1,grate,Task B ,1,2,1,2.694767939,0.135,1,50.06708992,0,0,4
1,grate,Task B ,1,3,0,0.034001003,0.135,2,196.2181947,0,0,4
1,grate,Task B ,1,3,1,4.18102078,0.067,1,331.6976554,0,0,3
1,grate,Task B ,2,2,1,16.09168535,0.05,2,335.0122821,0,0,2
1,grate,Task B ,1,2,1,2.670184325,0.067,1,332.1596781,0,0,3
2,grate,Task B ,2,3,0,-4.299212854,0.135,1,279.3359177,0,0,4
2,grate,Task B ,2,4,1,11.75654997,0.135,2,94.61739499,0,0,4
2,grate,Task B ,2,4,1,-6.486665848,0.135,2,343.213415,0,0,4
2,grate,Task B ,2,4,1,14.13191842,0.067,2,137.349164,0,0,3
2,grate,Task B ,1,2,0,1.469640486,0.05,2,39.69337404,0,0,2
2,grate,Task B ,1,2,0,11.4939985,0.05,2,8.320431762,0,0,2
3,grate,Task B ,2,2,1,-6.884645023,0.05,2,18.14122168,0,0,2
3,grate,Task B ,1,4,1,6.245337337,0.067,1,154.7968122,0,0,3
3,grate,Task B ,2,2,1,14.49098785,0.05,2,82.0486454,0,0,2
3,grate,Task B ,2,3,1,-8.573592631,0.067,2,35.85093361,0,0,3
3,grate,Task B ,1,2,1,-1.188201341,0.135,1,145.8130662,0,0,4
3,grate,Task B ,2,3,1,6.999245575,0.135,2,178.0407303,0,0,4
4,grate,Task B ,1,1,1,-0.673949368,0.033,1,222.6162247,0,0,1
4,grate,Task B ,2,3,0,-0.029323006,0.067,1,274.7403449,0,0,3
4,grate,Task B ,1,4,0,-0.302549268,0.135,2,291.7471886,0,0,4
4,grate,Task B ,1,1,1,2.240210171,0.05,1,3.01492635,0,0,2
4,grate,Task B ,2,4,1,-29.6396831,0.135,2,141.5544517,0,0,4
4,grate,Task B ,2,2,1,-5.867008266,0.05,2,0.031811365,0,0,2
5,grate,Task B ,2,2,0,-0.188892406,0.067,1,212.0187087,0,0,3
5,grate,Task B ,1,1,0,-0.950933165,0.033,2,214.3442078,0,0,1
5,grate,Task B ,1,3,1,1.791097662,0.135,1,181.3003412,0,0,4
5,grate,Task B ,1,4,1,-4.490598529,0.033,1,84.69608275,0,0,1
5,grate,Task B ,2,4,0,1.833939562,0.033,1,153.3294314,0,0,1
5,grate,Task B ,1,4,0,2.188118844,0.05,2,122.7928701,0,0,2
6,grate,Task B ,1,3,0,5.512937832,0.05,2,60.52449532,0,0,2
6,grate,Task B ,1,3,1,1.102856296,0.067,1,123.4961986,0,0,3
6,grate,Task B ,2,3,0,-0.930881037,0.033,1,13.42982455,0,0,1
6,grate,Task B ,1,3,0,-17.16081684,0.033,2,347.5547353,0,0,1
6,grate,Task B ,1,3,0,-2.959487234,0.135,2,285.477418,0,0,4
6,grate,Task B ,2,3,1,-5.863651423,0.135,2,261.0841746,0,0,4
7,grate,Task B ,2,1,0,2.812623825,0.05,1,266.0980445,0,0,2
7,grate,Task B ,2,4,1,-16.63480611,0.135,2,95.10292458,0,0,4
7,grate,Task B ,1,4,0,8.817574001,0.05,2,27.48411783,0,0,2
7,grate,Task B ,1,4,1,-0.039977749,0.033,1,346.5363932,0,0,1
7,grate,Task B ,2,4,1,-10.77568956,0.05,2,116.9583782,0,0,2
7,grate,Task B ,1,4,0,-7.789038034,0.135,2,56.7554319,0,0,4
8,grate,Task B ,2,4,0,-2.160079561,0.135,1,344.6725908,0,0,4
8,grate,Task B ,1,2,0,5.559879573,0.135,2,319.8872293,0,0,4
8,grate,Task B ,1,4,0,-3.563149464,0.135,2,248.5121367,0,0,4
8,grate,Task B ,2,2,1,17.67607592,0.067,2,317.3753986,0,0,3
8,grate,Task B ,1,1,0,16.36337267,0.05,2,354.9922255,0,0,2
8,grate,Task B ,1,1,0,-14.1440533,0.033,2,324.297192,0,0,1
9,grate,Task B ,2,1,1,12.86533375,0.033,2,143.2515576,0,0,1
9,grate,Task B ,2,4,1,23.0261944,0.067,2,4.851949083,0,0,3
9,grate,Task B ,2,4,1,31.42194895,0.135,2,186.736459,0,0,4
9,grate,Task B ,2,2,1,-10.87157104,0.135,2,71.39696529,0,0,4
9,grate,Task B ,2,3,0,4.313253032,0.135,1,271.602421,0,0,4
9,grate,Task B ,1,1,1,1.942071254,0.033,1,329.0728519,0,0,1
10,grate,Task B ,1,2,1,-0.53967998,0.067,1,207.4423812,0,0,3
10,grate,Task B ,1,1,0,10.64218915,0.05,2,130.9585691,0,0,2
10,grate,Task B ,2,1,1,-4.978565135,0.135,2,45.0094566,0,0,4
10,grate,Task B ,1,2,0,-15.83466293,0.033,2,153.0146246,0,0,1
10,grate,Task B ,1,1,1,-5.325565987,0.033,1,342.6160714,0,0,1
10,grate,Task B ,2,1,1,17.36252588,0.067,2,73.10022268,0,0,3
1,grate,Task B ,2,4,1,-29.45026644,0.067,2,71.71861942,0,0,3
1,grate,Task B ,1,1,0,10.52108162,0.033,2,352.9421306,0,0,1
1,grate,Task B ,2,2,1,-7.872462446,0.033,2,321.5017072,0,0,1
1,grate,Task B ,1,2,0,-10.42710827,0.05,2,47.11225051,0,0,2
1,grate,Task B ,1,2,0,7.146191706,0.067,2,199.6301456,0,0,3
1,grate,Task B ,2,3,1,19.11530023,0.135,2,213.3273233,0,0,4
2,grate,Task B ,2,1,0,0.456460499,0.033,1,351.5882972,0,0,1
2,grate,Task B ,1,1,1,-1.946806669,0.067,1,61.28284156,0,0,3
2,grate,Task B ,1,4,1,-0.901138635,0.135,1,39.0938081,0,0,4
2,grate,Task B ,1,1,0,-21.10242005,0.067,2,153.294644,0,0,3
2,grate,Task B ,1,4,0,1.646445279,0.135,2,154.7218236,0,0,4
2,grate,Task B ,1,1,0,-26.69140794,0.05,2,350.7792421,0,0,2
3,grate,Task B ,2,2,0,7.22804172,0.135,1,8.480605646,0,0,4
3,grate,Task B ,1,1,1,0.108440054,0.067,1,156.3756706,0,0,3
3,grate,Task B ,1,3,1,-5.846889876,0.05,1,28.42921901,0,0,2
3,grate,Task B ,2,3,1,11.92500666,0.135,2,245.3590242,0,0,4
3,grate,Task B ,1,1,0,2.592795747,0.033,2,203.3802632,0,0,1
3,grate,Task B ,1,1,0,7.410837996,0.05,2,108.3758826,0,0,2
4,grate,Task B ,2,3,1,8.053869167,0.05,2,94.80756932,0,0,2
4,grate,Task B ,1,3,0,-1.985714457,0.067,2,2.422945189,0,0,3
4,grate,Task B ,2,4,0,-4.764236649,0.067,1,248.1227786,0,0,3
4,grate,Task B ,2,3,1,-11.26456507,0.067,2,243.8886113,0,0,3
4,grate,Task B ,1,2,0,-6.393694066,0.05,2,221.24894,0,0,2
4,grate,Task B ,1,2,0,12.37567945,0.033,2,162.3324608,0,0,1
5,grate,Task B ,1,3,0,-5.231175008,0.135,2,63.56344784,0,0,4
5,grate,Task B ,1,4,1,0.171858718,0.135,1,154.1048598,0,0,4
5,grate,Task B ,1,4,0,-2.949128971,0.05,2,52.74768389,0,0,2
5,grate,Task B ,1,4,0,-2.316749989,0.135,2,249.4116096,0,0,4
5,grate,Task B ,1,1,0,12.27342631,0.05,2,67.25925182,0,0,2
5,grate,Task B ,1,3,0,14.92084471,0.05,2,70.65284937,0,0,2
6,grate,Task B ,1,3,1,2.130609225,0.135,1,349.684498,0,0,4
6,grate,Task B ,1,3,1,-0.751689285,0.067,1,48.18243199,0,0,3
6,grate,Task B ,1,3,1,-1.622111931,0.033,1,311.5774507,0,0,1
6,grate,Task B ,1,3,0,0.09508598,0.135,2,121.6744457,0,0,4
6,grate,Task B ,1,3,0,5.197007304,0.067,2,84.3557324,0,0,3
6,grate,Task B ,1,2,0,-0.222240808,0.05,2,355.9065962,0,0,2
7,grate,Task B ,1,4,1,0.142999817,0.135,1,197.8877368,0,0,4
7,grate,Task B ,1,4,0,12.7433881,0.033,2,296.0769095,0,0,1
7,grate,Task B ,2,4,1,3.057652897,0.05,2,179.8463832,0,0,2
7,grate,Task B ,2,3,0,0.128817767,0.135,1,4.952776896,0,0,4
7,grate,Task B ,1,4,1,7.90517067,0.05,1,122.0284337,0,0,2
7,grate,Task B ,1,1,0,-9.007539351,0.067,2,210.2750059,0,0,3
8,grate,Task B ,2,4,1,-21.43745649,0.135,2,306.2141323,0,0,4
8,grate,Task B ,2,1,1,-2.587143352,0.033,2,10.65279705,0,0,1
8,grate,Task B ,1,3,1,1.984941823,0.033,1,45.37917182,0,0,1
8,grate,Task B ,1,4,1,0.257228485,0.135,1,307.2437746,0,0,4
8,grate,Task B ,1,1,1,-0.303418595,0.05,1,94.57962672,0,0,2
8,grate,Task B ,1,2,0,-8.946752596,0.033,2,66.81963632,0,0,1
9,grate,Task B ,2,4,1,13.64136737,0.135,2,343.5100186,0,0,4
9,grate,Task B ,2,4,1,-16.79498453,0.067,2,227.8641843,0,0,3
9,grate,Task B ,1,1,0,17.27376198,0.05,2,297.9042105,0,0,2
9,grate,Task B ,2,1,1,14.42878301,0.05,2,191.2444579,0,0,2
9,grate,Task B ,2,4,1,11.79078783,0.135,2,19.61444356,0,0,4
9,grate,Task B ,1,2,0,13.98374353,0.05,2,109.6203677,0,0,2
10,grate,Task B ,2,2,1,17.14964799,0.05,2,50.43202919,0,0,2
10,grate,Task B ,1,1,1,1.830757158,0.05,1,93.59097158,0,0,2
10,grate,Task B ,2,2,1,22.17910559,0.067,2,182.864429,0,0,3
10,grate,Task B ,1,1,1,-5.29169313,0.067,1,248.8112804,0,0,3
10,grate,Task B ,1,1,1,-0.707205173,0.067,1,126.6422931,0,0,3
10,grate,Task B ,1,1,1,-2.65070155,0.05,1,354.7726131,0,0,2
1,grate,Task B ,1,2,1,0.737105621,0.05,1,167.1872649,0,0,2
1,grate,Task B ,1,2,1,-3.516069768,0.05,1,78.49488485,0,0,2
1,grate,Task B ,1,2,0,21.934228,0.033,2,238.9343702,0,0,1
1,grate,Task B ,2,3,1,10.25803241,0.067,2,122.2324903,0,0,3
1,grate,Task B ,1,2,1,6.278331506,0.05,1,68.76737869,0,0,2
1,grate,Task B ,1,2,1,-2.859676481,0.135,1,86.75205994,0,0,4
2,grate,Task B ,2,1,0,2.624697156,0.067,1,73.67907969,0,0,3
2,grate,Task B ,2,1,0,-0.336996425,0.067,1,241.9889274,0,0,3
2,grate,Task B ,1,2,1,-0.728284883,0.033,1,66.2941603,0,0,1
2,grate,Task B ,1,3,0,-6.951262599,0.067,2,93.33144083,0,0,3
2,grate,Task B ,1,2,1,-0.143645236,0.033,1,230.0968922,0,0,1
2,grate,Task B ,1,1,1,-4.222740525,0.135,1,252.3237968,0,0,4
3,grate,Task B ,2,1,0,3.169980639,0.05,1,82.64909444,0,0,2
3,grate,Task B ,2,4,1,-16.95296789,0.05,2,51.73260331,0,0,2
3,grate,Task B ,1,1,0,-3.98209417,0.067,2,196.3088158,0,0,3
3,grate,Task B ,2,2,0,-0.055465785,0.05,1,117.4469817,0,0,2
3,grate,Task B ,1,4,1,0.091052354,0.135,1,188.7137346,0,0,4
3,grate,Task B ,1,2,0,-6.235380049,0.033,2,177.0132899,0,0,1
4,grate,Task B ,1,2,0,4.672095484,0.05,2,170.8492072,0,0,2
4,grate,Task B ,2,1,0,0.627531997,0.05,1,149.1313338,0,0,2
4,grate,Task B ,1,3,0,1.51449946,0.067,2,28.62512033,0,0,3
4,grate,Task B ,2,4,1,11.76765729,0.135,2,148.7646587,0,0,4
4,grate,Task B ,1,3,1,1.468062477,0.067,1,150.8003443,0,0,3
4,grate,Task B ,1,4,0,-3.051805005,0.135,2,75.91437944,0,0,4
5,grate,Task B ,1,2,0,1.242829583,0.135,2,288.2969289,0,0,4
5,grate,Task B ,1,2,1,0.616457525,0.067,1,121.7885896,0,0,3
5,grate,Task B ,1,2,1,-0.777642499,0.05,1,270.0258629,0,0,2
5,grate,Task B ,2,4,0,-6.134100077,0.067,1,296.4370164,0,0,3
5,grate,Task B ,1,4,0,-1.723894516,0.135,2,310.2225336,0,0,4
5,grate,Task B ,1,3,1,4.308981415,0.033,1,314.4804912,0,0,1
6,grate,Task B ,2,3,0,-0.187891651,0.05,1,294.3452211,0,0,2
6,grate,Task B ,2,2,0,0.245858105,0.033,1,70.15010344,0,0,1
6,grate,Task B ,1,3,1,3.978805963,0.05,1,14.33504321,0,0,2
6,grate,Task B ,2,3,1,11.11241568,0.135,2,97.42796924,0,0,4
6,grate,Task B ,2,3,1,-13.76971281,0.05,2,248.6940433,0,0,2
6,grate,Task B ,1,3,0,-4.719401956,0.067,2,131.1845983,0,0,3
7,grate,Task B ,2,1,0,-2.168267407,0.05,1,70.8828683,0,0,2
7,grate,Task B ,2,4,0,1.076662763,0.067,1,101.1952535,0,0,3
7,grate,Task B ,1,4,0,-1.523821601,0.05,2,23.89480891,0,0,2
7,grate,Task B ,1,4,0,-6.726156329,0.033,2,175.9063065,0,0,1
7,grate,Task B ,2,4,1,-0.848096398,0.067,2,330.6502989,0,0,3
7,grate,Task B ,1,1,0,13.98795706,0.05,2,344.523752,0,0,2
8,grate,Task B ,1,3,0,-3.502750398,0.135,2,215.7476641,0,0,4
8,grate,Task B ,2,1,0,3.720736723,0.05,1,176.1830254,0,0,2
8,grate,Task B ,2,1,1,-13.15397129,0.033,2,66.73528608,0,0,1
8,grate,Task B ,1,3,0,16.21406335,0.05,2,74.16096562,0,0,2
8,grate,Task B ,2,2,0,1.900109601,0.067,1,57.70850566,0,0,3
8,grate,Task B ,1,1,0,-1.513602318,0.033,2,186.049505,0,0,1
9,grate,Task B ,1,4,0,21.56503125,0.135,2,208.0861605,0,0,4
9,grate,Task B ,1,2,1,-0.524262094,0.033,1,159.7590869,0,0,1
9,grate,Task B ,1,1,0,-8.733351686,0.05,2,237.5475458,0,0,2
9,grate,Task B ,1,1,0,12.99799783,0.033,2,54.11847095,0,0,1
9,grate,Task B ,1,4,1,-1.279477047,0.067,1,91.66126296,0,0,3
9,grate,Task B ,1,4,0,-10.32230558,0.067,2,267.1986525,0,0,3
10,grate,Task B ,2,4,1,14.35788397,0.135,2,313.8946591,0,0,4
10,grate,Task B ,1,1,0,-1.255044602,0.05,2,127.6832709,0,0,2
10,grate,Task B ,1,1,1,2.062262628,0.135,1,207.451883,0,0,4
10,grate,Task B ,2,1,1,-9.173318885,0.135,2,89.57925565,0,0,4
10,grate,Task B ,1,1,0,-0.957929557,0.033,2,299.2224891,0,0,1
10,grate,Task B ,1,1,1,-1.30025852,0.05,1,154.1554737,0,0,2
1,grate,Task B ,1,3,1,-0.514651071,0.135,1,109.267325,0,0,4
1,grate,Task B ,1,1,0,-4.204173181,0.033,2,62.74946225,0,0,1
1,grate,Task B ,1,1,1,-2.466264591,0.033,1,113.6078073,0,0,1
1,grate,Task B ,2,1,1,2.557348302,0.05,2,8.025603385,0,0,2
1,grate,Task B ,1,2,0,-3.631798391,0.067,2,94.50739069,0,0,3
1,grate,Task B ,2,1,0,0.554585596,0.05,1,268.4187917,0,0,2
2,grate,Task B ,2,3,0,-1.401891632,0.05,1,302.2321711,0,0,2
2,grate,Task B ,2,1,1,-15.73081634,0.05,2,348.0817556,0,0,2
2,grate,Task B ,1,1,1,-2.21752245,0.05,1,173.5978549,0,0,2
2,grate,Task B ,1,2,1,-1.946386531,0.05,1,298.6892679,0,0,2
2,grate,Task B ,1,2,1,-4.379063801,0.067,1,179.6912488,0,0,3
2,grate,Task B ,1,2,0,-13.72787002,0.05,2,182.0236097,0,0,2
3,grate,Task B ,2,2,1,8.840815501,0.067,2,266.7702602,0,0,3
3,grate,Task B ,2,4,1,-4.159104599,0.05,2,104.2649528,0,0,2
3,grate,Task B ,1,3,0,2.012658446,0.067,2,141.5413205,0,0,3
3,grate,Task B ,1,3,1,-0.344871002,0.135,1,145.1419548,0,0,4
3,grate,Task B ,1,2,1,-2.645491211,0.067,1,8.911421407,0,0,3
3,grate,Task B ,2,3,0,4.523899901,0.067,1,127.706191,0,0,3
4,grate,Task B ,1,3,1,-1.136452026,0.05,1,39.28362731,0,0,2
4,grate,Task B ,1,4,1,-3.241459177,0.135,1,349.2296333,0,0,4
4,grate,Task B ,2,3,1,-11.91189477,0.067,2,324.3918128,0,0,3
4,grate,Task B ,1,4,1,-0.069964242,0.135,1,296.6633577,0,0,4
4,grate,Task B ,1,1,1,2.738641599,0.033,1,110.1618326,0,0,1
4,grate,Task B ,2,4,1,-8.095298576,0.135,2,169.705554,0,0,4
5,grate,Task B ,1,4,0,-5.436796924,0.067,2,218.7743697,0,0,3
5,grate,Task B ,1,3,0,11.27638563,0.033,2,19.10965282,0,0,1
5,grate,Task B ,2,2,0,0.816202083,0.033,1,255.6602565,0,0,1
5,grate,Task B ,1,2,1,0.673050906,0.05,1,12.03069369,0,0,2
5,grate,Task B ,2,4,1,-20.51801412,0.05,2,142.5245648,0,0,2
5,grate,Task B ,1,3,1,-4.737355358,0.05,1,199.0045532,0,0,2
6,grate,Task B ,2,3,1,16.83047,0.05,2,78.14141557,0,0,2
6,grate,Task B ,1,3,1,-0.032032018,0.05,1,286.2476573,0,0,2
6,grate,Task B ,1,3,0,1.12792871,0.067,2,64.06387655,0,0,3
6,grate,Task B ,1,3,1,3.83196225,0.135,1,139.3758046,0,0,4
6,grate,Task B ,1,3,1,-0.718590609,0.067,1,90.05508928,0,0,3
6,grate,Task B ,1,1,0,8.445417452,0.05,2,160.4971344,0,0,2
7,grate,Task B ,2,1,1,4.172707849,0.135,2,227.1265893,0,0,4
7,grate,Task B ,2,4,1,30.94181998,0.135,2,198.5306991,0,0,4
7,grate,Task B ,1,4,1,2.627060484,0.067,1,155.3362899,0,0,3
7,grate,Task B ,1,4,0,-1.041149889,0.135,2,194.6610341,0,0,4
7,grate,Task B ,1,4,0,-2.440194872,0.05,2,351.2656161,0,0,2
7,grate,Task B ,1,4,1,-2.003532819,0.05,1,140.2200769,0,0,2
8,grate,Task B ,1,1,1,0.200334515,0.05,1,221.8886235,0,0,2
8,grate,Task B ,2,1,0,-3.254682063,0.033,1,237.2961012,0,0,1
8,grate,Task B ,2,4,1,-11.38832043,0.135,2,196.7497533,0,0,4
8,grate,Task B ,2,2,0,-2.207223983,0.135,1,43.61080583,0,0,4
8,grate,Task B ,1,1,0,-9.144422446,0.033,2,195.1743047,0,0,1
8,grate,Task B ,1,4,1,-1.7705455,0.135,1,9.922983555,0,0,4
9,grate,Task B ,2,4,1,-17.80056834,0.135,2,265.4406897,0,0,4
9,grate,Task B ,2,4,0,-6.409296375,0.135,1,173.823391,0,0,4
9,grate,Task B ,1,1,1,-4.673444768,0.067,1,44.08816385,0,0,3
9,grate,Task B ,2,4,1,10.79329986,0.135,2,19.09932064,0,0,4
9,grate,Task B ,1,1,0,4.95059325,0.033,2,107.3096016,0,0,1
9,grate,Task B ,1,1,0,4.113117214,0.033,2,115.0190621,0,0,1
10,grate,Task B ,1,2,1,-0.994905681,0.033,1,208.1602667,0,0,1
10,grate,Task B ,2,2,1,-12.06961785,0.135,2,1.964866803,0,0,4
10,grate,Task B ,1,1,1,1.760600783,0.033,1,115.0878453,0,0,1
10,grate,Task B ,1,1,0,7.910525607,0.05,2,291.5105077,0,0,2
10,grate,Task B ,1,1,0,-7.134615939,0.033,2,17.00049122,0,0,1
10,grate,Task B ,1,1,1,-1.854885544,0.067,1,287.1861922,0,0,3
1,grate,Task B ,1,2,1,0.678175978,0.067,1,296.6792307,0,0,3
1,grate,Task B ,1,2,0,-5.444569322,0.067,2,169.3204486,0,0,3
1,grate,Task B ,2,2,1,15.3575695,0.05,2,242.7631229,0,0,2
1,grate,Task B ,2,1,0,-4.000573163,0.033,1,147.6638586,0,0,1
1,grate,Task B ,1,2,1,-1.136490586,0.05,1,97.28984919,0,0,2
1,grate,Task B ,1,3,0,7.101548165,0.033,2,6.665333611,0,0,1
2,grate,Task B ,1,3,1,-1.507829887,0.135,1,128.0211308,0,0,4
2,grate,Task B ,2,4,1,-21.84193333,0.135,2,129.4994577,0,0,4
2,grate,Task B ,1,4,0,11.07244179,0.067,2,351.8163936,0,0,3
2,grate,Task B ,2,1,1,3.325501842,0.033,2,71.84630958,0,0,1
2,grate,Task B ,1,2,1,0.206903807,0.067,1,241.2766907,0,0,3
2,grate,Task B ,2,2,0,1.588187433,0.05,1,86.09519829,0,0,2
3,grate,Task B ,1,4,1,0.130755685,0.05,1,259.3692981,0,0,2
3,grate,Task B ,2,2,1,8.438541278,0.067,2,349.6855898,0,0,3
3,grate,Task B ,2,1,0,4.636014755,0.067,1,193.6535158,0,0,3
3,grate,Task B ,1,2,1,-6.34988566,0.033,1,316.5321012,0,0,1
3,grate,Task B ,2,3,1,-12.04294067,0.05,2,291.263889,0,0,2
3,grate,Task B ,2,4,1,-21.77761156,0.067,2,211.1269335,0,0,3
4,grate,Task B ,2,3,0,0.930456051,0.067,1,190.670486,0,0,3
4,grate,Task B ,1,1,0,-10.46955779,0.033,2,48.8531338,0,0,1
4,grate,Task B ,1,3,1,0.885586683,0.05,1,47.79977795,0,0,2
4,grate,Task B ,1,3,0,-1.344571535,0.067,2,192.6446268,0,0,3
4,grate,Task B ,1,4,1,1.601736541,0.135,1,41.59171356,0,0,4
4,grate,Task B ,1,4,1,2.192832224,0.135,1,164.047535,0,0,4
5,grate,Task B ,1,1,0,15.48747891,0.067,2,53.70639854,0,0,3
5,grate,Task B ,1,4,0,-9.374883298,0.05,2,85.10972763,0,0,2
5,grate,Task B ,1,1,0,13.0653844,0.033,2,219.1404638,0,0,1
5,grate,Task B ,1,4,1,-0.183053031,0.135,1,237.4795231,0,0,4
5,grate,Task B ,1,2,1,2.507427233,0.135,1,291.7391672,0,0,4
5,grate,Task B ,1,4,1,-4.671068906,0.05,1,252.9045814,0,0,2
6,grate,Task B ,2,3,0,2.636626294,0.05,1,258.323087,0,0,2
6,grate,Task B ,1,3,0,3.98469549,0.135,2,131.4615485,0,0,4
6,grate,Task B ,1,3,1,0.437966902,0.067,1,120.2360797,0,0,3
6,grate,Task B ,2,3,1,19.85982016,0.067,2,78.49125096,0,0,3
6,grate,Task B ,2,3,1,16.38347618,0.05,2,304.8198917,0,0,2
6,grate,Task B ,2,3,0,2.403227614,0.135,1,132.2694406,0,0,4
7,grate,Task B ,1,4,0,-21.28249709,0.067,2,47.81570968,0,0,3
7,grate,Task B ,2,4,1,20.25592922,0.067,2,49.54661744,0,0,3
7,grate,Task B ,1,4,1,2.139665123,0.033,1,334.4353929,0,0,1
7,grate,Task B ,2,4,1,-8.319920336,0.033,2,74.51356192,0,0,1
7,grate,Task B ,1,4,1,-3.461843735,0.067,1,333.1060317,0,0,3
7,grate,Task B ,1,1,1,-1.083358416,0.05,1,148.7039161,0,0,2
8,grate,Task B ,1,2,0,-0.360334827,0.067,2,307.2938054,0,0,3
8,grate,Task B ,1,1,0,11.13508871,0.05,2,292.9524266,0,0,2
8,grate,Task B ,2,3,1,10.45093506,0.067,2,100.0014168,0,0,3
8,grate,Task B ,1,3,1,-3.186745655,0.067,1,213.041699,0,0,3
8,grate,Task B ,2,2,1,9.610081422,0.033,2,99.3922517,0,0,1
8,grate,Task B ,2,1,1,-7.47698284,0.033,2,210.1647601,0,0,1
9,grate,Task B ,1,1,0,8.680834652,0.033,2,291.84807,0,0,1
9,grate,Task B ,2,4,1,-22.09489557,0.135,2,333.5573682,0,0,4
9,grate,Task B ,2,3,0,-0.618639607,0.05,1,146.7173561,0,0,2
9,grate,Task B ,1,1,0,-16.37645451,0.05,2,338.3236798,0,0,2
9,grate,Task B ,1,4,0,-1.448923396,0.135,2,306.0023189,0,0,4
9,grate,Task B ,1,3,1,-3.8803859,0.135,1,301.8101212,0,0,4
10,grate,Task B ,1,2,0,8.279401174,0.067,2,261.1089824,0,0,3
10,grate,Task B ,1,1,0,-22.58461784,0.033,2,33.38070194,0,0,1
10,grate,Task B ,2,2,1,-24.25450132,0.067,2,259.482987,0,0,3
10,grate,Task B ,1,2,1,2.526654651,0.135,1,211.4819446,0,0,4
10,grate,Task B ,2,1,0,4.944498145,0.135,1,244.1779366,0,0,4
10,grate,Task B ,1,1,1,4.5105801,0.05,1,96.35142865,0,0,2
1,grate,Task B ,2,2,1,3.820114547,0.033,2,289.9883683,0,0,1
1,grate,Task B ,2,2,1,15.52938007,0.05,2,265.2333971,0,0,2
1,grate,Task B ,1,4,1,4.152053015,0.067,1,17.311727,0,0,3
1,grate,Task B ,2,2,1,-0.887298302,0.05,2,230.1598076,0,0,2
1,grate,Task B ,2,4,1,-25.37938511,0.135,2,179.3984242,0,0,4
1,grate,Task B ,1,2,1,0.713606364,0.05,1,278.4068578,0,0,2
2,grate,Task B ,2,1,0,-0.739398153,0.05,1,359.2362109,0,0,2
2,grate,Task B ,2,1,0,-3.845475848,0.067,1,353.4193463,0,0,3
2,grate,Task B ,2,4,1,17.18916346,0.135,2,244.5677329,0,0,4
2,grate,Task B ,1,3,0,-16.15185502,0.067,2,56.49313789,0,0,3
2,grate,Task B ,2,1,1,9.711132909,0.05,2,260.7210738,0,0,2
2,grate,Task B ,1,2,1,-1.481417105,0.135,1,106.1213992,0,0,4
3,grate,Task B ,1,1,1,0.07925748,0.135,1,216.537324,0,0,4
3,grate,Task B ,1,3,0,-3.325070545,0.033,2,271.626581,0,0,1
3,grate,Task B ,1,2,1,6.0859322,0.033,1,346.5985661,0,0,1
3,grate,Task B ,1,4,0,3.937592051,0.05,2,93.68087371,0,0,2
3,grate,Task B ,1,2,0,-2.184389301,0.05,2,212.8931752,0,0,2
3,grate,Task B ,2,1,1,-1.041016182,0.033,2,177.5474468,0,0,1
4,grate,Task B ,2,3,1,-8.27070831,0.135,2,359.8299774,0,0,4
4,grate,Task B ,2,4,1,-18.54557159,0.067,2,353.6914424,0,0,3
4,grate,Task B ,1,3,1,0.651416694,0.033,1,343.9664877,0,0,1
4,grate,Task B ,2,2,1,27.33589786,0.033,2,227.2612563,0,0,1
4,grate,Task B ,1,2,1,0.680766352,0.033,1,12.79480199,0,0,1
4,grate,Task B ,1,2,1,-5.210367025,0.033,1,37.15313554,0,0,1
5,grate,Task B ,1,3,0,-7.594233792,0.033,2,140.6409163,0,0,1
5,grate,Task B ,1,3,1,1.797400561,0.135,1,7.325477276,0,0,4
5,grate,Task B ,1,2,1,-1.486632667,0.05,1,3.81736059,0,0,2
5,grate,Task B ,2,4,1,8.482747666,0.135,2,39.11637546,0,0,4
5,grate,Task B ,1,4,1,-0.428251233,0.033,1,60.87767207,0,0,1
5,grate,Task B ,2,4,1,-12.42070018,0.067,2,19.43069107,0,0,3
6,grate,Task B ,2,2,0,-1.407489821,0.135,1,172.6304231,0,0,4
6,grate,Task B ,1,3,0,-11.00960106,0.135,2,253.6480717,0,0,4
6,grate,Task B ,1,3,1,-6.020944971,0.05,1,175.2820603,0,0,2
6,grate,Task B ,2,3,0,-4.09566832,0.067,1,155.1891551,0,0,3
6,grate,Task B ,2,3,1,-0.722079036,0.067,2,236.3142974,0,0,3
6,grate,Task B ,2,3,0,2.083928725,0.033,1,11.3187871,0,0,1
7,grate,Task B ,1,4,1,0.976880273,0.05,1,272.133621,0,0,2
7,grate,Task B ,1,1,0,-6.868537819,0.033,2,23.38474987,0,0,1
7,grate,Task B ,2,4,0,1.359374395,0.067,1,21.71453445,0,0,3
7,grate,Task B ,1,4,1,-4.46969418,0.033,1,259.6840795,0,0,1
7,grate,Task B ,2,4,1,-4.698356213,0.033,2,140.1527395,0,0,1
7,grate,Task B ,2,4,1,5.558038903,0.05,2,88.23385569,0,0,2
8,grate,Task B ,2,2,0,0.669482066,0.067,1,263.1914347,0,0,3
8,grate,Task B ,2,2,0,3.415500051,0.067,1,244.1143209,0,0,3
8,grate,Task B ,2,2,1,26.54930607,0.05,2,209.3472393,0,0,2
8,grate,Task B ,2,1,0,0.109252919,0.05,1,79.20173789,0,0,2
8,grate,Task B ,2,1,1,1.403944003,0.135,2,15.39762013,0,0,4
8,grate,Task B ,2,4,1,26.54147192,0.135,2,154.8617793,0,0,4
9,grate,Task B ,2,2,0,-5.523653289,0.033,1,19.48535755,0,0,1
9,grate,Task B ,1,1,1,2.053138668,0.033,1,237.9719598,0,0,1
9,grate,Task B ,2,4,1,-9.469936087,0.135,2,298.9029395,0,0,4
9,grate,Task B ,1,1,1,3.877528416,0.05,1,91.4049637,0,0,2
9,grate,Task B ,1,1,0,-4.202242746,0.033,2,299.9579487,0,0,1
9,grate,Task B ,1,4,0,-4.374938021,0.033,2,179.1500747,0,0,1
10,grate,Task B ,1,2,1,5.921566724,0.033,1,115.9463734,0,0,1
10,grate,Task B ,2,2,1,-28.02821054,0.067,2,128.9749219,0,0,3
10,grate,Task B ,1,1,1,-2.081778535,0.05,1,208.8861908,0,0,2
10,grate,Task B ,1,1,1,2.731843525,0.033,1,124.8917378,0,0,1
10,grate,Task B ,1,1,1,0.717383237,0.067,1,297.8586704,0,0,3
10,grate,Task B ,1,1,0,3.826854164,0.033,2,188.8391189,0,0,1
1,grate,Task B ,1,3,1,-2.529468759,0.067,1,79.48404655,0,0,3
1,grate,Task B ,2,1,1,10.64557929,0.05,2,356.5529418,0,0,2
1,grate,Task B ,2,4,1,11.97845938,0.135,2,48.18809178,0,0,4
1,grate,Task B ,1,3,1,2.703323673,0.067,1,352.5809917,0,0,3
1,grate,Task B ,1,2,0,2.278990547,0.067,2,155.1950246,0,0,3
1,grate,Task B ,2,1,0,-0.803648046,0.05,1,2.533349626,0,0,2
2,grate,Task B ,2,3,1,11.82628434,0.067,2,36.79444417,0,0,3
2,grate,Task B ,1,1,1,-1.351861412,0.05,1,314.9881458,0,0,2
2,grate,Task B ,1,1,0,-14.40694232,0.067,2,232.9385075,0,0,3
2,grate,Task B ,2,1,0,5.593669836,0.067,1,30.1876826,0,0,3
2,grate,Task B ,1,1,0,4.498265842,0.033,2,86.64625103,0,0,1
2,grate,Task B ,2,4,0,-2.58157387,0.135,1,4.614464457,0,0,4
3,grate,Task B ,2,4,1,-5.829067511,0.135,2,329.4767513,0,0,4
3,grate,Task B ,1,1,0,-5.375017372,0.033,2,242.3150776,0,0,1
3,grate,Task B ,2,2,0,2.284215694,0.135,1,119.5553308,0,0,4
3,grate,Task B ,2,2,0,1.421720533,0.05,1,196.3014977,0,0,2
3,grate,Task B ,1,2,1,1.141167774,0.067,1,210.0399432,0,0,3
3,grate,Task B ,2,3,1,9.050465003,0.05,2,240.7242712,0,0,2
4,grate,Task B ,2,2,1,3.141075039,0.067,2,78.69090104,0,0,3
4,grate,Task B ,1,4,1,2.946726938,0.135,1,216.5307312,0,0,4
4,grate,Task B ,1,2,1,-4.433325808,0.033,1,176.3088504,0,0,1
4,grate,Task B ,1,3,1,5.975412327,0.05,1,123.1726566,0,0,2
4,grate,Task B ,1,3,1,0.640451521,0.067,1,194.4226994,0,0,3
4,grate,Task B ,1,3,0,2.16742165,0.05,2,16.90170564,0,0,2
5,grate,Task B ,1,4,1,-2.146788533,0.135,1,197.2174377,0,0,4
5,grate,Task B ,2,2,1,6.078140456,0.067,2,229.122441,0,0,3
5,grate,Task B ,1,4,0,8.631807249,0.05,2,232.8363883,0,0,2
5,grate,Task B ,2,4,0,6.553213755,0.033,1,106.2253692,0,0,1
5,grate,Task B ,2,4,1,-10.62881008,0.135,2,348.3396318,0,0,4
5,grate,Task B ,1,3,1,4.407835737,0.135,1,262.8616986,0,0,4
6,grate,Task B ,1,2,1,2.841177551,0.033,1,331.858284,0,0,1
6,grate,Task B ,2,3,0,0.27568902,0.067,1,114.2246383,0,0,3
6,grate,Task B ,1,3,1,-0.995859526,0.135,1,72.50935731,0,0,4
6,grate,Task B ,1,3,1,-1.203662395,0.05,1,342.2771695,0,0,2
6,grate,Task B ,1,3,0,1.480388931,0.067,2,285.6128817,0,0,3
6,grate,Task B ,2,3,1,10.99468058,0.135,2,31.47769623,0,0,4
7,grate,Task B ,2,2,1,-0.453376404,0.067,2,38.88491846,0,0,3
7,grate,Task B ,1,3,0,-3.546155242,0.033,2,192.7051389,0,0,1
7,grate,Task B ,1,4,0,-3.331836552,0.067,2,69.66998375,0,0,3
7,grate,Task B ,2,4,1,-18.97723983,0.067,2,303.6160644,0,0,3
7,grate,Task B ,2,4,1,1.897677867,0.033,2,247.3233324,0,0,1
7,grate,Task B ,1,4,1,4.170099438,0.033,1,273.9778613,0,0,1
8,grate,Task B ,2,3,1,-6.716370763,0.05,2,137.6912065,0,0,2
8,grate,Task B ,2,2,0,-2.458007295,0.05,1,97.01229159,0,0,2
8,grate,Task B ,1,4,1,1.94406287,0.135,1,334.9016452,0,0,4
8,grate,Task B ,2,2,0,-3.505702647,0.067,1,42.96050925,0,0,3
8,grate,Task B ,2,1,0,-1.619223437,0.033,1,84.13136313,0,0,1
8,grate,Task B ,1,4,1,-2.076028688,0.135,1,87.55596505,0,0,4
9,grate,Task B ,1,3,1,3.358697649,0.05,1,183.0282354,0,0,2
9,grate,Task B ,2,4,1,12.24865964,0.067,2,222.6423851,0,0,3
9,grate,Task B ,1,2,1,-0.911863295,0.067,1,283.7657362,0,0,3
9,grate,Task B ,1,1,0,11.09370552,0.033,2,147.4222941,0,0,1
9,grate,Task B ,1,1,1,3.416156074,0.05,1,30.17762484,0,0,2
9,grate,Task B ,2,1,1,-4.965778796,0.033,2,338.711077,0,0,1
10,grate,Task B ,1,2,1,1.973161715,0.05,1,262.1804712,0,0,2
10,grate,Task B ,1,1,1,2.51139181,0.033,1,125.5471132,0,0,1
10,grate,Task B ,1,1,1,-2.164596411,0.05,1,275.6502562,0,0,2
10,grate,Task B ,1,1,1,-2.55519351,0.067,1,191.3140538,0,0,3
10,grate,Task B ,1,1,0,-5.212824507,0.067,2,241.7932051,0,0,3
10,grate,Task B ,1,1,1,1.310271259,0.05,1,311.0031189,0,0,2
1,grate,Task B ,1,2,0,-0.335539005,0.033,2,335.2930032,0,0,1
1,grate,Task B ,2,4,1,-19.92822975,0.135,2,114.3536564,0,0,4
1,grate,Task B ,1,2,0,6.722535559,0.067,2,334.5140085,0,0,3
1,grate,Task B ,2,1,0,-1.010294613,0.033,1,65.53434733,0,0,1
1,grate,Task B ,2,1,1,2.10188711,0.05,2,284.6338959,0,0,2
1,grate,Task B ,1,1,1,-1.974222051,0.05,1,41.99235287,0,0,2
2,grate,Task B ,1,1,0,-8.11455992,0.067,2,232.629291,0,0,3
2,grate,Task B ,2,1,0,-1.993689882,0.067,1,243.4741571,0,0,3
2,grate,Task B ,2,4,1,20.54322289,0.135,2,101.7423769,0,0,4
2,grate,Task B ,1,2,1,-0.026334631,0.067,1,235.6793857,0,0,3
2,grate,Task B ,1,3,1,0.199787071,0.135,1,197.211913,0,0,4
2,grate,Task B ,1,1,1,1.727110246,0.033,1,232.9320098,0,0,1
3,grate,Task B ,1,3,1,0.83466531,0.033,1,84.62195693,0,0,1
3,grate,Task B ,2,1,0,1.488487925,0.135,1,175.8417691,0,0,4
3,grate,Task B ,1,3,1,1.986249793,0.05,1,289.8090101,0,0,2
3,grate,Task B ,2,1,1,7.441642077,0.033,2,39.06675194,0,0,1
3,grate,Task B ,2,1,1,4.194317098,0.033,2,111.9871476,0,0,1
3,grate,Task B ,2,1,0,-1.993688065,0.033,1,148.4876991,0,0,1
4,grate,Task B ,1,3,0,1.526433027,0.05,2,294.3425085,0,0,2
4,grate,Task B ,1,3,1,-1.039468774,0.135,1,164.0974229,0,0,4
4,grate,Task B ,2,3,1,-11.9767468,0.067,2,285.1370397,0,0,3
4,grate,Task B ,2,4,1,15.43624721,0.135,2,308.2686517,0,0,4
4,grate,Task B ,1,1,1,-0.69137911,0.033,1,170.4970611,0,0,1
4,grate,Task B ,1,1,1,-4.434770857,0.033,1,108.8962753,0,0,1
5,grate,Task B ,2,4,0,8.055245942,0.135,1,97.17563654,0,0,4
5,grate,Task B ,1,2,0,-5.609506642,0.05,2,306.6828511,0,0,2
5,grate,Task B ,2,4,0,-5.536735448,0.033,1,23.21003992,0,0,1
5,grate,Task B ,1,1,1,1.053066203,0.05,1,141.7938746,0,0,2
5,grate,Task B ,1,3,1,0.058432242,0.05,1,47.71768571,0,0,2
5,grate,Task B ,2,4,1,-11.30797081,0.135,2,273.9367075,0,0,4
6,grate,Task B ,2,2,1,-9.521320407,0.067,2,39.99186981,0,0,3
6,grate,Task B ,2,3,1,-9.310374429,0.135,2,351.9668106,0,0,4
6,grate,Task B ,2,3,1,-22.04431316,0.05,2,95.89942115,0,0,2
6,grate,Task B ,1,3,0,23.04111543,0.033,2,231.4690784,0,0,1
6,grate,Task B ,1,3,0,7.179225583,0.05,2,145.4534727,0,0,2
6,grate,Task B ,1,2,0,-14.47332687,0.033,2,200.4406066,0,0,1
7,grate,Task B ,1,4,0,5.980464782,0.05,2,67.6849247,0,0,2
7,grate,Task B ,2,4,1,-18.73669876,0.05,2,266.4988477,0,0,2
7,grate,Task B ,1,4,0,8.369007736,0.033,2,107.4458357,0,0,1
7,grate,Task B ,2,4,0,0.294977378,0.067,1,307.169617,0,0,3
7,grate,Task B ,1,4,1,0.864672516,0.033,1,268.0609597,0,0,1
7,grate,Task B ,2,4,0,-0.20112863,0.067,1,261.9663089,0,0,3
8,grate,Task B ,2,4,1,10.95359515,0.135,2,55.71209253,0,0,4
8,grate,Task B ,2,1,1,-1.270574028,0.033,2,101.1740409,0,0,1
8,grate,Task B ,1,1,1,-2.624068278,0.05,1,82.82448729,0,0,2
8,grate,Task B ,1,4,1,-2.089518719,0.067,1,170.6358867,0,0,3
8,grate,Task B ,2,1,1,-1.230536524,0.033,2,159.300875,0,0,1
8,grate,Task B ,2,1,1,21.3854303,0.033,2,165.4374418,0,0,1
9,grate,Task B ,2,1,0,-2.96383162,0.033,1,359.0096522,0,0,1
9,grate,Task B ,1,1,0,-16.99551949,0.033,2,210.6258404,0,0,1
9,grate,Task B ,2,2,0,4.409165777,0.067,1,253.1740596,0,0,3
9,grate,Task B ,2,4,1,14.12985479,0.135,2,120.0182477,0,0,4
9,grate,Task B ,1,2,0,-5.32322464,0.033,2,0.742622746,0,0,1
9,grate,Task B ,1,1,1,-0.531355341,0.033,1,17.51609177,0,0,1
10,grate,Task B ,1,1,0,24.01341346,0.033,2,172.6597863,0,0,1
10,grate,Task B ,1,1,0,6.098562735,0.067,2,111.2162987,0,0,3
10,grate,Task B ,1,2,0,-5.117796714,0.033,2,279.7838934,0,0,1
10,grate,Task B ,1,3,0,-5.103140459,0.135,2,46.9468921,0,0,4
10,grate,Task B ,1,1,1,-3.592903551,0.033,1,349.7366713,0,0,1
10,grate,Task B ,1,1,0,0.264019234,0.05,2,267.1751701,0,0,2
1,grate,Task B ,2,4,1,17.22158342,0.067,2,28.61000374,0,0,3
1,grate,Task B ,2,2,1,12.54254804,0.067,2,121.9382129,0,0,3
1,grate,Task B ,2,3,1,8.286525655,0.135,2,98.61573838,0,0,4
1,grate,Task B ,1,2,1,1.682733548,0.033,1,160.0771452,0,0,1
1,grate,Task B ,2,2,1,5.089605157,0.05,2,232.8063994,0,0,2
1,grate,Task B ,1,2,1,2.587944961,0.067,1,31.33596487,0,0,3
2,grate,Task B ,2,1,0,3.197629006,0.067,1,78.50788336,0,0,3
2,grate,Task B ,1,1,1,1.755644889,0.033,1,310.4674635,0,0,1
2,grate,Task B ,1,2,0,15.08481407,0.05,2,50.7490695,0,0,2
2,grate,Task B ,1,3,0,-15.69004743,0.067,2,124.1853256,0,0,3
2,grate,Task B ,2,3,1,4.52638851,0.135,2,27.52443227,0,0,4
2,grate,Task B ,2,2,0,-3.033137927,0.067,1,191.0449101,0,0,3
3,grate,Task B ,2,1,0,1.34296034,0.067,1,49.6535915,0,0,3
3,grate,Task B ,1,3,0,-2.244068875,0.067,2,110.5685316,0,0,3
3,grate,Task B ,1,4,1,3.07938391,0.135,1,51.74473537,0,0,4
3,grate,Task B ,2,4,0,2.692776351,0.135,1,344.3748723,0,0,4
3,grate,Task B ,2,4,1,-12.65049491,0.135,2,357.0769469,0,0,4
3,grate,Task B ,2,4,1,20.91929452,0.067,2,217.1178708,0,0,3
4,grate,Task B ,1,3,1,-1.466471569,0.033,1,38.95507058,0,0,1
4,grate,Task B ,2,3,1,-4.715922371,0.067,2,165.0476297,0,0,3
4,grate,Task B ,1,1,1,-1.751750268,0.033,1,54.26531554,0,0,1
4,grate,Task B ,2,2,1,-9.670853599,0.067,2,325.4020667,0,0,3
4,grate,Task B ,1,1,0,-2.237321284,0.033,2,303.2750656,0,0,1
4,grate,Task B ,2,2,1,7.663245747,0.067,2,71.26285894,0,0,3
5,grate,Task B ,1,2,1,1.592757206,0.033,1,130.6571446,0,0,1
5,grate,Task B ,1,2,1,0.32594943,0.05,1,71.53972845,0,0,2
5,grate,Task B ,2,4,1,-8.702892659,0.067,2,193.6209202,0,0,3
5,grate,Task B ,1,1,1,0.893023613,0.067,1,179.4673765,0,0,3
5,grate,Task B ,1,4,1,-3.983921166,0.05,1,130.7368779,0,0,2
5,grate,Task B ,2,4,1,16.17809502,0.135,2,190.8567028,0,0,4
6,grate,Task B ,1,3,1,3.14064324,0.05,1,128.731276,0,0,2
6,grate,Task B ,2,3,1,2.307429155,0.033,2,104.2913178,0,0,1
6,grate,Task B ,2,3,0,0.185695892,0.05,1,115.269952,0,0,2
6,grate,Task B ,1,3,1,-1.905424238,0.05,1,212.3604638,0,0,2
6,grate,Task B ,1,3,0,-1.841025465,0.135,2,23.71975211,0,0,4
6,grate,Task B ,1,3,1,-1.366698211,0.067,1,6.295514632,0,0,3
7,grate,Task B ,1,4,1,-1.908144524,0.067,1,301.5289927,0,0,3
7,grate,Task B ,2,4,1,-4.152773549,0.135,2,10.69657519,0,0,4
7,grate,Task B ,1,4,0,-8.229801492,0.067,2,12.79180502,0,0,3
7,grate,Task B ,1,4,1,-0.162818054,0.05,1,255.6808557,0,0,2
7,grate,Task B ,1,4,1,3.777394989,0.067,1,67.86316568,0,0,3
7,grate,Task B ,2,4,1,8.380261254,0.05,2,137.2622405,0,0,2
8,grate,Task B ,1,2,1,1.916709262,0.067,1,249.1357607,0,0,3
8,grate,Task B ,1,2,1,2.091563774,0.067,1,253.9017259,0,0,3
8,grate,Task B ,1,3,1,2.925973854,0.067,1,281.058427,0,0,3
8,grate,Task B ,1,2,1,-1.972403051,0.135,1,285.2139919,0,0,4
8,grate,Task B ,2,2,1,15.07013513,0.05,2,276.1797762,0,0,2
8,grate,Task B ,2,4,1,-5.838164615,0.135,2,21.20183447,0,0,4
9,grate,Task B ,1,2,1,1.739140227,0.05,1,337.4460541,0,0,2
9,grate,Task B ,1,4,1,2.091903653,0.135,1,258.8701397,0,0,4
9,grate,Task B ,1,1,0,0.956399074,0.05,2,110.6995619,0,0,2
9,grate,Task B ,1,4,1,2.164129439,0.135,1,71.6086145,0,0,4
9,grate,Task B ,2,1,0,-4.029204075,0.05,1,205.0702033,0,0,2
9,grate,Task B ,1,1,0,-1.627537865,0.033,2,21.94835078,0,0,1
10,grate,Task B ,1,3,0,-1.016614934,0.135,2,47.03065591,0,0,4
10,grate,Task B ,2,2,1,-2.699343652,0.05,2,331.6670077,0,0,2
10,grate,Task B ,1,1,0,-0.200117574,0.067,2,47.74918445,0,0,3
10,grate,Task B ,1,1,1,4.058663122,0.05,1,208.2040664,0,0,2
10,grate,Task B ,2,1,1,-16.2262795,0.05,2,257.6660476,0,0,2
10,grate,Task B ,1,1,0,-6.142752889,0.05,2,350.3605155,0,0,2
1,grate,Task B ,2,4,1,11.5033934,0.135,2,108.1558295,0,0,4
1,grate,Task B ,2,1,1,0.492197766,0.033,2,91.83910975,0,0,1
1,grate,Task B ,1,3,1,-3.986922008,0.135,1,263.190621,0,0,4
1,grate,Task B ,1,3,0,-3.808167292,0.067,2,178.6760631,0,0,3
1,grate,Task B ,1,1,1,-2.617063525,0.033,1,263.7329971,0,0,1
1,grate,Task B ,1,4,1,-2.733575811,0.067,1,78.58156284,0,0,3
2,grate,Task B ,1,3,1,2.047628378,0.135,1,10.00325228,0,0,4
2,grate,Task B ,1,4,1,5.383156772,0.135,1,206.4977117,0,0,4
2,grate,Task B ,2,1,0,-2.367718089,0.033,1,348.2513097,0,0,1
2,grate,Task B ,2,1,0,0.973998385,0.033,1,227.5891833,0,0,1
2,grate,Task B ,1,1,0,-3.795796283,0.033,2,127.7677081,0,0,1
2,grate,Task B ,1,3,1,2.134431904,0.05,1,73.25583294,0,0,2
3,grate,Task B ,2,1,0,3.694594211,0.033,1,307.7002967,0,0,1
3,grate,Task B ,1,4,1,-0.418429473,0.05,1,164.0853333,0,0,2
3,grate,Task B ,2,4,1,-4.65374872,0.135,2,261.3636969,0,0,4
3,grate,Task B ,1,2,0,4.229598818,0.05,2,10.34916922,0,0,2
3,grate,Task B ,1,1,1,2.173339625,0.135,1,148.2206768,0,0,4
3,grate,Task B ,1,1,0,5.238170014,0.033,2,351.8906159,0,0,1
4,grate,Task B ,2,4,1,11.81071687,0.135,2,102.1454017,0,0,4
4,grate,Task B ,1,2,1,-0.727072087,0.033,1,227.4746409,0,0,1
4,grate,Task B ,2,1,1,2.141523822,0.067,2,126.8928804,0,0,3
4,grate,Task B ,1,1,1,-4.772246892,0.033,1,99.02389545,0,0,1
4,grate,Task B ,2,4,1,2.826428804,0.135,2,82.56725598,0,0,4
4,grate,Task B ,1,3,1,2.050325821,0.05,1,329.6525065,0,0,2
5,grate,Task B ,2,4,1,-11.29978757,0.067,2,173.0515181,0,0,3
5,grate,Task B ,1,4,1,1.086971836,0.033,1,346.8042985,0,0,1
5,grate,Task B ,1,4,1,3.357451431,0.05,1,350.4214625,0,0,2
5,grate,Task B ,1,2,0,-8.95559746,0.033,2,187.1927181,0,0,1
5,grate,Task B ,1,1,1,-0.382785622,0.033,1,62.09783271,0,0,1
5,grate,Task B ,1,2,0,8.309011165,0.135,2,60.75933697,0,0,4
6,grate,Task B ,1,3,0,-5.800211516,0.067,2,281.3917858,0,0,3
6,grate,Task B ,1,2,1,-3.302428547,0.135,1,105.3913118,0,0,4
6,grate,Task B ,2,3,1,-6.216699587,0.05,2,273.0812476,0,0,2
6,grate,Task B ,2,3,1,12.40203393,0.067,2,233.84564,0,0,3
6,grate,Task B ,1,3,0,13.17632085,0.033,2,13.60203826,0,0,1
6,grate,Task B ,2,2,0,-0.432928689,0.033,1,123.9516003,0,0,1
7,grate,Task B ,1,1,0,3.232393788,0.033,2,352.1734684,0,0,1
7,grate,Task B ,1,2,0,2.133188554,0.033,2,309.628719,0,0,1
7,grate,Task B ,1,4,1,0.682939798,0.033,1,325.6578248,0,0,1
7,grate,Task B ,1,4,0,9.223175226,0.135,2,44.15802059,0,0,4
7,grate,Task B ,1,4,0,-14.96421337,0.05,2,90.23412391,0,0,2
7,grate,Task B ,2,4,1,30.65586988,0.135,2,106.7105238,0,0,4
8,grate,Task B ,2,1,0,-1.877557654,0.05,1,52.25988227,0,0,2
8,grate,Task B ,1,2,0,2.589840409,0.067,2,33.05136654,0,0,3
8,grate,Task B ,1,2,1,1.067830905,0.05,1,296.9492999,0,0,2
8,grate,Task B ,1,4,1,-1.120556558,0.135,1,283.6284473,0,0,4
8,grate,Task B ,2,1,0,-1.84878843,0.05,1,185.774813,0,0,2
8,grate,Task B ,1,1,1,0.52406282,0.033,1,116.8950464,0,0,1
9,grate,Task B ,1,4,1,0.912060965,0.067,1,67.94756017,0,0,3
9,grate,Task B ,1,4,0,5.019475147,0.067,2,101.9420826,0,0,3
9,grate,Task B ,1,2,0,0.174725721,0.05,2,170.943229,0,0,2
9,grate,Task B ,1,1,1,-0.790326393,0.05,1,3.49565899,0,0,2
9,grate,Task B ,1,4,0,-10.30432619,0.067,2,307.5618562,0,0,3
9,grate,Task B ,1,4,1,2.041345115,0.135,1,240.0819071,0,0,4
10,grate,Task B ,1,2,0,-4.358084773,0.135,2,27.93675624,0,0,4
10,grate,Task B ,1,2,1,-2.994302805,0.067,1,88.06646588,0,0,3
10,grate,Task B ,1,1,0,-17.97901531,0.033,2,98.48734266,0,0,1
10,grate,Task B ,1,2,1,0.67724237,0.135,1,210.1834133,0,0,4
10,grate,Task B ,2,2,1,-6.970066293,0.135,2,280.0188447,0,0,4
10,grate,Task B ,1,1,0,6.956336081,0.033,2,205.9141456,0,0,1
1,grate,Task B ,2,4,1,-5.293853121,0.135,2,93.43140354,0,0,4
1,grate,Task B ,1,2,0,-2.140426272,0.067,2,12.43608238,0,0,3
1,grate,Task B ,2,3,1,-10.61310442,0.067,2,301.7999135,0,0,3
1,grate,Task B ,2,3,1,9.27648858,0.135,2,104.64021,0,0,4
1,grate,Task B ,1,3,1,5.074017456,0.067,1,305.1103545,0,0,3
1,grate,Task B ,2,2,1,12.32369223,0.05,2,29.84644856,0,0,2
2,grate,Task B ,1,3,0,-5.796019975,0.033,2,198.5502332,0,0,1
2,grate,Task B ,1,1,1,4.717917076,0.05,1,85.86407491,0,0,2
2,grate,Task B ,1,3,1,-0.848893818,0.067,1,347.1392341,0,0,3
2,grate,Task B ,1,2,1,2.755790504,0.135,1,204.873001,0,0,4
2,grate,Task B ,1,1,0,17.13115786,0.067,2,171.2755202,0,0,3
2,grate,Task B ,1,2,0,0.721892265,0.033,2,240.395373,0,0,1
3,grate,Task B ,1,2,0,-1.846651457,0.033,2,319.466518,0,0,1
3,grate,Task B ,1,3,1,1.631377704,0.05,1,45.41038393,0,0,2
3,grate,Task B ,2,4,1,-19.64220362,0.05,2,28.18353037,0,0,2
3,grate,Task B ,1,1,0,0.737902999,0.033,2,255.2340176,0,0,1
3,grate,Task B ,1,2,1,1.227675945,0.033,1,9.287511919,0,0,1
3,grate,Task B ,1,1,1,-4.081812951,0.033,1,184.7912797,0,0,1
4,grate,Task B ,1,3,1,-1.428161757,0.05,1,334.7293454,0,0,2
4,grate,Task B ,2,4,0,-5.522089308,0.135,1,60.51522031,0,0,4
4,grate,Task B ,1,1,0,-23.5865215,0.033,2,215.687633,0,0,1
4,grate,Task B ,1,3,1,0.299691496,0.067,1,186.7405488,0,0,3
4,grate,Task B ,1,2,1,-0.222435119,0.033,1,258.0792753,0,0,1
4,grate,Task B ,1,1,0,-3.757645181,0.05,2,158.5338883,0,0,2
5,grate,Task B ,1,3,1,2.010474317,0.135,1,147.4868038,0,0,4
5,grate,Task B ,2,3,1,-0.722508938,0.135,2,48.37536614,0,0,4
5,grate,Task B ,1,3,1,-1.308770518,0.067,1,203.7831122,0,0,3
5,grate,Task B ,2,4,1,22.00489983,0.05,2,81.37153461,0,0,2
5,grate,Task B ,1,4,1,1.153498443,0.067,1,56.83146219,0,0,3
5,grate,Task B ,2,1,0,-0.196737655,0.033,1,204.7415643,0,0,1
6,grate,Task B ,2,2,1,7.435322149,0.05,2,131.1791475,0,0,2
6,grate,Task B ,1,3,0,8.748570779,0.05,2,175.5342092,0,0,2
6,grate,Task B ,1,3,1,1.345678122,0.135,1,225.0158668,0,0,4
6,grate,Task B ,2,3,1,-7.238000412,0.135,2,142.231641,0,0,4
6,grate,Task B ,1,3,1,-2.991395236,0.067,1,341.8522334,0,0,3
6,grate,Task B ,2,2,0,0.063757126,0.067,1,228.4986269,0,0,3
7,grate,Task B ,1,4,0,7.909718385,0.033,2,36.2627986,0,0,1
7,grate,Task B ,1,1,1,-1.226029646,0.05,1,70.48373482,0,0,2
7,grate,Task B ,2,4,1,24.93071976,0.067,2,322.6539585,0,0,3
7,grate,Task B ,1,4,0,10.11375369,0.067,2,212.4908576,0,0,3
7,grate,Task B ,1,4,0,9.168505636,0.05,2,207.0468843,0,0,2
7,grate,Task B ,1,4,0,12.05633528,0.135,2,189.7607512,0,0,4
8,grate,Task B ,1,2,1,1.935150825,0.067,1,243.7190376,0,0,3
8,grate,Task B ,1,3,1,3.451078248,0.135,1,107.9836711,0,0,4
8,grate,Task B ,1,1,0,19.23353729,0.033,2,183.7732865,0,0,1
8,grate,Task B ,1,1,0,2.04141781,0.033,2,191.4419171,0,0,1
8,grate,Task B ,2,4,1,8.591060846,0.135,2,4.651400702,0,0,4
8,grate,Task B ,2,1,0,-1.259001749,0.033,1,44.31067642,0,0,1
9,grate,Task B ,1,1,0,-21.89581462,0.135,2,253.7488368,0,0,4
9,grate,Task B ,2,2,1,23.88852957,0.05,2,65.64831802,0,0,2
9,grate,Task B ,1,1,0,-12.77068696,0.033,2,138.7006617,0,0,1
9,grate,Task B ,1,2,0,0.046468655,0.067,2,298.3105542,0,0,3
9,grate,Task B ,1,4,1,-0.761703972,0.05,1,334.2929621,0,0,2
9,grate,Task B ,2,4,1,-16.89274771,0.135,2,267.4667929,0,0,4
10,grate,Task B ,1,1,1,-2.26176462,0.033,1,208.8879243,0,0,1
10,grate,Task B ,1,1,1,3.071033615,0.067,1,112.8100062,0,0,3
10,grate,Task B ,2,2,1,-8.133114324,0.135,2,84.95479286,0,0,4
10,grate,Task B ,1,3,1,-0.810811647,0.05,1,288.1421367,0,0,2
10,grate,Task B ,1,1,1,2.656047051,0.067,1,253.5527376,0,0,3
10,grate,Task B ,1,1,0,-2.434896402,0.135,2,58.02518485,0,0,4
1,grate,Task B ,2,4,1,-28.49998402,0.067,2,16.72797532,0,0,3
1,grate,Task B ,1,3,1,-1.84526487,0.05,1,322.125315,0,0,2
1,grate,Task B ,1,3,0,-5.792322613,0.067,2,247.3688068,0,0,3
1,grate,Task B ,1,3,0,2.173851822,0.135,2,45.77996263,0,0,4
1,grate,Task B ,1,2,1,0.939887608,0.067,1,109.1438295,0,0,3
1,grate,Task B ,1,1,1,4.293891918,0.033,1,106.2682053,0,0,1
2,grate,Task B ,2,1,1,6.746352049,0.05,2,22.4136358,0,0,2
2,grate,Task B ,1,3,0,9.009781361,0.135,2,271.7567261,0,0,4
2,grate,Task B ,1,3,1,2.440836269,0.135,1,140.5474693,0,0,4
2,grate,Task B ,1,3,1,2.84868184,0.05,1,358.9718349,0,0,2
2,grate,Task B ,1,1,1,-1.722292366,0.033,1,242.5667106,0,0,1
2,grate,Task B ,1,2,1,0.630119995,0.067,1,162.6971133,0,0,3
3,grate,Task B ,2,1,1,8.507579822,0.067,2,196.059663,0,0,3
3,grate,Task B ,1,3,1,-3.21357474,0.067,1,40.23797904,0,0,3
3,grate,Task B ,1,3,0,-10.76436349,0.033,2,279.3678517,0,0,1
3,grate,Task B ,2,2,1,13.69331684,0.033,2,324.0292684,0,0,1
3,grate,Task B ,2,1,0,-0.27970045,0.033,1,74.84903256,0,0,1
3,grate,Task B ,1,3,1,-2.366519264,0.067,1,51.42077712,0,0,3
4,grate,Task B ,1,3,0,3.743881343,0.135,2,308.3217727,0,0,4
4,grate,Task B ,1,2,1,-0.545665884,0.033,1,83.62220084,0,0,1
4,grate,Task B ,1,3,0,-1.602743732,0.05,2,160.6203967,0,0,2
4,grate,Task B ,1,1,1,0.017872064,0.033,1,98.55499182,0,0,1
4,grate,Task B ,2,3,0,2.460782016,0.135,1,118.6036476,0,0,4
4,grate,Task B ,1,4,1,0.168701022,0.135,1,355.2427196,0,0,4
5,grate,Task B ,2,1,0,-0.206618857,0.033,1,85.89100256,0,0,1
5,grate,Task B ,1,3,0,6.055118019,0.067,2,195.6883973,0,0,3
5,grate,Task B ,1,1,0,-15.56806252,0.033,2,347.2725134,0,0,1
5,grate,Task B ,1,1,0,15.32479806,0.135,2,74.85419797,0,0,4
5,grate,Task B ,1,3,1,-2.922149843,0.05,1,304.4555747,0,0,2
5,grate,Task B ,2,4,1,4.508891231,0.05,2,100.7251513,0,0,2
6,grate,Task B ,2,3,1,-23.70878208,0.067,2,281.7873255,0,0,3
6,grate,Task B ,2,2,1,-5.047947277,0.05,2,107.3368738,0,0,2
6,grate,Task B ,1,2,0,19.59836896,0.033,2,0.888707456,0,0,1
6,grate,Task B ,1,3,1,-1.15016794,0.067,1,55.91904346,0,0,3
6,grate,Task B ,2,3,0,6.454192941,0.135,1,133.7752136,0,0,4
6,grate,Task B ,2,3,1,8.713669513,0.135,2,82.19535495,0,0,4
7,grate,Task B ,1,4,1,-5.994313011,0.033,1,8.741723013,0,0,1
7,grate,Task B ,2,4,1,-14.98406691,0.05,2,257.8321671,0,0,2
7,grate,Task B ,1,4,1,-0.403188158,0.067,1,353.3012004,0,0,3
7,grate,Task B ,1,4,1,0.360099298,0.067,1,163.3784265,0,0,3
7,grate,Task B ,1,4,1,3.094683214,0.067,1,241.9720571,0,0,3
7,grate,Task B ,2,4,0,-0.268278666,0.033,1,33.72552055,0,0,1
8,grate,Task B ,1,2,1,1.494909611,0.05,1,115.0223429,0,0,2
8,grate,Task B ,2,3,1,-6.304284549,0.067,2,218.1025546,0,0,3
8,grate,Task B ,1,3,1,0.102228669,0.067,1,44.10911621,0,0,3
8,grate,Task B ,2,4,1,-15.55851457,0.135,2,99.12671521,0,0,4
8,grate,Task B ,2,2,0,-3.698012264,0.05,1,82.87554679,0,0,2
8,grate,Task B ,2,2,1,5.620853031,0.067,2,44.7461138,0,0,3
9,grate,Task B ,1,3,0,7.490615281,0.067,2,346.3174196,0,0,3
9,grate,Task B ,1,2,1,-4.672853444,0.05,1,48.12733542,0,0,2
9,grate,Task B ,2,1,0,0.905155336,0.05,1,331.2989028,0,0,2
9,grate,Task B ,1,4,1,-2.839915293,0.135,1,56.88226811,0,0,4
9,grate,Task B ,1,2,1,-3.176050224,0.033,1,145.857392,0,0,1
9,grate,Task B ,1,4,0,5.255574814,0.05,2,271.2429952,0,0,2
10,grate,Task B ,1,2,1,-1.969215477,0.033,1,306.3807812,0,0,1
10,grate,Task B ,1,1,1,-2.997617975,0.05,1,50.74380002,0,0,2
10,grate,Task B ,1,1,1,-5.199907898,0.033,1,237.2373511,0,0,1
10,grate,Task B ,2,1,1,8.467551523,0.135,2,318.5979981,0,0,4
10,grate,Task B ,2,1,1,-15.5570892,0.067,2,45.163499,0,0,3
10,grate,Task B ,1,1,0,5.088897787,0.067,2,213.9057876,0,0,3
1,grate,Task B ,2,4,1,-9.382518639,0.135,2,171.1225026,0,0,4
1,grate,Task B ,2,2,1,-15.04012608,0.033,2,95.39902653,0,0,1
1,grate,Task B ,1,3,0,-1.908675513,0.067,2,2.88388722,0,0,3
1,grate,Task B ,1,3,0,-10.7234529,0.05,2,262.9340968,0,0,2
1,grate,Task B ,1,2,1,0.567575135,0.067,1,89.45352479,0,0,3
1,grate,Task B ,1,1,0,25.9560677,0.05,2,205.5847191,0,0,2
2,grate,Task B ,2,3,0,2.424864823,0.135,1,63.28823865,0,0,4
2,grate,Task B ,2,1,0,-0.121119428,0.033,1,48.26127414,0,0,1
2,grate,Task B ,2,1,0,1.77534352,0.05,1,290.1768838,0,0,2
2,grate,Task B ,2,1,1,24.57957158,0.05,2,316.8045531,0,0,2
2,grate,Task B ,1,1,0,-5.93148457,0.033,2,66.08611156,0,0,1
2,grate,Task B ,1,2,0,-18.88598417,0.033,2,312.899641,0,0,1
3,grate,Task B ,2,4,1,10.681818,0.067,2,216.2266663,0,0,3
3,grate,Task B ,1,4,0,-8.3607365,0.067,2,36.52932905,0,0,3
3,grate,Task B ,1,3,0,-6.884410396,0.05,2,238.1887039,0,0,2
3,grate,Task B ,1,4,0,3.958588891,0.033,2,147.5826816,0,0,1
3,grate,Task B ,2,4,1,13.54016158,0.067,2,111.963548,0,0,3
3,grate,Task B ,1,3,0,6.338236205,0.05,2,293.0649278,0,0,2
4,grate,Task B ,1,2,0,-1.712708529,0.033,2,137.7507995,0,0,1
4,grate,Task B ,1,2,0,-5.817504888,0.05,2,178.4974297,0,0,2
4,grate,Task B ,1,3,0,1.991728478,0.05,2,345.1747436,0,0,2
4,grate,Task B ,1,3,1,0.852292354,0.067,1,216.6024824,0,0,3
4,grate,Task B ,2,4,0,2.520557411,0.135,1,184.8721548,0,0,4
4,grate,Task B ,2,3,1,8.374393936,0.067,2,30.61156708,0,0,3
5,grate,Task B ,1,2,0,13.60156486,0.033,2,291.9575118,0,0,1
5,grate,Task B ,1,4,1,0.668188619,0.067,1,293.2516609,0,0,3
5,grate,Task B ,1,4,1,0.414178589,0.067,1,243.4222564,0,0,3
5,grate,Task B ,1,4,0,-0.250224638,0.135,2,218.027818,0,0,4
5,grate,Task B ,2,4,1,8.982035166,0.135,2,201.5606533,0,0,4
5,grate,Task B ,1,3,0,-0.128450993,0.067,2,85.09672587,0,0,3
6,grate,Task B ,1,3,0,-3.806269943,0.067,2,350.0395554,0,0,3
6,grate,Task B ,2,2,0,2.311586442,0.067,1,149.5522748,0,0,3
6,grate,Task B ,1,3,0,4.332646614,0.05,2,165.4577507,0,0,2
6,grate,Task B ,1,3,1,4.14442091,0.033,1,259.2708979,0,0,1
6,grate,Task B ,2,3,1,13.54643594,0.067,2,256.7136149,0,0,3
6,grate,Task B ,2,3,0,3.883093149,0.067,1,329.212622,0,0,3
7,grate,Task B ,2,4,1,13.5418616,0.135,2,117.4943799,0,0,4
7,grate,Task B ,1,2,0,18.51810103,0.05,2,120.8840179,0,0,2
7,grate,Task B ,2,4,1,4.27209087,0.135,2,280.0906877,0,0,4
7,grate,Task B ,1,4,1,2.401459565,0.135,1,320.6655729,0,0,4
7,grate,Task B ,1,4,1,-1.432456606,0.033,1,63.4059526,0,0,1
7,grate,Task B ,1,4,0,-0.914917482,0.05,2,255.5881033,0,0,2
8,grate,Task B ,2,3,0,0.720259217,0.05,1,309.0372239,0,0,2
8,grate,Task B ,2,2,1,-13.32659829,0.05,2,290.9808315,0,0,2
8,grate,Task B ,2,1,1,8.642526789,0.05,2,248.0786685,0,0,2
8,grate,Task B ,1,4,1,2.112336877,0.067,1,134.0838699,0,0,3
8,grate,Task B ,2,2,1,-2.176573268,0.135,2,32.46094506,0,0,4
8,grate,Task B ,1,2,1,-3.331801172,0.05,1,75.08671073,0,0,2
9,grate,Task B ,2,4,1,-14.29722218,0.135,2,95.08767822,0,0,4
9,grate,Task B ,2,1,0,3.056472283,0.05,1,228.4985274,0,0,2
9,grate,Task B ,1,1,1,-3.666585995,0.05,1,163.7055005,0,0,2
9,grate,Task B ,2,1,1,-4.069792837,0.033,2,168.7855115,0,0,1
9,grate,Task B ,1,1,0,17.45597729,0.033,2,273.200093,0,0,1
9,grate,Task B ,1,3,1,3.624511889,0.067,1,227.3399018,0,0,3
10,grate,Task B ,1,2,1,1.935653,0.135,1,225.4867888,0,0,4
10,grate,Task B ,1,1,1,-4.126237883,0.033,1,72.80472476,0,0,1
10,grate,Task B ,1,1,0,2.020153694,0.05,2,15.98430848,0,0,2
10,grate,Task B ,1,1,1,2.24569107,0.05,1,229.2799572,0,0,2
10,grate,Task B ,1,1,1,-0.226447807,0.135,1,330.8288684,0,0,4
10,grate,Task B ,1,1,1,2.133689552,0.05,1,143.3971919,0,0,2
1,grate,Task B ,1,1,0,9.058844868,0.033,2,258.2182611,0,0,1
1,grate,Task B ,1,3,1,2.506817276,0.135,1,306.239345,0,0,4
1,grate,Task B ,1,2,0,-0.653316438,0.135,2,15.98293724,0,0,4
1,grate,Task B ,1,1,1,-6.886096811,0.033,1,48.31477365,0,0,1
1,grate,Task B ,2,2,1,10.69379317,0.05,2,263.2080621,0,0,2
1,grate,Task B ,2,2,1,-8.301901731,0.067,2,46.59020049,0,0,3
2,grate,Task B ,1,3,1,2.63713998,0.067,1,67.54371526,0,0,3
2,grate,Task B ,1,1,1,6.58864116,0.05,1,318.8909835,0,0,2
2,grate,Task B ,1,3,1,-1.089354042,0.05,1,136.7731845,0,0,2
2,grate,Task B ,2,2,0,2.294616284,0.033,1,283.0076315,0,0,1
2,grate,Task B ,1,1,1,-1.529466526,0.067,1,79.57160582,0,0,3
2,grate,Task B ,2,4,1,-21.53291992,0.135,2,115.5716807,0,0,4
3,grate,Task B ,1,1,1,1.00581138,0.067,1,191.4155853,0,0,3
3,grate,Task B ,1,1,0,-11.54636468,0.05,2,195.6413197,0,0,2
3,grate,Task B ,2,2,0,5.128523875,0.05,1,317.2569866,0,0,2
3,grate,Task B ,2,2,1,12.72069105,0.05,2,284.3433296,0,0,2
3,grate,Task B ,1,3,1,1.227373678,0.067,1,188.7258078,0,0,3
3,grate,Task B ,2,4,1,-17.74040535,0.067,2,219.8280919,0,0,3
4,grate,Task B ,1,3,1,0.333385782,0.135,1,242.9795568,0,0,4
4,grate,Task B ,1,3,0,-16.05577615,0.05,2,153.1061026,0,0,2
4,grate,Task B ,2,4,1,6.320155992,0.135,2,33.62722659,0,0,4
4,grate,Task B ,2,2,0,1.229815591,0.05,1,229.004088,0,0,2
4,grate,Task B ,1,2,1,-0.303612941,0.05,1,147.162124,0,0,2
4,grate,Task B ,2,3,1,10.57284685,0.067,2,144.5420852,0,0,3
5,grate,Task B ,1,4,1,-1.408859625,0.033,1,106.5347821,0,0,1
5,grate,Task B ,2,4,0,2.234339643,0.05,1,155.4190598,0,0,2
5,grate,Task B ,2,4,0,-3.034008389,0.135,1,184.3932068,0,0,4
5,grate,Task B ,2,4,1,-12.85290657,0.067,2,106.2849453,0,0,3
5,grate,Task B ,2,4,1,-8.093284717,0.05,2,119.4772386,0,0,2
5,grate,Task B ,1,1,1,2.314699818,0.05,1,272.9152804,0,0,2
6,grate,Task B ,1,3,1,2.118821084,0.05,1,279.1366164,0,0,2
6,grate,Task B ,1,2,0,9.091861024,0.067,2,351.5589745,0,0,3
6,grate,Task B ,1,3,1,-0.439621448,0.135,1,286.7565413,0,0,4
6,grate,Task B ,1,2,1,3.196493853,0.135,1,302.9060603,0,0,4
6,grate,Task B ,2,3,0,-3.088865986,0.135,1,215.4698727,0,0,4
6,grate,Task B ,1,3,0,2.543419098,0.05,2,260.0344125,0,0,2
7,grate,Task B ,1,4,0,10.24830425,0.067,2,302.7407345,0,0,3
7,grate,Task B ,2,4,1,-7.896521285,0.135,2,203.9957757,0,0,4
7,grate,Task B ,1,4,1,-1.883841523,0.135,1,36.59395343,0,0,4
7,grate,Task B ,1,4,1,1.510030786,0.05,1,0.271577772,0,0,2
7,grate,Task B ,1,4,0,4.771065676,0.033,2,220.3002972,0,0,1
7,grate,Task B ,1,4,0,2.915408839,0.033,2,169.3830914,0,0,1
8,grate,Task B ,1,1,1,-1.32800322,0.033,1,88.01213069,0,0,1
8,grate,Task B ,2,1,0,4.096853667,0.033,1,218.8559538,0,0,1
8,grate,Task B ,1,4,1,2.969491619,0.135,1,2.012121612,0,0,4
8,grate,Task B ,1,4,0,1.034409789,0.135,2,331.1082833,0,0,4
8,grate,Task B ,2,1,1,-14.94587491,0.033,2,280.9594022,0,0,1
8,grate,Task B ,2,4,1,11.50592842,0.135,2,24.00743485,0,0,4
9,grate,Task B ,2,3,1,16.80310091,0.033,2,311.7676186,0,0,1
9,grate,Task B ,2,2,1,-13.81009926,0.067,2,133.9717246,0,0,3
9,grate,Task B ,1,1,0,16.69945401,0.033,2,227.5459397,0,0,1
9,grate,Task B ,1,1,0,10.11585737,0.05,2,185.8270545,0,0,2
9,grate,Task B ,1,1,1,0.949854542,0.033,1,207.4455119,0,0,1
9,grate,Task B ,2,4,1,-26.73247342,0.135,2,252.7187107,0,0,4
10,grate,Task B ,1,1,1,-4.537755889,0.05,1,357.533732,0,0,2
10,grate,Task B ,1,2,1,-5.218456338,0.135,1,322.1231271,0,0,4
10,grate,Task B ,1,2,1,-2.242699921,0.067,1,126.8261459,0,0,3
10,grate,Task B ,1,3,1,1.260961024,0.067,1,252.5254244,0,0,3
10,grate,Task B ,1,1,1,-1.940249043,0.05,1,321.5268225,0,0,2
10,grate,Task B ,1,1,1,-0.392480676,0.033,1,242.3477912,0,0,1
1,grate,Task B ,1,2,0,-9.750767203,0.033,2,90.74114094,0,0,1
1,grate,Task B ,1,1,0,-14.3590683,0.033,2,147.4958442,0,0,1
1,grate,Task B ,1,4,1,2.369451878,0.067,1,326.7968769,0,0,3
1,grate,Task B ,2,4,1,-12.85203654,0.135,2,21.62924785,0,0,4
1,grate,Task B ,1,1,1,-0.486634715,0.033,1,152.3895798,0,0,1
1,grate,Task B ,2,1,0,-1.241965887,0.033,1,347.1287771,0,0,1
2,grate,Task B ,1,1,0,-2.674774211,0.05,2,199.2439735,0,0,2
2,grate,Task B ,1,3,1,-2.149194052,0.135,1,354.1955524,0,0,4
2,grate,Task B ,2,2,1,16.8544889,0.033,2,139.855606,0,0,1
2,grate,Task B ,1,3,1,-1.387622329,0.135,1,268.664091,0,0,4
2,grate,Task B ,2,2,0,0.132730171,0.067,1,318.032727,0,0,3
2,grate,Task B ,2,4,1,-13.1141049,0.135,2,238.306877,0,0,4
3,grate,Task B ,2,2,0,-2.734761209,0.033,1,252.8442004,0,0,1
3,grate,Task B ,1,3,1,-1.88058491,0.135,1,348.3461323,0,0,4
3,grate,Task B ,2,1,1,29.04610092,0.033,2,261.9422995,0,0,1
3,grate,Task B ,1,2,1,-6.771712393,0.067,1,211.8053052,0,0,3
3,grate,Task B ,1,1,0,10.30639439,0.067,2,353.9278537,0,0,3
3,grate,Task B ,2,4,1,-26.01532135,0.135,2,303.7715088,0,0,4
4,grate,Task B ,1,4,1,2.285498787,0.135,1,234.0147071,0,0,4
4,grate,Task B ,1,2,1,3.080067684,0.033,1,145.2297623,0,0,1
4,grate,Task B ,1,2,0,-3.472953317,0.033,2,22.44153424,0,0,1
4,grate,Task B ,1,1,1,-0.961235699,0.033,1,274.4596917,0,0,1
4,grate,Task B ,2,4,1,-13.09088366,0.135,2,67.13209066,0,0,4
4,grate,Task B ,2,4,1,-20.62316113,0.135,2,90.43118831,0,0,4
5,grate,Task B ,1,4,1,0.835125522,0.05,1,151.4614051,0,0,2
5,grate,Task B ,1,2,1,-0.940486736,0.067,1,65.21512484,0,0,3
5,grate,Task B ,1,3,1,1.85643168,0.135,1,17.91048225,0,0,4
5,grate,Task B ,1,4,1,-0.364107445,0.05,1,81.17313172,0,0,2
5,grate,Task B ,1,3,1,-0.461712378,0.05,1,148.2725682,0,0,2
5,grate,Task B ,2,4,1,7.329090435,0.135,2,85.82102124,0,0,4
6,grate,Task B ,2,3,1,31.19118977,0.067,2,114.0820801,0,0,3
6,grate,Task B ,2,2,0,-1.282595777,0.135,1,168.1978228,0,0,4
6,grate,Task B ,1,3,1,-0.110709153,0.135,1,68.62621636,0,0,4
6,grate,Task B ,1,3,0,6.367416055,0.05,2,270.6900967,0,0,2
6,grate,Task B ,2,3,1,19.7003886,0.033,2,9.359044509,0,0,1
6,grate,Task B ,1,3,1,3.027482012,0.135,1,140.8370571,0,0,4
7,grate,Task B ,1,4,1,0.092441082,0.135,1,295.7172237,0,0,4
7,grate,Task B ,1,4,0,10.33297401,0.067,2,84.2912247,0,0,3
7,grate,Task B ,1,4,1,-2.918594263,0.033,1,55.19719376,0,0,1
7,grate,Task B ,2,4,1,9.375395275,0.05,2,118.1311071,0,0,2
7,grate,Task B ,1,4,0,14.96523229,0.033,2,36.7494951,0,0,1
7,grate,Task B ,2,4,1,-2.393139052,0.05,2,205.8465759,0,0,2
8,grate,Task B ,1,2,1,-0.896894214,0.05,1,255.9876175,0,0,2
8,grate,Task B ,1,1,1,6.285783685,0.033,1,312.4866505,0,0,1
8,grate,Task B ,2,1,0,-5.033166709,0.033,1,271.3525488,0,0,1
8,grate,Task B ,2,1,0,4.305123526,0.05,1,224.9134859,0,0,2
8,grate,Task B ,1,2,1,1.679883378,0.135,1,166.3854072,0,0,4
8,grate,Task B ,1,1,1,1.93165795,0.033,1,284.2167881,0,0,1
9,grate,Task B ,1,3,1,-1.718228528,0.135,1,326.9310412,0,0,4
9,grate,Task B ,1,2,1,6.875595558,0.033,1,269.0523235,0,0,1
9,grate,Task B ,1,1,1,2.268649998,0.033,1,47.26752707,0,0,1
9,grate,Task B ,1,4,1,0.767853604,0.067,1,340.2247557,0,0,3
9,grate,Task B ,2,4,1,-17.23994722,0.135,2,280.1334723,0,0,4
9,grate,Task B ,2,4,0,0.555950641,0.067,1,14.02233542,0,0,3
10,grate,Task B ,2,4,1,29.08377843,0.135,2,93.24345117,0,0,4
10,grate,Task B ,1,1,1,-2.354757236,0.067,1,204.7279592,0,0,3
10,grate,Task B ,1,1,0,5.142317884,0.033,2,199.1032884,0,0,1
10,grate,Task B ,1,1,1,-3.553324686,0.033,1,325.6691899,0,0,1
10,grate,Task B ,1,1,0,0.430824373,0.067,2,23.01649176,0,0,3
10,grate,Task B ,2,2,1,-9.090039474,0.135,2,12.33033155,0,0,4
1,grate,Task B ,2,4,1,24.58364552,0.05,2,305.9564551,0,0,2
1,grate,Task B ,1,2,1,2.761224911,0.033,1,265.8051704,0,0,1
1,grate,Task B ,1,1,1,0.98345378,0.033,1,351.4407362,0,0,1
1,grate,Task B ,2,2,0,4.92126464,0.135,1,3.763700954,0,0,4
1,grate,Task B ,2,2,0,-8.273593406,0.05,1,0.471129705,0,0,2
1,grate,Task B ,1,2,1,3.514726121,0.067,1,0.443967267,0,0,3
2,grate,Task B ,1,3,1,-0.0903854,0.05,1,70.51051983,0,0,2
2,grate,Task B ,1,2,1,-0.612552102,0.033,1,345.7694271,0,0,1
2,grate,Task B ,1,1,1,-0.681808679,0.067,1,315.1886472,0,0,3
2,grate,Task B ,2,3,1,-12.7429254,0.135,2,344.5054569,0,0,4
2,grate,Task B ,1,1,0,-3.537192589,0.033,2,6.675307748,0,0,1
2,grate,Task B ,1,2,0,11.35918547,0.05,2,24.44814853,0,0,2
3,grate,Task B ,2,2,0,5.033514461,0.05,1,325.3274791,0,0,2
3,grate,Task B ,1,4,1,0.6283661,0.05,1,359.1187026,0,0,2
3,grate,Task B ,2,2,0,-7.69803528,0.067,1,112.2575212,0,0,3
3,grate,Task B ,1,2,0,0.415200021,0.033,2,118.1900988,0,0,1
3,grate,Task B ,2,4,0,-4.760108011,0.067,1,208.1233153,0,0,3
3,grate,Task B ,1,2,1,1.864304296,0.05,1,315.9358892,0,0,2
4,grate,Task B ,2,4,1,-6.590209615,0.05,2,1.898923394,0,0,2
4,grate,Task B ,2,4,1,8.149216052,0.135,2,288.5204207,0,0,4
4,grate,Task B ,2,1,1,31.52310417,0.067,2,209.9272765,0,0,3
4,grate,Task B ,1,1,0,-6.337558627,0.05,2,326.0105068,0,0,2
4,grate,Task B ,2,4,0,1.028497897,0.135,1,280.0464463,0,0,4
4,grate,Task B ,2,4,1,-5.286004623,0.135,2,118.6016367,0,0,4
5,grate,Task B ,2,4,1,19.538433,0.067,2,31.98978337,0,0,3
5,grate,Task B ,1,2,1,2.632720236,0.05,1,216.0216998,0,0,2
5,grate,Task B ,2,4,0,-5.117555777,0.05,1,109.1187725,0,0,2
5,grate,Task B ,1,2,1,3.229137166,0.067,1,186.3946354,0,0,3
5,grate,Task B ,2,4,1,20.96775016,0.067,2,128.0931045,0,0,3
5,grate,Task B ,2,4,0,-1.886168267,0.135,1,312.3336329,0,0,4
6,grate,Task B ,1,3,0,-4.152558135,0.05,2,243.8436241,0,0,2
6,grate,Task B ,1,3,1,3.688431079,0.067,1,261.8111186,0,0,3
6,grate,Task B ,2,3,1,-6.936744145,0.135,2,219.7008565,0,0,4
6,grate,Task B ,2,1,0,1.468332004,0.033,1,209.2817743,0,0,1
6,grate,Task B ,2,3,1,4.828415126,0.033,2,352.359979,0,0,1
6,grate,Task B ,2,3,1,-9.038786337,0.067,2,123.2675772,0,0,3
7,grate,Task B ,1,4,0,-5.153652771,0.033,2,154.6540732,0,0,1
7,grate,Task B ,1,4,0,-13.26324205,0.033,2,170.6974843,0,0,1
7,grate,Task B ,2,4,1,-4.093314558,0.033,2,29.94999618,0,0,1
7,grate,Task B ,2,4,0,1.988762603,0.067,1,235.4217024,0,0,3
7,grate,Task B ,1,4,1,-0.073754788,0.135,1,254.0658689,0,0,4
7,grate,Task B ,1,4,1,1.546351447,0.067,1,152.8414425,0,0,3
8,grate,Task B ,1,3,1,4.705385153,0.067,1,43.8513524,0,0,3
8,grate,Task B ,1,3,0,2.57857499,0.067,2,335.9279519,0,0,3
8,grate,Task B ,1,2,0,5.623162202,0.135,2,318.7642454,0,0,4
8,grate,Task B ,1,3,0,-2.259239206,0.067,2,152.2252517,0,0,3
8,grate,Task B ,2,2,0,-3.23688057,0.135,1,340.647604,0,0,4
8,grate,Task B ,2,4,1,9.768882536,0.135,2,304.6499627,0,0,4
9,grate,Task B ,2,4,0,0.230099075,0.05,1,84.18214914,0,0,2
9,grate,Task B ,1,4,1,4.104029486,0.067,1,296.2256016,0,0,3
9,grate,Task B ,1,1,0,-23.90350378,0.033,2,337.5294902,0,0,1
9,grate,Task B ,1,4,0,-3.557308704,0.135,2,348.8263399,0,0,4
9,grate,Task B ,1,4,1,1.024539337,0.135,1,253.2467443,0,0,4
9,grate,Task B ,1,4,0,2.362901567,0.05,2,184.1242329,0,0,2
10,grate,Task B ,2,2,1,9.768533168,0.067,2,215.1962827,0,0,3
10,grate,Task B ,1,1,1,0.97866384,0.067,1,122.4710356,0,0,3
10,grate,Task B ,1,1,1,-4.144224659,0.05,1,313.5749291,0,0,2
10,grate,Task B ,1,1,0,5.022182515,0.135,2,356.9042746,0,0,4
10,grate,Task B ,2,2,1,-8.798965415,0.135,2,352.372363,0,0,4
10,grate,Task B ,1,1,1,1.093845096,0.033,1,311.813293,0,0,1
1,grate,Task B ,2,2,1,-3.809923257,0.067,2,248.1779662,0,0,3
1,grate,Task B ,1,2,1,-0.741678798,0.135,1,38.43165906,0,0,4
1,grate,Task B ,2,2,1,2.770522857,0.033,2,145.543218,0,0,1
1,grate,Task B ,1,2,1,-0.443696676,0.033,1,100.542293,0,0,1
1,grate,Task B ,1,2,1,1.821945113,0.033,1,290.1082673,0,0,1
1,grate,Task B ,2,1,1,-8.043531841,0.135,2,4.726081255,0,0,4
2,grate,Task B ,1,1,1,1.399998288,0.05,1,229.6883799,0,0,2
2,grate,Task B ,1,1,1,2.826194341,0.033,1,60.903365,0,0,1
2,grate,Task B ,2,4,1,-12.47861313,0.067,2,57.36110203,0,0,3
2,grate,Task B ,1,2,1,-1.395000727,0.135,1,183.4820763,0,0,4
2,grate,Task B ,1,1,0,6.289209394,0.033,2,195.3138857,0,0,1
2,grate,Task B ,2,4,1,12.90083029,0.135,2,36.34045767,0,0,4
3,grate,Task B ,1,4,0,-8.638816308,0.05,2,141.1863566,0,0,2
3,grate,Task B ,1,3,1,-2.539071986,0.067,1,56.75869737,0,0,3
3,grate,Task B ,2,3,1,-2.144207783,0.135,2,216.3097027,0,0,4
3,grate,Task B ,1,1,1,-4.530201329,0.033,1,225.0507635,0,0,1
3,grate,Task B ,2,1,1,11.78694925,0.033,2,131.1486733,0,0,1
3,grate,Task B ,1,3,1,3.2005813,0.067,1,151.8056809,0,0,3
4,grate,Task B ,1,3,0,-3.432969465,0.05,2,295.9732658,0,0,2
4,grate,Task B ,1,1,1,-0.215897573,0.05,1,164.9936962,0,0,2
4,grate,Task B ,1,1,1,2.3745884,0.05,1,32.18960115,0,0,2
4,grate,Task B ,1,1,0,-9.533152386,0.05,2,188.3165539,0,0,2
4,grate,Task B ,1,1,0,1.466458408,0.05,2,137.7213048,0,0,2
4,grate,Task B ,1,4,1,-1.797365563,0.067,1,80.6575517,0,0,3
5,grate,Task B ,1,4,0,-2.36090326,0.05,2,62.53148251,0,0,2
5,grate,Task B ,2,4,1,-17.29029719,0.067,2,305.3564015,0,0,3
5,grate,Task B ,2,4,1,-12.12933634,0.135,2,270.246829,0,0,4
5,grate,Task B ,2,4,1,-19.25985338,0.135,2,40.96832147,0,0,4
5,grate,Task B ,2,4,1,15.7088011,0.135,2,351.6424762,0,0,4
5,grate,Task B ,2,4,1,5.346170621,0.033,2,311.1542282,0,0,1
6,grate,Task B ,1,3,1,-0.951878898,0.067,1,233.2268432,0,0,3
6,grate,Task B ,1,2,0,23.38980491,0.067,2,356.5412754,0,0,3
6,grate,Task B ,1,3,1,-0.766487928,0.067,1,288.5509172,0,0,3
6,grate,Task B ,1,3,1,0.319333994,0.067,1,123.1701773,0,0,3
6,grate,Task B ,2,3,0,-1.02566202,0.067,1,316.657874,0,0,3
6,grate,Task B ,2,3,0,-1.813804623,0.135,1,115.7979084,0,0,4
7,grate,Task B ,1,4,1,1.529265695,0.135,1,76.46533702,0,0,4
7,grate,Task B ,1,4,1,2.271436287,0.033,1,108.8604057,0,0,1
7,grate,Task B ,2,4,0,6.076775693,0.033,1,223.3116047,0,0,1
7,grate,Task B ,2,4,1,5.965909096,0.05,2,124.2643369,0,0,2
7,grate,Task B ,2,4,1,-28.68749357,0.135,2,313.1867795,0,0,4
7,grate,Task B ,2,1,0,1.732652821,0.05,1,266.3180731,0,0,2
8,grate,Task B ,2,3,0,-4.449847297,0.135,1,110.5919899,0,0,4
8,grate,Task B ,1,1,0,2.908532709,0.067,2,352.2886399,0,0,3
8,grate,Task B ,2,3,0,1.625812241,0.05,1,17.11889775,0,0,2
8,grate,Task B ,1,3,1,0.108891518,0.05,1,155.2317652,0,0,2
8,grate,Task B ,1,1,0,0.1412079,0.033,2,201.8376501,0,0,1
8,grate,Task B ,1,4,0,-1.031514468,0.135,2,105.0120643,0,0,4
9,grate,Task B ,1,3,1,-2.905625804,0.067,1,259.8968011,0,0,3
9,grate,Task B ,1,1,1,-2.499730718,0.033,1,178.6246465,0,0,1
9,grate,Task B ,1,1,1,-2.147504168,0.05,1,295.4553137,0,0,2
9,grate,Task B ,1,4,0,2.265175235,0.135,2,68.86106171,0,0,4
9,grate,Task B ,1,1,1,2.200627286,0.05,1,216.4752217,0,0,2
9,grate,Task B ,2,4,1,30.40327728,0.067,2,38.76314066,0,0,3
10,grate,Task B ,1,2,0,-2.312514323,0.135,2,129.7178667,0,0,4
10,grate,Task B ,1,2,1,-2.296794293,0.033,1,311.6814839,0,0,1
10,grate,Task B ,1,1,0,-19.65368603,0.033,2,39.30427313,0,0,1
10,grate,Task B ,1,3,0,4.080206485,0.067,2,16.34694723,0,0,3
10,grate,Task B ,1,1,1,-0.377139162,0.05,1,84.41734089,0,0,2
10,grate,Task B ,1,1,1,0.124092665,0.033,1,148.9718477,0,0,1
1,grate,Task B ,2,1,1,21.4610982,0.033,2,40.94444216,0,0,1
1,grate,Task B ,2,4,1,-18.60924123,0.05,2,352.0088686,0,0,2
1,grate,Task B ,1,1,0,-7.543935361,0.033,2,313.9143215,0,0,1
1,grate,Task B ,2,4,1,-26.86874841,0.067,2,122.448342,0,0,3
1,grate,Task B ,1,1,1,0.680554161,0.033,1,297.0123464,0,0,1
1,grate,Task B ,1,1,0,-6.02855803,0.033,2,30.87015446,0,0,1
2,grate,Task B ,1,1,0,-0.390010183,0.067,2,109.6166664,0,0,3
2,grate,Task B ,1,2,1,0.884003085,0.033,1,265.7877212,0,0,1
2,grate,Task B ,2,4,1,15.73431113,0.135,2,55.61129239,0,0,4
2,grate,Task B ,1,3,0,-0.919748759,0.033,2,35.45407374,0,0,1
2,grate,Task B ,1,1,1,0.136142827,0.05,1,232.4498356,0,0,2
2,grate,Task B ,1,1,0,0.833506401,0.05,2,289.232268,0,0,2
3,grate,Task B ,1,3,1,1.414988723,0.135,1,80.59092208,0,0,4
3,grate,Task B ,1,1,1,-3.84486531,0.033,1,223.8223355,0,0,1
3,grate,Task B ,2,2,1,-1.808974913,0.05,2,251.7139848,0,0,2
3,grate,Task B ,2,3,1,-11.75904853,0.135,2,57.86924648,0,0,4
3,grate,Task B ,1,2,1,0.898623263,0.135,1,299.1807337,0,0,4
3,grate,Task B ,1,2,1,4.002466049,0.033,1,100.8726081,0,0,1
4,grate,Task B ,1,1,0,-20.02710334,0.033,2,87.38892799,0,0,1
4,grate,Task B ,1,3,0,0.909851236,0.067,2,175.0104984,0,0,3
4,grate,Task B ,1,4,1,-3.409038359,0.135,1,327.8482049,0,0,4
4,grate,Task B ,2,2,0,-0.582358356,0.033,1,72.18584062,0,0,1
4,grate,Task B ,2,1,0,3.495094444,0.033,1,26.04251044,0,0,1
4,grate,Task B ,2,3,0,0.112646908,0.067,1,165.9868298,0,0,3
5,grate,Task B ,2,4,0,0.579440158,0.033,1,306.1551898,0,0,1
5,grate,Task B ,1,2,1,-2.090397894,0.033,1,92.97953867,0,0,1
5,grate,Task B ,1,3,0,9.789239169,0.067,2,186.0519605,0,0,3
5,grate,Task B ,2,4,1,-16.43821833,0.135,2,86.39320396,0,0,4
5,grate,Task B ,1,3,1,-2.417969944,0.067,1,248.6933303,0,0,3
5,grate,Task B ,1,1,1,1.409973953,0.05,1,4.028178905,0,0,2
6,grate,Task B ,1,2,0,4.69727443,0.05,2,160.1210795,0,0,2
6,grate,Task B ,1,3,1,-0.870036374,0.135,1,163.2107674,0,0,4
6,grate,Task B ,1,3,1,-5.307609284,0.135,1,193.0513252,0,0,4
6,grate,Task B ,2,3,0,6.159122355,0.033,1,356.2882967,0,0,1
6,grate,Task B ,1,3,1,0.406136317,0.033,1,346.170652,0,0,1
6,grate,Task B ,1,3,1,0.954931307,0.05,1,29.34362472,0,0,2
7,grate,Task B ,1,4,0,-0.104632886,0.033,2,282.3228376,0,0,1
7,grate,Task B ,2,4,0,-1.873595071,0.135,1,329.2203246,0,0,4
7,grate,Task B ,2,4,0,-0.526374903,0.067,1,195.8951681,0,0,3
7,grate,Task B ,1,4,1,2.970390974,0.067,1,304.3374664,0,0,3
7,grate,Task B ,1,4,1,0.862946444,0.135,1,62.72594979,0,0,4
7,grate,Task B ,2,4,0,-0.592352086,0.067,1,266.1274312,0,0,3
8,grate,Task B ,1,4,1,1.647886535,0.135,1,356.6455878,0,0,4
8,grate,Task B ,2,1,0,-3.60228468,0.033,1,20.74515173,0,0,1
8,grate,Task B ,2,1,0,4.528931402,0.033,1,260.0778693,0,0,1
8,grate,Task B ,1,1,1,2.834526657,0.05,1,240.551535,0,0,2
8,grate,Task B ,1,3,1,-2.298273935,0.135,1,203.0419673,0,0,4
8,grate,Task B ,2,4,1,-19.18101942,0.067,2,318.1925512,0,0,3
9,grate,Task B ,1,4,0,-19.98223305,0.067,2,84.09273262,0,0,3
9,grate,Task B ,1,3,1,3.339415946,0.067,1,135.6196962,0,0,3
9,grate,Task B ,2,4,0,3.918839868,0.135,1,284.1064329,0,0,4
9,grate,Task B ,2,4,1,-25.57839212,0.067,2,207.9368603,0,0,3
9,grate,Task B ,1,1,0,-6.604796008,0.05,2,59.19612746,0,0,2
9,grate,Task B ,1,1,1,-3.062956911,0.033,1,354.7515662,0,0,1
10,grate,Task B ,1,2,1,0.189825407,0.033,1,165.0811254,0,0,1
10,grate,Task B ,1,2,0,17.08916832,0.05,2,9.827056708,0,0,2
10,grate,Task B ,1,1,1,-2.400403701,0.05,1,89.57033935,0,0,2
10,grate,Task B ,1,1,0,-6.02432108,0.033,2,56.91537914,0,0,1
10,grate,Task B ,1,1,1,-1.972792062,0.05,1,345.1762626,0,0,2
10,grate,Task B ,1,1,1,-0.357278191,0.033,1,191.5100875,0,0,1
1,grate,Task B ,1,2,1,4.397450792,0.05,1,348.9568175,0,0,2
1,grate,Task B ,1,2,1,2.162495578,0.05,1,75.0247672,0,0,2
1,grate,Task B ,1,3,1,4.389855317,0.05,1,152.9124682,0,0,2
1,grate,Task B ,2,2,1,-20.14412516,0.05,2,341.2969422,0,0,2
1,grate,Task B ,2,2,0,-1.869275256,0.135,1,142.0477237,0,0,4
1,grate,Task B ,2,2,1,-21.65631312,0.067,2,8.735646559,0,0,3
2,grate,Task B ,1,1,0,0.280519883,0.033,2,248.0587993,0,0,1
2,grate,Task B ,1,1,1,-1.634495966,0.067,1,160.4223649,0,0,3
2,grate,Task B ,1,1,1,-2.664499666,0.05,1,118.5019347,0,0,2
2,grate,Task B ,1,1,0,20.00112702,0.033,2,125.635224,0,0,1
2,grate,Task B ,1,3,1,5.804620545,0.067,1,335.6271096,0,0,3
2,grate,Task B ,2,4,1,-13.45348499,0.135,2,152.5629075,0,0,4
3,grate,Task B ,1,2,1,-0.005686577,0.135,1,286.9647551,0,0,4
3,grate,Task B ,2,4,1,8.000338959,0.067,2,304.8879506,0,0,3
3,grate,Task B ,1,4,1,-1.426590364,0.05,1,150.2137921,0,0,2
3,grate,Task B ,2,4,1,-10.56197517,0.135,2,335.4519292,0,0,4
3,grate,Task B ,2,2,0,-1.746931496,0.033,1,288.8125471,0,0,1
3,grate,Task B ,2,1,0,-0.919765034,0.05,1,185.4371446,0,0,2
4,grate,Task B ,2,3,0,-1.145371272,0.135,1,236.8607015,0,0,4
4,grate,Task B ,1,3,1,1.184837341,0.05,1,225.6319414,0,0,2
4,grate,Task B ,1,3,1,2.002176786,0.067,1,87.82600319,0,0,3
4,grate,Task B ,1,3,1,2.016486688,0.067,1,288.5161466,0,0,3
4,grate,Task B ,1,2,0,4.663816081,0.05,2,356.1248789,0,0,2
4,grate,Task B ,1,3,0,8.334880776,0.067,2,220.4102946,0,0,3
5,grate,Task B ,2,4,1,-18.3583434,0.067,2,112.0149506,0,0,3
5,grate,Task B ,1,4,1,-4.828020367,0.067,1,16.74268142,0,0,3
5,grate,Task B ,1,4,1,-4.764026521,0.067,1,113.1158639,0,0,3
5,grate,Task B ,2,4,0,0.387221752,0.033,1,136.951843,0,0,1
5,grate,Task B ,2,4,1,-5.400190528,0.135,2,251.7876479,0,0,4
5,grate,Task B ,1,1,0,-17.39702788,0.033,2,262.3454919,0,0,1
6,grate,Task B ,1,3,1,1.590397162,0.033,1,357.9053783,0,0,1
6,grate,Task B ,1,3,0,14.87591198,0.05,2,169.1377111,0,0,2
6,grate,Task B ,2,3,1,24.9868033,0.067,2,354.5700811,0,0,3
6,grate,Task B ,2,3,0,1.285340139,0.135,1,137.8773701,0,0,4
6,grate,Task B ,1,2,1,-2.960512124,0.05,1,130.621366,0,0,2
6,grate,Task B ,1,1,1,3.494909228,0.067,1,75.19361939,0,0,3
7,grate,Task B ,1,4,0,1.853004173,0.05,2,188.6758976,0,0,2
7,grate,Task B ,1,3,1,1.385159304,0.05,1,335.1792384,0,0,2
7,grate,Task B ,1,4,1,-3.772299423,0.135,1,137.879952,0,0,4
7,grate,Task B ,2,4,0,3.401293556,0.05,1,132.2365945,0,0,2
7,grate,Task B ,1,4,0,1.216358921,0.135,2,252.2678603,0,0,4
7,grate,Task B ,2,4,0,-4.512871456,0.135,1,109.4585211,0,0,4
8,grate,Task B ,2,4,1,-8.15519535,0.067,2,146.9138445,0,0,3
8,grate,Task B ,2,4,0,-4.59725827,0.135,1,332.5533352,0,0,4
8,grate,Task B ,1,1,1,-2.301205966,0.033,1,218.0952881,0,0,1
8,grate,Task B ,2,1,1,-7.87467689,0.033,2,301.5483659,0,0,1
8,grate,Task B ,2,2,1,8.612523073,0.05,2,198.1096574,0,0,2
8,grate,Task B ,2,1,1,8.197067688,0.033,2,231.2503972,0,0,1
9,grate,Task B ,1,1,0,-5.377838779,0.05,2,80.77382369,0,0,2
9,grate,Task B ,1,4,1,0.862618283,0.05,1,340.3915038,0,0,2
9,grate,Task B ,2,1,1,-13.74728734,0.033,2,61.09373296,0,0,1
9,grate,Task B ,1,4,1,-0.99703652,0.135,1,21.90795503,0,0,4
9,grate,Task B ,1,4,0,-2.745149185,0.135,2,316.3186137,0,0,4
9,grate,Task B ,2,4,1,21.96815248,0.05,2,341.32575,0,0,2
10,grate,Task B ,1,2,1,-1.974903108,0.033,1,171.7233792,0,0,1
10,grate,Task B ,1,1,1,2.351542768,0.067,1,32.2882676,0,0,3
10,grate,Task B ,1,1,0,6.607052837,0.05,2,352.3037297,0,0,2
10,grate,Task B ,1,1,1,-1.237376781,0.05,1,146.8335562,0,0,2
10,grate,Task B ,1,1,0,5.622113266,0.033,2,149.6626876,0,0,1
10,grate,Task B ,1,1,1,-4.051788047,0.135,1,332.5448744,0,0,4
1,grate,Task B ,1,3,0,1.844849037,0.135,2,78.2334573,0,0,4
1,grate,Task B ,1,3,1,-1.762301115,0.067,1,199.752634,0,0,3
1,grate,Task B ,2,2,1,21.53437032,0.05,2,289.9692429,0,0,2
1,grate,Task B ,1,4,1,-0.176176372,0.135,1,8.326472774,0,0,4
1,grate,Task B ,1,1,1,0.122423753,0.033,1,339.6810423,0,0,1
1,grate,Task B ,2,2,0,1.914109429,0.033,1,355.4855448,0,0,1
2,grate,Task B ,1,3,0,-9.359874265,0.067,2,168.7722862,0,0,3
2,grate,Task B ,2,1,1,3.734203408,0.05,2,222.7122051,0,0,2
2,grate,Task B ,2,4,1,-4.944705438,0.033,2,313.3973872,0,0,1
2,grate,Task B ,1,2,0,-16.34990752,0.067,2,22.0715547,0,0,3
2,grate,Task B ,2,1,0,-4.246067494,0.05,1,73.02475083,0,0,2
2,grate,Task B ,2,3,0,2.677717261,0.135,1,98.40491503,0,0,4
3,grate,Task B ,1,2,1,-0.051609826,0.033,1,246.9194427,0,0,1
3,grate,Task B ,1,4,1,0.615982585,0.067,1,175.1678775,0,0,3
3,grate,Task B ,1,1,1,-0.54387906,0.067,1,257.8467678,0,0,3
3,grate,Task B ,2,2,0,1.742413287,0.05,1,330.1306749,0,0,2
3,grate,Task B ,2,3,0,-5.318431479,0.05,1,132.0297814,0,0,2
3,grate,Task B ,1,3,1,-0.906305785,0.05,1,52.63568482,0,0,2
4,grate,Task B ,2,4,0,-1.512687374,0.135,1,341.3632207,0,0,4
4,grate,Task B ,1,1,1,0.085738214,0.05,1,218.0933229,0,0,2
4,grate,Task B ,2,2,1,-19.37659282,0.033,2,216.8702567,0,0,1
4,grate,Task B ,2,4,0,0.34637782,0.135,1,225.0259947,0,0,4
4,grate,Task B ,1,3,0,-1.179570177,0.067,2,262.8306134,0,0,3
4,grate,Task B ,1,4,1,-1.964878626,0.05,1,342.3700959,0,0,2
5,grate,Task B ,1,4,1,-2.422229669,0.067,1,165.8141412,0,0,3
5,grate,Task B ,1,1,0,7.815461924,0.033,2,99.36170831,0,0,1
5,grate,Task B ,1,2,1,2.693712483,0.05,1,170.8948521,0,0,2
5,grate,Task B ,1,1,0,18.38676216,0.033,2,102.6184002,0,0,1
5,grate,Task B ,1,1,0,10.39910842,0.033,2,261.1582622,0,0,1
5,grate,Task B ,1,2,1,2.16563772,0.067,1,17.006356,0,0,3
6,grate,Task B ,1,2,1,-6.353302131,0.067,1,268.5554401,0,0,3
6,grate,Task B ,1,3,1,-1.208964588,0.135,1,338.6685812,0,0,4
6,grate,Task B ,2,3,1,4.140569065,0.05,2,148.4831136,0,0,2
6,grate,Task B ,1,3,1,-2.475199859,0.135,1,293.9598015,0,0,4
6,grate,Task B ,2,3,1,21.02714593,0.135,2,93.62768957,0,0,4
6,grate,Task B ,2,3,1,-3.420586908,0.067,2,274.8558528,0,0,3
7,grate,Task B ,2,1,1,5.339088907,0.033,2,285.5451906,0,0,1
7,grate,Task B ,1,4,1,-3.044123263,0.033,1,110.4021886,0,0,1
7,grate,Task B ,1,4,1,-3.140096978,0.135,1,262.2409779,0,0,4
7,grate,Task B ,1,4,1,-0.980940258,0.05,1,154.6794976,0,0,2
7,grate,Task B ,2,4,1,-8.695607899,0.067,2,5.483148937,0,0,3
7,grate,Task B ,1,1,1,3.453532729,0.033,1,188.605994,0,0,1
8,grate,Task B ,1,2,1,0.591567299,0.067,1,62.36238189,0,0,3
8,grate,Task B ,1,1,1,5.358933616,0.033,1,197.1733527,0,0,1
8,grate,Task B ,2,2,1,-11.24656099,0.05,2,281.6990984,0,0,2
8,grate,Task B ,2,1,1,-20.93332226,0.033,2,22.8411222,0,0,1
8,grate,Task B ,2,1,1,8.718535129,0.033,2,227.6438944,0,0,1
8,grate,Task B ,1,1,0,7.186520067,0.033,2,170.627197,0,0,1
9,grate,Task B ,2,1,1,7.365028494,0.067,2,149.094749,0,0,3
9,grate,Task B ,1,4,0,4.808308096,0.067,2,131.7191819,0,0,3
9,grate,Task B ,2,4,0,2.524500293,0.135,1,75.02884251,0,0,4
9,grate,Task B ,1,1,0,-2.361224791,0.05,2,174.2995324,0,0,2
9,grate,Task B ,1,4,1,-1.995862137,0.067,1,292.3259006,0,0,3
9,grate,Task B ,2,4,1,-13.21406358,0.067,2,35.44732419,0,0,3
10,grate,Task B ,1,2,0,-0.753512978,0.033,2,46.19296433,0,0,1
10,grate,Task B ,1,2,1,1.667441905,0.05,1,86.72685107,0,0,2
10,grate,Task B ,1,2,1,-0.849820762,0.033,1,112.2599457,0,0,1
10,grate,Task B ,1,3,1,-1.625388818,0.135,1,207.8726639,0,0,4
10,grate,Task B ,1,1,1,-0.834319888,0.05,1,215.0574575,0,0,2
10,grate,Task B ,1,2,1,2.924197556,0.135,1,199.4514036,0,0,4
1,grate,Task B ,2,1,1,-14.42014456,0.033,2,288.0678761,0,0,1
1,grate,Task B ,1,2,1,0.468837475,0.067,1,15.82362349,0,0,3
1,grate,Task B ,2,4,1,-23.86608292,0.135,2,77.95592068,0,0,4
1,grate,Task B ,2,2,1,10.0466739,0.033,2,7.230612593,0,0,1
1,grate,Task B ,1,3,0,9.852035626,0.067,2,14.65164956,0,0,3
1,grate,Task B ,2,1,0,-2.588917767,0.05,1,297.7679034,0,0,2
2,grate,Task B ,1,1,1,-0.551844023,0.05,1,109.0054159,0,0,2
2,grate,Task B ,1,1,0,13.76790393,0.05,2,277.063805,0,0,2
2,grate,Task B ,2,4,1,-32.4379402,0.135,2,179.8888632,0,0,4
2,grate,Task B ,1,2,1,1.937247566,0.05,1,165.233164,0,0,2
2,grate,Task B ,1,2,1,-2.814862325,0.135,1,116.8968205,0,0,4
2,grate,Task B ,2,1,0,1.257393544,0.033,1,75.55404565,0,0,1
3,grate,Task B ,2,4,1,-19.42123939,0.067,2,77.92761434,0,0,3
3,grate,Task B ,1,3,0,-8.308263345,0.033,2,19.66737059,0,0,1
3,grate,Task B ,2,4,1,17.58394209,0.135,2,117.4797524,0,0,4
3,grate,Task B ,2,2,0,2.655777917,0.033,1,236.8734237,0,0,1
3,grate,Task B ,1,1,1,1.112566568,0.067,1,321.3502447,0,0,3
3,grate,Task B ,2,2,1,5.891823044,0.135,2,294.5585396,0,0,4
4,grate,Task B ,1,4,0,-0.450653991,0.135,2,267.1645155,0,0,4
4,grate,Task B ,1,3,1,2.28085854,0.135,1,227.3799642,0,0,4
4,grate,Task B ,2,3,1,-10.71289711,0.033,2,40.00506419,0,0,1
4,grate,Task B ,1,1,0,4.240362213,0.05,2,356.5434097,0,0,2
4,grate,Task B ,2,4,1,-17.75670543,0.135,2,169.7650661,0,0,4
4,grate,Task B ,1,2,0,-16.4984918,0.033,2,237.0547771,0,0,1
5,grate,Task B ,1,2,0,5.637178914,0.05,2,55.68469752,0,0,2
5,grate,Task B ,2,4,0,-5.204437733,0.067,1,228.9362266,0,0,3
5,grate,Task B ,1,1,0,2.934017801,0.033,2,279.6260506,0,0,1
5,grate,Task B ,1,4,0,-5.205974356,0.05,2,300.7227816,0,0,2
5,grate,Task B ,1,1,0,22.4124203,0.033,2,178.6637719,0,0,1
5,grate,Task B ,2,4,1,-7.782712097,0.067,2,321.2612836,0,0,3
6,grate,Task B ,1,3,1,3.916754407,0.135,1,237.6768298,0,0,4
6,grate,Task B ,2,3,0,-1.835528343,0.05,1,151.9245636,0,0,2
6,grate,Task B ,1,3,1,-0.92921786,0.067,1,342.2822779,0,0,3
6,grate,Task B ,2,2,0,-2.803783909,0.067,1,165.4600487,0,0,3
6,grate,Task B ,1,3,1,6.858815109,0.067,1,192.4191835,0,0,3
6,grate,Task B ,2,3,1,-2.559948725,0.067,2,245.8952121,0,0,3
7,grate,Task B ,1,4,1,1.363612899,0.05,1,302.4421928,0,0,2
7,grate,Task B ,2,4,1,13.25137988,0.135,2,11.63455769,0,0,4
7,grate,Task B ,1,4,1,0.787376446,0.067,1,16.99971017,0,0,3
7,grate,Task B ,2,4,1,-16.07111989,0.135,2,3.368551608,0,0,4
7,grate,Task B ,1,4,1,-2.407551298,0.033,1,4.428278489,0,0,1
7,grate,Task B ,2,4,1,-10.58995308,0.05,2,292.1189693,0,0,2
8,grate,Task B ,1,4,1,1.356593671,0.135,1,277.2439228,0,0,4
8,grate,Task B ,2,3,0,3.041572447,0.135,1,35.8936199,0,0,4
8,grate,Task B ,2,2,0,-0.015391629,0.135,1,334.2378453,0,0,4
8,grate,Task B ,2,4,1,-14.29907629,0.067,2,288.6083077,0,0,3
8,grate,Task B ,1,1,0,-2.223322216,0.033,2,353.6179711,0,0,1
8,grate,Task B ,1,4,1,-1.426661162,0.135,1,221.6713252,0,0,4
9,grate,Task B ,2,3,0,-5.406376542,0.135,1,31.1982507,0,0,4
9,grate,Task B ,1,4,0,1.590826608,0.135,2,153.6037812,0,0,4
9,grate,Task B ,1,1,1,5.662712634,0.033,1,80.50692359,0,0,1
9,grate,Task B ,2,4,1,-13.59326081,0.135,2,67.42699912,0,0,4
9,grate,Task B ,1,2,0,8.171654586,0.033,2,266.9919928,0,0,1
9,grate,Task B ,1,1,0,10.06105008,0.05,2,151.1964229,0,0,2
10,grate,Task B ,2,3,1,-1.275575355,0.067,2,312.3655197,0,0,3
10,grate,Task B ,1,2,0,8.849133249,0.135,2,314.9660688,0,0,4
10,grate,Task B ,1,1,0,-5.940126284,0.033,2,115.0497546,0,0,1
10,grate,Task B ,2,1,1,-11.04473744,0.067,2,36.09643522,0,0,3
10,grate,Task B ,1,1,0,21.32031743,0.033,2,226.8313337,0,0,1
10,grate,Task B ,1,1,1,-2.347900538,0.033,1,237.4099748,0,0,1
1,grate,Task B ,2,4,1,13.05876333,0.135,2,212.6102733,0,0,4
1,grate,Task B ,1,2,0,-1.879706197,0.067,2,167.2055454,0,0,3
1,grate,Task B ,1,3,1,-2.973153932,0.135,1,38.32718659,0,0,4
1,grate,Task B ,2,3,1,16.01386012,0.135,2,158.9713634,0,0,4
1,grate,Task B ,2,1,1,-16.63888701,0.033,2,164.4234807,0,0,1
1,grate,Task B ,2,2,1,14.77540594,0.05,2,316.7178386,0,0,2
2,grate,Task B ,2,1,0,3.640696073,0.05,1,282.0494033,0,0,2
2,grate,Task B ,2,1,0,2.246912646,0.067,1,17.42294847,0,0,3
2,grate,Task B ,2,1,0,2.253261141,0.033,1,319.5632227,0,0,1
2,grate,Task B ,2,3,1,-2.759106474,0.067,2,144.6046787,0,0,3
2,grate,Task B ,1,3,1,-0.139304715,0.05,1,188.6297738,0,0,2
2,grate,Task B ,1,2,0,6.340822669,0.067,2,245.4090302,0,0,3
3,grate,Task B ,1,4,0,-0.702926613,0.067,2,326.0811392,0,0,3
3,grate,Task B ,2,3,1,6.051608443,0.135,2,219.5098353,0,0,4
3,grate,Task B ,1,4,0,2.344122341,0.135,2,185.2335528,0,0,4
3,grate,Task B ,1,1,0,-2.119776024,0.135,2,289.2034562,0,0,4
3,grate,Task B ,2,1,0,-6.602420459,0.05,1,112.5485734,0,0,2
3,grate,Task B ,1,3,1,-2.061905362,0.05,1,289.7000948,0,0,2
4,grate,Task B ,1,3,1,-1.412452373,0.067,1,317.3404093,0,0,3
4,grate,Task B ,2,3,0,0.623916232,0.135,1,112.2566476,0,0,4
4,grate,Task B ,1,1,0,16.81746163,0.135,2,165.0106247,0,0,4
4,grate,Task B ,1,4,0,6.597767377,0.05,2,87.41096353,0,0,2
4,grate,Task B ,1,3,1,4.115077825,0.067,1,57.0604299,0,0,3
4,grate,Task B ,1,2,0,-7.096402713,0.05,2,267.8868571,0,0,2
5,grate,Task B ,2,4,1,8.132024419,0.135,2,326.3347724,0,0,4
5,grate,Task B ,2,4,1,-9.107564681,0.067,2,359.6149705,0,0,3
5,grate,Task B ,2,4,1,17.11209576,0.033,2,96.17232999,0,0,1
5,grate,Task B ,1,4,1,2.260940851,0.05,1,139.974655,0,0,2
5,grate,Task B ,2,4,1,-10.41094366,0.067,2,29.40631232,0,0,3
5,grate,Task B ,1,2,1,1.720375511,0.033,1,261.6688278,0,0,1
6,grate,Task B ,2,3,1,2.819824895,0.033,2,1.71497919,0,0,1
6,grate,Task B ,1,3,1,-3.715223226,0.135,1,268.4107904,0,0,4
6,grate,Task B ,1,3,0,8.978412695,0.033,2,346.6416706,0,0,1
6,grate,Task B ,2,3,1,15.32124711,0.067,2,94.74700619,0,0,3
6,grate,Task B ,1,2,1,-0.698585675,0.033,1,303.1937643,0,0,1
6,grate,Task B ,1,3,1,-2.832644098,0.067,1,275.6287996,0,0,3
7,grate,Task B ,1,4,1,-1.63459554,0.135,1,81.19729669,0,0,4
7,grate,Task B ,1,4,1,-2.554887587,0.135,1,349.1298005,0,0,4
7,grate,Task B ,2,4,1,12.08388437,0.135,2,348.1715161,0,0,4
7,grate,Task B ,2,4,1,-12.75424138,0.135,2,145.1615342,0,0,4
7,grate,Task B ,1,4,0,-24.94498404,0.067,2,17.40034284,0,0,3
7,grate,Task B ,1,4,0,9.368502186,0.033,2,198.4510076,0,0,1
8,grate,Task B ,2,3,1,-7.780954821,0.05,2,297.8924512,0,0,2
8,grate,Task B ,1,2,1,4.201472668,0.05,1,272.2465443,0,0,2
8,grate,Task B ,2,3,1,-3.380817489,0.135,2,335.3962063,0,0,4
8,grate,Task B ,2,1,1,7.112726386,0.05,2,278.8781965,0,0,2
8,grate,Task B ,1,1,1,-4.850401531,0.033,1,117.5909869,0,0,1
8,grate,Task B ,1,4,1,-5.850668273,0.135,1,298.2376591,0,0,4
9,grate,Task B ,2,4,0,0.003664812,0.067,1,247.9843618,0,0,3
9,grate,Task B ,1,1,1,-1.565351885,0.033,1,325.0359365,0,0,1
9,grate,Task B ,2,4,1,10.54186911,0.135,2,103.2978386,0,0,4
9,grate,Task B ,1,2,0,-14.36176188,0.067,2,158.1941473,0,0,3
9,grate,Task B ,1,4,1,-3.652188448,0.067,1,145.9434895,0,0,3
9,grate,Task B ,1,1,0,-30.50872381,0.033,2,1.281898751,0,0,1
10,grate,Task B ,1,2,0,-17.33598218,0.05,2,32.09996401,0,0,2
10,grate,Task B ,1,1,0,-17.21316296,0.033,2,219.0818388,0,0,1
10,grate,Task B ,1,2,1,3.845495089,0.135,1,262.8353336,0,0,4
10,grate,Task B ,1,1,1,0.427116575,0.05,1,32.85092067,0,0,2
10,grate,Task B ,1,2,1,0.491812867,0.135,1,232.3607008,0,0,4
10,grate,Task B ,1,1,1,0.756456932,0.033,1,152.6224162,0,0,1
1,grate,Task B ,2,2,0,3.394183452,0.05,1,279.778433,0,0,2
1,grate,Task B ,1,3,0,-7.234136125,0.05,2,317.2952498,0,0,2
1,grate,Task B ,2,3,1,-32.13515168,0.067,2,40.5194112,0,0,3
1,grate,Task B ,1,3,1,-0.922524969,0.05,1,191.1920037,0,0,2
1,grate,Task B ,2,1,0,-1.020884751,0.033,1,34.6848849,0,0,1
1,grate,Task B ,2,2,1,-14.91419319,0.067,2,150.0069712,0,0,3
2,grate,Task B ,1,3,0,-2.753118197,0.067,2,83.54947788,0,0,3
2,grate,Task B ,2,3,0,1.600229486,0.135,1,293.1402111,0,0,4
2,grate,Task B ,1,3,1,8.218495256,0.067,1,161.4760498,0,0,3
2,grate,Task B ,1,2,0,-14.06612502,0.033,2,315.4278504,0,0,1
2,grate,Task B ,2,1,1,13.98808759,0.05,2,61.28780141,0,0,2
2,grate,Task B ,1,2,0,-10.04967707,0.067,2,68.28367253,0,0,3
3,grate,Task B ,2,4,1,-8.71833834,0.135,2,193.2383922,0,0,4
3,grate,Task B ,2,4,1,-16.20801507,0.05,2,253.4622781,0,0,2
3,grate,Task B ,2,4,1,24.78696675,0.067,2,239.6382663,0,0,3
3,grate,Task B ,1,1,0,-9.939211026,0.033,2,291.8890656,0,0,1
3,grate,Task B ,1,4,1,1.573932272,0.05,1,281.01209,0,0,2
3,grate,Task B ,1,1,1,3.294341311,0.033,1,117.9513992,0,0,1
4,grate,Task B ,1,3,1,4.131926894,0.05,1,330.4061134,0,0,2
4,grate,Task B ,1,1,1,2.749536055,0.067,1,302.2754858,0,0,3
4,grate,Task B ,2,2,1,-7.21858188,0.05,2,25.27765554,0,0,2
4,grate,Task B ,1,2,0,-3.415091003,0.033,2,331.7458603,0,0,1
4,grate,Task B ,1,1,1,-2.857081378,0.05,1,248.6236444,0,0,2
4,grate,Task B ,1,1,1,4.079377108,0.033,1,57.3608818,0,0,1
5,grate,Task B ,1,1,1,0.502993027,0.033,1,119.8887193,0,0,1
5,grate,Task B ,1,2,1,-0.037502139,0.067,1,345.5952646,0,0,3
5,grate,Task B ,1,3,1,-2.431208961,0.135,1,358.1552952,0,0,4
5,grate,Task B ,1,3,0,8.414853382,0.05,2,280.8931698,0,0,2
5,grate,Task B ,1,3,1,-2.933327713,0.033,1,84.50223459,0,0,1
5,grate,Task B ,1,4,1,0.307513455,0.135,1,282.1871519,0,0,4
6,grate,Task B ,2,3,0,-0.06024412,0.135,1,193.1143844,0,0,4
6,grate,Task B ,1,2,1,-0.108414173,0.05,1,200.4985873,0,0,2
6,grate,Task B ,1,3,1,0.431787373,0.05,1,90.32690473,0,0,2
6,grate,Task B ,2,3,0,-5.982864612,0.135,1,354.1568114,0,0,4
6,grate,Task B ,1,3,1,4.102533852,0.135,1,151.9079253,0,0,4
6,grate,Task B ,1,3,1,0.817716183,0.05,1,86.79181322,0,0,2
7,grate,Task B ,1,4,0,0.546899343,0.033,2,231.8869219,0,0,1
7,grate,Task B ,1,4,1,-2.360544557,0.067,1,135.4349576,0,0,3
7,grate,Task B ,1,4,0,-3.5345894,0.05,2,159.4727348,0,0,2
7,grate,Task B ,2,4,0,-2.507777262,0.05,1,64.79861161,0,0,2
7,grate,Task B ,1,4,1,2.829087203,0.067,1,64.63323474,0,0,3
7,grate,Task B ,2,4,0,-1.280277721,0.135,1,14.60647964,0,0,4
8,grate,Task B ,1,2,1,1.820727778,0.05,1,348.7648879,0,0,2
8,grate,Task B ,1,2,1,5.449802654,0.135,1,36.03172937,0,0,4
8,grate,Task B ,2,2,1,-3.719902663,0.033,2,354.6291167,0,0,1
8,grate,Task B ,2,1,0,-6.620861845,0.033,1,62.58458173,0,0,1
8,grate,Task B ,2,4,0,-2.100060313,0.135,1,283.3625767,0,0,4
8,grate,Task B ,2,1,0,0.55596987,0.033,1,53.88641142,0,0,1
9,grate,Task B ,1,1,0,-3.691436648,0.05,2,183.4119517,0,0,2
9,grate,Task B ,1,4,1,0.344388089,0.067,1,353.9458344,0,0,3
9,grate,Task B ,2,2,1,10.02290412,0.033,2,169.4771734,0,0,1
9,grate,Task B ,1,4,1,3.718335215,0.135,1,177.5264684,0,0,4
9,grate,Task B ,1,1,0,16.68764968,0.05,2,244.9781445,0,0,2
9,grate,Task B ,1,2,1,1.390278262,0.067,1,213.1839647,0,0,3
10,grate,Task B ,1,1,0,-10.2526884,0.05,2,268.424843,0,0,2
10,grate,Task B ,1,2,0,-0.007315796,0.067,2,242.3707026,0,0,3
10,grate,Task B ,1,1,0,-8.096056338,0.067,2,306.2398954,0,0,3
10,grate,Task B ,2,2,1,-11.4745538,0.067,2,118.7471191,0,0,3
10,grate,Task B ,1,1,1,3.165461083,0.05,1,107.2308259,0,0,2
10,grate,Task B ,1,2,0,3.705727076,0.135,2,189.1136827,0,0,4
1,grate,Task B ,2,1,0,-2.377792058,0.033,1,27.84620064,0,0,1
1,grate,Task B ,1,2,0,-6.858107513,0.05,2,322.3769999,0,0,2
1,grate,Task B ,1,2,1,-5.508003485,0.135,1,312.8236394,0,0,4
1,grate,Task B ,2,3,1,-15.31623052,0.067,2,273.2890026,0,0,3
1,grate,Task B ,1,3,1,-0.012302299,0.05,1,278.1716889,0,0,2
1,grate,Task B ,2,1,0,-1.066344287,0.033,1,107.5601008,0,0,1
2,grate,Task B ,2,1,1,11.7537855,0.05,2,25.39634739,0,0,2
2,grate,Task B ,1,1,0,0.96439635,0.033,2,120.2809879,0,0,1
2,grate,Task B ,1,2,1,-0.370800689,0.067,1,344.3713222,0,0,3
2,grate,Task B ,1,2,0,13.6068438,0.05,2,181.1085214,0,0,2
2,grate,Task B ,2,3,1,-22.51815569,0.067,2,202.7946647,0,0,3
2,grate,Task B ,2,1,0,-1.56719297,0.033,1,20.6423207,0,0,1
3,grate,Task B ,1,2,0,-5.242706083,0.05,2,47.08625161,0,0,2
3,grate,Task B ,1,2,0,-5.975207626,0.033,2,264.4276985,0,0,1
3,grate,Task B ,1,3,0,1.517087311,0.05,2,96.89049561,0,0,2
3,grate,Task B ,1,1,1,-2.015892352,0.135,1,233.9456089,0,0,4
3,grate,Task B ,2,3,0,-2.450874824,0.067,1,146.4298733,0,0,3
3,grate,Task B ,1,2,1,-0.937096227,0.05,1,238.2474878,0,0,2
4,grate,Task B ,2,3,1,-12.35221823,0.067,2,9.743647266,0,0,3
4,grate,Task B ,1,4,1,1.793956639,0.05,1,222.3122502,0,0,2
4,grate,Task B ,2,3,1,-0.912230287,0.05,2,188.1275507,0,0,2
4,grate,Task B ,1,1,1,-4.730548944,0.033,1,169.1621902,0,0,1
4,grate,Task B ,1,1,1,2.780980914,0.033,1,256.8615866,0,0,1
4,grate,Task B ,2,4,1,16.64334917,0.135,2,288.4096631,0,0,4
5,grate,Task B ,1,4,1,-1.916581535,0.135,1,9.774871836,0,0,4
5,grate,Task B ,2,4,1,-19.98265753,0.05,2,11.40718229,0,0,2
5,grate,Task B ,2,4,1,19.15644283,0.135,2,277.5863037,0,0,4
5,grate,Task B ,1,4,1,2.990821999,0.05,1,300.6516914,0,0,2
5,grate,Task B ,1,2,1,3.649658178,0.033,1,13.29638092,0,0,1
5,grate,Task B ,1,2,0,-2.708256048,0.033,2,320.461683,0,0,1
6,grate,Task B ,2,3,1,30.17885023,0.033,2,5.602005459,0,0,1
6,grate,Task B ,1,3,0,-3.025247515,0.05,2,336.2514879,0,0,2
6,grate,Task B ,1,3,1,2.208723968,0.033,1,52.36167192,0,0,1
6,grate,Task B ,1,3,1,-0.645194971,0.067,1,294.7409417,0,0,3
6,grate,Task B ,2,3,1,-12.41918008,0.135,2,242.5761927,0,0,4
6,grate,Task B ,1,3,1,-2.959664756,0.05,1,180.3511764,0,0,2
7,grate,Task B ,1,4,1,-0.164091013,0.135,1,269.6870715,0,0,4
7,grate,Task B ,2,4,1,-6.785743562,0.067,2,174.5453498,0,0,3
7,grate,Task B ,1,4,1,-4.443081341,0.067,1,13.3370723,0,0,3
7,grate,Task B ,2,4,1,18.39428441,0.05,2,354.639159,0,0,2
7,grate,Task B ,1,4,0,16.73354331,0.067,2,83.325531,0,0,3
7,grate,Task B ,2,4,1,2.135385027,0.05,2,46.76208364,0,0,2
8,grate,Task B ,1,4,0,5.373040691,0.067,2,256.7652429,0,0,3
8,grate,Task B ,2,3,1,5.840700267,0.135,2,27.23634071,0,0,4
8,grate,Task B ,2,2,0,-1.638349599,0.067,1,93.78810442,0,0,3
8,grate,Task B ,1,4,1,3.836257628,0.135,1,217.7742321,0,0,4
8,grate,Task B ,2,1,0,2.557518489,0.033,1,86.74059067,0,0,1
8,grate,Task B ,1,4,1,-2.846599644,0.135,1,188.6416885,0,0,4
9,grate,Task B ,1,1,1,3.513027949,0.033,1,91.41143499,0,0,1
9,grate,Task B ,1,4,0,-0.553703268,0.05,2,89.15060369,0,0,2
9,grate,Task B ,1,1,1,3.595852641,0.05,1,138.8659033,0,0,2
9,grate,Task B ,1,4,1,-1.374482495,0.135,1,193.1286149,0,0,4
9,grate,Task B ,1,1,1,5.109578863,0.067,1,24.97959737,0,0,3
9,grate,Task B ,1,1,1,-5.893072362,0.033,1,184.3745615,0,0,1
10,grate,Task B ,1,3,1,5.407478978,0.135,1,53.91296833,0,0,4
10,grate,Task B ,1,1,0,26.74001899,0.033,2,206.4698968,0,0,1
10,grate,Task B ,1,1,1,1.205100899,0.067,1,128.60279,0,0,3
10,grate,Task B ,1,1,0,1.274393536,0.05,2,101.4469235,0,0,2
10,grate,Task B ,1,1,0,4.23105906,0.033,2,157.4375475,0,0,1
10,grate,Task B ,1,1,1,-1.608687947,0.033,1,268.4421776,0,0,1
1,grate,Task B ,1,2,1,-3.686122665,0.05,1,58.35660055,0,0,2
1,grate,Task B ,1,3,1,-3.126090184,0.135,1,57.52479964,0,0,4
1,grate,Task B ,1,1,0,-5.272104058,0.033,2,59.39218115,0,0,1
1,grate,Task B ,2,1,0,-2.838160936,0.033,1,277.0211036,0,0,1
1,grate,Task B ,1,2,1,1.893970809,0.135,1,15.13329141,0,0,4
1,grate,Task B ,1,3,0,-2.546744937,0.135,2,333.6953157,0,0,4
2,grate,Task B ,1,3,1,-0.436274218,0.135,1,238.0189946,0,0,4
2,grate,Task B ,2,3,1,-14.10333251,0.135,2,249.6803234,0,0,4
2,grate,Task B ,2,1,0,-6.416418905,0.033,1,357.3510614,0,0,1
2,grate,Task B ,1,1,1,3.138078268,0.033,1,226.5529405,0,0,1
2,grate,Task B ,2,3,1,-12.12537984,0.067,2,227.0167961,0,0,3
2,grate,Task B ,1,2,1,1.549320271,0.033,1,132.0675942,0,0,1
3,grate,Task B ,1,2,1,1.010544698,0.135,1,115.8085455,0,0,4
3,grate,Task B ,1,4,1,-0.611750404,0.135,1,130.2104999,0,0,4
3,grate,Task B ,2,4,1,-20.5873876,0.135,2,282.3391266,0,0,4
3,grate,Task B ,1,1,0,0.825225744,0.033,2,50.76101798,0,0,1
3,grate,Task B ,1,2,1,-2.506022149,0.05,1,10.83504508,0,0,2
3,grate,Task B ,1,2,1,1.977426458,0.05,1,99.32839505,0,0,2
4,grate,Task B ,2,4,1,-18.71839695,0.135,2,148.6496014,0,0,4
4,grate,Task B ,2,2,1,24.40370812,0.05,2,170.3531747,0,0,2
4,grate,Task B ,2,4,0,-3.478407672,0.135,1,174.5245635,0,0,4
4,grate,Task B ,1,4,1,-5.749159078,0.067,1,283.8264945,0,0,3
4,grate,Task B ,1,1,1,2.699981977,0.033,1,148.1755719,0,0,1
4,grate,Task B ,1,1,0,-7.352743245,0.05,2,124.9843076,0,0,2
5,grate,Task B ,2,4,1,7.886461514,0.135,2,205.6674517,0,0,4
5,grate,Task B ,1,3,1,-5.16407143,0.05,1,244.2641718,0,0,2
5,grate,Task B ,2,4,1,-2.088566065,0.135,2,297.1530319,0,0,4
5,grate,Task B ,2,4,1,17.21843307,0.05,2,356.2011986,0,0,2
5,grate,Task B ,2,4,1,18.15512039,0.067,2,223.5581177,0,0,3
5,grate,Task B ,1,3,1,1.163062559,0.067,1,49.62262909,0,0,3
6,grate,Task B ,2,3,1,-5.728197681,0.135,2,87.9026765,0,0,4
6,grate,Task B ,2,2,1,-2.151448558,0.067,2,200.6627678,0,0,3
6,grate,Task B ,2,3,1,-3.393095016,0.135,2,316.4052011,0,0,4
6,grate,Task B ,2,3,1,9.004955939,0.05,2,178.9789767,0,0,2
6,grate,Task B ,1,3,1,3.685086739,0.067,1,342.8652855,0,0,3
6,grate,Task B ,1,3,1,-0.708570884,0.033,1,149.0231469,0,0,1
7,grate,Task B ,1,4,1,-1.484586624,0.135,1,136.6711257,0,0,4
7,grate,Task B ,2,4,1,-1.988629644,0.033,2,88.65651361,0,0,1
7,grate,Task B ,1,4,0,8.400737858,0.135,2,135.654168,0,0,4
7,grate,Task B ,2,4,1,-12.59457938,0.067,2,300.3150145,0,0,3
7,grate,Task B ,1,4,1,-0.509970742,0.067,1,41.76663586,0,0,3
7,grate,Task B ,2,4,1,-19.70028987,0.067,2,62.25440099,0,0,3
8,grate,Task B ,1,1,0,-10.00798195,0.033,2,39.20099032,0,0,1
8,grate,Task B ,1,2,0,14.99400097,0.05,2,147.6035747,0,0,2
8,grate,Task B ,2,1,1,-8.331016818,0.033,2,80.6389319,0,0,1
8,grate,Task B ,1,4,0,0.25601814,0.135,2,101.8342316,0,0,4
8,grate,Task B ,1,1,0,4.661958669,0.067,2,58.42731564,0,0,3
8,grate,Task B ,1,3,0,8.441083269,0.05,2,9.825670937,0,0,2
9,grate,Task B ,1,1,0,3.347679644,0.033,2,60.17176834,0,0,1
9,grate,Task B ,2,1,1,-6.590458751,0.067,2,49.67744536,0,0,3
9,grate,Task B ,1,1,0,-1.019291938,0.05,2,244.3438,0,0,2
9,grate,Task B ,1,4,1,0.676167281,0.05,1,337.3670152,0,0,2
9,grate,Task B ,2,2,0,6.056626507,0.135,1,352.5012668,0,0,4
9,grate,Task B ,2,4,0,2.991734726,0.135,1,253.0532948,0,0,4
10,grate,Task B ,1,2,0,-11.92602136,0.05,2,197.1587108,0,0,2
10,grate,Task B ,1,1,0,10.88694865,0.033,2,61.46114416,0,0,1
10,grate,Task B ,1,1,0,1.880822875,0.05,2,41.89340661,0,0,2
10,grate,Task B ,2,2,1,-11.45991864,0.067,2,106.821199,0,0,3
10,grate,Task B ,2,2,1,-16.27168038,0.05,2,272.3367558,0,0,2
10,grate,Task B ,1,1,1,-3.188260902,0.067,1,207.0913205,0,0,3
1,grate,Task B ,1,1,1,5.514625352,0.05,1,302.925737,0,0,2
1,grate,Task B ,1,1,0,4.495456996,0.033,2,202.0574151,0,0,1
1,grate,Task B ,1,3,1,-0.267477583,0.05,1,131.7798716,0,0,2
1,grate,Task B ,1,1,1,2.693934368,0.05,1,238.0674367,0,0,2
1,grate,Task B ,1,3,1,3.159287715,0.135,1,321.6609829,0,0,4
1,grate,Task B ,1,3,1,0.619584951,0.135,1,237.6588613,0,0,4
2,grate,Task B ,1,4,0,4.293700721,0.135,2,335.8121382,0,0,4
2,grate,Task B ,1,1,0,4.223828907,0.067,2,116.0269633,0,0,3
2,grate,Task B ,1,2,0,-11.04233683,0.033,2,348.7355393,0,0,1
2,grate,Task B ,1,2,1,-0.971821727,0.033,1,343.5300955,0,0,1
2,grate,Task B ,2,3,0,-1.689279044,0.135,1,165.5892534,0,0,4
2,grate,Task B ,2,3,1,-7.301417889,0.135,2,290.1031518,0,0,4
3,grate,Task B ,1,3,0,-3.913649287,0.05,2,76.94420196,0,0,2
3,grate,Task B ,1,3,1,0.94309349,0.135,1,269.1615359,0,0,4
3,grate,Task B ,1,2,0,0.312525855,0.05,2,95.47485566,0,0,2
3,grate,Task B ,1,1,0,-2.992939485,0.067,2,122.05052,0,0,3
3,grate,Task B ,1,2,1,0.700546143,0.033,1,184.5047794,0,0,1
3,grate,Task B ,1,1,0,7.081095737,0.033,2,96.92053185,0,0,1
4,grate,Task B ,1,3,1,0.839445038,0.067,1,73.38319153,0,0,3
4,grate,Task B ,1,1,1,1.433937965,0.033,1,309.6573424,0,0,1
4,grate,Task B ,1,2,1,4.342170258,0.033,1,351.6552332,0,0,1
4,grate,Task B ,2,4,0,3.37474832,0.135,1,38.27958289,0,0,4
4,grate,Task B ,1,4,1,2.495650204,0.067,1,274.2681823,0,0,3
4,grate,Task B ,2,4,0,0.264401083,0.067,1,116.3708972,0,0,3
5,grate,Task B ,1,4,1,2.448819201,0.033,1,29.27801876,0,0,1
5,grate,Task B ,2,4,1,-8.485966326,0.05,2,250.6076533,0,0,2
5,grate,Task B ,1,3,0,-4.485809119,0.05,2,275.0172979,0,0,2
5,grate,Task B ,1,2,1,-2.050355707,0.033,1,160.1034359,0,0,1
5,grate,Task B ,1,3,1,-3.676991123,0.067,1,123.5291852,0,0,3
5,grate,Task B ,2,2,0,-3.551535852,0.033,1,277.9154715,0,0,1
6,grate,Task B ,2,3,0,-1.57614675,0.033,1,91.22492217,0,0,1
6,grate,Task B ,1,3,0,-1.126257201,0.067,2,308.7170215,0,0,3
6,grate,Task B ,2,2,1,2.57063667,0.135,2,63.41799281,0,0,4
6,grate,Task B ,2,3,0,1.094133221,0.067,1,269.0159497,0,0,3
6,grate,Task B ,1,3,1,3.805269047,0.05,1,129.4193009,0,0,2
6,grate,Task B ,1,2,1,2.504678129,0.033,1,136.0487609,0,0,1
7,grate,Task B ,2,4,1,6.524662967,0.135,2,152.0266977,0,0,4
7,grate,Task B ,1,4,1,-3.569267625,0.05,1,242.0402483,0,0,2
7,grate,Task B ,2,4,0,-4.39677786,0.135,1,265.8897368,0,0,4
7,grate,Task B ,1,4,1,4.217501838,0.135,1,133.8021508,0,0,4
7,grate,Task B ,1,4,1,-2.405017462,0.067,1,183.2157184,0,0,3
7,grate,Task B ,1,4,0,-6.188966177,0.05,2,104.8521531,0,0,2
8,grate,Task B ,2,1,1,3.881149415,0.033,2,121.8570261,0,0,1
8,grate,Task B ,1,3,1,1.263546393,0.067,1,63.24001566,0,0,3
8,grate,Task B ,2,3,0,-0.878371904,0.135,1,63.54765302,0,0,4
8,grate,Task B ,2,1,0,1.653520353,0.033,1,118.6273924,0,0,1
8,grate,Task B ,2,3,0,-0.822345461,0.067,1,189.8472015,0,0,3
8,grate,Task B ,2,1,1,1.806075522,0.05,2,192.4266606,0,0,2
9,grate,Task B ,1,4,1,-0.251991954,0.135,1,120.6148125,0,0,4
9,grate,Task B ,2,1,0,1.533986957,0.033,1,310.7667376,0,0,1
9,grate,Task B ,2,2,1,-20.87582238,0.05,2,248.5223276,0,0,2
9,grate,Task B ,1,1,0,-4.731832943,0.135,2,328.8102767,0,0,4
9,grate,Task B ,2,3,0,-4.117666038,0.067,1,5.632251527,0,0,3
9,grate,Task B ,2,2,1,7.062020886,0.067,2,288.8729535,0,0,3
10,grate,Task B ,2,2,1,-8.074940515,0.135,2,34.75339905,0,0,4
10,grate,Task B ,1,1,0,-4.150685506,0.033,2,148.9665323,0,0,1
10,grate,Task B ,1,2,1,0.933497851,0.067,1,3.49135455,0,0,3
10,grate,Task B ,1,2,1,0.235974382,0.05,1,330.8916918,0,0,2
10,grate,Task B ,1,1,0,-11.75900352,0.05,2,351.499058,0,0,2
10,grate,Task B ,1,2,1,1.113757036,0.067,1,50.99736693,0,0,3
1,grate,Task B ,2,2,0,-0.952285538,0.033,1,277.5757365,0,0,1
1,grate,Task B ,2,2,1,-3.361455956,0.067,2,164.6346298,0,0,3
1,grate,Task B ,1,2,1,5.47040953,0.067,1,315.2015389,0,0,3
1,grate,Task B ,2,4,1,16.20274015,0.135,2,212.9560256,0,0,4
1,grate,Task B ,2,2,1,-31.6698553,0.067,2,269.7020159,0,0,3
1,grate,Task B ,1,2,1,0.073814607,0.135,1,45.9519251,0,0,4
2,grate,Task B ,1,1,0,-10.80192088,0.033,2,26.60123942,0,0,1
2,grate,Task B ,1,1,0,-15.7450081,0.033,2,209.5297735,0,0,1
2,grate,Task B ,1,2,0,5.045194401,0.033,2,149.9760584,0,0,1
2,grate,Task B ,2,2,1,-27.02816749,0.05,2,248.9138992,0,0,2
2,grate,Task B ,2,3,0,-6.250207921,0.05,1,175.6857481,0,0,2
2,grate,Task B ,1,3,1,-1.202941574,0.135,1,296.0578079,0,0,4
3,grate,Task B ,1,2,0,-7.868897982,0.033,2,23.19358042,0,0,1
3,grate,Task B ,2,4,1,15.27070061,0.05,2,91.0077811,0,0,2
3,grate,Task B ,2,4,1,19.79742116,0.067,2,270.6701188,0,0,3
3,grate,Task B ,2,4,1,16.96984345,0.067,2,126.839237,0,0,3
3,grate,Task B ,1,2,0,3.031706663,0.05,2,96.11097497,0,0,2
3,grate,Task B ,1,3,0,10.17632508,0.05,2,253.3333318,0,0,2
4,grate,Task B ,2,4,1,-8.939130616,0.135,2,43.20855241,0,0,4
4,grate,Task B ,1,4,0,7.741670805,0.05,2,305.2623649,0,0,2
4,grate,Task B ,2,4,1,-15.42398869,0.067,2,161.449957,0,0,3
4,grate,Task B ,1,1,1,-4.447317576,0.067,1,60.48280384,0,0,3
4,grate,Task B ,1,1,1,2.378177175,0.033,1,226.055255,0,0,1
4,grate,Task B ,1,4,1,0.068296065,0.067,1,207.2407939,0,0,3
5,grate,Task B ,1,1,1,0.034056983,0.033,1,297.2041247,0,0,1
5,grate,Task B ,1,2,1,3.396697858,0.067,1,99.9435157,0,0,3
5,grate,Task B ,2,4,1,-9.573316025,0.067,2,231.9307599,0,0,3
5,grate,Task B ,1,4,0,3.122961122,0.05,2,214.7257844,0,0,2
5,grate,Task B ,1,2,1,-2.259637878,0.067,1,203.5282101,0,0,3
5,grate,Task B ,1,1,1,-0.317345077,0.033,1,219.8996128,0,0,1
6,grate,Task B ,1,2,0,19.49427956,0.033,2,11.98629618,0,0,1
6,grate,Task B ,2,2,0,-3.81717965,0.067,1,301.5507115,0,0,3
6,grate,Task B ,1,3,1,-2.653641175,0.033,1,115.1466074,0,0,1
6,grate,Task B ,1,3,0,8.17062512,0.033,2,284.8482255,0,0,1
6,grate,Task B ,1,3,1,0.892147138,0.05,1,301.6466798,0,0,2
6,grate,Task B ,1,3,1,3.455898472,0.135,1,52.37587337,0,0,4
7,grate,Task B ,1,4,1,0.512943245,0.067,1,344.2333654,0,0,3
7,grate,Task B ,1,1,0,-0.022962845,0.067,2,96.37600136,0,0,3
7,grate,Task B ,1,4,1,0.558018304,0.05,1,266.5355845,0,0,2
7,grate,Task B ,1,4,0,-1.666817166,0.033,2,143.1266642,0,0,1
7,grate,Task B ,1,4,1,3.132413842,0.135,1,155.375563,0,0,4
7,grate,Task B ,2,4,1,9.986789434,0.067,2,54.15343019,0,0,3
8,grate,Task B ,2,4,1,-14.04520021,0.135,2,160.7321934,0,0,4
8,grate,Task B ,1,1,1,3.080725251,0.033,1,105.9997044,0,0,1
8,grate,Task B ,1,1,0,18.96429408,0.05,2,263.9811675,0,0,2
8,grate,Task B ,1,3,1,4.314444062,0.067,1,90.45995846,0,0,3
8,grate,Task B ,2,1,1,15.54080869,0.05,2,57.71781803,0,0,2
8,grate,Task B ,2,2,0,-4.417145631,0.067,1,322.0901703,0,0,3
9,grate,Task B ,2,1,0,-0.932763421,0.033,1,339.9845913,0,0,1
9,grate,Task B ,2,1,1,4.918870073,0.05,2,273.857182,0,0,2
9,grate,Task B ,1,4,1,1.143290811,0.067,1,37.97180897,0,0,3
9,grate,Task B ,1,4,1,3.270026336,0.067,1,137.1036593,0,0,3
9,grate,Task B ,1,1,0,16.69404909,0.033,2,107.4500936,0,0,1
9,grate,Task B ,1,4,1,-1.950585197,0.135,1,259.2373879,0,0,4
10,grate,Task B ,1,3,1,3.446426762,0.067,1,205.1384375,0,0,3
10,grate,Task B ,1,1,1,-0.59454622,0.033,1,175.093257,0,0,1
10,grate,Task B ,1,1,1,0.565587989,0.135,1,130.4688935,0,0,4
10,grate,Task B ,1,1,1,4.399587094,0.135,1,92.32670324,0,0,4
10,grate,Task B ,1,1,1,2.27434571,0.033,1,280.2405458,0,0,1
10,grate,Task B ,1,1,1,0.820681195,0.05,1,220.1303286,0,0,2
1,grate,Task B ,1,2,1,-1.245709382,0.067,1,85.13829174,0,0,3
1,grate,Task B ,1,1,0,-32.81462536,0.033,2,175.7554435,0,0,1
1,grate,Task B ,2,4,1,29.44499962,0.135,2,36.95549759,0,0,4
1,grate,Task B ,1,2,1,3.059663933,0.05,1,201.98765,0,0,2
1,grate,Task B ,1,1,0,6.071479841,0.033,2,81.90721586,0,0,1
1,grate,Task B ,1,3,1,-2.512643361,0.067,1,36.89831561,0,0,3
2,grate,Task B ,2,1,0,2.5555069,0.033,1,194.703961,0,0,1
2,grate,Task B ,2,4,1,-22.18268727,0.135,2,131.0583525,0,0,4
2,grate,Task B ,2,3,1,19.42411378,0.135,2,11.11236225,0,0,4
2,grate,Task B ,2,1,1,11.94241468,0.067,2,230.5853788,0,0,3
2,grate,Task B ,1,1,0,-3.462087128,0.033,2,296.8454545,0,0,1
2,grate,Task B ,1,2,1,-7.631481556,0.033,1,198.1111237,0,0,1
3,grate,Task B ,2,1,0,-3.910696726,0.135,1,260.4202072,0,0,4
3,grate,Task B ,1,2,1,-2.43673052,0.033,1,347.886535,0,0,1
3,grate,Task B ,2,3,0,2.551925473,0.135,1,212.4993887,0,0,4
3,grate,Task B ,1,3,1,0.24455545,0.135,1,78.03476977,0,0,4
3,grate,Task B ,1,3,1,0.489954258,0.135,1,264.972954,0,0,4
3,grate,Task B ,2,1,1,-3.609880604,0.135,2,165.2488104,0,0,4
4,grate,Task B ,1,1,1,-0.657638475,0.05,1,87.58283062,0,0,2
4,grate,Task B ,1,1,0,0.768628334,0.033,2,342.3586675,0,0,1
4,grate,Task B ,2,4,1,11.13976758,0.067,2,330.3209438,0,0,3
4,grate,Task B ,1,4,0,2.262182183,0.067,2,312.8038542,0,0,3
4,grate,Task B ,1,3,1,-0.742646228,0.067,1,181.3319631,0,0,3
4,grate,Task B ,1,2,1,-2.664548309,0.067,1,258.099027,0,0,3
5,grate,Task B ,1,4,1,4.333258237,0.05,1,38.01003173,0,0,2
5,grate,Task B ,1,4,1,-1.29599049,0.067,1,140.9146212,0,0,3
5,grate,Task B ,2,4,0,-2.821981047,0.135,1,22.16082554,0,0,4
5,grate,Task B ,2,1,0,0.695155856,0.135,1,169.4844293,0,0,4
5,grate,Task B ,1,3,1,3.464005471,0.135,1,299.4129871,0,0,4
5,grate,Task B ,1,2,0,3.455519769,0.033,2,12.68777615,0,0,1
6,grate,Task B ,2,3,0,2.404884371,0.05,1,163.6719744,0,0,2
6,grate,Task B ,1,3,0,1.745337691,0.05,2,54.74198138,0,0,2
6,grate,Task B ,1,3,1,-0.225289522,0.067,1,77.66869331,0,0,3
6,grate,Task B ,1,3,0,0.43109585,0.135,2,137.6358018,0,0,4
6,grate,Task B ,2,3,1,-16.84503696,0.135,2,240.3076007,0,0,4
6,grate,Task B ,1,3,0,-5.401792416,0.033,2,190.2138458,0,0,1
7,grate,Task B ,1,4,1,-0.828224349,0.067,1,314.795935,0,0,3
7,grate,Task B ,1,4,1,0.823954959,0.033,1,20.15079338,0,0,1
7,grate,Task B ,1,4,0,9.501098166,0.05,2,304.9296179,0,0,2
7,grate,Task B ,1,4,1,-4.617765807,0.135,1,259.4437801,0,0,4
7,grate,Task B ,1,4,1,-2.441668426,0.033,1,81.31819377,0,0,1
7,grate,Task B ,2,4,1,15.81473251,0.067,2,224.8615175,0,0,3
8,grate,Task B ,1,1,0,-25.25370255,0.033,2,89.16613219,0,0,1
8,grate,Task B ,1,3,1,-2.997664557,0.135,1,258.7821762,0,0,4
8,grate,Task B ,2,1,0,7.483955995,0.033,1,133.398441,0,0,1
8,grate,Task B ,2,2,1,-9.787197427,0.067,2,256.4294969,0,0,3
8,grate,Task B ,2,1,0,-0.701703294,0.033,1,147.7805412,0,0,1
8,grate,Task B ,2,1,0,-2.453869849,0.033,1,314.2822342,0,0,1
9,grate,Task B ,2,1,0,-2.377961007,0.033,1,77.78240607,0,0,1
9,grate,Task B ,2,4,1,11.08022118,0.135,2,259.7907376,0,0,4
9,grate,Task B ,1,2,1,-1.804003257,0.033,1,23.96161308,0,0,1
9,grate,Task B ,1,4,1,3.204200029,0.135,1,282.4276083,0,0,4
9,grate,Task B ,1,4,1,-0.596744993,0.067,1,33.76741608,0,0,3
9,grate,Task B ,2,1,1,-15.62000158,0.033,2,109.5424101,0,0,1
10,grate,Task B ,1,2,1,-1.45394151,0.05,1,295.2074121,0,0,2
10,grate,Task B ,1,1,1,2.427861578,0.033,1,7.189344755,0,0,1
10,grate,Task B ,1,1,0,7.771235548,0.033,2,54.70977185,0,0,1
10,grate,Task B ,1,1,1,-0.712129549,0.033,1,315.4788775,0,0,1
10,grate,Task B ,2,2,0,-3.490914531,0.135,1,249.5001215,0,0,4
10,grate,Task B ,1,2,1,-0.73360655,0.067,1,119.799023,0,0,3
1,grate,Task B ,1,1,0,-4.499957158,0.033,2,61.24613421,0,0,1
1,grate,Task B ,1,2,1,7.249010851,0.135,1,180.8084315,0,0,4
1,grate,Task B ,1,2,0,-4.309499542,0.135,2,63.03784366,0,0,4
1,grate,Task B ,1,3,0,7.80884535,0.067,2,103.3487777,0,0,3
1,grate,Task B ,1,3,1,4.172132282,0.135,1,169.0160885,0,0,4
1,grate,Task B ,1,3,1,-0.68379288,0.135,1,290.8272501,0,0,4
2,grate,Task B ,1,1,1,-1.989421757,0.033,1,60.12463408,0,0,1
2,grate,Task B ,1,1,0,6.380971097,0.05,2,14.75943973,0,0,2
2,grate,Task B ,1,1,1,3.279599356,0.033,1,143.7862992,0,0,1
2,grate,Task B ,2,3,0,-5.821494104,0.135,1,104.9416243,0,0,4
2,grate,Task B ,1,1,0,8.667804717,0.05,2,180.1813795,0,0,2
2,grate,Task B ,2,3,1,10.71684218,0.135,2,222.6296058,0,0,4
3,grate,Task B ,2,1,1,-15.09060914,0.033,2,14.99538594,0,0,1
3,grate,Task B ,2,4,1,-6.853718439,0.067,2,267.3301827,0,0,3
3,grate,Task B ,1,1,0,25.2231045,0.033,2,206.0024567,0,0,1
3,grate,Task B ,2,4,1,-9.411574132,0.135,2,312.4524829,0,0,4
3,grate,Task B ,1,1,1,1.514579383,0.033,1,358.0526774,0,0,1
3,grate,Task B ,1,4,1,-0.433012452,0.135,1,140.4751237,0,0,4
4,grate,Task B ,2,4,1,-11.71758799,0.135,2,336.4970237,0,0,4
4,grate,Task B ,1,2,0,9.860794402,0.05,2,102.1899174,0,0,2
4,grate,Task B ,2,2,0,-0.198164442,0.067,1,45.94416427,0,0,3
4,grate,Task B ,2,4,1,-9.221778102,0.067,2,234.0285534,0,0,3
4,grate,Task B ,1,3,1,-0.356670463,0.067,1,28.92731126,0,0,3
4,grate,Task B ,1,4,1,-0.189931336,0.135,1,189.3459763,0,0,4
5,grate,Task B ,1,2,0,4.666203591,0.135,2,40.76763946,0,0,4
5,grate,Task B ,2,4,0,3.205119962,0.033,1,234.5446084,0,0,1
5,grate,Task B ,1,3,1,0.947189223,0.05,1,264.580941,0,0,2
5,grate,Task B ,1,4,1,-0.906666992,0.05,1,40.27630219,0,0,2
5,grate,Task B ,1,3,1,-3.94749407,0.135,1,216.9105675,0,0,4
5,grate,Task B ,2,2,0,-6.308949161,0.05,1,310.0907349,0,0,2
6,grate,Task B ,2,3,1,-5.041275804,0.135,2,309.8319297,0,0,4
6,grate,Task B ,1,3,1,5.743891784,0.033,1,209.5871283,0,0,1
6,grate,Task B ,2,3,1,-14.84591608,0.05,2,274.7582623,0,0,2
6,grate,Task B ,1,3,1,3.101193435,0.067,1,199.9898814,0,0,3
6,grate,Task B ,2,3,1,-2.357896854,0.033,2,330.8116481,0,0,1
6,grate,Task B ,2,3,1,-5.432975905,0.067,2,206.8605467,0,0,3
7,grate,Task B ,1,4,1,0.878146028,0.033,1,353.1654877,0,0,1
7,grate,Task B ,1,4,1,-4.618283075,0.067,1,51.526389,0,0,3
7,grate,Task B ,1,4,1,-3.393431171,0.135,1,216.0923584,0,0,4
7,grate,Task B ,2,4,1,-11.85921013,0.067,2,354.6903054,0,0,3
7,grate,Task B ,2,4,1,10.29481899,0.135,2,310.696761,0,0,4
7,grate,Task B ,2,4,1,-8.881113718,0.135,2,346.8437232,0,0,4
8,grate,Task B ,1,1,1,-0.797598166,0.033,1,47.34510406,0,0,1
8,grate,Task B ,1,4,1,-1.596072718,0.135,1,304.9851513,0,0,4
8,grate,Task B ,2,3,1,-3.7501138,0.067,2,62.14894079,0,0,3
8,grate,Task B ,2,2,0,-4.302052429,0.067,1,40.75300678,0,0,3
8,grate,Task B ,2,2,0,-3.059685125,0.05,1,138.0177955,0,0,2
8,grate,Task B ,2,1,0,1.785873584,0.033,1,14.67271351,0,0,1
9,grate,Task B ,1,1,0,4.425051661,0.033,2,216.1435617,0,0,1
9,grate,Task B ,1,4,0,3.169868008,0.135,2,225.1012388,0,0,4
9,grate,Task B ,2,3,1,-24.72648084,0.135,2,233.7800267,0,0,4
9,grate,Task B ,1,4,0,0.535688806,0.033,2,25.17086945,0,0,1
9,grate,Task B ,2,2,1,2.88391128,0.05,2,278.3903444,0,0,2
9,grate,Task B ,2,3,1,23.59133085,0.05,2,79.62531322,0,0,2
10,grate,Task B ,2,2,1,25.88388614,0.067,2,136.3187041,0,0,3
10,grate,Task B ,1,2,1,-0.045533811,0.05,1,119.5968671,0,0,2
10,grate,Task B ,1,2,1,0.801466956,0.033,1,275.7942783,0,0,1
10,grate,Task B ,1,2,0,-13.19146136,0.05,2,172.3773175,0,0,2
10,grate,Task B ,1,1,1,0.202665499,0.033,1,98.72354147,0,0,1
10,grate,Task B ,2,1,1,-10.14664023,0.067,2,42.72129179,0,0,3
1,grate,Task B ,1,3,1,-3.20878052,0.135,1,301.4913989,0,0,4
1,grate,Task B ,1,2,1,-5.138236032,0.067,1,90.81157783,0,0,3
1,grate,Task B ,1,3,0,1.507303009,0.05,2,135.3892794,0,0,2
1,grate,Task B ,1,1,0,15.08162533,0.033,2,264.6940339,0,0,1
1,grate,Task B ,2,1,1,-18.59592852,0.05,2,173.1871601,0,0,2
1,grate,Task B ,1,3,1,0.714099076,0.135,1,314.2038245,0,0,4
2,grate,Task B ,1,2,0,1.69432168,0.135,2,9.533201505,0,0,4
2,grate,Task B ,1,3,1,-0.316245469,0.067,1,327.0440586,0,0,3
2,grate,Task B ,1,2,0,-7.142602242,0.033,2,97.9183287,0,0,1
2,grate,Task B ,2,3,1,4.50794256,0.135,2,166.9846157,0,0,4
2,grate,Task B ,2,3,1,-10.22167074,0.135,2,347.0742389,0,0,4
2,grate,Task B ,1,3,1,-0.679756974,0.033,1,33.76394009,0,0,1
3,grate,Task B ,2,4,1,15.16986545,0.067,2,94.25706524,0,0,3
3,grate,Task B ,2,2,1,7.365613306,0.135,2,131.0387563,0,0,4
3,grate,Task B ,1,2,1,7.634853154,0.033,1,106.4955024,0,0,1
3,grate,Task B ,2,3,0,-1.951578863,0.135,1,305.9612681,0,0,4
3,grate,Task B ,1,3,1,-0.272727038,0.135,1,14.56923729,0,0,4
3,grate,Task B ,2,2,1,5.143980399,0.067,2,202.2098472,0,0,3
4,grate,Task B ,1,3,0,4.120842064,0.067,2,105.9962295,0,0,3
4,grate,Task B ,1,2,0,2.900186019,0.033,2,26.53841906,0,0,1
4,grate,Task B ,2,3,0,-3.053017137,0.067,1,192.1099454,0,0,3
4,grate,Task B ,2,1,1,-8.880019936,0.067,2,289.1315133,0,0,3
4,grate,Task B ,2,2,1,-43.38261194,0.05,2,60.93582732,0,0,2
4,grate,Task B ,1,1,0,-0.872115789,0.05,2,216.2131067,0,0,2
5,grate,Task B ,1,4,1,-0.7276756,0.05,1,350.0677995,0,0,2
5,grate,Task B ,1,3,0,-1.894995431,0.05,2,244.8586341,0,0,2
5,grate,Task B ,1,4,1,2.535564557,0.05,1,11.13206712,0,0,2
5,grate,Task B ,1,4,1,3.555174157,0.067,1,215.5775288,0,0,3
5,grate,Task B ,1,4,1,1.217638838,0.05,1,72.1819522,0,0,2
5,grate,Task B ,1,3,0,8.549344583,0.05,2,143.4863149,0,0,2
6,grate,Task B ,1,3,0,1.405085192,0.135,2,59.94507263,0,0,4
6,grate,Task B ,1,3,1,-5.555247401,0.05,1,335.6787702,0,0,2
6,grate,Task B ,1,3,1,-1.630145221,0.135,1,178.5824885,0,0,4
6,grate,Task B ,2,3,0,-0.523753641,0.067,1,204.1936938,0,0,3
6,grate,Task B ,2,2,1,13.12167878,0.033,2,65.23401368,0,0,1
6,grate,Task B ,1,3,1,5.421525586,0.067,1,207.8497989,0,0,3
7,grate,Task B ,1,4,0,0.138773263,0.05,2,211.5659003,0,0,2
7,grate,Task B ,2,4,0,3.985450761,0.067,1,149.6840306,0,0,3
7,grate,Task B ,1,1,1,5.00019334,0.135,1,233.0635393,0,0,4
7,grate,Task B ,2,4,1,-1.932280919,0.05,2,188.0146847,0,0,2
7,grate,Task B ,1,1,1,-1.481575715,0.135,1,38.56865418,0,0,4
7,grate,Task B ,1,1,0,11.66668914,0.135,2,291.1328581,0,0,4
8,grate,Task B ,2,2,0,4.897139872,0.033,1,300.4658986,0,0,1
8,grate,Task B ,2,1,1,-1.89347905,0.05,2,235.4341178,0,0,2
8,grate,Task B ,2,4,1,-8.182122149,0.067,2,285.7257374,0,0,3
8,grate,Task B ,1,1,1,-0.500140124,0.033,1,240.9406871,0,0,1
8,grate,Task B ,2,3,0,-3.315717508,0.135,1,131.8113134,0,0,4
8,grate,Task B ,1,3,1,1.339882025,0.05,1,111.979508,0,0,2
9,grate,Task B ,2,4,0,-5.777941361,0.135,1,159.0981113,0,0,4
9,grate,Task B ,1,4,1,1.690639391,0.067,1,250.5172884,0,0,3
9,grate,Task B ,1,4,1,-2.539495298,0.067,1,272.865188,0,0,3
9,grate,Task B ,1,2,1,4.892603389,0.033,1,256.4444508,0,0,1
9,grate,Task B ,1,1,0,-6.465182459,0.033,2,244.138435,0,0,1
9,grate,Task B ,1,4,0,4.365074837,0.135,2,323.2423088,0,0,4
10,grate,Task B ,1,3,1,2.158839271,0.05,1,115.3981164,0,0,2
10,grate,Task B ,1,1,1,0.086752089,0.067,1,153.9836566,0,0,3
10,grate,Task B ,1,1,1,1.205191395,0.067,1,271.9378992,0,0,3
10,grate,Task B ,1,1,0,-2.429353329,0.033,2,191.2199117,0,0,1
10,grate,Task B ,1,1,1,0.658792684,0.05,1,121.6730627,0,0,2
10,grate,Task B ,2,2,1,22.39690406,0.135,2,191.4456564,0,0,4
1,grate,Task B ,2,3,1,-20.86840778,0.05,2,141.6702182,0,0,2
1,grate,Task B ,1,2,0,-7.047021077,0.05,2,138.2003338,0,0,2
1,grate,Task B ,2,2,0,-3.952898453,0.033,1,122.6164685,0,0,1
1,grate,Task B ,1,1,1,3.306110659,0.033,1,293.6884621,0,0,1
1,grate,Task B ,2,1,0,-4.170724724,0.033,1,232.0588569,0,0,1
1,grate,Task B ,1,3,0,-8.799920442,0.05,2,158.8613548,0,0,2
2,grate,Task B ,2,3,1,23.19637759,0.135,2,186.6098315,0,0,4
2,grate,Task B ,2,2,1,16.55884584,0.067,2,316.6480182,0,0,3
2,grate,Task B ,1,1,0,0.93050255,0.05,2,269.0836611,0,0,2
2,grate,Task B ,2,4,1,13.29275901,0.135,2,200.0662889,0,0,4
2,grate,Task B ,1,1,1,-3.82013709,0.067,1,249.6196325,0,0,3
2,grate,Task B ,1,2,1,0.15560537,0.033,1,44.05228518,0,0,1
3,grate,Task B ,1,1,0,11.74510653,0.033,2,306.2320227,0,0,1
3,grate,Task B ,1,1,0,-16.7080155,0.033,2,302.8386153,0,0,1
3,grate,Task B ,1,1,1,-4.933891964,0.033,1,153.3614573,0,0,1
3,grate,Task B ,1,1,0,7.900936447,0.033,2,11.09690301,0,0,1
3,grate,Task B ,2,3,1,-11.65142373,0.05,2,298.2782425,0,0,2
3,grate,Task B ,1,1,0,-4.357875431,0.033,2,268.794017,0,0,1
4,grate,Task B ,2,3,0,-4.155697897,0.135,1,115.4310073,0,0,4
4,grate,Task B ,1,1,0,-35.08029272,0.033,2,155.8311366,0,0,1
4,grate,Task B ,1,3,1,3.358965719,0.135,1,163.6359243,0,0,4
4,grate,Task B ,2,3,1,4.04420235,0.135,2,212.452173,0,0,4
4,grate,Task B ,2,4,1,25.34468452,0.067,2,146.694031,0,0,3
4,grate,Task B ,2,2,1,10.3280377,0.05,2,305.7021549,0,0,2
5,grate,Task B ,1,3,1,0.13370648,0.05,1,103.1956254,0,0,2
5,grate,Task B ,1,2,1,-0.815093451,0.033,1,301.3964055,0,0,1
5,grate,Task B ,1,3,1,-1.335262286,0.05,1,83.0054361,0,0,2
5,grate,Task B ,2,2,1,-2.609668615,0.135,2,0.299235968,0,0,4
5,grate,Task B ,1,1,0,12.67520445,0.033,2,275.6544079,0,0,1
5,grate,Task B ,1,4,0,-0.281802567,0.067,2,268.9082631,0,0,3
6,grate,Task B ,1,3,1,-2.710722907,0.067,1,245.2651939,0,0,3
6,grate,Task B ,2,3,0,-3.071315127,0.067,1,298.5382485,0,0,3
6,grate,Task B ,2,3,1,6.213167376,0.067,2,288.3109806,0,0,3
6,grate,Task B ,2,3,1,4.79921942,0.067,2,274.1029497,0,0,3
6,grate,Task B ,1,3,1,-3.086440058,0.067,1,144.172364,0,0,3
6,grate,Task B ,1,3,1,-2.202213569,0.067,1,350.1511537,0,0,3
7,grate,Task B ,1,4,1,-2.61835734,0.135,1,213.6909261,0,0,4
7,grate,Task B ,1,1,1,0.296343943,0.033,1,264.212831,0,0,1
7,grate,Task B ,2,4,1,-11.41309152,0.067,2,95.5164788,0,0,3
7,grate,Task B ,1,4,0,1.172101622,0.135,2,149.0991692,0,0,4
7,grate,Task B ,1,4,1,0.825284274,0.067,1,156.0415538,0,0,3
7,grate,Task B ,2,1,0,1.3672999,0.135,1,92.92718035,0,0,4
8,grate,Task B ,2,1,0,8.635098602,0.033,1,240.4097657,0,0,1
8,grate,Task B ,2,1,0,-0.948792977,0.033,1,41.7699579,0,0,1
8,grate,Task B ,1,4,1,0.720531195,0.135,1,15.36961384,0,0,4
8,grate,Task B ,1,1,0,-3.006040121,0.05,2,350.5990162,0,0,2
8,grate,Task B ,2,1,1,-7.457965269,0.067,2,212.6080787,0,0,3
8,grate,Task B ,2,3,1,-9.944525352,0.067,2,161.3224098,0,0,3
9,grate,Task B ,2,1,0,-2.916067514,0.05,1,351.1274563,0,0,2
9,grate,Task B ,1,1,1,-2.239394629,0.033,1,313.4266743,0,0,1
9,grate,Task B ,1,4,0,2.014423238,0.135,2,177.7361618,0,0,4
9,grate,Task B ,1,4,1,-1.558128452,0.135,1,206.6917158,0,0,4
9,grate,Task B ,1,4,0,-2.413039011,0.05,2,15.51981305,0,0,2
9,grate,Task B ,1,1,1,1.351849097,0.05,1,20.10579425,0,0,2
10,grate,Task B ,1,2,1,-0.908085089,0.067,1,184.464211,0,0,3
10,grate,Task B ,1,1,0,10.95901916,0.05,2,113.9937289,0,0,2
10,grate,Task B ,1,2,1,-1.087616881,0.067,1,223.7379665,0,0,3
10,grate,Task B ,1,1,0,-7.003840279,0.033,2,121.6558212,0,0,1
10,grate,Task B ,1,1,0,-7.789829131,0.067,2,259.2112206,0,0,3
10,grate,Task B ,1,2,0,0.063419613,0.05,2,326.995192,0,0,2
1,grate,Task B ,1,2,0,-6.799871153,0.067,2,348.9664045,0,0,3
1,grate,Task B ,1,1,0,13.99791756,0.033,2,142.335312,0,0,1
1,grate,Task B ,2,4,1,-21.67105204,0.135,2,302.528479,0,0,4
1,grate,Task B ,1,2,1,-1.120838118,0.05,1,250.268951,0,0,2
1,grate,Task B ,1,3,0,-7.605249845,0.067,2,108.6698798,0,0,3
1,grate,Task B ,1,1,1,-1.58576969,0.033,1,338.8219105,0,0,1
2,grate,Task B ,1,3,1,-0.077734557,0.135,1,16.9034122,0,0,4
2,grate,Task B ,1,1,0,-25.04330711,0.067,2,319.6598863,0,0,3
2,grate,Task B ,1,2,1,0.197556835,0.033,1,155.8094376,0,0,1
2,grate,Task B ,2,1,1,-0.976561517,0.033,2,125.7970881,0,0,1
2,grate,Task B ,2,2,1,-20.13097699,0.05,2,199.9531912,0,0,2
2,grate,Task B ,2,2,1,-1.744456686,0.033,2,274.486808,0,0,1
3,grate,Task B ,1,1,0,-11.96019169,0.135,2,304.5523529,0,0,4
3,grate,Task B ,1,3,1,-0.421952026,0.05,1,190.9808206,0,0,2
3,grate,Task B ,1,3,1,0.005634099,0.135,1,246.9355468,0,0,4
3,grate,Task B ,1,2,1,-1.73981274,0.033,1,290.7511268,0,0,1
3,grate,Task B ,2,3,0,7.98291172,0.05,1,305.3291109,0,0,2
3,grate,Task B ,1,3,0,1.967639822,0.05,2,269.7168179,0,0,2
4,grate,Task B ,1,1,1,-1.585050139,0.05,1,109.6414696,0,0,2
4,grate,Task B ,1,3,1,-5.663961363,0.067,1,103.0679364,0,0,3
4,grate,Task B ,2,2,0,-4.976898468,0.067,1,62.36232102,0,0,3
4,grate,Task B ,2,3,0,-1.150461284,0.067,1,293.1872749,0,0,3
4,grate,Task B ,1,1,0,-27.38299462,0.05,2,58.99441383,0,0,2
4,grate,Task B ,1,3,1,-3.487462524,0.05,1,238.1792211,0,0,2
5,grate,Task B ,1,3,0,2.764527245,0.067,2,154.8151911,0,0,3
5,grate,Task B ,1,4,0,0.912946735,0.05,2,158.2272358,0,0,2
5,grate,Task B ,2,4,1,-32.79374379,0.033,2,346.2659639,0,0,1
5,grate,Task B ,1,3,0,0.297647136,0.05,2,253.3674477,0,0,2
5,grate,Task B ,1,2,0,4.774397044,0.067,2,49.31479676,0,0,3
5,grate,Task B ,1,4,1,2.977481864,0.135,1,314.126786,0,0,4
6,grate,Task B ,1,3,0,5.495728547,0.05,2,298.7950502,0,0,2
6,grate,Task B ,1,2,0,-3.274401994,0.05,2,279.9650761,0,0,2
6,grate,Task B ,1,3,0,1.013436653,0.067,2,292.0460382,0,0,3
6,grate,Task B ,2,3,1,12.01673328,0.05,2,320.9290589,0,0,2
6,grate,Task B ,1,3,1,0.630588149,0.05,1,55.25580141,0,0,2
6,grate,Task B ,2,3,0,-7.213603831,0.135,1,220.5214304,0,0,4
7,grate,Task B ,1,4,1,-3.685388285,0.067,1,225.8486314,0,0,3
7,grate,Task B ,1,1,1,1.095589913,0.067,1,267.7752627,0,0,3
7,grate,Task B ,2,4,1,39.05912669,0.135,2,14.86186273,0,0,4
7,grate,Task B ,2,4,1,2.082043599,0.05,2,300.2811019,0,0,2
7,grate,Task B ,2,4,0,-2.953454356,0.135,1,315.2681683,0,0,4
7,grate,Task B ,1,4,0,-4.810080497,0.05,2,121.6318792,0,0,2
8,grate,Task B ,2,2,0,-0.440151638,0.067,1,58.32689811,0,0,3
8,grate,Task B ,2,4,1,12.93863148,0.135,2,78.18016027,0,0,4
8,grate,Task B ,1,1,1,-3.204188034,0.033,1,158.0953907,0,0,1
8,grate,Task B ,1,1,1,0.004948172,0.05,1,11.62791388,0,0,2
8,grate,Task B ,2,4,1,-27.72212596,0.135,2,78.34679284,0,0,4
8,grate,Task B ,1,4,1,-2.853712546,0.135,1,39.02107536,0,0,4
9,grate,Task B ,2,1,1,23.30186237,0.067,2,239.1372695,0,0,3
9,grate,Task B ,1,4,1,1.321287281,0.067,1,102.7253445,0,0,3
9,grate,Task B ,2,4,0,-2.292655871,0.135,1,184.1380393,0,0,4
9,grate,Task B ,1,4,1,-3.401345197,0.05,1,344.3713123,0,0,2
9,grate,Task B ,1,1,0,-5.699421134,0.05,2,102.2376272,0,0,2
9,grate,Task B ,2,1,0,1.550973458,0.05,1,268.1061009,0,0,2
10,grate,Task B ,1,2,1,2.525091224,0.135,1,208.1992899,0,0,4
10,grate,Task B ,1,1,1,2.213999195,0.033,1,348.4578203,0,0,1
10,grate,Task B ,1,2,0,-5.138543018,0.067,2,220.795076,0,0,3
10,grate,Task B ,1,2,0,-4.442157219,0.033,2,173.5368736,0,0,1
10,grate,Task B ,1,1,1,2.176572217,0.033,1,251.2635068,0,0,1
10,grate,Task B ,2,1,1,-21.05060083,0.135,2,76.99986046,0,0,4
1,grate,Task B ,1,2,1,-5.245560135,0.067,1,292.4161028,0,0,3
1,grate,Task B ,1,2,1,-5.755347365,0.033,1,39.15859714,0,0,1
1,grate,Task B ,2,2,1,-8.264768123,0.067,2,340.3827664,0,0,3
1,grate,Task B ,1,1,1,-5.976703341,0.033,1,240.6159761,0,0,1
1,grate,Task B ,2,1,1,14.15250635,0.033,2,272.3086265,0,0,1
1,grate,Task B ,2,1,0,3.149980564,0.135,1,355.6418045,0,0,4
2,grate,Task B ,2,1,1,10.95851403,0.033,2,2.656930815,0,0,1
2,grate,Task B ,1,1,0,2.085807307,0.033,2,62.72627672,0,0,1
2,grate,Task B ,2,2,0,0.579321527,0.033,1,64.46824292,0,0,1
2,grate,Task B ,1,2,0,-2.376879865,0.033,2,51.71461853,0,0,1
2,grate,Task B ,1,2,1,1.190337809,0.135,1,251.6225233,0,0,4
2,grate,Task B ,1,1,1,3.839431011,0.05,1,202.0933185,0,0,2
3,grate,Task B ,2,3,0,1.581939235,0.05,1,205.907713,0,0,2
3,grate,Task B ,2,4,0,-3.320041101,0.033,1,100.4092304,0,0,1
3,grate,Task B ,2,2,1,15.62187497,0.067,2,311.7388588,0,0,3
3,grate,Task B ,1,1,1,1.315470901,0.067,1,55.28276818,0,0,3
3,grate,Task B ,2,4,1,11.22835083,0.067,2,334.2622978,0,0,3
3,grate,Task B ,1,3,0,-1.892009217,0.067,2,209.0237033,0,0,3
4,grate,Task B ,1,3,1,-1.158627858,0.135,1,228.8533274,0,0,4
4,grate,Task B ,2,4,1,24.3467239,0.05,2,258.2943244,0,0,2
4,grate,Task B ,1,1,1,2.289130691,0.033,1,259.2796728,0,0,1
4,grate,Task B ,2,4,0,5.625469364,0.135,1,296.9824768,0,0,4
4,grate,Task B ,1,4,1,-1.959447759,0.135,1,180.5664026,0,0,4
4,grate,Task B ,1,3,1,2.551801923,0.05,1,291.5569801,0,0,2
5,grate,Task B ,2,4,1,9.778870687,0.135,2,0.723396048,0,0,4
5,grate,Task B ,1,1,0,4.34942534,0.067,2,45.94975568,0,0,3
5,grate,Task B ,2,4,1,5.093441462,0.033,2,328.4284603,0,0,1
5,grate,Task B ,1,4,0,0.192547274,0.067,2,51.44009229,0,0,3
5,grate,Task B ,1,3,0,-6.807424454,0.05,2,358.9912137,0,0,2
5,grate,Task B ,1,4,1,4.569482387,0.05,1,18.82618803,0,0,2
6,grate,Task B ,2,3,1,10.72909833,0.135,2,100.0544933,0,0,4
6,grate,Task B ,1,3,0,-2.188485923,0.135,2,158.5721764,0,0,4
6,grate,Task B ,1,3,1,3.121872941,0.135,1,21.00600312,0,0,4
6,grate,Task B ,1,2,0,15.86924347,0.05,2,115.2839513,0,0,2
6,grate,Task B ,1,2,1,5.757562864,0.067,1,110.9574553,0,0,3
6,grate,Task B ,1,3,1,4.497750097,0.05,1,261.4779037,0,0,2
7,grate,Task B ,1,4,0,-27.5845741,0.033,2,316.0772854,0,0,1
7,grate,Task B ,1,4,1,-1.851587203,0.05,1,181.979518,0,0,2
7,grate,Task B ,1,4,1,-1.288023381,0.067,1,341.4506323,0,0,3
7,grate,Task B ,2,4,1,7.389905335,0.05,2,299.4201421,0,0,2
7,grate,Task B ,2,1,0,-5.475463729,0.05,1,344.3064558,0,0,2
7,grate,Task B ,1,4,1,-0.22540253,0.033,1,139.5125825,0,0,1
8,grate,Task B ,2,4,0,1.922329456,0.135,1,290.5613091,0,0,4
8,grate,Task B ,2,1,1,4.147371889,0.033,2,169.5460086,0,0,1
8,grate,Task B ,2,4,1,9.057478018,0.135,2,15.0311175,0,0,4
8,grate,Task B ,2,4,1,11.52064887,0.135,2,142.1101994,0,0,4
8,grate,Task B ,1,4,0,-5.240796772,0.135,2,245.7478827,0,0,4
8,grate,Task B ,1,2,0,14.39496531,0.05,2,100.929281,0,0,2
9,grate,Task B ,1,4,1,-2.642189012,0.135,1,2.268075258,0,0,4
9,grate,Task B ,1,4,1,-1.623932403,0.033,1,63.05687713,0,0,1
9,grate,Task B ,2,1,1,7.136685814,0.033,2,214.4747816,0,0,1
9,grate,Task B ,2,1,0,-0.824623681,0.033,1,231.5533864,0,0,1
9,grate,Task B ,1,4,1,1.339187633,0.067,1,52.26066323,0,0,3
9,grate,Task B ,1,1,0,-8.465672908,0.05,2,227.8364685,0,0,2
10,grate,Task B ,1,3,0,-4.682638149,0.067,2,223.4265464,0,0,3
10,grate,Task B ,1,1,1,-1.184473777,0.135,1,270.707976,0,0,4
10,grate,Task B ,1,1,1,-3.459298036,0.033,1,248.0448771,0,0,1
10,grate,Task B ,2,1,1,16.12424357,0.067,2,298.7135432,0,0,3
10,grate,Task B ,2,1,0,-4.275689167,0.135,1,88.5189964,0,0,4
10,grate,Task B ,1,2,1,-1.700280102,0.067,1,301.4604669,0,0,3
1,grate,Task B ,1,1,1,-2.014640428,0.033,1,344.344014,0,0,1
1,grate,Task B ,2,2,1,-7.522851651,0.05,2,91.80639554,0,0,2
1,grate,Task B ,2,3,1,-7.754036227,0.135,2,118.5061738,0,0,4
1,grate,Task B ,1,3,1,2.717477895,0.135,1,349.9860629,0,0,4
1,grate,Task B ,1,2,1,3.310219511,0.067,1,284.2190047,0,0,3
1,grate,Task B ,1,3,1,-4.083650539,0.135,1,120.876833,0,0,4
2,grate,Task B ,2,2,0,-1.717188956,0.067,1,293.0447504,0,0,3
2,grate,Task B ,1,3,1,1.883262036,0.135,1,248.2050034,0,0,4
2,grate,Task B ,1,1,0,-14.11726772,0.05,2,308.0236949,0,0,2
2,grate,Task B ,1,1,1,4.139983688,0.033,1,52.61322365,0,0,1
2,grate,Task B ,2,2,1,-6.888922119,0.067,2,224.4930225,0,0,3
2,grate,Task B ,2,4,1,-11.11373566,0.135,2,327.3378769,0,0,4
3,grate,Task B ,1,1,0,-1.612487852,0.05,2,18.14188343,0,0,2
3,grate,Task B ,2,4,1,-22.65169953,0.135,2,2.36915145,0,0,4
3,grate,Task B ,1,2,1,-2.521157612,0.033,1,194.6565864,0,0,1
3,grate,Task B ,2,4,1,21.2014477,0.05,2,86.24995959,0,0,2
3,grate,Task B ,2,4,1,10.33673806,0.135,2,148.7286967,0,0,4
3,grate,Task B ,1,4,1,5.214727238,0.05,1,274.6931218,0,0,2
4,grate,Task B ,2,3,1,-13.95851977,0.135,2,271.5242789,0,0,4
4,grate,Task B ,1,2,1,1.016436153,0.067,1,243.3392153,0,0,3
4,grate,Task B ,2,3,0,-3.072432386,0.05,1,138.142349,0,0,2
4,grate,Task B ,2,3,1,-0.107106446,0.067,2,89.63697433,0,0,3
4,grate,Task B ,1,1,0,7.65369556,0.033,2,166.9554067,0,0,1
4,grate,Task B ,1,1,1,-0.487233136,0.033,1,354.5640323,0,0,1
5,grate,Task B ,1,2,1,4.212247847,0.067,1,236.7451592,0,0,3
5,grate,Task B ,1,3,1,6.990869802,0.05,1,84.69879684,0,0,2
5,grate,Task B ,1,4,0,-4.666302255,0.033,2,285.6272266,0,0,1
5,grate,Task B ,2,4,1,16.7994678,0.067,2,176.7034637,0,0,3
5,grate,Task B ,1,1,0,1.394837839,0.067,2,20.16537175,0,0,3
5,grate,Task B ,1,3,0,7.447639284,0.067,2,180.9065312,0,0,3
6,grate,Task B ,1,3,0,-11.82991673,0.033,2,353.776881,0,0,1
6,grate,Task B ,1,2,0,-3.571694605,0.033,2,205.2208347,0,0,1
6,grate,Task B ,1,3,1,-2.042910162,0.05,1,31.33969556,0,0,2
6,grate,Task B ,1,2,1,-1.29091878,0.033,1,347.0316753,0,0,1
6,grate,Task B ,1,3,1,0.734388227,0.05,1,329.2325839,0,0,2
6,grate,Task B ,2,3,1,-6.123688051,0.067,2,348.3982224,0,0,3
7,grate,Task B ,1,4,0,8.418302172,0.05,2,211.6005204,0,0,2
7,grate,Task B ,2,4,1,-9.827834876,0.135,2,132.8166905,0,0,4
7,grate,Task B ,1,4,1,-0.964627318,0.05,1,265.2779389,0,0,2
7,grate,Task B ,2,4,1,27.25264278,0.05,2,42.05598058,0,0,2
7,grate,Task B ,1,4,1,1.267806813,0.067,1,98.20282891,0,0,3
7,grate,Task B ,1,4,1,-4.361742849,0.067,1,118.1470161,0,0,3
8,grate,Task B ,2,3,0,-1.094537404,0.067,1,6.106230482,0,0,3
8,grate,Task B ,2,1,0,-5.260950466,0.05,1,32.53927616,0,0,2
8,grate,Task B ,2,3,1,1.217709297,0.05,2,309.7866099,0,0,2
8,grate,Task B ,1,1,0,-16.89269809,0.033,2,195.9614248,0,0,1
8,grate,Task B ,1,1,1,0.72804155,0.033,1,150.7402707,0,0,1
8,grate,Task B ,2,4,1,-15.84362826,0.135,2,101.3544005,0,0,4
9,grate,Task B ,1,2,1,-0.694509131,0.033,1,177.3553,0,0,1
9,grate,Task B ,1,1,0,-11.51974079,0.033,2,218.9150862,0,0,1
9,grate,Task B ,2,4,1,-10.80277525,0.135,2,158.2833486,0,0,4
9,grate,Task B ,1,2,1,1.995479867,0.05,1,299.330509,0,0,2
9,grate,Task B ,1,4,0,-4.022541506,0.067,2,38.16117334,0,0,3
9,grate,Task B ,1,4,1,-3.531698114,0.135,1,341.4828612,0,0,4
10,grate,Task B ,1,2,0,-2.221219918,0.033,2,88.72899001,0,0,1
10,grate,Task B ,1,1,1,-3.300959397,0.05,1,219.1021308,0,0,2
10,grate,Task B ,2,2,0,-5.106292491,0.135,1,219.6923299,0,0,4
10,grate,Task B ,1,1,1,-0.63700618,0.135,1,4.466066029,0,0,4
10,grate,Task B ,1,2,0,2.812413888,0.05,2,0.533871063,0,0,2
10,grate,Task B ,1,2,1,1.799720445,0.067,1,116.2321717,0,0,3
1,grate,Task B ,1,3,0,0.545592008,0.135,2,321.3990478,0,0,4
1,grate,Task B ,2,3,1,-15.5894365,0.067,2,56.29439589,0,0,3
1,grate,Task B ,1,2,0,-0.413206751,0.033,2,1.120397767,0,0,1
1,grate,Task B ,1,1,1,-1.375982087,0.033,1,357.9123004,0,0,1
1,grate,Task B ,2,2,1,-21.04833142,0.05,2,316.6766489,0,0,2
1,grate,Task B ,2,1,1,-6.590892804,0.033,2,72.16669846,0,0,1
2,grate,Task B ,1,1,0,-4.44901804,0.05,2,60.92877474,0,0,2
2,grate,Task B ,2,3,0,0.221109382,0.135,1,342.6769643,0,0,4
2,grate,Task B ,2,2,0,-1.24870928,0.067,1,45.75562869,0,0,3
2,grate,Task B ,2,1,1,-7.958682079,0.033,2,273.5339775,0,0,1
2,grate,Task B ,1,1,0,0.910327523,0.033,2,16.65697697,0,0,1
2,grate,Task B ,1,2,1,-2.043602491,0.135,1,142.7517952,0,0,4
3,grate,Task B ,1,3,0,2.39203527,0.05,2,48.6175401,0,0,2
3,grate,Task B ,1,2,1,-0.479025429,0.135,1,217.6294116,0,0,4
3,grate,Task B ,1,3,1,1.934080622,0.067,1,260.4548235,0,0,3
3,grate,Task B ,1,3,1,1.54598794,0.135,1,357.8369173,0,0,4
3,grate,Task B ,2,3,0,3.766740773,0.135,1,75.06020036,0,0,4
3,grate,Task B ,2,4,1,23.44656916,0.135,2,190.6528379,0,0,4
4,grate,Task B ,1,3,1,4.070058449,0.05,1,190.4300591,0,0,2
4,grate,Task B ,1,1,1,-4.44375049,0.033,1,161.8219756,0,0,1
4,grate,Task B ,1,4,0,1.139452668,0.135,2,341.10778,0,0,4
4,grate,Task B ,1,2,0,-3.046221729,0.033,2,296.904263,0,0,1
4,grate,Task B ,1,3,1,-1.667098606,0.067,1,339.109961,0,0,3
4,grate,Task B ,1,4,1,-1.853523226,0.135,1,212.1388734,0,0,4
5,grate,Task B ,2,4,1,-9.662631241,0.067,2,95.90614783,0,0,3
5,grate,Task B ,2,4,1,-16.80854572,0.135,2,84.58437909,0,0,4
5,grate,Task B ,1,3,1,2.329539906,0.135,1,202.1264523,0,0,4
5,grate,Task B ,1,4,0,13.12233741,0.033,2,62.98331294,0,0,1
5,grate,Task B ,1,2,1,-2.119301908,0.135,1,288.4308922,0,0,4
5,grate,Task B ,1,1,1,-0.047018147,0.033,1,16.39648471,0,0,1
6,grate,Task B ,1,1,0,-16.99249883,0.067,2,246.6122269,0,0,3
6,grate,Task B ,2,3,0,0.001608276,0.05,1,79.83087664,0,0,2
6,grate,Task B ,2,3,0,-2.626421477,0.135,1,77.24389372,0,0,4
6,grate,Task B ,2,3,1,-2.829673281,0.135,2,5.424322577,0,0,4
6,grate,Task B ,1,3,1,1.33834297,0.05,1,324.221903,0,0,2
6,grate,Task B ,1,2,1,-4.904610872,0.05,1,24.35106306,0,0,2
7,grate,Task B ,1,4,0,-0.306170783,0.05,2,358.120066,0,0,2
7,grate,Task B ,1,1,0,29.3320346,0.05,2,39.37014765,0,0,2
7,grate,Task B ,1,4,1,2.501346264,0.033,1,272.4846029,0,0,1
7,grate,Task B ,2,4,1,-6.014191657,0.05,2,224.3665925,0,0,2
7,grate,Task B ,1,1,0,5.870934729,0.033,2,41.51041153,0,0,1
7,grate,Task B ,2,4,1,-14.6852918,0.067,2,80.07288002,0,0,3
8,grate,Task B ,1,2,0,5.941742573,0.067,2,88.14429226,0,0,3
8,grate,Task B ,1,2,1,0.166043855,0.135,1,124.6258753,0,0,4
8,grate,Task B ,1,2,0,5.258408262,0.067,2,77.59519368,0,0,3
8,grate,Task B ,2,4,1,-9.059191388,0.135,2,81.44458911,0,0,4
8,grate,Task B ,1,1,1,-1.304265601,0.033,1,9.643326532,0,0,1
8,grate,Task B ,1,1,1,1.339852295,0.033,1,97.07143669,0,0,1
9,grate,Task B ,1,1,1,-4.4515925,0.05,1,221.1630383,0,0,2
9,grate,Task B ,1,4,1,1.626334596,0.135,1,320.8277684,0,0,4
9,grate,Task B ,2,1,0,-3.699195972,0.033,1,19.2608773,0,0,1
9,grate,Task B ,2,1,0,-2.862997717,0.033,1,249.6251846,0,0,1
9,grate,Task B ,1,4,1,-0.590556621,0.135,1,125.1883146,0,0,4
9,grate,Task B ,1,1,1,-3.53497078,0.05,1,2.650180068,0,0,2
10,grate,Task B ,1,1,1,-4.096756696,0.135,1,204.3564341,0,0,4
10,grate,Task B ,1,2,1,-2.273637,0.033,1,49.19387371,0,0,1
10,grate,Task B ,1,2,0,0.312645404,0.05,2,41.07183791,0,0,2
10,grate,Task B ,1,2,0,8.210707127,0.033,2,145.7085639,0,0,1
10,grate,Task B ,1,1,0,1.226169684,0.05,2,322.0880189,0,0,2
10,grate,Task B ,1,1,1,-2.663225592,0.135,1,52.77719088,0,0,4
1,grate,Task B ,1,4,0,-1.0358721,0.067,2,296.0010005,0,0,3
1,grate,Task B ,2,4,1,22.40183232,0.135,2,327.2545006,0,0,4
1,grate,Task B ,1,1,0,0.654815129,0.033,2,124.8525934,0,0,1
1,grate,Task B ,2,4,0,-7.629772406,0.067,1,249.6669184,0,0,3
1,grate,Task B ,1,2,0,-9.214313195,0.067,2,186.6321443,0,0,3
1,grate,Task B ,1,3,1,1.977935778,0.135,1,214.7497951,0,0,4
2,grate,Task B ,2,1,0,-1.898555891,0.067,1,134.8461584,0,0,3
2,grate,Task B ,1,1,1,-0.518328422,0.05,1,41.64274236,0,0,2
2,grate,Task B ,1,2,0,-2.546667029,0.05,2,127.7128091,0,0,2
2,grate,Task B ,2,3,0,0.0361609,0.05,1,183.3149245,0,0,2
2,grate,Task B ,2,3,1,-21.34689328,0.135,2,272.8316225,0,0,4
2,grate,Task B ,2,1,0,0.783595691,0.033,1,135.3667986,0,0,1
3,grate,Task B ,2,2,0,2.039736962,0.135,1,213.361737,0,0,4
3,grate,Task B ,2,4,1,2.018863021,0.033,2,145.0806662,0,0,1
3,grate,Task B ,2,1,0,-1.537118871,0.033,1,205.6065686,0,0,1
3,grate,Task B ,1,1,1,-1.792318757,0.067,1,26.66521396,0,0,3
3,grate,Task B ,2,2,1,-13.00956496,0.05,2,244.2165271,0,0,2
3,grate,Task B ,1,3,1,-3.011706376,0.05,1,335.083291,0,0,2
4,grate,Task B ,2,4,1,12.38578427,0.067,2,264.5826132,0,0,3
4,grate,Task B ,1,3,1,0.179808357,0.05,1,243.3059468,0,0,2
4,grate,Task B ,1,1,1,-6.416169894,0.033,1,329.0707655,0,0,1
4,grate,Task B ,1,4,1,1.799260119,0.135,1,169.0868839,0,0,4
4,grate,Task B ,2,4,0,-0.681034766,0.135,1,251.2563958,0,0,4
4,grate,Task B ,2,4,1,22.29292732,0.067,2,94.13551847,0,0,3
5,grate,Task B ,2,4,1,10.74068634,0.135,2,291.1106456,0,0,4
5,grate,Task B ,2,3,0,-5.298492672,0.05,1,305.144377,0,0,2
5,grate,Task B ,1,1,1,4.584062457,0.033,1,265.2825893,0,0,1
5,grate,Task B ,1,4,1,-2.811607977,0.05,1,289.7115468,0,0,2
5,grate,Task B ,1,3,1,-3.835043904,0.135,1,244.6868047,0,0,4
5,grate,Task B ,1,4,1,-0.575312364,0.05,1,341.3125408,0,0,2
6,grate,Task B ,1,2,1,-0.622835967,0.033,1,177.55908,0,0,1
6,grate,Task B ,2,3,0,-0.930614153,0.135,1,87.96411038,0,0,4
6,grate,Task B ,1,3,0,9.870792236,0.135,2,28.18415461,0,0,4
6,grate,Task B ,2,3,0,-1.502884671,0.067,1,1.192203325,0,0,3
6,grate,Task B ,2,3,0,-1.428332091,0.135,1,216.4277478,0,0,4
6,grate,Task B ,2,3,1,3.461362459,0.05,2,136.0557309,0,0,2
7,grate,Task B ,2,4,1,-32.40742379,0.067,2,338.9867071,0,0,3
7,grate,Task B ,1,4,1,-1.146607837,0.135,1,224.940417,0,0,4
7,grate,Task B ,1,4,1,5.743473091,0.05,1,157.3014651,0,0,2
7,grate,Task B ,1,4,1,-4.946817921,0.05,1,64.71439605,0,0,2
7,grate,Task B ,2,4,0,1.113387053,0.05,1,62.38811037,0,0,2
7,grate,Task B ,1,4,1,-0.562785413,0.05,1,185.5920048,0,0,2
8,grate,Task B ,2,4,1,-17.65114316,0.067,2,135.0932561,0,0,3
8,grate,Task B ,1,1,0,3.463708973,0.033,2,340.891484,0,0,1
8,grate,Task B ,2,3,0,1.304163634,0.067,1,193.0496812,0,0,3
8,grate,Task B ,2,4,1,19.98169361,0.067,2,88.32731453,0,0,3
8,grate,Task B ,1,1,1,2.129737689,0.033,1,163.9040692,0,0,1
8,grate,Task B ,2,4,1,-5.057112219,0.135,2,163.1342862,0,0,4
9,grate,Task B ,2,4,1,0.824879834,0.067,2,353.2588647,0,0,3
9,grate,Task B ,1,4,0,4.525717085,0.067,2,205.411373,0,0,3
9,grate,Task B ,2,1,1,8.840739137,0.033,2,240.335173,0,0,1
9,grate,Task B ,1,4,1,0.50524717,0.135,1,92.13037279,0,0,4
9,grate,Task B ,1,4,0,2.761681266,0.067,2,352.3735138,0,0,3
9,grate,Task B ,1,1,1,-0.768657948,0.05,1,316.2168297,0,0,2
10,grate,Task B ,1,2,1,-2.391992068,0.067,1,1.197855676,0,0,3
10,grate,Task B ,1,1,1,2.666037547,0.135,1,329.8967721,0,0,4
10,grate,Task B ,2,2,1,17.32609692,0.135,2,210.2930108,0,0,4
10,grate,Task B ,1,2,0,4.446135985,0.05,2,250.9086047,0,0,2
10,grate,Task B ,2,1,1,11.39988017,0.135,2,76.43004392,0,0,4
10,grate,Task B ,1,2,1,-0.558205287,0.067,1,172.6443808,0,0,3
1,grate,Task B ,1,1,0,1.360847286,0.033,2,140.7643283,0,0,1
1,grate,Task B ,2,4,1,-7.272161978,0.135,2,333.1767502,0,0,4
1,grate,Task B ,1,1,0,11.68966665,0.135,2,267.4363471,0,0,4
1,grate,Task B ,1,2,0,8.522276489,0.067,2,308.1566056,0,0,3
1,grate,Task B ,1,3,0,6.123681817,0.135,2,12.52174369,0,0,4
1,grate,Task B ,2,2,1,-4.810334394,0.033,2,99.50669687,0,0,1
2,grate,Task B ,2,1,0,0.830941551,0.05,1,141.051612,0,0,2
2,grate,Task B ,1,1,0,-14.39671382,0.033,2,28.38577749,0,0,1
2,grate,Task B ,2,1,1,5.560578366,0.033,2,68.97441409,0,0,1
2,grate,Task B ,2,2,0,0.10071305,0.135,1,272.5976906,0,0,4
2,grate,Task B ,2,3,1,-16.16636303,0.067,2,299.4686085,0,0,3
2,grate,Task B ,1,2,1,3.545704732,0.135,1,314.6297998,0,0,4
3,grate,Task B ,1,2,1,4.974758121,0.033,1,236.9237646,0,0,1
3,grate,Task B ,1,2,1,-1.148733642,0.05,1,207.3101941,0,0,2
3,grate,Task B ,1,1,1,0.77461604,0.033,1,220.24809,0,0,1
3,grate,Task B ,2,2,0,-0.174192692,0.033,1,353.1136144,0,0,1
3,grate,Task B ,1,3,1,-0.554213827,0.05,1,188.959503,0,0,2
3,grate,Task B ,1,2,0,0.832455867,0.135,2,214.1181778,0,0,4
4,grate,Task B ,2,3,1,0.891143042,0.067,2,13.20528156,0,0,3
4,grate,Task B ,1,2,0,11.6983198,0.05,2,277.2651044,0,0,2
4,grate,Task B ,2,3,0,1.634089672,0.067,1,239.6011024,0,0,3
4,grate,Task B ,1,3,1,-0.855068049,0.05,1,271.6687615,0,0,2
4,grate,Task B ,1,4,0,-3.873021682,0.135,2,330.9830301,0,0,4
4,grate,Task B ,1,1,1,4.548784973,0.05,1,35.83367937,0,0,2
5,grate,Task B ,2,4,1,13.0413127,0.05,2,53.74947906,0,0,2
5,grate,Task B ,1,3,1,-0.015759462,0.067,1,95.82740669,0,0,3
5,grate,Task B ,1,4,0,7.014061094,0.05,2,48.4252821,0,0,2
5,grate,Task B ,1,3,1,8.322956542,0.033,1,11.4101022,0,0,1
5,grate,Task B ,1,4,0,-1.622096654,0.05,2,230.2611347,0,0,2
5,grate,Task B ,2,4,1,7.416163076,0.135,2,117.9167609,0,0,4
6,grate,Task B ,1,3,1,3.316117603,0.135,1,336.1279354,0,0,4
6,grate,Task B ,1,3,0,5.268421129,0.05,2,71.46625189,0,0,2
6,grate,Task B ,1,3,1,-2.068362874,0.135,1,212.1124693,0,0,4
6,grate,Task B ,2,3,1,-10.02164129,0.135,2,186.3765364,0,0,4
6,grate,Task B ,1,3,0,7.379151068,0.05,2,199.0258025,0,0,2
6,grate,Task B ,2,3,1,-9.142946356,0.05,2,89.1317623,0,0,2
7,grate,Task B ,2,4,0,7.148150379,0.135,1,351.3690789,0,0,4
7,grate,Task B ,1,4,1,1.066965647,0.067,1,222.407223,0,0,3
7,grate,Task B ,1,4,0,-15.65993631,0.033,2,235.0866308,0,0,1
7,grate,Task B ,1,4,1,0.224747124,0.135,1,188.8618095,0,0,4
7,grate,Task B ,1,1,0,-2.986290266,0.067,2,278.532392,0,0,3
7,grate,Task B ,2,4,0,2.840298233,0.135,1,77.30145953,0,0,4
8,grate,Task B ,1,2,0,5.27360307,0.033,2,186.6609202,0,0,1
8,grate,Task B ,1,1,0,-2.778552717,0.067,2,335.6194426,0,0,3
8,grate,Task B ,1,3,0,5.253671823,0.135,2,0.765237823,0,0,4
8,grate,Task B ,2,2,1,-5.924743505,0.033,2,126.3012837,0,0,1
8,grate,Task B ,1,1,1,-6.485300655,0.033,1,299.5433689,0,0,1
8,grate,Task B ,1,3,1,-1.404823324,0.135,1,234.2102025,0,0,4
9,grate,Task B ,1,4,1,4.666250319,0.067,1,162.9772862,0,0,3
9,grate,Task B ,1,1,1,-1.377323613,0.033,1,6.048645078,0,0,1
9,grate,Task B ,1,4,1,1.229718076,0.135,1,36.75922021,0,0,4
9,grate,Task B ,1,1,1,-1.92373833,0.033,1,49.22543078,0,0,1
9,grate,Task B ,1,3,1,2.375822325,0.05,1,129.5743019,0,0,2
9,grate,Task B ,1,4,0,-2.941786448,0.135,2,146.1024917,0,0,4
10,grate,Task B ,1,2,1,-0.827088468,0.067,1,199.9429,0,0,3
10,grate,Task B ,1,1,1,-3.769758183,0.135,1,218.7731971,0,0,4
10,grate,Task B ,1,2,1,0.624830127,0.067,1,332.281878,0,0,3
10,grate,Task B ,2,2,1,18.30526205,0.135,2,262.4334931,0,0,4
10,grate,Task B ,1,2,0,-10.93530541,0.033,2,78.03974232,0,0,1
10,grate,Task B ,1,1,1,1.368531382,0.135,1,187.0879028,0,0,4
1,grate,Task B ,1,3,1,-0.734759202,0.067,1,22.28207529,0,0,3
1,grate,Task B ,2,3,1,-7.002043958,0.135,2,100.2376306,0,0,4
1,grate,Task B ,1,2,0,-0.278548417,0.05,2,354.8382682,0,0,2
1,grate,Task B ,2,1,1,9.945283601,0.067,2,348.9526079,0,0,3
1,grate,Task B ,1,3,1,1.658507578,0.067,1,232.1750267,0,0,3
1,grate,Task B ,2,2,1,-3.892776524,0.05,2,308.8305455,0,0,2
2,grate,Task B ,1,1,0,-0.09597056,0.135,2,181.8814532,0,0,4
2,grate,Task B ,1,1,0,-5.797669772,0.05,2,307.0778368,0,0,2
2,grate,Task B ,1,1,1,0.482646431,0.05,1,164.4358696,0,0,2
2,grate,Task B ,2,1,0,6.012768575,0.033,1,87.91904266,0,0,1
2,grate,Task B ,2,4,1,-8.263892566,0.135,2,351.4656501,0,0,4
2,grate,Task B ,1,2,1,-3.00827015,0.135,1,151.6689372,0,0,4
3,grate,Task B ,1,2,1,3.419965345,0.033,1,118.7298732,0,0,1
3,grate,Task B ,2,2,1,-2.890507556,0.05,2,96.07804931,0,0,2
3,grate,Task B ,2,3,1,-7.667931317,0.05,2,254.6096753,0,0,2
3,grate,Task B ,2,4,1,18.55902753,0.135,2,239.2999432,0,0,4
3,grate,Task B ,1,2,1,2.885140988,0.05,1,40.85289897,0,0,2
3,grate,Task B ,1,1,1,2.22496191,0.05,1,101.302097,0,0,2
4,grate,Task B ,1,2,1,0.658413224,0.033,1,263.4551151,0,0,1
4,grate,Task B ,2,3,1,-4.851357537,0.135,2,242.3909762,0,0,4
4,grate,Task B ,1,2,1,-0.910356281,0.033,1,15.87389144,0,0,1
4,grate,Task B ,2,2,1,1.573836,0.033,2,29.81118996,0,0,1
4,grate,Task B ,2,4,0,2.834693844,0.135,1,205.7713874,0,0,4
4,grate,Task B ,1,4,0,0.370310474,0.135,2,294.4712173,0,0,4
5,grate,Task B ,1,4,0,-5.135961649,0.05,2,323.818225,0,0,2
5,grate,Task B ,2,2,0,1.942767142,0.067,1,263.2642895,0,0,3
5,grate,Task B ,1,4,0,-0.330656189,0.135,2,113.5852642,0,0,4
5,grate,Task B ,2,4,1,-6.795229852,0.05,2,175.4563893,0,0,2
5,grate,Task B ,2,4,1,12.02013977,0.033,2,318.3752071,0,0,1
5,grate,Task B ,2,1,1,-10.67889103,0.033,2,140.079273,0,0,1
6,grate,Task B ,2,3,1,-1.236390543,0.05,2,201.4442695,0,0,2
6,grate,Task B ,2,3,0,-1.113911623,0.135,1,187.5531549,0,0,4
6,grate,Task B ,1,1,0,31.23488894,0.033,2,36.23722465,0,0,1
6,grate,Task B ,1,1,1,2.159238289,0.033,1,162.2058987,0,0,1
6,grate,Task B ,2,3,1,-7.913779829,0.05,2,232.0004643,0,0,2
6,grate,Task B ,2,3,1,5.093049372,0.135,2,165.2712272,0,0,4
7,grate,Task B ,1,4,1,-5.546737645,0.067,1,310.0447295,0,0,3
7,grate,Task B ,1,1,0,0.989940403,0.067,2,137.9656256,0,0,3
7,grate,Task B ,1,4,0,-8.228967945,0.067,2,37.77187071,0,0,3
7,grate,Task B ,2,4,0,-1.031092193,0.135,1,275.1776588,0,0,4
7,grate,Task B ,2,4,0,0.667165672,0.067,1,254.199635,0,0,3
7,grate,Task B ,1,4,1,-2.340324204,0.033,1,279.2500516,0,0,1
8,grate,Task B ,1,2,1,-1.080340762,0.067,1,182.481824,0,0,3
8,grate,Task B ,1,2,1,0.775126268,0.05,1,180.6289917,0,0,2
8,grate,Task B ,2,4,1,22.39236085,0.067,2,337.6904739,0,0,3
8,grate,Task B ,2,2,1,-7.948380993,0.033,2,201.7738259,0,0,1
8,grate,Task B ,1,1,1,0.041059719,0.033,1,100.7737767,0,0,1
8,grate,Task B ,2,1,1,18.10685185,0.033,2,206.8287512,0,0,1
9,grate,Task B ,2,1,1,-8.231812277,0.05,2,98.78078906,0,0,2
9,grate,Task B ,2,1,1,4.79515859,0.033,2,289.024062,0,0,1
9,grate,Task B ,1,1,1,4.457816789,0.033,1,247.5908006,0,0,1
9,grate,Task B ,1,4,1,5.103604049,0.135,1,337.3392116,0,0,4
9,grate,Task B ,1,1,0,-14.80221124,0.05,2,200.8494529,0,0,2
9,grate,Task B ,1,1,1,3.618795642,0.05,1,236.8255432,0,0,2
10,grate,Task B ,1,2,0,6.066894835,0.135,2,126.3529134,0,0,4
10,grate,Task B ,1,1,0,7.407233282,0.033,2,3.426517872,0,0,1
10,grate,Task B ,1,1,1,2.396229871,0.05,1,264.9724681,0,0,2
10,grate,Task B ,2,1,1,-9.303336274,0.05,2,187.1072038,0,0,2
10,grate,Task B ,1,1,1,5.589748848,0.067,1,27.74732933,0,0,3
10,grate,Task B ,1,2,0,7.787941025,0.05,2,224.7047832,0,0,2
1,grate,Task B ,1,2,1,3.703621849,0.033,1,151.0720636,0,0,1
1,grate,Task B ,2,4,1,5.994117824,0.067,2,210.9257765,0,0,3
1,grate,Task B ,1,2,1,-0.992115507,0.135,1,259.7207928,0,0,4
1,grate,Task B ,2,3,1,11.86811813,0.05,2,220.7752354,0,0,2
1,grate,Task B ,1,2,1,-1.676998745,0.05,1,117.0434382,0,0,2
1,grate,Task B ,1,2,1,-3.636521939,0.05,1,94.8027042,0,0,2
2,grate,Task B ,1,1,0,-3.536398357,0.135,2,199.3161364,0,0,4
2,grate,Task B ,2,1,1,8.492952092,0.033,2,156.3901612,0,0,1
2,grate,Task B ,1,2,1,-2.398365255,0.033,1,149.3286606,0,0,1
2,grate,Task B ,2,3,0,-2.172871411,0.033,1,357.5838378,0,0,1
2,grate,Task B ,2,3,1,14.04682197,0.067,2,173.9143252,0,0,3
2,grate,Task B ,1,1,1,-3.879418238,0.067,1,62.01169009,0,0,3
3,grate,Task B ,1,2,1,1.094777478,0.05,1,248.3971969,0,0,2
3,grate,Task B ,1,3,0,-5.802808193,0.05,2,117.3023315,0,0,2
3,grate,Task B ,2,1,1,24.36983815,0.067,2,33.08743559,0,0,3
3,grate,Task B ,2,1,0,-3.509950258,0.033,1,43.12758514,0,0,1
3,grate,Task B ,2,2,0,0.627506573,0.033,1,10.37360246,0,0,1
3,grate,Task B ,2,1,1,-5.335303876,0.033,2,186.8899368,0,0,1
4,grate,Task B ,1,2,0,7.437075634,0.033,2,117.1376536,0,0,1
4,grate,Task B ,1,4,0,-4.397803025,0.05,2,14.557468,0,0,2
4,grate,Task B ,2,4,1,-11.15850541,0.135,2,221.6378283,0,0,4
4,grate,Task B ,1,1,1,1.181399828,0.033,1,223.3382783,0,0,1
4,grate,Task B ,1,3,1,-0.388262495,0.135,1,172.9722187,0,0,4
4,grate,Task B ,2,4,1,-14.05909159,0.05,2,61.01691087,0,0,2
5,grate,Task B ,1,2,1,-2.183440902,0.135,1,272.6359153,0,0,4
5,grate,Task B ,1,4,0,-18.18357878,0.05,2,117.111016,0,0,2
5,grate,Task B ,1,4,1,2.122152103,0.05,1,295.182832,0,0,2
5,grate,Task B ,1,1,1,-2.586125344,0.033,1,137.8258886,0,0,1
5,grate,Task B ,1,4,1,0.725688168,0.135,1,226.327439,0,0,4
5,grate,Task B ,1,4,1,4.191511066,0.05,1,310.9430646,0,0,2
6,grate,Task B ,2,3,0,9.471526848,0.05,1,256.3093788,0,0,2
6,grate,Task B ,1,2,0,-12.33490902,0.135,2,199.6500979,0,0,4
6,grate,Task B ,1,3,0,-16.43460192,0.033,2,197.7827295,0,0,1
6,grate,Task B ,1,2,1,0.762982227,0.033,1,87.06964938,0,0,1
6,grate,Task B ,1,3,0,-5.197157853,0.05,2,291.290154,0,0,2
6,grate,Task B ,2,3,1,6.276408697,0.067,2,300.0468941,0,0,3
7,grate,Task B ,2,1,0,-0.061873758,0.05,1,250.410609,0,0,2
7,grate,Task B ,1,4,1,0.55882618,0.033,1,334.4360229,0,0,1
7,grate,Task B ,1,4,1,2.531295948,0.05,1,195.1159478,0,0,2
7,grate,Task B ,2,4,1,-5.73711654,0.067,2,28.98851838,0,0,3
7,grate,Task B ,1,4,0,1.360653038,0.135,2,263.1468613,0,0,4
7,grate,Task B ,1,4,0,-1.469472692,0.135,2,299.0582336,0,0,4
8,grate,Task B ,2,2,1,-12.36286093,0.05,2,257.0296235,0,0,2
8,grate,Task B ,1,1,0,4.886440126,0.033,2,325.6049912,0,0,1
8,grate,Task B ,1,3,0,7.285291853,0.135,2,117.923865,0,0,4
8,grate,Task B ,2,4,1,-6.597092692,0.135,2,101.5029577,0,0,4
8,grate,Task B ,2,1,0,3.984973135,0.033,1,289.0491576,0,0,1
8,grate,Task B ,1,3,1,-2.018598333,0.067,1,118.453454,0,0,3
9,grate,Task B ,1,2,1,1.155012089,0.033,1,41.66886866,0,0,1
9,grate,Task B ,1,1,1,-0.784610814,0.05,1,286.2604745,0,0,2
9,grate,Task B ,1,4,0,-4.534142888,0.067,2,65.28971783,0,0,3
9,grate,Task B ,2,2,1,-9.773475733,0.067,2,343.7282116,0,0,3
9,grate,Task B ,1,4,1,-4.056804182,0.135,1,238.437064,0,0,4
9,grate,Task B ,1,4,1,0.923162949,0.135,1,174.307407,0,0,4
10,grate,Task B ,1,3,1,-0.58739555,0.135,1,56.2092821,0,0,4
10,grate,Task B ,2,1,1,-10.85129972,0.135,2,148.3727699,0,0,4
10,grate,Task B ,1,1,1,-2.996210734,0.033,1,340.573001,0,0,1
10,grate,Task B ,1,2,0,1.153007376,0.067,2,101.4146521,0,0,3
10,grate,Task B ,1,1,0,-3.622697046,0.033,2,176.7111458,0,0,1
10,grate,Task B ,2,2,1,34.99635309,0.067,2,275.9322487,0,0,3
1,grate,Task B ,1,3,1,-2.947418333,0.135,1,12.23633161,0,0,4
1,grate,Task B ,1,2,1,0.62924403,0.033,1,133.3511782,0,0,1
1,grate,Task B ,1,1,1,0.783567189,0.135,1,207.6471216,0,0,4
1,grate,Task B ,2,1,0,0.736717151,0.033,1,72.85415988,0,0,1
1,grate,Task B ,1,3,1,0.897563208,0.05,1,126.5938988,0,0,2
1,grate,Task B ,1,3,1,3.503384095,0.135,1,103.1359381,0,0,4
2,grate,Task B ,1,1,0,13.10466758,0.033,2,151.5671575,0,0,1
2,grate,Task B ,1,2,0,-8.027836833,0.033,2,39.34824936,0,0,1
2,grate,Task B ,1,1,0,-9.927401116,0.033,2,92.79946516,0,0,1
2,grate,Task B ,1,3,1,-2.187069681,0.135,1,143.1683351,0,0,4
2,grate,Task B ,2,4,1,31.96221365,0.135,2,195.6001989,0,0,4
2,grate,Task B ,1,1,0,-31.78869928,0.033,2,95.74226571,0,0,1
3,grate,Task B ,1,1,1,2.435415919,0.05,1,216.5907015,0,0,2
3,grate,Task B ,1,1,0,15.4441923,0.05,2,350.4418977,0,0,2
3,grate,Task B ,1,4,0,-2.27714455,0.067,2,209.5159914,0,0,3
3,grate,Task B ,1,4,0,-1.246145668,0.135,2,317.4274802,0,0,4
3,grate,Task B ,2,4,1,17.31601527,0.05,2,224.2213005,0,0,2
3,grate,Task B ,2,4,1,-20.49337146,0.067,2,244.9658389,0,0,3
4,grate,Task B ,1,1,1,2.992521402,0.033,1,326.6809315,0,0,1
4,grate,Task B ,2,2,0,-0.862475392,0.067,1,321.1928644,0,0,3
4,grate,Task B ,1,2,1,-4.056492591,0.05,1,180.6155179,0,0,2
4,grate,Task B ,1,3,1,-0.148225796,0.067,1,29.72203509,0,0,3
4,grate,Task B ,2,4,1,15.71084947,0.135,2,185.2372383,0,0,4
4,grate,Task B ,1,1,1,-6.215553746,0.033,1,314.2790659,0,0,1
5,grate,Task B ,1,3,0,4.648402045,0.067,2,51.73290144,0,0,3
5,grate,Task B ,1,1,0,3.954858837,0.033,2,70.14580197,0,0,1
5,grate,Task B ,1,4,1,3.645748408,0.033,1,205.2776541,0,0,1
5,grate,Task B ,2,4,1,-6.828274319,0.067,2,215.4545945,0,0,3
5,grate,Task B ,1,4,1,1.600629441,0.033,1,69.41190819,0,0,1
5,grate,Task B ,1,1,0,-2.615684713,0.05,2,184.7911813,0,0,2
6,grate,Task B ,2,3,1,-7.053790839,0.135,2,322.4644926,0,0,4
6,grate,Task B ,2,3,0,1.620943213,0.05,1,154.0547164,0,0,2
6,grate,Task B ,1,3,1,1.550307181,0.135,1,96.52734318,0,0,4
6,grate,Task B ,1,2,1,-3.739696833,0.05,1,78.54106341,0,0,2
6,grate,Task B ,2,2,1,-5.588144816,0.135,2,239.9507678,0,0,4
6,grate,Task B ,2,3,0,-4.142652327,0.135,1,40.84802604,0,0,4
7,grate,Task B ,1,4,1,2.771147293,0.05,1,166.2474436,0,0,2
7,grate,Task B ,1,4,1,-2.418405684,0.05,1,147.0647012,0,0,2
7,grate,Task B ,1,4,0,-4.526785665,0.067,2,243.9992309,0,0,3
7,grate,Task B ,1,4,1,3.36295309,0.05,1,339.1174381,0,0,2
7,grate,Task B ,1,4,1,0.417032849,0.05,1,94.8284894,0,0,2
7,grate,Task B ,2,4,0,-3.924335707,0.135,1,297.5154852,0,0,4
8,grate,Task B ,1,2,1,2.892095327,0.067,1,284.401509,0,0,3
8,grate,Task B ,1,1,0,-10.39539117,0.033,2,209.1454947,0,0,1
8,grate,Task B ,2,4,1,25.87783505,0.135,2,231.9946687,0,0,4
8,grate,Task B ,2,2,0,3.122988677,0.033,1,71.97356982,0,0,1
8,grate,Task B ,2,3,0,-0.925139626,0.067,1,13.48423046,0,0,3
8,grate,Task B ,2,1,0,1.993392507,0.05,1,84.35751519,0,0,2
9,grate,Task B ,2,1,0,0.736967336,0.033,1,355.3234082,0,0,1
9,grate,Task B ,2,3,1,-18.81299023,0.067,2,59.08291517,0,0,3
9,grate,Task B ,1,1,1,3.303669599,0.033,1,272.7949275,0,0,1
9,grate,Task B ,1,1,0,-2.03658277,0.067,2,340.6025638,0,0,3
9,grate,Task B ,1,4,1,4.998828339,0.067,1,320.1420379,0,0,3
9,grate,Task B ,2,4,1,21.7321972,0.135,2,189.4428246,0,0,4
10,grate,Task B ,1,2,0,5.48106764,0.033,2,226.2616585,0,0,1
10,grate,Task B ,1,1,1,0.283031256,0.033,1,336.0063699,0,0,1
10,grate,Task B ,1,2,1,2.570563961,0.067,1,172.0834157,0,0,3
10,grate,Task B ,1,1,1,2.388598808,0.135,1,8.076323778,0,0,4
10,grate,Task B ,1,2,1,0.316687709,0.033,1,34.18005456,0,0,1
10,grate,Task B ,2,1,1,-20.59847717,0.05,2,310.5890961,0,0,2
1,grate,Task B ,1,4,1,1.961422628,0.135,1,288.4369242,0,0,4
1,grate,Task B ,2,3,1,-14.10324779,0.05,2,96.42142483,0,0,2
1,grate,Task B ,1,1,1,-0.421170177,0.033,1,198.4476672,0,0,1
1,grate,Task B ,1,3,0,-6.447143067,0.05,2,278.5717056,0,0,2
1,grate,Task B ,1,3,1,4.264860861,0.135,1,224.04976,0,0,4
1,grate,Task B ,1,2,1,2.527317573,0.067,1,3.566105463,0,0,3
2,grate,Task B ,1,1,1,2.98494816,0.033,1,77.08982558,0,0,1
2,grate,Task B ,2,3,0,0.801118638,0.033,1,48.20474383,0,0,1
2,grate,Task B ,1,1,1,-1.678393086,0.05,1,22.7812916,0,0,2
2,grate,Task B ,2,2,0,0.292179342,0.067,1,96.39515966,0,0,3
2,grate,Task B ,2,4,1,10.39146599,0.135,2,148.4352766,0,0,4
2,grate,Task B ,2,3,0,-4.247245827,0.067,1,253.4672838,0,0,3
3,grate,Task B ,2,3,0,-1.690428502,0.135,1,45.14958498,0,0,4
3,grate,Task B ,1,1,0,-4.055581248,0.05,2,185.9854257,0,0,2
3,grate,Task B ,1,2,1,-1.894245494,0.135,1,251.3716206,0,0,4
3,grate,Task B ,2,3,1,5.32505699,0.135,2,152.2058152,0,0,4
3,grate,Task B ,2,4,1,-10.10356766,0.135,2,334.8717978,0,0,4
3,grate,Task B ,2,1,1,-2.177773396,0.05,2,193.7557543,0,0,2
4,grate,Task B ,2,4,1,5.993919924,0.067,2,63.95847314,0,0,3
4,grate,Task B ,1,3,1,-2.929254345,0.067,1,84.82392522,0,0,3
4,grate,Task B ,2,4,1,4.74890961,0.135,2,149.0189554,0,0,4
4,grate,Task B ,1,1,1,-3.346096283,0.067,1,222.4949513,0,0,3
4,grate,Task B ,1,3,1,1.365780584,0.067,1,75.8355505,0,0,3
4,grate,Task B ,1,2,0,-6.860030489,0.05,2,327.8421749,0,0,2
5,grate,Task B ,2,2,1,-3.501635437,0.135,2,92.31699526,0,0,4
5,grate,Task B ,2,3,1,-12.45419166,0.05,2,227.7886138,0,0,2
5,grate,Task B ,2,4,1,-21.72074091,0.067,2,191.763015,0,0,3
5,grate,Task B ,1,1,1,0.459724107,0.05,1,215.5440594,0,0,2
5,grate,Task B ,1,2,1,-0.370566815,0.135,1,290.7039082,0,0,4
5,grate,Task B ,1,4,1,-0.099091751,0.067,1,98.8527603,0,0,3
6,grate,Task B ,1,3,1,-1.462488524,0.135,1,63.58745234,0,0,4
6,grate,Task B ,1,3,0,-3.055141294,0.067,2,224.3421,0,0,3
6,grate,Task B ,1,1,0,-0.300304454,0.033,2,33.65911054,0,0,1
6,grate,Task B ,1,3,1,-0.331897971,0.067,1,142.8473076,0,0,3
6,grate,Task B ,2,3,1,19.19840348,0.033,2,279.830632,0,0,1
6,grate,Task B ,1,3,1,3.013450862,0.067,1,317.3871869,0,0,3
7,grate,Task B ,1,1,0,-2.046617611,0.05,2,306.0248587,0,0,2
7,grate,Task B ,1,1,0,-13.85881888,0.05,2,310.5469952,0,0,2
7,grate,Task B ,1,4,0,-2.517521806,0.033,2,40.79419137,0,0,1
7,grate,Task B ,2,4,1,-9.265589769,0.033,2,321.300887,0,0,1
7,grate,Task B ,2,4,0,0.496852485,0.135,1,148.3155184,0,0,4
7,grate,Task B ,2,4,1,-14.54561528,0.067,2,144.7414047,0,0,3
8,grate,Task B ,2,4,1,5.779658311,0.135,2,163.6998719,0,0,4
8,grate,Task B ,2,4,1,-7.912589832,0.135,2,243.0021456,0,0,4
8,grate,Task B ,1,4,1,2.20493946,0.067,1,100.8871616,0,0,3
8,grate,Task B ,2,2,1,22.35702116,0.05,2,84.71970546,0,0,2
8,grate,Task B ,2,2,0,-1.014787361,0.067,1,150.1167052,0,0,3
8,grate,Task B ,1,2,1,2.677120009,0.135,1,40.55876452,0,0,4
9,grate,Task B ,1,2,0,7.238857311,0.05,2,212.1029474,0,0,2
9,grate,Task B ,2,1,0,-6.093922812,0.067,1,2.574211928,0,0,3
9,grate,Task B ,2,1,0,-3.168662654,0.05,1,109.4000625,0,0,2
9,grate,Task B ,1,1,0,-11.88772805,0.033,2,343.6409894,0,0,1
9,grate,Task B ,2,1,0,-0.63982355,0.033,1,116.6465374,0,0,1
9,grate,Task B ,1,1,1,0.848361589,0.05,1,352.2232122,0,0,2
10,grate,Task B ,2,2,1,8.381492213,0.067,2,68.58327525,0,0,3
10,grate,Task B ,1,1,1,-6.431228462,0.05,1,33.79842417,0,0,2
10,grate,Task B ,1,1,1,-0.532500688,0.067,1,287.9041331,0,0,3
10,grate,Task B ,1,2,1,2.019858824,0.135,1,72.99481505,0,0,4
10,grate,Task B ,1,2,1,-4.144700939,0.135,1,104.3546809,0,0,4
10,grate,Task B ,2,1,1,12.11798297,0.135,2,140.0377565,0,0,4
1,grate,Task B ,1,2,1,-0.657581686,0.135,1,309.7584806,0,0,4
1,grate,Task B ,2,4,1,-12.33360156,0.135,2,20.58402077,0,0,4
1,grate,Task B ,1,3,0,11.45626288,0.05,2,0.468776486,0,0,2
1,grate,Task B ,1,3,1,-4.839229247,0.135,1,242.1949322,0,0,4
1,grate,Task B ,1,1,1,-0.027242624,0.033,1,167.8168197,0,0,1
1,grate,Task B ,1,2,0,-9.529070557,0.067,2,40.11021414,0,0,3
2,grate,Task B ,1,1,0,4.361799603,0.135,2,160.6606144,0,0,4
2,grate,Task B ,1,1,0,10.73661742,0.05,2,143.4751747,0,0,2
2,grate,Task B ,1,3,1,-0.424239826,0.135,1,188.6834987,0,0,4
2,grate,Task B ,2,3,0,-2.311579789,0.033,1,187.2590631,0,0,1
2,grate,Task B ,2,3,1,3.470909064,0.067,2,242.0514046,0,0,3
2,grate,Task B ,2,1,0,-7.319880577,0.05,1,210.7694688,0,0,2
3,grate,Task B ,1,1,1,4.992892265,0.033,1,78.9955745,0,0,1
3,grate,Task B ,1,1,1,0.377620405,0.033,1,140.3180491,0,0,1
3,grate,Task B ,1,2,1,1.699213531,0.067,1,192.7857234,0,0,3
3,grate,Task B ,1,1,1,2.413055853,0.067,1,193.7986599,0,0,3
3,grate,Task B ,2,4,1,6.134686607,0.067,2,188.3228586,0,0,3
3,grate,Task B ,2,3,0,-7.539411128,0.067,1,97.60971026,0,0,3
4,grate,Task B ,1,1,1,5.289076409,0.033,1,215.0051457,0,0,1
4,grate,Task B ,1,3,0,-6.006430743,0.067,2,68.76097365,0,0,3
4,grate,Task B ,2,3,0,-3.060377663,0.067,1,65.11809292,0,0,3
4,grate,Task B ,1,1,0,-4.158843405,0.033,2,183.5200639,0,0,1
4,grate,Task B ,2,4,1,10.54664681,0.067,2,259.5731733,0,0,3
4,grate,Task B ,2,1,1,-7.965382434,0.033,2,90.50959608,0,0,1
5,grate,Task B ,2,4,1,5.292940499,0.033,2,139.2672362,0,0,1
5,grate,Task B ,2,4,1,8.303470392,0.135,2,102.7409498,0,0,4
5,grate,Task B ,2,4,1,-6.230164126,0.135,2,7.451718344,0,0,4
5,grate,Task B ,2,4,0,-7.180819069,0.135,1,274.6966838,0,0,4
5,grate,Task B ,1,4,1,4.666274145,0.05,1,298.6536972,0,0,2
5,grate,Task B ,1,4,1,-6.683552929,0.05,1,310.301362,0,0,2
6,grate,Task B ,2,3,1,12.30722986,0.05,2,97.56353352,0,0,2
6,grate,Task B ,2,2,0,0.655367546,0.033,1,182.503122,0,0,1
6,grate,Task B ,2,3,1,-18.07448396,0.135,2,75.31214238,0,0,4
6,grate,Task B ,1,3,1,-3.597090118,0.067,1,211.9361754,0,0,3
6,grate,Task B ,2,3,0,0.193149738,0.033,1,355.3076995,0,0,1
6,grate,Task B ,1,3,0,-2.635431285,0.033,2,223.7267948,0,0,1
7,grate,Task B ,2,4,1,4.686396859,0.033,2,38.15361082,0,0,1
7,grate,Task B ,1,4,1,-2.881873007,0.067,1,322.1340527,0,0,3
7,grate,Task B ,1,4,1,-3.397470559,0.067,1,279.7710459,0,0,3
7,grate,Task B ,1,4,0,-6.039398188,0.067,2,55.99680903,0,0,3
7,grate,Task B ,2,4,1,-24.35908529,0.05,2,50.8250937,0,0,2
7,grate,Task B ,1,4,0,1.815181317,0.05,2,86.19245582,0,0,2
8,grate,Task B ,2,4,1,-30.37665787,0.05,2,246.1640595,0,0,2
8,grate,Task B ,2,1,0,3.310692391,0.05,1,247.2202819,0,0,2
8,grate,Task B ,1,3,0,4.033031011,0.05,2,50.6568228,0,0,2
8,grate,Task B ,2,4,1,11.29990943,0.067,2,271.0204257,0,0,3
8,grate,Task B ,2,4,1,-10.51916374,0.067,2,89.83280611,0,0,3
8,grate,Task B ,2,4,1,-8.134039597,0.067,2,153.2441238,0,0,3
9,grate,Task B ,1,2,0,-3.372879854,0.033,2,75.56717958,0,0,1
9,grate,Task B ,1,4,1,2.090759929,0.135,1,288.6540114,0,0,4
9,grate,Task B ,1,4,0,-10.59476254,0.135,2,240.0015892,0,0,4
9,grate,Task B ,1,1,1,-2.603738738,0.067,1,291.3805375,0,0,3
9,grate,Task B ,1,4,0,-2.361020846,0.135,2,22.5941639,0,0,4
9,grate,Task B ,2,4,1,-8.617614927,0.135,2,154.7687702,0,0,4
10,grate,Task B ,1,2,1,0.090056587,0.067,1,354.9620231,0,0,3
10,grate,Task B ,2,1,1,-18.92704012,0.135,2,273.5336287,0,0,4
10,grate,Task B ,1,2,1,0.573081413,0.067,1,130.8206796,0,0,3
10,grate,Task B ,1,2,1,-0.071692977,0.067,1,201.1363916,0,0,3
10,grate,Task B ,1,1,1,0.390486032,0.067,1,248.4178721,0,0,3
10,grate,Task B ,1,1,1,-2.701936426,0.067,1,187.2761424,0,0,3
1,grate,Task B ,1,2,0,-9.030178782,0.05,2,324.5487728,0,0,2
1,grate,Task B ,2,4,1,-14.70820224,0.135,2,93.35798141,0,0,4
1,grate,Task B ,1,1,1,-3.676440405,0.05,1,271.98344,0,0,2
1,grate,Task B ,2,1,0,1.655946732,0.05,1,229.1490395,0,0,2
1,grate,Task B ,1,3,0,13.23118469,0.033,2,176.3284205,0,0,1
1,grate,Task B ,2,1,1,9.806982756,0.135,2,3.300146939,0,0,4
2,grate,Task B ,1,1,1,3.956982338,0.033,1,178.0686763,0,0,1
2,grate,Task B ,1,3,0,-6.192981762,0.135,2,157.9140321,0,0,4
2,grate,Task B ,2,4,1,-19.8091143,0.135,2,243.3550801,0,0,4
2,grate,Task B ,1,1,1,-4.524294138,0.067,1,235.5340475,0,0,3
2,grate,Task B ,2,2,0,0.683592043,0.033,1,127.1415995,0,0,1
2,grate,Task B ,1,3,0,12.55703424,0.067,2,354.9804657,0,0,3
3,grate,Task B ,2,3,1,-7.290106112,0.135,2,113.4850577,0,0,4
3,grate,Task B ,2,2,1,-16.87509789,0.033,2,208.5106254,0,0,1
3,grate,Task B ,1,3,0,9.036484238,0.067,2,178.4620578,0,0,3
3,grate,Task B ,1,2,1,-2.996349239,0.05,1,127.6235541,0,0,2
3,grate,Task B ,2,2,0,-2.621896396,0.05,1,237.8427679,0,0,2
3,grate,Task B ,1,4,1,-1.546696283,0.067,1,278.6495086,0,0,3
4,grate,Task B ,1,1,0,1.273988099,0.033,2,306.4230176,0,0,1
4,grate,Task B ,2,4,1,12.72077961,0.135,2,299.9114846,0,0,4
4,grate,Task B ,2,3,0,4.506726457,0.135,1,163.3844547,0,0,4
4,grate,Task B ,1,1,0,10.760526,0.05,2,240.9439538,0,0,2
4,grate,Task B ,1,2,1,0.108024017,0.05,1,223.7599936,0,0,2
4,grate,Task B ,1,3,1,7.685098741,0.05,1,279.7950243,0,0,2
5,grate,Task B ,1,4,1,-0.811115721,0.05,1,123.2091279,0,0,2
5,grate,Task B ,1,4,0,4.9338925,0.067,2,255.2547746,0,0,3
5,grate,Task B ,1,4,0,5.12458218,0.033,2,247.7319516,0,0,1
5,grate,Task B ,1,3,1,3.240680883,0.067,1,135.0267833,0,0,3
5,grate,Task B ,2,4,1,24.29378899,0.05,2,264.3167303,0,0,2
5,grate,Task B ,1,4,1,1.751660422,0.067,1,286.9707662,0,0,3
6,grate,Task B ,1,3,1,1.450049706,0.135,1,336.5812524,0,0,4
6,grate,Task B ,1,3,1,-2.43282403,0.033,1,332.5714691,0,0,1
6,grate,Task B ,1,3,1,1.052647515,0.067,1,265.8725678,0,0,3
6,grate,Task B ,1,1,1,0.520122813,0.05,1,200.911037,0,0,2
6,grate,Task B ,2,3,1,-6.914925593,0.135,2,346.8771283,0,0,4
6,grate,Task B ,1,2,0,3.736085392,0.033,2,34.26332001,0,0,1
7,grate,Task B ,1,4,0,15.91879608,0.05,2,17.62140627,0,0,2
7,grate,Task B ,1,4,1,9.050238634,0.033,1,45.67547109,0,0,1
7,grate,Task B ,1,4,1,4.549303008,0.033,1,354.6388541,0,0,1
7,grate,Task B ,1,4,0,-12.69027661,0.067,2,351.4673913,0,0,3
7,grate,Task B ,1,4,1,-1.640516054,0.033,1,80.35368237,0,0,1
7,grate,Task B ,1,4,1,-3.119259867,0.033,1,347.1481964,0,0,1
8,grate,Task B ,2,3,0,4.464371899,0.067,1,161.4576078,0,0,3
8,grate,Task B ,1,1,0,-14.14030075,0.033,2,258.7612574,0,0,1
8,grate,Task B ,2,3,1,-0.693569447,0.05,2,327.8725134,0,0,2
8,grate,Task B ,1,1,0,4.655475672,0.033,2,178.7804541,0,0,1
8,grate,Task B ,2,1,1,-23.00969106,0.033,2,52.26722544,0,0,1
8,grate,Task B ,2,1,1,4.582686833,0.033,2,49.4812469,0,0,1
9,grate,Task B ,2,1,1,-14.06408422,0.033,2,338.5735517,0,0,1
9,grate,Task B ,1,2,0,11.28663467,0.05,2,21.6031299,0,0,2
9,grate,Task B ,1,4,0,-4.755882946,0.135,2,178.2979612,0,0,4
9,grate,Task B ,2,1,0,-2.788868525,0.05,1,269.6612001,0,0,2
9,grate,Task B ,1,4,0,-11.78853975,0.05,2,150.01166,0,0,2
9,grate,Task B ,1,4,1,0.881214968,0.05,1,47.0231986,0,0,2
10,grate,Task B ,1,2,1,-2.546678668,0.033,1,149.0667075,0,0,1
10,grate,Task B ,1,1,1,-2.844871497,0.05,1,271.9444933,0,0,2
10,grate,Task B ,1,2,1,-1.189796228,0.05,1,103.1138872,0,0,2
10,grate,Task B ,1,1,0,2.541347733,0.05,2,253.5150229,0,0,2
10,grate,Task B ,1,2,1,-1.859345893,0.033,1,354.2868862,0,0,1
10,grate,Task B ,1,1,0,-3.610951619,0.05,2,327.8998345,0,0,2
1,grate,Task B ,1,1,0,8.702923108,0.067,2,325.2774617,0,0,3
1,grate,Task B ,2,2,0,-1.144669797,0.05,1,32.62031646,0,0,2
1,grate,Task B ,2,1,1,-8.23890969,0.05,2,289.5837839,0,0,2
1,grate,Task B ,2,2,0,3.85429062,0.05,1,3.713431179,0,0,2
1,grate,Task B ,1,3,1,-1.348900329,0.135,1,83.54288725,0,0,4
1,grate,Task B ,1,2,0,13.17643703,0.05,2,99.27282808,0,0,2
2,grate,Task B ,2,2,1,17.99371123,0.135,2,228.9588246,0,0,4
2,grate,Task B ,1,2,0,3.995508696,0.033,2,270.921549,0,0,1
2,grate,Task B ,2,3,1,-9.328724474,0.05,2,79.78427394,0,0,2
2,grate,Task B ,1,1,0,10.78808132,0.05,2,221.8299264,0,0,2
2,grate,Task B ,1,2,1,-0.600471121,0.135,1,127.122288,0,0,4
2,grate,Task B ,1,2,0,-7.368291546,0.05,2,348.716068,0,0,2
3,grate,Task B ,1,3,1,-1.772980702,0.067,1,323.3150797,0,0,3
3,grate,Task B ,2,3,1,14.13272928,0.05,2,69.19579326,0,0,2
3,grate,Task B ,1,1,1,-0.226930941,0.067,1,200.7081531,0,0,3
3,grate,Task B ,2,3,0,1.222442562,0.135,1,1.637048271,0,0,4
3,grate,Task B ,2,2,1,-15.08766611,0.033,2,21.57045471,0,0,1
3,grate,Task B ,1,2,1,3.246706609,0.135,1,80.57303394,0,0,4
4,grate,Task B ,2,4,1,-8.557253972,0.067,2,248.5086107,0,0,3
4,grate,Task B ,1,4,0,1.93008533,0.135,2,283.4893882,0,0,4
4,grate,Task B ,1,4,1,-5.648864692,0.05,1,67.58107425,0,0,2
4,grate,Task B ,1,4,1,-5.161822211,0.135,1,321.1454235,0,0,4
4,grate,Task B ,1,1,0,2.272296234,0.05,2,62.6781717,0,0,2
4,grate,Task B ,2,4,1,-14.94103395,0.067,2,285.7750481,0,0,3
5,grate,Task B ,1,1,1,-1.425306833,0.033,1,152.8102674,0,0,1
5,grate,Task B ,1,1,0,1.736519104,0.033,2,352.0800932,0,0,1
5,grate,Task B ,1,1,1,2.120635565,0.033,1,152.641852,0,0,1
5,grate,Task B ,1,3,1,6.935619791,0.067,1,153.0995765,0,0,3
5,grate,Task B ,1,1,1,1.343705453,0.033,1,233.5307723,0,0,1
5,grate,Task B ,2,4,1,15.16024911,0.067,2,51.3784831,0,0,3
6,grate,Task B ,1,3,0,-4.811016497,0.05,2,262.3735304,0,0,2
6,grate,Task B ,1,3,1,-2.515111516,0.135,1,184.9730842,0,0,4
6,grate,Task B ,2,3,0,-1.557327697,0.033,1,113.5340468,0,0,1
6,grate,Task B ,1,3,1,1.316377186,0.033,1,322.0738202,0,0,1
6,grate,Task B ,1,3,1,1.470716399,0.067,1,332.1909473,0,0,3
6,grate,Task B ,1,1,0,-4.949032256,0.033,2,215.6840997,0,0,1
7,grate,Task B ,2,4,1,5.59047242,0.135,2,183.8132588,0,0,4
7,grate,Task B ,1,1,0,17.26592651,0.05,2,118.5977813,0,0,2
7,grate,Task B ,2,4,0,-3.221306467,0.05,1,225.8539053,0,0,2
7,grate,Task B ,2,4,1,10.11501608,0.033,2,357.1107592,0,0,1
7,grate,Task B ,1,1,1,-0.207545492,0.033,1,328.1933686,0,0,1
7,grate,Task B ,2,4,0,-0.819987647,0.067,1,19.00289639,0,0,3
8,grate,Task B ,2,3,0,3.886559978,0.135,1,281.0608377,0,0,4
8,grate,Task B ,2,2,1,9.438609748,0.05,2,189.4321881,0,0,2
8,grate,Task B ,1,2,0,-7.902936797,0.033,2,147.1140865,0,0,1
8,grate,Task B ,1,3,1,-0.036877417,0.05,1,134.8727141,0,0,2
8,grate,Task B ,2,4,1,-9.825760238,0.135,2,58.46480813,0,0,4
8,grate,Task B ,1,2,0,16.21819215,0.067,2,36.3288127,0,0,3
9,grate,Task B ,1,4,1,7.205860912,0.135,1,146.6010879,0,0,4
9,grate,Task B ,2,1,1,-0.922337773,0.05,2,272.4075767,0,0,2
9,grate,Task B ,2,1,0,-1.366837996,0.05,1,179.6676667,0,0,2
9,grate,Task B ,1,2,1,-0.082951281,0.033,1,5.316245655,0,0,1
9,grate,Task B ,2,4,1,-12.05908014,0.135,2,70.26781645,0,0,4
9,grate,Task B ,2,4,1,12.23255325,0.135,2,67.98177498,0,0,4
10,grate,Task B ,1,2,1,-2.397745645,0.135,1,254.5824598,0,0,4
10,grate,Task B ,1,1,0,3.042136913,0.033,2,323.6822553,0,0,1
10,grate,Task B ,1,1,0,-2.778530516,0.067,2,195.4054353,0,0,3
10,grate,Task B ,1,1,1,3.649074083,0.033,1,36.1398498,0,0,1
10,grate,Task B ,2,2,1,-7.743375641,0.135,2,269.1299367,0,0,4
10,grate,Task B ,2,1,1,-12.35717814,0.067,2,2.596417504,0,0,3
1,grate,Task B ,1,3,0,14.22320591,0.05,2,51.48109587,0,0,2
1,grate,Task B ,2,2,1,-11.77781058,0.05,2,183.4635673,0,0,2
1,grate,Task B ,1,1,1,-1.741287468,0.033,1,318.0738625,0,0,1
1,grate,Task B ,2,3,1,17.01955095,0.05,2,158.9442251,0,0,2
1,grate,Task B ,1,4,0,5.343568935,0.135,2,96.96214904,0,0,4
1,grate,Task B ,1,2,0,-2.636941914,0.135,2,309.5044035,0,0,4
2,grate,Task B ,2,1,1,11.74903708,0.067,2,303.8441297,0,0,3
2,grate,Task B ,1,4,1,3.325880553,0.135,1,12.4305252,0,0,4
2,grate,Task B ,1,3,1,4.130009458,0.05,1,350.256192,0,0,2
2,grate,Task B ,2,4,1,15.08228031,0.05,2,349.0513042,0,0,2
2,grate,Task B ,2,3,0,-0.022920153,0.135,1,140.4037067,0,0,4
2,grate,Task B ,1,2,1,-1.607095975,0.05,1,121.6546153,0,0,2
3,grate,Task B ,1,2,0,-16.81968979,0.033,2,301.8277101,0,0,1
3,grate,Task B ,2,4,1,-11.13980395,0.067,2,69.67512205,0,0,3
3,grate,Task B ,1,1,0,5.973474589,0.067,2,323.7782928,0,0,3
3,grate,Task B ,1,1,0,-14.37726466,0.05,2,231.9436536,0,0,2
3,grate,Task B ,1,2,1,1.893872237,0.067,1,275.2584668,0,0,3
3,grate,Task B ,1,2,0,-2.09774311,0.05,2,291.2606827,0,0,2
4,grate,Task B ,1,1,0,0.722648999,0.05,2,30.64224248,0,0,2
4,grate,Task B ,2,2,0,1.000198335,0.033,1,246.9771159,0,0,1
4,grate,Task B ,2,1,1,-2.276599907,0.033,2,340.2806583,0,0,1
4,grate,Task B ,2,4,1,7.261885287,0.067,2,332.4618619,0,0,3
4,grate,Task B ,2,1,1,2.538822457,0.033,2,24.25624418,0,0,1
4,grate,Task B ,1,1,0,17.19247093,0.033,2,328.5246581,0,0,1
5,grate,Task B ,1,4,1,-1.114975854,0.067,1,341.6245482,0,0,3
5,grate,Task B ,2,2,0,-1.971528254,0.135,1,23.51540585,0,0,4
5,grate,Task B ,1,1,1,2.088352195,0.033,1,175.0192994,0,0,1
5,grate,Task B ,1,2,1,-2.084436854,0.033,1,183.2785892,0,0,1
5,grate,Task B ,1,3,1,4.28224745,0.067,1,143.922555,0,0,3
5,grate,Task B ,1,4,1,1.320577028,0.135,1,189.9345093,0,0,4
6,grate,Task B ,2,3,1,19.57670876,0.067,2,80.50790454,0,0,3
6,grate,Task B ,2,2,0,-2.838593556,0.033,1,321.4391561,0,0,1
6,grate,Task B ,1,3,0,6.852136632,0.067,2,92.9116197,0,0,3
6,grate,Task B ,2,3,1,13.39771111,0.067,2,153.5682733,0,0,3
6,grate,Task B ,2,3,0,-0.053004701,0.033,1,358.3406288,0,0,1
6,grate,Task B ,2,3,0,1.289088804,0.033,1,214.5997416,0,0,1
7,grate,Task B ,2,1,0,-1.594510475,0.033,1,289.4849617,0,0,1
7,grate,Task B ,1,4,0,18.0512513,0.033,2,257.3734572,0,0,1
7,grate,Task B ,2,4,1,29.06644941,0.033,2,41.33174504,0,0,1
7,grate,Task B ,2,4,1,-3.681978354,0.067,2,98.29784533,0,0,3
7,grate,Task B ,1,4,0,18.14862044,0.05,2,107.1957522,0,0,2
7,grate,Task B ,2,4,1,11.78357995,0.05,2,88.08086462,0,0,2
8,grate,Task B ,2,3,1,-16.07387214,0.05,2,11.38209469,0,0,2
8,grate,Task B ,2,2,0,-2.075467278,0.067,1,29.99088334,0,0,3
8,grate,Task B ,1,4,1,3.716461261,0.135,1,271.7504321,0,0,4
8,grate,Task B ,1,4,1,-0.932310616,0.135,1,105.2567152,0,0,4
8,grate,Task B ,2,3,0,-3.261978828,0.067,1,90.64448332,0,0,3
8,grate,Task B ,1,1,0,-0.117812551,0.033,2,347.9947133,0,0,1
9,grate,Task B ,1,2,0,-6.202082615,0.033,2,12.43941754,0,0,1
9,grate,Task B ,1,4,1,2.947967431,0.067,1,290.2407718,0,0,3
9,grate,Task B ,1,1,0,-3.461990757,0.033,2,115.1480477,0,0,1
9,grate,Task B ,1,4,1,0.5098022,0.135,1,181.4545458,0,0,4
9,grate,Task B ,1,4,0,-10.96425988,0.135,2,15.75769001,0,0,4
9,grate,Task B ,1,3,1,-3.542711277,0.067,1,46.58658003,0,0,3
10,grate,Task B ,2,3,1,-13.00537154,0.05,2,185.8793818,0,0,2
10,grate,Task B ,1,1,1,-4.368826776,0.033,1,38.38218417,0,0,1
10,grate,Task B ,2,2,1,14.88722152,0.135,2,342.4283514,0,0,4
10,grate,Task B ,1,2,1,3.251751231,0.033,1,308.8672882,0,0,1
10,grate,Task B ,1,1,1,-0.522964577,0.033,1,279.7259397,0,0,1
10,grate,Task B ,1,2,0,0.873436445,0.135,2,320.0183138,0,0,4
1,grate,Task B ,1,1,1,-1.941736553,0.05,1,282.4736881,0,0,2
1,grate,Task B ,1,4,1,-1.62139092,0.135,1,256.5440475,0,0,4
1,grate,Task B ,1,4,1,-0.990319144,0.135,1,52.02429216,0,0,4
1,grate,Task B ,1,2,1,-1.432042139,0.135,1,276.4285406,0,0,4
1,grate,Task B ,1,3,1,-3.831085185,0.05,1,342.2234117,0,0,2
1,grate,Task B ,2,4,1,17.96164959,0.135,2,30.55996951,0,0,4
2,grate,Task B ,1,1,1,0.181919339,0.033,1,199.1529507,0,0,1
2,grate,Task B ,2,3,1,-11.37073154,0.135,2,89.26709376,0,0,4
2,grate,Task B ,2,3,0,0.941001818,0.135,1,157.7523134,0,0,4
2,grate,Task B ,1,2,0,10.19490804,0.033,2,232.2283488,0,0,1
2,grate,Task B ,1,1,1,-0.262883863,0.033,1,126.9348421,0,0,1
2,grate,Task B ,1,3,1,1.696910512,0.05,1,27.07357795,0,0,2
3,grate,Task B ,2,4,1,11.57585444,0.067,2,9.398924887,0,0,3
3,grate,Task B ,1,4,1,1.29237385,0.067,1,355.8460577,0,0,3
3,grate,Task B ,1,2,0,7.164810955,0.033,2,20.87671359,0,0,1
3,grate,Task B ,1,1,0,-9.100952114,0.033,2,308.098461,0,0,1
3,grate,Task B ,1,2,1,-1.056336116,0.05,1,91.3520857,0,0,2
3,grate,Task B ,2,4,1,16.38115526,0.135,2,1.746889443,0,0,4
4,grate,Task B ,1,3,1,4.429006821,0.067,1,235.7496022,0,0,3
4,grate,Task B ,2,2,0,3.790676392,0.05,1,35.62380367,0,0,2
4,grate,Task B ,1,3,1,2.419429315,0.135,1,259.9205244,0,0,4
4,grate,Task B ,2,4,1,-16.98278052,0.135,2,283.040032,0,0,4
4,grate,Task B ,2,3,1,-11.08631619,0.05,2,292.2794548,0,0,2
4,grate,Task B ,1,2,0,21.14786868,0.033,2,118.9751895,0,0,1
5,grate,Task B ,1,4,1,-0.199560591,0.135,1,137.2648178,0,0,4
5,grate,Task B ,1,4,0,3.095007005,0.135,2,90.51110743,0,0,4
5,grate,Task B ,2,4,1,-8.497239894,0.067,2,224.8072647,0,0,3
5,grate,Task B ,2,4,1,-16.7323798,0.05,2,227.865775,0,0,2
5,grate,Task B ,1,4,1,-3.892791225,0.135,1,77.17254317,0,0,4
5,grate,Task B ,2,4,1,-11.03625139,0.05,2,61.99493899,0,0,2
6,grate,Task B ,1,1,1,-5.536226328,0.033,1,111.2094419,0,0,1
6,grate,Task B ,2,3,0,-3.09531833,0.033,1,5.846729162,0,0,1
6,grate,Task B ,2,1,0,-3.498827246,0.033,1,61.2885384,0,0,1
6,grate,Task B ,2,3,1,19.97251281,0.05,2,270.4746931,0,0,2
6,grate,Task B ,2,3,1,13.3886581,0.067,2,245.4269269,0,0,3
6,grate,Task B ,1,1,0,-6.807145848,0.05,2,229.9639163,0,0,2
7,grate,Task B ,1,4,0,-12.99319769,0.067,2,224.7243449,0,0,3
7,grate,Task B ,1,4,1,1.097389223,0.135,1,261.83661,0,0,4
7,grate,Task B ,1,4,1,0.182938628,0.05,1,82.39149064,0,0,2
7,grate,Task B ,1,4,0,-1.169771253,0.135,2,308.3192193,0,0,4
7,grate,Task B ,1,4,1,-1.558545213,0.067,1,309.7601775,0,0,3
7,grate,Task B ,1,4,1,2.39358732,0.135,1,339.460567,0,0,4
8,grate,Task B ,1,1,0,8.691177946,0.05,2,6.824343651,0,0,2
8,grate,Task B ,2,1,1,-19.80992405,0.033,2,149.4965312,0,0,1
8,grate,Task B ,1,2,1,0.413327546,0.05,1,193.9032596,0,0,2
8,grate,Task B ,1,4,1,2.414451815,0.135,1,227.0125516,0,0,4
8,grate,Task B ,1,1,1,4.131944072,0.033,1,212.4116839,0,0,1
8,grate,Task B ,2,1,1,-12.78830007,0.05,2,279.7706011,0,0,2
9,grate,Task B ,2,4,1,-13.84836198,0.135,2,354.629144,0,0,4
9,grate,Task B ,1,4,0,0.974941685,0.135,2,108.8355618,0,0,4
9,grate,Task B ,2,1,1,-8.224697746,0.033,2,106.7641041,0,0,1
9,grate,Task B ,1,1,0,3.826384531,0.033,2,92.65641301,0,0,1
9,grate,Task B ,1,2,1,4.390265461,0.033,1,41.00609048,0,0,1
9,grate,Task B ,2,4,1,-17.81053116,0.033,2,171.0146274,0,0,1
10,grate,Task B ,2,2,1,-3.546733431,0.135,2,352.3463724,0,0,4
10,grate,Task B ,1,1,0,-24.71194688,0.033,2,31.93208336,0,0,1
10,grate,Task B ,1,2,1,6.718855105,0.033,1,105.8787043,0,0,1
10,grate,Task B ,1,1,1,-3.977540985,0.067,1,167.4195059,0,0,3
10,grate,Task B ,1,1,1,1.559846604,0.067,1,184.4778744,0,0,3
10,grate,Task B ,1,1,1,0.23420549,0.135,1,61.5719835,0,0,4
1,grate,Task B ,2,4,1,17.24854481,0.135,2,176.5782043,0,0,4
1,grate,Task B ,2,4,1,9.340170969,0.135,2,334.5442084,0,0,4
1,grate,Task B ,2,3,1,-17.52111055,0.067,2,332.837548,0,0,3
1,grate,Task B ,1,2,1,-1.051600885,0.05,1,258.7994832,0,0,2
1,grate,Task B ,1,1,0,-13.86062978,0.033,2,260.7557795,0,0,1
1,grate,Task B ,1,1,0,-11.79866208,0.033,2,296.9094868,0,0,1
2,grate,Task B ,1,1,1,2.070679008,0.05,1,204.2157326,0,0,2
2,grate,Task B ,1,1,1,2.22511586,0.135,1,105.5257878,0,0,4
2,grate,Task B ,2,3,0,-1.493342008,0.033,1,278.3814075,0,0,1
2,grate,Task B ,2,4,1,-13.05430368,0.135,2,353.282195,0,0,4
2,grate,Task B ,1,2,1,-3.933274919,0.033,1,186.0124003,0,0,1
2,grate,Task B ,2,3,1,10.08191481,0.135,2,137.8222499,0,0,4
3,grate,Task B ,2,2,0,-0.041869232,0.033,1,206.1376893,0,0,1
3,grate,Task B ,2,2,0,-2.975070044,0.05,1,38.80836477,0,0,2
3,grate,Task B ,1,1,0,-4.056672989,0.033,2,11.03930109,0,0,1
3,grate,Task B ,1,2,1,2.124427803,0.067,1,125.9193661,0,0,3
3,grate,Task B ,1,1,1,1.687285931,0.05,1,145.0846761,0,0,2
3,grate,Task B ,1,4,0,-2.309790206,0.067,2,287.4089814,0,0,3
4,grate,Task B ,2,4,0,5.502781737,0.135,1,25.37891454,0,0,4
4,grate,Task B ,1,2,0,15.37483789,0.05,2,37.84304725,0,0,2
4,grate,Task B ,2,4,1,14.02234413,0.067,2,267.9517088,0,0,3
4,grate,Task B ,2,4,1,9.456467871,0.135,2,117.977652,0,0,4
4,grate,Task B ,1,1,1,2.324183808,0.05,1,217.307344,0,0,2
4,grate,Task B ,1,3,1,-1.668662466,0.135,1,112.2392256,0,0,4
5,grate,Task B ,1,4,1,-0.596098698,0.135,1,223.5262052,0,0,4
5,grate,Task B ,1,4,1,0.072123092,0.135,1,262.3451608,0,0,4
5,grate,Task B ,1,4,1,0.247080416,0.067,1,343.9193371,0,0,3
5,grate,Task B ,2,4,1,10.0634759,0.135,2,13.48884585,0,0,4
5,grate,Task B ,1,2,0,21.22162142,0.033,2,63.67093586,0,0,1
5,grate,Task B ,2,4,0,-6.309004398,0.135,1,291.0391262,0,0,4
6,grate,Task B ,1,3,1,-1.946674233,0.067,1,225.2935212,0,0,3
6,grate,Task B ,1,3,1,-2.28964845,0.033,1,210.4916586,0,0,1
6,grate,Task B ,1,2,1,2.104922337,0.05,1,71.27163608,0,0,2
6,grate,Task B ,2,3,0,-2.437283493,0.135,1,15.97664351,0,0,4
6,grate,Task B ,1,3,0,-5.127026943,0.033,2,282.1977323,0,0,1
6,grate,Task B ,2,3,1,7.29214396,0.135,2,146.6705223,0,0,4
7,grate,Task B ,2,4,1,-13.80305328,0.135,2,203.8443645,0,0,4
7,grate,Task B ,1,4,1,-2.626704602,0.033,1,300.4324884,0,0,1
7,grate,Task B ,1,4,1,-3.751264499,0.05,1,234.7229496,0,0,2
7,grate,Task B ,2,4,1,-11.29038227,0.067,2,17.71088484,0,0,3
7,grate,Task B ,2,1,0,-1.474929589,0.033,1,109.0777515,0,0,1
7,grate,Task B ,2,4,0,-0.082801044,0.067,1,278.4928929,0,0,3
8,grate,Task B ,1,2,1,0.976642688,0.05,1,329.961282,0,0,2
8,grate,Task B ,2,1,1,-11.04089723,0.033,2,310.3814512,0,0,1
8,grate,Task B ,1,2,0,2.209712247,0.033,2,132.6390736,0,0,1
8,grate,Task B ,1,1,0,2.228515937,0.033,2,324.1530492,0,0,1
8,grate,Task B ,2,3,0,-0.168544668,0.067,1,100.4968766,0,0,3
8,grate,Task B ,2,1,0,4.057973056,0.033,1,260.9576418,0,0,1
9,grate,Task B ,1,4,0,0.317084026,0.067,2,161.3517239,0,0,3
9,grate,Task B ,2,4,1,16.55477818,0.135,2,338.5010453,0,0,4
9,grate,Task B ,2,3,1,0.878509998,0.067,2,187.2691611,0,0,3
9,grate,Task B ,1,4,0,8.923108835,0.067,2,350.053332,0,0,3
9,grate,Task B ,2,4,1,-13.04680223,0.135,2,241.2633293,0,0,4
9,grate,Task B ,1,1,0,-2.060089071,0.033,2,34.22963674,0,0,1
10,grate,Task B ,1,1,0,14.10568078,0.05,2,214.7267196,0,0,2
10,grate,Task B ,1,1,0,15.6343886,0.05,2,19.13159502,0,0,2
10,grate,Task B ,1,1,0,13.58209674,0.05,2,232.0553008,0,0,2
10,grate,Task B ,1,1,0,1.226723275,0.05,2,36.44673735,0,0,2
10,grate,Task B ,1,2,0,2.289238416,0.067,2,311.0153212,0,0,3
10,grate,Task B ,1,2,1,-1.545674245,0.135,1,139.5787224,0,0,4
1,grate,Task B ,1,3,1,-1.219418326,0.05,1,155.4743469,0,0,2
1,grate,Task B ,1,3,1,0.348871094,0.067,1,336.5579728,0,0,3
1,grate,Task B ,2,1,1,-11.64603839,0.033,2,344.1621837,0,0,1
1,grate,Task B ,1,3,1,-2.490190364,0.135,1,58.25187897,0,0,4
1,grate,Task B ,1,2,0,6.437962487,0.05,2,51.29785209,0,0,2
1,grate,Task B ,2,1,1,30.56271526,0.05,2,161.0199633,0,0,2
2,grate,Task B ,1,1,1,4.281644062,0.067,1,12.74332187,0,0,3
2,grate,Task B ,1,4,1,2.409324782,0.135,1,341.3499794,0,0,4
2,grate,Task B ,1,4,0,4.266711324,0.135,2,273.5260226,0,0,4
2,grate,Task B ,1,3,1,3.066079882,0.067,1,176.690669,0,0,3
2,grate,Task B ,1,1,1,1.471464472,0.05,1,346.1488878,0,0,2
2,grate,Task B ,1,2,1,-2.35400811,0.033,1,152.2186745,0,0,1
3,grate,Task B ,2,1,1,-21.62579005,0.033,2,245.5962432,0,0,1
3,grate,Task B ,2,2,1,-11.43104213,0.033,2,296.210053,0,0,1
3,grate,Task B ,1,1,0,8.167225642,0.033,2,195.5297231,0,0,1
3,grate,Task B ,2,1,0,0.976551932,0.067,1,153.838022,0,0,3
3,grate,Task B ,2,3,1,16.30728218,0.05,2,125.0789599,0,0,2
3,grate,Task B ,1,2,1,4.217012199,0.05,1,115.4612993,0,0,2
4,grate,Task B ,1,3,0,3.801926682,0.135,2,112.9777917,0,0,4
4,grate,Task B ,1,1,0,-5.664133818,0.033,2,284.9997683,0,0,1
4,grate,Task B ,2,3,1,5.499692428,0.135,2,214.8751291,0,0,4
4,grate,Task B ,1,1,0,-6.464794716,0.033,2,47.02914259,0,0,1
4,grate,Task B ,2,2,0,0.855547932,0.05,1,27.78065831,0,0,2
4,grate,Task B ,2,2,1,12.3649136,0.067,2,187.9966396,0,0,3
5,grate,Task B ,1,2,1,5.187332028,0.067,1,229.2063759,0,0,3
5,grate,Task B ,2,4,1,-11.22993968,0.067,2,52.24969942,0,0,3
5,grate,Task B ,1,3,0,-1.898413522,0.067,2,130.0939524,0,0,3
5,grate,Task B ,1,4,1,0.340360154,0.135,1,214.4798934,0,0,4
5,grate,Task B ,2,4,1,14.67426272,0.067,2,220.0080195,0,0,3
5,grate,Task B ,1,4,1,3.293352833,0.033,1,187.3685949,0,0,1
6,grate,Task B ,1,2,0,15.39548496,0.033,2,225.3276727,0,0,1
6,grate,Task B ,1,3,1,0.647459268,0.067,1,191.3363432,0,0,3
6,grate,Task B ,1,3,1,0.153695059,0.067,1,68.66343476,0,0,3
6,grate,Task B ,2,3,1,-1.584228099,0.067,2,157.7749027,0,0,3
6,grate,Task B ,1,3,0,-12.35638528,0.135,2,284.0234086,0,0,4
6,grate,Task B ,2,1,1,6.125928124,0.033,2,162.9792123,0,0,1
7,grate,Task B ,2,4,1,25.46018782,0.135,2,261.9564165,0,0,4
7,grate,Task B ,1,4,1,3.277084879,0.135,1,150.9301673,0,0,4
7,grate,Task B ,1,4,0,0.996870434,0.033,2,153.8274329,0,0,1
7,grate,Task B ,2,4,0,-0.886490729,0.05,1,112.4341833,0,0,2
7,grate,Task B ,1,4,1,1.07617004,0.05,1,238.2864282,0,0,2
7,grate,Task B ,2,4,1,-1.903282028,0.033,2,324.0956793,0,0,1
8,grate,Task B ,2,3,1,-8.081456597,0.05,2,114.4610826,0,0,2
8,grate,Task B ,2,3,1,8.18085566,0.067,2,154.4754079,0,0,3
8,grate,Task B ,1,1,1,2.171104452,0.033,1,101.6518145,0,0,1
8,grate,Task B ,1,1,0,-0.605485099,0.033,2,346.6415535,0,0,1
8,grate,Task B ,2,3,1,-3.930304829,0.05,2,163.6908283,0,0,2
8,grate,Task B ,2,4,1,11.65164249,0.135,2,292.2368631,0,0,4
9,grate,Task B ,2,4,0,7.614062864,0.135,1,58.82403173,0,0,4
9,grate,Task B ,2,2,1,-16.89787397,0.05,2,267.0028472,0,0,2
9,grate,Task B ,1,4,1,-0.024795149,0.135,1,26.52982367,0,0,4
9,grate,Task B ,1,4,0,-6.290183165,0.135,2,2.421424538,0,0,4
9,grate,Task B ,2,4,1,-10.22911687,0.135,2,91.55822096,0,0,4
9,grate,Task B ,1,4,1,-0.035470775,0.135,1,183.2056967,0,0,4
10,grate,Task B ,1,3,1,1.264815643,0.05,1,346.2802453,0,0,2
10,grate,Task B ,1,1,1,2.752579155,0.05,1,190.4053528,0,0,2
10,grate,Task B ,2,2,1,4.616470706,0.05,2,118.430295,0,0,2
10,grate,Task B ,1,2,1,-0.281219585,0.067,1,317.5732407,0,0,3
10,grate,Task B ,1,1,1,-3.635585448,0.135,1,179.5261124,0,0,4
10,grate,Task B ,1,2,1,3.14370675,0.135,1,174.0370692,0,0,4
1,grate,Task B ,1,1,0,15.06909208,0.033,2,299.0507869,0,0,1
1,grate,Task B ,1,1,0,-4.405603952,0.033,2,56.68083428,0,0,1
1,grate,Task B ,1,4,1,1.221982211,0.135,1,111.424384,0,0,4
1,grate,Task B ,1,3,1,2.336981245,0.067,1,188.4179283,0,0,3
1,grate,Task B ,1,3,1,-0.922269922,0.135,1,325.6451908,0,0,4
1,grate,Task B ,2,1,1,13.1807995,0.05,2,243.8263186,0,0,2
2,grate,Task B ,1,1,1,0.085399648,0.033,1,119.0197179,0,0,1
2,grate,Task B ,2,3,0,-0.426914161,0.067,1,259.7159853,0,0,3
2,grate,Task B ,1,1,0,-19.19243973,0.067,2,177.4747467,0,0,3
2,grate,Task B ,2,1,0,5.357147127,0.033,1,44.60993665,0,0,1
2,grate,Task B ,1,2,1,0.724989117,0.067,1,246.3867309,0,0,3
2,grate,Task B ,2,2,1,-1.385266988,0.05,2,120.844815,0,0,2
3,grate,Task B ,2,4,1,10.4470331,0.135,2,144.0791819,0,0,4
3,grate,Task B ,1,2,1,0.974812263,0.033,1,30.46995903,0,0,1
3,grate,Task B ,2,1,1,-3.923867236,0.033,2,315.6769187,0,0,1
3,grate,Task B ,1,4,0,1.246685179,0.135,2,253.7431838,0,0,4
3,grate,Task B ,2,4,1,26.22115776,0.135,2,297.5018601,0,0,4
3,grate,Task B ,1,2,1,-3.442984505,0.033,1,141.7169664,0,0,1
4,grate,Task B ,1,3,0,-5.78806253,0.05,2,187.5604017,0,0,2
4,grate,Task B ,2,1,1,18.04678862,0.067,2,168.4470125,0,0,3
4,grate,Task B ,1,3,0,13.47312751,0.033,2,291.6968258,0,0,1
4,grate,Task B ,1,3,0,5.377386384,0.067,2,224.3363066,0,0,3
4,grate,Task B ,1,2,0,8.124139955,0.05,2,203.1475076,0,0,2
4,grate,Task B ,1,3,1,-0.891727908,0.067,1,36.89806749,0,0,3
5,grate,Task B ,1,1,1,0.385652606,0.067,1,287.3334502,0,0,3
5,grate,Task B ,1,2,1,-1.75922321,0.033,1,222.5021179,0,0,1
5,grate,Task B ,1,3,1,2.98326735,0.135,1,206.4381785,0,0,4
5,grate,Task B ,1,1,0,-16.35682932,0.033,2,346.4761914,0,0,1
5,grate,Task B ,1,2,0,6.917908597,0.05,2,231.6265964,0,0,2
5,grate,Task B ,2,4,1,-9.179164273,0.135,2,90.9424741,0,0,4
6,grate,Task B ,2,3,1,4.52153836,0.067,2,67.95492804,0,0,3
6,grate,Task B ,1,3,1,-3.217020415,0.05,1,229.1213697,0,0,2
6,grate,Task B ,2,3,1,9.464196667,0.135,2,269.4434462,0,0,4
6,grate,Task B ,2,1,1,-8.158538423,0.033,2,143.3673248,0,0,1
6,grate,Task B ,1,3,1,0.410160627,0.033,1,30.30510122,0,0,1
6,grate,Task B ,1,2,0,7.315259673,0.033,2,206.1112149,0,0,1
7,grate,Task B ,1,4,1,3.809084095,0.05,1,357.230025,0,0,2
7,grate,Task B ,1,4,1,-1.274870165,0.05,1,133.4447977,0,0,2
7,grate,Task B ,1,4,0,7.694921288,0.05,2,120.5888461,0,0,2
7,grate,Task B ,1,4,1,-0.086790232,0.067,1,348.3108806,0,0,3
7,grate,Task B ,1,4,0,0.563058497,0.033,2,249.8585392,0,0,1
7,grate,Task B ,1,4,1,1.799061741,0.135,1,144.7053668,0,0,4
8,grate,Task B ,1,3,0,7.488026746,0.067,2,37.02698208,0,0,3
8,grate,Task B ,2,4,1,24.91789198,0.135,2,138.7185805,0,0,4
8,grate,Task B ,2,3,0,-1.790704468,0.067,1,4.031828166,0,0,3
8,grate,Task B ,1,4,1,1.663733427,0.135,1,292.3918732,0,0,4
8,grate,Task B ,2,1,0,-0.067097687,0.05,1,166.7035476,0,0,2
8,grate,Task B ,2,4,1,-12.54736505,0.135,2,334.5898789,0,0,4
9,grate,Task B ,1,1,1,-0.763518959,0.033,1,274.93827,0,0,1
9,grate,Task B ,2,1,1,7.328099766,0.033,2,32.3787387,0,0,1
9,grate,Task B ,1,2,0,-12.28510835,0.067,2,166.2770495,0,0,3
9,grate,Task B ,2,4,0,0.80095118,0.067,1,67.21486416,0,0,3
9,grate,Task B ,2,1,0,0.959312452,0.033,1,344.8148314,0,0,1
9,grate,Task B ,1,1,1,-1.592778723,0.033,1,43.18567602,0,0,1
10,grate,Task B ,2,2,1,15.55789492,0.135,2,63.60897385,0,0,4
10,grate,Task B ,2,2,0,-3.052419,0.067,1,3.977349396,0,0,3
10,grate,Task B ,1,2,0,-9.456957964,0.05,2,336.0330351,0,0,2
10,grate,Task B ,1,1,1,0.244239295,0.033,1,271.3975388,0,0,1
10,grate,Task B ,1,1,1,5.935287321,0.135,1,201.9205798,0,0,4
10,grate,Task B ,1,1,0,19.99503598,0.033,2,58.39886572,0,0,1
1,grate,Task B ,1,3,0,-7.059892554,0.067,2,193.1332567,0,0,3
1,grate,Task B ,1,3,1,0.741352248,0.05,1,27.70910035,0,0,2
1,grate,Task B ,1,2,1,-0.841427973,0.135,1,183.3138829,0,0,4
1,grate,Task B ,1,2,0,-3.479438391,0.135,2,121.0263005,0,0,4
1,grate,Task B ,1,2,0,5.335133367,0.05,2,52.95980038,0,0,2
1,grate,Task B ,1,2,0,-2.19194098,0.067,2,325.5460662,0,0,3
2,grate,Task B ,2,2,1,25.0533671,0.033,2,45.74688524,0,0,1
2,grate,Task B ,1,3,1,1.055914674,0.135,1,267.1904111,0,0,4
2,grate,Task B ,1,1,0,22.21945793,0.05,2,252.1730929,0,0,2
2,grate,Task B ,1,1,1,-6.941955912,0.05,1,212.1638906,0,0,2
2,grate,Task B ,1,2,1,-0.889313998,0.033,1,229.2887576,0,0,1
2,grate,Task B ,1,2,0,-4.647234519,0.05,2,311.0596042,0,0,2
3,grate,Task B ,2,3,0,-1.120873027,0.033,1,8.574551446,0,0,1
3,grate,Task B ,2,4,1,-9.999341514,0.135,2,74.02404308,0,0,4
3,grate,Task B ,2,3,0,-4.223483136,0.135,1,95.11030666,0,0,4
3,grate,Task B ,2,2,1,8.632290084,0.033,2,125.1923228,0,0,1
3,grate,Task B ,2,2,1,-3.188130849,0.05,2,24.62739199,0,0,2
3,grate,Task B ,1,3,1,-1.691128063,0.067,1,43.69323774,0,0,3
4,grate,Task B ,2,1,1,-3.803239842,0.05,2,10.09865262,0,0,2
4,grate,Task B ,1,4,1,-2.487499671,0.05,1,170.2565723,0,0,2
4,grate,Task B ,2,4,1,23.44002369,0.05,2,226.2282602,0,0,2
4,grate,Task B ,1,2,1,-4.710858531,0.033,1,274.3194729,0,0,1
4,grate,Task B ,2,3,1,-20.32121599,0.067,2,127.1779561,0,0,3
4,grate,Task B ,1,1,0,1.139209518,0.033,2,305.3789751,0,0,1
5,grate,Task B ,1,2,1,0.14301168,0.05,1,192.9778189,0,0,2
5,grate,Task B ,1,4,1,-1.248162659,0.033,1,128.9833836,0,0,1
5,grate,Task B ,1,3,1,-1.974503889,0.135,1,95.962849,0,0,4
5,grate,Task B ,1,2,0,0.483315514,0.135,2,278.3439775,0,0,4
5,grate,Task B ,1,2,1,1.491426657,0.067,1,352.7701686,0,0,3
5,grate,Task B ,1,4,1,-0.888268122,0.067,1,165.3140638,0,0,3
6,grate,Task B ,1,3,0,-6.316874444,0.05,2,217.1144897,0,0,2
6,grate,Task B ,1,3,1,2.559725179,0.067,1,169.4550209,0,0,3
6,grate,Task B ,2,3,1,0.468054478,0.135,2,106.5707717,0,0,4
6,grate,Task B ,1,3,1,-2.841782924,0.135,1,307.0402919,0,0,4
6,grate,Task B ,2,3,1,-5.286035261,0.05,2,164.6711226,0,0,2
6,grate,Task B ,2,3,1,-3.526660369,0.135,2,181.7698548,0,0,4
7,grate,Task B ,2,4,0,-2.404810547,0.135,1,80.765889,0,0,4
7,grate,Task B ,2,4,1,23.783279,0.067,2,144.964265,0,0,3
7,grate,Task B ,1,4,1,3.576038807,0.135,1,140.1464932,0,0,4
7,grate,Task B ,1,1,1,-3.742012154,0.135,1,189.7627552,0,0,4
7,grate,Task B ,2,4,0,-2.303925316,0.135,1,156.6225387,0,0,4
7,grate,Task B ,2,4,1,-11.48060064,0.135,2,306.4706898,0,0,4
8,grate,Task B ,2,4,1,8.151607318,0.135,2,90.75172167,0,0,4
8,grate,Task B ,2,4,1,17.69498707,0.135,2,311.0517291,0,0,4
8,grate,Task B ,2,2,0,-4.071271762,0.05,1,131.2526656,0,0,2
8,grate,Task B ,1,1,0,2.28163347,0.05,2,108.5073919,0,0,2
8,grate,Task B ,2,1,1,-4.442992715,0.033,2,22.29138559,0,0,1
8,grate,Task B ,1,1,1,0.381086831,0.05,1,125.4963664,0,0,2
9,grate,Task B ,1,4,1,1.587587925,0.135,1,1.832268076,0,0,4
9,grate,Task B ,1,4,1,-4.169092063,0.135,1,104.8870584,0,0,4
9,grate,Task B ,2,1,0,3.060000477,0.033,1,292.1829288,0,0,1
9,grate,Task B ,1,2,0,-0.901734976,0.033,2,156.4176971,0,0,1
9,grate,Task B ,1,1,1,1.336838375,0.05,1,121.4179167,0,0,2
9,grate,Task B ,1,1,0,-2.030027435,0.05,2,213.9515394,0,0,2
10,grate,Task B ,1,1,0,7.607605971,0.033,2,269.6526937,0,0,1
10,grate,Task B ,2,2,1,0.999863615,0.067,2,219.9118027,0,0,3
10,grate,Task B ,1,1,0,-19.60901001,0.05,2,354.9682128,0,0,2
10,grate,Task B ,1,1,1,0.315666302,0.05,1,112.6127665,0,0,2
10,grate,Task B ,1,1,0,-3.515069173,0.033,2,8.552418286,0,0,1
10,grate,Task B ,1,2,1,0.72689665,0.135,1,337.083809,0,0,4
1,grate,Task B ,1,3,1,-2.204908139,0.067,1,283.4704812,0,0,3
1,grate,Task B ,1,3,1,1.747820728,0.05,1,39.37713833,0,0,2
1,grate,Task B ,2,1,1,22.12397118,0.033,2,224.8601845,0,0,1
1,grate,Task B ,2,2,1,16.04437014,0.067,2,106.0614736,0,0,3
1,grate,Task B ,1,2,0,-9.935984774,0.033,2,90.7477432,0,0,1
1,grate,Task B ,2,1,1,-14.30249259,0.05,2,181.7659068,0,0,2
2,grate,Task B ,1,1,0,-7.165341041,0.067,2,171.1321578,0,0,3
2,grate,Task B ,1,1,1,-0.45373178,0.033,1,174.2177572,0,0,1
2,grate,Task B ,1,4,1,-2.826236555,0.05,1,93.31995318,0,0,2
2,grate,Task B ,1,2,0,-11.49706055,0.033,2,206.9481829,0,0,1
2,grate,Task B ,1,1,0,-1.309135746,0.033,2,81.66425082,0,0,1
2,grate,Task B ,1,2,1,0.609857919,0.033,1,31.0871483,0,0,1
3,grate,Task B ,1,2,1,3.124349757,0.067,1,262.7978792,0,0,3
3,grate,Task B ,1,4,1,2.104574655,0.135,1,146.3648767,0,0,4
3,grate,Task B ,1,2,0,-3.722556246,0.135,2,252.3115439,0,0,4
3,grate,Task B ,1,1,0,1.173843741,0.067,2,23.28367338,0,0,3
3,grate,Task B ,1,2,1,-1.065639574,0.135,1,92.99216274,0,0,4
3,grate,Task B ,1,3,0,4.304660712,0.135,2,163.0492422,0,0,4
4,grate,Task B ,1,3,1,-1.968271355,0.135,1,279.464647,0,0,4
4,grate,Task B ,1,2,0,5.390249583,0.033,2,93.32478005,0,0,1
4,grate,Task B ,2,4,0,5.820662536,0.135,1,32.28702376,0,0,4
4,grate,Task B ,1,4,1,-1.143264633,0.135,1,283.8436685,0,0,4
4,grate,Task B ,1,3,1,-1.222858216,0.135,1,101.7630626,0,0,4
4,grate,Task B ,1,1,0,14.44244134,0.05,2,90.99185703,0,0,2
5,grate,Task B ,2,2,0,2.82325052,0.033,1,8.611577786,0,0,1
5,grate,Task B ,1,4,1,1.873849945,0.067,1,112.2884219,0,0,3
5,grate,Task B ,1,4,0,-1.671717554,0.05,2,235.3924064,0,0,2
5,grate,Task B ,1,4,1,0.320498387,0.05,1,283.3030075,0,0,2
5,grate,Task B ,1,3,1,-0.508379255,0.05,1,130.3949552,0,0,2
5,grate,Task B ,2,4,1,3.798545877,0.067,2,20.08149631,0,0,3
6,grate,Task B ,1,3,1,2.520389468,0.135,1,345.0224513,0,0,4
6,grate,Task B ,1,3,1,1.944833776,0.05,1,6.076173903,0,0,2
6,grate,Task B ,2,3,0,-3.000318976,0.033,1,223.8866563,0,0,1
6,grate,Task B ,1,2,0,10.79498913,0.033,2,237.9258018,0,0,1
6,grate,Task B ,1,3,1,0.635494141,0.033,1,0.527626597,0,0,1
6,grate,Task B ,1,1,1,-2.448574264,0.033,1,338.4683753,0,0,1
7,grate,Task B ,2,4,0,6.351657719,0.033,1,78.33812352,0,0,1
7,grate,Task B ,1,4,1,2.51028775,0.135,1,41.75531425,0,0,4
7,grate,Task B ,1,4,1,-4.952891381,0.05,1,328.1505957,0,0,2
7,grate,Task B ,1,4,1,1.712522852,0.033,1,56.59441995,0,0,1
7,grate,Task B ,1,4,0,5.235815239,0.05,2,120.686635,0,0,2
7,grate,Task B ,2,4,0,-1.833364941,0.033,1,353.7062913,0,0,1
8,grate,Task B ,2,4,1,-0.367432554,0.135,2,349.0329318,0,0,4
8,grate,Task B ,2,4,1,8.506011195,0.135,2,0.815532213,0,0,4
8,grate,Task B ,1,2,1,-2.495472179,0.05,1,334.6164697,0,0,2
8,grate,Task B ,2,4,1,-25.21697765,0.067,2,123.2148557,0,0,3
8,grate,Task B ,1,3,1,2.550629002,0.067,1,251.7810497,0,0,3
8,grate,Task B ,1,2,1,6.918647565,0.05,1,126.3989491,0,0,2
9,grate,Task B ,2,4,1,3.210827331,0.067,2,97.24960236,0,0,3
9,grate,Task B ,1,2,0,9.971711261,0.05,2,36.15983352,0,0,2
9,grate,Task B ,1,4,0,-8.442840089,0.067,2,234.3855708,0,0,3
9,grate,Task B ,1,4,0,-6.098294278,0.067,2,169.0436685,0,0,3
9,grate,Task B ,1,4,0,-17.33190964,0.05,2,86.02040475,0,0,2
9,grate,Task B ,1,2,0,-4.738712202,0.067,2,334.6684705,0,0,3
10,grate,Task B ,1,3,1,-0.337389072,0.033,1,330.9484882,0,0,1
10,grate,Task B ,1,1,0,9.514706901,0.067,2,78.7217389,0,0,3
10,grate,Task B ,2,1,1,10.7017496,0.135,2,163.9750541,0,0,4
10,grate,Task B ,1,2,1,2.138180763,0.05,1,179.0409657,0,0,2
10,grate,Task B ,1,1,0,13.19568784,0.067,2,40.7984673,0,0,3
10,grate,Task B ,1,2,1,-6.739918147,0.05,1,146.4623653,0,0,2
1,grate,Task B ,1,3,1,-0.135402536,0.135,1,176.1002692,0,0,4
1,grate,Task B ,1,2,0,22.485969,0.033,2,90.60522123,0,0,1
1,grate,Task B ,1,3,1,-2.968954861,0.05,1,337.8470173,0,0,2
1,grate,Task B ,2,1,1,-8.556839609,0.033,2,190.3839549,0,0,1
1,grate,Task B ,1,4,0,2.802047085,0.067,2,228.406216,0,0,3
1,grate,Task B ,1,2,0,-1.65968117,0.05,2,181.817731,0,0,2
2,grate,Task B ,1,1,1,3.974326336,0.05,1,252.1176456,0,0,2
2,grate,Task B ,1,1,0,16.98973156,0.033,2,289.8047584,0,0,1
2,grate,Task B ,1,1,1,2.684728755,0.033,1,279.1649942,0,0,1
2,grate,Task B ,2,1,1,-7.569176505,0.135,2,328.3055863,0,0,4
2,grate,Task B ,2,4,1,13.22549571,0.135,2,49.79287852,0,0,4
2,grate,Task B ,2,2,1,8.7795397,0.033,2,93.11678004,0,0,1
3,grate,Task B ,2,4,1,14.90632945,0.135,2,301.1863497,0,0,4
3,grate,Task B ,2,3,1,2.160995629,0.135,2,52.83579412,0,0,4
3,grate,Task B ,1,2,1,3.489808126,0.05,1,183.2876714,0,0,2
3,grate,Task B ,1,2,1,-1.245172672,0.067,1,286.0810663,0,0,3
3,grate,Task B ,1,1,1,3.613645392,0.05,1,98.75326279,0,0,2
3,grate,Task B ,2,4,1,5.357753561,0.067,2,34.01532947,0,0,3
4,grate,Task B ,1,2,0,-4.760571456,0.033,2,158.4012023,0,0,1
4,grate,Task B ,2,4,1,-7.731800062,0.135,2,229.8365676,0,0,4
4,grate,Task B ,1,3,0,2.629718255,0.05,2,241.154695,0,0,2
4,grate,Task B ,2,3,0,-5.186623582,0.135,1,41.79556769,0,0,4
4,grate,Task B ,2,2,0,5.325396265,0.05,1,134.8314222,0,0,2
4,grate,Task B ,1,1,0,12.54931717,0.033,2,31.4386697,0,0,1
5,grate,Task B ,1,4,1,-0.212260438,0.135,1,181.5130225,0,0,4
5,grate,Task B ,2,4,1,20.13564582,0.067,2,93.02280179,0,0,3
5,grate,Task B ,2,4,1,7.110918739,0.067,2,319.9323303,0,0,3
5,grate,Task B ,1,4,1,-1.625664718,0.033,1,59.78943608,0,0,1
5,grate,Task B ,1,3,1,-1.063188283,0.135,1,261.3418279,0,0,4
5,grate,Task B ,1,4,1,3.117668925,0.05,1,214.4832054,0,0,2
6,grate,Task B ,1,2,1,-5.429317947,0.033,1,40.28324546,0,0,1
6,grate,Task B ,2,3,1,11.22138649,0.05,2,317.9652812,0,0,2
6,grate,Task B ,1,3,1,-2.39346592,0.05,1,9.234024148,0,0,2
6,grate,Task B ,1,3,1,-0.33161783,0.05,1,308.1025955,0,0,2
6,grate,Task B ,1,2,0,19.16492643,0.067,2,295.9778403,0,0,3
6,grate,Task B ,2,3,1,10.10388335,0.135,2,67.30924433,0,0,4
7,grate,Task B ,1,4,1,1.372114824,0.135,1,13.65559988,0,0,4
7,grate,Task B ,1,4,1,-1.390195668,0.135,1,260.6336799,0,0,4
7,grate,Task B ,1,4,1,0.540855544,0.067,1,347.684651,0,0,3
7,grate,Task B ,1,4,1,-2.087357744,0.033,1,250.758525,0,0,1
7,grate,Task B ,1,4,1,0.986027573,0.033,1,225.9342627,0,0,1
7,grate,Task B ,1,4,0,9.081783581,0.067,2,292.3109064,0,0,3
8,grate,Task B ,2,4,0,-2.795222113,0.135,1,339.1187433,0,0,4
8,grate,Task B ,2,1,1,1.13448315,0.05,2,209.9569186,0,0,2
8,grate,Task B ,1,2,1,2.279661671,0.067,1,14.20318388,0,0,3
8,grate,Task B ,2,4,1,-12.76676171,0.135,2,68.45577488,0,0,4
8,grate,Task B ,2,3,0,-2.173040341,0.067,1,106.7575972,0,0,3
8,grate,Task B ,1,1,1,-3.270671518,0.05,1,47.97218724,0,0,2
9,grate,Task B ,1,4,1,1.819662225,0.135,1,337.2617801,0,0,4
9,grate,Task B ,2,4,1,-1.214529588,0.135,2,1.923224344,0,0,4
9,grate,Task B ,1,4,0,-0.032202297,0.135,2,177.5078908,0,0,4
9,grate,Task B ,1,1,1,-1.362462872,0.067,1,141.6593205,0,0,3
9,grate,Task B ,1,4,1,2.127684362,0.067,1,299.0940144,0,0,3
9,grate,Task B ,1,4,1,-1.628537705,0.135,1,188.6110553,0,0,4
10,grate,Task B ,1,2,1,2.962861008,0.135,1,201.4581383,0,0,4
10,grate,Task B ,1,1,0,-3.515015695,0.05,2,214.9515724,0,0,2
10,grate,Task B ,1,1,1,-2.826046882,0.033,1,298.0055484,0,0,1
10,grate,Task B ,1,1,0,3.393707977,0.033,2,359.7898005,0,0,1
10,grate,Task B ,2,1,1,7.205504253,0.135,2,193.5845674,0,0,4
10,grate,Task B ,1,1,1,1.617569336,0.033,1,160.7130802,0,0,1
1,grate,Task B ,1,1,1,-1.426393055,0.033,1,312.9548049,0,0,1
1,grate,Task B ,1,2,0,8.79457755,0.067,2,99.12998112,0,0,3
1,grate,Task B ,1,1,0,23.22708123,0.05,2,331.3171185,0,0,2
1,grate,Task B ,2,1,0,-3.438482652,0.135,1,211.1763894,0,0,4
1,grate,Task B ,1,1,1,1.766718055,0.033,1,278.398758,0,0,1
1,grate,Task B ,1,1,1,3.186078046,0.033,1,302.3794421,0,0,1
2,grate,Task B ,1,1,0,14.47975519,0.033,2,122.9130784,0,0,1
2,grate,Task B ,1,1,0,-9.873699799,0.067,2,81.75938078,0,0,3
2,grate,Task B ,2,4,1,15.85951864,0.135,2,116.2239111,0,0,4
2,grate,Task B ,1,1,1,5.288672887,0.05,1,238.6013966,0,0,2
2,grate,Task B ,1,2,1,0.142254456,0.05,1,84.67679468,0,0,2
2,grate,Task B ,1,2,1,-6.359825334,0.05,1,193.7577387,0,0,2
3,grate,Task B ,1,4,0,6.175093143,0.05,2,105.7741879,0,0,2
3,grate,Task B ,2,4,1,18.20691623,0.067,2,224.5716215,0,0,3
3,grate,Task B ,2,4,1,-25.31112223,0.135,2,114.6088435,0,0,4
3,grate,Task B ,1,1,0,-0.563552811,0.033,2,259.9435557,0,0,1
3,grate,Task B ,2,4,1,18.54125316,0.067,2,226.5570513,0,0,3
3,grate,Task B ,1,3,1,0.561734029,0.135,1,51.73536382,0,0,4
4,grate,Task B ,1,3,1,1.857894743,0.067,1,8.16065734,0,0,3
4,grate,Task B ,1,4,0,-3.107076881,0.135,2,93.49757711,0,0,4
4,grate,Task B ,1,1,0,5.782665597,0.05,2,143.2203626,0,0,2
4,grate,Task B ,1,1,0,-20.06445478,0.033,2,212.3866315,0,0,1
4,grate,Task B ,1,1,1,2.69831645,0.033,1,280.1878799,0,0,1
4,grate,Task B ,1,1,0,0.673348208,0.033,2,185.317923,0,0,1
5,grate,Task B ,2,3,1,9.466041644,0.05,2,141.4675652,0,0,2
5,grate,Task B ,1,2,1,3.047981355,0.135,1,336.2357482,0,0,4
5,grate,Task B ,1,4,1,-2.288429937,0.067,1,234.0142773,0,0,3
5,grate,Task B ,1,3,1,-3.126834423,0.135,1,228.5166945,0,0,4
5,grate,Task B ,2,4,1,21.42622079,0.067,2,152.6703972,0,0,3
5,grate,Task B ,2,4,1,5.030296378,0.135,2,94.15943452,0,0,4
6,grate,Task B ,2,2,1,-4.741461665,0.033,2,103.4590902,0,0,1
6,grate,Task B ,1,3,0,-5.728425655,0.05,2,130.0877461,0,0,2
6,grate,Task B ,1,3,1,2.055904696,0.033,1,183.9886936,0,0,1
6,grate,Task B ,2,3,0,0.517337686,0.067,1,51.9229102,0,0,3
6,grate,Task B ,2,3,1,26.15548362,0.067,2,46.11532268,0,0,3
6,grate,Task B ,2,3,0,-5.96664899,0.05,1,89.83135742,0,0,2
7,grate,Task B ,1,4,0,19.1616229,0.033,2,180.3807498,0,0,1
7,grate,Task B ,2,4,1,-1.392300874,0.05,2,235.6143973,0,0,2
7,grate,Task B ,1,4,0,0.727410553,0.135,2,160.477307,0,0,4
7,grate,Task B ,1,1,0,1.851587479,0.067,2,212.1689728,0,0,3
7,grate,Task B ,2,1,1,3.428686062,0.05,2,109.56087,0,0,2
7,grate,Task B ,2,4,1,-1.020201543,0.067,2,9.583719572,0,0,3
8,grate,Task B ,1,3,1,1.570519972,0.135,1,79.95976139,0,0,4
8,grate,Task B ,1,3,1,-3.410071386,0.067,1,156.8153354,0,0,3
8,grate,Task B ,2,3,1,6.718440483,0.067,2,181.1205711,0,0,3
8,grate,Task B ,2,1,0,-2.96545611,0.033,1,173.6643742,0,0,1
8,grate,Task B ,2,1,1,-7.571553315,0.067,2,212.343353,0,0,3
8,grate,Task B ,1,1,1,1.487668841,0.05,1,314.8820616,0,0,2
9,grate,Task B ,1,4,1,-4.837306985,0.135,1,208.9530018,0,0,4
9,grate,Task B ,1,1,0,11.75740999,0.05,2,101.6384441,0,0,2
9,grate,Task B ,2,4,0,3.633614883,0.067,1,217.387128,0,0,3
9,grate,Task B ,1,1,1,1.448582227,0.033,1,184.8001827,0,0,1
9,grate,Task B ,1,4,0,-2.31529925,0.135,2,236.307635,0,0,4
9,grate,Task B ,1,1,1,-1.396615652,0.033,1,324.6943579,0,0,1
10,grate,Task B ,1,2,1,-2.235616854,0.067,1,65.84358828,0,0,3
10,grate,Task B ,1,1,0,-2.087095788,0.135,2,233.2724505,0,0,4
10,grate,Task B ,1,1,1,-0.415618966,0.135,1,51.09693165,0,0,4
10,grate,Task B ,1,1,1,-3.249485667,0.033,1,3.829495237,0,0,1
10,grate,Task B ,1,1,1,5.455830587,0.033,1,269.535693,0,0,1
10,grate,Task B ,1,1,0,0.432407432,0.135,2,114.6841559,0,0,4