subject_name,stim_type,task_type,resp_category,resp_confidence,resp_correct,stim_orientation,stim_reliability,stim_category,stim_phase,block_number,stim_frequency,stim_reliability_level
1,bimodal,Task B ,1,2,1,0.788487379,1,1,306.6360692,1,2495.306541,1
1,bimodal,Task B ,2,2,0,-5.320532951,3,1,304.1420608,2,2817.874621,3
1,bimodal,Task B ,1,4,1,0.715673817,3,1,144.9971372,3,2646.207298,3
1,bimodal,Task B ,1,4,1,-2.081581147,4,1,146.5599234,4,2657.600846,4
1,bimodal,Task B ,1,4,1,-1.224758458,4,1,120.0732726,5,2805.026311,4
1,bimodal,Task B ,1,3,1,0.049303231,2,1,32.01485908,6,2727.803914,2
2,bimodal,Task B ,1,3,0,-6.461558433,2,2,39.93219486,1,2648.953661,2
2,bimodal,Task B ,2,3,1,-16.11666152,4,2,25.89971421,2,2709.921187,4
2,bimodal,Task B ,1,2,0,0.001919644,2,2,207.499309,3,1969.532745,2
2,bimodal,Task B ,1,1,0,-5.713072717,1,2,213.1535039,4,2517.597315,1
2,bimodal,Task B ,1,2,0,7.377217635,2,2,277.6151173,5,2661.559848,2
2,bimodal,Task B ,2,4,1,-25.02334723,2,2,9.523184387,6,3271.922189,2
3,bimodal,Task B ,2,4,1,-20.17411836,3,2,239.2477034,1,3318.649025,3
3,bimodal,Task B ,2,4,1,-17.28606428,3,2,212.7774274,2,2744.801178,3
3,bimodal,Task B ,1,4,1,-0.916782002,3,1,231.4001905,3,2663.669981,3
3,bimodal,Task B ,1,3,1,2.338391953,3,1,226.1972914,4,2551.463179,3
3,bimodal,Task B ,2,1,1,-7.528085154,2,2,25.71570393,5,3391.903397,2
3,bimodal,Task B ,1,4,1,3.455922684,2,1,169.0148726,6,2615.926122,2
4,bimodal,Task B ,1,3,0,-7.973444015,2,2,198.429522,1,2955.357294,2
4,bimodal,Task B ,1,2,1,-1.298693261,2,1,111.6709338,2,2769.580211,2
4,bimodal,Task B ,1,2,1,2.418869661,3,1,146.7187624,3,2774.80585,3
4,bimodal,Task B ,1,3,1,4.926908829,4,1,262.1584396,4,2781.126153,4
4,bimodal,Task B ,1,3,1,4.570973413,2,1,260.0879659,5,2744.369719,2
4,bimodal,Task B ,1,1,1,1.444380993,3,1,11.65000456,6,2729.428438,3
5,bimodal,Task B ,1,2,1,9.756123043,3,1,241.9518836,1,2727.071709,3
5,bimodal,Task B ,1,4,0,3.342774728,1,2,314.3035228,2,2718.65759,1
5,bimodal,Task B ,1,2,0,5.383513551,3,2,219.5685768,3,2834.232747,3
5,bimodal,Task B ,1,2,1,-3.631003957,1,1,34.93403303,4,2674.132239,1
5,bimodal,Task B ,2,3,1,-15.58382297,4,2,186.0978625,5,2358.039906,4
5,bimodal,Task B ,2,4,1,-18.15601176,1,2,355.3609238,6,2875.668066,1
6,bimodal,Task B ,1,3,1,-0.88030578,3,1,261.5188739,1,2727.865373,3
6,bimodal,Task B ,1,1,1,1.273837316,1,1,326.53037,2,2601.360633,1
6,bimodal,Task B ,1,2,0,-6.046048653,3,2,206.1048153,3,3166.346889,3
6,bimodal,Task B ,1,2,1,-0.722351886,4,1,44.30809216,4,2910.374188,4
6,bimodal,Task B ,1,2,1,-0.581236848,2,1,22.70491838,5,2533.897219,2
6,bimodal,Task B ,1,2,0,-5.303722494,4,2,164.8681618,6,2444.832975,4
7,bimodal,Task B ,1,2,1,-3.576732886,4,1,9.688367086,1,2563.466188,4
7,bimodal,Task B ,1,4,0,5.485620456,4,2,131.6119102,2,3368.727316,4
7,bimodal,Task B ,1,1,0,1.812107965,3,2,303.8449634,3,2605.65162,3
7,bimodal,Task B ,1,1,1,-0.757402005,1,1,309.2290842,4,2744.176207,1
7,bimodal,Task B ,1,4,1,3.399195631,4,1,276.8923996,5,2808.053099,4
7,bimodal,Task B ,2,1,1,-26.17679713,1,2,96.81197757,6,2292.704115,1
8,bimodal,Task B ,2,1,0,0.586951816,4,1,135.9091529,1,2861.339305,4
8,bimodal,Task B ,1,4,1,-0.59816568,2,1,40.94500375,2,2664.716684,2
8,bimodal,Task B ,2,4,1,-8.192827524,4,2,328.7742561,3,3146.329697,4
8,bimodal,Task B ,2,4,0,6.307142128,4,1,86.61066844,4,2660.906751,4
8,bimodal,Task B ,1,4,1,0.957108313,4,1,19.207578,5,2881.315972,4
8,bimodal,Task B ,1,4,1,1.987315548,2,1,283.3682847,6,2747.0348,2
9,bimodal,Task B ,1,1,0,23.4756983,3,2,90.20652102,1,3462.428261,3
9,bimodal,Task B ,1,1,1,-1.112202781,2,1,349.359525,2,2579.774998,2
9,bimodal,Task B ,2,3,1,8.349054188,4,2,125.9005702,3,2881.141098,4
9,bimodal,Task B ,1,2,1,4.007690741,3,1,17.3305811,4,2673.489948,3
9,bimodal,Task B ,1,1,1,1.578201715,1,1,330.3716822,5,2672.42268,1
9,bimodal,Task B ,1,1,1,4.307056643,2,1,250.5788912,6,2843.909698,2
10,bimodal,Task B ,1,1,1,-3.560576719,3,1,185.548412,1,2477.915976,3
10,bimodal,Task B ,2,1,1,-15.513067,1,2,118.9746015,2,2476.697256,1
10,bimodal,Task B ,1,1,1,-3.344350362,1,1,264.857772,3,2806.018152,1
10,bimodal,Task B ,1,1,0,1.266647498,2,2,59.41815219,4,3282.009507,2
10,bimodal,Task B ,2,1,1,5.948569398,3,2,347.844324,5,3666.979978,3
10,bimodal,Task B ,1,1,0,0.578107443,1,2,150.0518736,6,2804.386144,1
1,bimodal,Task B ,1,2,0,-9.110171856,1,2,180.5906723,1,1887.601961,1
1,bimodal,Task B ,1,3,0,3.208329974,3,2,222.5439691,2,2685.876256,3
1,bimodal,Task B ,1,4,1,-1.682184434,4,1,217.5643947,3,2770.866944,4
1,bimodal,Task B ,1,4,1,-1.219271214,3,1,166.6234866,4,2630.910549,3
1,bimodal,Task B ,1,4,1,1.128552287,3,1,90.81616428,5,2689.256712,3
1,bimodal,Task B ,1,4,1,3.414229161,4,1,312.1689542,6,2560.498291,4
2,bimodal,Task B ,2,2,0,-1.304364207,3,1,249.1839114,1,2684.695012,3
2,bimodal,Task B ,2,3,1,-7.647120345,4,2,341.2457489,2,3358.793676,4
2,bimodal,Task B ,1,2,1,2.069801015,2,1,47.16768653,3,2775.122036,2
2,bimodal,Task B ,2,2,1,-6.625402547,3,2,326.0867629,4,2473.57158,3
2,bimodal,Task B ,2,2,1,-17.75371413,3,2,187.8547367,5,2810.644671,3
2,bimodal,Task B ,1,2,1,-2.454190722,4,1,56.14249222,6,2860.89942,4
3,bimodal,Task B ,2,4,1,-11.84117134,2,2,54.98952698,1,1936.993282,2
3,bimodal,Task B ,1,3,1,3.291712754,1,1,210.2695384,2,2814.417803,1
3,bimodal,Task B ,2,1,1,-8.999532426,2,2,187.7968741,3,2345.707926,2
3,bimodal,Task B ,2,4,1,15.533106,4,2,281.673727,4,3393.069875,4
3,bimodal,Task B ,1,3,0,-2.27708078,3,2,116.7390428,5,2944.152475,3
3,bimodal,Task B ,2,1,0,1.591137123,1,1,48.04870648,6,2687.064556,1
4,bimodal,Task B ,1,4,1,1.393535322,4,1,173.9404442,1,2727.04648,4
4,bimodal,Task B ,1,1,0,-2.708277236,1,2,125.1581222,2,3025.807488,1
4,bimodal,Task B ,1,2,1,-3.820822541,1,1,171.2697014,3,2719.342976,1
4,bimodal,Task B ,2,4,1,3.770242196,4,2,49.53834449,4,2112.249318,4
4,bimodal,Task B ,2,4,1,23.98651854,4,2,128.1805168,5,3050.890223,4
4,bimodal,Task B ,1,1,1,2.940894835,2,1,3.064795254,6,2894.766536,2
5,bimodal,Task B ,2,4,1,-18.93288266,1,2,323.0295956,1,2722.627959,1
5,bimodal,Task B ,1,4,1,-2.260724548,4,1,112.5183662,2,2711.630945,4
5,bimodal,Task B ,2,4,1,-10.68549369,4,2,151.4971718,3,2310.422324,4
5,bimodal,Task B ,1,4,1,-2.776465667,4,1,10.77231235,4,2739.170248,4
5,bimodal,Task B ,2,4,1,14.12197241,3,2,47.46435369,5,2553.423666,3
5,bimodal,Task B ,1,3,0,-5.031155992,3,2,352.4169892,6,2791.483346,3
6,bimodal,Task B ,2,1,0,-2.310466919,3,1,14.72202447,1,2478.436048,3
6,bimodal,Task B ,2,2,1,15.65320859,3,2,322.9404933,2,2781.773938,3
6,bimodal,Task B ,2,2,1,-28.48078751,3,2,57.59785902,3,1658.408652,3
6,bimodal,Task B ,1,2,0,3.05961737,2,2,130.8495824,4,1428.521886,2
6,bimodal,Task B ,1,1,0,4.468948792,3,2,351.2439314,5,3463.271321,3
6,bimodal,Task B ,2,2,1,-6.110001141,4,2,173.0403396,6,2060.528899,4
7,bimodal,Task B ,1,4,1,-2.292440642,1,1,94.73237214,1,2867.066738,1
7,bimodal,Task B ,1,1,1,6.149057591,1,1,283.2236095,2,2598.551813,1
7,bimodal,Task B ,2,1,1,0.194325353,3,2,0.178661658,3,1664.102325,3
7,bimodal,Task B ,1,4,1,-2.314203556,4,1,172.0722115,4,2511.670517,4
7,bimodal,Task B ,2,4,1,-10.72766064,3,2,122.0129523,5,3419.385694,3
7,bimodal,Task B ,1,4,0,-2.769359954,4,2,254.3815515,6,3725.493812,4
8,bimodal,Task B ,1,4,1,-1.717203477,4,1,337.6644124,1,2723.527574,4
8,bimodal,Task B ,1,4,1,-3.227861817,3,1,94.67374789,2,2513.738435,3
8,bimodal,Task B ,2,1,1,1.220643111,1,2,180.4623427,3,2182.331417,1
8,bimodal,Task B ,1,4,0,3.940361976,3,2,235.2554807,4,3281.116098,3
8,bimodal,Task B ,1,4,1,-1.91408417,3,1,242.5554892,5,2660.623571,3
8,bimodal,Task B ,1,4,1,2.419876312,3,1,182.9987626,6,2864.496007,3
9,bimodal,Task B ,2,3,1,-9.098310707,2,2,249.6404028,1,2132.968341,2
9,bimodal,Task B ,1,1,0,8.7671808,3,2,159.9931641,2,3214.527516,3
9,bimodal,Task B ,1,1,1,-1.356434253,4,1,115.7201502,3,2724.210717,4
9,bimodal,Task B ,2,2,1,15.9951698,3,2,300.3097855,4,2736.527187,3
9,bimodal,Task B ,2,2,1,9.535282166,4,2,117.4136781,5,2356.362075,4
9,bimodal,Task B ,1,1,1,2.347154639,3,1,146.0297732,6,2691.77919,3
10,bimodal,Task B ,1,1,1,3.370161404,1,1,147.2541764,1,2673.170997,1
10,bimodal,Task B ,1,2,1,4.450182541,1,1,356.4034864,2,2688.584252,1
10,bimodal,Task B ,1,2,1,0.261648608,2,1,92.17348065,3,2648.562211,2
10,bimodal,Task B ,1,1,1,0.022757904,1,1,33.15011013,4,2807.648073,1
10,bimodal,Task B ,2,2,1,23.94894626,3,2,328.9882145,5,3137.754788,3
10,bimodal,Task B ,1,1,1,-1.890531143,3,1,257.3181426,6,2505.829925,3
1,bimodal,Task B ,1,3,0,-6.387403387,3,2,305.6563246,1,2986.635554,3
1,bimodal,Task B ,1,2,1,-2.852983982,2,1,154.8768245,2,2465.213679,2
1,bimodal,Task B ,1,3,1,-4.117121374,2,1,209.4821871,3,2708.69271,2
1,bimodal,Task B ,2,1,1,6.186328402,2,2,207.0404256,4,3369.659742,2
1,bimodal,Task B ,2,1,0,-2.375380717,2,1,286.5431819,5,2768.122138,2
1,bimodal,Task B ,1,3,1,-1.90114401,4,1,14.82995033,6,2875.588767,4
2,bimodal,Task B ,1,2,1,-2.929056105,4,1,53.00501853,1,2562.290618,4
2,bimodal,Task B ,1,3,1,-2.312835243,4,1,56.44585214,2,2622.170905,4
2,bimodal,Task B ,2,1,0,0.009096532,1,1,357.2549484,3,2599.338834,1
2,bimodal,Task B ,1,2,1,3.719359421,1,1,206.6495135,4,2619.743794,1
2,bimodal,Task B ,1,2,1,1.172221688,3,1,167.8822868,5,2654.672509,3
2,bimodal,Task B ,1,3,1,1.793501959,3,1,109.4525446,6,2687.573706,3
3,bimodal,Task B ,1,3,1,-1.193751024,4,1,339.728474,1,2674.189816,4
3,bimodal,Task B ,2,1,0,6.550232582,1,1,352.5583532,2,2791.539347,1
3,bimodal,Task B ,1,3,1,-2.525352115,2,1,94.02548362,3,2704.267633,2
3,bimodal,Task B ,2,1,1,10.74284473,2,2,70.57078664,4,2350.81525,2
3,bimodal,Task B ,2,1,1,-3.388336176,3,2,335.2785733,5,3510.115681,3
3,bimodal,Task B ,2,3,1,14.0418227,4,2,352.0254036,6,3308.011421,4
4,bimodal,Task B ,1,3,1,-3.337955499,4,1,292.034278,1,2640.649155,4
4,bimodal,Task B ,1,1,1,-0.349539803,2,1,13.23312012,2,2728.796689,2
4,bimodal,Task B ,1,3,1,-0.092839299,4,1,295.5481626,3,2835.244829,4
4,bimodal,Task B ,1,1,1,0.04392989,1,1,149.902906,4,2724.501352,1
4,bimodal,Task B ,1,3,1,-2.264315141,4,1,110.4541453,5,2803.154588,4
4,bimodal,Task B ,2,1,1,13.42411393,2,2,324.2006449,6,2105.262687,2
5,bimodal,Task B ,1,2,0,-7.647857232,4,2,99.65705743,1,2544.087758,4
5,bimodal,Task B ,2,4,1,-16.22836547,1,2,274.2909293,2,2962.767129,1
5,bimodal,Task B ,2,4,1,-9.967441814,2,2,201.9936776,3,3380.169182,2
5,bimodal,Task B ,1,2,0,-8.704984448,2,2,67.4634454,4,3045.662982,2
5,bimodal,Task B ,2,4,1,6.077895506,3,2,275.4368179,5,3334.151808,3
5,bimodal,Task B ,1,2,1,-1.47040128,1,1,160.245314,6,2607.340449,1
6,bimodal,Task B ,2,1,0,1.909445359,2,1,51.41086721,1,2866.363652,2
6,bimodal,Task B ,2,2,0,-1.553216454,3,1,199.2328869,2,2744.156135,3
6,bimodal,Task B ,1,2,1,-3.18935895,1,1,341.2073903,3,2400.591986,1
6,bimodal,Task B ,1,2,0,1.050692657,1,2,210.1607295,4,2506.465974,1
6,bimodal,Task B ,2,2,1,-7.048928007,4,2,189.3855754,5,2573.122213,4
6,bimodal,Task B ,2,2,1,17.83127107,4,2,125.5706328,6,2503.093363,4
7,bimodal,Task B ,1,1,0,6.980366395,3,2,116.7408482,1,2281.656528,3
7,bimodal,Task B ,2,1,1,-26.87317584,3,2,318.9479645,2,2714.10979,3
7,bimodal,Task B ,1,1,1,1.567009956,2,1,202.6582766,3,2746.756394,2
7,bimodal,Task B ,1,1,1,3.074121834,3,1,279.0837948,4,2645.080261,3
7,bimodal,Task B ,1,1,1,-3.565894051,1,1,233.9011789,5,2441.051046,1
7,bimodal,Task B ,1,4,1,-1.460966913,3,1,55.43005846,6,2773.442321,3
8,bimodal,Task B ,2,4,0,3.110005409,4,1,284.0052925,1,2790.745591,4
8,bimodal,Task B ,1,4,0,5.694948668,3,2,328.2807007,2,3650.695499,3
8,bimodal,Task B ,1,4,1,-1.124401744,4,1,299.9945208,3,2740.917434,4
8,bimodal,Task B ,2,1,1,5.724974513,4,2,320.0717278,4,3046.368931,4
8,bimodal,Task B ,1,1,1,2.893902494,3,1,227.0659599,5,2580.666944,3
8,bimodal,Task B ,1,4,1,0.751386445,2,1,169.4440402,6,2733.268943,2
9,bimodal,Task B ,1,2,0,3.771648733,2,2,3.627312866,1,2603.519815,2
9,bimodal,Task B ,1,1,1,-0.040678164,1,1,147.7725952,2,2702.637533,1
9,bimodal,Task B ,2,3,1,5.321939059,3,2,41.23086767,3,3627.967655,3
9,bimodal,Task B ,1,2,0,5.991228231,2,2,106.9869994,4,3118.096068,2
9,bimodal,Task B ,1,2,1,6.064460705,3,1,157.799497,5,2583.22882,3
9,bimodal,Task B ,1,2,1,2.473630046,3,1,143.7237691,6,2647.315553,3
10,bimodal,Task B ,1,1,0,-7.261583016,1,2,357.8056783,1,3010.971678,1
10,bimodal,Task B ,1,1,0,13.43216396,1,2,336.0778286,2,1798.524827,1
10,bimodal,Task B ,1,1,1,2.18955271,1,1,238.9174118,3,2798.728211,1
10,bimodal,Task B ,1,2,1,-2.990084063,1,1,287.064411,4,2609.431922,1
10,bimodal,Task B ,1,2,1,1.16510169,3,1,226.8936281,5,2728.092067,3
10,bimodal,Task B ,1,1,1,4.733422938,3,1,177.3914351,6,2754.485584,3
1,bimodal,Task B ,2,4,1,15.72429616,3,2,197.9110192,1,2348.37804,3
1,bimodal,Task B ,1,2,1,-2.972641513,4,1,221.2286153,2,2608.132496,4
1,bimodal,Task B ,1,3,1,-1.347723188,2,1,109.405858,3,2528.325116,2
1,bimodal,Task B ,1,3,1,-1.918785605,3,1,273.6309556,4,2442.310011,3
1,bimodal,Task B ,1,3,1,4.537409229,1,1,57.17067913,5,2659.21924,1
1,bimodal,Task B ,2,2,1,2.151296347,4,2,31.10916121,6,3521.429599,4
2,bimodal,Task B ,2,3,1,2.285082711,2,2,1.975433248,1,2758.440206,2
2,bimodal,Task B ,1,1,0,5.583058762,1,2,122.6362831,2,2080.012796,1
2,bimodal,Task B ,2,1,1,1.825616292,1,2,52.72142558,3,3093.417133,1
2,bimodal,Task B ,1,2,0,-5.992386754,2,2,27.83235674,4,2240.585513,2
2,bimodal,Task B ,1,2,1,-1.587654498,2,1,129.7374601,5,2768.188275,2
2,bimodal,Task B ,1,2,1,-0.005226189,1,1,333.6217206,6,2799.36929,1
3,bimodal,Task B ,1,4,1,1.187046562,3,1,42.59880519,1,2792.472593,3
3,bimodal,Task B ,1,2,1,1.345797593,3,1,238.4181652,2,2576.6862,3
3,bimodal,Task B ,2,2,0,5.890301101,1,1,195.9910402,3,2843.437677,1
3,bimodal,Task B ,2,2,1,10.53979072,1,2,318.8128228,4,2430.307692,1
3,bimodal,Task B ,1,3,1,-5.57184801,2,1,72.82743427,5,2629.481502,2
3,bimodal,Task B ,2,1,1,4.304824341,2,2,214.3594437,6,2436.268213,2
4,bimodal,Task B ,2,1,1,7.797554486,1,2,190.0192481,1,3081.77809,1
4,bimodal,Task B ,1,4,1,0.901155276,4,1,44.75125874,2,2692.510849,4
4,bimodal,Task B ,1,2,1,-2.011181382,2,1,1.451317268,3,2690.694947,2
4,bimodal,Task B ,2,4,1,-22.76580858,4,2,16.67586603,4,2685.218972,4
4,bimodal,Task B ,2,4,1,-4.663430469,3,2,51.09416873,5,3162.305376,3
4,bimodal,Task B ,2,2,1,-7.175661178,3,2,45.52712085,6,3075.064514,3
5,bimodal,Task B ,2,2,1,-11.4612187,2,2,244.9609883,1,3401.482521,2
5,bimodal,Task B ,1,4,1,0.476907808,3,1,144.6918396,2,2664.838306,3
5,bimodal,Task B ,1,3,1,-6.286051925,3,1,0.863961824,3,2685.454771,3
5,bimodal,Task B ,1,3,0,5.179910478,4,2,184.8149219,4,2636.753046,4
5,bimodal,Task B ,2,4,0,-2.730268035,3,1,203.075298,5,2976.998005,3
5,bimodal,Task B ,2,4,1,11.82313568,4,2,58.44628065,6,3427.631116,4
6,bimodal,Task B ,1,2,0,-19.1284938,2,2,306.3867651,1,2779.200129,2
6,bimodal,Task B ,2,2,1,-6.306349931,4,2,30.4161543,2,2952.24263,4
6,bimodal,Task B ,1,2,0,-1.726384362,4,2,105.8017381,3,3343.033152,4
6,bimodal,Task B ,1,2,0,-7.236518312,4,2,49.13129406,4,2576.884912,4
6,bimodal,Task B ,1,2,1,-3.466456498,2,1,116.6845109,5,2512.930647,2
6,bimodal,Task B ,1,1,1,-0.054257806,3,1,34.69636009,6,2541.748084,3
7,bimodal,Task B ,1,1,0,-9.259420937,2,2,347.0297391,1,2974.804392,2
7,bimodal,Task B ,1,1,0,-11.27538947,1,2,241.9130269,2,1884.704096,1
7,bimodal,Task B ,1,1,1,3.903597499,2,1,235.5898519,3,2556.283316,2
7,bimodal,Task B ,1,1,1,-4.7199729,3,1,28.99002234,4,2717.99888,3
7,bimodal,Task B ,1,1,0,-3.470563126,2,2,14.67587209,5,2584.033827,2
7,bimodal,Task B ,1,1,1,-3.360391723,3,1,194.9944168,6,2718.22011,3
8,bimodal,Task B ,2,1,0,-2.300765421,1,1,307.9078726,1,2506.068716,1
8,bimodal,Task B ,2,4,1,-17.75067144,1,2,224.1943806,2,2117.048694,1
8,bimodal,Task B ,2,4,1,9.613214217,4,2,296.1832566,3,2269.625119,4
8,bimodal,Task B ,1,4,0,-2.497362872,3,2,311.6418253,4,3339.78891,3
8,bimodal,Task B ,1,4,1,3.455127434,3,1,196.5976331,5,2743.93274,3
8,bimodal,Task B ,1,4,1,-1.726745171,4,1,190.7234145,6,2777.394598,4
9,bimodal,Task B ,1,3,1,-2.451618408,3,1,342.8027379,1,2801.48792,3
9,bimodal,Task B ,2,1,0,1.803457686,3,1,258.4409508,2,2666.06447,3
9,bimodal,Task B ,1,1,1,-1.555288558,4,1,15.00172458,3,2635.32853,4
9,bimodal,Task B ,2,2,1,0.946410301,1,2,299.8392932,4,2929.758946,1
9,bimodal,Task B ,1,2,1,-2.869284269,2,1,154.0121321,5,2679.162451,2
9,bimodal,Task B ,1,1,0,0.779907327,2,2,102.2897468,6,2723.271502,2
10,bimodal,Task B ,1,1,1,0.323924862,1,1,88.35835044,1,2690.560607,1
10,bimodal,Task B ,1,2,1,3.034857329,4,1,103.2305111,2,2632.511543,4
10,bimodal,Task B ,2,1,1,8.787488214,3,2,26.95411233,3,2792.0283,3
10,bimodal,Task B ,1,2,1,0.599858431,2,1,75.69337509,4,2717.233287,2
10,bimodal,Task B ,1,1,0,0.513889994,2,2,242.9751317,5,1195.66389,2
10,bimodal,Task B ,1,1,1,-1.101250334,1,1,162.2016148,6,2910.132349,1
1,bimodal,Task B ,1,2,1,-1.337888814,3,1,139.4284828,1,2567.166375,3
1,bimodal,Task B ,1,3,1,0.645033235,1,1,76.34744705,2,2580.367104,1
1,bimodal,Task B ,2,2,1,11.83193045,3,2,2.716018519,3,2554.33369,3
1,bimodal,Task B ,1,2,1,-1.899956525,1,1,95.15195558,4,2879.373668,1
1,bimodal,Task B ,2,4,1,8.333494886,3,2,128.2298179,5,1846.869585,3
1,bimodal,Task B ,1,3,0,1.804554016,3,2,232.2005683,6,3220.7983,3
2,bimodal,Task B ,1,1,0,11.41828598,1,2,28.12144107,1,2867.093691,1
2,bimodal,Task B ,1,2,1,0.291927616,3,1,256.3711194,2,2823.847822,3
2,bimodal,Task B ,1,2,1,3.833588646,2,1,56.94204428,3,2795.432017,2
2,bimodal,Task B ,1,2,1,-2.651230181,3,1,18.42451529,4,2443.168089,3
2,bimodal,Task B ,1,1,1,7.600870577,3,1,232.4975849,5,2645.270525,3
2,bimodal,Task B ,1,3,0,13.64285829,1,2,29.0874314,6,2605.208163,1
3,bimodal,Task B ,2,4,1,-1.218137437,2,2,44.73687814,1,1869.499885,2
3,bimodal,Task B ,1,2,1,1.629753935,4,1,302.0548898,2,2604.728708,4
3,bimodal,Task B ,2,4,1,30.70257311,3,2,199.1849404,3,2351.717078,3
3,bimodal,Task B ,2,1,0,-2.168617663,3,1,359.7589733,4,2896.312509,3
3,bimodal,Task B ,2,2,1,-7.591579138,3,2,346.0830765,5,3095.061886,3
3,bimodal,Task B ,1,3,0,1.615158901,3,2,2.177980156,6,2885.060816,3
4,bimodal,Task B ,1,3,0,15.73565725,1,2,274.0877862,1,2399.539553,1
4,bimodal,Task B ,1,3,0,2.803458678,4,2,103.8686259,2,2545.963132,4
4,bimodal,Task B ,1,2,0,-4.421169383,2,2,232.3519857,3,2995.795848,2
4,bimodal,Task B ,2,1,1,4.43152269,1,2,159.6073746,4,2622.615659,1
4,bimodal,Task B ,2,3,1,-16.66837922,3,2,349.0764367,5,2316.825498,3
4,bimodal,Task B ,1,1,1,2.21250606,3,1,313.6498116,6,2554.606003,3
5,bimodal,Task B ,1,4,0,1.859358993,2,2,190.6949077,1,2640.241692,2
5,bimodal,Task B ,2,2,1,-8.001966016,4,2,277.7172064,2,2346.540512,4
5,bimodal,Task B ,1,4,1,3.948466556,3,1,193.3092864,3,2608.199833,3
5,bimodal,Task B ,1,2,1,-3.09130015,3,1,264.8229471,4,2788.845201,3
5,bimodal,Task B ,1,4,0,0.949021079,2,2,296.2898559,5,3759.568545,2
5,bimodal,Task B ,1,2,1,4.719045759,4,1,335.6209778,6,2586.338346,4
6,bimodal,Task B ,1,2,1,-0.339021117,1,1,68.66841456,1,2752.030251,1
6,bimodal,Task B ,2,2,0,1.658254943,1,1,246.75689,2,2726.197421,1
6,bimodal,Task B ,2,2,1,-11.99003304,2,2,86.61346592,3,3123.642588,2
6,bimodal,Task B ,1,2,0,-0.068443332,2,2,82.82419277,4,2441.641032,2
6,bimodal,Task B ,1,2,0,-1.889028499,4,2,83.80840018,5,2680.566593,4
6,bimodal,Task B ,1,1,0,0.210709213,4,2,45.33364482,6,2292.99171,4
7,bimodal,Task B ,1,4,1,-0.700804766,3,1,32.14030556,1,2682.626042,3
7,bimodal,Task B ,1,1,1,0.042024952,1,1,222.947107,2,2636.235821,1
7,bimodal,Task B ,1,4,1,3.407035053,4,1,145.9754267,3,2662.259037,4
7,bimodal,Task B ,1,1,0,-5.46446989,1,2,113.6578694,4,2169.634758,1
7,bimodal,Task B ,1,4,1,2.485857458,3,1,84.88936219,5,2725.896508,3
7,bimodal,Task B ,1,4,0,-2.671650452,4,2,132.9044377,6,3164.193745,4
8,bimodal,Task B ,2,4,1,14.11886324,4,2,136.8808419,1,2327.896826,4
8,bimodal,Task B ,1,4,0,6.437517075,2,2,313.0732581,2,2865.484214,2
8,bimodal,Task B ,1,4,0,-2.432636817,4,2,92.77288401,3,2802.946874,4
8,bimodal,Task B ,2,4,1,12.34034991,4,2,70.50723602,4,1841.494494,4
8,bimodal,Task B ,1,4,1,-2.249480151,2,1,161.5937613,5,2830.325751,2
8,bimodal,Task B ,1,4,1,-0.030602495,2,1,38.25739252,6,2633.761594,2
9,bimodal,Task B ,1,1,0,-14.85313905,1,2,168.5057246,1,3578.948561,1
9,bimodal,Task B ,2,4,1,-0.778416915,3,2,301.7580205,2,2626.51679,3
9,bimodal,Task B ,2,1,0,3.557808238,2,1,90.26975438,3,2606.694684,2
9,bimodal,Task B ,2,1,0,3.235833497,2,1,70.8479498,4,2604.351877,2
9,bimodal,Task B ,1,2,0,5.991370085,1,2,188.2334375,5,2818.159605,1
9,bimodal,Task B ,2,2,0,1.652789191,2,1,0.66233129,6,2574.776907,2
10,bimodal,Task B ,1,1,0,3.597683486,2,2,148.2353097,1,4051.597012,2
10,bimodal,Task B ,1,1,0,-13.0846389,2,2,28.62590848,2,2663.551049,2
10,bimodal,Task B ,1,2,0,6.928454044,1,2,250.9197742,3,2747.570596,1
10,bimodal,Task B ,1,1,1,-2.01543135,2,1,144.4993127,4,2832.403366,2
10,bimodal,Task B ,2,1,1,7.482986926,4,2,144.1430879,5,2134.403732,4
10,bimodal,Task B ,1,2,0,-7.493634401,4,2,318.1063724,6,2475.470513,4
1,bimodal,Task B ,1,3,1,-2.99332141,4,1,339.28591,1,2730.599562,4
1,bimodal,Task B ,1,3,1,-2.140000911,3,1,136.4199419,2,2512.391002,3
1,bimodal,Task B ,2,1,1,-6.390469851,1,2,270.2658507,3,2466.736136,1
1,bimodal,Task B ,2,4,1,17.71055195,2,2,239.6288436,4,1945.595104,2
1,bimodal,Task B ,2,4,1,-23.15125979,2,2,94.26934261,5,2426.463776,2
1,bimodal,Task B ,2,1,0,2.22382737,1,1,220.5041694,6,2848.853852,1
2,bimodal,Task B ,1,1,1,0.040580528,1,1,104.8451478,1,2700.305387,1
2,bimodal,Task B ,1,3,1,5.473719437,1,1,317.8009294,2,2587.332989,1
2,bimodal,Task B ,1,2,1,5.244811694,4,1,62.77237261,3,2687.620898,4
2,bimodal,Task B ,1,2,1,1.337182717,4,1,250.1425158,4,2736.640565,4
2,bimodal,Task B ,1,3,1,-2.966470318,2,1,331.1413606,5,2642.98081,2
2,bimodal,Task B ,1,4,1,-1.395725026,3,1,43.24729414,6,2728.755154,3
3,bimodal,Task B ,2,4,1,-10.85861444,2,2,156.395024,1,2734.917628,2
3,bimodal,Task B ,1,1,1,-5.980115117,1,1,296.9341903,2,2820.035181,1
3,bimodal,Task B ,2,1,1,7.834716338,1,2,7.593349398,3,2058.963221,1
3,bimodal,Task B ,2,3,1,-19.81592612,2,2,286.7348586,4,2611.943915,2
3,bimodal,Task B ,1,2,1,-2.155623359,1,1,87.75778549,5,2561.441467,1
3,bimodal,Task B ,1,4,1,-1.81932407,2,1,17.73772488,6,2762.832572,2
4,bimodal,Task B ,1,2,1,3.981311346,2,1,128.1912335,1,2775.578946,2
4,bimodal,Task B ,2,2,1,-12.34887242,2,2,152.3233089,2,2403.898947,2
4,bimodal,Task B ,1,2,1,-1.805596223,1,1,47.41291669,3,2777.694572,1
4,bimodal,Task B ,2,2,1,20.54006549,3,2,219.8686922,4,2882.98183,3
4,bimodal,Task B ,1,3,0,-3.722680662,3,2,99.86632073,5,2192.908317,3
4,bimodal,Task B ,2,2,1,13.92457445,4,2,141.1926154,6,2493.114223,4
5,bimodal,Task B ,2,4,1,-16.01958572,1,2,127.4605278,1,1966.336154,1
5,bimodal,Task B ,1,2,1,4.426965237,1,1,296.8086882,2,2880.250672,1
5,bimodal,Task B ,1,4,1,0.211273815,2,1,149.7042569,3,2901.733651,2
5,bimodal,Task B ,2,4,0,2.264293245,3,1,158.9165113,4,2817.611369,3
5,bimodal,Task B ,2,2,0,2.948788598,2,1,69.05577198,5,2727.75534,2
5,bimodal,Task B ,1,4,1,0.986782146,3,1,190.2523479,6,2719.071047,3
6,bimodal,Task B ,2,1,1,8.564255575,4,2,292.8372336,1,2882.053342,4
6,bimodal,Task B ,1,1,1,-1.603457877,1,1,127.6053802,2,2694.11283,1
6,bimodal,Task B ,1,2,1,-0.863919872,1,1,38.57355469,3,2575.092858,1
6,bimodal,Task B ,1,2,1,1.124030176,3,1,290.3992664,4,2900.721823,3
6,bimodal,Task B ,1,2,0,9.35901492,1,2,332.7311154,5,2939.771555,1
6,bimodal,Task B ,1,2,1,-1.209945818,2,1,158.576529,6,2715.680758,2
7,bimodal,Task B ,1,1,0,-2.711258541,4,2,311.4851815,1,1976.178501,4
7,bimodal,Task B ,1,4,1,-1.731166202,4,1,358.4815923,2,2786.555158,4
7,bimodal,Task B ,1,4,0,-3.759529079,4,2,110.8080218,3,2255.287947,4
7,bimodal,Task B ,1,1,1,-4.47363925,4,1,270.8684567,4,2694.450912,4
7,bimodal,Task B ,1,4,0,1.603940967,4,2,215.5419855,5,1812.12825,4
7,bimodal,Task B ,1,4,1,-2.012511399,3,1,215.9809075,6,2929.273987,3
8,bimodal,Task B ,2,4,1,-23.35817804,4,2,293.0489119,1,2605.003713,4
8,bimodal,Task B ,1,4,1,1.261971845,2,1,45.33177785,2,2617.41544,2
8,bimodal,Task B ,1,4,0,0.054258817,2,2,348.7931667,3,2620.500263,2
8,bimodal,Task B ,2,1,0,4.849438413,2,1,203.2917412,4,2719.88929,2
8,bimodal,Task B ,1,4,1,-1.9421822,1,1,36.34755924,5,2690.337724,1
8,bimodal,Task B ,1,4,1,-4.300840079,3,1,128.8046652,6,2506.714694,3
9,bimodal,Task B ,2,3,1,10.02983831,3,2,331.0153983,1,2867.180296,3
9,bimodal,Task B ,2,1,0,0.031251633,4,1,268.5894832,2,2605.483628,4
9,bimodal,Task B ,2,2,1,19.98090863,2,2,40.12801823,3,2595.726389,2
9,bimodal,Task B ,1,3,1,-2.94384876,4,1,318.2842994,4,2572.419191,4
9,bimodal,Task B ,2,3,1,-7.579410176,4,2,327.007457,5,3051.205547,4
9,bimodal,Task B ,2,2,1,-23.38437709,2,2,118.6553697,6,3460.774231,2
10,bimodal,Task B ,1,1,0,-7.302702411,3,2,137.8656561,1,1969.260169,3
10,bimodal,Task B ,1,1,0,8.984143098,2,2,174.2394371,2,2398.376365,2
10,bimodal,Task B ,1,1,1,2.549770778,3,1,302.1891089,3,2623.608352,3
10,bimodal,Task B ,1,2,1,-1.69620681,4,1,302.4902585,4,2684.598218,4
10,bimodal,Task B ,1,2,1,-0.670747773,4,1,97.50083489,5,2765.593332,4
10,bimodal,Task B ,1,1,0,1.219603933,2,2,355.2317507,6,2605.824926,2
1,bimodal,Task B ,1,2,1,1.624976498,3,1,90.25150621,1,2790.586256,3
1,bimodal,Task B ,2,3,1,-18.18024047,3,2,202.774037,2,3582.159826,3
1,bimodal,Task B ,2,2,0,-5.419996595,1,1,32.98359401,3,2657.117084,1
1,bimodal,Task B ,1,3,0,9.610221326,3,2,84.02100008,4,2867.294403,3
1,bimodal,Task B ,1,4,0,1.468196031,4,2,225.2070899,5,2819.25486,4
1,bimodal,Task B ,1,3,1,0.905505831,3,1,5.290123592,6,2565.252698,3
2,bimodal,Task B ,1,1,1,4.064456105,1,1,136.5844147,1,2667.249464,1
2,bimodal,Task B ,1,2,1,-4.518907049,1,1,289.0515349,2,2719.690755,1
2,bimodal,Task B ,1,2,0,10.6268574,1,2,159.827521,3,2685.083779,1
2,bimodal,Task B ,1,2,0,4.095627772,4,2,199.7733594,4,3078.388708,4
2,bimodal,Task B ,1,1,0,-9.49265537,1,2,223.9884234,5,2083.617698,1
2,bimodal,Task B ,1,2,0,1.67003042,1,2,236.3659537,6,2887.46894,1
3,bimodal,Task B ,2,2,0,8.633929889,1,1,323.3713835,1,2831.735428,1
3,bimodal,Task B ,2,3,1,7.391691098,2,2,141.3448124,2,2634.911118,2
3,bimodal,Task B ,2,3,1,9.670411879,3,2,344.8511744,3,3873.984871,3
3,bimodal,Task B ,2,2,1,5.561258,2,2,63.5767562,4,3162.735962,2
3,bimodal,Task B ,2,1,1,-3.700834969,1,2,105.4591017,5,2358.246448,1
3,bimodal,Task B ,1,3,0,6.904755282,2,2,127.1776202,6,2700.443036,2
4,bimodal,Task B ,1,2,1,-0.307408611,2,1,55.75971823,1,2601.676647,2
4,bimodal,Task B ,1,3,1,-0.318334128,4,1,92.22274986,2,2704.596715,4
4,bimodal,Task B ,2,3,1,16.29103805,4,2,178.6737807,3,2489.064447,4
4,bimodal,Task B ,1,2,1,-5.756599184,3,1,54.58549605,4,2813.884384,3
4,bimodal,Task B ,1,3,1,1.70335471,4,1,245.3275528,5,2652.993664,4
4,bimodal,Task B ,1,3,0,-6.221649575,4,2,183.0323651,6,2794.27021,4
5,bimodal,Task B ,1,4,1,-1.524881418,1,1,36.19847548,1,2677.145587,1
5,bimodal,Task B ,2,4,1,-10.73871957,2,2,244.5563701,2,2489.457953,2
5,bimodal,Task B ,2,4,1,8.897554303,4,2,163.2049356,3,3340.292929,4
5,bimodal,Task B ,1,3,1,4.37508273,1,1,31.37526079,4,2660.436617,1
5,bimodal,Task B ,2,2,0,-3.894713805,1,1,287.7558633,5,2911.053811,1
5,bimodal,Task B ,1,3,1,0.946079434,3,1,64.20588206,6,2809.260016,3
6,bimodal,Task B ,2,3,1,12.94438486,2,2,2.9024664,1,2961.897343,2
6,bimodal,Task B ,2,2,1,9.78115252,3,2,279.5758383,2,2735.201716,3
6,bimodal,Task B ,2,2,1,26.94881456,4,2,176.4077615,3,2367.743277,4
6,bimodal,Task B ,1,2,1,0.1182334,4,1,131.0225567,4,2634.042785,4
6,bimodal,Task B ,1,2,1,-3.557697789,1,1,43.42651414,5,2677.550698,1
6,bimodal,Task B ,2,2,0,-4.132075553,1,1,171.8538612,6,2953.67629,1
7,bimodal,Task B ,1,3,0,10.39396849,2,2,346.0480048,1,3019.976011,2
7,bimodal,Task B ,1,1,0,-11.84825667,2,2,105.6549728,2,2250.380748,2
7,bimodal,Task B ,2,4,1,11.65360491,4,2,331.6053823,3,2934.861661,4
7,bimodal,Task B ,1,1,1,2.529572009,2,1,259.7882191,4,2676.708016,2
7,bimodal,Task B ,1,1,1,-6.216539959,2,1,253.4856654,5,2546.912775,2
7,bimodal,Task B ,2,1,1,17.36854037,3,2,232.6284014,6,3442.082231,3
8,bimodal,Task B ,1,1,0,24.20343954,1,2,152.5152637,1,3539.866076,1
8,bimodal,Task B ,2,4,1,-24.04996786,3,2,304.6554569,2,2697.27355,3
8,bimodal,Task B ,1,4,0,0.954930324,3,2,355.9804869,3,2090.948781,3
8,bimodal,Task B ,1,4,0,-2.627711659,1,2,12.35326954,4,2980.742731,1
8,bimodal,Task B ,1,4,0,-10.10569666,3,2,12.42121974,5,2555.006782,3
8,bimodal,Task B ,1,4,1,1.309626957,2,1,66.99020083,6,2833.681404,2
9,bimodal,Task B ,2,1,1,-2.218991304,1,2,167.1824614,1,2525.826957,1
9,bimodal,Task B ,1,1,0,-7.652301939,3,2,84.52557173,2,2224.697583,3
9,bimodal,Task B ,1,3,1,0.239666861,2,1,95.01260477,3,2849.644188,2
9,bimodal,Task B ,1,1,0,4.438042446,1,2,276.9886504,4,2612.447322,1
9,bimodal,Task B ,1,2,1,-0.352837949,2,1,73.21975165,5,2752.791169,2
9,bimodal,Task B ,2,1,0,6.276640201,1,1,359.9268433,6,2760.564529,1
10,bimodal,Task B ,2,1,1,-20.0569775,3,2,249.2878296,1,3208.677006,3
10,bimodal,Task B ,1,2,0,-3.751563553,2,2,196.5154277,2,2462.330904,2
10,bimodal,Task B ,1,2,1,-1.978659737,3,1,116.7119753,3,2679.459043,3
10,bimodal,Task B ,1,2,0,1.164667115,1,2,4.644668276,4,3220.359541,1
10,bimodal,Task B ,1,1,0,1.477515713,1,2,132.0044842,5,2515.811803,1
10,bimodal,Task B ,1,1,0,-4.556719088,1,2,212.7585572,6,2427.682428,1
1,bimodal,Task B ,2,3,1,-8.217492995,4,2,139.3708854,1,2291.395743,4
1,bimodal,Task B ,2,2,1,-10.5354055,2,2,175.8947786,2,2450.565757,2
1,bimodal,Task B ,1,3,1,-0.334391273,3,1,105.4199114,3,2636.131098,3
1,bimodal,Task B ,1,2,0,-5.663702075,2,2,276.1514869,4,2857.292879,2
1,bimodal,Task B ,2,1,1,11.41777755,1,2,30.4000544,5,2920.340216,1
1,bimodal,Task B ,1,4,1,-0.522585761,4,1,325.2050744,6,2815.544593,4
2,bimodal,Task B ,2,3,1,12.63061464,3,2,118.5106734,1,2497.829067,3
2,bimodal,Task B ,1,2,0,5.410956515,2,2,147.4937536,2,2614.224756,2
2,bimodal,Task B ,2,2,1,9.760089589,2,2,110.7635561,3,2427.939861,2
2,bimodal,Task B ,2,2,0,0.158290262,2,1,130.6381581,4,2725.038415,2
2,bimodal,Task B ,1,1,1,-0.99676542,4,1,333.8902583,5,2790.887029,4
2,bimodal,Task B ,2,3,1,-6.202402866,2,2,127.5078685,6,2948.796593,2
3,bimodal,Task B ,1,3,1,6.400473433,4,1,246.2384564,1,2767.08682,4
3,bimodal,Task B ,2,2,1,0.040060038,2,2,228.1671237,2,3043.383416,2
3,bimodal,Task B ,2,2,1,9.919243751,2,2,19.56293228,3,2854.392937,2
3,bimodal,Task B ,1,3,0,0.451945615,1,2,14.68394065,4,2863.498931,1
3,bimodal,Task B ,1,4,1,-1.946909875,2,1,28.78610366,5,2589.364476,2
3,bimodal,Task B ,2,1,1,-2.819234861,1,2,55.93958088,6,3431.743488,1
4,bimodal,Task B ,1,4,1,4.522189385,2,1,78.95432826,1,2758.242324,2
4,bimodal,Task B ,1,2,1,5.5236445,3,1,163.9203341,2,2426.057994,3
4,bimodal,Task B ,2,3,1,21.72693167,2,2,244.0677007,3,2793.146014,2
4,bimodal,Task B ,2,1,0,0.997219388,1,1,227.4710013,4,2567.013478,1
4,bimodal,Task B ,1,3,1,3.871023531,4,1,191.992072,5,2759.893379,4
4,bimodal,Task B ,1,3,1,2.490816779,3,1,26.5716249,6,2640.665451,3
5,bimodal,Task B ,1,2,1,-3.165100772,3,1,170.0395221,1,2775.929056,3
5,bimodal,Task B ,2,1,1,6.05743227,3,2,341.8305433,2,3028.004461,3
5,bimodal,Task B ,1,4,0,6.007047393,3,2,228.8235745,3,2614.228493,3
5,bimodal,Task B ,1,3,1,-0.18796721,2,1,147.3320631,4,2637.113019,2
5,bimodal,Task B ,1,4,1,-3.976026821,3,1,317.8882376,5,2837.504234,3
5,bimodal,Task B ,1,4,1,1.047706732,4,1,268.905238,6,2710.023761,4
6,bimodal,Task B ,1,2,0,3.545265671,4,2,234.0231871,1,2777.578341,4
6,bimodal,Task B ,1,2,0,5.439532623,4,2,118.279791,2,2603.244998,4
6,bimodal,Task B ,2,2,1,15.48086755,4,2,27.17423802,3,3422.86699,4
6,bimodal,Task B ,2,2,1,-5.436712238,2,2,43.94883944,4,2634.951044,2
6,bimodal,Task B ,2,2,1,-10.82246776,4,2,150.4337464,5,3643.263816,4
6,bimodal,Task B ,1,2,1,2.356709353,4,1,90.7783293,6,2841.634846,4
7,bimodal,Task B ,1,4,1,-0.825925431,4,1,312.4301769,1,2417.967072,4
7,bimodal,Task B ,1,1,1,0.842738438,3,1,120.357265,2,2568.974916,3
7,bimodal,Task B ,1,4,0,-4.247425983,2,2,204.4446337,3,3320.158002,2
7,bimodal,Task B ,1,1,0,-1.263083817,2,2,251.4498588,4,2885.927178,2
7,bimodal,Task B ,1,4,1,3.338491593,2,1,73.42192495,5,2696.015293,2
7,bimodal,Task B ,1,4,1,-3.34496569,4,1,143.5257505,6,2726.461286,4
8,bimodal,Task B ,1,4,0,-3.924770618,1,2,61.15952123,1,2733.341473,1
8,bimodal,Task B ,1,4,1,1.689443539,2,1,50.45374633,2,2824.550771,2
8,bimodal,Task B ,1,4,1,-0.675903782,1,1,183.2447796,3,2768.509114,1
8,bimodal,Task B ,2,4,1,11.66187971,4,2,136.8849538,4,2382.803896,4
8,bimodal,Task B ,2,1,0,-2.3792798,2,1,300.1966556,5,2779.404666,2
8,bimodal,Task B ,1,4,0,4.222681594,1,2,143.139449,6,2514.9945,1
9,bimodal,Task B ,1,1,1,-6.588787691,1,1,84.83292159,1,2617.357669,1
9,bimodal,Task B ,1,2,1,3.190858412,4,1,28.94286007,2,2634.529146,4
9,bimodal,Task B ,1,1,0,-6.479155963,1,2,234.6793958,3,2686.74614,1
9,bimodal,Task B ,1,2,0,-1.21826145,1,2,349.568874,4,2829.949224,1
9,bimodal,Task B ,2,3,1,-19.97397632,3,2,203.4175907,5,2153.327104,3
9,bimodal,Task B ,1,1,1,-4.480256409,4,1,334.490984,6,2743.79888,4
10,bimodal,Task B ,2,1,1,-13.93871377,3,2,236.5296853,1,2384.692634,3
10,bimodal,Task B ,1,1,1,-0.270883691,2,1,329.9589594,2,2664.868806,2
10,bimodal,Task B ,1,1,0,4.625237297,2,2,54.62742745,3,2896.771725,2
10,bimodal,Task B ,1,2,1,-2.861978366,1,1,289.5536161,4,2952.587058,1
10,bimodal,Task B ,1,1,1,-1.432559862,1,1,20.86537908,5,2782.277582,1
10,bimodal,Task B ,1,1,1,-1.460319474,4,1,197.4097376,6,2863.349809,4
1,bimodal,Task B ,1,4,1,-0.753673426,2,1,40.69200337,1,2623.375656,2
1,bimodal,Task B ,1,3,1,-2.701023663,3,1,212.3063448,2,2518.790446,3
1,bimodal,Task B ,2,1,1,-15.18176921,1,2,206.1978761,3,2719.401643,1
1,bimodal,Task B ,1,2,0,6.154675302,1,2,67.75308798,4,2592.630736,1
1,bimodal,Task B ,2,2,1,-0.151618754,2,2,324.8675228,5,2790.408549,2
1,bimodal,Task B ,2,1,1,-0.073064308,4,2,135.1013527,6,2635.635131,4
2,bimodal,Task B ,2,1,1,-6.220618651,3,2,104.0065393,1,2719.77232,3
2,bimodal,Task B ,1,3,1,0.435197892,4,1,199.7203778,2,2696.305913,4
2,bimodal,Task B ,1,3,1,-0.03431795,2,1,49.3149881,3,2732.337738,2
2,bimodal,Task B ,1,2,0,-5.89098815,1,2,256.1849404,4,2248.132958,1
2,bimodal,Task B ,2,1,1,3.460611036,1,2,56.25206307,5,2139.47034,1
2,bimodal,Task B ,2,3,0,4.836855901,4,1,298.4310468,6,2804.415601,4
3,bimodal,Task B ,2,1,1,-10.00590653,1,2,327.0375181,1,2965.324903,1
3,bimodal,Task B ,1,4,1,1.386284254,4,1,42.17463704,2,2696.987509,4
3,bimodal,Task B ,1,3,1,3.875890869,1,1,334.6503433,3,2549.545973,1
3,bimodal,Task B ,2,3,1,-7.135550477,1,2,302.391398,4,1956.37358,1
3,bimodal,Task B ,2,4,1,-15.27917929,1,2,67.07056554,5,2185.424384,1
3,bimodal,Task B ,1,1,1,1.43061166,3,1,162.4389343,6,2496.701972,3
4,bimodal,Task B ,1,3,1,-4.879875895,3,1,65.2569736,1,2563.611632,3
4,bimodal,Task B ,1,2,1,5.347804753,2,1,144.3691806,2,2717.472105,2
4,bimodal,Task B ,2,4,1,-0.200344062,3,2,262.1659577,3,2143.047751,3
4,bimodal,Task B ,2,2,0,7.232534126,3,1,137.9181178,4,2924.170376,3
4,bimodal,Task B ,2,2,1,7.154737148,1,2,284.9595588,5,3488.517903,1
4,bimodal,Task B ,1,1,1,1.944779339,2,1,11.74498789,6,2410.075381,2
5,bimodal,Task B ,2,4,1,4.038397057,4,2,324.6912069,1,3019.884388,4
5,bimodal,Task B ,1,4,0,-1.712774479,4,2,255.2231139,2,2861.242645,4
5,bimodal,Task B ,1,4,1,-0.51504474,3,1,196.2941325,3,2606.536715,3
5,bimodal,Task B ,1,3,0,-5.450493106,2,2,80.36629861,4,3076.492486,2
5,bimodal,Task B ,1,4,1,2.782666086,1,1,318.1026917,5,2580.726268,1
5,bimodal,Task B ,1,2,1,2.698240965,4,1,230.8576315,6,2565.796911,4
6,bimodal,Task B ,1,2,1,1.929323502,2,1,303.9322364,1,2513.322697,2
6,bimodal,Task B ,1,2,0,-5.176839895,4,2,252.525064,2,3023.13045,4
6,bimodal,Task B ,2,2,1,21.86698992,3,2,195.9505588,3,3346.851863,3
6,bimodal,Task B ,2,2,0,-1.60258862,3,1,187.8892416,4,2669.147303,3
6,bimodal,Task B ,1,2,0,1.776239579,1,2,104.0118305,5,2313.11356,1
6,bimodal,Task B ,2,2,1,16.23870737,2,2,157.4520109,6,2924.058288,2
7,bimodal,Task B ,1,1,1,1.376241884,3,1,133.0860938,1,2754.908556,3
7,bimodal,Task B ,1,4,1,-0.664135327,3,1,330.6654635,2,2802.211708,3
7,bimodal,Task B ,2,1,1,-11.07797984,2,2,75.8838646,3,2403.885999,2
7,bimodal,Task B ,1,1,1,-3.110717783,1,1,127.0411191,4,2565.019045,1
7,bimodal,Task B ,1,4,1,-3.183858131,3,1,180.6314523,5,2986.757701,3
7,bimodal,Task B ,1,4,1,-0.107371072,1,1,297.8429226,6,2799.200727,1
8,bimodal,Task B ,1,4,1,0.175973507,2,1,45.4757059,1,2824.365913,2
8,bimodal,Task B ,1,4,0,-1.965427691,1,2,345.2616319,2,2084.896607,1
8,bimodal,Task B ,2,4,1,17.75040946,1,2,14.82240431,3,2548.058467,1
8,bimodal,Task B ,2,1,1,-4.635578299,1,2,22.56789788,4,2273.653109,1
8,bimodal,Task B ,1,4,1,-0.005536512,4,1,118.3545355,5,2643.888395,4
8,bimodal,Task B ,1,4,1,1.709365229,2,1,149.8120153,6,2524.446648,2
9,bimodal,Task B ,1,1,1,-3.73533088,1,1,120.2813146,1,2741.704396,1
9,bimodal,Task B ,2,3,1,11.76017542,4,2,26.9019352,2,1863.624478,4
9,bimodal,Task B ,2,1,1,-7.674979203,3,2,289.9966168,3,2113.987576,3
9,bimodal,Task B ,2,1,1,4.996375677,1,2,26.86812026,4,1849.762966,1
9,bimodal,Task B ,1,1,0,-5.788584593,4,2,316.5689178,5,3013.314086,4
9,bimodal,Task B ,1,2,0,-7.153535336,3,2,260.7108353,6,3266.595274,3
10,bimodal,Task B ,2,2,1,-14.04504504,4,2,299.3636578,1,2561.32604,4
10,bimodal,Task B ,2,3,1,-23.42396039,4,2,53.49812906,2,3184.41919,4
10,bimodal,Task B ,1,1,1,1.415881207,2,1,156.6049827,3,2520.312912,2
10,bimodal,Task B ,1,2,0,1.214748146,3,2,170.6099032,4,2377.149306,3
10,bimodal,Task B ,2,2,1,10.99073024,4,2,206.7908484,5,2517.348913,4
10,bimodal,Task B ,1,1,0,-19.68677406,2,2,262.0402744,6,1952.126428,2
1,bimodal,Task B ,2,2,0,-6.193106465,3,1,107.9086055,1,2730.095196,3
1,bimodal,Task B ,1,2,1,0.659074731,2,1,272.8107318,2,2782.148836,2
1,bimodal,Task B ,2,2,1,12.26317422,3,2,69.19170836,3,2605.887251,3
1,bimodal,Task B ,1,4,1,0.330511013,3,1,25.19030829,4,2667.896565,3
1,bimodal,Task B ,2,2,1,-11.51272907,1,2,195.0470588,5,2530.009025,1
1,bimodal,Task B ,2,2,1,-6.845302224,3,2,217.7074714,6,2184.487336,3
2,bimodal,Task B ,1,2,1,0.389666927,2,1,113.3872824,1,2743.361576,2
2,bimodal,Task B ,2,2,1,-9.219663372,3,2,224.2681705,2,2103.536596,3
2,bimodal,Task B ,1,2,1,2.363678846,2,1,120.9706732,3,2703.384914,2
2,bimodal,Task B ,1,1,1,-2.737803321,1,1,42.89159575,4,2622.64749,1
2,bimodal,Task B ,1,2,1,4.020807072,1,1,74.24893668,5,2780.27145,1
2,bimodal,Task B ,2,3,1,-25.83236385,3,2,160.8098602,6,2926.240349,3
3,bimodal,Task B ,2,1,1,-13.90918458,1,2,215.9621565,1,2945.45518,1
3,bimodal,Task B ,1,3,1,2.186381914,2,1,276.6213133,2,2509.140453,2
3,bimodal,Task B ,1,1,0,1.697687254,4,2,320.3766704,3,3113.327043,4
3,bimodal,Task B ,1,4,1,0.10653681,2,1,86.33003648,4,2798.230797,2
3,bimodal,Task B ,1,1,0,2.079988442,1,2,329.8139771,5,2387.998508,1
3,bimodal,Task B ,2,2,1,-8.574501978,1,2,28.99907498,6,2892.541663,1
4,bimodal,Task B ,2,2,1,-7.155238301,2,2,38.06003241,1,2088.65358,2
4,bimodal,Task B ,1,1,0,3.60290157,1,2,268.7128693,2,3352.76634,1
4,bimodal,Task B ,1,3,0,6.260141932,1,2,66.43120193,3,3818.250861,1
4,bimodal,Task B ,2,3,1,-2.224426882,4,2,245.3283374,4,3316.643716,4
4,bimodal,Task B ,2,3,1,-14.20313433,4,2,302.058907,5,2665.186612,4
4,bimodal,Task B ,2,4,0,2.277711264,4,1,217.1769691,6,2415.264876,4
5,bimodal,Task B ,1,4,1,-0.79375478,2,1,163.7035596,1,2772.977101,2
5,bimodal,Task B ,2,4,0,-4.70544924,1,1,310.1944104,2,2722.200956,1
5,bimodal,Task B ,1,4,1,-1.603092914,4,1,82.7158387,3,2682.431482,4
5,bimodal,Task B ,1,3,0,-7.605146602,3,2,43.06407066,4,1897.863962,3
5,bimodal,Task B ,1,3,1,1.800043758,3,1,28.28559724,5,2557.386496,3
5,bimodal,Task B ,2,3,1,7.675788577,4,2,316.8967528,6,2484.999828,4
6,bimodal,Task B ,1,3,0,-5.15561827,3,2,239.7134205,1,2230.607725,3
6,bimodal,Task B ,2,2,1,11.64221636,4,2,298.8964542,2,2812.610333,4
6,bimodal,Task B ,1,2,0,-4.856565724,3,2,290.2543975,3,2982.077617,3
6,bimodal,Task B ,1,2,1,0.589924867,1,1,76.05001169,4,2808.272749,1
6,bimodal,Task B ,1,2,0,1.248793779,2,2,102.8915899,5,1999.131493,2
6,bimodal,Task B ,2,2,1,-8.927737247,1,2,4.388838035,6,3197.622345,1
7,bimodal,Task B ,1,1,1,-2.278178673,2,1,344.239384,1,2609.914674,2
7,bimodal,Task B ,1,1,1,1.375165328,2,1,125.4613025,2,3101.919762,2
7,bimodal,Task B ,1,1,1,-2.408814623,1,1,325.7111852,3,2733.933266,1
7,bimodal,Task B ,1,1,0,-1.689624079,1,2,10.9709136,4,2487.154036,1
7,bimodal,Task B ,1,1,0,-4.756980309,1,2,154.5236247,5,3060.947646,1
7,bimodal,Task B ,1,4,0,-17.16909687,2,2,153.1037848,6,2731.964099,2
8,bimodal,Task B ,2,2,1,12.14285619,3,2,308.093533,1,3366.851206,3
8,bimodal,Task B ,2,4,1,-14.62476499,4,2,209.9301731,2,1601.673311,4
8,bimodal,Task B ,2,1,0,3.335475396,4,1,189.8424144,3,2640.46552,4
8,bimodal,Task B ,2,4,1,-12.35423844,3,2,305.2319112,4,3469.540177,3
8,bimodal,Task B ,1,4,1,-3.035526629,3,1,62.44666878,5,2678.620051,3
8,bimodal,Task B ,1,4,1,0.240424553,4,1,185.3424438,6,2695.631646,4
9,bimodal,Task B ,1,2,1,-2.296952744,3,1,227.8549952,1,2548.922101,3
9,bimodal,Task B ,1,1,1,-0.903839296,3,1,116.8340066,2,2657.270205,3
9,bimodal,Task B ,1,3,1,2.552350749,2,1,327.0275861,3,2913.067291,2
9,bimodal,Task B ,2,1,0,-1.406113532,2,1,22.76965064,4,2715.410174,2
9,bimodal,Task B ,2,2,0,6.664505415,4,1,83.70333285,5,2755.130133,4
9,bimodal,Task B ,1,1,0,-20.9606874,3,2,132.4903336,6,3157.233802,3
10,bimodal,Task B ,1,1,0,0.317020982,3,2,113.0475759,1,2444.890271,3
10,bimodal,Task B ,1,2,0,2.439879683,4,2,74.94196421,2,2887.839012,4
10,bimodal,Task B ,1,2,1,6.254647116,3,1,61.01691128,3,2589.47461,3
10,bimodal,Task B ,2,2,0,6.645441652,3,1,326.9288319,4,2645.589494,3
10,bimodal,Task B ,2,2,1,-17.53146087,1,2,315.5630285,5,3125.597968,1
10,bimodal,Task B ,1,1,0,0.566612064,2,2,33.99784594,6,2202.35377,2
1,bimodal,Task B ,2,4,1,-14.81782777,2,2,148.8266237,1,2395.476055,2
1,bimodal,Task B ,1,3,1,-5.642480807,4,1,39.25827981,2,2537.05739,4
1,bimodal,Task B ,1,3,1,2.073828539,2,1,118.8374879,3,2640.020034,2
1,bimodal,Task B ,2,4,1,-8.145537602,4,2,304.1338914,4,2249.304258,4
1,bimodal,Task B ,2,2,1,-5.093013551,4,2,37.88628564,5,3077.095761,4
1,bimodal,Task B ,2,1,0,-3.793398917,1,1,354.1464279,6,2591.597738,1
2,bimodal,Task B ,2,3,1,3.872634744,2,2,154.8237862,1,3059.236711,2
2,bimodal,Task B ,1,2,1,-0.686026563,4,1,84.80053256,2,2741.676627,4
2,bimodal,Task B ,2,1,0,0.967957943,2,1,60.02253469,3,2814.681363,2
2,bimodal,Task B ,1,2,1,2.96125443,3,1,61.40908214,4,2652.049409,3
2,bimodal,Task B ,1,2,0,10.39299714,3,2,32.0542683,5,2665.464909,3
2,bimodal,Task B ,1,2,1,1.886522805,2,1,155.5529315,6,2568.629873,2
3,bimodal,Task B ,2,3,1,7.277996332,4,2,18.10958556,1,3416.748777,4
3,bimodal,Task B ,1,3,0,-0.686052534,1,2,104.5840216,2,3493.153507,1
3,bimodal,Task B ,2,2,1,-6.357290058,3,2,31.0406789,3,3343.709034,3
3,bimodal,Task B ,1,4,1,-1.422908797,4,1,57.54336146,4,2811.034711,4
3,bimodal,Task B ,2,2,1,5.478556839,3,2,254.2268703,5,2358.728601,3
3,bimodal,Task B ,2,4,1,-23.06728825,2,2,214.8220642,6,1595.313897,2
4,bimodal,Task B ,1,3,1,2.752848875,1,1,316.5856452,1,2590.89179,1
4,bimodal,Task B ,2,2,1,16.25657631,1,2,243.5944064,2,2462.40892,1
4,bimodal,Task B ,1,2,0,-6.006757584,2,2,274.4323823,3,3363.672542,2
4,bimodal,Task B ,1,3,0,0.107828799,3,2,241.4465903,4,2812.411155,3
4,bimodal,Task B ,2,3,1,22.62884453,2,2,157.8109625,5,3215.278472,2
4,bimodal,Task B ,1,1,0,-1.901938577,1,2,56.54888173,6,2898.389777,1
5,bimodal,Task B ,1,3,1,1.123275862,2,1,155.0006129,1,2719.524297,2
5,bimodal,Task B ,1,4,1,1.558685054,1,1,167.9778813,2,2854.576913,1
5,bimodal,Task B ,2,2,1,9.819436724,1,2,205.5545782,3,2965.948128,1
5,bimodal,Task B ,1,4,1,6.25944536,2,1,118.3134338,4,2946.123274,2
5,bimodal,Task B ,2,1,0,-3.447944045,4,1,192.5907708,5,2619.474,4
5,bimodal,Task B ,1,4,1,-2.341917748,4,1,75.73731828,6,2804.752048,4
6,bimodal,Task B ,2,1,1,9.960403335,3,2,66.64477977,1,2470.784561,3
6,bimodal,Task B ,1,2,0,9.022065513,2,2,140.8564789,2,2973.927043,2
6,bimodal,Task B ,2,1,1,0.386848746,1,2,216.1216169,3,3085.446501,1
6,bimodal,Task B ,2,2,1,11.77839252,4,2,239.1436241,4,2525.914707,4
6,bimodal,Task B ,1,2,1,-1.067646013,3,1,248.3559994,5,2687.60841,3
6,bimodal,Task B ,1,2,1,2.547781458,1,1,299.9357958,6,2668.450582,1
7,bimodal,Task B ,2,4,1,-25.91745071,4,2,176.2097277,1,2694.599799,4
7,bimodal,Task B ,1,1,0,0.5891945,4,2,228.5503233,2,2519.952436,4
7,bimodal,Task B ,1,4,0,8.261130805,4,2,54.00737231,3,2730.005218,4
7,bimodal,Task B ,2,4,1,-7.760106253,4,2,272.5916335,4,1529.557815,4
7,bimodal,Task B ,1,4,0,3.476513402,2,2,110.98654,5,2426.818582,2
7,bimodal,Task B ,1,4,1,-2.380687252,3,1,226.817974,6,2565.512789,3
8,bimodal,Task B ,1,4,1,2.113372,4,1,75.00918919,1,2855.276775,4
8,bimodal,Task B ,2,4,1,15.01695946,4,2,66.44834173,2,2869.099746,4
8,bimodal,Task B ,1,4,0,-7.596172376,4,2,193.8363387,3,2072.611727,4
8,bimodal,Task B ,2,4,0,0.166077794,4,1,31.5312836,4,2768.706695,4
8,bimodal,Task B ,2,4,1,11.10122833,3,2,226.3477557,5,3522.162233,3
8,bimodal,Task B ,1,4,0,5.904320305,1,2,335.9189844,6,2389.270535,1
9,bimodal,Task B ,2,4,1,-14.35084686,4,2,119.933384,1,2451.906885,4
9,bimodal,Task B ,1,1,0,2.974758636,1,2,98.62384146,2,3219.561671,1
9,bimodal,Task B ,1,3,1,-4.314947888,4,1,219.7119278,3,2569.484261,4
9,bimodal,Task B ,1,1,1,1.280547701,1,1,121.0461238,4,2849.199626,1
9,bimodal,Task B ,1,2,0,8.820900847,3,2,274.5521771,5,3362.93878,3
9,bimodal,Task B ,1,3,1,-3.402577038,1,1,51.96084105,6,2617.195147,1
10,bimodal,Task B ,1,1,0,-8.718401528,1,2,189.0639361,1,2681.991327,1
10,bimodal,Task B ,1,1,0,5.148810506,4,2,194.2813489,2,2382.453114,4
10,bimodal,Task B ,1,1,0,-12.21321365,2,2,198.8928311,3,2511.122881,2
10,bimodal,Task B ,1,1,0,6.278860185,1,2,2.320460632,4,2057.062308,1
10,bimodal,Task B ,1,2,1,1.138070088,4,1,320.7117602,5,2897.751077,4
10,bimodal,Task B ,1,2,1,-7.318730423,2,1,311.2013711,6,2943.108149,2
1,bimodal,Task B ,2,1,0,-1.304032195,1,1,262.4805563,1,2690.664953,1
1,bimodal,Task B ,2,1,0,-8.15374525,3,1,278.347221,2,2844.605206,3
1,bimodal,Task B ,2,4,1,-9.35904579,4,2,4.536660967,3,3983.321159,4
1,bimodal,Task B ,1,3,1,-2.079939331,1,1,21.40697544,4,2946.955443,1
1,bimodal,Task B ,2,1,0,-0.351183255,2,1,57.60750846,5,2596.387395,2
1,bimodal,Task B ,2,2,1,15.83646557,4,2,54.16419109,6,2290.174145,4
2,bimodal,Task B ,1,1,1,0.765918479,1,1,153.601586,1,2737.292897,1
2,bimodal,Task B ,1,3,1,3.822704047,2,1,359.6093512,2,2872.513005,2
2,bimodal,Task B ,1,3,1,-4.387031333,2,1,245.2030714,3,2816.157143,2
2,bimodal,Task B ,2,2,1,-6.807982152,3,2,143.3265439,4,3188.680747,3
2,bimodal,Task B ,2,3,1,27.56405136,1,2,202.9269562,5,2766.207394,1
2,bimodal,Task B ,2,1,1,-4.191284915,3,2,334.4092719,6,2594.995284,3
3,bimodal,Task B ,1,1,0,-7.731200075,4,2,169.3833648,1,2563.856961,4
3,bimodal,Task B ,1,2,1,-2.197230613,2,1,250.4417151,2,2568.381999,2
3,bimodal,Task B ,1,1,0,-4.236980872,4,2,110.1052102,3,2412.052081,4
3,bimodal,Task B ,2,4,1,32.02080811,4,2,159.1887729,4,3873.93067,4
3,bimodal,Task B ,2,3,1,11.07708657,1,2,17.11240606,5,3051.082591,1
3,bimodal,Task B ,1,4,0,-5.252243514,3,2,72.49262789,6,3193.281629,3
4,bimodal,Task B ,1,4,1,-3.298183603,3,1,176.1516921,1,2582.12943,3
4,bimodal,Task B ,1,3,1,-2.236951415,4,1,165.9557115,2,2520.878828,4
4,bimodal,Task B ,2,3,1,-16.0820772,3,2,262.8795673,3,2344.032114,3
4,bimodal,Task B ,1,3,1,-0.546669133,4,1,357.7412904,4,2449.466938,4
4,bimodal,Task B ,1,1,0,15.40504315,1,2,258.9363644,5,3258.813232,1
4,bimodal,Task B ,1,1,1,-4.0963877,1,1,269.647072,6,2654.386798,1
5,bimodal,Task B ,1,4,1,3.544481457,4,1,222.889854,1,2757.23427,4
5,bimodal,Task B ,1,4,1,2.615656781,1,1,256.8041213,2,2407.742385,1
5,bimodal,Task B ,1,4,1,3.490141628,3,1,253.3666519,3,2767.027621,3
5,bimodal,Task B ,1,3,1,-2.461291743,1,1,119.3795785,4,2861.797117,1
5,bimodal,Task B ,2,4,1,7.81854803,4,2,299.2928771,5,3259.679963,4
5,bimodal,Task B ,1,3,1,0.035705582,4,1,214.0303237,6,2767.551875,4
6,bimodal,Task B ,1,2,0,16.83364872,2,2,277.0767783,1,2480.180786,2
6,bimodal,Task B ,1,2,0,17.19289346,2,2,326.0116758,2,2494.308602,2
6,bimodal,Task B ,1,2,1,3.581719265,1,1,177.060494,3,2546.736382,1
6,bimodal,Task B ,1,2,0,4.410291673,1,2,66.4628089,4,2427.997789,1
6,bimodal,Task B ,1,2,0,-5.95474718,4,2,326.3705313,5,2374.375906,4
6,bimodal,Task B ,1,1,1,2.716873462,4,1,234.7255507,6,2562.662518,4
7,bimodal,Task B ,1,1,1,2.514105888,3,1,164.1892848,1,2711.793501,3
7,bimodal,Task B ,1,1,1,0.785178858,2,1,350.3549548,2,2618.997612,2
7,bimodal,Task B ,2,1,1,-23.40590845,3,2,143.1772013,3,3089.749127,3
7,bimodal,Task B ,1,1,0,14.43711125,3,2,271.2630737,4,2693.819924,3
7,bimodal,Task B ,1,4,1,2.571346053,4,1,145.0008506,5,2832.703215,4
7,bimodal,Task B ,1,4,1,-0.756965243,3,1,43.44107465,6,2783.933689,3
8,bimodal,Task B ,1,4,1,-7.165974479,4,1,101.5874773,1,2746.385538,4
8,bimodal,Task B ,1,4,1,-0.684884114,3,1,228.2195779,2,2837.006504,3
8,bimodal,Task B ,1,4,1,-6.423991042,1,1,117.5005308,3,2841.749235,1
8,bimodal,Task B ,2,1,1,11.10470446,2,2,147.942744,4,2741.203906,2
8,bimodal,Task B ,2,4,1,16.24113612,2,2,96.37371631,5,2337.339553,2
8,bimodal,Task B ,2,4,0,3.101103044,3,1,209.7031017,6,2756.476424,3
9,bimodal,Task B ,2,3,1,16.65352278,3,2,243.4543067,1,1785.25355,3
9,bimodal,Task B ,2,3,0,2.638581178,3,1,143.9454177,2,2793.097117,3
9,bimodal,Task B ,1,1,1,1.351935606,3,1,130.8065624,3,2573.404151,3
9,bimodal,Task B ,1,1,0,9.56697051,4,2,32.00372137,4,2477.057251,4
9,bimodal,Task B ,2,2,1,14.18584477,3,2,26.98780776,5,3334.298899,3
9,bimodal,Task B ,1,3,1,2.760765298,3,1,199.2945547,6,2709.596086,3
10,bimodal,Task B ,1,1,1,-4.931919118,4,1,235.3342846,1,2651.198132,4
10,bimodal,Task B ,1,2,1,2.295075104,1,1,306.4494944,2,2705.93986,1
10,bimodal,Task B ,1,2,1,-2.53840997,1,1,290.9188851,3,2632.489596,1
10,bimodal,Task B ,1,1,1,4.775677829,1,1,14.94476697,4,2582.260896,1
10,bimodal,Task B ,1,2,1,2.286618061,1,1,164.9085013,5,2594.675421,1
10,bimodal,Task B ,1,1,0,14.66162207,1,2,296.5398125,6,3066.535332,1
1,bimodal,Task B ,1,3,1,1.264575357,2,1,292.3895599,1,2655.277726,2
1,bimodal,Task B ,1,2,0,-6.195404551,4,2,26.66951595,2,3136.785691,4
1,bimodal,Task B ,2,2,1,-9.586404711,2,2,321.1992903,3,3005.534569,2
1,bimodal,Task B ,1,4,1,5.261632692,2,1,42.96292965,4,2646.599306,2
1,bimodal,Task B ,2,4,1,12.00884332,4,2,79.71562287,5,1342.196508,4
1,bimodal,Task B ,2,2,1,8.174817203,2,2,297.3401595,6,3616.432966,2
2,bimodal,Task B ,1,2,1,-0.918990842,3,1,257.1449716,1,2718.172519,3
2,bimodal,Task B ,1,3,1,3.050612218,3,1,62.06556045,2,2617.873896,3
2,bimodal,Task B ,1,2,0,-9.981818767,1,2,136.9162764,3,3275.040386,1
2,bimodal,Task B ,1,2,1,0.704747496,4,1,210.4243983,4,2559.814476,4
2,bimodal,Task B ,1,2,0,13.45684221,3,2,304.4334067,5,2452.714289,3
2,bimodal,Task B ,1,2,1,-3.663597395,4,1,226.7121735,6,2665.547314,4
3,bimodal,Task B ,1,1,1,-1.720670557,1,1,253.8241508,1,2777.039983,1
3,bimodal,Task B ,1,1,1,-2.314394924,3,1,57.04269892,2,2701.461971,3
3,bimodal,Task B ,1,4,1,2.15460546,4,1,30.73403748,3,2618.817134,4
3,bimodal,Task B ,1,4,1,1.399137731,2,1,69.81348008,4,2807.353758,2
3,bimodal,Task B ,1,3,0,-5.24220289,3,2,34.09404284,5,3390.887951,3
3,bimodal,Task B ,1,4,1,1.122656973,4,1,236.4432868,6,2609.30739,4
4,bimodal,Task B ,2,2,0,-3.575712126,3,1,144.7464327,1,2653.392727,3
4,bimodal,Task B ,1,2,0,5.730417218,3,2,315.8800432,2,2670.734915,3
4,bimodal,Task B ,2,3,1,-9.403606398,4,2,107.0494689,3,4045.271772,4
4,bimodal,Task B ,2,3,0,4.95387433,2,1,336.2076853,4,2632.195842,2
4,bimodal,Task B ,1,2,1,-3.146760373,2,1,80.83819165,5,2709.782333,2
4,bimodal,Task B ,1,1,0,5.385882695,1,2,43.43671912,6,2749.781901,1
5,bimodal,Task B ,2,3,1,5.57080605,1,2,251.6387811,1,1974.537553,1
5,bimodal,Task B ,1,2,1,5.177799968,3,1,64.9968925,2,2735.976511,3
5,bimodal,Task B ,2,4,1,16.87316816,2,2,44.98525967,3,2847.972481,2
5,bimodal,Task B ,2,1,1,-11.31694627,3,2,85.98267324,4,3069.858951,3
5,bimodal,Task B ,1,3,0,-2.945413021,1,2,324.3070759,5,1207.347904,1
5,bimodal,Task B ,2,4,1,-14.91215157,2,2,232.8999359,6,2321.860657,2
6,bimodal,Task B ,1,2,1,-2.443285413,4,1,356.952905,1,2534.185658,4
6,bimodal,Task B ,1,2,1,0.844678217,3,1,199.5373857,2,2839.017847,3
6,bimodal,Task B ,1,2,0,-4.597072139,2,2,74.64684129,3,2418.114941,2
6,bimodal,Task B ,2,2,1,11.86850405,3,2,187.8261816,4,1923.220707,3
6,bimodal,Task B ,2,2,1,21.92200771,3,2,147.4304209,5,2441.33054,3
6,bimodal,Task B ,1,3,1,2.051481884,3,1,148.203651,6,2609.531983,3
7,bimodal,Task B ,1,3,1,-0.907148787,2,1,268.6718178,1,2936.573825,2
7,bimodal,Task B ,1,1,1,4.552393651,1,1,257.3696628,2,2823.530136,1
7,bimodal,Task B ,1,1,0,-3.631218929,2,2,178.756235,3,2734.799755,2
7,bimodal,Task B ,1,1,1,-0.600520718,2,1,8.92579634,4,2547.050953,2
7,bimodal,Task B ,1,1,1,-6.583835793,1,1,316.6796098,5,2708.469615,1
7,bimodal,Task B ,2,4,1,-9.364380314,3,2,279.3930819,6,2722.104263,3
8,bimodal,Task B ,1,1,1,2.772323162,3,1,73.10825899,1,2708.867924,3
8,bimodal,Task B ,1,4,1,3.204661497,3,1,225.6173784,2,2662.948814,3
8,bimodal,Task B ,1,4,0,-5.89441357,1,2,155.5853089,3,1958.468076,1
8,bimodal,Task B ,1,4,0,0.071858952,2,2,138.225833,4,2204.35742,2
8,bimodal,Task B ,1,4,0,7.714273642,4,2,306.7518534,5,2615.017622,4
8,bimodal,Task B ,1,1,0,5.715115004,4,2,46.02244565,6,2655.968051,4
9,bimodal,Task B ,2,1,1,-7.072109522,3,2,53.38268101,1,3008.205492,3
9,bimodal,Task B ,1,1,0,-8.647456849,2,2,226.4341681,2,2361.721978,2
9,bimodal,Task B ,1,2,1,-2.954116725,3,1,320.6338639,3,2764.624484,3
9,bimodal,Task B ,2,4,1,14.34847149,4,2,55.40220191,4,2770.153576,4
9,bimodal,Task B ,1,1,1,2.751671999,2,1,231.2588181,5,2666.52404,2
9,bimodal,Task B ,2,1,1,-2.243206464,1,2,189.5230815,6,2580.17231,1
10,bimodal,Task B ,1,1,1,4.005821254,2,1,103.7153077,1,2589.848343,2
10,bimodal,Task B ,1,2,0,-11.57091456,4,2,65.59023121,2,2967.387061,4
10,bimodal,Task B ,2,3,1,1.424207145,3,2,279.905909,3,2969.791963,3
10,bimodal,Task B ,2,2,1,-10.29217625,4,2,350.9711384,4,2578.369249,4
10,bimodal,Task B ,1,1,1,0.650128571,2,1,204.8994101,5,2681.174272,2
10,bimodal,Task B ,2,2,1,18.7673146,4,2,310.1201984,6,2392.446242,4
1,bimodal,Task B ,1,2,1,3.427734981,2,1,268.7031207,1,2739.266957,2
1,bimodal,Task B ,1,2,1,1.590875606,1,1,331.8354891,2,2685.331408,1
1,bimodal,Task B ,1,3,0,-2.484419538,4,2,31.1178072,3,2550.482,4
1,bimodal,Task B ,2,4,1,27.23333766,2,2,50.36710051,4,2137.407692,2
1,bimodal,Task B ,2,1,1,-5.555929667,1,2,301.7950399,5,2154.072232,1
1,bimodal,Task B ,2,2,0,-2.48297768,2,1,191.2459759,6,2768.189791,2
2,bimodal,Task B ,1,2,0,-0.90653361,4,2,122.0808152,1,2635.394835,4
2,bimodal,Task B ,2,3,1,15.80177682,2,2,331.3287926,2,2962.264166,2
2,bimodal,Task B ,1,1,1,3.865232311,1,1,0.451835162,3,2904.589232,1
2,bimodal,Task B ,1,2,1,1.929603423,4,1,26.25729896,4,2659.051516,4
2,bimodal,Task B ,1,3,1,1.277339671,4,1,171.3838882,5,2634.24945,4
2,bimodal,Task B ,2,4,0,-1.952732375,2,1,192.5117476,6,2877.716742,2
3,bimodal,Task B ,1,4,1,1.277828063,1,1,114.1657553,1,2812.768585,1
3,bimodal,Task B ,2,3,0,6.295793082,4,1,139.1600047,2,2596.235996,4
3,bimodal,Task B ,2,4,1,20.18016506,3,2,236.0732122,3,3069.34147,3
3,bimodal,Task B ,2,4,1,12.16649023,3,2,63.93674791,4,1812.836981,3
3,bimodal,Task B ,1,3,1,-2.820008875,3,1,163.6226752,5,2817.505827,3
3,bimodal,Task B ,1,3,0,-1.015898265,1,2,7.896653244,6,2786.665258,1
4,bimodal,Task B ,1,3,0,5.278397343,2,2,105.9416017,1,2667.970462,2
4,bimodal,Task B ,1,2,1,2.035410485,1,1,113.9107915,2,2736.971786,1
4,bimodal,Task B ,2,3,1,11.65574093,3,2,116.333051,3,2714.580869,3
4,bimodal,Task B ,2,2,1,15.08939077,4,2,103.4135168,4,1274.795617,4
4,bimodal,Task B ,1,2,1,-1.158048506,1,1,74.28453736,5,2882.579821,1
4,bimodal,Task B ,1,2,1,1.614369415,3,1,325.4376463,6,2852.807242,3
5,bimodal,Task B ,2,4,1,-16.65507131,2,2,81.3376305,1,3390.456071,2
5,bimodal,Task B ,1,4,0,6.470617011,1,2,184.5578124,2,2175.047806,1
5,bimodal,Task B ,2,3,1,-4.853120729,1,2,156.8338253,3,2525.907238,1
5,bimodal,Task B ,2,4,1,6.262189746,3,2,281.0819725,4,3250.632057,3
5,bimodal,Task B ,2,4,1,-11.76827557,2,2,100.9919266,5,2792.916466,2
5,bimodal,Task B ,1,2,0,6.415183513,1,2,23.81535056,6,2212.324814,1
6,bimodal,Task B ,1,3,1,-1.972181738,3,1,258.9104083,1,2543.374842,3
6,bimodal,Task B ,2,2,0,-4.249544736,4,1,331.3410599,2,2736.057235,4
6,bimodal,Task B ,2,2,1,8.017592817,4,2,345.1610989,3,2924.549347,4
6,bimodal,Task B ,2,2,1,-17.48839541,4,2,72.66580424,4,2616.499064,4
6,bimodal,Task B ,1,2,1,-0.547608978,1,1,297.7976419,5,2624.667727,1
6,bimodal,Task B ,2,1,1,9.962185847,2,2,244.6630899,6,2547.395515,2
7,bimodal,Task B ,1,4,0,5.990412008,2,2,336.6983545,1,2146.325298,2
7,bimodal,Task B ,1,1,0,-9.901836163,4,2,50.80521295,2,2794.474254,4
7,bimodal,Task B ,2,1,1,-22.47002104,2,2,61.1856956,3,3054.625223,2
7,bimodal,Task B ,1,4,1,2.643582855,1,1,77.56093504,4,2753.82133,1
7,bimodal,Task B ,2,4,1,-9.783267569,4,2,177.017427,5,2841.672141,4
7,bimodal,Task B ,1,4,1,-2.679326092,2,1,333.536381,6,2849.287421,2
8,bimodal,Task B ,1,4,1,-1.69757397,4,1,222.2974364,1,2765.070106,4
8,bimodal,Task B ,1,4,1,-2.858311297,4,1,52.43427293,2,2584.245013,4
8,bimodal,Task B ,1,4,1,1.216726061,2,1,218.823998,3,2493.729968,2
8,bimodal,Task B ,1,4,1,0.784672943,2,1,18.73043794,4,2558.167134,2
8,bimodal,Task B ,1,4,1,0.936161589,3,1,45.97841423,5,2553.473794,3
8,bimodal,Task B ,2,4,1,16.49487165,2,2,209.1066374,6,2476.570325,2
9,bimodal,Task B ,1,1,0,3.825493418,1,2,268.2082835,1,2510.62331,1
9,bimodal,Task B ,2,2,1,-11.50422168,3,2,284.3665211,2,2059.0807,3
9,bimodal,Task B ,2,2,1,-5.067475574,4,2,280.3336174,3,2766.758541,4
9,bimodal,Task B ,1,3,1,-3.190634008,1,1,330.7473636,4,2668.387436,1
9,bimodal,Task B ,1,3,0,4.674132541,4,2,340.9555432,5,2908.729338,4
9,bimodal,Task B ,1,1,1,-1.818630778,1,1,199.4729368,6,2617.912424,1
10,bimodal,Task B ,1,1,1,1.159556825,1,1,316.3404835,1,2652.761557,1
10,bimodal,Task B ,1,2,1,-1.138348407,3,1,291.8963875,2,2726.299806,3
10,bimodal,Task B ,1,2,1,5.594536984,4,1,100.5856917,3,2682.051093,4
10,bimodal,Task B ,2,2,1,18.88173581,4,2,235.6254858,4,2151.719095,4
10,bimodal,Task B ,1,2,1,-2.592774595,3,1,59.07820953,5,2724.545446,3
10,bimodal,Task B ,1,2,1,2.556188912,3,1,181.5925004,6,2677.086818,3
1,bimodal,Task B ,1,2,1,-2.328588842,3,1,76.43672421,1,2596.900595,3
1,bimodal,Task B ,2,1,0,-8.848705607,4,1,300.0850907,2,2671.09803,4
1,bimodal,Task B ,2,3,1,-20.14441641,2,2,53.9755817,3,2608.342119,2
1,bimodal,Task B ,1,3,1,0.525355379,2,1,313.3475488,4,2843.717466,2
1,bimodal,Task B ,2,2,1,1.044223985,1,2,77.27291014,5,3223.091052,1
1,bimodal,Task B ,2,2,1,-1.647885783,4,2,147.8507194,6,2298.982758,4
2,bimodal,Task B ,1,2,0,-4.694962945,4,2,250.4027317,1,1855.867788,4
2,bimodal,Task B ,2,2,1,7.433178179,1,2,104.9899435,2,3579.873755,1
2,bimodal,Task B ,1,3,0,-9.410394039,3,2,348.3911586,3,2889.554694,3
2,bimodal,Task B ,1,2,1,-2.410546122,1,1,7.135551038,4,2855.125254,1
2,bimodal,Task B ,1,2,0,-1.053858638,3,2,296.04486,5,2886.611011,3
2,bimodal,Task B ,1,3,0,-2.954866905,2,2,248.7334062,6,2976.463624,2
3,bimodal,Task B ,1,2,1,6.343058659,4,1,9.247176763,1,2756.505393,4
3,bimodal,Task B ,2,2,1,-4.885176608,3,2,109.3085936,2,3483.065298,3
3,bimodal,Task B ,1,4,1,-1.219699744,1,1,62.6440633,3,2615.736454,1
3,bimodal,Task B ,2,3,1,15.07267008,3,2,41.70740279,4,2711.617401,3
3,bimodal,Task B ,1,3,1,-0.798172523,1,1,171.343857,5,2787.982499,1
3,bimodal,Task B ,1,4,1,-0.455605593,2,1,20.8807774,6,2770.373335,2
4,bimodal,Task B ,1,3,0,3.591402548,2,2,153.9344457,1,3021.304396,2
4,bimodal,Task B ,2,2,1,7.956040149,2,2,354.6125605,2,2549.946591,2
4,bimodal,Task B ,1,2,0,4.55061765,1,2,128.162573,3,2274.718364,1
4,bimodal,Task B ,1,2,1,1.079457993,3,1,190.6087006,4,2621.034055,3
4,bimodal,Task B ,1,3,1,-1.968617736,4,1,153.9336714,5,2376.869563,4
4,bimodal,Task B ,2,4,1,10.68756444,4,2,87.20396881,6,1701.199253,4
5,bimodal,Task B ,1,3,0,-1.616703213,2,2,273.8306129,1,3060.186027,2
5,bimodal,Task B ,1,4,1,2.002484687,2,1,159.341649,2,2903.503414,2
5,bimodal,Task B ,2,4,1,23.59969951,1,2,223.686427,3,3027.411158,1
5,bimodal,Task B ,1,4,1,0.420102159,3,1,1.863992384,4,2699.283944,3
5,bimodal,Task B ,1,4,1,-4.770177788,4,1,64.91918793,5,2653.051773,4
5,bimodal,Task B ,1,4,1,-0.909414768,1,1,152.4702764,6,2693.827207,1
6,bimodal,Task B ,2,2,0,-1.340268301,3,1,303.19264,1,2569.970563,3
6,bimodal,Task B ,1,2,0,-2.39823148,2,2,100.6918121,2,2554.741654,2
6,bimodal,Task B ,1,2,0,-1.650825493,4,2,318.3719483,3,3771.826177,4
6,bimodal,Task B ,2,2,1,-35.78307549,2,2,331.8496478,4,3094.033873,2
6,bimodal,Task B ,2,2,1,4.086610644,1,2,126.8338433,5,2253.467758,1
6,bimodal,Task B ,2,2,1,-12.7803663,4,2,183.3473418,6,3711.846297,4
7,bimodal,Task B ,1,1,0,7.634088891,1,2,310.5836631,1,2056.057035,1
7,bimodal,Task B ,1,1,0,18.54082213,1,2,194.1596935,2,1581.388409,1
7,bimodal,Task B ,1,1,1,1.310240342,1,1,75.2305147,3,2567.734423,1
7,bimodal,Task B ,1,1,0,-9.506105916,1,2,330.6962479,4,2609.651292,1
7,bimodal,Task B ,1,1,0,3.739756322,1,2,84.63929067,5,2700.495539,1
7,bimodal,Task B ,1,4,1,1.853556895,1,1,279.593221,6,2701.616355,1
8,bimodal,Task B ,1,4,0,-2.505419902,2,2,276.3210545,1,1407.550035,2
8,bimodal,Task B ,2,4,1,-7.800299218,3,2,356.3294128,2,2762.840742,3
8,bimodal,Task B ,1,4,1,0.416634935,1,1,242.1982018,3,2810.517511,1
8,bimodal,Task B ,1,4,1,2.952364306,1,1,128.2247875,4,2676.938543,1
8,bimodal,Task B ,2,4,1,-16.35924503,3,2,310.5717122,5,1974.807025,3
8,bimodal,Task B ,1,4,1,-0.270197102,3,1,76.74788576,6,2658.399271,3
9,bimodal,Task B ,1,3,1,-4.638797218,4,1,242.3742782,1,2748.590694,4
9,bimodal,Task B ,1,1,1,5.89065746,1,1,251.3483035,2,2511.740934,1
9,bimodal,Task B ,1,1,1,2.988643468,4,1,330.416998,3,2621.787542,4
9,bimodal,Task B ,1,2,0,-5.409539612,4,2,237.5984256,4,2407.114053,4
9,bimodal,Task B ,1,1,1,0.416161176,1,1,96.42341649,5,2717.854466,1
9,bimodal,Task B ,1,1,1,-2.423247827,3,1,282.5176861,6,2604.76929,3
10,bimodal,Task B ,2,2,1,9.497496466,3,2,179.7284044,1,2990.589042,3
10,bimodal,Task B ,2,1,1,8.412735845,3,2,176.9554625,2,2611.197425,3
10,bimodal,Task B ,2,2,1,-2.238485061,3,2,339.8102278,3,2322.440112,3
10,bimodal,Task B ,2,2,1,18.26167139,4,2,150.2439665,4,2845.821043,4
10,bimodal,Task B ,1,1,0,-8.090840528,1,2,202.3685363,5,2111.934759,1
10,bimodal,Task B ,1,1,1,-0.212355114,2,1,302.0159008,6,2789.971624,2
1,bimodal,Task B ,2,2,1,26.93211016,1,2,90.69287597,1,2231.661581,1
1,bimodal,Task B ,1,3,0,-4.721152123,4,2,152.1055362,2,3622.51028,4
1,bimodal,Task B ,2,4,0,2.531787324,1,1,128.1834073,3,2702.733435,1
1,bimodal,Task B ,2,4,1,31.69461672,2,2,96.0983278,4,2747.457114,2
1,bimodal,Task B ,1,3,1,-3.360748453,4,1,269.6547844,5,2671.996774,4
1,bimodal,Task B ,2,4,1,-21.7799518,4,2,58.67432201,6,2640.897301,4
2,bimodal,Task B ,1,3,1,-1.96425918,3,1,141.1463852,1,2639.794243,3
2,bimodal,Task B ,2,3,1,17.55343046,3,2,321.4204184,2,3328.5481,3
2,bimodal,Task B ,1,2,1,-3.380464055,3,1,303.0225485,3,2803.453096,3
2,bimodal,Task B ,1,2,0,-0.136379712,3,2,274.6553888,4,2483.325155,3
2,bimodal,Task B ,2,2,0,-2.215361983,1,1,49.24692144,5,2596.320175,1
2,bimodal,Task B ,1,2,1,-4.273918377,1,1,164.3205114,6,2616.201781,1
3,bimodal,Task B ,1,3,1,-0.390513571,2,1,147.0124868,1,2736.438658,2
3,bimodal,Task B ,2,3,0,-2.140250501,1,1,300.5381231,2,2849.245911,1
3,bimodal,Task B ,2,4,1,-3.30370321,1,2,268.4077744,3,2119.529781,1
3,bimodal,Task B ,2,3,1,11.75690853,1,2,11.24465299,4,2495.306966,1
3,bimodal,Task B ,1,4,1,-1.325369042,1,1,350.6577442,5,2622.983541,1
3,bimodal,Task B ,1,3,0,-5.23866707,4,2,58.79375426,6,3078.954925,4
4,bimodal,Task B ,1,3,1,-3.772501966,3,1,129.6360737,1,2736.564806,3
4,bimodal,Task B ,1,2,1,0.770821845,3,1,180.8817747,2,2527.207987,3
4,bimodal,Task B ,2,2,1,5.359262378,2,2,201.0815526,3,2286.868167,2
4,bimodal,Task B ,1,4,1,-1.836925815,4,1,340.1634151,4,2747.981162,4
4,bimodal,Task B ,1,1,1,1.22536034,1,1,346.3759865,5,2755.42528,1
4,bimodal,Task B ,1,2,0,-10.24619688,2,2,21.93312872,6,2899.247791,2
5,bimodal,Task B ,2,4,0,-8.188240304,1,1,123.0187292,1,2569.897067,1
5,bimodal,Task B ,2,4,1,-7.341812678,4,2,21.08002243,2,2236.878576,4
5,bimodal,Task B ,2,2,1,11.53986362,2,2,11.476407,3,2908.758976,2
5,bimodal,Task B ,1,4,1,2.642581548,4,1,44.86764379,4,2859.097208,4
5,bimodal,Task B ,1,4,1,-1.002505429,2,1,135.9428245,5,2721.092728,2
5,bimodal,Task B ,1,4,1,4.244875568,3,1,159.3237888,6,2568.382957,3
6,bimodal,Task B ,1,3,1,-3.503649789,1,1,180.1740575,1,2774.542017,1
6,bimodal,Task B ,1,2,0,-11.73057419,1,2,218.5162136,2,2838.623446,1
6,bimodal,Task B ,1,2,1,1.300027461,4,1,23.54300999,3,2642.2166,4
6,bimodal,Task B ,1,2,1,0.083299402,3,1,199.8937482,4,2615.334585,3
6,bimodal,Task B ,1,2,1,0.930699609,4,1,27.56367744,5,2701.483273,4
6,bimodal,Task B ,2,3,1,8.724429096,2,2,253.3429872,6,3259.785814,2
7,bimodal,Task B ,1,1,0,-17.25272704,4,2,236.8248876,1,1981.629993,4
7,bimodal,Task B ,1,1,1,-2.61760622,2,1,84.73381763,2,2831.296145,2
7,bimodal,Task B ,1,1,1,5.567830566,1,1,48.73457597,3,2505.716819,1
7,bimodal,Task B ,1,1,0,-6.465557556,2,2,220.1634768,4,2284.722335,2
7,bimodal,Task B ,1,1,0,2.734086664,3,2,230.4503565,5,2411.944074,3
7,bimodal,Task B ,1,4,1,-0.841407968,4,1,220.3746806,6,2510.486205,4
8,bimodal,Task B ,2,1,1,16.95555389,1,2,186.6904014,1,2549.63289,1
8,bimodal,Task B ,1,4,1,6.682825856,1,1,166.523483,2,2678.080585,1
8,bimodal,Task B ,2,4,1,-12.40929194,2,2,171.3076611,3,3568.875379,2
8,bimodal,Task B ,1,4,0,7.283789846,2,2,247.755237,4,2055.772257,2
8,bimodal,Task B ,1,4,0,5.708801906,3,2,72.9367843,5,2635.190613,3
8,bimodal,Task B ,2,4,1,-7.177449959,1,2,286.189284,6,1628.503021,1
9,bimodal,Task B ,1,2,1,-2.872299153,3,1,36.75074454,1,2744.36565,3
9,bimodal,Task B ,1,4,1,-0.479871655,4,1,23.12725167,2,2699.348509,4
9,bimodal,Task B ,2,2,1,7.987421817,2,2,99.59201863,3,2879.559587,2
9,bimodal,Task B ,1,3,1,0.243764477,3,1,160.9978939,4,2598.456796,3
9,bimodal,Task B ,2,3,1,14.52094879,3,2,94.79459497,5,2274.356493,3
9,bimodal,Task B ,1,2,0,20.61937959,1,2,262.7488124,6,2595.302305,1
10,bimodal,Task B ,2,1,1,-20.51554435,1,2,316.8409958,1,2892.832718,1
10,bimodal,Task B ,1,2,1,0.460324764,4,1,234.6391806,2,2851.60816,4
10,bimodal,Task B ,1,2,1,-3.559425443,2,1,301.0538464,3,2663.723509,2
10,bimodal,Task B ,2,2,1,16.92048404,3,2,330.6456168,4,1745.899367,3
10,bimodal,Task B ,1,1,0,10.14343503,2,2,216.6266304,5,2462.560318,2
10,bimodal,Task B ,1,1,1,-2.690286738,4,1,203.7066795,6,2796.078608,4
1,bimodal,Task B ,2,3,1,12.09082407,1,2,203.6977008,1,3182.799227,1
1,bimodal,Task B ,2,4,1,10.12037761,4,2,305.7438746,2,1879.981984,4
1,bimodal,Task B ,1,2,0,-0.678352959,2,2,60.57015696,3,2424.842369,2
1,bimodal,Task B ,1,3,1,3.095480953,2,1,85.24342257,4,2581.390965,2
1,bimodal,Task B ,2,2,1,-3.471760361,2,2,5.581837056,5,2890.108044,2
1,bimodal,Task B ,1,3,1,3.472870972,3,1,12.89696755,6,2802.363286,3
2,bimodal,Task B ,1,1,1,1.20013498,1,1,92.03067152,1,2515.634472,1
2,bimodal,Task B ,1,2,1,2.959617202,2,1,355.4023765,2,2740.741268,2
2,bimodal,Task B ,1,1,0,12.29038566,1,2,224.8042693,3,2568.065598,1
2,bimodal,Task B ,2,3,0,0.592348864,4,1,196.8301864,4,2573.515665,4
2,bimodal,Task B ,1,2,1,-2.841978261,2,1,333.4437747,5,2788.562924,2
2,bimodal,Task B ,1,3,1,-2.117814263,1,1,303.6060163,6,2724.973764,1
3,bimodal,Task B ,2,3,1,11.03076079,3,2,322.7069196,1,2621.231704,3
3,bimodal,Task B ,1,4,1,1.277224789,4,1,36.23087741,2,2874.580129,4
3,bimodal,Task B ,1,3,1,-2.290498207,1,1,306.6104684,3,2859.105123,1
3,bimodal,Task B ,2,2,1,15.14248456,3,2,238.1032719,4,2726.744425,3
3,bimodal,Task B ,1,4,1,-0.456051995,3,1,330.5216257,5,2623.31341,3
3,bimodal,Task B ,2,4,1,-12.76887808,2,2,226.4881158,6,1789.620886,2
4,bimodal,Task B ,1,2,1,-4.165973978,1,1,287.981818,1,2712.115187,1
4,bimodal,Task B ,2,1,1,2.416244955,2,2,222.0599878,2,3019.392171,2
4,bimodal,Task B ,1,2,1,1.607180827,3,1,163.5520393,3,2930.386672,3
4,bimodal,Task B ,2,2,1,4.043525316,1,2,319.0898589,4,3096.119704,1
4,bimodal,Task B ,1,2,1,2.345073032,2,1,242.8732366,5,2807.86795,2
4,bimodal,Task B ,1,3,1,-1.42330428,3,1,337.6366986,6,2856.057278,3
5,bimodal,Task B ,2,1,1,14.62220163,1,2,236.7157731,1,2546.258121,1
5,bimodal,Task B ,2,4,1,-18.70022256,2,2,225.5871523,2,1585.768218,2
5,bimodal,Task B ,1,1,0,8.352124834,1,2,8.84967395,3,1847.504315,1
5,bimodal,Task B ,1,4,1,-0.050941442,3,1,173.6310925,4,2711.040948,3
5,bimodal,Task B ,1,3,1,-5.532560733,3,1,238.6774146,5,2778.303073,3
5,bimodal,Task B ,1,2,0,9.285559804,1,2,13.49671778,6,3004.268797,1
6,bimodal,Task B ,1,2,0,-1.45645582,2,2,212.1708114,1,2362.620768,2
6,bimodal,Task B ,1,2,1,-0.697877757,3,1,344.0000818,2,2659.84176,3
6,bimodal,Task B ,1,1,1,0.702626482,2,1,83.15038001,3,2671.882894,2
6,bimodal,Task B ,1,2,1,-1.082006491,2,1,33.75290059,4,2887.81182,2
6,bimodal,Task B ,2,2,1,28.81753469,2,2,205.1085314,5,2248.997241,2
6,bimodal,Task B ,2,2,0,3.658213246,1,1,311.0243919,6,2820.337624,1
7,bimodal,Task B ,1,4,0,1.062767169,4,2,1.799960081,1,2322.838536,4
7,bimodal,Task B ,1,1,1,-0.695108688,2,1,286.1854988,2,2722.21951,2
7,bimodal,Task B ,2,4,1,-14.6941104,4,2,338.2811724,3,2480.495551,4
7,bimodal,Task B ,2,4,1,-1.318966285,3,2,292.2747358,4,4065.800662,3
7,bimodal,Task B ,1,4,1,1.30337302,4,1,36.13610853,5,2451.232069,4
7,bimodal,Task B ,1,4,0,9.34642519,3,2,75.16851584,6,2533.012212,3
8,bimodal,Task B ,2,4,1,11.84942446,4,2,351.8732998,1,1889.495553,4
8,bimodal,Task B ,2,4,1,4.342217097,3,2,234.0441597,2,2449.314763,3
8,bimodal,Task B ,1,4,0,5.837691711,1,2,313.8923571,3,3287.423762,1
8,bimodal,Task B ,1,4,1,3.81078033,1,1,327.2026333,4,2759.600933,1
8,bimodal,Task B ,1,4,1,0.011660507,3,1,139.9300337,5,2686.240909,3
8,bimodal,Task B ,1,4,0,-5.233702837,1,2,235.2646711,6,3500.004019,1
9,bimodal,Task B ,1,4,1,0.920153122,4,1,30.36026837,1,2788.378231,4
9,bimodal,Task B ,1,1,0,-2.266026149,4,2,289.5515837,2,2375.270846,4
9,bimodal,Task B ,1,1,1,4.434529674,2,1,62.74108669,3,2726.211671,2
9,bimodal,Task B ,2,1,0,-3.132659045,4,1,193.9412641,4,2719.489176,4
9,bimodal,Task B ,2,3,1,-3.902442697,3,2,89.07428877,5,3144.00555,3
9,bimodal,Task B ,2,1,0,2.392915628,3,1,310.2180094,6,2953.349148,3
10,bimodal,Task B ,2,1,1,10.6871756,4,2,102.8008577,1,2574.820752,4
10,bimodal,Task B ,1,2,0,2.121102352,3,2,46.89892829,2,2878.191253,3
10,bimodal,Task B ,1,2,1,2.868525869,4,1,110.5892032,3,2697.845078,4
10,bimodal,Task B ,1,1,0,-4.174192319,4,2,128.5861579,4,2753.648596,4
10,bimodal,Task B ,1,2,1,-0.62853541,2,1,38.6022885,5,2681.320878,2
10,bimodal,Task B ,2,3,1,-4.402330375,2,2,177.512708,6,3157.959796,2
1,bimodal,Task B ,2,2,1,-13.49716901,3,2,329.6141932,1,2310.751993,3
1,bimodal,Task B ,2,2,1,13.24770272,2,2,266.1930455,2,2190.593364,2
1,bimodal,Task B ,2,4,1,19.36982595,2,2,107.1676118,3,1675.21188,2
1,bimodal,Task B ,1,3,1,-1.753964305,2,1,109.6934063,4,2629.543247,2
1,bimodal,Task B ,1,3,0,1.316039658,3,2,293.6140719,5,2354.641673,3
1,bimodal,Task B ,1,2,1,-0.68612504,1,1,185.5807524,6,2742.431673,1
2,bimodal,Task B ,1,2,1,1.27519949,3,1,331.0179198,1,2723.29759,3
2,bimodal,Task B ,2,2,0,0.944252416,2,1,219.6159894,2,2653.939687,2
2,bimodal,Task B ,2,2,1,-2.090697227,3,2,262.0530377,3,2498.06231,3
2,bimodal,Task B ,1,3,1,-4.404912954,2,1,215.1493524,4,2910.444534,2
2,bimodal,Task B ,1,3,0,0.022844634,3,2,67.3164024,5,2523.637483,3
2,bimodal,Task B ,1,1,0,11.44941867,1,2,125.9364006,6,2236.313723,1
3,bimodal,Task B ,1,4,1,1.049988804,3,1,140.2568398,1,2779.09121,3
3,bimodal,Task B ,2,1,1,-6.377603964,3,2,319.3775443,2,2488.506234,3
3,bimodal,Task B ,1,4,1,-2.785952575,3,1,152.2278739,3,2733.534511,3
3,bimodal,Task B ,1,1,1,0.20640315,4,1,286.1855107,4,2440.784011,4
3,bimodal,Task B ,1,3,1,1.769263569,2,1,320.0958206,5,2773.984823,2
3,bimodal,Task B ,1,4,1,1.269768591,3,1,349.7197716,6,2651.629192,3
4,bimodal,Task B ,1,3,1,-0.654164763,4,1,292.1781503,1,2503.815553,4
4,bimodal,Task B ,1,3,1,-3.568334479,3,1,63.51998143,2,2887.849166,3
4,bimodal,Task B ,1,2,1,-4.758186532,3,1,202.1007901,3,2587.835666,3
4,bimodal,Task B ,1,1,1,-4.861143465,1,1,160.5003986,4,2739.051298,1
4,bimodal,Task B ,1,3,0,0.12621978,2,2,137.4373606,5,3390.510423,2
4,bimodal,Task B ,1,2,1,-0.573491719,2,1,294.2149429,6,2778.437278,2
5,bimodal,Task B ,2,4,1,-10.98408881,3,2,40.88717355,1,2221.191222,3
5,bimodal,Task B ,1,4,1,0.011456714,3,1,275.9070205,2,2677.535103,3
5,bimodal,Task B ,1,4,1,-1.013400224,2,1,214.9105045,3,2707.010492,2
5,bimodal,Task B ,1,4,1,-1.168274577,1,1,213.2896052,4,2787.135718,1
5,bimodal,Task B ,1,3,1,6.431049682,1,1,49.83932622,5,2703.52689,1
5,bimodal,Task B ,1,4,1,-4.421150707,2,1,40.02134989,6,2691.769621,2
6,bimodal,Task B ,1,2,0,6.261820741,3,2,336.6639655,1,3022.015331,3
6,bimodal,Task B ,1,2,1,3.70506294,2,1,4.784879,2,2635.705924,2
6,bimodal,Task B ,1,2,1,1.813245067,4,1,175.442632,3,2667.326834,4
6,bimodal,Task B ,1,2,1,-2.153925875,4,1,307.7060163,4,2600.888284,4
6,bimodal,Task B ,1,1,0,8.277848997,2,2,274.0600134,5,1910.704162,2
6,bimodal,Task B ,1,1,1,-4.138881236,3,1,24.06465768,6,3050.510552,3
7,bimodal,Task B ,2,4,1,-25.60330138,2,2,24.26441266,1,2973.300536,2
7,bimodal,Task B ,1,4,1,-1.060357788,3,1,105.7890384,2,2836.002333,3
7,bimodal,Task B ,2,4,0,-5.033231072,4,1,287.2811343,3,2677.668321,4
7,bimodal,Task B ,1,1,1,-2.176276493,3,1,268.8595615,4,2679.498437,3
7,bimodal,Task B ,1,1,0,17.75832387,1,2,295.0219024,5,3126.49931,1
7,bimodal,Task B ,1,4,0,12.18484737,2,2,32.51406292,6,2673.838301,2
8,bimodal,Task B ,1,4,1,-2.364634215,3,1,154.3581323,1,2910.21678,3
8,bimodal,Task B ,1,4,1,1.39526022,4,1,17.77496898,2,2599.404464,4
8,bimodal,Task B ,1,4,1,-0.550303357,2,1,182.5219588,3,2708.875533,2
8,bimodal,Task B ,1,4,1,2.772291198,4,1,81.2235397,4,2873.448221,4
8,bimodal,Task B ,2,4,1,4.741569234,3,2,124.0658814,5,1902.028427,3
8,bimodal,Task B ,2,4,1,15.43548285,1,2,326.3168184,6,2697.289947,1
9,bimodal,Task B ,1,2,0,8.642518174,4,2,90.39515669,1,3065.518637,4
9,bimodal,Task B ,1,2,1,1.756695547,4,1,73.79775553,2,2661.05954,4
9,bimodal,Task B ,2,2,1,-13.15205866,1,2,7.703965585,3,2857.607377,1
9,bimodal,Task B ,1,2,0,-10.42566043,2,2,299.6728539,4,2990.564944,2
9,bimodal,Task B ,1,4,0,0.631036562,1,2,301.8335229,5,3412.662961,1
9,bimodal,Task B ,1,2,1,-0.719940939,3,1,47.95732347,6,2953.11162,3
10,bimodal,Task B ,2,1,1,-11.61540533,3,2,199.2305594,1,1987.309836,3
10,bimodal,Task B ,2,1,1,-12.24973477,1,2,130.7818936,2,2381.336882,1
10,bimodal,Task B ,1,2,0,8.470445389,2,2,349.5392529,3,2390.469791,2
10,bimodal,Task B ,1,1,1,-5.236208724,4,1,161.375504,4,2767.175667,4
10,bimodal,Task B ,2,2,1,-28.25626282,4,2,336.6461344,5,3124.462879,4
10,bimodal,Task B ,2,2,0,-1.840312961,3,1,250.8059281,6,2640.668314,3
1,bimodal,Task B ,1,2,0,5.264003341,3,2,198.0558905,1,2438.82354,3
1,bimodal,Task B ,1,3,1,0.359929692,1,1,54.14750114,2,2852.545815,1
1,bimodal,Task B ,2,2,1,-3.488121366,3,2,264.3977168,3,3170.35031,3
1,bimodal,Task B ,2,2,0,1.282722112,4,1,10.31004798,4,2344.233221,4
1,bimodal,Task B ,1,3,0,2.553495974,4,2,278.729137,5,2306.296385,4
1,bimodal,Task B ,2,2,1,-4.870631661,4,2,260.6928086,6,3625.042366,4
2,bimodal,Task B ,2,4,1,-7.379265862,4,2,243.2930369,1,2462.575134,4
2,bimodal,Task B ,1,2,1,-0.060943151,2,1,131.5601295,2,2527.48385,2
2,bimodal,Task B ,1,2,1,-7.079348898,1,1,294.7927572,3,2648.404488,1
2,bimodal,Task B ,2,2,1,-4.922560506,1,2,332.5675722,4,3135.422865,1
2,bimodal,Task B ,2,3,1,-12.15762034,4,2,213.5375312,5,3107.870003,4
2,bimodal,Task B ,1,2,0,-3.70270283,3,2,216.8126242,6,2653.719397,3
3,bimodal,Task B ,2,4,1,-3.106565671,4,2,37.10489709,1,2129.241122,4
3,bimodal,Task B ,1,4,1,-2.028759662,4,1,184.2730067,2,2714.375427,4
3,bimodal,Task B ,2,4,1,-10.61085145,4,2,30.8536939,3,2386.448389,4
3,bimodal,Task B ,2,4,1,7.697600129,3,2,136.6257721,4,1746.682318,3
3,bimodal,Task B ,1,3,1,-1.327787937,3,1,311.7534139,5,2793.8453,3
3,bimodal,Task B ,2,4,1,-8.742329885,4,2,261.5655943,6,1762.837851,4
4,bimodal,Task B ,1,1,1,3.750830423,4,1,334.0084571,1,2862.375724,4
4,bimodal,Task B ,2,3,1,-9.921210455,2,2,213.3536955,2,3073.95426,2
4,bimodal,Task B ,1,2,0,7.484003489,4,2,358.2566853,3,2470.731154,4
4,bimodal,Task B ,1,4,1,-4.137359113,4,1,156.5579042,4,2884.22665,4
4,bimodal,Task B ,1,1,1,-3.948114116,2,1,251.7478244,5,2792.746918,2
4,bimodal,Task B ,1,1,1,-1.166645619,1,1,243.3978468,6,2549.530883,1
5,bimodal,Task B ,1,3,1,3.727519535,4,1,279.0158046,1,2685.591061,4
5,bimodal,Task B ,1,3,0,0.434977867,1,2,110.0155204,2,2982.773899,1
5,bimodal,Task B ,1,4,0,-2.309872723,2,2,201.8121552,3,3603.101712,2
5,bimodal,Task B ,1,3,0,7.846844494,2,2,219.5834953,4,2325.891292,2
5,bimodal,Task B ,2,4,1,6.908392019,4,2,182.4508275,5,3239.226459,4
5,bimodal,Task B ,2,4,1,-21.98393675,3,2,96.36270357,6,2340.834605,3
6,bimodal,Task B ,1,3,1,-3.936097487,2,1,220.6686169,1,2600.56616,2
6,bimodal,Task B ,1,2,1,-2.999071277,2,1,271.7023881,2,2728.659573,2
6,bimodal,Task B ,2,2,1,6.285679937,4,2,218.6188244,3,2409.29482,4
6,bimodal,Task B ,1,2,0,4.516941999,2,2,232.5762378,4,2466.067208,2
6,bimodal,Task B ,1,2,0,10.03318817,1,2,311.1516408,5,2992.609086,1
6,bimodal,Task B ,1,1,1,5.856153258,4,1,24.05170305,6,2658.674316,4
7,bimodal,Task B ,2,2,1,-7.540195374,2,2,122.6693659,1,3360.695635,2
7,bimodal,Task B ,1,1,1,-1.35821843,3,1,199.6786926,2,2579.640746,3
7,bimodal,Task B ,1,1,0,7.775899255,3,2,188.3128309,3,2544.498556,3
7,bimodal,Task B ,1,1,1,4.584844326,3,1,297.4089313,4,2590.962678,3
7,bimodal,Task B ,1,1,1,4.057113661,2,1,84.70400972,5,2757.3871,2
7,bimodal,Task B ,1,1,1,1.799541999,2,1,259.9630913,6,2772.09206,2
8,bimodal,Task B ,2,2,1,-11.30495909,1,2,140.2958493,1,2339.146652,1
8,bimodal,Task B ,1,4,0,-0.093823348,2,2,139.1515808,2,2035.196977,2
8,bimodal,Task B ,1,4,1,-1.789850389,3,1,104.800119,3,2593.576846,3
8,bimodal,Task B ,1,4,1,4.83589364,2,1,86.0037568,4,2891.032498,2
8,bimodal,Task B ,2,4,1,10.61959072,3,2,357.6909942,5,1721.573772,3
8,bimodal,Task B ,2,4,1,-8.18801283,3,2,303.1316109,6,2209.592347,3
9,bimodal,Task B ,2,1,1,2.220986488,2,2,79.34540333,1,2781.37857,2
9,bimodal,Task B ,2,1,0,3.556509352,2,1,114.6411839,2,2825.221272,2
9,bimodal,Task B ,1,2,1,3.387029063,2,1,156.439837,3,2708.901553,2
9,bimodal,Task B ,2,2,1,-0.112092401,2,2,91.94459728,4,3128.238833,2
9,bimodal,Task B ,2,4,1,-16.73460015,3,2,125.8858094,5,3362.940581,3
9,bimodal,Task B ,1,3,1,-1.720551545,4,1,347.7619309,6,2719.352219,4
10,bimodal,Task B ,1,1,0,-20.26202261,2,2,359.6912864,1,2489.146914,2
10,bimodal,Task B ,1,2,1,-2.10455646,2,1,74.82540854,2,2698.300375,2
10,bimodal,Task B ,2,1,1,-20.44832,1,2,344.8475046,3,1989.098307,1
10,bimodal,Task B ,1,1,1,-7.151954816,1,1,195.1157033,4,2768.571358,1
10,bimodal,Task B ,1,1,1,4.495990667,2,1,1.677164453,5,2512.255178,2
10,bimodal,Task B ,1,1,1,0.325647137,2,1,181.2152246,6,2833.766295,2
1,bimodal,Task B ,2,2,1,6.088781892,3,2,55.75324711,1,2506.569334,3
1,bimodal,Task B ,1,2,0,4.629054614,3,2,224.8765687,2,2563.452911,3
1,bimodal,Task B ,1,3,1,3.674067505,2,1,188.9574147,3,2566.029584,2
1,bimodal,Task B ,2,1,1,16.07311894,1,2,212.912307,4,3141.189269,1
1,bimodal,Task B ,1,3,1,-2.739780233,3,1,252.9942113,5,2739.877501,3
1,bimodal,Task B ,1,3,1,3.06766667,2,1,69.53379675,6,2669.928184,2
2,bimodal,Task B ,1,1,0,-6.150670047,1,2,126.9855672,1,1940.953023,1
2,bimodal,Task B ,2,2,1,11.46736647,2,2,138.0103261,2,2229.133136,2
2,bimodal,Task B ,1,2,0,9.246675342,3,2,108.881317,3,3390.272725,3
2,bimodal,Task B ,1,2,1,-0.382987032,4,1,165.8754249,4,2565.748297,4
2,bimodal,Task B ,1,2,0,1.835918937,2,2,35.26276928,5,2993.09531,2
2,bimodal,Task B ,1,2,0,-11.18099908,1,2,225.431503,6,2507.506298,1
3,bimodal,Task B ,2,3,0,1.100773708,2,1,105.2021522,1,2661.302079,2
3,bimodal,Task B ,1,4,1,1.229002925,3,1,2.798933015,2,2783.347266,3
3,bimodal,Task B ,1,4,0,-8.402362857,1,2,357.6291548,3,2685.266099,1
3,bimodal,Task B ,2,3,1,-16.26245199,4,2,203.1851477,4,3020.095623,4
3,bimodal,Task B ,1,3,1,1.662577157,2,1,233.7217697,5,3126.449973,2
3,bimodal,Task B ,1,3,0,0.581382132,4,2,261.1561946,6,2851.252998,4
4,bimodal,Task B ,2,4,1,-32.85667767,4,2,218.2963459,1,2270.326775,4
4,bimodal,Task B ,1,2,0,1.679135966,1,2,198.4359215,2,1365.14018,1
4,bimodal,Task B ,1,2,0,7.265284247,2,2,72.88502692,3,3113.21658,2
4,bimodal,Task B ,1,2,0,3.73610999,2,2,5.094059998,4,2414.934272,2
4,bimodal,Task B ,1,2,1,4.091112361,3,1,20.68466944,5,2718.732134,3
4,bimodal,Task B ,2,2,0,-1.340052503,2,1,158.1837676,6,2717.603661,2
5,bimodal,Task B ,1,2,0,7.166750854,1,2,146.4449161,1,2108.64795,1
5,bimodal,Task B ,1,4,1,-2.4747461,1,1,31.30350452,2,2607.487207,1
5,bimodal,Task B ,1,4,1,1.338774191,1,1,19.57431188,3,2722.271403,1
5,bimodal,Task B ,1,2,0,5.619332525,3,2,91.66912996,4,2525.709209,3
5,bimodal,Task B ,2,4,1,-6.602615706,2,2,16.49314267,5,3215.087122,2
5,bimodal,Task B ,1,4,1,-0.676082502,3,1,138.9081168,6,2623.318912,3
6,bimodal,Task B ,2,2,1,-19.54797653,4,2,301.5691203,1,2517.474969,4
6,bimodal,Task B ,1,2,1,-0.083781521,2,1,194.3402679,2,2674.916304,2
6,bimodal,Task B ,1,1,0,4.45412143,3,2,104.3725853,3,2973.902248,3
6,bimodal,Task B ,1,2,1,1.616408427,3,1,264.3278349,4,2740.800627,3
6,bimodal,Task B ,1,2,1,0.084087388,4,1,215.2375451,5,2713.876831,4
6,bimodal,Task B ,1,1,1,-0.28529534,4,1,336.3226443,6,2694.269697,4
7,bimodal,Task B ,1,4,1,0.945463473,2,1,320.5645114,1,2775.001486,2
7,bimodal,Task B ,2,4,1,19.92963582,4,2,288.917921,2,2501.341296,4
7,bimodal,Task B ,1,1,1,0.714524484,1,1,155.4051212,3,2668.529922,1
7,bimodal,Task B ,1,4,0,10.18928466,1,2,127.0188028,4,2534.876864,1
7,bimodal,Task B ,1,4,0,-1.98716705,2,2,14.47904581,5,2027.362556,2
7,bimodal,Task B ,1,4,1,1.130415547,2,1,243.4581197,6,2765.643416,2
8,bimodal,Task B ,2,4,1,-21.23427314,1,2,27.98611525,1,3222.532231,1
8,bimodal,Task B ,2,4,1,5.541025157,4,2,218.6803788,2,3113.731899,4
8,bimodal,Task B ,1,4,1,4.537495966,3,1,334.7701967,3,2487.251975,3
8,bimodal,Task B ,1,4,0,-9.219144053,1,2,143.6487027,4,2195.579006,1
8,bimodal,Task B ,1,4,1,-6.349892891,2,1,279.8184835,5,2682.07824,2
8,bimodal,Task B ,1,4,1,-0.08132274,1,1,146.6325149,6,2686.879619,1
9,bimodal,Task B ,2,3,1,11.14274414,1,2,210.5223085,1,2102.795095,1
9,bimodal,Task B ,1,2,0,20.73262133,4,2,178.5934463,2,2567.047515,4
9,bimodal,Task B ,1,2,1,2.186062993,3,1,224.980821,3,2805.421739,3
9,bimodal,Task B ,1,2,1,2.573982756,3,1,58.26933337,4,2687.240625,3
9,bimodal,Task B ,1,2,0,-1.43361354,3,2,73.50978528,5,3168.621411,3
9,bimodal,Task B ,2,4,1,16.75268478,1,2,350.8430348,6,2501.102709,1
10,bimodal,Task B ,1,1,1,3.264690728,3,1,120.7982063,1,2685.586443,3
10,bimodal,Task B ,1,2,1,1.372784053,1,1,171.0565282,2,2822.939143,1
10,bimodal,Task B ,2,1,0,-4.837750227,3,1,198.6542793,3,2958.235357,3
10,bimodal,Task B ,1,1,0,6.502279976,4,2,20.12944856,4,2660.366173,4
10,bimodal,Task B ,1,2,1,1.899018401,3,1,82.05155615,5,2882.480594,3
10,bimodal,Task B ,1,2,1,3.48864495,4,1,101.6776535,6,2749.967563,4
1,bimodal,Task B ,2,2,1,-0.024551614,2,2,16.80142008,1,3110.556088,2
1,bimodal,Task B ,1,2,0,3.194522963,3,2,257.9141984,2,2497.973017,3
1,bimodal,Task B ,2,1,1,6.058213387,1,2,111.3674072,3,2915.094827,1
1,bimodal,Task B ,2,4,1,10.73459789,2,2,14.6776359,4,1285.378344,2
1,bimodal,Task B ,1,3,0,0.357154588,3,2,357.2089604,5,2709.67478,3
1,bimodal,Task B ,2,2,0,-5.195880711,4,1,119.0273437,6,2625.614919,4
2,bimodal,Task B ,1,2,1,4.736476671,2,1,106.9421833,1,2586.598626,2
2,bimodal,Task B ,2,3,1,-7.662795396,4,2,67.29534949,2,3270.328986,4
2,bimodal,Task B ,1,2,1,3.195363391,1,1,130.6742554,3,2804.25328,1
2,bimodal,Task B ,2,2,1,0.753491888,2,2,255.1087562,4,2640.108619,2
2,bimodal,Task B ,1,3,1,-0.917521643,3,1,229.3647768,5,2828.976739,3
2,bimodal,Task B ,1,1,0,2.637794391,3,2,292.4456512,6,2735.582304,3
3,bimodal,Task B ,1,2,0,4.144503435,3,2,353.9754361,1,2894.675904,3
3,bimodal,Task B ,1,4,1,-0.766415092,2,1,14.03013594,2,2755.170044,2
3,bimodal,Task B ,1,2,1,2.672675768,2,1,355.9731101,3,2692.291488,2
3,bimodal,Task B ,1,3,1,1.861688193,4,1,266.2228536,4,2664.711017,4
3,bimodal,Task B ,2,3,0,-3.556130394,2,1,148.0630115,5,2552.382088,2
3,bimodal,Task B ,1,2,0,5.829466763,3,2,98.58957095,6,2803.918801,3
4,bimodal,Task B ,1,3,0,3.038744786,1,2,18.028908,1,2690.143816,1
4,bimodal,Task B ,1,2,0,7.126702633,2,2,182.5418019,2,2351.495591,2
4,bimodal,Task B ,1,2,1,-1.092632093,2,1,260.4145437,3,2880.966512,2
4,bimodal,Task B ,1,1,0,-10.36862784,2,2,169.465838,4,3802.700908,2
4,bimodal,Task B ,2,4,1,-26.44892266,4,2,243.8296172,5,2158.318384,4
4,bimodal,Task B ,2,4,1,-16.84554633,3,2,312.6200761,6,1717.351837,3
5,bimodal,Task B ,1,3,0,-0.849943405,4,2,283.1438888,1,2955.269589,4
5,bimodal,Task B ,1,2,1,-1.822672343,3,1,307.7426622,2,2714.649194,3
5,bimodal,Task B ,1,4,0,0.18196817,1,2,170.7963945,3,2834.441004,1
5,bimodal,Task B ,1,4,1,2.427790985,3,1,236.4642394,4,2632.882074,3
5,bimodal,Task B ,1,4,1,-1.631572009,3,1,346.2732147,5,2833.060672,3
5,bimodal,Task B ,1,4,1,-3.367568784,4,1,32.14352714,6,2672.418729,4
6,bimodal,Task B ,2,2,0,0.411470716,3,1,231.2345533,1,2842.31637,3
6,bimodal,Task B ,2,2,1,-10.25681541,3,2,90.15180166,2,2420.506746,3
6,bimodal,Task B ,1,2,0,-1.434241113,1,2,26.04177273,3,2347.984608,1
6,bimodal,Task B ,2,2,1,18.32582568,1,2,129.2521306,4,2052.272239,1
6,bimodal,Task B ,2,1,1,-10.56675623,1,2,319.8670688,5,2351.765514,1
6,bimodal,Task B ,1,2,1,3.54517519,1,1,175.3762041,6,2777.196245,1
7,bimodal,Task B ,2,1,1,-16.64837658,1,2,6.815213382,1,1548.440262,1
7,bimodal,Task B ,1,4,1,-4.571429341,3,1,329.6210357,2,2744.998215,3
7,bimodal,Task B ,1,4,0,-12.3941855,1,2,109.3237913,3,2602.438715,1
7,bimodal,Task B ,1,1,1,1.088679833,1,1,177.260449,4,2670.698699,1
7,bimodal,Task B ,1,1,0,-3.317513859,2,2,7.764148584,5,2778.287376,2
7,bimodal,Task B ,1,1,0,17.54503984,1,2,130.8750196,6,2890.318691,1
8,bimodal,Task B ,2,4,1,-13.11776825,3,2,233.9535604,1,2829.201489,3
8,bimodal,Task B ,2,4,0,4.034443117,1,1,191.1443588,2,2662.32201,1
8,bimodal,Task B ,1,4,0,-4.720203136,4,2,221.4297803,3,2891.954827,4
8,bimodal,Task B ,1,4,1,-4.178790314,3,1,9.375811056,4,2658.965174,3
8,bimodal,Task B ,2,4,1,6.886196299,4,2,309.7038848,5,3047.86719,4
8,bimodal,Task B ,1,4,1,-1.593520681,2,1,113.83561,6,2721.695402,2
9,bimodal,Task B ,1,1,1,-3.575163152,1,1,253.8239897,1,2745.967203,1
9,bimodal,Task B ,2,1,1,-0.951675556,4,2,71.63854081,2,2811.768384,4
9,bimodal,Task B ,1,1,0,-13.90352708,3,2,229.2278814,3,2853.585064,3
9,bimodal,Task B ,2,1,0,-1.361843472,1,1,139.7368538,4,2717.159457,1
9,bimodal,Task B ,1,1,1,0.013593287,2,1,46.56261925,5,2687.681752,2
9,bimodal,Task B ,2,2,1,17.37276183,1,2,11.88577421,6,2250.439238,1
10,bimodal,Task B ,1,1,0,11.02158542,2,2,194.8686088,1,3137.899183,2
10,bimodal,Task B ,1,1,1,-3.482102096,3,1,305.7250488,2,2814.536987,3
10,bimodal,Task B ,1,2,1,2.030018316,4,1,207.6093604,3,2695.834814,4
10,bimodal,Task B ,1,2,1,-1.51113796,3,1,264.3230917,4,2646.030707,3
10,bimodal,Task B ,1,2,1,2.355510597,1,1,234.507243,5,2611.502217,1
10,bimodal,Task B ,2,2,1,39.26579163,4,2,224.4806965,6,3566.51173,4
1,bimodal,Task B ,2,4,1,4.536795532,3,2,50.49346127,1,2252.760891,3
1,bimodal,Task B ,1,2,0,1.050559788,2,2,286.4949459,2,2544.787485,2
1,bimodal,Task B ,2,2,1,-2.64772776,4,2,43.20769172,3,3449.802748,4
1,bimodal,Task B ,1,3,1,0.131942006,4,1,349.5825245,4,2757.174519,4
1,bimodal,Task B ,2,3,1,6.393075502,1,2,84.92091935,5,1792.203752,1
1,bimodal,Task B ,1,2,0,9.86860021,3,2,66.97693615,6,2366.150838,3
2,bimodal,Task B ,2,4,1,14.78689415,4,2,97.97075665,1,2314.725728,4
2,bimodal,Task B ,1,2,1,2.206135784,1,1,175.1252785,2,2703.905723,1
2,bimodal,Task B ,1,2,1,7.448686102,4,1,151.427553,3,2645.707279,4
2,bimodal,Task B ,1,2,1,2.706385289,4,1,98.53489883,4,2877.726751,4
2,bimodal,Task B ,2,3,1,-16.75214488,3,2,218.509315,5,2696.847406,3
2,bimodal,Task B ,1,2,1,0.64682749,4,1,313.0017767,6,2761.569132,4
3,bimodal,Task B ,1,2,1,0.608840811,1,1,19.32294268,1,2786.822062,1
3,bimodal,Task B ,2,3,1,-12.90812231,2,2,245.0479895,2,2899.595454,2
3,bimodal,Task B ,1,3,1,3.499721007,2,1,137.5678574,3,2605.846354,2
3,bimodal,Task B ,1,3,1,0.286975062,1,1,341.9809127,4,2705.361298,1
3,bimodal,Task B ,2,3,1,-9.929296438,4,2,42.94303305,5,2516.664466,4
3,bimodal,Task B ,2,3,1,-9.735614185,3,2,62.96047673,6,2903.950131,3
4,bimodal,Task B ,2,2,1,6.768650529,2,2,206.1881491,1,2794.264301,2
4,bimodal,Task B ,1,4,0,-0.248365002,4,2,292.4055778,2,2783.579039,4
4,bimodal,Task B ,2,2,0,-3.484137221,4,1,105.8558732,3,2735.313331,4
4,bimodal,Task B ,1,3,0,0.489149602,4,2,301.8275551,4,2983.884126,4
4,bimodal,Task B ,2,3,1,-9.013592347,1,2,297.3453861,5,2342.937361,1
4,bimodal,Task B ,1,1,0,10.42856472,1,2,263.0105378,6,3226.872394,1
5,bimodal,Task B ,1,3,0,1.290140132,2,2,139.6003755,1,2203.045313,2
5,bimodal,Task B ,2,4,1,-18.01706675,4,2,184.6874414,2,3297.1631,4
5,bimodal,Task B ,1,3,1,2.121737209,4,1,276.04123,3,2498.338463,4
5,bimodal,Task B ,1,4,1,2.882894486,1,1,310.1467237,4,2620.344605,1
5,bimodal,Task B ,2,4,0,-8.846141775,1,1,183.3927547,5,2695.000533,1
5,bimodal,Task B ,1,2,1,-3.182042387,2,1,44.75142643,6,2616.944763,2
6,bimodal,Task B ,1,3,1,1.749783119,3,1,59.50485456,1,2822.455297,3
6,bimodal,Task B ,1,2,1,-5.35978484,3,1,3.92723264,2,2943.219475,3
6,bimodal,Task B ,2,2,1,-11.46298793,2,2,24.16784447,3,3634.465208,2
6,bimodal,Task B ,1,2,1,-0.272462063,1,1,102.2141705,4,2650.489771,1
6,bimodal,Task B ,1,1,1,-5.882567721,2,1,39.59319791,5,2691.936401,2
6,bimodal,Task B ,1,2,0,0.524394992,4,2,229.6094758,6,3679.530803,4
7,bimodal,Task B ,2,2,0,-1.693589354,1,1,99.44893099,1,2726.991395,1
7,bimodal,Task B ,2,4,1,19.23846783,3,2,177.6920329,2,2884.749401,3
7,bimodal,Task B ,1,1,1,3.139005704,4,1,212.3058408,3,2660.288853,4
7,bimodal,Task B ,1,1,1,1.678991332,1,1,285.5682395,4,2702.530574,1
7,bimodal,Task B ,2,4,1,-24.22981788,3,2,291.8416314,5,2960.372661,3
7,bimodal,Task B ,1,1,1,-0.085066444,1,1,306.1038013,6,2642.187752,1
8,bimodal,Task B ,1,3,0,-0.200186926,3,2,236.5651468,1,3379.415857,3
8,bimodal,Task B ,1,4,1,-1.388250768,4,1,201.7900834,2,2602.202007,4
8,bimodal,Task B ,2,4,1,-28.54868529,3,2,351.7171567,3,2626.58286,3
8,bimodal,Task B ,1,4,1,-5.407306904,2,1,298.6658601,4,2558.135995,2
8,bimodal,Task B ,1,4,1,-1.292517493,1,1,36.36638663,5,2837.350779,1
8,bimodal,Task B ,2,4,0,-2.789146241,4,1,243.5815445,6,2928.082531,4
9,bimodal,Task B ,1,4,1,-1.743094778,4,1,350.7045014,1,2513.415466,4
9,bimodal,Task B ,1,1,0,-7.820952835,1,2,119.0887718,2,2910.204008,1
9,bimodal,Task B ,2,1,1,17.57562118,1,2,122.5595683,3,2477.981219,1
9,bimodal,Task B ,2,2,1,-1.229849303,2,2,312.7077879,4,1378.601161,2
9,bimodal,Task B ,1,2,1,3.051884538,3,1,58.13626386,5,2764.312535,3
9,bimodal,Task B ,2,2,0,-4.574756591,1,1,290.8812738,6,2612.463787,1
10,bimodal,Task B ,1,1,1,-3.469095744,4,1,155.3293441,1,2532.619167,4
10,bimodal,Task B ,2,2,1,-11.83272963,2,2,325.9719528,2,3150.453541,2
10,bimodal,Task B ,2,1,1,20.42824352,2,2,251.9461381,3,2221.365635,2
10,bimodal,Task B ,1,1,0,-1.552855015,1,2,282.9062814,4,2461.519476,1
10,bimodal,Task B ,1,1,1,-0.904932441,2,1,237.6922011,5,2827.086316,2
10,bimodal,Task B ,2,1,1,12.69463495,2,2,253.9293303,6,2921.971363,2
1,bimodal,Task B ,2,4,1,-26.05248017,2,2,266.8302702,1,2547.624295,2
1,bimodal,Task B ,1,3,1,4.690171592,4,1,348.1037614,2,2655.670403,4
1,bimodal,Task B ,1,3,1,2.719522382,4,1,56.58450846,3,2917.567257,4
1,bimodal,Task B ,2,1,0,1.756804391,1,1,352.2605643,4,2743.103721,1
1,bimodal,Task B ,1,3,0,2.725407369,2,2,11.87741084,5,2614.267126,2
1,bimodal,Task B ,2,1,0,-2.489592572,1,1,59.92777986,6,2606.157582,1
2,bimodal,Task B ,1,2,1,-2.733659207,3,1,188.0956331,1,2617.179331,3
2,bimodal,Task B ,2,3,1,1.166322971,1,2,47.84054179,2,3586.371921,1
2,bimodal,Task B ,2,4,1,-14.72232401,4,2,311.9126101,3,2381.705738,4
2,bimodal,Task B ,2,3,0,-7.637493914,3,1,141.5349456,4,2714.264887,3
2,bimodal,Task B ,1,2,0,12.97205073,2,2,70.51972404,5,2894.544004,2
2,bimodal,Task B ,1,3,1,-1.366573151,4,1,93.65041415,6,2329.038289,4
3,bimodal,Task B ,2,4,1,-2.692303669,4,2,103.0618889,1,2148.957841,4
3,bimodal,Task B ,2,2,1,-8.174076959,2,2,264.9976419,2,2729.359378,2
3,bimodal,Task B ,2,1,1,14.68242525,4,2,60.80855953,3,2468.415795,4
3,bimodal,Task B ,1,4,1,-1.827128409,4,1,142.8779225,4,2872.132473,4
3,bimodal,Task B ,1,2,1,-0.899263403,1,1,136.4563868,5,2671.283609,1
3,bimodal,Task B ,2,3,1,-3.151333113,3,2,138.8055744,6,3305.038938,3
4,bimodal,Task B ,1,3,1,1.049979377,2,1,331.679397,1,2739.548191,2
4,bimodal,Task B ,1,3,0,-4.288020425,3,2,57.87085774,2,2371.401793,3
4,bimodal,Task B ,1,2,0,-8.498457215,4,2,265.4563713,3,2689.224163,4
4,bimodal,Task B ,1,3,1,-0.011758304,2,1,44.31259234,4,2686.514718,2
4,bimodal,Task B ,2,3,1,3.704335981,4,2,352.9593447,5,3169.259598,4
4,bimodal,Task B ,2,1,1,12.90259793,1,2,153.0731408,6,1488.103297,1
5,bimodal,Task B ,1,4,0,2.096587016,1,2,331.624313,1,3838.535766,1
5,bimodal,Task B ,1,4,1,-3.145982093,2,1,76.24021434,2,2916.667846,2
5,bimodal,Task B ,1,4,1,0.599406521,4,1,220.6453691,3,2791.688492,4
5,bimodal,Task B ,1,3,1,-3.728959296,4,1,213.2264735,4,2767.234729,4
5,bimodal,Task B ,1,2,0,0.025416664,2,2,328.9938007,5,2807.701488,2
5,bimodal,Task B ,1,2,0,-3.689113592,4,2,66.17117406,6,2758.453362,4
6,bimodal,Task B ,2,2,1,13.76840341,4,2,30.87751727,1,3200.45787,4
6,bimodal,Task B ,1,2,1,6.22201974,1,1,339.2094862,2,2711.074753,1
6,bimodal,Task B ,1,2,0,-6.322600657,2,2,191.8949178,3,3113.736497,2
6,bimodal,Task B ,1,1,0,1.928208055,3,2,15.4358944,4,1840.105643,3
6,bimodal,Task B ,2,2,1,4.752917366,4,2,146.0780996,5,3096.931044,4
6,bimodal,Task B ,1,2,1,0.535096089,2,1,125.2800222,6,2697.161077,2
7,bimodal,Task B ,1,4,1,0.381752059,2,1,229.4348982,1,2464.214829,2
7,bimodal,Task B ,2,4,1,34.80748471,4,2,3.158430919,2,3166.767837,4
7,bimodal,Task B ,1,1,1,1.491350252,3,1,330.4230528,3,2720.998809,3
7,bimodal,Task B ,2,4,1,-15.91338461,3,2,252.3000266,4,2676.810875,3
7,bimodal,Task B ,1,4,1,2.923028799,2,1,274.9773474,5,2769.165671,2
7,bimodal,Task B ,1,4,1,-1.17041568,3,1,201.6659866,6,2822.064044,3
8,bimodal,Task B ,1,4,1,-7.522740542,2,1,113.9686319,1,2618.08514,2
8,bimodal,Task B ,1,4,1,2.596761429,2,1,269.6966361,2,2747.725256,2
8,bimodal,Task B ,1,4,0,9.909303518,2,2,142.1536349,3,2317.193113,2
8,bimodal,Task B ,2,4,1,11.71147607,3,2,137.6382725,4,2620.909386,3
8,bimodal,Task B ,1,4,1,0.683489718,4,1,24.45657644,5,2952.99276,4
8,bimodal,Task B ,2,4,1,20.35021355,3,2,141.1778253,6,3092.027375,3
9,bimodal,Task B ,1,2,0,-3.021550986,3,2,83.82323038,1,2634.144989,3
9,bimodal,Task B ,1,1,0,-13.51514347,4,2,140.7315877,2,3088.795435,4
9,bimodal,Task B ,1,1,1,0.804197382,1,1,26.75662431,3,2614.809509,1
9,bimodal,Task B ,2,2,0,4.62899434,4,1,322.9754058,4,2670.619149,4
9,bimodal,Task B ,2,3,0,-6.747625448,2,1,266.3679131,5,2700.305003,2
9,bimodal,Task B ,1,2,1,-2.053636244,2,1,313.9223624,6,2669.091414,2
10,bimodal,Task B ,1,2,1,1.164450094,4,1,91.20893636,1,2701.460044,4
10,bimodal,Task B ,1,2,1,-2.98140643,2,1,71.814904,2,2755.79251,2
10,bimodal,Task B ,2,1,1,5.536489833,4,2,48.20024975,3,3900.634418,4
10,bimodal,Task B ,1,1,0,10.33232296,2,2,94.03911036,4,1910.813259,2
10,bimodal,Task B ,1,1,0,8.300513903,3,2,271.3179138,5,3064.15327,3
10,bimodal,Task B ,1,2,0,4.97098962,2,2,105.3108006,6,2861.693942,2
1,bimodal,Task B ,1,3,0,9.44215082,1,2,180.4051802,1,2748.816154,1
1,bimodal,Task B ,1,1,0,-3.335434094,1,2,43.5988767,2,3522.043673,1
1,bimodal,Task B ,2,1,0,-1.642218766,1,1,77.32243102,3,2703.494145,1
1,bimodal,Task B ,2,1,1,7.667064123,1,2,163.6320061,4,1799.795608,1
1,bimodal,Task B ,1,3,1,0.878105587,1,1,129.2839607,5,2744.488261,1
1,bimodal,Task B ,1,2,1,-3.508820151,2,1,312.3028601,6,2791.055111,2
2,bimodal,Task B ,1,3,0,-3.616938834,2,2,277.8911842,1,2767.493553,2
2,bimodal,Task B ,2,3,1,15.37441464,2,2,223.2083268,2,3543.715955,2
2,bimodal,Task B ,2,2,0,1.77018843,3,1,132.9551759,3,2524.099257,3
2,bimodal,Task B ,2,3,1,-16.95626102,2,2,19.78550437,4,2118.004517,2
2,bimodal,Task B ,1,3,1,-3.780174114,4,1,279.7781264,5,2759.94377,4
2,bimodal,Task B ,1,2,1,-1.768837546,2,1,36.95490652,6,2684.294981,2
3,bimodal,Task B ,2,1,1,-12.53793444,3,2,117.2255108,1,2790.949416,3
3,bimodal,Task B ,2,4,1,20.59215825,1,2,355.883017,2,3239.624213,1
3,bimodal,Task B ,2,1,1,-9.167148868,2,2,200.2816643,3,2383.868832,2
3,bimodal,Task B ,1,4,1,0.552887834,2,1,295.5049797,4,2701.567909,2
3,bimodal,Task B ,2,3,1,-12.77920121,2,2,158.0317034,5,2461.995985,2
3,bimodal,Task B ,1,3,1,0.995967969,4,1,118.5352953,6,2690.132265,4
4,bimodal,Task B ,2,4,1,26.82183164,4,2,106.5390541,1,2545.792108,4
4,bimodal,Task B ,1,2,0,-10.44696422,4,2,207.5698523,2,3866.319218,4
4,bimodal,Task B ,2,4,1,-11.3745652,4,2,17.06846774,3,3324.244659,4
4,bimodal,Task B ,1,1,1,-0.490239752,4,1,93.81914504,4,2404.636709,4
4,bimodal,Task B ,1,3,1,-0.543416653,4,1,7.621327481,5,2627.737482,4
4,bimodal,Task B ,1,1,0,-3.060507573,1,2,23.0152901,6,2955.381488,1
5,bimodal,Task B ,2,4,1,-11.97754323,3,2,29.34078009,1,3097.896676,3
5,bimodal,Task B ,1,3,0,7.352259868,1,2,128.6752244,2,3719.957679,1
5,bimodal,Task B ,1,4,0,3.511975318,2,2,90.35942581,3,2326.02177,2
5,bimodal,Task B ,1,4,1,1.886563235,4,1,38.48274829,4,2780.884346,4
5,bimodal,Task B ,1,4,1,4.074458364,3,1,100.2421966,5,2495.085615,3
5,bimodal,Task B ,2,4,1,4.390675302,3,2,347.0621298,6,3222.91758,3
6,bimodal,Task B ,1,2,0,-12.06032186,2,2,271.0136789,1,2927.622964,2
6,bimodal,Task B ,1,2,0,7.464318467,2,2,126.6397265,2,2359.429797,2
6,bimodal,Task B ,1,2,0,-4.316784212,3,2,109.3580724,3,2865.788398,3
6,bimodal,Task B ,2,2,1,-4.152505204,1,2,195.9253921,4,2509.855632,1
6,bimodal,Task B ,1,2,0,-8.98505378,1,2,248.9563744,5,2862.915919,1
6,bimodal,Task B ,2,3,1,12.92361186,3,2,49.53928891,6,2408.302149,3
7,bimodal,Task B ,2,1,1,13.48735131,2,2,212.2255985,1,3077.1735,2
7,bimodal,Task B ,2,4,1,14.0638632,4,2,173.1359546,2,2932.486251,4
7,bimodal,Task B ,1,4,0,2.436050171,4,2,1.739044035,3,1889.092376,4
7,bimodal,Task B ,1,1,0,5.582364103,3,2,16.0672172,4,2682.696178,3
7,bimodal,Task B ,2,4,1,-23.26276952,4,2,299.1889819,5,2472.018875,4
7,bimodal,Task B ,1,4,0,4.81305264,4,2,35.87727002,6,2488.099869,4
8,bimodal,Task B ,1,4,1,-4.280075428,3,1,296.786639,1,2473.137905,3
8,bimodal,Task B ,1,4,1,-5.733857337,3,1,140.5018946,2,2811.87181,3
8,bimodal,Task B ,2,4,1,11.93090324,4,2,41.53549413,3,1399.883706,4
8,bimodal,Task B ,1,1,1,-4.30355961,1,1,222.2027047,4,2727.981414,1
8,bimodal,Task B ,1,4,0,-0.901059772,2,2,188.0103195,5,3034.247332,2
8,bimodal,Task B ,1,4,0,-1.534825943,3,2,94.30356736,6,2134.588032,3
9,bimodal,Task B ,2,2,0,2.729607245,1,1,10.25033531,1,2782.510133,1
9,bimodal,Task B ,2,3,1,-19.61274745,3,2,358.4570322,2,2867.063843,3
9,bimodal,Task B ,1,4,0,2.008276571,2,2,286.8323924,3,2437.426143,2
9,bimodal,Task B ,1,2,0,-18.45716316,2,2,300.2780847,4,2746.89532,2
9,bimodal,Task B ,2,2,1,-22.20607594,1,2,67.3517585,5,2428.965919,1
9,bimodal,Task B ,1,1,1,-1.599152216,3,1,44.14783094,6,2616.069161,3
10,bimodal,Task B ,1,2,0,15.46841013,3,2,45.54269968,1,2723.317312,3
10,bimodal,Task B ,1,1,1,-2.35588134,1,1,77.64785625,2,2878.053608,1
10,bimodal,Task B ,1,1,1,-0.024552983,1,1,333.0698118,3,2844.798165,1
10,bimodal,Task B ,1,2,0,-9.47394329,2,2,289.0420335,4,2025.38223,2
10,bimodal,Task B ,1,2,0,12.61043908,1,2,62.72513417,5,1856.434548,1
10,bimodal,Task B ,1,2,1,-4.010510982,4,1,201.384019,6,2895.582152,4
1,bimodal,Task B ,1,2,1,-6.127554535,2,1,147.651983,1,2618.587128,2
1,bimodal,Task B ,1,3,1,-2.030418842,2,1,77.67925888,2,2708.680819,2
1,bimodal,Task B ,1,3,1,-1.361125655,3,1,233.4507997,3,2620.457314,3
1,bimodal,Task B ,2,3,1,-28.82393444,1,2,117.3609917,4,2214.858011,1
1,bimodal,Task B ,2,2,1,9.083362603,1,2,17.68724985,5,1865.344549,1
1,bimodal,Task B ,2,1,0,6.040532037,2,1,79.66385753,6,2631.527495,2
2,bimodal,Task B ,1,2,1,0.662299346,1,1,205.5291071,1,2621.561056,1
2,bimodal,Task B ,1,2,1,-1.690707982,1,1,83.79290693,2,2856.850097,1
2,bimodal,Task B ,2,3,1,-11.74811047,3,2,63.19509363,3,1822.292307,3
2,bimodal,Task B ,2,1,1,-1.06430612,3,2,63.42885856,4,2747.570422,3
2,bimodal,Task B ,2,3,1,-12.47279769,4,2,13.75220788,5,2572.791816,4
2,bimodal,Task B ,1,3,1,1.811699961,3,1,86.60894229,6,2849.927653,3
3,bimodal,Task B ,2,3,1,-8.788254991,2,2,9.638343433,1,2882.472466,2
3,bimodal,Task B ,2,4,1,-5.59276756,2,2,345.8439484,2,2905.650243,2
3,bimodal,Task B ,1,2,1,-6.829804023,3,1,63.65779465,3,2618.517937,3
3,bimodal,Task B ,1,1,0,-10.39298833,1,2,159.5603072,4,3149.138306,1
3,bimodal,Task B ,2,2,1,13.27505871,2,2,194.1649194,5,3118.61027,2
3,bimodal,Task B ,1,4,1,2.056426485,4,1,49.72732005,6,2687.787875,4
4,bimodal,Task B ,2,2,1,16.33230199,3,2,76.33075329,1,2278.527611,3
4,bimodal,Task B ,1,2,0,-4.27450593,2,2,132.3739383,2,2969.626164,2
4,bimodal,Task B ,1,3,0,13.970028,1,2,266.9775959,3,3023.633507,1
4,bimodal,Task B ,1,3,1,-0.023673221,4,1,226.0932954,4,2694.919487,4
4,bimodal,Task B ,2,4,1,-9.969707023,4,2,190.2605522,5,2173.604164,4
4,bimodal,Task B ,1,3,1,1.692135692,4,1,8.89936604,6,2643.677854,4
5,bimodal,Task B ,1,4,1,-1.952181624,2,1,294.445874,1,2820.6653,2
5,bimodal,Task B ,1,2,0,3.240107226,1,2,132.2743283,2,2309.30467,1
5,bimodal,Task B ,1,4,1,6.123712678,2,1,311.0773471,3,2740.59614,2
5,bimodal,Task B ,2,4,1,11.2130177,3,2,144.5444978,4,3531.083153,3
5,bimodal,Task B ,2,4,1,10.7642438,1,2,5.726054445,5,1882.809642,1
5,bimodal,Task B ,1,2,0,-5.711993438,1,2,252.149793,6,2243.664693,1
6,bimodal,Task B ,1,3,1,1.476406942,3,1,52.63982675,1,2609.100431,3
6,bimodal,Task B ,2,2,1,6.850097052,3,2,281.7054525,2,3241.475042,3
6,bimodal,Task B ,1,2,0,1.983554966,3,2,52.83994806,3,2721.862787,3
6,bimodal,Task B ,1,2,1,-1.483987411,1,1,7.56552537,4,2607.348487,1
6,bimodal,Task B ,2,1,1,5.47118516,3,2,306.1329523,5,2490.912901,3
6,bimodal,Task B ,2,2,0,1.618833585,1,1,135.7675079,6,2690.623485,1
7,bimodal,Task B ,1,1,1,3.805997974,4,1,56.4409057,1,2862.773071,4
7,bimodal,Task B ,2,4,1,-15.31557582,4,2,326.2292637,2,2404.461227,4
7,bimodal,Task B ,1,4,1,-1.710041589,3,1,66.51805001,3,2663.921152,3
7,bimodal,Task B ,1,1,0,3.904523422,2,2,339.9777276,4,2248.231032,2
7,bimodal,Task B ,1,4,1,-3.570111073,4,1,43.38834446,5,2640.151794,4
7,bimodal,Task B ,1,4,0,15.5927342,1,2,232.4559069,6,2054.339461,1
8,bimodal,Task B ,1,3,1,-2.012520084,2,1,204.3013406,1,2615.239859,2
8,bimodal,Task B ,2,4,1,13.87102616,2,2,209.1130269,2,3326.360586,2
8,bimodal,Task B ,1,4,1,2.139114075,2,1,1.890945895,3,2733.073809,2
8,bimodal,Task B ,2,4,1,-12.9426199,2,2,105.8163247,4,2369.329583,2
8,bimodal,Task B ,1,4,0,3.251942799,2,2,309.2880003,5,2678.694902,2
8,bimodal,Task B ,1,4,0,-1.146653033,3,2,165.2920182,6,2779.339767,3
9,bimodal,Task B ,1,1,1,1.397495884,3,1,314.9401073,1,2642.522362,3
9,bimodal,Task B ,2,1,1,-4.022963674,2,2,276.9887634,2,2723.531412,2
9,bimodal,Task B ,2,4,0,-0.758722802,4,1,15.96032664,3,2688.058149,4
9,bimodal,Task B ,1,2,1,-2.952126947,2,1,328.6918767,4,2494.23903,2
9,bimodal,Task B ,1,1,1,0.068200515,3,1,46.78882181,5,2807.992209,3
9,bimodal,Task B ,1,3,1,4.798993448,1,1,161.6083291,6,2666.952042,1
10,bimodal,Task B ,1,1,1,1.75107742,2,1,300.6699323,1,2852.269944,2
10,bimodal,Task B ,1,1,0,-12.36444943,1,2,242.8013153,2,2371.087796,1
10,bimodal,Task B ,2,1,1,16.83311895,2,2,104.3843957,3,2453.328679,2
10,bimodal,Task B ,2,2,1,13.16298642,2,2,56.26941005,4,2138.024927,2
10,bimodal,Task B ,1,1,1,2.79186117,3,1,342.0282965,5,2653.13976,3
10,bimodal,Task B ,1,1,1,-1.371089089,1,1,248.3720414,6,2548.730645,1
1,bimodal,Task B ,1,2,1,-3.96085063,2,1,176.8600819,1,2823.496401,2
1,bimodal,Task B ,2,2,1,9.502031123,1,2,185.524693,2,2661.702828,1
1,bimodal,Task B ,2,4,1,12.49227908,2,2,339.636921,3,3440.377873,2
1,bimodal,Task B ,1,2,0,-0.045145764,4,2,235.4031441,4,3021.842605,4
1,bimodal,Task B ,2,1,1,-1.277227416,1,2,323.2448271,5,3224.142896,1
1,bimodal,Task B ,1,3,0,-0.980123013,4,2,187.9109625,6,2456.836381,4
2,bimodal,Task B ,1,3,1,2.556420589,4,1,271.2526984,1,2712.596218,4
2,bimodal,Task B ,1,2,0,-4.162839586,1,2,150.0574244,2,3011.937701,1
2,bimodal,Task B ,2,4,1,13.16783486,3,2,343.5235953,3,2336.486105,3
2,bimodal,Task B ,1,2,1,0.114115469,1,1,95.81084987,4,2579.811161,1
2,bimodal,Task B ,1,2,1,-2.783127199,1,1,259.3842355,5,2769.09832,1
2,bimodal,Task B ,2,1,0,3.529220451,3,1,68.09331241,6,2731.694965,3
3,bimodal,Task B ,1,4,1,-0.886112227,2,1,19.98952165,1,2473.767769,2
3,bimodal,Task B ,2,3,1,19.02607537,1,2,108.3662105,2,2883.58601,1
3,bimodal,Task B ,1,4,1,0.231789773,4,1,207.1030596,3,2644.141923,4
3,bimodal,Task B ,1,3,0,1.682557746,2,2,17.55925774,4,2899.415146,2
3,bimodal,Task B ,2,2,1,2.772029929,4,2,297.5707797,5,2248.931317,4
3,bimodal,Task B ,1,3,1,-0.524364795,2,1,65.64862938,6,2658.371739,2
4,bimodal,Task B ,1,4,1,-0.418741039,4,1,350.4043543,1,2799.920419,4
4,bimodal,Task B ,1,2,1,4.003889416,1,1,221.2589121,2,2655.437771,1
4,bimodal,Task B ,1,3,1,0.855695058,2,1,172.9982168,3,2656.25768,2
4,bimodal,Task B ,1,2,1,-0.974448759,1,1,19.12669329,4,2502.411546,1
4,bimodal,Task B ,1,2,0,7.111106888,1,2,136.9723015,5,2285.187814,1
4,bimodal,Task B ,1,3,1,3.356539942,4,1,188.2894167,6,2680.936427,4
5,bimodal,Task B ,2,2,1,18.38568507,3,2,359.0144183,1,2684.887148,3
5,bimodal,Task B ,1,4,1,0.9328632,4,1,143.8966624,2,2579.752752,4
5,bimodal,Task B ,2,2,0,1.838210224,4,1,121.4067922,3,2505.022475,4
5,bimodal,Task B ,2,4,1,-10.01605943,3,2,231.3598503,4,2667.905115,3
5,bimodal,Task B ,1,3,0,-5.953816119,3,2,51.67480708,5,2895.097178,3
5,bimodal,Task B ,2,4,1,-3.220004053,4,2,223.0877086,6,2123.18468,4
6,bimodal,Task B ,1,3,1,3.868933391,3,1,93.05252244,1,2611.75432,3
6,bimodal,Task B ,1,2,0,-6.402394205,4,2,315.5692384,2,3323.322591,4
6,bimodal,Task B ,2,2,0,-2.007918693,2,1,177.2683375,3,2879.41899,2
6,bimodal,Task B ,2,2,0,-4.754435591,2,1,110.7422026,4,2816.992134,2
6,bimodal,Task B ,2,2,0,2.792719129,3,1,39.48927366,5,2784.218531,3
6,bimodal,Task B ,1,2,0,7.741934496,2,2,68.15927891,6,2235.486997,2
7,bimodal,Task B ,1,4,0,-2.205576064,3,2,242.6936508,1,2740.153963,3
7,bimodal,Task B ,2,4,1,-6.94698441,3,2,12.47899106,2,2856.285563,3
7,bimodal,Task B ,1,1,0,8.738950269,2,2,176.7161573,3,2146.786304,2
7,bimodal,Task B ,2,4,1,15.81063613,4,2,219.5074183,4,2682.520212,4
7,bimodal,Task B ,1,4,0,20.49524257,1,2,218.8929933,5,2543.472606,1
7,bimodal,Task B ,1,4,1,0.924315051,4,1,47.71955784,6,2661.141361,4
8,bimodal,Task B ,1,4,0,-4.971234166,1,2,345.3764826,1,3441.44803,1
8,bimodal,Task B ,1,4,0,1.977020628,1,2,202.163499,2,2759.45408,1
8,bimodal,Task B ,1,4,1,-3.272463966,2,1,27.20210949,3,2646.716332,2
8,bimodal,Task B ,1,4,1,-0.296748981,2,1,29.72056197,4,2687.706848,2
8,bimodal,Task B ,1,4,1,-6.936971172,1,1,82.91159481,5,2515.345082,1
8,bimodal,Task B ,2,4,1,11.34092772,3,2,285.1927342,6,3164.481462,3
9,bimodal,Task B ,2,3,1,-16.66310321,2,2,44.38121937,1,3462.874285,2
9,bimodal,Task B ,2,1,1,7.940459137,2,2,282.9761903,2,3213.287909,2
9,bimodal,Task B ,2,1,1,-5.872349069,4,2,228.7653947,3,2232.282215,4
9,bimodal,Task B ,2,3,1,14.30234936,4,2,7.442371471,4,1909.517704,4
9,bimodal,Task B ,2,3,1,-15.12216326,4,2,94.72434773,5,2206.677184,4
9,bimodal,Task B ,2,3,1,-15.24897758,4,2,197.7823801,6,2794.304953,4
10,bimodal,Task B ,1,1,1,2.022810349,3,1,36.63880958,1,2784.20921,3
10,bimodal,Task B ,1,2,1,-3.790558985,1,1,34.10352992,2,2738.175655,1
10,bimodal,Task B ,1,1,0,-7.07403185,1,2,339.1416365,3,2067.445445,1
10,bimodal,Task B ,1,1,1,2.452861639,4,1,116.3453166,4,2668.895752,4
10,bimodal,Task B ,2,1,1,-1.847982322,4,2,143.9779966,5,3449.083731,4
10,bimodal,Task B ,1,2,1,-0.069178628,2,1,35.14527919,6,2447.793898,2
1,bimodal,Task B ,2,4,1,-12.93595028,3,2,290.3086193,1,1998.969795,3
1,bimodal,Task B ,1,2,0,16.14252731,1,2,158.4298505,2,3264.410549,1
1,bimodal,Task B ,1,3,1,5.153240713,4,1,296.899848,3,2790.900218,4
1,bimodal,Task B ,2,3,1,-11.14929066,4,2,245.6686417,4,2562.995897,4
1,bimodal,Task B ,2,2,1,-9.732326998,4,2,75.45739865,5,2647.456739,4
1,bimodal,Task B ,1,2,0,7.593442189,2,2,56.17828217,6,2669.942376,2
2,bimodal,Task B ,2,1,1,8.860057678,2,2,100.9733302,1,2076.73309,2
2,bimodal,Task B ,2,3,0,4.231725719,2,1,102.8253113,2,2707.549772,2
2,bimodal,Task B ,2,4,1,-25.04632574,4,2,357.7373959,3,3291.119869,4
2,bimodal,Task B ,1,1,1,-0.30151668,2,1,268.4931647,4,2501.555112,2
2,bimodal,Task B ,1,3,0,-4.896859228,1,2,65.04639542,5,2694.266325,1
2,bimodal,Task B ,1,3,1,-2.289771306,1,1,171.1887294,6,2527.483585,1
3,bimodal,Task B ,1,3,0,8.610374364,3,2,150.7074591,1,2849.97871,3
3,bimodal,Task B ,1,3,0,7.201139378,3,2,341.5372598,2,3011.976058,3
3,bimodal,Task B ,1,3,1,1.090386677,1,1,210.944829,3,2704.59282,1
3,bimodal,Task B ,1,2,1,1.421386514,3,1,298.4186716,4,2851.941959,3
3,bimodal,Task B ,2,4,1,-8.260508523,2,2,251.0479131,5,1878.408088,2
3,bimodal,Task B ,2,1,1,-5.379676754,1,2,281.1734481,6,3005.143293,1
4,bimodal,Task B ,1,3,1,5.067809153,3,1,88.0931618,1,2628.383837,3
4,bimodal,Task B ,1,2,1,1.98294531,1,1,196.1942817,2,2837.736023,1
4,bimodal,Task B ,2,3,1,10.11641917,3,2,326.0705969,3,2367.290819,3
4,bimodal,Task B ,2,3,1,-11.00346318,4,2,294.0749412,4,2881.135241,4
4,bimodal,Task B ,1,2,1,5.323779117,3,1,141.6635795,5,2598.36818,3
4,bimodal,Task B ,1,2,1,-2.531224922,3,1,99.50926869,6,2530.218853,3
5,bimodal,Task B ,2,4,1,-21.41467105,4,2,301.6940427,1,2487.714495,4
5,bimodal,Task B ,2,1,0,-0.68013774,4,1,313.4709846,2,2441.934161,4
5,bimodal,Task B ,2,4,1,17.84606851,1,2,113.9567175,3,2485.69107,1
5,bimodal,Task B ,2,4,1,-16.81589816,1,2,352.1858072,4,2367.917574,1
5,bimodal,Task B ,1,3,1,1.896751153,1,1,288.4347454,5,2547.742122,1
5,bimodal,Task B ,2,1,1,11.06782399,4,2,123.5399872,6,2581.99228,4
6,bimodal,Task B ,2,2,0,-4.344499576,2,1,96.42244109,1,2781.795653,2
6,bimodal,Task B ,1,2,0,-4.979545105,3,2,81.36891973,2,2655.877423,3
6,bimodal,Task B ,1,2,0,1.726368835,3,2,266.7260493,3,3043.424058,3
6,bimodal,Task B ,2,2,1,-8.937807265,4,2,312.7678388,4,2900.502781,4
6,bimodal,Task B ,2,2,0,4.556400626,4,1,91.01509707,5,2774.7063,4
6,bimodal,Task B ,1,1,0,-13.51485395,1,2,357.4910341,6,2676.019654,1
7,bimodal,Task B ,1,4,1,-1.657212928,4,1,217.7192939,1,2872.319591,4
7,bimodal,Task B ,1,4,0,-2.837111831,1,2,125.3980254,2,2627.657194,1
7,bimodal,Task B ,1,1,0,16.34027033,2,2,305.1809848,3,2956.159096,2
7,bimodal,Task B ,1,1,1,1.031380243,3,1,200.201608,4,2674.921675,3
7,bimodal,Task B ,1,1,1,1.933680675,1,1,178.5072082,5,2694.4777,1
7,bimodal,Task B ,1,1,1,1.545248113,2,1,183.6710551,6,2628.687936,2
8,bimodal,Task B ,1,4,1,3.5802275,2,1,69.48845315,1,2813.137088,2
8,bimodal,Task B ,1,4,1,-2.725372678,2,1,19.37100836,2,2861.907894,2
8,bimodal,Task B ,1,4,1,0.213397268,2,1,258.8322069,3,2428.297919,2
8,bimodal,Task B ,2,4,1,-15.88848887,2,2,229.3793701,4,3575.689909,2
8,bimodal,Task B ,2,4,1,22.88664916,2,2,230.7056137,5,2625.876765,2
8,bimodal,Task B ,2,4,1,24.61738744,2,2,295.3931307,6,2519.001405,2
9,bimodal,Task B ,1,1,1,-1.460474228,1,1,217.7957231,1,2725.460977,1
9,bimodal,Task B ,2,3,1,-17.14715857,4,2,37.05170483,2,2615.498676,4
9,bimodal,Task B ,1,2,1,3.085845481,2,1,272.7460869,3,2692.674078,2
9,bimodal,Task B ,2,1,0,-0.65190291,3,1,228.6598991,4,2631.911582,3
9,bimodal,Task B ,1,3,0,12.39414395,2,2,113.4221952,5,2567.661035,2
9,bimodal,Task B ,1,1,1,-0.427769386,2,1,151.4816269,6,2709.899719,2
10,bimodal,Task B ,1,2,1,0.015916567,2,1,157.5575486,1,2840.427601,2
10,bimodal,Task B ,1,1,1,-3.607798512,1,1,116.425409,2,2688.427291,1
10,bimodal,Task B ,1,1,1,-3.03453131,1,1,20.64279143,3,2927.212752,1
10,bimodal,Task B ,1,2,1,-3.101514953,4,1,69.98998961,4,2767.175457,4
10,bimodal,Task B ,1,1,0,0.885872889,4,2,358.6844769,5,2171.0379,4
10,bimodal,Task B ,2,2,1,-6.581145104,3,2,78.09223683,6,2476.087585,3
1,bimodal,Task B ,1,2,1,-2.745820136,4,1,25.72192371,1,2632.343468,4
1,bimodal,Task B ,2,4,1,-23.76766023,4,2,141.0499051,2,2158.396743,4
1,bimodal,Task B ,2,2,1,5.906870689,1,2,215.9879638,3,3554.755625,1
1,bimodal,Task B ,1,3,0,-2.419015705,4,2,300.0374989,4,3051.599731,4
1,bimodal,Task B ,1,3,1,3.6379812,4,1,145.1865575,5,2747.838679,4
1,bimodal,Task B ,1,3,1,-3.974236312,4,1,293.9617137,6,2710.153226,4
2,bimodal,Task B ,1,2,1,-0.998493762,2,1,66.08639607,1,2772.060538,2
2,bimodal,Task B ,1,2,1,2.862323226,3,1,126.1688486,2,2838.166894,3
2,bimodal,Task B ,2,3,1,0.01984,4,2,246.6479259,3,3543.270648,4
2,bimodal,Task B ,1,2,0,-3.429040359,3,2,256.7910886,4,2283.842299,3
2,bimodal,Task B ,2,3,1,-3.542204846,3,2,202.4125907,5,3503.944023,3
2,bimodal,Task B ,2,2,1,4.47626178,4,2,309.6565917,6,1942.457129,4
3,bimodal,Task B ,2,4,1,-17.25929715,1,2,161.930532,1,2730.02536,1
3,bimodal,Task B ,1,3,0,1.74687258,1,2,351.8631649,2,1964.380147,1
3,bimodal,Task B ,1,4,1,-0.263787301,4,1,357.4381984,3,2669.23898,4
3,bimodal,Task B ,1,2,1,-2.721239094,3,1,247.1222751,4,2501.137387,3
3,bimodal,Task B ,1,3,0,-0.794710361,3,2,59.38408672,5,3063.240732,3
3,bimodal,Task B ,2,1,0,1.53541633,4,1,325.5828517,6,2529.950532,4
4,bimodal,Task B ,1,3,1,-1.231429453,3,1,247.7332012,1,2687.764069,3
4,bimodal,Task B ,1,2,1,-0.080935588,3,1,317.2601268,2,2656.306462,3
4,bimodal,Task B ,1,3,1,-1.724794868,4,1,353.2536541,3,2637.856292,4
4,bimodal,Task B ,2,4,1,46.29588596,4,2,66.7061634,4,2167.999514,4
4,bimodal,Task B ,1,3,1,1.746503007,3,1,11.75936535,5,2765.329654,3
4,bimodal,Task B ,1,1,0,-2.726843343,1,2,132.5554996,6,4098.762726,1
5,bimodal,Task B ,1,2,1,0.143521124,3,1,4.433836494,1,2641.507396,3
5,bimodal,Task B ,2,4,1,16.28940392,1,2,289.6405256,2,2724.590548,1
5,bimodal,Task B ,2,1,1,6.038807326,2,2,193.0862147,3,1748.741902,2
5,bimodal,Task B ,2,4,1,30.4412327,1,2,359.0050806,4,1828.630172,1
5,bimodal,Task B ,1,2,1,2.000926917,3,1,133.399069,5,2676.526319,3
5,bimodal,Task B ,2,1,0,0.480262719,4,1,195.9560408,6,2725.289336,4
6,bimodal,Task B ,2,3,1,3.326730778,1,2,273.3865909,1,3353.228146,1
6,bimodal,Task B ,1,2,0,-0.5131159,2,2,226.2830293,2,1697.137055,2
6,bimodal,Task B ,1,1,1,3.765237058,3,1,24.22388102,3,2726.568628,3
6,bimodal,Task B ,2,2,0,1.531950385,4,1,111.6383386,4,2722.078173,4
6,bimodal,Task B ,1,2,0,-0.495525403,3,2,124.7345725,5,2168.89641,3
6,bimodal,Task B ,2,2,1,-10.64905121,2,2,257.1798776,6,2442.368968,2
7,bimodal,Task B ,2,2,0,1.432327241,4,1,322.0577062,1,2586.787455,4
7,bimodal,Task B ,2,4,0,-8.224736143,3,1,8.386278504,2,2775.525123,3
7,bimodal,Task B ,1,1,0,-4.794579692,2,2,50.04439923,3,2540.009001,2
7,bimodal,Task B ,1,1,1,-0.857430088,3,1,41.37200334,4,2760.716471,3
7,bimodal,Task B ,1,1,0,7.166900809,1,2,24.37630503,5,2273.865201,1
7,bimodal,Task B ,1,1,1,4.641514985,1,1,25.9561006,6,2957.077518,1
8,bimodal,Task B ,1,1,1,-2.569614248,4,1,230.9519713,1,2705.523079,4
8,bimodal,Task B ,2,4,1,14.72297361,1,2,275.1499834,2,2023.402852,1
8,bimodal,Task B ,2,4,1,-4.906513256,3,2,342.5985608,3,2778.839531,3
8,bimodal,Task B ,2,4,1,-10.50389684,4,2,132.4260874,4,2144.025686,4
8,bimodal,Task B ,2,4,1,17.54582244,1,2,335.5369806,5,2785.991592,1
8,bimodal,Task B ,1,4,1,-1.908214933,4,1,227.2749845,6,2593.435505,4
9,bimodal,Task B ,2,1,0,-1.096154315,3,1,223.4595306,1,2894.372347,3
9,bimodal,Task B ,1,4,0,-1.126433556,4,2,155.8536933,2,2476.787244,4
9,bimodal,Task B ,2,4,0,-5.74942036,4,1,314.5642748,3,2661.218628,4
9,bimodal,Task B ,1,3,1,2.089257845,4,1,48.41751182,4,2835.090566,4
9,bimodal,Task B ,1,3,1,-1.86114239,4,1,201.8767331,5,2776.164745,4
9,bimodal,Task B ,1,1,1,-4.586737294,1,1,127.6569189,6,2707.351834,1
10,bimodal,Task B ,1,1,0,-4.691684487,3,2,341.6464577,1,3351.047211,3
10,bimodal,Task B ,2,2,0,-8.689692263,3,1,83.86780795,2,2611.082855,3
10,bimodal,Task B ,1,2,0,-1.101920904,4,2,107.4978694,3,2715.553566,4
10,bimodal,Task B ,2,1,0,-2.161764248,3,1,93.86333293,4,2586.104671,3
10,bimodal,Task B ,1,1,1,3.15926075,2,1,64.49820209,5,2623.973681,2
10,bimodal,Task B ,1,1,0,-12.75232887,1,2,41.42612131,6,2969.146973,1
1,bimodal,Task B ,2,4,1,17.87294954,1,2,129.1178774,1,1968.974527,1
1,bimodal,Task B ,1,3,1,-0.000417261,4,1,126.5240969,2,2791.981058,4
1,bimodal,Task B ,1,2,1,-4.633511206,4,1,308.4550311,3,2430.918261,4
1,bimodal,Task B ,2,1,1,-4.542348534,1,2,42.6074016,4,1257.223205,1
1,bimodal,Task B ,1,2,1,2.859434487,1,1,85.4610282,5,2761.115346,1
1,bimodal,Task B ,2,2,1,-6.159274379,2,2,217.1132765,6,3602.248703,2
2,bimodal,Task B ,1,3,1,-0.002634985,4,1,16.7375048,1,2883.081664,4
2,bimodal,Task B ,2,3,1,11.70664354,4,2,51.21309774,2,2202.596313,4
2,bimodal,Task B ,2,4,1,-14.17784476,3,2,357.9226248,3,3409.939495,3
2,bimodal,Task B ,1,1,0,-9.521607259,1,2,356.1350884,4,3559.271393,1
2,bimodal,Task B ,1,3,1,-2.15206565,3,1,204.6237375,5,2592.445262,3
2,bimodal,Task B ,1,2,1,3.377028157,4,1,150.8455213,6,2583.333072,4
3,bimodal,Task B ,1,3,0,0.409905379,2,2,336.9261348,1,2926.369592,2
3,bimodal,Task B ,1,4,1,-1.299410575,2,1,100.7356478,2,2689.226278,2
3,bimodal,Task B ,1,3,1,-2.082409961,3,1,34.50971488,3,2811.479926,3
3,bimodal,Task B ,1,4,1,-0.656214695,1,1,102.2641765,4,2800.014313,1
3,bimodal,Task B ,2,2,0,2.148823943,1,1,167.4033957,5,2926.676959,1
3,bimodal,Task B ,1,3,1,-1.028035017,2,1,36.07289993,6,2714.696932,2
4,bimodal,Task B ,1,2,0,8.981256746,2,2,275.1382729,1,3330.832945,2
4,bimodal,Task B ,2,3,1,-9.813191321,3,2,242.1017615,2,2905.729524,3
4,bimodal,Task B ,1,2,0,-10.28899533,1,2,256.4294924,3,3086.763537,1
4,bimodal,Task B ,1,3,1,1.291069194,3,1,287.4976425,4,2894.701781,3
4,bimodal,Task B ,2,4,1,19.22311313,3,2,85.8916793,5,3218.153019,3
4,bimodal,Task B ,2,1,1,24.76215484,2,2,281.7406069,6,3997.754489,2
5,bimodal,Task B ,1,3,0,2.961143733,1,2,301.6214602,1,1838.733878,1
5,bimodal,Task B ,1,2,1,-2.475954139,4,1,265.8916807,2,2671.395756,4
5,bimodal,Task B ,2,4,1,-23.46383703,1,2,158.8214978,3,2948.895993,1
5,bimodal,Task B ,2,4,1,-12.23191759,1,2,289.5574345,4,3872.878679,1
5,bimodal,Task B ,2,4,0,4.212862265,4,1,162.7765222,5,2572.852374,4
5,bimodal,Task B ,1,3,1,6.135463693,4,1,345.2662685,6,2662.772833,4
6,bimodal,Task B ,1,2,1,2.191222991,2,1,304.3835862,1,2685.107354,2
6,bimodal,Task B ,1,2,1,0.956393651,2,1,225.3352682,2,2562.809519,2
6,bimodal,Task B ,1,2,1,-0.296355962,1,1,186.7346349,3,2659.466905,1
6,bimodal,Task B ,1,2,1,-1.42831024,1,1,219.650828,4,2613.420854,1
6,bimodal,Task B ,1,1,0,2.497888929,3,2,339.3145046,5,2886.662638,3
6,bimodal,Task B ,1,2,0,-10.94324462,1,2,228.3728689,6,2521.692916,1
7,bimodal,Task B ,1,4,1,0.081422024,1,1,60.80864241,1,2863.692253,1
7,bimodal,Task B ,1,4,1,-3.715486349,4,1,355.2029793,2,2609.475176,4
7,bimodal,Task B ,1,4,1,1.923770034,4,1,55.98818002,3,2590.641644,4
7,bimodal,Task B ,1,4,1,4.12845316,3,1,255.1274437,4,2993.110457,3
7,bimodal,Task B ,1,4,0,2.775588982,3,2,235.5367126,5,3018.601867,3
7,bimodal,Task B ,1,4,0,-0.043165804,1,2,152.8654521,6,3956.483462,1
8,bimodal,Task B ,1,4,0,-0.319521183,1,2,259.0675217,1,2857.749245,1
8,bimodal,Task B ,1,4,0,-2.030285221,1,2,22.47264031,2,2972.260526,1
8,bimodal,Task B ,2,4,1,25.39973138,3,2,35.57306869,3,2495.747117,3
8,bimodal,Task B ,1,4,0,-5.250494448,4,2,134.155514,4,2805.180261,4
8,bimodal,Task B ,2,4,0,0.997323439,1,1,292.6529499,5,2364.208692,1
8,bimodal,Task B ,1,1,1,-3.316193721,4,1,357.1990801,6,2604.957007,4
9,bimodal,Task B ,1,4,0,-8.57596274,4,2,307.115414,1,3194.843807,4
9,bimodal,Task B ,1,1,0,1.864574646,1,2,310.6405713,2,3935.357812,1
9,bimodal,Task B ,1,1,0,0.50154489,4,2,240.3623569,3,2977.112535,4
9,bimodal,Task B ,1,1,0,3.441855054,4,2,105.6282623,4,3022.418569,4
9,bimodal,Task B ,2,2,1,-21.96901177,1,2,335.5114502,5,2727.502422,1
9,bimodal,Task B ,1,2,1,1.353465769,4,1,165.0669246,6,2759.099422,4
10,bimodal,Task B ,1,1,1,2.422962984,3,1,249.2375303,1,2797.531695,3
10,bimodal,Task B ,1,2,0,2.186231245,1,2,133.9677608,2,2490.718334,1
10,bimodal,Task B ,2,1,1,-7.928180683,3,2,71.50966342,3,3060.477752,3
10,bimodal,Task B ,1,2,1,0.38539062,4,1,64.86618879,4,2648.723041,4
10,bimodal,Task B ,1,2,1,-0.746633002,2,1,32.12605933,5,2661.05993,2
10,bimodal,Task B ,1,2,1,1.07086914,3,1,154.7102417,6,2843.03918,3
1,bimodal,Task B ,1,3,1,1.72802228,4,1,89.22397534,1,2394.758592,4
1,bimodal,Task B ,1,3,1,-1.337070376,1,1,244.8378972,2,2670.254588,1
1,bimodal,Task B ,1,3,1,-5.076889839,4,1,95.2339018,3,2794.085816,4
1,bimodal,Task B ,2,3,1,-23.27246017,1,2,335.5243705,4,2072.57937,1
1,bimodal,Task B ,1,1,1,0.056645154,2,1,21.63777734,5,2403.848823,2
1,bimodal,Task B ,1,2,1,-0.628482521,4,1,106.6042944,6,2579.375965,4
2,bimodal,Task B ,1,2,1,-0.467255028,1,1,229.6866974,1,2649.97994,1
2,bimodal,Task B ,1,2,1,-1.896923093,3,1,139.5412423,2,2726.949139,3
2,bimodal,Task B ,2,2,1,4.788436826,4,2,287.1921401,3,3202.845529,4
2,bimodal,Task B ,1,2,1,3.708972639,1,1,155.1730758,4,2823.122032,1
2,bimodal,Task B ,2,2,1,1.531191868,3,2,101.871066,5,3352.475751,3
2,bimodal,Task B ,1,2,1,2.863081689,3,1,283.2870841,6,2630.95856,3
3,bimodal,Task B ,2,2,0,-1.659987753,2,1,311.9831458,1,2611.547294,2
3,bimodal,Task B ,1,3,0,5.597576238,2,2,185.4504858,2,2987.315358,2
3,bimodal,Task B ,1,1,0,4.63952653,3,2,293.6290763,3,3066.672208,3
3,bimodal,Task B ,2,2,1,4.073664165,4,2,40.84265353,4,3060.386183,4
3,bimodal,Task B ,2,2,1,-0.781667856,2,2,265.3075052,5,2111.375639,2
3,bimodal,Task B ,2,3,1,-16.49940157,1,2,156.9905323,6,2854.825728,1
4,bimodal,Task B ,1,2,1,-1.619955476,2,1,282.2072208,1,2666.302362,2
4,bimodal,Task B ,2,2,1,-13.12365694,3,2,290.2140252,2,3331.627938,3
4,bimodal,Task B ,1,1,0,16.92993026,1,2,140.1798509,3,2572.614568,1
4,bimodal,Task B ,2,2,0,0.815441719,3,1,330.8256779,4,2713.220904,3
4,bimodal,Task B ,1,2,1,-4.900593975,1,1,118.8095143,5,2812.194872,1
4,bimodal,Task B ,1,3,1,-1.588485861,4,1,130.8694804,6,2802.155282,4
5,bimodal,Task B ,2,2,1,10.84762073,3,2,238.9937047,1,3049.568835,3
5,bimodal,Task B ,1,4,1,-2.068214283,3,1,43.18822219,2,2683.846101,3
5,bimodal,Task B ,2,3,1,-4.047911164,2,2,80.80131624,3,1984.143885,2
5,bimodal,Task B ,2,3,1,-13.78844539,1,2,163.6745573,4,2929.849001,1
5,bimodal,Task B ,1,4,1,2.021550149,1,1,211.7157811,5,2749.11277,1
5,bimodal,Task B ,1,3,0,-6.929597205,2,2,335.8994919,6,2630.004917,2
6,bimodal,Task B ,1,2,1,-1.702144105,1,1,40.43286628,1,2623.212394,1
6,bimodal,Task B ,1,2,0,-2.893900992,2,2,334.8835823,2,2664.12633,2
6,bimodal,Task B ,1,2,0,4.388217419,2,2,124.0598674,3,2649.50687,2
6,bimodal,Task B ,1,2,0,6.312751678,4,2,340.2416097,4,2390.372174,4
6,bimodal,Task B ,2,2,1,-9.680144356,2,2,222.1564959,5,3123.224611,2
6,bimodal,Task B ,2,3,0,-1.913972003,3,1,18.35219044,6,2656.566605,3
7,bimodal,Task B ,2,4,1,-6.220513831,3,2,263.4052075,1,2055.746544,3
7,bimodal,Task B ,2,4,1,-20.98077808,2,2,16.73525062,2,2736.826708,2
7,bimodal,Task B ,1,1,0,20.7814085,3,2,128.2604089,3,2554.329198,3
7,bimodal,Task B ,1,1,1,-1.758265273,1,1,296.1565456,4,2783.360592,1
7,bimodal,Task B ,1,1,0,0.368599002,1,2,97.83209102,5,2968.17693,1
7,bimodal,Task B ,1,4,0,-11.47154854,2,2,337.4548424,6,2565.835394,2
8,bimodal,Task B ,1,4,0,2.680699476,4,2,255.355789,1,3221.312111,4
8,bimodal,Task B ,1,4,1,-0.628159158,1,1,54.92042703,2,2684.970174,1
8,bimodal,Task B ,1,4,1,-5.340272248,1,1,171.5734136,3,2801.353283,1
8,bimodal,Task B ,1,4,1,4.036187525,1,1,265.949521,4,2626.487142,1
8,bimodal,Task B ,1,4,0,13.66659362,1,2,99.25421652,5,2736.655436,1
8,bimodal,Task B ,1,4,1,1.425620974,2,1,127.5527517,6,2603.026756,2
9,bimodal,Task B ,1,1,1,-3.934292198,2,1,99.20030734,1,2859.952595,2
9,bimodal,Task B ,1,3,0,6.214266199,1,2,146.563136,2,2866.901131,1
9,bimodal,Task B ,2,2,1,11.20780768,1,2,222.6359234,3,3006.210384,1
9,bimodal,Task B ,1,1,0,1.615927347,2,2,213.3698592,4,3069.594361,2
9,bimodal,Task B ,1,2,1,-2.172340058,2,1,153.3940105,5,2777.031214,2
9,bimodal,Task B ,2,1,0,0.631393872,1,1,137.9277411,6,2632.680187,1
10,bimodal,Task B ,1,2,1,-0.177071187,3,1,188.3546614,1,2702.92006,3
10,bimodal,Task B ,1,1,0,0.58910487,1,2,218.9937577,2,2455.344726,1
10,bimodal,Task B ,2,1,1,-8.355681654,2,2,339.080211,3,2839.109799,2
10,bimodal,Task B ,1,2,0,-2.026529538,4,2,133.5372087,4,2783.747201,4
10,bimodal,Task B ,1,2,0,-4.328896728,2,2,103.623186,5,3143.211115,2
10,bimodal,Task B ,1,2,1,-0.043917925,4,1,328.8796938,6,2507.394828,4
1,bimodal,Task B ,2,2,1,-20.36045468,1,2,239.4223045,1,2589.149501,1
1,bimodal,Task B ,1,2,0,-6.370722843,1,2,136.5665794,2,2802.598363,1
1,bimodal,Task B ,2,1,1,-7.483772272,4,2,62.05464547,3,2591.974027,4
1,bimodal,Task B ,1,3,0,-5.291668578,2,2,135.1597596,4,2500.745906,2
1,bimodal,Task B ,1,3,0,2.821513722,4,2,87.94917428,5,3117.287867,4
1,bimodal,Task B ,1,3,1,1.204272206,3,1,327.5269445,6,2847.592908,3
2,bimodal,Task B ,2,2,0,5.082920436,2,1,335.8405559,1,2765.582717,2
2,bimodal,Task B ,1,3,1,3.499896504,4,1,210.3641235,2,2813.136287,4
2,bimodal,Task B ,1,2,0,9.314130066,2,2,30.63026876,3,3684.016924,2
2,bimodal,Task B ,1,1,0,1.328642411,2,2,141.1247595,4,2835.591821,2
2,bimodal,Task B ,1,2,0,13.95353183,2,2,183.4039989,5,1586.757922,2
2,bimodal,Task B ,2,3,1,1.228121494,2,2,348.2326578,6,4313.421484,2
3,bimodal,Task B ,2,1,0,2.70148435,2,1,76.89124093,1,2580.346197,2
3,bimodal,Task B ,1,4,1,-3.63669615,1,1,286.0304366,2,2621.613868,1
3,bimodal,Task B ,2,2,1,-22.23427967,4,2,145.9234347,3,2620.057998,4
3,bimodal,Task B ,1,4,1,1.392018827,4,1,185.3081169,4,2755.611325,4
3,bimodal,Task B ,1,3,0,5.244415799,3,2,254.3267366,5,3046.472901,3
3,bimodal,Task B ,2,3,1,-6.935464207,1,2,27.07766978,6,2322.738356,1
4,bimodal,Task B ,2,2,1,8.60832694,1,2,190.9755841,1,3256.227564,1
4,bimodal,Task B ,1,2,1,4.877704757,3,1,63.61465245,2,2567.637411,3
4,bimodal,Task B ,1,3,0,6.978469363,4,2,333.2548619,3,2744.89543,4
4,bimodal,Task B ,1,1,1,-3.384171984,2,1,181.5825067,4,2599.336863,2
4,bimodal,Task B ,1,2,0,-8.530171164,2,2,262.0829497,5,2345.783013,2
4,bimodal,Task B ,2,2,1,-0.862800539,2,2,9.858542768,6,3094.462856,2
5,bimodal,Task B ,1,3,1,0.835390212,3,1,81.97117301,1,2625.382195,3
5,bimodal,Task B ,2,4,1,17.29150071,4,2,316.4453956,2,2877.85005,4
5,bimodal,Task B ,2,4,1,21.19618064,3,2,39.7994452,3,3682.038855,3
5,bimodal,Task B ,2,4,1,-18.60823654,1,2,315.3646427,4,3458.832164,1
5,bimodal,Task B ,1,3,0,-6.070275865,1,2,316.9053034,5,3113.463101,1
5,bimodal,Task B ,1,2,1,0.491181642,1,1,270.5177207,6,2808.539829,1
6,bimodal,Task B ,1,3,1,2.276225581,2,1,204.248714,1,2532.290501,2
6,bimodal,Task B ,2,2,1,17.35865259,1,2,278.3576062,2,2425.828789,1
6,bimodal,Task B ,1,2,1,-0.370540965,2,1,211.9743909,3,2713.176681,2
6,bimodal,Task B ,1,2,1,-3.462184364,4,1,90.16407687,4,2619.693061,4
6,bimodal,Task B ,1,2,1,-3.264716314,4,1,51.13772227,5,2670.746521,4
6,bimodal,Task B ,2,2,0,2.425219701,4,1,170.1449337,6,2563.253326,4
7,bimodal,Task B ,1,4,1,-3.018443078,1,1,318.6477029,1,2649.607903,1
7,bimodal,Task B ,2,4,1,12.69233137,4,2,7.55530292,2,2965.334221,4
7,bimodal,Task B ,2,4,0,0.035115292,4,1,119.8211406,3,2719.363811,4
7,bimodal,Task B ,1,1,0,8.255252597,1,2,327.3660378,4,3158.271151,1
7,bimodal,Task B ,1,4,1,-1.015707969,3,1,181.5049529,5,2647.232579,3
7,bimodal,Task B ,1,1,1,2.124805466,1,1,39.72861527,6,2701.491014,1
8,bimodal,Task B ,1,3,1,2.710056946,3,1,189.5715926,1,2744.796527,3
8,bimodal,Task B ,2,4,1,12.56223255,4,2,112.4522492,2,3379.088357,4
8,bimodal,Task B ,2,4,1,14.6703689,3,2,128.8208142,3,2414.763701,3
8,bimodal,Task B ,2,4,1,21.40670232,2,2,208.8722439,4,2669.601653,2
8,bimodal,Task B ,1,4,0,-5.225068394,3,2,78.64439894,5,2776.033843,3
8,bimodal,Task B ,2,4,0,5.942882961,4,1,294.0262544,6,2785.240745,4
9,bimodal,Task B ,1,1,1,-5.805921664,4,1,179.5755822,1,2581.738636,4
9,bimodal,Task B ,2,3,1,14.54659831,2,2,264.1900497,2,3216.090362,2
9,bimodal,Task B ,2,2,1,-14.82840507,4,2,5.244224926,3,2642.742171,4
9,bimodal,Task B ,1,1,0,-3.909173874,3,2,154.7524239,4,3276.282798,3
9,bimodal,Task B ,2,3,1,17.53091474,1,2,229.5202074,5,3352.291039,1
9,bimodal,Task B ,1,4,1,-1.906776454,4,1,95.69578127,6,2563.288205,4
10,bimodal,Task B ,2,1,0,5.679542551,4,1,331.3805039,1,2593.878907,4
10,bimodal,Task B ,1,1,1,-0.776860157,4,1,2.318070538,2,2455.429969,4
10,bimodal,Task B ,1,2,1,-1.451852908,2,1,276.3271119,3,2661.244631,2
10,bimodal,Task B ,2,2,1,3.478096286,4,2,69.6699759,4,2709.532854,4
10,bimodal,Task B ,1,1,0,13.6290314,1,2,163.2188498,5,2089.390867,1
10,bimodal,Task B ,1,1,0,-18.43716116,1,2,96.10994315,6,2246.456051,1
1,bimodal,Task B ,1,2,1,-2.068129094,3,1,2.229615423,1,2816.169568,3
1,bimodal,Task B ,1,3,1,2.549448624,1,1,133.8617212,2,2752.402352,1
1,bimodal,Task B ,1,3,1,0.14992978,2,1,179.1862322,3,2595.310665,2
1,bimodal,Task B ,1,3,1,-2.851108863,4,1,256.8190978,4,2709.028092,4
1,bimodal,Task B ,1,2,0,-19.93350291,1,2,260.1668614,5,2890.643406,1
1,bimodal,Task B ,1,3,1,-2.572389059,4,1,16.48873213,6,2748.386181,4
2,bimodal,Task B ,2,4,1,24.74992693,2,2,302.931809,1,3192.515568,2
2,bimodal,Task B ,1,2,1,0.621087098,1,1,321.0586651,2,2538.654652,1
2,bimodal,Task B ,2,2,0,-1.676929034,3,1,281.895677,3,2547.992739,3
2,bimodal,Task B ,2,3,1,-10.40657375,3,2,290.6243435,4,2210.602392,3
2,bimodal,Task B ,2,2,1,19.06295509,3,2,114.6210168,5,2251.052208,3
2,bimodal,Task B ,1,3,1,-3.843880411,2,1,86.24836635,6,2732.488208,2
3,bimodal,Task B ,1,3,1,0.088091013,2,1,176.8568454,1,2724.249769,2
3,bimodal,Task B ,1,2,1,-5.362927067,1,1,100.6511091,2,2808.198196,1
3,bimodal,Task B ,1,4,0,-5.018220172,4,2,353.6726528,3,2633.763902,4
3,bimodal,Task B ,2,2,0,-2.243350016,2,1,244.6977127,4,2582.814587,2
3,bimodal,Task B ,1,3,1,1.882703733,4,1,215.6193763,5,2686.934312,4
3,bimodal,Task B ,1,1,0,-0.013917992,4,2,75.64785996,6,3038.211999,4
4,bimodal,Task B ,1,2,1,-3.876969729,3,1,251.2621313,1,2774.98298,3
4,bimodal,Task B ,2,3,1,-14.04915604,3,2,206.9461404,2,2353.766341,3
4,bimodal,Task B ,1,1,1,-1.540422779,1,1,275.9836082,3,2695.269202,1
4,bimodal,Task B ,1,3,1,2.371615723,3,1,72.74899254,4,2608.688969,3
4,bimodal,Task B ,2,2,0,0.116076788,1,1,11.74329111,5,2520.318192,1
4,bimodal,Task B ,1,2,1,-1.671104289,2,1,143.7140563,6,2879.274477,2
5,bimodal,Task B ,1,4,1,-5.097509839,4,1,79.17831269,1,2639.677161,4
5,bimodal,Task B ,2,3,1,15.76685391,4,2,309.2616558,2,2634.149814,4
5,bimodal,Task B ,1,4,1,0.360707812,2,1,105.5411224,3,2769.374563,2
5,bimodal,Task B ,1,3,1,-3.383834815,3,1,184.5933461,4,2442.961456,3
5,bimodal,Task B ,2,2,0,-4.227387916,2,1,295.7326903,5,2677.306198,2
5,bimodal,Task B ,1,4,1,3.646697865,4,1,1.680823038,6,2675.671323,4
6,bimodal,Task B ,1,2,0,-5.414387511,1,2,297.5590043,1,3658.397995,1
6,bimodal,Task B ,2,2,0,-3.449920668,4,1,245.1652525,2,2781.231367,4
6,bimodal,Task B ,1,2,0,1.355332847,3,2,153.2422502,3,3221.036764,3
6,bimodal,Task B ,2,2,0,3.997314791,4,1,118.3105102,4,2745.369675,4
6,bimodal,Task B ,1,1,0,4.333892692,3,2,301.5361757,5,3364.050739,3
6,bimodal,Task B ,1,2,1,-1.608771452,1,1,189.180674,6,2597.97146,1
7,bimodal,Task B ,1,1,0,-0.244796765,3,2,225.8545731,1,3243.183074,3
7,bimodal,Task B ,1,4,1,-1.482590346,3,1,135.2897702,2,2746.202691,3
7,bimodal,Task B ,1,4,1,-3.366454417,4,1,137.814836,3,2498.890713,4
7,bimodal,Task B ,1,1,1,-3.587448114,3,1,172.7552832,4,2479.787415,3
7,bimodal,Task B ,2,4,1,5.752530064,4,2,56.97768705,5,2797.166633,4
7,bimodal,Task B ,1,4,0,12.23774721,3,2,173.6557029,6,1954.296512,3
8,bimodal,Task B ,2,4,1,16.54753133,2,2,15.67554851,1,2235.640373,2
8,bimodal,Task B ,2,4,1,-9.034141939,3,2,99.06705367,2,2862.696884,3
8,bimodal,Task B ,1,4,0,-0.264265724,4,2,9.947794909,3,3025.228813,4
8,bimodal,Task B ,1,4,1,-0.531366866,1,1,300.2546794,4,2519.226861,1
8,bimodal,Task B ,1,4,1,-6.004257125,4,1,241.8185087,5,2771.319072,4
8,bimodal,Task B ,1,4,1,-2.289965312,3,1,61.51034673,6,2683.155799,3
9,bimodal,Task B ,2,3,1,20.69278784,3,2,99.09069553,1,2437.245771,3
9,bimodal,Task B ,2,1,1,-14.81013892,1,2,107.9434336,2,2917.186514,1
9,bimodal,Task B ,2,2,0,0.411491352,1,1,174.5031808,3,2600.934679,1
9,bimodal,Task B ,2,2,1,-14.44580019,1,2,189.5999026,4,2560.349923,1
9,bimodal,Task B ,1,1,0,5.140022232,1,2,19.73143642,5,3049.429492,1
9,bimodal,Task B ,1,1,1,-1.094050091,3,1,354.6917602,6,2684.965205,3
10,bimodal,Task B ,1,1,1,-5.009203574,4,1,86.33333537,1,2568.121998,4
10,bimodal,Task B ,1,2,1,0.424954334,3,1,280.6108034,2,2679.526965,3
10,bimodal,Task B ,1,1,1,1.549092215,2,1,306.6753082,3,2635.750318,2
10,bimodal,Task B ,1,1,0,-1.858052228,1,2,95.70984416,4,1927.241113,1
10,bimodal,Task B ,1,1,1,0.01596652,3,1,153.9020174,5,2693.195681,3
10,bimodal,Task B ,1,2,0,9.3563387,1,2,242.6381445,6,2411.147716,1
1,bimodal,Task B ,2,2,1,5.206563895,2,2,12.17989268,1,2368.777089,2
1,bimodal,Task B ,1,3,1,-3.896001578,4,1,95.80750046,2,2495.0819,4
1,bimodal,Task B ,1,3,1,-0.325687427,3,1,171.9308841,3,2652.480009,3
1,bimodal,Task B ,2,2,1,18.37371119,2,2,307.4312991,4,2582.728257,2
1,bimodal,Task B ,2,3,1,6.701466849,2,2,309.832604,5,1700.492181,2
1,bimodal,Task B ,1,3,1,-4.355550818,3,1,204.778079,6,2692.379662,3
2,bimodal,Task B ,1,2,1,5.589367785,1,1,184.8550602,1,2654.077588,1
2,bimodal,Task B ,2,3,1,-19.04075465,4,2,81.15410298,2,2838.369995,4
2,bimodal,Task B ,2,2,1,8.895172337,3,2,354.3491421,3,2788.56601,3
2,bimodal,Task B ,1,2,0,5.886235332,2,2,332.1627122,4,3631.229277,2
2,bimodal,Task B ,1,2,1,-0.028268149,3,1,262.4295928,5,2390.781796,3
2,bimodal,Task B ,1,2,1,0.694015035,2,1,85.50602333,6,2770.407602,2
3,bimodal,Task B ,1,4,0,3.608949902,1,2,215.1916257,1,2608.602266,1
3,bimodal,Task B ,2,1,0,3.631374651,4,1,271.5233214,2,2616.838042,4
3,bimodal,Task B ,1,4,1,-1.309277215,4,1,345.1066831,3,2752.372915,4
3,bimodal,Task B ,2,4,1,-13.02926599,4,2,77.62182768,4,1201.395248,4
3,bimodal,Task B ,1,2,1,-2.940924898,4,1,268.6057764,5,2624.093614,4
3,bimodal,Task B ,2,4,1,14.05569,1,2,334.0141552,6,3865.657823,1
4,bimodal,Task B ,2,3,1,-5.565919937,1,2,193.4436263,1,3632.529193,1
4,bimodal,Task B ,1,3,1,-1.401428524,3,1,54.00109252,2,2878.498902,3
4,bimodal,Task B ,1,2,0,8.391611677,2,2,232.819723,3,3277.631845,2
4,bimodal,Task B ,1,3,1,-6.310194237,3,1,86.94291647,4,2832.398101,3
4,bimodal,Task B ,1,2,1,2.071503878,3,1,135.2460829,5,2717.100272,3
4,bimodal,Task B ,2,2,0,-8.907447577,2,1,341.297923,6,2623.188092,2
5,bimodal,Task B ,1,4,1,-0.910427891,3,1,120.4580597,1,2880.440922,3
5,bimodal,Task B ,2,4,1,-9.039990427,4,2,159.2674541,2,3323.062865,4
5,bimodal,Task B ,1,4,1,-4.705253631,1,1,202.2390756,3,2685.952357,1
5,bimodal,Task B ,1,1,1,3.983071491,1,1,89.34666149,4,2699.739821,1
5,bimodal,Task B ,1,2,0,-7.410312832,3,2,18.59521097,5,2550.036135,3
5,bimodal,Task B ,1,3,1,0.305586342,2,1,48.22606196,6,2859.917137,2
6,bimodal,Task B ,1,2,1,-0.08200295,1,1,255.5718857,1,2629.803199,1
6,bimodal,Task B ,2,2,0,-4.142580661,3,1,290.4481949,2,2738.894568,3
6,bimodal,Task B ,1,1,0,-18.1381511,1,2,166.030076,3,2412.483415,1
6,bimodal,Task B ,2,2,1,12.57505765,4,2,276.8766375,4,2471.458529,4
6,bimodal,Task B ,2,2,1,-0.209773955,1,2,279.6825585,5,2409.21369,1
6,bimodal,Task B ,1,2,1,-0.070494926,2,1,231.5297085,6,2708.467492,2
7,bimodal,Task B ,1,4,0,5.804080863,3,2,349.3323712,1,3269.503581,3
7,bimodal,Task B ,1,2,1,-2.601472737,3,1,159.0416133,2,2708.249006,3
7,bimodal,Task B ,1,4,1,3.03168652,2,1,88.90566179,3,2787.720842,2
7,bimodal,Task B ,2,4,0,-0.948847143,4,1,98.36652453,4,2915.068075,4
7,bimodal,Task B ,1,1,0,12.28702129,2,2,128.3803887,5,2953.802841,2
7,bimodal,Task B ,2,1,1,-25.12820502,3,2,208.8537408,6,2274.69278,3
8,bimodal,Task B ,2,4,1,10.03421688,4,2,197.5037692,1,3943.109793,4
8,bimodal,Task B ,1,4,0,-1.604874696,2,2,292.7522972,2,2558.082344,2
8,bimodal,Task B ,1,4,1,1.73557588,1,1,302.9273456,3,2574.777775,1
8,bimodal,Task B ,2,4,1,-11.80528359,1,2,88.6391749,4,2194.536363,1
8,bimodal,Task B ,1,4,0,4.733913474,2,2,328.7654533,5,1903.272476,2
8,bimodal,Task B ,1,4,1,-2.478642431,1,1,49.83810971,6,2761.418696,1
9,bimodal,Task B ,1,3,1,-3.649573676,2,1,161.9528904,1,2487.241127,2
9,bimodal,Task B ,1,3,1,1.831031561,2,1,291.6832631,2,2494.438979,2
9,bimodal,Task B ,2,3,1,17.40503856,4,2,311.9860723,3,2649.490998,4
9,bimodal,Task B ,1,4,0,-9.016237727,4,2,257.092032,4,3246.029873,4
9,bimodal,Task B ,1,4,0,8.658182921,4,2,165.7254544,5,2679.177912,4
9,bimodal,Task B ,1,3,1,1.397818459,4,1,230.4930018,6,2848.99513,4
10,bimodal,Task B ,1,2,1,-2.985893215,1,1,229.0704911,1,2456.574578,1
10,bimodal,Task B ,2,1,0,-2.452055935,4,1,4.567615553,2,2913.739728,4
10,bimodal,Task B ,1,2,0,1.643353246,4,2,156.7549938,3,2807.446466,4
10,bimodal,Task B ,2,1,1,-17.82721357,2,2,204.5313937,4,2426.409129,2
10,bimodal,Task B ,1,2,0,-6.284719038,4,2,75.34013206,5,2960.884222,4
10,bimodal,Task B ,2,2,1,-13.37295479,3,2,99.45494477,6,2432.400146,3
1,bimodal,Task B ,2,2,0,-0.42581357,1,1,302.0019457,1,3026.775003,1
1,bimodal,Task B ,2,2,1,-4.830705119,4,2,238.1157131,2,2845.527721,4
1,bimodal,Task B ,2,2,1,15.40555822,4,2,14.2583479,3,2758.976426,4
1,bimodal,Task B ,1,1,1,-3.259789834,1,1,159.9229111,4,2779.37638,1
1,bimodal,Task B ,1,2,1,-5.227708811,2,1,134.2253645,5,2801.493207,2
1,bimodal,Task B ,1,2,0,9.155963525,2,2,19.64702173,6,2418.866274,2
2,bimodal,Task B ,2,2,1,-10.44173999,2,2,257.1640688,1,2728.616642,2
2,bimodal,Task B ,2,2,1,-10.94341393,1,2,313.906198,2,2695.054762,1
2,bimodal,Task B ,2,2,0,-4.203403282,4,1,93.50047164,3,2541.470539,4
2,bimodal,Task B ,2,2,1,-19.0779166,1,2,160.06144,4,2681.467336,1
2,bimodal,Task B ,1,1,1,-1.674462043,1,1,359.8595555,5,2664.547017,1
2,bimodal,Task B ,1,4,1,0.103350877,1,1,51.49797303,6,2654.681498,1
3,bimodal,Task B ,1,2,1,-0.419307429,1,1,198.8244904,1,2725.820833,1
3,bimodal,Task B ,2,2,1,-2.424830083,2,2,269.1480256,2,2563.588173,2
3,bimodal,Task B ,2,3,1,-5.229864702,1,2,151.3319469,3,2913.399963,1
3,bimodal,Task B ,1,4,1,-0.91938325,1,1,121.8538579,4,2678.604493,1
3,bimodal,Task B ,2,4,1,-24.17106166,1,2,10.68372277,5,2671.107527,1
3,bimodal,Task B ,1,3,1,2.98174635,4,1,82.21964999,6,2746.601751,4
4,bimodal,Task B ,1,2,0,2.691493087,1,2,36.53922875,1,2712.749329,1
4,bimodal,Task B ,2,3,1,-25.38836982,1,2,164.1799367,2,2383.752476,1
4,bimodal,Task B ,2,3,1,5.068264546,4,2,158.4717564,3,2864.921396,4
4,bimodal,Task B ,2,2,1,11.13090031,3,2,114.3236021,4,2677.933146,3
4,bimodal,Task B ,1,2,1,3.264910763,1,1,173.4668571,5,2603.381652,1
4,bimodal,Task B ,2,3,1,2.562375724,4,2,95.30488656,6,3558.287235,4
5,bimodal,Task B ,1,3,0,1.722883997,3,2,283.4183655,1,3378.77575,3
5,bimodal,Task B ,2,4,1,-6.287551401,2,2,178.1972106,2,2452.107805,2
5,bimodal,Task B ,2,4,1,6.831268704,3,2,258.3969013,3,3241.599146,3
5,bimodal,Task B ,2,4,1,4.060757523,4,2,15.12947281,4,3622.023124,4
5,bimodal,Task B ,1,4,1,0.546497089,2,1,356.091473,5,3034.652872,2
5,bimodal,Task B ,2,3,1,8.939010737,3,2,316.2268167,6,2343.012903,3
6,bimodal,Task B ,1,3,1,-2.61091214,4,1,315.2402542,1,2642.771335,4
6,bimodal,Task B ,1,2,0,8.944949686,1,2,238.2988719,2,3546.654429,1
6,bimodal,Task B ,2,2,1,2.692208142,1,2,282.9365103,3,1938.723309,1
6,bimodal,Task B ,1,2,1,3.184131837,1,1,34.81246847,4,2566.444438,1
6,bimodal,Task B ,2,2,1,-12.53412787,2,2,79.94594692,5,2419.516738,2
6,bimodal,Task B ,2,2,1,-2.061754032,2,2,168.025188,6,2201.15146,2
7,bimodal,Task B ,1,4,1,-0.750091784,4,1,33.90404363,1,2414.819024,4
7,bimodal,Task B ,1,4,0,7.571771611,3,2,218.4200397,2,3648.54462,3
7,bimodal,Task B ,1,4,0,3.782460137,1,2,287.0383911,3,2757.370757,1
7,bimodal,Task B ,2,1,1,3.528433917,3,2,212.6982912,4,2744.420031,3
7,bimodal,Task B ,1,4,1,2.892129893,3,1,281.7916506,5,2772.406767,3
7,bimodal,Task B ,1,4,0,-8.485013788,3,2,334.3785531,6,2676.236972,3
8,bimodal,Task B ,1,3,1,0.212187128,1,1,33.91548372,1,2905.920303,1
8,bimodal,Task B ,2,4,0,6.82149265,2,1,137.9422607,2,2662.932339,2
8,bimodal,Task B ,2,4,1,-13.30677693,3,2,349.3335984,3,2350.908148,3
8,bimodal,Task B ,1,4,1,-1.494275468,1,1,173.5201052,4,2919.861385,1
8,bimodal,Task B ,2,4,1,5.346815653,4,2,146.0461164,5,2877.980305,4
8,bimodal,Task B ,2,4,1,7.994004741,2,2,188.0385504,6,3895.419214,2
9,bimodal,Task B ,1,2,1,0.105454234,2,1,224.7365267,1,2628.618654,2
9,bimodal,Task B ,1,1,1,2.249746077,1,1,53.27357302,2,2556.945388,1
9,bimodal,Task B ,1,2,1,-6.076140414,1,1,128.2616704,3,2809.409655,1
9,bimodal,Task B ,1,2,1,-0.299004153,4,1,229.9583103,4,2738.334595,4
9,bimodal,Task B ,1,1,0,-3.274941985,2,2,56.10513019,5,2741.173034,2
9,bimodal,Task B ,2,2,0,-3.912174978,1,1,334.7358773,6,2579.001987,1
10,bimodal,Task B ,1,1,1,1.024189922,3,1,359.73523,1,2712.291122,3
10,bimodal,Task B ,2,2,1,-16.57639885,4,2,341.748267,2,2743.744382,4
10,bimodal,Task B ,1,2,1,1.113930132,3,1,19.21057227,3,2654.512612,3
10,bimodal,Task B ,1,2,0,11.6016457,2,2,14.84234241,4,2665.951732,2
10,bimodal,Task B ,1,1,0,5.244966157,3,2,215.9154811,5,2626.603987,3
10,bimodal,Task B ,1,1,0,4.912934167,3,2,329.8218919,6,1929.637187,3
1,bimodal,Task B ,2,4,1,-5.601537227,4,2,79.25033905,1,1022.671295,4
1,bimodal,Task B ,1,3,1,0.890507583,4,1,236.8630829,2,2786.356692,4
1,bimodal,Task B ,1,3,1,1.347428873,2,1,27.5049379,3,2840.280445,2
1,bimodal,Task B ,1,3,1,2.955761378,1,1,332.6787794,4,2772.930793,1
1,bimodal,Task B ,1,3,1,-1.429641667,4,1,57.39811841,5,2659.983597,4
1,bimodal,Task B ,2,3,1,17.63750761,2,2,224.6676737,6,2894.046202,2
2,bimodal,Task B ,1,1,1,2.704781023,1,1,290.9988501,1,2609.41832,1
2,bimodal,Task B ,2,2,0,-1.618471024,4,1,14.6923518,2,2861.55075,4
2,bimodal,Task B ,1,3,0,-2.819202908,2,2,126.144332,3,2642.103722,2
2,bimodal,Task B ,1,2,1,-2.892327374,1,1,196.7451178,4,2750.336724,1
2,bimodal,Task B ,2,3,1,-6.634897685,4,2,166.1268224,5,2489.0144,4
2,bimodal,Task B ,2,1,0,-1.397131644,1,1,90.98403653,6,2648.129964,1
3,bimodal,Task B ,2,2,1,-3.479060573,4,2,0.376033214,1,3233.947249,4
3,bimodal,Task B ,2,1,1,-1.894556835,1,2,327.0564792,2,3106.355813,1
3,bimodal,Task B ,1,3,1,-3.548129164,4,1,180.1266048,3,2799.299409,4
3,bimodal,Task B ,1,1,0,19.08786808,3,2,340.8932865,4,2944.564515,3
3,bimodal,Task B ,2,2,1,10.21585628,4,2,238.9868561,5,3272.86822,4
3,bimodal,Task B ,2,1,1,1.827043798,2,2,65.91254875,6,3115.901953,2
4,bimodal,Task B ,2,2,0,-1.382977305,4,1,196.2658164,1,2975.396741,4
4,bimodal,Task B ,1,2,0,12.3572236,1,2,275.9988748,2,2442.033753,1
4,bimodal,Task B ,1,2,1,3.765740468,3,1,32.02135724,3,2427.413618,3
4,bimodal,Task B ,1,3,0,12.87292138,3,2,322.6562812,4,2777.280788,3
4,bimodal,Task B ,1,1,0,1.147671226,1,2,77.75519969,5,3225.86041,1
4,bimodal,Task B ,1,3,0,0.420624138,4,2,107.1722651,6,2535.696974,4
5,bimodal,Task B ,1,2,1,3.11436342,2,1,47.74600266,1,2810.651694,2
5,bimodal,Task B ,1,4,1,-0.685594163,2,1,6.615959,2,2540.133642,2
5,bimodal,Task B ,1,4,0,1.082593337,1,2,299.7649892,3,3599.928235,1
5,bimodal,Task B ,2,2,1,-12.76967352,4,2,76.73742215,4,2641.621346,4
5,bimodal,Task B ,2,4,1,14.64651103,2,2,2.559867803,5,1449.56487,2
5,bimodal,Task B ,2,4,0,0.981384328,1,1,76.74455633,6,2706.252563,1
6,bimodal,Task B ,1,2,0,0.041098348,2,2,273.9476551,1,2251.824139,2
6,bimodal,Task B ,1,2,0,-6.368033429,2,2,280.2211852,2,2129.697545,2
6,bimodal,Task B ,1,2,0,0.681610483,1,2,298.1107204,3,2730.650315,1
6,bimodal,Task B ,1,2,0,-2.622098665,3,2,98.9740115,4,2553.065917,3
6,bimodal,Task B ,2,2,1,-13.98427326,1,2,235.338617,5,2221.439614,1
6,bimodal,Task B ,1,1,0,-9.402697838,2,2,310.4413798,6,2751.937464,2
7,bimodal,Task B ,1,1,0,-4.17900405,3,2,84.29608992,1,3251.93337,3
7,bimodal,Task B ,1,4,1,1.065528898,4,1,143.3222384,2,2453.139309,4
7,bimodal,Task B ,1,4,1,-2.769867857,4,1,223.3429969,3,2668.200165,4
7,bimodal,Task B ,1,4,1,-1.006064546,4,1,80.01435602,4,2695.428815,4
7,bimodal,Task B ,1,1,1,1.373072723,2,1,292.3640504,5,2831.145852,2
7,bimodal,Task B ,1,4,1,0.587298495,4,1,266.094886,6,2651.681116,4
8,bimodal,Task B ,1,4,1,4.318634046,2,1,265.0019575,1,2829.653192,2
8,bimodal,Task B ,2,4,1,-14.47868712,4,2,212.6871372,2,2548.075633,4
8,bimodal,Task B ,1,4,0,-0.632243395,3,2,289.5082896,3,2571.874308,3
8,bimodal,Task B ,1,4,1,-1.685052489,1,1,333.9071862,4,2713.812162,1
8,bimodal,Task B ,2,4,1,-10.72434575,4,2,177.7802586,5,2298.191644,4
8,bimodal,Task B ,1,4,1,-2.886728131,3,1,182.7535963,6,2390.512432,3
9,bimodal,Task B ,1,2,0,-6.377156383,2,2,321.9720274,1,2213.70686,2
9,bimodal,Task B ,1,3,0,9.574005938,2,2,350.7724035,2,3449.921134,2
9,bimodal,Task B ,1,3,1,-3.07067699,4,1,354.0512041,3,2799.696231,4
9,bimodal,Task B ,2,2,1,-17.14761458,4,2,13.99119171,4,3502.111136,4
9,bimodal,Task B ,1,1,1,-1.002774725,4,1,33.85683053,5,2773.178543,4
9,bimodal,Task B ,1,2,0,-3.952174229,2,2,22.90834868,6,2379.460244,2
10,bimodal,Task B ,2,2,1,-20.80485251,3,2,166.8691514,1,2798.722833,3
10,bimodal,Task B ,1,2,1,-1.809661865,4,1,220.2128665,2,2744.438788,4
10,bimodal,Task B ,1,2,1,-3.727681895,3,1,260.6731837,3,2686.468019,3
10,bimodal,Task B ,2,3,1,-14.05181882,4,2,65.72869923,4,3273.74052,4
10,bimodal,Task B ,1,1,1,1.749401752,3,1,242.6520968,5,2779.477718,3
10,bimodal,Task B ,2,2,1,-1.748165028,2,2,265.6000423,6,4145.339534,2
1,bimodal,Task B ,1,3,1,-3.607558181,4,1,273.7094455,1,2553.135433,4
1,bimodal,Task B ,2,2,1,-16.39322379,1,2,342.4966477,2,2676.054308,1
1,bimodal,Task B ,1,3,1,-0.767003445,2,1,181.8260968,3,2904.048464,2
1,bimodal,Task B ,1,2,1,-1.657992583,1,1,123.9809434,4,2649.408676,1
1,bimodal,Task B ,1,3,1,-3.624704751,3,1,188.3850599,5,2646.877923,3
1,bimodal,Task B ,1,3,1,-4.437180932,2,1,89.38720292,6,2676.855231,2
2,bimodal,Task B ,1,3,1,3.713406764,3,1,42.64660763,1,2705.136355,3
2,bimodal,Task B ,1,2,1,4.604839307,3,1,156.3451709,2,2696.027788,3
2,bimodal,Task B ,2,2,0,-1.744269212,3,1,159.2675439,3,2852.46134,3
2,bimodal,Task B ,2,1,0,0.093551548,2,1,148.162055,4,2646.052662,2
2,bimodal,Task B ,2,3,1,-15.89850889,3,2,299.9570134,5,2685.282211,3
2,bimodal,Task B ,2,4,1,-19.75238931,4,2,89.09657455,6,2857.165946,4
3,bimodal,Task B ,2,3,1,10.57736462,1,2,231.9955193,1,2418.856537,1
3,bimodal,Task B ,1,3,1,0.378728064,4,1,144.6099748,2,2554.82931,4
3,bimodal,Task B ,2,4,1,-5.050468315,2,2,240.3992354,3,3581.819425,2
3,bimodal,Task B ,1,4,0,-0.572367382,1,2,328.505475,4,2691.324046,1
3,bimodal,Task B ,1,3,1,4.066684486,4,1,283.5677633,5,2916.861438,4
3,bimodal,Task B ,1,2,1,3.792780363,1,1,276.5011891,6,2791.495224,1
4,bimodal,Task B ,1,4,0,-0.123722906,3,2,228.9121463,1,2963.6758,3
4,bimodal,Task B ,1,2,0,3.639526268,2,2,168.233174,2,2753.697035,2
4,bimodal,Task B ,1,1,1,2.305738792,1,1,172.3477732,3,2795.766408,1
4,bimodal,Task B ,1,1,0,16.10644852,4,2,198.6408953,4,2674.096075,4
4,bimodal,Task B ,1,2,0,-4.873077844,4,2,62.22927208,5,2774.356415,4
4,bimodal,Task B ,1,2,1,-0.317561915,2,1,190.3595839,6,2585.883599,2
5,bimodal,Task B ,1,4,1,1.896939158,1,1,32.13164143,1,2552.332872,1
5,bimodal,Task B ,1,4,1,0.513597549,2,1,110.1815215,2,2823.249642,2
5,bimodal,Task B ,2,1,0,-2.926590512,3,1,344.5719139,3,2717.787376,3
5,bimodal,Task B ,1,4,0,5.881376167,2,2,208.1808654,4,3850.268468,2
5,bimodal,Task B ,1,4,1,-1.200585466,2,1,272.5193849,5,2921.906929,2
5,bimodal,Task B ,1,3,1,-1.140855071,1,1,303.8808163,6,2436.037096,1
6,bimodal,Task B ,1,2,1,0.490776002,3,1,223.6440038,1,2825.688872,3
6,bimodal,Task B ,2,2,1,14.37876199,3,2,76.13666587,2,2154.340953,3
6,bimodal,Task B ,2,2,1,6.196230421,4,2,331.9440404,3,2492.087969,4
6,bimodal,Task B ,1,2,1,-0.617946307,2,1,76.72673104,4,2696.823686,2
6,bimodal,Task B ,1,2,1,4.614868964,2,1,277.7496711,5,2659.595019,2
6,bimodal,Task B ,2,1,1,-6.092970421,3,2,358.3735381,6,2625.762498,3
7,bimodal,Task B ,1,4,0,20.82512424,3,2,38.28565557,1,2696.129054,3
7,bimodal,Task B ,1,1,1,-1.782951646,2,1,54.84554842,2,2632.010052,2
7,bimodal,Task B ,1,1,1,1.200435988,3,1,115.1837614,3,2588.03877,3
7,bimodal,Task B ,1,4,1,-0.070851232,4,1,44.23701751,4,2688.013742,4
7,bimodal,Task B ,1,1,0,-12.29935883,2,2,86.51558143,5,3176.738158,2
7,bimodal,Task B ,1,4,1,-1.927141748,4,1,10.56025796,6,2562.028577,4
8,bimodal,Task B ,1,4,0,-7.934473713,4,2,127.5204053,1,2346.77214,4
8,bimodal,Task B ,2,4,1,-8.946329287,2,2,339.5268552,2,2499.68328,2
8,bimodal,Task B ,2,4,1,15.3827935,2,2,116.588017,3,3107.360454,2
8,bimodal,Task B ,1,4,1,-0.228457805,3,1,64.68709464,4,2721.165923,3
8,bimodal,Task B ,1,4,1,2.049993484,4,1,350.5542745,5,2694.916883,4
8,bimodal,Task B ,1,4,0,4.152122366,4,2,222.1439382,6,2928.918991,4
9,bimodal,Task B ,2,1,1,7.671223398,3,2,328.9918744,1,2283.187793,3
9,bimodal,Task B ,1,1,0,6.629769408,2,2,48.64163916,2,3152.370553,2
9,bimodal,Task B ,1,4,1,1.41830872,3,1,23.88443765,3,2745.802983,3
9,bimodal,Task B ,2,3,0,-1.728235071,3,1,350.8694614,4,2809.804529,3
9,bimodal,Task B ,1,2,1,-1.401790437,2,1,338.3513245,5,2641.919669,2
9,bimodal,Task B ,2,2,1,-14.36985536,3,2,18.81274223,6,2531.292438,3
10,bimodal,Task B ,1,2,1,5.572790405,1,1,20.39773312,1,2599.063094,1
10,bimodal,Task B ,1,1,1,-3.341548569,2,1,138.987963,2,2800.790937,2
10,bimodal,Task B ,2,1,1,-12.95266385,2,2,52.17430138,3,2497.967929,2
10,bimodal,Task B ,1,2,0,3.002682768,4,2,36.42288099,4,2527.854108,4
10,bimodal,Task B ,2,1,1,10.5472471,2,2,207.108696,5,2173.945504,2
10,bimodal,Task B ,1,2,1,0.197609475,1,1,198.417846,6,2814.794437,1
1,bimodal,Task B ,1,2,1,6.733611301,3,1,6.253804129,1,2799.456895,3
1,bimodal,Task B ,2,1,1,-12.41740696,3,2,144.628819,2,3281.237137,3
1,bimodal,Task B ,2,1,1,-17.33148711,1,2,100.5174562,3,2544.081898,1
1,bimodal,Task B ,1,2,1,1.259518434,3,1,167.9353463,4,2636.447556,3
1,bimodal,Task B ,1,3,1,2.521413297,2,1,50.9636558,5,2813.592065,2
1,bimodal,Task B ,2,3,1,-11.75569384,2,2,181.2649411,6,2953.437559,2
2,bimodal,Task B ,1,1,1,-2.516550526,1,1,275.05162,1,2756.991914,1
2,bimodal,Task B ,2,2,0,-3.364595985,3,1,252.7220389,2,2557.925165,3
2,bimodal,Task B ,1,2,0,11.12614024,2,2,154.9599003,3,2927.636076,2
2,bimodal,Task B ,2,2,0,3.674773773,2,1,100.0472973,4,2479.517045,2
2,bimodal,Task B ,1,2,1,-3.424415209,3,1,247.7798775,5,2810.660803,3
2,bimodal,Task B ,1,3,1,0.144778375,1,1,20.51234205,6,2573.41655,1
3,bimodal,Task B ,2,4,1,-6.463625163,4,2,126.8970482,1,1868.873005,4
3,bimodal,Task B ,1,4,1,1.426257603,1,1,315.4139262,2,2732.498706,1
3,bimodal,Task B ,1,1,0,-10.05262232,4,2,109.5709955,3,2784.640886,4
3,bimodal,Task B ,1,3,1,-0.473590527,1,1,152.9004032,4,2695.047965,1
3,bimodal,Task B ,1,3,1,-1.883864024,2,1,234.8436086,5,2710.179,2
3,bimodal,Task B ,1,3,1,0.242442722,4,1,300.0229327,6,2458.350886,4
4,bimodal,Task B ,1,2,0,-3.399658126,1,2,296.7022989,1,2983.769296,1
4,bimodal,Task B ,2,4,1,16.92625123,4,2,248.8994605,2,2239.251574,4
4,bimodal,Task B ,1,3,0,5.034171869,3,2,206.5526177,3,3153.91409,3
4,bimodal,Task B ,1,3,1,-1.510475165,2,1,127.1532561,4,2645.480116,2
4,bimodal,Task B ,1,3,1,-3.270975163,4,1,254.7070396,5,2641.015614,4
4,bimodal,Task B ,1,1,1,2.293043208,2,1,118.0401591,6,2764.585782,2
5,bimodal,Task B ,1,4,1,1.682871141,4,1,6.440813326,1,2721.185241,4
5,bimodal,Task B ,2,3,1,-15.7368205,3,2,15.61599624,2,2450.742715,3
5,bimodal,Task B ,1,3,1,1.515810684,1,1,359.5536428,3,2605.310241,1
5,bimodal,Task B ,2,4,1,14.05258675,4,2,111.9003241,4,1961.093705,4
5,bimodal,Task B ,1,4,1,-3.683427977,2,1,136.9892741,5,2691.57775,2
5,bimodal,Task B ,1,4,1,2.779213057,2,1,349.3786328,6,2595.908987,2
6,bimodal,Task B ,2,3,1,14.89974652,1,2,148.1236997,1,3476.101071,1
6,bimodal,Task B ,1,2,1,-0.235811319,2,1,324.482937,2,2560.419366,2
6,bimodal,Task B ,2,2,0,0.831359007,3,1,219.8533771,3,2808.980624,3
6,bimodal,Task B ,1,2,0,-3.013494131,1,2,310.7832497,4,3201.224874,1
6,bimodal,Task B ,2,2,1,13.40724003,4,2,331.1718198,5,2837.340875,4
6,bimodal,Task B ,1,2,0,26.73468308,4,2,345.4017184,6,2259.502662,4
7,bimodal,Task B ,1,4,0,13.21338925,4,2,348.4678348,1,2798.786081,4
7,bimodal,Task B ,1,4,1,2.827629815,3,1,311.1693676,2,2871.43432,3
7,bimodal,Task B ,1,1,1,-2.682231814,3,1,111.4483352,3,2529.42633,3
7,bimodal,Task B ,1,1,1,-2.103424278,2,1,106.4888422,4,2662.184909,2
7,bimodal,Task B ,2,1,1,-11.63611496,2,2,132.0891077,5,2900.552221,2
7,bimodal,Task B ,1,4,1,1.759190239,2,1,176.7330606,6,2880.810393,2
8,bimodal,Task B ,2,4,1,25.00301029,2,2,279.681298,1,2383.966623,2
8,bimodal,Task B ,1,4,1,-1.302643111,3,1,109.1778671,2,2723.322855,3
8,bimodal,Task B ,1,4,1,-0.316652271,4,1,333.1431409,3,2600.185334,4
8,bimodal,Task B ,1,1,0,-25.29176003,2,2,122.648634,4,3311.542255,2
8,bimodal,Task B ,1,4,0,1.777578439,3,2,162.8519726,5,2824.515673,3
8,bimodal,Task B ,2,4,1,-31.72685942,2,2,333.3118242,6,2370.377548,2
9,bimodal,Task B ,2,1,0,-1.53011661,2,1,209.1561742,1,2772.54786,2
9,bimodal,Task B ,2,1,1,-4.58206184,3,2,103.763133,2,2892.127584,3
9,bimodal,Task B ,1,1,0,1.052039312,2,2,126.2638522,3,2692.9428,2
9,bimodal,Task B ,2,2,1,-4.816946844,3,2,277.8991795,4,2217.999679,3
9,bimodal,Task B ,1,3,1,-0.809738687,1,1,187.6717259,5,2953.919148,1
9,bimodal,Task B ,1,3,1,2.345207279,2,1,58.53403242,6,2708.746596,2
10,bimodal,Task B ,1,1,0,-11.57061023,2,2,191.5981269,1,2325.847384,2
10,bimodal,Task B ,1,1,1,0.951137733,3,1,284.4950237,2,2380.044553,3
10,bimodal,Task B ,2,3,1,11.05448793,2,2,57.90368293,3,3299.715641,2
10,bimodal,Task B ,1,1,0,15.05848638,1,2,56.27315186,4,2883.813463,1
10,bimodal,Task B ,2,1,1,10.93813807,4,2,170.0147467,5,2185.922443,4
10,bimodal,Task B ,1,1,1,2.603816908,1,1,56.74933016,6,2849.882413,1
1,bimodal,Task B ,2,2,1,22.19397242,1,2,332.2467412,1,2547.547046,1
1,bimodal,Task B ,2,2,1,10.10969134,2,2,115.336453,2,3007.658936,2
1,bimodal,Task B ,2,2,1,5.65637585,2,2,359.2029936,3,2258.505501,2
1,bimodal,Task B ,1,3,1,1.704719091,1,1,220.8996202,4,2842.344515,1
1,bimodal,Task B ,2,1,1,-6.554911504,1,2,42.99441804,5,3541.719597,1
1,bimodal,Task B ,2,2,1,-1.567196424,1,2,207.1615219,6,2868.615204,1
2,bimodal,Task B ,1,2,1,3.476415834,3,1,27.82856117,1,2403.475897,3
2,bimodal,Task B ,1,2,1,-0.658199291,2,1,308.2082531,2,2710.256273,2
2,bimodal,Task B ,1,3,1,3.857737486,4,1,326.4473532,3,2876.794795,4
2,bimodal,Task B ,1,2,1,-2.509970157,2,1,20.22966589,4,2701.442784,2
2,bimodal,Task B ,1,2,1,-5.936215001,3,1,319.9352138,5,2569.966321,3
2,bimodal,Task B ,2,1,0,-0.464731738,2,1,47.04091829,6,2605.948408,2
3,bimodal,Task B ,1,4,1,-1.200769878,4,1,47.23350156,1,2693.478944,4
3,bimodal,Task B ,1,1,1,-4.919909618,1,1,171.1021377,2,2631.436685,1
3,bimodal,Task B ,1,2,0,-4.981642365,1,2,228.3783074,3,2872.675476,1
3,bimodal,Task B ,2,4,1,12.68177421,2,2,286.4374134,4,3470.424119,2
3,bimodal,Task B ,2,1,0,2.859876987,2,1,326.8981321,5,2727.718251,2
3,bimodal,Task B ,1,3,0,-3.1942704,2,2,191.1978375,6,2553.175705,2
4,bimodal,Task B ,1,4,0,5.837772175,4,2,81.50784765,1,2718.818801,4
4,bimodal,Task B ,2,4,1,6.33554929,3,2,207.2969237,2,3163.338719,3
4,bimodal,Task B ,1,4,1,5.352060274,4,1,239.3615305,3,2737.238151,4
4,bimodal,Task B ,2,1,1,19.84246225,2,2,94.47737549,4,2318.873707,2
4,bimodal,Task B ,1,1,1,-1.545437362,4,1,70.87482232,5,2893.981941,4
4,bimodal,Task B ,1,1,1,1.00181007,2,1,212.6978146,6,2397.723224,2
5,bimodal,Task B ,1,4,0,0.106456272,2,2,320.5905028,1,2338.658664,2
5,bimodal,Task B ,1,4,1,1.645734345,2,1,67.16911857,2,2636.287587,2
5,bimodal,Task B ,1,2,0,-2.039726587,4,2,78.73382104,3,2884.749766,4
5,bimodal,Task B ,1,1,0,-9.441588974,2,2,32.02352855,4,1583.52524,2
5,bimodal,Task B ,2,4,1,19.52267686,3,2,144.2752812,5,2086.763603,3
5,bimodal,Task B ,2,4,1,-17.14165155,3,2,239.8076786,6,2862.869957,3
6,bimodal,Task B ,2,2,1,21.33786065,4,2,105.0967605,1,2655.689142,4
6,bimodal,Task B ,1,2,1,1.290405497,4,1,140.1669998,2,2730.711798,4
6,bimodal,Task B ,1,2,0,-4.64249825,2,2,326.8459361,3,2332.65053,2
6,bimodal,Task B ,2,2,1,-1.70499511,3,2,23.11645413,4,2203.302204,3
6,bimodal,Task B ,2,2,0,-6.879109708,2,1,27.5846276,5,2732.548347,2
6,bimodal,Task B ,2,2,1,-4.154101617,4,2,353.5174929,6,2393.157914,4
7,bimodal,Task B ,2,1,1,-5.977829179,4,2,183.0356691,1,2782.204442,4
7,bimodal,Task B ,1,4,0,5.489319744,1,2,170.8218045,2,3332.452115,1
7,bimodal,Task B ,1,4,0,6.043960947,1,2,264.0944643,3,1819.683125,1
7,bimodal,Task B ,2,4,1,-23.21741203,2,2,205.1346429,4,2733.245076,2
7,bimodal,Task B ,1,1,1,4.661097932,1,1,266.8007673,5,2681.191571,1
7,bimodal,Task B ,1,1,1,4.884625654,2,1,356.5178903,6,2887.957331,2
8,bimodal,Task B ,2,4,1,-15.22459104,1,2,179.9794531,1,2180.081105,1
8,bimodal,Task B ,1,4,0,15.92458951,1,2,179.4196834,2,2349.885971,1
8,bimodal,Task B ,1,4,0,1.761636353,2,2,219.8585535,3,2395.203104,2
8,bimodal,Task B ,2,4,1,14.20364533,3,2,355.7443405,4,2431.340741,3
8,bimodal,Task B ,2,4,0,-6.13084081,1,1,226.8994789,5,2703.31843,1
8,bimodal,Task B ,2,4,1,-11.36134457,2,2,75.17707768,6,2585.07374,2
9,bimodal,Task B ,2,2,0,-0.638211522,2,1,2.123552892,1,2696.74827,2
9,bimodal,Task B ,1,3,1,-2.250519755,3,1,213.1392662,2,2736.823345,3
9,bimodal,Task B ,2,3,1,-22.48614618,3,2,86.12314451,3,2226.727993,3
9,bimodal,Task B ,1,2,1,5.147890061,4,1,31.22268735,4,2748.308617,4
9,bimodal,Task B ,1,1,0,-7.490434026,2,2,351.0505228,5,3020.305795,2
9,bimodal,Task B ,2,2,0,0.874255123,2,1,261.4161207,6,2873.004804,2
10,bimodal,Task B ,2,2,1,15.28763636,2,2,69.26941259,1,3271.424402,2
10,bimodal,Task B ,1,2,1,-2.274698245,4,1,188.1873335,2,2674.084277,4
10,bimodal,Task B ,1,1,1,-0.494715095,1,1,85.72025871,3,2600.581619,1
10,bimodal,Task B ,1,1,1,2.237612603,1,1,138.4336928,4,2673.7196,1
10,bimodal,Task B ,1,1,1,5.737184753,4,1,204.3308381,5,2673.034617,4
10,bimodal,Task B ,1,2,0,3.565042528,4,2,178.9185744,6,1881.565087,4
1,bimodal,Task B ,1,2,0,11.18340546,4,2,354.5842204,1,2507.086619,4
1,bimodal,Task B ,2,4,1,-15.23743498,4,2,193.8269154,2,2023.879333,4
1,bimodal,Task B ,2,2,1,8.933154397,4,2,115.5301756,3,2721.744552,4
1,bimodal,Task B ,1,3,1,-1.260062014,4,1,242.7215419,4,2710.304361,4
1,bimodal,Task B ,1,1,1,-2.65637082,1,1,346.1662373,5,2713.94342,1
1,bimodal,Task B ,1,3,1,-1.598618015,1,1,159.2504795,6,2904.15288,1
2,bimodal,Task B ,2,3,1,-24.12024401,1,2,240.0289358,1,2849.752864,1
2,bimodal,Task B ,1,2,1,1.34260973,3,1,172.661768,2,2537.03042,3
2,bimodal,Task B ,2,1,0,-0.671428804,4,1,337.4922711,3,2476.135471,4
2,bimodal,Task B ,2,3,1,-15.45907676,3,2,69.85150918,4,2602.330295,3
2,bimodal,Task B ,2,4,1,-3.323547175,4,2,21.42270383,5,3031.481087,4
2,bimodal,Task B ,1,2,1,-1.509868886,2,1,271.7202429,6,2659.311699,2
3,bimodal,Task B ,1,4,1,0.189873506,2,1,48.2386935,1,2644.114174,2
3,bimodal,Task B ,1,3,1,1.529788938,3,1,201.1306012,2,2577.386398,3
3,bimodal,Task B ,2,4,1,1.585325853,2,2,196.7607379,3,2504.928712,2
3,bimodal,Task B ,2,4,1,18.22390782,2,2,46.77938527,4,2342.388283,2
3,bimodal,Task B ,2,4,1,-18.65377001,2,2,170.8210401,5,2715.815681,2
3,bimodal,Task B ,1,3,1,2.398837929,2,1,188.4854579,6,2559.162124,2
4,bimodal,Task B ,1,2,1,-0.539770408,2,1,172.0282592,1,3055.821183,2
4,bimodal,Task B ,1,4,1,-0.042328556,4,1,342.6252346,2,2808.456928,4
4,bimodal,Task B ,1,1,1,-1.357725588,2,1,136.8540055,3,2590.9866,2
4,bimodal,Task B ,1,2,0,4.187178619,3,2,197.2391257,4,2397.542456,3
4,bimodal,Task B ,1,2,1,-1.076841607,2,1,106.0476156,5,2664.132332,2
4,bimodal,Task B ,1,2,1,-3.180950028,1,1,229.5701134,6,2568.79854,1
5,bimodal,Task B ,1,4,1,0.889902925,2,1,74.7351414,1,2756.493464,2
5,bimodal,Task B ,2,4,1,-9.83188104,3,2,234.0334207,2,3060.396212,3
5,bimodal,Task B ,2,4,1,27.10966012,1,2,207.6832458,3,2199.215301,1
5,bimodal,Task B ,2,4,1,11.61866918,4,2,76.59491964,4,2226.91179,4
5,bimodal,Task B ,1,4,1,-2.962503008,4,1,80.3663878,5,2674.514586,4
5,bimodal,Task B ,1,4,1,-0.869658946,4,1,322.9601838,6,2608.256574,4
6,bimodal,Task B ,1,2,1,0.248206815,3,1,147.9084993,1,2687.942611,3
6,bimodal,Task B ,1,2,1,-1.093872571,3,1,3.359446588,2,2721.601548,3
6,bimodal,Task B ,1,2,1,-0.735888679,4,1,121.5934211,3,2557.990674,4
6,bimodal,Task B ,1,2,1,-1.433266047,3,1,186.091625,4,2743.92878,3
6,bimodal,Task B ,1,1,0,2.770393121,2,2,200.5776603,5,3102.78086,2
6,bimodal,Task B ,2,2,1,-15.49796809,3,2,64.48888189,6,2763.248959,3
7,bimodal,Task B ,1,4,1,-2.506030348,1,1,64.96191255,1,2937.629772,1
7,bimodal,Task B ,1,1,1,8.036901639,1,1,292.5782947,2,2774.606868,1
7,bimodal,Task B ,1,4,0,6.321668278,4,2,299.2803516,3,3160.699298,4
7,bimodal,Task B ,1,2,1,0.246605046,2,1,180.8118684,4,2651.154088,2
7,bimodal,Task B ,1,4,0,-4.995749194,2,2,85.76042009,5,2036.838607,2
7,bimodal,Task B ,1,1,0,-5.150938245,1,2,98.51351009,6,3248.824802,1
8,bimodal,Task B ,1,4,0,7.518217766,1,2,331.2375357,1,2618.919907,1
8,bimodal,Task B ,2,4,1,8.812475212,4,2,245.2376674,2,2635.723591,4
8,bimodal,Task B ,1,4,1,-2.012350265,4,1,156.8250723,3,2777.855762,4
8,bimodal,Task B ,1,4,0,-1.430353985,4,2,239.1840995,4,3473.551279,4
8,bimodal,Task B ,1,4,0,-4.837650794,4,2,180.7869365,5,2904.778206,4
8,bimodal,Task B ,1,4,0,0.113125779,3,2,136.6366079,6,3205.594141,3
9,bimodal,Task B ,1,1,0,4.629375799,2,2,40.45891004,1,2091.656149,2
9,bimodal,Task B ,1,3,1,4.209185622,3,1,81.21827261,2,2659.299345,3
9,bimodal,Task B ,1,3,0,-19.3446513,1,2,110.4788917,3,2950.391963,1
9,bimodal,Task B ,1,3,0,-1.01826764,4,2,110.775116,4,1848.845924,4
9,bimodal,Task B ,2,4,1,-13.29745759,4,2,114.7605468,5,3555.493813,4
9,bimodal,Task B ,1,3,0,-2.647212085,4,2,206.9938984,6,2437.70793,4
10,bimodal,Task B ,1,2,1,-3.078958917,2,1,141.0015585,1,2535.439357,2
10,bimodal,Task B ,2,3,1,11.60063636,3,2,349.7978535,2,3274.354197,3
10,bimodal,Task B ,2,1,1,17.41190324,2,2,84.7159107,3,2408.275905,2
10,bimodal,Task B ,1,2,1,2.290075182,2,1,105.5381301,4,2757.008562,2
10,bimodal,Task B ,1,2,1,-2.242745596,1,1,283.3774825,5,2811.280305,1
10,bimodal,Task B ,1,1,0,8.917650482,1,2,317.1534818,6,1460.841286,1
1,bimodal,Task B ,2,2,1,-3.972554335,4,2,103.1917305,1,3210.719649,4
1,bimodal,Task B ,2,2,1,-1.555187443,2,2,330.2693305,2,2068.809903,2
1,bimodal,Task B ,1,2,1,-1.261253045,2,1,7.688857135,3,2586.022456,2
1,bimodal,Task B ,1,2,1,1.716163631,3,1,134.8876957,4,2655.28031,3
1,bimodal,Task B ,1,3,1,-1.864167911,4,1,352.7435046,5,2534.777388,4
1,bimodal,Task B ,2,4,1,-29.57931942,3,2,220.9790221,6,2418.798554,3
2,bimodal,Task B ,2,3,0,-4.057464514,2,1,275.9465293,1,2830.244179,2
2,bimodal,Task B ,1,3,0,2.562065991,3,2,101.4846793,2,3114.339067,3
2,bimodal,Task B ,1,2,1,1.500890643,4,1,92.71966509,3,2725.871252,4
2,bimodal,Task B ,1,2,1,1.834095894,3,1,236.5299238,4,2656.30688,3
2,bimodal,Task B ,2,1,0,1.012693689,4,1,180.2947463,5,2611.116154,4
2,bimodal,Task B ,2,1,0,-1.63622783,2,1,319.5762908,6,2450.676177,2
3,bimodal,Task B ,1,1,1,-3.989292346,1,1,332.6296662,1,2492.010143,1
3,bimodal,Task B ,2,4,1,-24.03433114,2,2,248.1557994,2,3156.833667,2
3,bimodal,Task B ,2,4,1,18.40113883,4,2,187.3313739,3,2836.358606,4
3,bimodal,Task B ,1,3,1,2.193015603,4,1,205.8077993,4,2777.264195,4
3,bimodal,Task B ,1,3,0,-2.071258755,1,2,146.0682098,5,2867.895216,1
3,bimodal,Task B ,1,3,1,-0.605862243,1,1,176.0406526,6,2924.345354,1
4,bimodal,Task B ,1,1,0,-9.253407869,1,2,93.94872305,1,2292.026861,1
4,bimodal,Task B ,2,3,1,8.842013377,4,2,239.7607802,2,2605.326266,4
4,bimodal,Task B ,1,4,1,-0.909852569,4,1,203.6718732,3,2683.59564,4
4,bimodal,Task B ,1,2,1,-5.070334456,3,1,301.0970236,4,2568.497137,3
4,bimodal,Task B ,1,3,1,3.199615056,2,1,3.110355928,5,2765.955518,2
4,bimodal,Task B ,1,1,1,3.11448488,3,1,257.9889872,6,2627.589977,3
5,bimodal,Task B ,1,4,1,1.939794732,3,1,140.1117652,1,2572.505122,3
5,bimodal,Task B ,1,4,1,0.815036229,2,1,287.0372445,2,2771.532099,2
5,bimodal,Task B ,1,4,1,2.879079164,4,1,247.5307018,3,2494.373799,4
5,bimodal,Task B ,1,3,0,2.603032968,4,2,341.3075332,4,2524.085424,4
5,bimodal,Task B ,1,4,1,0.462251583,4,1,147.9285803,5,2737.614394,4
5,bimodal,Task B ,2,3,1,6.289766252,4,2,347.2324192,6,2993.828403,4
6,bimodal,Task B ,1,3,1,-3.473227919,3,1,216.6087124,1,2536.787074,3
6,bimodal,Task B ,2,2,0,3.226104994,4,1,282.7853139,2,2720.851586,4
6,bimodal,Task B ,1,2,1,-8.750221254,4,1,261.4543273,3,2696.474372,4
6,bimodal,Task B ,2,2,1,5.901914539,4,2,108.6049961,4,1256.221164,4
6,bimodal,Task B ,2,2,1,6.063176801,4,2,175.5879686,5,2381.41494,4
6,bimodal,Task B ,1,2,1,-2.340656957,1,1,345.8316415,6,2800.413664,1
7,bimodal,Task B ,1,4,0,-1.186685627,3,2,68.82715181,1,2475.636398,3
7,bimodal,Task B ,1,4,1,3.392867844,1,1,38.45381438,2,2557.775333,1
7,bimodal,Task B ,1,4,1,-0.890419639,2,1,187.7322911,3,2835.600794,2
7,bimodal,Task B ,1,4,1,1.8300866,4,1,299.2520981,4,2711.579627,4
7,bimodal,Task B ,1,4,1,2.291649327,4,1,328.2418548,5,2869.87837,4
7,bimodal,Task B ,2,4,1,12.26358927,3,2,228.113339,6,3090.599899,3
8,bimodal,Task B ,2,3,1,12.31263479,4,2,234.9661667,1,4056.491037,4
8,bimodal,Task B ,1,4,0,-4.385992556,4,2,44.99521964,2,2763.728175,4
8,bimodal,Task B ,1,4,1,1.612480585,2,1,283.2796572,3,2828.191176,2
8,bimodal,Task B ,2,4,0,4.23557716,2,1,144.4656679,4,2851.113463,2
8,bimodal,Task B ,1,4,1,1.893901825,3,1,317.5630824,5,2704.139777,3
8,bimodal,Task B ,1,4,1,3.783910387,4,1,255.2212266,6,2512.567888,4
9,bimodal,Task B ,1,2,0,6.591654496,3,2,253.5477436,1,2452.784252,3
9,bimodal,Task B ,1,2,1,-2.094852493,1,1,194.3244224,2,2790.547415,1
9,bimodal,Task B ,1,2,0,-6.893888845,2,2,247.8985047,3,3271.073367,2
9,bimodal,Task B ,1,1,1,-1.21537944,1,1,277.7818407,4,2595.823684,1
9,bimodal,Task B ,2,3,0,-0.22083232,4,1,231.7572671,5,2790.152615,4
9,bimodal,Task B ,1,2,0,1.114007364,4,2,301.8389852,6,2614.761617,4
10,bimodal,Task B ,1,1,1,0.219692836,4,1,109.4633039,1,2626.227275,4
10,bimodal,Task B ,2,2,1,12.03819285,4,2,319.445993,2,2483.414813,4
10,bimodal,Task B ,1,2,0,-0.370259031,2,2,9.929778309,3,2676.463531,2
10,bimodal,Task B ,1,1,0,-0.00631457,2,2,124.6072514,4,2415.21488,2
10,bimodal,Task B ,1,1,0,-0.629341253,3,2,15.81098974,5,2820.794411,3
10,bimodal,Task B ,2,2,1,-12.10961429,4,2,77.46186578,6,2084.603524,4
1,bimodal,Task B ,1,3,1,1.592382006,2,1,209.9881397,1,2799.09422,2
1,bimodal,Task B ,1,4,1,1.882332989,2,1,247.6603868,2,2590.097092,2
1,bimodal,Task B ,2,2,1,-1.572281023,1,2,200.7192289,3,3428.530075,1
1,bimodal,Task B ,2,1,1,10.19184246,4,2,40.93409598,4,2205.375866,4
1,bimodal,Task B ,2,2,0,-1.867846454,2,1,42.64231995,5,2765.054049,2
1,bimodal,Task B ,2,1,1,13.13037718,1,2,233.5140676,6,2600.18254,1
2,bimodal,Task B ,1,2,1,-0.961331976,4,1,192.852963,1,2497.296026,4
2,bimodal,Task B ,2,2,0,-2.54684347,1,1,244.5867575,2,2828.452838,1
2,bimodal,Task B ,1,3,1,1.946568804,1,1,349.380153,3,2745.414373,1
2,bimodal,Task B ,1,3,1,-0.935864804,3,1,310.6195435,4,2504.173954,3
2,bimodal,Task B ,2,3,1,-38.65242096,3,2,250.1144405,5,2938.170063,3
2,bimodal,Task B ,2,3,1,13.48289058,4,2,302.7535845,6,3068.148575,4
3,bimodal,Task B ,2,4,1,-18.68303834,1,2,356.2714039,1,2415.583591,1
3,bimodal,Task B ,2,3,1,-12.02459766,4,2,40.16394353,2,2625.486264,4
3,bimodal,Task B ,2,4,1,19.58910423,2,2,248.1407011,3,2980.076516,2
3,bimodal,Task B ,2,4,1,-7.853010352,2,2,223.9938772,4,2172.965592,2
3,bimodal,Task B ,1,3,0,3.653608575,3,2,26.3884358,5,2935.60544,3
3,bimodal,Task B ,1,3,0,-0.692469293,1,2,268.6033404,6,1882.584843,1
4,bimodal,Task B ,1,2,0,9.778753693,3,2,12.15388289,1,3780.810162,3
4,bimodal,Task B ,2,2,1,-25.38887091,2,2,147.3680763,2,1873.945387,2
4,bimodal,Task B ,2,2,1,-13.49434883,1,2,296.6917505,3,2487.890247,1
4,bimodal,Task B ,2,2,1,-18.5121163,1,2,75.21879736,4,3444.236857,1
4,bimodal,Task B ,2,2,1,-16.77109249,3,2,80.75321778,5,1507.739216,3
4,bimodal,Task B ,1,1,1,-2.555574041,4,1,351.5112311,6,2808.526232,4
5,bimodal,Task B ,2,4,1,-8.445504906,2,2,222.4970245,1,3595.25018,2
5,bimodal,Task B ,1,3,1,-2.049014937,1,1,277.9477068,2,2773.613102,1
5,bimodal,Task B ,1,3,1,-2.065994985,1,1,321.740314,3,2854.734043,1
5,bimodal,Task B ,2,4,1,-4.407868129,2,2,183.386896,4,2523.594176,2
5,bimodal,Task B ,1,3,0,3.132111124,4,2,345.4465564,5,3094.91731,4
5,bimodal,Task B ,1,4,1,-1.863331399,4,1,78.37573517,6,2695.76092,4
6,bimodal,Task B ,1,2,1,0.556751782,1,1,295.6450616,1,2709.805403,1
6,bimodal,Task B ,1,2,1,-2.614938602,4,1,276.6817956,2,2717.742491,4
6,bimodal,Task B ,1,2,0,-8.615134921,4,2,79.53709036,3,2998.624412,4
6,bimodal,Task B ,2,2,1,-16.80340737,3,2,185.3288204,4,2258.1951,3
6,bimodal,Task B ,1,2,0,3.979282499,3,2,31.00815378,5,3394.117392,3
6,bimodal,Task B ,2,2,0,-6.690141015,2,1,76.54852087,6,2725.259346,2
7,bimodal,Task B ,1,4,1,-0.242361208,4,1,250.8758042,1,2838.742195,4
7,bimodal,Task B ,1,4,0,-0.740792896,3,2,215.7360656,2,3753.064806,3
7,bimodal,Task B ,1,4,0,5.544045404,3,2,50.35161211,3,2423.590055,3
7,bimodal,Task B ,1,4,1,0.528673032,4,1,274.9110434,4,2864.119887,4
7,bimodal,Task B ,2,1,1,-21.87961865,4,2,276.337511,5,2404.636144,4
7,bimodal,Task B ,1,1,1,-2.205705334,3,1,164.0376789,6,2910.354729,3
8,bimodal,Task B ,2,4,1,17.78616284,2,2,257.1037751,1,2539.379947,2
8,bimodal,Task B ,1,4,0,4.882374659,3,2,307.674597,2,2964.757343,3
8,bimodal,Task B ,2,1,0,-1.31802489,1,1,291.9320978,3,2460.648267,1
8,bimodal,Task B ,2,4,0,2.358904771,3,1,187.22663,4,2655.125352,3
8,bimodal,Task B ,1,4,1,-1.523638735,1,1,275.5480555,5,2783.48544,1
8,bimodal,Task B ,2,4,1,-7.976189184,4,2,261.4139138,6,2102.546368,4
9,bimodal,Task B ,1,1,0,6.774052319,1,2,224.3550308,1,2950.676381,1
9,bimodal,Task B ,1,2,1,1.885384095,3,1,200.6613981,2,2686.311911,3
9,bimodal,Task B ,1,2,1,-2.623787895,1,1,95.51546161,3,2699.564445,1
9,bimodal,Task B ,1,2,0,-7.326389323,2,2,246.7877983,4,2958.225055,2
9,bimodal,Task B ,1,2,1,-2.604949266,1,1,5.541487129,5,2733.945303,1
9,bimodal,Task B ,1,1,0,-9.460814779,1,2,189.520802,6,2736.007863,1
10,bimodal,Task B ,2,2,1,6.612245633,3,2,256.3910285,1,3870.99933,3
10,bimodal,Task B ,1,2,1,-7.147809358,1,1,258.9183163,2,2937.295474,1
10,bimodal,Task B ,1,2,0,3.142858255,4,2,39.78599921,3,2825.256456,4
10,bimodal,Task B ,1,1,1,2.092007078,2,1,254.235484,4,2688.842824,2
10,bimodal,Task B ,1,1,1,-4.949060029,4,1,35.08596562,5,2629.610487,4
10,bimodal,Task B ,2,2,1,13.58582329,4,2,11.02591884,6,2256.918628,4
1,bimodal,Task B ,2,1,0,5.190416839,1,1,317.9176355,1,2620.390047,1
1,bimodal,Task B ,2,1,0,-3.353467434,1,1,233.0219439,2,2779.08163,1
1,bimodal,Task B ,2,1,1,-13.28099152,3,2,196.3659585,3,2629.685779,3
1,bimodal,Task B ,1,3,1,-3.116379468,4,1,288.9369578,4,2517.611404,4
1,bimodal,Task B ,1,3,1,0.237365247,4,1,120.463551,5,2810.442156,4
1,bimodal,Task B ,1,2,1,-6.526214768,1,1,121.0518118,6,2603.301622,1
2,bimodal,Task B ,1,2,1,1.442578938,4,1,47.42559369,1,2525.240022,4
2,bimodal,Task B ,1,2,1,-2.227471033,3,1,166.3373962,2,2779.022113,3
2,bimodal,Task B ,1,3,1,-3.125473839,4,1,78.06895824,3,2763.756377,4
2,bimodal,Task B ,1,2,1,-2.450030538,3,1,317.2787701,4,2652.887762,3
2,bimodal,Task B ,2,4,1,-12.17187391,1,2,186.2034223,5,2908.252552,1
2,bimodal,Task B ,2,3,1,-12.81562926,3,2,252.9395846,6,2662.005128,3
3,bimodal,Task B ,2,4,1,-27.17396095,1,2,270.174112,1,3124.829219,1
3,bimodal,Task B ,1,4,1,7.07479406,2,1,45.07893458,2,2632.31567,2
3,bimodal,Task B ,1,3,1,1.135009548,4,1,69.20561604,3,2634.522211,4
3,bimodal,Task B ,2,3,1,14.2476409,3,2,339.2539034,4,3554.452674,3
3,bimodal,Task B ,2,3,1,-10.4986279,4,2,10.43791203,5,3460.457951,4
3,bimodal,Task B ,2,4,1,9.602220054,4,2,182.0221639,6,3379.073477,4
4,bimodal,Task B ,2,3,1,11.05017863,3,2,162.2380491,1,2121.391815,3
4,bimodal,Task B ,1,3,1,-0.623794395,2,1,184.4862513,2,2399.997687,2
4,bimodal,Task B ,1,1,1,-8.712706822,1,1,324.1085874,3,2840.623293,1
4,bimodal,Task B ,1,1,1,2.790271725,1,1,342.9730161,4,2983.552783,1
4,bimodal,Task B ,2,3,1,-16.8194078,2,2,236.9996554,5,2426.513323,2
4,bimodal,Task B ,2,2,0,4.987703592,1,1,164.7009517,6,2679.159621,1
5,bimodal,Task B ,2,1,1,18.91982832,2,2,289.4223132,1,2549.324528,2
5,bimodal,Task B ,1,4,1,-1.676752905,3,1,82.0650069,2,2580.388775,3
5,bimodal,Task B ,2,4,1,-5.291742585,4,2,166.8419338,3,3238.530133,4
5,bimodal,Task B ,1,3,0,6.047430015,2,2,220.9864419,4,2315.334643,2
5,bimodal,Task B ,2,3,1,-7.335064067,1,2,246.2575657,5,2515.419173,1
5,bimodal,Task B ,1,1,1,-0.62957873,1,1,91.03330253,6,2843.878241,1
6,bimodal,Task B ,2,1,1,-16.62193776,3,2,358.6934647,1,3130.874236,3
6,bimodal,Task B ,1,2,1,1.707458444,1,1,293.0279797,2,2666.59819,1
6,bimodal,Task B ,1,2,0,-3.506833593,1,2,206.3645723,3,2633.021239,1
6,bimodal,Task B ,1,2,1,1.915779197,3,1,244.9804355,4,2708.695649,3
6,bimodal,Task B ,1,2,1,-6.369023985,2,1,277.3501257,5,2855.245859,2
6,bimodal,Task B ,1,3,0,2.768579337,3,2,184.1147727,6,2270.464667,3
7,bimodal,Task B ,1,4,0,1.084448976,4,2,165.0261539,1,2098.549814,4
7,bimodal,Task B ,1,1,1,4.83772604,2,1,331.2536876,2,2729.341355,2
7,bimodal,Task B ,1,4,1,2.223305116,3,1,263.2169159,3,2805.801674,3
7,bimodal,Task B ,1,1,1,2.026737095,2,1,56.37142805,4,2726.264897,2
7,bimodal,Task B ,1,1,0,1.113819734,3,2,200.6470923,5,2297.462848,3
7,bimodal,Task B ,1,1,1,3.723219218,3,1,288.5680114,6,2692.857203,3
8,bimodal,Task B ,1,4,0,-4.08884902,1,2,247.2318265,1,2961.345158,1
8,bimodal,Task B ,2,4,1,11.51540927,2,2,41.48271196,2,2227.286345,2
8,bimodal,Task B ,1,4,1,3.482528332,1,1,146.8425485,3,2730.005422,1
8,bimodal,Task B ,2,4,1,15.43363018,3,2,293.572696,4,2321.818665,3
8,bimodal,Task B ,2,4,0,5.708659059,3,1,235.9852452,5,2787.274919,3
8,bimodal,Task B ,1,4,1,-2.339432914,3,1,70.85526434,6,2650.471029,3
9,bimodal,Task B ,2,2,0,-5.525151491,1,1,226.0464376,1,2599.322553,1
9,bimodal,Task B ,1,1,0,-5.516014913,2,2,127.751986,2,3072.158818,2
9,bimodal,Task B ,1,4,1,-1.26666541,1,1,168.2105037,3,2845.47815,1
9,bimodal,Task B ,2,1,0,1.273107847,3,1,12.71984788,4,2687.374769,3
9,bimodal,Task B ,1,2,1,-0.699643727,1,1,197.037798,5,2707.644253,1
9,bimodal,Task B ,1,1,1,-4.000475424,1,1,316.7686128,6,2730.976154,1
10,bimodal,Task B ,1,1,0,-3.457895584,1,2,34.88383118,1,1901.003839,1
10,bimodal,Task B ,1,2,1,5.06474804,3,1,297.8315408,2,2793.449948,3
10,bimodal,Task B ,1,2,1,0.983430601,2,1,330.761257,3,2719.149063,2
10,bimodal,Task B ,1,2,1,2.601368503,3,1,175.6680497,4,2634.726065,3
10,bimodal,Task B ,2,1,1,10.70951525,2,2,207.9386601,5,2943.097075,2
10,bimodal,Task B ,1,2,1,-3.122591953,3,1,183.0353884,6,2909.454831,3
1,bimodal,Task B ,1,3,1,-2.762533409,2,1,280.3464015,1,2777.387876,2
1,bimodal,Task B ,2,2,1,10.32446674,2,2,62.65386611,2,2820.74693,2
1,bimodal,Task B ,2,1,1,9.670856479,4,2,349.9049105,3,2478.828203,4
1,bimodal,Task B ,2,2,0,0.693185008,2,1,7.888815743,4,2763.972846,2
1,bimodal,Task B ,2,2,1,7.776593333,4,2,259.8233466,5,2123.562341,4
1,bimodal,Task B ,1,3,0,0.596660198,4,2,278.502757,6,2679.360306,4
2,bimodal,Task B ,1,2,1,1.149634201,2,1,76.96302153,1,2779.260409,2
2,bimodal,Task B ,1,3,1,-0.647729777,2,1,24.47269232,2,2930.504228,2
2,bimodal,Task B ,2,3,1,-23.32969062,1,2,127.124726,3,2556.801881,1
2,bimodal,Task B ,2,1,1,5.179621892,3,2,104.1015135,4,2764.68262,3
2,bimodal,Task B ,2,2,1,-15.25627415,1,2,152.4390627,5,1982.158613,1
2,bimodal,Task B ,2,4,1,-6.624552387,3,2,206.8889588,6,3011.189369,3
3,bimodal,Task B ,1,1,0,-6.628005583,3,2,164.602892,1,2506.707207,3
3,bimodal,Task B ,2,2,1,-3.954889317,3,2,138.8887485,2,2905.759285,3
3,bimodal,Task B ,1,3,1,-3.919285369,1,1,346.8333786,3,2418.32368,1
3,bimodal,Task B ,2,1,0,2.796746274,1,1,232.3747533,4,2616.100443,1
3,bimodal,Task B ,1,4,1,0.345646196,4,1,322.5193695,5,2982.277083,4
3,bimodal,Task B ,1,2,1,-5.568078501,3,1,47.6711293,6,2975.611153,3
4,bimodal,Task B ,2,3,1,-2.538993621,2,2,242.3805797,1,2952.034888,2
4,bimodal,Task B ,2,2,1,-18.0530536,4,2,70.86384514,2,2858.215815,4
4,bimodal,Task B ,1,2,0,7.569582303,3,2,15.41746626,3,2814.122478,3
4,bimodal,Task B ,1,3,1,2.524681843,4,1,158.2526194,4,2865.889932,4
4,bimodal,Task B ,2,4,1,-11.84560103,4,2,126.6027604,5,3350.250517,4
4,bimodal,Task B ,1,3,0,8.771707543,3,2,275.7830382,6,3297.927327,3
5,bimodal,Task B ,1,2,1,1.099923465,1,1,191.519203,1,2712.749695,1
5,bimodal,Task B ,1,4,0,1.076482128,1,2,210.0976225,2,2706.976408,1
5,bimodal,Task B ,2,4,1,17.86768081,4,2,351.2901552,3,2752.120335,4
5,bimodal,Task B ,1,4,1,0.601128134,4,1,148.1044211,4,2709.094559,4
5,bimodal,Task B ,2,2,1,6.984380122,4,2,72.40023224,5,3023.291626,4
5,bimodal,Task B ,2,3,1,-9.618445374,2,2,166.7692119,6,2153.454919,2
6,bimodal,Task B ,2,3,0,-0.050930264,1,1,13.58933095,1,2687.605067,1
6,bimodal,Task B ,1,2,0,4.908496715,3,2,330.6690473,2,2304.341353,3
6,bimodal,Task B ,2,2,0,-0.547635699,3,1,292.2922425,3,2745.72819,3
6,bimodal,Task B ,2,2,1,18.18062007,1,2,259.1065853,4,2217.316057,1
6,bimodal,Task B ,2,2,0,-4.358269957,2,1,86.66667201,5,2682.717251,2
6,bimodal,Task B ,1,2,0,10.09930237,4,2,143.9689787,6,2106.489807,4
7,bimodal,Task B ,1,4,1,5.484301123,3,1,140.1160758,1,2593.354466,3
7,bimodal,Task B ,1,4,1,1.151250989,3,1,2.534091911,2,2758.494003,3
7,bimodal,Task B ,1,1,1,-3.341367293,1,1,85.79939647,3,2613.762461,1
7,bimodal,Task B ,1,1,0,2.329301022,2,2,348.9341597,4,2668.704048,2
7,bimodal,Task B ,1,4,1,-0.408816825,2,1,173.9050718,5,2704.083965,2
7,bimodal,Task B ,1,4,1,0.879693148,3,1,358.5169239,6,2646.040569,3
8,bimodal,Task B ,1,4,1,0.249313042,4,1,83.92689826,1,2730.014358,4
8,bimodal,Task B ,1,4,0,1.087119202,2,2,231.4985806,2,2764.500574,2
8,bimodal,Task B ,1,4,0,-2.023928577,4,2,123.1994986,3,2812.541517,4
8,bimodal,Task B ,2,4,1,10.98815269,2,2,126.0749727,4,3332.03451,2
8,bimodal,Task B ,1,4,1,2.504219245,1,1,296.9523887,5,2712.75296,1
8,bimodal,Task B ,1,4,0,1.255775622,4,2,326.2485532,6,3347.988235,4
9,bimodal,Task B ,1,1,1,3.204264322,3,1,56.07731323,1,2725.146298,3
9,bimodal,Task B ,1,2,0,-18.35828545,1,2,177.6637875,2,3085.629681,1
9,bimodal,Task B ,2,1,1,-7.481364918,3,2,203.3117926,3,3395.57854,3
9,bimodal,Task B ,1,3,0,8.442295715,3,2,170.082327,4,2786.363688,3
9,bimodal,Task B ,1,1,1,-5.734954825,1,1,233.6988026,5,2416.834981,1
9,bimodal,Task B ,2,2,1,-4.707661024,2,2,122.8680245,6,3014.869375,2
10,bimodal,Task B ,1,1,1,-0.345776416,2,1,209.795021,1,2688.880248,2
10,bimodal,Task B ,1,2,1,-3.026223647,4,1,247.946956,2,2602.955941,4
10,bimodal,Task B ,2,1,0,-2.577022152,4,1,21.51287909,3,2240.464828,4
10,bimodal,Task B ,1,1,1,1.413380804,3,1,164.8054282,4,2630.080733,3
10,bimodal,Task B ,1,1,0,-9.987234388,3,2,338.6153067,5,3141.611629,3
10,bimodal,Task B ,2,2,1,-16.23719546,4,2,122.2171479,6,3659.942678,4
1,bimodal,Task B ,1,2,0,12.96826689,3,2,103.345771,1,2339.15657,3
1,bimodal,Task B ,1,2,0,5.250885786,1,2,324.9505867,2,2954.753247,1
1,bimodal,Task B ,1,3,1,-3.871372041,4,1,252.0817751,3,2527.72448,4
1,bimodal,Task B ,1,2,1,-1.753901438,4,1,184.7875183,4,2803.76755,4
1,bimodal,Task B ,1,2,1,-1.664624156,3,1,293.7300191,5,2688.226837,3
1,bimodal,Task B ,1,2,1,6.11662788,3,1,78.27136294,6,2863.521467,3
2,bimodal,Task B ,2,3,1,-1.436623135,4,2,43.61599539,1,1958.615801,4
2,bimodal,Task B ,2,3,1,-6.23931336,2,2,324.9878586,2,3542.865581,2
2,bimodal,Task B ,2,2,0,3.057440645,1,1,279.0486838,3,2856.863635,1
2,bimodal,Task B ,2,4,0,2.625101988,4,1,225.7559679,4,2976.862212,4
2,bimodal,Task B ,1,2,1,0.970141224,4,1,285.2220777,5,2550.466491,4
2,bimodal,Task B ,1,2,1,3.233870003,4,1,298.8921194,6,2886.344804,4
3,bimodal,Task B ,1,3,1,-0.331402186,4,1,300.5016246,1,2585.398846,4
3,bimodal,Task B ,2,1,0,-2.515586022,1,1,336.948813,2,2689.27795,1
3,bimodal,Task B ,2,3,1,-3.168012705,3,2,155.1800802,3,2032.337402,3
3,bimodal,Task B ,2,4,1,11.52959618,3,2,260.8802172,4,2490.716916,3
3,bimodal,Task B ,1,3,1,4.044795614,3,1,111.9604594,5,2562.063453,3
3,bimodal,Task B ,1,3,0,-2.284481475,1,2,175.5042717,6,2615.738294,1
4,bimodal,Task B ,1,2,0,-0.328524473,4,2,352.4913499,1,3903.725905,4
4,bimodal,Task B ,1,3,1,-3.138218052,1,1,219.2880874,2,2728.377775,1
4,bimodal,Task B ,1,3,1,7.910840375,3,1,58.36436971,3,2811.818597,3
4,bimodal,Task B ,2,2,1,8.081050416,1,2,71.48626514,4,2399.438038,1
4,bimodal,Task B ,1,2,0,5.199516949,3,2,96.34399293,5,1438.10121,3
4,bimodal,Task B ,2,4,1,16.01795945,3,2,51.68993768,6,2236.324025,3
5,bimodal,Task B ,2,2,0,-8.518075487,4,1,182.5973889,1,2850.723264,4
5,bimodal,Task B ,1,3,0,8.444068806,1,2,237.5165617,2,3036.45432,1
5,bimodal,Task B ,1,4,0,-1.769220898,4,2,228.3539141,3,2833.337759,4
5,bimodal,Task B ,2,2,0,-6.077694524,2,1,231.6308654,4,2584.11177,2
5,bimodal,Task B ,2,4,1,-28.52692136,1,2,231.2935984,5,1477.256065,1
5,bimodal,Task B ,2,4,1,5.415091279,4,2,290.3996321,6,2287.28241,4
6,bimodal,Task B ,1,2,1,2.366682041,1,1,325.5213092,1,2841.070905,1
6,bimodal,Task B ,1,2,1,3.849540787,4,1,209.3690454,2,2764.174043,4
6,bimodal,Task B ,2,2,1,-20.69491005,2,2,351.0060682,3,3070.111549,2
6,bimodal,Task B ,2,2,1,-25.72603228,3,2,299.0984951,4,3913.088224,3
6,bimodal,Task B ,2,2,0,3.920533885,1,1,205.8018491,5,2868.583805,1
6,bimodal,Task B ,1,2,0,-23.74280634,3,2,178.3324473,6,3290.789157,3
7,bimodal,Task B ,1,3,1,3.641298873,1,1,198.6181071,1,2617.144441,1
7,bimodal,Task B ,1,4,0,-1.026189719,2,2,6.619582399,2,2524.821369,2
7,bimodal,Task B ,1,1,0,18.74314714,1,2,141.8021149,3,2849.65615,1
7,bimodal,Task B ,2,1,1,-29.8741857,2,2,54.59554518,4,2423.094859,2
7,bimodal,Task B ,1,1,0,2.711647139,2,2,223.0160522,5,2471.397219,2
7,bimodal,Task B ,1,4,1,0.521707292,4,1,25.60001691,6,2689.774664,4
8,bimodal,Task B ,1,4,1,-5.46573894,1,1,48.40762243,1,2529.991426,1
8,bimodal,Task B ,2,4,1,7.290313133,4,2,290.8166652,2,1945.056231,4
8,bimodal,Task B ,1,1,0,-5.555324358,3,2,138.4035553,3,2646.455277,3
8,bimodal,Task B ,1,4,0,-11.21503217,3,2,209.8992179,4,2756.279393,3
8,bimodal,Task B ,1,4,0,-6.636240426,1,2,187.4744273,5,3260.394668,1
8,bimodal,Task B ,1,4,1,1.025216856,3,1,170.3853061,6,2502.900164,3
9,bimodal,Task B ,2,1,0,0.212174068,1,1,12.85890957,1,2988.289869,1
9,bimodal,Task B ,1,1,0,-9.326733504,1,2,318.7620141,2,2069.737725,1
9,bimodal,Task B ,1,3,0,-12.1192616,2,2,111.695991,3,2923.360708,2
9,bimodal,Task B ,1,3,1,-1.595704557,4,1,144.6795357,4,2897.246727,4
9,bimodal,Task B ,1,2,1,-0.835362329,1,1,125.6676884,5,2654.902074,1
9,bimodal,Task B ,1,2,0,-2.239329208,1,2,261.8242502,6,2027.41492,1
10,bimodal,Task B ,1,1,1,-6.178066106,4,1,110.3221947,1,2644.441651,4
10,bimodal,Task B ,1,2,0,-7.912898472,1,2,171.7654965,2,3052.87553,1
10,bimodal,Task B ,1,2,0,3.846553827,3,2,49.30720482,3,1882.430666,3
10,bimodal,Task B ,1,2,1,-0.501448974,2,1,190.6457412,4,2688.417391,2
10,bimodal,Task B ,1,1,1,2.631478374,3,1,263.730521,5,2874.576782,3
10,bimodal,Task B ,1,2,0,-12.46949533,3,2,286.0142318,6,2732.203746,3
1,bimodal,Task B ,1,2,0,-5.396940614,4,2,129.9041375,1,2473.554353,4
1,bimodal,Task B ,1,3,0,-9.413451342,2,2,181.9346516,2,3078.000836,2
1,bimodal,Task B ,2,4,1,-4.996507044,3,2,78.89570637,3,2144.935372,3
1,bimodal,Task B ,1,3,1,0.811378764,2,1,170.0650881,4,2834.731007,2
1,bimodal,Task B ,2,4,1,20.59327458,2,2,221.5755575,5,1915.742879,2
1,bimodal,Task B ,1,3,1,6.851456329,4,1,59.63239866,6,2632.183613,4
2,bimodal,Task B ,1,3,1,-4.555532692,2,1,258.6533351,1,2658.59126,2
2,bimodal,Task B ,2,2,1,-3.177429244,3,2,296.2993138,2,1822.292657,3
2,bimodal,Task B ,2,2,1,18.14977595,3,2,186.3143984,3,3229.958436,3
2,bimodal,Task B ,2,1,0,1.861315709,2,1,271.0476259,4,2455.961047,2
2,bimodal,Task B ,1,3,1,5.311700307,3,1,237.6328054,5,2422.195619,3
2,bimodal,Task B ,1,2,1,-1.022375963,1,1,74.93792337,6,2678.869655,1
3,bimodal,Task B ,1,3,1,0.173015954,2,1,358.6654071,1,2832.501581,2
3,bimodal,Task B ,1,4,1,-1.499419983,3,1,38.64196082,2,2644.165966,3
3,bimodal,Task B ,2,3,1,5.636510357,3,2,287.6752871,3,2088.096338,3
3,bimodal,Task B ,2,3,0,6.746749217,1,1,294.9244624,4,2751.987297,1
3,bimodal,Task B ,1,4,1,-0.062593718,3,1,48.94296553,5,2688.186198,3
3,bimodal,Task B ,1,2,1,0.161345542,3,1,120.4956451,6,2591.702374,3
4,bimodal,Task B ,1,2,0,-13.37932598,3,2,230.9925443,1,2020.579829,3
4,bimodal,Task B ,1,1,0,-18.34839276,1,2,50.89912852,2,2917.266618,1
4,bimodal,Task B ,1,2,0,2.032211267,2,2,114.3078807,3,2670.197364,2
4,bimodal,Task B ,2,3,1,-16.4740592,4,2,347.4598426,4,3786.886015,4
4,bimodal,Task B ,2,3,1,-22.96386802,2,2,238.5551477,5,2092.530153,2
4,bimodal,Task B ,2,4,1,5.631806782,4,2,258.1145353,6,2956.559804,4
5,bimodal,Task B ,2,4,1,-16.99618978,4,2,331.8827414,1,2964.21732,4
5,bimodal,Task B ,1,3,0,-0.958452305,2,2,247.5886363,2,2905.93299,2
5,bimodal,Task B ,2,3,1,-10.900611,3,2,352.7479513,3,3168.090269,3
5,bimodal,Task B ,1,4,1,-0.23335036,3,1,44.3365044,4,2562.18401,3
5,bimodal,Task B ,1,2,1,5.313995715,1,1,324.3418796,5,2762.449109,1
5,bimodal,Task B ,1,3,0,-8.792486324,3,2,340.2337448,6,2617.413697,3
6,bimodal,Task B ,2,2,1,-19.12341883,3,2,345.2464513,1,2644.9467,3
6,bimodal,Task B ,1,2,1,-0.429353845,4,1,322.2890034,2,2680.934573,4
6,bimodal,Task B ,2,2,1,-9.827443024,4,2,326.640927,3,2300.732774,4
6,bimodal,Task B ,2,2,1,10.09823675,3,2,78.65139595,4,3431.00749,3
6,bimodal,Task B ,2,2,1,38.51124873,3,2,253.2752342,5,1941.044448,3
6,bimodal,Task B ,2,3,1,-12.68679672,2,2,212.4844186,6,3493.601866,2
7,bimodal,Task B ,1,4,1,-2.477054057,1,1,50.34218388,1,2685.549692,1
7,bimodal,Task B ,1,1,1,-2.82333905,2,1,333.723832,2,2521.124203,2
7,bimodal,Task B ,1,4,0,8.141039695,3,2,146.8083485,3,2817.704282,3
7,bimodal,Task B ,1,1,0,-11.27840783,1,2,103.635779,4,1630.55184,1
7,bimodal,Task B ,2,4,1,-25.27777632,3,2,74.88099884,5,2540.644322,3
7,bimodal,Task B ,1,1,0,2.090507694,2,2,4.963868532,6,1457.427729,2
8,bimodal,Task B ,1,4,1,3.058202289,1,1,133.0194577,1,2590.626923,1
8,bimodal,Task B ,1,4,1,-0.264479671,3,1,55.26797051,2,2721.471827,3
8,bimodal,Task B ,1,4,1,1.271927709,3,1,161.1664282,3,2772.646771,3
8,bimodal,Task B ,2,4,0,5.207173973,4,1,316.2441004,4,2610.728363,4
8,bimodal,Task B ,1,4,1,0.685429329,4,1,153.6071104,5,2836.254873,4
8,bimodal,Task B ,2,4,1,7.136713102,3,2,178.7354369,6,2963.517542,3
9,bimodal,Task B ,2,3,1,10.16819312,3,2,356.1592361,1,2132.253198,3
9,bimodal,Task B ,1,1,0,-12.1121333,2,2,81.4510409,2,2248.271307,2
9,bimodal,Task B ,2,4,0,-2.018500545,4,1,77.92979513,3,2523.858688,4
9,bimodal,Task B ,1,1,1,2.775270204,4,1,96.42675432,4,2603.613122,4
9,bimodal,Task B ,1,1,0,-17.67531255,2,2,125.2728216,5,2361.442398,2
9,bimodal,Task B ,2,2,1,-15.7080745,4,2,41.86962107,6,2029.065598,4
10,bimodal,Task B ,2,1,1,-13.58772863,2,2,338.261273,1,2522.061606,2
10,bimodal,Task B ,2,3,1,-9.69034357,3,2,138.2507446,2,3071.752668,3
10,bimodal,Task B ,2,2,1,-13.33391365,3,2,160.5310761,3,2443.847452,3
10,bimodal,Task B ,1,2,1,-0.332641594,3,1,250.0750209,4,2849.941985,3
10,bimodal,Task B ,1,2,1,5.940322045,4,1,282.2025802,5,2841.249884,4
10,bimodal,Task B ,1,2,1,-1.016510668,1,1,121.2179452,6,2838.083375,1
1,bimodal,Task B ,2,2,1,-1.384023145,2,2,279.5996824,1,3220.194304,2
1,bimodal,Task B ,1,2,0,-2.367534747,3,2,72.22967185,2,3212.368538,3
1,bimodal,Task B ,1,3,1,-0.731093991,2,1,237.3316357,3,2821.10244,2
1,bimodal,Task B ,1,2,1,-0.73531057,4,1,136.0233492,4,2729.716305,4
1,bimodal,Task B ,1,3,1,2.564224336,2,1,56.25664396,5,2755.560649,2
1,bimodal,Task B ,2,4,1,18.48555846,4,2,110.7166247,6,2502.142324,4
2,bimodal,Task B ,2,4,1,16.53126328,4,2,156.6679937,1,2494.213177,4
2,bimodal,Task B ,1,2,0,7.734671477,1,2,69.23830685,2,2943.425436,1
2,bimodal,Task B ,1,2,1,2.169249906,2,1,284.7431025,3,2593.447242,2
2,bimodal,Task B ,2,2,1,-12.3374028,3,2,73.34265069,4,2327.218536,3
2,bimodal,Task B ,2,1,1,-9.504494203,1,2,280.8131718,5,2048.20149,1
2,bimodal,Task B ,2,4,1,23.14544773,4,2,278.6884119,6,2245.419199,4
3,bimodal,Task B ,1,4,1,2.662409183,1,1,204.9707769,1,2784.286752,1
3,bimodal,Task B ,1,4,1,2.424796721,1,1,260.4496906,2,2842.893802,1
3,bimodal,Task B ,1,3,1,-1.103185823,1,1,230.7518764,3,2753.47856,1
3,bimodal,Task B ,2,2,1,7.057992546,2,2,181.71622,4,2870.918799,2
3,bimodal,Task B ,2,1,1,6.852777254,2,2,42.66526191,5,2800.958374,2
3,bimodal,Task B ,2,3,1,-11.99423553,4,2,196.121997,6,2237.649398,4
4,bimodal,Task B ,2,4,1,-9.461407748,4,2,351.586123,1,1592.025729,4
4,bimodal,Task B ,1,3,1,-2.645649836,3,1,203.4005194,2,2575.527876,3
4,bimodal,Task B ,1,1,1,-3.914409981,1,1,284.9069198,3,2505.685101,1
4,bimodal,Task B ,1,3,0,-14.2569017,4,2,121.4846334,4,2628.152491,4
4,bimodal,Task B ,2,2,1,10.59422984,2,2,225.1437924,5,2984.089631,2
4,bimodal,Task B ,1,3,0,-5.172852348,4,2,30.7295928,6,2923.818602,4
5,bimodal,Task B ,2,3,1,4.192988857,4,2,232.9983093,1,3277.452082,4
5,bimodal,Task B ,1,2,0,3.237764721,2,2,220.843419,2,2938.791003,2
5,bimodal,Task B ,1,2,1,-0.261315873,3,1,250.528408,3,2713.418134,3
5,bimodal,Task B ,2,1,0,3.557997491,4,1,90.32830514,4,2929.809371,4
5,bimodal,Task B ,2,3,1,-5.279574541,3,2,186.220037,5,2700.2716,3
5,bimodal,Task B ,1,1,0,7.942170474,2,2,352.0513361,6,2133.709122,2
6,bimodal,Task B ,1,2,1,4.610756524,2,1,323.8055326,1,2543.987075,2
6,bimodal,Task B ,1,2,1,-0.601054766,1,1,217.3927059,2,2825.279653,1
6,bimodal,Task B ,2,2,0,-0.147860864,3,1,351.9713148,3,2662.032279,3
6,bimodal,Task B ,1,2,1,1.154416984,2,1,134.4705335,4,2955.799909,2
6,bimodal,Task B ,1,1,1,0.698148736,4,1,199.5267545,5,2770.434007,4
6,bimodal,Task B ,1,1,1,3.733024226,1,1,34.33574076,6,2770.16699,1
7,bimodal,Task B ,1,4,0,3.700117144,2,2,25.42700429,1,2882.304329,2
7,bimodal,Task B ,2,4,1,-20.29060626,2,2,338.1267574,2,3119.193413,2
7,bimodal,Task B ,1,1,1,2.778806618,2,1,329.176493,3,2692.363221,2
7,bimodal,Task B ,1,1,1,-0.635030396,1,1,330.1017757,4,2442.630438,1
7,bimodal,Task B ,1,4,1,1.326318986,2,1,18.7637248,5,2941.524324,2
7,bimodal,Task B ,2,1,1,-2.984970342,2,2,3.003818949,6,2344.369527,2
8,bimodal,Task B ,2,4,1,-16.44241249,2,2,52.16316094,1,2507.797699,2
8,bimodal,Task B ,2,4,1,-20.38710231,2,2,178.6726773,2,2144.137285,2
8,bimodal,Task B ,1,4,1,1.75190098,1,1,331.5523912,3,2682.38033,1
8,bimodal,Task B ,2,4,1,14.26369706,3,2,212.2907607,4,2516.726508,3
8,bimodal,Task B ,2,4,1,-9.963493564,2,2,189.2356605,5,2514.113701,2
8,bimodal,Task B ,1,4,0,1.712192372,4,2,223.0216866,6,2621.929813,4
9,bimodal,Task B ,2,4,1,-4.456341311,4,2,329.5835209,1,3270.9968,4
9,bimodal,Task B ,1,1,0,-7.972328303,1,2,301.1858555,2,2584.457481,1
9,bimodal,Task B ,1,2,1,-2.372229487,3,1,70.10759267,3,2644.567613,3
9,bimodal,Task B ,1,3,1,-2.755316524,1,1,355.9757732,4,2670.060575,1
9,bimodal,Task B ,2,2,1,3.598546806,1,2,169.3225175,5,1791.275315,1
9,bimodal,Task B ,2,2,1,-11.4178037,2,2,3.668887682,6,2734.039591,2
10,bimodal,Task B ,1,1,1,0.441076079,4,1,319.4108312,1,2741.579067,4
10,bimodal,Task B ,1,2,1,-3.495340829,4,1,119.8552421,2,2771.40726,4
10,bimodal,Task B ,1,2,1,-1.62650104,4,1,62.38827513,3,2717.978274,4
10,bimodal,Task B ,1,1,1,-1.388685928,3,1,331.7051329,4,2683.534506,3
10,bimodal,Task B ,1,1,1,-3.110784679,4,1,328.7220287,5,2742.061256,4
10,bimodal,Task B ,1,1,1,-3.345137273,4,1,177.3385346,6,2785.726593,4
1,bimodal,Task B ,2,3,1,-18.07674267,4,2,124.4873937,1,2537.684341,4
1,bimodal,Task B ,1,3,1,0.345954416,4,1,277.7838025,2,2641.894528,4
1,bimodal,Task B ,2,1,1,-7.203728309,1,2,188.3462995,3,1723.229373,1
1,bimodal,Task B ,1,3,0,-1.402375989,1,2,11.87696706,4,3035.490944,1
1,bimodal,Task B ,1,2,1,0.024903389,3,1,108.8977576,5,2628.377,3
1,bimodal,Task B ,1,2,1,0.765906839,3,1,299.019261,6,2739.972643,3
2,bimodal,Task B ,1,2,1,4.533661428,2,1,206.3553223,1,2803.161067,2
2,bimodal,Task B ,2,3,0,-7.675528243,4,1,261.1988741,2,2715.07299,4
2,bimodal,Task B ,1,2,1,-0.183798052,3,1,2.324324394,3,2782.83656,3
2,bimodal,Task B ,1,1,1,-3.966995754,2,1,205.5471194,4,2775.560959,2
2,bimodal,Task B ,2,1,1,4.859132516,4,2,329.5575644,5,1539.032165,4
2,bimodal,Task B ,1,3,0,9.786950054,1,2,305.1879076,6,2693.980417,1
3,bimodal,Task B ,2,4,1,-11.92846016,2,2,134.1463575,1,2321.16066,2
3,bimodal,Task B ,2,1,0,3.380759347,3,1,227.33317,2,2579.762111,3
3,bimodal,Task B ,1,1,0,-0.574677214,2,2,13.91897123,3,2366.152367,2
3,bimodal,Task B ,2,2,0,7.10313315,2,1,20.10734089,4,2571.368474,2
3,bimodal,Task B ,2,4,1,16.94723164,2,2,256.8980607,5,3261.725595,2
3,bimodal,Task B ,1,3,1,-0.380587839,4,1,196.1832838,6,2708.400777,4
4,bimodal,Task B ,1,2,0,-3.24851787,2,2,141.946468,1,2326.680634,2
4,bimodal,Task B ,2,4,1,13.63850826,3,2,33.44405588,2,1863.313614,3
4,bimodal,Task B ,1,4,1,2.223037865,4,1,204.4380061,3,2719.186021,4
4,bimodal,Task B ,2,3,1,-10.26545574,3,2,137.1470081,4,2771.455795,3
4,bimodal,Task B ,1,1,1,1.031510043,1,1,287.6395539,5,2644.108988,1
4,bimodal,Task B ,1,2,1,3.666207083,4,1,49.67157272,6,2619.796866,4
5,bimodal,Task B ,1,2,1,0.09209356,1,1,56.49229077,1,2792.363887,1
5,bimodal,Task B ,1,4,1,-1.100022232,3,1,141.0951361,2,2844.503754,3
5,bimodal,Task B ,1,1,1,5.461682358,4,1,31.25905076,3,2745.542685,4
5,bimodal,Task B ,1,4,1,1.22964499,1,1,36.8121108,4,2634.026244,1
5,bimodal,Task B ,2,4,1,-9.96581861,3,2,291.3772825,5,3075.60152,3
5,bimodal,Task B ,1,4,1,-0.962760153,2,1,115.717215,6,2918.391946,2
6,bimodal,Task B ,1,2,0,0.962063958,3,2,177.4572543,1,3040.079887,3
6,bimodal,Task B ,1,2,1,3.056926225,2,1,317.6796763,2,2802.222434,2
6,bimodal,Task B ,1,2,1,-5.033637497,2,1,279.8290788,3,2671.963791,2
6,bimodal,Task B ,1,2,1,-1.458343297,2,1,49.31713519,4,2907.575506,2
6,bimodal,Task B ,1,1,1,0.63580313,3,1,215.1705407,5,2825.490934,3
6,bimodal,Task B ,2,2,0,5.057829703,2,1,3.45292479,6,2726.742691,2
7,bimodal,Task B ,1,3,1,-1.818274784,1,1,177.8893312,1,2553.051732,1
7,bimodal,Task B ,1,4,1,-3.697988117,3,1,103.8870543,2,2683.763378,3
7,bimodal,Task B ,1,1,0,3.389453307,1,2,97.54415432,3,2583.61776,1
7,bimodal,Task B ,2,1,1,20.80202268,1,2,98.0168801,4,2143.395765,1
7,bimodal,Task B ,1,4,1,2.967879238,4,1,146.0841265,5,2592.272429,4
7,bimodal,Task B ,1,4,1,1.816405384,4,1,317.6013345,6,2690.452334,4
8,bimodal,Task B ,1,4,1,1.144786819,3,1,156.50855,1,2794.935409,3
8,bimodal,Task B ,1,4,1,1.00566006,3,1,316.9712171,2,2705.915401,3
8,bimodal,Task B ,1,4,1,2.769609248,4,1,118.3283078,3,2463.546069,4
8,bimodal,Task B ,1,4,1,-0.98025172,4,1,4.629849923,4,2913.131668,4
8,bimodal,Task B ,2,4,0,4.932202108,1,1,60.61278131,5,2712.971654,1
8,bimodal,Task B ,2,4,0,-4.244029813,2,1,358.1368727,6,2761.337956,2
9,bimodal,Task B ,2,3,0,-2.677239182,4,1,234.6234022,1,2648.613405,4
9,bimodal,Task B ,2,2,1,-14.21283184,4,2,114.3253928,2,2808.84333,4
9,bimodal,Task B ,2,1,1,4.238066527,1,2,46.42704752,3,3232.958183,1
9,bimodal,Task B ,2,2,0,0.524921091,1,1,103.4212372,4,2927.814293,1
9,bimodal,Task B ,2,2,1,-31.94124384,2,2,352.4578069,5,3379.579816,2
9,bimodal,Task B ,2,1,1,-8.278556815,1,2,229.3855715,6,2867.184568,1
10,bimodal,Task B ,1,1,0,3.376436039,1,2,139.9988596,1,1611.878857,1
10,bimodal,Task B ,1,2,1,-4.165483293,4,1,140.0391844,2,2840.116059,4
10,bimodal,Task B ,2,2,1,4.894109364,3,2,40.35396985,3,3285.409237,3
10,bimodal,Task B ,1,2,1,-2.803311371,1,1,147.6583279,4,2826.047798,1
10,bimodal,Task B ,1,2,1,-1.645416787,3,1,87.47558469,5,2856.612838,3
10,bimodal,Task B ,1,2,1,-0.935540738,1,1,2.411698543,6,2662.383074,1
1,bimodal,Task B ,2,2,1,-3.885210059,2,2,235.8122216,1,2078.522218,2
1,bimodal,Task B ,2,1,0,-0.523395406,1,1,224.4023997,2,2735.781557,1
1,bimodal,Task B ,1,2,1,-5.735371537,1,1,297.2914065,3,2843.298936,1
1,bimodal,Task B ,2,1,1,15.06677726,1,2,219.9534963,4,3061.219672,1
1,bimodal,Task B ,1,2,1,3.11426608,2,1,283.5290331,5,2656.868687,2
1,bimodal,Task B ,1,3,1,2.687963007,4,1,317.3050262,6,2937.247852,4
2,bimodal,Task B ,2,2,1,-13.30333029,1,2,8.733674066,1,2616.233381,1
2,bimodal,Task B ,1,2,1,-0.225084296,4,1,179.0015992,2,2762.849943,4
2,bimodal,Task B ,2,2,1,-19.93186317,2,2,123.2366712,3,3244.214006,2
2,bimodal,Task B ,2,1,0,-1.286484893,4,1,171.8784152,4,2576.20609,4
2,bimodal,Task B ,1,2,0,-1.312016864,2,2,306.0675846,5,1996.969289,2
2,bimodal,Task B ,1,2,0,-2.605896463,1,2,332.7221642,6,2573.316411,1
3,bimodal,Task B ,1,2,1,2.566068321,3,1,351.5133242,1,2781.480743,3
3,bimodal,Task B ,1,4,1,2.083491559,4,1,343.1408818,2,2627.225875,4
3,bimodal,Task B ,2,4,1,15.20048443,1,2,255.6955856,3,2997.130904,1
3,bimodal,Task B ,2,1,0,-0.409705103,2,1,225.887117,4,2486.953209,2
3,bimodal,Task B ,1,4,1,-2.530264036,3,1,287.0125433,5,2737.955843,3
3,bimodal,Task B ,1,3,1,-0.526342612,3,1,104.491463,6,2827.177075,3
4,bimodal,Task B ,1,2,1,-2.268069032,1,1,339.3589075,1,2746.875079,1
4,bimodal,Task B ,1,2,1,5.042673754,4,1,347.5459236,2,2816.519707,4
4,bimodal,Task B ,1,1,1,2.550318259,4,1,65.90557025,3,2633.223534,4
4,bimodal,Task B ,2,2,1,-4.599027236,2,2,89.58739684,4,2617.490035,2
4,bimodal,Task B ,1,2,0,4.121363992,3,2,96.38201301,5,2918.920301,3
4,bimodal,Task B ,2,4,1,15.28548544,3,2,28.33978605,6,1947.311845,3
5,bimodal,Task B ,2,2,1,-7.429195724,1,2,64.75341803,1,3230.847833,1
5,bimodal,Task B ,1,4,1,1.826861799,4,1,32.06364547,2,2745.250036,4
5,bimodal,Task B ,1,4,1,-2.004318941,1,1,29.70906674,3,2668.297892,1
5,bimodal,Task B ,1,4,0,-0.392063283,2,2,57.88108205,4,1686.227933,2
5,bimodal,Task B ,1,4,1,2.521744098,3,1,186.09076,5,2615.74628,3
5,bimodal,Task B ,1,4,1,2.768250689,3,1,327.3411295,6,2495.449414,3
6,bimodal,Task B ,2,2,1,-14.55953495,1,2,152.9652404,1,2224.322924,1
6,bimodal,Task B ,1,2,1,1.175619018,1,1,128.6850753,2,2263.026745,1
6,bimodal,Task B ,2,2,0,-9.737120689,4,1,219.4452006,3,2701.23519,4
6,bimodal,Task B ,1,2,1,-3.193317438,3,1,97.03731981,4,2750.496101,3
6,bimodal,Task B ,1,2,0,4.629483229,3,2,212.601749,5,2903.024179,3
6,bimodal,Task B ,1,1,1,0.763319618,4,1,118.6930195,6,2849.424344,4
7,bimodal,Task B ,1,4,0,9.13539624,1,2,31.47485374,1,3043.291731,1
7,bimodal,Task B ,1,1,1,-3.639947072,4,1,238.4109174,2,2612.602119,4
7,bimodal,Task B ,1,4,1,1.26422704,2,1,339.0082654,3,2678.150321,2
7,bimodal,Task B ,2,4,1,7.495297227,4,2,143.7100137,4,3165.225117,4
7,bimodal,Task B ,1,1,0,2.760201306,1,2,327.7708797,5,3069.476973,1
7,bimodal,Task B ,1,1,0,11.32149651,1,2,337.0802232,6,3116.512282,1
8,bimodal,Task B ,2,4,1,-9.374693879,2,2,94.67522786,1,2600.713095,2
8,bimodal,Task B ,1,4,0,-3.464154477,2,2,192.6473972,2,3179.279999,2
8,bimodal,Task B ,2,4,1,-16.73109995,3,2,73.35208873,3,3418.319864,3
8,bimodal,Task B ,2,4,1,21.62765955,2,2,52.00176142,4,1610.273063,2
8,bimodal,Task B ,2,4,1,5.287713376,4,2,17.19464144,5,2193.852326,4
8,bimodal,Task B ,1,4,1,-0.824110372,2,1,342.9804966,6,2532.62668,2
9,bimodal,Task B ,1,4,0,5.22663261,3,2,268.4595945,1,3214.742448,3
9,bimodal,Task B ,2,1,0,-4.342600833,1,1,314.802601,2,2887.271849,1
9,bimodal,Task B ,2,4,0,-5.989115937,4,1,189.5696958,3,2676.198495,4
9,bimodal,Task B ,2,2,0,-3.374319712,2,1,336.3418409,4,2806.614062,2
9,bimodal,Task B ,1,3,1,-4.618543551,4,1,17.84296733,5,2576.764031,4
9,bimodal,Task B ,1,3,1,1.390386636,1,1,13.5864796,6,2754.187409,1
10,bimodal,Task B ,1,2,1,0.803934797,4,1,190.9170502,1,2555.307972,4
10,bimodal,Task B ,1,1,0,10.31763809,3,2,218.6992915,2,2181.458304,3
10,bimodal,Task B ,1,2,1,-5.149888198,4,1,225.437492,3,2502.619795,4
10,bimodal,Task B ,1,2,1,-1.461951888,4,1,289.809204,4,2752.234853,4
10,bimodal,Task B ,1,2,0,-1.224836846,1,2,44.08278284,5,3333.951253,1
10,bimodal,Task B ,1,2,1,3.305619763,4,1,345.3118661,6,2659.809739,4
1,bimodal,Task B ,1,2,1,-0.71163935,2,1,357.7440033,1,2620.812228,2
1,bimodal,Task B ,1,2,1,-6.13293134,3,1,359.3643067,2,2813.472912,3
1,bimodal,Task B ,2,4,1,28.47261709,1,2,26.70953326,3,2880.532597,1
1,bimodal,Task B ,2,4,1,-12.59221194,4,2,231.2564239,4,1734.618095,4
1,bimodal,Task B ,2,1,0,-4.650455423,1,1,223.6252197,5,2873.819972,1
1,bimodal,Task B ,2,1,1,-8.715188235,1,2,293.7016098,6,3078.063687,1
2,bimodal,Task B ,1,3,1,1.537231718,4,1,55.88797246,1,2792.800282,4
2,bimodal,Task B ,1,2,1,-0.782442239,2,1,44.9894525,2,2672.563991,2
2,bimodal,Task B ,2,3,1,-13.74931257,2,2,244.6702546,3,3211.428113,2
2,bimodal,Task B ,1,2,1,2.417203969,3,1,31.27021084,4,2652.23268,3
2,bimodal,Task B ,2,2,1,-18.70662851,1,2,206.6709439,5,2294.552415,1
2,bimodal,Task B ,1,3,0,-5.366080463,1,2,70.44984821,6,2781.081837,1
3,bimodal,Task B ,1,4,1,-1.487051329,1,1,66.38383047,1,2775.273517,1
3,bimodal,Task B ,1,1,0,-5.329944438,1,2,150.2554875,2,2703.648126,1
3,bimodal,Task B ,2,3,1,-1.50838915,1,2,146.5357547,3,3337.059534,1
3,bimodal,Task B ,2,4,1,-19.07632337,4,2,115.4427598,4,2028.471492,4
3,bimodal,Task B ,1,3,0,6.081944262,4,2,31.62169491,5,3104.127625,4
3,bimodal,Task B ,2,1,1,4.930094253,3,2,134.8254413,6,3289.671576,3
4,bimodal,Task B ,2,4,0,8.476697259,1,1,349.8056767,1,2711.129293,1
4,bimodal,Task B ,1,3,1,1.263795439,4,1,35.44467723,2,2846.445262,4
4,bimodal,Task B ,1,1,1,2.2381626,1,1,55.41382082,3,2802.600724,1
4,bimodal,Task B ,2,3,1,-14.47403,1,2,23.74943322,4,2612.090586,1
4,bimodal,Task B ,1,3,0,4.033796173,3,2,185.3238261,5,2799.293502,3
4,bimodal,Task B ,1,2,1,-0.998012339,1,1,147.3598926,6,2785.023367,1
5,bimodal,Task B ,1,4,1,-1.204248048,3,1,118.1557308,1,2632.917207,3
5,bimodal,Task B ,1,3,1,-1.535611745,4,1,286.2575217,2,2585.013885,4
5,bimodal,Task B ,2,4,0,-3.46782575,1,1,345.4615075,3,2673.589028,1
5,bimodal,Task B ,2,4,0,-5.235164987,1,1,314.2132642,4,2788.588306,1
5,bimodal,Task B ,1,4,0,-0.940424108,2,2,141.4916446,5,2102.868029,2
5,bimodal,Task B ,2,4,1,-13.4231155,4,2,82.52812525,6,3267.895963,4
6,bimodal,Task B ,2,2,0,-3.383115191,1,1,125.4120859,1,2770.488214,1
6,bimodal,Task B ,2,2,1,7.088078487,4,2,309.4966507,2,2180.053276,4
6,bimodal,Task B ,1,2,0,12.68671088,3,2,352.93361,3,3330.662735,3
6,bimodal,Task B ,1,2,1,3.551895081,2,1,48.26578263,4,2698.726542,2
6,bimodal,Task B ,1,2,1,1.092596171,3,1,84.11933642,5,2828.517619,3
6,bimodal,Task B ,1,1,0,2.807252049,3,2,275.4775779,6,3002.248922,3
7,bimodal,Task B ,1,4,1,-3.298339816,2,1,329.7160733,1,2802.740963,2
7,bimodal,Task B ,1,4,0,4.331597893,4,2,56.01608217,2,3240.846719,4
7,bimodal,Task B ,1,4,1,-2.746324673,3,1,299.4342413,3,2460.171152,3
7,bimodal,Task B ,2,1,1,-1.71693668,4,2,229.3671721,4,2713.690013,4
7,bimodal,Task B ,2,4,1,-18.99942597,4,2,26.73914887,5,2636.327083,4
7,bimodal,Task B ,2,1,1,18.02993589,2,2,326.7125203,6,2407.668329,2
8,bimodal,Task B ,2,4,1,-17.31278428,2,2,31.95892021,1,3025.046705,2
8,bimodal,Task B ,1,4,1,-2.033178706,1,1,354.6749201,2,2710.691314,1
8,bimodal,Task B ,1,4,0,-3.75714363,2,2,14.79116793,3,2682.064435,2
8,bimodal,Task B ,2,4,1,5.879460352,3,2,288.4115623,4,3254.915808,3
8,bimodal,Task B ,1,4,0,3.725309402,2,2,245.4343562,5,3471.952613,2
8,bimodal,Task B ,1,4,0,1.707216778,2,2,139.0227437,6,3165.762654,2
9,bimodal,Task B ,1,1,1,-6.215282468,1,1,36.09593808,1,2832.51673,1
9,bimodal,Task B ,2,1,0,2.951880008,2,1,302.1114173,2,2684.701871,2
9,bimodal,Task B ,2,1,0,0.848186109,1,1,32.53694183,3,2489.274858,1
9,bimodal,Task B ,1,3,1,0.809645485,3,1,153.1737712,4,2600.655794,3
9,bimodal,Task B ,2,2,0,1.754292704,3,1,330.3225813,5,2663.056464,3
9,bimodal,Task B ,1,2,1,1.299857584,3,1,60.95639718,6,2627.492191,3
10,bimodal,Task B ,2,1,0,6.195718681,2,1,221.2800093,1,2817.455651,2
10,bimodal,Task B ,1,2,0,-9.637874226,3,2,300.8586348,2,2471.38821,3
10,bimodal,Task B ,1,2,1,-0.982855652,2,1,161.5528853,3,2724.30006,2
10,bimodal,Task B ,1,1,1,-1.612980261,4,1,58.17452164,4,2792.044283,4
10,bimodal,Task B ,1,1,1,0.811726808,2,1,336.6195913,5,2809.563816,2
10,bimodal,Task B ,1,2,1,0.388092271,3,1,32.24971162,6,2760.144652,3
1,bimodal,Task B ,1,3,1,1.088492126,3,1,259.9251516,1,2814.891807,3
1,bimodal,Task B ,2,1,0,-1.102560066,2,1,207.7425105,2,2836.323538,2
1,bimodal,Task B ,2,1,1,7.460829183,1,2,227.3764632,3,3445.306228,1
1,bimodal,Task B ,1,4,0,-5.769015119,4,2,23.06714761,4,2768.457797,4
1,bimodal,Task B ,1,2,0,7.631045421,1,2,19.72479162,5,2486.454534,1
1,bimodal,Task B ,1,3,1,-2.959778327,4,1,187.8487292,6,2785.94833,4
2,bimodal,Task B ,2,3,1,7.705669493,2,2,141.232943,1,3457.665664,2
2,bimodal,Task B ,2,3,1,-2.849214535,4,2,259.2853228,2,1682.836565,4
2,bimodal,Task B ,1,2,1,-5.519521225,1,1,93.62756329,3,2637.621593,1
2,bimodal,Task B ,2,2,0,-3.981443504,2,1,31.12289819,4,2598.840811,2
2,bimodal,Task B ,1,2,1,-2.424525461,4,1,286.3466227,5,2586.18106,4
2,bimodal,Task B ,1,3,1,-0.541156058,4,1,204.9378303,6,2759.690987,4
3,bimodal,Task B ,1,3,1,5.087524648,4,1,242.9595156,1,2775.797841,4
3,bimodal,Task B ,1,3,1,-0.408521807,3,1,273.6088081,2,2867.332808,3
3,bimodal,Task B ,1,3,1,-1.806361774,2,1,81.38071211,3,2654.764334,2
3,bimodal,Task B ,1,2,1,-3.006122032,2,1,26.74200552,4,2631.323164,2
3,bimodal,Task B ,1,3,1,-0.702245954,4,1,100.3959492,5,2800.133957,4
3,bimodal,Task B ,2,3,1,-11.52369394,4,2,308.8163473,6,2177.330753,4
4,bimodal,Task B ,2,3,0,3.534593437,1,1,29.40472325,1,2724.555284,1
4,bimodal,Task B ,1,2,1,-4.546908893,1,1,307.1441722,2,2780.304285,1
4,bimodal,Task B ,2,2,1,3.331491078,4,2,287.6452719,3,2514.362664,4
4,bimodal,Task B ,2,2,0,6.359371072,2,1,327.3389191,4,2851.334494,2
4,bimodal,Task B ,1,1,1,1.439959597,1,1,45.03684855,5,2939.939243,1
4,bimodal,Task B ,2,4,1,17.67801638,4,2,52.55264814,6,3402.103307,4
5,bimodal,Task B ,1,4,0,0.908556248,4,2,78.07362921,1,3405.271152,4
5,bimodal,Task B ,1,4,1,-2.312069205,2,1,85.51171027,2,2749.390745,2
5,bimodal,Task B ,1,4,1,0.078864602,4,1,0.82781723,3,2662.2831,4
5,bimodal,Task B ,2,4,1,-19.88088521,2,2,311.6558593,4,3167.44893,2
5,bimodal,Task B ,1,4,1,-0.765890423,4,1,131.7558218,5,2537.394048,4
5,bimodal,Task B ,2,4,0,-8.531588536,3,1,50.3866063,6,2623.533746,3
6,bimodal,Task B ,2,2,1,-6.825238387,3,2,259.5605314,1,2147.902011,3
6,bimodal,Task B ,1,2,1,3.383181959,2,1,132.3955775,2,2685.832116,2
6,bimodal,Task B ,1,2,0,-2.155981086,2,2,15.72439659,3,2203.552889,2
6,bimodal,Task B ,2,2,1,15.74147015,4,2,26.7470525,4,2589.912995,4
6,bimodal,Task B ,2,1,1,-20.14913567,1,2,235.2578149,5,3273.918139,1
6,bimodal,Task B ,1,2,1,3.443199498,3,1,107.3530354,6,2865.470823,3
7,bimodal,Task B ,1,1,0,-20.40384715,1,2,293.008448,1,2634.050358,1
7,bimodal,Task B ,1,4,0,4.125575826,3,2,308.5036723,2,1625.201626,3
7,bimodal,Task B ,1,1,1,2.320966552,4,1,329.6299053,3,2728.229771,4
7,bimodal,Task B ,1,4,1,5.150450053,3,1,289.9903914,4,2666.55395,3
7,bimodal,Task B ,1,4,1,-1.098608239,3,1,52.8299197,5,2606.448965,3
7,bimodal,Task B ,1,1,1,5.985071066,2,1,116.4183426,6,2821.742369,2
8,bimodal,Task B ,2,4,1,-17.83019038,2,2,276.5412276,1,2537.963205,2
8,bimodal,Task B ,2,4,1,-22.02461926,2,2,291.6779593,2,3196.157503,2
8,bimodal,Task B ,1,4,1,2.953029654,3,1,165.2047771,3,2570.993269,3
8,bimodal,Task B ,2,4,1,-13.57041014,2,2,259.3280766,4,3511.078601,2
8,bimodal,Task B ,2,4,1,-0.355921942,2,2,162.291802,5,2944.101313,2
8,bimodal,Task B ,1,4,1,2.350829232,4,1,19.7929568,6,2760.214722,4
9,bimodal,Task B ,1,2,0,-9.229070946,4,2,3.141330676,1,3402.368109,4
9,bimodal,Task B ,1,1,1,-2.305472493,4,1,88.58142884,2,2719.428953,4
9,bimodal,Task B ,1,2,1,7.032411323,1,1,245.3316644,3,2546.523028,1
9,bimodal,Task B ,1,3,1,0.806345484,4,1,27.7236398,4,2570.506014,4
9,bimodal,Task B ,1,2,0,-1.276862056,1,2,247.3875122,5,3106.712047,1
9,bimodal,Task B ,1,1,1,-3.654632571,2,1,231.7400042,6,2756.946906,2
10,bimodal,Task B ,1,2,1,-3.467583013,4,1,110.5758523,1,2721.481247,4
10,bimodal,Task B ,2,1,1,17.70452065,2,2,211.3198296,2,2022.081989,2
10,bimodal,Task B ,1,1,1,1.968413945,1,1,194.1473356,3,2660.809791,1
10,bimodal,Task B ,2,1,1,-21.12790318,2,2,237.7362866,4,2709.892634,2
10,bimodal,Task B ,1,1,1,-2.836882884,1,1,195.1306285,5,2958.837095,1
10,bimodal,Task B ,1,2,1,4.919203962,1,1,311.9030978,6,2835.000481,1
1,bimodal,Task B ,1,3,1,-4.256120892,4,1,255.4209777,1,2692.889329,4
1,bimodal,Task B ,1,2,1,-5.764393244,4,1,180.4655264,2,2866.884541,4
1,bimodal,Task B ,2,2,1,-15.98601586,1,2,104.2350415,3,2489.557204,1
1,bimodal,Task B ,1,3,1,-2.609543045,3,1,226.1481685,4,2695.50773,3
1,bimodal,Task B ,2,4,1,12.7768555,1,2,343.7511861,5,3954.675226,1
1,bimodal,Task B ,2,4,1,-26.54528642,2,2,26.48413829,6,2125.906721,2
2,bimodal,Task B ,1,2,1,-0.09782673,2,1,269.2469985,1,2828.458338,2
2,bimodal,Task B ,1,3,1,3.925525423,2,1,124.2389505,2,2470.504349,2
2,bimodal,Task B ,2,1,1,-12.22636959,3,2,288.8985899,3,3660.971193,3
2,bimodal,Task B ,1,2,1,-2.819626957,3,1,301.7339025,4,2647.196722,3
2,bimodal,Task B ,2,3,1,1.631076089,1,2,33.16576289,5,3519.615176,1
2,bimodal,Task B ,2,3,0,4.855726948,3,1,63.23522073,6,2830.828715,3
3,bimodal,Task B ,1,4,1,-1.133987435,4,1,66.31699594,1,2688.766236,4
3,bimodal,Task B ,2,2,0,3.933613576,2,1,154.7235409,2,2819.280937,2
3,bimodal,Task B ,1,3,0,3.368776963,3,2,310.0089293,3,3166.457474,3
3,bimodal,Task B ,2,3,1,12.54561429,4,2,150.9826934,4,3101.030908,4
3,bimodal,Task B ,1,3,0,1.726323124,1,2,6.600153953,5,2912.621327,1
3,bimodal,Task B ,1,2,1,0.671481745,2,1,173.3247475,6,2588.867238,2
4,bimodal,Task B ,1,1,0,2.334892696,3,2,275.7757305,1,2883.735183,3
4,bimodal,Task B ,1,1,1,-2.721630382,2,1,326.5421325,2,2911.55224,2
4,bimodal,Task B ,1,2,1,-3.044699092,3,1,325.8235499,3,2728.419918,3
4,bimodal,Task B ,1,1,1,1.328467001,2,1,325.5181923,4,2788.672555,2
4,bimodal,Task B ,2,4,1,19.23650549,4,2,275.5017456,5,3075.762416,4
4,bimodal,Task B ,1,2,1,-0.269579674,1,1,347.8231131,6,2445.925785,1
5,bimodal,Task B ,1,1,1,3.052823579,1,1,138.4316945,1,2756.265425,1
5,bimodal,Task B ,1,2,1,-4.731411416,1,1,188.6528819,2,2425.89384,1
5,bimodal,Task B ,1,4,1,-1.889599289,2,1,106.1249311,3,2712.380531,2
5,bimodal,Task B ,2,4,1,-8.936498471,4,2,340.9107201,4,2299.262745,4
5,bimodal,Task B ,1,4,1,0.652718273,3,1,34.66504824,5,2540.367798,3
5,bimodal,Task B ,2,1,1,1.463385265,1,2,38.70872107,6,1725.999657,1
6,bimodal,Task B ,1,2,1,5.004144759,4,1,346.08162,1,2587.913993,4
6,bimodal,Task B ,1,2,1,1.574435782,2,1,8.678908753,2,2955.699853,2
6,bimodal,Task B ,2,2,0,-4.003615235,1,1,94.53573253,3,2851.019111,1
6,bimodal,Task B ,1,2,1,-1.305366121,3,1,235.4445064,4,2750.013966,3
6,bimodal,Task B ,1,2,1,-0.730500361,3,1,265.9300247,5,2793.711112,3
6,bimodal,Task B ,2,3,1,-0.664988438,2,2,272.3436308,6,3151.801435,2
7,bimodal,Task B ,1,1,0,3.915832484,3,2,151.8045573,1,3164.190494,3
7,bimodal,Task B ,1,1,1,4.602743344,4,1,252.8589083,2,2571.214048,4
7,bimodal,Task B ,1,4,1,0.261691155,4,1,18.70004783,3,2460.26457,4
7,bimodal,Task B ,1,1,1,3.345823323,3,1,346.6283184,4,2684.315323,3
7,bimodal,Task B ,1,1,0,-8.273312581,1,2,87.95623772,5,1992.703357,1
7,bimodal,Task B ,1,1,1,5.373187588,3,1,53.86589173,6,2489.734247,3
8,bimodal,Task B ,1,4,1,-2.050540868,3,1,317.1542018,1,2563.39006,3
8,bimodal,Task B ,1,4,1,2.328710106,1,1,171.9240902,2,2745.406176,1
8,bimodal,Task B ,1,4,1,-2.255046218,3,1,262.2293213,3,2533.955327,3
8,bimodal,Task B ,2,4,1,19.94925297,3,2,359.8719443,4,2549.78474,3
8,bimodal,Task B ,2,4,1,5.745505685,2,2,28.84308264,5,2286.207956,2
8,bimodal,Task B ,1,4,1,3.550778316,3,1,101.7893072,6,2828.108241,3
9,bimodal,Task B ,1,2,1,2.113058287,2,1,237.4529298,1,2703.735896,2
9,bimodal,Task B ,1,3,0,4.539491793,4,2,351.9772335,2,2858.128852,4
9,bimodal,Task B ,2,4,0,7.006836034,3,1,110.9856583,3,2774.429089,3
9,bimodal,Task B ,1,3,0,21.34036797,4,2,281.9304719,4,2945.845932,4
9,bimodal,Task B ,1,2,0,-0.252554276,2,2,113.7990602,5,2852.186783,2
9,bimodal,Task B ,1,1,1,1.042985357,1,1,325.1591958,6,2656.489762,1
10,bimodal,Task B ,1,1,1,-2.200250355,1,1,337.6683351,1,2728.278499,1
10,bimodal,Task B ,1,1,1,5.407364777,1,1,18.64740777,2,2948.799507,1
10,bimodal,Task B ,2,1,1,-9.367164157,1,2,32.03642284,3,2912.642838,1
10,bimodal,Task B ,1,2,0,-2.899388167,4,2,237.285275,4,2791.76069,4
10,bimodal,Task B ,1,2,1,-2.722867954,3,1,252.5977531,5,2866.111615,3
10,bimodal,Task B ,1,2,1,1.977359081,2,1,138.5697261,6,2775.900057,2
1,bimodal,Task B ,1,2,0,-6.508700152,3,2,190.0596321,1,2878.14341,3
1,bimodal,Task B ,2,4,1,-12.93871018,4,2,64.13358275,2,2117.78275,4
1,bimodal,Task B ,2,2,1,9.786216321,4,2,100.8501915,3,3404.514469,4
1,bimodal,Task B ,2,2,1,-12.12276473,2,2,186.0424784,4,2467.105561,2
1,bimodal,Task B ,1,3,1,-1.91685813,2,1,128.1436984,5,2717.755319,2
1,bimodal,Task B ,2,2,1,-10.16231702,3,2,356.3056308,6,2159.979997,3
2,bimodal,Task B ,1,1,1,-1.29371703,1,1,264.0584718,1,2769.563541,1
2,bimodal,Task B ,1,3,1,0.017302007,3,1,167.8185215,2,2591.347203,3
2,bimodal,Task B ,1,2,0,-1.449766337,2,2,57.72005826,3,3225.675319,2
2,bimodal,Task B ,1,3,1,3.51998489,3,1,285.4061034,4,2646.075071,3
2,bimodal,Task B ,1,2,1,-1.362702181,2,1,129.9277765,5,2658.886174,2
2,bimodal,Task B ,1,3,1,0.692910793,1,1,187.8177773,6,2833.376531,1
3,bimodal,Task B ,1,4,1,-2.408883475,2,1,5.642426548,1,2705.605795,2
3,bimodal,Task B ,1,4,1,-3.164254953,4,1,257.2445654,2,2664.251866,4
3,bimodal,Task B ,2,1,1,6.872446446,1,2,239.1760442,3,3328.292865,1
3,bimodal,Task B ,2,2,0,5.51464942,1,1,150.5409611,4,2653.510193,1
3,bimodal,Task B ,2,4,1,-0.829732204,1,2,208.9846502,5,2234.567364,1
3,bimodal,Task B ,1,3,1,-1.976146109,4,1,77.80413451,6,2569.467146,4
4,bimodal,Task B ,2,3,0,-2.441929502,3,1,159.9363347,1,2842.93087,3
4,bimodal,Task B ,1,4,0,14.23356005,2,2,6.184640506,2,2403.218005,2
4,bimodal,Task B ,2,4,1,6.218976779,4,2,92.6238591,3,3437.051452,4
4,bimodal,Task B ,2,2,1,-2.857635774,3,2,127.131202,4,2144.924968,3
4,bimodal,Task B ,2,2,1,-18.54341235,1,2,62.07419653,5,2498.817814,1
4,bimodal,Task B ,1,3,1,0.114609525,3,1,326.6541684,6,2859.047901,3
5,bimodal,Task B ,2,4,0,-7.187844334,3,1,224.1936675,1,2655.461581,3
5,bimodal,Task B ,2,4,1,12.37662853,3,2,335.9318242,2,2948.608284,3
5,bimodal,Task B ,2,4,1,-16.72918272,4,2,151.6455357,3,1923.30857,4
5,bimodal,Task B ,1,4,1,-2.064977344,2,1,295.0935735,4,2970.862403,2
5,bimodal,Task B ,1,4,1,0.995796414,1,1,148.4790893,5,2714.956274,1
5,bimodal,Task B ,1,2,1,5.438862433,3,1,33.6258423,6,2952.070863,3
6,bimodal,Task B ,1,2,0,-6.973264792,1,2,90.87119748,1,2885.714666,1
6,bimodal,Task B ,1,2,1,1.578028404,4,1,287.976046,2,2689.190143,4
6,bimodal,Task B ,2,2,0,-1.97025582,2,1,351.2097461,3,2607.748686,2
6,bimodal,Task B ,2,2,0,2.642039613,2,1,49.27716972,4,2603.71243,2
6,bimodal,Task B ,1,2,0,-2.088303503,2,2,212.2367071,5,2498.299802,2
6,bimodal,Task B ,1,2,1,0.183787527,2,1,161.5823399,6,2609.253934,2
7,bimodal,Task B ,1,1,0,-5.395748376,1,2,105.0586301,1,2246.897852,1
7,bimodal,Task B ,1,4,1,0.309433712,2,1,110.7897382,2,2698.882845,2
7,bimodal,Task B ,1,4,0,10.4780536,4,2,120.402665,3,2820.610062,4
7,bimodal,Task B ,1,1,1,-2.79783746,3,1,104.8713595,4,2495.338403,3
7,bimodal,Task B ,1,4,1,3.831266539,4,1,241.2463356,5,2655.587406,4
7,bimodal,Task B ,2,1,1,4.656945379,1,2,249.2990102,6,3283.456907,1
8,bimodal,Task B ,1,4,1,0.751806241,3,1,240.917951,1,2729.726927,3
8,bimodal,Task B ,1,4,0,-10.91949094,2,2,50.1494309,2,2761.407539,2
8,bimodal,Task B ,1,4,1,-1.320408857,1,1,165.5793763,3,2676.657253,1
8,bimodal,Task B ,1,4,0,-4.0197634,4,2,235.6809197,4,2561.019959,4
8,bimodal,Task B ,1,4,1,-0.687005931,2,1,334.6406652,5,2484.005938,2
8,bimodal,Task B ,1,4,1,-0.616855591,1,1,7.67248947,6,2642.307275,1
9,bimodal,Task B ,1,1,0,-1.476309497,2,2,204.1651928,1,2088.231482,2
9,bimodal,Task B ,2,2,1,-6.647519981,2,2,317.4091694,2,2179.684667,2
9,bimodal,Task B ,1,2,0,-9.181007551,3,2,6.974478864,3,3235.561632,3
9,bimodal,Task B ,1,1,1,-0.655501545,1,1,133.4418385,4,2550.211683,1
9,bimodal,Task B ,2,2,1,10.911412,2,2,59.25620407,5,3238.091405,2
9,bimodal,Task B ,2,1,1,6.713469561,4,2,168.9566556,6,3084.365203,4
10,bimodal,Task B ,1,1,1,-4.375933877,4,1,259.4995952,1,2816.09548,4
10,bimodal,Task B ,1,1,1,1.233278035,1,1,16.11863313,2,2508.223313,1
10,bimodal,Task B ,1,2,1,-1.687610698,4,1,79.2839507,3,2618.342795,4
10,bimodal,Task B ,1,1,1,2.729053733,4,1,260.8207295,4,2684.659617,4
10,bimodal,Task B ,1,1,0,1.397042142,2,2,350.4836175,5,1450.905781,2
10,bimodal,Task B ,1,1,1,-3.855353927,2,1,49.72407949,6,2690.610498,2
1,bimodal,Task B ,1,2,0,3.854203079,2,2,73.28911343,1,2463.966171,2
1,bimodal,Task B ,2,4,1,0.972602572,2,2,330.0194507,2,1527.55809,2
1,bimodal,Task B ,1,2,1,-4.686072772,3,1,308.4442974,3,2777.888552,3
1,bimodal,Task B ,2,1,0,-0.359511265,1,1,321.03024,4,2712.705502,1
1,bimodal,Task B ,1,3,1,3.391616291,2,1,45.38201693,5,2931.257136,2
1,bimodal,Task B ,1,3,1,3.812688621,3,1,355.416953,6,2649.395092,3
2,bimodal,Task B ,2,2,1,3.077322058,4,2,42.91427917,1,2544.54313,4
2,bimodal,Task B ,2,3,0,-1.311841888,1,1,280.2736143,2,2791.152701,1
2,bimodal,Task B ,1,2,1,4.200744608,3,1,97.87853125,3,2655.992515,3
2,bimodal,Task B ,1,2,0,16.00295391,2,2,295.6139926,4,2701.289084,2
2,bimodal,Task B ,1,3,1,-2.46832206,4,1,271.2756238,5,2772.738715,4
2,bimodal,Task B ,2,2,1,-7.70749781,4,2,290.4448242,6,2385.228823,4
3,bimodal,Task B ,1,2,1,-0.861407945,3,1,216.7339409,1,2725.779345,3
3,bimodal,Task B ,2,2,1,13.29340071,2,2,260.725198,2,2020.017483,2
3,bimodal,Task B ,1,2,1,4.097755487,4,1,287.358436,3,2728.795267,4
3,bimodal,Task B ,1,3,1,2.285517313,3,1,317.2651084,4,2633.132101,3
3,bimodal,Task B ,1,4,1,3.205381369,3,1,66.4765677,5,2895.942456,3
3,bimodal,Task B ,2,4,1,-16.5146592,1,2,144.3517942,6,3103.274788,1
4,bimodal,Task B ,1,4,0,-1.535412074,4,2,349.5486471,1,2527.626574,4
4,bimodal,Task B ,1,2,0,-4.830553711,3,2,189.8349217,2,2722.530025,3
4,bimodal,Task B ,2,2,1,-15.7060798,3,2,13.92711926,3,3502.234948,3
4,bimodal,Task B ,1,1,0,-19.06014481,2,2,132.6589234,4,2937.512384,2
4,bimodal,Task B ,2,3,1,-19.93985184,1,2,288.1952601,5,2054.48296,1
4,bimodal,Task B ,1,3,0,-1.104301131,3,2,32.68664322,6,2364.658641,3
5,bimodal,Task B ,2,2,1,-0.079206823,4,2,331.3793176,1,2500.053374,4
5,bimodal,Task B ,1,2,1,2.037793065,4,1,233.3038762,2,2945.073303,4
5,bimodal,Task B ,2,4,1,-7.22458998,3,2,20.35569522,3,3009.676575,3
5,bimodal,Task B ,1,3,1,-2.713484627,2,1,167.4858449,4,2599.833305,2
5,bimodal,Task B ,1,4,1,-4.60066509,4,1,169.7091727,5,2571.260475,4
5,bimodal,Task B ,1,2,1,-2.302804419,1,1,254.479571,6,2968.664116,1
6,bimodal,Task B ,1,2,1,-1.247357357,2,1,356.7761655,1,2751.562432,2
6,bimodal,Task B ,1,2,1,1.887533607,2,1,83.97695878,2,2528.531138,2
6,bimodal,Task B ,1,2,0,11.61764398,1,2,109.719472,3,2616.642868,1
6,bimodal,Task B ,2,2,1,-0.913834067,2,2,311.1771529,4,3190.565099,2
6,bimodal,Task B ,1,2,1,4.755843056,2,1,263.911524,5,2660.243581,2
6,bimodal,Task B ,2,2,1,20.3052341,4,2,129.9472389,6,2684.635034,4
7,bimodal,Task B ,2,1,0,-3.938098946,2,1,163.7600578,1,2485.438952,2
7,bimodal,Task B ,1,1,0,14.12885364,1,2,196.9813238,2,3028.886329,1
7,bimodal,Task B ,1,1,1,-0.656334807,4,1,351.0634073,3,2688.147375,4
7,bimodal,Task B ,1,1,0,1.607845055,2,2,165.5438455,4,2314.925212,2
7,bimodal,Task B ,1,1,1,-2.270309211,1,1,86.22195536,5,2619.128992,1
7,bimodal,Task B ,1,1,0,20.71349026,3,2,182.9232001,6,2249.559321,3
8,bimodal,Task B ,2,4,1,-8.909803646,1,2,275.5431723,1,2698.165434,1
8,bimodal,Task B ,1,4,1,-3.626714061,1,1,189.9322295,2,2620.749734,1
8,bimodal,Task B ,2,4,1,23.59040306,4,2,297.9939268,3,3458.41799,4
8,bimodal,Task B ,2,4,1,-6.057027869,4,2,223.93737,4,2727.655452,4
8,bimodal,Task B ,1,4,1,-1.69318008,1,1,27.81587397,5,2725.895239,1
8,bimodal,Task B ,1,4,1,-4.57862223,1,1,169.464452,6,2728.199547,1
9,bimodal,Task B ,1,1,1,2.74930971,1,1,308.4047965,1,2778.475321,1
9,bimodal,Task B ,2,1,0,2.625898192,3,1,5.406269863,2,2591.813551,3
9,bimodal,Task B ,2,1,1,1.652109683,4,2,273.5234331,3,2188.384069,4
9,bimodal,Task B ,1,4,1,-1.139552902,3,1,81.02310332,4,2666.198257,3
9,bimodal,Task B ,1,2,1,-4.342677517,3,1,339.5251938,5,2586.064235,3
9,bimodal,Task B ,1,1,0,16.78120877,3,2,126.0575569,6,2856.86577,3
10,bimodal,Task B ,2,1,1,-8.441704775,4,2,292.0119143,1,2600.328802,4
10,bimodal,Task B ,2,1,1,3.789441456,1,2,331.0080802,2,3065.415625,1
10,bimodal,Task B ,1,2,1,2.515666884,4,1,114.6505094,3,2872.55519,4
10,bimodal,Task B ,2,2,1,-21.86291642,2,2,10.78821294,4,2555.352735,2
10,bimodal,Task B ,2,1,1,2.842777413,2,2,307.6336682,5,2585.316628,2
10,bimodal,Task B ,1,2,0,-27.70286478,3,2,303.863506,6,2317.934189,3
1,bimodal,Task B ,1,3,1,3.389718622,2,1,68.92508625,1,2633.473268,2
1,bimodal,Task B ,1,3,1,-1.676298327,3,1,166.104079,2,2773.290491,3
1,bimodal,Task B ,2,1,0,0.235500316,1,1,91.84253397,3,2597.416835,1
1,bimodal,Task B ,2,2,1,-8.078564904,2,2,82.18824272,4,2464.004264,2
1,bimodal,Task B ,2,1,0,-4.884426079,2,1,263.7074527,5,2915.05132,2
1,bimodal,Task B ,2,4,1,19.26577653,2,2,357.6413203,6,2118.023618,2
2,bimodal,Task B ,2,3,1,8.967885553,4,2,188.3701302,1,2732.889584,4
2,bimodal,Task B ,2,3,1,8.517476565,4,2,334.4891128,2,2996.688445,4
2,bimodal,Task B ,1,3,1,-2.577805346,4,1,316.9768775,3,2855.676044,4
2,bimodal,Task B ,2,2,1,-13.09001756,4,2,200.8473997,4,2952.956348,4
2,bimodal,Task B ,1,3,1,4.407047078,2,1,238.60494,5,2767.382139,2
2,bimodal,Task B ,2,4,1,16.04208565,3,2,5.806847597,6,2146.353332,3
3,bimodal,Task B ,2,3,0,1.185443805,4,1,37.29865751,1,2597.602941,4
3,bimodal,Task B ,2,4,1,-1.258647575,4,2,172.0064943,2,3547.667808,4
3,bimodal,Task B ,1,4,1,3.280948717,2,1,202.2127102,3,2621.806771,2
3,bimodal,Task B ,1,3,1,-2.673780311,3,1,45.84425888,4,2798.541796,3
3,bimodal,Task B ,1,3,1,2.16070519,3,1,273.3836884,5,2800.555746,3
3,bimodal,Task B ,2,3,1,11.44196341,1,2,163.8166367,6,2478.054542,1
4,bimodal,Task B ,1,3,1,1.558820753,4,1,219.0574726,1,2892.312444,4
4,bimodal,Task B ,1,1,1,2.563467795,2,1,44.88420776,2,2712.316629,2
4,bimodal,Task B ,2,4,0,1.735256644,4,1,359.3200767,3,2498.70101,4
4,bimodal,Task B ,1,1,1,-1.193924659,4,1,239.0562234,4,2834.906211,4
4,bimodal,Task B ,1,2,1,-2.208462043,3,1,64.51203728,5,2647.404726,3
4,bimodal,Task B ,2,4,1,8.004330205,4,2,20.87582516,6,2014.911846,4
5,bimodal,Task B ,1,1,0,-4.94039623,1,2,291.7638884,1,2980.142563,1
5,bimodal,Task B ,2,4,1,23.82063786,4,2,346.7838539,2,3316.396948,4
5,bimodal,Task B ,1,4,1,-1.662127542,3,1,307.1869068,3,2644.958254,3
5,bimodal,Task B ,1,2,0,7.047817076,4,2,109.89594,4,2838.697535,4
5,bimodal,Task B ,1,4,1,4.929895004,2,1,178.1643844,5,2594.987644,2
5,bimodal,Task B ,1,4,1,2.162281465,4,1,211.086269,6,2731.470927,4
6,bimodal,Task B ,2,2,1,13.5888217,4,2,277.3405444,1,2191.565669,4
6,bimodal,Task B ,2,2,1,-24.36699188,4,2,155.0194156,2,2471.544618,4
6,bimodal,Task B ,2,1,0,-2.54650602,3,1,5.89702298,3,2862.565282,3
6,bimodal,Task B ,1,2,0,3.192472332,2,2,192.408258,4,2205.295116,2
6,bimodal,Task B ,2,3,0,-1.618804863,4,1,113.0066289,5,2383.006031,4
6,bimodal,Task B ,1,2,1,7.062375635,3,1,137.0611642,6,2685.094237,3
7,bimodal,Task B ,1,4,0,0.862812765,1,2,192.9775748,1,3329.554795,1
7,bimodal,Task B ,1,2,1,0.561848795,1,1,79.10088158,2,2803.896605,1
7,bimodal,Task B ,1,4,0,-13.64917649,1,2,342.4198677,3,2266.668287,1
7,bimodal,Task B ,1,1,0,-5.387026607,1,2,358.4806991,4,2873.270852,1
7,bimodal,Task B ,1,1,1,2.171530787,1,1,98.26749393,5,2872.883491,1
7,bimodal,Task B ,1,1,1,-0.225273616,1,1,149.5985559,6,2829.614712,1
8,bimodal,Task B ,1,4,1,-4.371558363,2,1,36.58292286,1,2771.594884,2
8,bimodal,Task B ,2,4,1,5.092658055,1,2,41.56966063,2,1711.446425,1
8,bimodal,Task B ,1,4,1,2.049359543,1,1,1.362423951,3,2729.629969,1
8,bimodal,Task B ,1,4,1,-3.591662045,2,1,335.8067445,4,2566.903898,2
8,bimodal,Task B ,1,4,1,-3.101410372,1,1,127.6836938,5,2485.699578,1
8,bimodal,Task B ,1,4,0,-2.294894787,2,2,249.4684378,6,2815.406594,2
9,bimodal,Task B ,1,1,0,5.152206738,2,2,346.5669459,1,3804.550507,2
9,bimodal,Task B ,1,2,1,-1.914926648,3,1,98.56555567,2,2446.716238,3
9,bimodal,Task B ,1,3,0,-0.470167837,3,2,321.6739567,3,2310.493038,3
9,bimodal,Task B ,2,1,0,-0.568682373,2,1,253.2956281,4,2995.712543,2
9,bimodal,Task B ,2,3,1,22.44164491,3,2,307.1434662,5,2752.405012,3
9,bimodal,Task B ,2,1,1,-13.04819945,3,2,285.0880801,6,2856.798239,3
10,bimodal,Task B ,2,3,1,-3.076287443,4,2,218.4166634,1,3097.107955,4
10,bimodal,Task B ,1,2,1,1.352605653,3,1,311.6472523,2,2557.911183,3
10,bimodal,Task B ,2,1,1,22.56948949,2,2,316.7307535,3,2123.213849,2
10,bimodal,Task B ,2,3,1,12.92850236,4,2,121.5899324,4,3098.069058,4
10,bimodal,Task B ,1,2,1,-6.275870729,1,1,59.97311717,5,2539.863879,1
10,bimodal,Task B ,1,2,0,2.243906407,3,2,348.3902359,6,3596.650042,3
1,bimodal,Task B ,1,2,0,-5.933925263,4,2,243.7220291,1,2803.678521,4
1,bimodal,Task B ,2,2,0,0.575992455,2,1,70.7845827,2,2581.600521,2
1,bimodal,Task B ,2,2,1,4.386286401,2,2,73.90903896,3,2101.689203,2
1,bimodal,Task B ,1,3,1,2.907633473,3,1,251.748303,4,2631.707156,3
1,bimodal,Task B ,1,3,0,-5.662216976,4,2,20.40777773,5,2532.216987,4
1,bimodal,Task B ,2,2,1,-9.940186102,3,2,288.0345589,6,2794.603811,3
2,bimodal,Task B ,2,2,1,-17.09119861,3,2,252.1084522,1,2287.986128,3
2,bimodal,Task B ,1,2,0,3.503964409,1,2,230.0539542,2,1963.276209,1
2,bimodal,Task B ,1,2,1,2.145446656,3,1,209.3102658,3,2683.548712,3
2,bimodal,Task B ,2,3,1,10.15302557,2,2,240.8224707,4,2689.032406,2
2,bimodal,Task B ,1,3,1,4.035561608,1,1,53.70302254,5,2866.461568,1
2,bimodal,Task B ,1,3,0,7.677584342,3,2,227.2117219,6,2542.697271,3
3,bimodal,Task B ,1,1,1,-2.739141425,1,1,26.59308556,1,2639.892448,1
3,bimodal,Task B ,1,3,1,-1.708213287,4,1,97.09772207,2,2672.882204,4
3,bimodal,Task B ,2,4,1,15.18733354,2,2,201.8833736,3,2105.618866,2
3,bimodal,Task B ,2,3,1,2.803540674,3,2,323.5852803,4,3234.057764,3
3,bimodal,Task B ,1,3,1,3.951918827,2,1,6.044217781,5,2807.149505,2
3,bimodal,Task B ,1,3,1,0.965285704,2,1,74.47110645,6,2754.079599,2
4,bimodal,Task B ,2,2,1,21.29496353,3,2,72.54057662,1,2850.616427,3
4,bimodal,Task B ,1,1,1,1.130804227,2,1,20.9282629,2,2744.102266,2
4,bimodal,Task B ,2,2,1,5.90079612,4,2,50.42659424,3,3206.506862,4
4,bimodal,Task B ,1,2,0,9.42110767,3,2,232.7138825,4,2363.470016,3
4,bimodal,Task B ,1,2,1,0.689261175,3,1,8.61522106,5,3057.416367,3
4,bimodal,Task B ,1,2,0,12.35225964,2,2,299.5756932,6,2705.002221,2
5,bimodal,Task B ,1,3,1,0.152127536,3,1,3.741809909,1,2890.597239,3
5,bimodal,Task B ,1,3,1,-1.170289593,4,1,19.91413235,2,2877.694046,4
5,bimodal,Task B ,1,4,0,0.518605545,3,2,72.18501605,3,2516.54939,3
5,bimodal,Task B ,1,2,1,4.928695005,2,1,80.06703458,4,2862.058999,2
5,bimodal,Task B ,2,4,1,6.751716831,2,2,177.4469969,5,3256.109726,2
5,bimodal,Task B ,1,2,0,-5.40699418,1,2,32.07722755,6,3405.819574,1
6,bimodal,Task B ,1,2,0,6.577395504,3,2,123.9559678,1,3567.188767,3
6,bimodal,Task B ,1,2,1,0.464217989,1,1,46.25209953,2,2793.143277,1
6,bimodal,Task B ,2,2,0,1.279866583,4,1,170.0674925,3,2569.148945,4
6,bimodal,Task B ,1,2,1,1.623875218,1,1,198.4914065,4,2867.47178,1
6,bimodal,Task B ,2,2,0,-0.569305017,3,1,166.4140484,5,2562.905209,3
6,bimodal,Task B ,1,1,1,1.121693302,3,1,78.38060773,6,2757.557786,3
7,bimodal,Task B ,2,4,1,-18.4308045,2,2,125.0183658,1,2850.750378,2
7,bimodal,Task B ,2,4,1,-8.025407057,2,2,188.6379528,2,2723.529735,2
7,bimodal,Task B ,1,4,0,-11.09855379,1,2,307.3880024,3,2420.819422,1
7,bimodal,Task B ,1,1,1,-3.059429293,1,1,356.6957018,4,2722.220884,1
7,bimodal,Task B ,1,4,1,-1.715224909,2,1,96.9314926,5,2728.09699,2
7,bimodal,Task B ,1,1,1,1.948879495,2,1,29.813977,6,2767.644875,2
8,bimodal,Task B ,1,4,0,-11.45390163,3,2,36.1936567,1,2134.635502,3
8,bimodal,Task B ,1,4,1,4.812238206,4,1,240.0761357,2,2605.037838,4
8,bimodal,Task B ,2,4,1,23.03121899,2,2,58.68089769,3,2987.094932,2
8,bimodal,Task B ,2,4,1,11.75357428,4,2,316.2880796,4,2689.070583,4
8,bimodal,Task B ,2,4,1,12.15274009,2,2,274.859262,5,2362.134616,2
8,bimodal,Task B ,1,1,1,-1.218366028,3,1,12.73457791,6,2736.249781,3
9,bimodal,Task B ,1,1,1,0.544979369,1,1,163.4449641,1,2993.298384,1
9,bimodal,Task B ,1,1,0,-16.49047981,1,2,9.222263093,2,2956.374813,1
9,bimodal,Task B ,1,1,1,3.305690382,2,1,283.6657836,3,2737.269855,2
9,bimodal,Task B ,1,1,0,-19.67566386,3,2,313.4171406,4,2752.102889,3
9,bimodal,Task B ,1,3,1,0.376331929,2,1,38.92475151,5,2628.300563,2
9,bimodal,Task B ,1,2,0,4.943913391,2,2,312.9101397,6,3035.065316,2
10,bimodal,Task B ,1,1,1,-1.33772974,3,1,163.283791,1,2590.498631,3
10,bimodal,Task B ,1,1,1,-2.343874013,3,1,228.0852485,2,2821.987311,3
10,bimodal,Task B ,1,2,0,6.77613002,1,2,1.024092128,3,3417.490996,1
10,bimodal,Task B ,2,1,1,6.361074965,3,2,84.12736079,4,3382.409011,3
10,bimodal,Task B ,1,1,0,-4.786010066,2,2,231.4754961,5,2174.177419,2
10,bimodal,Task B ,1,2,0,3.93702426,2,2,209.992391,6,2967.435139,2
1,bimodal,Task B ,2,2,1,-3.755583847,3,2,303.4985116,1,2106.58169,3
1,bimodal,Task B ,1,2,1,-0.231172002,2,1,274.2035296,2,2742.568109,2
1,bimodal,Task B ,2,4,1,-8.721018716,3,2,265.9898466,3,1881.113304,3
1,bimodal,Task B ,1,2,1,-2.156525259,1,1,151.7245934,4,2679.007989,1
1,bimodal,Task B ,2,1,0,-4.446908324,4,1,42.83138835,5,2716.699794,4
1,bimodal,Task B ,1,1,1,0.33819517,1,1,164.2013423,6,2579.349039,1
2,bimodal,Task B ,2,2,0,5.987828402,3,1,34.49211406,1,2437.288872,3
2,bimodal,Task B ,2,3,1,-8.182126974,2,2,44.34428094,2,2791.841061,2
2,bimodal,Task B ,2,3,1,6.009680699,3,2,332.3179626,3,3318.139059,3
2,bimodal,Task B ,2,3,1,7.174483537,4,2,214.8431251,4,3078.783847,4
2,bimodal,Task B ,1,2,1,1.335486001,2,1,166.6379458,5,2693.410351,2
2,bimodal,Task B ,1,2,1,4.194239698,1,1,289.6403867,6,2498.274009,1
3,bimodal,Task B ,1,1,0,6.135271956,4,2,206.137077,1,2499.205199,4
3,bimodal,Task B ,1,2,0,1.032756934,4,2,0.79576387,2,2569.924993,4
3,bimodal,Task B ,1,4,1,-0.780166144,2,1,300.6419837,3,2794.158666,2
3,bimodal,Task B ,2,1,1,9.031187642,4,2,308.7637125,4,2670.029655,4
3,bimodal,Task B ,2,3,1,-7.958712317,4,2,166.4922326,5,2498.905932,4
3,bimodal,Task B ,2,3,1,9.869302183,3,2,69.38783058,6,2116.708153,3
4,bimodal,Task B ,1,4,0,1.346361235,1,2,49.00715151,1,2295.719168,1
4,bimodal,Task B ,1,2,1,2.525970872,2,1,116.6432155,2,2802.592864,2
4,bimodal,Task B ,1,1,1,-1.289930111,4,1,251.4566081,3,2827.596092,4
4,bimodal,Task B ,1,1,0,3.740978141,1,2,52.11362531,4,2732.203636,1
4,bimodal,Task B ,1,4,1,4.74982554,4,1,286.2117741,5,2822.50208,4
4,bimodal,Task B ,1,3,1,0.041196898,4,1,27.19314286,6,2460.490075,4
5,bimodal,Task B ,1,3,1,0.688408281,1,1,156.9369595,1,2969.628555,1
5,bimodal,Task B ,2,4,1,-16.65624645,2,2,341.3016615,2,3126.073067,2
5,bimodal,Task B ,1,2,0,10.20801177,1,2,59.02830169,3,2273.715896,1
5,bimodal,Task B ,2,2,1,-12.35592626,1,2,182.3201832,4,2658.931451,1
5,bimodal,Task B ,2,4,1,24.45752948,1,2,63.35155489,5,3097.676395,1
5,bimodal,Task B ,2,4,0,7.995134627,3,1,220.5354727,6,2838.890054,3
6,bimodal,Task B ,1,2,1,1.142513455,4,1,127.6910974,1,2678.608356,4
6,bimodal,Task B ,2,2,1,-6.726727903,4,2,246.8713801,2,1976.987242,4
6,bimodal,Task B ,1,2,1,-0.972647553,2,1,340.1588236,3,2519.609101,2
6,bimodal,Task B ,1,2,1,1.711737596,3,1,358.835861,4,2728.590261,3
6,bimodal,Task B ,2,1,1,-19.8444607,1,2,254.1484695,5,2869.899192,1
6,bimodal,Task B ,1,2,0,5.248712043,3,2,42.22645665,6,2206.967486,3
7,bimodal,Task B ,1,4,1,2.454686973,3,1,125.8569651,1,2718.669894,3
7,bimodal,Task B ,2,1,1,-4.072749966,3,2,269.9591215,2,3334.739066,3
7,bimodal,Task B ,1,4,1,4.604523162,1,1,284.7507314,3,2724.9799,1
7,bimodal,Task B ,1,4,0,2.358518413,1,2,334.806377,4,3747.749091,1
7,bimodal,Task B ,1,1,1,2.657673641,1,1,140.164741,5,2674.895139,1
7,bimodal,Task B ,1,4,0,-2.582589694,2,2,238.3216527,6,2507.470263,2
8,bimodal,Task B ,1,4,0,-9.957567278,4,2,274.9819529,1,2351.712094,4
8,bimodal,Task B ,2,4,1,-8.590074856,3,2,100.7272977,2,2769.949655,3
8,bimodal,Task B ,1,4,1,0.036113211,2,1,165.7986408,3,2745.668715,2
8,bimodal,Task B ,1,4,1,3.126748696,2,1,160.3701619,4,2743.442192,2
8,bimodal,Task B ,2,1,0,1.920872368,4,1,230.9015084,5,2553.216075,4
8,bimodal,Task B ,2,4,0,5.789163867,2,1,10.01242566,6,2792.483463,2
9,bimodal,Task B ,1,4,1,0.440756123,4,1,36.28210416,1,2692.253554,4
9,bimodal,Task B ,1,1,1,-3.402857602,2,1,234.5364407,2,2588.804537,2
9,bimodal,Task B ,1,1,0,-9.302338188,2,2,299.674623,3,2031.536019,2
9,bimodal,Task B ,1,4,0,-1.670924284,3,2,20.74113747,4,2371.725899,3
9,bimodal,Task B ,1,3,0,13.41283196,2,2,178.2259548,5,2506.19103,2
9,bimodal,Task B ,2,3,1,30.82025462,2,2,36.51490867,6,2081.249492,2
10,bimodal,Task B ,2,2,0,-3.102412452,3,1,343.395218,1,2941.177667,3
10,bimodal,Task B ,1,2,1,-1.142228571,2,1,354.508017,2,2905.138674,2
10,bimodal,Task B ,1,2,1,2.163534312,4,1,290.2866653,3,2792.967576,4
10,bimodal,Task B ,2,1,1,-14.51611807,1,2,209.8934084,4,3669.797778,1
10,bimodal,Task B ,1,2,1,3.271519893,1,1,73.62233388,5,2803.61468,1
10,bimodal,Task B ,2,3,1,-29.10214615,4,2,25.84754982,6,1985.824425,4
1,bimodal,Task B ,1,3,1,1.647880197,4,1,265.1108744,1,2602.051086,4
1,bimodal,Task B ,1,3,1,-3.244849959,4,1,95.19392763,2,2545.360739,4
1,bimodal,Task B ,2,1,0,1.796279486,1,1,219.6875387,3,2549.383064,1
1,bimodal,Task B ,1,2,0,19.37774494,3,2,259.0304344,4,2052.468973,3
1,bimodal,Task B ,2,1,1,10.58867062,2,2,26.46610294,5,3320.138482,2
1,bimodal,Task B ,1,3,0,-8.657168784,3,2,91.30324305,6,2878.799051,3
2,bimodal,Task B ,1,2,1,-6.319847688,2,1,100.1541874,1,2669.023673,2
2,bimodal,Task B ,1,2,1,1.778385164,3,1,147.1097406,2,2608.00289,3
2,bimodal,Task B ,2,2,1,15.32379845,2,2,121.0395724,3,2280.706681,2
2,bimodal,Task B ,1,1,1,-3.184395521,3,1,145.4772347,4,2838.815384,3
2,bimodal,Task B ,2,4,1,-11.35036619,4,2,139.5113272,5,2551.074784,4
2,bimodal,Task B ,1,3,1,0.005729758,4,1,98.24678456,6,2612.503751,4
3,bimodal,Task B ,2,3,0,-0.51447562,1,1,274.1224711,1,2988.346303,1
3,bimodal,Task B ,2,4,1,-8.075029798,4,2,73.78853411,2,3056.16988,4
3,bimodal,Task B ,2,3,1,-14.93783122,2,2,193.4655722,3,2947.613192,2
3,bimodal,Task B ,2,4,1,-24.45885389,3,2,77.84891538,4,2265.987463,3
3,bimodal,Task B ,1,3,1,3.144440292,4,1,115.7577952,5,2705.130502,4
3,bimodal,Task B ,1,3,1,0.08152447,1,1,190.5844729,6,2721.092414,1
4,bimodal,Task B ,1,2,0,-9.988271937,3,2,259.3465937,1,3154.357426,3
4,bimodal,Task B ,1,2,0,0.968086581,4,2,307.1299395,2,2564.545667,4
4,bimodal,Task B ,1,3,0,-4.746307053,1,2,162.9521837,3,3074.163194,1
4,bimodal,Task B ,1,1,0,-0.520860373,2,2,145.6880249,4,2588.820133,2
4,bimodal,Task B ,1,2,1,3.587109365,1,1,90.44708258,5,2472.039703,1
4,bimodal,Task B ,2,2,1,7.71010149,1,2,206.9135679,6,2602.5777,1
5,bimodal,Task B ,1,4,1,5.516851657,4,1,341.2652487,1,2790.50531,4
5,bimodal,Task B ,1,4,1,-1.125389672,4,1,304.5638153,2,2860.240896,4
5,bimodal,Task B ,2,4,1,23.22078645,4,2,309.9282719,3,3555.928806,4
5,bimodal,Task B ,2,4,1,-12.72456884,3,2,144.7040137,4,2555.928287,3
5,bimodal,Task B ,1,4,1,-1.1829212,1,1,103.6742586,5,3025.537765,1
5,bimodal,Task B ,1,2,0,-1.389384915,1,2,153.0797691,6,2741.66555,1
6,bimodal,Task B ,1,2,1,-0.595070006,1,1,322.9352306,1,2897.529669,1
6,bimodal,Task B ,1,2,1,0.511730875,1,1,297.7721118,2,3033.083937,1
6,bimodal,Task B ,1,2,1,4.039757287,1,1,185.306514,3,2732.920513,1
6,bimodal,Task B ,2,2,1,25.89405333,4,2,317.3604539,4,2457.602105,4
6,bimodal,Task B ,2,1,0,-3.239841108,2,1,267.0441822,5,2661.086957,2
6,bimodal,Task B ,1,1,0,-2.335353345,3,2,87.69079742,6,2242.184315,3
7,bimodal,Task B ,2,4,1,-10.42557304,3,2,338.4219733,1,3123.668973,3
7,bimodal,Task B ,1,2,0,12.61082346,2,2,219.4677041,2,2528.687385,2
7,bimodal,Task B ,1,4,1,-0.449198836,1,1,202.9633254,3,2708.761527,1
7,bimodal,Task B ,1,1,0,2.608427291,3,2,190.6555811,4,2794.226753,3
7,bimodal,Task B ,2,4,1,7.675021886,3,2,18.0561552,5,3098.340147,3
7,bimodal,Task B ,1,1,0,-16.8048027,3,2,158.3886959,6,1822.787593,3
8,bimodal,Task B ,1,4,0,-7.342470453,3,2,194.4028089,1,3217.91996,3
8,bimodal,Task B ,1,4,0,-1.142920888,2,2,47.04464407,2,2643.254503,2
8,bimodal,Task B ,1,4,1,5.122605644,2,1,52.26224274,3,2714.655022,2
8,bimodal,Task B ,1,4,1,1.273114231,1,1,351.6279273,4,2767.741799,1
8,bimodal,Task B ,2,4,1,10.5521604,3,2,53.03438958,5,2688.981126,3
8,bimodal,Task B ,1,4,1,-8.761535288,1,1,138.68287,6,2829.42146,1
9,bimodal,Task B ,2,1,1,-12.38641816,3,2,38.25230863,1,2530.47914,3
9,bimodal,Task B ,1,2,1,-1.884362958,2,1,211.1981964,2,2734.062832,2
9,bimodal,Task B ,1,3,0,4.070017096,4,2,44.02004981,3,2016.779977,4
9,bimodal,Task B ,1,1,1,-3.604229381,2,1,278.3445346,4,2654.921407,2
9,bimodal,Task B ,1,2,1,4.207513432,3,1,111.0065369,5,2621.449658,3
9,bimodal,Task B ,1,1,1,-1.610614187,1,1,188.2314295,6,2477.826359,1
10,bimodal,Task B ,2,2,1,-10.6151345,4,2,96.79727694,1,2323.815667,4
10,bimodal,Task B ,2,2,1,-5.455433275,4,2,67.80917271,2,2869.887097,4
10,bimodal,Task B ,2,1,1,-5.090808801,2,2,51.01641431,3,3065.860269,2
10,bimodal,Task B ,1,2,1,-0.709233131,2,1,357.4606821,4,2740.005739,2
10,bimodal,Task B ,1,2,1,2.601720957,1,1,234.0353073,5,2741.838688,1
10,bimodal,Task B ,1,2,1,2.353619572,4,1,33.94603721,6,2763.936977,4
1,bimodal,Task B ,1,2,0,0.423421628,4,2,123.7471869,1,2696.780513,4
1,bimodal,Task B ,1,2,0,-2.288815573,4,2,147.7814475,2,2597.341454,4
1,bimodal,Task B ,2,2,1,-7.326677192,2,2,240.2718014,3,3594.615632,2
1,bimodal,Task B ,2,1,1,0.960573893,4,2,92.28189196,4,2287.211763,4
1,bimodal,Task B ,1,4,0,9.279078405,3,2,308.8638346,5,3475.261838,3
1,bimodal,Task B ,1,3,0,-2.189815454,4,2,228.058938,6,3708.011068,4
2,bimodal,Task B ,2,4,1,16.49866043,4,2,217.9582756,1,2123.244367,4
2,bimodal,Task B ,2,2,0,-4.860705221,1,1,278.3917674,2,2883.073834,1
2,bimodal,Task B ,2,3,1,-24.37834086,3,2,224.230308,3,2305.824801,3
2,bimodal,Task B ,1,1,1,0.192631282,1,1,137.6316205,4,2763.319028,1
2,bimodal,Task B ,1,2,0,-8.935303974,2,2,291.9602189,5,3053.445553,2
2,bimodal,Task B ,2,2,1,-6.932894048,1,2,48.23275582,6,2373.255577,1
3,bimodal,Task B ,2,3,0,1.63971653,3,1,311.6741558,1,2857.460354,3
3,bimodal,Task B ,1,3,1,-2.835060758,2,1,353.6428872,2,2772.817754,2
3,bimodal,Task B ,2,3,1,-21.8944529,1,2,5.735462369,3,2408.599269,1
3,bimodal,Task B ,2,4,1,9.69803188,2,2,321.2619758,4,2162.000333,2
3,bimodal,Task B ,2,2,1,8.599770612,1,2,318.3460124,5,3255.162877,1
3,bimodal,Task B ,1,1,0,10.54949337,3,2,356.5689969,6,2887.304028,3
4,bimodal,Task B ,1,3,0,-7.87485697,4,2,145.7819615,1,2553.975417,4
4,bimodal,Task B ,1,2,0,1.867691234,1,2,248.8056285,2,2623.503678,1
4,bimodal,Task B ,2,2,1,9.660529866,4,2,254.4535337,3,3243.04485,4
4,bimodal,Task B ,2,1,0,-0.180501713,2,1,289.4719745,4,2677.447089,2
4,bimodal,Task B ,1,2,1,-0.794778755,2,1,335.7698304,5,2762.25439,2
4,bimodal,Task B ,2,4,1,-16.33465487,1,2,216.5805839,6,2253.935714,1
5,bimodal,Task B ,1,4,1,2.041146104,3,1,237.2684503,1,2716.542796,3
5,bimodal,Task B ,1,4,1,3.295738324,1,1,107.5344085,2,2794.614697,1
5,bimodal,Task B ,1,2,0,7.870033323,1,2,343.9931492,3,3125.868444,1
5,bimodal,Task B ,1,4,1,0.262277379,3,1,142.3383678,4,2661.571083,3
5,bimodal,Task B ,2,4,1,-12.04542517,3,2,274.5693782,5,2013.52989,3
5,bimodal,Task B ,1,4,0,0.03555086,2,2,324.5607515,6,3417.668332,2
6,bimodal,Task B ,2,2,1,7.292757787,2,2,318.4569737,1,2231.600095,2
6,bimodal,Task B ,2,2,0,-4.7745278,3,1,233.3576671,2,2685.190419,3
6,bimodal,Task B ,1,2,0,15.776864,2,2,356.9033084,3,3156.582924,2
6,bimodal,Task B ,1,2,1,-0.411107362,4,1,80.97414078,4,2767.482707,4
6,bimodal,Task B ,1,2,0,-5.424917954,3,2,357.9684001,5,3040.92666,3
6,bimodal,Task B ,1,2,1,-0.753860558,4,1,100.3768494,6,2811.042459,4
7,bimodal,Task B ,2,4,0,0.637246718,2,1,155.9791428,1,2623.75502,2
7,bimodal,Task B ,1,2,0,-1.645876703,1,2,321.5563274,2,3253.245946,1
7,bimodal,Task B ,1,4,0,-4.303723357,3,2,345.4329744,3,2379.179711,3
7,bimodal,Task B ,1,1,0,7.407542453,1,2,336.1918956,4,2836.339865,1
7,bimodal,Task B ,2,4,0,-1.36467796,3,1,236.1522933,5,2652.668951,3
7,bimodal,Task B ,1,4,0,3.369470318,4,2,174.3883094,6,2918.981277,4
8,bimodal,Task B ,1,4,0,-4.161936016,2,2,203.650887,1,2766.861338,2
8,bimodal,Task B ,1,4,1,-0.564873021,1,1,224.4240526,2,2785.110582,1
8,bimodal,Task B ,1,4,1,-0.115643607,4,1,140.957841,3,2743.413577,4
8,bimodal,Task B ,1,1,1,1.674967658,2,1,15.98607288,4,2674.099813,2
8,bimodal,Task B ,1,4,1,-2.957676762,3,1,158.6972534,5,2693.687316,3
8,bimodal,Task B ,2,4,1,25.60523292,1,2,146.526749,6,2831.072023,1
9,bimodal,Task B ,2,2,0,-2.986999576,4,1,301.9240199,1,2754.644754,4
9,bimodal,Task B ,1,4,0,-3.636967414,4,2,211.3757675,2,2368.726068,4
9,bimodal,Task B ,2,2,0,2.837158227,3,1,107.5772846,3,2556.325943,3
9,bimodal,Task B ,2,2,1,-20.22242669,1,2,178.4561572,4,3358.671157,1
9,bimodal,Task B ,1,3,1,-3.286663815,3,1,134.749556,5,2671.763727,3
9,bimodal,Task B ,1,3,0,5.826404163,4,2,10.21557149,6,2955.016725,4
10,bimodal,Task B ,2,1,1,-8.518422057,1,2,127.7326957,1,2609.120516,1
10,bimodal,Task B ,1,1,1,-2.595721175,3,1,187.856875,2,2616.912796,3
10,bimodal,Task B ,1,1,0,10.0655673,1,2,195.5400661,3,3297.81119,1
10,bimodal,Task B ,1,1,0,-3.108327994,2,2,34.79776751,4,2023.50075,2
10,bimodal,Task B ,1,2,1,-1.157989479,2,1,107.042291,5,2555.040927,2
10,bimodal,Task B ,1,2,1,-3.434816375,4,1,19.96488079,6,2727.029417,4
1,bimodal,Task B ,1,3,1,-1.96537945,3,1,325.8824667,1,2654.18307,3
1,bimodal,Task B ,2,2,0,0.564620494,3,1,125.210399,2,2453.180309,3
1,bimodal,Task B ,2,4,1,18.26513609,4,2,96.55390689,3,2441.219428,4
1,bimodal,Task B ,1,3,1,1.494239534,2,1,161.3943093,4,2747.222283,2
1,bimodal,Task B ,1,3,1,5.189404291,2,1,320.9136256,5,2858.145985,2
1,bimodal,Task B ,1,3,1,7.334133147,3,1,205.2967899,6,2745.032631,3
2,bimodal,Task B ,2,3,1,0.460347681,3,2,233.2008436,1,1801.19777,3
2,bimodal,Task B ,2,4,1,-0.353765743,4,2,286.9446032,2,3910.775088,4
2,bimodal,Task B ,2,2,0,-1.455560547,3,1,30.50589803,3,2782.313036,3
2,bimodal,Task B ,2,1,1,20.37538947,1,2,185.4487042,4,2248.183788,1
2,bimodal,Task B ,1,2,1,8.48861927,2,1,12.82865186,5,2751.463848,2
2,bimodal,Task B ,1,3,0,0.335176854,1,2,256.8112001,6,3017.284178,1
3,bimodal,Task B ,1,3,1,0.41552456,4,1,21.38740897,1,2677.938387,4
3,bimodal,Task B ,1,3,1,-4.46238592,3,1,216.7059215,2,2647.086153,3
3,bimodal,Task B ,1,2,1,-0.26892862,2,1,246.3486698,3,2663.600948,2
3,bimodal,Task B ,1,3,1,3.812951315,2,1,320.0130066,4,2852.10399,2
3,bimodal,Task B ,1,3,1,-1.072474793,2,1,147.2304447,5,2582.570477,2
3,bimodal,Task B ,2,2,0,0.85118853,1,1,231.7499904,6,2612.603609,1
4,bimodal,Task B ,1,3,1,8.230465939,1,1,332.1093,1,2537.381063,1
4,bimodal,Task B ,1,2,1,2.53161486,1,1,189.7012073,2,2624.787974,1
4,bimodal,Task B ,1,1,0,-0.402278898,2,2,351.2728076,3,2596.039846,2
4,bimodal,Task B ,2,4,1,25.80753552,4,2,140.702429,4,3798.668541,4
4,bimodal,Task B ,2,4,0,0.836096021,3,1,226.5399622,5,2483.040582,3
4,bimodal,Task B ,1,2,1,-3.060473942,1,1,206.7644975,6,2508.949784,1
5,bimodal,Task B ,2,4,1,24.93396493,3,2,82.13738711,1,3287.340576,3
5,bimodal,Task B ,1,4,1,1.607041483,4,1,145.602906,2,2704.435658,4
5,bimodal,Task B ,1,2,1,5.054349294,2,1,102.1110485,3,2598.854028,2
5,bimodal,Task B ,1,3,0,-5.460570839,3,2,248.6556723,4,2704.39671,3
5,bimodal,Task B ,1,4,1,3.979662996,2,1,176.6399809,5,2664.978467,2
5,bimodal,Task B ,1,4,0,2.616583153,2,2,354.7339396,6,2097.679887,2
6,bimodal,Task B ,1,2,0,2.400972669,2,2,70.57289282,1,2798.146781,2
6,bimodal,Task B ,2,2,1,18.58793446,4,2,65.57558015,2,2238.875467,4
6,bimodal,Task B ,1,2,1,6.194559696,4,1,267.5287459,3,2740.476179,4
6,bimodal,Task B ,2,2,1,34.48677217,1,2,133.0148951,4,3514.293866,1
6,bimodal,Task B ,2,2,0,2.434388752,4,1,185.496854,5,2631.287411,4
6,bimodal,Task B ,1,2,1,1.025518591,2,1,176.5686197,6,2638.257284,2
7,bimodal,Task B ,1,1,1,-0.032776278,1,1,160.6666565,1,2795.098641,1
7,bimodal,Task B ,2,4,0,-7.046784941,4,1,13.99406372,2,2660.013356,4
7,bimodal,Task B ,1,4,1,4.162152433,2,1,190.780349,3,2558.757261,2
7,bimodal,Task B ,2,4,0,-2.858833728,4,1,213.3859231,4,2756.476671,4
7,bimodal,Task B ,1,1,1,1.674502039,3,1,344.7968525,5,2722.465773,3
7,bimodal,Task B ,1,4,1,-1.559790949,4,1,134.9227446,6,2532.885733,4
8,bimodal,Task B ,1,4,1,-0.735025257,1,1,143.9838692,1,2718.828064,1
8,bimodal,Task B ,2,4,1,17.19108684,3,2,169.8168838,2,2859.23986,3
8,bimodal,Task B ,1,4,1,-0.481747183,1,1,110.5184722,3,2704.382986,1
8,bimodal,Task B ,1,4,1,-5.071386092,4,1,228.6633833,4,2633.023732,4
8,bimodal,Task B ,1,4,1,7.899663862,3,1,66.22839352,5,2826.976,3
8,bimodal,Task B ,1,4,1,0.245921255,4,1,86.06887545,6,2731.876234,4
9,bimodal,Task B ,1,1,1,3.134502707,4,1,273.0703677,1,2598.147017,4
9,bimodal,Task B ,2,2,1,-9.718081454,4,2,18.62267966,2,3101.978998,4
9,bimodal,Task B ,1,1,1,5.24094437,1,1,294.4205674,3,2791.704028,1
9,bimodal,Task B ,2,4,0,5.295410037,4,1,80.42878544,4,2669.290822,4
9,bimodal,Task B ,2,2,0,-3.595365018,1,1,137.5555364,5,2563.854347,1
9,bimodal,Task B ,1,1,1,0.382521866,3,1,192.6320252,6,2550.474013,3
10,bimodal,Task B ,1,1,0,-2.059927652,2,2,0.465106024,1,2695.752436,2
10,bimodal,Task B ,1,1,1,1.666393082,2,1,195.7604027,2,2811.480433,2
10,bimodal,Task B ,1,2,0,14.99559411,3,2,105.7865113,3,2198.180741,3
10,bimodal,Task B ,1,2,1,0.271156566,3,1,349.61255,4,2790.241242,3
10,bimodal,Task B ,1,2,1,-0.869316261,2,1,347.45048,5,2554.035876,2
10,bimodal,Task B ,1,2,1,-0.365113663,4,1,97.11490308,6,2522.08152,4
1,bimodal,Task B ,1,2,0,5.630842091,1,2,38.67067086,1,3052.861069,1
1,bimodal,Task B ,1,2,1,5.177956998,1,1,206.0114268,2,2862.171559,1
1,bimodal,Task B ,2,2,1,8.82187762,4,2,15.81914595,3,2337.141079,4
1,bimodal,Task B ,1,3,1,4.921076165,1,1,43.67189833,4,2921.110814,1
1,bimodal,Task B ,1,2,1,1.41389369,2,1,282.1295545,5,2619.428864,2
1,bimodal,Task B ,1,3,1,-1.058509156,2,1,37.50827384,6,2797.184654,2
2,bimodal,Task B ,2,3,1,-4.877839905,2,2,233.1566308,1,3582.69084,2
2,bimodal,Task B ,1,2,1,-3.213626368,3,1,256.2917026,2,2784.767776,3
2,bimodal,Task B ,2,1,1,7.60174658,4,2,23.61019725,3,2467.665731,4
2,bimodal,Task B ,2,2,0,-3.937154414,3,1,240.8864903,4,2732.242629,3
2,bimodal,Task B ,2,2,1,7.991838986,2,2,220.5234532,5,2137.58558,2
2,bimodal,Task B ,1,4,0,-8.115174231,1,2,243.1763233,6,2470.015391,1
3,bimodal,Task B ,1,4,0,4.936845464,3,2,263.929942,1,2767.709021,3
3,bimodal,Task B ,1,2,1,0.358378695,2,1,309.8951492,2,2676.217343,2
3,bimodal,Task B ,2,1,0,-4.543797097,4,1,312.6263611,3,2698.590721,4
3,bimodal,Task B ,1,4,1,-0.386503836,1,1,25.46550897,4,2683.187468,1
3,bimodal,Task B ,2,4,1,13.06552185,1,2,285.852205,5,2539.696418,1
3,bimodal,Task B ,2,1,0,2.485935544,1,1,184.3884556,6,3021.77237,1
4,bimodal,Task B ,1,3,1,-1.757533068,4,1,100.6127845,1,2809.433077,4
4,bimodal,Task B ,1,1,1,-3.198845454,4,1,334.3861024,2,2905.842766,4
4,bimodal,Task B ,1,2,1,0.08417352,1,1,44.37949754,3,2618.51836,1
4,bimodal,Task B ,1,1,0,11.11106362,2,2,241.8474409,4,3487.656377,2
4,bimodal,Task B ,1,3,0,-1.958377702,3,2,294.9677364,5,3011.109231,3
4,bimodal,Task B ,1,2,1,4.021074954,3,1,326.6390227,6,2689.54154,3
5,bimodal,Task B ,2,4,1,4.821575989,4,2,71.01090313,1,3310.757532,4
5,bimodal,Task B ,2,4,0,4.519253429,4,1,33.42495488,2,2484.003141,4
5,bimodal,Task B ,1,4,1,-1.34946492,2,1,326.2883433,3,2785.148818,2
5,bimodal,Task B ,1,4,1,1.802548311,1,1,345.3388592,4,2915.732029,1
5,bimodal,Task B ,2,4,1,21.81559624,3,2,317.3504993,5,2504.70424,3
5,bimodal,Task B ,2,3,0,-2.786512456,4,1,62.63266481,6,2886.252986,4
6,bimodal,Task B ,2,2,1,4.592931277,3,2,332.1542179,1,1759.177914,3
6,bimodal,Task B ,1,2,1,-0.075165149,3,1,166.0957203,2,2745.502427,3
6,bimodal,Task B ,1,2,1,-2.145297075,1,1,163.5169258,3,2562.685867,1
6,bimodal,Task B ,1,2,1,-2.733873062,2,1,173.0963467,4,2748.184504,2
6,bimodal,Task B ,2,2,1,-10.75870765,2,2,162.7189269,5,2359.038761,2
6,bimodal,Task B ,1,1,1,-3.167302874,4,1,65.82495006,6,2459.109227,4
7,bimodal,Task B ,1,3,1,-0.332295124,4,1,332.4887768,1,2611.707792,4
7,bimodal,Task B ,1,2,0,0.249867903,1,2,4.60065279,2,2963.024995,1
7,bimodal,Task B ,1,4,0,-14.12033549,2,2,265.2499667,3,2767.871342,2
7,bimodal,Task B ,2,1,0,-6.240559952,2,1,42.52478405,4,2720.173112,2
7,bimodal,Task B ,1,1,0,3.586293045,1,2,76.61158083,5,2251.229187,1
7,bimodal,Task B ,1,1,1,3.973063873,1,1,149.3263792,6,3049.698897,1
8,bimodal,Task B ,1,4,1,1.748100354,4,1,341.7125176,1,2779.329368,4
8,bimodal,Task B ,1,4,1,-2.417438499,3,1,118.5526563,2,2797.463335,3
8,bimodal,Task B ,2,4,1,9.873088894,2,2,59.24924487,3,2541.420538,2
8,bimodal,Task B ,1,4,1,1.982973162,4,1,20.49455428,4,2652.001995,4
8,bimodal,Task B ,1,4,1,-2.621493557,4,1,268.1244125,5,2959.352156,4
8,bimodal,Task B ,2,4,1,-17.66018767,2,2,126.1002715,6,3357.959704,2
9,bimodal,Task B ,1,1,1,5.475741081,2,1,148.8585393,1,2586.850055,2
9,bimodal,Task B ,2,3,1,27.71728201,4,2,355.6010061,2,1710.978351,4
9,bimodal,Task B ,1,2,1,2.838626762,1,1,351.0976083,3,2602.788274,1
9,bimodal,Task B ,1,2,1,-0.882292569,1,1,341.1291357,4,2712.035511,1
9,bimodal,Task B ,1,1,0,-2.228952696,1,2,190.7738973,5,2940.237798,1
9,bimodal,Task B ,1,2,0,12.19524981,4,2,276.0637998,6,3119.948972,4
10,bimodal,Task B ,1,1,1,0.821210997,3,1,250.2716462,1,2849.027369,3
10,bimodal,Task B ,1,2,1,1.812072293,3,1,354.354774,2,2661.963166,3
10,bimodal,Task B ,1,2,1,4.567662866,3,1,166.9967563,3,2831.621263,3
10,bimodal,Task B ,1,2,0,-4.105908149,2,2,206.280842,4,2999.454649,2
10,bimodal,Task B ,2,1,1,-5.693589631,1,2,42.94800349,5,2766.224132,1
10,bimodal,Task B ,1,2,0,0.323695821,3,2,197.5923804,6,2964.418558,3
1,bimodal,Task B ,1,3,1,-0.628238796,2,1,73.43727803,1,2684.011146,2
1,bimodal,Task B ,2,2,0,3.655623739,1,1,323.0355819,2,2480.065866,1
1,bimodal,Task B ,1,3,1,5.332325901,3,1,305.9464759,3,2662.364091,3
1,bimodal,Task B ,2,2,0,-6.661776675,1,1,178.2072923,4,2684.816568,1
1,bimodal,Task B ,1,3,0,4.710484058,3,2,320.5133526,5,3144.373861,3
1,bimodal,Task B ,2,3,1,-11.41333355,3,2,168.6775377,6,2877.163811,3
2,bimodal,Task B ,2,3,1,4.002714187,2,2,152.2116501,1,3199.116203,2
2,bimodal,Task B ,2,3,1,-0.610898226,1,2,301.0386739,2,3031.988855,1
2,bimodal,Task B ,1,2,0,3.563780323,1,2,26.26099163,3,2033.33556,1
2,bimodal,Task B ,2,2,1,-18.91848087,2,2,89.81901342,4,2205.514157,2
2,bimodal,Task B ,2,3,1,15.82178967,4,2,96.96412026,5,1928.704971,4
2,bimodal,Task B ,2,3,0,0.673172697,1,1,150.2876769,6,2685.251028,1
3,bimodal,Task B ,1,3,1,-1.130145381,4,1,147.3918059,1,2817.485325,4
3,bimodal,Task B ,1,3,1,-1.984037816,2,1,210.719325,2,2674.698715,2
3,bimodal,Task B ,1,3,1,0.192140531,3,1,230.9178341,3,2873.038793,3
3,bimodal,Task B ,2,4,1,-6.504885204,4,2,297.852307,4,2474.703368,4
3,bimodal,Task B ,1,3,1,-0.43249794,1,1,212.3834864,5,2687.987731,1
3,bimodal,Task B ,1,3,1,-0.923266086,1,1,83.18073724,6,2982.053972,1
4,bimodal,Task B ,2,2,1,-6.878549063,1,2,329.0610222,1,2742.843029,1
4,bimodal,Task B ,1,1,1,1.092939326,1,1,224.5623632,2,2859.372187,1
4,bimodal,Task B ,1,2,1,-3.153115917,3,1,308.9606756,3,2696.9164,3
4,bimodal,Task B ,1,2,1,0.197988443,1,1,26.90853344,4,2777.727109,1
4,bimodal,Task B ,2,4,1,-10.9046851,4,2,229.5728859,5,3094.570879,4
4,bimodal,Task B ,2,4,1,-1.979061434,4,2,174.0912935,6,3000.946305,4
5,bimodal,Task B ,1,2,0,8.34131163,4,2,251.5860324,1,2775.854166,4
5,bimodal,Task B ,2,1,1,10.09332279,1,2,273.5172943,2,3957.993782,1
5,bimodal,Task B ,1,4,0,1.357100453,3,2,20.10026102,3,3056.848935,3
5,bimodal,Task B ,1,4,1,4.351787274,1,1,320.956127,4,2515.90925,1
5,bimodal,Task B ,2,4,1,14.60530579,3,2,107.8203306,5,2529.795473,3
5,bimodal,Task B ,1,2,0,8.257865579,2,2,303.192749,6,2968.690335,2
6,bimodal,Task B ,1,2,1,3.132443557,2,1,212.7063005,1,2899.207379,2
6,bimodal,Task B ,2,2,0,5.769563814,1,1,336.9249595,2,2553.142759,1
6,bimodal,Task B ,1,2,0,4.075712894,1,2,258.4300817,3,2509.902732,1
6,bimodal,Task B ,2,2,1,4.205286637,4,2,177.9938556,4,2797.230049,4
6,bimodal,Task B ,1,2,1,-8.148797459,3,1,297.9747629,5,2549.369438,3
6,bimodal,Task B ,1,2,1,3.834780919,2,1,252.8011962,6,2940.640575,2
7,bimodal,Task B ,2,4,1,3.524571146,2,2,79.28522012,1,3405.200691,2
7,bimodal,Task B ,2,4,1,-13.7155944,3,2,181.2618915,2,2447.186688,3
7,bimodal,Task B ,1,4,0,4.008148949,3,2,276.4425303,3,2751.568239,3
7,bimodal,Task B ,1,1,0,0.822950498,2,2,81.43024315,4,2847.259374,2
7,bimodal,Task B ,2,4,1,-15.98056073,4,2,82.07721659,5,2919.849743,4
7,bimodal,Task B ,1,4,0,-17.33848755,3,2,118.2709854,6,2599.66381,3
8,bimodal,Task B ,1,4,1,-2.162673456,1,1,12.94557858,1,2675.380641,1
8,bimodal,Task B ,1,4,0,-5.094614477,4,2,352.6109181,2,2087.911279,4
8,bimodal,Task B ,1,4,1,-0.018659891,4,1,269.4364869,3,2611.214732,4
8,bimodal,Task B ,1,4,1,-3.588098306,4,1,217.3132616,4,2740.513962,4
8,bimodal,Task B ,2,4,1,5.771667159,1,2,270.462149,5,2294.200963,1
8,bimodal,Task B ,1,4,1,-2.671675062,1,1,356.3480308,6,2659.412355,1
9,bimodal,Task B ,1,4,1,-1.260849789,3,1,343.9826086,1,2669.290441,3
9,bimodal,Task B ,1,4,0,-1.983741465,4,2,85.13012948,2,2609.062521,4
9,bimodal,Task B ,1,2,0,5.211489609,1,2,207.387227,3,2825.430832,1
9,bimodal,Task B ,1,1,0,1.25777426,4,2,173.8412991,4,1951.637244,4
9,bimodal,Task B ,1,4,1,0.675941353,4,1,253.8984954,5,2821.8672,4
9,bimodal,Task B ,2,2,1,-11.85833532,1,2,280.1320715,6,3588.771662,1
10,bimodal,Task B ,1,1,0,3.994891436,1,2,171.1478245,1,2913.906962,1
10,bimodal,Task B ,1,1,1,4.230467005,2,1,36.29725287,2,2658.476009,2
10,bimodal,Task B ,1,1,0,7.033397361,1,2,356.8953325,3,3311.31581,1
10,bimodal,Task B ,1,1,0,-11.47221292,1,2,86.28736537,4,2668.126071,1
10,bimodal,Task B ,1,2,0,8.401130227,1,2,83.83153858,5,2705.52783,1
10,bimodal,Task B ,1,2,0,-5.820626121,4,2,163.9843846,6,2611.621483,4
1,bimodal,Task B ,2,3,1,-21.93338785,2,2,279.4387118,1,3117.732497,2
1,bimodal,Task B ,1,2,1,2.97089378,3,1,51.64037212,2,2567.793646,3
1,bimodal,Task B ,1,2,1,2.734160621,3,1,250.1565941,3,2556.680953,3
1,bimodal,Task B ,1,3,1,3.904028508,3,1,61.40459409,4,2529.270575,3
1,bimodal,Task B ,1,3,1,-1.091074237,3,1,199.8600918,5,2651.215076,3
1,bimodal,Task B ,1,3,0,7.530859225,1,2,64.76351894,6,3441.362684,1
2,bimodal,Task B ,2,3,1,-18.68356133,1,2,128.061085,1,2357.90206,1
2,bimodal,Task B ,2,4,1,6.885833083,4,2,47.32417755,2,2455.232782,4
2,bimodal,Task B ,1,1,1,0.7759932,1,1,311.6002261,3,2542.169426,1
2,bimodal,Task B ,2,1,1,-1.213735043,1,2,206.6459721,4,2991.024992,1
2,bimodal,Task B ,2,3,1,0.728793211,2,2,255.6798931,5,2604.941181,2
2,bimodal,Task B ,1,2,1,-1.414791033,3,1,53.66814213,6,2648.786207,3
3,bimodal,Task B ,2,3,1,-9.681576164,1,2,8.167119107,1,1726.53062,1
3,bimodal,Task B ,1,4,1,-0.214040708,2,1,231.983643,2,2786.605326,2
3,bimodal,Task B ,2,1,0,4.420501264,4,1,13.38556019,3,2644.318469,4
3,bimodal,Task B ,2,2,0,-2.261654364,3,1,215.3184127,4,2376.282643,3
3,bimodal,Task B ,2,1,0,-5.195441573,1,1,32.04976689,5,2859.668116,1
3,bimodal,Task B ,2,1,1,-2.803291949,2,2,89.30176999,6,3058.31159,2
4,bimodal,Task B ,1,3,1,2.754426211,1,1,121.9949668,1,2714.707598,1
4,bimodal,Task B ,1,3,0,-7.105919553,1,2,78.74086933,2,2820.620942,1
4,bimodal,Task B ,2,4,1,2.872705353,3,2,103.5407249,3,1611.603248,3
4,bimodal,Task B ,1,1,0,6.957392407,1,2,110.7201854,4,2715.535675,1
4,bimodal,Task B ,1,2,0,0.818277862,3,2,113.1669999,5,3598.57411,3
4,bimodal,Task B ,1,1,1,0.653913716,1,1,106.2359115,6,2486.379734,1
5,bimodal,Task B ,1,3,0,0.72336571,1,2,123.4137465,1,2299.426946,1
5,bimodal,Task B ,1,4,0,4.261881568,3,2,66.28791708,2,3701.366389,3
5,bimodal,Task B ,1,4,1,0.42911976,3,1,333.0831135,3,2468.111184,3
5,bimodal,Task B ,2,4,1,5.730882881,3,2,36.93032697,4,3606.063137,3
5,bimodal,Task B ,1,2,0,13.43535134,2,2,248.600503,5,3186.720345,2
5,bimodal,Task B ,1,4,1,1.600238198,1,1,133.2372529,6,2882.399604,1
6,bimodal,Task B ,1,2,1,-1.847094595,1,1,334.7302399,1,2719.497922,1
6,bimodal,Task B ,1,2,0,2.875896389,1,2,323.6628106,2,2166.225144,1
6,bimodal,Task B ,1,2,1,-0.96560979,1,1,178.5228841,3,2777.655866,1
6,bimodal,Task B ,1,2,1,-0.098374614,1,1,271.9280886,4,2496.40913,1
6,bimodal,Task B ,1,2,1,-1.046265295,2,1,94.23855608,5,2874.456953,2
6,bimodal,Task B ,2,2,1,-13.35305715,4,2,120.7236652,6,2674.051308,4
7,bimodal,Task B ,1,1,0,-1.138494799,1,2,187.7783677,1,2483.377695,1
7,bimodal,Task B ,1,4,0,-0.980360331,4,2,130.7474162,2,2588.095859,4
7,bimodal,Task B ,1,4,1,2.452897952,3,1,237.5571434,3,2680.283952,3
7,bimodal,Task B ,1,1,1,3.363060342,1,1,228.8813361,4,2839.356911,1
7,bimodal,Task B ,1,4,0,2.310963913,3,2,255.3026621,5,3467.719371,3
7,bimodal,Task B ,2,4,1,-27.93664158,4,2,80.62875122,6,2521.363164,4
8,bimodal,Task B ,1,4,0,-2.788111474,1,2,77.17461621,1,1977.087903,1
8,bimodal,Task B ,2,4,1,-22.29833148,2,2,225.9939264,2,2738.611184,2
8,bimodal,Task B ,2,4,0,-0.971959269,2,1,197.574557,3,2706.153231,2
8,bimodal,Task B ,2,4,0,0.562637902,2,1,21.42052875,4,2660.533103,2
8,bimodal,Task B ,1,4,1,-1.430137285,4,1,5.158978124,5,2471.441613,4
8,bimodal,Task B ,2,4,1,7.962455921,1,2,81.62425052,6,3226.066765,1
9,bimodal,Task B ,2,2,0,-2.05363885,1,1,44.55011385,1,2888.077302,1
9,bimodal,Task B ,1,1,1,-5.103296803,2,1,311.8683213,2,2534.02892,2
9,bimodal,Task B ,1,3,1,-3.039497416,4,1,61.15057932,3,2782.018821,4
9,bimodal,Task B ,1,4,1,1.944280853,3,1,73.69768229,4,2463.530458,3
9,bimodal,Task B ,1,1,1,1.114240021,1,1,221.5493224,5,2756.939204,1
9,bimodal,Task B ,1,3,1,-0.472735605,4,1,276.505379,6,2486.639189,4
10,bimodal,Task B ,1,1,1,-3.898676819,3,1,70.80634195,1,2841.979883,3
10,bimodal,Task B ,2,1,1,-25.91186419,2,2,152.0483487,2,2417.073658,2
10,bimodal,Task B ,1,2,1,-0.577741276,3,1,198.9111078,3,2509.183108,3
10,bimodal,Task B ,2,2,1,12.69376126,3,2,219.269181,4,2166.137455,3
10,bimodal,Task B ,1,2,1,-2.148824098,2,1,169.6020408,5,2487.410851,2
10,bimodal,Task B ,1,2,1,-0.337741763,1,1,72.3317538,6,2547.252469,1
1,bimodal,Task B ,1,2,1,0.416118948,1,1,125.4760325,1,2549.77945,1
1,bimodal,Task B ,1,3,1,0.122789611,1,1,223.9586472,2,2524.084104,1
1,bimodal,Task B ,2,2,0,0.519362004,2,1,127.5268512,3,2776.464973,2
1,bimodal,Task B ,1,4,0,7.132596412,2,2,85.34725916,4,2658.271542,2
1,bimodal,Task B ,2,1,0,4.970988129,1,1,18.77061798,5,2849.786381,1
1,bimodal,Task B ,1,1,1,0.924041137,2,1,306.6631554,6,2609.087251,2
2,bimodal,Task B ,2,4,1,-8.798538367,4,2,83.10601375,1,3204.526029,4
2,bimodal,Task B ,2,2,0,1.001952966,1,1,141.4335097,2,2761.145047,1
2,bimodal,Task B ,2,2,1,-24.45778349,3,2,233.1844154,3,2340.470921,3
2,bimodal,Task B ,2,1,0,-1.905647557,2,1,286.6792833,4,2636.798834,2
2,bimodal,Task B ,1,2,1,1.553859817,3,1,66.24842325,5,2873.653581,3
2,bimodal,Task B ,2,4,1,-1.42722438,2,2,188.2785586,6,3403.831841,2
3,bimodal,Task B ,2,4,1,15.31898299,2,2,159.2742183,1,2979.585557,2
3,bimodal,Task B ,2,3,1,15.80397155,1,2,101.8449976,2,2987.618135,1
3,bimodal,Task B ,2,2,1,-12.35968989,3,2,302.3744727,3,3157.870987,3
3,bimodal,Task B ,1,2,1,0.165692095,1,1,73.99708014,4,2878.470509,1
3,bimodal,Task B ,2,4,1,4.604115981,2,2,190.1055666,5,1976.642071,2
3,bimodal,Task B ,2,3,1,-11.08921979,3,2,127.2648252,6,2910.297638,3
4,bimodal,Task B ,1,2,1,5.689292559,2,1,348.4499459,1,2707.214071,2
4,bimodal,Task B ,1,2,0,-7.447081917,4,2,226.7217127,2,2726.996859,4
4,bimodal,Task B ,1,1,1,-4.183012027,2,1,187.1809655,3,2666.462532,2
4,bimodal,Task B ,1,2,1,1.707505297,2,1,245.9317201,4,2652.938078,2
4,bimodal,Task B ,1,3,1,-1.515042279,3,1,59.73413901,5,2951.359055,3
4,bimodal,Task B ,1,2,1,-2.18309787,3,1,175.5547613,6,2806.208063,3
5,bimodal,Task B ,1,3,1,3.298098794,2,1,353.523492,1,2843.664377,2
5,bimodal,Task B ,1,4,1,-2.927972664,3,1,101.740311,2,2480.08184,3
5,bimodal,Task B ,2,4,1,-15.65069092,1,2,228.2331727,3,2887.54957,1
5,bimodal,Task B ,1,2,0,7.466994912,1,2,40.40046923,4,3399.075357,1
5,bimodal,Task B ,1,3,1,-2.311245597,4,1,13.2604327,5,2640.925397,4
5,bimodal,Task B ,1,4,1,-3.004555235,2,1,186.6737753,6,2807.06601,2
6,bimodal,Task B ,2,2,0,5.642472139,4,1,1.643512817,1,2811.000719,4
6,bimodal,Task B ,1,2,0,6.288971376,1,2,125.2011493,2,2709.789202,1
6,bimodal,Task B ,2,2,1,-5.451319506,2,2,30.3643347,3,2608.239448,2
6,bimodal,Task B ,1,2,0,0.829823295,1,2,307.4815864,4,2652.717703,1
6,bimodal,Task B ,2,2,1,-16.80020405,3,2,13.90809259,5,2471.653357,3
6,bimodal,Task B ,1,2,1,3.990538696,1,1,354.7241758,6,2768.405945,1
7,bimodal,Task B ,1,1,1,-2.240697692,4,1,97.51500385,1,2500.204882,4
7,bimodal,Task B ,1,2,1,-1.859012671,1,1,255.8205008,2,2834.940225,1
7,bimodal,Task B ,1,1,0,2.952379793,1,2,294.3141291,3,2671.264865,1
7,bimodal,Task B ,2,4,1,-17.17038856,3,2,43.27424655,4,2707.436328,3
7,bimodal,Task B ,1,1,1,-2.612183878,2,1,61.59173714,5,2583.706554,2
7,bimodal,Task B ,1,1,0,5.778851814,1,2,98.40401628,6,3125.090231,1
8,bimodal,Task B ,1,4,1,-4.498513995,4,1,316.5061458,1,2556.430046,4
8,bimodal,Task B ,1,4,1,-1.956860714,1,1,312.3415121,2,2579.005613,1
8,bimodal,Task B ,1,4,0,-2.780720742,2,2,134.5848179,3,3618.252258,2
8,bimodal,Task B ,2,4,1,-24.30458955,4,2,309.7581029,4,3219.652014,4
8,bimodal,Task B ,1,4,1,-0.637041351,3,1,359.3557479,5,2696.505326,3
8,bimodal,Task B ,2,4,1,20.34252441,3,2,221.543197,6,2301.655848,3
9,bimodal,Task B ,2,1,0,2.311049901,4,1,231.4540209,1,2896.574821,4
9,bimodal,Task B ,1,1,1,1.652281178,2,1,28.94124089,2,2586.310214,2
9,bimodal,Task B ,1,3,0,-2.651715262,3,2,54.00530256,3,2189.112468,3
9,bimodal,Task B ,1,1,1,-0.262406266,2,1,182.7750022,4,2887.547414,2
9,bimodal,Task B ,1,3,0,0.921685613,3,2,232.2841714,5,2939.735617,3
9,bimodal,Task B ,2,2,0,1.709043931,4,1,50.07821451,6,2510.209093,4
10,bimodal,Task B ,1,1,0,1.973947952,1,2,329.1881852,1,2872.173137,1
10,bimodal,Task B ,2,3,1,-7.909566308,3,2,199.4013026,2,3291.093554,3
10,bimodal,Task B ,1,1,1,-6.475100268,1,1,171.0751031,3,2802.988564,1
10,bimodal,Task B ,1,2,1,-0.475860172,3,1,220.2970304,4,2902.212971,3
10,bimodal,Task B ,1,2,1,1.285967587,1,1,63.6956833,5,2702.078409,1
10,bimodal,Task B ,1,2,1,3.915413366,2,1,86.31529158,6,2569.819815,2
1,bimodal,Task B ,2,4,1,-12.33295598,2,2,215.4213605,1,1884.492956,2
1,bimodal,Task B ,2,2,1,22.131013,1,2,109.7515171,2,2747.339009,1
1,bimodal,Task B ,1,3,1,0.098291755,1,1,105.5516239,3,2500.89608,1
1,bimodal,Task B ,2,2,1,-4.193694813,3,2,38.77412248,4,2827.680017,3
1,bimodal,Task B ,2,1,1,-0.56759083,1,2,345.8125338,5,2742.010508,1
1,bimodal,Task B ,2,4,1,-9.838906775,3,2,162.0156615,6,2770.473833,3
2,bimodal,Task B ,1,2,1,-0.19131748,1,1,77.93752508,1,2698.509126,1
2,bimodal,Task B ,1,2,0,3.770534685,3,2,288.8879267,2,2705.025967,3
2,bimodal,Task B ,1,1,0,6.693338146,4,2,244.2032045,3,2822.30613,4
2,bimodal,Task B ,1,1,0,18.78310192,4,2,104.5897829,4,2203.827183,4
2,bimodal,Task B ,2,1,0,-4.082291128,1,1,32.43747593,5,2697.191534,1
2,bimodal,Task B ,1,3,0,-3.39551807,2,2,47.6267099,6,2451.650648,2
3,bimodal,Task B ,1,2,1,-0.948648317,2,1,246.5012962,1,2870.477152,2
3,bimodal,Task B ,2,3,1,-0.195279901,2,2,355.6311485,2,2417.747558,2
3,bimodal,Task B ,1,2,0,-3.499744698,4,2,27.98765752,3,2998.22249,4
3,bimodal,Task B ,1,3,1,-4.388366952,1,1,49.24366992,4,2584.110593,1
3,bimodal,Task B ,1,3,1,-2.293601222,4,1,46.60616023,5,2630.097361,4
3,bimodal,Task B ,1,2,1,2.485456937,1,1,265.9996008,6,2811.013195,1
4,bimodal,Task B ,2,2,1,1.428865243,2,2,296.2187104,1,1913.30849,2
4,bimodal,Task B ,1,2,1,-2.468037722,2,1,72.48302233,2,2321.535616,2
4,bimodal,Task B ,1,3,0,-0.47173551,4,2,346.0639075,3,3351.41658,4
4,bimodal,Task B ,2,1,1,-16.76982686,1,2,106.1459752,4,1790.594534,1
4,bimodal,Task B ,1,3,0,-3.696899869,3,2,7.268370836,5,3070.295711,3
4,bimodal,Task B ,1,1,0,-11.75614095,1,2,159.2612263,6,2843.466402,1
5,bimodal,Task B ,1,4,0,-0.828547445,4,2,311.1401476,1,3164.051373,4
5,bimodal,Task B ,1,4,1,0.51754528,3,1,66.09406039,2,2675.197082,3
5,bimodal,Task B ,1,4,1,-4.467710985,1,1,66.3341526,3,2603.262955,1
5,bimodal,Task B ,2,4,1,-30.60211311,1,2,294.8618572,4,3892.021171,1
5,bimodal,Task B ,2,1,0,0.219187233,1,1,134.6035329,5,2693.615841,1
5,bimodal,Task B ,2,4,1,12.5040747,4,2,203.872582,6,2919.331675,4
6,bimodal,Task B ,2,1,0,0.336638773,2,1,133.3825873,1,2599.26963,2
6,bimodal,Task B ,1,2,0,19.71091091,2,2,219.5363931,2,3065.302339,2
6,bimodal,Task B ,1,2,0,11.97882588,2,2,38.9340309,3,3432.006671,2
6,bimodal,Task B ,1,2,1,-1.768265438,4,1,214.2860011,4,2805.72047,4
6,bimodal,Task B ,1,2,1,-2.518255348,3,1,292.2311567,5,2632.427886,3
6,bimodal,Task B ,1,1,1,-5.517635383,3,1,145.1983023,6,2804.90796,3
7,bimodal,Task B ,1,4,1,-1.596090906,4,1,254.6544809,1,2629.806199,4
7,bimodal,Task B ,1,3,1,4.645126776,4,1,300.316114,2,2853.028855,4
7,bimodal,Task B ,1,1,0,-10.65410454,1,2,188.6743575,3,3191.71833,1
7,bimodal,Task B ,1,1,1,0.801754233,1,1,169.9475902,4,2694.964576,1
7,bimodal,Task B ,1,1,0,1.866310081,1,2,54.04506455,5,3419.099094,1
7,bimodal,Task B ,1,4,0,-5.459515959,3,2,222.7204497,6,3134.629803,3
8,bimodal,Task B ,1,4,1,-0.624828151,3,1,201.7566972,1,2854.098773,3
8,bimodal,Task B ,1,4,1,-0.019201396,4,1,219.8956691,2,2718.53663,4
8,bimodal,Task B ,1,4,1,-2.245669473,3,1,329.5172298,3,2784.540942,3
8,bimodal,Task B ,2,4,1,-18.48772485,3,2,43.37235968,4,3045.068951,3
8,bimodal,Task B ,1,4,1,0.322274946,2,1,294.4337445,5,2575.785567,2
8,bimodal,Task B ,2,4,0,4.801737615,2,1,329.2252588,6,2770.488451,2
9,bimodal,Task B ,1,2,1,2.82733768,2,1,148.2831443,1,2991.755901,2
9,bimodal,Task B ,1,2,0,0.32952628,1,2,228.0149586,2,2714.597647,1
9,bimodal,Task B ,2,2,1,11.67105945,2,2,264.0141479,3,3082.803891,2
9,bimodal,Task B ,1,2,0,4.730403572,4,2,339.2847417,4,2419.223962,4
9,bimodal,Task B ,2,1,0,-0.280768281,1,1,311.2001679,5,2718.884422,1
9,bimodal,Task B ,1,4,0,-7.256161016,3,2,200.1852249,6,3100.600459,3
10,bimodal,Task B ,1,2,0,7.12445084,3,2,110.9180121,1,2901.026023,3
10,bimodal,Task B ,1,2,0,1.766586179,4,2,41.12202375,2,2012.820303,4
10,bimodal,Task B ,1,2,1,-5.309956387,4,1,358.9573466,3,2764.289192,4
10,bimodal,Task B ,2,3,1,-22.28850309,3,2,248.430307,4,2986.508743,3
10,bimodal,Task B ,1,2,0,1.306078236,1,2,333.3264524,5,2993.107532,1
10,bimodal,Task B ,2,2,1,6.000283881,4,2,37.22809897,6,2421.483636,4
1,bimodal,Task B ,1,2,1,4.889169319,4,1,326.1168585,1,2590.436018,4
1,bimodal,Task B ,2,2,1,-12.03823525,3,2,205.1473966,2,2880.050529,3
1,bimodal,Task B ,2,1,0,5.194578613,1,1,314.7562661,3,2765.508835,1
1,bimodal,Task B ,2,2,1,-13.20816481,3,2,356.1818048,4,3632.127445,3
1,bimodal,Task B ,1,3,1,-0.711668754,1,1,323.7256055,5,2647.853212,1
1,bimodal,Task B ,2,4,1,-12.03483743,1,2,41.59308285,6,2196.944935,1
2,bimodal,Task B ,1,2,0,5.420275683,3,2,314.1104097,1,2412.117853,3
2,bimodal,Task B ,1,2,1,1.94399735,4,1,334.4197841,2,2683.482233,4
2,bimodal,Task B ,1,2,1,1.062977881,4,1,349.9903466,3,2580.714095,4
2,bimodal,Task B ,1,2,1,1.959826739,1,1,305.1486965,4,2786.957842,1
2,bimodal,Task B ,1,2,1,0.178020846,1,1,67.63622104,5,2633.014205,1
2,bimodal,Task B ,1,2,1,-0.436487036,4,1,106.9057513,6,2817.372715,4
3,bimodal,Task B ,1,3,1,-8.122994817,2,1,10.83661462,1,2877.480806,2
3,bimodal,Task B ,2,3,0,-0.327872607,1,1,135.8949884,2,2481.975825,1
3,bimodal,Task B ,1,3,1,0.636185237,4,1,164.753091,3,2691.753934,4
3,bimodal,Task B ,1,4,1,1.483752772,3,1,277.9795419,4,2623.218868,3
3,bimodal,Task B ,1,2,0,-5.880432589,2,2,233.9917188,5,2943.103774,2
3,bimodal,Task B ,1,2,1,-3.018329242,2,1,33.231296,6,2653.522313,2
4,bimodal,Task B ,1,2,0,-1.751641989,2,2,125.0552391,1,3274.476334,2
4,bimodal,Task B ,1,2,0,-1.359734478,1,2,290.8081515,2,2423.837719,1
4,bimodal,Task B ,1,1,1,-0.374141725,1,1,282.8143413,3,2687.817764,1
4,bimodal,Task B ,1,1,0,14.84611906,2,2,346.166295,4,3400.981468,2
4,bimodal,Task B ,1,1,1,6.93623352,2,1,204.8951853,5,2385.230035,2
4,bimodal,Task B ,1,3,1,1.362584122,4,1,106.7835351,6,2658.964162,4
5,bimodal,Task B ,1,1,0,2.890174391,2,2,41.78680455,1,2395.653449,2
5,bimodal,Task B ,1,4,1,-2.361337257,2,1,109.3684774,2,2716.108288,2
5,bimodal,Task B ,2,2,0,0.015636526,1,1,125.9905297,3,2713.964155,1
5,bimodal,Task B ,1,4,1,2.712399919,4,1,344.5883079,4,2720.931355,4
5,bimodal,Task B ,1,2,0,-5.054226703,3,2,257.9268998,5,2949.709132,3
5,bimodal,Task B ,2,4,1,16.32088577,3,2,118.7640927,6,1507.815024,3
6,bimodal,Task B ,2,2,1,-31.53959622,1,2,305.4726639,1,3417.540596,1
6,bimodal,Task B ,1,2,1,-3.317534062,3,1,123.5176737,2,2631.590404,3
6,bimodal,Task B ,2,1,1,-16.27470768,4,2,287.262054,3,2257.02931,4
6,bimodal,Task B ,1,2,1,-2.286254709,4,1,332.2729242,4,2782.848689,4
6,bimodal,Task B ,1,2,1,-1.538187506,4,1,52.74186145,5,2520.849623,4
6,bimodal,Task B ,1,1,0,0.010330086,1,2,208.3678422,6,2580.41547,1
7,bimodal,Task B ,2,3,1,-16.30115154,3,2,135.9000155,1,3158.913255,3
7,bimodal,Task B ,2,4,1,-13.52194339,4,2,34.61673044,2,2703.391472,4
7,bimodal,Task B ,1,4,0,10.32549977,4,2,104.3427459,3,1715.896915,4
7,bimodal,Task B ,2,1,1,14.25088744,1,2,234.6961765,4,2529.765131,1
7,bimodal,Task B ,1,4,1,-3.935176154,3,1,239.0340082,5,2580.62341,3
7,bimodal,Task B ,1,4,1,2.184573453,2,1,335.9664822,6,2654.54636,2
8,bimodal,Task B ,1,4,1,3.157108611,1,1,304.5445669,1,2667.646881,1
8,bimodal,Task B ,1,4,1,-0.113373745,1,1,292.0021681,2,2773.219143,1
8,bimodal,Task B ,1,4,0,-5.59105616,4,2,151.6159423,3,3276.886138,4
8,bimodal,Task B ,1,4,1,2.887658362,3,1,162.6527009,4,2491.708055,3
8,bimodal,Task B ,2,4,1,-9.863625336,2,2,160.6530663,5,2865.761427,2
8,bimodal,Task B ,1,4,1,-0.090864824,2,1,127.9041496,6,2806.68561,2
9,bimodal,Task B ,1,1,1,4.532329637,1,1,173.6397405,1,2736.682112,1
9,bimodal,Task B ,2,3,1,-32.40321068,2,2,250.8558219,2,2575.886837,2
9,bimodal,Task B ,2,1,0,3.097284146,2,1,31.34523878,3,3037.998683,2
9,bimodal,Task B ,1,2,1,-3.911405299,2,1,265.3726041,4,2712.885202,2
9,bimodal,Task B ,2,2,1,12.93278522,3,2,192.7894518,5,1948.315012,3
9,bimodal,Task B ,1,2,0,12.82385295,1,2,91.38026441,6,3487.82396,1
10,bimodal,Task B ,2,2,1,-1.813759102,4,2,118.9240457,1,3252.387925,4
10,bimodal,Task B ,1,1,0,1.721398009,2,2,183.0012023,2,3172.234032,2
10,bimodal,Task B ,2,3,1,27.41977515,3,2,251.1010236,3,2400.349578,3
10,bimodal,Task B ,2,2,1,-6.152729761,3,2,179.2105439,4,3268.755968,3
10,bimodal,Task B ,1,2,1,-4.11840106,3,1,1.188804016,5,2824.641296,3
10,bimodal,Task B ,1,1,0,2.737087071,2,2,325.3983729,6,3605.07529,2
1,bimodal,Task B ,2,3,1,-12.91207545,3,2,304.9090074,1,2925.47735,3
1,bimodal,Task B ,1,3,1,0.783336357,2,1,261.195807,2,2508.584312,2
1,bimodal,Task B ,2,4,1,-13.78756557,4,2,256.0950557,3,2633.794032,4
1,bimodal,Task B ,2,2,1,18.06764074,4,2,337.9652768,4,2054.665408,4
1,bimodal,Task B ,1,3,1,-3.476713012,3,1,147.0348134,5,2699.351187,3
1,bimodal,Task B ,1,2,1,-3.007256445,3,1,14.13653827,6,2883.37674,3
2,bimodal,Task B ,1,2,1,1.655302259,1,1,182.5442622,1,2647.61262,1
2,bimodal,Task B ,2,3,1,7.958815817,4,2,225.0146099,2,1958.193861,4
2,bimodal,Task B ,2,1,1,19.89043193,1,2,343.9786064,3,2778.573982,1
2,bimodal,Task B ,2,2,0,2.06457924,3,1,213.5520362,4,2716.027752,3
2,bimodal,Task B ,2,4,1,-8.651653416,4,2,155.4739258,5,1529.006582,4
2,bimodal,Task B ,2,4,1,-10.82647907,4,2,71.7196485,6,3081.062558,4
3,bimodal,Task B ,2,4,1,-20.38295592,3,2,316.6974475,1,1424.910817,3
3,bimodal,Task B ,2,3,1,12.03255274,1,2,240.104513,2,3949.592191,1
3,bimodal,Task B ,2,3,1,-11.12520916,4,2,194.0238032,3,2772.81806,4
3,bimodal,Task B ,2,4,1,-20.00142234,1,2,19.77033053,4,2554.399065,1
3,bimodal,Task B ,1,1,0,-2.871300498,2,2,233.7554733,5,2993.508873,2
3,bimodal,Task B ,1,2,1,0.729217035,1,1,253.1747185,6,2867.50237,1
4,bimodal,Task B ,2,2,1,-23.0232061,1,2,217.320601,1,2925.257853,1
4,bimodal,Task B ,2,1,1,-4.549137604,2,2,151.3351377,2,3063.400837,2
4,bimodal,Task B ,1,3,1,-2.1758654,4,1,358.827799,3,2627.119849,4
4,bimodal,Task B ,1,1,1,0.059294508,3,1,283.9221444,4,2792.139053,3
4,bimodal,Task B ,1,2,1,-3.445040843,2,1,349.4244537,5,2656.571076,2
4,bimodal,Task B ,2,3,1,4.40756338,3,2,82.53270911,6,2857.880824,3
5,bimodal,Task B ,1,3,1,1.911117805,4,1,347.9182838,1,3024.6508,4
5,bimodal,Task B ,1,2,0,-6.810683758,2,2,190.5921816,2,2678.775545,2
5,bimodal,Task B ,1,4,1,1.194000975,2,1,36.23405871,3,2792.836076,2
5,bimodal,Task B ,1,4,1,0.87521182,3,1,3.70494447,4,2817.345857,3
5,bimodal,Task B ,1,2,1,2.786015594,1,1,274.3387546,5,2716.183772,1
5,bimodal,Task B ,1,4,1,2.570739881,2,1,223.4097702,6,2776.11201,2
6,bimodal,Task B ,2,2,1,9.599950612,4,2,78.10702319,1,2414.769566,4
6,bimodal,Task B ,1,2,1,-5.755509555,2,1,251.0760053,2,2719.400214,2
6,bimodal,Task B ,1,2,0,8.884982877,1,2,263.0913497,3,1927.716261,1
6,bimodal,Task B ,2,2,1,-18.24630764,1,2,346.3883083,4,2501.693707,1
6,bimodal,Task B ,2,1,0,-2.703440745,1,1,96.92110604,5,2774.475859,1
6,bimodal,Task B ,1,2,0,20.80456823,1,2,33.68549537,6,2366.859246,1
7,bimodal,Task B ,1,4,0,7.4157901,4,2,94.17197072,1,2686.976724,4
7,bimodal,Task B ,1,4,1,-2.090793651,4,1,122.5433897,2,2578.995668,4
7,bimodal,Task B ,2,1,1,-21.83314276,2,2,338.2314188,3,2288.807494,2
7,bimodal,Task B ,2,4,0,-0.641099577,4,1,283.3589745,4,2548.396974,4
7,bimodal,Task B ,1,1,0,-11.26119931,1,2,319.6334741,5,2002.660345,1
7,bimodal,Task B ,1,1,0,-7.657222981,1,2,241.8184619,6,1803.217894,1
8,bimodal,Task B ,1,4,0,-3.183261995,3,2,358.397672,1,3129.143809,3
8,bimodal,Task B ,2,4,1,-31.51324445,1,2,148.2187574,2,2073.521101,1
8,bimodal,Task B ,1,4,1,1.602028816,3,1,52.78973458,3,2654.231675,3
8,bimodal,Task B ,2,4,0,4.754083794,4,1,227.3539466,4,2686.26247,4
8,bimodal,Task B ,1,4,1,-1.123902781,1,1,117.7979691,5,2642.44943,1
8,bimodal,Task B ,2,4,0,-5.773036438,2,1,12.21134908,6,2763.031815,2
9,bimodal,Task B ,1,1,1,2.659230407,4,1,179.263948,1,2709.877686,4
9,bimodal,Task B ,1,1,0,-11.38273692,2,2,240.1820449,2,3476.37354,2
9,bimodal,Task B ,2,1,1,1.333270903,2,2,261.5380665,3,2983.137461,2
9,bimodal,Task B ,1,3,1,-0.134422988,3,1,116.7206808,4,2712.231799,3
9,bimodal,Task B ,1,1,0,7.035408,4,2,51.43127008,5,2366.369781,4
9,bimodal,Task B ,1,2,0,6.970115845,4,2,75.77611305,6,3025.409907,4
10,bimodal,Task B ,1,2,1,0.909238139,3,1,129.3653451,1,2547.329411,3
10,bimodal,Task B ,1,2,1,-1.222921425,3,1,305.8940571,2,2705.900056,3
10,bimodal,Task B ,2,2,1,16.43642573,4,2,62.77203072,3,2946.091963,4
10,bimodal,Task B ,1,2,1,5.744941298,2,1,295.0824471,4,2517.634335,2
10,bimodal,Task B ,1,2,1,6.588920027,3,1,101.5450462,5,2807.336238,3
10,bimodal,Task B ,1,2,1,-4.134508289,4,1,114.2133896,6,2996.093864,4
1,bimodal,Task B ,2,3,1,6.3212479,4,2,65.46514204,1,2252.638732,4
1,bimodal,Task B ,1,3,1,-1.340662506,4,1,105.3584194,2,2451.196184,4
1,bimodal,Task B ,1,3,0,9.760071173,4,2,52.03222213,3,2727.331425,4
1,bimodal,Task B ,2,2,1,-15.41341599,1,2,5.328301137,4,2514.852906,1
1,bimodal,Task B ,1,2,0,5.299860726,2,2,216.8550364,5,3402.791946,2
1,bimodal,Task B ,2,4,1,-5.49253476,4,2,344.8330344,6,2992.868586,4
2,bimodal,Task B ,1,3,1,3.088848046,3,1,92.96785953,1,2654.419785,3
2,bimodal,Task B ,2,3,1,28.97971735,4,2,337.4295226,2,2230.748265,4
2,bimodal,Task B ,2,2,1,0.65287504,4,2,228.5150393,3,1927.525803,4
2,bimodal,Task B ,1,2,0,4.20153642,4,2,194.1349278,4,2447.506174,4
2,bimodal,Task B ,1,2,1,-0.615102895,1,1,266.376114,5,2594.110833,1
2,bimodal,Task B ,1,4,0,6.812521121,3,2,135.8152111,6,2421.89576,3
3,bimodal,Task B ,2,3,0,-3.252474934,1,1,218.482086,1,2982.109444,1
3,bimodal,Task B ,2,3,1,-9.934067436,4,2,94.23539352,2,2967.318111,4
3,bimodal,Task B ,2,4,1,13.94012215,2,2,96.98941783,3,1918.173497,2
3,bimodal,Task B ,1,2,0,-0.786704745,4,2,79.17517023,4,3153.737533,4
3,bimodal,Task B ,1,3,1,0.773832031,2,1,37.83748901,5,2777.456623,2
3,bimodal,Task B ,1,2,1,5.281813427,1,1,226.042546,6,2679.339111,1
4,bimodal,Task B ,1,2,0,20.02937712,1,2,237.6548983,1,2605.901601,1
4,bimodal,Task B ,2,2,1,-15.82003963,1,2,138.6017106,2,2673.803701,1
4,bimodal,Task B ,1,2,1,0.459053782,2,1,26.96709597,3,2655.384672,2
4,bimodal,Task B ,2,4,0,3.70266602,4,1,130.8042619,4,3143.258324,4
4,bimodal,Task B ,2,2,1,-12.30197334,1,2,28.23560079,5,3400.892391,1
4,bimodal,Task B ,1,1,1,-1.478992878,3,1,192.464108,6,2875.082645,3
5,bimodal,Task B ,2,4,0,-0.254009579,4,1,301.7035364,1,2303.427918,4
5,bimodal,Task B ,1,2,1,-2.030256205,1,1,108.767672,2,2574.023588,1
5,bimodal,Task B ,1,2,1,-2.893112338,1,1,158.0956324,3,2693.745136,1
5,bimodal,Task B ,1,4,1,0.125711625,4,1,131.7399982,4,2468.169595,4
5,bimodal,Task B ,1,3,0,-9.376954656,2,2,149.5168304,5,2555.421577,2
5,bimodal,Task B ,1,4,1,1.120975919,3,1,49.508587,6,2585.823109,3
6,bimodal,Task B ,1,2,0,2.708068279,2,2,322.9418415,1,2493.796044,2
6,bimodal,Task B ,2,2,1,-15.35389294,4,2,209.1798805,2,2945.341052,4
6,bimodal,Task B ,2,2,0,0.840551201,3,1,84.16416585,3,2931.059298,3
6,bimodal,Task B ,1,2,0,3.067090921,1,2,193.7766493,4,2985.654723,1
6,bimodal,Task B ,2,1,1,-9.278869597,2,2,153.7910491,5,2646.143492,2
6,bimodal,Task B ,2,2,1,-7.794377955,2,2,347.9771398,6,2789.976433,2
7,bimodal,Task B ,2,4,1,-6.116205582,4,2,0.766151637,1,2518.99743,4
7,bimodal,Task B ,1,4,1,0.368298173,4,1,119.7553353,2,2545.471914,4
7,bimodal,Task B ,1,4,1,0.773599748,3,1,270.2245335,3,2458.540784,3
7,bimodal,Task B ,1,1,1,-3.450655346,1,1,208.0399712,4,2681.793982,1
7,bimodal,Task B ,1,4,0,-10.16841194,1,2,117.3492545,5,2628.159026,1
7,bimodal,Task B ,1,4,0,8.646433994,4,2,155.0949454,6,3458.27919,4
8,bimodal,Task B ,1,4,1,-3.272388486,1,1,57.02659316,1,2691.992763,1
8,bimodal,Task B ,2,4,1,8.958808054,1,2,247.7438287,2,3112.382825,1
8,bimodal,Task B ,1,4,0,14.5624245,1,2,177.808394,3,3349.093574,1
8,bimodal,Task B ,2,4,1,8.391342106,3,2,319.8074779,4,1817.023203,3
8,bimodal,Task B ,1,4,0,-0.994218829,4,2,163.1252313,5,2881.754554,4
8,bimodal,Task B ,1,4,0,-2.668502244,1,2,224.9530356,6,2659.719047,1
9,bimodal,Task B ,2,1,1,-2.987672781,4,2,264.3599395,1,3342.647827,4
9,bimodal,Task B ,2,1,0,0.493414679,3,1,175.0254702,2,2864.905718,3
9,bimodal,Task B ,1,1,1,2.074131793,1,1,302.515204,3,2765.722308,1
9,bimodal,Task B ,1,2,1,0.836698272,1,1,150.3904274,4,2668.204495,1
9,bimodal,Task B ,1,2,0,-12.75789788,1,2,31.38136178,5,1091.78799,1
9,bimodal,Task B ,1,1,0,-20.73918443,2,2,250.7423015,6,3006.638904,2
10,bimodal,Task B ,1,1,1,-2.384904945,1,1,321.2180679,1,2581.561864,1
10,bimodal,Task B ,1,2,1,0.635595808,3,1,37.77126381,2,2860.863579,3
10,bimodal,Task B ,1,2,1,2.465413746,3,1,314.2857894,3,2637.108972,3
10,bimodal,Task B ,1,2,1,1.183400851,2,1,300.082075,4,2808.929744,2
10,bimodal,Task B ,1,2,0,5.978189585,3,2,147.0746959,5,2136.219678,3
10,bimodal,Task B ,1,2,0,-1.192362993,2,2,54.51897851,6,2464.280644,2
1,bimodal,Task B ,1,2,1,-3.323434023,4,1,8.101616342,1,2613.473242,4
1,bimodal,Task B ,2,1,1,9.004436822,2,2,79.77460641,2,2068.053059,2
1,bimodal,Task B ,1,3,0,-2.414608265,3,2,136.295594,3,3345.14036,3
1,bimodal,Task B ,2,4,1,29.15352996,2,2,247.2344249,4,2007.231514,2
1,bimodal,Task B ,2,4,1,-20.42280912,3,2,27.16421143,5,3103.67885,3
1,bimodal,Task B ,2,2,1,-11.8374667,3,2,101.3354802,6,3157.595599,3
2,bimodal,Task B ,2,2,1,-2.40294201,1,2,199.4214218,1,2582.925468,1
2,bimodal,Task B ,2,4,1,1.69460265,2,2,223.2039177,2,3951.149109,2
2,bimodal,Task B ,1,2,1,2.782912689,4,1,292.1978915,3,3004.546334,4
2,bimodal,Task B ,2,3,1,-19.69890608,2,2,230.9424787,4,2326.853165,2
2,bimodal,Task B ,1,2,0,11.07868705,2,2,313.3247543,5,2444.371165,2
2,bimodal,Task B ,2,1,0,0.196767452,3,1,100.5939646,6,2610.453291,3
3,bimodal,Task B ,1,4,1,3.280009953,3,1,63.10741824,1,2532.325454,3
3,bimodal,Task B ,2,4,1,-5.886443879,4,2,185.0509494,2,1558.579006,4
3,bimodal,Task B ,1,3,1,-0.334075264,3,1,273.0959688,3,2849.21452,3
3,bimodal,Task B ,1,1,1,-1.982090681,4,1,188.3273535,4,2395.199877,4
3,bimodal,Task B ,2,3,0,6.854387097,3,1,215.6698611,5,2673.481733,3
3,bimodal,Task B ,2,1,1,-6.56460078,3,2,6.932264845,6,2331.982965,3
4,bimodal,Task B ,1,3,0,-0.705363556,4,2,10.71167287,1,2674.846384,4
4,bimodal,Task B ,2,1,0,-4.467932863,2,1,176.0782106,2,2651.400009,2
4,bimodal,Task B ,1,2,1,-2.453046926,2,1,251.314104,3,2573.773956,2
4,bimodal,Task B ,1,2,1,-3.064524836,3,1,252.1040785,4,2571.630756,3
4,bimodal,Task B ,1,1,1,1.28225282,1,1,35.42309672,5,2735.055758,1
4,bimodal,Task B ,1,2,0,-0.558754115,3,2,322.3404359,6,2190.201103,3
5,bimodal,Task B ,1,3,1,2.274439081,3,1,139.8024458,1,2829.386451,3
5,bimodal,Task B ,1,2,1,3.351226813,4,1,249.9266766,2,2697.96707,4
5,bimodal,Task B ,1,4,0,1.143797979,2,2,136.5398601,3,2937.848295,2
5,bimodal,Task B ,2,3,0,0.30324668,4,1,113.4692833,4,3038.130072,4
5,bimodal,Task B ,1,4,0,0.199131853,1,2,19.84124994,5,2004.19215,1
5,bimodal,Task B ,1,2,0,12.05850767,2,2,129.1304786,6,2737.341945,2
6,bimodal,Task B ,1,2,0,2.009379873,4,2,140.0045731,1,2698.015751,4
6,bimodal,Task B ,2,2,1,16.51105149,3,2,101.2653134,2,2791.402935,3
6,bimodal,Task B ,1,2,1,-4.642776391,1,1,237.5687137,3,2660.953001,1
6,bimodal,Task B ,2,2,1,-6.505534904,3,2,260.9777937,4,2176.234217,3
6,bimodal,Task B ,2,2,1,-8.190212083,3,2,198.7833357,5,2585.099845,3
6,bimodal,Task B ,1,1,0,-8.267682662,1,2,336.1686799,6,2400.980095,1
7,bimodal,Task B ,2,4,0,-1.61249468,3,1,37.46223523,1,2895.920572,3
7,bimodal,Task B ,2,4,1,19.40636962,4,2,265.2543735,2,1709.30793,4
7,bimodal,Task B ,1,1,0,3.29017388,1,2,72.1852117,3,2592.220424,1
7,bimodal,Task B ,2,1,0,-6.958826001,2,1,124.1883032,4,2650.634859,2
7,bimodal,Task B ,1,4,0,0.760389483,3,2,43.80337023,5,2030.806445,3
7,bimodal,Task B ,1,1,1,1.357316864,1,1,351.591553,6,2609.52499,1
8,bimodal,Task B ,1,4,0,-0.150299283,3,2,253.3523927,1,3528.480324,3
8,bimodal,Task B ,1,4,0,1.52742616,1,2,257.8691328,2,2475.226172,1
8,bimodal,Task B ,1,4,1,0.868401034,3,1,221.854584,3,2797.797867,3
8,bimodal,Task B ,2,4,1,-13.01175701,2,2,286.170852,4,2286.428935,2
8,bimodal,Task B ,2,4,1,6.757865884,1,2,329.7440784,5,2116.994988,1
8,bimodal,Task B ,1,4,0,1.073574412,4,2,298.4941956,6,3475.103256,4
9,bimodal,Task B ,2,1,1,5.317711261,2,2,92.54213474,1,2710.543888,2
9,bimodal,Task B ,1,2,1,2.373744622,4,1,330.8796299,2,2765.257807,4
9,bimodal,Task B ,1,1,1,0.31401881,3,1,109.395591,3,2811.390342,3
9,bimodal,Task B ,1,1,0,15.43784136,2,2,149.5404383,4,3497.66702,2
9,bimodal,Task B ,1,3,1,0.500379869,4,1,11.31637215,5,2755.575082,4
9,bimodal,Task B ,1,3,1,-1.084113083,4,1,349.8315912,6,2564.307763,4
10,bimodal,Task B ,1,1,0,-16.22950059,1,2,166.1899118,1,3829.662061,1
10,bimodal,Task B ,1,1,1,2.199221088,2,1,160.6146671,2,2833.405682,2
10,bimodal,Task B ,1,2,0,-6.972197657,2,2,240.3693683,3,2593.582037,2
10,bimodal,Task B ,1,1,1,4.267567554,1,1,51.48550001,4,2710.039561,1
10,bimodal,Task B ,1,2,0,0.054811101,2,2,249.8657988,5,2125.753074,2
10,bimodal,Task B ,2,2,1,2.520324765,4,2,267.6028712,6,2973.734699,4
1,bimodal,Task B ,1,2,0,2.512896901,4,2,337.1182894,1,2816.6255,4
1,bimodal,Task B ,1,1,0,5.975151525,4,2,222.1612959,2,2181.791112,4
1,bimodal,Task B ,2,2,1,3.54987134,3,2,286.5583695,3,3307.672467,3
1,bimodal,Task B ,1,4,1,1.008395503,3,1,20.29064382,4,2867.159454,3
1,bimodal,Task B ,1,3,1,3.679540355,4,1,343.8059896,5,2671.202282,4
1,bimodal,Task B ,1,3,1,0.243077601,4,1,36.93369282,6,2510.874281,4
2,bimodal,Task B ,2,3,0,3.632674249,3,1,235.33971,1,2974.79852,3
2,bimodal,Task B ,2,3,0,3.524513152,3,1,138.7693203,2,2696.622596,3
2,bimodal,Task B ,2,2,1,13.00544931,1,2,278.7252032,3,2523.471152,1
2,bimodal,Task B ,2,2,1,8.949341063,4,2,54.70812606,4,3344.862196,4
2,bimodal,Task B ,2,4,1,-6.67123251,1,2,315.9134745,5,2048.047362,1
2,bimodal,Task B ,2,4,1,-10.20988582,4,2,330.6996971,6,2081.92931,4
3,bimodal,Task B ,1,1,0,0.960380231,1,2,353.1697517,1,3316.590194,1
3,bimodal,Task B ,2,4,1,-21.5991889,4,2,74.80386914,2,2139.143187,4
3,bimodal,Task B ,1,2,1,-4.117821612,1,1,33.90672667,3,2511.062056,1
3,bimodal,Task B ,1,1,1,-1.384612571,1,1,317.6805166,4,2701.519527,1
3,bimodal,Task B ,2,1,1,-0.73854665,4,2,131.2957941,5,3365.83726,4
3,bimodal,Task B ,1,2,1,-1.208009287,4,1,340.4464255,6,2703.271093,4
4,bimodal,Task B ,1,3,1,1.08727959,2,1,50.32526222,1,2680.660153,2
4,bimodal,Task B ,1,2,1,-3.312489282,4,1,265.0737371,2,2640.427547,4
4,bimodal,Task B ,1,2,0,7.172877708,3,2,198.869555,3,2546.892325,3
4,bimodal,Task B ,2,3,1,14.20836198,3,2,140.0895496,4,2205.955277,3
4,bimodal,Task B ,1,2,1,2.250857789,2,1,89.11980483,5,2805.700092,2
4,bimodal,Task B ,1,1,1,-3.641064888,2,1,294.6602945,6,2883.430899,2
5,bimodal,Task B ,1,4,1,1.379063477,4,1,359.7567463,1,2523.810883,4
5,bimodal,Task B ,2,4,1,21.13096955,3,2,359.197507,2,3482.448136,3
5,bimodal,Task B ,1,4,1,0.917863183,2,1,183.9281428,3,2773.837048,2
5,bimodal,Task B ,1,4,1,0.782125256,4,1,217.2862113,4,2604.916756,4
5,bimodal,Task B ,2,2,0,-1.714326761,2,1,90.13957218,5,2644.828374,2
5,bimodal,Task B ,1,2,1,5.240121937,1,1,3.068857468,6,2782.213176,1
6,bimodal,Task B ,2,2,0,3.536558555,4,1,101.8630173,1,2759.006083,4
6,bimodal,Task B ,2,2,1,-10.51416077,1,2,313.3388553,2,3145.045077,1
6,bimodal,Task B ,2,2,0,-0.946498987,1,1,128.5445391,3,2660.150064,1
6,bimodal,Task B ,1,2,1,-0.367419366,3,1,40.42038182,4,2423.441191,3
6,bimodal,Task B ,1,1,1,-6.735935189,1,1,359.339354,5,2786.57721,1
6,bimodal,Task B ,1,1,1,-0.390224346,4,1,242.302052,6,2615.570349,4
7,bimodal,Task B ,1,1,1,1.965446896,1,1,150.5238118,1,2437.540158,1
7,bimodal,Task B ,1,4,0,-4.382168583,1,2,23.67180505,2,3595.727389,1
7,bimodal,Task B ,1,4,0,6.633945913,4,2,229.4048527,3,2086.480768,4
7,bimodal,Task B ,1,4,1,2.353337946,2,1,267.8488109,4,2750.985235,2
7,bimodal,Task B ,1,4,0,-1.500691592,4,2,39.3393294,5,2546.022394,4
7,bimodal,Task B ,1,1,0,-5.370687625,3,2,154.6107001,6,2443.337888,3
8,bimodal,Task B ,2,4,1,9.113111083,3,2,247.1929636,1,2603.499434,3
8,bimodal,Task B ,2,4,0,-1.576669996,2,1,229.6600256,2,2481.082816,2
8,bimodal,Task B ,2,4,1,12.58036718,2,2,10.93634633,3,2324.786469,2
8,bimodal,Task B ,2,4,1,10.11717635,1,2,354.6673513,4,2736.495063,1
8,bimodal,Task B ,2,4,1,-1.791938969,1,2,293.9490705,5,2457.782961,1
8,bimodal,Task B ,2,4,1,-10.73544275,3,2,285.8586523,6,2206.346356,3
9,bimodal,Task B ,2,3,1,-3.36476327,2,2,191.7537919,1,2721.379608,2
9,bimodal,Task B ,2,1,1,-2.022567484,3,2,206.2359616,2,2492.618466,3
9,bimodal,Task B ,1,1,0,6.1368412,1,2,109.2533776,3,2375.478109,1
9,bimodal,Task B ,2,1,1,1.332388734,2,2,229.6922336,4,3379.982867,2
9,bimodal,Task B ,2,1,0,-1.281233098,1,1,87.16406828,5,2529.500084,1
9,bimodal,Task B ,2,3,1,-10.40760479,3,2,334.4211039,6,2734.522869,3
10,bimodal,Task B ,1,2,1,1.643527861,4,1,275.0295768,1,2633.937528,4
10,bimodal,Task B ,1,2,1,2.363011906,1,1,39.50310212,2,2764.852639,1
10,bimodal,Task B ,1,2,1,0.337115186,1,1,147.035992,3,2775.775925,1
10,bimodal,Task B ,1,2,0,-17.47700115,1,2,356.5062833,4,3889.093371,1
10,bimodal,Task B ,1,2,0,-2.150602448,2,2,222.8577509,5,2333.12562,2
10,bimodal,Task B ,1,2,1,5.122114325,4,1,358.0580991,6,2754.362191,4
1,bimodal,Task B ,1,2,0,-8.344835326,1,2,237.1893139,1,2415.584201,1
1,bimodal,Task B ,1,3,1,3.352445654,2,1,185.6075689,2,2576.361776,2
1,bimodal,Task B ,1,3,1,-1.743176044,3,1,224.3716543,3,2662.8541,3
1,bimodal,Task B ,2,2,0,-6.992898983,4,1,209.1728502,4,2764.758729,4
1,bimodal,Task B ,1,3,1,4.293240894,3,1,345.9431371,5,2713.329061,3
1,bimodal,Task B ,2,4,1,-6.532582225,3,2,218.1313699,6,3584.300068,3
2,bimodal,Task B ,1,3,0,-1.481680943,4,2,192.6942214,1,2587.881735,4
2,bimodal,Task B ,1,2,0,4.766933522,3,2,267.1149688,2,2727.745366,3
2,bimodal,Task B ,2,3,1,13.0006263,4,2,289.9488116,3,2146.779945,4
2,bimodal,Task B ,1,2,1,-2.876312882,4,1,232.0526196,4,2661.830048,4
2,bimodal,Task B ,2,3,1,-1.097802744,1,2,227.1081515,5,2567.85047,1
2,bimodal,Task B ,1,3,0,1.336695159,3,2,65.27248766,6,2564.056241,3
3,bimodal,Task B ,2,4,1,10.21426821,4,2,70.4642975,1,3509.38286,4
3,bimodal,Task B ,1,4,0,0.664144613,4,2,224.0337219,2,2770.207956,4
3,bimodal,Task B ,1,3,1,2.435325935,3,1,71.79198669,3,2602.554027,3
3,bimodal,Task B ,1,4,1,-0.984853281,2,1,93.71294457,4,2792.343593,2
3,bimodal,Task B ,1,4,1,3.366722809,3,1,47.88413912,5,2737.789372,3
3,bimodal,Task B ,1,3,1,-6.197617658,3,1,157.7297742,6,2690.254861,3
4,bimodal,Task B ,2,2,0,-2.493218302,1,1,3.069969537,1,2599.445557,1
4,bimodal,Task B ,2,2,1,-8.287772658,3,2,337.8647095,2,2911.095517,3
4,bimodal,Task B ,1,2,1,-0.298085424,2,1,70.41655738,3,2711.732983,2
4,bimodal,Task B ,1,4,1,6.475224287,4,1,353.774968,4,2488.98642,4
4,bimodal,Task B ,1,3,0,1.508798461,3,2,132.9435961,5,2910.877791,3
4,bimodal,Task B ,2,1,1,5.734131954,1,2,134.9480173,6,1957.648178,1
5,bimodal,Task B ,2,1,0,-2.53896468,1,1,321.521186,1,2502.558952,1
5,bimodal,Task B ,1,4,1,1.980680594,4,1,204.8729568,2,2586.839448,4
5,bimodal,Task B ,1,1,1,1.207484606,1,1,343.924603,3,2952.810294,1
5,bimodal,Task B ,1,4,1,-1.544925588,3,1,350.4527296,4,2452.420057,3
5,bimodal,Task B ,2,4,1,-7.681141794,2,2,227.2436596,5,2742.507883,2
5,bimodal,Task B ,1,4,1,-2.909555099,3,1,319.8849381,6,2615.805747,3
6,bimodal,Task B ,2,2,0,3.359532244,4,1,343.5720035,1,2645.560572,4
6,bimodal,Task B ,2,2,0,-3.90520407,3,1,137.6743352,2,2824.132868,3
6,bimodal,Task B ,1,2,0,22.62049814,4,2,318.1955211,3,1987.622712,4
6,bimodal,Task B ,1,2,1,-2.878973815,1,1,102.7421956,4,2760.055913,1
6,bimodal,Task B ,1,2,1,-0.786716635,3,1,192.4173393,5,2786.511695,3
6,bimodal,Task B ,1,2,1,1.517811528,2,1,85.97477106,6,2846.410678,2
7,bimodal,Task B ,1,4,0,-4.082994289,1,2,78.72104048,1,2485.615475,1
7,bimodal,Task B ,1,4,1,-0.382011681,3,1,153.1381661,2,2577.651141,3
7,bimodal,Task B ,1,4,0,16.97066182,2,2,234.1697133,3,2911.30595,2
7,bimodal,Task B ,1,1,0,3.518665228,1,2,31.64524704,4,2913.103999,1
7,bimodal,Task B ,1,4,0,11.03098554,2,2,116.0274013,5,3541.601037,2
7,bimodal,Task B ,1,1,0,24.18681629,4,2,345.6848873,6,2526.258708,4
8,bimodal,Task B ,1,4,1,-4.815861447,2,1,29.7771964,1,2947.005355,2
8,bimodal,Task B ,1,4,1,-4.013250597,4,1,232.6861202,2,2676.910107,4
8,bimodal,Task B ,2,4,1,1.843281121,2,2,225.2966187,3,2899.051713,2
8,bimodal,Task B ,1,4,0,6.924255385,3,2,103.898996,4,2856.146049,3
8,bimodal,Task B ,1,4,1,3.305032283,4,1,218.0183516,5,2610.043742,4
8,bimodal,Task B ,1,4,0,-0.674274012,2,2,238.2852755,6,2396.108969,2
9,bimodal,Task B ,1,1,0,-3.814579599,1,2,174.1187215,1,2903.091426,1
9,bimodal,Task B ,2,1,1,-5.239572812,4,2,174.7005639,2,2228.034414,4
9,bimodal,Task B ,1,3,0,-3.612353622,2,2,206.1171565,3,2737.161878,2
9,bimodal,Task B ,2,1,0,-2.875291227,4,1,186.9814241,4,2728.575389,4
9,bimodal,Task B ,1,2,0,-0.5200676,1,2,191.9020221,5,3111.755262,1
9,bimodal,Task B ,2,1,1,-1.81761351,2,2,18.17989018,6,2703.000071,2
10,bimodal,Task B ,1,1,1,0.852998696,1,1,246.1415035,1,2588.258601,1
10,bimodal,Task B ,2,2,1,-3.461037443,4,2,189.5646651,2,2165.318486,4
10,bimodal,Task B ,2,3,1,5.297835072,4,2,338.9501648,3,3079.384082,4
10,bimodal,Task B ,1,2,1,-1.054014015,3,1,328.4660126,4,2561.369629,3
10,bimodal,Task B ,1,2,0,-14.50203948,3,2,177.5156142,5,2383.009153,3
10,bimodal,Task B ,1,2,1,-3.249567389,3,1,298.6356213,6,2669.608697,3
1,bimodal,Task B ,1,2,1,1.135371853,1,1,326.7347362,1,2846.9961,1
1,bimodal,Task B ,1,2,0,8.056413072,1,2,142.4356441,2,2617.517161,1
1,bimodal,Task B ,2,2,1,-4.765006929,3,2,238.0779241,3,2611.964799,3
1,bimodal,Task B ,1,3,1,1.61502383,3,1,125.5820037,4,2755.626886,3
1,bimodal,Task B ,1,2,1,-0.60722025,4,1,87.51896508,5,2699.892769,4
1,bimodal,Task B ,2,3,1,6.062394922,1,2,285.113942,6,2131.427816,1
2,bimodal,Task B ,1,2,1,0.252724969,4,1,340.5394386,1,2724.211866,4
2,bimodal,Task B ,1,2,1,-3.654110552,4,1,105.1462733,2,2512.870955,4
2,bimodal,Task B ,2,2,1,-4.69370524,4,2,354.2193412,3,3742.121963,4
2,bimodal,Task B ,2,1,0,-0.851506857,4,1,6.862720772,4,2510.66847,4
2,bimodal,Task B ,1,2,1,2.337024986,4,1,316.3450837,5,2636.761864,4
2,bimodal,Task B ,1,2,1,-1.491966345,3,1,267.6873355,6,2811.772956,3
3,bimodal,Task B ,2,2,1,-3.560706583,3,2,70.27465687,1,3321.058853,3
3,bimodal,Task B ,1,1,1,-1.139887877,2,1,126.1454844,2,2921.841365,2
3,bimodal,Task B ,2,2,1,-7.604766284,3,2,35.02154069,3,2922.742584,3
3,bimodal,Task B ,1,3,1,-1.761834943,4,1,57.43218041,4,2619.64329,4
3,bimodal,Task B ,1,3,1,-2.207353008,4,1,69.6638852,5,2660.798749,4
3,bimodal,Task B ,1,2,1,-1.664143624,1,1,158.2762288,6,2746.163356,1
4,bimodal,Task B ,1,3,1,2.172426648,3,1,138.5303872,1,2850.600314,3
4,bimodal,Task B ,1,3,1,-1.235580369,4,1,256.4920276,2,2809.571846,4
4,bimodal,Task B ,1,1,1,1.509158125,1,1,114.9682949,3,2608.803962,1
4,bimodal,Task B ,1,1,1,0.595463679,1,1,103.9636991,4,2844.911241,1
4,bimodal,Task B ,1,1,0,2.93241947,1,2,26.89408619,5,3051.734279,1
4,bimodal,Task B ,2,1,1,-0.824578786,1,2,268.3598476,6,3382.043338,1
5,bimodal,Task B ,1,4,1,-0.052573096,2,1,140.5122582,1,2678.555929,2
5,bimodal,Task B ,1,4,0,11.80772305,4,2,84.43709967,2,2830.257506,4
5,bimodal,Task B ,1,1,0,9.427175679,2,2,208.1932689,3,2812.867895,2
5,bimodal,Task B ,1,3,0,9.59673994,4,2,223.3486937,4,3150.565074,4
5,bimodal,Task B ,1,4,0,-9.345982466,2,2,245.8893561,5,2156.81555,2
5,bimodal,Task B ,1,4,1,-1.065274876,3,1,98.45273162,6,2440.70228,3
6,bimodal,Task B ,1,2,0,0.40246768,1,2,90.50213923,1,3166.788725,1
6,bimodal,Task B ,2,2,0,-1.962760549,1,1,198.1986377,2,2850.772065,1
6,bimodal,Task B ,2,1,1,-6.950046708,4,2,351.5592078,3,2392.571271,4
6,bimodal,Task B ,2,2,1,-12.3892511,1,2,21.39301034,4,2386.874691,1
6,bimodal,Task B ,1,2,1,0.480373628,4,1,39.74357486,5,2675.706423,4
6,bimodal,Task B ,2,2,0,-2.86992081,4,1,37.65095649,6,2714.265811,4
7,bimodal,Task B ,1,1,0,0.88473126,1,2,254.2621752,1,2916.852527,1
7,bimodal,Task B ,1,4,1,0.950268237,1,1,258.7268645,2,2721.190232,1
7,bimodal,Task B ,2,1,0,-4.282687776,1,1,338.7103209,3,2582.75331,1
7,bimodal,Task B ,1,1,0,-19.17694486,1,2,7.994383184,4,2735.507825,1
7,bimodal,Task B ,1,1,1,1.076104022,1,1,154.6808002,5,2580.133198,1
7,bimodal,Task B ,1,4,1,-3.99290567,4,1,172.1545719,6,2760.266474,4
8,bimodal,Task B ,1,4,1,-2.789774178,1,1,67.85926277,1,2622.266814,1
8,bimodal,Task B ,2,4,1,16.09390008,3,2,11.43411292,2,2891.357971,3
8,bimodal,Task B ,1,4,0,4.071745596,1,2,88.08095812,3,2805.276196,1
8,bimodal,Task B ,2,4,1,-11.16136532,1,2,156.5632597,4,3632.640378,1
8,bimodal,Task B ,1,4,1,-2.201183451,3,1,128.7624554,5,2533.644482,3
8,bimodal,Task B ,1,4,1,1.479215051,1,1,83.37974811,6,2583.373414,1
9,bimodal,Task B ,2,1,1,20.67008202,1,2,204.8198187,1,1388.952246,1
9,bimodal,Task B ,2,2,0,-2.70306722,4,1,46.1423423,2,2546.957117,4
9,bimodal,Task B ,1,3,0,-1.045700373,4,2,165.1732665,3,3343.13106,4
9,bimodal,Task B ,1,3,1,-3.400716204,2,1,93.40284164,4,2863.051747,2
9,bimodal,Task B ,1,2,1,2.942608196,4,1,297.7569829,5,2651.129646,4
9,bimodal,Task B ,1,1,1,0.873870328,2,1,296.2338033,6,2782.104821,2
10,bimodal,Task B ,1,1,0,-3.842752947,1,2,329.4844787,1,2433.59504,1
10,bimodal,Task B ,1,2,0,-2.522168983,4,2,41.88681401,2,2517.936897,4
10,bimodal,Task B ,1,2,1,-6.665397631,4,1,307.8773133,3,2812.833072,4
10,bimodal,Task B ,1,1,0,-2.373136402,1,2,11.86604083,4,2723.118289,1
10,bimodal,Task B ,2,1,1,16.1386853,1,2,280.8875116,5,2765.198583,1
10,bimodal,Task B ,2,2,1,-7.589663039,2,2,255.2534104,6,3155.028064,2
1,bimodal,Task B ,1,2,1,-2.885684192,2,1,358.1825831,1,2597.029639,2
1,bimodal,Task B ,1,3,1,2.576450962,2,1,177.3621745,2,2782.323671,2
1,bimodal,Task B ,2,1,1,13.12276904,4,2,76.76631844,3,2392.733487,4
1,bimodal,Task B ,1,3,1,-0.211632643,3,1,171.1651699,4,2586.036059,3
1,bimodal,Task B ,2,4,1,19.27918269,3,2,273.5287085,5,3791.882707,3
1,bimodal,Task B ,1,2,0,10.40068978,1,2,313.9086889,6,2656.723915,1
2,bimodal,Task B ,2,2,0,2.911033675,4,1,291.6007787,1,2709.840213,4
2,bimodal,Task B ,2,3,0,3.072565345,4,1,42.99989091,2,2542.329847,4
2,bimodal,Task B ,2,1,0,-1.730986573,1,1,226.3202516,3,2818.522748,1
2,bimodal,Task B ,2,1,0,-3.616973415,4,1,336.172464,4,2818.278984,4
2,bimodal,Task B ,1,2,1,-1.78277825,1,1,127.9591131,5,2737.583574,1
2,bimodal,Task B ,2,3,1,3.705951995,2,2,25.03492886,6,2972.363446,2
3,bimodal,Task B ,1,4,0,12.24923202,2,2,17.80669594,1,3288.440165,2
3,bimodal,Task B ,1,3,1,0.321930823,2,1,305.0008819,2,2858.683712,2
3,bimodal,Task B ,1,3,1,5.597437005,2,1,284.7620663,3,2865.221482,2
3,bimodal,Task B ,1,3,1,5.324398549,4,1,57.58714592,4,2716.33839,4
3,bimodal,Task B ,1,3,1,-0.823917883,3,1,23.0543866,5,2664.676169,3
3,bimodal,Task B ,2,4,1,-16.15447394,4,2,32.73987995,6,2684.882779,4
4,bimodal,Task B ,1,2,1,-5.028544456,1,1,347.5630754,1,2754.551845,1
4,bimodal,Task B ,2,2,0,-7.616896301,1,1,137.8323226,2,2516.717039,1
4,bimodal,Task B ,1,2,1,-5.436019395,3,1,273.1098793,3,2635.504931,3
4,bimodal,Task B ,1,2,0,-1.732910465,2,2,69.56037149,4,2734.530077,2
4,bimodal,Task B ,2,4,1,21.71453174,4,2,60.77015151,5,2445.284085,4
4,bimodal,Task B ,1,2,0,-7.217556923,3,2,50.19043436,6,2872.487495,3
5,bimodal,Task B ,1,4,1,-0.108659615,3,1,231.5794659,1,2882.133603,3
5,bimodal,Task B ,1,4,1,-2.27858865,2,1,224.3942897,2,2793.297084,2
5,bimodal,Task B ,1,4,1,-0.868735881,4,1,6.71192479,3,2637.944716,4
5,bimodal,Task B ,1,4,1,0.632401009,3,1,162.7122884,4,2703.506688,3
5,bimodal,Task B ,1,4,1,-0.308868589,3,1,77.09201725,5,2630.17951,3
5,bimodal,Task B ,2,4,1,-19.74483428,1,2,62.5816853,6,3365.041784,1
6,bimodal,Task B ,1,2,0,1.029613763,4,2,306.7762339,1,2743.476591,4
6,bimodal,Task B ,2,2,1,6.249919887,4,2,178.8913079,2,2979.354162,4
6,bimodal,Task B ,1,2,1,5.212637413,2,1,272.384802,3,2765.529934,2
6,bimodal,Task B ,1,2,0,-9.794828695,2,2,136.500158,4,3506.793639,2
6,bimodal,Task B ,1,2,1,2.817316646,3,1,56.42790145,5,2857.127019,3
6,bimodal,Task B ,2,3,1,3.347515178,4,2,290.8992554,6,3153.172005,4
7,bimodal,Task B ,2,2,1,0.708595253,2,2,93.7588227,1,2129.124942,2
7,bimodal,Task B ,2,3,1,-3.880892847,3,2,102.8525048,2,2880.157917,3
7,bimodal,Task B ,1,4,1,-3.565793655,2,1,129.7055985,3,2522.73386,2
7,bimodal,Task B ,2,4,1,-10.4132651,2,2,264.8951366,4,2965.835903,2
7,bimodal,Task B ,1,1,1,2.222599427,2,1,187.3336107,5,2882.983888,2
7,bimodal,Task B ,2,4,1,-24.48896193,4,2,109.7654786,6,3402.279409,4
8,bimodal,Task B ,2,4,1,6.573705712,3,2,333.8666762,1,2271.99938,3
8,bimodal,Task B ,1,4,1,0.620331013,4,1,275.3133484,2,2711.585906,4
8,bimodal,Task B ,2,4,1,11.95149509,3,2,277.810861,3,2488.490623,3
8,bimodal,Task B ,1,4,1,0.82791403,2,1,254.2770868,4,2818.224774,2
8,bimodal,Task B ,2,4,1,-16.01203924,4,2,353.7766421,5,1923.910205,4
8,bimodal,Task B ,1,4,0,0.460696479,4,2,33.90225295,6,1880.678687,4
9,bimodal,Task B ,1,1,1,3.278262952,1,1,16.33854284,1,2628.146394,1
9,bimodal,Task B ,1,3,1,-0.780213172,3,1,172.3997375,2,2767.056702,3
9,bimodal,Task B ,2,2,0,7.000805872,2,1,125.6419746,3,2640.057491,2
9,bimodal,Task B ,1,4,1,-1.367893149,4,1,86.63589987,4,2799.482397,4
9,bimodal,Task B ,1,1,0,11.77686531,2,2,14.65514348,5,2337.664325,2
9,bimodal,Task B ,2,3,1,9.983004561,3,2,258.1168943,6,1850.178682,3
10,bimodal,Task B ,2,3,1,23.1496776,4,2,336.6874832,1,3026.767794,4
10,bimodal,Task B ,1,2,1,-2.093608984,2,1,53.16646633,2,2722.79108,2
10,bimodal,Task B ,2,2,1,-5.837869067,4,2,22.75217441,3,2779.894342,4
10,bimodal,Task B ,1,1,0,-6.073324946,1,2,86.39894922,4,3076.552724,1
10,bimodal,Task B ,1,2,1,0.206784992,2,1,120.0936795,5,2618.804591,2
10,bimodal,Task B ,1,2,1,-0.012229994,4,1,213.4787393,6,2838.879745,4
1,bimodal,Task B ,2,3,1,17.34625799,2,2,226.1549468,1,3601.132802,2
1,bimodal,Task B ,2,2,1,-19.71631959,1,2,191.1098895,2,2919.877327,1
1,bimodal,Task B ,1,3,1,-5.13163517,3,1,184.8685604,3,2422.29203,3
1,bimodal,Task B ,2,1,0,-0.602329672,2,1,157.9385898,4,2491.707932,2
1,bimodal,Task B ,1,3,0,-5.381238704,3,2,111.3974153,5,2816.999453,3
1,bimodal,Task B ,2,1,1,13.44315176,1,2,170.4448614,6,2939.961088,1
2,bimodal,Task B ,2,4,1,-18.58495167,3,2,172.0560685,1,2977.393546,3
2,bimodal,Task B ,1,2,0,-1.998376219,3,2,159.1277565,2,3143.476664,3
2,bimodal,Task B ,1,2,1,1.165191149,2,1,290.1478625,3,2570.621468,2
2,bimodal,Task B ,2,2,1,1.757305307,4,2,250.0959659,4,2987.716913,4
2,bimodal,Task B ,1,2,0,-3.513424556,1,2,13.21918922,5,3180.648247,1
2,bimodal,Task B ,2,2,1,1.75719225,4,2,212.2677,6,2986.055815,4
3,bimodal,Task B ,1,2,1,-0.138340269,4,1,260.7754353,1,2636.098159,4
3,bimodal,Task B ,2,4,1,-5.520896478,3,2,23.99180613,2,3220.221714,3
3,bimodal,Task B ,1,1,0,0.77001255,1,2,339.2152798,3,2994.108074,1
3,bimodal,Task B ,2,4,1,-9.213414766,4,2,142.0237513,4,2002.96164,4
3,bimodal,Task B ,2,2,1,-13.01021127,4,2,277.218756,5,2825.999454,4
3,bimodal,Task B ,2,1,0,-1.735135166,3,1,30.44272216,6,2440.405809,3
4,bimodal,Task B ,1,3,1,2.996843525,3,1,319.9398672,1,2820.553404,3
4,bimodal,Task B ,1,3,1,4.681561318,2,1,107.1118787,2,2597.646992,2
4,bimodal,Task B ,1,1,0,16.9380272,1,2,21.07071755,3,2541.271631,1
4,bimodal,Task B ,1,1,0,25.85845819,2,2,43.75538112,4,3694.985833,2
4,bimodal,Task B ,2,4,1,26.76811814,2,2,351.6329401,5,2772.92649,2
4,bimodal,Task B ,2,4,1,3.801097984,3,2,155.4173806,6,2193.288078,3
5,bimodal,Task B ,1,4,1,0.463118536,3,1,165.5630971,1,2714.77903,3
5,bimodal,Task B ,1,4,1,0.798555438,2,1,254.9353842,2,2672.348304,2
5,bimodal,Task B ,2,4,1,17.0130326,2,2,63.579891,3,2572.512964,2
5,bimodal,Task B ,1,4,1,0.715682804,2,1,173.4593696,4,2685.535824,2
5,bimodal,Task B ,2,1,1,-7.961108297,4,2,113.5511847,5,2778.269554,4
5,bimodal,Task B ,1,2,0,6.426502637,1,2,248.1207298,6,3812.238808,1
6,bimodal,Task B ,2,2,1,4.927337773,2,2,204.4526546,1,3045.474556,2
6,bimodal,Task B ,2,2,0,-1.374951626,4,1,94.4423791,2,2619.042699,4
6,bimodal,Task B ,1,2,0,4.694766191,3,2,336.4769955,3,3251.225914,3
6,bimodal,Task B ,1,2,0,0.188130666,3,2,311.5318883,4,2614.193683,3
6,bimodal,Task B ,2,2,1,-24.87650588,4,2,327.819846,5,3248.936563,4
6,bimodal,Task B ,2,2,1,-13.90742978,1,2,36.42154885,6,2265.230815,1
7,bimodal,Task B ,2,4,1,-17.14704299,4,2,48.07457575,1,2586.974291,4
7,bimodal,Task B ,1,4,1,-3.471429418,3,1,241.3487358,2,2790.764759,3
7,bimodal,Task B ,1,4,0,2.325370665,3,2,269.1531873,3,2928.971779,3
7,bimodal,Task B ,1,4,1,3.005547166,4,1,247.2607057,4,2611.990603,4
7,bimodal,Task B ,1,4,1,-2.421333597,1,1,237.3944258,5,2619.05968,1
7,bimodal,Task B ,1,1,0,-14.04516021,2,2,1.469930055,6,2345.326326,2
8,bimodal,Task B ,1,4,1,-2.634480182,2,1,352.6015212,1,2616.788036,2
8,bimodal,Task B ,1,4,1,2.705401981,3,1,142.9143504,2,2696.297513,3
8,bimodal,Task B ,2,1,1,-7.595564455,4,2,230.1023562,3,2381.907266,4
8,bimodal,Task B ,1,4,1,-3.775813439,2,1,154.6578521,4,2688.950999,2
8,bimodal,Task B ,1,1,0,-24.31743025,3,2,350.2203145,5,3060.749265,3
8,bimodal,Task B ,2,4,1,-4.602325311,4,2,181.4019042,6,2543.398975,4
9,bimodal,Task B ,2,2,0,-0.5737611,4,1,356.9020164,1,2670.663639,4
9,bimodal,Task B ,1,1,1,4.025384749,1,1,309.7738371,2,2904.084825,1
9,bimodal,Task B ,2,4,1,32.23803368,4,2,331.826824,3,2946.787729,4
9,bimodal,Task B ,1,3,0,-23.17960003,2,2,300.1346138,4,2378.296024,2
9,bimodal,Task B ,2,4,0,2.069545798,3,1,25.59284151,5,2522.523287,3
9,bimodal,Task B ,2,1,1,6.023974486,2,2,167.7644502,6,3338.864051,2
10,bimodal,Task B ,1,1,0,1.30430793,2,2,100.9385824,1,2229.085303,2
10,bimodal,Task B ,1,2,1,-3.789484786,1,1,346.3608459,2,2986.156462,1
10,bimodal,Task B ,1,2,1,0.006375954,2,1,265.5735525,3,2738.789578,2
10,bimodal,Task B ,2,2,1,23.23970079,2,2,20.84139159,4,2662.845824,2
10,bimodal,Task B ,2,3,1,-23.30453522,4,2,244.0277185,5,2685.505443,4
10,bimodal,Task B ,2,2,1,33.70883022,3,2,124.3475735,6,2774.068344,3
1,bimodal,Task B ,1,2,1,-5.063842378,1,1,244.1537105,1,2715.516543,1
1,bimodal,Task B ,2,2,1,15.98381578,2,2,272.3094007,2,3305.975121,2
1,bimodal,Task B ,1,4,1,3.266015613,4,1,192.316855,3,2610.617138,4
1,bimodal,Task B ,1,3,1,-3.381408272,4,1,346.1164501,4,2812.959057,4
1,bimodal,Task B ,1,3,1,-0.543435545,1,1,223.9387361,5,2798.830695,1
1,bimodal,Task B ,1,3,1,3.644384974,3,1,308.6683357,6,2599.111285,3
2,bimodal,Task B ,2,3,0,1.171895733,4,1,289.4229702,1,2802.297021,4
2,bimodal,Task B ,1,2,0,2.861379862,3,2,22.08427814,2,2434.575516,3
2,bimodal,Task B ,1,2,1,-0.061331581,2,1,316.5258111,3,2654.307924,2
2,bimodal,Task B ,2,3,1,-14.96944821,4,2,270.7353973,4,3177.331968,4
2,bimodal,Task B ,1,2,0,-2.097921863,2,2,108.2555045,5,2534.25414,2
2,bimodal,Task B ,2,3,1,1.185033227,1,2,134.7586628,6,3556.262759,1
3,bimodal,Task B ,2,3,1,6.489187304,4,2,138.629959,1,2353.384144,4
3,bimodal,Task B ,2,4,1,-21.57417289,4,2,149.3653981,2,2765.469604,4
3,bimodal,Task B ,2,4,1,1.417506404,2,2,10.50522156,3,3136.91883,2
3,bimodal,Task B ,2,4,1,12.63551515,4,2,59.47885223,4,2586.970982,4
3,bimodal,Task B ,1,4,1,-1.494812831,3,1,123.6872229,5,2724.404075,3
3,bimodal,Task B ,1,3,0,2.838742479,4,2,255.1229857,6,2749.600448,4
4,bimodal,Task B ,1,4,1,0.683796391,3,1,198.6824787,1,2583.24863,3
4,bimodal,Task B ,2,2,0,-4.133895811,3,1,100.0728181,2,2412.480481,3
4,bimodal,Task B ,2,1,0,-1.789795851,1,1,352.0634617,3,2584.454744,1
4,bimodal,Task B ,1,1,1,0.297147693,1,1,140.7549349,4,2989.04309,1
4,bimodal,Task B ,2,4,1,26.05738217,4,2,257.4387984,5,2178.570559,4
4,bimodal,Task B ,1,2,0,11.46663369,2,2,54.73652945,6,2824.105538,2
5,bimodal,Task B ,2,4,1,-19.30660837,2,2,185.8239406,1,2487.041097,2
5,bimodal,Task B ,1,4,0,6.327031299,1,2,80.7810255,2,3048.642881,1
5,bimodal,Task B ,2,4,1,-23.67129734,3,2,5.630875018,3,2300.854173,3
5,bimodal,Task B ,2,4,1,0.514341781,3,2,184.8124187,4,2187.736498,3
5,bimodal,Task B ,1,4,0,-24.33298489,1,2,137.3196959,5,2694.029607,1
5,bimodal,Task B ,2,2,0,-4.354398371,2,1,163.9755183,6,2719.587029,2
6,bimodal,Task B ,1,2,1,2.238158684,3,1,140.4527744,1,2578.738273,3
6,bimodal,Task B ,2,1,0,2.474600489,1,1,49.78413789,2,2899.410791,1
6,bimodal,Task B ,1,2,1,1.709105018,3,1,299.7525853,3,2660.19447,3
6,bimodal,Task B ,2,2,1,-8.889848479,3,2,22.95017535,4,2860.931124,3
6,bimodal,Task B ,2,2,0,2.134028641,1,1,16.28147781,5,2633.74025,1
6,bimodal,Task B ,1,2,0,4.937872441,3,2,222.9346639,6,2603.145151,3
7,bimodal,Task B ,2,4,0,1.772323559,2,1,270.6897497,1,2724.734715,2
7,bimodal,Task B ,2,4,1,-0.616496942,1,2,84.29637404,2,2361.594032,1
7,bimodal,Task B ,1,1,0,7.598875377,1,2,187.9820099,3,1666.243646,1
7,bimodal,Task B ,1,4,0,4.440648101,4,2,188.2094397,4,3224.654725,4
7,bimodal,Task B ,1,1,1,-1.524327315,1,1,30.85015907,5,2742.359681,1
7,bimodal,Task B ,1,1,1,-1.571900997,1,1,300.3011087,6,2707.898085,1
8,bimodal,Task B ,2,4,1,18.01905973,2,2,94.9745776,1,3583.7269,2
8,bimodal,Task B ,2,4,1,12.13176329,3,2,253.1362814,2,2001.568643,3
8,bimodal,Task B ,2,4,0,-3.044858132,1,1,301.8822127,3,2518.679978,1
8,bimodal,Task B ,1,4,0,-6.778986315,1,2,312.8416121,4,2661.387289,1
8,bimodal,Task B ,1,4,1,-6.898476244,2,1,159.8737438,5,2773.290375,2
8,bimodal,Task B ,1,4,1,0.750839852,1,1,43.18749657,6,2742.404478,1
9,bimodal,Task B ,1,3,0,12.50965021,4,2,336.4273207,1,2858.394603,4
9,bimodal,Task B ,1,1,0,-1.1580026,4,2,205.6124936,2,2250.904959,4
9,bimodal,Task B ,1,2,0,-0.996905336,1,2,182.761269,3,2493.075066,1
9,bimodal,Task B ,2,1,1,-13.97794646,1,2,40.01279946,4,1976.147258,1
9,bimodal,Task B ,1,3,1,0.954854681,4,1,114.7631796,5,2554.033927,4
9,bimodal,Task B ,1,1,0,-17.44434754,4,2,270.504606,6,2940.972009,4
10,bimodal,Task B ,1,1,1,-3.572954792,1,1,171.1916917,1,2912.109256,1
10,bimodal,Task B ,1,2,0,9.105728939,4,2,305.5222568,2,2515.842391,4
10,bimodal,Task B ,1,2,1,0.572705765,3,1,309.454473,3,2486.253121,3
10,bimodal,Task B ,2,3,1,-14.07013055,3,2,239.5353957,4,3450.340204,3
10,bimodal,Task B ,2,1,1,-21.91635701,3,2,245.7933917,5,2233.02844,3
10,bimodal,Task B ,2,2,0,5.560927051,4,1,339.4945279,6,2619.086277,4
1,bimodal,Task B ,2,2,1,5.122055797,4,2,110.812962,1,2325.23577,4
1,bimodal,Task B ,1,1,1,1.923909397,2,1,55.54255954,2,2588.360812,2
1,bimodal,Task B ,2,1,0,4.380703452,1,1,338.6055885,3,2621.768052,1
1,bimodal,Task B ,2,2,1,-13.63456824,1,2,39.94451383,4,2129.203601,1
1,bimodal,Task B ,1,2,0,9.334326084,2,2,116.7052488,5,2544.224188,2
1,bimodal,Task B ,1,3,0,5.784860041,3,2,188.7356278,6,3199.207702,3
2,bimodal,Task B ,2,3,1,13.7859472,1,2,77.06946735,1,2309.964259,1
2,bimodal,Task B ,1,1,0,-0.793687599,1,2,184.4659912,2,2553.582679,1
2,bimodal,Task B ,1,2,1,-1.136449536,2,1,327.9076936,3,2656.744258,2
2,bimodal,Task B ,1,2,0,-4.189705903,4,2,225.1942709,4,2917.914507,4
2,bimodal,Task B ,2,3,0,-1.216084655,4,1,117.3129772,5,2702.805422,4
2,bimodal,Task B ,1,2,1,1.037269187,1,1,90.67899696,6,2539.75171,1
3,bimodal,Task B ,2,2,0,6.190596934,4,1,83.86157057,1,2629.165729,4
3,bimodal,Task B ,2,2,1,-8.792867808,1,2,20.13958823,2,3206.621201,1
3,bimodal,Task B ,2,4,1,-8.740567024,3,2,92.97534551,3,3679.265331,3
3,bimodal,Task B ,2,3,0,-3.406178791,3,1,186.6005088,4,2559.931833,3
3,bimodal,Task B ,2,4,1,13.95054304,3,2,214.6108601,5,2937.375834,3
3,bimodal,Task B ,2,4,1,10.62174979,2,2,311.3877639,6,1893.717622,2
4,bimodal,Task B ,1,1,1,1.161689018,1,1,222.6322806,1,2652.713529,1
4,bimodal,Task B ,1,2,1,-1.606132288,1,1,47.40719602,2,2621.409508,1
4,bimodal,Task B ,1,1,0,-2.971280774,2,2,299.9808823,3,3293.986072,2
4,bimodal,Task B ,1,2,0,4.86899942,2,2,133.6810057,4,2325.948164,2
4,bimodal,Task B ,1,1,0,-13.40793365,1,2,98.77050128,5,2729.697559,1
4,bimodal,Task B ,2,2,1,-11.35618767,3,2,238.8128801,6,2784.720141,3
5,bimodal,Task B ,1,2,1,-3.826441124,2,1,233.8532293,1,2876.431598,2
5,bimodal,Task B ,2,4,1,-11.36743998,4,2,172.7123227,2,2952.547428,4
5,bimodal,Task B ,2,4,1,31.1407041,2,2,297.6106928,3,2813.233349,2
5,bimodal,Task B ,1,4,1,-5.808612833,1,1,289.4404349,4,2573.017684,1
5,bimodal,Task B ,2,3,0,-0.019382113,4,1,288.2384283,5,2795.737945,4
5,bimodal,Task B ,2,4,1,4.434255569,4,2,183.9934752,6,2455.647606,4
6,bimodal,Task B ,2,2,0,2.415043691,1,1,234.0875172,1,2901.062447,1
6,bimodal,Task B ,1,2,0,-29.82353409,2,2,73.81513649,2,2545.699998,2
6,bimodal,Task B ,1,2,0,-9.485255942,1,2,209.113307,3,2402.26157,1
6,bimodal,Task B ,1,2,0,-4.430509665,3,2,158.9212406,4,1862.302197,3
6,bimodal,Task B ,1,1,0,9.845374215,1,2,248.955462,5,2253.459248,1
6,bimodal,Task B ,1,2,1,-1.49128466,2,1,279.701386,6,2598.87676,2
7,bimodal,Task B ,1,1,0,13.9852954,1,2,212.9195823,1,1604.045328,1
7,bimodal,Task B ,2,2,0,-4.966122767,4,1,328.7749526,2,2583.498303,4
7,bimodal,Task B ,1,4,1,0.878526329,2,1,163.2155256,3,2571.14658,2
7,bimodal,Task B ,2,4,1,-5.713192838,3,2,344.4671949,4,2832.139078,3
7,bimodal,Task B ,1,1,1,-0.32199705,3,1,336.4954016,5,2922.911012,3
7,bimodal,Task B ,1,1,1,-1.815639591,2,1,42.97623963,6,2979.387529,2
8,bimodal,Task B ,1,4,0,-3.838331309,3,2,91.31290871,1,2321.913631,3
8,bimodal,Task B ,1,4,1,-0.217543872,4,1,323.0402331,2,2569.635232,4
8,bimodal,Task B ,1,4,0,3.05616518,2,2,303.8025004,3,2703.622379,2
8,bimodal,Task B ,1,4,1,0.228597818,2,1,110.4716249,4,2800.808232,2
8,bimodal,Task B ,1,4,1,1.035423483,4,1,246.2738586,5,2697.701164,4
8,bimodal,Task B ,1,4,1,-1.266852669,4,1,102.7533147,6,2609.705534,4
9,bimodal,Task B ,1,3,1,-2.696476835,4,1,320.8954723,1,2739.075736,4
9,bimodal,Task B ,2,1,0,3.195842849,4,1,276.247521,2,2696.114535,4
9,bimodal,Task B ,1,3,1,1.214793528,4,1,280.5761659,3,2555.488864,4
9,bimodal,Task B ,1,2,1,-2.653877443,2,1,295.3179729,4,2716.67901,2
9,bimodal,Task B ,1,3,0,-1.639885417,1,2,158.4938456,5,2849.975986,1
9,bimodal,Task B ,2,2,0,3.950163082,4,1,297.8889254,6,2611.277577,4
10,bimodal,Task B ,1,3,1,1.300923444,4,1,254.5978913,1,2696.680291,4
10,bimodal,Task B ,1,2,0,-1.712244711,1,2,239.9605035,2,2843.909502,1
10,bimodal,Task B ,1,1,1,0.831503391,1,1,279.8484003,3,2520.66185,1
10,bimodal,Task B ,1,2,0,-2.60534821,1,2,307.1991956,4,1794.154369,1
10,bimodal,Task B ,1,2,1,5.044410574,2,1,75.02243662,5,2618.512841,2
10,bimodal,Task B ,1,2,1,-1.246388573,3,1,41.68768408,6,2839.556799,3
1,bimodal,Task B ,1,2,0,-5.279322515,1,2,136.1896622,1,2624.16822,1
1,bimodal,Task B ,2,2,0,2.552813308,1,1,113.596907,2,2796.657175,1
1,bimodal,Task B ,1,3,1,0.361363769,4,1,130.5037999,3,2639.96398,4
1,bimodal,Task B ,2,2,1,-12.14743631,4,2,259.4462786,4,2210.990157,4
1,bimodal,Task B ,1,3,1,1.543466797,3,1,116.1588612,5,2663.0178,3
1,bimodal,Task B ,1,2,0,2.675520219,4,2,63.73385358,6,3061.285114,4
2,bimodal,Task B ,1,2,1,2.216757677,2,1,262.1869047,1,2647.576691,2
2,bimodal,Task B ,1,2,0,5.304893755,3,2,300.6808123,2,1831.950741,3
2,bimodal,Task B ,1,3,0,2.827957298,4,2,79.38530242,3,2076.020404,4
2,bimodal,Task B ,2,1,1,-6.615008035,3,2,229.7373493,4,2923.586237,3
2,bimodal,Task B ,1,2,0,-3.64264506,2,2,188.8431139,5,3076.202778,2
2,bimodal,Task B ,1,3,1,-2.872588539,2,1,146.5650979,6,2837.983133,2
3,bimodal,Task B ,2,1,0,0.859455172,2,1,232.8889688,1,2579.622074,2
3,bimodal,Task B ,2,2,1,15.56382688,1,2,16.35971935,2,3031.592077,1
3,bimodal,Task B ,2,4,1,-14.4547304,3,2,256.490446,3,2225.220809,3
3,bimodal,Task B ,2,3,1,10.33664749,1,2,201.2034817,4,2943.670171,1
3,bimodal,Task B ,1,2,1,1.349853868,1,1,328.0050939,5,2529.359911,1
3,bimodal,Task B ,1,3,1,7.685445626,2,1,84.59573509,6,2566.480624,2
4,bimodal,Task B ,1,3,1,3.477853719,1,1,356.6087475,1,2699.314792,1
4,bimodal,Task B ,2,4,0,-6.16233392,4,1,325.1565431,2,2913.629889,4
4,bimodal,Task B ,1,1,1,0.093492506,1,1,223.3940557,3,2774.612006,1
4,bimodal,Task B ,1,1,0,-11.97522415,1,2,309.9877119,4,2697.989556,1
4,bimodal,Task B ,1,3,1,-1.368471672,1,1,198.803798,5,2549.500398,1
4,bimodal,Task B ,1,3,1,2.90702272,4,1,176.3321058,6,2776.851244,4
5,bimodal,Task B ,1,2,1,-1.079587397,2,1,30.11575583,1,2607.425739,2
5,bimodal,Task B ,1,4,1,-0.783047025,2,1,215.8396646,2,2765.800576,2
5,bimodal,Task B ,2,4,1,-14.79645816,4,2,201.5770564,3,3503.554542,4
5,bimodal,Task B ,2,4,1,-16.26784778,3,2,199.3790941,4,3148.802508,3
5,bimodal,Task B ,2,4,1,-16.27623005,3,2,160.754297,5,3207.57237,3
5,bimodal,Task B ,2,4,1,-13.17441974,3,2,92.53839315,6,2218.818588,3
6,bimodal,Task B ,1,2,0,-2.393579202,4,2,54.40547675,1,3026.064023,4
6,bimodal,Task B ,2,2,1,-11.3092743,1,2,169.9950546,2,2745.465433,1
6,bimodal,Task B ,2,2,0,-1.104740493,3,1,72.70674406,3,2786.070197,3
6,bimodal,Task B ,1,2,1,-0.32166951,4,1,17.003493,4,2470.653541,4
6,bimodal,Task B ,2,2,1,8.903110328,2,2,133.3267739,5,2930.511664,2
6,bimodal,Task B ,1,1,0,0.36053432,2,2,44.14971842,6,2773.318791,2
7,bimodal,Task B ,2,4,0,-0.902617891,4,1,215.2857014,1,2718.560551,4
7,bimodal,Task B ,1,4,1,1.814951423,4,1,171.5309398,2,2512.372251,4
7,bimodal,Task B ,1,1,1,2.46648229,3,1,291.8302159,3,2828.364276,3
7,bimodal,Task B ,2,1,1,-14.72207389,2,2,289.0167856,4,3145.769079,2
7,bimodal,Task B ,2,1,1,28.22024848,4,2,89.95326563,5,1912.003518,4
7,bimodal,Task B ,1,4,0,-7.509122225,4,2,32.74843488,6,2637.605737,4
8,bimodal,Task B ,1,4,1,-3.961043888,1,1,301.3823595,1,2654.701616,1
8,bimodal,Task B ,1,4,0,-5.299515508,3,2,305.6013408,2,2987.932454,3
8,bimodal,Task B ,2,1,1,8.616568532,1,2,270.27201,3,3319.774889,1
8,bimodal,Task B ,1,4,1,-1.947262697,3,1,90.14859725,4,2931.160103,3
8,bimodal,Task B ,2,4,1,-12.58809922,3,2,40.89725869,5,2529.323195,3
8,bimodal,Task B ,2,4,1,22.5877796,2,2,319.9758239,6,3843.247838,2
9,bimodal,Task B ,2,4,1,-0.129007286,4,2,211.4038244,1,2795.021028,4
9,bimodal,Task B ,1,1,0,21.5898463,3,2,347.8388176,2,2280.864603,3
9,bimodal,Task B ,1,3,1,1.979657842,4,1,218.3418369,3,2861.203028,4
9,bimodal,Task B ,2,2,0,3.109327746,1,1,294.4161414,4,2770.208129,1
9,bimodal,Task B ,1,1,1,3.465761123,2,1,355.7767967,5,2601.884146,2
9,bimodal,Task B ,2,1,1,22.39640176,1,2,210.2035503,6,2939.683997,1
10,bimodal,Task B ,2,2,1,5.236795145,3,2,176.3070961,1,2716.538242,3
10,bimodal,Task B ,1,1,0,-14.40844823,1,2,274.799379,2,4051.326976,1
10,bimodal,Task B ,2,1,1,3.082142046,1,2,140.9298272,3,3510.680754,1
10,bimodal,Task B ,1,2,1,-2.080384949,2,1,192.112796,4,2738.719797,2
10,bimodal,Task B ,1,2,1,1.520607433,4,1,134.3362567,5,2540.334543,4
10,bimodal,Task B ,1,2,0,3.478385623,4,2,158.35609,6,2842.34693,4
1,bimodal,Task B ,1,3,1,-2.182617784,4,1,39.73432421,1,2724.584874,4
1,bimodal,Task B ,1,2,1,-2.598027483,1,1,121.1563588,2,2648.320976,1
1,bimodal,Task B ,1,4,1,1.787579724,4,1,130.2472846,3,2560.529165,4
1,bimodal,Task B ,2,4,1,20.95791639,4,2,60.40124572,4,2336.4592,4
1,bimodal,Task B ,2,2,0,-0.709913769,1,1,146.1136045,5,2758.653634,1
1,bimodal,Task B ,2,2,1,-7.117653848,4,2,202.6886087,6,2395.859274,4
2,bimodal,Task B ,2,3,1,-12.01534756,4,2,0.80870702,1,2273.803749,4
2,bimodal,Task B ,1,2,0,-1.451457957,2,2,109.7062598,2,2780.209431,2
2,bimodal,Task B ,1,2,0,1.182281485,2,2,53.54954622,3,3117.558797,2
2,bimodal,Task B ,2,1,1,7.553023904,1,2,34.72980433,4,2346.076678,1
2,bimodal,Task B ,1,2,1,-0.19318968,1,1,225.8683829,5,2653.633118,1
2,bimodal,Task B ,1,2,1,-5.005834932,3,1,67.23364681,6,2752.413397,3
3,bimodal,Task B ,1,3,1,-0.610636162,3,1,222.4535522,1,2836.988087,3
3,bimodal,Task B ,1,3,1,-0.470126536,1,1,271.3721071,2,2614.71389,1
3,bimodal,Task B ,1,1,0,2.30671991,1,2,40.79470548,3,2396.742721,1
3,bimodal,Task B ,1,1,1,-1.465386463,4,1,17.71052509,4,2778.390745,4
3,bimodal,Task B ,1,3,1,-1.081229823,4,1,43.15386807,5,2871.400094,4
3,bimodal,Task B ,1,3,1,-0.228920392,1,1,301.476839,6,2892.649511,1
4,bimodal,Task B ,2,4,1,9.335372706,4,2,177.1283824,1,1702.737625,4
4,bimodal,Task B ,1,3,1,4.718485281,4,1,103.0328587,2,2674.984426,4
4,bimodal,Task B ,1,1,1,-2.954450725,3,1,95.36247646,3,2717.001753,3
4,bimodal,Task B ,1,1,1,2.342631533,1,1,185.6778497,4,2692.933275,1
4,bimodal,Task B ,1,1,0,-1.557952818,1,2,329.3507928,5,2370.452217,1
4,bimodal,Task B ,2,3,1,2.805271122,2,2,193.3568612,6,1974.797184,2
5,bimodal,Task B ,2,2,0,-0.09462235,2,1,66.12991618,1,2784.404422,2
5,bimodal,Task B ,1,1,1,-1.171448217,2,1,300.0079689,2,2681.170838,2
5,bimodal,Task B ,1,2,1,-1.271189071,3,1,26.63291165,3,2785.852516,3
5,bimodal,Task B ,1,4,0,-1.024538797,1,2,149.4013898,4,3287.806663,1
5,bimodal,Task B ,1,4,1,0.913111797,4,1,169.70784,5,2633.762476,4
5,bimodal,Task B ,2,4,1,-1.579927281,3,2,170.2980927,6,3105.666308,3
6,bimodal,Task B ,1,2,1,-1.174247014,4,1,242.1630426,1,2432.198992,4
6,bimodal,Task B ,1,1,0,12.17116888,4,2,300.5517252,2,2609.679415,4
6,bimodal,Task B ,1,2,1,-6.41715466,3,1,277.3474136,3,2710.221597,3
6,bimodal,Task B ,1,2,0,-2.197401062,2,2,268.7448071,4,2718.305646,2
6,bimodal,Task B ,2,2,1,1.927769177,4,2,115.4383767,5,2097.386494,4
6,bimodal,Task B ,2,2,1,-7.469598441,4,2,264.0551849,6,1943.136221,4
7,bimodal,Task B ,2,4,1,-4.293603873,4,2,192.5674463,1,2977.034865,4
7,bimodal,Task B ,1,4,1,-0.927918249,3,1,270.2720626,2,2910.248346,3
7,bimodal,Task B ,1,1,0,-2.546135792,1,2,190.185112,3,2780.162009,1
7,bimodal,Task B ,1,1,1,5.960671051,3,1,264.6835973,4,2732.590761,3
7,bimodal,Task B ,1,4,1,3.307531709,4,1,144.1166341,5,2629.485325,4
7,bimodal,Task B ,1,1,1,-0.324018308,1,1,108.0431475,6,2812.867612,1
8,bimodal,Task B ,1,4,1,-6.88027022,1,1,255.3654731,1,2502.814505,1
8,bimodal,Task B ,1,4,1,-1.271510694,3,1,232.9716327,2,2762.32229,3
8,bimodal,Task B ,2,4,1,-16.67572064,2,2,127.3249961,3,1985.156444,2
8,bimodal,Task B ,2,4,1,-12.23249083,4,2,30.54440072,4,2000.941443,4
8,bimodal,Task B ,1,4,0,-2.045939366,2,2,345.5888479,5,2989.057444,2
8,bimodal,Task B ,1,4,1,-3.089869937,1,1,55.77622122,6,2629.602534,1
9,bimodal,Task B ,1,3,0,-8.070547833,4,2,167.3188373,1,2836.01573,4
9,bimodal,Task B ,2,2,0,-0.206054515,1,1,15.93984696,2,2562.789376,1
9,bimodal,Task B ,1,1,1,-3.618019483,1,1,222.047026,3,2494.612704,1
9,bimodal,Task B ,2,4,1,11.35255469,4,2,331.0517942,4,3217.74521,4
9,bimodal,Task B ,2,3,1,-13.44121335,4,2,95.41432809,5,2890.317498,4
9,bimodal,Task B ,2,3,1,11.93401988,4,2,149.4043992,6,2016.811194,4
10,bimodal,Task B ,2,2,1,8.579114652,4,2,211.0674765,1,2949.898386,4
10,bimodal,Task B ,1,2,1,2.508762232,3,1,104.9971423,2,2634.799378,3
10,bimodal,Task B ,1,1,0,-2.681477993,1,2,229.2934629,3,3134.043722,1
10,bimodal,Task B ,1,2,1,-1.909647698,1,1,182.4452856,4,2715.968028,1
10,bimodal,Task B ,1,1,1,-0.941969431,1,1,88.74679557,5,2716.041973,1
10,bimodal,Task B ,1,1,1,3.283124943,2,1,74.70265412,6,2536.256153,2
1,bimodal,Task B ,2,4,1,24.89988162,3,2,33.08993825,1,3274.005773,3
1,bimodal,Task B ,1,2,1,6.148509125,2,1,338.1207761,2,2671.321572,2
1,bimodal,Task B ,1,3,1,4.01890818,4,1,352.0100456,3,2859.571725,4
1,bimodal,Task B ,1,3,1,-1.263332263,2,1,165.2214033,4,2680.142523,2
1,bimodal,Task B ,1,3,0,-12.59721086,2,2,339.3394909,5,2699.05578,2
1,bimodal,Task B ,1,2,1,-5.03079207,2,1,160.4495944,6,2736.551301,2
2,bimodal,Task B ,2,2,0,1.504618368,3,1,292.9287442,1,2813.251212,3
2,bimodal,Task B ,2,1,1,2.88295887,2,2,263.4368388,2,3297.6109,2
2,bimodal,Task B ,1,2,1,-3.853864746,3,1,185.6956285,3,2816.516853,3
2,bimodal,Task B ,1,2,0,-1.428775747,1,2,246.4913397,4,3399.494842,1
2,bimodal,Task B ,2,3,1,5.811125372,4,2,330.8408476,5,2529.118398,4
2,bimodal,Task B ,2,3,0,-3.57408703,4,1,60.05952296,6,2781.200619,4
3,bimodal,Task B ,1,4,1,2.165330834,4,1,182.6956506,1,2679.300596,4
3,bimodal,Task B ,1,4,1,-0.134449811,4,1,3.126628543,2,2710.242978,4
3,bimodal,Task B ,1,3,1,-1.558584479,3,1,318.0161132,3,2906.194083,3
3,bimodal,Task B ,1,2,0,7.537890995,1,2,106.2473496,4,2886.529582,1
3,bimodal,Task B ,2,4,1,22.58312842,2,2,74.42415563,5,1968.356602,2
3,bimodal,Task B ,2,1,0,-1.432037666,2,1,84.72892871,6,2638.227948,2
4,bimodal,Task B ,1,1,1,-4.811915024,2,1,123.4026363,1,2628.910834,2
4,bimodal,Task B ,2,4,1,10.46028021,4,2,118.7256165,2,3321.21781,4
4,bimodal,Task B ,2,4,1,-30.75229381,2,2,252.46876,3,2334.497609,2
4,bimodal,Task B ,1,1,1,0.467567822,2,1,192.4391032,4,2805.849047,2
4,bimodal,Task B ,2,2,1,18.17879121,2,2,226.7875205,5,2513.373781,2
4,bimodal,Task B ,2,1,1,-20.48708701,2,2,138.2925137,6,2637.29385,2
5,bimodal,Task B ,1,2,0,-5.974688919,1,2,307.7688275,1,1768.233454,1
5,bimodal,Task B ,2,4,1,-18.24788396,3,2,311.0946127,2,1533.507464,3
5,bimodal,Task B ,1,4,0,0.42536842,4,2,185.4943476,3,2464.081297,4
5,bimodal,Task B ,1,2,0,-11.03098515,2,2,180.8741751,4,2585.026074,2
5,bimodal,Task B ,2,4,1,6.623401056,2,2,269.6808072,5,3238.380244,2
5,bimodal,Task B ,1,2,1,-3.659086342,3,1,272.2848504,6,2856.692536,3
6,bimodal,Task B ,1,2,0,0.134794526,4,2,129.4731991,1,3154.636313,4
6,bimodal,Task B ,2,2,1,-4.809101762,2,2,281.4111482,2,2649.605971,2
6,bimodal,Task B ,1,2,0,-1.534401706,2,2,297.3859162,3,1775.577016,2
6,bimodal,Task B ,2,1,0,-4.890507133,1,1,235.0365157,4,2632.232771,1
6,bimodal,Task B ,2,3,1,20.77458199,3,2,201.445519,5,3066.75931,3
6,bimodal,Task B ,1,1,1,3.094702953,4,1,210.8906565,6,2749.390613,4
7,bimodal,Task B ,1,2,1,0.955060007,3,1,23.23104203,1,2799.527734,3
7,bimodal,Task B ,2,2,0,1.53873731,1,1,268.4932553,2,2937.652436,1
7,bimodal,Task B ,2,4,1,18.84093221,2,2,206.0185016,3,3218.284344,2
7,bimodal,Task B ,2,1,1,-4.210574218,3,2,204.6419296,4,2683.891275,3
7,bimodal,Task B ,1,1,1,-3.875874021,3,1,230.9807178,5,2662.573422,3
7,bimodal,Task B ,1,1,0,15.61318764,1,2,235.6213165,6,2819.718624,1
8,bimodal,Task B ,1,4,0,-6.476128655,4,2,1.373806501,1,3008.561452,4
8,bimodal,Task B ,1,4,1,-4.330385566,1,1,225.7106811,2,2765.433654,1
8,bimodal,Task B ,2,4,1,-18.64094017,2,2,151.2812343,3,2583.824864,2
8,bimodal,Task B ,2,4,1,-6.750684039,1,2,173.677385,4,3385.846274,1
8,bimodal,Task B ,2,4,1,14.3907393,1,2,256.5762647,5,1765.581479,1
8,bimodal,Task B ,2,4,1,20.87527766,3,2,42.65458222,6,2557.316351,3
9,bimodal,Task B ,2,1,1,8.392748088,1,2,231.9156653,1,3542.840046,1
9,bimodal,Task B ,1,2,1,0.889697638,1,1,135.1177858,2,2583.315158,1
9,bimodal,Task B ,1,1,1,1.291507874,3,1,262.1485277,3,2615.46031,3
9,bimodal,Task B ,2,2,1,20.16324041,3,2,166.9948749,4,1673.817026,3
9,bimodal,Task B ,1,2,1,2.393396738,2,1,183.0440842,5,2889.750444,2
9,bimodal,Task B ,1,2,1,-2.536805741,2,1,24.38113187,6,2697.253498,2
10,bimodal,Task B ,2,1,1,28.0160556,3,2,183.0990594,1,2823.282271,3
10,bimodal,Task B ,1,2,1,-3.749535255,2,1,35.12486473,2,2741.610157,2
10,bimodal,Task B ,1,1,1,0.457381559,3,1,166.7862567,3,2739.315689,3
10,bimodal,Task B ,1,2,1,-3.887708751,4,1,39.28490776,4,2720.714075,4
10,bimodal,Task B ,2,2,1,29.41854775,3,2,218.8356969,5,3260.792629,3
10,bimodal,Task B ,1,2,1,-1.412715824,2,1,320.4326267,6,2503.826029,2
1,bimodal,Task B ,2,4,1,-16.22369655,2,2,349.20766,1,2421.693273,2
1,bimodal,Task B ,1,2,0,-4.556406115,1,2,301.1338366,2,3216.020891,1
1,bimodal,Task B ,1,3,1,1.273736332,1,1,6.309544086,3,2649.654012,1
1,bimodal,Task B ,1,3,0,12.98390107,3,2,16.13094947,4,2935.696764,3
1,bimodal,Task B ,2,1,1,8.065046039,4,2,178.4929966,5,3171.441355,4
1,bimodal,Task B ,1,3,1,2.836572289,4,1,48.67186689,6,2860.449311,4
2,bimodal,Task B ,1,2,1,-0.230695536,2,1,64.28227438,1,2651.116711,2
2,bimodal,Task B ,1,2,0,2.608164563,2,2,231.825336,2,2872.352314,2
2,bimodal,Task B ,1,3,1,-1.271796685,4,1,236.6476043,3,2712.465151,4
2,bimodal,Task B ,1,2,0,3.717382406,2,2,341.0856384,4,2755.882047,2
2,bimodal,Task B ,2,3,0,-2.94404119,2,1,169.7288416,5,2937.359091,2
2,bimodal,Task B ,1,3,0,7.311211796,1,2,206.7580053,6,2930.997251,1
3,bimodal,Task B ,2,3,1,17.13881123,1,2,81.90635392,1,2532.676275,1
3,bimodal,Task B ,1,2,1,1.231654329,4,1,195.344928,2,2909.588958,4
3,bimodal,Task B ,1,3,1,6.34642874,4,1,266.3861908,3,2678.781575,4
3,bimodal,Task B ,2,3,1,-16.2594303,3,2,236.7832014,4,3013.20514,3
3,bimodal,Task B ,1,3,1,2.442578964,1,1,86.7084184,5,2944.64045,1
3,bimodal,Task B ,2,4,1,-15.41330694,4,2,245.0376439,6,3116.386982,4
4,bimodal,Task B ,2,4,1,10.48289492,4,2,108.1274579,1,3136.764625,4
4,bimodal,Task B ,1,3,1,0.915544023,2,1,257.4727802,2,2616.715997,2
4,bimodal,Task B ,2,2,1,-0.722884691,2,2,303.5419543,3,3211.112763,2
4,bimodal,Task B ,2,4,1,10.75477973,3,2,176.2059859,4,3214.997199,3
4,bimodal,Task B ,1,2,1,-3.620318718,1,1,284.8219643,5,2805.160597,1
4,bimodal,Task B ,1,1,0,8.055950849,1,2,334.7887779,6,3014.151758,1
5,bimodal,Task B ,2,4,1,-14.49215722,3,2,45.0262964,1,2624.937388,3
5,bimodal,Task B ,1,4,1,-0.126032377,1,1,57.45922733,2,2763.996065,1
5,bimodal,Task B ,1,2,1,5.065286731,1,1,315.879824,3,2512.671407,1
5,bimodal,Task B ,1,4,1,-3.454606237,1,1,247.5807373,4,2538.974281,1
5,bimodal,Task B ,1,2,1,-0.686235859,4,1,183.9295996,5,2634.314858,4
5,bimodal,Task B ,1,4,1,-2.164260757,2,1,298.5412494,6,2574.113753,2
6,bimodal,Task B ,1,2,0,-2.068095618,3,2,200.8382639,1,2862.131252,3
6,bimodal,Task B ,1,1,0,-7.116808122,1,2,52.86299268,2,3613.638581,1
6,bimodal,Task B ,1,2,1,-2.63757306,2,1,293.111138,3,2881.540517,2
6,bimodal,Task B ,1,2,1,-3.381659896,1,1,123.3949881,4,2797.318085,1
6,bimodal,Task B ,1,2,1,-0.282648799,3,1,293.4573811,5,2623.084958,3
6,bimodal,Task B ,2,2,0,-1.294563168,4,1,312.0533887,6,2634.416193,4
7,bimodal,Task B ,2,4,1,-5.990416721,4,2,254.8228356,1,2086.418218,4
7,bimodal,Task B ,1,4,1,1.423505653,2,1,118.2216011,2,2685.189153,2
7,bimodal,Task B ,1,1,0,20.66563413,2,2,99.2837081,3,2629.081276,2
7,bimodal,Task B ,2,4,1,-5.102658441,4,2,311.5370021,4,3081.756593,4
7,bimodal,Task B ,1,4,0,7.726384938,1,2,238.4959655,5,3317.554378,1
7,bimodal,Task B ,1,1,0,26.37261029,2,2,190.3894177,6,3272.582046,2
8,bimodal,Task B ,2,4,1,20.96601606,2,2,269.2778903,1,2251.758386,2
8,bimodal,Task B ,1,4,0,1.044151204,4,2,257.9791372,2,2691.78906,4
8,bimodal,Task B ,1,4,1,-4.541359671,4,1,143.2133979,3,2713.917853,4
8,bimodal,Task B ,1,4,1,2.559968232,4,1,320.1971794,4,2783.529876,4
8,bimodal,Task B ,1,4,1,-1.237632029,2,1,290.254824,5,2658.609698,2
8,bimodal,Task B ,2,4,1,-7.257172067,2,2,220.2515938,6,2595.560463,2
9,bimodal,Task B ,1,1,0,-2.900923862,2,2,119.4846699,1,2365.764651,2
9,bimodal,Task B ,2,1,1,-10.73338256,2,2,223.0689839,2,2127.914293,2
9,bimodal,Task B ,1,1,1,1.499948188,1,1,64.97732376,3,2616.540062,1
9,bimodal,Task B ,1,3,0,-2.636891848,3,2,96.82755516,4,2888.650214,3
9,bimodal,Task B ,1,3,0,23.79483867,4,2,18.5934078,5,3126.378155,4
9,bimodal,Task B ,1,1,1,1.542932561,4,1,175.9520602,6,2687.255382,4
10,bimodal,Task B ,1,1,1,3.063837595,2,1,79.10657766,1,2724.632953,2
10,bimodal,Task B ,1,1,0,3.236532154,2,2,160.1999214,2,2554.300243,2
10,bimodal,Task B ,1,1,0,-16.86681765,1,2,79.85645291,3,2577.596283,1
10,bimodal,Task B ,2,3,1,-18.82540868,4,2,205.9581505,4,2112.677816,4
10,bimodal,Task B ,2,3,1,15.01929591,4,2,348.5963635,5,3547.257257,4
10,bimodal,Task B ,1,1,0,4.179394268,1,2,282.7675981,6,2296.999746,1
1,bimodal,Task B ,2,3,1,13.00239423,3,2,223.1729003,1,2598.230674,3
1,bimodal,Task B ,2,4,1,23.29955613,4,2,4.928149271,2,2815.057692,4
1,bimodal,Task B ,1,4,1,-0.775523083,4,1,268.7245617,3,2549.180886,4
1,bimodal,Task B ,2,1,1,29.07551005,3,2,346.9096013,4,3056.633339,3
1,bimodal,Task B ,2,1,1,3.653360998,1,2,215.0898454,5,2354.150914,1
1,bimodal,Task B ,2,1,1,-3.246666837,1,2,101.6120293,6,3285.666928,1
2,bimodal,Task B ,1,2,1,1.087114784,3,1,24.53255777,1,2639.209982,3
2,bimodal,Task B ,1,3,1,-0.047205426,2,1,20.13019204,2,2531.330317,2
2,bimodal,Task B ,1,2,1,6.402026078,1,1,318.3516028,3,2629.626062,1
2,bimodal,Task B ,2,1,1,-0.354122501,3,2,297.2367333,4,3020.785646,3
2,bimodal,Task B ,1,1,1,-1.233197576,2,1,21.69248299,5,2781.311394,2
2,bimodal,Task B ,1,3,1,-3.490039184,4,1,356.2159269,6,2499.444556,4
3,bimodal,Task B ,2,4,1,0.838503435,3,2,251.8123287,1,2037.792816,3
3,bimodal,Task B ,2,4,1,17.50948274,4,2,182.3960213,2,2903.928555,4
3,bimodal,Task B ,1,3,1,1.100944009,3,1,131.1476364,3,3018.067611,3
3,bimodal,Task B ,1,3,1,0.35381133,4,1,75.75031931,4,2773.041427,4
3,bimodal,Task B ,1,3,1,-5.886372952,1,1,194.3041493,5,2863.842478,1
3,bimodal,Task B ,1,4,1,-1.64913559,3,1,338.5187005,6,2638.789174,3
4,bimodal,Task B ,1,3,1,-0.165047905,4,1,233.2907009,1,2437.02188,4
4,bimodal,Task B ,2,4,1,-0.37474908,4,2,291.7219809,2,3358.114335,4
4,bimodal,Task B ,1,1,1,-1.27038896,3,1,125.9826697,3,2836.125895,3
4,bimodal,Task B ,1,3,1,-1.217010168,4,1,221.332227,4,2556.78992,4
4,bimodal,Task B ,1,1,0,-0.908771112,4,2,358.4918932,5,2418.423903,4
4,bimodal,Task B ,1,2,1,2.12685912,1,1,130.5066397,6,2678.441421,1
5,bimodal,Task B ,1,3,0,-0.623157783,3,2,152.8728983,1,2006.867072,3
5,bimodal,Task B ,2,4,1,-1.452579513,4,2,72.43286602,2,1785.351893,4
5,bimodal,Task B ,1,2,0,12.13162043,1,2,233.4049941,3,2504.599188,1
5,bimodal,Task B ,2,4,1,-22.92105737,4,2,49.22370107,4,3192.058279,4
5,bimodal,Task B ,1,4,1,-1.282935694,2,1,94.19565833,5,2662.971551,2
5,bimodal,Task B ,2,4,1,-10.53935755,2,2,354.1153309,6,2938.132143,2
6,bimodal,Task B ,2,2,1,3.007387458,2,2,356.2782285,1,2738.60358,2
6,bimodal,Task B ,1,2,0,8.302943954,2,2,332.5659981,2,2517.843823,2
6,bimodal,Task B ,2,2,0,1.897295804,2,1,132.4906686,3,2749.933496,2
6,bimodal,Task B ,1,2,1,0.271583137,2,1,10.03547831,4,2914.23626,2
6,bimodal,Task B ,1,2,1,2.203063372,4,1,62.697212,5,2903.887589,4
6,bimodal,Task B ,1,2,0,7.479527273,1,2,136.9135561,6,2347.657627,1
7,bimodal,Task B ,1,4,0,-16.579451,3,2,83.50587581,1,2613.074365,3
7,bimodal,Task B ,1,4,1,0.326091343,2,1,9.434459714,2,2863.340762,2
7,bimodal,Task B ,1,1,1,0.913606058,1,1,145.8503348,3,2603.504182,1
7,bimodal,Task B ,1,1,0,-0.799559597,3,2,1.28384921,4,3138.97689,3
7,bimodal,Task B ,1,1,0,-15.6361335,4,2,309.9238677,5,2945.686804,4
7,bimodal,Task B ,2,4,1,-10.66703724,4,2,322.7917049,6,2732.749282,4
8,bimodal,Task B ,1,4,1,1.644456034,1,1,280.1011326,1,2823.81039,1
8,bimodal,Task B ,1,4,1,-5.274211428,3,1,294.2226743,2,2668.352548,3
8,bimodal,Task B ,2,4,0,-1.410336645,1,1,251.1137128,3,2835.185597,1
8,bimodal,Task B ,1,4,1,1.518121679,1,1,75.57544901,4,2611.748189,1
8,bimodal,Task B ,2,4,1,15.05133103,1,2,149.53926,5,2815.242382,1
8,bimodal,Task B ,1,4,0,-5.0669244,1,2,72.01663847,6,2550.505603,1
9,bimodal,Task B ,2,1,1,1.170447083,3,2,49.98347441,1,2997.851191,3
9,bimodal,Task B ,1,1,1,0.248472095,2,1,233.3275283,2,2729.46626,2
9,bimodal,Task B ,2,3,1,-8.934602726,4,2,172.8192377,3,2564.807382,4
9,bimodal,Task B ,2,3,0,-3.710818833,2,1,212.802523,4,2509.022274,2
9,bimodal,Task B ,1,3,0,2.567955172,1,2,354.8824455,5,2110.562693,1
9,bimodal,Task B ,1,2,1,-1.676600029,4,1,337.357517,6,2744.524183,4
10,bimodal,Task B ,1,1,1,0.153370481,1,1,262.1101637,1,2881.659772,1
10,bimodal,Task B ,1,2,0,10.87370314,1,2,352.7464254,2,2493.786953,1
10,bimodal,Task B ,1,2,0,12.19304111,3,2,190.7554405,3,2862.242612,3
10,bimodal,Task B ,1,2,1,-1.470378489,3,1,317.4480414,4,2627.136107,3
10,bimodal,Task B ,2,2,1,-25.464161,4,2,247.8579687,5,2314.430336,4
10,bimodal,Task B ,1,1,1,-0.721813737,1,1,43.1225659,6,2670.393833,1
1,bimodal,Task B ,1,3,1,-2.939802519,1,1,197.5261221,1,2491.152359,1
1,bimodal,Task B ,2,1,0,-5.482978949,2,1,240.3306084,2,2585.618352,2
1,bimodal,Task B ,1,2,0,-5.903295051,2,2,241.9577294,3,3042.998881,2
1,bimodal,Task B ,2,3,1,2.612075551,2,2,242.1691887,4,2208.651267,2
1,bimodal,Task B ,1,3,1,2.592261857,3,1,54.70818096,5,2541.902218,3
1,bimodal,Task B ,1,3,1,-2.566673219,3,1,330.6310723,6,2841.49345,3
2,bimodal,Task B ,1,3,0,1.315083649,1,2,165.5017356,1,3040.454073,1
2,bimodal,Task B ,1,2,0,5.200106239,4,2,155.7433677,2,2637.00393,4
2,bimodal,Task B ,1,2,1,-0.181168615,2,1,88.83295554,3,2558.470222,2
2,bimodal,Task B ,1,2,1,-3.564409771,3,1,150.3317999,4,2571.71863,3
2,bimodal,Task B ,1,2,1,-0.833329528,3,1,63.72626276,5,2846.682298,3
2,bimodal,Task B ,1,2,1,-1.325957391,1,1,343.70629,6,2630.512554,1
3,bimodal,Task B ,2,2,0,-3.34376717,4,1,190.8506656,1,2523.844776,4
3,bimodal,Task B ,1,2,1,-0.290433954,2,1,138.2230122,2,2525.819675,2
3,bimodal,Task B ,2,2,1,12.55421643,2,2,221.156892,3,3394.638013,2
3,bimodal,Task B ,1,3,0,-3.474398071,1,2,145.2602894,4,2758.109818,1
3,bimodal,Task B ,2,2,0,-1.627404369,3,1,215.4380348,5,2878.167658,3
3,bimodal,Task B ,2,1,0,1.744663737,3,1,128.9861799,6,2527.633977,3
4,bimodal,Task B ,2,1,0,0.58121043,3,1,186.2033599,1,2570.990868,3
4,bimodal,Task B ,2,3,0,-4.227239223,3,1,247.4730986,2,2645.383607,3
4,bimodal,Task B ,1,2,1,1.276496794,3,1,348.833647,3,2677.564861,3
4,bimodal,Task B ,1,2,1,4.064649207,3,1,189.3925707,4,2523.850147,3
4,bimodal,Task B ,1,2,1,-2.837701186,2,1,343.077806,5,2789.268726,2
4,bimodal,Task B ,1,1,1,-1.510502714,1,1,322.278309,6,2876.105483,1
5,bimodal,Task B ,1,4,0,-1.508340345,1,2,289.4358829,1,3417.800202,1
5,bimodal,Task B ,1,2,0,-12.2193011,1,2,186.0802543,2,2285.25009,1
5,bimodal,Task B ,1,1,1,4.992930805,1,1,155.2410062,3,2708.15542,1
5,bimodal,Task B ,2,4,1,-0.296779072,3,2,81.07538906,4,3299.932911,3
5,bimodal,Task B ,1,4,1,2.96251772,3,1,10.04235839,5,2708.092464,3
5,bimodal,Task B ,1,3,1,1.9956913,1,1,68.58124914,6,2740.672981,1
6,bimodal,Task B ,1,2,1,-1.932070103,2,1,139.7631261,1,2485.275356,2
6,bimodal,Task B ,1,2,1,3.012395613,3,1,264.393413,2,2687.380994,3
6,bimodal,Task B ,2,2,0,4.361814922,4,1,346.7325034,3,2727.783,4
6,bimodal,Task B ,1,2,1,-4.877405726,4,1,104.6874547,4,2780.554815,4
6,bimodal,Task B ,1,2,1,3.391072188,1,1,2.95482377,5,2662.751755,1
6,bimodal,Task B ,1,2,1,-1.941756904,1,1,221.26503,6,2695.882105,1
7,bimodal,Task B ,1,3,1,-2.335321537,3,1,86.47824789,1,2752.60624,3
7,bimodal,Task B ,1,3,1,-2.94889477,4,1,58.34892909,2,2771.301605,4
7,bimodal,Task B ,1,4,1,5.077097907,3,1,177.2760695,3,2606.113133,3
7,bimodal,Task B ,1,4,0,0.522758844,4,2,141.1841992,4,2545.697999,4
7,bimodal,Task B ,1,1,0,-1.746655878,1,2,207.465693,5,2926.064302,1
7,bimodal,Task B ,1,1,1,1.09006743,2,1,190.5594088,6,2572.272621,2
8,bimodal,Task B ,2,4,1,15.84083432,3,2,249.9427634,1,2411.154735,3
8,bimodal,Task B ,1,4,1,-2.973544269,1,1,10.70209512,2,2740.946063,1
8,bimodal,Task B ,1,4,1,-8.633522965,2,1,67.12756331,3,2874.94359,2
8,bimodal,Task B ,2,4,1,-9.318828468,4,2,330.0591341,4,2692.403444,4
8,bimodal,Task B ,2,4,0,2.446409817,2,1,237.1225621,5,2766.851303,2
8,bimodal,Task B ,1,4,0,0.668331727,3,2,321.218823,6,2501.260359,3
9,bimodal,Task B ,1,1,0,-0.58343742,2,2,91.08519846,1,3266.714342,2
9,bimodal,Task B ,2,1,1,11.48565934,1,2,161.8913185,2,2495.092462,1
9,bimodal,Task B ,2,1,0,0.76867231,4,1,254.5567159,3,2636.668717,4
9,bimodal,Task B ,1,3,1,4.086207265,2,1,247.0449515,4,2975.257658,2
9,bimodal,Task B ,2,2,0,-0.63128279,2,1,205.6863547,5,2912.453594,2
9,bimodal,Task B ,2,1,0,0.611641838,3,1,203.1404924,6,2859.953889,3
10,bimodal,Task B ,2,2,1,7.195475213,4,2,121.5454872,1,2474.338189,4
10,bimodal,Task B ,1,2,0,11.76690591,3,2,222.5215279,2,2370.399425,3
10,bimodal,Task B ,2,2,1,16.00728165,3,2,110.2628724,3,2556.766582,3
10,bimodal,Task B ,2,3,1,16.80204772,4,2,313.07029,4,3397.246097,4
10,bimodal,Task B ,1,2,0,-10.66209454,3,2,67.49340932,5,2583.745238,3
10,bimodal,Task B ,1,2,1,-0.357293119,3,1,157.459594,6,2730.311197,3
1,bimodal,Task B ,1,2,1,-3.060804449,3,1,302.3018366,1,2700.994537,3
1,bimodal,Task B ,1,2,0,3.383242858,3,2,122.7599403,2,2923.363913,3
1,bimodal,Task B ,1,3,1,-1.637724143,2,1,236.6632392,3,2555.486122,2
1,bimodal,Task B ,2,4,1,29.51627978,4,2,276.1040607,4,2624.271651,4
1,bimodal,Task B ,1,2,1,1.855330087,2,1,195.4905343,5,2561.434147,2
1,bimodal,Task B ,2,1,0,2.600745516,1,1,225.2077424,6,2622.551077,1
2,bimodal,Task B ,2,3,1,15.89268796,3,2,230.6011279,1,1368.663409,3
2,bimodal,Task B ,1,3,1,-2.394916626,4,1,147.5686168,2,2869.567309,4
2,bimodal,Task B ,1,3,1,1.281231886,2,1,352.4979283,3,2738.415076,2
2,bimodal,Task B ,1,2,1,-3.341879643,4,1,209.5162703,4,2675.25242,4
2,bimodal,Task B ,1,2,1,-0.992418431,4,1,242.3076538,5,2733.597005,4
2,bimodal,Task B ,1,3,1,0.994512828,2,1,249.3347934,6,2623.730182,2
3,bimodal,Task B ,2,4,1,-25.7075843,4,2,248.2065839,1,3061.976722,4
3,bimodal,Task B ,2,4,1,-19.69781144,2,2,33.12429161,2,2471.319153,2
3,bimodal,Task B ,1,3,1,-1.975798674,1,1,95.14620748,3,2509.79938,1
3,bimodal,Task B ,2,3,1,16.54099194,4,2,68.97754439,4,2874.757077,4
3,bimodal,Task B ,1,3,1,0.665926036,3,1,181.1348743,5,2877.196723,3
3,bimodal,Task B ,2,2,1,-16.61998432,3,2,113.2055253,6,2129.567337,3
4,bimodal,Task B ,2,2,1,-5.353665869,3,2,203.3947607,1,2321.461161,3
4,bimodal,Task B ,1,2,1,-3.620126418,1,1,88.31357587,2,2819.230149,1
4,bimodal,Task B ,1,1,1,6.656434912,2,1,229.0612225,3,2795.519797,2
4,bimodal,Task B ,1,3,0,4.143651997,4,2,87.15522908,4,2577.590108,4
4,bimodal,Task B ,1,2,0,-10.34837487,1,2,104.5315022,5,1903.011161,1
4,bimodal,Task B ,1,2,0,-8.999912318,3,2,64.76993662,6,2411.938899,3
5,bimodal,Task B ,2,2,1,7.567659686,1,2,3.829690609,1,2772.082138,1
5,bimodal,Task B ,2,2,0,-3.357240756,3,1,111.6722413,2,2769.580912,3
5,bimodal,Task B ,1,3,1,-2.930447918,3,1,114.8198748,3,2486.988995,3
5,bimodal,Task B ,2,4,1,-22.49354157,1,2,239.3727536,4,2151.083638,1
5,bimodal,Task B ,1,4,0,-1.292929089,1,2,238.5923707,5,2466.724392,1
5,bimodal,Task B ,1,4,1,3.05043736,2,1,147.5454373,6,2761.763657,2
6,bimodal,Task B ,1,2,1,0.786663878,1,1,322.4574931,1,2688.050449,1
6,bimodal,Task B ,1,2,1,-1.441263409,1,1,286.1984632,2,2647.01163,1
6,bimodal,Task B ,1,2,0,-8.482661898,2,2,311.2739513,3,3016.8252,2
6,bimodal,Task B ,2,2,1,7.353721783,1,2,175.7739177,4,2983.945951,1
6,bimodal,Task B ,1,2,1,2.484537379,2,1,240.3097517,5,2760.642797,2
6,bimodal,Task B ,1,2,1,1.317168097,1,1,74.27270798,6,2831.460325,1
7,bimodal,Task B ,1,4,1,6.858269674,3,1,119.6833431,1,2695.700692,3
7,bimodal,Task B ,1,4,0,14.69774394,2,2,143.1032593,2,2988.733567,2
7,bimodal,Task B ,1,1,0,14.2505193,1,2,202.1003989,3,3144.985931,1
7,bimodal,Task B ,2,1,0,-2.577568296,3,1,42.85145456,4,2645.584849,3
7,bimodal,Task B ,2,1,0,-8.425238914,4,1,1.572760826,5,2946.126062,4
7,bimodal,Task B ,1,1,0,8.470059143,2,2,119.7317193,6,3416.641773,2
8,bimodal,Task B ,1,4,1,-0.622303215,4,1,64.00616722,1,2687.441984,4
8,bimodal,Task B ,1,4,1,-2.198003418,2,1,200.0017299,2,2609.664518,2
8,bimodal,Task B ,1,4,1,0.572456727,2,1,89.0620253,3,2814.804609,2
8,bimodal,Task B ,2,4,0,-1.268161953,1,1,150.6244667,4,2542.268452,1
8,bimodal,Task B ,2,1,1,8.158196086,1,2,345.6405355,5,2846.414838,1
8,bimodal,Task B ,2,4,1,11.86286894,2,2,328.4943701,6,1594.72503,2
9,bimodal,Task B ,1,4,0,8.677441849,4,2,53.68113731,1,2670.4975,4
9,bimodal,Task B ,1,1,0,18.57706123,3,2,168.246522,2,2284.725378,3
9,bimodal,Task B ,1,1,0,15.53464325,4,2,192.914484,3,2267.076546,4
9,bimodal,Task B ,1,1,0,6.168080162,4,2,329.608241,4,2689.494762,4
9,bimodal,Task B ,1,4,1,1.940974049,3,1,335.7952927,5,2688.969419,3
9,bimodal,Task B ,1,2,1,2.554268252,3,1,109.4664,6,2597.941951,3
10,bimodal,Task B ,2,2,0,-2.106576537,4,1,59.50488701,1,2556.91,4
10,bimodal,Task B ,2,2,1,-13.98842977,3,2,48.18155215,2,2774.366789,3
10,bimodal,Task B ,1,1,1,-6.257147525,4,1,94.79569339,3,2744.242152,4
10,bimodal,Task B ,2,2,0,8.061681354,4,1,300.4200479,4,2893.472759,4
10,bimodal,Task B ,1,2,1,-0.026134605,4,1,287.0682729,5,2646.582325,4
10,bimodal,Task B ,2,2,1,11.2738037,4,2,125.7339546,6,3115.373161,4
1,bimodal,Task B ,1,3,1,-1.985962442,4,1,188.9635356,1,2760.841329,4
1,bimodal,Task B ,1,2,1,2.661563592,4,1,172.4495211,2,2881.085138,4
1,bimodal,Task B ,2,2,1,5.692363696,2,2,39.77499789,3,3242.82631,2
1,bimodal,Task B ,1,2,1,-3.882901197,2,1,178.0867758,4,2805.306984,2
1,bimodal,Task B ,2,1,0,0.961839776,1,1,192.7068429,5,2751.796928,1
1,bimodal,Task B ,1,3,0,4.525158981,4,2,163.031502,6,3014.792838,4
2,bimodal,Task B ,1,3,0,-4.882057492,3,2,254.697934,1,2654.280332,3
2,bimodal,Task B ,2,3,0,1.793381297,1,1,4.97996423,2,2575.55998,1
2,bimodal,Task B ,1,2,1,-0.679726074,3,1,305.7674853,3,2854.986573,3
2,bimodal,Task B ,1,2,1,2.001087202,1,1,300.137323,4,2646.368078,1
2,bimodal,Task B ,2,3,0,3.480521844,2,1,353.8823783,5,2937.174793,2
2,bimodal,Task B ,2,4,1,20.75524777,2,2,348.2884726,6,3246.354798,2
3,bimodal,Task B ,1,3,1,-2.793241722,3,1,217.4458015,1,2848.432471,3
3,bimodal,Task B ,2,2,0,4.884846418,4,1,202.6873078,2,2651.947279,4
3,bimodal,Task B ,1,2,0,-2.335773596,4,2,196.1300452,3,3050.127211,4
3,bimodal,Task B ,2,2,1,2.463709503,4,2,258.4693832,4,2243.620189,4
3,bimodal,Task B ,1,2,1,-1.960631131,2,1,118.6350493,5,2648.703663,2
3,bimodal,Task B ,1,3,1,0.044248397,3,1,239.2036495,6,2795.208759,3
4,bimodal,Task B ,1,3,0,-4.409242483,4,2,130.5213427,1,2837.745356,4
4,bimodal,Task B ,1,1,0,-0.602983286,1,2,86.24011156,2,1525.956326,1
4,bimodal,Task B ,2,3,1,-10.6620795,4,2,204.1680423,3,2288.40554,4
4,bimodal,Task B ,1,3,0,18.90383856,3,2,334.7047268,4,2645.503767,3
4,bimodal,Task B ,1,1,1,5.558702297,4,1,359.7711293,5,2443.754214,4
4,bimodal,Task B ,2,4,1,14.13993367,4,2,174.7312431,6,2124.111455,4
5,bimodal,Task B ,1,4,0,-0.620533697,2,2,273.0679995,1,2976.237748,2
5,bimodal,Task B ,2,4,1,-14.53155249,4,2,78.16394442,2,3141.609183,4
5,bimodal,Task B ,1,2,0,8.082040339,2,2,13.54821465,3,3012.383013,2
5,bimodal,Task B ,1,4,1,-4.943075018,2,1,289.0806861,4,2683.650699,2
5,bimodal,Task B ,2,4,1,13.64716509,4,2,135.7787984,5,2985.591951,4
5,bimodal,Task B ,1,4,0,1.865616705,3,2,2.926403326,6,1350.827973,3
6,bimodal,Task B ,2,2,0,0.112687917,2,1,156.9757292,1,2726.237437,2
6,bimodal,Task B ,2,2,0,-1.18260931,3,1,344.3048604,2,2703.361631,3
6,bimodal,Task B ,1,2,1,0.632422099,1,1,170.2471432,3,2926.707995,1
6,bimodal,Task B ,2,2,1,17.12840414,1,2,133.7535806,4,2941.265684,1
6,bimodal,Task B ,2,2,0,3.261240021,1,1,8.73353657,5,2726.882538,1
6,bimodal,Task B ,2,2,0,0.244015027,3,1,305.2206088,6,2578.519768,3
7,bimodal,Task B ,1,1,0,11.91219326,1,2,345.3490288,1,2001.471738,1
7,bimodal,Task B ,1,4,0,3.082200463,2,2,3.492271446,2,2724.177582,2
7,bimodal,Task B ,1,1,1,1.855138669,1,1,109.6494409,3,2714.137032,1
7,bimodal,Task B ,1,1,0,7.755046814,3,2,38.306104,4,2716.937901,3
7,bimodal,Task B ,1,1,0,14.99281606,1,2,322.1510388,5,3526.57319,1
7,bimodal,Task B ,1,4,1,0.073229113,4,1,225.4743097,6,2830.524425,4
8,bimodal,Task B ,1,4,1,-3.461363493,3,1,121.894467,1,2496.696261,3
8,bimodal,Task B ,1,4,1,3.466207918,3,1,48.06636995,2,2791.88384,3
8,bimodal,Task B ,2,4,0,0.160501494,2,1,246.3955021,3,2445.267848,2
8,bimodal,Task B ,1,4,1,-0.048859466,4,1,203.3909448,4,2872.375281,4
8,bimodal,Task B ,2,4,1,-12.59959187,1,2,324.855158,5,2901.345014,1
8,bimodal,Task B ,1,4,0,-5.854992412,1,2,228.8102142,6,2644.824531,1
9,bimodal,Task B ,1,1,0,-12.747013,2,2,162.0271765,1,2106.504782,2
9,bimodal,Task B ,2,2,0,2.286507617,3,1,50.86912572,2,2627.153516,3
9,bimodal,Task B ,1,1,0,-3.729614135,2,2,187.9367965,3,2874.822603,2
9,bimodal,Task B ,2,1,1,0.138247176,2,2,177.4711499,4,1961.636879,2
9,bimodal,Task B ,1,3,0,-2.31249237,4,2,228.6089493,5,2085.758086,4
9,bimodal,Task B ,2,1,1,-6.911805608,1,2,99.43544129,6,2499.384802,1
10,bimodal,Task B ,1,1,0,2.578239129,1,2,215.7497129,1,2459.932569,1
10,bimodal,Task B ,1,1,0,-1.671547113,4,2,214.3918296,2,1277.343794,4
10,bimodal,Task B ,1,2,1,-0.407312997,2,1,187.510633,3,2904.224285,2
10,bimodal,Task B ,1,2,1,3.241794455,4,1,232.8729258,4,2839.591662,4
10,bimodal,Task B ,1,2,1,-3.957377344,4,1,95.86269009,5,2812.36532,4
10,bimodal,Task B ,1,1,0,-3.521171462,3,2,149.3061579,6,2779.56729,3
1,bimodal,Task B ,1,3,1,-0.079561477,3,1,67.1499377,1,2699.546624,3
1,bimodal,Task B ,2,4,1,-23.35757166,3,2,53.89546407,2,1568.119833,3
1,bimodal,Task B ,1,2,1,-5.931997875,1,1,290.9913157,3,3122.534302,1
1,bimodal,Task B ,2,3,1,-15.65615222,4,2,175.5155194,4,2629.156958,4
1,bimodal,Task B ,2,3,1,17.88972832,3,2,151.2634277,5,3307.837447,3
1,bimodal,Task B ,2,1,0,4.697224878,1,1,348.0921526,6,2656.423347,1
2,bimodal,Task B ,2,3,0,1.949882972,2,1,112.1260477,1,2819.302172,2
2,bimodal,Task B ,2,3,1,20.78883176,3,2,230.3140144,2,2285.641775,3
2,bimodal,Task B ,2,2,1,15.18143153,2,2,340.5374862,3,1935.092726,2
2,bimodal,Task B ,2,3,1,15.64022147,4,2,243.5168747,4,2171.486144,4
2,bimodal,Task B ,2,3,1,8.777911975,4,2,260.3802518,5,3133.646337,4
2,bimodal,Task B ,1,3,0,0.924797978,3,2,100.9953254,6,2718.194048,3
3,bimodal,Task B ,1,3,1,0.791765148,3,1,124.4723742,1,2748.590495,3
3,bimodal,Task B ,2,3,1,-11.49281885,3,2,48.87799623,2,3215.021756,3
3,bimodal,Task B ,1,3,1,1.496033683,2,1,207.8081524,3,2595.511931,2
3,bimodal,Task B ,2,3,1,1.69223283,1,2,354.1134684,4,2230.099492,1
3,bimodal,Task B ,2,1,1,17.66068723,1,2,11.14452049,5,2087.990077,1
3,bimodal,Task B ,2,1,1,9.006545766,1,2,235.2853753,6,2891.566806,1
4,bimodal,Task B ,2,2,1,-10.44888002,4,2,336.2218914,1,2667.365935,4
4,bimodal,Task B ,2,3,1,10.99336251,3,2,237.3323812,2,2619.006492,3
4,bimodal,Task B ,2,3,1,-7.078032863,3,2,255.4610429,3,2467.562174,3
4,bimodal,Task B ,1,3,1,-5.701154335,2,1,35.20921251,4,2857.627937,2
4,bimodal,Task B ,1,2,1,-0.861183818,3,1,322.9569976,5,2752.719652,3
4,bimodal,Task B ,1,3,0,-8.059281434,4,2,309.0096917,6,3192.723227,4
5,bimodal,Task B ,1,4,1,-1.602551702,4,1,212.4990049,1,2487.18103,4
5,bimodal,Task B ,1,1,1,1.908108499,1,1,186.2615368,2,2564.258016,1
5,bimodal,Task B ,1,4,1,-0.392634079,4,1,180.8015314,3,2894.285448,4
5,bimodal,Task B ,2,1,1,-5.637452619,1,2,30.75689692,4,3303.245785,1
5,bimodal,Task B ,2,4,1,9.877036691,1,2,44.10454663,5,3011.113323,1
5,bimodal,Task B ,1,4,0,0.51618179,1,2,85.50014021,6,3418.811334,1
6,bimodal,Task B ,2,2,1,10.57498456,3,2,283.7495291,1,3202.959956,3
6,bimodal,Task B ,1,2,0,1.49602647,4,2,8.214425809,2,2912.794191,4
6,bimodal,Task B ,2,2,1,4.943119044,3,2,295.3504963,3,3288.217345,3
6,bimodal,Task B ,2,2,1,-5.661378193,4,2,203.5298317,4,2565.008084,4
6,bimodal,Task B ,1,1,1,-0.889086274,1,1,208.9434088,5,2961.991658,1
6,bimodal,Task B ,2,3,0,-3.183738915,3,1,219.3135715,6,2591.529299,3
7,bimodal,Task B ,1,2,1,-2.880905368,1,1,114.9087289,1,2621.610345,1
7,bimodal,Task B ,1,2,1,-0.204248339,2,1,218.6427288,2,2684.421393,2
7,bimodal,Task B ,1,1,1,-1.91826612,1,1,238.1233743,3,2587.108258,1
7,bimodal,Task B ,1,4,1,3.658124281,2,1,350.78277,4,2695.755569,2
7,bimodal,Task B ,1,4,1,-0.888220173,4,1,106.8735958,5,2733.906416,4
7,bimodal,Task B ,1,1,1,-2.36161776,1,1,321.7834255,6,2737.447899,1
8,bimodal,Task B ,2,4,1,-11.66395575,2,2,9.8537135,1,2559.642409,2
8,bimodal,Task B ,1,4,1,-1.469749123,3,1,171.9842664,2,2661.030502,3
8,bimodal,Task B ,1,4,0,4.039711888,2,2,323.2810795,3,2560.800951,2
8,bimodal,Task B ,1,4,1,1.701903683,1,1,194.3174636,4,2831.641873,1
8,bimodal,Task B ,2,4,0,-1.324136989,1,1,173.6783196,5,2714.968421,1
8,bimodal,Task B ,1,4,1,-4.547480478,4,1,305.0082415,6,2680.992024,4
9,bimodal,Task B ,1,1,0,0.258812046,4,2,121.4624649,1,2845.9885,4
9,bimodal,Task B ,1,3,1,-0.363628858,4,1,0.423336255,2,2534.175353,4
9,bimodal,Task B ,2,1,0,1.924466115,3,1,26.86020021,3,2803.942142,3
9,bimodal,Task B ,1,3,0,6.355349887,3,2,282.0526297,4,2899.647993,3
9,bimodal,Task B ,1,2,1,2.722807982,4,1,6.582284358,5,2750.908193,4
9,bimodal,Task B ,2,2,1,16.56862094,3,2,283.3317023,6,2740.688246,3
10,bimodal,Task B ,2,2,1,-4.076676155,4,2,125.502023,1,3334.578509,4
10,bimodal,Task B ,1,2,1,-3.678242812,4,1,129.9125569,2,2595.634405,4
10,bimodal,Task B ,1,1,0,-8.636492527,3,2,163.9490496,3,2867.196691,3
10,bimodal,Task B ,1,2,0,6.365172178,3,2,173.2779581,4,2522.37319,3
10,bimodal,Task B ,1,2,0,-1.484592409,3,2,38.41047524,5,2032.903855,3
10,bimodal,Task B ,1,1,0,-28.77825753,1,2,341.2646702,6,2504.086257,1
1,bimodal,Task B ,1,3,1,-0.567261102,4,1,257.4710613,1,2721.291561,4
1,bimodal,Task B ,1,3,1,4.428928088,1,1,6.801149321,2,2728.610057,1
1,bimodal,Task B ,2,1,1,8.01054098,2,2,115.4904073,3,2284.687779,2
1,bimodal,Task B ,1,3,1,-0.867080437,2,1,132.9134336,4,2741.680798,2
1,bimodal,Task B ,1,3,1,0.272002425,1,1,81.30711491,5,2824.826597,1
1,bimodal,Task B ,2,4,1,-0.548390658,2,2,339.8315805,6,1937.815191,2
2,bimodal,Task B ,2,4,1,18.55505542,1,2,286.1661823,1,2480.327928,1
2,bimodal,Task B ,1,2,1,2.401225675,3,1,281.9897567,2,2586.136956,3
2,bimodal,Task B ,1,3,0,-4.190388067,2,2,38.92174719,3,3028.275209,2
2,bimodal,Task B ,2,2,1,10.53483929,4,2,266.6828707,4,3096.784435,4
2,bimodal,Task B ,1,3,0,-2.872082907,2,2,300.4295035,5,3320.820509,2
2,bimodal,Task B ,1,3,1,-2.684832085,3,1,155.1718942,6,2660.089278,3
3,bimodal,Task B ,2,2,1,-10.57985377,1,2,219.1689942,1,2361.140479,1
3,bimodal,Task B ,2,2,1,-5.228593201,3,2,214.995371,2,2800.960246,3
3,bimodal,Task B ,2,2,1,-9.910941321,1,2,241.0352289,3,2701.310686,1
3,bimodal,Task B ,1,4,1,-0.20007292,4,1,143.9165526,4,2664.501467,4
3,bimodal,Task B ,1,3,1,-0.462643423,4,1,24.42920555,5,2577.493395,4
3,bimodal,Task B ,1,3,0,1.676136891,3,2,14.74033622,6,3007.085444,3
4,bimodal,Task B ,1,3,1,8.02963432,3,1,304.5421222,1,2598.066135,3
4,bimodal,Task B ,2,4,1,-23.3017252,3,2,300.9394756,2,2986.664828,3
4,bimodal,Task B ,1,1,0,-0.444094889,2,2,185.3991875,3,2802.855586,2
4,bimodal,Task B ,1,3,1,2.128084323,2,1,155.2991386,4,2500.889337,2
4,bimodal,Task B ,2,2,1,4.683145757,3,2,35.62277105,5,2659.931839,3
4,bimodal,Task B ,1,1,0,3.320064561,2,2,310.8558204,6,3254.525652,2
5,bimodal,Task B ,2,4,1,9.012526469,3,2,320.5763272,1,3330.997704,3
5,bimodal,Task B ,1,4,1,-3.013138582,2,1,69.01177177,2,2658.448773,2
5,bimodal,Task B ,1,3,1,-2.840121494,3,1,301.1101352,3,2703.204508,3
5,bimodal,Task B ,1,4,1,0.017215089,2,1,240.2043569,4,2819.760633,2
5,bimodal,Task B ,1,4,0,-4.362519151,2,2,85.61810367,5,2382.515817,2
5,bimodal,Task B ,2,4,1,-23.35742483,2,2,343.8196621,6,3810.498582,2
6,bimodal,Task B ,1,2,1,-4.182802864,1,1,28.98124969,1,2826.546682,1
6,bimodal,Task B ,1,2,0,-7.342824193,2,2,104.4719612,2,2677.398642,2
6,bimodal,Task B ,2,2,1,-2.437214421,1,2,318.9862221,3,3013.906178,1
6,bimodal,Task B ,1,1,1,-2.6925323,4,1,98.59598131,4,3100.397464,4
6,bimodal,Task B ,2,2,0,-0.559367386,2,1,90.01494483,5,2750.971682,2
6,bimodal,Task B ,1,1,0,3.462857744,4,2,272.7977529,6,3310.021919,4
7,bimodal,Task B ,1,4,0,4.062041988,2,2,128.7355917,1,2976.341594,2
7,bimodal,Task B ,1,4,1,1.421434235,1,1,182.1514266,2,2737.33055,1
7,bimodal,Task B ,1,4,0,8.378265545,4,2,155.4029899,3,3382.811399,4
7,bimodal,Task B ,1,1,1,-0.553158262,1,1,78.3428573,4,2784.705417,1
7,bimodal,Task B ,1,1,1,-4.474044683,1,1,209.9284212,5,2708.156435,1
7,bimodal,Task B ,1,4,1,2.09899325,1,1,241.1013252,6,2291.347459,1
8,bimodal,Task B ,1,4,1,-1.286209074,1,1,255.3459296,1,2818.505554,1
8,bimodal,Task B ,1,4,1,0.347888158,2,1,123.6662,2,2739.270793,2
8,bimodal,Task B ,2,1,1,17.15486866,1,2,9.705981335,3,3155.015747,1
8,bimodal,Task B ,1,4,0,-7.9749036,3,2,74.76166072,4,1912.096535,3
8,bimodal,Task B ,2,1,1,-4.392731856,1,2,174.6734611,5,2027.214497,1
8,bimodal,Task B ,1,4,1,0.115024603,2,1,323.5072506,6,2795.721355,2
9,bimodal,Task B ,1,2,1,-1.436107397,3,1,313.1574884,1,2705.025877,3
9,bimodal,Task B ,1,4,1,-1.466025473,4,1,348.7324367,2,2402.65891,4
9,bimodal,Task B ,1,3,1,-7.401920935,3,1,147.192942,3,2762.67683,3
9,bimodal,Task B ,1,2,1,-1.881430347,4,1,284.0648479,4,2725.282453,4
9,bimodal,Task B ,1,1,1,-1.836665938,3,1,213.3714317,5,2620.361743,3
9,bimodal,Task B ,2,2,1,-27.94669161,3,2,124.563072,6,2865.115645,3
10,bimodal,Task B ,1,1,1,0.84907009,2,1,126.5174615,1,2584.797255,2
10,bimodal,Task B ,2,2,1,19.55961032,3,2,341.0296776,2,2924.564321,3
10,bimodal,Task B ,1,2,0,-0.430687845,1,2,211.4444412,3,2513.020718,1
10,bimodal,Task B ,1,2,1,-3.262312363,4,1,173.8348276,4,2629.428727,4
10,bimodal,Task B ,1,1,0,-2.907307825,1,2,216.8396658,5,2208.427958,1
10,bimodal,Task B ,1,2,1,1.303362253,2,1,149.6575716,6,2602.220766,2
1,bimodal,Task B ,2,4,1,17.31641803,2,2,316.6930408,1,2480.378512,2
1,bimodal,Task B ,2,4,1,-25.32345399,3,2,200.1421546,2,2015.224845,3
1,bimodal,Task B ,2,2,1,11.42088348,4,2,294.5429055,3,2739.570914,4
1,bimodal,Task B ,2,3,1,-17.29778777,3,2,198.7921519,4,3542.409121,3
1,bimodal,Task B ,2,4,1,9.067937328,1,2,170.9512092,5,2073.33592,1
1,bimodal,Task B ,2,1,1,-0.199649163,1,2,149.9701189,6,2758.245935,1
2,bimodal,Task B ,1,2,0,1.340788044,2,2,168.7626554,1,2444.935958,2
2,bimodal,Task B ,1,2,1,1.370486466,1,1,64.10127615,2,2759.240863,1
2,bimodal,Task B ,2,2,0,-3.433817643,3,1,315.5918426,3,2772.556032,3
2,bimodal,Task B ,2,1,0,-1.830941437,2,1,76.32993077,4,2695.018502,2
2,bimodal,Task B ,1,3,1,2.785856213,1,1,285.856035,5,2802.957829,1
2,bimodal,Task B ,2,4,0,-1.258623952,4,1,185.4814281,6,2318.834587,4
3,bimodal,Task B ,2,4,1,-24.0873926,1,2,316.0654517,1,1927.35656,1
3,bimodal,Task B ,1,3,1,-0.123501231,3,1,262.567471,2,2723.8679,3
3,bimodal,Task B ,1,2,1,2.013693161,2,1,50.18437886,3,2586.301379,2
3,bimodal,Task B ,2,4,1,-9.866645464,3,2,228.4440161,4,2868.925716,3
3,bimodal,Task B ,1,3,1,0.757141726,1,1,169.3250739,5,2805.409628,1
3,bimodal,Task B ,1,3,1,-0.799882056,4,1,195.3141601,6,2513.517246,4
4,bimodal,Task B ,1,3,0,-5.710708824,3,2,206.5027523,1,2236.584475,3
4,bimodal,Task B ,1,2,0,-8.258570007,2,2,297.5221395,2,2361.00395,2
4,bimodal,Task B ,2,2,1,1.447271034,2,2,142.699523,3,3661.879813,2
4,bimodal,Task B ,1,1,0,-7.868215544,4,2,245.8710521,4,2972.574301,4
4,bimodal,Task B ,1,1,1,-2.133539197,1,1,213.4266735,5,2675.943035,1
4,bimodal,Task B ,2,2,1,-2.870589723,2,2,84.63611064,6,2765.549922,2
5,bimodal,Task B ,2,1,1,4.370075718,4,2,132.6589297,1,1916.350359,4
5,bimodal,Task B ,1,2,1,2.441036474,1,1,22.83832508,2,2720.876127,1
5,bimodal,Task B ,1,3,1,1.974429542,2,1,104.5977064,3,2733.049985,2
5,bimodal,Task B ,1,4,0,1.704379582,3,2,271.427441,4,2930.363659,3
5,bimodal,Task B ,1,4,1,0.108479104,4,1,129.3583596,5,2554.463544,4
5,bimodal,Task B ,1,4,1,2.265721674,3,1,121.3565996,6,2766.528848,3
6,bimodal,Task B ,1,1,0,5.736950198,3,2,259.9200032,1,2594.565473,3
6,bimodal,Task B ,1,2,0,11.08328141,4,2,207.1079337,2,3101.725231,4
6,bimodal,Task B ,2,1,0,2.260437103,4,1,269.6572648,3,2818.153279,4
6,bimodal,Task B ,2,2,0,-4.73288297,2,1,212.2104962,4,2438.918913,2
6,bimodal,Task B ,1,1,1,-1.578941146,1,1,346.805006,5,2770.09402,1
6,bimodal,Task B ,1,1,1,-2.640810225,1,1,203.1363584,6,2588.78713,1
7,bimodal,Task B ,1,1,1,2.249287954,1,1,136.0667977,1,2651.874146,1
7,bimodal,Task B ,2,4,1,-6.072089349,2,2,197.954755,2,2628.805601,2
7,bimodal,Task B ,2,1,1,9.780832511,4,2,161.904303,3,2785.183155,4
7,bimodal,Task B ,1,1,0,-1.018695185,4,2,345.9353367,4,2284.620726,4
7,bimodal,Task B ,2,4,1,-34.3625857,3,2,63.56162768,5,3471.00852,3
7,bimodal,Task B ,1,4,1,1.759778503,3,1,155.1593629,6,2809.909308,3
8,bimodal,Task B ,1,4,0,-1.352310071,4,2,106.6256634,1,3268.571742,4
8,bimodal,Task B ,1,4,0,-3.453619214,4,2,29.65729091,2,3389.197276,4
8,bimodal,Task B ,2,4,1,10.60489157,3,2,188.3868038,3,1157.377453,3
8,bimodal,Task B ,2,4,1,-1.854426507,1,2,292.2329119,4,2422.069963,1
8,bimodal,Task B ,2,4,0,5.990142187,2,1,338.7301128,5,2743.612779,2
8,bimodal,Task B ,2,4,1,7.658012223,4,2,23.62255976,6,2502.970501,4
9,bimodal,Task B ,1,2,1,-3.82782627,2,1,322.503483,1,2627.450692,2
9,bimodal,Task B ,1,1,1,2.91529792,1,1,76.04433428,2,2764.200352,1
9,bimodal,Task B ,1,2,0,9.804876076,3,2,131.5992589,3,2231.092883,3
9,bimodal,Task B ,1,2,1,5.352787691,4,1,309.1877191,4,2820.575125,4
9,bimodal,Task B ,1,3,1,1.750086474,2,1,46.08616048,5,2901.217226,2
9,bimodal,Task B ,2,2,1,0.008801971,2,2,88.37163162,6,2418.341049,2
10,bimodal,Task B ,1,1,0,-1.728103914,2,2,174.4318258,1,2478.422182,2
10,bimodal,Task B ,1,1,0,12.53105846,2,2,135.2142796,2,2669.409523,2
10,bimodal,Task B ,2,1,1,5.679141924,2,2,170.4615773,3,2675.107861,2
10,bimodal,Task B ,1,2,0,-4.125036537,1,2,238.309758,4,2195.187712,1
10,bimodal,Task B ,1,2,1,-3.951426993,4,1,198.6705834,5,2804.543433,4
10,bimodal,Task B ,1,1,1,-2.793905117,1,1,341.7344815,6,2645.042389,1
1,bimodal,Task B ,1,3,1,-2.628035869,3,1,185.9785177,1,2793.959316,3
1,bimodal,Task B ,2,2,1,8.057273943,4,2,324.2175837,2,2481.639923,4
1,bimodal,Task B ,2,2,1,7.650295905,4,2,63.63799688,3,3022.571868,4
1,bimodal,Task B ,1,3,0,4.204308543,3,2,246.5431568,4,3005.805463,3
1,bimodal,Task B ,2,4,1,7.373212058,4,2,339.5419781,5,2031.813596,4
1,bimodal,Task B ,2,1,1,-1.687748126,2,2,163.3451594,6,3010.065125,2
2,bimodal,Task B ,1,2,1,-1.619830549,1,1,58.68307363,1,2998.210871,1
2,bimodal,Task B ,1,1,0,6.497655151,1,2,245.5981654,2,3839.459472,1
2,bimodal,Task B ,2,3,0,-3.270626264,3,1,273.3839829,3,3000.554703,3
2,bimodal,Task B ,1,2,1,5.326720002,2,1,302.4105673,4,2722.57835,2
2,bimodal,Task B ,1,2,1,-2.629119686,2,1,52.00791178,5,2534.196973,2
2,bimodal,Task B ,1,2,1,3.853140781,2,1,199.1795405,6,2890.196245,2
3,bimodal,Task B ,1,3,0,13.1605795,2,2,1.8347862,1,2598.658361,2
3,bimodal,Task B ,2,1,1,-3.81647508,4,2,248.7776535,2,2659.723757,4
3,bimodal,Task B ,1,4,1,2.838507569,3,1,337.2480936,3,2762.824669,3
3,bimodal,Task B ,2,1,1,-2.005646651,3,2,197.0177679,4,2196.172033,3
3,bimodal,Task B ,1,2,1,1.426175219,3,1,200.8335864,5,2583.270356,3
3,bimodal,Task B ,2,1,1,8.08717175,4,2,101.238259,6,2406.001654,4
4,bimodal,Task B ,2,3,1,-19.76211371,2,2,167.1714349,1,2589.478957,2
4,bimodal,Task B ,2,4,1,-17.82866342,4,2,314.017545,2,2750.313298,4
4,bimodal,Task B ,1,4,1,-5.301491137,4,1,115.655025,3,2649.906885,4
4,bimodal,Task B ,1,2,0,5.244364953,2,2,198.5220093,4,2768.128983,2
4,bimodal,Task B ,1,2,1,0.031235117,3,1,73.86573358,5,2542.050787,3
4,bimodal,Task B ,1,3,1,-3.25525447,4,1,157.1954988,6,2675.998499,4
5,bimodal,Task B ,2,4,1,23.24502513,3,2,332.7870309,1,2727.70661,3
5,bimodal,Task B ,2,4,1,16.84419154,4,2,76.79227775,2,2133.969273,4
5,bimodal,Task B ,2,4,1,13.61311216,4,2,51.39783082,3,1626.829588,4
5,bimodal,Task B ,1,4,1,1.809261538,4,1,238.809118,4,2714.291236,4
5,bimodal,Task B ,2,2,0,-2.985831053,4,1,359.0420269,5,2764.306282,4
5,bimodal,Task B ,2,4,1,-19.75855844,4,2,122.5272024,6,2619.488631,4
6,bimodal,Task B ,1,2,1,0.761509422,2,1,297.2694238,1,2536.493789,2
6,bimodal,Task B ,1,2,0,3.523050976,1,2,36.56724454,2,2401.384346,1
6,bimodal,Task B ,1,2,1,4.223884473,2,1,338.6092651,3,2853.471187,2
6,bimodal,Task B ,2,2,1,7.955160785,4,2,27.05431978,4,2804.452646,4
6,bimodal,Task B ,1,2,1,-1.961857494,4,1,97.00974335,5,2822.591372,4
6,bimodal,Task B ,2,2,0,0.698246901,2,1,217.1061958,6,2570.99801,2
7,bimodal,Task B ,1,4,0,0.775135432,4,2,244.3233486,1,2522.064584,4
7,bimodal,Task B ,2,2,1,17.41278365,1,2,302.4810008,2,2837.749823,1
7,bimodal,Task B ,1,4,1,3.806088742,3,1,248.8672098,3,2871.12181,3
7,bimodal,Task B ,1,4,1,-0.905866349,2,1,220.1223789,4,2751.743219,2
7,bimodal,Task B ,1,4,0,-13.59854946,3,2,287.3589858,5,2661.030632,3
7,bimodal,Task B ,1,1,1,1.453772075,2,1,11.71152043,6,2733.479827,2
8,bimodal,Task B ,2,4,1,25.6960381,4,2,270.3312068,1,3109.844059,4
8,bimodal,Task B ,2,4,1,-18.027378,4,2,321.1187972,2,3631.901654,4
8,bimodal,Task B ,2,4,1,25.00568658,4,2,303.9256903,3,2459.529097,4
8,bimodal,Task B ,1,4,0,1.880778347,4,2,179.2128066,4,2696.226319,4
8,bimodal,Task B ,2,4,0,3.963372334,2,1,5.32177093,5,2573.224187,2
8,bimodal,Task B ,1,4,1,-3.697990525,4,1,192.7663159,6,2668.265954,4
9,bimodal,Task B ,2,2,1,-0.904482157,1,2,179.9784475,1,3125.417005,1
9,bimodal,Task B ,2,1,0,3.198369381,1,1,318.1415676,2,2604.789645,1
9,bimodal,Task B ,2,4,1,-12.57418452,4,2,97.50177442,3,4319.374479,4
9,bimodal,Task B ,2,2,1,-14.33452686,1,2,164.2553229,4,2972.36844,1
9,bimodal,Task B ,1,3,1,2.019218099,3,1,102.3689959,5,2493.91562,3
9,bimodal,Task B ,1,1,0,21.62080251,3,2,220.9524893,6,2161.295171,3
10,bimodal,Task B ,1,1,1,2.427499118,1,1,139.7419885,1,2668.838043,1
10,bimodal,Task B ,1,2,0,3.347458497,2,2,253.5553166,2,2923.527138,2
10,bimodal,Task B ,1,1,0,-3.068044741,4,2,26.76400252,3,2360.596346,4
10,bimodal,Task B ,2,2,1,10.1291048,3,2,85.32503642,4,2954.923073,3
10,bimodal,Task B ,1,2,1,-2.562418614,4,1,295.7825144,5,2296.377581,4
10,bimodal,Task B ,1,1,1,-1.502716055,1,1,186.0823484,6,2706.172214,1
1,bimodal,Task B ,1,4,1,0.790858153,3,1,188.4792478,1,2690.279661,3
1,bimodal,Task B ,1,2,1,-0.891675154,3,1,350.5952981,2,2660.90566,3
1,bimodal,Task B ,1,3,0,4.223265318,2,2,12.6880586,3,2533.714383,2
1,bimodal,Task B ,1,3,0,7.257860452,4,2,103.3092229,4,2845.611116,4
1,bimodal,Task B ,2,2,1,-12.3301511,2,2,352.6047532,5,2294.941053,2
1,bimodal,Task B ,1,3,1,1.315568611,3,1,310.2190223,6,2736.193878,3
2,bimodal,Task B ,1,2,1,-2.367024826,4,1,173.1107493,1,2537.059091,4
2,bimodal,Task B ,2,2,0,0.15431104,1,1,80.52085954,2,2781.329839,1
2,bimodal,Task B ,1,3,1,4.366588843,4,1,291.4772488,3,2753.689492,4
2,bimodal,Task B ,1,2,1,3.486232587,1,1,35.95317263,4,2658.182154,1
2,bimodal,Task B ,1,3,0,2.170662393,4,2,231.7071753,5,3161.890111,4
2,bimodal,Task B ,1,4,1,0.229762293,3,1,357.2427401,6,2638.09547,3
3,bimodal,Task B ,1,4,1,3.865390066,4,1,69.41377427,1,2670.494167,4
3,bimodal,Task B ,1,1,1,-4.753133964,4,1,309.3782501,2,2755.612712,4
3,bimodal,Task B ,2,3,1,9.791941144,4,2,345.8432674,3,2673.937708,4
3,bimodal,Task B ,2,1,0,5.443536221,3,1,280.9896211,4,2698.943683,3
3,bimodal,Task B ,1,3,1,1.193291247,4,1,19.91446243,5,2915.98002,4
3,bimodal,Task B ,2,3,1,12.6972168,2,2,20.98274136,6,3175.069747,2
4,bimodal,Task B ,1,3,1,-5.128655899,2,1,32.96250478,1,2813.962637,2
4,bimodal,Task B ,1,3,1,3.957391318,4,1,102.5353422,2,2892.738638,4
4,bimodal,Task B ,2,3,1,-9.47841816,3,2,137.0887024,3,2660.531988,3
4,bimodal,Task B ,1,3,0,-7.068735893,4,2,19.54497114,4,2723.823023,4
4,bimodal,Task B ,1,3,1,-0.745670417,2,1,226.7253093,5,2704.566841,2
4,bimodal,Task B ,1,1,0,13.18227394,2,2,280.8952664,6,2204.214812,2
5,bimodal,Task B ,2,2,1,11.97659351,2,2,100.5668625,1,2887.884615,2
5,bimodal,Task B ,1,3,1,3.949705409,4,1,89.31763407,2,2673.695599,4
5,bimodal,Task B ,1,1,1,-0.659972533,2,1,303.5674432,3,2969.619006,2
5,bimodal,Task B ,1,4,1,-0.793890744,4,1,350.3292,4,2932.310701,4
5,bimodal,Task B ,1,4,1,-0.675830399,4,1,12.97475717,5,2769.731125,4
5,bimodal,Task B ,2,4,1,17.28731811,1,2,205.3138252,6,3475.808274,1
6,bimodal,Task B ,2,2,0,0.282558779,4,1,149.721528,1,2716.296374,4
6,bimodal,Task B ,1,2,1,-1.164959341,4,1,195.8225979,2,2903.360266,4
6,bimodal,Task B ,1,2,1,-3.031882581,2,1,334.369516,3,2705.359267,2
6,bimodal,Task B ,2,2,1,2.927466834,4,2,71.52214246,4,3342.521648,4
6,bimodal,Task B ,1,2,1,6.200858153,3,1,245.8308036,5,2819.157102,3
6,bimodal,Task B ,2,2,1,6.062627826,2,2,88.10636401,6,2203.043148,2
7,bimodal,Task B ,1,4,0,-3.768484008,4,2,303.9276497,1,2605.142984,4
7,bimodal,Task B ,1,1,0,4.649437194,3,2,201.7936756,2,2329.846566,3
7,bimodal,Task B ,1,4,1,2.700676488,4,1,73.58016778,3,2576.115589,4
7,bimodal,Task B ,1,1,0,-0.331525074,2,2,4.335279541,4,2520.605013,2
7,bimodal,Task B ,1,1,1,-0.630989028,3,1,310.9278752,5,2461.970625,3
7,bimodal,Task B ,1,4,0,17.18875043,4,2,159.2325602,6,2023.47112,4
8,bimodal,Task B ,1,4,1,1.68437609,2,1,271.7047726,1,2435.290985,2
8,bimodal,Task B ,1,4,0,-2.371372111,1,2,173.6466559,2,2697.334355,1
8,bimodal,Task B ,2,1,1,-19.44132894,1,2,120.0888363,3,1800.102668,1
8,bimodal,Task B ,2,4,1,-12.90446932,2,2,169.3940355,4,2553.353129,2
8,bimodal,Task B ,2,4,1,22.38347359,4,2,34.29021741,5,2969.640563,4
8,bimodal,Task B ,1,4,0,-3.261315113,1,2,50.45438089,6,2756.897276,1
9,bimodal,Task B ,2,4,1,23.34431445,4,2,42.63387219,1,2609.171247,4
9,bimodal,Task B ,1,2,1,-5.834619474,1,1,192.9319654,2,2813.903936,1
9,bimodal,Task B ,1,3,0,-1.014544025,1,2,84.3751388,3,2221.470967,1
9,bimodal,Task B ,2,1,1,21.36450423,1,2,45.42153268,4,2757.886024,1
9,bimodal,Task B ,2,1,0,-1.460825527,1,1,27.5379428,5,2856.338394,1
9,bimodal,Task B ,1,1,0,-15.3858951,3,2,206.4912111,6,2698.998635,3
10,bimodal,Task B ,2,1,1,-4.371122259,4,2,220.362242,1,2405.420923,4
10,bimodal,Task B ,2,3,1,-21.0286374,3,2,169.5868084,2,3142.046195,3
10,bimodal,Task B ,1,2,0,-2.063038514,3,2,359.3006144,3,2261.912823,3
10,bimodal,Task B ,1,2,0,0.205433901,4,2,291.2091739,4,2608.047902,4
10,bimodal,Task B ,1,1,1,-0.769179877,4,1,23.740396,5,2632.524933,4
10,bimodal,Task B ,1,2,1,-4.638029493,2,1,192.687881,6,2763.439525,2
1,bimodal,Task B ,2,4,1,-15.10730501,3,2,299.447979,1,2246.828541,3
1,bimodal,Task B ,2,4,1,6.349579397,1,2,96.8708437,2,2067.192225,1
1,bimodal,Task B ,1,3,1,-0.264188287,3,1,298.2356641,3,2792.943667,3
1,bimodal,Task B ,1,2,0,-2.985926168,3,2,72.65274709,4,2236.161159,3
1,bimodal,Task B ,1,3,1,3.016337168,4,1,274.9931502,5,2795.667109,4
1,bimodal,Task B ,2,4,1,-27.41039413,4,2,139.3341825,6,2876.89319,4
2,bimodal,Task B ,2,2,1,17.61330146,1,2,22.74828098,1,2596.980271,1
2,bimodal,Task B ,2,4,0,-7.969135466,4,1,311.2627368,2,2788.844605,4
2,bimodal,Task B ,1,2,1,2.103612021,4,1,162.7438012,3,2724.819121,4
2,bimodal,Task B ,2,3,1,12.83529477,4,2,59.17636745,4,2074.822702,4
2,bimodal,Task B ,1,4,1,4.157060456,4,1,231.4278387,5,2766.743699,4
2,bimodal,Task B ,2,4,1,4.143686217,1,2,297.397785,6,1932.964199,1
3,bimodal,Task B ,1,1,1,-0.443232919,1,1,23.31233545,1,2565.974534,1
3,bimodal,Task B ,1,4,1,-2.94096267,2,1,125.022355,2,2798.020846,2
3,bimodal,Task B ,2,4,1,-16.38308579,4,2,175.2119046,3,2459.448417,4
3,bimodal,Task B ,1,4,0,2.369069342,2,2,164.5783377,4,2784.659909,2
3,bimodal,Task B ,2,1,0,0.70260831,2,1,9.068274209,5,2385.006461,2
3,bimodal,Task B ,1,2,1,1.898877749,4,1,148.4794108,6,2805.997787,4
4,bimodal,Task B ,2,3,1,-29.37421131,2,2,228.1213517,1,3478.855886,2
4,bimodal,Task B ,1,3,1,-0.835936655,4,1,304.6295907,2,2679.648661,4
4,bimodal,Task B ,2,4,1,19.96722102,4,2,146.3129691,3,3339.23424,4
4,bimodal,Task B ,2,4,1,-7.38151679,3,2,206.8186078,4,2987.277839,3
4,bimodal,Task B ,1,3,1,0.678198134,4,1,334.9963054,5,2535.509374,4
4,bimodal,Task B ,1,1,1,-1.339362788,3,1,176.0604307,6,2686.816862,3
5,bimodal,Task B ,1,3,1,-3.707756553,4,1,36.15447944,1,2477.859352,4
5,bimodal,Task B ,1,3,1,3.254256179,1,1,249.5820528,2,2717.871242,1
5,bimodal,Task B ,1,4,0,2.77886788,1,2,59.48854914,3,2577.103467,1
5,bimodal,Task B ,1,4,1,-1.279331048,4,1,241.9517369,4,2678.946304,4
5,bimodal,Task B ,2,2,1,-3.606460216,4,2,211.8173354,5,3045.306902,4
5,bimodal,Task B ,1,4,1,-1.076102003,2,1,48.79086515,6,2809.280445,2
6,bimodal,Task B ,1,2,0,5.373588359,1,2,9.841447885,1,3050.48701,1
6,bimodal,Task B ,1,2,0,-16.69467062,1,2,351.9355958,2,2363.75345,1
6,bimodal,Task B ,1,2,0,14.32559848,4,2,80.69028021,3,3434.760826,4
6,bimodal,Task B ,1,1,1,-2.798353078,3,1,116.3355732,4,2565.435918,3
6,bimodal,Task B ,2,2,1,9.372039726,4,2,280.3510294,5,2687.616422,4
6,bimodal,Task B ,2,2,0,-1.958373372,2,1,248.6599131,6,2468.426191,2
7,bimodal,Task B ,1,4,1,-0.478912164,3,1,72.40602596,1,2762.596508,3
7,bimodal,Task B ,1,4,0,-1.391179839,4,2,258.5653893,2,2519.418748,4
7,bimodal,Task B ,2,1,1,-10.28991715,3,2,347.1944537,3,1858.337289,3
7,bimodal,Task B ,2,4,0,-2.500073579,2,1,207.7611098,4,2747.889673,2
7,bimodal,Task B ,1,1,0,21.8178253,2,2,167.891588,5,2809.322719,2
7,bimodal,Task B ,1,1,0,-17.70598428,1,2,235.7925063,6,2212.043003,1
8,bimodal,Task B ,1,4,1,-1.881947551,2,1,125.9333083,1,2586.093408,2
8,bimodal,Task B ,1,4,0,4.552256898,3,2,263.3852844,2,2534.205985,3
8,bimodal,Task B ,1,4,0,3.92845591,1,2,341.6908184,3,2260.80249,1
8,bimodal,Task B ,1,4,1,-2.332876212,1,1,67.44186306,4,2800.408508,1
8,bimodal,Task B ,1,4,0,-2.067716804,4,2,334.6240136,5,3118.870759,4
8,bimodal,Task B ,1,4,1,-0.645332806,3,1,269.7105616,6,2880.873085,3
9,bimodal,Task B ,2,1,1,-3.897454627,3,2,89.06279567,1,3124.614536,3
9,bimodal,Task B ,1,2,0,0.506981188,3,2,102.2428872,2,2574.046556,3
9,bimodal,Task B ,2,1,0,1.313941534,2,1,169.0347475,3,2585.509825,2
9,bimodal,Task B ,2,1,0,2.145552764,1,1,6.067967941,4,2614.340473,1
9,bimodal,Task B ,1,3,1,-0.338343773,4,1,117.7035833,5,2812.768236,4
9,bimodal,Task B ,1,2,0,6.519380574,4,2,33.84477193,6,3223.340777,4
10,bimodal,Task B ,1,1,1,-2.645169,2,1,71.30645832,1,2680.405142,2
10,bimodal,Task B ,1,1,1,5.110275417,3,1,177.3526812,2,2728.158484,3
10,bimodal,Task B ,1,2,0,-1.542956147,4,2,6.38275948,3,3072.589867,4
10,bimodal,Task B ,2,3,1,-6.949937397,3,2,66.94662131,4,3528.96974,3
10,bimodal,Task B ,1,2,1,5.785887662,2,1,286.6610251,5,2618.681596,2
10,bimodal,Task B ,2,3,1,-12.98374884,3,2,231.2017179,6,3177.83535,3
1,bimodal,Task B ,1,2,1,0.971539948,1,1,10.87942546,1,2495.174066,1
1,bimodal,Task B ,1,2,0,2.67568165,2,2,182.9934418,2,3223.000771,2
1,bimodal,Task B ,1,3,0,-6.343282959,3,2,56.6539729,3,2501.336039,3
1,bimodal,Task B ,1,3,1,1.888405903,2,1,33.23099322,4,2736.270285,2
1,bimodal,Task B ,2,3,0,-4.590776027,1,1,270.2810741,5,2266.785968,1
1,bimodal,Task B ,2,1,1,26.62335873,2,2,252.5333766,6,2769.848296,2
2,bimodal,Task B ,1,2,0,-0.945315788,2,2,23.52167494,1,2966.497655,2
2,bimodal,Task B ,1,3,0,0.886263483,4,2,100.0180643,2,3097.672742,4
2,bimodal,Task B ,1,2,0,-1.806695483,4,2,53.82485572,3,3244.550325,4
2,bimodal,Task B ,1,2,0,1.996138749,2,2,310.7874265,4,2896.323738,2
2,bimodal,Task B ,2,3,1,-4.467578975,4,2,87.14624256,5,3127.406804,4
2,bimodal,Task B ,2,4,1,9.993413746,3,2,175.3698376,6,2334.978053,3
3,bimodal,Task B ,2,3,1,5.899105924,3,2,163.1341583,1,3478.228427,3
3,bimodal,Task B ,1,1,1,-1.064951354,3,1,149.694703,2,2453.700004,3
3,bimodal,Task B ,2,2,1,19.54961662,2,2,33.57249833,3,2585.251357,2
3,bimodal,Task B ,1,3,1,4.57857536,1,1,96.45182983,4,2694.60414,1
3,bimodal,Task B ,2,3,1,-7.359513607,3,2,349.9999213,5,2902.726368,3
3,bimodal,Task B ,2,4,1,-12.43106536,2,2,106.0046266,6,2012.150152,2
4,bimodal,Task B ,1,1,0,-1.359246313,3,2,126.9615228,1,3014.628647,3
4,bimodal,Task B ,1,2,1,-0.377128813,3,1,163.0661162,2,2668.905333,3
4,bimodal,Task B ,1,3,1,-1.629622121,2,1,64.66595667,3,2753.392324,2
4,bimodal,Task B ,2,2,1,6.066406321,1,2,95.45031006,4,2055.442696,1
4,bimodal,Task B ,1,1,0,3.156623802,1,2,31.08955842,5,2126.26985,1
4,bimodal,Task B ,1,3,0,-0.943236939,4,2,80.38291637,6,2191.855167,4
5,bimodal,Task B ,2,4,1,15.90083178,4,2,315.6576106,1,1041.959326,4
5,bimodal,Task B ,1,2,0,-3.065547784,1,2,320.1002148,2,2737.570024,1
5,bimodal,Task B ,1,4,1,-0.609406782,3,1,103.2343798,3,2819.883499,3
5,bimodal,Task B ,1,3,1,-3.592317321,1,1,324.8459783,4,2785.674336,1
5,bimodal,Task B ,1,4,0,6.686800406,2,2,77.37686904,5,2956.397864,2
5,bimodal,Task B ,1,2,0,7.126355045,3,2,120.7193027,6,2421.000152,3
6,bimodal,Task B ,1,2,1,-5.284200015,3,1,2.673112598,1,2581.507908,3
6,bimodal,Task B ,2,2,1,0.073254072,1,2,171.5664219,2,2587.717498,1
6,bimodal,Task B ,1,2,1,-0.010071971,2,1,263.3301339,3,2649.360251,2
6,bimodal,Task B ,2,2,1,-20.20856193,3,2,39.99388584,4,2574.777229,3
6,bimodal,Task B ,1,2,1,2.929607141,1,1,27.12993396,5,2790.944403,1
6,bimodal,Task B ,2,3,1,14.71482225,3,2,305.2948305,6,2595.547426,3
7,bimodal,Task B ,1,2,1,-0.508313473,2,1,207.454688,1,2787.970397,2
7,bimodal,Task B ,2,2,1,3.329314284,2,2,51.96007475,2,3020.694258,2
7,bimodal,Task B ,1,4,1,-4.337265955,4,1,14.25396942,3,2622.074249,4
7,bimodal,Task B ,1,4,1,3.436796555,2,1,1.053480189,4,2597.739909,2
7,bimodal,Task B ,1,4,1,-3.020417114,2,1,49.91089879,5,2892.089851,2
7,bimodal,Task B ,1,1,0,9.340050081,3,2,93.61708325,6,3645.884303,3
8,bimodal,Task B ,1,4,0,4.14882086,3,2,165.7604644,1,3532.381774,3
8,bimodal,Task B ,1,4,1,-1.169484759,3,1,288.2672065,2,2584.836063,3
8,bimodal,Task B ,1,4,1,-0.261258572,3,1,155.7358751,3,2469.138875,3
8,bimodal,Task B ,1,4,1,1.651998168,3,1,232.8584853,4,2847.479097,3
8,bimodal,Task B ,2,4,1,5.521895731,4,2,247.0181927,5,2263.032785,4
8,bimodal,Task B ,2,4,1,13.39662385,3,2,330.2457685,6,3501.480566,3
9,bimodal,Task B ,1,1,1,-0.743322628,2,1,87.32567163,1,2644.393494,2
9,bimodal,Task B ,1,3,0,-7.487302079,3,2,275.76767,2,2125.127116,3
9,bimodal,Task B ,1,3,1,1.813228874,3,1,121.5404153,3,2892.981327,3
9,bimodal,Task B ,1,2,1,-1.679063884,1,1,341.4872384,4,2752.875504,1
9,bimodal,Task B ,2,2,0,8.680694205,3,1,332.2393526,5,2535.611915,3
9,bimodal,Task B ,1,2,1,3.096093978,1,1,336.9079976,6,2710.668154,1
10,bimodal,Task B ,1,1,1,-2.825900894,1,1,168.9647175,1,2471.835205,1
10,bimodal,Task B ,2,2,1,-12.01627211,1,2,294.3620367,2,2585.116822,1
10,bimodal,Task B ,1,2,1,0.814481144,1,1,57.25134799,3,2865.033737,1
10,bimodal,Task B ,2,2,0,1.207635365,3,1,334.5967933,4,2625.619964,3
10,bimodal,Task B ,2,2,1,-12.99475094,3,2,8.165123461,5,2649.425814,3
10,bimodal,Task B ,1,1,1,-1.086230243,3,1,152.0052231,6,2505.678139,3
1,bimodal,Task B ,1,3,1,0.021693984,2,1,47.20882352,1,2738.750007,2
1,bimodal,Task B ,2,2,1,27.08249833,3,2,313.3517409,2,2639.493625,3
1,bimodal,Task B ,1,3,0,5.919981368,3,2,142.7200639,3,2905.703936,3
1,bimodal,Task B ,2,2,1,2.489852989,3,2,357.8179106,4,2105.104234,3
1,bimodal,Task B ,1,1,1,3.687251217,1,1,254.0293124,5,2796.564068,1
1,bimodal,Task B ,2,2,0,-4.242316206,2,1,32.9936617,6,2896.851125,2
2,bimodal,Task B ,1,2,0,5.652981847,3,2,261.8313513,1,2738.077089,3
2,bimodal,Task B ,2,3,1,-23.91163023,3,2,301.2781145,2,2347.566291,3
2,bimodal,Task B ,1,2,0,-10.61071105,1,2,202.3043284,3,2668.203316,1
2,bimodal,Task B ,2,1,1,9.844602411,3,2,225.4559286,4,2091.112797,3
2,bimodal,Task B ,1,4,1,-1.012111079,4,1,122.4318403,5,2612.342803,4
2,bimodal,Task B ,1,3,1,-0.278571614,4,1,50.13355196,6,2791.977497,4
3,bimodal,Task B ,2,2,1,2.115257705,2,2,336.3079991,1,3222.81641,2
3,bimodal,Task B ,2,1,1,3.671271983,2,2,123.1808788,2,2551.889856,2
3,bimodal,Task B ,1,1,0,8.348337934,1,2,35.66390157,3,1843.432796,1
3,bimodal,Task B ,1,3,1,1.994353603,4,1,119.8595828,4,2561.096794,4
3,bimodal,Task B ,2,1,1,12.91652763,1,2,216.9116053,5,2694.244293,1
3,bimodal,Task B ,1,4,1,0.953237899,4,1,43.15382792,6,2813.486588,4
4,bimodal,Task B ,1,4,1,4.261867527,4,1,51.30719708,1,2545.294885,4
4,bimodal,Task B ,1,3,1,3.274834151,3,1,274.0238048,2,2636.906909,3
4,bimodal,Task B ,2,3,1,-14.8315549,3,2,269.782711,3,2710.158296,3
4,bimodal,Task B ,1,4,0,17.116309,2,2,33.92651094,4,2759.340307,2
4,bimodal,Task B ,1,2,1,-2.765192654,1,1,7.892446162,5,2728.149189,1
4,bimodal,Task B ,1,3,0,3.399518719,2,2,110.2542051,6,3659.543798,2
5,bimodal,Task B ,1,4,1,4.257058732,2,1,137.3254643,1,2423.589656,2
5,bimodal,Task B ,1,4,1,-2.938165572,2,1,189.5592242,2,2680.778844,2
5,bimodal,Task B ,1,4,1,-4.126034407,4,1,98.17899812,3,2722.865794,4
5,bimodal,Task B ,1,4,1,-4.561933597,4,1,307.1390845,4,2920.922327,4
5,bimodal,Task B ,2,4,1,-17.12552127,4,2,15.98213805,5,2671.110087,4
5,bimodal,Task B ,1,4,1,0.565388235,3,1,183.8874607,6,2490.648535,3
6,bimodal,Task B ,1,3,1,1.23219683,3,1,16.10552562,1,2959.621189,3
6,bimodal,Task B ,2,2,1,-10.69036739,3,2,114.753024,2,1788.215898,3
6,bimodal,Task B ,1,2,1,5.368281436,3,1,237.7756532,3,2583.358922,3
6,bimodal,Task B ,2,2,1,-31.22370443,2,2,208.116719,4,2227.169282,2
6,bimodal,Task B ,1,2,0,-4.978037138,1,2,15.49330185,5,2705.876366,1
6,bimodal,Task B ,1,2,1,5.497647176,1,1,166.5258776,6,2739.322384,1
7,bimodal,Task B ,1,1,0,12.70789955,1,2,102.8336693,1,2859.304769,1
7,bimodal,Task B ,1,1,1,1.29622589,2,1,167.3484525,2,2638.261621,2
7,bimodal,Task B ,1,1,1,5.993646674,1,1,5.387406995,3,2696.312547,1
7,bimodal,Task B ,1,4,0,-1.065617215,4,2,43.17608606,4,2725.444625,4
7,bimodal,Task B ,1,1,0,-6.167755419,2,2,166.8481534,5,1152.26125,2
7,bimodal,Task B ,1,1,1,-2.68895037,2,1,122.2671689,6,2755.83232,2
8,bimodal,Task B ,1,4,1,0.317345645,1,1,173.7462403,1,2805.400663,1
8,bimodal,Task B ,1,4,1,-2.703485573,1,1,264.3753827,2,2704.954964,1
8,bimodal,Task B ,1,4,1,-1.337814645,2,1,165.2170907,3,2511.496798,2
8,bimodal,Task B ,1,4,1,-1.395604636,2,1,278.2517764,4,2848.778226,2
8,bimodal,Task B ,1,4,1,1.686637276,3,1,39.72000241,5,2952.84956,3
8,bimodal,Task B ,2,4,1,12.38356755,4,2,89.07886863,6,2490.876841,4
9,bimodal,Task B ,1,3,1,3.110324304,2,1,195.4238618,1,2586.312606,2
9,bimodal,Task B ,2,1,0,3.938682148,1,1,33.87137858,2,2666.067339,1
9,bimodal,Task B ,2,1,1,-11.99772323,3,2,245.8814729,3,2804.49997,3
9,bimodal,Task B ,1,3,1,-3.643511856,2,1,45.62582217,4,2984.308949,2
9,bimodal,Task B ,2,3,1,-9.031555545,4,2,85.03004008,5,2855.369864,4
9,bimodal,Task B ,2,3,0,-6.354104745,1,1,336.0626678,6,2564.215469,1
10,bimodal,Task B ,1,1,0,-3.73376834,2,2,267.4452241,1,3520.377414,2
10,bimodal,Task B ,2,1,1,11.12257125,2,2,107.3405303,2,3287.512583,2
10,bimodal,Task B ,1,2,1,4.146739028,3,1,175.8482149,3,2697.359529,3
10,bimodal,Task B ,1,2,1,-3.453712664,1,1,302.3757309,4,2742.503979,1
10,bimodal,Task B ,1,2,0,5.416598,2,2,181.3652866,5,3420.217822,2
10,bimodal,Task B ,1,1,1,-0.126149067,2,1,237.8063485,6,2751.77891,2
1,bimodal,Task B ,2,4,1,-11.410754,1,2,142.7060711,1,2214.533545,1
1,bimodal,Task B ,1,2,1,-7.056758464,3,1,30.68580026,2,2640.476264,3
1,bimodal,Task B ,2,2,1,-10.60403386,2,2,20.47419521,3,2329.128726,2
1,bimodal,Task B ,1,4,1,-0.201320656,3,1,23.60587999,4,2682.500206,3
1,bimodal,Task B ,1,3,1,1.407565694,3,1,283.0387096,5,2686.042867,3
1,bimodal,Task B ,2,1,0,1.247542176,2,1,103.9307143,6,2770.542158,2
2,bimodal,Task B ,2,3,1,13.63525936,2,2,288.401124,1,2893.577751,2
2,bimodal,Task B ,2,1,1,32.03714384,1,2,239.0447387,2,2622.903199,1
2,bimodal,Task B ,1,2,0,-2.267814587,2,2,133.8542153,3,2721.168198,2
2,bimodal,Task B ,2,1,1,1.445243065,2,2,258.47028,4,3730.240114,2
2,bimodal,Task B ,2,1,1,6.825280718,1,2,268.3966312,5,2180.073431,1
2,bimodal,Task B ,1,3,1,-2.630487541,2,1,180.7900175,6,2750.896228,2
3,bimodal,Task B ,1,1,1,2.394551187,1,1,204.4338989,1,2588.043367,1
3,bimodal,Task B ,2,2,1,11.05945735,3,2,220.9094421,2,3179.036072,3
3,bimodal,Task B ,1,3,1,4.29839951,3,1,22.31675944,3,2694.695836,3
3,bimodal,Task B ,1,2,0,-8.654294132,3,2,65.35146109,4,2817.035005,3
3,bimodal,Task B ,1,3,1,-1.774626332,4,1,22.53047858,5,2818.957995,4
3,bimodal,Task B ,2,4,1,-18.01662648,4,2,119.1503254,6,1836.394631,4
4,bimodal,Task B ,2,2,1,-5.692502795,4,2,227.7432644,1,1847.965469,4
4,bimodal,Task B ,1,1,1,-3.84121382,3,1,15.38042402,2,2529.160752,3
4,bimodal,Task B ,1,4,1,1.66336394,4,1,253.3957535,3,2673.070095,4
4,bimodal,Task B ,1,3,1,-0.395894457,3,1,14.71521765,4,2890.941328,3
4,bimodal,Task B ,1,2,1,1.917427525,1,1,351.9019052,5,2635.858083,1
4,bimodal,Task B ,1,2,1,8.693283819,4,1,94.06846321,6,2727.690697,4
5,bimodal,Task B ,1,3,0,19.93370817,2,2,321.8133423,1,2606.671982,2
5,bimodal,Task B ,2,4,1,-12.20080322,2,2,272.6084808,2,2841.669779,2
5,bimodal,Task B ,1,4,0,1.358385207,3,2,149.3884606,3,2361.037481,3
5,bimodal,Task B ,2,4,1,29.8325812,4,2,133.857925,4,3050.873076,4
5,bimodal,Task B ,2,4,1,-14.90737648,4,2,276.7115555,5,2401.861003,4
5,bimodal,Task B ,1,4,1,-0.500981618,1,1,19.38355866,6,2789.768971,1
6,bimodal,Task B ,2,2,1,-9.193953918,1,2,239.417471,1,2373.88426,1
6,bimodal,Task B ,2,2,1,23.4346906,3,2,60.68755349,2,1990.792475,3
6,bimodal,Task B ,2,2,1,9.82761406,1,2,26.89323259,3,2308.70445,1
6,bimodal,Task B ,2,2,0,0.276416303,2,1,182.7314277,4,2677.566849,2
6,bimodal,Task B ,1,2,1,-6.381883585,3,1,307.6242444,5,2633.968671,3
6,bimodal,Task B ,1,2,0,-8.577431016,1,2,233.9459919,6,3512.500731,1
7,bimodal,Task B ,1,4,1,5.218849237,3,1,2.90294738,1,2767.127098,3
7,bimodal,Task B ,1,4,0,10.62687946,3,2,326.5260069,2,2158.411507,3
7,bimodal,Task B ,1,1,1,-0.165424916,2,1,276.9701167,3,2704.383633,2
7,bimodal,Task B ,2,1,1,-13.25073463,4,2,65.35986805,4,2233.395246,4
7,bimodal,Task B ,2,4,1,-4.922216472,4,2,82.24382102,5,2691.198089,4
7,bimodal,Task B ,1,1,0,-2.636799787,1,2,33.31846584,6,3655.693376,1
8,bimodal,Task B ,1,4,0,-0.601133826,4,2,226.7206813,1,3120.62018,4
8,bimodal,Task B ,1,4,0,0.729278264,1,2,81.35833225,2,2299.118108,1
8,bimodal,Task B ,2,4,1,10.22182439,4,2,179.3546226,3,2468.51422,4
8,bimodal,Task B ,1,4,0,2.389608736,1,2,129.177303,4,2285.24364,1
8,bimodal,Task B ,2,4,1,-13.39297883,2,2,212.2189007,5,3085.764292,2
8,bimodal,Task B ,2,4,1,5.859763114,3,2,99.64343916,6,3191.144169,3
9,bimodal,Task B ,1,1,0,-10.05274591,3,2,14.55624639,1,3233.126299,3
9,bimodal,Task B ,2,1,0,1.273240003,1,1,104.9495011,2,2836.159137,1
9,bimodal,Task B ,1,2,0,11.47869073,1,2,80.84292223,3,2914.984721,1
9,bimodal,Task B ,1,3,1,-1.406401484,1,1,340.1743244,4,2630.514542,1
9,bimodal,Task B ,1,3,0,-12.32141743,2,2,161.3860198,5,2119.782131,2
9,bimodal,Task B ,2,2,0,0.249887658,3,1,72.86010114,6,2627.266315,3
10,bimodal,Task B ,1,2,1,1.583749144,2,1,333.2631105,1,2749.895149,2
10,bimodal,Task B ,1,2,0,12.6991903,2,2,137.9971527,2,3705.230697,2
10,bimodal,Task B ,1,1,1,-3.013377523,1,1,348.7764633,3,2730.714783,1
10,bimodal,Task B ,2,2,1,-13.67295625,3,2,157.3298457,4,2451.973084,3
10,bimodal,Task B ,1,2,0,4.12733635,2,2,25.87307524,5,1930.710934,2
10,bimodal,Task B ,1,2,1,0.626062487,1,1,259.5126159,6,2664.050632,1
1,bimodal,Task B ,1,2,0,-0.691261649,3,2,116.5853702,1,2799.975562,3
1,bimodal,Task B ,2,1,1,-5.691152159,3,2,212.3939347,2,2377.359118,3
1,bimodal,Task B ,1,3,1,-2.082394553,3,1,268.5315416,3,2819.025187,3
1,bimodal,Task B ,1,3,1,0.875054618,4,1,247.4511444,4,2774.015806,4
1,bimodal,Task B ,1,3,1,-0.168715427,4,1,219.7544076,5,2591.780995,4
1,bimodal,Task B ,1,3,1,-0.908726041,4,1,161.3872347,6,2584.173673,4
2,bimodal,Task B ,2,2,1,3.020047124,3,2,216.455264,1,3178.002853,3
2,bimodal,Task B ,1,3,1,-0.009077614,4,1,3.081360679,2,2589.362031,4
2,bimodal,Task B ,1,2,0,3.388018243,1,2,11.88369216,3,2280.815082,1
2,bimodal,Task B ,2,3,1,-29.67323719,4,2,35.03274319,4,3152.259833,4
2,bimodal,Task B ,2,3,0,0.41883533,3,1,290.4944688,5,2763.049194,3
2,bimodal,Task B ,1,4,0,-8.91959857,3,2,184.7496209,6,2300.68186,3
3,bimodal,Task B ,1,2,0,1.219172727,3,2,20.52103221,1,3041.458918,3
3,bimodal,Task B ,1,4,1,0.987695602,3,1,38.02686809,2,2826.909356,3
3,bimodal,Task B ,1,3,1,2.346706582,2,1,282.5535465,3,2691.033111,2
3,bimodal,Task B ,1,1,1,1.366939096,3,1,333.9513144,4,2469.592304,3
3,bimodal,Task B ,1,3,1,1.830128976,4,1,148.4082728,5,2632.242924,4
3,bimodal,Task B ,1,4,1,0.981897047,4,1,46.98153024,6,2735.25568,4
4,bimodal,Task B ,1,4,1,2.821634429,4,1,131.0058547,1,2820.762596,4
4,bimodal,Task B ,1,1,0,10.28100445,1,2,205.1377558,2,2306.285935,1
4,bimodal,Task B ,2,1,1,16.87075666,2,2,102.6128589,3,1991.23345,2
4,bimodal,Task B ,1,2,0,9.289131676,1,2,28.77322501,4,2610.42609,1
4,bimodal,Task B ,1,3,1,0.123382449,3,1,42.61070879,5,2645.76596,3
4,bimodal,Task B ,1,3,1,1.042177147,4,1,93.36258641,6,3028.35125,4
5,bimodal,Task B ,1,4,1,-1.493287948,2,1,235.7225185,1,2673.428652,2
5,bimodal,Task B ,1,3,0,0.300821591,2,2,305.9392313,2,2429.695934,2
5,bimodal,Task B ,1,3,0,4.577097377,3,2,151.9014494,3,3160.876525,3
5,bimodal,Task B ,1,4,0,-5.969771279,1,2,11.54920483,4,1834.536461,1
5,bimodal,Task B ,2,2,1,10.12195701,1,2,3.741981382,5,2735.297532,1
5,bimodal,Task B ,2,3,0,-7.186177001,2,1,30.05646339,6,2413.602475,2
6,bimodal,Task B ,1,2,1,0.652241748,2,1,44.5385599,1,2737.77381,2
6,bimodal,Task B ,1,2,0,9.123609478,3,2,262.2232479,2,2839.856784,3
6,bimodal,Task B ,1,2,0,2.813223297,1,2,11.14312884,3,1339.079192,1
6,bimodal,Task B ,1,2,0,-6.991330984,2,2,97.49557963,4,2894.205345,2
6,bimodal,Task B ,1,1,1,-3.572302365,4,1,338.424929,5,2525.549493,4
6,bimodal,Task B ,2,2,0,-0.599562894,3,1,38.39764107,6,2568.564132,3
7,bimodal,Task B ,1,2,0,-10.05701063,1,2,85.05272596,1,3134.489706,1
7,bimodal,Task B ,1,2,0,-2.706728654,2,2,206.0636464,2,2418.138394,2
7,bimodal,Task B ,1,4,0,2.968899872,4,2,38.51374003,3,2429.3845,4
7,bimodal,Task B ,1,1,1,-3.618598922,2,1,287.4010379,4,2495.825923,2
7,bimodal,Task B ,1,4,0,-5.508749979,2,2,92.31415601,5,3112.149735,2
7,bimodal,Task B ,1,1,1,-8.290005992,3,1,39.98998038,6,2446.44837,3
8,bimodal,Task B ,1,4,1,-0.59604519,3,1,112.7636374,1,2594.492302,3
8,bimodal,Task B ,2,4,1,-14.01060439,3,2,8.964335305,2,3346.604779,3
8,bimodal,Task B ,1,4,0,0.603503452,1,2,38.90782577,3,3241.542418,1
8,bimodal,Task B ,2,4,1,-1.542922671,1,2,261.9381228,4,3356.150623,1
8,bimodal,Task B ,1,4,0,-3.436359521,2,2,258.5387442,5,2877.957121,2
8,bimodal,Task B ,2,4,1,-11.52209807,2,2,213.5042084,6,1457.583144,2
9,bimodal,Task B ,1,1,1,0.918052199,3,1,269.7980626,1,3039.770678,3
9,bimodal,Task B ,1,1,0,-4.07940676,1,2,51.37890195,2,2553.394033,1
9,bimodal,Task B ,1,1,1,1.249962429,1,1,278.3031384,3,2658.159863,1
9,bimodal,Task B ,1,4,0,2.067810537,4,2,204.5808392,4,2914.090369,4
9,bimodal,Task B ,1,1,0,-3.655246268,2,2,224.8682857,5,3058.841575,2
9,bimodal,Task B ,1,2,1,-1.413935275,3,1,23.88257304,6,2543.31181,3
10,bimodal,Task B ,1,1,1,1.308545567,3,1,167.9615235,1,2629.483059,3
10,bimodal,Task B ,2,1,0,3.34316896,4,1,246.221492,2,2383.346868,4
10,bimodal,Task B ,1,2,1,0.236487725,2,1,282.7126423,3,2864.490472,2
10,bimodal,Task B ,2,3,1,13.22203674,4,2,236.35722,4,2272.284872,4
10,bimodal,Task B ,1,2,0,10.39020575,1,2,166.5410531,5,3037.554518,1
10,bimodal,Task B ,1,2,1,2.420409085,2,1,19.81543572,6,2881.865871,2
1,bimodal,Task B ,2,1,0,3.675907651,1,1,331.7179834,1,2540.862554,1
1,bimodal,Task B ,1,2,1,-0.63492157,1,1,1.567820602,2,2755.659797,1
1,bimodal,Task B ,2,1,1,-2.475932807,2,2,262.004637,3,3342.756458,2
1,bimodal,Task B ,1,3,0,-0.674766301,3,2,49.14479379,4,2971.269868,3
1,bimodal,Task B ,2,2,1,0.00086465,4,2,207.927205,5,2026.70163,4
1,bimodal,Task B ,2,4,1,31.95784412,2,2,45.97221747,6,2287.244082,2
2,bimodal,Task B ,2,2,1,4.038193942,3,2,102.853851,1,2381.210549,3
2,bimodal,Task B ,1,2,1,3.717337942,3,1,222.3742463,2,2708.14584,3
2,bimodal,Task B ,1,2,1,-0.284211717,4,1,269.9561931,3,2795.518116,4
2,bimodal,Task B ,2,2,1,-15.40213616,1,2,123.2423385,4,2416.445465,1
2,bimodal,Task B ,1,4,1,-1.193577609,1,1,36.31149758,5,2753.77192,1
2,bimodal,Task B ,2,2,1,5.501320788,4,2,66.39616587,6,3410.651527,4
3,bimodal,Task B ,2,3,1,-3.942516546,2,2,49.33530796,1,2323.753235,2
3,bimodal,Task B ,2,4,1,26.85810675,3,2,159.3599699,2,3389.960817,3
3,bimodal,Task B ,1,3,1,3.952737589,3,1,126.8384159,3,2748.015262,3
3,bimodal,Task B ,1,3,1,2.142736198,2,1,321.4184348,4,2833.584703,2
3,bimodal,Task B ,2,3,1,-4.538290765,3,2,132.6885863,5,3277.419571,3
3,bimodal,Task B ,1,2,1,-3.416258781,1,1,278.9282396,6,2797.502439,1
4,bimodal,Task B ,2,2,1,28.09493587,2,2,98.15572118,1,2999.164608,2
4,bimodal,Task B ,1,3,1,-2.836705383,3,1,310.5319397,2,2868.965729,3
4,bimodal,Task B ,1,2,1,-1.623108482,2,1,81.60325936,3,2700.985575,2
4,bimodal,Task B ,1,1,1,4.933199672,1,1,271.238166,4,2425.333243,1
4,bimodal,Task B ,1,4,1,-3.539007935,4,1,190.9908411,5,2788.906347,4
4,bimodal,Task B ,1,3,1,-2.107285605,4,1,252.5256626,6,2669.713269,4
5,bimodal,Task B ,1,4,1,-7.87640765,1,1,70.22022736,1,2703.475928,1
5,bimodal,Task B ,1,4,0,0.496349878,3,2,155.2367419,2,2483.713877,3
5,bimodal,Task B ,2,2,1,-10.64420878,2,2,224.2856787,3,3080.813839,2
5,bimodal,Task B ,2,4,1,10.40661111,4,2,297.2943583,4,3139.422496,4
5,bimodal,Task B ,1,4,1,-0.918140045,1,1,300.3160477,5,2845.024075,1
5,bimodal,Task B ,1,1,1,-0.114057289,2,1,28.1535333,6,2388.436911,2
6,bimodal,Task B ,1,2,0,-14.90099693,2,2,356.8003317,1,2749.54743,2
6,bimodal,Task B ,2,2,1,25.30565081,3,2,307.4847863,2,2869.565406,3
6,bimodal,Task B ,2,2,0,0.115579681,3,1,354.2405107,3,2645.793868,3
6,bimodal,Task B ,2,2,1,-12.29358916,2,2,115.3612335,4,2463.667297,2
6,bimodal,Task B ,1,2,0,9.283733107,4,2,107.6661352,5,3241.096527,4
6,bimodal,Task B ,2,2,1,-2.511205919,3,2,352.4219632,6,3346.341673,3
7,bimodal,Task B ,1,4,1,-3.187378361,2,1,36.54047648,1,2824.167841,2
7,bimodal,Task B ,1,1,0,2.449924641,3,2,91.73013478,2,2166.287611,3
7,bimodal,Task B ,2,4,1,5.51220045,4,2,163.7666732,3,2400.992187,4
7,bimodal,Task B ,2,4,1,17.24724741,4,2,129.9239322,4,2464.086081,4
7,bimodal,Task B ,1,1,1,1.263700742,2,1,227.4345327,5,2742.113418,2
7,bimodal,Task B ,1,1,0,28.91071954,2,2,99.77022067,6,1801.427319,2
8,bimodal,Task B ,1,4,0,-6.030304541,4,2,0.071780948,1,2284.30681,4
8,bimodal,Task B ,1,4,0,0.750040881,4,2,302.3656215,2,2954.578414,4
8,bimodal,Task B ,1,4,1,-3.1690926,3,1,191.7273679,3,2478.381346,3
8,bimodal,Task B ,1,4,0,-7.082553624,4,2,76.4824509,4,2898.323621,4
8,bimodal,Task B ,2,1,1,8.041436855,4,2,17.99687016,5,1591.424619,4
8,bimodal,Task B ,1,4,1,-0.483865579,4,1,226.852142,6,2804.432964,4
9,bimodal,Task B ,1,2,0,4.409388082,4,2,114.3056598,1,2999.165107,4
9,bimodal,Task B ,2,4,0,1.966257059,2,1,347.1970689,2,2511.955124,2
9,bimodal,Task B ,1,3,1,-0.477116398,4,1,3.635299639,3,2718.386433,4
9,bimodal,Task B ,1,1,1,-0.727703536,2,1,46.98056125,4,2643.962844,2
9,bimodal,Task B ,1,4,1,5.242677514,4,1,97.32767668,5,2722.84238,4
9,bimodal,Task B ,2,1,0,3.626052061,3,1,221.8027885,6,2823.68273,3
10,bimodal,Task B ,1,1,1,0.086954084,2,1,58.69779371,1,2399.67493,2
10,bimodal,Task B ,1,2,1,-1.967001806,4,1,326.4192723,2,2490.996386,4
10,bimodal,Task B ,1,1,0,11.15811937,1,2,95.03911891,3,2611.704234,1
10,bimodal,Task B ,1,2,1,4.464383981,1,1,206.2388212,4,2616.882532,1
10,bimodal,Task B ,1,1,1,1.509718056,1,1,256.6566776,5,2527.821341,1
10,bimodal,Task B ,1,2,1,-4.112919272,1,1,0.833610903,6,2874.820771,1
1,bimodal,Task B ,2,1,0,1.85750078,1,1,236.0309598,1,2863.434858,1
1,bimodal,Task B ,2,1,1,1.020495444,4,2,110.3335337,2,2269.477308,4
1,bimodal,Task B ,1,3,0,0.816492683,1,2,39.49735581,3,2639.135267,1
1,bimodal,Task B ,1,4,1,2.541628306,4,1,217.9706014,4,2543.586804,4
1,bimodal,Task B ,1,3,1,-1.796859704,3,1,164.6200247,5,2539.903651,3
1,bimodal,Task B ,2,1,1,5.508838338,1,2,155.2237576,6,2819.817061,1
2,bimodal,Task B ,2,3,1,11.01527892,3,2,31.20913249,1,2803.975306,3
2,bimodal,Task B ,1,2,1,-0.010956055,1,1,107.8242234,2,2634.348258,1
2,bimodal,Task B ,1,2,1,-4.218190821,3,1,54.3576275,3,3052.636878,3
2,bimodal,Task B ,2,3,1,-5.530683826,4,2,87.16649759,4,2806.525062,4
2,bimodal,Task B ,2,2,1,-13.9739567,1,2,110.0033458,5,2638.187401,1
2,bimodal,Task B ,1,3,0,6.459335329,4,2,97.27831566,6,1974.790207,4
3,bimodal,Task B ,2,3,0,-1.964082119,2,1,164.0329215,1,2860.112698,2
3,bimodal,Task B ,2,4,1,23.4464711,1,2,212.8726062,2,2177.70664,1
3,bimodal,Task B ,1,3,1,1.472352292,2,1,24.1339229,3,2759.76359,2
3,bimodal,Task B ,1,1,1,0.254742827,4,1,3.332279166,4,2531.557148,4
3,bimodal,Task B ,1,3,0,2.805703891,4,2,32.91941778,5,2684.971761,4
3,bimodal,Task B ,1,3,1,-1.3870807,2,1,231.3083619,6,2668.178772,2
4,bimodal,Task B ,1,2,0,7.992952718,3,2,36.18247197,1,2620.642781,3
4,bimodal,Task B ,1,3,0,0.844902921,3,2,96.02491323,2,2434.31185,3
4,bimodal,Task B ,1,2,0,3.593174892,1,2,244.6584692,3,2977.559718,1
4,bimodal,Task B ,1,3,0,-1.514284826,3,2,69.50949512,4,2818.683679,3
4,bimodal,Task B ,1,2,1,0.595047641,1,1,219.7434582,5,2685.993943,1
4,bimodal,Task B ,1,1,1,-1.97053125,1,1,12.98579124,6,2718.814869,1
5,bimodal,Task B ,2,1,0,-0.742855407,1,1,334.6915453,1,2622.008298,1
5,bimodal,Task B ,1,2,1,3.027770144,4,1,111.7111546,2,2843.986291,4
5,bimodal,Task B ,1,4,0,1.528290164,3,2,233.7784926,3,2933.757473,3
5,bimodal,Task B ,1,1,0,3.580892517,2,2,239.6745988,4,2467.969184,2
5,bimodal,Task B ,1,4,0,0.434327094,3,2,58.73340467,5,2617.397736,3
5,bimodal,Task B ,2,4,1,0.43083268,4,2,219.01626,6,3414.114991,4
6,bimodal,Task B ,1,2,0,-20.44362048,3,2,92.26483862,1,2117.622738,3
6,bimodal,Task B ,1,2,1,1.494586119,2,1,247.6618397,2,2712.978568,2
6,bimodal,Task B ,2,2,0,-1.640684925,4,1,50.08839516,3,2833.528005,4
6,bimodal,Task B ,1,2,1,1.638130204,3,1,285.8617572,4,2579.359212,3
6,bimodal,Task B ,2,2,0,1.233581782,1,1,69.85896713,5,2508.044208,1
6,bimodal,Task B ,2,2,1,14.80927177,3,2,182.7917724,6,3477.685407,3
7,bimodal,Task B ,1,4,1,-0.194352342,1,1,11.41243144,1,2760.118794,1
7,bimodal,Task B ,1,4,1,1.620725448,2,1,147.3539872,2,2800.79344,2
7,bimodal,Task B ,2,1,1,19.40509629,3,2,205.6649191,3,2090.002338,3
7,bimodal,Task B ,1,1,1,-1.232515049,1,1,183.4384026,4,2479.802682,1
7,bimodal,Task B ,1,1,0,20.1972664,4,2,39.32763746,5,2220.114743,4
7,bimodal,Task B ,1,1,0,-4.916292951,4,2,215.4608944,6,2532.77069,4
8,bimodal,Task B ,1,4,1,-6.065858153,1,1,264.4749133,1,2718.349028,1
8,bimodal,Task B ,1,4,0,1.99070117,1,2,74.12107179,2,3420.455174,1
8,bimodal,Task B ,2,4,1,8.041934155,1,2,28.71745106,3,2679.057849,1
8,bimodal,Task B ,2,1,0,-7.327880692,1,1,67.53439582,4,2810.198102,1
8,bimodal,Task B ,2,4,1,5.144359187,3,2,75.2930827,5,2945.436943,3
8,bimodal,Task B ,1,4,1,0.377693236,4,1,92.22735997,6,2495.88299,4
9,bimodal,Task B ,1,1,0,6.923662816,4,2,278.8477788,1,3013.495456,4
9,bimodal,Task B ,1,1,1,-0.396920312,2,1,10.69711386,2,2643.315453,2
9,bimodal,Task B ,1,2,1,1.6368083,2,1,3.552038632,3,2605.05392,2
9,bimodal,Task B ,2,2,0,-0.869853445,3,1,144.9170096,4,2848.198399,3
9,bimodal,Task B ,2,2,0,-4.61203097,3,1,269.3862792,5,2732.346988,3
9,bimodal,Task B ,1,3,1,-0.589319164,4,1,27.28644606,6,2640.965437,4
10,bimodal,Task B ,2,2,1,11.84868887,3,2,269.8417148,1,3036.662525,3
10,bimodal,Task B ,2,1,1,-17.50541097,3,2,40.78182941,2,2362.720825,3
10,bimodal,Task B ,1,1,0,5.535086907,3,2,122.6700543,3,1786.054793,3
10,bimodal,Task B ,1,1,0,25.99944529,1,2,324.9773111,4,2789.743516,1
10,bimodal,Task B ,2,2,1,-35.36585225,2,2,311.5382779,5,2780.669522,2
10,bimodal,Task B ,1,2,1,0.204642974,3,1,309.4358811,6,2661.205785,3
1,bimodal,Task B ,1,2,1,2.05717937,3,1,293.3201542,1,2919.004698,3
1,bimodal,Task B ,1,2,1,2.866710352,3,1,306.3286545,2,2569.474341,3
1,bimodal,Task B ,1,4,1,-1.605226974,4,1,240.488715,3,2646.139024,4
1,bimodal,Task B ,2,1,0,1.13764588,1,1,302.437583,4,2582.639473,1
1,bimodal,Task B ,1,2,0,11.88850273,2,2,125.9322697,5,2349.508922,2
1,bimodal,Task B ,2,1,0,-1.630996177,1,1,107.9986102,6,2751.547816,1
2,bimodal,Task B ,1,2,0,-4.774916055,3,2,31.21313668,1,2527.078352,3
2,bimodal,Task B ,1,4,1,2.942053945,4,1,149.0864221,2,2588.05882,4
2,bimodal,Task B ,1,2,1,-4.319541745,2,1,168.5442738,3,2580.042893,2
2,bimodal,Task B ,2,4,1,30.61372868,3,2,28.50812099,4,1079.503561,3
2,bimodal,Task B ,1,2,0,9.893105786,2,2,201.279362,5,3152.698472,2
2,bimodal,Task B ,2,3,0,3.334079051,2,1,295.7024091,6,2764.244179,2
3,bimodal,Task B ,2,4,1,7.960139196,3,2,101.1685695,1,2260.614454,3
3,bimodal,Task B ,1,3,0,3.874219085,3,2,188.1622048,2,3007.517862,3
3,bimodal,Task B ,1,3,1,0.733149793,1,1,176.5950009,3,2673.02801,1
3,bimodal,Task B ,2,1,1,-5.295778138,3,2,129.6152682,4,3204.763562,3
3,bimodal,Task B ,2,4,1,-11.38200299,1,2,141.47229,5,3355.991373,1
3,bimodal,Task B ,2,4,1,14.26100994,2,2,358.0447413,6,3442.577604,2
4,bimodal,Task B ,1,3,1,0.412559047,1,1,119.7956836,1,2555.87129,1
4,bimodal,Task B ,1,1,1,-4.76258189,2,1,98.02756914,2,2668.515161,2
4,bimodal,Task B ,1,3,1,-2.227875023,4,1,157.2623948,3,2606.578942,4
4,bimodal,Task B ,1,1,1,3.699232031,2,1,256.7980505,4,2686.707845,2
4,bimodal,Task B ,1,3,1,3.087621483,3,1,306.1662851,5,3098.484582,3
4,bimodal,Task B ,1,3,0,4.302893771,4,2,331.4250979,6,2435.7989,4
5,bimodal,Task B ,1,2,0,-4.70277249,1,2,18.29816391,1,2875.65311,1
5,bimodal,Task B ,1,1,0,-0.465971493,3,2,3.338638901,2,3369.974977,3
5,bimodal,Task B ,1,4,1,4.719160026,4,1,189.611715,3,2675.928208,4
5,bimodal,Task B ,2,2,0,0.918062323,3,1,297.8830381,4,2470.755839,3
5,bimodal,Task B ,2,4,1,-12.98968571,1,2,245.5343665,5,2554.866349,1
5,bimodal,Task B ,2,4,1,-16.69662554,3,2,242.7009709,6,2703.547851,3
6,bimodal,Task B ,2,2,1,6.370332999,1,2,28.92050616,1,1730.115799,1
6,bimodal,Task B ,2,2,1,6.055995842,1,2,219.7248965,2,3907.788705,1
6,bimodal,Task B ,1,2,1,1.536971643,1,1,207.4004839,3,2801.551427,1
6,bimodal,Task B ,2,2,1,-5.048441439,2,2,326.5462353,4,2442.802913,2
6,bimodal,Task B ,2,2,0,-3.456160675,1,1,143.6713323,5,2798.382874,1
6,bimodal,Task B ,2,3,1,14.73915082,2,2,261.5136893,6,2488.306848,2
7,bimodal,Task B ,1,2,0,-13.79742251,3,2,175.9489874,1,2628.670109,3
7,bimodal,Task B ,1,2,0,4.217143841,2,2,140.3728548,2,3002.653866,2
7,bimodal,Task B ,1,4,1,7.040602406,2,1,146.9199818,3,2740.001308,2
7,bimodal,Task B ,1,1,0,-0.865494671,4,2,149.6500205,4,2246.809758,4
7,bimodal,Task B ,1,4,1,-9.174267366,3,1,48.72676177,5,2655.810515,3
7,bimodal,Task B ,2,1,1,-17.31172412,3,2,95.84610118,6,2743.512867,3
8,bimodal,Task B ,1,4,1,-1.461252282,3,1,161.5895366,1,2649.248425,3
8,bimodal,Task B ,1,4,0,-4.632489836,1,2,269.5580783,2,3545.992285,1
8,bimodal,Task B ,1,4,0,-3.76219199,4,2,344.8095823,3,2793.372924,4
8,bimodal,Task B ,1,4,0,-3.166536438,1,2,303.8547044,4,3506.878649,1
8,bimodal,Task B ,2,4,1,-7.623799674,1,2,113.6692313,5,2733.148613,1
8,bimodal,Task B ,1,4,0,6.497237114,3,2,172.2153436,6,2720.289858,3
9,bimodal,Task B ,1,1,0,4.015702797,4,2,354.5546466,1,2815.459094,4
9,bimodal,Task B ,1,2,1,-0.744677279,4,1,5.941784133,2,2748.259624,4
9,bimodal,Task B ,2,1,0,1.24993878,2,1,14.82934418,3,2367.852148,2
9,bimodal,Task B ,2,4,1,4.155710246,4,2,339.723669,4,3115.987343,4
9,bimodal,Task B ,1,2,1,-3.860983765,2,1,79.59746186,5,2577.606444,2
9,bimodal,Task B ,1,1,0,19.7457256,1,2,84.94979368,6,3600.867547,1
10,bimodal,Task B ,1,1,0,-6.406588078,1,2,92.86330788,1,2681.109748,1
10,bimodal,Task B ,1,1,1,-0.5667964,2,1,71.53524197,2,2610.668712,2
10,bimodal,Task B ,1,2,0,2.377025974,3,2,201.1945094,3,2801.592291,3
10,bimodal,Task B ,1,2,1,-0.979079203,4,1,277.5162159,4,2792.773129,4
10,bimodal,Task B ,1,2,1,-3.66034676,2,1,180.2039966,5,2636.710981,2
10,bimodal,Task B ,1,2,0,7.628412261,2,2,288.9144255,6,1927.081037,2
1,bimodal,Task B ,1,2,1,2.306123941,1,1,60.8674439,1,2876.231264,1
1,bimodal,Task B ,1,3,1,-3.029097742,4,1,30.82523875,2,2849.828501,4
1,bimodal,Task B ,1,3,1,-1.907311967,4,1,324.0162413,3,2644.143918,4
1,bimodal,Task B ,1,4,1,1.61164549,4,1,338.4024937,4,2599.572419,4
1,bimodal,Task B ,1,3,1,-1.427627356,3,1,267.6636366,5,2705.153943,3
1,bimodal,Task B ,2,1,0,-3.590831611,2,1,268.94564,6,2484.874687,2
2,bimodal,Task B ,1,2,1,0.314612713,2,1,62.94363797,1,2929.01846,2
2,bimodal,Task B ,1,2,1,0.582523269,2,1,63.92806189,2,2713.941065,2
2,bimodal,Task B ,1,2,0,-8.144955517,3,2,133.9374867,3,2726.037234,3
2,bimodal,Task B ,2,1,0,4.979378108,1,1,310.1214214,4,2842.38028,1
2,bimodal,Task B ,1,3,0,-2.439495014,4,2,129.4837095,5,2446.842703,4
2,bimodal,Task B ,2,4,1,-25.78435518,4,2,136.1568152,6,3032.742356,4
3,bimodal,Task B ,2,3,1,13.17449103,3,2,308.2041078,1,2464.556209,3
3,bimodal,Task B ,1,3,0,-7.15227928,4,2,236.2388149,2,2752.035743,4
3,bimodal,Task B ,1,4,1,-2.095383658,4,1,135.3792284,3,2770.00321,4
3,bimodal,Task B ,2,4,1,-13.26080328,2,2,87.24845835,4,1972.744172,2
3,bimodal,Task B ,2,4,1,-14.64887111,3,2,221.5365063,5,4111.6886,3
3,bimodal,Task B ,2,4,1,16.61756429,3,2,94.30406871,6,2361.145886,3
4,bimodal,Task B ,1,3,0,4.550514554,1,2,243.6316909,1,1701.225124,1
4,bimodal,Task B ,1,2,1,-0.992789456,2,1,151.0315484,2,2666.889687,2
4,bimodal,Task B ,1,2,1,-1.306358916,3,1,221.6045911,3,2682.992921,3
4,bimodal,Task B ,1,2,0,-5.622593383,2,2,9.206752957,4,2456.333005,2
4,bimodal,Task B ,1,3,1,-0.203909319,4,1,226.1602583,5,2694.82483,4
4,bimodal,Task B ,2,2,0,3.572090515,2,1,230.0806542,6,2652.606043,2
5,bimodal,Task B ,2,4,1,-10.3259821,4,2,265.1929879,1,2992.263883,4
5,bimodal,Task B ,1,4,0,0.867115806,1,2,160.7811682,2,2804.206253,1
5,bimodal,Task B ,1,4,1,-1.223106628,4,1,345.1893305,3,2590.469239,4
5,bimodal,Task B ,1,1,1,-4.846561859,2,1,228.5941239,4,2740.15549,2
5,bimodal,Task B ,2,4,1,-7.859907682,4,2,74.61779305,5,2276.91286,4
5,bimodal,Task B ,1,1,1,0.892201792,4,1,357.5385175,6,2729.796846,4
6,bimodal,Task B ,1,2,0,-13.87952379,2,2,108.6017327,1,2005.511473,2
6,bimodal,Task B ,2,2,1,4.509026093,4,2,134.9640607,2,3418.903368,4
6,bimodal,Task B ,2,2,1,3.760072807,4,2,70.30641411,3,2232.199601,4
6,bimodal,Task B ,2,2,0,-4.082972886,2,1,87.8800223,4,2865.236033,2
6,bimodal,Task B ,1,2,0,9.725032635,4,2,350.3389066,5,2256.225739,4
6,bimodal,Task B ,1,1,1,-1.534760072,2,1,349.2680158,6,2773.828831,2
7,bimodal,Task B ,1,4,1,-0.633003512,1,1,86.06589245,1,2665.512974,1
7,bimodal,Task B ,2,1,1,-8.33371137,3,2,47.51793648,2,3526.269426,3
7,bimodal,Task B ,1,1,1,0.401897473,1,1,5.126175794,3,2534.784896,1
7,bimodal,Task B ,1,1,1,-0.138360058,1,1,196.4512444,4,2619.402368,1
7,bimodal,Task B ,1,4,1,1.824789193,4,1,264.9585642,5,2654.453849,4
7,bimodal,Task B ,1,1,1,-0.340724808,1,1,331.8722115,6,2852.965958,1
8,bimodal,Task B ,2,4,1,-13.83912076,3,2,199.5318223,1,3519.90519,3
8,bimodal,Task B ,1,4,1,2.427787341,2,1,225.6487886,2,2617.68877,2
8,bimodal,Task B ,2,4,1,-23.72850356,3,2,172.5383686,3,3853.551869,3
8,bimodal,Task B ,1,4,1,-1.075873388,3,1,111.399228,4,2802.218982,3
8,bimodal,Task B ,1,4,1,3.669370862,4,1,342.5016865,5,2637.200298,4
8,bimodal,Task B ,2,4,1,-25.47214211,2,2,144.5479516,6,2942.538786,2
9,bimodal,Task B ,1,2,1,0.187030672,3,1,40.84232707,1,2800.90631,3
9,bimodal,Task B ,1,1,0,9.597047139,1,2,62.06195087,2,3180.951963,1
9,bimodal,Task B ,1,3,1,-0.964437662,3,1,349.1975248,3,2845.485485,3
9,bimodal,Task B ,2,1,1,-9.478939603,1,2,205.4491664,4,2242.408128,1
9,bimodal,Task B ,1,1,0,15.35075407,2,2,263.2239635,5,2473.437381,2
9,bimodal,Task B ,1,4,1,0.885252119,2,1,288.7783375,6,2710.138227,2
10,bimodal,Task B ,1,1,1,-1.000592403,2,1,169.252774,1,2836.344168,2
10,bimodal,Task B ,1,2,0,-3.869549055,4,2,291.1165985,2,2972.734668,4
10,bimodal,Task B ,1,1,1,1.214372881,1,1,357.868856,3,2577.863043,1
10,bimodal,Task B ,1,2,1,-0.789873755,1,1,202.1683532,4,2505.329316,1
10,bimodal,Task B ,1,2,1,3.733399485,3,1,45.63142512,5,2579.176713,3
10,bimodal,Task B ,1,2,0,4.502964903,3,2,210.0685169,6,2233.916291,3
1,bimodal,Task B ,1,3,0,2.299378157,4,2,97.92817821,1,2589.801887,4
1,bimodal,Task B ,1,3,1,-1.915847221,4,1,86.24902112,2,2790.943392,4
1,bimodal,Task B ,1,3,1,0.493592952,2,1,308.1980287,3,2763.176016,2
1,bimodal,Task B ,1,1,1,4.634982755,1,1,252.8006463,4,2562.805544,1
1,bimodal,Task B ,1,3,1,-0.250705447,4,1,335.4070847,5,2582.442309,4
1,bimodal,Task B ,2,1,1,-5.34908528,1,2,316.4751784,6,2723.000466,1
2,bimodal,Task B ,1,2,1,-1.920586646,1,1,185.7512053,1,2776.213193,1
2,bimodal,Task B ,1,2,1,-1.552845279,2,1,94.13202855,2,2736.368232,2
2,bimodal,Task B ,2,1,0,5.034280072,1,1,279.9367371,3,2719.210139,1
2,bimodal,Task B ,2,3,1,11.97969572,3,2,188.8109049,4,1982.026877,3
2,bimodal,Task B ,1,3,1,0.388786509,1,1,345.2247818,5,2649.266899,1
2,bimodal,Task B ,2,4,1,12.54598495,1,2,25.07888485,6,1599.357798,1
3,bimodal,Task B ,2,2,1,-1.149824575,4,2,263.5033799,1,2967.87175,4
3,bimodal,Task B ,1,4,1,-2.047130396,4,1,79.2055845,2,2635.885686,4
3,bimodal,Task B ,2,3,1,-5.415478378,4,2,217.1457208,3,2527.9646,4
3,bimodal,Task B ,1,3,1,1.377484907,3,1,263.4653361,4,2675.086154,3
3,bimodal,Task B ,2,1,0,-0.079353413,1,1,134.6358206,5,2548.365738,1
3,bimodal,Task B ,2,4,1,-20.64859646,1,2,324.7323679,6,2515.989421,1
4,bimodal,Task B ,1,2,1,-3.434862452,3,1,41.299776,1,2694.784252,3
4,bimodal,Task B ,2,2,1,3.548569406,1,2,267.3210045,2,3573.434383,1
4,bimodal,Task B ,1,3,1,-2.982765913,2,1,296.5986659,3,2901.666929,2
4,bimodal,Task B ,1,3,1,-0.459703426,4,1,11.94053518,4,2883.411537,4
4,bimodal,Task B ,2,3,1,-15.89026972,1,2,152.2576717,5,2293.310599,1
4,bimodal,Task B ,2,1,1,9.07617178,1,2,92.33174875,6,3803.915759,1
5,bimodal,Task B ,1,4,1,-3.955927331,1,1,340.989896,1,2630.776902,1
5,bimodal,Task B ,1,3,0,-6.953156655,3,2,27.54067969,2,2756.345539,3
5,bimodal,Task B ,1,4,1,-0.010634064,3,1,159.8130104,3,2584.526737,3
5,bimodal,Task B ,1,2,1,1.004750449,1,1,178.8294404,4,2881.608025,1
5,bimodal,Task B ,1,4,1,2.330103392,2,1,22.02968996,5,2604.526074,2
5,bimodal,Task B ,2,2,0,6.961191126,1,1,318.00162,6,2431.265298,1
6,bimodal,Task B ,1,2,0,10.92143532,4,2,299.1653705,1,2537.150967,4
6,bimodal,Task B ,2,2,1,16.38415891,1,2,29.59302336,2,2594.404291,1
6,bimodal,Task B ,1,2,0,-19.39744227,1,2,275.8798714,3,3138.435961,1
6,bimodal,Task B ,1,2,1,-4.36723593,1,1,255.5706355,4,2643.854928,1
6,bimodal,Task B ,1,1,1,2.391933646,1,1,339.2423233,5,2543.750131,1
6,bimodal,Task B ,2,2,1,10.87683226,1,2,297.1431192,6,2073.69386,1
7,bimodal,Task B ,1,4,1,-6.575108378,2,1,160.8811392,1,2563.653637,2
7,bimodal,Task B ,1,4,1,-3.957331867,4,1,301.3736535,2,2585.620358,4
7,bimodal,Task B ,1,4,1,-1.590664291,3,1,189.9583517,3,2822.552275,3
7,bimodal,Task B ,1,1,1,-1.179182622,3,1,115.2142349,4,2669.812049,3
7,bimodal,Task B ,1,1,1,-4.075828081,1,1,193.9225495,5,2595.638828,1
7,bimodal,Task B ,1,4,1,-6.516291819,4,1,35.55767159,6,2724.973272,4
8,bimodal,Task B ,1,4,0,-0.647795636,1,2,229.0922571,1,1840.549524,1
8,bimodal,Task B ,1,4,1,-0.095363231,4,1,306.3255323,2,2665.243351,4
8,bimodal,Task B ,2,4,1,-22.56782372,3,2,48.87496764,3,2830.886805,3
8,bimodal,Task B ,2,1,0,7.079634486,4,1,310.0772425,4,2521.036071,4
8,bimodal,Task B ,2,4,0,-1.764899186,3,1,210.5464314,5,2648.549888,3
8,bimodal,Task B ,1,4,1,3.276232812,3,1,225.9356314,6,2763.343628,3
9,bimodal,Task B ,2,1,0,2.42398561,2,1,273.2037525,1,2716.157676,2
9,bimodal,Task B ,2,1,0,3.528636727,3,1,259.6114447,2,2731.914073,3
9,bimodal,Task B ,2,3,1,17.34474352,2,2,0.824361515,3,2465.301315,2
9,bimodal,Task B ,1,1,1,-3.728773397,1,1,186.6713421,4,2622.228738,1
9,bimodal,Task B ,1,3,1,0.464470877,4,1,34.00053276,5,2607.796743,4
9,bimodal,Task B ,1,3,1,-0.053986954,4,1,13.49375547,6,2678.081441,4
10,bimodal,Task B ,2,2,1,-16.60114439,4,2,304.5926299,1,2524.931098,4
10,bimodal,Task B ,2,1,1,-20.66432343,2,2,250.4885956,2,1940.79639,2
10,bimodal,Task B ,1,1,1,2.491849549,4,1,350.0975637,3,2736.07235,4
10,bimodal,Task B ,1,2,1,-3.999561579,4,1,149.07222,4,2596.848284,4
10,bimodal,Task B ,1,2,1,1.103684133,1,1,96.9067979,5,2755.399294,1
10,bimodal,Task B ,1,2,1,2.733539299,3,1,146.9960076,6,2520.332383,3
1,bimodal,Task B ,2,1,0,2.019594767,2,1,290.9332004,1,2636.946938,2
1,bimodal,Task B ,2,3,1,14.70995375,3,2,108.3870574,2,2064.074986,3
1,bimodal,Task B ,2,1,0,-0.310508719,1,1,198.8468152,3,2614.344507,1
1,bimodal,Task B ,1,3,0,-4.242404705,1,2,326.1099284,4,2845.002549,1
1,bimodal,Task B ,1,3,1,-1.009950304,3,1,120.3843092,5,2627.248048,3
1,bimodal,Task B ,1,3,0,-4.018099711,2,2,218.0001714,6,3166.571615,2
2,bimodal,Task B ,1,2,1,6.382817392,4,1,131.013444,1,2731.58197,4
2,bimodal,Task B ,2,3,1,-10.99818916,1,2,155.4020688,2,2662.42774,1
2,bimodal,Task B ,1,2,0,2.290675727,4,2,185.4357537,3,2818.365028,4
2,bimodal,Task B ,1,2,1,4.051315557,2,1,104.3836318,4,2623.989718,2
2,bimodal,Task B ,1,3,1,-0.013489974,4,1,46.21821111,5,2822.414863,4
2,bimodal,Task B ,1,3,1,6.96436302,3,1,281.0604714,6,2728.061568,3
3,bimodal,Task B ,1,2,1,2.786107076,2,1,67.5694467,1,2876.394195,2
3,bimodal,Task B ,2,1,0,-8.007574272,1,1,88.5093109,2,2828.419124,1
3,bimodal,Task B ,2,2,1,-6.591066112,1,2,357.9813528,3,2543.001981,1
3,bimodal,Task B ,1,3,1,0.766170125,2,1,113.0414155,4,2446.819897,2
3,bimodal,Task B ,2,4,1,-17.25861879,4,2,104.0077826,5,2813.742458,4
3,bimodal,Task B ,1,2,1,2.057672609,2,1,105.6763437,6,2692.170619,2
4,bimodal,Task B ,1,2,1,3.810183057,2,1,143.7330222,1,2492.790575,2
4,bimodal,Task B ,2,4,1,17.32394382,3,2,151.7893226,2,2500.823764,3
4,bimodal,Task B ,1,1,1,-4.18438497,1,1,4.229488226,3,2717.49729,1
4,bimodal,Task B ,1,1,1,3.311304797,1,1,184.5239397,4,2794.530506,1
4,bimodal,Task B ,1,3,1,4.702048443,3,1,113.2920667,5,2626.343669,3
4,bimodal,Task B ,1,1,1,-4.69631216,1,1,255.2035903,6,2759.957015,1
5,bimodal,Task B ,1,2,1,-7.719139104,1,1,326.5090863,1,2814.996287,1
5,bimodal,Task B ,1,1,0,-5.402038544,3,2,143.0119632,2,2262.794971,3
5,bimodal,Task B ,1,4,0,-4.581259732,3,2,0.315908533,3,2973.392921,3
5,bimodal,Task B ,2,4,1,6.682474143,4,2,60.90484246,4,1754.743382,4
5,bimodal,Task B ,2,4,1,-9.235998644,3,2,322.021198,5,2007.198835,3
5,bimodal,Task B ,2,4,1,-13.68842017,1,2,32.91444008,6,3517.37342,1
6,bimodal,Task B ,2,2,1,0.357522992,3,2,152.9697267,1,3198.452071,3
6,bimodal,Task B ,2,2,0,-0.57062834,1,1,176.0420224,2,2688.459383,1
6,bimodal,Task B ,1,2,1,4.894009492,4,1,39.7381513,3,2694.549968,4
6,bimodal,Task B ,1,2,1,1.339805395,4,1,174.1073089,4,2767.214092,4
6,bimodal,Task B ,1,2,1,2.067713659,2,1,156.3252069,5,2746.404788,2
6,bimodal,Task B ,2,2,1,12.89860486,1,2,311.6539173,6,2868.509918,1
7,bimodal,Task B ,1,2,0,-23.4259368,4,2,233.3254123,1,2413.139453,4
7,bimodal,Task B ,1,2,0,6.918462529,2,2,139.2593844,2,1988.396856,2
7,bimodal,Task B ,1,4,1,2.60553554,4,1,21.47459236,3,2564.736345,4
7,bimodal,Task B ,1,1,1,3.668503289,3,1,240.8764744,4,2741.087472,3
7,bimodal,Task B ,1,4,1,1.857650611,3,1,148.3181873,5,2668.326841,3
7,bimodal,Task B ,1,1,1,0.10552783,2,1,260.176101,6,2527.366508,2
8,bimodal,Task B ,1,4,1,0.545955409,3,1,248.1795855,1,2696.161006,3
8,bimodal,Task B ,1,4,0,6.485327671,4,2,250.046477,2,3191.372205,4
8,bimodal,Task B ,1,4,0,-5.081719523,4,2,192.9243571,3,2164.255542,4
8,bimodal,Task B ,1,4,1,-1.236867242,3,1,71.17419404,4,2667.30111,3
8,bimodal,Task B ,2,4,1,2.714944833,4,2,94.12346802,5,2818.220601,4
8,bimodal,Task B ,2,4,1,9.449473064,4,2,306.3786924,6,2725.222662,4
9,bimodal,Task B ,1,1,1,-2.516991918,3,1,37.737001,1,2812.242031,3
9,bimodal,Task B ,1,1,1,3.089404296,4,1,359.9039453,2,2725.219614,4
9,bimodal,Task B ,1,1,0,-4.191885249,3,2,131.8570604,3,2457.463431,3
9,bimodal,Task B ,1,1,0,-23.69124347,1,2,118.7511452,4,2879.811337,1
9,bimodal,Task B ,2,1,0,1.006462914,4,1,224.7900645,5,2710.616781,4
9,bimodal,Task B ,1,2,1,0.23561456,2,1,22.39236234,6,2793.227994,2
10,bimodal,Task B ,1,1,1,-3.999432265,1,1,307.8651374,1,2656.844224,1
10,bimodal,Task B ,1,1,0,3.746882042,1,2,115.080009,2,2547.818881,1
10,bimodal,Task B ,1,1,0,-2.48629372,1,2,164.0535326,3,3452.956754,1
10,bimodal,Task B ,2,1,1,12.58049286,2,2,347.5779767,4,2815.708234,2
10,bimodal,Task B ,1,2,1,9.255614823,3,1,18.28850904,5,2778.667499,3
10,bimodal,Task B ,1,1,0,1.15461865,1,2,80.96256645,6,2699.131665,1
1,bimodal,Task B ,1,3,1,-5.291629803,4,1,163.0834371,1,2849.240119,4
1,bimodal,Task B ,1,3,1,-1.321521291,3,1,159.9296855,2,2579.478762,3
1,bimodal,Task B ,1,3,1,0.734032029,3,1,255.4269312,3,2783.131436,3
1,bimodal,Task B ,2,1,1,-0.652384493,1,2,316.4407244,4,3431.415488,1
1,bimodal,Task B ,1,2,1,4.330287516,1,1,93.24827777,5,2568.308399,1
1,bimodal,Task B ,2,1,0,8.432880893,1,1,268.3430194,6,2723.255178,1
2,bimodal,Task B ,2,2,0,0.603613105,4,1,338.5909423,1,2571.588727,4
2,bimodal,Task B ,1,1,0,18.59219336,3,2,116.203591,2,2741.536222,3
2,bimodal,Task B ,2,3,1,-15.37065543,2,2,178.6906304,3,3207.422115,2
2,bimodal,Task B ,2,2,1,7.300363225,1,2,98.95993929,4,2696.693829,1
2,bimodal,Task B ,1,2,1,-1.513836966,1,1,126.3000423,5,2686.827711,1
2,bimodal,Task B ,2,3,1,3.617194256,2,2,161.836451,6,3393.767746,2
3,bimodal,Task B ,1,4,1,-3.457587726,2,1,83.14484873,1,2774.917831,2
3,bimodal,Task B ,2,4,1,4.49642561,4,2,272.9483079,2,2397.740686,4
3,bimodal,Task B ,2,3,1,-5.349377438,1,2,146.747376,3,2467.252762,1
3,bimodal,Task B ,1,4,1,2.84069902,3,1,182.4232722,4,2786.079393,3
3,bimodal,Task B ,2,4,1,26.94598267,4,2,79.59124624,5,2259.369949,4
3,bimodal,Task B ,1,2,1,0.551472766,2,1,149.8514473,6,2694.459615,2
4,bimodal,Task B ,2,2,0,-1.412658636,2,1,46.46426179,1,2594.010301,2
4,bimodal,Task B ,1,2,0,-4.364704494,4,2,239.1610085,2,3663.998028,4
4,bimodal,Task B ,2,1,1,-3.538808249,1,2,7.377514178,3,2053.63531,1
4,bimodal,Task B ,2,4,0,5.328678536,4,1,309.5114369,4,2818.206355,4
4,bimodal,Task B ,1,2,1,-5.136788029,3,1,41.21154901,5,2861.20731,3
4,bimodal,Task B ,1,2,0,-1.056791361,2,2,230.5708497,6,2979.29927,2
5,bimodal,Task B ,1,2,1,-4.284365897,1,1,286.6124557,1,2620.011449,1
5,bimodal,Task B ,2,4,1,4.401605317,2,2,349.5437658,2,3346.36067,2
5,bimodal,Task B ,1,3,0,-0.730646264,4,2,272.7009773,3,3164.732922,4
5,bimodal,Task B ,1,2,1,-4.563253531,2,1,190.260205,4,2648.11444,2
5,bimodal,Task B ,1,4,0,4.596432461,2,2,109.5112169,5,2747.445402,2
5,bimodal,Task B ,2,2,1,-4.85399025,2,2,259.6387889,6,2143.432159,2
6,bimodal,Task B ,2,3,0,-2.91359413,4,1,105.6866009,1,2645.85069,4
6,bimodal,Task B ,1,2,0,-9.448507805,3,2,315.614429,2,2533.729143,3
6,bimodal,Task B ,1,2,0,-7.301772854,3,2,246.8558885,3,2552.92158,3
6,bimodal,Task B ,1,2,1,-3.312778793,1,1,351.7860427,4,2707.01252,1
6,bimodal,Task B ,2,2,0,2.909825048,3,1,68.08289434,5,2500.25147,3
6,bimodal,Task B ,2,2,1,10.10980142,3,2,43.11195679,6,3290.803425,3
7,bimodal,Task B ,2,4,1,21.94374661,2,2,270.9408585,1,2795.342675,2
7,bimodal,Task B ,1,1,1,3.568373486,4,1,346.4521395,2,2814.177771,4
7,bimodal,Task B ,1,1,0,0.022693285,3,2,110.6097305,3,2381.139533,3
7,bimodal,Task B ,1,1,1,-2.323096392,2,1,209.9757397,4,2508.292153,2
7,bimodal,Task B ,2,4,1,-16.24964077,3,2,145.4878221,5,2341.737077,3
7,bimodal,Task B ,1,1,0,20.44899375,2,2,320.33399,6,2030.504706,2
8,bimodal,Task B ,1,4,1,0.394955672,3,1,149.5273297,1,2702.50955,3
8,bimodal,Task B ,1,4,1,0.812887,2,1,137.1214464,2,2737.029206,2
8,bimodal,Task B ,1,4,1,4.219579182,4,1,147.2227401,3,2613.416036,4
8,bimodal,Task B ,2,4,1,5.573190803,4,2,9.578891487,4,2213.64162,4
8,bimodal,Task B ,2,4,1,-17.98894471,3,2,101.5799512,5,3004.837627,3
8,bimodal,Task B ,1,4,1,-2.692000724,3,1,327.7563845,6,2665.851188,3
9,bimodal,Task B ,1,1,1,4.298024437,2,1,232.7242677,1,2615.48109,2
9,bimodal,Task B ,2,1,0,0.686015955,2,1,82.16662775,2,2769.512084,2
9,bimodal,Task B ,2,4,0,1.354117579,4,1,335.54827,3,2909.664624,4
9,bimodal,Task B ,1,1,1,-0.40935125,3,1,5.819368781,4,2579.488573,3
9,bimodal,Task B ,1,3,0,13.32482349,2,2,337.4719535,5,2778.100579,2
9,bimodal,Task B ,1,1,0,-14.91415784,2,2,10.55629353,6,2832.465593,2
10,bimodal,Task B ,1,1,0,5.698869304,4,2,132.6848883,1,2516.699386,4
10,bimodal,Task B ,2,3,1,-13.80720261,4,2,204.6049692,2,2095.500439,4
10,bimodal,Task B ,2,1,1,9.495143837,4,2,347.5271091,3,2817.815639,4
10,bimodal,Task B ,1,1,0,-12.04123671,2,2,197.5504367,4,2464.815313,2
10,bimodal,Task B ,1,2,1,3.509687365,1,1,104.2898773,5,2818.014117,1
10,bimodal,Task B ,1,2,1,2.449175821,3,1,29.78853072,6,2775.583259,3
1,bimodal,Task B ,1,3,1,-4.48512376,4,1,247.0321972,1,2633.90844,4
1,bimodal,Task B ,2,2,1,-14.80140919,1,2,238.6135298,2,3193.595395,1
1,bimodal,Task B ,1,3,0,4.176656072,1,2,28.3953033,3,2340.247419,1
1,bimodal,Task B ,2,2,0,1.926235409,2,1,278.8670494,4,3077.26945,2
1,bimodal,Task B ,1,4,0,-1.13292197,4,2,218.4363983,5,3320.181888,4
1,bimodal,Task B ,2,2,1,-14.22292857,2,2,244.6541926,6,2557.478982,2
2,bimodal,Task B ,2,3,1,23.05050982,4,2,33.80352936,1,2511.446686,4
2,bimodal,Task B ,2,3,1,4.635165302,1,2,142.3799063,2,3066.61184,1
2,bimodal,Task B ,2,3,1,-12.6143204,4,2,10.49092857,3,2119.84263,4
2,bimodal,Task B ,2,3,1,-17.98090281,1,2,10.34179992,4,2886.84869,1
2,bimodal,Task B ,2,3,1,19.30425009,2,2,21.09534226,5,2482.71888,2
2,bimodal,Task B ,1,3,0,6.823966742,2,2,316.6230059,6,2318.800915,2
3,bimodal,Task B ,2,4,1,-12.7497145,2,2,218.3829818,1,2496.771595,2
3,bimodal,Task B ,1,4,1,0.018934691,3,1,20.13377894,2,2636.617587,3
3,bimodal,Task B ,1,3,1,0.543819946,2,1,110.2483671,3,2536.061596,2
3,bimodal,Task B ,2,3,0,3.919820001,1,1,184.8243093,4,2885.904406,1
3,bimodal,Task B ,1,2,1,2.793492773,1,1,95.04236062,5,2766.910958,1
3,bimodal,Task B ,2,4,1,14.42036896,4,2,1.647854712,6,1519.735107,4
4,bimodal,Task B ,2,3,0,1.082064486,4,1,259.8848302,1,2783.699853,4
4,bimodal,Task B ,2,3,1,-15.54209644,2,2,290.1547645,2,3298.642546,2
4,bimodal,Task B ,1,2,1,0.691209741,1,1,303.2997564,3,2607.472241,1
4,bimodal,Task B ,1,2,1,-3.423627417,1,1,305.2028882,4,2690.533424,1
4,bimodal,Task B ,2,3,0,-1.73107232,4,1,209.6198987,5,2685.110583,4
4,bimodal,Task B ,1,1,0,-1.636332321,3,2,18.12809295,6,2555.193788,3
5,bimodal,Task B ,2,4,1,-12.73747156,2,2,333.3104258,1,2330.791494,2
5,bimodal,Task B ,2,4,1,5.253768333,3,2,179.5220494,2,3615.186677,3
5,bimodal,Task B ,2,4,1,4.317225298,3,2,199.2080706,3,4152.874087,3
5,bimodal,Task B ,1,3,1,3.020325444,2,1,125.0675152,4,2894.052978,2
5,bimodal,Task B ,2,2,0,5.427788299,2,1,38.9352063,5,2595.555609,2
5,bimodal,Task B ,1,2,0,2.730548463,2,2,181.9500582,6,2154.443287,2
6,bimodal,Task B ,1,2,1,-2.870931574,4,1,245.8526069,1,2462.648452,4
6,bimodal,Task B ,1,1,1,-2.585404956,2,1,213.3109548,2,2420.007104,2
6,bimodal,Task B ,1,2,1,2.145467412,2,1,142.6393509,3,2510.544416,2
6,bimodal,Task B ,1,2,1,0.870795704,4,1,63.83235614,4,2646.355442,4
6,bimodal,Task B ,2,2,1,-16.87250433,1,2,25.6251083,5,3165.265392,1
6,bimodal,Task B ,1,1,1,-0.358008694,3,1,154.7829288,6,2495.148951,3
7,bimodal,Task B ,1,4,1,-1.848875608,2,1,132.6349689,1,2638.274063,2
7,bimodal,Task B ,1,4,0,7.758860441,3,2,306.5954852,2,2645.698719,3
7,bimodal,Task B ,1,1,0,-10.92836775,2,2,25.74683761,3,2738.891718,2
7,bimodal,Task B ,1,1,0,6.120088168,2,2,119.5187963,4,2393.259866,2
7,bimodal,Task B ,1,4,0,-4.525737325,4,2,119.5550817,5,2634.219319,4
7,bimodal,Task B ,1,1,0,19.10717292,2,2,34.84805602,6,2567.827223,2
8,bimodal,Task B ,1,4,0,-13.22427856,2,2,328.1268566,1,1738.098546,2
8,bimodal,Task B ,1,4,1,4.640469178,4,1,345.4407996,2,2617.933831,4
8,bimodal,Task B ,2,1,0,2.822574847,2,1,45.88133088,3,2524.59102,2
8,bimodal,Task B ,1,4,0,-3.656482054,1,2,127.8866925,4,2450.349545,1
8,bimodal,Task B ,2,4,0,9.179658411,2,1,178.7253508,5,2390.967418,2
8,bimodal,Task B ,2,4,1,9.870690892,2,2,121.7460636,6,2317.047509,2
9,bimodal,Task B ,1,1,1,1.032503644,3,1,335.3667096,1,2794.546326,3
9,bimodal,Task B ,1,1,0,4.166068144,3,2,30.32414812,2,2757.80065,3
9,bimodal,Task B ,1,2,0,-6.36394758,4,2,186.6194932,3,2121.091593,4
9,bimodal,Task B ,2,2,1,7.01206774,3,2,320.1826541,4,2915.898684,3
9,bimodal,Task B ,1,3,0,0.657085908,3,2,324.301613,5,2394.219418,3
9,bimodal,Task B ,1,2,1,-0.162098681,2,1,167.8270014,6,2606.393668,2
10,bimodal,Task B ,1,1,1,2.105932673,1,1,88.09994312,1,2772.960668,1
10,bimodal,Task B ,1,1,1,-0.279690208,2,1,164.4118269,2,2625.282204,2
10,bimodal,Task B ,1,1,1,-3.948241968,1,1,230.2489532,3,2543.937674,1
10,bimodal,Task B ,1,2,1,0.395684091,2,1,213.0309721,4,2775.87378,2
10,bimodal,Task B ,1,2,0,-5.450136151,3,2,162.3901429,5,3803.632082,3
10,bimodal,Task B ,1,2,0,11.3867995,1,2,211.1346393,6,2963.473385,1
1,bimodal,Task B ,1,2,0,3.493034096,4,2,178.9217035,1,2638.711581,4
1,bimodal,Task B ,1,2,1,-0.063403718,2,1,46.50799189,2,2796.158884,2
1,bimodal,Task B ,1,2,1,6.299460384,4,1,67.4270347,3,2690.506878,4
1,bimodal,Task B ,2,4,1,22.87066072,3,2,358.1536547,4,2118.931034,3
1,bimodal,Task B ,1,3,1,2.306628317,4,1,192.876295,5,2601.246621,4
1,bimodal,Task B ,1,2,0,8.8390412,1,2,237.1322128,6,3046.654023,1
2,bimodal,Task B ,2,3,0,0.891220769,4,1,70.02881785,1,2838.750179,4
2,bimodal,Task B ,1,2,1,1.825586967,2,1,305.7794218,2,2776.509422,2
2,bimodal,Task B ,1,2,1,-0.206997844,1,1,17.41773744,3,2927.932237,1
2,bimodal,Task B ,1,3,1,1.613734117,3,1,56.49372921,4,2642.917602,3
2,bimodal,Task B ,1,3,1,-0.308311817,3,1,116.5332584,5,2809.934933,3
2,bimodal,Task B ,1,3,0,0.094391584,2,2,303.4769129,6,2571.24843,2
3,bimodal,Task B ,2,4,1,9.800058888,1,2,107.0542195,1,2633.016966,1
3,bimodal,Task B ,1,3,1,-4.592082889,3,1,274.9892204,2,2840.684433,3
3,bimodal,Task B ,1,3,0,-9.235700722,3,2,15.76076795,3,2925.47939,3
3,bimodal,Task B ,1,2,1,-3.420430138,3,1,116.8594932,4,2848.945018,3
3,bimodal,Task B ,2,4,1,-18.4682828,3,2,190.5120516,5,3409.432779,3
3,bimodal,Task B ,1,3,1,2.658222828,3,1,53.84231612,6,2710.237276,3
4,bimodal,Task B ,1,3,1,-4.457774083,4,1,161.7563228,1,2720.138336,4
4,bimodal,Task B ,2,4,0,-5.342904526,2,1,241.7857789,2,2921.123271,2
4,bimodal,Task B ,2,4,0,-2.106470511,3,1,9.01478994,3,2703.576613,3
4,bimodal,Task B ,1,3,0,-0.577046617,3,2,112.0864379,4,2449.415383,3
4,bimodal,Task B ,1,3,1,3.31888538,2,1,351.9031593,5,2906.292313,2
4,bimodal,Task B ,1,1,1,-0.785638705,2,1,138.3039654,6,2829.07704,2
5,bimodal,Task B ,1,1,1,1.87571746,1,1,26.60692866,1,2683.169828,1
5,bimodal,Task B ,2,4,1,-16.83492209,2,2,221.5520673,2,2762.472529,2
5,bimodal,Task B ,1,4,1,3.589971995,1,1,210.6778646,3,2625.307864,1
5,bimodal,Task B ,1,4,1,-0.554572542,4,1,85.35111617,4,2821.141834,4
5,bimodal,Task B ,1,4,0,0.501768554,4,2,359.9173946,5,1829.283696,4
5,bimodal,Task B ,1,4,1,1.262995394,1,1,63.66522457,6,2625.866377,1
6,bimodal,Task B ,1,2,0,-3.007451802,1,2,155.4511041,1,2333.397969,1
6,bimodal,Task B ,2,2,0,-6.314832854,3,1,26.11168958,2,2645.193586,3
6,bimodal,Task B ,1,2,0,-4.289525911,1,2,138.64426,3,2822.564508,1
6,bimodal,Task B ,1,2,1,0.382245205,3,1,21.75934592,4,2868.338149,3
6,bimodal,Task B ,2,2,1,20.40052168,2,2,31.18775699,5,2748.107576,2
6,bimodal,Task B ,1,2,1,0.9317667,3,1,31.2638421,6,2748.334601,3
7,bimodal,Task B ,1,1,0,-2.344482609,3,2,122.4033047,1,2036.006555,3
7,bimodal,Task B ,1,2,0,9.569251571,1,2,216.1435589,2,2099.822444,1
7,bimodal,Task B ,1,4,0,0.510318267,2,2,121.9650178,3,3694.888316,2
7,bimodal,Task B ,1,4,1,1.38000243,4,1,300.3060534,4,2575.325486,4
7,bimodal,Task B ,1,4,1,2.3829814,4,1,26.13370438,5,2829.325809,4
7,bimodal,Task B ,1,1,1,0.832114004,4,1,64.26835442,6,2758.281532,4
8,bimodal,Task B ,1,4,1,0.634789194,2,1,334.9870519,1,2748.576166,2
8,bimodal,Task B ,1,4,1,2.505885952,2,1,76.27601041,2,2784.915477,2
8,bimodal,Task B ,2,4,1,-25.61969461,1,2,326.4820406,3,3128.301255,1
8,bimodal,Task B ,1,4,1,2.382791509,3,1,256.640309,4,2896.603647,3
8,bimodal,Task B ,2,4,0,-2.262832754,3,1,99.57993173,5,2579.641219,3
8,bimodal,Task B ,1,4,1,-2.447586598,1,1,167.0970239,6,2691.368611,1
9,bimodal,Task B ,2,1,1,0.631391232,1,2,5.123789457,1,3366.044505,1
9,bimodal,Task B ,2,2,1,0.23892648,3,2,116.7886463,2,1680.679545,3
9,bimodal,Task B ,2,1,1,-4.157826734,2,2,293.6855496,3,2712.57856,2
9,bimodal,Task B ,1,2,0,-28.87300459,1,2,205.7002608,4,2567.771029,1
9,bimodal,Task B ,2,1,1,-7.477900598,4,2,60.72414031,5,2691.291792,4
9,bimodal,Task B ,1,2,1,0.262184544,4,1,26.44435615,6,2732.029096,4
10,bimodal,Task B ,1,1,1,2.276420975,1,1,255.2909335,1,2429.340436,1
10,bimodal,Task B ,1,1,0,3.48857305,1,2,283.3074438,2,2705.238916,1
10,bimodal,Task B ,1,2,0,-3.002540957,1,2,143.076458,3,3371.040489,1
10,bimodal,Task B ,1,2,1,-3.843739499,3,1,233.3391978,4,2845.616443,3
10,bimodal,Task B ,1,2,1,-5.450157789,4,1,250.3028028,5,2814.462962,4
10,bimodal,Task B ,1,2,1,1.697244373,1,1,213.2845823,6,2863.715393,1
1,bimodal,Task B ,1,3,1,-1.844444945,2,1,234.2485463,1,2557.502332,2
1,bimodal,Task B ,2,4,1,13.18049664,2,2,162.6284876,2,1438.636736,2
1,bimodal,Task B ,2,2,1,-12.48887885,1,2,291.1255421,3,2308.440129,1
1,bimodal,Task B ,1,3,1,0.239660217,4,1,233.8029931,4,2730.400698,4
1,bimodal,Task B ,1,3,1,0.152110661,4,1,279.4540878,5,2568.358227,4
1,bimodal,Task B ,1,2,0,-2.041540882,1,2,317.1308147,6,2925.786275,1
2,bimodal,Task B ,1,1,0,-18.80922781,1,2,180.4281541,1,2544.776787,1
2,bimodal,Task B ,1,1,1,-2.761531892,2,1,270.5836109,2,2775.287095,2
2,bimodal,Task B ,1,2,1,-3.889789278,4,1,68.84903894,3,2670.339272,4
2,bimodal,Task B ,1,1,1,1.163948061,1,1,209.8968717,4,2579.007402,1
2,bimodal,Task B ,1,3,1,-1.084732246,3,1,95.41461995,5,2669.275375,3
2,bimodal,Task B ,2,3,1,-9.157735614,2,2,337.0580589,6,2057.422544,2
3,bimodal,Task B ,2,2,1,4.305604139,2,2,9.844960537,1,3094.193059,2
3,bimodal,Task B ,2,4,1,2.60132861,1,2,280.4610749,2,2108.502442,1
3,bimodal,Task B ,2,2,1,9.655308776,3,2,259.1984797,3,3380.275076,3
3,bimodal,Task B ,2,4,1,22.74562575,4,2,175.7730323,4,3141.297009,4
3,bimodal,Task B ,1,3,1,1.058021069,2,1,69.69167433,5,2672.041137,2
3,bimodal,Task B ,1,3,1,3.539603467,3,1,334.369842,6,2614.466182,3
4,bimodal,Task B ,1,3,1,-2.372259759,2,1,196.1889404,1,2909.664653,2
4,bimodal,Task B ,1,2,1,0.18309235,3,1,23.14106346,2,2565.227643,3
4,bimodal,Task B ,1,3,0,-13.98701354,3,2,103.9243482,3,2723.815323,3
4,bimodal,Task B ,2,1,1,4.343198838,1,2,215.3702222,4,3378.825655,1
4,bimodal,Task B ,1,1,0,4.270295896,1,2,282.1801189,5,2590.211329,1
4,bimodal,Task B ,1,1,1,-1.903921153,1,1,58.67350486,6,2871.511097,1
5,bimodal,Task B ,1,3,0,-4.61592721,3,2,67.61085284,1,2610.994088,3
5,bimodal,Task B ,2,4,1,-11.74775517,4,2,112.9896309,2,2101.637968,4
5,bimodal,Task B ,2,4,1,-9.145518564,4,2,215.0809363,3,1552.332325,4
5,bimodal,Task B ,1,2,1,0.999438471,2,1,312.7472959,4,2769.289001,2
5,bimodal,Task B ,1,4,1,-1.255203858,3,1,85.46521723,5,2875.803002,3
5,bimodal,Task B ,1,4,0,2.86298189,2,2,269.9182948,6,2538.922243,2
6,bimodal,Task B ,1,3,0,-2.058485266,4,2,119.0774361,1,2383.617655,4
6,bimodal,Task B ,2,2,1,26.03256191,2,2,93.09366771,2,2684.432554,2
6,bimodal,Task B ,1,2,1,5.607506579,2,1,71.84469793,3,2603.955405,2
6,bimodal,Task B ,1,2,1,-3.557318258,2,1,4.693689449,4,2726.828814,2
6,bimodal,Task B ,1,2,0,-16.18591012,3,2,274.3586969,5,2744.038662,3
6,bimodal,Task B ,2,2,0,-1.49098994,3,1,223.1499105,6,2650.652907,3
7,bimodal,Task B ,1,1,0,-7.891272705,1,2,70.26298467,1,2523.418301,1
7,bimodal,Task B ,1,1,0,-1.953880845,4,2,102.3037842,2,2487.926036,4
7,bimodal,Task B ,1,1,1,-0.116217784,1,1,197.5617949,3,2645.65774,1
7,bimodal,Task B ,2,1,0,2.750449029,4,1,3.941233974,4,2926.720052,4
7,bimodal,Task B ,1,1,0,-7.280700965,3,2,340.081736,5,3001.940285,3
7,bimodal,Task B ,1,4,0,-21.36819192,4,2,226.6460676,6,2499.899459,4
8,bimodal,Task B ,1,4,1,0.801393554,4,1,118.4350325,1,2667.990451,4
8,bimodal,Task B ,2,4,1,22.11756869,2,2,59.70415762,2,2896.662164,2
8,bimodal,Task B ,2,4,0,1.29690045,3,1,223.509186,3,2764.778819,3
8,bimodal,Task B ,1,4,1,-1.54341359,4,1,242.9027222,4,2780.023145,4
8,bimodal,Task B ,1,4,1,0.521169204,2,1,78.04169419,5,2851.959904,2
8,bimodal,Task B ,1,4,1,-2.799363007,1,1,150.165542,6,2703.741838,1
9,bimodal,Task B ,2,4,0,-2.859070774,4,1,291.152957,1,2736.593114,4
9,bimodal,Task B ,1,4,1,1.833882598,4,1,108.6125725,2,2522.134751,4
9,bimodal,Task B ,1,1,0,4.600390296,2,2,134.2347283,3,3025.522648,2
9,bimodal,Task B ,1,2,0,-6.894560651,3,2,272.5123283,4,2540.234115,3
9,bimodal,Task B ,2,3,1,-20.25489673,3,2,237.4443088,5,3125.471712,3
9,bimodal,Task B ,1,2,0,-3.951594076,4,2,258.1968683,6,2501.888477,4
10,bimodal,Task B ,1,1,1,-6.952040413,2,1,180.495966,1,2722.911015,2
10,bimodal,Task B ,1,2,1,-0.593353826,3,1,114.8824418,2,2759.446378,3
10,bimodal,Task B ,2,1,0,1.880883884,4,1,122.7302615,3,2853.589787,4
10,bimodal,Task B ,1,1,0,3.703408391,2,2,135.4201634,4,2318.090084,2
10,bimodal,Task B ,2,3,1,-17.8867109,4,2,132.1971331,5,2996.171029,4
10,bimodal,Task B ,1,2,0,-5.944423854,3,2,204.1696473,6,2689.764048,3
1,bimodal,Task B ,2,4,1,6.953120703,4,2,314.8142049,1,1925.944216,4
1,bimodal,Task B ,2,1,1,10.2515788,1,2,234.5699423,2,3822.082686,1
1,bimodal,Task B ,1,3,1,-3.511011683,3,1,267.067358,3,2600.753838,3
1,bimodal,Task B ,1,3,1,2.937431384,3,1,315.2184468,4,2710.277925,3
1,bimodal,Task B ,2,1,0,-3.637112502,1,1,279.23007,5,2673.210107,1
1,bimodal,Task B ,2,2,0,-0.991304927,1,1,304.4235956,6,2517.930598,1
2,bimodal,Task B ,1,1,0,3.093172556,3,2,63.54901588,1,1693.316357,3
2,bimodal,Task B ,2,2,1,3.143034161,2,2,313.6193566,2,3017.779163,2
2,bimodal,Task B ,1,2,1,-3.414165074,3,1,91.18007727,3,2875.072066,3
2,bimodal,Task B ,1,2,0,2.537342848,4,2,169.5737041,4,3046.166129,4
2,bimodal,Task B ,1,2,1,0.567004601,2,1,109.203287,5,2707.817021,2
2,bimodal,Task B ,1,4,1,2.709209392,2,1,159.4157316,6,2680.485001,2
3,bimodal,Task B ,2,4,1,6.459666175,4,2,262.4211121,1,2426.282673,4
3,bimodal,Task B ,2,4,1,1.197198281,3,2,341.7035015,2,1981.397851,3
3,bimodal,Task B ,1,3,1,3.2529963,3,1,167.3526963,3,2733.014132,3
3,bimodal,Task B ,1,1,0,-15.37179639,1,2,173.1788196,4,2697.35803,1
3,bimodal,Task B ,2,3,1,-1.270916925,4,2,72.67257447,5,3819.474168,4
3,bimodal,Task B ,1,2,1,1.291191148,4,1,347.4783787,6,2654.842649,4
4,bimodal,Task B ,1,3,1,-3.148140203,1,1,340.7681017,1,2576.993114,1
4,bimodal,Task B ,1,2,0,-1.637758268,3,2,232.4656441,2,1838.889617,3
4,bimodal,Task B ,1,1,1,5.228862993,4,1,289.5248963,3,2629.677164,4
4,bimodal,Task B ,1,2,1,0.841481879,2,1,68.98900455,4,2766.160624,2
4,bimodal,Task B ,1,2,0,2.419767957,2,2,317.5780428,5,2653.554744,2
4,bimodal,Task B ,1,1,1,1.118047414,3,1,295.0092476,6,2740.454084,3
5,bimodal,Task B ,1,1,1,0.449669196,1,1,240.9712464,1,2692.673818,1
5,bimodal,Task B ,1,3,0,-6.692329063,3,2,301.5499487,2,2337.367552,3
5,bimodal,Task B ,1,3,1,-1.945284883,4,1,69.93686241,3,2795.965037,4
5,bimodal,Task B ,2,4,1,14.66486668,4,2,297.4138309,4,1960.528381,4
5,bimodal,Task B ,1,4,1,3.285996168,2,1,225.6784467,5,2600.332333,2
5,bimodal,Task B ,2,2,1,-5.643254944,4,2,196.4788165,6,2571.134258,4
6,bimodal,Task B ,1,1,0,22.08463426,1,2,259.5821242,1,1970.445503,1
6,bimodal,Task B ,2,2,1,-13.52502387,1,2,189.9390174,2,2813.701544,1
6,bimodal,Task B ,2,2,0,1.90334233,4,1,141.7002894,3,2669.028756,4
6,bimodal,Task B ,2,2,1,-18.35754345,4,2,142.7524616,4,2809.573779,4
6,bimodal,Task B ,1,2,1,-1.245649641,3,1,316.0946623,5,2522.461658,3
6,bimodal,Task B ,2,2,1,21.81020901,1,2,337.2176042,6,3625.516132,1
7,bimodal,Task B ,1,1,1,0.496927873,2,1,241.95587,1,2738.000418,2
7,bimodal,Task B ,1,4,0,-2.950951701,4,2,58.18810923,2,1898.285142,4
7,bimodal,Task B ,1,4,0,-9.634524202,3,2,281.1672525,3,2773.931556,3
7,bimodal,Task B ,1,1,1,2.706784182,1,1,232.893449,4,2795.484549,1
7,bimodal,Task B ,1,4,0,-8.618126192,3,2,89.1346644,5,3048.850878,3
7,bimodal,Task B ,1,4,1,0.892739877,2,1,341.8151122,6,3085.022114,2
8,bimodal,Task B ,2,4,1,14.39519723,3,2,342.0491128,1,1990.666187,3
8,bimodal,Task B ,2,4,1,16.08493228,1,2,128.9834494,2,2504.641338,1
8,bimodal,Task B ,2,4,0,2.223598504,1,1,69.29383667,3,2622.02222,1
8,bimodal,Task B ,1,1,1,0.931802325,3,1,197.1288586,4,2715.443287,3
8,bimodal,Task B ,1,4,1,1.370104743,2,1,155.2557372,5,2733.250876,2
8,bimodal,Task B ,1,4,0,-3.205745018,1,2,165.1135384,6,1957.887566,1
9,bimodal,Task B ,1,2,1,0.575783736,1,1,68.00784284,1,2721.769861,1
9,bimodal,Task B ,1,2,0,-10.45444767,1,2,123.5616629,2,2459.774078,1
9,bimodal,Task B ,1,2,1,6.144081352,2,1,76.14842754,3,2699.834294,2
9,bimodal,Task B ,1,3,0,-2.078969533,2,2,108.8951421,4,3804.777245,2
9,bimodal,Task B ,2,3,1,18.49049681,4,2,56.48412238,5,2491.758756,4
9,bimodal,Task B ,1,1,0,2.703308926,1,2,245.3756312,6,2378.807333,1
10,bimodal,Task B ,1,1,1,1.65416044,2,1,50.85639752,1,2816.403879,2
10,bimodal,Task B ,1,1,0,0.724748554,3,2,256.5828145,2,2835.721141,3
10,bimodal,Task B ,1,1,1,-1.651687581,3,1,303.1971395,3,2491.141826,3
10,bimodal,Task B ,1,2,1,-1.037930931,3,1,206.6114878,4,2776.257432,3
10,bimodal,Task B ,2,2,1,-22.69197543,2,2,186.4185363,5,3253.040856,2
10,bimodal,Task B ,1,2,0,-2.814418134,1,2,130.0090821,6,3086.184479,1
1,bimodal,Task B ,2,1,1,-11.93782511,2,2,17.95495661,1,2885.016284,2
1,bimodal,Task B ,1,3,0,8.656299261,3,2,229.375519,2,3166.204205,3
1,bimodal,Task B ,2,4,1,-19.10077136,3,2,208.153316,3,2493.236103,3
1,bimodal,Task B ,2,2,0,5.559082682,2,1,45.55051023,4,2771.748794,2
1,bimodal,Task B ,1,3,0,11.01169048,2,2,235.7188796,5,2988.286884,2
1,bimodal,Task B ,2,1,0,7.466225647,1,1,238.7297526,6,2690.053193,1
2,bimodal,Task B ,1,2,1,1.627592737,2,1,338.7040487,1,2825.278778,2
2,bimodal,Task B ,1,3,1,2.295863323,1,1,326.6414814,2,2684.591952,1
2,bimodal,Task B ,2,2,0,0.148696578,1,1,232.1128157,3,2500.111556,1
2,bimodal,Task B ,2,4,1,20.57144744,2,2,96.88783513,4,2281.341132,2
2,bimodal,Task B ,2,1,0,1.231716155,3,1,304.4456272,5,2529.432535,3
2,bimodal,Task B ,1,4,1,-3.455415747,1,1,141.2338736,6,2595.48217,1
3,bimodal,Task B ,2,3,0,1.089176276,3,1,11.44274357,1,2627.574774,3
3,bimodal,Task B ,2,4,1,14.4282433,4,2,251.6304015,2,2204.034147,4
3,bimodal,Task B ,1,4,1,-1.971717491,3,1,254.0218011,3,2653.583447,3
3,bimodal,Task B ,1,4,1,2.74876122,4,1,50.67460623,4,2630.502681,4
3,bimodal,Task B ,1,3,1,2.829187137,2,1,325.7026945,5,2666.999318,2
3,bimodal,Task B ,1,2,0,-3.663821079,1,2,118.3841689,6,1981.506187,1
4,bimodal,Task B ,2,4,1,8.072583492,3,2,123.9388223,1,3180.651069,3
4,bimodal,Task B ,2,2,1,10.73889189,2,2,262.6571299,2,2577.632835,2
4,bimodal,Task B ,1,2,1,0.033740594,3,1,172.7709022,3,2834.546766,3
4,bimodal,Task B ,1,2,1,-1.36647233,2,1,156.0414579,4,2691.75453,2
4,bimodal,Task B ,1,2,0,3.063528558,4,2,289.974541,5,2911.454981,4
4,bimodal,Task B ,1,1,1,-5.259046483,2,1,218.6808768,6,2818.328552,2
5,bimodal,Task B ,1,3,0,7.193000285,3,2,191.9518099,1,2697.698587,3
5,bimodal,Task B ,1,4,1,0.466787356,3,1,9.606479314,2,2885.403271,3
5,bimodal,Task B ,2,4,1,13.68469532,2,2,166.9857434,3,2681.183239,2
5,bimodal,Task B ,2,2,0,-0.836053699,3,1,356.5352177,4,2630.238717,3
5,bimodal,Task B ,1,4,1,4.482154629,4,1,27.79552701,5,2773.263448,4
5,bimodal,Task B ,1,4,1,-0.290159948,1,1,122.3483636,6,2541.344592,1
6,bimodal,Task B ,2,2,0,2.60917174,1,1,300.2862615,1,2783.091144,1
6,bimodal,Task B ,1,2,0,13.25645897,2,2,179.4206237,2,2330.994155,2
6,bimodal,Task B ,2,2,0,-5.754031374,4,1,182.0977479,3,2624.885449,4
6,bimodal,Task B ,1,1,0,-3.163184894,3,2,125.9648803,4,1999.672926,3
6,bimodal,Task B ,2,2,1,12.76911728,2,2,264.9450668,5,2280.853776,2
6,bimodal,Task B ,2,1,0,0.612352892,4,1,5.490360691,6,3001.541113,4
7,bimodal,Task B ,1,1,1,-3.775343508,4,1,330.3520246,1,2876.215811,4
7,bimodal,Task B ,1,2,0,-7.002500008,2,2,17.99773441,2,2875.87677,2
7,bimodal,Task B ,1,4,0,8.602182932,1,2,228.7418049,3,2590.691035,1
7,bimodal,Task B ,1,4,1,4.325812666,4,1,187.959812,4,2780.711761,4
7,bimodal,Task B ,1,4,0,1.734239411,4,2,291.3695922,5,2315.370754,4
7,bimodal,Task B ,1,1,0,-20.58043167,1,2,129.821467,6,1975.667248,1
8,bimodal,Task B ,1,4,0,3.709163023,4,2,98.18318205,1,2440.204176,4
8,bimodal,Task B ,1,4,1,-2.989454043,4,1,290.4190385,2,2830.749276,4
8,bimodal,Task B ,1,4,1,-1.199598321,3,1,224.2222839,3,2747.412273,3
8,bimodal,Task B ,1,4,1,1.151912559,3,1,220.9830409,4,2843.617413,3
8,bimodal,Task B ,2,4,1,12.29168551,3,2,249.4323216,5,3218.835653,3
8,bimodal,Task B ,2,4,1,23.05336741,1,2,95.23062839,6,2549.373427,1
9,bimodal,Task B ,1,1,1,3.659962246,3,1,218.3289375,1,2647.638687,3
9,bimodal,Task B ,1,2,1,-0.257338591,4,1,132.0310844,2,2659.94416,4
9,bimodal,Task B ,1,1,1,1.584977457,3,1,178.1770611,3,2918.231876,3
9,bimodal,Task B ,2,3,1,-16.29427937,1,2,49.34494369,4,3083.050804,1
9,bimodal,Task B ,1,2,0,4.455297774,3,2,302.7676348,5,3045.602687,3
9,bimodal,Task B ,1,1,0,-2.070242857,3,2,28.34287104,6,3288.925434,3
10,bimodal,Task B ,1,1,0,-6.709345494,2,2,78.94094862,1,2617.996191,2
10,bimodal,Task B ,1,2,1,2.550180952,4,1,279.8811137,2,2815.171268,4
10,bimodal,Task B ,1,2,0,5.868879079,4,2,282.1087069,3,2866.706835,4
10,bimodal,Task B ,1,2,1,3.989981417,2,1,53.47553555,4,2682.38535,2
10,bimodal,Task B ,1,2,1,-1.194467738,4,1,15.93407786,5,2666.841943,4
10,bimodal,Task B ,2,2,1,11.34098444,4,2,258.0746306,6,2691.652839,4
1,bimodal,Task B ,1,3,1,-2.732203737,2,1,95.17345952,1,2685.389001,2
1,bimodal,Task B ,1,2,0,4.337828036,1,2,146.8888715,2,2448.391354,1
1,bimodal,Task B ,2,2,1,-8.466476059,3,2,309.5199776,3,2692.057974,3
1,bimodal,Task B ,1,2,1,1.630807826,1,1,18.66522819,4,2786.638481,1
1,bimodal,Task B ,2,1,1,15.31706116,1,2,91.82651823,5,3103.812879,1
1,bimodal,Task B ,2,3,1,-14.94861772,3,2,12.05492856,6,2308.23113,3
2,bimodal,Task B ,1,1,0,-0.562252369,1,2,83.36282445,1,2329.717329,1
2,bimodal,Task B ,2,2,1,1.037224554,2,2,352.4396989,2,2252.453881,2
2,bimodal,Task B ,2,1,1,5.001220687,1,2,255.142226,3,2948.779671,1
2,bimodal,Task B ,2,2,0,3.9261334,1,1,245.3023169,4,2606.700005,1
2,bimodal,Task B ,1,3,1,1.684337442,1,1,102.2026954,5,2706.967494,1
2,bimodal,Task B ,2,4,1,-12.32273789,3,2,323.4461764,6,2199.537898,3
3,bimodal,Task B ,1,4,1,-0.925515557,3,1,337.8575219,1,2776.353793,3
3,bimodal,Task B ,1,3,0,2.070770528,2,2,35.04289658,2,2531.536595,2
3,bimodal,Task B ,1,2,1,3.311607791,1,1,304.6598185,3,2637.954786,1
3,bimodal,Task B ,2,2,1,-6.413554135,2,2,317.8703748,4,3289.919498,2
3,bimodal,Task B ,2,4,1,20.62361773,4,2,144.4013714,5,2262.920204,4
3,bimodal,Task B ,2,4,1,16.6675678,2,2,356.7980524,6,3513.697377,2
4,bimodal,Task B ,1,4,0,-6.776181273,4,2,177.7467254,1,2212.373923,4
4,bimodal,Task B ,2,3,1,-17.58636904,1,2,355.2904726,2,2198.06933,1
4,bimodal,Task B ,1,1,0,10.72897147,1,2,340.9247992,3,2749.095331,1
4,bimodal,Task B ,1,1,1,-1.793428124,3,1,148.2082456,4,2716.025913,3
4,bimodal,Task B ,1,2,1,-0.350311986,4,1,160.6983398,5,2601.740517,4
4,bimodal,Task B ,1,1,1,-3.022684385,3,1,298.8692088,6,2837.539053,3
5,bimodal,Task B ,2,2,0,4.179023176,3,1,3.670398539,1,2820.771894,3
5,bimodal,Task B ,2,4,1,-16.28691448,2,2,89.53380023,2,3049.45951,2
5,bimodal,Task B ,2,4,1,-32.34123826,4,2,97.54956438,3,2435.315065,4
5,bimodal,Task B ,1,4,1,-2.651221596,2,1,169.8131199,4,2562.768497,2
5,bimodal,Task B ,2,3,1,11.54873554,1,2,24.728442,5,3182.198369,1
5,bimodal,Task B ,2,4,1,9.390983993,3,2,223.2683946,6,1193.203127,3
6,bimodal,Task B ,1,3,1,6.534550977,4,1,187.7969869,1,2798.771756,4
6,bimodal,Task B ,2,2,0,3.980751603,2,1,67.44890697,2,2649.297393,2
6,bimodal,Task B ,1,2,1,-5.688649042,3,1,178.9692744,3,2897.71859,3
6,bimodal,Task B ,1,2,0,-1.805054638,2,2,78.45177,4,2873.34469,2
6,bimodal,Task B ,1,2,1,-3.587403013,2,1,260.2362336,5,2570.803386,2
6,bimodal,Task B ,2,2,1,-14.51768455,3,2,12.51490083,6,2721.575942,3
7,bimodal,Task B ,1,1,0,2.538233564,1,2,246.0658487,1,2927.977734,1
7,bimodal,Task B ,1,1,0,22.78824761,1,2,299.6480476,2,2457.266259,1
7,bimodal,Task B ,1,1,0,-3.418879327,2,2,70.43722278,3,2772.439634,2
7,bimodal,Task B ,2,1,1,-4.445456486,4,2,36.44905258,4,3027.381082,4
7,bimodal,Task B ,2,1,0,3.354958388,1,1,238.9669659,5,2577.569203,1
7,bimodal,Task B ,1,1,0,13.03077585,2,2,250.2837194,6,2325.119104,2
8,bimodal,Task B ,2,4,0,-3.459006964,2,1,298.3488192,1,2800.448417,2
8,bimodal,Task B ,1,4,1,-2.140408916,4,1,88.63861068,2,2937.33464,4
8,bimodal,Task B ,2,4,1,14.31822785,3,2,251.9657287,3,3729.562258,3
8,bimodal,Task B ,1,4,1,-0.865808792,1,1,194.8948499,4,2677.825366,1
8,bimodal,Task B ,2,4,1,-20.85196267,1,2,94.50842826,5,3382.155101,1
8,bimodal,Task B ,1,4,1,-0.78182705,1,1,202.6966599,6,2668.921216,1
9,bimodal,Task B ,1,2,1,0.031598622,4,1,110.899143,1,2664.109146,4
9,bimodal,Task B ,2,1,1,16.41472852,3,2,89.0455041,2,2064.583895,3
9,bimodal,Task B ,2,2,0,2.342138694,3,1,348.6678065,3,2921.943666,3
9,bimodal,Task B ,2,1,1,6.740347992,3,2,339.4354113,4,2213.553587,3
9,bimodal,Task B ,1,1,1,3.954455653,1,1,244.3120032,5,2822.455575,1
9,bimodal,Task B ,1,1,1,0.316483733,1,1,98.81949416,6,2880.741794,1
10,bimodal,Task B ,2,2,0,-3.194700853,3,1,350.6618621,1,2907.386977,3
10,bimodal,Task B ,2,1,1,10.91767597,1,2,153.729839,2,2646.569788,1
10,bimodal,Task B ,1,1,0,3.666998603,1,2,185.2194701,3,2817.274731,1
10,bimodal,Task B ,1,3,0,14.50480067,1,2,308.9076831,4,2798.248766,1
10,bimodal,Task B ,1,2,1,4.048542452,1,1,332.7104932,5,2807.74263,1
10,bimodal,Task B ,1,2,1,1.101890028,2,1,230.4370256,6,2676.293825,2
1,bimodal,Task B ,1,3,1,-4.71810136,4,1,47.40159455,1,2696.26352,4
1,bimodal,Task B ,2,2,1,23.55910198,2,2,225.0742015,2,2881.440448,2
1,bimodal,Task B ,1,3,1,4.584441017,2,1,41.63448414,3,2741.033254,2
1,bimodal,Task B ,1,3,1,3.165891091,2,1,203.0327888,4,2896.578051,2
1,bimodal,Task B ,2,2,1,10.81522192,3,2,276.5245575,5,3563.853262,3
1,bimodal,Task B ,1,3,1,2.432320961,3,1,248.0588593,6,2632.686943,3
2,bimodal,Task B ,1,1,1,-1.317640699,1,1,73.44538177,1,3077.480796,1
2,bimodal,Task B ,1,3,1,-0.877401662,4,1,36.28768624,2,2792.686614,4
2,bimodal,Task B ,1,3,1,-0.295057192,1,1,165.232504,3,2696.240691,1
2,bimodal,Task B ,2,3,1,-13.9128641,2,2,155.3914672,4,2322.455778,2
2,bimodal,Task B ,2,3,1,-7.698444998,1,2,285.6372372,5,2524.229831,1
2,bimodal,Task B ,1,3,1,1.422523215,2,1,1.588062236,6,2486.719103,2
3,bimodal,Task B ,1,3,0,2.756102552,4,2,125.3808588,1,2951.424933,4
3,bimodal,Task B ,2,3,1,-10.49272396,3,2,230.6204912,2,2523.945097,3
3,bimodal,Task B ,2,2,0,-4.640766333,4,1,336.1428403,3,2495.221884,4
3,bimodal,Task B ,1,4,1,-2.810843432,1,1,152.3750056,4,2793.865837,1
3,bimodal,Task B ,2,4,1,10.79920509,4,2,209.5797786,5,1812.879135,4
3,bimodal,Task B ,2,3,1,6.320776585,2,2,141.6233456,6,2134.507237,2
4,bimodal,Task B ,1,3,1,3.034662034,3,1,350.7006575,1,2739.550886,3
4,bimodal,Task B ,1,3,1,-0.360767735,1,1,52.37870553,2,2822.467519,1
4,bimodal,Task B ,2,2,1,13.39395631,3,2,1.939736876,3,2104.054641,3
4,bimodal,Task B ,1,2,0,10.53004851,1,2,37.54655351,4,2584.039284,1
4,bimodal,Task B ,1,3,1,-3.924300865,3,1,122.5342143,5,2846.95208,3
4,bimodal,Task B ,2,3,1,13.69252483,3,2,49.18733548,6,2660.885726,3
5,bimodal,Task B ,1,4,1,-4.696937534,4,1,9.903667083,1,2543.349897,4
5,bimodal,Task B ,2,4,1,12.67730592,1,2,289.5854069,2,2897.852535,1
5,bimodal,Task B ,1,4,1,-0.40117412,2,1,309.5021581,3,2691.713153,2
5,bimodal,Task B ,1,2,0,2.642429155,2,2,308.2407228,4,2324.527277,2
5,bimodal,Task B ,2,2,1,-5.277640962,4,2,299.8221534,5,3056.471521,4
5,bimodal,Task B ,2,1,1,12.43520676,1,2,185.5140762,6,2835.444505,1
6,bimodal,Task B ,2,2,1,-2.56291455,1,2,12.10413413,1,2904.071528,1
6,bimodal,Task B ,1,2,1,-0.790395172,2,1,67.06788235,2,2605.594976,2
6,bimodal,Task B ,1,2,1,-5.267844452,3,1,179.3744733,3,2774.435211,3
6,bimodal,Task B ,2,2,0,5.51288989,4,1,355.2915341,4,2786.022705,4
6,bimodal,Task B ,1,2,1,0.291441198,2,1,33.88396101,5,2746.280916,2
6,bimodal,Task B ,2,3,0,4.012250373,2,1,47.83897655,6,2776.364093,2
7,bimodal,Task B ,1,1,1,-0.373512313,3,1,123.4911942,1,2873.995996,3
7,bimodal,Task B ,1,1,1,4.982626213,1,1,272.2161937,2,2839.344494,1
7,bimodal,Task B ,1,4,1,-0.03679883,3,1,130.4889095,3,2767.547285,3
7,bimodal,Task B ,1,4,1,-0.392811105,4,1,74.41852801,4,2769.892362,4
7,bimodal,Task B ,1,4,1,3.502407536,2,1,318.573075,5,2757.107378,2
7,bimodal,Task B ,1,4,0,8.373393866,4,2,262.7125165,6,3340.733273,4
8,bimodal,Task B ,1,4,1,1.595188511,2,1,266.7900891,1,2479.034144,2
8,bimodal,Task B ,1,4,1,0.902538327,3,1,51.96718137,2,2718.596857,3
8,bimodal,Task B ,1,4,1,0.42914617,3,1,178.4821064,3,2722.040666,3
8,bimodal,Task B ,1,4,0,-2.634900603,1,2,166.9771028,4,2451.886031,1
8,bimodal,Task B ,2,4,0,2.921735739,1,1,243.4251138,5,2666.289734,1
8,bimodal,Task B ,2,4,1,10.67173396,4,2,218.7398389,6,2462.315463,4
9,bimodal,Task B ,2,2,0,-4.116632962,2,1,123.5759033,1,2487.808547,2
9,bimodal,Task B ,2,1,1,21.63966727,1,2,238.7310129,2,2189.247999,1
9,bimodal,Task B ,1,1,1,-0.264619686,1,1,72.1433062,3,2853.179104,1
9,bimodal,Task B ,1,4,1,1.451767258,4,1,226.2293985,4,2483.527992,4
9,bimodal,Task B ,1,3,1,-5.600694022,2,1,275.358137,5,2770.928446,2
9,bimodal,Task B ,2,2,1,12.66631286,4,2,310.2066377,6,3066.174866,4
10,bimodal,Task B ,2,1,1,3.246754243,2,2,94.98230072,1,2579.287923,2
10,bimodal,Task B ,1,1,0,11.83657046,2,2,19.95383793,2,3683.148214,2
10,bimodal,Task B ,2,2,1,10.79806308,2,2,170.4714998,3,2547.27584,2
10,bimodal,Task B ,1,2,0,-3.047852263,3,2,75.76356993,4,2499.445516,3
10,bimodal,Task B ,2,2,1,-23.37671868,3,2,7.220051553,5,2536.78938,3
10,bimodal,Task B ,1,2,0,16.66043526,2,2,18.8790183,6,2148.473122,2
1,bimodal,Task B ,1,2,0,1.616067126,2,2,243.0922906,1,2564.670085,2
1,bimodal,Task B ,2,1,1,-9.207023483,3,2,343.7610653,2,2825.540727,3
1,bimodal,Task B ,2,1,0,-2.77647747,2,1,83.55920596,3,2477.075522,2
1,bimodal,Task B ,2,4,1,-14.95060604,4,2,311.2068204,4,3292.004275,4
1,bimodal,Task B ,2,4,1,17.22455742,3,2,99.70565637,5,2733.3646,3
1,bimodal,Task B ,1,3,0,-10.69310436,3,2,318.4443115,6,2654.571177,3
2,bimodal,Task B ,1,3,1,7.066700275,4,1,54.75852905,1,2636.24589,4
2,bimodal,Task B ,2,2,1,12.26744511,1,2,37.40422406,2,2472.486088,1
2,bimodal,Task B ,1,2,1,-1.453552212,2,1,238.2602656,3,2506.379587,2
2,bimodal,Task B ,1,4,1,-0.999184441,1,1,88.60651749,4,2687.119509,1
2,bimodal,Task B ,1,3,1,-2.147441651,2,1,289.1800776,5,2669.166204,2
2,bimodal,Task B ,2,2,1,-6.904042638,1,2,105.0330401,6,1909.435851,1
3,bimodal,Task B ,2,4,1,-18.5736559,2,2,265.2311175,1,2804.91331,2
3,bimodal,Task B ,1,2,1,-0.296946943,2,1,219.0258172,2,2610.988121,2
3,bimodal,Task B ,2,4,1,9.396347185,2,2,356.6999385,3,2554.963912,2
3,bimodal,Task B ,1,2,1,-1.032902233,1,1,247.8633431,4,2553.003166,1
3,bimodal,Task B ,2,4,1,19.41564766,4,2,78.31102525,5,2619.166322,4
3,bimodal,Task B ,2,3,1,6.881606268,1,2,16.41961376,6,2464.974097,1
4,bimodal,Task B ,1,2,1,-1.881588813,2,1,138.9846847,1,2568.621801,2
4,bimodal,Task B ,2,2,0,2.962955556,1,1,92.41209383,2,2971.564799,1
4,bimodal,Task B ,1,1,1,-1.355108809,2,1,139.5009654,3,2854.344389,2
4,bimodal,Task B ,1,2,0,-3.107799654,1,2,200.755515,4,2392.136608,1
4,bimodal,Task B ,2,3,1,12.7565597,2,2,350.9434791,5,2746.335101,2
4,bimodal,Task B ,2,1,0,5.703873339,1,1,58.58452273,6,2929.519513,1
5,bimodal,Task B ,2,4,1,8.155233523,4,2,352.3850909,1,2795.180233,4
5,bimodal,Task B ,1,2,1,1.989874527,1,1,344.8323325,2,2945.1074,1
5,bimodal,Task B ,1,2,1,-2.107678648,3,1,192.2115744,3,2644.401581,3
5,bimodal,Task B ,1,4,1,0.584675408,2,1,78.95447002,4,2562.080254,2
5,bimodal,Task B ,1,3,1,0.800296138,3,1,117.1108938,5,2883.664732,3
5,bimodal,Task B ,1,4,1,3.555916279,4,1,239.8373056,6,2642.228339,4
6,bimodal,Task B ,2,2,1,9.940651703,4,2,168.7414887,1,3111.170716,4
6,bimodal,Task B ,2,2,0,1.42572388,1,1,91.83874516,2,2689.938781,1
6,bimodal,Task B ,2,2,0,-5.306837242,4,1,147.6703191,3,2768.698884,4
6,bimodal,Task B ,1,2,1,1.582583283,2,1,194.9844576,4,2750.029497,2
6,bimodal,Task B ,1,2,0,-0.656844918,2,2,270.221174,5,2731.070147,2
6,bimodal,Task B ,1,2,1,3.223993081,1,1,308.2640188,6,2692.740171,1
7,bimodal,Task B ,1,1,0,17.00908157,3,2,118.263319,1,3326.462178,3
7,bimodal,Task B ,1,2,1,4.577964002,1,1,50.20143502,2,2662.824996,1
7,bimodal,Task B ,1,4,1,-1.834374855,2,1,357.41224,3,2854.827881,2
7,bimodal,Task B ,1,4,0,-12.34906252,4,2,95.07736482,4,2578.794039,4
7,bimodal,Task B ,1,4,1,4.079790667,2,1,262.4776582,5,2687.526777,2
7,bimodal,Task B ,1,1,0,-1.779854766,3,2,119.6043263,6,2846.195099,3
8,bimodal,Task B ,1,4,0,0.771672923,2,2,83.23438281,1,2568.647879,2
8,bimodal,Task B ,2,4,1,34.59147565,3,2,104.4294556,2,3080.448803,3
8,bimodal,Task B ,1,4,1,-4.033102242,4,1,227.1025954,3,2762.049292,4
8,bimodal,Task B ,1,4,1,-4.512002646,4,1,200.160125,4,2643.405108,4
8,bimodal,Task B ,2,4,0,6.332693421,2,1,168.739072,5,2669.274367,2
8,bimodal,Task B ,2,4,1,13.30157674,4,2,312.975641,6,2410.466994,4
9,bimodal,Task B ,2,1,0,-2.578869272,1,1,13.25073628,1,2733.458461,1
9,bimodal,Task B ,1,3,1,-5.165130195,4,1,127.9914583,2,2771.535872,4
9,bimodal,Task B ,1,1,0,19.98179514,1,2,237.5329013,3,2468.990335,1
9,bimodal,Task B ,1,1,0,-2.080712546,2,2,237.5215083,4,2555.267067,2
9,bimodal,Task B ,1,3,0,-0.643568397,4,2,273.2785657,5,2637.249219,4
9,bimodal,Task B ,2,2,1,6.177585498,2,2,74.61951874,6,2132.985544,2
10,bimodal,Task B ,2,2,1,13.58722529,3,2,191.0240321,1,2965.60211,3
10,bimodal,Task B ,1,2,1,3.97354504,4,1,138.2208859,2,2702.147463,4
10,bimodal,Task B ,1,1,1,3.421233208,2,1,214.1446483,3,2802.883879,2
10,bimodal,Task B ,1,2,1,-0.605809799,1,1,155.4114597,4,2635.966001,1
10,bimodal,Task B ,1,2,0,0.815897638,2,2,338.4104977,5,2992.212263,2
10,bimodal,Task B ,1,2,1,-3.436104528,3,1,312.1459263,6,2619.272471,3
1,bimodal,Task B ,1,2,1,3.262302691,4,1,72.28313894,1,2658.254906,4
1,bimodal,Task B ,1,2,1,-3.420273133,1,1,205.2136196,2,2747.788263,1
1,bimodal,Task B ,1,3,1,-2.447717587,1,1,72.58139263,3,2735.063898,1
1,bimodal,Task B ,1,4,1,4.164435073,4,1,145.2459806,4,2757.368413,4
1,bimodal,Task B ,1,2,1,0.939370158,2,1,258.3398655,5,2669.115435,2
1,bimodal,Task B ,1,3,1,1.015958089,4,1,64.76608881,6,2590.114396,4
2,bimodal,Task B ,2,2,0,3.634297981,3,1,125.3697771,1,2917.638517,3
2,bimodal,Task B ,2,3,0,-0.279138014,2,1,121.1816364,2,2579.633533,2
2,bimodal,Task B ,1,2,1,-0.99376102,1,1,219.0542913,3,2729.859872,1
2,bimodal,Task B ,2,2,0,-0.00762233,1,1,113.9666278,4,2648.935218,1
2,bimodal,Task B ,1,3,1,0.786567333,2,1,5.763663414,5,2624.476979,2
2,bimodal,Task B ,2,4,1,13.90832379,4,2,27.09081233,6,2736.772637,4
3,bimodal,Task B ,1,4,1,-0.947934958,3,1,217.1964483,1,2776.596413,3
3,bimodal,Task B ,2,2,1,5.623405847,3,2,78.93336076,2,2412.974482,3
3,bimodal,Task B ,1,3,1,1.070153327,1,1,235.9416643,3,2637.115022,1
3,bimodal,Task B ,1,4,0,-0.444524954,3,2,138.9298668,4,2682.294582,3
3,bimodal,Task B ,2,2,1,9.29802811,3,2,52.79648597,5,2901.698462,3
3,bimodal,Task B ,2,2,1,-7.474030081,3,2,212.0178841,6,1926.854632,3
4,bimodal,Task B ,1,4,1,-6.731891772,4,1,48.47449607,1,2807.979339,4
4,bimodal,Task B ,1,2,1,1.234053533,3,1,60.53197546,2,2733.551001,3
4,bimodal,Task B ,2,2,1,-16.75105621,1,2,246.3663368,3,2956.949861,1
4,bimodal,Task B ,1,2,0,12.49118821,4,2,235.3059663,4,2768.095306,4
4,bimodal,Task B ,2,3,1,-4.971425428,3,2,216.6411365,5,2289.611962,3
4,bimodal,Task B ,1,3,0,7.928756452,4,2,190.3852822,6,2697.645818,4
5,bimodal,Task B ,1,1,0,6.040038817,1,2,99.50163932,1,3407.044143,1
5,bimodal,Task B ,2,3,1,-8.738667098,2,2,277.7296979,2,2190.651227,2
5,bimodal,Task B ,1,1,0,-3.208865063,4,2,169.7251863,3,2391.579383,4
5,bimodal,Task B ,2,4,1,-9.054099343,2,2,68.01823041,4,2054.573233,2
5,bimodal,Task B ,1,4,1,0.635216328,1,1,222.0058895,5,2593.058573,1
5,bimodal,Task B ,2,2,0,-0.500768525,3,1,334.098535,6,2898.503241,3
6,bimodal,Task B ,2,2,1,14.23488824,4,2,183.0830981,1,2175.66642,4
6,bimodal,Task B ,1,2,1,1.506535102,3,1,328.5586561,2,2715.808977,3
6,bimodal,Task B ,1,2,1,-4.265720151,1,1,168.6735427,3,2610.078037,1
6,bimodal,Task B ,2,2,0,1.560309425,1,1,52.8933983,4,2742.044603,1
6,bimodal,Task B ,2,2,0,3.104811715,1,1,178.331644,5,2631.227731,1
6,bimodal,Task B ,1,2,0,-3.348263803,2,2,129.9059685,6,2691.893542,2
7,bimodal,Task B ,1,1,0,-0.428171704,2,2,94.94994775,1,2357.845864,2
7,bimodal,Task B ,2,1,1,20.40084072,1,2,152.2069075,2,2091.010304,1
7,bimodal,Task B ,1,1,1,2.694200987,1,1,137.2813826,3,2614.343138,1
7,bimodal,Task B ,1,1,0,29.481616,2,2,301.4158285,4,3764.059626,2
7,bimodal,Task B ,1,1,1,-0.096353618,2,1,163.1950469,5,2793.779695,2
7,bimodal,Task B ,1,1,0,-7.801875455,1,2,122.0825656,6,2438.875081,1
8,bimodal,Task B ,1,4,0,-7.828037638,3,2,340.298512,1,3612.543573,3
8,bimodal,Task B ,1,4,1,0.06878905,1,1,341.4595685,2,2786.509482,1
8,bimodal,Task B ,2,1,0,2.888340121,4,1,260.8314124,3,2756.942134,4
8,bimodal,Task B ,1,4,1,1.799848543,3,1,118.4335952,4,2791.618808,3
8,bimodal,Task B ,2,4,1,16.13370519,4,2,328.4949347,5,2094.999551,4
8,bimodal,Task B ,1,4,1,-0.213937914,3,1,317.4920011,6,2766.399198,3
9,bimodal,Task B ,1,1,0,-4.202793646,3,2,266.8880749,1,2287.10718,3
9,bimodal,Task B ,2,1,0,-1.940003805,2,1,57.40739601,2,2683.574482,2
9,bimodal,Task B ,1,3,0,-1.469972688,1,2,20.38588963,3,2582.216315,1
9,bimodal,Task B ,1,1,0,22.25701237,3,2,114.6531014,4,2118.228299,3
9,bimodal,Task B ,2,1,1,-1.873423625,1,2,282.5319303,5,3656.451059,1
9,bimodal,Task B ,1,3,0,-2.863971905,2,2,149.1491096,6,2534.835463,2
10,bimodal,Task B ,1,1,1,2.084631463,4,1,259.505789,1,2752.922866,4
10,bimodal,Task B ,2,1,1,2.354494426,4,2,178.5662786,2,2140.814628,4
10,bimodal,Task B ,1,2,1,1.461106448,4,1,185.1486857,3,2758.373713,4
10,bimodal,Task B ,1,2,1,0.503089029,2,1,356.2401489,4,2755.343654,2
10,bimodal,Task B ,2,1,1,-15.5883921,4,2,82.93786413,5,2912.709986,4
10,bimodal,Task B ,1,2,0,-1.743225814,3,2,150.2182083,6,1966.399507,3
1,bimodal,Task B ,2,3,1,-2.830769228,1,2,66.24672863,1,1482.056088,1
1,bimodal,Task B ,2,2,1,-14.21948087,2,2,114.4195784,2,3135.270701,2
1,bimodal,Task B ,1,3,1,1.690903205,3,1,118.2763191,3,2733.423464,3
1,bimodal,Task B ,2,1,1,-2.078025155,1,2,263.6719675,4,2529.63076,1
1,bimodal,Task B ,2,1,1,1.331026459,3,2,47.88986171,5,2303.755766,3
1,bimodal,Task B ,1,3,1,0.073204932,2,1,232.8694714,6,2726.982667,2
2,bimodal,Task B ,1,2,1,-2.318388419,3,1,15.98710761,1,2550.761377,3
2,bimodal,Task B ,1,3,0,4.958792444,2,2,66.95392358,2,2428.262826,2
2,bimodal,Task B ,2,1,0,1.263809663,2,1,337.709628,3,2753.030484,2
2,bimodal,Task B ,2,3,1,13.47486407,1,2,218.2291912,4,2913.500073,1
2,bimodal,Task B ,1,2,1,1.076121357,4,1,139.0263841,5,2612.621559,4
2,bimodal,Task B ,1,4,1,-0.175357404,3,1,329.2118502,6,2668.969501,3
3,bimodal,Task B ,2,4,1,14.07226482,4,2,293.7420946,1,3287.462929,4
3,bimodal,Task B ,2,1,0,-3.234780656,1,1,250.8314774,2,2645.105584,1
3,bimodal,Task B ,2,2,0,-0.832088732,1,1,359.5330775,3,2898.536973,1
3,bimodal,Task B ,2,4,1,-22.81004471,1,2,5.686816933,4,3569.266733,1
3,bimodal,Task B ,1,2,1,0.852297132,2,1,187.9150884,5,2702.832657,2
3,bimodal,Task B ,2,2,1,-9.590393729,3,2,237.7466166,6,2339.601443,3
4,bimodal,Task B ,2,3,1,-12.89556792,3,2,279.5504678,1,3175.305661,3
4,bimodal,Task B ,2,4,1,-24.54834961,4,2,39.97956499,2,1611.801729,4
4,bimodal,Task B ,1,3,0,7.063663944,4,2,172.4813395,3,2651.300881,4
4,bimodal,Task B ,1,2,1,1.876674012,4,1,32.80563918,4,2706.757051,4
4,bimodal,Task B ,1,3,0,-10.5045999,2,2,323.1151336,5,1617.026361,2
4,bimodal,Task B ,1,2,1,-3.077153162,2,1,166.5045841,6,2729.664439,2
5,bimodal,Task B ,2,4,1,14.80755936,2,2,123.7015733,1,1799.311985,2
5,bimodal,Task B ,2,4,1,-13.00202423,2,2,88.86920579,2,3223.215994,2
5,bimodal,Task B ,1,4,1,5.558197786,2,1,227.008435,3,2704.482504,2
5,bimodal,Task B ,1,1,0,2.800159906,3,2,180.5505714,4,3325.220401,3
5,bimodal,Task B ,2,4,1,10.92069399,3,2,182.8907481,5,3618.750366,3
5,bimodal,Task B ,1,4,1,0.30662883,1,1,230.2913813,6,2687.209013,1
6,bimodal,Task B ,2,1,1,-5.285928798,2,2,74.42769391,1,2650.672735,2
6,bimodal,Task B ,2,2,1,28.23437399,3,2,45.11781352,2,1937.870907,3
6,bimodal,Task B ,2,2,0,-1.211008351,4,1,308.6393955,3,2626.357857,4
6,bimodal,Task B ,2,2,1,15.92342375,4,2,87.91760443,4,2264.896296,4
6,bimodal,Task B ,2,2,1,7.056031994,2,2,28.79180695,5,2732.054796,2
6,bimodal,Task B ,1,2,1,1.615388771,1,1,254.5631447,6,2806.582492,1
7,bimodal,Task B ,1,1,1,2.826107501,2,1,345.9062771,1,2676.41345,2
7,bimodal,Task B ,2,4,1,-16.48737775,3,2,154.2053642,2,2612.070968,3
7,bimodal,Task B ,1,4,0,1.64485189,4,2,154.4407442,3,2682.019538,4
7,bimodal,Task B ,1,4,0,1.515763877,3,2,201.2546696,4,2701.129146,3
7,bimodal,Task B ,2,4,0,-2.55632714,4,1,60.65025509,5,2822.482302,4
7,bimodal,Task B ,1,4,1,0.699408918,4,1,73.28569766,6,2993.65509,4
8,bimodal,Task B ,1,4,0,1.219159672,1,2,317.0030892,1,1924.949194,1
8,bimodal,Task B ,1,4,1,-4.638595226,1,1,256.1083893,2,2626.005485,1
8,bimodal,Task B ,2,4,1,-17.67916941,1,2,327.2139575,3,2314.828633,1
8,bimodal,Task B ,1,4,1,-1.81330811,3,1,177.1997969,4,2660.873417,3
8,bimodal,Task B ,2,4,1,-14.39904688,2,2,218.9757149,5,2825.460467,2
8,bimodal,Task B ,1,4,1,-1.55844161,4,1,122.9036149,6,2765.855039,4
9,bimodal,Task B ,1,1,0,-8.641727715,1,2,303.4168514,1,2584.379798,1
9,bimodal,Task B ,1,1,1,-6.193862075,1,1,43.41013691,2,2755.914893,1
9,bimodal,Task B ,1,1,1,-4.275558982,2,1,122.7753714,3,2856.678795,2
9,bimodal,Task B ,1,2,0,0.628225355,1,2,14.93478649,4,3018.660342,1
9,bimodal,Task B ,1,1,1,-1.527032472,1,1,320.7540494,5,2801.084847,1
9,bimodal,Task B ,1,2,1,-5.031341984,4,1,227.1611284,6,2784.262735,4
10,bimodal,Task B ,2,1,1,19.48625045,1,2,19.08828202,1,1752.245717,1
10,bimodal,Task B ,2,1,1,11.29085605,3,2,19.07806627,2,2494.24195,3
10,bimodal,Task B ,1,1,1,4.528239182,2,1,50.29866931,3,2687.576666,2
10,bimodal,Task B ,1,2,1,2.763326703,4,1,344.3152274,4,2624.694571,4
10,bimodal,Task B ,1,2,1,-1.090551774,2,1,133.913496,5,2900.061229,2
10,bimodal,Task B ,1,1,1,0.559840761,2,1,128.1044917,6,2741.158257,2
1,bimodal,Task B ,2,2,1,-0.080541422,1,2,162.2880303,1,3073.797222,1
1,bimodal,Task B ,1,3,0,-1.370981951,4,2,9.11255622,2,2492.288036,4
1,bimodal,Task B ,1,3,1,0.799675106,4,1,265.6043176,3,2494.738965,4
1,bimodal,Task B ,2,3,1,-9.552531553,2,2,131.1149769,4,3049.965996,2
1,bimodal,Task B ,1,3,0,-8.640417026,3,2,46.68356159,5,2651.781035,3
1,bimodal,Task B ,1,1,1,1.575336239,1,1,74.91786753,6,2700.510541,1
2,bimodal,Task B ,1,3,0,7.899976553,2,2,110.1656061,1,2251.350614,2
2,bimodal,Task B ,2,3,1,-3.322542358,2,2,222.3032672,2,2844.040527,2
2,bimodal,Task B ,1,2,0,0.632217288,4,2,195.5626259,3,3269.481298,4
2,bimodal,Task B ,1,2,1,-0.748686228,4,1,278.4753412,4,2823.118022,4
2,bimodal,Task B ,2,2,1,17.11966326,2,2,114.4127123,5,2836.444545,2
2,bimodal,Task B ,2,4,1,16.24336143,4,2,205.2874763,6,2906.321608,4
3,bimodal,Task B ,1,1,1,2.802545476,3,1,75.71166661,1,2522.349398,3
3,bimodal,Task B ,2,3,1,14.33572483,4,2,90.21094093,2,3400.992878,4
3,bimodal,Task B ,2,2,0,-4.125400314,1,1,218.7615461,3,2581.982797,1
3,bimodal,Task B ,1,4,1,-2.575327936,2,1,66.28105058,4,2773.048127,2
3,bimodal,Task B ,2,4,1,24.99576653,1,2,114.1249363,5,2503.797582,1
3,bimodal,Task B ,1,3,1,2.864240887,3,1,157.5942717,6,2721.118872,3
4,bimodal,Task B ,2,1,1,14.09583991,3,2,158.17629,1,3482.577655,3
4,bimodal,Task B ,1,2,0,4.712626977,2,2,178.3000812,2,3223.137289,2
4,bimodal,Task B ,1,1,1,-0.294855973,2,1,226.035319,3,2591.675575,2
4,bimodal,Task B ,1,2,1,-1.39682588,3,1,45.61507776,4,2971.63274,3
4,bimodal,Task B ,2,2,1,-7.548473905,2,2,55.76347511,5,2685.717953,2
4,bimodal,Task B ,1,2,0,-5.37998803,3,2,10.39335714,6,2681.921322,3
5,bimodal,Task B ,1,3,0,7.378678754,3,2,157.837308,1,2831.341965,3
5,bimodal,Task B ,1,1,1,-0.667022167,1,1,66.54994324,2,2853.55493,1
5,bimodal,Task B ,1,3,1,-4.527524108,1,1,76.26049302,3,2814.192479,1
5,bimodal,Task B ,1,2,0,11.14719871,1,2,51.05519295,4,2211.800299,1
5,bimodal,Task B ,2,2,1,6.273704097,1,2,258.5429468,5,2945.336232,1
5,bimodal,Task B ,1,4,0,-4.942159651,3,2,74.65772403,6,2258.966461,3
6,bimodal,Task B ,2,2,0,-6.324137056,4,1,234.1284964,1,2686.113062,4
6,bimodal,Task B ,1,2,1,2.886086308,2,1,101.8269747,2,2555.069621,2
6,bimodal,Task B ,2,2,0,-0.161181589,3,1,301.3975963,3,2830.20816,3
6,bimodal,Task B ,1,2,1,-1.484642921,2,1,347.2789283,4,2663.394753,2
6,bimodal,Task B ,1,1,0,-5.953145789,1,2,57.29115065,5,2275.150436,1
6,bimodal,Task B ,1,3,1,2.33971861,2,1,101.7273332,6,2752.516134,2
7,bimodal,Task B ,1,4,0,-8.600184619,2,2,245.8665542,1,2029.464556,2
7,bimodal,Task B ,2,4,0,6.415778416,4,1,30.67358471,2,2749.660327,4
7,bimodal,Task B ,1,4,1,-0.051223001,3,1,178.4860324,3,2648.843462,3
7,bimodal,Task B ,1,4,0,-0.772500238,3,2,286.4449459,4,2585.793041,3
7,bimodal,Task B ,1,4,1,-0.344597249,3,1,253.2456955,5,2812.602535,3
7,bimodal,Task B ,2,1,1,24.67895007,4,2,170.1399036,6,2211.109586,4
8,bimodal,Task B ,1,4,1,0.349130494,4,1,107.4151306,1,2644.579912,4
8,bimodal,Task B ,2,4,1,7.981569105,4,2,197.3168111,2,2639.753473,4
8,bimodal,Task B ,1,4,1,-0.749247194,3,1,23.0565849,3,2601.831489,3
8,bimodal,Task B ,2,1,1,-0.685431577,2,2,286.6608468,4,3427.383791,2
8,bimodal,Task B ,1,4,0,-3.099619152,1,2,132.9748861,5,2897.743748,1
8,bimodal,Task B ,1,4,1,4.601051658,1,1,21.66702087,6,2578.317147,1
9,bimodal,Task B ,1,2,1,1.557441638,2,1,64.24341699,1,2554.179297,2
9,bimodal,Task B ,1,2,1,-0.966626307,1,1,103.7578837,2,2742.024586,1
9,bimodal,Task B ,2,2,1,15.88468497,1,2,337.9230603,3,3742.512356,1
9,bimodal,Task B ,1,3,1,1.668755423,3,1,42.35712912,4,2553.838667,3
9,bimodal,Task B ,1,1,0,-18.03272723,1,2,28.63975258,5,1911.5954,1
9,bimodal,Task B ,1,2,0,13.64753658,3,2,75.2121701,6,2969.98197,3
10,bimodal,Task B ,1,1,1,2.921232219,3,1,77.38631754,1,2625.475764,3
10,bimodal,Task B ,1,1,1,-4.829377429,1,1,256.5944816,2,2699.786484,1
10,bimodal,Task B ,2,1,0,3.221007787,1,1,121.9221084,3,2875.88866,1
10,bimodal,Task B ,1,2,1,-7.223293554,1,1,146.7686545,4,2549.294777,1
10,bimodal,Task B ,1,1,1,-3.326596783,1,1,49.83431908,5,2727.137664,1
10,bimodal,Task B ,2,1,1,-8.875779838,2,2,200.3666102,6,2219.493564,2
1,bimodal,Task B ,1,2,1,-4.073200202,1,1,101.193513,1,2872.873482,1
1,bimodal,Task B ,2,2,1,-25.31645112,2,2,247.1807814,2,2923.434866,2
1,bimodal,Task B ,1,2,0,3.146456949,3,2,220.1155527,3,2211.313255,3
1,bimodal,Task B ,2,1,1,-6.133999883,1,2,192.8355671,4,3961.510937,1
1,bimodal,Task B ,2,4,1,-10.60341395,4,2,314.7196547,5,1487.683849,4
1,bimodal,Task B ,1,4,1,-0.155855178,3,1,295.2925125,6,2670.400722,3
2,bimodal,Task B ,2,1,1,7.644758195,1,2,6.47271359,1,2231.639364,1
2,bimodal,Task B ,1,2,1,-2.52560378,1,1,15.53350641,2,2749.625172,1
2,bimodal,Task B ,2,3,1,-11.12817231,4,2,295.3858112,3,2563.476837,4
2,bimodal,Task B ,2,3,1,-21.12008756,2,2,315.8467179,4,1735.498793,2
2,bimodal,Task B ,1,3,1,5.631036433,3,1,54.38412118,5,2599.917871,3
2,bimodal,Task B ,2,4,1,-14.36444264,2,2,305.3072768,6,2465.073821,2
3,bimodal,Task B ,2,3,1,4.212852857,3,2,102.4856434,1,2525.050473,3
3,bimodal,Task B ,1,4,1,-1.736674647,1,1,239.4494193,2,2772.17213,1
3,bimodal,Task B ,1,4,1,-1.287090255,2,1,243.7038435,3,2609.296513,2
3,bimodal,Task B ,1,3,0,-1.758876536,1,2,292.696741,4,3952.23234,1
3,bimodal,Task B ,1,2,1,-1.558889609,4,1,228.6646,5,2516.2121,4
3,bimodal,Task B ,1,1,1,5.801566514,3,1,85.78144532,6,2701.481832,3
4,bimodal,Task B ,1,3,1,3.098958076,1,1,294.615918,1,2680.145323,1
4,bimodal,Task B ,1,4,1,0.816354744,4,1,89.27074623,2,2734.135363,4
4,bimodal,Task B ,1,1,1,2.128182127,2,1,221.6276544,3,2617.734296,2
4,bimodal,Task B ,1,3,0,2.531926103,3,2,5.835949806,4,2739.955653,3
4,bimodal,Task B ,1,2,0,3.515345183,2,2,176.5641397,5,2576.821142,2
4,bimodal,Task B ,1,3,1,-1.509439678,4,1,21.27768612,6,2615.437429,4
5,bimodal,Task B ,1,4,0,1.355872911,3,2,122.8273315,1,2627.779177,3
5,bimodal,Task B ,1,3,0,1.560153039,3,2,293.5739845,2,2439.525122,3
5,bimodal,Task B ,1,2,1,-0.662200956,4,1,286.6737135,3,2572.710129,4
5,bimodal,Task B ,2,1,1,-2.30481036,2,2,283.3929466,4,2816.621737,2
5,bimodal,Task B ,2,2,1,3.564260187,4,2,122.7150891,5,2371.54432,4
5,bimodal,Task B ,1,3,0,9.413582251,1,2,182.7933456,6,2527.332282,1
6,bimodal,Task B ,1,2,0,9.232102255,1,2,152.059931,1,2410.992929,1
6,bimodal,Task B ,1,2,1,-0.247934839,4,1,88.06360241,2,2749.945939,4
6,bimodal,Task B ,2,2,0,6.958711159,2,1,319.8749842,3,2764.798878,2
6,bimodal,Task B ,1,2,0,-0.607588135,1,2,331.4629774,4,2591.519776,1
6,bimodal,Task B ,1,2,0,-3.230704496,2,2,338.3762253,5,2227.352791,2
6,bimodal,Task B ,2,1,0,-7.780647087,4,1,72.55924177,6,2767.518719,4
7,bimodal,Task B ,1,3,1,0.357861465,3,1,22.18164403,1,2448.647703,3
7,bimodal,Task B ,2,1,0,-0.403582216,2,1,244.4873196,2,2560.78271,2
7,bimodal,Task B ,2,4,1,-22.52778434,4,2,211.7999481,3,2791.174023,4
7,bimodal,Task B ,1,1,1,-4.241587474,2,1,66.74736465,4,2533.970576,2
7,bimodal,Task B ,1,4,1,-2.008343715,3,1,207.6573645,5,2656.398223,3
7,bimodal,Task B ,1,1,1,-0.118772423,3,1,8.581742483,6,2621.447122,3
8,bimodal,Task B ,1,4,1,4.119785901,4,1,309.5617601,1,2982.591363,4
8,bimodal,Task B ,1,4,0,6.89586329,2,2,189.3349792,2,2301.207984,2
8,bimodal,Task B ,2,4,0,1.512508425,2,1,52.3432871,3,2731.043743,2
8,bimodal,Task B ,1,4,0,-7.055962935,3,2,64.24813056,4,2309.350212,3
8,bimodal,Task B ,2,4,1,4.457602771,4,2,179.9770391,5,2439.292415,4
8,bimodal,Task B ,1,4,1,-2.488551448,2,1,125.602132,6,2849.031819,2
9,bimodal,Task B ,2,1,1,4.572166047,1,2,167.8775004,1,2574.75079,1
9,bimodal,Task B ,1,1,1,-2.45783274,3,1,219.5717581,2,2746.770423,3
9,bimodal,Task B ,1,1,0,-6.896899357,2,2,356.1466144,3,3052.245351,2
9,bimodal,Task B ,1,3,1,0.485829221,1,1,342.8527277,4,2887.036725,1
9,bimodal,Task B ,2,1,1,14.79664151,2,2,186.5088571,5,2347.64904,2
9,bimodal,Task B ,1,1,0,2.887065817,4,2,193.5192239,6,2900.34233,4
10,bimodal,Task B ,2,2,1,23.86300342,4,2,264.8917879,1,2047.922314,4
10,bimodal,Task B ,1,1,1,4.642335826,1,1,69.70602908,2,2623.530228,1
10,bimodal,Task B ,1,2,0,-6.998581998,4,2,222.8549657,3,2811.163728,4
10,bimodal,Task B ,1,2,0,5.777942149,3,2,247.8897109,4,2879.774536,3
10,bimodal,Task B ,2,2,1,-18.06458608,4,2,56.57229463,5,2881.288573,4
10,bimodal,Task B ,1,2,1,-0.884146396,1,1,147.2089449,6,2709.416132,1
1,bimodal,Task B ,1,2,1,-2.395833517,1,1,4.595219577,1,2622.923863,1
1,bimodal,Task B ,2,2,1,14.96676448,1,2,94.24109679,2,2493.589444,1
1,bimodal,Task B ,2,4,1,-17.12813539,3,2,346.463736,3,3273.631691,3
1,bimodal,Task B ,1,3,1,4.487215677,3,1,68.37161355,4,2811.995044,3
1,bimodal,Task B ,1,3,0,-8.964021877,3,2,162.2515882,5,2705.011591,3
1,bimodal,Task B ,1,3,0,0.865889313,2,2,137.0691779,6,3125.622447,2
2,bimodal,Task B ,1,2,1,0.727435414,3,1,48.64532311,1,2695.807652,3
2,bimodal,Task B ,1,3,0,3.251072239,3,2,346.6197297,2,2539.642783,3
2,bimodal,Task B ,1,2,1,1.395048835,3,1,100.6379228,3,2708.535235,3
2,bimodal,Task B ,1,2,1,1.330491624,4,1,4.267035443,4,2537.929374,4
2,bimodal,Task B ,1,2,1,3.341985693,4,1,291.6848355,5,2841.074665,4
2,bimodal,Task B ,1,4,0,5.548506275,2,2,187.3346516,6,2399.354952,2
3,bimodal,Task B ,1,2,1,4.341368888,1,1,275.6835335,1,2704.29932,1
3,bimodal,Task B ,2,2,1,9.86187289,2,2,202.353654,2,2889.712338,2
3,bimodal,Task B ,1,3,1,2.703526205,3,1,280.6016206,3,2814.621135,3
3,bimodal,Task B ,1,3,0,-3.020705555,2,2,345.4884285,4,2710.97279,2
3,bimodal,Task B ,1,3,1,1.050798802,1,1,90.69145052,5,2540.624867,1
3,bimodal,Task B ,2,1,1,-8.323405924,2,2,279.6712677,6,3362.160991,2
4,bimodal,Task B ,2,3,1,-15.25728457,4,2,303.741525,1,1917.021062,4
4,bimodal,Task B ,1,1,1,-3.429644603,4,1,198.2193517,2,2792.402117,4
4,bimodal,Task B ,2,3,1,-13.83791305,3,2,229.2442372,3,2885.791773,3
4,bimodal,Task B ,1,2,1,1.867281618,1,1,283.9181455,4,2756.585055,1
4,bimodal,Task B ,1,4,0,0.003947019,4,2,68.94657661,5,3063.869743,4
4,bimodal,Task B ,1,1,1,-3.088641149,3,1,64.99456452,6,2913.943169,3
5,bimodal,Task B ,1,3,1,0.524593255,2,1,133.7161773,1,2561.096431,2
5,bimodal,Task B ,1,4,1,1.876597896,3,1,231.1751046,2,2956.53923,3
5,bimodal,Task B ,2,4,1,-23.98248553,3,2,68.83429778,3,2541.780845,3
5,bimodal,Task B ,1,4,1,-2.635447647,3,1,157.0001437,4,2686.888295,3
5,bimodal,Task B ,1,4,0,-7.045609695,1,2,317.2734692,5,3610.862601,1
5,bimodal,Task B ,2,2,1,6.464950058,4,2,286.7208064,6,2867.300985,4
6,bimodal,Task B ,2,2,0,-0.729612331,4,1,82.15343583,1,2579.670647,4
6,bimodal,Task B ,2,2,1,12.67324582,1,2,304.7654154,2,2667.866634,1
6,bimodal,Task B ,1,2,1,-2.694793956,1,1,124.6050482,3,2748.226539,1
6,bimodal,Task B ,1,1,0,7.786076901,1,2,199.3551865,4,2669.506664,1
6,bimodal,Task B ,1,2,1,-0.716777526,4,1,156.8701885,5,2726.857863,4
6,bimodal,Task B ,2,2,1,-7.390525238,3,2,70.40107892,6,2597.203161,3
7,bimodal,Task B ,2,4,0,-3.331405701,4,1,0.944439322,1,2797.51922,4
7,bimodal,Task B ,1,4,1,-1.345846998,1,1,292.5040064,2,2758.636569,1
7,bimodal,Task B ,1,4,1,0.218407927,4,1,166.7044718,3,2856.522582,4
7,bimodal,Task B ,1,4,0,5.460025303,3,2,242.6793479,4,3421.02066,3
7,bimodal,Task B ,1,4,1,-0.529028296,4,1,296.7444258,5,2697.60983,4
7,bimodal,Task B ,1,4,1,-0.534634358,4,1,304.957564,6,2541.280487,4
8,bimodal,Task B ,1,4,1,4.431576082,3,1,327.7455078,1,2612.093359,3
8,bimodal,Task B ,1,4,1,-5.332844955,4,1,135.7216572,2,2799.213823,4
8,bimodal,Task B ,1,4,1,-1.119217662,4,1,213.0033035,3,2630.938949,4
8,bimodal,Task B ,2,1,1,1.509895836,2,2,144.3717816,4,2631.795066,2
8,bimodal,Task B ,1,4,1,-2.968792399,1,1,296.5295978,5,2533.327162,1
8,bimodal,Task B ,1,4,1,-0.982133204,3,1,202.8457265,6,2596.782275,3
9,bimodal,Task B ,1,1,0,8.600263941,1,2,160.9435374,1,2664.868825,1
9,bimodal,Task B ,2,1,1,-1.629335499,2,2,354.7958242,2,2597.651252,2
9,bimodal,Task B ,1,1,0,8.10310088,4,2,269.2202578,3,3328.521488,4
9,bimodal,Task B ,1,3,1,4.029628376,3,1,69.69062523,4,2757.673936,3
9,bimodal,Task B ,1,2,1,-1.940037496,4,1,312.6150972,5,2556.938453,4
9,bimodal,Task B ,1,1,0,-1.114219364,1,2,201.2048982,6,3950.97538,1
10,bimodal,Task B ,1,1,0,-13.12656832,1,2,105.4667051,1,2552.804296,1
10,bimodal,Task B ,1,1,1,-1.947426665,1,1,62.83585862,2,2749.621639,1
10,bimodal,Task B ,1,2,1,-0.727459375,3,1,103.0023017,3,2644.965893,3
10,bimodal,Task B ,1,2,1,-2.009139716,3,1,53.61644018,4,2638.05852,3
10,bimodal,Task B ,1,1,0,11.60199239,1,2,146.685321,5,3199.975816,1
10,bimodal,Task B ,1,1,0,4.614726468,3,2,338.9160682,6,2649.149243,3
1,bimodal,Task B ,1,2,0,-2.54661773,1,2,4.339219061,1,2720.847519,1
1,bimodal,Task B ,1,3,1,0.733021074,3,1,105.8903991,2,2763.600724,3
1,bimodal,Task B ,1,3,1,3.320106898,3,1,178.0079502,3,2728.385587,3
1,bimodal,Task B ,1,2,0,8.474682661,3,2,118.9440999,4,3311.972501,3
1,bimodal,Task B ,1,3,0,7.191792697,4,2,309.0354284,5,3500.003609,4
1,bimodal,Task B ,1,3,1,-0.759743335,3,1,354.9135478,6,2592.268862,3
2,bimodal,Task B ,2,3,1,-14.55745281,1,2,347.6007588,1,2442.762093,1
2,bimodal,Task B ,2,2,0,-2.196727352,3,1,80.48612728,2,2845.540109,3
2,bimodal,Task B ,1,3,0,-0.810227573,1,2,180.7142999,3,2516.906129,1
2,bimodal,Task B ,1,2,1,-4.365665793,2,1,133.9380233,4,2546.268451,2
2,bimodal,Task B ,2,4,1,-11.64138048,3,2,33.02206511,5,1565.061635,3
2,bimodal,Task B ,1,3,0,-4.119810506,4,2,215.0467383,6,2172.882291,4
3,bimodal,Task B ,2,1,0,5.340104778,3,1,62.35189343,1,2655.469718,3
3,bimodal,Task B ,2,3,1,9.529572937,1,2,124.0198455,2,2859.155911,1
3,bimodal,Task B ,1,1,0,0.176268277,2,2,48.0856101,3,3118.405617,2
3,bimodal,Task B ,2,1,1,2.195544028,2,2,129.0830517,4,3523.79255,2
3,bimodal,Task B ,2,4,1,-27.83374878,2,2,168.3023392,5,2585.593801,2
3,bimodal,Task B ,2,2,0,-0.282012151,3,1,222.7241358,6,2532.079907,3
4,bimodal,Task B ,2,1,1,15.69997797,2,2,46.00807023,1,2377.228094,2
4,bimodal,Task B ,1,2,0,3.271213359,2,2,55.77764155,2,2905.181838,2
4,bimodal,Task B ,1,2,1,5.991467891,1,1,22.70331114,3,2751.667477,1
4,bimodal,Task B ,1,2,0,-16.41336709,2,2,181.5560879,4,2806.010561,2
4,bimodal,Task B ,2,4,1,-4.300707181,3,2,24.02869095,5,3222.019821,3
4,bimodal,Task B ,1,2,0,7.137213402,2,2,80.45770148,6,3694.164794,2
5,bimodal,Task B ,1,3,0,5.319979535,3,2,348.9790251,1,2319.036897,3
5,bimodal,Task B ,1,4,0,2.398197873,3,2,345.8406425,2,2474.868903,3
5,bimodal,Task B ,1,4,1,-4.648205014,2,1,249.1023168,3,2891.2007,2
5,bimodal,Task B ,2,4,1,-12.5266083,2,2,122.3817063,4,2553.2945,2
5,bimodal,Task B ,1,4,1,1.771912229,1,1,136.3883205,5,2760.254023,1
5,bimodal,Task B ,2,4,1,15.02620455,2,2,276.4480358,6,3274.762938,2
6,bimodal,Task B ,2,2,1,-22.71516271,2,2,53.64308739,1,2986.956731,2
6,bimodal,Task B ,1,2,0,0.598974804,2,2,335.2616415,2,3593.617483,2
6,bimodal,Task B ,1,2,1,-0.334211796,3,1,324.9822669,3,2655.496728,3
6,bimodal,Task B ,1,2,1,0.264314299,3,1,235.8970692,4,2556.73381,3
6,bimodal,Task B ,2,2,1,-10.69127768,3,2,334.8332161,5,2317.298685,3
6,bimodal,Task B ,2,2,1,-6.461338082,2,2,244.9967661,6,2965.53583,2
7,bimodal,Task B ,1,4,1,3.240718252,4,1,266.9620062,1,2740.731058,4
7,bimodal,Task B ,2,2,1,2.75084372,1,2,290.9684525,2,2345.72564,1
7,bimodal,Task B ,1,4,1,-2.803368908,4,1,281.6867723,3,2824.388925,4
7,bimodal,Task B ,1,1,0,12.00630636,1,2,313.356586,4,2743.059901,1
7,bimodal,Task B ,1,4,0,-6.687939861,4,2,354.7238133,5,2412.918811,4
7,bimodal,Task B ,1,1,1,3.078757033,1,1,340.1349986,6,2669.08707,1
8,bimodal,Task B ,1,4,1,4.394468188,2,1,340.7252611,1,2828.371389,2
8,bimodal,Task B ,2,4,0,-2.610514665,2,1,57.18279475,2,2519.909868,2
8,bimodal,Task B ,2,4,0,3.304084324,4,1,295.205497,3,2648.127685,4
8,bimodal,Task B ,1,4,1,-1.720300939,3,1,319.817493,4,2667.463223,3
8,bimodal,Task B ,1,4,1,1.288742625,4,1,216.3496506,5,2660.065966,4
8,bimodal,Task B ,2,4,1,-18.08342349,1,2,309.4743878,6,2703.964631,1
9,bimodal,Task B ,1,2,1,3.577201013,3,1,92.44148288,1,2539.38129,3
9,bimodal,Task B ,1,1,1,2.024168516,3,1,0.188538201,2,2962.638033,3
9,bimodal,Task B ,1,1,0,-9.647344737,1,2,318.8505151,3,2611.747021,1
9,bimodal,Task B ,2,2,1,6.753549271,3,2,289.7450424,4,2058.583481,3
9,bimodal,Task B ,1,3,1,1.28850949,3,1,263.7665093,5,2591.986746,3
9,bimodal,Task B ,2,1,1,-14.14374989,3,2,71.69576856,6,2490.856622,3
10,bimodal,Task B ,2,1,0,5.25330076,2,1,133.7187469,1,2703.370829,2
10,bimodal,Task B ,1,1,1,-6.267720776,2,1,16.50132458,2,2498.174568,2
10,bimodal,Task B ,1,1,1,-3.234792324,2,1,323.0969616,3,2737.653194,2
10,bimodal,Task B ,2,2,1,-4.877442015,3,2,234.9564819,4,3355.719368,3
10,bimodal,Task B ,1,1,0,-7.81932558,1,2,212.2766359,5,2988.4499,1
10,bimodal,Task B ,1,2,0,-2.551924623,4,2,287.1404663,6,2736.273143,4
1,bimodal,Task B ,2,2,0,2.92228812,3,1,100.2862727,1,2708.971884,3
1,bimodal,Task B ,1,2,1,2.627937228,3,1,113.0146731,2,2547.528943,3
1,bimodal,Task B ,1,3,0,5.983287769,2,2,196.5699654,3,3040.033249,2
1,bimodal,Task B ,1,3,0,1.665096016,3,2,298.663586,4,2815.001256,3
1,bimodal,Task B ,1,2,1,4.846249118,4,1,182.7759792,5,2592.332372,4
1,bimodal,Task B ,1,3,0,0.195178644,3,2,138.3284893,6,2564.974314,3
2,bimodal,Task B ,1,2,0,-17.75480754,3,2,268.1616596,1,2388.383802,3
2,bimodal,Task B ,1,3,0,0.623923656,1,2,23.51880299,2,2747.295471,1
2,bimodal,Task B ,1,2,0,-3.487274833,3,2,95.37375984,3,2769.680311,3
2,bimodal,Task B ,2,3,0,5.035071904,2,1,199.5550996,4,2518.583861,2
2,bimodal,Task B ,2,2,1,-6.323512105,4,2,179.4334184,5,1983.449785,4
2,bimodal,Task B ,2,3,1,0.463900886,3,2,251.0990631,6,2518.187804,3
3,bimodal,Task B ,1,4,1,-1.562303025,3,1,12.02194501,1,2589.861617,3
3,bimodal,Task B ,1,2,0,-4.20010471,1,2,106.6025642,2,2893.71069,1
3,bimodal,Task B ,1,3,1,1.01713912,4,1,49.28649415,3,2753.047286,4
3,bimodal,Task B ,2,3,1,3.337190924,1,2,344.2113567,4,3570.16507,1
3,bimodal,Task B ,1,3,1,-4.666519802,1,1,262.0739547,5,2732.127505,1
3,bimodal,Task B ,1,3,0,1.289839199,4,2,251.0193777,6,3127.72623,4
4,bimodal,Task B ,1,3,1,0.139900166,1,1,53.38456989,1,2782.554133,1
4,bimodal,Task B ,2,4,1,26.54218104,4,2,94.5839021,2,2614.322592,4
4,bimodal,Task B ,2,2,1,-24.5073603,1,2,24.12566224,3,2619.595914,1
4,bimodal,Task B ,2,1,1,-14.00481078,1,2,79.96233044,4,2077.401963,1
4,bimodal,Task B ,1,2,1,0.78894045,2,1,281.3121246,5,2622.263845,2
4,bimodal,Task B ,1,2,1,2.528182915,2,1,282.3369462,6,2686.116605,2
5,bimodal,Task B ,1,4,1,-2.068812662,4,1,186.7425063,1,2701.033818,4
5,bimodal,Task B ,2,3,0,-6.09894174,3,1,321.5776916,2,2785.984895,3
5,bimodal,Task B ,1,4,0,15.68988151,1,2,357.0161653,3,2621.681949,1
5,bimodal,Task B ,1,4,0,-2.092023611,1,2,19.01374229,4,2112.31569,1
5,bimodal,Task B ,2,1,0,1.523610409,2,1,322.0320458,5,2952.435173,2
5,bimodal,Task B ,2,4,1,-20.85102506,4,2,65.30660038,6,2780.861359,4
6,bimodal,Task B ,2,2,0,0.055026091,4,1,349.6677288,1,2543.679358,4
6,bimodal,Task B ,1,2,1,0.789552022,4,1,263.8570682,2,2846.741277,4
6,bimodal,Task B ,2,2,1,-9.704109313,3,2,140.0786402,3,3385.190914,3
6,bimodal,Task B ,1,2,1,-1.527305565,1,1,169.528107,4,2704.802445,1
6,bimodal,Task B ,1,2,1,0.226601521,4,1,356.8868661,5,2751.127757,4
6,bimodal,Task B ,1,2,1,4.824421744,3,1,267.0203004,6,2771.724472,3
7,bimodal,Task B ,1,4,1,3.496048609,1,1,205.9604975,1,2652.946468,1
7,bimodal,Task B ,2,1,0,6.572832475,1,1,55.52807376,2,2756.07347,1
7,bimodal,Task B ,1,1,1,-5.458591792,2,1,325.5743609,3,2712.57636,2
7,bimodal,Task B ,2,1,1,10.71725952,4,2,215.1257048,4,2494.154227,4
7,bimodal,Task B ,1,1,1,-0.52329032,1,1,265.0474962,5,2647.920731,1
7,bimodal,Task B ,1,1,0,-4.809668492,1,2,114.0310731,6,3295.644214,1
8,bimodal,Task B ,2,4,1,15.57483588,1,2,182.3660708,1,3307.414579,1
8,bimodal,Task B ,2,4,1,11.69455022,3,2,129.4937468,2,2706.799133,3
8,bimodal,Task B ,1,4,1,-2.83526423,4,1,58.97511112,3,2809.347074,4
8,bimodal,Task B ,1,4,1,-0.318040869,4,1,136.6330174,4,2617.672471,4
8,bimodal,Task B ,2,1,0,0.513825965,1,1,208.3793201,5,2781.395995,1
8,bimodal,Task B ,2,4,1,-14.01888295,4,2,319.7357898,6,2222.284689,4
9,bimodal,Task B ,1,1,0,-9.62824592,2,2,44.93718255,1,2855.7047,2
9,bimodal,Task B ,1,1,1,1.11146257,2,1,203.5181443,2,2892.182685,2
9,bimodal,Task B ,2,1,0,4.013258216,1,1,84.42322396,3,2540.794193,1
9,bimodal,Task B ,1,1,1,0.470642791,2,1,272.7408702,4,2695.058288,2
9,bimodal,Task B ,1,1,1,1.470044389,1,1,102.4472278,5,2673.777413,1
9,bimodal,Task B ,2,1,1,17.14436531,4,2,2.618625983,6,2777.165638,4
10,bimodal,Task B ,1,1,0,-5.824055763,4,2,312.9715377,1,2773.595757,4
10,bimodal,Task B ,1,2,1,2.914992417,2,1,98.01176216,2,2735.932126,2
10,bimodal,Task B ,1,2,1,-1.275684209,2,1,8.639685896,3,2723.024306,2
10,bimodal,Task B ,1,2,1,-1.148622715,2,1,161.3433532,4,2747.821175,2
10,bimodal,Task B ,1,2,1,0.45123729,3,1,102.5370554,5,2451.155602,3
10,bimodal,Task B ,1,2,1,-2.054846714,4,1,23.09450322,6,2698.597112,4
1,bimodal,Task B ,1,2,1,-3.625673432,1,1,35.418756,1,2767.858466,1
1,bimodal,Task B ,1,4,1,0.629223983,3,1,115.000013,2,2676.247808,3
1,bimodal,Task B ,1,3,1,-2.829772034,2,1,148.8839276,3,2772.591896,2
1,bimodal,Task B ,2,2,1,-17.60374731,1,2,234.7559538,4,2412.361636,1
1,bimodal,Task B ,1,2,0,4.513925697,2,2,268.8354592,5,2605.810971,2
1,bimodal,Task B ,1,1,1,0.574805892,1,1,148.0419878,6,2679.570049,1
2,bimodal,Task B ,2,1,1,-5.094325519,2,2,148.6018969,1,2081.454702,2
2,bimodal,Task B ,1,3,0,6.231072461,3,2,324.5408807,2,2666.665644,3
2,bimodal,Task B ,1,3,0,2.845411875,1,2,286.2055097,3,2711.644681,1
2,bimodal,Task B ,2,3,0,6.919762567,4,1,348.6172472,4,2602.771448,4
2,bimodal,Task B ,2,3,1,12.63735309,3,2,287.8938556,5,1853.544527,3
2,bimodal,Task B ,1,4,0,-2.482766181,4,2,341.6071707,6,2814.415886,4
3,bimodal,Task B ,1,1,0,10.88206536,1,2,106.0817532,1,2728.554191,1
3,bimodal,Task B ,2,1,0,-3.463581901,3,1,229.3971147,2,2736.137156,3
3,bimodal,Task B ,2,2,1,-5.275486921,3,2,149.2436365,3,2690.865917,3
3,bimodal,Task B ,1,3,1,-2.743089538,2,1,245.7316083,4,2725.983146,2
3,bimodal,Task B ,2,3,1,3.614822235,1,2,139.7678218,5,3220.168004,1
3,bimodal,Task B ,1,2,0,5.691679385,2,2,339.6238613,6,3805.700615,2
4,bimodal,Task B ,1,2,0,1.832564644,2,2,74.56248757,1,2619.980589,2
4,bimodal,Task B ,1,4,0,1.506198612,4,2,320.7318842,2,3247.53287,4
4,bimodal,Task B ,2,2,1,6.499169571,2,2,284.0946985,3,2224.442972,2
4,bimodal,Task B ,1,2,1,-2.56501227,1,1,351.0813972,4,2897.239482,1
4,bimodal,Task B ,1,3,1,0.249114108,2,1,300.1354309,5,2642.670744,2
4,bimodal,Task B ,2,1,1,-14.45323352,1,2,158.0806119,6,2733.350766,1
5,bimodal,Task B ,1,4,1,0.15169169,4,1,186.931608,1,2847.237494,4
5,bimodal,Task B ,2,4,1,-8.347627988,2,2,155.6525603,2,3487.083767,2
5,bimodal,Task B ,1,4,1,1.738668178,2,1,225.1846809,3,2706.734603,2
5,bimodal,Task B ,2,2,0,-3.305930231,3,1,184.7549478,4,2785.192894,3
5,bimodal,Task B ,1,1,1,1.896509394,3,1,245.6225896,5,2626.30833,3
5,bimodal,Task B ,1,4,1,0.902989615,2,1,189.0102845,6,2940.850098,2
6,bimodal,Task B ,1,2,1,-3.681301318,3,1,226.0240152,1,2522.239141,3
6,bimodal,Task B ,1,2,0,-4.008225004,3,2,197.9287643,2,2988.256814,3
6,bimodal,Task B ,1,2,0,-10.70995844,2,2,76.55029572,3,2973.665642,2
6,bimodal,Task B ,1,2,0,-4.348493856,3,2,198.4134881,4,2389.842376,3
6,bimodal,Task B ,1,2,1,1.204604834,4,1,203.2430464,5,2535.446186,4
6,bimodal,Task B ,2,3,1,-18.23132908,4,2,91.17488542,6,1883.752886,4
7,bimodal,Task B ,1,1,1,-4.746114699,4,1,74.14891216,1,2927.959928,4
7,bimodal,Task B ,1,3,0,0.730188432,2,2,93.09099672,2,3232.171838,2
7,bimodal,Task B ,1,4,0,0.108793994,1,2,310.4636046,3,2958.637653,1
7,bimodal,Task B ,1,1,0,-2.800825647,2,2,272.4533883,4,2767.008243,2
7,bimodal,Task B ,1,4,0,-9.698690241,2,2,110.6471693,5,3299.52838,2
7,bimodal,Task B ,1,4,0,10.57326796,2,2,144.2434519,6,2752.727144,2
8,bimodal,Task B ,1,4,1,4.69001065,3,1,262.6564749,1,2748.763618,3
8,bimodal,Task B ,1,4,1,-0.686457111,2,1,314.2905304,2,2672.238224,2
8,bimodal,Task B ,1,4,1,-2.961129882,1,1,199.7412027,3,2689.420058,1
8,bimodal,Task B ,1,4,1,-3.002130007,3,1,349.2127691,4,2828.212563,3
8,bimodal,Task B ,2,4,1,7.63171004,3,2,79.78962225,5,3129.249444,3
8,bimodal,Task B ,2,4,1,8.083487143,1,2,8.807103931,6,3386.012556,1
9,bimodal,Task B ,1,1,0,7.539688475,1,2,163.8927287,1,2079.190594,1
9,bimodal,Task B ,1,2,1,-4.425676843,2,1,259.7770706,2,2583.84808,2
9,bimodal,Task B ,1,3,0,5.773368863,3,2,76.66340476,3,1775.265773,3
9,bimodal,Task B ,1,2,0,-16.18246629,2,2,234.6876916,4,2412.6362,2
9,bimodal,Task B ,1,1,0,8.450252866,3,2,234.7298317,5,3091.183738,3
9,bimodal,Task B ,1,2,0,1.174643428,2,2,93.23675213,6,2429.460959,2
10,bimodal,Task B ,2,1,1,-10.49961296,2,2,322.1128304,1,2549.322295,2
10,bimodal,Task B ,1,1,1,3.605146321,1,1,91.84703481,2,2733.922578,1
10,bimodal,Task B ,2,1,1,4.186284249,4,2,215.1812515,3,2970.295552,4
10,bimodal,Task B ,1,2,1,1.567829684,2,1,81.98598521,4,2744.826874,2
10,bimodal,Task B ,1,2,1,5.950670903,4,1,171.6891298,5,2817.227534,4
10,bimodal,Task B ,1,1,0,-6.140173872,1,2,263.3528597,6,2873.021813,1
1,bimodal,Task B ,2,4,1,6.558126327,2,2,244.5736356,1,3466.548311,2
1,bimodal,Task B ,1,3,0,8.982766532,4,2,85.1229698,2,2426.437362,4
1,bimodal,Task B ,1,3,1,-0.484696144,1,1,268.7393208,3,2665.130557,1
1,bimodal,Task B ,2,2,1,-13.15869,3,2,351.5806657,4,2801.623135,3
1,bimodal,Task B ,2,4,1,20.5073731,4,2,201.8424566,5,3092.917049,4
1,bimodal,Task B ,1,2,1,1.990933524,2,1,127.3896261,6,2848.625092,2
2,bimodal,Task B ,2,2,1,-4.392346984,4,2,333.142168,1,2652.299775,4
2,bimodal,Task B ,2,4,1,-29.9229628,4,2,292.5211022,2,2053.274647,4
2,bimodal,Task B ,2,2,1,2.384590147,1,2,307.1656464,3,2287.425097,1
2,bimodal,Task B ,1,2,1,-1.60046364,3,1,35.47753995,4,3019.988826,3
2,bimodal,Task B ,2,4,1,-19.29003673,4,2,35.7105908,5,1911.01608,4
2,bimodal,Task B ,1,3,1,0.97529652,4,1,196.711348,6,2780.929534,4
3,bimodal,Task B ,2,4,1,8.784344534,2,2,262.6648571,1,2207.51821,2
3,bimodal,Task B ,1,3,1,0.099258139,3,1,160.5511464,2,2737.604556,3
3,bimodal,Task B ,1,4,1,0.108689235,4,1,252.4675794,3,2749.868349,4
3,bimodal,Task B ,2,4,1,-17.75517636,2,2,116.9760099,4,2383.300822,2
3,bimodal,Task B ,2,3,1,2.502212588,2,2,131.9221477,5,3209.184507,2
3,bimodal,Task B ,2,3,0,-1.367104659,1,1,129.4053946,6,2524.59192,1
4,bimodal,Task B ,2,1,1,14.06113778,1,2,143.8471963,1,2829.067907,1
4,bimodal,Task B ,1,2,0,-0.106246323,3,2,152.5573216,2,2968.949542,3
4,bimodal,Task B ,2,1,1,8.254280191,1,2,170.4740927,3,2627.347579,1
4,bimodal,Task B ,1,1,1,0.239845592,1,1,255.972631,4,2868.789774,1
4,bimodal,Task B ,1,2,1,2.216849155,4,1,272.189571,5,2752.470801,4
4,bimodal,Task B ,2,3,1,15.81663782,2,2,18.35702309,6,3196.146783,2
5,bimodal,Task B ,1,1,1,3.028559167,2,1,72.65209025,1,2558.821262,2
5,bimodal,Task B ,1,4,1,8.50117131,2,1,135.6108882,2,2587.554209,2
5,bimodal,Task B ,1,1,1,4.786097474,4,1,190.3956102,3,2447.243255,4
5,bimodal,Task B ,1,4,1,-2.423388317,1,1,343.3829086,4,2778.221974,1
5,bimodal,Task B ,2,2,1,1.488362041,4,2,135.9949642,5,1818.987083,4
5,bimodal,Task B ,2,4,1,21.30134828,2,2,320.0785551,6,3242.785949,2
6,bimodal,Task B ,1,2,1,-2.914838897,1,1,298.2548152,1,2892.581958,1
6,bimodal,Task B ,1,2,1,5.895619238,3,1,231.2426608,2,2625.793245,3
6,bimodal,Task B ,1,2,0,7.559760066,2,2,163.713745,3,2571.56694,2
6,bimodal,Task B ,1,2,1,-1.993386215,3,1,150.9926249,4,2652.183396,3
6,bimodal,Task B ,1,2,0,1.811017467,4,2,337.8486177,5,3279.986234,4
6,bimodal,Task B ,1,2,1,1.921967549,4,1,47.65020455,6,2721.344659,4
7,bimodal,Task B ,1,4,1,-0.188855767,3,1,323.235696,1,2743.795468,3
7,bimodal,Task B ,1,2,1,1.508407152,2,1,54.8514983,2,2718.616129,2
7,bimodal,Task B ,1,4,1,1.238803116,3,1,165.5764299,3,2549.046293,3
7,bimodal,Task B ,1,1,0,-0.696458553,1,2,48.06823175,4,2029.096557,1
7,bimodal,Task B ,1,4,0,3.229061224,2,2,248.5341854,5,2404.313277,2
7,bimodal,Task B ,1,1,1,-3.137374135,3,1,310.0082603,6,2811.816888,3
8,bimodal,Task B ,1,4,1,-0.817498317,2,1,40.02092966,1,2786.782608,2
8,bimodal,Task B ,1,4,1,1.192092084,2,1,198.7248265,2,2628.076197,2
8,bimodal,Task B ,1,4,1,-0.980951665,4,1,289.9972683,3,2916.375954,4
8,bimodal,Task B ,2,1,1,-6.397326642,1,2,29.98074374,4,3010.824238,1
8,bimodal,Task B ,1,4,1,-4.676222792,2,1,358.8627841,5,2679.545941,2
8,bimodal,Task B ,1,4,1,-3.583943651,1,1,249.5564778,6,2937.145765,1
9,bimodal,Task B ,1,3,1,1.965609637,3,1,295.0272751,1,2689.823016,3
9,bimodal,Task B ,2,3,1,-14.72470591,2,2,45.07019176,2,2779.66934,2
9,bimodal,Task B ,2,2,1,15.8630276,3,2,303.8141699,3,2802.72431,3
9,bimodal,Task B ,2,4,0,0.387428731,3,1,119.2026718,4,2685.650111,3
9,bimodal,Task B ,1,2,1,2.008069853,2,1,103.0223445,5,2451.592714,2
9,bimodal,Task B ,1,2,0,1.918827606,1,2,10.98238699,6,2629.463405,1
10,bimodal,Task B ,2,1,1,12.70209744,2,2,199.5406417,1,2838.024672,2
10,bimodal,Task B ,1,1,0,14.92839069,3,2,2.762289915,2,2863.931609,3
10,bimodal,Task B ,2,2,1,7.017499592,4,2,202.7886198,3,3154.41389,4
10,bimodal,Task B ,1,2,0,-9.242800519,1,2,351.1838909,4,4013.843445,1
10,bimodal,Task B ,2,1,0,-3.166876146,3,1,307.5859867,5,2798.711936,3
10,bimodal,Task B ,1,1,0,4.488310625,2,2,193.1012828,6,2655.325353,2
1,bimodal,Task B ,2,3,1,11.65486669,4,2,105.0814085,1,2676.655999,4
1,bimodal,Task B ,1,2,1,-4.196174251,2,1,305.3377316,2,2639.513578,2
1,bimodal,Task B ,2,1,0,-2.336578598,1,1,315.7939402,3,2777.376094,1
1,bimodal,Task B ,1,2,1,2.06898393,1,1,156.860508,4,2526.4369,1
1,bimodal,Task B ,1,3,1,5.72942959,3,1,263.0732322,5,2709.770381,3
1,bimodal,Task B ,1,3,1,1.375319982,4,1,139.6459942,6,2630.078164,4
2,bimodal,Task B ,1,1,0,-3.013810079,1,2,212.7250847,1,1681.296883,1
2,bimodal,Task B ,2,4,1,-26.26354612,4,2,247.8171854,2,2870.142161,4
2,bimodal,Task B ,2,3,1,8.162472323,1,2,303.8792068,3,2610.92209,1
2,bimodal,Task B ,2,3,1,-9.195656547,1,2,358.3361703,4,2749.825171,1
2,bimodal,Task B ,2,1,1,3.422540554,3,2,152.7960784,5,1960.267443,3
2,bimodal,Task B ,2,2,0,5.329581542,3,1,63.60321751,6,2479.577725,3
3,bimodal,Task B ,2,4,1,21.15820652,4,2,259.8661247,1,2940.260829,4
3,bimodal,Task B ,1,3,0,-1.125149887,2,2,261.6513073,2,2668.560457,2
3,bimodal,Task B ,1,2,1,-5.180770047,2,1,263.2571666,3,2864.141415,2
3,bimodal,Task B ,1,1,1,2.575048596,2,1,129.1324463,4,2514.2932,2
3,bimodal,Task B ,2,2,0,3.630867258,4,1,338.0085811,5,2506.356557,4
3,bimodal,Task B ,1,3,1,-1.124673919,2,1,88.61081238,6,2667.778648,2
4,bimodal,Task B ,1,2,0,-15.52516827,1,2,62.23286289,1,2780.945494,1
4,bimodal,Task B ,1,3,1,-1.954344562,1,1,346.6311248,2,2789.471235,1
4,bimodal,Task B ,1,2,1,0.893007196,3,1,120.0039785,3,2718.886442,3
4,bimodal,Task B ,1,2,1,-0.19907667,2,1,235.2879912,4,2689.681433,2
4,bimodal,Task B ,1,1,0,-0.699636056,2,2,24.88998761,5,3033.732485,2
4,bimodal,Task B ,1,2,0,10.01584732,1,2,66.24661601,6,3226.379057,1
5,bimodal,Task B ,1,4,1,0.809961915,2,1,280.1260151,1,2690.365866,2
5,bimodal,Task B ,1,4,1,-1.76066001,3,1,255.1412611,2,2647.850677,3
5,bimodal,Task B ,2,4,0,-2.409832634,1,1,204.1450848,3,2894.591506,1
5,bimodal,Task B ,2,2,1,-10.95506991,1,2,304.755831,4,2493.406186,1
5,bimodal,Task B ,1,4,1,8.344236001,1,1,233.1792878,5,2724.192863,1
5,bimodal,Task B ,2,4,1,30.95284391,1,2,340.7764129,6,3344.197974,1
6,bimodal,Task B ,1,2,0,4.832542792,1,2,336.4822535,1,3731.010778,1
6,bimodal,Task B ,1,2,1,2.916815273,4,1,90.20805421,2,2884.757978,4
6,bimodal,Task B ,2,2,1,1.331809421,4,2,0.943916257,3,2608.451511,4
6,bimodal,Task B ,2,2,1,17.90834985,2,2,85.22563464,4,3051.758077,2
6,bimodal,Task B ,1,1,0,2.748894167,1,2,89.64313034,5,2841.642629,1
6,bimodal,Task B ,1,2,0,18.75430547,1,2,278.5810693,6,2868.185222,1
7,bimodal,Task B ,1,4,1,-0.513699148,3,1,209.2343,1,2520.786194,3
7,bimodal,Task B ,1,1,1,-0.087979124,1,1,124.9448397,2,2879.780373,1
7,bimodal,Task B ,2,4,1,28.54045797,3,2,334.1327544,3,2953.66164,3
7,bimodal,Task B ,1,1,0,14.59862191,3,2,132.7252483,4,2080.401542,3
7,bimodal,Task B ,2,4,1,-0.495498979,3,2,78.9429961,5,3151.204724,3
7,bimodal,Task B ,1,1,1,-0.60007934,1,1,210.5280957,6,2680.990907,1
8,bimodal,Task B ,2,4,1,-10.18081901,2,2,134.5924673,1,2938.437403,2
8,bimodal,Task B ,1,4,1,0.381948213,4,1,190.7293921,2,2692.225671,4
8,bimodal,Task B ,2,4,1,-18.7269251,3,2,122.1000958,3,2718.354519,3
8,bimodal,Task B ,1,4,0,-6.809805305,2,2,267.2474117,4,1990.245335,2
8,bimodal,Task B ,1,1,0,0.603228985,1,2,238.5572367,5,3082.306997,1
8,bimodal,Task B ,2,4,1,7.844665908,3,2,117.9167969,6,3321.207018,3
9,bimodal,Task B ,1,3,0,4.013542834,2,2,88.97285433,1,1961.354489,2
9,bimodal,Task B ,2,1,0,-1.88543031,3,1,229.5356365,2,2609.883022,3
9,bimodal,Task B ,1,1,0,-2.936361763,3,2,120.6111383,3,2787.557743,3
9,bimodal,Task B ,2,3,1,9.477296798,3,2,50.82152916,4,2494.56782,3
9,bimodal,Task B ,1,1,1,0.445674113,3,1,69.38472663,5,2607.861256,3
9,bimodal,Task B ,1,3,1,-1.438806555,2,1,80.1982846,6,2924.107376,2
10,bimodal,Task B ,1,1,1,1.851423016,3,1,329.9263491,1,2745.026534,3
10,bimodal,Task B ,1,2,1,1.862419171,2,1,333.6243099,2,2556.826449,2
10,bimodal,Task B ,1,2,1,3.409999915,2,1,9.911876577,3,2882.158618,2
10,bimodal,Task B ,2,2,1,-7.149972635,3,2,326.5322251,4,3252.915474,3
10,bimodal,Task B ,1,2,0,-15.41968938,1,2,351.3355903,5,3290.102496,1
10,bimodal,Task B ,1,2,0,2.057594489,3,2,117.8211939,6,2431.721823,3
1,bimodal,Task B ,1,2,1,-0.101137724,3,1,15.39217881,1,2669.28961,3
1,bimodal,Task B ,1,4,1,-0.637303804,4,1,277.1583776,2,2751.945978,4
1,bimodal,Task B ,2,4,1,-14.7425837,1,2,326.8629156,3,2128.865219,1
1,bimodal,Task B ,1,2,1,1.435169929,3,1,118.9428634,4,2631.194876,3
1,bimodal,Task B ,2,4,1,-22.41565563,3,2,222.1673917,5,2414.853685,3
1,bimodal,Task B ,2,4,1,-0.622303135,1,2,161.8070779,6,2095.916055,1
2,bimodal,Task B ,1,2,0,7.480424428,4,2,140.9471745,1,2879.23566,4
2,bimodal,Task B ,1,2,0,-6.336107815,2,2,23.58074829,2,2464.034467,2
2,bimodal,Task B ,2,3,1,-6.428039316,3,2,158.7648031,3,2032.869871,3
2,bimodal,Task B ,1,3,0,-6.39997093,1,2,51.24363766,4,3161.988842,1
2,bimodal,Task B ,1,2,1,-1.675871761,2,1,190.2005894,5,2830.914734,2
2,bimodal,Task B ,2,3,1,-5.859412112,2,2,194.1102522,6,3040.41619,2
3,bimodal,Task B ,2,1,1,4.907879212,1,2,93.78893255,1,1729.586254,1
3,bimodal,Task B ,2,1,1,10.2517338,3,2,6.856386414,2,2691.960506,3
3,bimodal,Task B ,1,3,1,2.209886462,1,1,57.12497358,3,2512.478887,1
3,bimodal,Task B ,1,3,1,-7.898791351,2,1,278.2016442,4,2670.044566,2
3,bimodal,Task B ,2,3,1,-3.963423157,2,2,306.2643105,5,3283.50373,2
3,bimodal,Task B ,1,3,1,0.631009596,1,1,247.4970495,6,2664.408522,1
4,bimodal,Task B ,1,3,1,3.564799121,4,1,68.65620552,1,2726.351937,4
4,bimodal,Task B ,1,2,1,-2.607955028,1,1,300.7069701,2,2679.783124,1
4,bimodal,Task B ,2,2,1,3.566166529,1,2,200.9265825,3,2296.483658,1
4,bimodal,Task B ,1,2,1,0.156286876,3,1,294.4344594,4,2549.63722,3
4,bimodal,Task B ,2,4,1,-25.93160549,4,2,62.0181652,5,2851.042094,4
4,bimodal,Task B ,1,2,1,-4.703530621,4,1,343.4400034,6,2676.731714,4
5,bimodal,Task B ,2,1,0,-0.259099758,3,1,6.524800405,1,2600.228088,3
5,bimodal,Task B ,1,2,0,3.672718716,4,2,265.5605573,2,2772.005129,4
5,bimodal,Task B ,2,2,0,-3.055036894,3,1,247.8407827,3,2671.628925,3
5,bimodal,Task B ,1,4,0,1.722605213,4,2,26.69171978,4,2621.375219,4
5,bimodal,Task B ,2,4,0,-7.276037949,2,1,94.43963087,5,2723.203997,2
5,bimodal,Task B ,1,1,0,4.737838798,3,2,73.219661,6,2230.418473,3
6,bimodal,Task B ,2,2,0,4.515604149,2,1,235.040155,1,2650.287853,2
6,bimodal,Task B ,1,2,1,-1.494707064,4,1,347.4825621,2,2479.583888,4
6,bimodal,Task B ,2,2,0,1.680596659,1,1,216.5506645,3,2626.972111,1
6,bimodal,Task B ,1,2,0,4.645386243,3,2,94.95426875,4,2372.446567,3
6,bimodal,Task B ,2,2,1,-3.544812215,4,2,220.0137304,5,1997.280845,4
6,bimodal,Task B ,2,1,1,7.867496148,1,2,115.9676728,6,2596.463488,1
7,bimodal,Task B ,1,1,0,-2.324220652,2,2,210.535668,1,1950.501505,2
7,bimodal,Task B ,1,1,0,-5.19406773,1,2,166.9269076,2,3157.191355,1
7,bimodal,Task B ,1,1,1,1.912447734,2,1,244.8670583,3,2633.576812,2
7,bimodal,Task B ,1,4,1,-5.189133528,4,1,61.04301425,4,2702.576802,4
7,bimodal,Task B ,1,4,1,0.247419863,4,1,4.222361409,5,2710.277224,4
7,bimodal,Task B ,1,4,1,3.185779776,4,1,128.1858708,6,2514.22503,4
8,bimodal,Task B ,2,4,1,-14.68814822,4,2,100.7759074,1,2944.516661,4
8,bimodal,Task B ,1,4,1,-4.276912501,1,1,159.4362459,2,2891.932047,1
8,bimodal,Task B ,1,4,1,0.463813946,3,1,36.586218,3,2728.638269,3
8,bimodal,Task B ,1,4,1,-2.32138879,1,1,321.56353,4,2927.250971,1
8,bimodal,Task B ,1,4,1,-1.599759711,4,1,306.0833097,5,2619.006128,4
8,bimodal,Task B ,2,4,1,6.997356062,4,2,49.22065375,6,2681.553196,4
9,bimodal,Task B ,1,1,1,0.93095538,4,1,296.0510612,1,2536.578746,4
9,bimodal,Task B ,2,1,1,-19.07640674,2,2,44.81626783,2,2615.580977,2
9,bimodal,Task B ,1,2,1,7.105009492,2,1,37.39105673,3,2600.193797,2
9,bimodal,Task B ,1,4,0,-19.12469915,2,2,6.756062141,4,3024.56047,2
9,bimodal,Task B ,2,2,1,-7.976242533,2,2,135.8929328,5,2814.341692,2
9,bimodal,Task B ,1,3,1,2.112181598,2,1,183.1427798,6,2684.961668,2
10,bimodal,Task B ,2,1,1,-15.17650919,2,2,1.66620328,1,2898.730153,2
10,bimodal,Task B ,1,1,0,5.628508785,2,2,233.5438902,2,2608.609617,2
10,bimodal,Task B ,1,2,1,-3.326350424,3,1,149.0590701,3,2732.822695,3
10,bimodal,Task B ,1,1,1,6.700738711,1,1,191.5791142,4,2782.080872,1
10,bimodal,Task B ,2,2,1,-15.19143864,4,2,15.02120527,5,3069.279932,4
10,bimodal,Task B ,1,1,0,9.821627231,1,2,182.3932186,6,3046.220746,1
1,bimodal,Task B ,1,2,0,-6.68150871,1,2,142.992707,1,2868.639862,1
1,bimodal,Task B ,2,1,1,5.069595769,4,2,110.8176462,2,2455.964373,4
1,bimodal,Task B ,2,1,1,-9.877863883,1,2,292.9958089,3,1432.204744,1
1,bimodal,Task B ,1,3,0,4.504009382,2,2,68.28297226,4,2848.448504,2
1,bimodal,Task B ,1,2,0,-9.139653826,2,2,275.8324981,5,3184.305582,2
1,bimodal,Task B ,2,1,0,2.495743793,2,1,114.824623,6,2735.109632,2
2,bimodal,Task B ,1,2,1,4.077434563,4,1,59.15229989,1,2608.144475,4
2,bimodal,Task B ,2,4,1,-2.601869057,3,2,255.5661318,2,3958.068865,3
2,bimodal,Task B ,2,2,1,-4.407293824,2,2,299.5210483,3,1600.541143,2
2,bimodal,Task B ,2,3,1,-21.44495805,3,2,122.295652,4,2595.526818,3
2,bimodal,Task B ,1,2,0,-2.219854663,3,2,168.8757479,5,3001.394734,3
2,bimodal,Task B ,1,3,1,-7.358180676,1,1,114.5810645,6,2789.302387,1
3,bimodal,Task B ,1,2,1,-0.826109622,1,1,213.9604542,1,2566.848877,1
3,bimodal,Task B ,1,2,0,-3.378694361,1,2,237.7498092,2,2671.938536,1
3,bimodal,Task B ,2,2,1,-7.554029484,4,2,162.7851235,3,2729.51701,4
3,bimodal,Task B ,1,3,1,-4.016221005,3,1,106.9161255,4,2726.220277,3
3,bimodal,Task B ,2,3,1,2.388431003,3,2,40.49790056,5,3461.55381,3
3,bimodal,Task B ,2,1,0,-1.677728758,4,1,292.1932986,6,2799.069559,4
4,bimodal,Task B ,1,2,1,0.011617352,2,1,286.776864,1,2545.157955,2
4,bimodal,Task B ,1,1,1,-3.553393994,1,1,273.1824346,2,2964.805878,1
4,bimodal,Task B ,1,3,1,-0.000759529,4,1,208.6303657,3,2849.769006,4
4,bimodal,Task B ,1,4,1,-5.15105551,4,1,348.6582124,4,2865.44333,4
4,bimodal,Task B ,2,1,1,-11.80749202,2,2,173.7622138,5,1505.02567,2
4,bimodal,Task B ,1,1,1,-0.922458003,1,1,188.0567993,6,2730.487552,1
5,bimodal,Task B ,1,4,1,3.337321689,4,1,195.0568021,1,2676.918611,4
5,bimodal,Task B ,1,4,1,-1.079338984,3,1,307.6710938,2,2845.277151,3
5,bimodal,Task B ,2,4,1,-18.46410028,2,2,183.7818417,3,2702.594227,2
5,bimodal,Task B ,2,4,1,17.55268973,3,2,191.9673259,4,2391.292839,3
5,bimodal,Task B ,1,4,1,2.737965744,3,1,161.8061885,5,2713.763467,3
5,bimodal,Task B ,2,1,0,-1.032948169,2,1,131.1230877,6,2723.229725,2
6,bimodal,Task B ,2,2,1,-10.38754024,3,2,37.45588927,1,3196.758958,3
6,bimodal,Task B ,1,2,1,3.62086096,4,1,91.23513656,2,2748.497232,4
6,bimodal,Task B ,1,2,0,0.241121571,3,2,47.92016055,3,3196.554732,3
6,bimodal,Task B ,1,2,1,3.890730151,1,1,173.6525262,4,2651.321128,1
6,bimodal,Task B ,2,1,1,19.42072993,4,2,354.3152335,5,2272.804087,4
6,bimodal,Task B ,1,1,0,3.22196146,1,2,55.01975347,6,2819.332649,1
7,bimodal,Task B ,2,2,0,-7.33168275,2,1,357.0518295,1,2510.609483,2
7,bimodal,Task B ,1,2,1,0.114971664,3,1,150.3284653,2,2461.903316,3
7,bimodal,Task B ,1,1,1,-0.125918046,2,1,63.43333014,3,2654.140989,2
7,bimodal,Task B ,1,1,0,-4.613787027,2,2,53.18142723,4,2515.827521,2
7,bimodal,Task B ,1,4,1,3.062655976,1,1,342.1552178,5,2774.961129,1
7,bimodal,Task B ,1,1,1,0.071060318,3,1,94.76853077,6,2796.541409,3
8,bimodal,Task B ,1,4,1,-2.539515653,4,1,232.3525772,1,2735.767956,4
8,bimodal,Task B ,1,4,1,-1.981375482,4,1,94.66899193,2,2569.505565,4
8,bimodal,Task B ,2,4,1,-17.74081952,1,2,0.511991679,3,2867.861204,1
8,bimodal,Task B ,1,4,1,-2.284085478,2,1,105.4335095,4,2652.609225,2
8,bimodal,Task B ,1,4,1,-2.490264859,4,1,311.0745489,5,2805.514131,4
8,bimodal,Task B ,1,4,1,2.055972727,1,1,88.84088762,6,2913.824892,1
9,bimodal,Task B ,1,1,0,-0.621160993,1,2,62.33947271,1,2225.684726,1
9,bimodal,Task B ,1,1,0,-5.478320959,3,2,322.6031476,2,3791.181562,3
9,bimodal,Task B ,2,3,1,28.5023185,3,2,60.23077213,3,1985.576378,3
9,bimodal,Task B ,1,3,0,4.515103956,1,2,239.742146,4,2976.552142,1
9,bimodal,Task B ,1,2,0,-9.694271034,3,2,129.7346837,5,3109.274278,3
9,bimodal,Task B ,2,2,0,-3.094653994,2,1,0.396384568,6,2683.66562,2
10,bimodal,Task B ,1,1,0,2.145451417,1,2,193.9857503,1,2520.119957,1
10,bimodal,Task B ,1,1,1,3.470052093,4,1,356.2596297,2,2771.111385,4
10,bimodal,Task B ,2,2,1,-2.684411362,4,2,289.2945667,3,3509.314175,4
10,bimodal,Task B ,1,2,1,2.879701192,2,1,150.3771273,4,2687.043505,2
10,bimodal,Task B ,2,2,1,-16.38607137,4,2,195.7971627,5,3279.906817,4
10,bimodal,Task B ,2,1,1,-22.05368699,1,2,137.5438336,6,2495.739229,1